Date,Time,F_Record,FILENAME,SITENAME,USERID,FAULTCODE,SpCond,F_SpCond,Sal,F_Sal,Depth,F_Depth,DO_pct,F_DO_pct,DO_mgl,F_DO_mgl,fDOMQSU,fDOMRFU,pH,F_pH,pHmV,BATTERY,Temp,F_Temp,Turb,F_Turb,WIPERPOSITIONVOLT,ChlFluor,F_ChlFluor,ChlorophylluG/L
3/27/2026,08:45, ,gtmpiwq_20H100465_032726_050000.bin,Pine Island,GTMNERR,0,48.66,<0> (CND),31.82,<0> (CND),3.013,<0> (CND),88,<0> (CND),6.53,<0> (CND),48.63,16.17,7.54,<0> (CND),-69.7,5.85,20.825,<0> (CND),9.23,<0> (CND),1.199,1.59,<0> (CND),6.3
3/27/2026,09:00, ,gtmpiwq_20H100465_032726_050000.bin,Pine Island,GTMNERR,0,48.475,0,31.68,0,2.926,0,87.4,0,6.49,0,49.86,16.58,7.54,0,-69.7,5.88,20.807,0,9.7,0,1.198,1.53,0,6.04
3/27/2026,09:15, ,gtmpiwq_20H100465_032726_050000.bin,Pine Island,GTMNERR,0,48.224,0,31.5,0,2.843,0,86.9,0,6.46,0,50.77,16.88,7.54,0,-69.5,5.89,20.812,0,10.82,0,1.198,1.62,0,6.41
3/27/2026,09:30, ,gtmpiwq_20H100465_032726_050000.bin,Pine Island,GTMNERR,0,47.975,0,31.32,0,2.763,0,86,0,6.4,0,51.25,17.04,7.53,0,-69,5.9,20.826,0,12.31,0,1.198,1,0,3.91
3/27/2026,09:45, ,gtmpiwq_20H100465_032726_050000.bin,Pine Island,GTMNERR,0,47.761,0,31.16,0,2.681,0,85,0,6.33,0,52.82,17.57,7.52,0,-68.5,5.91,20.836,0,10.59,0,1.196,1.91,0,7.57
3/27/2026,10:00, ,gtmpiwq_20H100465_032726_050000.bin,Pine Island,GTMNERR,0,47.548,0,31.01,0,2.591,0,84.5,0,6.3,0,53.98,17.95,7.51,0,-67.9,5.91,20.865,0,9.38,0,1.202,1.42,0,5.6
3/27/2026,10:15, ,gtmpiwq_20H100465_032726_050000.bin,Pine Island,GTMNERR,0,47.4,0,30.9,0,2.516,0,85.1,0,6.34,0,55.12,18.34,7.51,0,-67.5,5.9,20.911,0,10.72,0,1.207,1.94,0,7.71
3/27/2026,10:30, ,gtmpiwq_20H100465_032726_050000.bin,Pine Island,GTMNERR,0,47.245,0,30.79,0,2.451,0,84.8,0,6.32,0,55.59,18.49,7.5,0,-67.3,5.91,20.971,0,10.01,0,1.202,1.61,0,6.38
3/27/2026,10:45, ,gtmpiwq_20H100465_032726_050000.bin,Pine Island,GTMNERR,0,47.132,0,30.7,0,2.405,0,85.1,0,6.33,0,56.46,18.78,7.5,0,-67.1,5.91,21.035,0,9.34,0,1.199,2.95,0,11.8
3/27/2026,11:00, ,gtmpiwq_20H100465_032726_050000.bin,Pine Island,GTMNERR,0,47.027,0,30.63,0,2.377,0,84.1,0,6.26,0,54.02,17.97,7.49,0,-66.7,5.91,21.08,0,8.81,0,1.196,1.88,0,7.45
3/27/2026,11:15, ,gtmpiwq_20H100465_032726_050000.bin,Pine Island,GTMNERR,0,46.988,0,30.6,0,2.382,0,81.8,0,6.08,0,55.94,18.61,7.48,0,-66,5.91,21.129,0,4.18,0,1.197,1.58,0,6.25
3/27/2026,11:30, ,gtmpiwq_20H100465_032726_050000.bin,Pine Island,GTMNERR,0,46.951,0,30.57,0,2.415,0,81.3,0,6.05,0,56.96,18.95,7.48,0,-65.8,5.9,21.132,0,8.26,0,1.197,1.73,0,6.87
3/27/2026,11:45, ,gtmpiwq_20H100465_032726_050000.bin,Pine Island,GTMNERR,0,47.145,0,30.71,0,2.472,0,82.4,0,6.12,0,56.39,18.76,7.48,0,-66.1,5.91,21.137,0,5.06,0,1.198,1.67,0,6.63
3/27/2026,12:00, ,gtmpiwq_20H100465_032726_050000.bin,Pine Island,GTMNERR,0,47.604,0,31.05,0,2.539,0,84,0,6.23,0,53.54,17.81,7.51,0,-67.8,5.9,21.091,0,12.41,0,1.197,1.52,0,6.01
3/27/2026,12:15, ,gtmpiwq_20H100465_032726_050000.bin,Pine Island,GTMNERR,0,47.542,0,31,0,2.621,0,84.9,0,6.3,0,55.31,18.4,7.51,0,-67.8,5.9,21.125,0,8.18,0,1.197,1.71,0,6.77
3/27/2026,12:30, ,gtmpiwq_20H100465_032726_050000.bin,Pine Island,GTMNERR,0,47.717,0,31.13,0,2.704,0,85.7,0,6.35,0,53.45,17.78,7.52,0,-68.4,5.91,21.181,0,9.11,0,1.197,2.03,0,8.07
3/27/2026,12:45, ,gtmpiwq_20H100465_032726_050000.bin,Pine Island,GTMNERR,0,47.989,0,31.33,0,2.778,0,86.8,0,6.41,0,52.63,17.5,7.53,0,-69.2,5.91,21.313,0,9.08,0,1.198,1.92,0,7.63
3/27/2026,13:00, ,gtmpiwq_20H100465_032726_050000.bin,Pine Island,GTMNERR,0,48.155,0,31.45,0,2.849,0,87.3,0,6.44,0,51.52,17.13,7.55,0,-69.9,5.91,21.308,0,9.04,0,1.198,4.64,0,18.69
3/27/2026,13:15, ,gtmpiwq_20H100465_032726_050000.bin,Pine Island,GTMNERR,0,48.366,0,31.6,0,2.918,0,87.2,0,6.43,0,50.55,16.81,7.55,0,-70.4,5.9,21.244,0,8.95,0,1.198,1.86,0,7.37
3/27/2026,13:30, ,gtmpiwq_20H100465_032726_050000.bin,Pine Island,GTMNERR,0,48.629,0,31.79,0,2.981,0,87.7,0,6.45,0,48.89,16.25,7.56,0,-70.5,5.91,21.348,0,9.32,0,1.201,1.84,0,7.3
3/27/2026,13:45, ,gtmpiwq_20H100465_032726_050000.bin,Pine Island,GTMNERR,0,48.787,0,31.91,0,3.041,0,89.1,0,6.54,0,47.2,15.69,7.57,0,-71.5,5.91,21.402,0,8.31,0,1.202,2.45,0,9.79
3/27/2026,14:00, ,gtmpiwq_20H100465_032726_050000.bin,Pine Island,GTMNERR,0,48.888,0,31.98,0,3.096,0,90.1,0,6.61,0,46.46,15.44,7.58,0,-72.2,5.91,21.459,0,8.17,0,1.203,1.52,0,6
3/27/2026,14:15, ,gtmpiwq_20H100465_032726_050000.bin,Pine Island,GTMNERR,0,48.997,0,32.06,0,3.149,0,90.4,0,6.62,0,47.37,15.75,7.59,0,-72.3,5.91,21.551,0,7.7,0,1.204,1.85,0,7.33
3/27/2026,14:30, ,gtmpiwq_20H100465_032726_050000.bin,Pine Island,GTMNERR,0,49.078,0,32.12,0,3.2,0,90.1,0,6.59,0,46.66,15.51,7.59,0,-72.4,5.91,21.51,0,7.01,0,1.206,1.77,0,7
3/27/2026,14:45, ,gtmpiwq_20H100465_032726_050000.bin,Pine Island,GTMNERR,0,49.151,0,32.17,0,3.247,0,90.5,0,6.62,0,45.62,15.17,7.6,0,-73,5.91,21.564,0,7.76,0,1.21,1.66,0,6.58
3/27/2026,15:00, ,gtmpiwq_20H100465_032726_050000.bin,Pine Island,GTMNERR,0,49.255,0,32.25,0,3.295,0,90.7,0,6.63,0,44.88,14.92,7.6,0,-73.1,5.91,21.552,0,7.34,0,1.21,1.65,0,6.55
3/27/2026,15:15, ,gtmpiwq_20H100465_032726_050000.bin,Pine Island,GTMNERR,0,49.366,0,32.33,0,3.342,0,89.8,0,6.56,0,43.2,14.36,7.59,0,-72.8,5.91,21.505,0,5.67,0,1.201,1.8,0,7.15
3/27/2026,15:30, ,gtmpiwq_20H100465_032726_050000.bin,Pine Island,GTMNERR,0,49.467,0,32.4,0,3.386,0,90.5,0,6.62,0,43.15,14.34,7.6,0,-73.4,5.92,21.489,0,6.42,0,1.194,1.78,0,7.07
3/27/2026,15:45, ,gtmpiwq_20H100465_032726_050000.bin,Pine Island,GTMNERR,0,49.509,0,32.44,0,3.431,0,90.5,0,6.61,0,41.35,13.74,7.61,0,-73.8,5.91,21.489,0,7.21,0,1.193,1.86,0,7.4
3/27/2026,16:00, ,gtmpiwq_20H100465_032726_050000.bin,Pine Island,GTMNERR,0,49.576,0,32.48,0,3.47,0,90.7,0,6.62,0,41.15,13.67,7.61,0,-73.9,5.91,21.5,0,6.18,0,1.208,1.7,0,6.74
3/27/2026,16:15, ,gtmpiwq_20H100465_032726_050000.bin,Pine Island,GTMNERR,0,49.719,0,32.59,0,3.506,0,91.1,0,6.64,0,40.31,13.39,7.62,0,-74.5,5.91,21.533,0,4.63,0,1.208,1.73,0,6.87
3/27/2026,16:30, ,gtmpiwq_20H100465_032726_050000.bin,Pine Island,GTMNERR,0,49.775,0,32.63,0,3.542,0,89.9,0,6.55,0,40.66,13.51,7.62,0,-74.4,5.91,21.545,0,4.51,0,1.195,1.62,0,6.41
3/27/2026,16:45, ,gtmpiwq_20H100465_032726_050000.bin,Pine Island,GTMNERR,0,49.858,0,32.69,0,3.572,0,89.1,0,6.5,0,40.07,13.31,7.62,0,-74.3,5.92,21.535,0,4.33,0,1.198,1.58,0,6.25
3/27/2026,17:00, ,gtmpiwq_20H100465_032726_050000.bin,Pine Island,GTMNERR,0,49.914,0,32.73,0,3.592,0,88.9,0,6.49,0,38.91,12.93,7.63,0,-74.9,5.91,21.503,0,4.43,0,1.204,1.47,0,5.79
3/27/2026,17:15, ,gtmpiwq_20H100465_032726_050000.bin,Pine Island,GTMNERR,0,49.968,0,32.77,0,3.605,0,86.5,0,6.31,0,37.63,12.5,7.62,0,-74.5,5.91,21.504,0,3.6,0,1.205,2.85,0,11.4
3/27/2026,17:30, ,gtmpiwq_20H100465_032726_050000.bin,Pine Island,GTMNERR,0,49.973,0,32.78,0,3.606,0,87.3,0,6.37,0,37.11,12.33,7.63,0,-74.9,5.91,21.502,0,4.77,0,1.211,1.91,0,7.59
3/27/2026,17:45, ,gtmpiwq_20H100465_032726_050000.bin,Pine Island,GTMNERR,0,49.991,0,32.79,0,3.594,0,79.6,0,5.8,0,36.2,12.02,7.6,0,-73.1,5.91,21.507,0,2.93,0,1.205,1.48,0,5.84
3/27/2026,18:00, ,gtmpiwq_20H100465_032726_050000.bin,Pine Island,GTMNERR,0,49.965,0,32.77,0,3.568,0,83.8,0,6.11,0,37.01,12.29,7.61,0,-74,5.91,21.515,0,2.88,0,1.198,1.47,0,5.79
3/27/2026,18:15, ,gtmpiwq_20H100465_032726_050000.bin,Pine Island,GTMNERR,0,49.889,0,32.71,0,3.526,0,86.3,0,6.29,0,39.13,13,7.62,0,-74.4,5.91,21.514,0,3.88,0,1.196,1.58,0,6.24
3/27/2026,18:30, ,gtmpiwq_20H100465_032726_050000.bin,Pine Island,GTMNERR,0,49.761,0,32.62,0,3.476,0,90.7,0,6.61,0,39.16,13.01,7.63,0,-75.1,5.91,21.588,0,4.99,0,1.2,1.74,0,6.89
3/27/2026,18:45, ,gtmpiwq_20H100465_032726_050000.bin,Pine Island,GTMNERR,0,49.586,0,32.49,0,3.421,0,94.1,0,6.85,0,42.27,14.05,7.63,0,-74.9,5.91,21.693,0,3.24,0,1.2,2.6,0,10.4
3/27/2026,19:00, ,gtmpiwq_20H100465_032726_050000.bin,Pine Island,GTMNERR,0,49.389,0,32.34,0,3.358,0,93.9,0,6.83,0,44.05,14.64,7.62,0,-74.5,5.9,21.783,0,5.14,0,1.201,1.99,0,7.93
3/27/2026,19:15, ,gtmpiwq_20H100465_032726_050000.bin,Pine Island,GTMNERR,0,49.208,0,32.21,0,3.293,0,93.9,0,6.83,0,45.34,15.07,7.62,0,-74.2,5.91,21.866,0,4.98,0,1.2,2.16,0,8.6
3/27/2026,19:30, ,gtmpiwq_20H100465_032726_050000.bin,Pine Island,GTMNERR,0,49.113,0,32.14,0,3.224,0,94.1,0,6.84,0,46.63,15.5,7.61,0,-74.1,5.9,21.902,0,4.82,0,1.2,1.81,0,7.18
3/27/2026,19:45, ,gtmpiwq_20H100465_032726_050000.bin,Pine Island,GTMNERR,0,49.015,0,32.07,0,3.154,0,93.1,0,6.77,0,46.45,15.44,7.6,0,-73.3,5.92,21.939,0,5.27,0,1.198,1.87,0,7.44
3/27/2026,20:00, ,gtmpiwq_20H100465_032726_050000.bin,Pine Island,GTMNERR,0,48.951,0,32.02,0,3.075,0,92.8,0,6.74,0,47.27,15.72,7.6,0,-72.9,5.91,21.921,0,6.24,0,1.201,2.09,0,8.31
3/27/2026,20:15, ,gtmpiwq_20H100465_032726_050000.bin,Pine Island,GTMNERR,0,48.856,0,31.95,0,3.001,0,92.4,0,6.71,0,47.75,15.87,7.59,0,-72.6,5.91,21.967,0,6.15,0,1.202,1.98,0,7.89
3/27/2026,20:30, ,gtmpiwq_20H100465_032726_050000.bin,Pine Island,GTMNERR,0,48.695,0,31.83,0,2.922,0,92.9,0,6.74,0,48.74,16.2,7.58,0,-71.8,5.91,22.027,0,5.45,0,1.201,2.12,0,8.43
3/27/2026,20:45, ,gtmpiwq_20H100465_032726_050000.bin,Pine Island,GTMNERR,0,48.551,0,31.73,0,2.834,0,92.8,0,6.74,0,49.24,16.37,7.57,0,-71.6,5.9,22.046,0,4.07,0,1.204,2.06,0,8.2
3/27/2026,21:00, ,gtmpiwq_20H100465_032726_050000.bin,Pine Island,GTMNERR,0,48.388,0,31.61,0,2.749,0,92.9,0,6.75,0,49.83,16.57,7.58,0,-71.8,5.9,22.054,0,5.76,0,1.209,2.21,0,8.83
3/27/2026,21:15, ,gtmpiwq_20H100465_032726_050000.bin,Pine Island,GTMNERR,0,48.139,0,31.43,0,2.656,0,92.1,0,6.71,0,50.61,16.83,7.56,0,-71,5.91,22.014,0,4.53,0,1.202,1.82,0,7.21
3/27/2026,21:30, ,gtmpiwq_20H100465_032726_050000.bin,Pine Island,GTMNERR,0,48.041,0,31.36,0,2.568,0,90.8,0,6.62,0,51.45,17.11,7.55,0,-70.2,5.91,22.015,0,4.31,0,1.197,2.14,0,8.52
3/27/2026,21:45, ,gtmpiwq_20H100465_032726_050000.bin,Pine Island,GTMNERR,0,47.869,0,31.23,0,2.482,0,89.4,0,6.52,0,52.88,17.59,7.55,0,-70.4,5.9,22.042,0,9.1,0,1.195,1.81,0,7.2
3/27/2026,22:00, ,gtmpiwq_20H100465_032726_050000.bin,Pine Island,GTMNERR,0,47.706,0,31.11,0,2.404,0,89.4,0,6.52,0,54.31,18.06,7.55,0,-70.1,5.9,22.039,0,3.87,0,1.204,3.02,0,12.11
3/27/2026,22:15, ,gtmpiwq_20H100465_032726_050000.bin,Pine Island,GTMNERR,0,47.546,0,30.99,0,2.337,0,89.5,0,6.53,0,54.57,18.15,7.51,0,-67.7,5.9,22.05,0,4.55,0,1.205,1.92,0,7.63
3/27/2026,22:30, ,gtmpiwq_20H100465_032726_050000.bin,Pine Island,GTMNERR,0,47.433,0,30.91,0,2.28,0,87.6,0,6.4,0,55.79,18.56,7.53,0,-68.9,5.9,22.078,0,6.21,0,1.206,2.81,0,11.25
3/27/2026,22:45, ,gtmpiwq_20H100465_032726_050000.bin,Pine Island,GTMNERR,0,47.347,0,30.85,0,2.252,0,86.1,0,6.28,0,53.69,17.86,7.51,0,-67.8,5.91,22.086,0,4.27,0,1.206,1.96,0,7.78
3/27/2026,23:00, ,gtmpiwq_20H100465_032726_050000.bin,Pine Island,GTMNERR,0,47.284,0,30.8,0,2.229,0,84.8,0,6.19,0,56.51,18.8,7.51,0,-68.1,5.9,22.101,0,4.34,0,1.205,1.92,0,7.63
3/27/2026,23:15, ,gtmpiwq_20H100465_032726_050000.bin,Pine Island,GTMNERR,0,47.247,0,30.78,0,2.259,0,78.8,0,5.75,0,56.87,18.92,7.49,0,-66.7,5.9,22.105,0,4.26,0,1.205,5.26,0,21.21
3/27/2026,23:30, ,gtmpiwq_20H100465_032726_050000.bin,Pine Island,GTMNERR,0,47.297,0,30.81,0,2.311,0,76.4,0,5.57,0,56.3,18.73,7.48,0,-65.8,5.89,22.125,0,4.45,0,1.207,1.72,0,6.83
3/27/2026,23:45, ,gtmpiwq_20H100465_032726_050000.bin,Pine Island,GTMNERR,0,47.582,0,31.02,0,2.385,0,88.2,0,6.42,0,56.92,18.94,7.54,0,-69.8,5.9,22.171,0,6.67,0,1.207,1.88,0,7.46
3/28/2026,00:00, ,gtmpiwq_20H100465_032726_050000.bin,Pine Island,GTMNERR,0,47.582,0,31.02,0,2.468,0,88.9,0,6.48,0,56.59,18.82,7.55,0,-70,5.9,22.143,0,6.32,0,1.209,3.74,0,15.01
3/28/2026,00:15, ,gtmpiwq_20H100465_032726_050000.bin,Pine Island,GTMNERR,0,47.749,0,31.14,0,2.547,0,90,0,6.55,0,54.93,18.27,7.55,0,-70.5,5.9,22.106,0,9.39,0,1.2,1.7,0,6.74
3/28/2026,00:30, ,gtmpiwq_20H100465_032726_050000.bin,Pine Island,GTMNERR,0,47.93,0,31.27,0,2.625,0,89.8,0,6.54,0,54.36,18.08,7.56,0,-70.8,5.9,22.076,0,7.98,0,1.198,1.96,0,7.81
3/28/2026,00:45, ,gtmpiwq_20H100465_032726_050000.bin,Pine Island,GTMNERR,0,48.162,0,31.44,0,2.699,0,89.8,0,6.53,0,53.29,17.72,7.57,0,-71.3,5.89,22.044,0,6.56,0,1.195,1.91,0,7.59
3/28/2026,01:00, ,gtmpiwq_20H100465_032726_050000.bin,Pine Island,GTMNERR,0,48.291,0,31.54,0,2.771,0,89.3,0,6.5,0,52.41,17.43,7.58,0,-71.7,5.9,22.008,0,8.54,0,1.199,7.23,0,29.22
3/28/2026,01:15, ,gtmpiwq_20H100465_032726_050000.bin,Pine Island,GTMNERR,0,48.526,0,31.71,0,2.84,0,90.3,0,6.58,0,51.01,16.96,7.58,0,-72.3,5.9,21.943,0,8.32,0,1.205,2.08,0,8.3
3/28/2026,01:30, ,gtmpiwq_20H100465_032726_050000.bin,Pine Island,GTMNERR,0,48.702,0,31.84,0,2.912,0,90,0,6.55,0,50.33,16.74,7.59,0,-72.5,5.9,21.941,0,8.62,0,1.211,2.14,0,8.54
3/28/2026,01:45, ,gtmpiwq_20H100465_032726_050000.bin,Pine Island,GTMNERR,0,48.822,0,31.93,0,2.974,0,89.2,0,6.48,0,49.36,16.41,7.58,0,-72.2,5.9,21.936,0,8.2,0,1.205,2.52,0,10.08
3/28/2026,02:00, ,gtmpiwq_20H100465_032726_050000.bin,Pine Island,GTMNERR,0,48.965,0,32.03,0,3.031,0,89.6,0,6.51,0,49.27,16.38,7.59,0,-72.8,5.89,21.919,0,8.81,0,1.201,2.03,0,8.09
3/28/2026,02:15, ,gtmpiwq_20H100465_032726_050000.bin,Pine Island,GTMNERR,0,49.063,0,32.1,0,3.085,0,88.4,0,6.42,0,48.35,16.08,7.59,0,-72.4,5.89,21.93,0,8.31,0,1.195,3.07,0,12.3
3/28/2026,02:30, ,gtmpiwq_20H100465_032726_050000.bin,Pine Island,GTMNERR,0,49.133,0,32.15,0,3.145,0,88.3,0,6.42,0,48.19,16.02,7.59,0,-72.7,5.9,21.86,0,7.55,0,1.195,1.89,0,7.53
3/28/2026,02:45, ,gtmpiwq_20H100465_032726_050000.bin,Pine Island,GTMNERR,0,49.151,0,32.17,0,3.203,0,88.6,0,6.45,0,47.51,15.8,7.6,0,-72.9,5.9,21.814,0,7.24,0,1.201,1.84,0,7.31
3/28/2026,03:00, ,gtmpiwq_20H100465_032726_050000.bin,Pine Island,GTMNERR,0,49.298,0,32.28,0,3.257,0,88.9,0,6.47,0,45.94,15.27,7.6,0,-73.4,5.9,21.801,0,9.04,0,1.205,7.05,0,28.45
3/28/2026,03:15, ,gtmpiwq_20H100465_032726_050000.bin,Pine Island,GTMNERR,0,49.378,0,32.34,0,3.314,0,88.2,0,6.42,0,45.6,15.16,7.6,0,-73.2,5.89,21.772,0,7.21,0,1.208,1.95,0,7.75
3/28/2026,03:30, ,gtmpiwq_20H100465_032726_050000.bin,Pine Island,GTMNERR,0,49.519,0,32.44,0,3.376,0,88.4,0,6.44,0,44.26,14.71,7.61,0,-73.7,5.9,21.694,0,6.78,0,1.201,1.89,0,7.49
3/28/2026,03:45, ,gtmpiwq_20H100465_032726_050000.bin,Pine Island,GTMNERR,0,49.576,0,32.48,0,3.432,0,87.5,0,6.37,0,44.37,14.75,7.61,0,-73.5,5.9,21.669,0,6.52,0,1.194,1.66,0,6.58
3/28/2026,04:00, ,gtmpiwq_20H100465_032726_050000.bin,Pine Island,GTMNERR,0,49.688,0,32.56,0,3.49,0,88.5,0,6.45,0,43.76,14.55,7.61,0,-74.1,5.89,21.604,0,6.04,0,1.195,1.74,0,6.9
3/28/2026,04:15, ,gtmpiwq_20H100465_032726_050000.bin,Pine Island,GTMNERR,0,49.877,0,32.7,0,3.542,0,87.6,0,6.39,0,41.77,13.88,7.63,0,-74.7,5.89,21.497,0,7.75,0,1.2,1.75,0,6.94
3/28/2026,04:30, ,gtmpiwq_20H100465_032726_050000.bin,Pine Island,GTMNERR,0,49.959,0,32.77,0,3.592,0,86.9,0,6.35,0,41.42,13.76,7.63,0,-74.8,5.89,21.396,0,6.13,0,1.202,1.32,0,5.22
3/28/2026,04:45, ,gtmpiwq_20H100465_032726_050000.bin,Pine Island,GTMNERR,0,50.055,0,32.84,0,3.634,0,86.4,0,6.31,0,40.16,13.34,7.63,0,-74.8,5.89,21.349,0,5.83,0,1.206,1.78,0,7.08
3/28/2026,05:00, ,gtmpiwq_20H100465_032726_050000.bin,Pine Island,GTMNERR,0,50.098,0,32.87,0,3.677,0,85.8,0,6.27,0,39.77,13.21,7.63,0,-74.7,5.9,21.334,0,6.88,0,1.21,1.69,0,6.71
3/28/2026,05:15, ,gtmpiwq_20H100465_032726_050000.bin,Pine Island,GTMNERR,0,50.126,0,32.89,0,3.713,0,86.2,0,6.3,0,38.94,12.94,7.63,0,-74.8,5.9,21.33,0,5.55,0,1.201,1.93,0,7.68
3/28/2026,05:30, ,gtmpiwq_20H100465_032726_050000.bin,Pine Island,GTMNERR,0,50.175,0,32.93,0,3.745,0,84.8,0,6.2,0,39.05,12.97,7.62,0,-74.6,5.9,21.31,0,5.52,0,1.194,1.53,0,6.05
3/28/2026,05:45, ,gtmpiwq_20H100465_032726_050000.bin,Pine Island,GTMNERR,0,50.218,0,32.96,0,3.767,0,82.8,0,6.06,0,38.64,12.84,7.62,0,-74.2,5.89,21.278,0,5.11,0,1.198,1.28,0,5.04
3/28/2026,06:00, ,gtmpiwq_20H100465_032726_050000.bin,Pine Island,GTMNERR,0,50.271,0,33,0,3.783,0,81.5,0,5.96,0,37.92,12.6,7.61,0,-73.9,5.89,21.234,0,5.5,0,1.204,1.53,0,6.05
3/28/2026,06:15, ,gtmpiwq_20H100465_032726_050000.bin,Pine Island,GTMNERR,0,50.304,0,33.02,0,3.785,0,76.6,0,5.61,0,37.38,12.42,7.59,0,-72.4,5.9,21.222,0,3.78,0,1.209,1.01,0,3.94
3/28/2026,06:30, ,gtmpiwq_20H100465_032726_050000.bin,Pine Island,GTMNERR,0,50.307,0,33.02,0,3.774,0,72.2,0,5.29,0,36.54,12.14,7.57,0,-71.2,5.89,21.2,0,3.21,0,1.204,1.07,0,4.16
3/28/2026,06:45, ,gtmpiwq_20H100465_032726_050000.bin,Pine Island,GTMNERR,0,50.24,0,32.97,0,3.745,0,71.5,0,5.24,0,34.39,11.42,7.61,0,-73.6,5.89,21.194,0,3.1,0,1.201,1.05,0,4.11
3/28/2026,07:00, ,gtmpiwq_20H100465_032726_050000.bin,Pine Island,GTMNERR,0,50.28,0,33,0,3.702,0,85.3,0,6.25,0,37.08,12.32,7.63,0,-75,5.88,21.181,0,6.04,0,1.197,1.48,0,5.83
3/28/2026,07:15, ,gtmpiwq_20H100465_032726_050000.bin,Pine Island,GTMNERR,0,50.169,0,32.92,0,3.65,0,86.5,0,6.34,0,37,12.29,7.63,0,-74.8,5.89,21.214,0,7.54,0,1.196,1.55,0,6.13
3/28/2026,07:30, ,gtmpiwq_20H100465_032726_050000.bin,Pine Island,GTMNERR,0,50.015,0,32.81,0,3.591,0,87.1,0,6.38,0,40.48,13.45,7.63,0,-74.9,5.9,21.274,0,6.32,0,1.203,1.31,0,5.16
3/28/2026,07:45, ,gtmpiwq_20H100465_032726_050000.bin,Pine Island,GTMNERR,0,49.754,0,32.62,0,3.529,0,87.2,0,6.38,0,42.61,14.16,7.62,0,-74.4,5.89,21.344,0,5.37,0,1.207,1.54,0,6.09
3/28/2026,08:00, ,gtmpiwq_20H100465_032726_050000.bin,Pine Island,GTMNERR,0,49.436,0,32.38,0,3.469,0,87.4,0,6.4,0,45.18,15.02,7.61,0,-73.6,5.89,21.414,0,5.24,0,1.201,1.54,0,6.09
3/28/2026,08:15, ,gtmpiwq_20H100465_032726_050000.bin,Pine Island,GTMNERR,0,49.396,0,32.35,0,3.396,0,86.9,0,6.36,0,45.89,15.26,7.6,0,-73.2,5.88,21.444,0,5.2,0,1.195,1.6,0,6.32
3/28/2026,08:30, ,gtmpiwq_20H100465_032726_050000.bin,Pine Island,GTMNERR,0,49.456,0,32.4,0,3.319,0,87.6,0,6.4,0,44.9,14.93,7.6,0,-73.3,5.89,21.562,0,5.46,0,1.195,1.32,0,5.21
3/28/2026,08:45, ,gtmpiwq_20H100465_032726_050000.bin,Pine Island,GTMNERR,0,49.237,0,32.23,0,3.25,0,86.9,0,6.34,0,46,15.29,7.59,0,-72.7,5.89,21.584,0,6.88,0,1.202,1.74,0,6.91
3/28/2026,09:00, ,gtmpiwq_20H100465_032726_050000.bin,Pine Island,GTMNERR,0,49.081,0,32.12,0,3.177,0,87,0,6.35,0,47.46,15.78,7.59,0,-72.4,5.89,21.622,0,6.8,0,1.205,1.81,0,7.17
3/28/2026,09:15, ,gtmpiwq_20H100465_032726_050000.bin,Pine Island,GTMNERR,0,48.999,0,32.06,0,3.1,0,87.2,0,6.37,0,47.98,15.95,7.58,0,-72,5.89,21.668,0,7.8,0,1.209,1.49,0,5.9
3/28/2026,09:30, ,gtmpiwq_20H100465_032726_050000.bin,Pine Island,GTMNERR,0,48.918,0,32,0,3.02,0,87,0,6.35,0,48.62,16.17,7.58,0,-71.7,5.88,21.681,0,7.15,0,1.201,1.7,0,6.73
3/28/2026,09:45, ,gtmpiwq_20H100465_032726_050000.bin,Pine Island,GTMNERR,0,48.857,0,31.95,0,2.941,0,87.3,0,6.37,0,49.15,16.34,7.58,0,-71.8,5.88,21.726,0,7.14,0,1.196,1.75,0,6.93
3/28/2026,10:00, ,gtmpiwq_20H100465_032726_050000.bin,Pine Island,GTMNERR,0,48.683,0,31.83,0,2.856,0,87.6,0,6.4,0,50.02,16.63,7.57,0,-71.3,5.89,21.745,0,6.57,0,1.197,1.62,0,6.41
3/28/2026,10:15, ,gtmpiwq_20H100465_032726_050000.bin,Pine Island,GTMNERR,0,48.447,0,31.65,0,2.77,0,87.1,0,6.37,0,51.2,17.03,7.56,0,-70.6,5.88,21.754,0,6.77,0,1.202,1.73,0,6.86
3/28/2026,10:30, ,gtmpiwq_20H100465_032726_050000.bin,Pine Island,GTMNERR,0,48.211,0,31.48,0,2.693,0,86.7,0,6.34,0,52.17,17.35,7.55,0,-70.1,5.88,21.751,0,9.19,0,1.203,1.97,0,7.83
3/28/2026,10:45, ,gtmpiwq_20H100465_032726_050000.bin,Pine Island,GTMNERR,0,48.021,0,31.34,0,2.622,0,86.4,0,6.33,0,52.94,17.61,7.54,0,-69.6,5.89,21.738,0,9.78,0,1.204,2.9,0,11.62
3/28/2026,11:00, ,gtmpiwq_20H100465_032726_050000.bin,Pine Island,GTMNERR,0,47.875,0,31.24,0,2.557,0,86.6,0,6.34,0,53.82,17.9,7.54,0,-69.6,5.88,21.75,0,9.26,0,1.205,2.22,0,8.84
3/28/2026,11:15, ,gtmpiwq_20H100465_032726_050000.bin,Pine Island,GTMNERR,0,47.753,0,31.15,0,2.505,0,86.9,0,6.37,0,54.22,18.03,7.54,0,-69.5,5.88,21.766,0,10.84,0,1.205,3.32,0,13.32
3/28/2026,11:30, ,gtmpiwq_20H100465_032726_050000.bin,Pine Island,GTMNERR,0,47.627,0,31.06,0,2.473,0,86.8,0,6.36,0,54.61,18.16,7.54,0,-69.4,5.88,21.767,0,10.8,0,1.201,2.56,0,10.24
3/28/2026,11:45, ,gtmpiwq_20H100465_032726_050000.bin,Pine Island,GTMNERR,0,47.527,0,30.98,0,2.46,0,86.7,0,6.36,0,54.75,18.21,7.53,0,-69.2,5.86,21.762,0,13.73,0,1.194,2.86,0,11.47
3/28/2026,12:00, ,gtmpiwq_20H100465_032726_050000.bin,Pine Island,GTMNERR,0,47.444,0,30.92,0,2.481,0,87,0,6.38,0,56.3,18.73,7.53,0,-69.1,5.85,21.751,0,11.16,0,1.194,2.03,0,8.09
3/28/2026,12:15, ,gtmpiwq_20H100465_032726_050000.bin,Pine Island,GTMNERR,0,47.393,0,30.89,0,2.556,0,85.1,0,6.25,0,54.67,18.18,7.51,0,-68.1,5.87,21.728,0,14.26,0,1.203,3.05,0,12.21
3/28/2026,12:30, ,gtmpiwq_20H100465_032726_050000.bin,Pine Island,GTMNERR,0,47.708,0,31.12,0,2.665,0,85.4,0,6.27,0,54.79,18.23,7.53,0,-69,5.86,21.659,0,9.19,0,1.207,2.4,0,9.57
3/28/2026,12:45, ,gtmpiwq_20H100465_032726_050000.bin,Pine Island,GTMNERR,0,47.883,0,31.24,0,2.761,0,87.1,0,6.4,0,52.16,17.35,7.54,0,-69.9,5.86,21.627,0,10.99,0,1.202,2.43,0,9.72
3/28/2026,13:00, ,gtmpiwq_20H100465_032726_050000.bin,Pine Island,GTMNERR,0,48.053,0,31.37,0,2.85,0,88.5,0,6.5,0,51.97,17.28,7.56,0,-70.9,5.87,21.579,0,11.25,0,1.2,1.94,0,7.72
3/28/2026,13:15, ,gtmpiwq_20H100465_032726_050000.bin,Pine Island,GTMNERR,0,48.409,0,31.63,0,2.918,0,89.5,0,6.57,0,49.82,16.57,7.58,0,-72,5.86,21.473,0,10.82,0,1.198,3.45,0,13.83
3/28/2026,13:30, ,gtmpiwq_20H100465_032726_050000.bin,Pine Island,GTMNERR,0,48.544,0,31.73,0,2.988,0,89.6,0,6.57,0,48.52,16.13,7.59,0,-72.3,5.86,21.521,0,12.49,0,1.198,2.45,0,9.78
3/28/2026,13:45, ,gtmpiwq_20H100465_032726_050000.bin,Pine Island,GTMNERR,0,48.647,0,31.8,0,3.057,0,89.8,0,6.58,0,49.67,16.51,7.59,0,-72.5,5.87,21.535,0,13.25,0,1.206,4.18,0,16.81
3/28/2026,14:00, ,gtmpiwq_20H100465_032726_050000.bin,Pine Island,GTMNERR,0,48.867,0,31.97,0,3.125,0,89.8,0,6.59,0,48.23,16.03,7.59,0,-72.9,5.86,21.444,0,10.82,0,1.203,2.14,0,8.53
3/28/2026,14:15, ,gtmpiwq_20H100465_032726_050000.bin,Pine Island,GTMNERR,0,48.952,0,32.03,0,3.203,0,90,0,6.6,0,46.87,15.58,7.6,0,-73.2,5.87,21.435,0,14.72,0,1.202,4.16,0,16.75
3/28/2026,14:30, ,gtmpiwq_20H100465_032726_050000.bin,Pine Island,GTMNERR,0,49.149,0,32.17,0,3.274,0,90.7,0,6.66,0,45.45,15.11,7.61,0,-73.8,5.86,21.314,0,12.49,0,1.202,2.16,0,8.62
3/28/2026,14:45, ,gtmpiwq_20H100465_032726_050000.bin,Pine Island,GTMNERR,0,49.16,0,32.18,0,3.344,0,89.6,0,6.57,0,44.76,14.88,7.61,0,-73.5,5.86,21.376,0,16.06,0,1.201,2.18,0,8.68
3/28/2026,15:00, ,gtmpiwq_20H100465_032726_050000.bin,Pine Island,GTMNERR,0,49.233,0,32.23,0,3.418,0,90.1,0,6.61,0,44.32,14.73,7.61,0,-73.9,5.87,21.358,0,13.31,0,1.203,2.2,0,8.75
3/28/2026,15:15, ,gtmpiwq_20H100465_032726_050000.bin,Pine Island,GTMNERR,0,49.379,0,32.34,0,3.487,0,89.9,0,6.6,0,43.61,14.5,7.62,0,-74.1,5.86,21.278,0,11.92,0,1.205,1.98,0,7.88
3/28/2026,15:30, ,gtmpiwq_20H100465_032726_050000.bin,Pine Island,GTMNERR,0,49.495,0,32.43,0,3.555,0,89.8,0,6.59,0,43.57,14.48,7.62,0,-74.2,5.87,21.237,0,10.85,0,1.205,1.92,0,7.64
3/28/2026,15:45, ,gtmpiwq_20H100465_032726_050000.bin,Pine Island,GTMNERR,0,49.614,0,32.52,0,3.616,0,90.1,0,6.62,0,41.98,13.95,7.62,0,-74.6,5.86,21.178,0,11.32,0,1.206,1.63,0,6.44
3/28/2026,16:00, ,gtmpiwq_20H100465_032726_050000.bin,Pine Island,GTMNERR,0,49.772,0,32.63,0,3.676,0,90.2,0,6.63,0,40.89,13.59,7.63,0,-75.2,5.86,21.086,0,12.66,0,1.207,2.03,0,8.09
3/28/2026,16:15, ,gtmpiwq_20H100465_032726_050000.bin,Pine Island,GTMNERR,0,49.977,0,32.78,0,3.732,0,90.5,0,6.66,0,40.31,13.39,7.64,0,-75.7,5.87,20.965,0,9.09,0,1.208,2,0,7.95
3/28/2026,16:30, ,gtmpiwq_20H100465_032726_050000.bin,Pine Island,GTMNERR,0,50.171,0,32.93,0,3.785,0,90.2,0,6.65,0,38.36,12.74,7.65,0,-76.4,5.86,20.895,0,9.01,0,1.21,2.04,0,8.11
3/28/2026,16:45, ,gtmpiwq_20H100465_032726_050000.bin,Pine Island,GTMNERR,0,50.216,0,32.96,0,3.841,0,89.6,0,6.6,0,37.44,12.44,7.65,0,-76.2,5.87,20.901,0,8.84,0,1.211,3.25,0,13.03
3/28/2026,17:00, ,gtmpiwq_20H100465_032726_050000.bin,Pine Island,GTMNERR,0,50.231,0,32.97,0,3.889,0,89.3,0,6.57,0,37.32,12.39,7.65,0,-76,5.86,20.909,0,10.37,0,1.211,2,0,7.94
3/28/2026,17:15, ,gtmpiwq_20H100465_032726_050000.bin,Pine Island,GTMNERR,0,50.346,0,33.06,0,3.93,0,89,0,6.56,0,36.17,12.01,7.65,0,-76.1,5.86,20.848,0,9.25,0,1.202,1.95,0,7.74
3/28/2026,17:30, ,gtmpiwq_20H100465_032726_050000.bin,Pine Island,GTMNERR,0,50.458,0,33.14,0,3.973,0,88.3,0,6.51,0,35.03,11.63,7.66,0,-76.5,5.86,20.784,0,9.92,0,1.194,1.94,0,7.7
3/28/2026,17:45, ,gtmpiwq_20H100465_032726_050000.bin,Pine Island,GTMNERR,0,50.6,0,33.24,0,4.008,0,88.9,0,6.56,0,34.79,11.55,7.67,0,-77.2,5.86,20.678,0,8.91,0,1.192,1.98,0,7.87
3/28/2026,18:00, ,gtmpiwq_20H100465_032726_050000.bin,Pine Island,GTMNERR,0,50.701,0,33.32,0,4.038,0,88.8,0,6.56,0,32.28,10.71,7.67,0,-77.5,5.87,20.61,0,8.88,0,1.209,1.9,0,7.55
3/28/2026,18:15, ,gtmpiwq_20H100465_032726_050000.bin,Pine Island,GTMNERR,0,50.863,0,33.44,0,4.064,0,88.8,0,6.57,0,31.44,10.43,7.68,0,-77.9,5.85,20.532,0,7.44,0,1.209,1.92,0,7.62
3/28/2026,18:30, ,gtmpiwq_20H100465_032726_050000.bin,Pine Island,GTMNERR,0,50.955,0,33.51,0,4.086,0,88.4,0,6.54,0,30.66,10.17,7.68,0,-78.1,5.86,20.477,0,7.77,0,1.206,1.93,0,7.66
3/28/2026,18:45, ,gtmpiwq_20H100465_032726_050000.bin,Pine Island,GTMNERR,0,50.984,0,33.53,0,4.103,0,88.7,0,6.56,0,29.1,9.65,7.69,0,-78.6,5.86,20.44,0,8.58,0,1.195,1.74,0,6.89
3/28/2026,19:00, ,gtmpiwq_20H100465_032726_050000.bin,Pine Island,GTMNERR,0,51.097,0,33.61,0,4.108,0,88.3,0,6.54,0,27.79,9.22,7.7,0,-79,5.86,20.377,0,7.09,0,1.197,1.58,0,6.27
3/28/2026,19:15, ,gtmpiwq_20H100465_032726_050000.bin,Pine Island,GTMNERR,0,51.135,0,33.64,0,4.109,0,88.8,0,6.58,0,28.06,9.31,7.71,0,-79.4,5.87,20.328,0,6.83,0,1.205,1.64,0,6.49
3/28/2026,19:30, ,gtmpiwq_20H100465_032726_050000.bin,Pine Island,GTMNERR,0,51.21,0,33.7,0,4.099,0,88.5,0,6.56,0,28.04,9.3,7.71,0,-79.5,5.85,20.263,0,6.25,0,1.208,1.74,0,6.91
3/28/2026,19:45, ,gtmpiwq_20H100465_032726_050000.bin,Pine Island,GTMNERR,0,51.212,0,33.7,0,4.078,0,82.1,0,6.09,0,26.55,8.8,7.69,0,-78.6,5.86,20.248,0,4.85,0,1.202,1.57,0,6.23
3/28/2026,20:00, ,gtmpiwq_20H100465_032726_050000.bin,Pine Island,GTMNERR,0,51.145,0,33.65,0,4.047,0,78,0,5.79,0,25.96,8.61,7.69,0,-78.5,5.86,20.235,0,3.66,0,1.197,1.5,0,5.95
3/28/2026,20:15, ,gtmpiwq_20H100465_032726_050000.bin,Pine Island,GTMNERR,0,51.134,0,33.64,0,4.012,0,86.4,0,6.42,0,28.02,9.29,7.7,0,-79.2,5.86,20.234,0,3.62,0,1.197,1.6,0,6.34
3/28/2026,20:30, ,gtmpiwq_20H100465_032726_050000.bin,Pine Island,GTMNERR,0,51.069,0,33.59,0,3.97,0,88.1,0,6.54,0,29.67,9.84,7.69,0,-78.4,5.86,20.26,0,2.38,0,1.205,1.6,0,6.35
3/28/2026,20:45, ,gtmpiwq_20H100465_032726_050000.bin,Pine Island,GTMNERR,0,50.95,0,33.5,0,3.929,0,89.3,0,6.63,0,30.47,10.11,7.7,0,-78.9,5.85,20.314,0,4.97,0,1.206,1.76,0,6.97
3/28/2026,21:00, ,gtmpiwq_20H100465_032726_050000.bin,Pine Island,GTMNERR,0,50.707,0,33.32,0,3.884,0,90.2,0,6.69,0,32.2,10.69,7.69,0,-78.5,5.86,20.342,0,7.5,0,1.206,1.88,0,7.46
3/28/2026,21:15, ,gtmpiwq_20H100465_032726_050000.bin,Pine Island,GTMNERR,0,50.452,0,33.14,0,3.84,0,90.2,0,6.7,0,34.81,11.56,7.68,0,-77.7,5.87,20.361,0,9.9,0,1.203,1.66,0,6.58
3/28/2026,21:30, ,gtmpiwq_20H100465_032726_050000.bin,Pine Island,GTMNERR,0,50.17,0,32.93,0,3.794,0,89.9,0,6.68,0,36.63,12.16,7.67,0,-77,5.85,20.401,0,10.46,0,1.201,1.69,0,6.69
3/28/2026,21:45, ,gtmpiwq_20H100465_032726_050000.bin,Pine Island,GTMNERR,0,49.9,0,32.73,0,3.743,0,90.7,0,6.74,0,39.91,13.26,7.66,0,-76.7,5.86,20.427,0,8.61,0,1.202,1.8,0,7.13
3/28/2026,22:00, ,gtmpiwq_20H100465_032726_050000.bin,Pine Island,GTMNERR,0,49.934,0,32.76,0,3.688,0,90.3,0,6.71,0,40.68,13.52,7.66,0,-76.6,5.87,20.451,0,6.99,0,1.206,1.56,0,6.17
3/28/2026,22:15, ,gtmpiwq_20H100465_032726_050000.bin,Pine Island,GTMNERR,0,49.867,0,32.71,0,3.628,0,90.4,0,6.72,0,40.8,13.56,7.66,0,-76.5,5.86,20.429,0,7.83,0,1.211,1.86,0,7.4
3/28/2026,22:30, ,gtmpiwq_20H100465_032726_050000.bin,Pine Island,GTMNERR,0,49.691,0,32.58,0,3.57,0,90.5,0,6.74,0,41.91,13.93,7.66,0,-76.4,5.86,20.43,0,10.44,0,1.206,1.7,0,6.75
3/28/2026,22:45, ,gtmpiwq_20H100465_032726_050000.bin,Pine Island,GTMNERR,0,49.499,0,32.44,0,3.509,0,90.5,0,6.75,0,42.79,14.22,7.65,0,-76.2,5.85,20.416,0,12.21,0,1.196,1.64,0,6.5
3/28/2026,23:00, ,gtmpiwq_20H100465_032726_050000.bin,Pine Island,GTMNERR,0,49.438,0,32.39,0,3.442,0,90.5,0,6.74,0,44.1,14.66,7.65,0,-75.9,5.86,20.42,0,9.57,0,1.193,1.54,0,6.1
3/28/2026,23:15, ,gtmpiwq_20H100465_032726_050000.bin,Pine Island,GTMNERR,0,49.343,0,32.32,0,3.377,0,90.9,0,6.78,0,44.98,14.95,7.64,0,-75.3,5.86,20.401,0,10.82,0,1.201,1.69,0,6.7
3/28/2026,23:30, ,gtmpiwq_20H100465_032726_050000.bin,Pine Island,GTMNERR,0,49.248,0,32.25,0,3.31,0,90.8,0,6.78,0,45.68,15.18,7.64,0,-75.7,5.86,20.388,0,8.99,0,1.202,1.61,0,6.38
3/28/2026,23:45, ,gtmpiwq_20H100465_032726_050000.bin,Pine Island,GTMNERR,0,49.169,0,32.2,0,3.252,0,90.5,0,6.76,0,46.83,15.57,7.64,0,-75.3,5.86,20.366,0,10.85,0,1.206,1.72,0,6.81
3/29/2026,00:00, ,gtmpiwq_20H100465_032726_050000.bin,Pine Island,GTMNERR,0,49.09,0,32.14,0,3.19,0,90,0,6.73,0,47.21,15.7,7.63,0,-75.1,5.85,20.366,0,9.81,0,1.207,1.77,0,7.03
3/29/2026,00:15, ,gtmpiwq_20H100465_032726_050000.bin,Pine Island,GTMNERR,0,49.016,0,32.08,0,3.139,0,89.1,0,6.66,0,47.51,15.79,7.62,0,-74.4,5.85,20.366,0,10.73,0,1.207,1.6,0,6.33
3/29/2026,00:30, ,gtmpiwq_20H100465_032726_050000.bin,Pine Island,GTMNERR,0,48.908,0,32,0,3.092,0,88.4,0,6.61,0,47.74,15.87,7.62,0,-74.1,5.86,20.346,0,9.48,0,1.207,1.71,0,6.77
3/29/2026,00:45, ,gtmpiwq_20H100465_032726_050000.bin,Pine Island,GTMNERR,0,48.763,0,31.9,0,3.058,0,87.1,0,6.53,0,48.62,16.17,7.61,0,-73.4,5.85,20.283,0,9.11,0,1.207,1.63,0,6.46
3/29/2026,01:00, ,gtmpiwq_20H100465_032726_050000.bin,Pine Island,GTMNERR,0,48.661,0,31.82,0,3.033,0,84.3,0,6.33,0,49.41,16.43,7.59,0,-72.2,5.85,20.203,0,6.96,0,1.209,1.87,0,7.45
3/29/2026,01:15, ,gtmpiwq_20H100465_032726_050000.bin,Pine Island,GTMNERR,0,48.572,0,31.76,0,3.02,0,82.5,0,6.21,0,51.72,17.2,7.57,0,-71.1,5.86,20.14,0,4.83,0,1.206,1.39,0,5.49
3/29/2026,01:30, ,gtmpiwq_20H100465_032726_050000.bin,Pine Island,GTMNERR,0,48.542,0,31.74,0,3.034,0,76,0,5.72,0,51.63,17.17,7.55,0,-70,5.85,20.118,0,4.62,0,1.195,1.36,0,5.34
3/29/2026,01:45, ,gtmpiwq_20H100465_032726_050000.bin,Pine Island,GTMNERR,0,48.723,0,31.87,0,3.064,0,82.6,0,6.22,0,52.37,17.42,7.58,0,-71.9,5.85,19.995,0,5.1,0,1.2,1.42,0,5.59
3/29/2026,02:00, ,gtmpiwq_20H100465_032726_050000.bin,Pine Island,GTMNERR,0,49.109,0,32.15,0,3.117,0,86.9,0,6.54,0,48.83,16.24,7.61,0,-73.6,5.85,19.913,0,8.74,0,1.208,1.67,0,6.6
3/29/2026,02:15, ,gtmpiwq_20H100465_032726_050000.bin,Pine Island,GTMNERR,0,49.147,0,32.18,0,3.178,0,87.9,0,6.61,0,48.61,16.16,7.62,0,-74.1,5.86,19.998,0,13.02,0,1.211,2.99,0,12
3/29/2026,02:30, ,gtmpiwq_20H100465_032726_050000.bin,Pine Island,GTMNERR,0,49.216,0,32.23,0,3.24,0,88.8,0,6.66,0,47.41,15.76,7.63,0,-74.7,5.85,20.066,0,12.91,0,1.204,1.56,0,6.16
3/29/2026,02:45, ,gtmpiwq_20H100465_032726_050000.bin,Pine Island,GTMNERR,0,49.348,0,32.33,0,3.306,0,89,0,6.68,0,47.9,15.93,7.63,0,-74.8,5.85,20.034,0,9.54,0,1.192,1.56,0,6.18
3/29/2026,03:00, ,gtmpiwq_20H100465_032726_050000.bin,Pine Island,GTMNERR,0,49.486,0,32.43,0,3.375,0,88.5,0,6.64,0,45.84,15.24,7.63,0,-74.9,5.85,20.031,0,11.5,0,1.194,1.49,0,5.88
3/29/2026,03:15, ,gtmpiwq_20H100465_032726_050000.bin,Pine Island,GTMNERR,0,49.55,0,32.48,0,3.443,0,88.2,0,6.66,0,46.59,15.49,7.62,0,-74.2,5.85,19.749,0,13.9,0,1.212,1.55,0,6.13
3/29/2026,03:30, ,gtmpiwq_20H100465_032726_050000.bin,Pine Island,GTMNERR,0,49.753,0,32.63,0,3.513,0,87.5,0,6.61,0,45.09,14.99,7.62,0,-74.3,5.85,19.666,0,11.82,0,1.202,1.38,0,5.45
3/29/2026,03:45, ,gtmpiwq_20H100465_032726_050000.bin,Pine Island,GTMNERR,0,49.796,0,32.66,0,3.59,0,88.1,0,6.64,0,44.77,14.88,7.63,0,-74.9,5.84,19.743,0,10.55,0,1.198,1.76,0,6.97
3/29/2026,04:00, ,gtmpiwq_20H100465_032726_050000.bin,Pine Island,GTMNERR,0,49.951,0,32.77,0,3.66,0,88.4,0,6.66,0,42.83,14.23,7.64,0,-75.4,5.85,19.77,0,11.99,0,1.193,1.34,0,5.26
3/29/2026,04:15, ,gtmpiwq_20H100465_032726_050000.bin,Pine Island,GTMNERR,0,50.054,0,32.85,0,3.723,0,88.2,0,6.64,0,41.18,13.68,7.64,0,-75.6,5.85,19.779,0,12.08,0,1.202,1.4,0,5.52
3/29/2026,04:30, ,gtmpiwq_20H100465_032726_050000.bin,Pine Island,GTMNERR,0,50.163,0,32.93,0,3.782,0,87.7,0,6.6,0,40.15,13.34,7.65,0,-75.7,5.85,19.726,0,15.53,0,1.202,1.67,0,6.62
3/29/2026,04:45, ,gtmpiwq_20H100465_032726_050000.bin,Pine Island,GTMNERR,0,50.348,0,33.06,0,3.836,0,87.8,0,6.61,0,38.45,12.77,7.66,0,-76.2,5.85,19.656,0,15.11,0,1.194,1.59,0,6.3
3/29/2026,05:00, ,gtmpiwq_20H100465_032726_050000.bin,Pine Island,GTMNERR,0,50.555,0,33.21,0,3.888,0,88.4,0,6.65,0,36.84,12.23,7.67,0,-77,5.84,19.646,0,10.42,0,1.207,1.45,0,5.72
3/29/2026,05:15, ,gtmpiwq_20H100465_032726_050000.bin,Pine Island,GTMNERR,0,50.711,0,33.33,0,3.932,0,88.7,0,6.67,0,34.74,11.54,7.68,0,-77.6,5.85,19.621,0,9.95,0,1.202,1.43,0,5.66
3/29/2026,05:30, ,gtmpiwq_20H100465_032726_050000.bin,Pine Island,GTMNERR,0,50.883,0,33.46,0,3.98,0,88.4,0,6.65,0,32.95,10.94,7.69,0,-78.4,5.85,19.585,0,10.27,0,1.198,1.57,0,6.21
3/29/2026,05:45, ,gtmpiwq_20H100465_032726_050000.bin,Pine Island,GTMNERR,0,50.941,0,33.5,0,4.027,0,88.5,0,6.66,0,31.97,10.61,7.69,0,-78.4,5.85,19.574,0,12.22,0,1.199,1.45,0,5.74
3/29/2026,06:00, ,gtmpiwq_20H100465_032726_050000.bin,Pine Island,GTMNERR,0,51.102,0,33.62,0,4.064,0,88.6,0,6.66,0,29.83,9.9,7.71,0,-79.5,5.85,19.538,0,11.23,0,1.196,1.59,0,6.29
3/29/2026,06:15, ,gtmpiwq_20H100465_032726_050000.bin,Pine Island,GTMNERR,0,51.16,0,33.66,0,4.104,0,88.7,0,6.68,0,28.91,9.59,7.72,0,-79.8,5.84,19.5,0,13.37,0,1.198,1.61,0,6.37
3/29/2026,06:30, ,gtmpiwq_20H100465_032726_050000.bin,Pine Island,GTMNERR,0,51.222,0,33.71,0,4.135,0,88.3,0,6.64,0,27.69,9.18,7.73,0,-80.4,5.84,19.468,0,12.33,0,1.199,1.64,0,6.5
3/29/2026,06:45, ,gtmpiwq_20H100465_032726_050000.bin,Pine Island,GTMNERR,0,51.283,0,33.75,0,4.158,0,89.2,0,6.72,0,26.97,8.94,7.73,0,-80.6,5.85,19.384,0,10.91,0,1.196,1.63,0,6.44
3/29/2026,07:00, ,gtmpiwq_20H100465_032726_050000.bin,Pine Island,GTMNERR,0,51.286,0,33.75,0,4.184,0,88.3,0,6.66,0,26.94,8.93,7.73,0,-80.8,5.84,19.356,0,14.78,0,1.196,1.53,0,6.04
3/29/2026,07:15, ,gtmpiwq_20H100465_032726_050000.bin,Pine Island,GTMNERR,0,51.418,0,33.85,0,4.196,0,88.9,0,6.72,0,26.18,8.68,7.75,0,-81.7,5.85,19.189,0,9.6,0,1.197,1.39,0,5.49
3/29/2026,07:30, ,gtmpiwq_20H100465_032726_050000.bin,Pine Island,GTMNERR,0,51.456,0,33.88,0,4.203,0,88.6,0,6.7,0,24.52,8.12,7.76,0,-82.1,5.84,19.147,0,11.2,0,1.194,1.39,0,5.5
3/29/2026,07:45, ,gtmpiwq_20H100465_032726_050000.bin,Pine Island,GTMNERR,0,51.498,0,33.91,0,4.201,0,88.2,0,6.67,0,24.1,7.99,7.75,0,-82,5.84,19.102,0,7.87,0,1.195,1.37,0,5.42
3/29/2026,08:00, ,gtmpiwq_20H100465_032726_050000.bin,Pine Island,GTMNERR,0,51.533,0,33.94,0,4.186,0,88.7,0,6.72,0,23.62,7.83,7.77,0,-82.8,5.85,19.075,0,4.83,0,1.195,1.28,0,5.02
3/29/2026,08:15, ,gtmpiwq_20H100465_032726_050000.bin,Pine Island,GTMNERR,0,51.469,0,33.89,0,4.155,0,75.4,0,5.71,0,22.35,7.4,7.73,0,-80.5,5.84,19.1,0,5.11,0,1.192,0.91,0,3.52
3/29/2026,08:30, ,gtmpiwq_20H100465_032726_050000.bin,Pine Island,GTMNERR,0,51.475,0,33.89,0,4.113,0,86.9,0,6.58,0,23.47,7.78,7.75,0,-82,5.85,19.115,0,9.54,0,1.194,1.29,0,5.06
3/29/2026,08:45, ,gtmpiwq_20H100465_032726_050000.bin,Pine Island,GTMNERR,0,51.413,0,33.85,0,4.069,0,90,0,6.81,0,24.11,7.99,7.76,0,-82.2,5.84,19.184,0,8.82,0,1.203,1.25,0,4.89
3/29/2026,09:00, ,gtmpiwq_20H100465_032726_050000.bin,Pine Island,GTMNERR,0,51.362,0,33.81,0,4.025,0,90.7,0,6.85,0,24.82,8.23,7.76,0,-82.3,5.84,19.204,0,9.67,0,1.21,1.23,0,4.83
3/29/2026,09:15, ,gtmpiwq_20H100465_032726_050000.bin,Pine Island,GTMNERR,0,51.173,0,33.67,0,3.976,0,90.1,0,6.8,0,26.94,8.93,7.74,0,-80.9,5.85,19.312,0,12.69,0,1.207,1.28,0,5.04
3/29/2026,09:30, ,gtmpiwq_20H100465_032726_050000.bin,Pine Island,GTMNERR,0,50.912,0,33.48,0,3.93,0,90,0,6.79,0,29.87,9.91,7.71,0,-79.7,5.84,19.424,0,14.83,0,1.204,1.34,0,5.26
3/29/2026,09:45, ,gtmpiwq_20H100465_032726_050000.bin,Pine Island,GTMNERR,0,50.72,0,33.34,0,3.875,0,89.9,0,6.78,0,32.66,10.84,7.7,0,-78.8,5.85,19.483,0,10.84,0,1.2,1.18,0,4.61
3/29/2026,10:00, ,gtmpiwq_20H100465_032726_050000.bin,Pine Island,GTMNERR,0,50.594,0,33.24,0,3.823,0,89.7,0,6.77,0,35.12,11.66,7.69,0,-78.4,5.84,19.484,0,8.12,0,1.195,1.18,0,4.62
3/29/2026,10:15, ,gtmpiwq_20H100465_032726_050000.bin,Pine Island,GTMNERR,0,50.577,0,33.23,0,3.762,0,89.6,0,6.76,0,35.29,11.72,7.69,0,-78.4,5.84,19.51,0,9.14,0,1.196,1.21,0,4.74
3/29/2026,10:30, ,gtmpiwq_20H100465_032726_050000.bin,Pine Island,GTMNERR,0,50.465,0,33.15,0,3.693,0,89.6,0,6.76,0,36.08,11.98,7.68,0,-77.8,5.85,19.536,0,10.49,0,1.205,1.29,0,5.07
3/29/2026,10:45, ,gtmpiwq_20H100465_032726_050000.bin,Pine Island,GTMNERR,0,50.314,0,33.04,0,3.617,0,89.3,0,6.74,0,37.81,12.56,7.67,0,-77.3,5.83,19.557,0,10.87,0,1.206,1.24,0,4.89
3/29/2026,11:00, ,gtmpiwq_20H100465_032726_050000.bin,Pine Island,GTMNERR,0,50.183,0,32.94,0,3.54,0,89.7,0,6.77,0,38.4,12.76,7.67,0,-76.9,5.84,19.578,0,12.95,0,1.198,1.32,0,5.21
3/29/2026,11:15, ,gtmpiwq_20H100465_032726_050000.bin,Pine Island,GTMNERR,0,50.02,0,32.82,0,3.465,0,89.8,0,6.78,0,40.61,13.49,7.66,0,-76.5,5.83,19.596,0,13.36,0,1.201,1.34,0,5.29
3/29/2026,11:30, ,gtmpiwq_20H100465_032726_050000.bin,Pine Island,GTMNERR,0,49.906,0,32.74,0,3.385,0,89.6,0,6.77,0,41.74,13.87,7.65,0,-76.1,5.84,19.613,0,13.71,0,1.203,1.33,0,5.23
3/29/2026,11:45, ,gtmpiwq_20H100465_032726_050000.bin,Pine Island,GTMNERR,0,49.749,0,32.62,0,3.306,0,89.2,0,6.74,0,42.69,14.19,7.64,0,-75.6,5.84,19.626,0,14.94,0,1.211,1.47,0,5.8
3/29/2026,12:00, ,gtmpiwq_20H100465_032726_050000.bin,Pine Island,GTMNERR,0,49.577,0,32.5,0,3.233,0,89.3,0,6.75,0,45.18,15.02,7.64,0,-75.1,5.83,19.639,0,12.39,0,1.205,1.48,0,5.84
3/29/2026,12:15, ,gtmpiwq_20H100465_032726_050000.bin,Pine Island,GTMNERR,0,49.367,0,32.34,0,3.156,0,89.1,0,6.74,0,46.76,15.54,7.63,0,-74.7,5.83,19.641,0,12.88,0,1.2,1.09,0,4.27
3/29/2026,12:30, ,gtmpiwq_20H100465_032726_050000.bin,Pine Island,GTMNERR,0,49.24,0,32.25,0,3.075,0,89.2,0,6.75,0,47.55,15.81,7.62,0,-74.4,5.83,19.66,0,12.59,0,1.195,1.47,0,5.79
3/29/2026,12:45, ,gtmpiwq_20H100465_032726_050000.bin,Pine Island,GTMNERR,0,49.188,0,32.21,0,3.006,0,89.3,0,6.76,0,48.67,16.18,7.62,0,-74,5.83,19.675,0,11.1,0,1.193,1.51,0,5.96
3/29/2026,13:00, ,gtmpiwq_20H100465_032726_050000.bin,Pine Island,GTMNERR,0,49.077,0,32.13,0,2.941,0,89.4,0,6.76,0,49.13,16.33,7.62,0,-73.9,5.83,19.691,0,10.89,0,1.201,1.27,0,5
3/29/2026,13:15, ,gtmpiwq_20H100465_032726_050000.bin,Pine Island,GTMNERR,0,48.963,0,32.05,0,2.881,0,89.4,0,6.76,0,49.61,16.5,7.61,0,-73.6,5.83,19.73,0,10.74,0,1.203,1.7,0,6.73
3/29/2026,13:30, ,gtmpiwq_20H100465_032726_050000.bin,Pine Island,GTMNERR,0,48.827,0,31.95,0,2.836,0,88.8,0,6.72,0,47.35,15.74,7.6,0,-72.9,5.83,19.752,0,12.6,0,1.206,1.73,0,6.85
3/29/2026,13:45, ,gtmpiwq_20H100465_032726_050000.bin,Pine Island,GTMNERR,0,48.767,0,31.9,0,2.811,0,88.6,0,6.7,0,50.53,16.8,7.6,0,-72.8,5.82,19.772,0,10.86,0,1.204,2.03,0,8.07
3/29/2026,14:00, ,gtmpiwq_20H100465_032726_050000.bin,Pine Island,GTMNERR,0,48.707,0,31.86,0,2.814,0,86.2,0,6.52,0,49.02,16.3,7.58,0,-71.8,5.82,19.796,0,6.05,0,1.204,1.59,0,6.27
3/29/2026,14:15, ,gtmpiwq_20H100465_032726_050000.bin,Pine Island,GTMNERR,0,48.686,0,31.84,0,2.85,0,79.2,0,5.99,0,51.3,17.06,7.55,0,-69.8,5.83,19.825,0,5.05,0,1.207,1.5,0,5.94
3/29/2026,14:30, ,gtmpiwq_20H100465_032726_050000.bin,Pine Island,GTMNERR,0,48.887,0,31.99,0,2.906,0,86.1,0,6.51,0,51.19,17.02,7.58,0,-71.5,5.82,19.805,0,7.77,0,1.202,2.02,0,8.06
3/29/2026,14:45, ,gtmpiwq_20H100465_032726_050000.bin,Pine Island,GTMNERR,0,49.188,0,32.21,0,2.969,0,88.8,0,6.7,0,48.48,16.12,7.6,0,-73.1,5.83,19.836,0,10.89,0,1.201,2.25,0,8.97
3/29/2026,15:00, ,gtmpiwq_20H100465_032726_050000.bin,Pine Island,GTMNERR,0,49.263,0,32.27,0,3.039,0,89.8,0,6.77,0,47.53,15.8,7.61,0,-73.7,5.82,19.85,0,10.81,0,1.196,2.01,0,7.98
3/29/2026,15:15, ,gtmpiwq_20H100465_032726_050000.bin,Pine Island,GTMNERR,0,49.217,0,32.23,0,3.111,0,90.1,0,6.79,0,47.78,15.89,7.61,0,-73.8,5.82,19.892,0,11.65,0,1.192,2.02,0,8.05
3/29/2026,15:30, ,gtmpiwq_20H100465_032726_050000.bin,Pine Island,GTMNERR,0,49.405,0,32.37,0,3.18,0,91,0,6.85,0,47.69,15.86,7.62,0,-74.3,5.83,19.919,0,9.9,0,1.194,2.08,0,8.29
3/29/2026,15:45, ,gtmpiwq_20H100465_032726_050000.bin,Pine Island,GTMNERR,0,49.66,0,32.56,0,3.247,0,91,0,6.84,0,45.91,15.26,7.62,0,-74.4,5.82,19.947,0,12.97,0,1.204,2.17,0,8.63
3/29/2026,16:00, ,gtmpiwq_20H100465_032726_050000.bin,Pine Island,GTMNERR,0,49.722,0,32.6,0,3.318,0,90.6,0,6.81,0,43.74,14.54,7.63,0,-74.9,5.82,19.894,0,14.8,0,1.208,2.16,0,8.62
3/29/2026,16:15, ,gtmpiwq_20H100465_032726_050000.bin,Pine Island,GTMNERR,0,49.92,0,32.75,0,3.382,0,90.8,0,6.82,0,43.72,14.53,7.62,0,-74.3,5.8,19.92,0,11.24,0,1.208,1.99,0,7.94
3/29/2026,16:30, ,gtmpiwq_20H100465_032726_050000.bin,Pine Island,GTMNERR,0,49.929,0,32.75,0,3.454,0,90.5,0,6.8,0,43.44,14.44,7.63,0,-74.5,5.82,19.879,0,12.15,0,1.204,2.03,0,8.06
3/29/2026,16:45, ,gtmpiwq_20H100465_032726_050000.bin,Pine Island,GTMNERR,0,50.014,0,32.82,0,3.524,0,91.3,0,6.86,0,43.24,14.37,7.64,0,-75.1,5.82,19.879,0,10.26,0,1.203,2.14,0,8.52
3/29/2026,17:00, ,gtmpiwq_20H100465_032726_050000.bin,Pine Island,GTMNERR,0,50.178,0,32.94,0,3.589,0,90.6,0,6.8,0,41.1,13.66,7.64,0,-75.2,5.82,19.891,0,10.8,0,1.203,1.94,0,7.72
3/29/2026,17:15, ,gtmpiwq_20H100465_032726_050000.bin,Pine Island,GTMNERR,0,50.297,0,33.02,0,3.648,0,90.6,0,6.79,0,40.05,13.31,7.64,0,-75.5,5.82,19.902,0,11.47,0,1.205,1.91,0,7.59
3/29/2026,17:30, ,gtmpiwq_20H100465_032726_050000.bin,Pine Island,GTMNERR,0,50.379,0,33.08,0,3.702,0,90.8,0,6.81,0,39.01,12.96,7.65,0,-76,5.82,19.88,0,10.91,0,1.207,2.08,0,8.3
3/29/2026,17:45, ,gtmpiwq_20H100465_032726_050000.bin,Pine Island,GTMNERR,0,50.471,0,33.15,0,3.753,0,91.2,0,6.83,0,38.16,12.68,7.66,0,-76.6,5.82,19.883,0,11.25,0,1.202,1.81,0,7.18
3/29/2026,18:00, ,gtmpiwq_20H100465_032726_050000.bin,Pine Island,GTMNERR,0,50.561,0,33.22,0,3.799,0,90.9,0,6.81,0,36.97,12.28,7.67,0,-77,5.82,19.861,0,7.89,0,1.2,1.95,0,7.77
3/29/2026,18:15, ,gtmpiwq_20H100465_032726_050000.bin,Pine Island,GTMNERR,0,50.698,0,33.32,0,3.844,0,91.7,0,6.87,0,35.54,11.8,7.68,0,-77.6,5.82,19.87,0,8.65,0,1.196,1.93,0,7.66
3/29/2026,18:30, ,gtmpiwq_20H100465_032726_050000.bin,Pine Island,GTMNERR,0,50.756,0,33.36,0,3.883,0,90.9,0,6.81,0,35.17,11.68,7.68,0,-77.7,5.81,19.79,0,6.95,0,1.201,1.77,0,7.01
3/29/2026,18:45, ,gtmpiwq_20H100465_032726_050000.bin,Pine Island,GTMNERR,0,50.802,0,33.4,0,3.917,0,90.1,0,6.76,0,35.41,11.76,7.68,0,-77.5,5.82,19.734,0,7.38,0,1.206,1.87,0,7.42
3/29/2026,19:00, ,gtmpiwq_20H100465_032726_050000.bin,Pine Island,GTMNERR,0,50.798,0,33.39,0,3.941,0,89.9,0,6.75,0,33.5,11.12,7.67,0,-77.3,5.82,19.714,0,8.94,0,1.202,1.9,0,7.55
3/29/2026,19:15, ,gtmpiwq_20H100465_032726_050000.bin,Pine Island,GTMNERR,0,50.854,0,33.43,0,3.961,0,88.4,0,6.63,0,34,11.29,7.67,0,-77.1,5.82,19.692,0,10.57,0,1.2,1.62,0,6.42
3/29/2026,19:30, ,gtmpiwq_20H100465_032726_050000.bin,Pine Island,GTMNERR,0,50.897,0,33.47,0,3.973,0,88.3,0,6.63,0,33.26,11.04,7.68,0,-77.4,5.82,19.687,0,5.97,0,1.195,1.83,0,7.26
3/29/2026,19:45, ,gtmpiwq_20H100465_032726_050000.bin,Pine Island,GTMNERR,0,50.95,0,33.51,0,3.977,0,85.8,0,6.44,0,32.92,10.93,7.66,0,-76.7,5.81,19.676,0,5.78,0,1.194,1.7,0,6.76
3/29/2026,20:00, ,gtmpiwq_20H100465_032726_050000.bin,Pine Island,GTMNERR,0,50.948,0,33.5,0,3.972,0,83.3,0,6.25,0,33.3,11.06,7.63,0,-75,5.82,19.671,0,4.98,0,1.204,1.41,0,5.55
3/29/2026,20:15, ,gtmpiwq_20H100465_032726_050000.bin,Pine Island,GTMNERR,0,50.944,0,33.5,0,3.951,0,71.2,0,5.34,0,30.67,10.18,7.61,0,-73.5,5.82,19.68,0,4.38,0,1.212,1.29,0,5.06
3/29/2026,20:30, ,gtmpiwq_20H100465_032726_050000.bin,Pine Island,GTMNERR,0,50.874,0,33.45,0,3.917,0,76.6,0,5.75,0,29.56,9.81,7.69,0,-78.4,5.81,19.68,0,3.7,0,1.209,1.21,0,4.76
3/29/2026,20:45, ,gtmpiwq_20H100465_032726_050000.bin,Pine Island,GTMNERR,0,50.842,0,33.43,0,3.871,0,85.8,0,6.44,0,31.54,10.47,7.69,0,-78.5,5.82,19.688,0,4.44,0,1.195,1.44,0,5.67
3/29/2026,21:00, ,gtmpiwq_20H100465_032726_050000.bin,Pine Island,GTMNERR,0,50.675,0,33.3,0,3.818,0,90.5,0,6.8,0,33.97,11.28,7.69,0,-78.1,5.81,19.695,0,7.53,0,1.195,1.76,0,6.99
3/29/2026,21:15, ,gtmpiwq_20H100465_032726_050000.bin,Pine Island,GTMNERR,0,50.568,0,33.22,0,3.765,0,91.2,0,6.85,0,36.17,12.01,7.68,0,-77.5,5.81,19.745,0,7.57,0,1.204,1.72,0,6.81
3/29/2026,21:30, ,gtmpiwq_20H100465_032726_050000.bin,Pine Island,GTMNERR,0,50.398,0,33.1,0,3.708,0,91.9,0,6.89,0,38.76,12.88,7.67,0,-77,5.82,19.833,0,6.79,0,1.202,1.51,0,5.96
3/29/2026,21:45, ,gtmpiwq_20H100465_032726_050000.bin,Pine Island,GTMNERR,0,50.258,0,33,0,3.646,0,92,0,6.9,0,40.71,13.53,7.66,0,-76.6,5.81,19.891,0,7.25,0,1.202,1.5,0,5.94
3/29/2026,22:00, ,gtmpiwq_20H100465_032726_050000.bin,Pine Island,GTMNERR,0,50.246,0,32.99,0,3.571,0,91.8,0,6.88,0,41.8,13.89,7.66,0,-76.4,5.82,19.897,0,6.8,0,1.203,1.39,0,5.5
3/29/2026,22:15, ,gtmpiwq_20H100465_032726_050000.bin,Pine Island,GTMNERR,0,50.181,0,32.94,0,3.499,0,91.6,0,6.87,0,41.56,13.81,7.65,0,-75.9,5.8,19.897,0,8.08,0,1.201,1.48,0,5.85
3/29/2026,22:30, ,gtmpiwq_20H100465_032726_050000.bin,Pine Island,GTMNERR,0,50.019,0,32.82,0,3.424,0,91.5,0,6.87,0,42.93,14.27,7.64,0,-75.5,5.81,19.934,0,11.5,0,1.2,1.45,0,5.71
3/29/2026,22:45, ,gtmpiwq_20H100465_032726_050000.bin,Pine Island,GTMNERR,0,49.919,0,32.75,0,3.346,0,91.9,0,6.89,0,43.26,14.38,7.64,0,-75.4,5.82,19.961,0,13.31,0,1.197,1.85,0,7.35
3/29/2026,23:00, ,gtmpiwq_20H100465_032726_050000.bin,Pine Island,GTMNERR,0,49.807,0,32.66,0,3.27,0,91.9,0,6.89,0,44.17,14.68,7.64,0,-75.1,5.81,19.979,0,12.06,0,1.195,1.66,0,6.57
3/29/2026,23:15, ,gtmpiwq_20H100465_032726_050000.bin,Pine Island,GTMNERR,0,49.721,0,32.6,0,3.194,0,91.4,0,6.86,0,45.62,15.16,7.62,0,-74.4,5.81,19.961,0,10.31,0,1.195,1.48,0,5.86
3/29/2026,23:30, ,gtmpiwq_20H100465_032726_050000.bin,Pine Island,GTMNERR,0,49.607,0,32.52,0,3.111,0,90.6,0,6.8,0,46.06,15.31,7.62,0,-74.2,5.8,19.952,0,10.04,0,1.196,1.51,0,5.95
3/29/2026,23:45, ,gtmpiwq_20H100465_032726_050000.bin,Pine Island,GTMNERR,0,49.454,0,32.41,0,3.03,0,90.7,0,6.82,0,47.37,15.75,7.61,0,-73.8,5.81,19.948,0,9.92,0,1.202,1.44,0,5.69
3/30/2026,00:00, ,gtmpiwq_20H100465_032726_050000.bin,Pine Island,GTMNERR,0,49.249,0,32.26,0,2.947,0,90,0,6.77,0,48.72,16.2,7.61,0,-73.3,5.81,19.961,0,11.35,0,1.208,1.68,0,6.66
3/30/2026,00:15, ,gtmpiwq_20H100465_032726_050000.bin,Pine Island,GTMNERR,0,49.083,0,32.13,0,2.862,0,89,0,6.7,0,49.12,16.33,7.59,0,-72.6,5.8,19.961,0,13.65,0,1.201,1.83,0,7.26
3/30/2026,00:30, ,gtmpiwq_20H100465_032726_050000.bin,Pine Island,GTMNERR,0,49,0,32.07,0,2.771,0,89.2,0,6.72,0,50.43,16.77,7.59,0,-72.4,5.8,19.956,0,10.93,0,1.195,2.1,0,8.37
3/30/2026,00:45, ,gtmpiwq_20H100465_032726_050000.bin,Pine Island,GTMNERR,0,48.897,0,32,0,2.697,0,88.6,0,6.68,0,51.73,17.2,7.58,0,-72,5.79,19.953,0,10.62,0,1.201,1.47,0,5.82
3/30/2026,01:00, ,gtmpiwq_20H100465_032726_050000.bin,Pine Island,GTMNERR,0,48.82,0,31.94,0,2.632,0,87.4,0,6.59,0,52.33,17.4,7.57,0,-71.5,5.8,19.935,0,11.49,0,1.202,1.57,0,6.21
3/30/2026,01:15, ,gtmpiwq_20H100465_032726_050000.bin,Pine Island,GTMNERR,0,48.734,0,31.88,0,2.577,0,86.6,0,6.53,0,52.67,17.52,7.56,0,-70.8,5.8,19.913,0,9.49,0,1.201,1.62,0,6.4
3/30/2026,01:30, ,gtmpiwq_20H100465_032726_050000.bin,Pine Island,GTMNERR,0,48.694,0,31.85,0,2.544,0,85.4,0,6.44,0,53.46,17.78,7.56,0,-70.4,5.8,19.896,0,7.09,0,1.2,1.65,0,6.55
3/30/2026,01:45, ,gtmpiwq_20H100465_032726_050000.bin,Pine Island,GTMNERR,0,48.664,0,31.83,0,2.542,0,84.5,0,6.38,0,53.61,17.83,7.55,0,-69.7,5.8,19.887,0,6.74,0,1.201,1.54,0,6.11
3/30/2026,02:00, ,gtmpiwq_20H100465_032726_050000.bin,Pine Island,GTMNERR,0,48.65,0,31.82,0,2.563,0,78.9,0,5.96,0,53.8,17.9,7.51,0,-67.8,5.79,19.884,0,6.98,0,1.2,1.47,0,5.82
3/30/2026,02:15, ,gtmpiwq_20H100465_032726_050000.bin,Pine Island,GTMNERR,0,48.708,0,31.86,0,2.618,0,80.5,0,6.08,0,55.12,18.33,7.53,0,-68.6,5.8,19.858,0,7.27,0,1.201,1.71,0,6.77
3/30/2026,02:30, ,gtmpiwq_20H100465_032726_050000.bin,Pine Island,GTMNERR,0,49.016,0,32.09,0,2.696,0,83.8,0,6.33,0,53.88,17.92,7.55,0,-70,5.8,19.833,0,8.53,0,1.201,1.65,0,6.53
3/30/2026,02:45, ,gtmpiwq_20H100465_032726_050000.bin,Pine Island,GTMNERR,0,48.957,0,32.04,0,2.774,0,84.1,0,6.35,0,52.63,17.5,7.55,0,-69.9,5.8,19.826,0,12.14,0,1.202,1.81,0,7.19
3/30/2026,03:00, ,gtmpiwq_20H100465_032726_050000.bin,Pine Island,GTMNERR,0,49.084,0,32.14,0,2.852,0,85.1,0,6.42,0,51.16,17.01,7.56,0,-70.6,5.8,19.824,0,13.4,0,1.203,1.88,0,7.47
3/30/2026,03:15, ,gtmpiwq_20H100465_032726_050000.bin,Pine Island,GTMNERR,0,49.232,0,32.24,0,2.931,0,85,0,6.42,0,50.74,16.87,7.56,0,-70.7,5.79,19.818,0,10.09,0,1.203,1.65,0,6.52
3/30/2026,03:30, ,gtmpiwq_20H100465_032726_050000.bin,Pine Island,GTMNERR,0,49.361,0,32.34,0,3.006,0,86.1,0,6.49,0,48.64,16.17,7.58,0,-71.7,5.79,19.828,0,13.02,0,1.206,2.43,0,9.7
3/30/2026,03:45, ,gtmpiwq_20H100465_032726_050000.bin,Pine Island,GTMNERR,0,49.592,0,32.51,0,3.083,0,85.9,0,6.47,0,46.7,15.52,7.59,0,-72.1,5.8,19.81,0,16.67,0,1.207,1.95,0,7.74
3/30/2026,04:00, ,gtmpiwq_20H100465_032726_050000.bin,Pine Island,GTMNERR,0,49.697,0,32.58,0,3.16,0,85.7,0,6.45,0,47.34,15.74,7.58,0,-72,5.8,19.772,0,12.55,0,1.21,1.66,0,6.59
3/30/2026,04:15, ,gtmpiwq_20H100465_032726_050000.bin,Pine Island,GTMNERR,0,49.888,0,32.72,0,3.237,0,84.7,0,6.38,0,46.31,15.39,7.58,0,-72,5.8,19.742,0,10.91,0,1.212,1.78,0,7.07
3/30/2026,04:30, ,gtmpiwq_20H100465_032726_050000.bin,Pine Island,GTMNERR,0,49.93,0,32.76,0,3.314,0,84.9,0,6.39,0,45.43,15.1,7.59,0,-72.2,5.79,19.751,0,15.22,0,1.211,1.82,0,7.25
3/30/2026,04:45, ,gtmpiwq_20H100465_032726_050000.bin,Pine Island,GTMNERR,0,50.028,0,32.83,0,3.389,0,85.5,0,6.43,0,44.34,14.74,7.6,0,-72.8,5.79,19.748,0,13.47,0,1.204,1.7,0,6.76
3/30/2026,05:00, ,gtmpiwq_20H100465_032726_050000.bin,Pine Island,GTMNERR,0,50.085,0,32.87,0,3.462,0,85.8,0,6.46,0,42.93,14.27,7.6,0,-73.1,5.8,19.743,0,15.55,0,1.198,1.84,0,7.33
3/30/2026,05:15, ,gtmpiwq_20H100465_032726_050000.bin,Pine Island,GTMNERR,0,50.191,0,32.95,0,3.53,0,85.5,0,6.44,0,42.15,14.01,7.61,0,-73.4,5.79,19.724,0,14.12,0,1.193,1.75,0,6.95
3/30/2026,05:30, ,gtmpiwq_20H100465_032726_050000.bin,Pine Island,GTMNERR,0,50.289,0,33.02,0,3.595,0,85.4,0,6.43,0,40.75,13.54,7.61,0,-73.7,5.79,19.695,0,13.08,0,1.192,1.72,0,6.82
3/30/2026,05:45, ,gtmpiwq_20H100465_032726_050000.bin,Pine Island,GTMNERR,0,50.366,0,33.08,0,3.658,0,85.9,0,6.47,0,39.84,13.24,7.62,0,-74,5.79,19.657,0,14.38,0,1.197,1.84,0,7.29
3/30/2026,06:00, ,gtmpiwq_20H100465_032726_050000.bin,Pine Island,GTMNERR,0,50.487,0,33.17,0,3.719,0,85.5,0,6.43,0,39.65,13.17,7.63,0,-74.6,5.79,19.617,0,9.15,0,1.21,1.51,0,5.98
3/30/2026,06:15, ,gtmpiwq_20H100465_032726_050000.bin,Pine Island,GTMNERR,0,50.628,0,33.27,0,3.775,0,85.4,0,6.43,0,38.4,12.76,7.64,0,-75.1,5.8,19.569,0,9.2,0,1.204,1.55,0,6.13
3/30/2026,06:30, ,gtmpiwq_20H100465_032726_050000.bin,Pine Island,GTMNERR,0,50.681,0,33.31,0,3.825,0,85.2,0,6.42,0,37.31,12.39,7.64,0,-75.1,5.79,19.559,0,10.53,0,1.2,1.65,0,6.53
3/30/2026,06:45, ,gtmpiwq_20H100465_032726_050000.bin,Pine Island,GTMNERR,0,50.709,0,33.33,0,3.87,0,84.8,0,6.39,0,37.08,12.32,7.64,0,-75.3,5.79,19.53,0,9.39,0,1.199,1.61,0,6.38
3/30/2026,07:00, ,gtmpiwq_20H100465_032726_050000.bin,Pine Island,GTMNERR,0,50.836,0,33.42,0,3.91,0,84.7,0,6.38,0,35.69,11.85,7.65,0,-75.9,5.8,19.482,0,11.43,0,1.193,1.64,0,6.5
3/30/2026,07:15, ,gtmpiwq_20H100465_032726_050000.bin,Pine Island,GTMNERR,0,50.938,0,33.5,0,3.941,0,85.5,0,6.45,0,34.4,11.42,7.66,0,-76.6,5.79,19.436,0,10.26,0,1.196,1.56,0,6.15
3/30/2026,07:30, ,gtmpiwq_20H100465_032726_050000.bin,Pine Island,GTMNERR,0,51.005,0,33.55,0,3.968,0,84.9,0,6.41,0,33.56,11.14,7.66,0,-76.7,5.79,19.402,0,10.72,0,1.208,1.55,0,6.14
3/30/2026,07:45, ,gtmpiwq_20H100465_032726_050000.bin,Pine Island,GTMNERR,0,51.04,0,33.57,0,3.986,0,84.6,0,6.38,0,32.93,10.93,7.67,0,-76.9,5.8,19.382,0,8.59,0,1.204,1.46,0,5.75
3/30/2026,08:00, ,gtmpiwq_20H100465_032726_050000.bin,Pine Island,GTMNERR,0,51.085,0,33.61,0,3.995,0,83.9,0,6.33,0,32.38,10.75,7.67,0,-76.8,5.79,19.366,0,6.28,0,1.199,1.34,0,5.28
3/30/2026,08:15, ,gtmpiwq_20H100465_032726_050000.bin,Pine Island,GTMNERR,0,51.11,0,33.62,0,3.992,0,81.4,0,6.14,0,31.28,10.38,7.66,0,-76.6,5.79,19.355,0,4.76,0,1.198,1.15,0,4.51
3/30/2026,08:30, ,gtmpiwq_20H100465_032726_050000.bin,Pine Island,GTMNERR,0,51.126,0,33.64,0,3.972,0,79.8,0,6.02,0,30.15,10,7.67,0,-77,5.8,19.351,0,4.77,0,1.194,1.24,0,4.85
3/30/2026,08:45, ,gtmpiwq_20H100465_032726_050000.bin,Pine Island,GTMNERR,0,51.119,0,33.63,0,3.938,0,82.7,0,6.24,0,30.65,10.17,7.67,0,-77.2,5.79,19.346,0,5.4,0,1.195,1.33,0,5.23
3/30/2026,09:00, ,gtmpiwq_20H100465_032726_050000.bin,Pine Island,GTMNERR,0,51.065,0,33.59,0,3.894,0,84.9,0,6.41,0,30.26,10.04,7.68,0,-77.5,5.79,19.385,0,5.13,0,1.203,1.35,0,5.31
3/30/2026,09:15, ,gtmpiwq_20H100465_032726_050000.bin,Pine Island,GTMNERR,0,50.992,0,33.54,0,3.847,0,86.6,0,6.53,0,31.42,10.43,7.67,0,-77.3,5.79,19.441,0,7.4,0,1.211,1.37,0,5.38
3/30/2026,09:30, ,gtmpiwq_20H100465_032726_050000.bin,Pine Island,GTMNERR,0,50.816,0,33.41,0,3.793,0,86.4,0,6.51,0,34.6,11.49,7.65,0,-76.2,5.79,19.515,0,8.02,0,1.204,1.34,0,5.26
3/30/2026,09:45, ,gtmpiwq_20H100465_032726_050000.bin,Pine Island,GTMNERR,0,50.532,0,33.2,0,3.738,0,86.5,0,6.51,0,37.76,12.54,7.63,0,-75,5.79,19.614,0,9.36,0,1.198,1.32,0,5.18
3/30/2026,10:00, ,gtmpiwq_20H100465_032726_050000.bin,Pine Island,GTMNERR,0,50.373,0,33.08,0,3.674,0,86.7,0,6.52,0,39.99,13.28,7.63,0,-74.6,5.79,19.721,0,8.16,0,1.194,1.25,0,4.93
3/30/2026,10:15, ,gtmpiwq_20H100465_032726_050000.bin,Pine Island,GTMNERR,0,50.3,0,33.03,0,3.611,0,86.3,0,6.49,0,40.99,13.62,7.62,0,-74.2,5.78,19.714,0,7.99,0,1.192,1.25,0,4.92
3/30/2026,10:30, ,gtmpiwq_20H100465_032726_050000.bin,Pine Island,GTMNERR,0,50.234,0,32.98,0,3.541,0,86.4,0,6.5,0,41.59,13.82,7.62,0,-74,5.79,19.738,0,8.63,0,1.204,1.24,0,4.86
3/30/2026,10:45, ,gtmpiwq_20H100465_032726_050000.bin,Pine Island,GTMNERR,0,50.115,0,32.89,0,3.465,0,86.6,0,6.51,0,42.06,13.98,7.61,0,-73.6,5.78,19.793,0,11.75,0,1.211,1.42,0,5.59
3/30/2026,11:00, ,gtmpiwq_20H100465_032726_050000.bin,Pine Island,GTMNERR,0,50.024,0,32.82,0,3.389,0,86.2,0,6.47,0,42.49,14.12,7.6,0,-73.1,5.78,19.831,0,13.29,0,1.206,1.43,0,5.63
3/30/2026,11:15, ,gtmpiwq_20H100465_032726_050000.bin,Pine Island,GTMNERR,0,49.939,0,32.76,0,3.303,0,86.5,0,6.49,0,42.74,14.2,7.59,0,-72.6,5.79,19.922,0,14.62,0,1.2,1.51,0,5.98
3/30/2026,11:30, ,gtmpiwq_20H100465_032726_050000.bin,Pine Island,GTMNERR,0,49.885,0,32.72,0,3.222,0,86.5,0,6.49,0,43.27,14.38,7.59,0,-72.4,5.78,19.966,0,15.02,0,1.195,1.5,0,5.91
3/30/2026,11:45, ,gtmpiwq_20H100465_032726_050000.bin,Pine Island,GTMNERR,0,49.841,0,32.69,0,3.139,0,86.7,0,6.5,0,44.25,14.71,7.59,0,-72.3,5.79,20.022,0,13.31,0,1.194,1.53,0,6.03
3/30/2026,12:00, ,gtmpiwq_20H100465_032726_050000.bin,Pine Island,GTMNERR,0,49.734,0,32.61,0,3.049,0,87,0,6.52,0,45.69,15.19,7.58,0,-72,5.78,20.107,0,11.25,0,1.201,1.5,0,5.95
3/30/2026,12:15, ,gtmpiwq_20H100465_032726_050000.bin,Pine Island,GTMNERR,0,49.53,0,32.46,0,2.963,0,87.3,0,6.53,0,47.47,15.78,7.58,0,-71.6,5.78,20.178,0,11.29,0,1.204,1.55,0,6.13
3/30/2026,12:30, ,gtmpiwq_20H100465_032726_050000.bin,Pine Island,GTMNERR,0,49.364,0,32.34,0,2.865,0,87.4,0,6.54,0,48.34,16.07,7.57,0,-71.1,5.79,20.259,0,10.74,0,1.205,1.6,0,6.32
3/30/2026,12:45, ,gtmpiwq_20H100465_032726_050000.bin,Pine Island,GTMNERR,0,49.288,0,32.28,0,2.763,0,88.2,0,6.58,0,48.87,16.25,7.57,0,-71.1,5.77,20.404,0,10.87,0,1.207,1.54,0,6.1
3/30/2026,13:00, ,gtmpiwq_20H100465_032726_050000.bin,Pine Island,GTMNERR,0,49.142,0,32.17,0,2.677,0,88.4,0,6.59,0,49.98,16.62,7.56,0,-70.8,5.78,20.467,0,10.97,0,1.201,1.54,0,6.09
3/30/2026,13:15, ,gtmpiwq_20H100465_032726_050000.bin,Pine Island,GTMNERR,0,49.048,0,32.11,0,2.593,0,88.6,0,6.6,0,50.73,16.87,7.56,0,-70.5,5.77,20.555,0,9.74,0,1.197,1.67,0,6.62
3/30/2026,13:30, ,gtmpiwq_20H100465_032726_050000.bin,Pine Island,GTMNERR,0,48.972,0,32.05,0,2.518,0,89,0,6.61,0,51.05,16.98,7.55,0,-70.3,5.77,20.691,0,10.09,0,1.2,1.73,0,6.86
3/30/2026,13:45, ,gtmpiwq_20H100465_032726_050000.bin,Pine Island,GTMNERR,0,48.803,0,31.92,0,2.472,0,88.4,0,6.57,0,49.96,16.61,7.55,0,-69.9,5.76,20.771,0,10.4,0,1.198,1.57,0,6.22
3/30/2026,14:00, ,gtmpiwq_20H100465_032726_050000.bin,Pine Island,GTMNERR,0,48.906,0,32,0,2.447,0,89.2,0,6.61,0,50.85,16.91,7.55,0,-70,5.75,20.875,0,7.83,0,1.195,1.79,0,7.11
3/30/2026,14:15, ,gtmpiwq_20H100465_032726_050000.bin,Pine Island,GTMNERR,0,48.896,0,31.99,0,2.459,0,84.8,0,6.27,0,51.65,17.18,7.52,0,-68.4,5.76,20.942,0,5.86,0,1.192,1.31,0,5.15
3/30/2026,14:30, ,gtmpiwq_20H100465_032726_050000.bin,Pine Island,GTMNERR,0,48.921,0,32.01,0,2.506,0,77.3,0,5.72,0,51.62,17.17,7.48,0,-65.7,5.75,21.012,0,5.42,0,1.195,1.59,0,6.29
3/30/2026,14:45, ,gtmpiwq_20H100465_032726_050000.bin,Pine Island,GTMNERR,0,48.967,0,32.04,0,2.572,0,87.9,0,6.51,0,52.08,17.32,7.53,0,-69.1,5.75,20.908,0,8.73,0,1.208,1.83,0,7.27
3/30/2026,15:00, ,gtmpiwq_20H100465_032726_050000.bin,Pine Island,GTMNERR,0,49.174,0,32.19,0,2.654,0,89.5,0,6.61,0,49.78,16.55,7.56,0,-70.5,5.76,21.017,0,10.09,0,1.205,1.93,0,7.68
3/30/2026,15:15, ,gtmpiwq_20H100465_032726_050000.bin,Pine Island,GTMNERR,0,49.225,0,32.23,0,2.735,0,90.7,0,6.7,0,50.23,16.7,7.56,0,-70.9,5.76,20.943,0,8.41,0,1.205,1.8,0,7.14
3/30/2026,15:30, ,gtmpiwq_20H100465_032726_050000.bin,Pine Island,GTMNERR,0,49.239,0,32.24,0,2.816,0,90.1,0,6.66,0,48.8,16.22,7.56,0,-71,5.76,20.911,0,10.11,0,1.203,2.12,0,8.46
3/30/2026,15:45, ,gtmpiwq_20H100465_032726_050000.bin,Pine Island,GTMNERR,0,49.451,0,32.4,0,2.895,0,90.3,0,6.66,0,47.45,15.77,7.57,0,-71.4,5.75,20.985,0,10.36,0,1.2,2.14,0,8.53
3/30/2026,16:00, ,gtmpiwq_20H100465_032726_050000.bin,Pine Island,GTMNERR,0,49.553,0,32.47,0,2.967,0,90.6,0,6.69,0,46.21,15.36,7.58,0,-71.9,5.76,20.912,0,10.28,0,1.199,2.17,0,8.65
3/30/2026,16:15, ,gtmpiwq_20H100465_032726_050000.bin,Pine Island,GTMNERR,0,49.717,0,32.59,0,3.046,0,91.5,0,6.74,0,46.2,15.36,7.59,0,-72.7,5.76,21.015,0,10.77,0,1.198,2,0,7.96
3/30/2026,16:30, ,gtmpiwq_20H100465_032726_050000.bin,Pine Island,GTMNERR,0,49.757,0,32.62,0,3.121,0,90.7,0,6.68,0,45.75,15.21,7.59,0,-72.3,5.75,20.948,0,10.23,0,1.199,3.06,0,12.27
3/30/2026,16:45, ,gtmpiwq_20H100465_032726_050000.bin,Pine Island,GTMNERR,0,49.843,0,32.69,0,3.195,0,90.4,0,6.67,0,45.4,15.09,7.59,0,-72.5,5.76,20.863,0,9.2,0,1.199,2,0,7.98
3/30/2026,17:00, ,gtmpiwq_20H100465_032726_050000.bin,Pine Island,GTMNERR,0,49.901,0,32.73,0,3.265,0,89.7,0,6.63,0,44.34,14.74,7.59,0,-72.4,5.75,20.807,0,9.71,0,1.201,2.12,0,8.46
3/30/2026,17:15, ,gtmpiwq_20H100465_032726_050000.bin,Pine Island,GTMNERR,0,50.05,0,32.84,0,3.336,0,91.2,0,6.71,0,43.75,14.54,7.6,0,-73.2,5.75,20.988,0,10.85,0,1.203,2.23,0,8.89
3/30/2026,17:30, ,gtmpiwq_20H100465_032726_050000.bin,Pine Island,GTMNERR,0,50.152,0,32.91,0,3.402,0,91,0,6.68,0,42.22,14.03,7.6,0,-73.2,5.76,21.049,0,11.79,0,1.206,2.07,0,8.24
3/30/2026,17:45, ,gtmpiwq_20H100465_032726_050000.bin,Pine Island,GTMNERR,0,50.245,0,32.98,0,3.466,0,91.8,0,6.75,0,42.12,14,7.61,0,-73.9,5.75,21.018,0,9.51,0,1.207,2.22,0,8.86
3/30/2026,18:00, ,gtmpiwq_20H100465_032726_050000.bin,Pine Island,GTMNERR,0,50.255,0,32.99,0,3.53,0,90.7,0,6.68,0,41.03,13.63,7.61,0,-73.8,5.76,20.928,0,11.32,0,1.206,2.15,0,8.56
3/30/2026,18:15, ,gtmpiwq_20H100465_032726_050000.bin,Pine Island,GTMNERR,0,50.327,0,33.04,0,3.596,0,91.3,0,6.72,0,40.69,13.52,7.62,0,-74.6,5.75,20.869,0,10.65,0,1.208,2.25,0,8.97
3/30/2026,18:30, ,gtmpiwq_20H100465_032726_050000.bin,Pine Island,GTMNERR,0,50.456,0,33.14,0,3.653,0,91.3,0,6.71,0,38.79,12.89,7.63,0,-75.1,5.75,20.893,0,9.68,0,1.206,2.07,0,8.26
3/30/2026,18:45, ,gtmpiwq_20H100465_032726_050000.bin,Pine Island,GTMNERR,0,50.627,0,33.26,0,3.71,0,92.5,0,6.81,0,37.82,12.56,7.65,0,-76.2,5.76,20.87,0,7.45,0,1.205,2.11,0,8.41
3/30/2026,19:00, ,gtmpiwq_20H100465_032726_050000.bin,Pine Island,GTMNERR,0,50.625,0,33.26,0,3.761,0,91,0,6.71,0,37.43,12.43,7.65,0,-75.9,5.75,20.723,0,8.35,0,1.205,2.13,0,8.48
3/30/2026,19:15, ,gtmpiwq_20H100465_032726_050000.bin,Pine Island,GTMNERR,0,50.633,0,33.27,0,3.803,0,90.2,0,6.66,0,37.58,12.48,7.64,0,-75.7,5.76,20.63,0,9.79,0,1.21,2.11,0,8.39
3/30/2026,19:30, ,gtmpiwq_20H100465_032726_050000.bin,Pine Island,GTMNERR,0,50.705,0,33.32,0,3.842,0,89.5,0,6.61,0,36.5,12.12,7.64,0,-75.7,5.75,20.615,0,10.36,0,1.211,2.35,0,9.39
3/30/2026,19:45, ,gtmpiwq_20H100465_032726_050000.bin,Pine Island,GTMNERR,0,50.764,0,33.36,0,3.875,0,87.6,0,6.47,0,35.79,11.89,7.64,0,-75.4,5.76,20.611,0,10.63,0,1.201,2.04,0,8.14
3/30/2026,20:00, ,gtmpiwq_20H100465_032726_050000.bin,Pine Island,GTMNERR,0,50.833,0,33.41,0,3.899,0,88.3,0,6.52,0,35.32,11.73,7.65,0,-75.9,5.76,20.574,0,6.15,0,1.195,1.91,0,7.59
3/30/2026,20:15, ,gtmpiwq_20H100465_032726_050000.bin,Pine Island,GTMNERR,0,50.898,0,33.46,0,3.916,0,87.4,0,6.46,0,34.26,11.38,7.65,0,-76,5.76,20.536,0,6.44,0,1.192,1.71,0,6.8
3/30/2026,20:30, ,gtmpiwq_20H100465_032726_050000.bin,Pine Island,GTMNERR,0,50.953,0,33.5,0,3.924,0,85.5,0,6.32,0,33.95,11.27,7.64,0,-75.4,5.77,20.519,0,6.42,0,1.201,1.91,0,7.57
3/30/2026,20:45, ,gtmpiwq_20H100465_032726_050000.bin,Pine Island,GTMNERR,0,50.989,0,33.53,0,3.919,0,83.3,0,6.16,0,33.31,11.06,7.64,0,-75.3,5.75,20.497,0,5.5,0,1.207,1.74,0,6.89
3/30/2026,21:00, ,gtmpiwq_20H100465_032726_050000.bin,Pine Island,GTMNERR,0,50.983,0,33.53,0,3.896,0,73.1,0,5.41,0,30.39,10.08,7.6,0,-72.8,5.76,20.507,0,4.77,0,1.205,1.56,0,6.17
3/30/2026,21:15, ,gtmpiwq_20H100465_032726_050000.bin,Pine Island,GTMNERR,0,50.85,0,33.43,0,3.858,0,76,0,5.62,0,31.82,10.56,7.66,0,-76.4,5.76,20.518,0,4.11,0,1.202,1.47,0,5.8
3/30/2026,21:30, ,gtmpiwq_20H100465_032726_050000.bin,Pine Island,GTMNERR,0,50.766,0,33.37,0,3.808,0,78.2,0,5.78,0,34.53,11.47,7.66,0,-76.8,5.75,20.542,0,4.98,0,1.195,1.51,0,5.97
3/30/2026,21:45, ,gtmpiwq_20H100465_032726_050000.bin,Pine Island,GTMNERR,0,50.712,0,33.33,0,3.75,0,89.5,0,6.62,0,36.88,12.25,7.66,0,-76.4,5.75,20.573,0,5.06,0,1.195,1.91,0,7.59
3/30/2026,22:00, ,gtmpiwq_20H100465_032726_050000.bin,Pine Island,GTMNERR,0,50.524,0,33.19,0,3.694,0,90.3,0,6.67,0,37.46,12.44,7.64,0,-75.4,5.76,20.701,0,6.4,0,1.205,1.84,0,7.31
3/30/2026,22:15, ,gtmpiwq_20H100465_032726_050000.bin,Pine Island,GTMNERR,0,50.412,0,33.1,0,3.627,0,91,0,6.7,0,39.93,13.27,7.63,0,-75,5.75,20.815,0,8.26,0,1.209,1.81,0,7.2
3/30/2026,22:30, ,gtmpiwq_20H100465_032726_050000.bin,Pine Island,GTMNERR,0,50.312,0,33.03,0,3.555,0,91.3,0,6.72,0,41.23,13.7,7.63,0,-74.7,5.75,20.913,0,6.98,0,1.201,1.53,0,6.07
3/30/2026,22:45, ,gtmpiwq_20H100465_032726_050000.bin,Pine Island,GTMNERR,0,50.284,0,33.01,0,3.482,0,91.3,0,6.72,0,42.14,14,7.62,0,-74.6,5.76,20.925,0,6.93,0,1.193,1.61,0,6.38
3/30/2026,23:00, ,gtmpiwq_20H100465_032726_050000.bin,Pine Island,GTMNERR,0,50.18,0,32.93,0,3.409,0,91.1,0,6.71,0,41.67,13.85,7.62,0,-74.2,5.76,20.964,0,9.74,0,1.195,1.86,0,7.39
3/30/2026,23:15, ,gtmpiwq_20H100465_032726_050000.bin,Pine Island,GTMNERR,0,50.05,0,32.84,0,3.329,0,91.2,0,6.71,0,42.29,14.06,7.61,0,-73.6,5.75,21.044,0,12.42,0,1.196,2.01,0,7.99
3/30/2026,23:30, ,gtmpiwq_20H100465_032726_050000.bin,Pine Island,GTMNERR,0,50.002,0,32.8,0,3.246,0,91.6,0,6.72,0,44.38,14.75,7.6,0,-73.3,5.75,21.118,0,14.93,0,1.204,2.11,0,8.42
3/30/2026,23:45, ,gtmpiwq_20H100465_032726_050000.bin,Pine Island,GTMNERR,0,49.944,0,32.76,0,3.163,0,91.8,0,6.73,0,43.32,14.4,7.6,0,-73.2,5.75,21.177,0,11.97,0,1.207,2.23,0,8.89
3/31/2026,00:00, ,gtmpiwq_20H100465_032726_050000.bin,Pine Island,GTMNERR,0,49.873,0,32.7,0,3.073,0,91.5,0,6.72,0,44.17,14.68,7.59,0,-72.8,5.75,21.189,0,10.79,0,1.211,1.84,0,7.33
3/31/2026,00:15, ,gtmpiwq_20H100465_032726_050000.bin,Pine Island,GTMNERR,0,49.755,0,32.62,0,2.975,0,91.3,0,6.7,0,45.7,15.19,7.59,0,-72.6,5.74,21.161,0,10.41,0,1.204,1.77,0,7.01
3/31/2026,00:30, ,gtmpiwq_20H100465_032726_050000.bin,Pine Island,GTMNERR,0,49.603,0,32.51,0,2.879,0,91,0,6.68,0,46.74,15.54,7.58,0,-72,5.75,21.199,0,11.37,0,1.193,2.03,0,8.09
3/31/2026,00:45, ,gtmpiwq_20H100465_032726_050000.bin,Pine Island,GTMNERR,0,49.434,0,32.38,0,2.783,0,90.1,0,6.61,0,47.82,15.9,7.57,0,-71.2,5.74,21.259,0,12.2,0,1.2,1.82,0,7.24
3/31/2026,01:00, ,gtmpiwq_20H100465_032726_050000.bin,Pine Island,GTMNERR,0,49.337,0,32.31,0,2.683,0,90,0,6.6,0,48.54,16.14,7.56,0,-70.9,5.75,21.283,0,12.97,0,1.207,1.94,0,7.73
3/31/2026,01:15, ,gtmpiwq_20H100465_032726_050000.bin,Pine Island,GTMNERR,0,49.272,0,32.26,0,2.586,0,89.4,0,6.56,0,49.79,16.56,7.56,0,-70.5,5.74,21.302,0,11.23,0,1.205,1.88,0,7.48
3/31/2026,01:30, ,gtmpiwq_20H100465_032726_050000.bin,Pine Island,GTMNERR,0,49.198,0,32.21,0,2.491,0,88.6,0,6.5,0,50.31,16.73,7.55,0,-69.9,5.74,21.311,0,10.93,0,1.195,1.83,0,7.26
3/31/2026,01:45, ,gtmpiwq_20H100465_032726_050000.bin,Pine Island,GTMNERR,0,49.132,0,32.16,0,2.415,0,87.9,0,6.45,0,50.67,16.85,7.54,0,-69.5,5.74,21.318,0,11,0,1.194,1.83,0,7.27
3/31/2026,02:00, ,gtmpiwq_20H100465_032726_050000.bin,Pine Island,GTMNERR,0,49.086,0,32.13,0,2.363,0,87.2,0,6.41,0,51.03,16.97,7.53,0,-69.1,5.73,21.31,0,10.14,0,1.202,2.13,0,8.49
3/31/2026,02:15, ,gtmpiwq_20H100465_032726_050000.bin,Pine Island,GTMNERR,0,49.046,0,32.1,0,2.336,0,86.1,0,6.32,0,51.61,17.16,7.52,0,-68.6,5.74,21.309,0,8.77,0,1.207,1.92,0,7.63
3/31/2026,02:30, ,gtmpiwq_20H100465_032726_050000.bin,Pine Island,GTMNERR,0,49.037,0,32.09,0,2.349,0,81.2,0,5.96,0,52.04,17.31,7.5,0,-67.1,5.73,21.304,0,6.81,0,1.206,1.56,0,6.19
3/31/2026,02:45, ,gtmpiwq_20H100465_032726_050000.bin,Pine Island,GTMNERR,0,49.049,0,32.1,0,2.394,0,67.6,0,4.97,0,53.07,17.65,7.45,0,-64.1,5.73,21.298,0,6.01,0,1.205,1.55,0,6.12
3/31/2026,03:00, ,gtmpiwq_20H100465_032726_050000.bin,Pine Island,GTMNERR,0,49.077,0,32.12,0,2.465,0,82.2,0,6.04,0,54.31,18.06,7.49,0,-66.9,5.74,21.281,0,7.68,0,1.205,1.84,0,7.31
3/31/2026,03:15, ,gtmpiwq_20H100465_032726_050000.bin,Pine Island,GTMNERR,0,49.187,0,32.2,0,2.55,0,83.8,0,6.16,0,52.43,17.44,7.51,0,-67.7,5.73,21.263,0,10.13,0,1.207,1.91,0,7.6
3/31/2026,03:30, ,gtmpiwq_20H100465_032726_050000.bin,Pine Island,GTMNERR,0,49.281,0,32.27,0,2.639,0,84.3,0,6.2,0,50.91,16.93,7.52,0,-68.3,5.74,21.217,0,11.83,0,1.208,1.91,0,7.61
3/31/2026,03:45, ,gtmpiwq_20H100465_032726_050000.bin,Pine Island,GTMNERR,0,49.417,0,32.37,0,2.726,0,84.9,0,6.25,0,50.49,16.79,7.53,0,-69,5.73,21.175,0,11.95,0,1.207,1.82,0,7.24
3/31/2026,04:00, ,gtmpiwq_20H100465_032726_050000.bin,Pine Island,GTMNERR,0,49.437,0,32.39,0,2.81,0,85,0,6.25,0,50.15,16.68,7.53,0,-69.1,5.73,21.163,0,11.19,0,1.209,1.64,0,6.51
3/31/2026,04:15, ,gtmpiwq_20H100465_032726_050000.bin,Pine Island,GTMNERR,0,49.605,0,32.51,0,2.894,0,85.8,0,6.31,0,47.42,15.76,7.55,0,-70.1,5.74,21.124,0,12.37,0,1.211,2.21,0,8.82
3/31/2026,04:30, ,gtmpiwq_20H100465_032726_050000.bin,Pine Island,GTMNERR,0,49.854,0,32.69,0,2.975,0,84.3,0,6.2,0,46.1,15.33,7.55,0,-70.2,5.73,21.046,0,15.24,0,1.202,1.98,0,7.88
3/31/2026,04:45, ,gtmpiwq_20H100465_032726_050000.bin,Pine Island,GTMNERR,0,49.881,0,32.71,0,3.053,0,84.7,0,6.23,0,46.21,15.36,7.56,0,-70.4,5.74,21.009,0,12.43,0,1.195,2,0,7.94
3/31/2026,05:00, ,gtmpiwq_20H100465_032726_050000.bin,Pine Island,GTMNERR,0,50.005,0,32.8,0,3.131,0,84.2,0,6.19,0,45.38,15.08,7.55,0,-70.4,5.73,21.005,0,12.39,0,1.195,1.79,0,7.1
3/31/2026,05:15, ,gtmpiwq_20H100465_032726_050000.bin,Pine Island,GTMNERR,0,50.043,0,32.83,0,3.201,0,84,0,6.18,0,41.92,13.93,7.56,0,-70.8,5.73,20.989,0,16.68,0,1.202,1.7,0,6.76
3/31/2026,05:30, ,gtmpiwq_20H100465_032726_050000.bin,Pine Island,GTMNERR,0,50.124,0,32.89,0,3.272,0,84.7,0,6.23,0,43.64,14.5,7.57,0,-71,5.74,20.964,0,13.97,0,1.203,2.05,0,8.18
3/31/2026,05:45, ,gtmpiwq_20H100465_032726_050000.bin,Pine Island,GTMNERR,0,50.175,0,32.93,0,3.341,0,84.6,0,6.22,0,42.48,14.12,7.57,0,-71.4,5.73,20.937,0,19.32,0,1.206,1.98,0,7.87
3/31/2026,06:00, ,gtmpiwq_20H100465_032726_050000.bin,Pine Island,GTMNERR,0,50.224,0,32.96,0,3.406,0,85,0,6.26,0,42.21,14.03,7.58,0,-71.8,5.74,20.898,0,13.16,0,1.209,1.93,0,7.65
3/31/2026,06:15, ,gtmpiwq_20H100465_032726_050000.bin,Pine Island,GTMNERR,0,50.321,0,33.04,0,3.474,0,85.4,0,6.3,0,41.76,13.88,7.59,0,-72.4,5.73,20.804,0,12.44,0,1.209,1.89,0,7.5
3/31/2026,06:30, ,gtmpiwq_20H100465_032726_050000.bin,Pine Island,GTMNERR,0,50.372,0,33.07,0,3.539,0,84.6,0,6.24,0,39.57,13.15,7.58,0,-72.1,5.73,20.78,0,14.36,0,1.211,1.97,0,7.84
3/31/2026,06:45, ,gtmpiwq_20H100465_032726_050000.bin,Pine Island,GTMNERR,0,50.535,0,33.2,0,3.605,0,85.1,0,6.29,0,38.97,12.95,7.6,0,-73.2,5.74,20.659,0,9.45,0,1.202,1.63,0,6.46
3/31/2026,07:00, ,gtmpiwq_20H100465_032726_050000.bin,Pine Island,GTMNERR,0,50.608,0,33.25,0,3.663,0,84.4,0,6.24,0,39.45,13.11,7.6,0,-73.4,5.73,20.621,0,9.04,0,1.201,1.53,0,6.04
3/31/2026,07:15, ,gtmpiwq_20H100465_032726_050000.bin,Pine Island,GTMNERR,0,50.674,0,33.3,0,3.721,0,84.6,0,6.26,0,38.04,12.64,7.61,0,-73.6,5.74,20.583,0,10.71,0,1.206,1.59,0,6.29
3/31/2026,07:30, ,gtmpiwq_20H100465_032726_050000.bin,Pine Island,GTMNERR,0,50.689,0,33.31,0,3.768,0,84,0,6.21,0,36.8,12.22,7.61,0,-73.5,5.73,20.58,0,11.92,0,1.207,1.68,0,6.66
3/31/2026,07:45, ,gtmpiwq_20H100465_032726_050000.bin,Pine Island,GTMNERR,0,50.713,0,33.33,0,3.81,0,83.8,0,6.2,0,36.4,12.09,7.61,0,-73.5,5.73,20.568,0,10.51,0,1.208,1.72,0,6.83
3/31/2026,08:00, ,gtmpiwq_20H100465_032726_050000.bin,Pine Island,GTMNERR,0,50.793,0,33.39,0,3.85,0,82.5,0,6.1,0,36.64,12.17,7.61,0,-73.6,5.74,20.532,0,10.75,0,1.207,1.59,0,6.3
3/31/2026,08:15, ,gtmpiwq_20H100465_032726_050000.bin,Pine Island,GTMNERR,0,50.875,0,33.45,0,3.881,0,83,0,6.14,0,35.83,11.9,7.62,0,-74.2,5.73,20.467,0,7.88,0,1.205,1.66,0,6.56
3/31/2026,08:30, ,gtmpiwq_20H100465_032726_050000.bin,Pine Island,GTMNERR,0,50.911,0,33.47,0,3.903,0,83,0,6.14,0,35.04,11.63,7.62,0,-74.4,5.74,20.465,0,9.43,0,1.204,1.61,0,6.35
3/31/2026,08:45, ,gtmpiwq_20H100465_032726_050000.bin,Pine Island,GTMNERR,0,51.003,0,33.54,0,3.919,0,82.7,0,6.13,0,34.05,11.31,7.63,0,-74.9,5.73,20.415,0,8.43,0,1.203,1.57,0,6.2
3/31/2026,09:00, ,gtmpiwq_20H100465_032726_050000.bin,Pine Island,GTMNERR,0,51.064,0,33.59,0,3.922,0,80.7,0,5.97,0,33.34,11.07,7.62,0,-74.5,5.73,20.407,0,6.8,0,1.199,1.42,0,5.61
3/31/2026,09:15, ,gtmpiwq_20H100465_032726_050000.bin,Pine Island,GTMNERR,0,51.075,0,33.59,0,3.911,0,73.2,0,5.42,0,32.3,10.72,7.6,0,-72.9,5.74,20.424,0,5.03,0,1.197,1.24,0,4.86
3/31/2026,09:30, ,gtmpiwq_20H100465_032726_050000.bin,Pine Island,GTMNERR,0,51.027,0,33.56,0,3.877,0,71.4,0,5.28,0,31.07,10.31,7.63,0,-74.7,5.73,20.425,0,4.16,0,1.204,1.26,0,4.95
3/31/2026,09:45, ,gtmpiwq_20H100465_032726_050000.bin,Pine Island,GTMNERR,0,51.028,0,33.56,0,3.833,0,81.5,0,6.03,0,32.74,10.87,7.64,0,-75.6,5.73,20.439,0,7.08,0,1.202,1.35,0,5.33
3/31/2026,10:00, ,gtmpiwq_20H100465_032726_050000.bin,Pine Island,GTMNERR,0,50.895,0,33.46,0,3.775,0,85.5,0,6.32,0,33.26,11.04,7.64,0,-75.4,5.73,20.501,0,9.03,0,1.202,1.51,0,5.98
3/31/2026,10:15, ,gtmpiwq_20H100465_032726_050000.bin,Pine Island,GTMNERR,0,50.77,0,33.37,0,3.708,0,86.6,0,6.39,0,35.86,11.91,7.63,0,-74.7,5.73,20.659,0,8.29,0,1.199,1.3,0,5.13
3/31/2026,10:30, ,gtmpiwq_20H100465_032726_050000.bin,Pine Island,GTMNERR,0,50.524,0,33.19,0,3.644,0,86.4,0,6.36,0,38.11,12.66,7.61,0,-73.5,5.73,20.808,0,9.4,0,1.196,1.51,0,5.95
3/31/2026,10:45, ,gtmpiwq_20H100465_032726_050000.bin,Pine Island,GTMNERR,0,50.374,0,33.08,0,3.572,0,86,0,6.32,0,40.44,13.44,7.59,0,-72.6,5.73,20.952,0,7.39,0,1.196,1.68,0,6.67
3/31/2026,11:00, ,gtmpiwq_20H100465_032726_050000.bin,Pine Island,GTMNERR,0,50.367,0,33.07,0,3.5,0,86.1,0,6.34,0,41.05,13.64,7.59,0,-72.7,5.73,20.922,0,7.58,0,1.196,1.44,0,5.67
3/31/2026,11:15, ,gtmpiwq_20H100465_032726_050000.bin,Pine Island,GTMNERR,0,50.347,0,33.06,0,3.418,0,86,0,6.33,0,40.93,13.6,7.59,0,-72.6,5.73,20.923,0,9.78,0,1.193,1.48,0,5.86
3/31/2026,11:30, ,gtmpiwq_20H100465_032726_050000.bin,Pine Island,GTMNERR,0,50.189,0,32.94,0,3.34,0,86.2,0,6.33,0,41.01,13.63,7.58,0,-71.9,5.73,21.055,0,12.54,0,1.194,1.67,0,6.62
3/31/2026,11:45, ,gtmpiwq_20H100465_032726_050000.bin,Pine Island,GTMNERR,0,50.11,0,32.88,0,3.255,0,86.4,0,6.33,0,41.7,13.86,7.57,0,-71.6,5.73,21.165,0,15.1,0,1.211,1.75,0,6.92
3/31/2026,12:00, ,gtmpiwq_20H100465_032726_050000.bin,Pine Island,GTMNERR,0,50.056,0,32.84,0,3.168,0,86.7,0,6.34,0,42.33,14.07,7.57,0,-71.2,5.73,21.28,0,14.04,0,1.201,1.33,0,5.26
3/31/2026,12:15, ,gtmpiwq_20H100465_032726_050000.bin,Pine Island,GTMNERR,0,50.024,0,32.81,0,3.077,0,87.2,0,6.37,0,43.13,14.34,7.57,0,-71.2,5.72,21.381,0,12.93,0,1.199,1.54,0,6.09
3/31/2026,12:30, ,gtmpiwq_20H100465_032726_050000.bin,Pine Island,GTMNERR,0,49.941,0,32.75,0,2.977,0,87.6,0,6.39,0,44.5,14.79,7.56,0,-70.7,5.73,21.491,0,10.64,0,1.201,1.66,0,6.57
3/31/2026,12:45, ,gtmpiwq_20H100465_032726_050000.bin,Pine Island,GTMNERR,0,49.797,0,32.65,0,2.877,0,88.1,0,6.42,0,45.87,15.25,7.55,0,-70.5,5.72,21.598,0,10.26,0,1.197,1.71,0,6.78
3/31/2026,13:00, ,gtmpiwq_20H100465_032726_050000.bin,Pine Island,GTMNERR,0,49.606,0,32.5,0,2.773,0,88.3,0,6.42,0,46.76,15.55,7.55,0,-69.9,5.72,21.714,0,11.89,0,1.196,1.8,0,7.14
3/31/2026,13:15, ,gtmpiwq_20H100465_032726_050000.bin,Pine Island,GTMNERR,0,49.49,0,32.42,0,2.667,0,89,0,6.46,0,47.21,15.7,7.54,0,-69.4,5.73,21.876,0,12.3,0,1.205,2,0,7.94
3/31/2026,13:30, ,gtmpiwq_20H100465_032726_050000.bin,Pine Island,GTMNERR,0,49.444,0,32.38,0,2.573,0,90,0,6.52,0,48.37,16.08,7.54,0,-69.7,5.71,22.024,0,10.67,0,1.211,2.17,0,8.63
3/31/2026,13:45, ,gtmpiwq_20H100465_032726_050000.bin,Pine Island,GTMNERR,0,49.354,0,32.31,0,2.481,0,90.4,0,6.54,0,49.31,16.4,7.54,0,-69.4,5.71,22.132,0,10.23,0,1.201,2.33,0,9.29
3/31/2026,14:00, ,gtmpiwq_20H100465_032726_050000.bin,Pine Island,GTMNERR,0,49.315,0,32.28,0,2.4,0,91,0,6.56,0,49.01,16.3,7.53,0,-69.3,5.71,22.274,0,9.92,0,1.194,2.42,0,9.67
3/31/2026,14:15, ,gtmpiwq_20H100465_032726_050000.bin,Pine Island,GTMNERR,0,49.251,0,32.24,0,2.334,0,91.1,0,6.56,0,48.6,16.16,7.53,0,-69.2,5.7,22.389,0,9.47,0,1.198,2.45,0,9.8
3/31/2026,14:30, ,gtmpiwq_20H100465_032726_050000.bin,Pine Island,GTMNERR,0,49.247,0,32.23,0,2.288,0,89.1,0,6.4,0,47.73,15.87,7.52,0,-68.5,5.7,22.516,0,7.93,0,1.201,2.51,0,10.03
3/31/2026,14:45, ,gtmpiwq_20H100465_032726_050000.bin,Pine Island,GTMNERR,0,49.278,0,32.25,0,2.274,0,90.8,0,6.51,0,49.11,16.33,7.51,0,-68.1,5.7,22.631,0,5.58,0,1.2,2.47,0,9.87
3/31/2026,15:00, ,gtmpiwq_20H100465_032726_050000.bin,Pine Island,GTMNERR,0,49.32,0,32.28,0,2.299,0,90.2,0,6.45,0,48.8,16.23,7.52,0,-68.8,5.68,22.745,0,6.77,0,1.202,2.63,0,10.52
3/31/2026,15:15, ,gtmpiwq_20H100465_032726_050000.bin,Pine Island,GTMNERR,0,49.24,0,32.22,0,2.36,0,91.8,0,6.59,0,49.06,16.31,7.53,0,-68.9,5.68,22.628,0,8.38,0,1.202,2.8,0,11.19
3/31/2026,15:30, ,gtmpiwq_20H100465_032726_050000.bin,Pine Island,GTMNERR,0,49.409,0,32.35,0,2.441,0,91.8,0,6.57,0,47.84,15.9,7.54,0,-69.7,5.69,22.669,0,8.04,0,1.203,2.83,0,11.33
3/31/2026,15:45, ,gtmpiwq_20H100465_032726_050000.bin,Pine Island,GTMNERR,0,49.473,0,32.39,0,2.53,0,93.2,0,6.68,0,48.27,16.05,7.55,0,-70.2,5.68,22.579,0,7.91,0,1.202,2.97,0,11.91
3/31/2026,16:00, ,gtmpiwq_20H100465_032726_050000.bin,Pine Island,GTMNERR,0,49.493,0,32.41,0,2.618,0,93,0,6.68,0,47.88,15.92,7.55,0,-70.3,5.69,22.479,0,10.54,0,1.204,3.16,0,12.66
3/31/2026,16:15, ,gtmpiwq_20H100465_032726_050000.bin,Pine Island,GTMNERR,0,49.54,0,32.45,0,2.701,0,93.6,0,6.72,0,47.44,15.77,7.56,0,-70.7,5.68,22.474,0,9.9,0,1.207,3.11,0,12.48
3/31/2026,16:30, ,gtmpiwq_20H100465_032726_050000.bin,Pine Island,GTMNERR,0,49.736,0,32.59,0,2.787,0,93.4,0,6.7,0,45.84,15.24,7.57,0,-71.3,5.69,22.456,0,11.38,0,1.205,3.13,0,12.53
3/31/2026,16:45, ,gtmpiwq_20H100465_032726_050000.bin,Pine Island,GTMNERR,0,49.705,0,32.57,0,2.873,0,91.8,0,6.61,0,45.16,15.01,7.56,0,-70.7,5.7,22.309,0,13.69,0,1.207,3.29,0,13.2
3/31/2026,17:00, ,gtmpiwq_20H100465_032726_050000.bin,Pine Island,GTMNERR,0,49.874,0,32.69,0,2.954,0,92.5,0,6.65,0,44.93,14.94,7.57,0,-71.2,5.7,22.334,0,10.05,0,1.211,3.02,0,12.11
3/31/2026,17:15, ,gtmpiwq_20H100465_032726_050000.bin,Pine Island,GTMNERR,0,49.942,0,32.74,0,3.034,0,91.6,0,6.58,0,45.07,14.98,7.57,0,-71.5,5.71,22.294,0,8.7,0,1.202,3.1,0,12.44
3/31/2026,17:30, ,gtmpiwq_20H100465_032726_050000.bin,Pine Island,GTMNERR,0,50.042,0,32.82,0,3.113,0,92.3,0,6.64,0,43.71,14.53,7.58,0,-71.9,5.7,22.234,0,8.75,0,1.197,2.93,0,11.73
3/31/2026,17:45, ,gtmpiwq_20H100465_032726_050000.bin,Pine Island,GTMNERR,0,50.128,0,32.88,0,3.187,0,92,0,6.62,0,43.08,14.32,7.58,0,-72.3,5.7,22.196,0,9.85,0,1.197,3.03,0,12.16
3/31/2026,18:00, ,gtmpiwq_20H100465_032726_050000.bin,Pine Island,GTMNERR,0,50.263,0,32.98,0,3.256,0,92.7,0,6.65,0,42.34,14.07,7.59,0,-72.6,5.71,22.341,0,10.85,0,1.201,2.94,0,11.78
3/31/2026,18:15, ,gtmpiwq_20H100465_032726_050000.bin,Pine Island,GTMNERR,0,50.288,0,33,0,3.326,0,91.6,0,6.58,0,41.72,13.86,7.59,0,-72.5,5.7,22.233,0,10.25,0,1.206,3.04,0,12.19
3/31/2026,18:30, ,gtmpiwq_20H100465_032726_050000.bin,Pine Island,GTMNERR,0,50.322,0,33.02,0,3.395,0,91.9,0,6.62,0,40.7,13.52,7.6,0,-73,5.71,22.134,0,9.49,0,1.202,2.88,0,11.53
3/31/2026,18:45, ,gtmpiwq_20H100465_032726_050000.bin,Pine Island,GTMNERR,0,50.354,0,33.05,0,3.462,0,91.1,0,6.57,0,39.52,13.13,7.59,0,-72.8,5.7,22,0,10.59,0,1.201,2.87,0,11.5
3/31/2026,19:00, ,gtmpiwq_20H100465_032726_050000.bin,Pine Island,GTMNERR,0,50.58,0,33.22,0,3.531,0,92.1,0,6.64,0,38.07,12.64,7.62,0,-74.2,5.71,22.02,0,8.51,0,1.201,2.88,0,11.52
3/31/2026,19:15, ,gtmpiwq_20H100465_032726_050000.bin,Pine Island,GTMNERR,0,50.695,0,33.3,0,3.597,0,92.7,0,6.68,0,37.55,12.47,7.63,0,-74.9,5.71,22.019,0,7.11,0,1.201,2.93,0,11.75
3/31/2026,19:30, ,gtmpiwq_20H100465_032726_050000.bin,Pine Island,GTMNERR,0,50.717,0,33.32,0,3.655,0,91.7,0,6.62,0,37.05,12.31,7.63,0,-75,5.71,21.888,0,8.01,0,1.199,2.72,0,10.86
3/31/2026,19:45, ,gtmpiwq_20H100465_032726_050000.bin,Pine Island,GTMNERR,0,50.722,0,33.32,0,3.706,0,90.6,0,6.55,0,36.71,12.19,7.62,0,-74.7,5.72,21.783,0,10.37,0,1.2,2.91,0,11.65
3/31/2026,20:00, ,gtmpiwq_20H100465_032726_050000.bin,Pine Island,GTMNERR,0,50.757,0,33.35,0,3.748,0,90.1,0,6.52,0,35.7,11.86,7.62,0,-74.2,5.71,21.74,0,7.1,0,1.199,2.89,0,11.56
3/31/2026,20:15, ,gtmpiwq_20H100465_032726_050000.bin,Pine Island,GTMNERR,0,50.847,0,33.42,0,3.79,0,89.6,0,6.49,0,34.31,11.39,7.63,0,-75.2,5.71,21.698,0,8.67,0,1.198,2.72,0,10.89
3/31/2026,20:30, ,gtmpiwq_20H100465_032726_050000.bin,Pine Island,GTMNERR,0,50.924,0,33.47,0,3.822,0,89.5,0,6.48,0,33.85,11.24,7.64,0,-75.5,5.72,21.641,0,7.15,0,1.197,2.78,0,11.11
3/31/2026,20:45, ,gtmpiwq_20H100465_032726_050000.bin,Pine Island,GTMNERR,0,50.956,0,33.5,0,3.847,0,89.5,0,6.49,0,33.68,11.18,7.64,0,-75.4,5.72,21.606,0,7.43,0,1.198,2.58,0,10.32
3/31/2026,21:00, ,gtmpiwq_20H100465_032726_050000.bin,Pine Island,GTMNERR,0,51.042,0,33.56,0,3.862,0,85.6,0,6.21,0,32.39,10.75,7.63,0,-75.1,5.72,21.558,0,5.99,0,1.197,2.44,0,9.75
3/31/2026,21:15, ,gtmpiwq_20H100465_032726_050000.bin,Pine Island,GTMNERR,0,51.043,0,33.56,0,3.868,0,83.5,0,6.06,0,32.28,10.71,7.63,0,-74.8,5.72,21.545,0,5.72,0,1.196,2.47,0,9.86
3/31/2026,21:30, ,gtmpiwq_20H100465_032726_050000.bin,Pine Island,GTMNERR,0,51.09,0,33.6,0,3.862,0,78.9,0,5.72,0,30.79,10.22,7.61,0,-73.6,5.72,21.528,0,4.98,0,1.197,1.87,0,7.44
3/31/2026,21:45, ,gtmpiwq_20H100465_032726_050000.bin,Pine Island,GTMNERR,0,51.06,0,33.57,0,3.84,0,74.2,0,5.38,0,30.65,10.17,7.63,0,-74.9,5.73,21.532,0,4.23,0,1.195,2.16,0,8.59
3/31/2026,22:00, ,gtmpiwq_20H100465_032726_050000.bin,Pine Island,GTMNERR,0,50.92,0,33.47,0,3.801,0,59.8,0,4.34,0,31.18,10.35,7.58,0,-72.1,5.7,21.541,0,4.42,0,1.195,1.86,0,7.38
3/31/2026,22:15, ,gtmpiwq_20H100465_032726_050000.bin,Pine Island,GTMNERR,0,50.974,0,33.51,0,3.75,0,81.2,0,5.89,0,32.62,10.83,7.65,0,-76,5.73,21.565,0,4.59,0,1.203,2.05,0,8.17
3/31/2026,22:30, ,gtmpiwq_20H100465_032726_050000.bin,Pine Island,GTMNERR,0,50.871,0,33.43,0,3.693,0,90,0,6.53,0,34.49,11.45,7.64,0,-75.7,5.72,21.609,0,6.27,0,1.207,2.43,0,9.72
3/31/2026,22:45, ,gtmpiwq_20H100465_032726_050000.bin,Pine Island,GTMNERR,0,50.718,0,33.32,0,3.631,0,91,0,6.59,0,36.18,12.02,7.63,0,-75.1,5.72,21.738,0,7.13,0,1.204,2.48,0,9.9
3/31/2026,23:00, ,gtmpiwq_20H100465_032726_050000.bin,Pine Island,GTMNERR,0,50.556,0,33.2,0,3.563,0,91.1,0,6.58,0,38.46,12.78,7.62,0,-74.2,5.71,21.896,0,7.31,0,1.203,2.15,0,8.55
3/31/2026,23:15, ,gtmpiwq_20H100465_032726_050000.bin,Pine Island,GTMNERR,0,50.528,0,33.18,0,3.491,0,91.5,0,6.6,0,39.13,13,7.62,0,-74.3,5.72,21.943,0,8.1,0,1.202,2.15,0,8.55
3/31/2026,23:30, ,gtmpiwq_20H100465_032726_050000.bin,Pine Island,GTMNERR,0,50.488,0,33.15,0,3.412,0,91.1,0,6.58,0,40.03,13.3,7.61,0,-73.9,5.72,21.978,0,6.92,0,1.203,2.18,0,8.68
3/31/2026,23:45, ,gtmpiwq_20H100465_032726_050000.bin,Pine Island,GTMNERR,0,50.411,0,33.09,0,3.334,0,91.7,0,6.61,0,40.43,13.43,7.61,0,-73.8,5.71,22.055,0,9.28,0,1.203,2.13,0,8.49
4/1/2026,00:00, ,gtmpiwq_20H100465_032726_050000.bin,Pine Island,GTMNERR,0,50.27,0,32.99,0,3.252,0,91.7,0,6.6,0,41.51,13.79,7.6,0,-73.3,5.72,22.139,0,11.98,0,1.201,2.58,0,10.33
4/1/2026,00:15, ,gtmpiwq_20H100465_032726_050000.bin,Pine Island,GTMNERR,0,50.198,0,32.93,0,3.168,0,91.8,0,6.61,0,41.04,13.64,7.6,0,-73,5.71,22.198,0,15.93,0,1.198,2.89,0,11.58
4/1/2026,00:30, ,gtmpiwq_20H100465_032726_050000.bin,Pine Island,GTMNERR,0,50.156,0,32.9,0,3.071,0,91.8,0,6.6,0,42.55,14.14,7.59,0,-72.8,5.72,22.26,0,14.25,0,1.196,2.66,0,10.66
4/1/2026,00:45, ,gtmpiwq_20H100465_032726_050000.bin,Pine Island,GTMNERR,0,50.138,0,32.89,0,2.978,0,91.8,0,6.59,0,43.23,14.37,7.59,0,-72.5,5.72,22.297,0,13.14,0,1.192,2.57,0,10.25
4/1/2026,01:00, ,gtmpiwq_20H100465_032726_050000.bin,Pine Island,GTMNERR,0,50.057,0,32.83,0,2.881,0,91.5,0,6.58,0,44.47,14.78,7.58,0,-72.3,5.71,22.296,0,11.56,0,1.194,2.4,0,9.56
4/1/2026,01:15, ,gtmpiwq_20H100465_032726_050000.bin,Pine Island,GTMNERR,0,49.929,0,32.73,0,2.777,0,91.4,0,6.57,0,45.76,15.21,7.57,0,-71.8,5.71,22.319,0,11.55,0,1.204,2.52,0,10.06
4/1/2026,01:30, ,gtmpiwq_20H100465_032726_050000.bin,Pine Island,GTMNERR,0,49.787,0,32.63,0,2.666,0,90.5,0,6.51,0,46.64,15.5,7.56,0,-70.9,5.7,22.357,0,12.38,0,1.201,2.5,0,9.98
4/1/2026,01:45, ,gtmpiwq_20H100465_032726_050000.bin,Pine Island,GTMNERR,0,49.738,0,32.59,0,2.56,0,90.4,0,6.5,0,47.24,15.7,7.56,0,-70.9,5.7,22.37,0,11.72,0,1.202,2.41,0,9.63
4/1/2026,02:00, ,gtmpiwq_20H100465_032726_050000.bin,Pine Island,GTMNERR,0,49.683,0,32.55,0,2.46,0,89.8,0,6.46,0,47.73,15.87,7.55,0,-70.2,5.7,22.38,0,10.58,0,1.202,2.63,0,10.53
4/1/2026,02:15, ,gtmpiwq_20H100465_032726_050000.bin,Pine Island,GTMNERR,0,49.633,0,32.52,0,2.372,0,89.1,0,6.4,0,48.01,15.96,7.55,0,-70.1,5.69,22.384,0,12.16,0,1.192,2.79,0,11.15
4/1/2026,02:30, ,gtmpiwq_20H100465_032726_050000.bin,Pine Island,GTMNERR,0,49.586,0,32.48,0,2.293,0,87.7,0,6.31,0,48.23,16.04,7.54,0,-69.5,5.69,22.366,0,12.5,0,1.201,2.75,0,11
4/1/2026,02:45, ,gtmpiwq_20H100465_032726_050000.bin,Pine Island,GTMNERR,0,49.519,0,32.43,0,2.235,0,86.7,0,6.24,0,48.84,16.24,7.53,0,-68.8,5.68,22.361,0,10.45,0,1.211,2.82,0,11.28
4/1/2026,03:00, ,gtmpiwq_20H100465_032726_050000.bin,Pine Island,GTMNERR,0,49.486,0,32.41,0,2.202,0,85.5,0,6.16,0,49.77,16.55,7.52,0,-68.4,5.68,22.351,0,9.23,0,1.205,2.8,0,11.22
4/1/2026,03:15, ,gtmpiwq_20H100465_032726_050000.bin,Pine Island,GTMNERR,0,49.49,0,32.41,0,2.197,0,82.9,0,5.97,0,50.73,16.87,7.5,0,-67.4,5.69,22.335,0,6.89,0,1.193,2.3,0,9.18
4/1/2026,03:30, ,gtmpiwq_20H100465_032726_050000.bin,Pine Island,GTMNERR,0,49.496,0,32.42,0,2.235,0,62.4,0,4.49,0,50.31,16.73,7.46,0,-65.1,5.68,22.324,0,5.45,0,1.196,1.99,0,7.92
4/1/2026,03:45, ,gtmpiwq_20H100465_032726_050000.bin,Pine Island,GTMNERR,0,49.556,0,32.46,0,2.31,0,83.3,0,6,0,52.04,17.31,7.51,0,-67.7,5.68,22.297,0,8.15,0,1.211,2.55,0,10.21
4/1/2026,04:00, ,gtmpiwq_20H100465_032726_050000.bin,Pine Island,GTMNERR,0,49.599,0,32.49,0,2.394,0,83.4,0,6.01,0,51.36,17.08,7.51,0,-67.7,5.69,22.268,0,9.61,0,1.206,2.68,0,10.72
4/1/2026,04:15, ,gtmpiwq_20H100465_032726_050000.bin,Pine Island,GTMNERR,0,49.628,0,32.51,0,2.489,0,83.9,0,6.04,0,49.95,16.61,7.52,0,-68.2,5.69,22.231,0,10.8,0,1.199,2.76,0,11.04
4/1/2026,04:30, ,gtmpiwq_20H100465_032726_050000.bin,Pine Island,GTMNERR,0,49.758,0,32.61,0,2.586,0,84.7,0,6.11,0,49.11,16.33,7.53,0,-68.9,5.68,22.168,0,9.73,0,1.199,2.65,0,10.62
4/1/2026,04:45, ,gtmpiwq_20H100465_032726_050000.bin,Pine Island,GTMNERR,0,49.782,0,32.63,0,2.683,0,84.7,0,6.11,0,48.77,16.22,7.53,0,-68.9,5.69,22.162,0,11.45,0,1.196,2.89,0,11.58
4/1/2026,05:00, ,gtmpiwq_20H100465_032726_050000.bin,Pine Island,GTMNERR,0,49.849,0,32.68,0,2.775,0,85.7,0,6.18,0,47.2,15.69,7.54,0,-69.7,5.69,22.156,0,12.24,0,1.201,2.62,0,10.49
4/1/2026,05:15, ,gtmpiwq_20H100465_032726_050000.bin,Pine Island,GTMNERR,0,50.059,0,32.83,0,2.863,0,84.5,0,6.1,0,44.3,14.72,7.54,0,-69.9,5.69,22.017,0,13.81,0,1.208,2.87,0,11.47
4/1/2026,05:30, ,gtmpiwq_20H100465_032726_050000.bin,Pine Island,GTMNERR,0,50.102,0,32.86,0,2.947,0,84.1,0,6.08,0,43.46,14.44,7.55,0,-70,5.69,22.003,0,14.51,0,1.202,2.69,0,10.78
4/1/2026,05:45, ,gtmpiwq_20H100465_032726_050000.bin,Pine Island,GTMNERR,0,50.186,0,32.93,0,3.028,0,83.6,0,6.04,0,44.14,14.67,7.55,0,-70,5.69,21.97,0,11.38,0,1.199,2.38,0,9.51
4/1/2026,06:00, ,gtmpiwq_20H100465_032726_050000.bin,Pine Island,GTMNERR,0,50.255,0,32.98,0,3.103,0,83.3,0,6.02,0,43.03,14.3,7.55,0,-70.2,5.69,21.953,0,13.39,0,1.196,2.68,0,10.73
4/1/2026,06:15, ,gtmpiwq_20H100465_032726_050000.bin,Pine Island,GTMNERR,0,50.302,0,33.01,0,3.176,0,83.9,0,6.06,0,42.08,13.99,7.55,0,-70.4,5.7,21.917,0,11.97,0,1.192,2.49,0,9.94
4/1/2026,06:30, ,gtmpiwq_20H100465_032726_050000.bin,Pine Island,GTMNERR,0,50.354,0,33.05,0,3.245,0,83,0,6,0,41.65,13.84,7.56,0,-70.8,5.69,21.883,0,14.03,0,1.199,2.61,0,10.44
4/1/2026,06:45, ,gtmpiwq_20H100465_032726_050000.bin,Pine Island,GTMNERR,0,50.396,0,33.08,0,3.31,0,84,0,6.08,0,41.62,13.83,7.57,0,-71.1,5.7,21.838,0,11.27,0,1.204,2.41,0,9.62
4/1/2026,07:00, ,gtmpiwq_20H100465_032726_050000.bin,Pine Island,GTMNERR,0,50.449,0,33.12,0,3.38,0,84.3,0,6.11,0,40.07,13.31,7.57,0,-71.5,5.7,21.785,0,13.06,0,1.211,2.45,0,9.78
4/1/2026,07:15, ,gtmpiwq_20H100465_032726_050000.bin,Pine Island,GTMNERR,0,49.864,0,32.69,0,3.445,0,83.6,0,6.07,0,39.5,13.12,7.58,0,-71.8,5.7,21.723,0,11.53,0,1.207,2.45,0,9.79
4/1/2026,07:30, ,gtmpiwq_20H100465_032726_050000.bin,Pine Island,GTMNERR,0,50.622,0,33.25,0,3.512,0,84.5,0,6.13,0,39.67,13.18,7.59,0,-72.5,5.71,21.635,0,11.36,0,1.203,2.12,0,8.46
4/1/2026,07:45, ,gtmpiwq_20H100465_032726_050000.bin,Pine Island,GTMNERR,0,50.718,0,33.32,0,3.571,0,84,0,6.1,0,38.56,12.81,7.59,0,-72.7,5.7,21.567,0,10.3,0,1.201,2.07,0,8.26
4/1/2026,08:00, ,gtmpiwq_20H100465_032726_050000.bin,Pine Island,GTMNERR,0,50.777,0,33.37,0,3.625,0,83.5,0,6.07,0,37.37,12.41,7.59,0,-72.9,5.7,21.509,0,9.69,0,1.195,2.21,0,8.83
4/1/2026,08:15, ,gtmpiwq_20H100465_032726_050000.bin,Pine Island,GTMNERR,0,50.83,0,33.41,0,3.676,0,83.5,0,6.07,0,37.36,12.41,7.6,0,-73,5.71,21.482,0,9.97,0,1.197,2.11,0,8.39
4/1/2026,08:30, ,gtmpiwq_20H100465_032726_050000.bin,Pine Island,GTMNERR,0,50.826,0,33.4,0,3.723,0,83.1,0,6.04,0,35.47,11.78,7.59,0,-72.8,5.7,21.492,0,10.91,0,1.205,2.06,0,8.22
4/1/2026,08:45, ,gtmpiwq_20H100465_032726_050000.bin,Pine Island,GTMNERR,0,50.861,0,33.43,0,3.756,0,82.6,0,6,0,36.74,12.2,7.6,0,-72.9,5.71,21.483,0,10.18,0,1.208,2,0,7.97
4/1/2026,09:00, ,gtmpiwq_20H100465_032726_050000.bin,Pine Island,GTMNERR,0,50.94,0,33.49,0,3.787,0,82.5,0,6,0,34.22,11.36,7.61,0,-73.5,5.7,21.437,0,10.26,0,1.21,2.02,0,8.03
4/1/2026,09:15, ,gtmpiwq_20H100465_032726_050000.bin,Pine Island,GTMNERR,0,50.991,0,33.52,0,3.806,0,82.4,0,5.99,0,34.06,11.31,7.61,0,-73.5,5.7,21.41,0,8.56,0,1.201,1.79,0,7.11
4/1/2026,09:30, ,gtmpiwq_20H100465_032726_050000.bin,Pine Island,GTMNERR,0,50.987,0,33.52,0,3.822,0,80.6,0,5.86,0,34.01,11.29,7.6,0,-73.2,5.71,21.433,0,6.81,0,1.197,1.8,0,7.14
4/1/2026,09:45, ,gtmpiwq_20H100465_032726_050000.bin,Pine Island,GTMNERR,0,51.019,0,33.55,0,3.821,0,84,0,6.11,0,32.59,10.82,7.62,0,-74.3,5.7,21.404,0,9.55,0,1.192,1.79,0,7.1
4/1/2026,10:00, ,gtmpiwq_20H100465_032726_050000.bin,Pine Island,GTMNERR,0,51.026,0,33.55,0,3.805,0,69.8,0,5.08,0,33.35,11.07,7.55,0,-70.3,5.71,21.435,0,5.34,0,1.193,1.54,0,6.09
4/1/2026,10:15, ,gtmpiwq_20H100465_032726_050000.bin,Pine Island,GTMNERR,0,51.007,0,33.54,0,3.769,0,81.4,0,5.92,0,32.69,10.85,7.62,0,-74.3,5.7,21.47,0,6.1,0,1.203,1.73,0,6.86
4/1/2026,10:30, ,gtmpiwq_20H100465_032726_050000.bin,Pine Island,GTMNERR,0,50.961,0,33.5,0,3.719,0,84.5,0,6.14,0,31.79,10.55,7.62,0,-74.2,5.7,21.52,0,6.05,0,1.208,2.07,0,8.25
4/1/2026,10:45, ,gtmpiwq_20H100465_032726_050000.bin,Pine Island,GTMNERR,0,50.895,0,33.45,0,3.656,0,86,0,6.24,0,34.72,11.53,7.61,0,-74,5.71,21.587,0,8.24,0,1.202,1.89,0,7.5
4/1/2026,11:00, ,gtmpiwq_20H100465_032726_050000.bin,Pine Island,GTMNERR,0,50.71,0,33.31,0,3.585,0,86.9,0,6.29,0,36.08,11.98,7.6,0,-73.4,5.7,21.778,0,8.29,0,1.193,1.99,0,7.91
4/1/2026,11:15, ,gtmpiwq_20H100465_032726_050000.bin,Pine Island,GTMNERR,0,50.554,0,33.2,0,3.517,0,87.2,0,6.29,0,38.54,12.8,7.59,0,-72.8,5.7,21.907,0,8.37,0,1.194,1.96,0,7.78
4/1/2026,11:30, ,gtmpiwq_20H100465_032726_050000.bin,Pine Island,GTMNERR,0,50.489,0,33.15,0,3.453,0,86.2,0,6.22,0,40.6,13.49,7.58,0,-72.3,5.7,21.948,0,8.39,0,1.195,1.97,0,7.84
4/1/2026,11:45, ,gtmpiwq_20H100465_032726_050000.bin,Pine Island,GTMNERR,0,50.457,0,33.13,0,3.374,0,86.1,0,6.22,0,41.33,13.73,7.58,0,-72,5.7,21.932,0,9.27,0,1.207,1.8,0,7.16
4/1/2026,12:00, ,gtmpiwq_20H100465_032726_050000.bin,Pine Island,GTMNERR,0,50.391,0,33.08,0,3.291,0,86.8,0,6.26,0,41.25,13.71,7.58,0,-71.8,5.7,22.034,0,11.25,0,1.202,2.09,0,8.3
4/1/2026,12:15, ,gtmpiwq_20H100465_032726_050000.bin,Pine Island,GTMNERR,0,50.303,0,33.01,0,3.213,0,86.6,0,6.24,0,41.64,13.84,7.57,0,-71.2,5.7,22.095,0,12.96,0,1.201,2.15,0,8.56
4/1/2026,12:30, ,gtmpiwq_20H100465_032726_050000.bin,Pine Island,GTMNERR,0,50.285,0,33,0,3.122,0,87.3,0,6.28,0,41.26,13.71,7.57,0,-71.3,5.7,22.2,0,14.99,0,1.199,2.25,0,8.96
4/1/2026,12:45, ,gtmpiwq_20H100465_032726_050000.bin,Pine Island,GTMNERR,0,50.259,0,32.98,0,3.029,0,88.3,0,6.34,0,42.36,14.08,7.57,0,-71.4,5.69,22.315,0,12.62,0,1.194,2.25,0,8.97
4/1/2026,13:00, ,gtmpiwq_20H100465_032726_050000.bin,Pine Island,GTMNERR,0,50.205,0,32.94,0,2.931,0,88.1,0,6.32,0,42.97,14.28,7.56,0,-70.7,5.69,22.368,0,11.96,0,1.192,2.29,0,9.13
4/1/2026,13:15, ,gtmpiwq_20H100465_032726_050000.bin,Pine Island,GTMNERR,0,50.106,0,32.86,0,2.826,0,88.6,0,6.35,0,44.07,14.65,7.55,0,-70.4,5.7,22.455,0,10.62,0,1.202,2.34,0,9.32
4/1/2026,13:30, ,gtmpiwq_20H100465_032726_050000.bin,Pine Island,GTMNERR,0,49.965,0,32.76,0,2.728,0,88.8,0,6.36,0,45.55,15.14,7.55,0,-70.2,5.68,22.56,0,10.65,0,1.209,2.64,0,10.56
4/1/2026,13:45, ,gtmpiwq_20H100465_032726_050000.bin,Pine Island,GTMNERR,0,49.818,0,32.65,0,2.608,0,89.7,0,6.41,0,46.56,15.48,7.54,0,-69.7,5.68,22.695,0,11.82,0,1.211,2.66,0,10.65
4/1/2026,14:00, ,gtmpiwq_20H100465_032726_050000.bin,Pine Island,GTMNERR,0,49.759,0,32.6,0,2.506,0,90.6,0,6.46,0,46.81,15.56,7.54,0,-69.8,5.67,22.853,0,12.88,0,1.198,2.7,0,10.81
4/1/2026,14:15, ,gtmpiwq_20H100465_032726_050000.bin,Pine Island,GTMNERR,0,49.717,0,32.57,0,2.412,0,91.2,0,6.49,0,46.61,15.5,7.54,0,-69.8,5.67,22.935,0,12.01,0,1.2,2.86,0,11.44
4/1/2026,14:30, ,gtmpiwq_20H100465_032726_050000.bin,Pine Island,GTMNERR,0,49.677,0,32.54,0,2.329,0,91.9,0,6.53,0,47.83,15.9,7.54,0,-69.8,5.62,23.008,0,10.23,0,1.203,3.58,0,14.38
4/1/2026,14:45, ,gtmpiwq_20H100465_032726_050000.bin,Pine Island,GTMNERR,0,49.662,0,32.53,0,2.268,0,92.3,0,6.55,0,48.12,16,7.54,0,-69.9,5.62,23.099,0,11.05,0,1.202,3.05,0,12.21
4/1/2026,15:00, ,gtmpiwq_20H100465_032726_050000.bin,Pine Island,GTMNERR,0,49.668,0,32.53,0,2.228,0,92.5,0,6.56,0,48.06,15.98,7.54,0,-69.8,5.65,23.179,0,8.06,0,1.203,3.62,0,14.53
4/1/2026,15:15, ,gtmpiwq_20H100465_032726_050000.bin,Pine Island,GTMNERR,0,49.613,0,32.49,0,2.212,0,87.1,0,6.17,0,49.68,16.52,7.52,0,-68.9,5.62,23.216,0,9.05,0,1.204,3.2,0,12.85
4/1/2026,15:30, ,gtmpiwq_20H100465_032726_050000.bin,Pine Island,GTMNERR,0,49.613,0,32.49,0,2.23,0,81.1,0,5.74,0,46.35,15.41,7.51,0,-68.3,5.63,23.289,0,6.88,0,1.206,2.8,0,11.22
4/1/2026,15:45, ,gtmpiwq_20H100465_032726_050000.bin,Pine Island,GTMNERR,0,49.713,0,32.56,0,2.282,0,91.7,0,6.48,0,48.67,16.18,7.54,0,-70,5.64,23.311,0,7.45,0,1.211,3.63,0,14.58
4/1/2026,16:00, ,gtmpiwq_20H100465_032726_050000.bin,Pine Island,GTMNERR,0,49.67,0,32.53,0,2.354,0,91.7,0,6.5,0,48.49,16.12,7.53,0,-69.2,5.64,23.228,0,7.61,0,1.201,3.6,0,14.47
4/1/2026,16:15, ,gtmpiwq_20H100465_032726_050000.bin,Pine Island,GTMNERR,0,49.791,0,32.62,0,2.439,0,93.4,0,6.61,0,48.06,15.98,7.55,0,-70.4,5.65,23.208,0,10.93,0,1.194,3.93,0,15.81
4/1/2026,16:30, ,gtmpiwq_20H100465_032726_050000.bin,Pine Island,GTMNERR,0,49.834,0,32.65,0,2.532,0,94,0,6.66,0,47.56,15.81,7.56,0,-70.7,5.65,23.147,0,10.45,0,1.193,3.94,0,15.84
4/1/2026,16:45, ,gtmpiwq_20H100465_032726_050000.bin,Pine Island,GTMNERR,0,49.806,0,32.63,0,2.616,0,93.2,0,6.61,0,44.52,14.8,7.55,0,-70.6,5.65,23.091,0,12.27,0,1.211,4.22,0,16.99
4/1/2026,17:00, ,gtmpiwq_20H100465_032726_050000.bin,Pine Island,GTMNERR,0,49.922,0,32.72,0,2.709,0,93.5,0,6.63,0,45.87,15.25,7.56,0,-71,5.65,23.075,0,11.89,0,1.201,4.4,0,17.72
4/1/2026,17:15, ,gtmpiwq_20H100465_032726_050000.bin,Pine Island,GTMNERR,0,49.992,0,32.77,0,2.797,0,91.9,0,6.53,0,45.08,14.98,7.56,0,-70.8,5.65,22.962,0,14.06,0,1.201,4,0,16.08
4/1/2026,17:30, ,gtmpiwq_20H100465_032726_050000.bin,Pine Island,GTMNERR,0,50.135,0,32.88,0,2.883,0,92.5,0,6.58,0,44.02,14.63,7.57,0,-71.5,5.65,22.898,0,11.02,0,1.201,3.89,0,15.64
4/1/2026,17:45, ,gtmpiwq_20H100465_032726_050000.bin,Pine Island,GTMNERR,0,50.247,0,32.96,0,2.964,0,92.6,0,6.58,0,42.81,14.23,7.57,0,-71.5,5.65,22.941,0,11.18,0,1.194,4.12,0,16.57
4/1/2026,18:00, ,gtmpiwq_20H100465_032726_050000.bin,Pine Island,GTMNERR,0,50.221,0,32.94,0,3.038,0,91.6,0,6.52,0,43.59,14.49,7.57,0,-71.4,5.65,22.835,0,10.69,0,1.202,3.79,0,15.22
4/1/2026,18:15, ,gtmpiwq_20H100465_032726_050000.bin,Pine Island,GTMNERR,0,50.262,0,32.97,0,3.113,0,91.8,0,6.54,0,43.74,14.54,7.58,0,-72,5.65,22.758,0,10.5,0,1.205,3.9,0,15.66
4/1/2026,18:30, ,gtmpiwq_20H100465_032726_050000.bin,Pine Island,GTMNERR,0,50.411,0,33.08,0,3.187,0,92.6,0,6.59,0,42.08,13.98,7.59,0,-72.6,5.65,22.822,0,10.92,0,1.203,3.75,0,15.08
4/1/2026,18:45, ,gtmpiwq_20H100465_032726_050000.bin,Pine Island,GTMNERR,0,50.433,0,33.1,0,3.258,0,91.7,0,6.53,0,39.49,13.12,7.59,0,-72.5,5.65,22.744,0,10.72,0,1.206,3.78,0,15.2
4/1/2026,19:00, ,gtmpiwq_20H100465_032726_050000.bin,Pine Island,GTMNERR,0,50.534,0,33.17,0,3.327,0,91.9,0,6.54,0,40.36,13.41,7.6,0,-73.1,5.65,22.728,0,9.04,0,1.205,3.78,0,15.21
4/1/2026,19:15, ,gtmpiwq_20H100465_032726_050000.bin,Pine Island,GTMNERR,0,50.511,0,33.16,0,3.397,0,91.2,0,6.5,0,40.14,13.34,7.59,0,-72.7,5.65,22.633,0,11.47,0,1.207,4.29,0,17.27
4/1/2026,19:30, ,gtmpiwq_20H100465_032726_050000.bin,Pine Island,GTMNERR,0,50.687,0,33.29,0,3.464,0,91.8,0,6.55,0,38.23,12.7,7.61,0,-73.7,5.65,22.54,0,9.8,0,1.209,3.68,0,14.76
4/1/2026,19:45, ,gtmpiwq_20H100465_032726_050000.bin,Pine Island,GTMNERR,0,50.783,0,33.36,0,3.537,0,92,0,6.57,0,38.29,12.72,7.62,0,-74.2,5.65,22.505,0,6.98,0,1.212,3.54,0,14.19
4/1/2026,20:00, ,gtmpiwq_20H100465_032726_050000.bin,Pine Island,GTMNERR,0,50.847,0,33.41,0,3.598,0,91.4,0,6.53,0,36.97,12.28,7.62,0,-74.6,5.65,22.448,0,8.4,0,1.201,3.3,0,13.24
4/1/2026,20:15, ,gtmpiwq_20H100465_032726_050000.bin,Pine Island,GTMNERR,0,50.859,0,33.42,0,3.656,0,89.9,0,6.43,0,36.11,11.99,7.62,0,-74.2,5.65,22.38,0,8.25,0,1.195,3.33,0,13.34
4/1/2026,20:30, ,gtmpiwq_20H100465_032726_050000.bin,Pine Island,GTMNERR,0,50.872,0,33.43,0,3.71,0,89.6,0,6.41,0,35.86,11.91,7.62,0,-74.3,5.65,22.357,0,9.78,0,1.198,3.39,0,13.58
4/1/2026,20:45, ,gtmpiwq_20H100465_032726_050000.bin,Pine Island,GTMNERR,0,50.948,0,33.48,0,3.754,0,90.1,0,6.45,0,35.18,11.68,7.62,0,-74.6,5.65,22.309,0,8.29,0,1.202,3.16,0,12.65
4/1/2026,21:00, ,gtmpiwq_20H100465_032726_050000.bin,Pine Island,GTMNERR,0,51.045,0,33.55,0,3.796,0,88.3,0,6.32,0,33.98,11.28,7.63,0,-75.1,5.65,22.222,0,8.47,0,1.209,3.17,0,12.71
4/1/2026,21:15, ,gtmpiwq_20H100465_032726_050000.bin,Pine Island,GTMNERR,0,51.105,0,33.6,0,3.827,0,88.2,0,6.32,0,32.6,10.82,7.63,0,-75.2,5.65,22.167,0,6.9,0,1.202,3.01,0,12.07
4/1/2026,21:30, ,gtmpiwq_20H100465_032726_050000.bin,Pine Island,GTMNERR,0,51.178,0,33.65,0,3.854,0,87.2,0,6.26,0,32.34,10.73,7.64,0,-75.6,5.65,22.118,0,6.9,0,1.193,2.96,0,11.86
4/1/2026,21:45, ,gtmpiwq_20H100465_032726_050000.bin,Pine Island,GTMNERR,0,51.235,0,33.7,0,3.87,0,89.1,0,6.39,0,30.74,10.2,7.65,0,-76,5.65,22.08,0,5.69,0,1.2,2.74,0,10.95
4/1/2026,22:00, ,gtmpiwq_20H100465_032726_050000.bin,Pine Island,GTMNERR,0,51.26,0,33.72,0,3.879,0,84.8,0,6.09,0,30.33,10.06,7.63,0,-75,5.65,22.043,0,5.27,0,1.211,2.71,0,10.86
4/1/2026,22:15, ,gtmpiwq_20H100465_032726_050000.bin,Pine Island,GTMNERR,0,51.281,0,33.73,0,3.873,0,79.1,0,5.69,0,29.76,9.87,7.62,0,-74.4,5.65,22.022,0,4.79,0,1.201,2.47,0,9.87
4/1/2026,22:30, ,gtmpiwq_20H100465_032726_050000.bin,Pine Island,GTMNERR,0,51.261,0,33.72,0,3.849,0,68.2,0,4.9,0,28.5,9.45,7.61,0,-73.6,5.65,22.033,0,4.33,0,1.198,2.44,0,9.73
4/1/2026,22:45, ,gtmpiwq_20H100465_032726_050000.bin,Pine Island,GTMNERR,0,51.156,0,33.64,0,3.806,0,69.3,0,4.98,0,28.87,9.58,7.64,0,-75.7,5.65,22.031,0,4.26,0,1.201,2.18,0,8.68
4/1/2026,23:00, ,gtmpiwq_20H100465_032726_050000.bin,Pine Island,GTMNERR,0,51.075,0,33.58,0,3.751,0,81.6,0,5.86,0,31.34,10.4,7.65,0,-76,5.65,22.054,0,4.29,0,1.198,2.58,0,10.32
4/1/2026,23:15, ,gtmpiwq_20H100465_032726_050000.bin,Pine Island,GTMNERR,0,51.051,0,33.56,0,3.692,0,87.7,0,6.3,0,32.87,10.91,7.64,0,-75.9,5.65,22.103,0,7.57,0,1.195,2.79,0,11.18
4/1/2026,23:30, ,gtmpiwq_20H100465_032726_050000.bin,Pine Island,GTMNERR,0,50.944,0,33.48,0,3.628,0,89.5,0,6.42,0,35.11,11.66,7.63,0,-75,5.65,22.221,0,6.87,0,1.193,2.48,0,9.92
4/1/2026,23:45, ,gtmpiwq_20H100465_032726_050000.bin,Pine Island,GTMNERR,0,50.763,0,33.35,0,3.566,0,90.1,0,6.44,0,37.29,12.39,7.62,0,-74.3,5.65,22.378,0,7.44,0,1.197,2.64,0,10.58
4/2/2026,00:00, ,gtmpiwq_20H100465_032726_050000.bin,Pine Island,GTMNERR,0,50.712,0,33.31,0,3.499,0,90,0,6.43,0,37.49,12.45,7.61,0,-74,5.65,22.423,0,9.39,0,1.203,2.67,0,10.68
4/2/2026,00:15, ,gtmpiwq_20H100465_032726_050000.bin,Pine Island,GTMNERR,0,50.655,0,33.26,0,3.421,0,90,0,6.43,0,38.98,12.95,7.61,0,-73.6,5.65,22.471,0,7.05,0,1.209,2.63,0,10.53
4/2/2026,00:30, ,gtmpiwq_20H100465_032726_050000.bin,Pine Island,GTMNERR,0,50.617,0,33.24,0,3.34,0,90.5,0,6.46,0,38.47,12.78,7.61,0,-73.7,5.65,22.512,0,11.45,0,1.206,2.84,0,11.35
4/2/2026,00:45, ,gtmpiwq_20H100465_032726_050000.bin,Pine Island,GTMNERR,0,50.502,0,33.15,0,3.256,0,90,0,6.43,0,39.29,13.05,7.59,0,-72.9,5.65,22.574,0,14.44,0,1.199,2.71,0,10.85
4/2/2026,01:00, ,gtmpiwq_20H100465_032726_050000.bin,Pine Island,GTMNERR,0,50.447,0,33.11,0,3.175,0,90.6,0,6.46,0,39.59,13.15,7.59,0,-72.9,5.65,22.613,0,16.31,0,1.197,3.18,0,12.75
4/2/2026,01:15, ,gtmpiwq_20H100465_032726_050000.bin,Pine Island,GTMNERR,0,50.395,0,33.07,0,3.084,0,90.5,0,6.45,0,40.93,13.6,7.59,0,-72.6,5.65,22.662,0,13.18,0,1.195,2.89,0,11.56
4/2/2026,01:30, ,gtmpiwq_20H100465_032726_050000.bin,Pine Island,GTMNERR,0,50.359,0,33.04,0,2.994,0,90.5,0,6.45,0,41.34,13.74,7.58,0,-72.1,5.65,22.715,0,13.41,0,1.201,3,0,12.02
4/2/2026,01:45, ,gtmpiwq_20H100465_032726_050000.bin,Pine Island,GTMNERR,0,50.327,0,33.02,0,2.893,0,90.2,0,6.43,0,42.01,13.96,7.58,0,-72.1,5.65,22.726,0,12.37,0,1.204,2.92,0,11.7
4/2/2026,02:00, ,gtmpiwq_20H100465_032726_050000.bin,Pine Island,GTMNERR,0,50.24,0,32.96,0,2.786,0,89.8,0,6.4,0,43.29,14.39,7.57,0,-71.7,5.65,22.737,0,12.84,0,1.205,2.94,0,11.77
4/2/2026,02:15, ,gtmpiwq_20H100465_032726_050000.bin,Pine Island,GTMNERR,0,50.088,0,32.84,0,2.676,0,88.8,0,6.33,0,44.29,14.72,7.55,0,-70.6,5.65,22.744,0,14.54,0,1.207,2.77,0,11.08
4/2/2026,02:30, ,gtmpiwq_20H100465_032726_050000.bin,Pine Island,GTMNERR,0,50.04,0,32.81,0,2.566,0,88.5,0,6.31,0,45,14.96,7.55,0,-70.5,5.65,22.736,0,14.91,0,1.209,2.92,0,11.71
4/2/2026,02:45, ,gtmpiwq_20H100465_032726_050000.bin,Pine Island,GTMNERR,0,49.999,0,32.78,0,2.462,0,87.7,0,6.26,0,45.77,15.21,7.54,0,-70,5.64,22.734,0,13.34,0,1.208,2.74,0,10.97
4/2/2026,03:00, ,gtmpiwq_20H100465_032726_050000.bin,Pine Island,GTMNERR,0,49.935,0,32.73,0,2.367,0,86.3,0,6.16,0,46.72,15.53,7.53,0,-69.2,5.65,22.712,0,13.25,0,1.207,2.9,0,11.62
4/2/2026,03:15, ,gtmpiwq_20H100465_032726_050000.bin,Pine Island,GTMNERR,0,49.875,0,32.69,0,2.289,0,85.4,0,6.1,0,47.08,15.65,7.52,0,-68.5,5.65,22.713,0,13.13,0,1.208,3.01,0,12.05
4/2/2026,03:30, ,gtmpiwq_20H100465_032726_050000.bin,Pine Island,GTMNERR,0,49.844,0,32.67,0,2.227,0,84.1,0,6.01,0,48.11,16,7.51,0,-68,5.65,22.684,0,12.6,0,1.198,3.12,0,12.51
4/2/2026,03:45, ,gtmpiwq_20H100465_032726_050000.bin,Pine Island,GTMNERR,0,49.818,0,32.65,0,2.197,0,83,0,5.93,0,49.11,16.33,7.5,0,-67.5,5.65,22.683,0,9.42,0,1.196,3.05,0,12.22
4/2/2026,04:00, ,gtmpiwq_20H100465_032726_050000.bin,Pine Island,GTMNERR,0,49.809,0,32.64,0,2.191,0,73.2,0,5.24,0,49.84,16.57,7.48,0,-66,5.64,22.663,0,7.97,0,1.2,2.65,0,10.6
4/2/2026,04:15, ,gtmpiwq_20H100465_032726_050000.bin,Pine Island,GTMNERR,0,49.817,0,32.65,0,2.227,0,60.7,0,4.34,0,49.11,16.33,7.43,0,-63.1,5.65,22.65,0,5.87,0,1.199,2.32,0,9.26
4/2/2026,04:30, ,gtmpiwq_20H100465_032726_050000.bin,Pine Island,GTMNERR,0,49.853,0,32.67,0,2.304,0,79.6,0,5.69,0,51.23,17.03,7.49,0,-67,5.65,22.634,0,7.96,0,1.197,3.13,0,12.55
4/2/2026,04:45, ,gtmpiwq_20H100465_032726_050000.bin,Pine Island,GTMNERR,0,49.903,0,32.71,0,2.402,0,81.2,0,5.81,0,49.06,16.31,7.49,0,-66.9,5.64,22.575,0,11.59,0,1.198,3.25,0,13.03
4/2/2026,05:00, ,gtmpiwq_20H100465_032726_050000.bin,Pine Island,GTMNERR,0,49.995,0,32.78,0,2.509,0,82.1,0,5.88,0,47.79,15.89,7.51,0,-67.9,5.65,22.545,0,14.38,0,1.206,3.19,0,12.77
4/2/2026,05:15, ,gtmpiwq_20H100465_032726_050000.bin,Pine Island,GTMNERR,0,50.085,0,32.85,0,2.606,0,82.5,0,5.91,0,46.29,15.39,7.52,0,-68.2,5.64,22.496,0,12.88,0,1.212,3.16,0,12.65
4/2/2026,05:30, ,gtmpiwq_20H100465_032726_050000.bin,Pine Island,GTMNERR,0,50.08,0,32.84,0,2.703,0,82.6,0,5.92,0,46.97,15.62,7.52,0,-68.3,5.65,22.511,0,11.35,0,1.204,2.98,0,11.93
4/2/2026,05:45, ,gtmpiwq_20H100465_032726_050000.bin,Pine Island,GTMNERR,0,50.181,0,32.92,0,2.79,0,83.3,0,5.96,0,44.64,14.84,7.53,0,-69.2,5.65,22.488,0,15.31,0,1.2,3.08,0,12.35
4/2/2026,06:00, ,gtmpiwq_20H100465_032726_050000.bin,Pine Island,GTMNERR,0,50.312,0,33.01,0,2.876,0,81.9,0,5.87,0,43.17,14.35,7.53,0,-69.3,5.65,22.36,0,14.86,0,1.196,3.17,0,12.73
4/2/2026,06:15, ,gtmpiwq_20H100465_032726_050000.bin,Pine Island,GTMNERR,0,50.367,0,33.05,0,2.955,0,82.3,0,5.9,0,43.31,14.39,7.54,0,-69.6,5.65,22.355,0,15.99,0,1.192,3.13,0,12.53
4/2/2026,06:30, ,gtmpiwq_20H100465_032726_050000.bin,Pine Island,GTMNERR,0,50.419,0,33.09,0,3.029,0,81.8,0,5.86,0,42.82,14.23,7.53,0,-69.4,5.64,22.34,0,13.29,0,1.196,3.19,0,12.8
4/2/2026,06:45, ,gtmpiwq_20H100465_032726_050000.bin,Pine Island,GTMNERR,0,50.451,0,33.12,0,3.102,0,81.2,0,5.83,0,42.18,14.02,7.54,0,-69.5,5.65,22.323,0,14.56,0,1.201,2.88,0,11.51
4/2/2026,07:00, ,gtmpiwq_20H100465_032726_050000.bin,Pine Island,GTMNERR,0,50.502,0,33.15,0,3.172,0,81.5,0,5.85,0,41.42,13.76,7.54,0,-70,5.65,22.287,0,12.2,0,1.204,2.86,0,11.44
4/2/2026,07:15, ,gtmpiwq_20H100465_032726_050000.bin,Pine Island,GTMNERR,0,50.527,0,33.17,0,3.237,0,82.6,0,5.93,0,37.68,12.52,7.55,0,-70.4,5.65,22.272,0,19.45,0,1.209,2.96,0,11.84
4/2/2026,07:30, ,gtmpiwq_20H100465_032726_050000.bin,Pine Island,GTMNERR,0,50.589,0,33.22,0,3.299,0,82.5,0,5.92,0,40.14,13.34,7.55,0,-70.5,5.65,22.236,0,12.58,0,1.204,2.75,0,10.99
4/2/2026,07:45, ,gtmpiwq_20H100465_032726_050000.bin,Pine Island,GTMNERR,0,50.622,0,33.24,0,3.36,0,82.7,0,5.94,0,39.83,13.23,7.56,0,-71.1,5.65,22.216,0,15.46,0,1.199,2.74,0,10.98
4/2/2026,08:00, ,gtmpiwq_20H100465_032726_050000.bin,Pine Island,GTMNERR,0,50.684,0,33.29,0,3.422,0,82.6,0,5.94,0,38.63,12.83,7.57,0,-71.2,5.65,22.171,0,13.4,0,1.197,2.78,0,11.13
4/2/2026,08:15, ,gtmpiwq_20H100465_032726_050000.bin,Pine Island,GTMNERR,0,50.738,0,33.33,0,3.487,0,82.2,0,5.91,0,36.9,12.26,7.57,0,-71.3,5.65,22.13,0,13.82,0,1.196,2.7,0,10.81
4/2/2026,08:30, ,gtmpiwq_20H100465_032726_050000.bin,Pine Island,GTMNERR,0,50.846,0,33.41,0,3.536,0,83.9,0,6.04,0,37.02,12.3,7.58,0,-72.2,5.65,22.059,0,10.98,0,1.201,2.23,0,8.89
4/2/2026,08:45, ,gtmpiwq_20H100465_032726_050000.bin,Pine Island,GTMNERR,0,50.888,0,33.44,0,3.594,0,82.1,0,5.91,0,37.33,12.4,7.58,0,-72,5.65,22.042,0,8.99,0,1.206,2.29,0,9.15
4/2/2026,09:00, ,gtmpiwq_20H100465_032726_050000.bin,Pine Island,GTMNERR,0,50.946,0,33.48,0,3.645,0,81.7,0,5.88,0,36.01,11.96,7.58,0,-72.2,5.65,22.016,0,11.41,0,1.21,2.3,0,9.19
4/2/2026,09:15, ,gtmpiwq_20H100465_032726_050000.bin,Pine Island,GTMNERR,0,50.971,0,33.5,0,3.686,0,82.2,0,5.91,0,34.29,11.38,7.58,0,-72.2,5.65,22.012,0,10.96,0,1.201,2.35,0,9.39
4/2/2026,09:30, ,gtmpiwq_20H100465_032726_050000.bin,Pine Island,GTMNERR,0,50.976,0,33.51,0,3.722,0,81,0,5.83,0,34.81,11.56,7.59,0,-72.4,5.65,22.016,0,14.43,0,1.201,2.34,0,9.34
4/2/2026,09:45, ,gtmpiwq_20H100465_032726_050000.bin,Pine Island,GTMNERR,0,50.999,0,33.52,0,3.75,0,80.5,0,5.79,0,35,11.62,7.59,0,-72.4,5.65,22.015,0,10.08,0,1.2,2.16,0,8.61
4/2/2026,10:00, ,gtmpiwq_20H100465_032726_050000.bin,Pine Island,GTMNERR,0,51.039,0,33.55,0,3.768,0,78.9,0,5.67,0,34.52,11.46,7.59,0,-72.4,5.65,22.013,0,9.03,0,1.199,2.08,0,8.3
4/2/2026,10:15, ,gtmpiwq_20H100465_032726_050000.bin,Pine Island,GTMNERR,0,51.085,0,33.59,0,3.772,0,77.2,0,5.55,0,33.32,11.06,7.58,0,-72.3,5.65,22.021,0,7.19,0,1.197,1.82,0,7.23
4/2/2026,10:30, ,gtmpiwq_20H100465_032726_050000.bin,Pine Island,GTMNERR,0,51.077,0,33.58,0,3.759,0,67.7,0,4.87,0,31.79,10.55,7.57,0,-71.2,5.65,22.046,0,6.84,0,1.194,1.81,0,7.19
4/2/2026,10:45, ,gtmpiwq_20H100465_032726_050000.bin,Pine Island,GTMNERR,0,51.024,0,33.54,0,3.723,0,70.2,0,5.05,0,32.33,10.73,7.59,0,-72.6,5.65,22.05,0,4.8,0,1.192,1.96,0,7.81
4/2/2026,11:00, ,gtmpiwq_20H100465_032726_050000.bin,Pine Island,GTMNERR,0,51.035,0,33.55,0,3.67,0,80.9,0,5.81,0,33.19,11.02,7.6,0,-73.1,5.65,22.08,0,5.82,0,1.192,1.83,0,7.25
4/2/2026,11:15, ,gtmpiwq_20H100465_032726_050000.bin,Pine Island,GTMNERR,0,50.982,0,33.51,0,3.607,0,84.4,0,6.06,0,32.76,10.88,7.6,0,-73.4,5.64,22.114,0,12.53,0,1.194,2.36,0,9.42
4/2/2026,11:30, ,gtmpiwq_20H100465_032726_050000.bin,Pine Island,GTMNERR,0,50.872,0,33.43,0,3.54,0,86.5,0,6.2,0,35.74,11.87,7.6,0,-73.4,5.65,22.293,0,11.24,0,1.206,2.25,0,8.99
4/2/2026,11:45, ,gtmpiwq_20H100465_032726_050000.bin,Pine Island,GTMNERR,0,50.7,0,33.3,0,3.466,0,87.4,0,6.25,0,39.41,13.09,7.59,0,-72.6,5.65,22.44,0,9.76,0,1.201,2.25,0,8.98
4/2/2026,12:00, ,gtmpiwq_20H100465_032726_050000.bin,Pine Island,GTMNERR,0,50.654,0,33.26,0,3.397,0,87.1,0,6.22,0,40.17,13.35,7.58,0,-72.3,5.64,22.516,0,7.98,0,1.198,2.3,0,9.16
4/2/2026,12:15, ,gtmpiwq_20H100465_032726_050000.bin,Pine Island,GTMNERR,0,50.599,0,33.22,0,3.325,0,86.6,0,6.19,0,41.04,13.64,7.57,0,-71.8,5.64,22.524,0,8.03,0,1.196,2.43,0,9.72
4/2/2026,12:30, ,gtmpiwq_20H100465_032726_050000.bin,Pine Island,GTMNERR,0,50.546,0,33.18,0,3.244,0,87,0,6.2,0,40.19,13.35,7.57,0,-71.7,5.65,22.615,0,12.59,0,1.193,2.49,0,9.96
4/2/2026,12:45, ,gtmpiwq_20H100465_032726_050000.bin,Pine Island,GTMNERR,0,50.481,0,33.13,0,3.162,0,87.2,0,6.21,0,40.34,13.4,7.57,0,-71.3,5.64,22.68,0,14.72,0,1.193,2.61,0,10.44
4/2/2026,13:00, ,gtmpiwq_20H100465_032726_050000.bin,Pine Island,GTMNERR,0,50.485,0,33.13,0,3.07,0,88.1,0,6.27,0,39.74,13.2,7.57,0,-71.4,5.65,22.777,0,17.16,0,1.202,2.91,0,11.66
4/2/2026,13:15, ,gtmpiwq_20H100465_032726_050000.bin,Pine Island,GTMNERR,0,50.456,0,33.11,0,2.987,0,88.9,0,6.32,0,41.07,13.65,7.57,0,-71.4,5.65,22.889,0,14.54,0,1.208,2.56,0,10.25
4/2/2026,13:30, ,gtmpiwq_20H100465_032726_050000.bin,Pine Island,GTMNERR,0,50.402,0,33.07,0,2.884,0,89.2,0,6.32,0,42.19,14.02,7.56,0,-71.2,5.65,22.982,0,13.33,0,1.203,2.46,0,9.85
4/2/2026,13:45, ,gtmpiwq_20H100465_032726_050000.bin,Pine Island,GTMNERR,0,50.318,0,33.01,0,2.784,0,89.2,0,6.32,0,43.13,14.33,7.56,0,-70.9,5.62,23.072,0,11.75,0,1.201,2.75,0,11.01
4/2/2026,14:00, ,gtmpiwq_20H100465_032726_050000.bin,Pine Island,GTMNERR,0,50.228,0,32.94,0,2.676,0,90,0,6.36,0,44.1,14.66,7.56,0,-70.7,5.61,23.194,0,12.54,0,1.202,3.08,0,12.35
4/2/2026,14:15, ,gtmpiwq_20H100465_032726_050000.bin,Pine Island,GTMNERR,0,50.113,0,32.85,0,2.564,0,91,0,6.42,0,44.96,14.95,7.55,0,-70.2,5.62,23.354,0,11.52,0,1.198,3.12,0,12.49
4/2/2026,14:30, ,gtmpiwq_20H100465_032726_050000.bin,Pine Island,GTMNERR,0,50.068,0,32.82,0,2.467,0,92.4,0,6.5,0,45.67,15.18,7.55,0,-70.5,5.61,23.518,0,11.62,0,1.193,3.26,0,13.06
4/2/2026,14:45, ,gtmpiwq_20H100465_032726_050000.bin,Pine Island,GTMNERR,0,50.059,0,32.81,0,2.367,0,94.5,0,6.62,0,46.48,15.45,7.56,0,-70.9,5.63,23.704,0,10.04,0,1.193,3.15,0,12.61
4/2/2026,15:00, ,gtmpiwq_20H100465_032726_050000.bin,Pine Island,GTMNERR,0,50.019,0,32.77,0,2.286,0,94.4,0,6.61,0,46.13,15.33,7.55,0,-70.6,5.6,23.812,0,9.12,0,1.205,3.51,0,14.1
4/2/2026,15:15, ,gtmpiwq_20H100465_032726_050000.bin,Pine Island,GTMNERR,0,49.944,0,32.72,0,2.21,0,93.5,0,6.53,0,45.95,15.27,7.55,0,-70.4,5.59,23.914,0,10.05,0,1.204,3.33,0,13.36
4/2/2026,15:30, ,gtmpiwq_20H100465_032726_050000.bin,Pine Island,GTMNERR,0,49.947,0,32.72,0,2.157,0,95.2,0,6.64,0,45.84,15.24,7.55,0,-70.6,5.6,24.065,0,7.17,0,1.195,3.49,0,13.99
4/2/2026,15:45, ,gtmpiwq_20H100465_032726_050000.bin,Pine Island,GTMNERR,0,49.974,0,32.74,0,2.123,0,92.8,0,6.46,0,46.93,15.6,7.54,0,-69.8,5.59,24.145,0,7.01,0,1.194,3.41,0,13.67
4/2/2026,16:00, ,gtmpiwq_20H100465_032726_050000.bin,Pine Island,GTMNERR,0,49.982,0,32.74,0,2.13,0,87.9,0,6.11,0,46.75,15.54,7.52,0,-68.8,5.6,24.207,0,5.24,0,1.196,3.49,0,14.02
4/2/2026,16:15, ,gtmpiwq_20H100465_032726_050000.bin,Pine Island,GTMNERR,0,50.013,0,32.76,0,2.198,0,92.2,0,6.4,0,44.81,14.9,7.55,0,-70.5,5.59,24.301,0,7.86,0,1.205,3.62,0,14.53
4/2/2026,16:30, ,gtmpiwq_20H100465_032726_050000.bin,Pine Island,GTMNERR,0,49.984,0,32.74,0,2.286,0,95.5,0,6.65,0,47.03,15.64,7.55,0,-70.7,5.59,24.128,0,11.4,0,1.21,4.18,0,16.82
4/2/2026,16:45, ,gtmpiwq_20H100465_032726_050000.bin,Pine Island,GTMNERR,0,50.064,0,32.8,0,2.386,0,96.7,0,6.74,0,46.13,15.34,7.57,0,-71.6,5.61,24.089,0,10.23,0,1.202,4.34,0,17.46
4/2/2026,17:00, ,gtmpiwq_20H100465_032726_050000.bin,Pine Island,GTMNERR,0,50.072,0,32.81,0,2.483,0,96.5,0,6.73,0,46.21,15.36,7.57,0,-71.6,5.6,23.984,0,11.05,0,1.197,4.52,0,18.18
4/2/2026,17:15, ,gtmpiwq_20H100465_032726_050000.bin,Pine Island,GTMNERR,0,50.065,0,32.81,0,2.58,0,95.1,0,6.65,0,45.31,15.06,7.56,0,-71.2,5.61,23.856,0,9.89,0,1.192,4.44,0,17.87
4/2/2026,17:30, ,gtmpiwq_20H100465_032726_050000.bin,Pine Island,GTMNERR,0,50.132,0,32.86,0,2.677,0,94.4,0,6.61,0,44.91,14.93,7.56,0,-71.3,5.6,23.777,0,10.5,0,1.2,4.09,0,16.46
4/2/2026,17:45, ,gtmpiwq_20H100465_032726_050000.bin,Pine Island,GTMNERR,0,50.234,0,32.93,0,2.772,0,94.4,0,6.61,0,43.48,14.45,7.57,0,-71.7,5.6,23.732,0,11.35,0,1.201,4.54,0,18.27
4/2/2026,18:00, ,gtmpiwq_20H100465_032726_050000.bin,Pine Island,GTMNERR,0,50.313,0,32.99,0,2.859,0,93.3,0,6.54,0,43.09,14.32,7.57,0,-71.7,5.61,23.666,0,12.6,0,1.2,5.1,0,20.55
4/2/2026,18:15, ,gtmpiwq_20H100465_032726_050000.bin,Pine Island,GTMNERR,0,50.533,0,33.15,0,2.943,0,94.9,0,6.63,0,42.01,13.96,7.59,0,-72.8,5.61,23.861,0,9.55,0,1.199,4.45,0,17.9
4/2/2026,18:30, ,gtmpiwq_20H100465_032726_050000.bin,Pine Island,GTMNERR,0,50.471,0,33.11,0,3.023,0,92.7,0,6.48,0,42.6,14.16,7.58,0,-72.5,5.62,23.736,0,10.36,0,1.198,4.47,0,17.97
4/2/2026,18:45, ,gtmpiwq_20H100465_032726_050000.bin,Pine Island,GTMNERR,0,50.454,0,33.1,0,3.098,0,92.9,0,6.52,0,42.37,14.08,7.58,0,-72.2,5.6,23.56,0,10.02,0,1.198,4.38,0,17.63
4/2/2026,19:00, ,gtmpiwq_20H100465_032726_050000.bin,Pine Island,GTMNERR,0,50.554,0,33.17,0,3.169,0,93.4,0,6.55,0,41.68,13.85,7.6,0,-73.2,5.6,23.596,0,10.59,0,1.199,4.26,0,17.14
4/2/2026,19:15, ,gtmpiwq_20H100465_032726_050000.bin,Pine Island,GTMNERR,0,50.633,0,33.23,0,3.239,0,93.7,0,6.57,0,39.66,13.18,7.6,0,-73.2,5.61,23.593,0,10.28,0,1.198,4.18,0,16.8
4/2/2026,19:30, ,gtmpiwq_20H100465_032726_050000.bin,Pine Island,GTMNERR,0,50.654,0,33.25,0,3.308,0,92.7,0,6.51,0,41.07,13.65,7.6,0,-73.3,5.6,23.531,0,8.72,0,1.196,4.14,0,16.64
4/2/2026,19:45, ,gtmpiwq_20H100465_032726_050000.bin,Pine Island,GTMNERR,0,50.664,0,33.26,0,3.376,0,93.4,0,6.56,0,38.74,12.87,7.6,0,-73.3,5.61,23.462,0,10.45,0,1.195,4.2,0,16.89
4/2/2026,20:00, ,gtmpiwq_20H100465_032726_050000.bin,Pine Island,GTMNERR,0,50.832,0,33.38,0,3.441,0,93.9,0,6.6,0,37.97,12.61,7.61,0,-74.3,5.6,23.405,0,8.4,0,1.194,4.04,0,16.25
4/2/2026,20:15, ,gtmpiwq_20H100465_032726_050000.bin,Pine Island,GTMNERR,0,50.932,0,33.45,0,3.506,0,93.4,0,6.57,0,36.59,12.15,7.62,0,-74.6,5.61,23.362,0,6.7,0,1.204,3.76,0,15.1
4/2/2026,20:30, ,gtmpiwq_20H100465_032726_050000.bin,Pine Island,GTMNERR,0,51.006,0,33.51,0,3.571,0,93.3,0,6.56,0,36.03,11.97,7.64,0,-75.5,5.61,23.27,0,6.48,0,1.205,3.91,0,15.7
4/2/2026,20:45, ,gtmpiwq_20H100465_032726_050000.bin,Pine Island,GTMNERR,0,50.995,0,33.5,0,3.633,0,91.4,0,6.44,0,35.67,11.85,7.62,0,-74.6,5.6,23.192,0,8.6,0,1.204,3.3,0,13.25
4/2/2026,21:00, ,gtmpiwq_20H100465_032726_050000.bin,Pine Island,GTMNERR,0,51.001,0,33.51,0,3.683,0,91.4,0,6.45,0,33.35,11.07,7.62,0,-74.5,5.62,23.151,0,11.06,0,1.203,3.54,0,14.2
4/2/2026,21:15, ,gtmpiwq_20H100465_032726_050000.bin,Pine Island,GTMNERR,0,51.015,0,33.52,0,3.734,0,91.3,0,6.44,0,34.33,11.4,7.62,0,-74.4,5.6,23.133,0,9.75,0,1.202,3.67,0,14.74
4/2/2026,21:30, ,gtmpiwq_20H100465_032726_050000.bin,Pine Island,GTMNERR,0,51.096,0,33.58,0,3.78,0,89.6,0,6.33,0,33.69,11.18,7.61,0,-74.2,5.6,23.075,0,8.14,0,1.202,3.48,0,13.95
4/2/2026,21:45, ,gtmpiwq_20H100465_032726_050000.bin,Pine Island,GTMNERR,0,51.2,0,33.66,0,3.814,0,89.9,0,6.36,0,32.18,10.68,7.63,0,-75.4,5.61,22.983,0,6.97,0,1.201,3.4,0,13.65
4/2/2026,22:00, ,gtmpiwq_20H100465_032726_050000.bin,Pine Island,GTMNERR,0,51.25,0,33.7,0,3.85,0,89.7,0,6.34,0,32.01,10.62,7.64,0,-75.8,5.6,22.968,0,6.13,0,1.201,3.27,0,13.13
4/2/2026,22:15, ,gtmpiwq_20H100465_032726_050000.bin,Pine Island,GTMNERR,0,51.309,0,33.74,0,3.874,0,88.2,0,6.23,0,30.66,10.17,7.64,0,-75.5,5.62,22.933,0,6.68,0,1.199,3.04,0,12.2
4/2/2026,22:30, ,gtmpiwq_20H100465_032726_050000.bin,Pine Island,GTMNERR,0,51.337,0,33.76,0,3.889,0,86.2,0,6.1,0,30.39,10.08,7.64,0,-75.6,5.6,22.877,0,5.53,0,1.197,25.21,0,102.2
4/2/2026,22:45, ,gtmpiwq_20H100465_032726_050000.bin,Pine Island,GTMNERR,0,51.333,0,33.76,0,3.893,0,88.7,0,6.28,0,29.94,9.93,7.63,0,-75.1,5.6,22.845,0,5.64,0,1.196,2.68,0,10.72
4/2/2026,23:00, ,gtmpiwq_20H100465_032726_050000.bin,Pine Island,GTMNERR,0,51.37,0,33.79,0,3.883,0,83.9,0,5.94,0,28.51,9.46,7.64,0,-75.6,5.61,22.84,0,5.23,0,1.193,2.74,0,10.98
4/2/2026,23:15, ,gtmpiwq_20H100465_032726_050000.bin,Pine Island,GTMNERR,0,51.354,0,33.77,0,3.854,0,66.6,0,4.72,0,28.15,9.34,7.59,0,-72.9,5.6,22.826,0,4.7,0,1.197,2.28,0,9.1
4/2/2026,23:30, ,gtmpiwq_20H100465_032726_050000.bin,Pine Island,GTMNERR,0,51.246,0,33.69,0,3.807,0,62.5,0,4.43,0,28.58,9.48,7.64,0,-76,5.61,22.844,0,3.49,0,1.209,2.24,0,8.92
4/2/2026,23:45, ,gtmpiwq_20H100465_032726_050000.bin,Pine Island,GTMNERR,0,51.294,0,33.73,0,3.751,0,82.1,0,5.81,0,30.58,10.15,7.65,0,-76.1,5.6,22.863,0,4.3,0,1.203,2.64,0,10.56
4/3/2026,00:00, ,gtmpiwq_20H100465_032726_050000.bin,Pine Island,GTMNERR,0,51.23,0,33.68,0,3.693,0,89.5,0,6.33,0,33.06,10.97,7.64,0,-75.5,5.6,22.932,0,4.25,0,1.201,2.87,0,11.5
4/3/2026,00:15, ,gtmpiwq_20H100465_032726_050000.bin,Pine Island,GTMNERR,0,51.081,0,33.57,0,3.629,0,89.7,0,6.34,0,34.23,11.36,7.63,0,-75.2,5.6,23.03,0,6.64,0,1.196,2.99,0,11.97
4/3/2026,00:30, ,gtmpiwq_20H100465_032726_050000.bin,Pine Island,GTMNERR,0,50.945,0,33.47,0,3.563,0,90.6,0,6.39,0,36.77,12.21,7.62,0,-74.5,5.6,23.166,0,7,0,1.195,3.02,0,12.09
4/3/2026,00:45, ,gtmpiwq_20H100465_032726_050000.bin,Pine Island,GTMNERR,0,50.891,0,33.43,0,3.486,0,90.5,0,6.38,0,36.99,12.28,7.61,0,-74.1,5.6,23.227,0,7.22,0,1.204,2.69,0,10.78
4/3/2026,01:00, ,gtmpiwq_20H100465_032726_050000.bin,Pine Island,GTMNERR,0,50.828,0,33.38,0,3.413,0,90.4,0,6.36,0,38.73,12.87,7.61,0,-73.9,5.6,23.307,0,7.62,0,1.209,2.97,0,11.91
4/3/2026,01:15, ,gtmpiwq_20H100465_032726_050000.bin,Pine Island,GTMNERR,0,50.792,0,33.35,0,3.326,0,91,0,6.4,0,38.28,12.72,7.61,0,-73.8,5.6,23.361,0,10.62,0,1.201,3.12,0,12.52
4/3/2026,01:30, ,gtmpiwq_20H100465_032726_050000.bin,Pine Island,GTMNERR,0,50.709,0,33.29,0,3.242,0,91.1,0,6.4,0,39.27,13.05,7.6,0,-73.3,5.6,23.442,0,13.09,0,1.195,3.37,0,13.54
4/3/2026,01:45, ,gtmpiwq_20H100465_032726_050000.bin,Pine Island,GTMNERR,0,50.65,0,33.24,0,3.151,0,91.5,0,6.43,0,39.75,13.21,7.6,0,-73.2,5.61,23.486,0,13.33,0,1.198,3.38,0,13.56
4/3/2026,02:00, ,gtmpiwq_20H100465_032726_050000.bin,Pine Island,GTMNERR,0,50.597,0,33.21,0,3.065,0,91.6,0,6.43,0,40.21,13.36,7.59,0,-73.1,5.6,23.535,0,13.9,0,1.195,3.21,0,12.88
4/3/2026,02:15, ,gtmpiwq_20H100465_032726_050000.bin,Pine Island,GTMNERR,0,50.567,0,33.18,0,2.969,0,91.3,0,6.4,0,40.81,13.56,7.59,0,-72.9,5.6,23.571,0,14.14,0,1.193,3.36,0,13.49
4/3/2026,02:30, ,gtmpiwq_20H100465_032726_050000.bin,Pine Island,GTMNERR,0,50.534,0,33.16,0,2.869,0,90.7,0,6.36,0,41.65,13.84,7.58,0,-72.3,5.61,23.604,0,12.61,0,1.202,3.02,0,12.1
4/3/2026,02:45, ,gtmpiwq_20H100465_032726_050000.bin,Pine Island,GTMNERR,0,50.457,0,33.1,0,2.768,0,90.4,0,6.33,0,43.06,14.31,7.58,0,-72,5.6,23.634,0,12.76,0,1.208,3.19,0,12.77
4/3/2026,03:00, ,gtmpiwq_20H100465_032726_050000.bin,Pine Island,GTMNERR,0,50.349,0,33.02,0,2.667,0,89.3,0,6.26,0,43.9,14.59,7.56,0,-71.1,5.61,23.636,0,14.29,0,1.205,3.09,0,12.38
4/3/2026,03:15, ,gtmpiwq_20H100465_032726_050000.bin,Pine Island,GTMNERR,0,50.31,0,32.99,0,2.553,0,89,0,6.24,0,44.91,14.93,7.56,0,-70.8,5.6,23.636,0,12.31,0,1.193,3.46,0,13.88
4/3/2026,03:30, ,gtmpiwq_20H100465_032726_050000.bin,Pine Island,GTMNERR,0,50.288,0,32.98,0,2.451,0,88,0,6.18,0,45.52,15.13,7.55,0,-70.3,5.6,23.623,0,11.93,0,1.195,3.08,0,12.36
4/3/2026,03:45, ,gtmpiwq_20H100465_032726_050000.bin,Pine Island,GTMNERR,0,50.231,0,32.93,0,2.37,0,87.1,0,6.11,0,45.62,15.16,7.54,0,-69.7,5.6,23.634,0,12.79,0,1.203,3.19,0,12.77
4/3/2026,04:00, ,gtmpiwq_20H100465_032726_050000.bin,Pine Island,GTMNERR,0,50.182,0,32.9,0,2.3,0,85.6,0,6.01,0,46.64,15.51,7.52,0,-68.9,5.6,23.613,0,11.48,0,1.207,3.12,0,12.49
4/3/2026,04:15, ,gtmpiwq_20H100465_032726_050000.bin,Pine Island,GTMNERR,0,50.164,0,32.89,0,2.247,0,84.5,0,5.93,0,46.9,15.59,7.52,0,-68.4,5.61,23.612,0,8.84,0,1.212,3.2,0,12.82
4/3/2026,04:30, ,gtmpiwq_20H100465_032726_050000.bin,Pine Island,GTMNERR,0,50.136,0,32.86,0,2.222,0,80.5,0,5.66,0,47.47,15.78,7.5,0,-67.6,5.6,23.604,0,7.9,0,1.206,3,0,12.02
4/3/2026,04:45, ,gtmpiwq_20H100465_032726_050000.bin,Pine Island,GTMNERR,0,50.135,0,32.86,0,2.235,0,71,0,4.98,0,48.07,15.98,7.46,0,-65.3,5.6,23.593,0,6.55,0,1.201,2.42,0,9.67
4/3/2026,05:00, ,gtmpiwq_20H100465_032726_050000.bin,Pine Island,GTMNERR,0,50.145,0,32.87,0,2.283,0,72.8,0,5.12,0,48.47,16.12,7.48,0,-66.2,5.61,23.573,0,6.45,0,1.198,2.64,0,10.55
4/3/2026,05:15, ,gtmpiwq_20H100465_032726_050000.bin,Pine Island,GTMNERR,0,50.149,0,32.88,0,2.358,0,80,0,5.62,0,50.15,16.68,7.49,0,-66.7,5.6,23.546,0,6.71,0,1.192,2.99,0,11.97
4/3/2026,05:30, ,gtmpiwq_20H100465_032726_050000.bin,Pine Island,GTMNERR,0,50.203,0,32.92,0,2.448,0,81,0,5.7,0,48.45,16.11,7.5,0,-67.1,5.61,23.506,0,8.97,0,1.194,2.87,0,11.48
4/3/2026,05:45, ,gtmpiwq_20H100465_032726_050000.bin,Pine Island,GTMNERR,0,50.302,0,32.99,0,2.535,0,82,0,5.77,0,46.62,15.5,7.51,0,-68.1,5.6,23.453,0,10.24,0,1.202,3.14,0,12.59
4/3/2026,06:00, ,gtmpiwq_20H100465_032726_050000.bin,Pine Island,GTMNERR,0,50.368,0,33.04,0,2.63,0,82.3,0,5.79,0,45.38,15.08,7.52,0,-68.5,5.6,23.415,0,13.36,0,1.21,3.2,0,12.83
4/3/2026,06:15, ,gtmpiwq_20H100465_032726_050000.bin,Pine Island,GTMNERR,0,50.37,0,33.04,0,2.716,0,81.7,0,5.75,0,46.03,15.3,7.51,0,-68.2,5.61,23.411,0,10.5,0,1.204,3.18,0,12.75
4/3/2026,06:30, ,gtmpiwq_20H100465_032726_050000.bin,Pine Island,GTMNERR,0,50.438,0,33.09,0,2.798,0,83.9,0,5.91,0,41.11,13.66,7.53,0,-69.4,5.6,23.399,0,14.82,0,1.192,3.06,0,12.25
4/3/2026,06:45, ,gtmpiwq_20H100465_032726_050000.bin,Pine Island,GTMNERR,0,50.554,0,33.18,0,2.879,0,81.6,0,5.75,0,42.08,13.98,7.53,0,-69.2,5.61,23.286,0,12.82,0,1.196,3.13,0,12.55
4/3/2026,07:00, ,gtmpiwq_20H100465_032726_050000.bin,Pine Island,GTMNERR,0,50.586,0,33.2,0,2.959,0,82.4,0,5.81,0,42.73,14.2,7.54,0,-69.8,5.59,23.281,0,13.6,0,1.209,2.93,0,11.73
4/3/2026,07:15, ,gtmpiwq_20H100465_032726_050000.bin,Pine Island,GTMNERR,0,50.629,0,33.23,0,3.032,0,81.3,0,5.73,0,41.44,13.77,7.53,0,-69.3,5.59,23.248,0,13.09,0,1.211,2.99,0,11.98
4/3/2026,07:30, ,gtmpiwq_20H100465_032726_050000.bin,Pine Island,GTMNERR,0,50.671,0,33.26,0,3.098,0,80.5,0,5.68,0,39.93,13.27,7.53,0,-69.1,5.6,23.232,0,14.48,0,1.205,3.09,0,12.38
4/3/2026,07:45, ,gtmpiwq_20H100465_032726_050000.bin,Pine Island,GTMNERR,0,50.688,0,33.28,0,3.159,0,81.5,0,5.75,0,39.28,13.05,7.54,0,-69.6,5.6,23.214,0,11.61,0,1.201,2.93,0,11.72
4/3/2026,08:00, ,gtmpiwq_20H100465_032726_050000.bin,Pine Island,GTMNERR,0,50.732,0,33.31,0,3.219,0,81.5,0,5.75,0,40.62,13.5,7.54,0,-70,5.6,23.187,0,12.99,0,1.197,2.87,0,11.48
4/3/2026,08:15, ,gtmpiwq_20H100465_032726_050000.bin,Pine Island,GTMNERR,0,50.778,0,33.34,0,3.278,0,81.6,0,5.76,0,39.14,13,7.55,0,-70.2,5.59,23.158,0,18.72,0,1.195,2.94,0,11.77
4/3/2026,08:30, ,gtmpiwq_20H100465_032726_050000.bin,Pine Island,GTMNERR,0,50.811,0,33.37,0,3.337,0,82.4,0,5.81,0,37.08,12.31,7.55,0,-70.6,5.59,23.143,0,12.44,0,1.2,2.78,0,11.11
4/3/2026,08:45, ,gtmpiwq_20H100465_032726_050000.bin,Pine Island,GTMNERR,0,50.847,0,33.4,0,3.397,0,81.8,0,5.77,0,38.08,12.65,7.56,0,-70.8,5.59,23.119,0,13.72,0,1.209,2.73,0,10.92
4/3/2026,09:00, ,gtmpiwq_20H100465_032726_050000.bin,Pine Island,GTMNERR,0,50.883,0,33.42,0,3.455,0,82.2,0,5.8,0,37.35,12.41,7.56,0,-71,5.59,23.093,0,11.3,0,1.206,2.68,0,10.72
4/3/2026,09:15, ,gtmpiwq_20H100465_032726_050000.bin,Pine Island,GTMNERR,0,50.931,0,33.46,0,3.512,0,82,0,5.79,0,37.36,12.41,7.56,0,-71,5.6,23.066,0,9.76,0,1.2,2.57,0,10.26
4/3/2026,09:30, ,gtmpiwq_20H100465_032726_050000.bin,Pine Island,GTMNERR,0,51.023,0,33.53,0,3.563,0,81.9,0,5.79,0,36.24,12.04,7.58,0,-72.1,5.59,23.011,0,9.74,0,1.195,2.42,0,9.68
4/3/2026,09:45, ,gtmpiwq_20H100465_032726_050000.bin,Pine Island,GTMNERR,0,51.048,0,33.55,0,3.612,0,82.7,0,5.85,0,34.78,11.55,7.58,0,-72.3,5.59,22.999,0,8.23,0,1.195,2.43,0,9.71
4/3/2026,10:00, ,gtmpiwq_20H100465_032726_050000.bin,Pine Island,GTMNERR,0,51.093,0,33.58,0,3.651,0,82.3,0,5.82,0,35.03,11.63,7.58,0,-72.4,5.59,22.973,0,7.34,0,1.203,2.43,0,9.7
4/3/2026,10:15, ,gtmpiwq_20H100465_032726_050000.bin,Pine Island,GTMNERR,0,51.13,0,33.61,0,3.683,0,81.4,0,5.76,0,34.18,11.35,7.58,0,-72.3,5.59,22.966,0,7.1,0,1.208,2.36,0,9.44
4/3/2026,10:30, ,gtmpiwq_20H100465_032726_050000.bin,Pine Island,GTMNERR,0,51.121,0,33.6,0,3.706,0,81.6,0,5.77,0,32.91,10.92,7.58,0,-72.4,5.6,22.991,0,12.04,0,1.209,2.52,0,10.06
4/3/2026,10:45, ,gtmpiwq_20H100465_032726_050000.bin,Pine Island,GTMNERR,0,51.138,0,33.61,0,3.717,0,80.9,0,5.71,0,33.83,11.23,7.58,0,-72.3,5.59,23.039,0,7.1,0,1.201,2.31,0,9.23
4/3/2026,11:00, ,gtmpiwq_20H100465_032726_050000.bin,Pine Island,GTMNERR,0,51.144,0,33.62,0,3.713,0,77.7,0,5.49,0,33.1,10.99,7.57,0,-71.8,5.59,23.042,0,5.69,0,1.198,2.17,0,8.65
4/3/2026,11:15, ,gtmpiwq_20H100465_032726_050000.bin,Pine Island,GTMNERR,0,51.143,0,33.62,0,3.689,0,75.3,0,5.32,0,32.48,10.78,7.56,0,-71.2,5.59,23.06,0,5.66,0,1.196,2.06,0,8.21
4/3/2026,11:30, ,gtmpiwq_20H100465_032726_050000.bin,Pine Island,GTMNERR,0,51.125,0,33.6,0,3.64,0,79.5,0,5.61,0,32.72,10.86,7.59,0,-72.5,5.59,23.121,0,4.31,0,1.193,1.99,0,7.93
4/3/2026,11:45, ,gtmpiwq_20H100465_032726_050000.bin,Pine Island,GTMNERR,0,51.119,0,33.6,0,3.575,0,84.5,0,5.96,0,33.53,11.13,7.6,0,-73.1,5.59,23.099,0,7.38,0,1.195,2.48,0,9.9
4/3/2026,12:00, ,gtmpiwq_20H100465_032726_050000.bin,Pine Island,GTMNERR,0,51.055,0,33.55,0,3.505,0,85.4,0,6.01,0,35.1,11.66,7.6,0,-73.1,5.58,23.189,0,10.53,0,1.203,2.31,0,9.2
4/3/2026,12:15, ,gtmpiwq_20H100465_032726_050000.bin,Pine Island,GTMNERR,0,50.914,0,33.44,0,3.437,0,88.4,0,6.2,0,37,12.29,7.59,0,-72.9,5.59,23.48,0,8.36,0,1.209,2.68,0,10.71
4/3/2026,12:30, ,gtmpiwq_20H100465_032726_050000.bin,Pine Island,GTMNERR,0,50.838,0,33.38,0,3.368,0,87.9,0,6.16,0,39.32,13.06,7.59,0,-72.5,5.59,23.592,0,8.13,0,1.211,2.49,0,9.93
4/3/2026,12:45, ,gtmpiwq_20H100465_032726_050000.bin,Pine Island,GTMNERR,0,50.796,0,33.35,0,3.29,0,87.3,0,6.11,0,39.61,13.16,7.57,0,-71.9,5.59,23.573,0,8.95,0,1.203,2.43,0,9.69
4/3/2026,13:00, ,gtmpiwq_20H100465_032726_050000.bin,Pine Island,GTMNERR,0,50.765,0,33.33,0,3.217,0,87.2,0,6.1,0,40.07,13.31,7.57,0,-71.6,5.6,23.634,0,10.84,0,1.201,2.61,0,10.42
4/3/2026,13:15, ,gtmpiwq_20H100465_032726_050000.bin,Pine Island,GTMNERR,0,50.729,0,33.3,0,3.139,0,88.3,0,6.17,0,39.67,13.18,7.57,0,-71.6,5.58,23.761,0,14.47,0,1.2,3.02,0,12.11
4/3/2026,13:30, ,gtmpiwq_20H100465_032726_050000.bin,Pine Island,GTMNERR,0,50.692,0,33.27,0,3.051,0,88.9,0,6.2,0,40.3,13.39,7.57,0,-71.5,5.59,23.848,0,14.3,0,1.195,3.15,0,12.62
4/3/2026,13:45, ,gtmpiwq_20H100465_032726_050000.bin,Pine Island,GTMNERR,0,50.677,0,33.26,0,2.961,0,89.9,0,6.26,0,39.98,13.28,7.57,0,-71.7,5.59,23.963,0,15.62,0,1.196,3.15,0,12.61
4/3/2026,14:00, ,gtmpiwq_20H100465_032726_050000.bin,Pine Island,GTMNERR,0,50.634,0,33.22,0,2.869,0,90.5,0,6.3,0,41.12,13.67,7.56,0,-71.4,5.59,24.047,0,13.14,0,1.201,3.16,0,12.68
4/3/2026,14:15, ,gtmpiwq_20H100465_032726_050000.bin,Pine Island,GTMNERR,0,50.578,0,33.18,0,2.767,0,90.9,0,6.31,0,42.2,14.02,7.56,0,-71.4,5.6,24.147,0,11.24,0,1.205,3.54,0,14.21
4/3/2026,14:30, ,gtmpiwq_20H100465_032726_050000.bin,Pine Island,GTMNERR,0,50.508,0,33.13,0,2.664,0,90.4,0,6.27,0,42.8,14.22,7.55,0,-70.7,5.59,24.223,0,12.78,0,1.2,3.36,0,13.49
4/3/2026,14:45, ,gtmpiwq_20H100465_032726_050000.bin,Pine Island,GTMNERR,0,50.452,0,33.08,0,2.564,0,91.8,0,6.35,0,43.53,14.47,7.55,0,-70.7,5.59,24.372,0,10.81,0,1.199,3.3,0,13.22
4/3/2026,15:00, ,gtmpiwq_20H100465_032726_050000.bin,Pine Island,GTMNERR,0,50.392,0,33.03,0,2.468,0,93.2,0,6.43,0,44.87,14.91,7.56,0,-70.9,5.59,24.554,0,10.8,0,1.203,3.45,0,13.85
4/3/2026,15:15, ,gtmpiwq_20H100465_032726_050000.bin,Pine Island,GTMNERR,0,50.336,0,32.99,0,2.375,0,94.6,0,6.51,0,45.23,15.03,7.56,0,-71.1,5.55,24.708,0,10.62,0,1.203,3.63,0,14.57
4/3/2026,15:30, ,gtmpiwq_20H100465_032726_050000.bin,Pine Island,GTMNERR,0,50.3,0,32.96,0,2.291,0,95.3,0,6.55,0,44,14.63,7.56,0,-71.1,5.54,24.868,0,10.71,0,1.202,3.49,0,14.01
4/3/2026,15:45, ,gtmpiwq_20H100465_032726_050000.bin,Pine Island,GTMNERR,0,50.298,0,32.96,0,2.22,0,95.5,0,6.55,0,44.87,14.91,7.56,0,-71.4,5.54,24.992,0,9.82,0,1.201,3.81,0,15.33
4/3/2026,16:00, ,gtmpiwq_20H100465_032726_050000.bin,Pine Island,GTMNERR,0,50.25,0,32.92,0,2.17,0,95.5,0,6.54,0,44.57,14.81,7.56,0,-71,5.55,25.111,0,8.49,0,1.199,3.85,0,15.49
4/3/2026,16:15, ,gtmpiwq_20H100465_032726_050000.bin,Pine Island,GTMNERR,0,50.329,0,32.97,0,2.15,0,95.2,0,6.5,0,45.27,15.05,7.55,0,-70.9,5.53,25.203,0,8.65,0,1.198,3.84,0,15.42
4/3/2026,16:30, ,gtmpiwq_20H100465_032726_050000.bin,Pine Island,GTMNERR,0,50.515,0,33.11,0,2.158,0,98.7,0,6.71,0,44.33,14.73,7.59,0,-72.9,5.53,25.433,0,7.13,0,1.197,4.07,0,16.37
4/3/2026,16:45, ,gtmpiwq_20H100465_032726_050000.bin,Pine Island,GTMNERR,0,50.654,0,33.2,0,2.202,0,101,0,6.83,0,40.44,13.44,7.62,0,-74.6,5.53,25.648,0,9.08,0,1.196,4.78,0,19.23
4/3/2026,17:00, ,gtmpiwq_20H100465_032726_050000.bin,Pine Island,GTMNERR,0,50.279,0,32.94,0,2.273,0,96,0,6.55,0,44.63,14.84,7.56,0,-71.2,5.56,25.253,0,6.4,0,1.194,4.7,0,18.94
4/3/2026,17:15, ,gtmpiwq_20H100465_032726_050000.bin,Pine Island,GTMNERR,0,50.392,0,33.02,0,2.36,0,97.5,0,6.65,0,43.79,14.55,7.58,0,-72.2,5.56,25.238,0,11.09,0,1.211,4.45,0,17.91
4/3/2026,17:30, ,gtmpiwq_20H100465_032726_050000.bin,Pine Island,GTMNERR,0,50.37,0,33.01,0,2.46,0,97.5,0,6.67,0,46.31,15.4,7.57,0,-71.9,5.56,25.088,0,8.76,0,1.207,4.37,0,17.6
4/3/2026,17:45, ,gtmpiwq_20H100465_032726_050000.bin,Pine Island,GTMNERR,0,50.383,0,33.02,0,2.551,0,97.4,0,6.67,0,44.9,14.92,7.57,0,-72,5.57,25.05,0,8.66,0,1.2,4.6,0,18.52
4/3/2026,18:00, ,gtmpiwq_20H100465_032726_050000.bin,Pine Island,GTMNERR,0,50.43,0,33.05,0,2.641,0,96.4,0,6.61,0,44.7,14.86,7.57,0,-72,5.56,24.939,0,8.49,0,1.2,4.51,0,18.15
4/3/2026,18:15, ,gtmpiwq_20H100465_032726_050000.bin,Pine Island,GTMNERR,0,50.504,0,33.11,0,2.733,0,95.4,0,6.55,0,43.09,14.32,7.58,0,-72.1,5.56,24.822,0,9.61,0,1.209,4.57,0,18.39
4/3/2026,18:30, ,gtmpiwq_20H100465_032726_050000.bin,Pine Island,GTMNERR,0,50.602,0,33.18,0,2.819,0,94.8,0,6.51,0,42.64,14.17,7.58,0,-72.5,5.57,24.768,0,9.46,0,1.204,4.38,0,17.62
4/3/2026,18:45, ,gtmpiwq_20H100465_032726_050000.bin,Pine Island,GTMNERR,0,50.702,0,33.26,0,2.901,0,96.1,0,6.59,0,41.54,13.8,7.6,0,-73.3,5.57,24.834,0,9.28,0,1.2,4.46,0,17.96
4/3/2026,19:00, ,gtmpiwq_20H100465_032726_050000.bin,Pine Island,GTMNERR,0,50.702,0,33.26,0,2.977,0,95.2,0,6.53,0,41.03,13.63,7.59,0,-72.9,5.58,24.809,0,7.51,0,1.197,4.39,0,17.65
4/3/2026,19:15, ,gtmpiwq_20H100465_032726_050000.bin,Pine Island,GTMNERR,0,50.716,0,33.27,0,3.052,0,94.5,0,6.5,0,40.93,13.6,7.59,0,-73.1,5.57,24.68,0,7.12,0,1.194,4.41,0,17.75
4/3/2026,19:30, ,gtmpiwq_20H100465_032726_050000.bin,Pine Island,GTMNERR,0,50.74,0,33.29,0,3.123,0,94.6,0,6.51,0,40.15,13.34,7.59,0,-73,5.57,24.628,0,9.33,0,1.2,4.34,0,17.46
4/3/2026,19:45, ,gtmpiwq_20H100465_032726_050000.bin,Pine Island,GTMNERR,0,50.829,0,33.35,0,3.191,0,93.9,0,6.45,0,39.54,13.14,7.6,0,-73.6,5.58,24.699,0,8.88,0,1.209,4.31,0,17.34
4/3/2026,20:00, ,gtmpiwq_20H100465_032726_050000.bin,Pine Island,GTMNERR,0,50.886,0,33.4,0,3.258,0,93.7,0,6.44,0,38.11,12.66,7.6,0,-73.5,5.57,24.653,0,9.19,0,1.204,3.9,0,15.66
4/3/2026,20:15, ,gtmpiwq_20H100465_032726_050000.bin,Pine Island,GTMNERR,0,50.899,0,33.41,0,3.325,0,94.3,0,6.49,0,38.41,12.76,7.61,0,-73.9,5.58,24.618,0,9.52,0,1.201,4.22,0,16.98
4/3/2026,20:30, ,gtmpiwq_20H100465_032726_050000.bin,Pine Island,GTMNERR,0,50.923,0,33.43,0,3.397,0,94.4,0,6.5,0,37.94,12.6,7.61,0,-74,5.57,24.528,0,9.19,0,1.198,4.26,0,17.12
4/3/2026,20:45, ,gtmpiwq_20H100465_032726_050000.bin,Pine Island,GTMNERR,0,51.029,0,33.51,0,3.464,0,93.8,0,6.47,0,37.05,12.3,7.61,0,-74.2,5.57,24.442,0,8.88,0,1.195,3.97,0,15.94
4/3/2026,21:00, ,gtmpiwq_20H100465_032726_050000.bin,Pine Island,GTMNERR,0,51.126,0,33.58,0,3.531,0,94,0,6.49,0,35.2,11.69,7.63,0,-75.1,5.57,24.363,0,7.07,0,1.193,3.88,0,15.6
4/3/2026,21:15, ,gtmpiwq_20H100465_032726_050000.bin,Pine Island,GTMNERR,0,51.185,0,33.62,0,3.594,0,93.9,0,6.49,0,34.23,11.37,7.64,0,-75.7,5.57,24.255,0,7.03,0,1.199,3.73,0,14.98
4/3/2026,21:30, ,gtmpiwq_20H100465_032726_050000.bin,Pine Island,GTMNERR,0,51.187,0,33.63,0,3.654,0,92.2,0,6.38,0,34.45,11.44,7.63,0,-75.2,5.57,24.193,0,8.61,0,1.204,3.75,0,15.07
4/3/2026,21:45, ,gtmpiwq_20H100465_032726_050000.bin,Pine Island,GTMNERR,0,51.199,0,33.64,0,3.705,0,91.9,0,6.37,0,33.83,11.23,7.63,0,-75.1,5.56,24.163,0,9.72,0,1.21,3.79,0,15.25
4/3/2026,22:00, ,gtmpiwq_20H100465_032726_050000.bin,Pine Island,GTMNERR,0,51.234,0,33.66,0,3.752,0,90.6,0,6.28,0,33.8,11.22,7.63,0,-75,5.57,24.123,0,8.04,0,1.202,3.69,0,14.83
4/3/2026,22:15, ,gtmpiwq_20H100465_032726_050000.bin,Pine Island,GTMNERR,0,51.312,0,33.72,0,3.79,0,90.2,0,6.25,0,32.32,10.73,7.63,0,-75.5,5.57,24.047,0,7.25,0,1.2,3.68,0,14.77
4/3/2026,22:30, ,gtmpiwq_20H100465_032726_050000.bin,Pine Island,GTMNERR,0,51.376,0,33.77,0,3.824,0,89.8,0,6.23,0,31.49,10.45,7.64,0,-75.8,5.57,23.979,0,7.35,0,1.196,3.43,0,13.76
4/3/2026,22:45, ,gtmpiwq_20H100465_032726_050000.bin,Pine Island,GTMNERR,0,51.429,0,33.81,0,3.85,0,88.7,0,6.16,0,30.71,10.19,7.64,0,-75.7,5.58,23.959,0,7.24,0,1.195,3.41,0,13.7
4/3/2026,23:00, ,gtmpiwq_20H100465_032726_050000.bin,Pine Island,GTMNERR,0,51.46,0,33.83,0,3.866,0,87.4,0,6.07,0,30.08,9.98,7.64,0,-75.7,5.56,23.938,0,6.85,0,1.204,3.25,0,13.04
4/3/2026,23:15, ,gtmpiwq_20H100465_032726_050000.bin,Pine Island,GTMNERR,0,51.469,0,33.84,0,3.869,0,84.6,0,5.88,0,29.37,9.74,7.62,0,-74.8,5.57,23.888,0,5.46,0,1.207,2.94,0,11.77
4/3/2026,23:30, ,gtmpiwq_20H100465_032726_050000.bin,Pine Island,GTMNERR,0,51.487,0,33.85,0,3.861,0,80,0,5.56,0,28.85,9.57,7.61,0,-73.8,5.57,23.854,0,5.17,0,1.202,2.5,0,9.97
4/3/2026,23:45, ,gtmpiwq_20H100465_032726_050000.bin,Pine Island,GTMNERR,0,51.473,0,33.84,0,3.833,0,63.6,0,4.42,0,27.09,8.98,7.57,0,-71.8,5.57,23.875,0,4.14,0,1.199,2.31,0,9.22
4/4/2026,00:00, ,gtmpiwq_20H100465_032726_050000.bin,Pine Island,GTMNERR,0,51.401,0,33.79,0,3.789,0,86.6,0,6.02,0,28.68,9.51,7.65,0,-76.5,5.62,23.863,0,4.35,0,1.202,2.96,0,11.87
4/4/2026,00:15, ,gtmpiwq_20H100465_032726_050000.bin,Pine Island,GTMNERR,0,51.371,0,33.77,0,3.733,0,89.6,0,6.22,0,30.64,10.17,7.65,0,-76.3,5.62,23.914,0,5.52,0,1.204,3.01,0,12.08
4/4/2026,00:30, ,gtmpiwq_20H100465_032726_050000.bin,Pine Island,GTMNERR,0,51.334,0,33.74,0,3.673,0,91.8,0,6.37,0,32.06,10.64,7.64,0,-76,5.62,23.977,0,7.12,0,1.204,3,0,12.02
4/4/2026,00:45, ,gtmpiwq_20H100465_032726_050000.bin,Pine Island,GTMNERR,0,51.205,0,33.64,0,3.607,0,92.2,0,6.39,0,34.79,11.55,7.63,0,-75.3,5.62,24.108,0,7.02,0,1.205,3.02,0,12.08
4/4/2026,01:00, ,gtmpiwq_20H100465_032726_050000.bin,Pine Island,GTMNERR,0,51.1,0,33.56,0,3.544,0,92.6,0,6.4,0,36.72,12.2,7.62,0,-74.8,5.6,24.244,0,7.49,0,1.205,3.17,0,12.7
4/4/2026,01:15, ,gtmpiwq_20H100465_032726_050000.bin,Pine Island,GTMNERR,0,51.09,0,33.55,0,3.469,0,92,0,6.36,0,36.57,12.15,7.62,0,-74.7,5.61,24.262,0,8.84,0,1.211,2.95,0,11.8
4/4/2026,01:30, ,gtmpiwq_20H100465_032726_050000.bin,Pine Island,GTMNERR,0,51.03,0,33.51,0,3.394,0,91.9,0,6.35,0,37.94,12.6,7.61,0,-74.4,5.62,24.338,0,7.7,0,1.203,2.82,0,11.31
4/4/2026,01:45, ,gtmpiwq_20H100465_032726_050000.bin,Pine Island,GTMNERR,0,50.993,0,33.48,0,3.318,0,91.9,0,6.35,0,37.89,12.59,7.61,0,-74.2,5.61,24.391,0,10.87,0,1.193,3.34,0,13.4
4/4/2026,02:00, ,gtmpiwq_20H100465_032726_050000.bin,Pine Island,GTMNERR,0,50.905,0,33.41,0,3.237,0,92,0,6.35,0,38.39,12.75,7.6,0,-73.7,5.6,24.476,0,13.66,0,1.199,3.25,0,13.05
4/4/2026,02:15, ,gtmpiwq_20H100465_032726_050000.bin,Pine Island,GTMNERR,0,50.864,0,33.38,0,3.149,0,92.1,0,6.35,0,38.79,12.88,7.6,0,-73.5,5.6,24.512,0,14.38,0,1.208,3.46,0,13.9
4/4/2026,02:30, ,gtmpiwq_20H100465_032726_050000.bin,Pine Island,GTMNERR,0,50.827,0,33.35,0,3.062,0,92,0,6.34,0,39.51,13.13,7.59,0,-73.2,5.6,24.559,0,13.74,0,1.202,3.01,0,12.06
4/4/2026,02:45, ,gtmpiwq_20H100465_032726_050000.bin,Pine Island,GTMNERR,0,50.814,0,33.34,0,2.975,0,91.4,0,6.29,0,39.72,13.19,7.59,0,-73.1,5.61,24.6,0,14.57,0,1.194,3.44,0,13.8
4/4/2026,03:00, ,gtmpiwq_20H100465_032726_050000.bin,Pine Island,GTMNERR,0,50.778,0,33.32,0,2.876,0,91.3,0,6.29,0,40.16,13.34,7.59,0,-72.7,5.6,24.615,0,14.42,0,1.199,3.19,0,12.8
4/4/2026,03:15, ,gtmpiwq_20H100465_032726_050000.bin,Pine Island,GTMNERR,0,50.733,0,33.28,0,2.778,0,91,0,6.27,0,41.62,13.83,7.58,0,-72.5,5.6,24.611,0,11.93,0,1.196,3.14,0,12.58
4/4/2026,03:30, ,gtmpiwq_20H100465_032726_050000.bin,Pine Island,GTMNERR,0,50.645,0,33.22,0,2.679,0,89.7,0,6.18,0,42.84,14.24,7.57,0,-71.6,5.59,24.627,0,12.67,0,1.194,3.08,0,12.35
4/4/2026,03:45, ,gtmpiwq_20H100465_032726_050000.bin,Pine Island,GTMNERR,0,50.579,0,33.17,0,2.578,0,88.1,0,6.07,0,43.43,14.43,7.55,0,-70.7,5.59,24.614,0,13.48,0,1.193,2.93,0,11.75
4/4/2026,04:00, ,gtmpiwq_20H100465_032726_050000.bin,Pine Island,GTMNERR,0,50.573,0,33.17,0,2.48,0,88.2,0,6.08,0,44.29,14.72,7.55,0,-70.7,5.59,24.607,0,11.97,0,1.196,2.98,0,11.94
4/4/2026,04:15, ,gtmpiwq_20H100465_032726_050000.bin,Pine Island,GTMNERR,0,50.553,0,33.15,0,2.395,0,87,0,5.99,0,44.34,14.74,7.54,0,-70.2,5.59,24.591,0,12.03,0,1.21,2.87,0,11.49
4/4/2026,04:30, ,gtmpiwq_20H100465_032726_050000.bin,Pine Island,GTMNERR,0,50.517,0,33.13,0,2.328,0,86.1,0,5.93,0,44.97,14.95,7.53,0,-69.3,5.59,24.586,0,11.57,0,1.204,2.99,0,11.97
4/4/2026,04:45, ,gtmpiwq_20H100465_032726_050000.bin,Pine Island,GTMNERR,0,50.488,0,33.1,0,2.279,0,84.1,0,5.8,0,45.4,15.09,7.52,0,-68.7,5.58,24.559,0,11.57,0,1.2,3.21,0,12.87
4/4/2026,05:00, ,gtmpiwq_20H100465_032726_050000.bin,Pine Island,GTMNERR,0,50.47,0,33.09,0,2.25,0,82.7,0,5.71,0,45.92,15.26,7.52,0,-68.4,5.58,24.54,0,8.78,0,1.198,3.26,0,13.07
4/4/2026,05:15, ,gtmpiwq_20H100465_032726_050000.bin,Pine Island,GTMNERR,0,50.469,0,33.09,0,2.251,0,78.3,0,5.4,0,45.87,15.25,7.5,0,-67.4,5.59,24.522,0,6.57,0,1.192,2.8,0,11.23
4/4/2026,05:30, ,gtmpiwq_20H100465_032726_050000.bin,Pine Island,GTMNERR,0,50.47,0,33.09,0,2.291,0,66.4,0,4.58,0,46.82,15.56,7.45,0,-64.8,5.59,24.506,0,8.08,0,1.194,2.39,0,9.56
4/4/2026,05:45, ,gtmpiwq_20H100465_032726_050000.bin,Pine Island,GTMNERR,0,50.508,0,33.12,0,2.361,0,78.8,0,5.44,0,45.94,15.27,7.5,0,-67.5,5.59,24.484,0,9.91,0,1.205,3.02,0,12.12
4/4/2026,06:00, ,gtmpiwq_20H100465_032726_050000.bin,Pine Island,GTMNERR,0,50.537,0,33.14,0,2.445,0,80.4,0,5.55,0,46.88,15.59,7.5,0,-67.8,5.58,24.448,0,10.52,0,1.201,5.6,0,22.59
4/4/2026,06:15, ,gtmpiwq_20H100465_032726_050000.bin,Pine Island,GTMNERR,0,50.59,0,33.18,0,2.526,0,81.8,0,5.65,0,45.02,14.97,7.52,0,-68.6,5.59,24.42,0,11.75,0,1.198,3.28,0,13.16
4/4/2026,06:30, ,gtmpiwq_20H100465_032726_050000.bin,Pine Island,GTMNERR,0,50.65,0,33.23,0,2.605,0,82.3,0,5.69,0,43.91,14.59,7.53,0,-69.1,5.58,24.366,0,9.81,0,1.197,3.2,0,12.83
4/4/2026,06:45, ,gtmpiwq_20H100465_032726_050000.bin,Pine Island,GTMNERR,0,50.65,0,33.23,0,2.687,0,81.8,0,5.66,0,43.89,14.59,7.52,0,-68.9,5.58,24.348,0,12.37,0,1.196,3.11,0,12.47
4/4/2026,07:00, ,gtmpiwq_20H100465_032726_050000.bin,Pine Island,GTMNERR,0,50.649,0,33.23,0,2.763,0,82.1,0,5.68,0,43.63,14.5,7.53,0,-69.2,5.59,24.383,0,14.35,0,1.194,3.12,0,12.5
4/4/2026,07:15, ,gtmpiwq_20H100465_032726_050000.bin,Pine Island,GTMNERR,0,50.753,0,33.31,0,2.837,0,83.1,0,5.75,0,42.85,14.24,7.54,0,-69.8,5.58,24.294,0,12.7,0,1.199,2.92,0,11.67
4/4/2026,07:30, ,gtmpiwq_20H100465_032726_050000.bin,Pine Island,GTMNERR,0,50.801,0,33.34,0,2.902,0,81.6,0,5.65,0,39.32,13.06,7.54,0,-69.7,5.58,24.22,0,17.52,0,1.205,2.61,0,10.42
4/4/2026,07:45, ,gtmpiwq_20H100465_032726_050000.bin,Pine Island,GTMNERR,0,50.823,0,33.36,0,2.983,0,81.9,0,5.67,0,40.17,13.34,7.54,0,-69.7,5.58,24.235,0,14.53,0,1.211,2.94,0,11.77
4/4/2026,08:00, ,gtmpiwq_20H100465_032726_050000.bin,Pine Island,GTMNERR,0,50.837,0,33.37,0,3.038,0,82.3,0,5.7,0,38.09,12.65,7.54,0,-70.1,5.58,24.204,0,15.72,0,1.203,3.06,0,12.27
4/4/2026,08:15, ,gtmpiwq_20H100465_032726_050000.bin,Pine Island,GTMNERR,0,50.911,0,33.42,0,3.104,0,81.2,0,5.62,0,41.1,13.66,7.54,0,-69.6,5.59,24.192,0,10.44,0,1.201,2.61,0,10.44
4/4/2026,08:30, ,gtmpiwq_20H100465_032726_050000.bin,Pine Island,GTMNERR,0,50.916,0,33.43,0,3.165,0,81.5,0,5.65,0,39.22,13.03,7.54,0,-70,5.58,24.179,0,14.74,0,1.2,2.99,0,11.97
4/4/2026,08:45, ,gtmpiwq_20H100465_032726_050000.bin,Pine Island,GTMNERR,0,50.954,0,33.46,0,3.225,0,82.2,0,5.7,0,39.42,13.1,7.54,0,-70.1,5.58,24.152,0,13.32,0,1.199,2.9,0,11.63
4/4/2026,09:00, ,gtmpiwq_20H100465_032726_050000.bin,Pine Island,GTMNERR,0,50.987,0,33.48,0,3.282,0,82.1,0,5.69,0,37.77,12.55,7.55,0,-70.5,5.59,24.124,0,18.39,0,1.199,4.23,0,17.01
4/4/2026,09:15, ,gtmpiwq_20H100465_032726_050000.bin,Pine Island,GTMNERR,0,51.017,0,33.5,0,3.34,0,82.3,0,5.7,0,37.84,12.57,7.56,0,-70.8,5.58,24.116,0,16.72,0,1.198,3.02,0,12.1
4/4/2026,09:30, ,gtmpiwq_20H100465_032726_050000.bin,Pine Island,GTMNERR,0,51.051,0,33.53,0,3.394,0,83,0,5.76,0,37.37,12.41,7.57,0,-71.4,5.59,24.101,0,14,0,1.198,2.76,0,11.06
4/4/2026,09:45, ,gtmpiwq_20H100465_032726_050000.bin,Pine Island,GTMNERR,0,51.091,0,33.56,0,3.448,0,82.6,0,5.73,0,36.46,12.11,7.56,0,-71.3,5.58,24.074,0,11.97,0,1.199,2.83,0,11.35
4/4/2026,10:00, ,gtmpiwq_20H100465_032726_050000.bin,Pine Island,GTMNERR,0,51.146,0,33.6,0,3.497,0,83.4,0,5.79,0,36.06,11.98,7.58,0,-72,5.58,24.05,0,11.04,0,1.202,2.81,0,11.26
4/4/2026,10:15, ,gtmpiwq_20H100465_032726_050000.bin,Pine Island,GTMNERR,0,51.199,0,33.64,0,3.546,0,83.1,0,5.77,0,35.63,11.83,7.58,0,-72.3,5.59,24.009,0,10.02,0,1.208,2.68,0,10.72
4/4/2026,10:30, ,gtmpiwq_20H100465_032726_050000.bin,Pine Island,GTMNERR,0,51.227,0,33.66,0,3.582,0,82.7,0,5.74,0,35.54,11.8,7.58,0,-72.2,5.58,23.991,0,9.27,0,1.201,2.71,0,10.83
4/4/2026,10:45, ,gtmpiwq_20H100465_032726_050000.bin,Pine Island,GTMNERR,0,51.245,0,33.67,0,3.616,0,82.3,0,5.72,0,33.65,11.17,7.58,0,-72.3,5.59,23.975,0,11.54,0,1.195,2.63,0,10.51
4/4/2026,11:00, ,gtmpiwq_20H100465_032726_050000.bin,Pine Island,GTMNERR,0,51.281,0,33.7,0,3.637,0,82.5,0,5.73,0,34.68,11.52,7.59,0,-72.8,5.58,24.001,0,8.86,0,1.194,2.6,0,10.4
4/4/2026,11:15, ,gtmpiwq_20H100465_032726_050000.bin,Pine Island,GTMNERR,0,51.304,0,33.72,0,3.649,0,84.1,0,5.83,0,33.03,10.96,7.59,0,-72.7,5.58,24.004,0,7.45,0,1.201,2.57,0,10.29
4/4/2026,11:30, ,gtmpiwq_20H100465_032726_050000.bin,Pine Island,GTMNERR,0,51.322,0,33.73,0,3.646,0,80.3,0,5.56,0,31.93,10.6,7.58,0,-72.4,5.59,24.053,0,5.51,0,1.203,2.3,0,9.16
4/4/2026,11:45, ,gtmpiwq_20H100465_032726_050000.bin,Pine Island,GTMNERR,0,51.317,0,33.73,0,3.629,0,80.1,0,5.56,0,32.51,10.79,7.58,0,-72.3,5.58,24.056,0,6.46,0,1.205,2.49,0,9.95
4/4/2026,12:00, ,gtmpiwq_20H100465_032726_050000.bin,Pine Island,GTMNERR,0,51.301,0,33.71,0,3.594,0,84.6,0,5.86,0,31.73,10.53,7.59,0,-73.1,5.59,24.145,0,4.92,0,1.207,2.73,0,10.94
4/4/2026,12:15, ,gtmpiwq_20H100465_032726_050000.bin,Pine Island,GTMNERR,0,51.283,0,33.7,0,3.538,0,85.6,0,5.93,0,33.45,11.1,7.6,0,-73.5,5.58,24.122,0,7.72,0,1.205,2.65,0,10.6
4/4/2026,12:30, ,gtmpiwq_20H100465_032726_050000.bin,Pine Island,GTMNERR,0,51.225,0,33.65,0,3.48,0,87.7,0,6.07,0,33.91,11.26,7.6,0,-73.6,5.58,24.191,0,8.94,0,1.205,3.02,0,12.11
4/4/2026,12:45, ,gtmpiwq_20H100465_032726_050000.bin,Pine Island,GTMNERR,0,51.158,0,33.6,0,3.415,0,89.6,0,6.18,0,36.14,12,7.6,0,-73.5,5.59,24.366,0,8.68,0,1.205,2.67,0,10.67
4/4/2026,13:00, ,gtmpiwq_20H100465_032726_050000.bin,Pine Island,GTMNERR,0,51.045,0,33.52,0,3.346,0,90,0,6.19,0,38.12,12.66,7.59,0,-73,5.58,24.543,0,8.51,0,1.203,2.78,0,11.11
4/4/2026,13:15, ,gtmpiwq_20H100465_032726_050000.bin,Pine Island,GTMNERR,0,51.022,0,33.5,0,3.277,0,88.1,0,6.06,0,38.25,12.71,7.58,0,-72.2,5.59,24.56,0,10.22,0,1.2,2.93,0,11.75
4/4/2026,13:30, ,gtmpiwq_20H100465_032726_050000.bin,Pine Island,GTMNERR,0,50.986,0,33.47,0,3.207,0,89.2,0,6.14,0,39.17,13.01,7.57,0,-72,5.58,24.61,0,8.68,0,1.199,2.99,0,12
4/4/2026,13:45, ,gtmpiwq_20H100465_032726_050000.bin,Pine Island,GTMNERR,0,50.966,0,33.45,0,3.13,0,90.1,0,6.19,0,39.63,13.17,7.57,0,-72.1,5.58,24.689,0,11.31,0,1.199,3.09,0,12.4
4/4/2026,14:00, ,gtmpiwq_20H100465_032726_050000.bin,Pine Island,GTMNERR,0,50.941,0,33.43,0,3.051,0,90.8,0,6.22,0,39.09,12.99,7.57,0,-72.1,5.58,24.8,0,14.42,0,1.197,3.19,0,12.78
4/4/2026,14:15, ,gtmpiwq_20H100465_032726_050000.bin,Pine Island,GTMNERR,0,50.919,0,33.42,0,2.969,0,91.1,0,6.24,0,39.41,13.09,7.57,0,-72,5.57,24.85,0,13.41,0,1.193,3.26,0,13.09
4/4/2026,14:30, ,gtmpiwq_20H100465_032726_050000.bin,Pine Island,GTMNERR,0,50.896,0,33.4,0,2.881,0,92,0,6.29,0,39.63,13.17,7.57,0,-72.1,5.58,24.955,0,13.56,0,1.197,3.1,0,12.44
4/4/2026,14:45, ,gtmpiwq_20H100465_032726_050000.bin,Pine Island,GTMNERR,0,50.851,0,33.36,0,2.788,0,92.5,0,6.32,0,40.51,13.46,7.57,0,-71.6,5.57,25.029,0,12.25,0,1.209,3.27,0,13.1
4/4/2026,15:00, ,gtmpiwq_20H100465_032726_050000.bin,Pine Island,GTMNERR,0,50.805,0,33.33,0,2.69,0,91.8,0,6.26,0,41.07,13.65,7.56,0,-71.2,5.57,25.108,0,13.34,0,1.207,3.23,0,12.96
4/4/2026,15:15, ,gtmpiwq_20H100465_032726_050000.bin,Pine Island,GTMNERR,0,50.751,0,33.28,0,2.593,0,92.2,0,6.28,0,41.71,13.86,7.56,0,-70.9,5.57,25.217,0,12.9,0,1.197,3.26,0,13.06
4/4/2026,15:30, ,gtmpiwq_20H100465_032726_050000.bin,Pine Island,GTMNERR,0,50.711,0,33.25,0,2.497,0,93.1,0,6.33,0,42.62,14.16,7.56,0,-71.1,5.56,25.355,0,12.55,0,1.193,3.52,0,14.14
4/4/2026,15:45, ,gtmpiwq_20H100465_032726_050000.bin,Pine Island,GTMNERR,0,50.663,0,33.21,0,2.405,0,94.2,0,6.39,0,42.84,14.24,7.56,0,-71.1,5.57,25.52,0,11.81,0,1.201,3.68,0,14.79
4/4/2026,16:00, ,gtmpiwq_20H100465_032726_050000.bin,Pine Island,GTMNERR,0,50.632,0,33.19,0,2.328,0,95.5,0,6.46,0,43.72,14.53,7.56,0,-71.2,5.56,25.682,0,9.88,0,1.201,3.63,0,14.56
4/4/2026,16:15, ,gtmpiwq_20H100465_032726_050000.bin,Pine Island,GTMNERR,0,50.587,0,33.15,0,2.264,0,95.2,0,6.42,0,43.23,14.37,7.56,0,-71.3,5.56,25.815,0,11.96,0,1.203,3.96,0,15.9
4/4/2026,16:30, ,gtmpiwq_20H100465_032726_050000.bin,Pine Island,GTMNERR,0,50.582,0,33.14,0,2.226,0,96.3,0,6.49,0,43.37,14.41,7.56,0,-71.4,5.55,25.913,0,10.36,0,1.206,3.99,0,16.03
4/4/2026,16:45, ,gtmpiwq_20H100465_032726_050000.bin,Pine Island,GTMNERR,0,50.614,0,33.16,0,2.21,0,93.7,0,6.31,0,42.05,13.97,7.54,0,-70,5.55,25.991,0,7.89,0,1.208,4.15,0,16.71
4/4/2026,17:00, ,gtmpiwq_20H100465_032726_050000.bin,Pine Island,GTMNERR,0,50.789,0,33.29,0,2.222,0,101.3,0,6.79,0,40.88,13.58,7.61,0,-74.1,5.56,26.176,0,9.63,0,1.21,4.62,0,18.59
4/4/2026,17:15, ,gtmpiwq_20H100465_032726_050000.bin,Pine Island,GTMNERR,0,50.679,0,33.21,0,2.271,0,99.2,0,6.67,0,42.44,14.1,7.58,0,-72.5,5.5,26.059,0,9.06,0,1.201,4.3,0,17.29
4/4/2026,17:30, ,gtmpiwq_20H100465_032726_050000.bin,Pine Island,GTMNERR,0,50.612,0,33.16,0,2.338,0,95.9,0,6.45,0,42.63,14.17,7.55,0,-70.8,5.5,26.04,0,7.79,0,1.193,4.19,0,16.86
4/4/2026,17:45, ,gtmpiwq_20H100465_032726_050000.bin,Pine Island,GTMNERR,0,50.669,0,33.2,0,2.417,0,96.8,0,6.51,0,42.99,14.29,7.57,0,-71.7,5.5,26.003,0,9.2,0,1.195,4.48,0,18.05
4/4/2026,18:00, ,gtmpiwq_20H100465_032726_050000.bin,Pine Island,GTMNERR,0,50.679,0,33.22,0,2.504,0,95.4,0,6.43,0,43.47,14.45,7.56,0,-71.3,5.5,25.871,0,12.22,0,1.197,4.54,0,18.27
4/4/2026,18:15, ,gtmpiwq_20H100465_032726_050000.bin,Pine Island,GTMNERR,0,50.696,0,33.23,0,2.584,0,96.1,0,6.49,0,41.95,13.94,7.56,0,-71.4,5.52,25.783,0,10.43,0,1.2,4.2,0,16.89
4/4/2026,18:30, ,gtmpiwq_20H100465_032726_050000.bin,Pine Island,GTMNERR,0,50.736,0,33.26,0,2.666,0,95.5,0,6.46,0,42.36,14.08,7.56,0,-71.5,5.52,25.675,0,9.88,0,1.204,4.56,0,18.36
4/4/2026,18:45, ,gtmpiwq_20H100465_032726_050000.bin,Pine Island,GTMNERR,0,50.809,0,33.32,0,2.744,0,94.4,0,6.39,0,41.83,13.9,7.57,0,-71.9,5.54,25.564,0,12.7,0,1.207,4.67,0,18.82
4/4/2026,19:00, ,gtmpiwq_20H100465_032726_050000.bin,Pine Island,GTMNERR,0,50.855,0,33.35,0,2.817,0,93,0,6.31,0,40.91,13.59,7.56,0,-71.5,5.55,25.496,0,9.75,0,1.209,4.51,0,18.16
4/4/2026,19:15, ,gtmpiwq_20H100465_032726_050000.bin,Pine Island,GTMNERR,0,50.895,0,33.38,0,2.889,0,94.2,0,6.38,0,41.12,13.66,7.57,0,-72,5.55,25.519,0,9.67,0,1.21,4.44,0,17.89
4/4/2026,19:30, ,gtmpiwq_20H100465_032726_050000.bin,Pine Island,GTMNERR,0,50.973,0,33.44,0,2.958,0,94.6,0,6.4,0,40.56,13.48,7.58,0,-72.6,5.56,25.595,0,8.71,0,1.212,4.42,0,17.78
4/4/2026,19:45, ,gtmpiwq_20H100465_032726_050000.bin,Pine Island,GTMNERR,0,50.981,0,33.45,0,3.023,0,94.8,0,6.42,0,40.46,13.44,7.59,0,-73.2,5.55,25.522,0,9.22,0,1.202,4.36,0,17.53
4/4/2026,20:00, ,gtmpiwq_20H100465_032726_050000.bin,Pine Island,GTMNERR,0,50.981,0,33.45,0,3.091,0,93.7,0,6.35,0,40.44,13.44,7.59,0,-73.1,5.56,25.458,0,7.62,0,1.195,4.39,0,17.67
4/4/2026,20:15, ,gtmpiwq_20H100465_032726_050000.bin,Pine Island,GTMNERR,0,51.036,0,33.49,0,3.16,0,95.6,0,6.48,0,40.42,13.43,7.6,0,-73.8,5.56,25.473,0,8.85,0,1.192,4.36,0,17.56
4/4/2026,20:30, ,gtmpiwq_20H100465_032726_050000.bin,Pine Island,GTMNERR,0,51.102,0,33.54,0,3.225,0,95.2,0,6.45,0,38.65,12.84,7.61,0,-74,5.56,25.494,0,8.33,0,1.202,4.28,0,17.24
4/4/2026,20:45, ,gtmpiwq_20H100465_032726_050000.bin,Pine Island,GTMNERR,0,51.129,0,33.56,0,3.291,0,94.5,0,6.41,0,38.25,12.71,7.6,0,-73.9,5.56,25.403,0,8.44,0,1.206,4.06,0,16.31
4/4/2026,21:00, ,gtmpiwq_20H100465_032726_050000.bin,Pine Island,GTMNERR,0,51.158,0,33.58,0,3.354,0,95.2,0,6.46,0,36.88,12.25,7.62,0,-74.7,5.57,25.342,0,9.97,0,1.202,4.26,0,17.12
4/4/2026,21:15, ,gtmpiwq_20H100465_032726_050000.bin,Pine Island,GTMNERR,0,51.173,0,33.59,0,3.425,0,94.2,0,6.4,0,37.29,12.39,7.61,0,-74.4,5.57,25.266,0,11.27,0,1.202,4.28,0,17.22
4/4/2026,21:30, ,gtmpiwq_20H100465_032726_050000.bin,Pine Island,GTMNERR,0,51.265,0,33.66,0,3.488,0,93.8,0,6.38,0,35.53,11.8,7.62,0,-74.7,5.57,25.177,0,9.4,0,1.201,4.94,0,19.89
4/4/2026,21:45, ,gtmpiwq_20H100465_032726_050000.bin,Pine Island,GTMNERR,0,51.361,0,33.74,0,3.551,0,94.2,0,6.42,0,34.49,11.45,7.63,0,-75.5,5.56,25.077,0,7.54,0,1.2,3.95,0,15.89
4/4/2026,22:00, ,gtmpiwq_20H100465_032726_050000.bin,Pine Island,GTMNERR,0,51.399,0,33.77,0,3.608,0,93,0,6.35,0,33.47,11.11,7.63,0,-75.5,5.58,24.929,0,7.45,0,1.199,4.02,0,16.14
4/4/2026,22:15, ,gtmpiwq_20H100465_032726_050000.bin,Pine Island,GTMNERR,0,51.404,0,33.77,0,3.662,0,91.4,0,6.24,0,32.89,10.92,7.63,0,-75.3,5.57,24.9,0,8.68,0,1.199,4.02,0,16.15
4/4/2026,22:30, ,gtmpiwq_20H100465_032726_050000.bin,Pine Island,GTMNERR,0,51.411,0,33.78,0,3.717,0,90.9,0,6.21,0,32.64,10.83,7.62,0,-75,5.57,24.891,0,9.62,0,1.198,4.03,0,16.22
4/4/2026,22:45, ,gtmpiwq_20H100465_032726_050000.bin,Pine Island,GTMNERR,0,51.47,0,33.82,0,3.758,0,90.5,0,6.19,0,32.2,10.69,7.63,0,-75.5,5.56,24.815,0,9.66,0,1.199,3.79,0,15.25
4/4/2026,23:00, ,gtmpiwq_20H100465_032726_050000.bin,Pine Island,GTMNERR,0,51.534,0,33.87,0,3.797,0,90.7,0,6.22,0,31.28,10.38,7.64,0,-76.1,5.57,24.703,0,9.08,0,1.202,3.66,0,14.69
4/4/2026,23:15, ,gtmpiwq_20H100465_032726_050000.bin,Pine Island,GTMNERR,0,51.575,0,33.9,0,3.827,0,90.8,0,6.22,0,30.83,10.23,7.65,0,-76.4,5.58,24.647,0,8.07,0,1.202,3.56,0,14.28
4/4/2026,23:30, ,gtmpiwq_20H100465_032726_050000.bin,Pine Island,GTMNERR,0,51.61,0,33.93,0,3.851,0,88.7,0,6.08,0,29.92,9.93,7.65,0,-76.5,5.58,24.605,0,9.61,0,1.204,3.5,0,14.05
4/4/2026,23:45, ,gtmpiwq_20H100465_032726_050000.bin,Pine Island,GTMNERR,0,51.628,0,33.94,0,3.864,0,87.9,0,6.03,0,30.07,9.98,7.64,0,-76.2,5.58,24.558,0,7.84,0,1.205,3.48,0,13.96
4/5/2026,00:00, ,gtmpiwq_20H100465_032726_050000.bin,Pine Island,GTMNERR,0,51.687,0,33.99,0,3.868,0,87.8,0,6.03,0,29.07,9.64,7.65,0,-76.4,5.57,24.488,0,5.79,0,1.206,3.19,0,12.77
4/5/2026,00:15, ,gtmpiwq_20H100465_032726_050000.bin,Pine Island,GTMNERR,0,51.679,0,33.98,0,3.857,0,82.8,0,5.69,0,28.52,9.46,7.62,0,-74.9,5.57,24.452,0,5.48,0,1.209,2.91,0,11.64
4/5/2026,00:30, ,gtmpiwq_20H100465_032726_050000.bin,Pine Island,GTMNERR,0,51.671,0,33.98,0,3.824,0,76.3,0,5.25,0,27.25,9.04,7.62,0,-74.5,5.58,24.464,0,4.59,0,1.211,2.62,0,10.49
4/5/2026,00:45, ,gtmpiwq_20H100465_032726_050000.bin,Pine Island,GTMNERR,0,51.587,0,33.92,0,3.772,0,82.9,0,5.7,0,28.33,9.4,7.65,0,-76.6,5.58,24.506,0,4.2,0,1.211,3,0,12.03
4/5/2026,01:00, ,gtmpiwq_20H100465_032726_050000.bin,Pine Island,GTMNERR,0,51.574,0,33.91,0,3.711,0,88.8,0,6.1,0,29.72,9.86,7.65,0,-76.6,5.58,24.538,0,5.42,0,1.212,3.17,0,12.69
4/5/2026,01:15, ,gtmpiwq_20H100465_032726_050000.bin,Pine Island,GTMNERR,0,51.523,0,33.87,0,3.648,0,91.8,0,6.3,0,31.78,10.55,7.64,0,-76.2,5.57,24.638,0,7.24,0,1.201,3.17,0,12.7
4/5/2026,01:30, ,gtmpiwq_20H100465_032726_050000.bin,Pine Island,GTMNERR,0,51.396,0,33.77,0,3.58,0,91.9,0,6.29,0,34.11,11.32,7.63,0,-75.5,5.57,24.788,0,8.02,0,1.194,3.28,0,13.16
4/5/2026,01:45, ,gtmpiwq_20H100465_032726_050000.bin,Pine Island,GTMNERR,0,51.34,0,33.73,0,3.516,0,91.8,0,6.27,0,35.19,11.69,7.62,0,-75,5.58,24.881,0,8.46,0,1.2,3.17,0,12.72
4/5/2026,02:00, ,gtmpiwq_20H100465_032726_050000.bin,Pine Island,GTMNERR,0,51.305,0,33.7,0,3.444,0,91.5,0,6.25,0,35.92,11.93,7.62,0,-74.9,5.57,24.92,0,9.32,0,1.208,3.11,0,12.45
4/5/2026,02:15, ,gtmpiwq_20H100465_032726_050000.bin,Pine Island,GTMNERR,0,51.263,0,33.67,0,3.365,0,91.4,0,6.24,0,36.54,12.13,7.62,0,-74.6,5.57,24.98,0,9.98,0,1.205,3.21,0,12.86
4/5/2026,02:30, ,gtmpiwq_20H100465_032726_050000.bin,Pine Island,GTMNERR,0,51.218,0,33.63,0,3.287,0,91.5,0,6.24,0,36.39,12.09,7.61,0,-74.2,5.56,25.047,0,13.89,0,1.198,3.34,0,13.4
4/5/2026,02:45, ,gtmpiwq_20H100465_032726_050000.bin,Pine Island,GTMNERR,0,51.147,0,33.58,0,3.213,0,91.2,0,6.22,0,37.51,12.46,7.6,0,-73.8,5.56,25.115,0,14.58,0,1.194,3.44,0,13.8
4/5/2026,03:00, ,gtmpiwq_20H100465_032726_050000.bin,Pine Island,GTMNERR,0,51.117,0,33.56,0,3.134,0,91.7,0,6.25,0,38.06,12.64,7.6,0,-73.6,5.57,25.138,0,14.17,0,1.202,3.38,0,13.58
4/5/2026,03:15, ,gtmpiwq_20H100465_032726_050000.bin,Pine Island,GTMNERR,0,51.083,0,33.53,0,3.051,0,91.4,0,6.22,0,38.72,12.86,7.6,0,-73.4,5.56,25.194,0,14.94,0,1.201,3.26,0,13.09
4/5/2026,03:30, ,gtmpiwq_20H100465_032726_050000.bin,Pine Island,GTMNERR,0,51.072,0,33.52,0,2.969,0,91.7,0,6.23,0,38.91,12.93,7.6,0,-73.4,5.56,25.257,0,16.56,0,1.205,3.42,0,13.73
4/5/2026,03:45, ,gtmpiwq_20H100465_032726_050000.bin,Pine Island,GTMNERR,0,51.027,0,33.49,0,2.882,0,90.3,0,6.14,0,39.52,13.13,7.58,0,-72.5,5.55,25.253,0,14.41,0,1.196,3.12,0,12.5
4/5/2026,04:00, ,gtmpiwq_20H100465_032726_050000.bin,Pine Island,GTMNERR,0,50.998,0,33.46,0,2.797,0,89.8,0,6.11,0,40.64,13.5,7.58,0,-72.2,5.55,25.244,0,13.99,0,1.193,3.2,0,12.82
4/5/2026,04:15, ,gtmpiwq_20H100465_032726_050000.bin,Pine Island,GTMNERR,0,50.911,0,33.4,0,2.703,0,88.2,0,6,0,41.96,13.95,7.56,0,-71.3,5.56,25.201,0,14.61,0,1.197,2.89,0,11.57
4/5/2026,04:30, ,gtmpiwq_20H100465_032726_050000.bin,Pine Island,GTMNERR,0,50.874,0,33.38,0,2.613,0,87.1,0,5.94,0,42.61,14.16,7.55,0,-70.5,5.55,25.158,0,15.18,0,1.202,3.21,0,12.88
4/5/2026,04:45, ,gtmpiwq_20H100465_032726_050000.bin,Pine Island,GTMNERR,0,50.865,0,33.37,0,2.526,0,86.7,0,5.91,0,42.95,14.27,7.55,0,-70.5,5.56,25.138,0,13.65,0,1.202,3.02,0,12.08
4/5/2026,05:00, ,gtmpiwq_20H100465_032726_050000.bin,Pine Island,GTMNERR,0,50.841,0,33.35,0,2.447,0,85.6,0,5.84,0,43.64,14.5,7.54,0,-69.9,5.55,25.099,0,14.7,0,1.2,2.98,0,11.93
4/5/2026,05:15, ,gtmpiwq_20H100465_032726_050000.bin,Pine Island,GTMNERR,0,50.805,0,33.33,0,2.38,0,83.9,0,5.73,0,44.34,14.74,7.53,0,-69.1,5.55,25.059,0,13.46,0,1.199,3.05,0,12.22
4/5/2026,05:30, ,gtmpiwq_20H100465_032726_050000.bin,Pine Island,GTMNERR,0,50.782,0,33.31,0,2.324,0,82.6,0,5.65,0,45.23,15.04,7.51,0,-68.4,5.56,25.022,0,13.72,0,1.199,3.15,0,12.64
4/5/2026,05:45, ,gtmpiwq_20H100465_032726_050000.bin,Pine Island,GTMNERR,0,50.767,0,33.3,0,2.297,0,80.2,0,5.48,0,44.33,14.74,7.5,0,-67.7,5.56,25.007,0,9.9,0,1.198,3.01,0,12.07
4/5/2026,06:00, ,gtmpiwq_20H100465_032726_050000.bin,Pine Island,GTMNERR,0,50.77,0,33.3,0,2.31,0,77.8,0,5.32,0,45.55,15.14,7.5,0,-67.3,5.56,24.999,0,7.25,0,1.199,2.96,0,11.85
4/5/2026,06:15, ,gtmpiwq_20H100465_032726_050000.bin,Pine Island,GTMNERR,0,50.769,0,33.3,0,2.359,0,71.6,0,4.89,0,45.46,15.11,7.48,0,-66.2,5.55,24.996,0,8.63,0,1.198,3.03,0,12.16
4/5/2026,06:30, ,gtmpiwq_20H100465_032726_050000.bin,Pine Island,GTMNERR,0,50.854,0,33.37,0,2.43,0,78.1,0,5.35,0,46.44,15.44,7.5,0,-67.3,5.56,24.892,0,8.77,0,1.196,3.38,0,13.57
4/5/2026,06:45, ,gtmpiwq_20H100465_032726_050000.bin,Pine Island,GTMNERR,0,50.844,0,33.36,0,2.511,0,79.4,0,5.44,0,45.67,15.18,7.5,0,-67.6,5.56,24.877,0,11.17,0,1.194,3.14,0,12.58
4/5/2026,07:00, ,gtmpiwq_20H100465_032726_050000.bin,Pine Island,GTMNERR,0,50.909,0,33.41,0,2.592,0,80.8,0,5.54,0,43.81,14.56,7.52,0,-68.8,5.56,24.87,0,14.94,0,1.192,3.29,0,13.21
4/5/2026,07:15, ,gtmpiwq_20H100465_032726_050000.bin,Pine Island,GTMNERR,0,50.943,0,33.43,0,2.676,0,81.7,0,5.59,0,42.73,14.2,7.53,0,-69.2,5.56,24.871,0,14.27,0,1.2,2.96,0,11.85
4/5/2026,07:30, ,gtmpiwq_20H100465_032726_050000.bin,Pine Island,GTMNERR,0,50.951,0,33.44,0,2.755,0,81.2,0,5.56,0,42.65,14.17,7.53,0,-69.3,5.55,24.875,0,14.41,0,1.208,3.08,0,12.36
4/5/2026,07:45, ,gtmpiwq_20H100465_032726_050000.bin,Pine Island,GTMNERR,0,50.979,0,33.46,0,2.823,0,82.1,0,5.62,0,42.1,13.99,7.54,0,-69.8,5.56,24.901,0,14.17,0,1.205,3,0,12.01
4/5/2026,08:00, ,gtmpiwq_20H100465_032726_050000.bin,Pine Island,GTMNERR,0,51.052,0,33.52,0,2.889,0,81.2,0,5.57,0,39.97,13.28,7.54,0,-70.1,5.57,24.796,0,18.51,0,1.204,3.09,0,12.39
4/5/2026,08:15, ,gtmpiwq_20H100465_032726_050000.bin,Pine Island,GTMNERR,0,51.089,0,33.54,0,2.96,0,81.7,0,5.6,0,38.85,12.91,7.54,0,-70.2,5.55,24.785,0,20.3,0,1.202,3.21,0,12.88
4/5/2026,08:30, ,gtmpiwq_20H100465_032726_050000.bin,Pine Island,GTMNERR,0,51.122,0,33.57,0,3.023,0,82,0,5.62,0,40.04,13.3,7.55,0,-70.8,5.56,24.77,0,14.87,0,1.202,2.92,0,11.68
4/5/2026,08:45, ,gtmpiwq_20H100465_032726_050000.bin,Pine Island,GTMNERR,0,51.158,0,33.59,0,3.082,0,81.6,0,5.59,0,39.11,12.99,7.55,0,-70.6,5.56,24.754,0,17.44,0,1.202,2.92,0,11.71
4/5/2026,09:00, ,gtmpiwq_20H100465_032726_050000.bin,Pine Island,GTMNERR,0,51.164,0,33.6,0,3.138,0,82.1,0,5.63,0,38.75,12.87,7.55,0,-70.8,5.56,24.769,0,15.61,0,1.207,2.98,0,11.94
4/5/2026,09:15, ,gtmpiwq_20H100465_032726_050000.bin,Pine Island,GTMNERR,0,51.201,0,33.63,0,3.191,0,81.7,0,5.6,0,38.25,12.71,7.56,0,-71,5.55,24.735,0,13.93,0,1.211,2.89,0,11.56
4/5/2026,09:30, ,gtmpiwq_20H100465_032726_050000.bin,Pine Island,GTMNERR,0,51.219,0,33.64,0,3.243,0,81.9,0,5.61,0,37.41,12.43,7.56,0,-71.1,5.56,24.731,0,15,0,1.203,3.07,0,12.29
4/5/2026,09:45, ,gtmpiwq_20H100465_032726_050000.bin,Pine Island,GTMNERR,0,51.252,0,33.67,0,3.291,0,81.8,0,5.61,0,36.17,12.01,7.56,0,-71.2,5.56,24.688,0,19.47,0,1.197,3.06,0,12.25
4/5/2026,10:00, ,gtmpiwq_20H100465_032726_050000.bin,Pine Island,GTMNERR,0,51.28,0,33.69,0,3.342,0,82,0,5.63,0,35.65,11.84,7.56,0,-71.4,5.56,24.674,0,14.13,0,1.192,2.93,0,11.75
4/5/2026,10:15, ,gtmpiwq_20H100465_032726_050000.bin,Pine Island,GTMNERR,0,51.305,0,33.7,0,3.392,0,82.4,0,5.66,0,35.44,11.77,7.57,0,-71.6,5.56,24.661,0,14.61,0,1.198,3.29,0,13.19
4/5/2026,10:30, ,gtmpiwq_20H100465_032726_050000.bin,Pine Island,GTMNERR,0,51.348,0,33.74,0,3.435,0,83,0,5.7,0,35.14,11.67,7.57,0,-71.9,5.56,24.657,0,14.73,0,1.205,2.72,0,10.88
4/5/2026,10:45, ,gtmpiwq_20H100465_032726_050000.bin,Pine Island,GTMNERR,0,51.374,0,33.76,0,3.478,0,83.3,0,5.71,0,33.24,11.03,7.58,0,-72.3,5.56,24.66,0,13.85,0,1.201,2.96,0,11.85
4/5/2026,11:00, ,gtmpiwq_20H100465_032726_050000.bin,Pine Island,GTMNERR,0,51.412,0,33.78,0,3.516,0,84.1,0,5.77,0,34.26,11.37,7.58,0,-72.6,5.57,24.654,0,9.71,0,1.199,3.15,0,12.63
4/5/2026,11:15, ,gtmpiwq_20H100465_032726_050000.bin,Pine Island,GTMNERR,0,51.445,0,33.81,0,3.549,0,83.1,0,5.7,0,34.42,11.43,7.59,0,-73.1,5.56,24.62,0,9.99,0,1.196,2.92,0,11.69
4/5/2026,11:30, ,gtmpiwq_20H100465_032726_050000.bin,Pine Island,GTMNERR,0,51.468,0,33.83,0,3.572,0,84.5,0,5.8,0,32.97,10.94,7.59,0,-73,5.56,24.584,0,11.24,0,1.193,3.01,0,12.05
4/5/2026,11:45, ,gtmpiwq_20H100465_032726_050000.bin,Pine Island,GTMNERR,0,51.486,0,33.84,0,3.588,0,81.9,0,5.63,0,31.93,10.6,7.58,0,-72.6,5.57,24.58,0,8.56,0,1.194,2.82,0,11.27
4/5/2026,12:00, ,gtmpiwq_20H100465_032726_050000.bin,Pine Island,GTMNERR,0,51.497,0,33.85,0,3.591,0,79.1,0,5.43,0,32.56,10.81,7.58,0,-72.5,5.56,24.581,0,8.14,0,1.206,2.74,0,10.96
4/5/2026,12:15, ,gtmpiwq_20H100465_032726_050000.bin,Pine Island,GTMNERR,0,51.501,0,33.85,0,3.581,0,75,0,5.15,0,31.98,10.61,7.57,0,-71.6,5.56,24.587,0,6.54,0,1.201,2.51,0,10.01
4/5/2026,12:30, ,gtmpiwq_20H100465_032726_050000.bin,Pine Island,GTMNERR,0,51.495,0,33.85,0,3.553,0,77.6,0,5.33,0,31.64,10.5,7.58,0,-72.3,5.57,24.587,0,4.99,0,1.2,2.62,0,10.49
4/5/2026,12:45, ,gtmpiwq_20H100465_032726_050000.bin,Pine Island,GTMNERR,0,51.482,0,33.83,0,3.514,0,82.7,0,5.66,0,32.75,10.87,7.59,0,-72.7,5.56,24.722,0,5.27,0,1.199,3.06,0,12.28
4/5/2026,13:00, ,gtmpiwq_20H100465_032726_050000.bin,Pine Island,GTMNERR,0,51.451,0,33.81,0,3.465,0,85.5,0,5.86,0,33.49,11.12,7.6,0,-73.3,5.56,24.741,0,6.43,0,1.198,2.87,0,11.48
4/5/2026,13:15, ,gtmpiwq_20H100465_032726_050000.bin,Pine Island,GTMNERR,0,51.419,0,33.78,0,3.409,0,88.3,0,6.03,0,33.99,11.28,7.6,0,-73.4,5.57,24.872,0,7.96,0,1.198,3.23,0,12.94
4/5/2026,13:30, ,gtmpiwq_20H100465_032726_050000.bin,Pine Island,GTMNERR,0,51.339,0,33.72,0,3.351,0,87.8,0,5.99,0,35.81,11.89,7.59,0,-73,5.56,24.996,0,9.1,0,1.198,3.32,0,13.31
4/5/2026,13:45, ,gtmpiwq_20H100465_032726_050000.bin,Pine Island,GTMNERR,0,51.216,0,33.63,0,3.284,0,89.5,0,6.09,0,36.27,12.05,7.59,0,-72.9,5.56,25.125,0,9.46,0,1.199,3.67,0,14.75
4/5/2026,14:00, ,gtmpiwq_20H100465_032726_050000.bin,Pine Island,GTMNERR,0,51.263,0,33.66,0,3.211,0,88,0,5.99,0,37.15,12.34,7.58,0,-72.7,5.56,25.131,0,8.73,0,1.198,3.2,0,12.84
4/5/2026,14:15, ,gtmpiwq_20H100465_032726_050000.bin,Pine Island,GTMNERR,0,51.231,0,33.64,0,3.14,0,88.6,0,6.03,0,38.01,12.63,7.58,0,-72.4,5.55,25.142,0,10.16,0,1.198,3.3,0,13.23
4/5/2026,14:30, ,gtmpiwq_20H100465_032726_050000.bin,Pine Island,GTMNERR,0,51.204,0,33.62,0,3.066,0,89,0,6.05,0,37.8,12.56,7.58,0,-72.2,5.56,25.196,0,10.73,0,1.2,3.18,0,12.76
4/5/2026,14:45, ,gtmpiwq_20H100465_032726_050000.bin,Pine Island,GTMNERR,0,51.189,0,33.6,0,2.994,0,90.3,0,6.14,0,37.53,12.47,7.58,0,-72.7,5.55,25.276,0,14.8,0,1.201,3.74,0,15.01
4/5/2026,15:00, ,gtmpiwq_20H100465_032726_050000.bin,Pine Island,GTMNERR,0,51.175,0,33.59,0,2.915,0,91,0,6.18,0,37.58,12.48,7.59,0,-72.8,5.55,25.361,0,14.63,0,1.2,3.99,0,16.04
4/5/2026,15:15, ,gtmpiwq_20H100465_032726_050000.bin,Pine Island,GTMNERR,0,51.156,0,33.58,0,2.832,0,92,0,6.23,0,38.36,12.74,7.59,0,-73,5.56,25.435,0,14.18,0,1.2,3.86,0,15.53
4/5/2026,15:30, ,gtmpiwq_20H100465_032726_050000.bin,Pine Island,GTMNERR,0,51.132,0,33.56,0,2.748,0,92.4,0,6.26,0,38.5,12.79,7.59,0,-73,5.55,25.486,0,15.53,0,1.198,3.14,0,12.6
4/5/2026,15:45, ,gtmpiwq_20H100465_032726_050000.bin,Pine Island,GTMNERR,0,51.099,0,33.53,0,2.657,0,92.4,0,6.25,0,38.86,12.91,7.59,0,-72.9,5.55,25.555,0,15.38,0,1.199,3.56,0,14.29
4/5/2026,16:00, ,gtmpiwq_20H100465_032726_050000.bin,Pine Island,GTMNERR,0,51.071,0,33.51,0,2.571,0,92.4,0,6.25,0,39.29,13.05,7.58,0,-72.7,5.54,25.605,0,16.71,0,1.198,3.75,0,15.05
4/5/2026,16:15, ,gtmpiwq_20H100465_032726_050000.bin,Pine Island,GTMNERR,0,51.027,0,33.48,0,2.489,0,92.5,0,6.25,0,39.87,13.25,7.58,0,-72.3,5.54,25.661,0,14.82,0,1.197,3.85,0,15.49
4/5/2026,16:30, ,gtmpiwq_20H100465_032726_050000.bin,Pine Island,GTMNERR,0,50.998,0,33.45,0,2.414,0,92.6,0,6.25,0,40.58,13.48,7.58,0,-72.3,5.54,25.713,0,14,0,1.195,3.8,0,15.26
4/5/2026,16:45, ,gtmpiwq_20H100465_032726_050000.bin,Pine Island,GTMNERR,0,50.979,0,33.44,0,2.354,0,93.3,0,6.29,0,40.88,13.58,7.58,0,-72.3,5.53,25.77,0,13.92,0,1.195,3.54,0,14.23
4/5/2026,17:00, ,gtmpiwq_20H100465_032726_050000.bin,Pine Island,GTMNERR,0,50.961,0,33.42,0,2.305,0,93.8,0,6.32,0,41.66,13.84,7.58,0,-72.3,5.52,25.83,0,12.97,0,1.195,3.97,0,15.96
4/5/2026,17:15, ,gtmpiwq_20H100465_032726_050000.bin,Pine Island,GTMNERR,0,50.96,0,33.42,0,2.286,0,95.4,0,6.42,0,41.17,13.68,7.59,0,-72.8,5.53,25.881,0,11.59,0,1.193,4,0,16.07
4/5/2026,17:30, ,gtmpiwq_20H100465_032726_050000.bin,Pine Island,GTMNERR,0,51.004,0,33.45,0,2.286,0,95.9,0,6.46,0,41.06,13.64,7.59,0,-73.3,5.53,25.885,0,11.28,0,1.196,4.57,0,18.38
4/5/2026,17:45, ,gtmpiwq_20H100465_032726_050000.bin,Pine Island,GTMNERR,0,51.166,0,33.56,0,2.309,0,100.6,0,6.71,0,39.75,13.21,7.64,0,-76.2,5.51,26.341,0,12,0,1.208,4.48,0,18.04
4/5/2026,18:00, ,gtmpiwq_20H100465_032726_050000.bin,Pine Island,GTMNERR,0,51.084,0,33.51,0,2.357,0,96.8,0,6.5,0,41.22,13.7,7.61,0,-74.3,5.49,26.015,0,9.74,0,1.203,4.31,0,17.33
4/5/2026,18:15, ,gtmpiwq_20H100465_032726_050000.bin,Pine Island,GTMNERR,0,51.018,0,33.46,0,2.416,0,96.3,0,6.47,0,40.94,13.6,7.6,0,-73.9,5.51,25.977,0,10.79,0,1.199,4.28,0,17.21
4/5/2026,18:30, ,gtmpiwq_20H100465_032726_050000.bin,Pine Island,GTMNERR,0,51.052,0,33.49,0,2.484,0,96.1,0,6.46,0,40.22,13.36,7.61,0,-74.2,5.5,25.953,0,11.75,0,1.194,4.69,0,18.88
4/5/2026,18:45, ,gtmpiwq_20H100465_032726_050000.bin,Pine Island,GTMNERR,0,51.027,0,33.47,0,2.552,0,95.5,0,6.43,0,40.45,13.44,7.61,0,-74.1,5.5,25.858,0,10.65,0,1.197,4.65,0,18.72
4/5/2026,19:00, ,gtmpiwq_20H100465_032726_050000.bin,Pine Island,GTMNERR,0,51.068,0,33.5,0,2.626,0,95.6,0,6.44,0,41.53,13.8,7.61,0,-74.2,5.52,25.811,0,9.73,0,1.205,4.46,0,17.96
4/5/2026,19:15, ,gtmpiwq_20H100465_032726_050000.bin,Pine Island,GTMNERR,0,51.152,0,33.57,0,2.694,0,95.4,0,6.43,0,39.62,13.16,7.62,0,-74.6,5.52,25.78,0,11.34,0,1.207,4.75,0,19.12
4/5/2026,19:30, ,gtmpiwq_20H100465_032726_050000.bin,Pine Island,GTMNERR,0,51.199,0,33.6,0,2.771,0,95.8,0,6.46,0,38.41,12.76,7.62,0,-75.2,5.53,25.775,0,15.36,0,1.211,4.99,0,20.09
4/5/2026,19:45, ,gtmpiwq_20H100465_032726_050000.bin,Pine Island,GTMNERR,0,51.191,0,33.6,0,2.846,0,94.1,0,6.34,0,39.14,13,7.62,0,-74.7,5.52,25.729,0,11,0,1.202,4.38,0,17.61
4/5/2026,20:00, ,gtmpiwq_20H100465_032726_050000.bin,Pine Island,GTMNERR,0,51.228,0,33.62,0,2.911,0,94.7,0,6.39,0,39.01,12.96,7.62,0,-75.1,5.52,25.701,0,10.97,0,1.195,5.05,0,20.33
4/5/2026,20:15, ,gtmpiwq_20H100465_032726_050000.bin,Pine Island,GTMNERR,0,51.258,0,33.64,0,2.98,0,95.3,0,6.42,0,38.4,12.76,7.63,0,-75.3,5.53,25.756,0,10.62,0,1.194,4.52,0,18.21
4/5/2026,20:30, ,gtmpiwq_20H100465_032726_050000.bin,Pine Island,GTMNERR,0,51.243,0,33.64,0,3.042,0,94.4,0,6.37,0,39.13,13,7.62,0,-75.1,5.52,25.687,0,10.4,0,1.202,4.57,0,18.38
4/5/2026,20:45, ,gtmpiwq_20H100465_032726_050000.bin,Pine Island,GTMNERR,0,51.248,0,33.64,0,3.105,0,94.5,0,6.38,0,38.4,12.75,7.62,0,-75,5.53,25.622,0,10.47,0,1.206,4.46,0,17.95
4/5/2026,21:00, ,gtmpiwq_20H100465_032726_050000.bin,Pine Island,GTMNERR,0,51.289,0,33.67,0,3.169,0,94.1,0,6.36,0,38.07,12.65,7.62,0,-75.2,5.52,25.594,0,10.4,0,1.207,4.49,0,18.06
4/5/2026,21:15, ,gtmpiwq_20H100465_032726_050000.bin,Pine Island,GTMNERR,0,51.34,0,33.71,0,3.231,0,93.6,0,6.32,0,37.7,12.52,7.63,0,-75.2,5.53,25.622,0,9.84,0,1.21,4.44,0,17.89
4/5/2026,21:30, ,gtmpiwq_20H100465_032726_050000.bin,Pine Island,GTMNERR,0,51.421,0,33.77,0,3.288,0,94.4,0,6.37,0,35.93,11.93,7.64,0,-75.9,5.53,25.616,0,12.54,0,1.202,4.51,0,18.16
4/5/2026,21:45, ,gtmpiwq_20H100465_032726_050000.bin,Pine Island,GTMNERR,0,51.453,0,33.79,0,3.346,0,94.3,0,6.37,0,35.71,11.86,7.65,0,-76.5,5.53,25.542,0,10.26,0,1.195,4.5,0,18.11
4/5/2026,22:00, ,gtmpiwq_20H100465_032726_050000.bin,Pine Island,GTMNERR,0,51.469,0,33.81,0,3.406,0,93.9,0,6.35,0,35.13,11.67,7.65,0,-76.5,5.53,25.476,0,11.47,0,1.195,4.31,0,17.33
4/5/2026,22:15, ,gtmpiwq_20H100465_032726_050000.bin,Pine Island,GTMNERR,0,51.514,0,33.84,0,3.465,0,93.1,0,6.3,0,34.15,11.34,7.64,0,-76.4,5.52,25.445,0,12.45,0,1.202,4.48,0,18.02
4/5/2026,22:30, ,gtmpiwq_20H100465_032726_050000.bin,Pine Island,GTMNERR,0,51.59,0,33.9,0,3.515,0,92.7,0,6.27,0,32.7,10.86,7.65,0,-76.7,5.52,25.407,0,13.26,0,1.207,4.29,0,17.25
4/5/2026,22:45, ,gtmpiwq_20H100465_032726_050000.bin,Pine Island,GTMNERR,0,51.638,0,33.94,0,3.562,0,91.8,0,6.23,0,31.89,10.59,7.66,0,-77,5.53,25.264,0,12.14,0,1.202,4.05,0,16.28
4/5/2026,23:00, ,gtmpiwq_20H100465_032726_050000.bin,Pine Island,GTMNERR,0,51.649,0,33.95,0,3.606,0,91.5,0,6.22,0,31.9,10.59,7.65,0,-76.9,5.53,25.175,0,10.21,0,1.2,3.94,0,15.86
4/5/2026,23:15, ,gtmpiwq_20H100465_032726_050000.bin,Pine Island,GTMNERR,0,51.65,0,33.95,0,3.641,0,91.1,0,6.19,0,31.43,10.43,7.65,0,-76.6,5.54,25.15,0,11.56,0,1.198,4.08,0,16.4
4/5/2026,23:30, ,gtmpiwq_20H100465_032726_050000.bin,Pine Island,GTMNERR,0,51.65,0,33.95,0,3.673,0,88.7,0,6.03,0,30.96,10.27,7.64,0,-76.1,5.53,25.144,0,10.29,0,1.194,3.95,0,15.89
4/5/2026,23:45, ,gtmpiwq_20H100465_032726_050000.bin,Pine Island,GTMNERR,0,51.67,0,33.96,0,3.695,0,89.4,0,6.08,0,31.64,10.5,7.64,0,-75.8,5.54,25.11,0,10.81,0,1.193,3.91,0,15.7
4/6/2026,00:00, ,gtmpiwq_20H100465_032726_050000.bin,Pine Island,GTMNERR,0,51.694,0,33.98,0,3.712,0,87.6,0,5.96,0,31.06,10.31,7.63,0,-75.7,5.55,25.054,0,10.96,0,1.196,3.75,0,15.06
4/6/2026,00:15, ,gtmpiwq_20H100465_032726_050000.bin,Pine Island,GTMNERR,0,51.711,0,34,0,3.718,0,85.5,0,5.82,0,30.95,10.27,7.63,0,-75.7,5.55,25.016,0,8.4,0,1.207,3.73,0,14.99
4/6/2026,00:30, ,gtmpiwq_20H100465_032726_050000.bin,Pine Island,GTMNERR,0,51.733,0,34.01,0,3.717,0,81.7,0,5.57,0,30.23,10.03,7.63,0,-75.3,5.56,24.971,0,6.39,0,1.202,3.2,0,12.83
4/6/2026,00:45, ,gtmpiwq_20H100465_032726_050000.bin,Pine Island,GTMNERR,0,51.735,0,34.02,0,3.7,0,73.4,0,5,0,28.49,9.45,7.58,0,-72.6,5.55,24.972,0,5.96,0,1.198,2.89,0,11.56
4/6/2026,01:00, ,gtmpiwq_20H100465_032726_050000.bin,Pine Island,GTMNERR,0,51.719,0,34,0,3.663,0,84.1,0,5.73,0,28.61,9.49,7.64,0,-76,5.55,24.99,0,5.15,0,1.194,3.34,0,13.38
4/6/2026,01:15, ,gtmpiwq_20H100465_032726_050000.bin,Pine Island,GTMNERR,0,51.691,0,33.98,0,3.61,0,87,0,5.92,0,30.67,10.18,7.65,0,-76.6,5.56,25.027,0,5.64,0,1.193,3.35,0,13.46
4/6/2026,01:30, ,gtmpiwq_20H100465_032726_050000.bin,Pine Island,GTMNERR,0,51.646,0,33.95,0,3.549,0,89.4,0,6.09,0,32.45,10.77,7.65,0,-76.7,5.55,25.069,0,7.11,0,1.205,3.43,0,13.79
4/6/2026,01:45, ,gtmpiwq_20H100465_032726_050000.bin,Pine Island,GTMNERR,0,51.606,0,33.92,0,3.489,0,90.2,0,6.13,0,33.54,11.14,7.64,0,-75.9,5.56,25.154,0,8.94,0,1.201,3.5,0,14.03
4/6/2026,02:00, ,gtmpiwq_20H100465_032726_050000.bin,Pine Island,GTMNERR,0,51.519,0,33.85,0,3.428,0,90.6,0,6.15,0,34.77,11.55,7.64,0,-76.1,5.56,25.253,0,9.02,0,1.196,3.34,0,13.4
4/6/2026,02:15, ,gtmpiwq_20H100465_032726_050000.bin,Pine Island,GTMNERR,0,51.509,0,33.84,0,3.363,0,90.4,0,6.13,0,35.7,11.86,7.64,0,-75.8,5.56,25.328,0,9.3,0,1.197,3.27,0,13.1
4/6/2026,02:30, ,gtmpiwq_20H100465_032726_050000.bin,Pine Island,GTMNERR,0,51.475,0,33.81,0,3.297,0,90.3,0,6.12,0,36.48,12.11,7.63,0,-75.5,5.55,25.381,0,9.11,0,1.207,3.28,0,13.17
4/6/2026,02:45, ,gtmpiwq_20H100465_032726_050000.bin,Pine Island,GTMNERR,0,51.422,0,33.77,0,3.228,0,90.2,0,6.11,0,36.84,12.24,7.63,0,-75.3,5.55,25.434,0,11.31,0,1.201,3.43,0,13.77
4/6/2026,03:00, ,gtmpiwq_20H100465_032726_050000.bin,Pine Island,GTMNERR,0,51.389,0,33.75,0,3.159,0,90.9,0,6.15,0,36.93,12.26,7.63,0,-75.5,5.54,25.455,0,13.81,0,1.198,3.33,0,13.35
4/6/2026,03:15, ,gtmpiwq_20H100465_032726_050000.bin,Pine Island,GTMNERR,0,51.344,0,33.71,0,3.087,0,90.8,0,6.14,0,37.45,12.44,7.63,0,-75.2,5.54,25.501,0,15.71,0,1.195,3.66,0,14.72
4/6/2026,03:30, ,gtmpiwq_20H100465_032726_050000.bin,Pine Island,GTMNERR,0,51.33,0,33.7,0,3.012,0,90.5,0,6.12,0,37.19,12.35,7.62,0,-75,5.55,25.527,0,15.56,0,1.192,3.74,0,15.02
4/6/2026,03:45, ,gtmpiwq_20H100465_032726_050000.bin,Pine Island,GTMNERR,0,51.287,0,33.67,0,2.937,0,89.5,0,6.05,0,38.15,12.67,7.61,0,-74.6,5.54,25.514,0,15.98,0,1.196,3.77,0,15.16
4/6/2026,04:00, ,gtmpiwq_20H100465_032726_050000.bin,Pine Island,GTMNERR,0,51.258,0,33.65,0,2.862,0,89.3,0,6.04,0,38.73,12.87,7.61,0,-74.1,5.54,25.517,0,14.8,0,1.206,3.85,0,15.49
4/6/2026,04:15, ,gtmpiwq_20H100465_032726_050000.bin,Pine Island,GTMNERR,0,51.226,0,33.63,0,2.782,0,88.7,0,6.01,0,39.25,13.04,7.6,0,-73.9,5.55,25.485,0,15.07,0,1.202,3.79,0,15.24
4/6/2026,04:30, ,gtmpiwq_20H100465_032726_050000.bin,Pine Island,GTMNERR,0,51.202,0,33.61,0,2.698,0,88.2,0,5.98,0,39.37,13.08,7.6,0,-73.6,5.55,25.461,0,15.36,0,1.195,3.44,0,13.79
4/6/2026,04:45, ,gtmpiwq_20H100465_032726_050000.bin,Pine Island,GTMNERR,0,51.173,0,33.59,0,2.616,0,86.9,0,5.89,0,41.01,13.63,7.59,0,-73.2,5.55,25.407,0,13.15,0,1.197,3.27,0,13.12
4/6/2026,05:00, ,gtmpiwq_20H100465_032726_050000.bin,Pine Island,GTMNERR,0,51.124,0,33.56,0,2.531,0,85.6,0,5.81,0,41.93,13.93,7.58,0,-72.5,5.53,25.351,0,12.83,0,1.193,3.08,0,12.32
4/6/2026,05:15, ,gtmpiwq_20H100465_032726_050000.bin,Pine Island,GTMNERR,0,51.092,0,33.53,0,2.457,0,84.6,0,5.75,0,42.61,14.16,7.57,0,-71.8,5.54,25.314,0,11.95,0,1.194,3.22,0,12.92
4/6/2026,05:30, ,gtmpiwq_20H100465_032726_050000.bin,Pine Island,GTMNERR,0,51.078,0,33.52,0,2.382,0,84,0,5.71,0,42.71,14.19,7.56,0,-71.4,5.54,25.275,0,11.99,0,1.204,3.06,0,12.28
4/6/2026,05:45, ,gtmpiwq_20H100465_032726_050000.bin,Pine Island,GTMNERR,0,51.074,0,33.52,0,2.329,0,82.9,0,5.64,0,43.38,14.42,7.56,0,-71.3,5.54,25.242,0,12.87,0,1.209,3.1,0,12.41
4/6/2026,06:00, ,gtmpiwq_20H100465_032726_050000.bin,Pine Island,GTMNERR,0,51.06,0,33.51,0,2.285,0,82.3,0,5.6,0,43.3,14.39,7.56,0,-70.9,5.54,25.207,0,7.69,0,1.204,3.07,0,12.29
4/6/2026,06:15, ,gtmpiwq_20H100465_032726_050000.bin,Pine Island,GTMNERR,0,51.051,0,33.51,0,2.266,0,80,0,5.44,0,43.38,14.42,7.54,0,-70.3,5.53,25.186,0,7.89,0,1.2,3.11,0,12.45
4/6/2026,06:30, ,gtmpiwq_20H100465_032726_050000.bin,Pine Island,GTMNERR,0,51.044,0,33.5,0,2.281,0,72.7,0,4.95,0,42.68,14.19,7.53,0,-69.4,5.54,25.187,0,9.61,0,1.196,7.64,0,30.86
4/6/2026,06:45, ,gtmpiwq_20H100465_032726_050000.bin,Pine Island,GTMNERR,0,51.043,0,33.5,0,2.326,0,73.5,0,5.01,0,44.72,14.87,7.53,0,-69.3,5.55,25.172,0,8.08,0,1.192,2.86,0,11.45
4/6/2026,07:00, ,gtmpiwq_20H100465_032726_050000.bin,Pine Island,GTMNERR,0,51.099,0,33.54,0,2.394,0,79.3,0,5.4,0,45.21,15.03,7.54,0,-70.2,5.54,25.122,0,8.51,0,1.194,2.96,0,11.88
4/6/2026,07:15, ,gtmpiwq_20H100465_032726_050000.bin,Pine Island,GTMNERR,0,51.098,0,33.54,0,2.471,0,79.6,0,5.43,0,43.74,14.54,7.55,0,-70.4,5.54,25.079,0,10.78,0,1.205,3.14,0,12.58
4/6/2026,07:30, ,gtmpiwq_20H100465_032726_050000.bin,Pine Island,GTMNERR,0,51.139,0,33.57,0,2.546,0,82,0,5.59,0,42.43,14.1,7.56,0,-71.2,5.54,25.101,0,10.83,0,1.202,3.02,0,12.11
4/6/2026,07:45, ,gtmpiwq_20H100465_032726_050000.bin,Pine Island,GTMNERR,0,51.159,0,33.59,0,2.626,0,81.9,0,5.58,0,41.06,13.64,7.56,0,-71.5,5.54,25.097,0,14.44,0,1.199,3.12,0,12.5
4/6/2026,08:00, ,gtmpiwq_20H100465_032726_050000.bin,Pine Island,GTMNERR,0,51.189,0,33.61,0,2.706,0,82.8,0,5.64,0,40.48,13.45,7.57,0,-71.9,5.55,25.093,0,15.47,0,1.197,3.18,0,12.73
4/6/2026,08:15, ,gtmpiwq_20H100465_032726_050000.bin,Pine Island,GTMNERR,0,51.219,0,33.63,0,2.785,0,83.6,0,5.69,0,39.88,13.25,7.58,0,-72.5,5.55,25.12,0,15.14,0,1.195,3.3,0,13.24
4/6/2026,08:30, ,gtmpiwq_20H100465_032726_050000.bin,Pine Island,GTMNERR,0,51.251,0,33.66,0,2.849,0,83.8,0,5.71,0,39.06,12.98,7.58,0,-72.7,5.55,25.105,0,17.1,0,1.197,3.28,0,13.15
4/6/2026,08:45, ,gtmpiwq_20H100465_032726_050000.bin,Pine Island,GTMNERR,0,51.278,0,33.68,0,2.912,0,82.1,0,5.6,0,37.19,12.35,7.57,0,-71.9,5.52,25.031,0,22.77,0,1.197,3.4,0,13.64
4/6/2026,09:00, ,gtmpiwq_20H100465_032726_050000.bin,Pine Island,GTMNERR,0,51.311,0,33.7,0,2.977,0,82.5,0,5.63,0,36.79,12.22,7.58,0,-72.2,5.55,25.001,0,19.51,0,1.201,3.41,0,13.7
4/6/2026,09:15, ,gtmpiwq_20H100465_032726_050000.bin,Pine Island,GTMNERR,0,51.348,0,33.73,0,3.038,0,83.2,0,5.68,0,37.42,12.43,7.59,0,-73.2,5.54,24.997,0,16.01,0,1.202,3.23,0,12.95
4/6/2026,09:30, ,gtmpiwq_20H100465_032726_050000.bin,Pine Island,GTMNERR,0,51.384,0,33.76,0,3.091,0,83.4,0,5.69,0,35.71,11.86,7.59,0,-73.1,5.55,24.966,0,16.58,0,1.202,3.42,0,13.71
4/6/2026,09:45, ,gtmpiwq_20H100465_032726_050000.bin,Pine Island,GTMNERR,0,51.387,0,33.76,0,3.146,0,83.5,0,5.7,0,36.36,12.08,7.59,0,-73.1,5.55,25.022,0,17.78,0,1.206,3.31,0,13.3
4/6/2026,10:00, ,gtmpiwq_20H100465_032726_050000.bin,Pine Island,GTMNERR,0,51.431,0,33.79,0,3.198,0,83.2,0,5.68,0,36.11,11.99,7.59,0,-73.1,5.55,24.948,0,15.98,0,1.211,3.19,0,12.8
4/6/2026,10:15, ,gtmpiwq_20H100465_032726_050000.bin,Pine Island,GTMNERR,0,51.448,0,33.8,0,3.253,0,83.8,0,5.72,0,35.88,11.91,7.6,0,-73.6,5.55,24.951,0,17.16,0,1.204,3.35,0,13.42
4/6/2026,10:30, ,gtmpiwq_20H100465_032726_050000.bin,Pine Island,GTMNERR,0,51.477,0,33.83,0,3.305,0,84.2,0,5.75,0,35.05,11.64,7.6,0,-73.7,5.55,24.9,0,18.01,0,1.198,3.26,0,13.06
4/6/2026,10:45, ,gtmpiwq_20H100465_032726_050000.bin,Pine Island,GTMNERR,0,51.499,0,33.84,0,3.356,0,84.7,0,5.79,0,34.77,11.55,7.61,0,-74,5.55,24.892,0,15.91,0,1.192,3.28,0,13.16
4/6/2026,11:00, ,gtmpiwq_20H100465_032726_050000.bin,Pine Island,GTMNERR,0,51.523,0,33.86,0,3.405,0,84.4,0,5.77,0,34.57,11.48,7.61,0,-74,5.56,24.869,0,14.34,0,1.195,3.13,0,12.56
4/6/2026,11:15, ,gtmpiwq_20H100465_032726_050000.bin,Pine Island,GTMNERR,0,51.555,0,33.88,0,3.449,0,84.8,0,5.8,0,33.23,11.03,7.61,0,-74.4,5.56,24.838,0,16.73,0,1.196,3.3,0,13.24
4/6/2026,11:30, ,gtmpiwq_20H100465_032726_050000.bin,Pine Island,GTMNERR,0,51.587,0,33.91,0,3.491,0,84.9,0,5.81,0,33.07,10.98,7.61,0,-74.4,5.56,24.808,0,14.71,0,1.198,3.05,0,12.22
4/6/2026,11:45, ,gtmpiwq_20H100465_032726_050000.bin,Pine Island,GTMNERR,0,51.638,0,33.95,0,3.526,0,86.7,0,5.93,0,32.51,10.79,7.63,0,-75.5,5.55,24.744,0,10.7,0,1.199,3.21,0,12.87
4/6/2026,12:00, ,gtmpiwq_20H100465_032726_050000.bin,Pine Island,GTMNERR,0,51.664,0,33.97,0,3.56,0,85.9,0,5.88,0,31.9,10.59,7.63,0,-75.7,5.55,24.689,0,10.61,0,1.201,3.26,0,13.08
4/6/2026,12:15, ,gtmpiwq_20H100465_032726_050000.bin,Pine Island,GTMNERR,0,51.673,0,33.98,0,3.588,0,87.4,0,5.99,0,30.14,10,7.64,0,-76,5.56,24.663,0,14.15,0,1.202,3.46,0,13.89
4/6/2026,12:30, ,gtmpiwq_20H100465_032726_050000.bin,Pine Island,GTMNERR,0,51.691,0,33.99,0,3.613,0,85.2,0,5.84,0,31.61,10.49,7.64,0,-75.8,5.55,24.629,0,11.24,0,1.205,2.98,0,11.95
4/6/2026,12:45, ,gtmpiwq_20H100465_032726_050000.bin,Pine Island,GTMNERR,0,51.703,0,34,0,3.626,0,83.2,0,5.71,0,30.62,10.16,7.63,0,-75.1,5.56,24.609,0,8.7,0,1.208,3.11,0,12.47
4/6/2026,13:00, ,gtmpiwq_20H100465_032726_050000.bin,Pine Island,GTMNERR,0,51.694,0,33.99,0,3.632,0,81.1,0,5.56,0,31.64,10.5,7.62,0,-74.6,5.55,24.612,0,6.22,0,1.211,3.03,0,12.16
4/6/2026,13:15, ,gtmpiwq_20H100465_032726_050000.bin,Pine Island,GTMNERR,0,51.694,0,33.99,0,3.631,0,77.3,0,5.3,0,29.69,9.85,7.61,0,-74.1,5.55,24.62,0,6.11,0,1.201,3.01,0,12.07
4/6/2026,13:30, ,gtmpiwq_20H100465_032726_050000.bin,Pine Island,GTMNERR,0,51.661,0,33.97,0,3.613,0,86.7,0,5.94,0,29.19,9.68,7.63,0,-75.3,5.56,24.648,0,11.06,0,1.194,3.45,0,13.85
4/6/2026,13:45, ,gtmpiwq_20H100465_032726_050000.bin,Pine Island,GTMNERR,0,51.63,0,33.94,0,3.58,0,89.8,0,6.15,0,31.93,10.6,7.64,0,-76.2,5.56,24.671,0,6.97,0,1.194,3.65,0,14.64
4/6/2026,14:00, ,gtmpiwq_20H100465_032726_050000.bin,Pine Island,GTMNERR,0,51.615,0,33.93,0,3.534,0,90.2,0,6.18,0,31.99,10.62,7.65,0,-76.3,5.56,24.701,0,10.05,0,1.203,3.58,0,14.38
4/6/2026,14:15, ,gtmpiwq_20H100465_032726_050000.bin,Pine Island,GTMNERR,0,51.573,0,33.9,0,3.474,0,90.5,0,6.19,0,34.42,11.43,7.64,0,-76.3,5.55,24.74,0,10.31,0,1.206,3.39,0,13.6
4/6/2026,14:30, ,gtmpiwq_20H100465_032726_050000.bin,Pine Island,GTMNERR,0,51.433,0,33.8,0,3.418,0,91.8,0,6.29,0,37,12.29,7.64,0,-76.2,5.56,24.735,0,13.74,0,1.21,4,0,16.1
4/6/2026,14:45, ,gtmpiwq_20H100465_032726_050000.bin,Pine Island,GTMNERR,0,51.367,0,33.75,0,3.354,0,91.9,0,6.3,0,37.74,12.54,7.63,0,-75.7,5.56,24.732,0,16.74,0,1.202,3.96,0,15.94
4/6/2026,15:00, ,gtmpiwq_20H100465_032726_050000.bin,Pine Island,GTMNERR,0,51.369,0,33.75,0,3.293,0,90.9,0,6.23,0,38.58,12.82,7.63,0,-75.2,5.56,24.769,0,11.92,0,1.197,3.85,0,15.49
4/6/2026,15:15, ,gtmpiwq_20H100465_032726_050000.bin,Pine Island,GTMNERR,0,51.422,0,33.79,0,3.228,0,91.4,0,6.26,0,38.1,12.66,7.64,0,-75.7,5.56,24.771,0,11.31,0,1.195,4.03,0,16.19
4/6/2026,15:30, ,gtmpiwq_20H100465_032726_050000.bin,Pine Island,GTMNERR,0,51.374,0,33.75,0,3.167,0,91.7,0,6.28,0,37.89,12.58,7.63,0,-75.3,5.55,24.78,0,15.08,0,1.203,4.02,0,16.17
4/6/2026,15:45, ,gtmpiwq_20H100465_032726_050000.bin,Pine Island,GTMNERR,0,51.32,0,33.71,0,3.111,0,92.1,0,6.3,0,38.66,12.84,7.63,0,-75.4,5.55,24.783,0,14.69,0,1.206,4.16,0,16.74
4/6/2026,16:00, ,gtmpiwq_20H100465_032726_050000.bin,Pine Island,GTMNERR,0,51.323,0,33.71,0,3.052,0,90.9,0,6.23,0,38.12,12.66,7.63,0,-75.2,5.56,24.788,0,16.41,0,1.21,4.24,0,17.07
4/6/2026,16:15, ,gtmpiwq_20H100465_032726_050000.bin,Pine Island,GTMNERR,0,51.288,0,33.69,0,2.99,0,89.2,0,6.11,0,35.81,11.89,7.61,0,-74.4,5.55,24.781,0,22.81,0,1.202,4.12,0,16.56
4/6/2026,16:30, ,gtmpiwq_20H100465_032726_050000.bin,Pine Island,GTMNERR,0,51.243,0,33.66,0,2.934,0,90,0,6.17,0,39.42,13.1,7.62,0,-74.6,5.55,24.76,0,17.52,0,1.193,4.34,0,17.47
4/6/2026,16:45, ,gtmpiwq_20H100465_032726_050000.bin,Pine Island,GTMNERR,0,51.203,0,33.63,0,2.879,0,89.3,0,6.12,0,40.61,13.49,7.61,0,-74,5.55,24.779,0,17.61,0,1.194,4.14,0,16.63
4/6/2026,17:00, ,gtmpiwq_20H100465_032726_050000.bin,Pine Island,GTMNERR,0,51.155,0,33.59,0,2.824,0,89.3,0,6.12,0,40.66,13.51,7.6,0,-73.5,5.54,24.782,0,17.63,0,1.193,7.99,0,32.3
4/6/2026,17:15, ,gtmpiwq_20H100465_032726_050000.bin,Pine Island,GTMNERR,0,51.117,0,33.56,0,2.779,0,88.9,0,6.1,0,41.47,13.78,7.6,0,-73.3,5.54,24.752,0,18.92,0,1.201,4.6,0,18.53
4/6/2026,17:30, ,gtmpiwq_20H100465_032726_050000.bin,Pine Island,GTMNERR,0,51.107,0,33.56,0,2.741,0,88.7,0,6.09,0,41.62,13.83,7.59,0,-72.8,5.55,24.713,0,17.01,0,1.208,4.67,0,18.8
4/6/2026,17:45, ,gtmpiwq_20H100465_032726_050000.bin,Pine Island,GTMNERR,0,51.078,0,33.54,0,2.718,0,88.7,0,6.09,0,41.98,13.95,7.59,0,-72.8,5.54,24.659,0,15.17,0,1.206,4.72,0,19.01
4/6/2026,18:00, ,gtmpiwq_20H100465_032726_050000.bin,Pine Island,GTMNERR,0,51.055,0,33.52,0,2.703,0,89.5,0,6.16,0,43.85,14.57,7.58,0,-72.6,5.54,24.603,0,14.05,0,1.197,4.66,0,18.77
4/6/2026,18:15, ,gtmpiwq_20H100465_032726_050000.bin,Pine Island,GTMNERR,0,51.05,0,33.52,0,2.711,0,86.2,0,5.94,0,44.54,14.8,7.58,0,-72.4,5.55,24.557,0,7.27,0,1.193,4.35,0,17.51
4/6/2026,18:30, ,gtmpiwq_20H100465_032726_050000.bin,Pine Island,GTMNERR,0,51.051,0,33.52,0,2.735,0,84.7,0,5.83,0,44.17,14.68,7.58,0,-72.1,5.55,24.527,0,7.14,0,1.201,4.25,0,17.09
4/6/2026,18:45, ,gtmpiwq_20H100465_032726_050000.bin,Pine Island,GTMNERR,0,51.088,0,33.55,0,2.776,0,89.9,0,6.2,0,46.58,15.48,7.6,0,-73.5,5.55,24.47,0,7.29,0,1.201,4.26,0,17.12
4/6/2026,19:00, ,gtmpiwq_20H100465_032726_050000.bin,Pine Island,GTMNERR,0,51.17,0,33.61,0,2.828,0,90.3,0,6.22,0,42.54,14.14,7.61,0,-74.3,5.55,24.489,0,14.14,0,1.195,4.91,0,19.78
4/6/2026,19:15, ,gtmpiwq_20H100465_032726_050000.bin,Pine Island,GTMNERR,0,51.182,0,33.62,0,2.883,0,90.1,0,6.2,0,40.14,13.34,7.62,0,-74.5,5.54,24.516,0,21.63,0,1.196,5.23,0,21.09
4/6/2026,19:30, ,gtmpiwq_20H100465_032726_050000.bin,Pine Island,GTMNERR,0,51.212,0,33.64,0,2.946,0,89.7,0,6.17,0,38.47,12.78,7.62,0,-74.6,5.55,24.509,0,23.23,0,1.195,5.24,0,21.12
4/6/2026,19:45, ,gtmpiwq_20H100465_032726_050000.bin,Pine Island,GTMNERR,0,51.331,0,33.73,0,3.011,0,90.6,0,6.26,0,38.9,12.92,7.64,0,-75.8,5.55,24.328,0,18.41,0,1.199,4.95,0,19.92
4/6/2026,20:00, ,gtmpiwq_20H100465_032726_050000.bin,Pine Island,GTMNERR,0,51.363,0,33.75,0,3.076,0,90.2,0,6.22,0,38.38,12.75,7.64,0,-75.8,5.54,24.36,0,17.7,0,1.204,4.69,0,18.9
4/6/2026,20:15, ,gtmpiwq_20H100465_032726_050000.bin,Pine Island,GTMNERR,0,51.388,0,33.77,0,3.144,0,91.1,0,6.28,0,36.69,12.19,7.64,0,-76.2,5.54,24.334,0,23.58,0,1.207,5.28,0,21.27
4/6/2026,20:30, ,gtmpiwq_20H100465_032726_050000.bin,Pine Island,GTMNERR,0,51.4,0,33.78,0,3.215,0,91.5,0,6.33,0,38.4,12.76,7.66,0,-77,5.53,24.169,0,17.91,0,1.201,5,0,20.14
4/6/2026,20:45, ,gtmpiwq_20H100465_032726_050000.bin,Pine Island,GTMNERR,0,51.462,0,33.83,0,3.284,0,91.6,0,6.34,0,37.59,12.49,7.66,0,-77.3,5.54,24.072,0,17.12,0,1.197,4.99,0,20.11
4/6/2026,21:00, ,gtmpiwq_20H100465_032726_050000.bin,Pine Island,GTMNERR,0,51.513,0,33.87,0,3.343,0,91.5,0,6.34,0,36.94,12.27,7.67,0,-77.5,5.55,23.992,0,16.44,0,1.194,4.96,0,19.99
4/6/2026,21:15, ,gtmpiwq_20H100465_032726_050000.bin,Pine Island,GTMNERR,0,51.491,0,33.85,0,3.404,0,90.8,0,6.29,0,34.43,11.43,7.66,0,-77.2,5.55,24.087,0,28.44,0,1.194,5.42,0,21.86
4/6/2026,21:30, ,gtmpiwq_20H100465_032726_050000.bin,Pine Island,GTMNERR,0,51.531,0,33.88,0,3.457,0,91.1,0,6.31,0,35.4,11.75,7.66,0,-77.4,5.55,24.058,0,19.56,0,1.196,4.8,0,19.31
4/6/2026,21:45, ,gtmpiwq_20H100465_032726_050000.bin,Pine Island,GTMNERR,0,51.545,0,33.89,0,3.511,0,90.6,0,6.28,0,34.18,11.35,7.66,0,-77.4,5.55,24.05,0,25,0,1.207,5.09,0,20.52
4/6/2026,22:00, ,gtmpiwq_20H100465_032726_050000.bin,Pine Island,GTMNERR,0,51.596,0,33.93,0,3.57,0,90.3,0,6.26,0,33.33,11.06,7.67,0,-77.7,5.55,23.977,0,30.69,0,1.211,4.75,0,19.14
4/6/2026,22:15, ,gtmpiwq_20H100465_032726_050000.bin,Pine Island,GTMNERR,0,51.658,0,33.98,0,3.62,0,90.4,0,6.27,0,32.72,10.86,7.67,0,-77.7,5.56,23.945,0,18.05,0,1.201,4.68,0,18.83
4/6/2026,22:30, ,gtmpiwq_20H100465_032726_050000.bin,Pine Island,GTMNERR,0,51.687,0,34,0,3.674,0,90.7,0,6.3,0,31.99,10.62,7.67,0,-77.8,5.55,23.898,0,16.63,0,1.196,4.43,0,17.84
4/6/2026,22:45, ,gtmpiwq_20H100465_032726_050000.bin,Pine Island,GTMNERR,0,51.751,0,34.05,0,3.721,0,90.3,0,6.27,0,30.14,10,7.68,0,-78.2,5.56,23.802,0,23.9,0,1.199,4.41,0,17.76
4/6/2026,23:00, ,gtmpiwq_20H100465_032726_050000.bin,Pine Island,GTMNERR,0,51.79,0,34.08,0,3.768,0,89.9,0,6.25,0,29.66,9.84,7.68,0,-78.3,5.55,23.77,0,20.46,0,1.197,5.75,0,23.21
4/6/2026,23:15, ,gtmpiwq_20H100465_032726_050000.bin,Pine Island,GTMNERR,0,51.841,0,34.12,0,3.808,0,89.4,0,6.22,0,29.21,9.69,7.69,0,-78.7,5.55,23.702,0,16.75,0,1.195,4.14,0,16.67
4/6/2026,23:30, ,gtmpiwq_20H100465_032726_050000.bin,Pine Island,GTMNERR,0,51.844,0,34.12,0,3.853,0,88.8,0,6.18,0,29.32,9.73,7.68,0,-78.5,5.56,23.707,0,16.64,0,1.202,4.11,0,16.52
4/6/2026,23:45, ,gtmpiwq_20H100465_032726_050000.bin,Pine Island,GTMNERR,0,51.877,0,34.15,0,3.889,0,88.9,0,6.19,0,27.94,9.27,7.69,0,-78.7,5.55,23.659,0,14.65,0,1.209,4.08,0,16.39
4/7/2026,00:00, ,gtmpiwq_20H100465_032726_050000.bin,Pine Island,GTMNERR,0,51.928,0,34.19,0,3.925,0,89.2,0,6.22,0,26.53,8.8,7.69,0,-79.1,5.55,23.577,0,16.72,0,1.204,3.91,0,15.7
4/7/2026,00:15, ,gtmpiwq_20H100465_032726_050000.bin,Pine Island,GTMNERR,0,51.989,0,34.23,0,3.956,0,88.6,0,6.19,0,25.1,8.32,7.7,0,-79.4,5.55,23.494,0,16.24,0,1.198,3.4,0,13.63
4/7/2026,00:30, ,gtmpiwq_20H100465_032726_050000.bin,Pine Island,GTMNERR,0,52.074,0,34.3,0,3.988,0,88.7,0,6.21,0,23.4,7.75,7.71,0,-80.2,5.55,23.322,0,13.51,0,1.193,3.15,0,12.61
4/7/2026,00:45, ,gtmpiwq_20H100465_032726_050000.bin,Pine Island,GTMNERR,0,52.108,0,34.32,0,4.009,0,88.5,0,6.2,0,22.71,7.52,7.72,0,-80.4,5.56,23.268,0,15.39,0,1.195,3.12,0,12.5
4/7/2026,01:00, ,gtmpiwq_20H100465_032726_050000.bin,Pine Island,GTMNERR,0,52.151,0,34.36,0,4.026,0,89.8,0,6.3,0,21.87,7.24,7.73,0,-81.1,5.56,23.123,0,13.61,0,1.205,2.94,0,11.78
4/7/2026,01:15, ,gtmpiwq_20H100465_032726_050000.bin,Pine Island,GTMNERR,0,52.17,0,34.37,0,4.031,0,88.5,0,6.22,0,21.45,7.1,7.73,0,-81.4,5.56,23.028,0,12.3,0,1.209,2.87,0,11.49
4/7/2026,01:30, ,gtmpiwq_20H100465_032726_050000.bin,Pine Island,GTMNERR,0,52.176,0,34.38,0,4.034,0,87.5,0,6.16,0,20.81,6.89,7.73,0,-81.4,5.56,22.957,0,12.02,0,1.203,2.89,0,11.57
4/7/2026,01:45, ,gtmpiwq_20H100465_032726_050000.bin,Pine Island,GTMNERR,0,52.215,0,34.41,0,4.028,0,87.6,0,6.18,0,20.34,6.73,7.74,0,-81.9,5.56,22.85,0,11.96,0,1.201,2.77,0,11.1
4/7/2026,02:00, ,gtmpiwq_20H100465_032726_050000.bin,Pine Island,GTMNERR,0,52.204,0,34.4,0,4.01,0,86.8,0,6.13,0,20.65,6.83,7.74,0,-81.7,5.56,22.79,0,8.36,0,1.196,2.54,0,10.13
4/7/2026,02:15, ,gtmpiwq_20H100465_032726_050000.bin,Pine Island,GTMNERR,0,52.211,0,34.41,0,3.981,0,85,0,6,0,19.86,6.57,7.73,0,-81.3,5.56,22.765,0,6.82,0,1.195,2.32,0,9.27
4/7/2026,02:30, ,gtmpiwq_20H100465_032726_050000.bin,Pine Island,GTMNERR,0,52.187,0,34.39,0,3.94,0,89.9,0,6.34,0,21.46,7.11,7.74,0,-81.5,5.56,22.847,0,6.37,0,1.204,2.46,0,9.81
4/7/2026,02:45, ,gtmpiwq_20H100465_032726_050000.bin,Pine Island,GTMNERR,0,52.177,0,34.38,0,3.893,0,89.9,0,6.34,0,21.74,7.2,7.74,0,-81.6,5.56,22.84,0,9.56,0,1.209,2.49,0,9.94
4/7/2026,03:00, ,gtmpiwq_20H100465_032726_050000.bin,Pine Island,GTMNERR,0,52.119,0,34.34,0,3.846,0,90.6,0,6.38,0,23.54,7.8,7.73,0,-81.1,5.56,22.957,0,10.34,0,1.202,2.57,0,10.26
4/7/2026,03:15, ,gtmpiwq_20H100465_032726_050000.bin,Pine Island,GTMNERR,0,52.031,0,34.27,0,3.807,0,90.6,0,6.37,0,25.69,8.52,7.72,0,-80.5,5.57,23.069,0,11.23,0,1.198,2.8,0,11.19
4/7/2026,03:30, ,gtmpiwq_20H100465_032726_050000.bin,Pine Island,GTMNERR,0,51.798,0,34.1,0,3.764,0,89.7,0,6.33,0,31.48,10.45,7.69,0,-78.9,5.56,22.958,0,14.2,0,1.197,3.33,0,13.37
4/7/2026,03:45, ,gtmpiwq_20H100465_032726_050000.bin,Pine Island,GTMNERR,0,51.636,0,33.98,0,3.72,0,89.5,0,6.32,0,34.72,11.53,7.68,0,-78,5.57,22.91,0,17.34,0,1.203,3.46,0,13.88
4/7/2026,04:00, ,gtmpiwq_20H100465_032726_050000.bin,Pine Island,GTMNERR,0,51.676,0,34.01,0,3.673,0,89,0,6.28,0,34.24,11.37,7.68,0,-78,5.55,22.996,0,12.71,0,1.206,3.28,0,13.17
4/7/2026,04:15, ,gtmpiwq_20H100465_032726_050000.bin,Pine Island,GTMNERR,0,51.727,0,34.05,0,3.622,0,89.1,0,6.28,0,32.98,10.95,7.68,0,-78.4,5.56,23.052,0,13.91,0,1.21,3.14,0,12.58
4/7/2026,04:30, ,gtmpiwq_20H100465_032726_050000.bin,Pine Island,GTMNERR,0,51.71,0,34.03,0,3.571,0,89.6,0,6.31,0,32.8,10.89,7.69,0,-78.5,5.57,23.073,0,16.8,0,1.208,3.25,0,13.05
4/7/2026,04:45, ,gtmpiwq_20H100465_032726_050000.bin,Pine Island,GTMNERR,0,51.632,0,33.98,0,3.517,0,89.4,0,6.3,0,34.45,11.44,7.68,0,-78,5.56,22.992,0,17.7,0,1.208,3.43,0,13.75
4/7/2026,05:00, ,gtmpiwq_20H100465_032726_050000.bin,Pine Island,GTMNERR,0,51.638,0,33.98,0,3.457,0,89.5,0,6.31,0,34.38,11.42,7.68,0,-78.1,5.56,23.031,0,18.06,0,1.205,3.51,0,14.08
4/7/2026,05:15, ,gtmpiwq_20H100465_032726_050000.bin,Pine Island,GTMNERR,0,51.664,0,34,0,3.402,0,89.3,0,6.29,0,33.73,11.2,7.68,0,-78.1,5.55,23.082,0,17.82,0,1.204,3.44,0,13.79
4/7/2026,05:30, ,gtmpiwq_20H100465_032726_050000.bin,Pine Island,GTMNERR,0,51.621,0,33.97,0,3.343,0,89,0,6.27,0,34.04,11.3,7.67,0,-77.7,5.56,23.049,0,20.72,0,1.205,3.49,0,14
4/7/2026,05:45, ,gtmpiwq_20H100465_032726_050000.bin,Pine Island,GTMNERR,0,51.592,0,33.95,0,3.289,0,87.9,0,6.21,0,34.92,11.59,7.66,0,-77.1,5.56,22.954,0,21.97,0,1.207,3.81,0,15.32
4/7/2026,06:00, ,gtmpiwq_20H100465_032726_050000.bin,Pine Island,GTMNERR,0,51.529,0,33.9,0,3.239,0,86.5,0,6.13,0,37.67,12.51,7.64,0,-76,5.56,22.749,0,17.99,0,1.205,3.31,0,13.27
4/7/2026,06:15, ,gtmpiwq_20H100465_032726_050000.bin,Pine Island,GTMNERR,0,51.499,0,33.88,0,3.191,0,86.2,0,6.11,0,38.23,12.7,7.64,0,-75.8,5.56,22.751,0,21.04,0,1.204,3.37,0,13.54
4/7/2026,06:30, ,gtmpiwq_20H100465_032726_050000.bin,Pine Island,GTMNERR,0,51.466,0,33.86,0,3.145,0,85.9,0,6.09,0,39.25,13.04,7.63,0,-75.4,5.55,22.686,0,17.6,0,1.204,3.07,0,12.29
4/7/2026,06:45, ,gtmpiwq_20H100465_032726_050000.bin,Pine Island,GTMNERR,0,51.414,0,33.82,0,3.103,0,84.8,0,6.04,0,41.24,13.7,7.61,0,-74.1,5.56,22.525,0,16.59,0,1.202,3.63,0,14.6
4/7/2026,07:00, ,gtmpiwq_20H100465_032726_050000.bin,Pine Island,GTMNERR,0,51.339,0,33.77,0,3.067,0,84.9,0,6.05,0,41.78,13.88,7.61,0,-74.1,5.56,22.46,0,17.5,0,1.199,3.36,0,13.47
4/7/2026,07:15, ,gtmpiwq_20H100465_032726_050000.bin,Pine Island,GTMNERR,0,51.307,0,33.75,0,3.036,0,84.2,0,6.01,0,41.61,13.83,7.61,0,-73.6,5.56,22.397,0,15.64,0,1.196,3.38,0,13.56
4/7/2026,07:30, ,gtmpiwq_20H100465_032726_050000.bin,Pine Island,GTMNERR,0,51.296,0,33.74,0,3.01,0,82.5,0,5.9,0,43.58,14.48,7.6,0,-73,5.56,22.285,0,8.72,0,1.197,3.37,0,13.54
4/7/2026,07:45, ,gtmpiwq_20H100465_032726_050000.bin,Pine Island,GTMNERR,0,51.306,0,33.75,0,2.998,0,81.8,0,5.85,0,44.6,14.82,7.59,0,-72.9,5.56,22.248,0,14.15,0,1.197,3.17,0,12.72
4/7/2026,08:00, ,gtmpiwq_20H100465_032726_050000.bin,Pine Island,GTMNERR,0,51.309,0,33.75,0,3.002,0,77.9,0,5.57,0,43.98,14.62,7.59,0,-72.5,5.55,22.229,0,7.87,0,1.196,2.83,0,11.35
4/7/2026,08:15, ,gtmpiwq_20H100465_032726_050000.bin,Pine Island,GTMNERR,0,51.304,0,33.75,0,3.027,0,75.4,0,5.4,0,45.87,15.25,7.58,0,-71.8,5.55,22.21,0,6.53,0,1.194,2.86,0,11.45
4/7/2026,08:30, ,gtmpiwq_20H100465_032726_050000.bin,Pine Island,GTMNERR,0,51.392,0,33.81,0,3.065,0,84,0,6.02,0,43.93,14.6,7.62,0,-74.3,5.56,22.093,0,10.3,0,1.194,3.18,0,12.76
4/7/2026,08:45, ,gtmpiwq_20H100465_032726_050000.bin,Pine Island,GTMNERR,0,51.415,0,33.83,0,3.116,0,85.1,0,6.1,0,41.38,13.75,7.63,0,-74.8,5.55,22.136,0,17.03,0,1.203,3.29,0,13.2
4/7/2026,09:00, ,gtmpiwq_20H100465_032726_050000.bin,Pine Island,GTMNERR,0,51.362,0,33.79,0,3.171,0,84.8,0,6.07,0,42.26,14.04,7.62,0,-74.3,5.55,22.207,0,17.35,0,1.201,3.02,0,12.09
4/7/2026,09:15, ,gtmpiwq_20H100465_032726_050000.bin,Pine Island,GTMNERR,0,51.44,0,33.85,0,3.223,0,85.6,0,6.11,0,38.93,12.93,7.63,0,-75.2,5.56,22.318,0,23.26,0,1.2,3.28,0,13.17
4/7/2026,09:30, ,gtmpiwq_20H100465_032726_050000.bin,Pine Island,GTMNERR,0,51.561,0,33.94,0,3.28,0,86.2,0,6.16,0,37.98,12.62,7.64,0,-75.8,5.55,22.24,0,18.06,0,1.203,3.08,0,12.33
4/7/2026,09:45, ,gtmpiwq_20H100465_032726_050000.bin,Pine Island,GTMNERR,0,51.584,0,33.95,0,3.336,0,86.3,0,6.15,0,36.42,12.09,7.65,0,-76.3,5.55,22.375,0,21.19,0,1.201,3.26,0,13.09
4/7/2026,10:00, ,gtmpiwq_20H100465_032726_050000.bin,Pine Island,GTMNERR,0,51.565,0,33.94,0,3.394,0,86.6,0,6.2,0,36.23,12.03,7.65,0,-76.4,5.56,22.2,0,23.15,0,1.202,3.05,0,12.22
4/7/2026,10:15, ,gtmpiwq_20H100465_032726_050000.bin,Pine Island,GTMNERR,0,51.604,0,33.97,0,3.459,0,87.1,0,6.24,0,37.01,12.29,7.65,0,-76.5,5.55,22.174,0,17.82,0,1.204,3.13,0,12.55
4/7/2026,10:30, ,gtmpiwq_20H100465_032726_050000.bin,Pine Island,GTMNERR,0,51.643,0,34,0,3.523,0,86.7,0,6.22,0,36.67,12.18,7.65,0,-76.5,5.55,22.063,0,18.19,0,1.205,3.04,0,12.19
4/7/2026,10:45, ,gtmpiwq_20H100465_032726_050000.bin,Pine Island,GTMNERR,0,51.677,0,34.02,0,3.577,0,86.7,0,6.22,0,36.11,11.99,7.66,0,-76.6,5.56,22.024,0,16.53,0,1.206,2.83,0,11.32
4/7/2026,11:00, ,gtmpiwq_20H100465_032726_050000.bin,Pine Island,GTMNERR,0,51.698,0,34.04,0,3.625,0,86.8,0,6.22,0,34.18,11.35,7.66,0,-76.7,5.54,22.04,0,20.54,0,1.21,3.09,0,12.38
4/7/2026,11:15, ,gtmpiwq_20H100465_032726_050000.bin,Pine Island,GTMNERR,0,51.736,0,34.07,0,3.666,0,86.3,0,6.18,0,34.09,11.32,7.66,0,-77,5.55,22.097,0,19.93,0,1.201,2.87,0,11.49
4/7/2026,11:30, ,gtmpiwq_20H100465_032726_050000.bin,Pine Island,GTMNERR,0,51.756,0,34.08,0,3.707,0,86.5,0,6.19,0,31.76,10.54,7.67,0,-77.2,5.54,22.106,0,25.72,0,1.196,3.17,0,12.71
4/7/2026,11:45, ,gtmpiwq_20H100465_032726_050000.bin,Pine Island,GTMNERR,0,51.782,0,34.1,0,3.739,0,86.8,0,6.22,0,31.96,10.61,7.67,0,-77.3,5.54,22.056,0,19.89,0,1.196,2.92,0,11.71
4/7/2026,12:00, ,gtmpiwq_20H100465_032726_050000.bin,Pine Island,GTMNERR,0,51.796,0,34.11,0,3.767,0,86.3,0,6.18,0,32.87,10.91,7.67,0,-77.6,5.55,22.026,0,17.8,0,1.203,2.86,0,11.46
4/7/2026,12:15, ,gtmpiwq_20H100465_032726_050000.bin,Pine Island,GTMNERR,0,51.802,0,34.12,0,3.795,0,87,0,6.24,0,32.34,10.73,7.68,0,-77.8,5.54,22.043,0,17.82,0,1.205,2.78,0,11.11
4/7/2026,12:30, ,gtmpiwq_20H100465_032726_050000.bin,Pine Island,GTMNERR,0,51.817,0,34.13,0,3.822,0,86.8,0,6.22,0,31.34,10.4,7.68,0,-78.1,5.54,22.063,0,19.01,0,1.21,2.87,0,11.5
4/7/2026,12:45, ,gtmpiwq_20H100465_032726_050000.bin,Pine Island,GTMNERR,0,51.827,0,34.13,0,3.842,0,87,0,6.23,0,30.93,10.26,7.68,0,-78.1,5.53,22.068,0,19.32,0,1.201,2.77,0,11.07
4/7/2026,13:00, ,gtmpiwq_20H100465_032726_050000.bin,Pine Island,GTMNERR,0,51.915,0,34.2,0,3.86,0,87.6,0,6.27,0,29.56,9.81,7.7,0,-79.3,5.54,22.059,0,12.16,0,1.197,2.75,0,11.02
4/7/2026,13:15, ,gtmpiwq_20H100465_032726_050000.bin,Pine Island,GTMNERR,0,51.953,0,34.23,0,3.873,0,87.5,0,6.26,0,28.16,9.34,7.71,0,-79.6,5.55,22.053,0,11.6,0,1.192,2.84,0,11.36
4/7/2026,13:30, ,gtmpiwq_20H100465_032726_050000.bin,Pine Island,GTMNERR,0,51.981,0,34.25,0,3.877,0,87.2,0,6.24,0,27.13,8.99,7.71,0,-79.8,5.54,22.051,0,9.92,0,1.194,2.74,0,10.95
4/7/2026,13:45, ,gtmpiwq_20H100465_032726_050000.bin,Pine Island,GTMNERR,0,52.009,0,34.27,0,3.882,0,85.7,0,6.14,0,26.17,8.67,7.71,0,-79.6,5.55,22.045,0,8.29,0,1.204,2.56,0,10.25
4/7/2026,14:00, ,gtmpiwq_20H100465_032726_050000.bin,Pine Island,GTMNERR,0,51.998,0,34.26,0,3.868,0,82.5,0,5.91,0,25.48,8.44,7.7,0,-79,5.54,22.032,0,6.25,0,1.211,2.47,0,9.88
4/7/2026,14:15, ,gtmpiwq_20H100465_032726_050000.bin,Pine Island,GTMNERR,0,51.983,0,34.25,0,3.846,0,80.4,0,5.76,0,25.32,8.39,7.69,0,-78.5,5.54,22.022,0,6.55,0,1.205,2.62,0,10.47
4/7/2026,14:30, ,gtmpiwq_20H100465_032726_050000.bin,Pine Island,GTMNERR,0,51.908,0,34.2,0,3.807,0,87.8,0,6.29,0,27.87,9.24,7.71,0,-79.7,5.55,22.02,0,6.03,0,1.194,2.85,0,11.42
4/7/2026,14:45, ,gtmpiwq_20H100465_032726_050000.bin,Pine Island,GTMNERR,0,51.914,0,34.2,0,3.765,0,89.6,0,6.42,0,28.55,9.47,7.71,0,-79.7,5.54,22.035,0,6.8,0,1.194,2.86,0,11.45
4/7/2026,15:00, ,gtmpiwq_20H100465_032726_050000.bin,Pine Island,GTMNERR,0,51.855,0,34.16,0,3.725,0,90.5,0,6.49,0,30.44,10.1,7.7,0,-79.5,5.55,22.041,0,9.89,0,1.195,2.95,0,11.82
4/7/2026,15:15, ,gtmpiwq_20H100465_032726_050000.bin,Pine Island,GTMNERR,0,51.78,0,34.1,0,3.684,0,90.9,0,6.52,0,32.52,10.79,7.69,0,-78.8,5.54,22.028,0,12.71,0,1.206,3.05,0,12.23
4/7/2026,15:30, ,gtmpiwq_20H100465_032726_050000.bin,Pine Island,GTMNERR,0,51.587,0,33.96,0,3.64,0,92,0,6.62,0,35.11,11.66,7.69,0,-78.4,5.54,21.89,0,19.32,0,1.209,3.76,0,15.11
4/7/2026,15:45, ,gtmpiwq_20H100465_032726_050000.bin,Pine Island,GTMNERR,0,51.504,0,33.9,0,3.585,0,92.3,0,6.65,0,38.03,12.63,7.68,0,-78.2,5.55,21.786,0,12.36,0,1.201,3.5,0,14.06
4/7/2026,16:00, ,gtmpiwq_20H100465_032726_050000.bin,Pine Island,GTMNERR,0,51.475,0,33.88,0,3.532,0,91.8,0,6.63,0,39.54,13.14,7.67,0,-77.6,5.54,21.738,0,10.17,0,1.201,3.51,0,14.09
4/7/2026,16:15, ,gtmpiwq_20H100465_032726_050000.bin,Pine Island,GTMNERR,0,51.547,0,33.93,0,3.479,0,91.7,0,6.6,0,38.63,12.83,7.68,0,-77.9,5.55,21.835,0,10.36,0,1.202,3.17,0,12.71
4/7/2026,16:30, ,gtmpiwq_20H100465_032726_050000.bin,Pine Island,GTMNERR,0,51.552,0,33.93,0,3.426,0,91.8,0,6.6,0,37.47,12.44,7.68,0,-77.8,5.53,21.897,0,11.12,0,1.2,3.33,0,13.34
4/7/2026,16:45, ,gtmpiwq_20H100465_032726_050000.bin,Pine Island,GTMNERR,0,51.498,0,33.89,0,3.381,0,92,0,6.63,0,38.4,12.76,7.68,0,-77.9,5.54,21.814,0,13.29,0,1.198,3.38,0,13.55
4/7/2026,17:00, ,gtmpiwq_20H100465_032726_050000.bin,Pine Island,GTMNERR,0,51.455,0,33.86,0,3.329,0,92.4,0,6.66,0,39.35,13.07,7.68,0,-77.7,5.55,21.793,0,13.33,0,1.196,3.84,0,15.44
4/7/2026,17:15, ,gtmpiwq_20H100465_032726_050000.bin,Pine Island,GTMNERR,0,51.512,0,33.9,0,3.275,0,92.1,0,6.63,0,38.52,12.8,7.68,0,-77.8,5.54,21.845,0,13.01,0,1.195,3.39,0,13.58
4/7/2026,17:30, ,gtmpiwq_20H100465_032726_050000.bin,Pine Island,GTMNERR,0,51.504,0,33.9,0,3.228,0,91.4,0,6.58,0,38.61,12.83,7.67,0,-77.3,5.54,21.9,0,12.97,0,1.196,3.68,0,14.77
4/7/2026,17:45, ,gtmpiwq_20H100465_032726_050000.bin,Pine Island,GTMNERR,0,51.486,0,33.88,0,3.178,0,91.4,0,6.58,0,38.52,12.8,7.67,0,-77.6,5.53,21.913,0,13.44,0,1.207,3.64,0,14.6
4/7/2026,18:00, ,gtmpiwq_20H100465_032726_050000.bin,Pine Island,GTMNERR,0,51.464,0,33.87,0,3.137,0,91.1,0,6.56,0,39.37,13.08,7.67,0,-77.4,5.54,21.922,0,12.41,0,1.206,3.64,0,14.61
4/7/2026,18:15, ,gtmpiwq_20H100465_032726_050000.bin,Pine Island,GTMNERR,0,51.442,0,33.85,0,3.092,0,90.1,0,6.48,0,39,12.96,7.66,0,-76.8,5.55,21.948,0,12.1,0,1.196,3.61,0,14.52
4/7/2026,18:30, ,gtmpiwq_20H100465_032726_050000.bin,Pine Island,GTMNERR,0,51.417,0,33.83,0,3.047,0,88.3,0,6.35,0,40.14,13.34,7.66,0,-76.6,5.54,21.944,0,10.3,0,1.195,3.54,0,14.2
4/7/2026,18:45, ,gtmpiwq_20H100465_032726_050000.bin,Pine Island,GTMNERR,0,51.389,0,33.81,0,3.021,0,89,0,6.4,0,39.79,13.22,7.65,0,-76.4,5.54,21.94,0,10.7,0,1.195,3.67,0,14.74
4/7/2026,19:00, ,gtmpiwq_20H100465_032726_050000.bin,Pine Island,GTMNERR,0,51.361,0,33.79,0,2.996,0,87.6,0,6.3,0,39.46,13.11,7.65,0,-76.2,5.53,21.909,0,5.97,0,1.203,3.65,0,14.64
4/7/2026,19:15, ,gtmpiwq_20H100465_032726_050000.bin,Pine Island,GTMNERR,0,51.334,0,33.77,0,2.992,0,87.2,0,6.28,0,41.34,13.74,7.64,0,-75.8,5.54,21.878,0,5.9,0,1.206,3.54,0,14.23
4/7/2026,19:30, ,gtmpiwq_20H100465_032726_050000.bin,Pine Island,GTMNERR,0,51.323,0,33.77,0,2.997,0,83.5,0,6.01,0,42.44,14.1,7.64,0,-75.4,5.55,21.875,0,5.6,0,1.21,3.35,0,13.44
4/7/2026,19:45, ,gtmpiwq_20H100465_032726_050000.bin,Pine Island,GTMNERR,0,51.31,0,33.76,0,3.017,0,84.9,0,6.11,0,44.53,14.8,7.64,0,-75.7,5.54,21.857,0,5.02,0,1.206,3.55,0,14.25
4/7/2026,20:00, ,gtmpiwq_20H100465_032726_050000.bin,Pine Island,GTMNERR,0,51.362,0,33.79,0,3.05,0,89.4,0,6.45,0,42.51,14.13,7.66,0,-76.9,5.54,21.763,0,9.36,0,1.194,3.88,0,15.58
4/7/2026,20:15, ,gtmpiwq_20H100465_032726_050000.bin,Pine Island,GTMNERR,0,51.412,0,33.83,0,3.101,0,90.8,0,6.55,0,40.93,13.6,7.67,0,-77.2,5.53,21.767,0,12.77,0,1.195,3.96,0,15.9
4/7/2026,20:30, ,gtmpiwq_20H100465_032726_050000.bin,Pine Island,GTMNERR,0,51.265,0,33.72,0,3.156,0,90.5,0,6.52,0,39.05,12.97,7.67,0,-77.4,5.54,21.831,0,18.83,0,1.21,4.02,0,16.17
4/7/2026,20:45, ,gtmpiwq_20H100465_032726_050000.bin,Pine Island,GTMNERR,0,51.466,0,33.87,0,3.211,0,91.6,0,6.61,0,38.56,12.81,7.68,0,-77.9,5.55,21.719,0,17.82,0,1.21,4.02,0,16.17
4/7/2026,21:00, ,gtmpiwq_20H100465_032726_050000.bin,Pine Island,GTMNERR,0,51.495,0,33.89,0,3.268,0,91.5,0,6.61,0,38.64,12.84,7.68,0,-77.9,5.54,21.645,0,16.52,0,1.202,3.79,0,15.24
4/7/2026,21:15, ,gtmpiwq_20H100465_032726_050000.bin,Pine Island,GTMNERR,0,51.501,0,33.9,0,3.322,0,91.4,0,6.61,0,39.02,12.96,7.68,0,-78,5.54,21.619,0,13.73,0,1.201,3.77,0,15.15
4/7/2026,21:30, ,gtmpiwq_20H100465_032726_050000.bin,Pine Island,GTMNERR,0,51.505,0,33.9,0,3.388,0,91.8,0,6.64,0,37.87,12.58,7.68,0,-78,5.53,21.585,0,16.9,0,1.201,3.81,0,15.31
4/7/2026,21:45, ,gtmpiwq_20H100465_032726_050000.bin,Pine Island,GTMNERR,0,51.529,0,33.92,0,3.454,0,91.4,0,6.61,0,38.84,12.9,7.68,0,-78.2,5.53,21.62,0,12.56,0,1.202,3.65,0,14.64
4/7/2026,22:00, ,gtmpiwq_20H100465_032726_050000.bin,Pine Island,GTMNERR,0,51.556,0,33.94,0,3.517,0,91,0,6.6,0,37.65,12.51,7.68,0,-77.9,5.54,21.407,0,15.21,0,1.201,3.76,0,15.11
4/7/2026,22:15, ,gtmpiwq_20H100465_032726_050000.bin,Pine Island,GTMNERR,0,51.567,0,33.95,0,3.577,0,91.2,0,6.6,0,37.17,12.34,7.68,0,-78.2,5.53,21.54,0,13.91,0,1.203,3.71,0,14.89
4/7/2026,22:30, ,gtmpiwq_20H100465_032726_050000.bin,Pine Island,GTMNERR,0,51.519,0,33.91,0,3.632,0,91.1,0,6.59,0,37.14,12.34,7.69,0,-78.4,5.53,21.576,0,16.76,0,1.204,3.79,0,15.23
4/7/2026,22:45, ,gtmpiwq_20H100465_032726_050000.bin,Pine Island,GTMNERR,0,51.536,0,33.93,0,3.687,0,91,0,6.59,0,36.83,12.23,7.69,0,-78.6,5.54,21.543,0,15.72,0,1.205,3.78,0,15.19
4/7/2026,23:00, ,gtmpiwq_20H100465_032726_050000.bin,Pine Island,GTMNERR,0,51.598,0,33.97,0,3.739,0,90.9,0,6.58,0,34.26,11.37,7.69,0,-78.7,5.53,21.513,0,18.68,0,1.203,3.64,0,14.62
4/7/2026,23:15, ,gtmpiwq_20H100465_032726_050000.bin,Pine Island,GTMNERR,0,51.648,0,34.01,0,3.786,0,91.3,0,6.61,0,33.21,11.03,7.7,0,-79.1,5.53,21.498,0,18.19,0,1.204,3.62,0,14.52
4/7/2026,23:30, ,gtmpiwq_20H100465_032726_050000.bin,Pine Island,GTMNERR,0,51.696,0,34.04,0,3.832,0,91.1,0,6.6,0,31.25,10.37,7.7,0,-79.4,5.54,21.509,0,19.37,0,1.207,3.45,0,13.86
4/7/2026,23:45, ,gtmpiwq_20H100465_032726_050000.bin,Pine Island,GTMNERR,0,51.751,0,34.08,0,3.878,0,91.1,0,6.59,0,29.51,9.79,7.71,0,-79.9,5.54,21.5,0,20.13,0,1.202,3.65,0,14.64
4/8/2026,00:00, ,gtmpiwq_20H100465_032726_050000.bin,Pine Island,GTMNERR,0,51.801,0,34.12,0,3.918,0,90.9,0,6.58,0,28.31,9.39,7.72,0,-80.3,5.53,21.516,0,22.32,0,1.201,3.59,0,14.4
4/8/2026,00:15, ,gtmpiwq_20H100465_032726_050000.bin,Pine Island,GTMNERR,0,51.924,0,34.21,0,3.96,0,91,0,6.58,0,26.54,8.8,7.73,0,-81.2,5.53,21.482,0,14.69,0,1.201,2.96,0,11.85
4/8/2026,00:30, ,gtmpiwq_20H100465_032726_050000.bin,Pine Island,GTMNERR,0,51.946,0,34.23,0,3.996,0,90.9,0,6.57,0,25.89,8.58,7.74,0,-81.4,5.53,21.479,0,15.34,0,1.205,3.06,0,12.27
4/8/2026,00:45, ,gtmpiwq_20H100465_032726_050000.bin,Pine Island,GTMNERR,0,51.946,0,34.23,0,4.028,0,90.7,0,6.56,0,26.26,8.7,7.74,0,-81.3,5.53,21.476,0,15.79,0,1.208,2.88,0,11.54
4/8/2026,01:00, ,gtmpiwq_20H100465_032726_050000.bin,Pine Island,GTMNERR,0,52.005,0,34.27,0,4.056,0,90.5,0,6.55,0,24.2,8.02,7.75,0,-81.9,5.53,21.402,0,18.12,0,1.202,3.03,0,12.15
4/8/2026,01:15, ,gtmpiwq_20H100465_032726_050000.bin,Pine Island,GTMNERR,0,49.417,0,32.37,0,4.086,0,90.6,0,6.65,0,106.77,35.57,7.75,0,-82.1,5.53,21.334,0,17.89,0,1.199,3.05,0,12.23
4/8/2026,01:30, ,gtmpiwq_20H100465_032726_050000.bin,Pine Island,GTMNERR,0,52.077,0,34.33,0,4.108,0,90.9,0,6.6,0,22.57,7.47,7.76,0,-82.9,5.52,21.218,0,15.4,0,1.193,2.66,0,10.64
4/8/2026,01:45, ,gtmpiwq_20H100465_032726_050000.bin,Pine Island,GTMNERR,0,52.118,0,34.36,0,4.113,0,90.8,0,6.61,0,21.64,7.16,7.77,0,-83.2,5.53,21.143,0,15.78,0,1.194,2.7,0,10.8
4/8/2026,02:00, ,gtmpiwq_20H100465_032726_050000.bin,Pine Island,GTMNERR,0,52.146,0,34.38,0,4.116,0,90.8,0,6.61,0,20.54,6.8,7.78,0,-83.6,5.51,21.049,0,15.1,0,1.204,2.57,0,10.28
4/8/2026,02:15, ,gtmpiwq_20H100465_032726_050000.bin,Pine Island,GTMNERR,0,52.179,0,34.41,0,4.113,0,90.2,0,6.58,0,20.35,6.74,7.78,0,-83.8,5.51,20.984,0,12.44,0,1.211,2.28,0,9.11
4/8/2026,02:30, ,gtmpiwq_20H100465_032726_050000.bin,Pine Island,GTMNERR,0,52.2,0,34.42,0,4.107,0,89.4,0,6.53,0,20.17,6.67,7.78,0,-83.8,5.51,20.927,0,11.98,0,1.205,2.22,0,8.85
4/8/2026,02:45, ,gtmpiwq_20H100465_032726_050000.bin,Pine Island,GTMNERR,0,52.194,0,34.42,0,4.086,0,84.2,0,6.15,0,19.34,6.4,7.76,0,-82.6,5.5,20.93,0,8.69,0,1.192,2.19,0,8.74
4/8/2026,03:00, ,gtmpiwq_20H100465_032726_050000.bin,Pine Island,GTMNERR,0,52.183,0,34.41,0,4.047,0,88.9,0,6.48,0,18.86,6.24,7.78,0,-83.9,5.51,20.942,0,7.22,0,1.194,2.17,0,8.63
4/8/2026,03:15, ,gtmpiwq_20H100465_032726_050000.bin,Pine Island,GTMNERR,0,52.193,0,34.42,0,4.004,0,90.3,0,6.59,0,20.73,6.86,7.78,0,-84.1,5.49,20.933,0,5.9,0,1.202,2.15,0,8.57
4/8/2026,03:30, ,gtmpiwq_20H100465_032726_050000.bin,Pine Island,GTMNERR,0,52.132,0,34.37,0,3.964,0,90.5,0,6.59,0,21.78,7.21,7.76,0,-83,5.49,21.032,0,8.68,0,1.208,2.25,0,8.99
4/8/2026,03:45, ,gtmpiwq_20H100465_032726_050000.bin,Pine Island,GTMNERR,0,52.062,0,34.32,0,3.929,0,91.4,0,6.65,0,23.09,7.65,7.76,0,-82.7,5.5,21.119,0,11.39,0,1.211,2.37,0,9.47
4/8/2026,04:00, ,gtmpiwq_20H100465_032726_050000.bin,Pine Island,GTMNERR,0,51.947,0,34.23,0,3.897,0,91.2,0,6.64,0,25.88,8.58,7.75,0,-82,5.49,21.138,0,10.16,0,1.204,2.34,0,9.33
4/8/2026,04:15, ,gtmpiwq_20H100465_032726_050000.bin,Pine Island,GTMNERR,0,51.827,0,34.14,0,3.865,0,90.7,0,6.6,0,28.4,9.42,7.73,0,-80.9,5.5,21.164,0,13.16,0,1.196,2.39,0,9.55
4/8/2026,04:30, ,gtmpiwq_20H100465_032726_050000.bin,Pine Island,GTMNERR,0,51.749,0,34.09,0,3.828,0,90.1,0,6.56,0,29.61,9.82,7.72,0,-80.3,5.49,21.157,0,13.96,0,1.202,2.52,0,10.06
4/8/2026,04:45, ,gtmpiwq_20H100465_032726_050000.bin,Pine Island,GTMNERR,0,51.693,0,34.05,0,3.783,0,89.7,0,6.54,0,31.36,10.41,7.71,0,-79.7,5.49,21.136,0,11.58,0,1.211,2.28,0,9.11
4/8/2026,05:00, ,gtmpiwq_20H100465_032726_050000.bin,Pine Island,GTMNERR,0,51.676,0,34.03,0,3.744,0,89.7,0,6.53,0,32.23,10.7,7.71,0,-79.7,5.5,21.152,0,10.52,0,1.203,2.41,0,9.63
4/8/2026,05:15, ,gtmpiwq_20H100465_032726_050000.bin,Pine Island,GTMNERR,0,51.674,0,34.03,0,3.707,0,90.1,0,6.57,0,32.78,10.88,7.71,0,-79.7,5.49,21.138,0,10.3,0,1.194,2.34,0,9.35
4/8/2026,05:30, ,gtmpiwq_20H100465_032726_050000.bin,Pine Island,GTMNERR,0,51.611,0,33.98,0,3.667,0,89.8,0,6.55,0,33.2,11.02,7.7,0,-79.2,5.5,21.118,0,14.79,0,1.197,2.55,0,10.18
4/8/2026,05:45, ,gtmpiwq_20H100465_032726_050000.bin,Pine Island,GTMNERR,0,51.568,0,33.95,0,3.624,0,89.6,0,6.54,0,34.35,11.4,7.7,0,-78.8,5.49,21.083,0,12.38,0,1.195,2.54,0,10.17
4/8/2026,06:00, ,gtmpiwq_20H100465_032726_050000.bin,Pine Island,GTMNERR,0,51.553,0,33.94,0,3.577,0,89.6,0,6.54,0,34.51,11.46,7.69,0,-78.8,5.49,21.088,0,13.2,0,1.21,2.77,0,11.07
4/8/2026,06:15, ,gtmpiwq_20H100465_032726_050000.bin,Pine Island,GTMNERR,0,51.524,0,33.92,0,3.53,0,89.8,0,6.55,0,35.11,11.66,7.69,0,-78.6,5.5,21.089,0,13.97,0,1.2,2.5,0,9.99
4/8/2026,06:30, ,gtmpiwq_20H100465_032726_050000.bin,Pine Island,GTMNERR,0,51.493,0,33.9,0,3.482,0,90,0,6.57,0,35.68,11.85,7.69,0,-78.5,5.5,21.08,0,13.18,0,1.193,2.33,0,9.3
4/8/2026,06:45, ,gtmpiwq_20H100465_032726_050000.bin,Pine Island,GTMNERR,0,51.472,0,33.88,0,3.436,0,89.8,0,6.56,0,36.6,12.16,7.69,0,-78.2,5.5,21.067,0,13.5,0,1.196,2.59,0,10.35
4/8/2026,07:00, ,gtmpiwq_20H100465_032726_050000.bin,Pine Island,GTMNERR,0,51.438,0,33.86,0,3.39,0,89.8,0,6.55,0,37.25,12.37,7.68,0,-78,5.49,21.076,0,13.22,0,1.197,2.29,0,9.14
4/8/2026,07:15, ,gtmpiwq_20H100465_032726_050000.bin,Pine Island,GTMNERR,0,51.396,0,33.83,0,3.342,0,89.4,0,6.53,0,38.35,12.74,7.68,0,-77.8,5.5,21.066,0,13.06,0,1.193,2.28,0,9.1
4/8/2026,07:30, ,gtmpiwq_20H100465_032726_050000.bin,Pine Island,GTMNERR,0,51.355,0,33.8,0,3.299,0,89.5,0,6.54,0,39.49,13.12,7.68,0,-77.6,5.5,21.046,0,12,0,1.197,2.51,0,10.03
4/8/2026,07:45, ,gtmpiwq_20H100465_032726_050000.bin,Pine Island,GTMNERR,0,51.266,0,33.73,0,3.263,0,88.3,0,6.46,0,40.41,13.43,7.66,0,-76.8,5.49,20.982,0,12.63,0,1.202,2.47,0,9.87
4/8/2026,08:00, ,gtmpiwq_20H100465_032726_050000.bin,Pine Island,GTMNERR,0,51.194,0,33.68,0,3.24,0,87.4,0,6.41,0,41.83,13.9,7.65,0,-76.2,5.5,20.923,0,12.35,0,1.206,2.5,0,10
4/8/2026,08:15, ,gtmpiwq_20H100465_032726_050000.bin,Pine Island,GTMNERR,0,51.172,0,33.66,0,3.219,0,86.7,0,6.36,0,40.13,13.33,7.64,0,-75.8,5.49,20.901,0,11.19,0,1.212,2.54,0,10.15
4/8/2026,08:30, ,gtmpiwq_20H100465_032726_050000.bin,Pine Island,GTMNERR,0,51.186,0,33.67,0,3.202,0,87.2,0,6.4,0,36.43,12.1,7.65,0,-75.9,5.5,20.905,0,28.38,0,1.207,2.93,0,11.74
4/8/2026,08:45, ,gtmpiwq_20H100465_032726_050000.bin,Pine Island,GTMNERR,0,51.186,0,33.67,0,3.202,0,86.4,0,6.33,0,40.1,13.32,7.64,0,-75.6,5.5,20.9,0,6.96,0,1.194,2.44,0,9.76
4/8/2026,09:00, ,gtmpiwq_20H100465_032726_050000.bin,Pine Island,GTMNERR,0,51.174,0,33.66,0,3.226,0,85.3,0,6.26,0,41.73,13.87,7.64,0,-75.6,5.49,20.9,0,6.57,0,1.193,2.24,0,8.93
4/8/2026,09:15, ,gtmpiwq_20H100465_032726_050000.bin,Pine Island,GTMNERR,0,51.157,0,33.65,0,3.267,0,84.5,0,6.2,0,42.57,14.15,7.63,0,-75,5.5,20.884,0,6.78,0,1.199,2.31,0,9.22
4/8/2026,09:30, ,gtmpiwq_20H100465_032726_050000.bin,Pine Island,GTMNERR,0,51.219,0,33.7,0,3.321,0,87.3,0,6.41,0,41.85,13.91,7.65,0,-75.9,5.49,20.789,0,9.09,0,1.2,2.67,0,10.66
4/8/2026,09:45, ,gtmpiwq_20H100465_032726_050000.bin,Pine Island,GTMNERR,0,51.215,0,33.7,0,3.364,0,87.9,0,6.45,0,41.54,13.8,7.65,0,-75.9,5.49,20.837,0,12.39,0,1.201,2.46,0,9.81
4/8/2026,10:00, ,gtmpiwq_20H100465_032726_050000.bin,Pine Island,GTMNERR,0,51.257,0,33.73,0,3.417,0,88.6,0,6.5,0,40.69,13.52,7.66,0,-76.4,5.5,20.901,0,12.04,0,1.203,2.43,0,9.71
4/8/2026,10:15, ,gtmpiwq_20H100465_032726_050000.bin,Pine Island,GTMNERR,0,51.317,0,33.77,0,3.46,0,89.6,0,6.57,0,38.91,12.93,7.67,0,-77.2,5.51,20.873,0,13.06,0,1.202,2.41,0,9.63
4/8/2026,10:30, ,gtmpiwq_20H100465_032726_050000.bin,Pine Island,GTMNERR,0,51.386,0,33.82,0,3.515,0,89.8,0,6.59,0,38.06,12.64,7.67,0,-77.4,5.52,20.868,0,13.32,0,1.203,2.72,0,10.87
4/8/2026,10:45, ,gtmpiwq_20H100465_032726_050000.bin,Pine Island,GTMNERR,0,51.423,0,33.85,0,3.57,0,90.4,0,6.62,0,37.15,12.34,7.68,0,-77.8,5.52,20.931,0,13.99,0,1.204,2.61,0,10.44
4/8/2026,11:00, ,gtmpiwq_20H100465_032726_050000.bin,Pine Island,GTMNERR,0,51.435,0,33.86,0,3.625,0,91,0,6.66,0,36.98,12.28,7.69,0,-78.3,5.52,20.996,0,12.55,0,1.209,2.64,0,10.57
4/8/2026,11:15, ,gtmpiwq_20H100465_032726_050000.bin,Pine Island,GTMNERR,0,51.456,0,33.87,0,3.683,0,90.8,0,6.65,0,36.31,12.06,7.68,0,-78.2,5.52,20.95,0,11.51,0,1.204,2.6,0,10.41
4/8/2026,11:30, ,gtmpiwq_20H100465_032726_050000.bin,Pine Island,GTMNERR,0,51.45,0,33.87,0,3.729,0,89.1,0,6.55,0,33.41,11.09,7.67,0,-77,5.51,20.736,0,13.05,0,1.201,2.62,0,10.49
4/8/2026,11:45, ,gtmpiwq_20H100465_032726_050000.bin,Pine Island,GTMNERR,0,51.508,0,33.91,0,3.777,0,90.5,0,6.63,0,34.77,11.54,7.69,0,-78.2,5.51,20.945,0,12.47,0,1.199,2.66,0,10.62
4/8/2026,12:00, ,gtmpiwq_20H100465_032726_050000.bin,Pine Island,GTMNERR,0,51.529,0,33.93,0,3.815,0,90.9,0,6.64,0,34.65,11.5,7.69,0,-78.6,5.52,20.994,0,12.44,0,1.194,2.57,0,10.27
4/8/2026,12:15, ,gtmpiwq_20H100465_032726_050000.bin,Pine Island,GTMNERR,0,51.545,0,33.94,0,3.849,0,91.5,0,6.68,0,34.15,11.34,7.7,0,-78.9,5.52,21.015,0,11.75,0,1.193,2.6,0,10.39
4/8/2026,12:30, ,gtmpiwq_20H100465_032726_050000.bin,Pine Island,GTMNERR,0,51.568,0,33.95,0,3.886,0,90.4,0,6.6,0,32.76,10.87,7.7,0,-78.8,5.51,20.998,0,12.7,0,1.201,2.81,0,11.26
4/8/2026,12:45, ,gtmpiwq_20H100465_032726_050000.bin,Pine Island,GTMNERR,0,51.631,0,34,0,3.916,0,90.7,0,6.63,0,31.67,10.51,7.7,0,-79.1,5.52,20.98,0,11.28,0,1.21,2.57,0,10.27
4/8/2026,13:00, ,gtmpiwq_20H100465_032726_050000.bin,Pine Island,GTMNERR,0,51.62,0,33.99,0,3.943,0,89.9,0,6.57,0,31.74,10.53,7.7,0,-78.9,5.51,20.96,0,11.57,0,1.207,2.66,0,10.64
4/8/2026,13:15, ,gtmpiwq_20H100465_032726_050000.bin,Pine Island,GTMNERR,0,51.638,0,34.01,0,3.966,0,89.9,0,6.57,0,31.5,10.45,7.7,0,-78.9,5.51,20.943,0,11.61,0,1.193,2.65,0,10.61
4/8/2026,13:30, ,gtmpiwq_20H100465_032726_050000.bin,Pine Island,GTMNERR,0,51.668,0,34.03,0,3.992,0,90.3,0,6.59,0,30.83,10.23,7.7,0,-79.2,5.52,20.998,0,10.71,0,1.194,2.61,0,10.45
4/8/2026,13:45, ,gtmpiwq_20H100465_032726_050000.bin,Pine Island,GTMNERR,0,51.689,0,34.04,0,4.019,0,90.5,0,6.61,0,29.98,9.95,7.71,0,-79.5,5.5,21.017,0,11.78,0,1.202,2.73,0,10.91
4/8/2026,14:00, ,gtmpiwq_20H100465_032726_050000.bin,Pine Island,GTMNERR,0,51.737,0,34.08,0,4.036,0,90.8,0,6.63,0,27.92,9.26,7.71,0,-79.9,5.51,21.029,0,10.21,0,1.208,2.7,0,10.79
4/8/2026,14:15, ,gtmpiwq_20H100465_032726_050000.bin,Pine Island,GTMNERR,0,51.776,0,34.11,0,4.046,0,90.8,0,6.63,0,28.17,9.34,7.72,0,-80.3,5.51,21.04,0,10.55,0,1.202,2.55,0,10.18
4/8/2026,14:30, ,gtmpiwq_20H100465_032726_050000.bin,Pine Island,GTMNERR,0,51.818,0,34.14,0,4.049,0,90.1,0,6.58,0,26.2,8.68,7.72,0,-80.3,5.5,21.046,0,9.65,0,1.192,2.71,0,10.83
4/8/2026,14:45, ,gtmpiwq_20H100465_032726_050000.bin,Pine Island,GTMNERR,0,51.864,0,34.17,0,4.053,0,91,0,6.64,0,25.6,8.49,7.73,0,-81.1,5.51,21.049,0,9.35,0,1.192,2.82,0,11.28
4/8/2026,15:00, ,gtmpiwq_20H100465_032726_050000.bin,Pine Island,GTMNERR,0,51.833,0,34.15,0,4.05,0,89.5,0,6.53,0,25.64,8.5,7.72,0,-80.4,5.51,21.046,0,8.42,0,1.192,2.79,0,11.17
4/8/2026,15:15, ,gtmpiwq_20H100465_032726_050000.bin,Pine Island,GTMNERR,0,51.881,0,34.19,0,4.043,0,90.5,0,6.6,0,25.18,8.35,7.73,0,-81.1,5.5,21.038,0,7.52,0,1.205,2.71,0,10.83
4/8/2026,15:30, ,gtmpiwq_20H100465_032726_050000.bin,Pine Island,GTMNERR,0,51.894,0,34.19,0,4.029,0,88.7,0,6.47,0,24.55,8.13,7.73,0,-80.9,5.51,21.023,0,6.81,0,1.201,2.66,0,10.65
4/8/2026,15:45, ,gtmpiwq_20H100465_032726_050000.bin,Pine Island,GTMNERR,0,51.787,0,34.12,0,3.999,0,90.8,0,6.63,0,27.28,9.05,7.73,0,-80.8,5.51,21.027,0,6.5,0,1.2,2.91,0,11.64
4/8/2026,16:00, ,gtmpiwq_20H100465_032726_050000.bin,Pine Island,GTMNERR,0,51.797,0,34.12,0,3.966,0,93.9,0,6.85,0,26.16,8.67,7.73,0,-81.1,5.51,21.065,0,7.61,0,1.199,2.97,0,11.89
4/8/2026,16:15, ,gtmpiwq_20H100465_032726_050000.bin,Pine Island,GTMNERR,0,51.734,0,34.08,0,3.925,0,94.2,0,6.87,0,28.18,9.35,7.73,0,-80.8,5.51,21.067,0,7.9,0,1.2,3.06,0,12.26
4/8/2026,16:30, ,gtmpiwq_20H100465_032726_050000.bin,Pine Island,GTMNERR,0,51.653,0,34.02,0,3.889,0,94.3,0,6.88,0,29.85,9.9,7.72,0,-80.4,5.5,21.045,0,9.29,0,1.202,3.11,0,12.46
4/8/2026,16:45, ,gtmpiwq_20H100465_032726_050000.bin,Pine Island,GTMNERR,0,51.562,0,33.95,0,3.85,0,95.1,0,6.94,0,31.68,10.52,7.72,0,-80.2,5.5,21.046,0,10.21,0,1.203,3.32,0,13.3
4/8/2026,17:00, ,gtmpiwq_20H100465_032726_050000.bin,Pine Island,GTMNERR,0,51.46,0,33.87,0,3.813,0,96.5,0,7.04,0,34.06,11.31,7.72,0,-80.1,5.51,21.06,0,11.04,0,1.205,3.38,0,13.57
4/8/2026,17:15, ,gtmpiwq_20H100465_032726_050000.bin,Pine Island,GTMNERR,0,51.391,0,33.82,0,3.774,0,96.8,0,7.07,0,36.02,11.96,7.71,0,-79.9,5.5,21.03,0,13.07,0,1.204,3.34,0,13.39
4/8/2026,17:30, ,gtmpiwq_20H100465_032726_050000.bin,Pine Island,GTMNERR,0,51.397,0,33.83,0,3.738,0,96.7,0,7.07,0,37,12.29,7.71,0,-79.8,5.5,21.013,0,9.24,0,1.204,3.29,0,13.19
4/8/2026,17:45, ,gtmpiwq_20H100465_032726_050000.bin,Pine Island,GTMNERR,0,51.386,0,33.82,0,3.698,0,96.7,0,7.07,0,37.18,12.35,7.71,0,-79.9,5.5,21.015,0,8.84,0,1.203,3.07,0,12.32
4/8/2026,18:00, ,gtmpiwq_20H100465_032726_050000.bin,Pine Island,GTMNERR,0,51.351,0,33.79,0,3.658,0,97,0,7.1,0,37.22,12.36,7.71,0,-79.7,5.5,20.981,0,12.54,0,1.201,3.55,0,14.24
4/8/2026,18:15, ,gtmpiwq_20H100465_032726_050000.bin,Pine Island,GTMNERR,0,51.367,0,33.81,0,3.616,0,96.8,0,7.08,0,37.21,12.36,7.71,0,-79.8,5.51,20.992,0,10.19,0,1.196,3.4,0,13.66
4/8/2026,18:30, ,gtmpiwq_20H100465_032726_050000.bin,Pine Island,GTMNERR,0,51.32,0,33.77,0,3.575,0,96.6,0,7.07,0,37.81,12.56,7.71,0,-79.4,5.5,20.99,0,12.12,0,1.198,3.73,0,15
4/8/2026,18:45, ,gtmpiwq_20H100465_032726_050000.bin,Pine Island,GTMNERR,0,51.311,0,33.77,0,3.529,0,96.9,0,7.1,0,38.25,12.71,7.71,0,-79.6,5.5,20.959,0,10.52,0,1.203,3.43,0,13.77
4/8/2026,19:00, ,gtmpiwq_20H100465_032726_050000.bin,Pine Island,GTMNERR,0,51.297,0,33.76,0,3.494,0,96.5,0,7.07,0,38.91,12.93,7.7,0,-79.4,5.49,20.925,0,9.58,0,1.203,3.6,0,14.44
4/8/2026,19:15, ,gtmpiwq_20H100465_032726_050000.bin,Pine Island,GTMNERR,0,51.285,0,33.75,0,3.455,0,96.2,0,7.05,0,38.87,12.91,7.7,0,-79.2,5.5,20.928,0,10.71,0,1.203,3.49,0,13.99
4/8/2026,19:30, ,gtmpiwq_20H100465_032726_050000.bin,Pine Island,GTMNERR,0,51.299,0,33.76,0,3.416,0,96.1,0,7.04,0,38.69,12.85,7.71,0,-79.4,5.51,20.938,0,9.78,0,1.203,3.4,0,13.62
4/8/2026,19:45, ,gtmpiwq_20H100465_032726_050000.bin,Pine Island,GTMNERR,0,51.26,0,33.73,0,3.384,0,95.6,0,7,0,39.34,13.07,7.7,0,-79.1,5.5,20.926,0,8.78,0,1.204,3.28,0,13.18
4/8/2026,20:00, ,gtmpiwq_20H100465_032726_050000.bin,Pine Island,GTMNERR,0,51.204,0,33.69,0,3.354,0,94.9,0,6.96,0,40.64,13.5,7.69,0,-78.4,5.5,20.909,0,7.39,0,1.206,3.32,0,13.32
4/8/2026,20:15, ,gtmpiwq_20H100465_032726_050000.bin,Pine Island,GTMNERR,0,51.138,0,33.64,0,3.331,0,94.4,0,6.93,0,40.75,13.54,7.68,0,-77.8,5.5,20.882,0,7.88,0,1.2,3.33,0,13.34
4/8/2026,20:30, ,gtmpiwq_20H100465_032726_050000.bin,Pine Island,GTMNERR,0,51.075,0,33.59,0,3.319,0,94.4,0,6.93,0,43.52,14.46,7.66,0,-76.8,5.5,20.852,0,7.16,0,1.195,3.19,0,12.78
4/8/2026,20:45, ,gtmpiwq_20H100465_032726_050000.bin,Pine Island,GTMNERR,0,51.024,0,33.55,0,3.32,0,92.6,0,6.81,0,44.32,14.73,7.65,0,-76.3,5.5,20.826,0,5.16,0,1.199,3.1,0,12.44
4/8/2026,21:00, ,gtmpiwq_20H100465_032726_050000.bin,Pine Island,GTMNERR,0,51.003,0,33.54,0,3.336,0,87.6,0,6.44,0,41.78,13.88,7.63,0,-75.1,5.5,20.819,0,5.05,0,1.2,2.79,0,11.18
4/8/2026,21:15, ,gtmpiwq_20H100465_032726_050000.bin,Pine Island,GTMNERR,0,50.986,0,33.53,0,3.366,0,89.1,0,6.55,0,45.28,15.05,7.65,0,-76.2,5.5,20.803,0,6.41,0,1.201,2.85,0,11.4
4/8/2026,21:30, ,gtmpiwq_20H100465_032726_050000.bin,Pine Island,GTMNERR,0,51.094,0,33.61,0,3.404,0,93.7,0,6.88,0,43.61,14.49,7.67,0,-77.5,5.49,20.804,0,7.47,0,1.201,3.27,0,13.12
4/8/2026,21:45, ,gtmpiwq_20H100465_032726_050000.bin,Pine Island,GTMNERR,0,51.176,0,33.67,0,3.447,0,95.3,0,7,0,41.89,13.92,7.69,0,-78.3,5.5,20.817,0,11.17,0,1.199,3.5,0,14.03
4/8/2026,22:00, ,gtmpiwq_20H100465_032726_050000.bin,Pine Island,GTMNERR,0,51.255,0,33.72,0,3.491,0,95.5,0,7.01,0,40.71,13.53,7.7,0,-78.8,5.48,20.811,0,10.2,0,1.199,3.49,0,13.99
4/8/2026,22:15, ,gtmpiwq_20H100465_032726_050000.bin,Pine Island,GTMNERR,0,51.296,0,33.76,0,3.545,0,95.8,0,7.04,0,39.67,13.18,7.7,0,-79.3,5.5,20.792,0,10.44,0,1.202,3.75,0,15.05
4/8/2026,22:30, ,gtmpiwq_20H100465_032726_050000.bin,Pine Island,GTMNERR,0,51.387,0,33.82,0,3.598,0,95.5,0,7.02,0,37.33,12.4,7.71,0,-79.4,5.5,20.721,0,11.97,0,1.206,3.63,0,14.58
4/8/2026,22:45, ,gtmpiwq_20H100465_032726_050000.bin,Pine Island,GTMNERR,0,51.348,0,33.79,0,3.656,0,95.6,0,7.02,0,38.59,12.82,7.71,0,-79.4,5.5,20.779,0,13.87,0,1.206,3.74,0,15.04
4/8/2026,23:00, ,gtmpiwq_20H100465_032726_050000.bin,Pine Island,GTMNERR,0,51.374,0,33.81,0,3.709,0,96,0,7.05,0,37.94,12.6,7.71,0,-79.8,5.5,20.776,0,11.42,0,1.208,3.6,0,14.44
4/8/2026,23:15, ,gtmpiwq_20H100465_032726_050000.bin,Pine Island,GTMNERR,0,51.364,0,33.81,0,3.766,0,95.8,0,7.04,0,38.42,12.76,7.71,0,-79.8,5.49,20.752,0,10.51,0,1.208,3.47,0,13.91
4/8/2026,23:30, ,gtmpiwq_20H100465_032726_050000.bin,Pine Island,GTMNERR,0,51.434,0,33.86,0,3.814,0,95.2,0,7,0,36.53,12.13,7.71,0,-79.5,5.5,20.658,0,12.03,0,1.209,3.3,0,13.22
4/8/2026,23:45, ,gtmpiwq_20H100465_032726_050000.bin,Pine Island,GTMNERR,0,51.459,0,33.88,0,3.86,0,94.7,0,6.96,0,36.12,12,7.71,0,-79.7,5.5,20.705,0,11.93,0,1.208,3.26,0,13.07
4/9/2026,00:00, ,gtmpiwq_20H100465_032726_050000.bin,Pine Island,GTMNERR,0,51.429,0,33.85,0,3.903,0,95.2,0,6.99,0,36.62,12.16,7.71,0,-79.9,5.5,20.743,0,12.55,0,1.207,3.44,0,13.79
4/9/2026,00:15, ,gtmpiwq_20H100465_032726_050000.bin,Pine Island,GTMNERR,0,51.454,0,33.87,0,3.945,0,95.5,0,7.01,0,35.9,11.92,7.72,0,-79.9,5.5,20.743,0,13.65,0,1.207,3.5,0,14.05
4/9/2026,00:30, ,gtmpiwq_20H100465_032726_050000.bin,Pine Island,GTMNERR,0,51.539,0,33.93,0,3.98,0,94.9,0,6.97,0,33.97,11.28,7.72,0,-80.4,5.49,20.722,0,13.5,0,1.209,3.48,0,13.96
4/9/2026,00:45, ,gtmpiwq_20H100465_032726_050000.bin,Pine Island,GTMNERR,0,51.59,0,33.97,0,4.01,0,94.2,0,6.92,0,32.79,10.88,7.73,0,-80.6,5.49,20.702,0,13.83,0,1.21,3.3,0,13.24
4/9/2026,01:00, ,gtmpiwq_20H100465_032726_050000.bin,Pine Island,GTMNERR,0,51.624,0,34,0,4.048,0,93.9,0,6.9,0,31.51,10.46,7.73,0,-80.6,5.5,20.692,0,16.36,0,1.211,3.36,0,13.5
4/9/2026,01:15, ,gtmpiwq_20H100465_032726_050000.bin,Pine Island,GTMNERR,0,51.764,0,34.1,0,4.071,0,93.8,0,6.89,0,28.72,9.53,7.74,0,-81.3,5.5,20.678,0,15.65,0,1.203,3.13,0,12.54
4/9/2026,01:30, ,gtmpiwq_20H100465_032726_050000.bin,Pine Island,GTMNERR,0,51.889,0,34.19,0,4.094,0,93.4,0,6.86,0,26.96,8.94,7.75,0,-82.1,5.5,20.642,0,13,0,1.197,2.84,0,11.38
4/9/2026,01:45, ,gtmpiwq_20H100465_032726_050000.bin,Pine Island,GTMNERR,0,51.964,0,34.25,0,4.112,0,93.6,0,6.88,0,25.11,8.32,7.76,0,-82.8,5.49,20.61,0,13.45,0,1.196,2.9,0,11.61
4/9/2026,02:00, ,gtmpiwq_20H100465_032726_050000.bin,Pine Island,GTMNERR,0,51.982,0,34.26,0,4.132,0,93.5,0,6.87,0,24.63,8.16,7.76,0,-82.9,5.5,20.602,0,14.03,0,1.203,2.9,0,11.61
4/9/2026,02:15, ,gtmpiwq_20H100465_032726_050000.bin,Pine Island,GTMNERR,0,52.032,0,34.3,0,4.146,0,93.2,0,6.85,0,24.09,7.98,7.77,0,-83.4,5.51,20.577,0,13.53,0,1.203,2.99,0,11.96
4/9/2026,02:30, ,gtmpiwq_20H100465_032726_050000.bin,Pine Island,GTMNERR,0,52.028,0,34.3,0,4.157,0,93.6,0,6.88,0,23.98,7.95,7.77,0,-83.4,5.5,20.554,0,12.76,0,1.206,2.7,0,10.82
4/9/2026,02:45, ,gtmpiwq_20H100465_032726_050000.bin,Pine Island,GTMNERR,0,52.031,0,34.3,0,4.167,0,92.6,0,6.81,0,23.32,7.73,7.77,0,-83.2,5.5,20.562,0,14.11,0,1.204,3.03,0,12.13
4/9/2026,03:00, ,gtmpiwq_20H100465_032726_050000.bin,Pine Island,GTMNERR,0,52.094,0,34.35,0,4.172,0,93.4,0,6.87,0,22.73,7.53,7.78,0,-83.8,5.5,20.494,0,11,0,1.204,2.78,0,11.12
4/9/2026,03:15, ,gtmpiwq_20H100465_032726_050000.bin,Pine Island,GTMNERR,0,52.104,0,34.35,0,4.174,0,93.1,0,6.86,0,22.46,7.44,7.78,0,-83.9,5.5,20.454,0,10.47,0,1.205,2.64,0,10.57
4/9/2026,03:30, ,gtmpiwq_20H100465_032726_050000.bin,Pine Island,GTMNERR,0,52.109,0,34.36,0,4.165,0,91.2,0,6.72,0,22.94,7.6,7.78,0,-83.8,5.51,20.446,0,10.34,0,1.209,2.56,0,10.25
4/9/2026,03:45, ,gtmpiwq_20H100465_032726_050000.bin,Pine Island,GTMNERR,0,52.11,0,34.36,0,4.146,0,88.5,0,6.52,0,22.41,7.42,7.77,0,-83.1,5.5,20.431,0,8.62,0,1.209,2.44,0,9.74
4/9/2026,04:00, ,gtmpiwq_20H100465_032726_050000.bin,Pine Island,GTMNERR,0,52.105,0,34.35,0,4.118,0,86.4,0,6.36,0,21.84,7.23,7.77,0,-83.2,5.5,20.443,0,6.73,0,1.211,2.4,0,9.58
4/9/2026,04:15, ,gtmpiwq_20H100465_032726_050000.bin,Pine Island,GTMNERR,0,52.096,0,34.35,0,4.083,0,92.5,0,6.81,0,23,7.62,7.78,0,-83.7,5.5,20.423,0,5.9,0,1.21,2.33,0,9.3
4/9/2026,04:30, ,gtmpiwq_20H100465_032726_050000.bin,Pine Island,GTMNERR,0,52.038,0,34.31,0,4.048,0,92.5,0,6.81,0,24.35,8.07,7.77,0,-83.1,5.5,20.455,0,7.9,0,1.209,2.49,0,9.95
4/9/2026,04:45, ,gtmpiwq_20H100465_032726_050000.bin,Pine Island,GTMNERR,0,51.984,0,34.27,0,4.01,0,92.9,0,6.84,0,24.97,8.28,7.76,0,-82.4,5.5,20.481,0,10.37,0,1.205,2.63,0,10.51
4/9/2026,05:00, ,gtmpiwq_20H100465_032726_050000.bin,Pine Island,GTMNERR,0,51.914,0,34.21,0,3.971,0,91.2,0,6.71,0,26.25,8.7,7.76,0,-82.4,5.5,20.495,0,10.7,0,1.207,2.54,0,10.16
4/9/2026,05:15, ,gtmpiwq_20H100465_032726_050000.bin,Pine Island,GTMNERR,0,51.732,0,34.08,0,3.934,0,92.5,0,6.83,0,29.23,9.7,7.74,0,-81.4,5.51,20.458,0,10.41,0,1.209,2.42,0,9.65
4/9/2026,05:30, ,gtmpiwq_20H100465_032726_050000.bin,Pine Island,GTMNERR,0,51.702,0,34.06,0,3.896,0,91.4,0,6.75,0,31.18,10.35,7.73,0,-80.6,5.49,20.405,0,8.74,0,1.21,2.42,0,9.68
4/9/2026,05:45, ,gtmpiwq_20H100465_032726_050000.bin,Pine Island,GTMNERR,0,51.633,0,34.01,0,3.854,0,91.9,0,6.79,0,31.83,10.56,7.72,0,-79.9,5.49,20.396,0,10.45,0,1.21,2.52,0,10.06
4/9/2026,06:00, ,gtmpiwq_20H100465_032726_050000.bin,Pine Island,GTMNERR,0,51.592,0,33.98,0,3.809,0,91.5,0,6.76,0,33.99,11.28,7.71,0,-79.7,5.5,20.39,0,8.12,0,1.211,2.3,0,9.17
4/9/2026,06:15, ,gtmpiwq_20H100465_032726_050000.bin,Pine Island,GTMNERR,0,51.526,0,33.93,0,3.769,0,91.3,0,6.75,0,35.26,11.71,7.71,0,-79.5,5.49,20.361,0,8.52,0,1.201,2.37,0,9.45
4/9/2026,06:30, ,gtmpiwq_20H100465_032726_050000.bin,Pine Island,GTMNERR,0,51.503,0,33.91,0,3.725,0,91.8,0,6.79,0,35.05,11.64,7.71,0,-79.6,5.5,20.371,0,10.46,0,1.195,2.39,0,9.56
4/9/2026,06:45, ,gtmpiwq_20H100465_032726_050000.bin,Pine Island,GTMNERR,0,51.435,0,33.86,0,3.675,0,92.1,0,6.81,0,36.63,12.17,7.7,0,-78.9,5.49,20.342,0,12.36,0,1.195,2.24,0,8.93
4/9/2026,07:00, ,gtmpiwq_20H100465_032726_050000.bin,Pine Island,GTMNERR,0,51.414,0,33.85,0,3.628,0,92.1,0,6.82,0,36.79,12.22,7.7,0,-79,5.49,20.357,0,11.36,0,1.21,2.21,0,8.8
4/9/2026,07:15, ,gtmpiwq_20H100465_032726_050000.bin,Pine Island,GTMNERR,0,51.376,0,33.82,0,3.578,0,92.2,0,6.82,0,37.56,12.48,7.7,0,-79,5.5,20.381,0,10.05,0,1.208,2.39,0,9.52
4/9/2026,07:30, ,gtmpiwq_20H100465_032726_050000.bin,Pine Island,GTMNERR,0,51.368,0,33.81,0,3.527,0,92.7,0,6.85,0,38.4,12.76,7.7,0,-78.9,5.49,20.397,0,10.9,0,1.195,2.23,0,8.88
4/9/2026,07:45, ,gtmpiwq_20H100465_032726_050000.bin,Pine Island,GTMNERR,0,51.339,0,33.79,0,3.477,0,92.4,0,6.84,0,38.39,12.75,7.7,0,-78.8,5.49,20.39,0,9.96,0,1.198,1.98,0,7.86
4/9/2026,08:00, ,gtmpiwq_20H100465_032726_050000.bin,Pine Island,GTMNERR,0,51.285,0,33.75,0,3.429,0,92,0,6.81,0,39.58,13.15,7.69,0,-78.3,5.48,20.349,0,10.39,0,1.204,1.98,0,7.88
4/9/2026,08:15, ,gtmpiwq_20H100465_032726_050000.bin,Pine Island,GTMNERR,0,51.236,0,33.71,0,3.38,0,91.8,0,6.8,0,41.12,13.66,7.68,0,-78,5.49,20.309,0,9.56,0,1.205,1.98,0,7.88
4/9/2026,08:30, ,gtmpiwq_20H100465_032726_050000.bin,Pine Island,GTMNERR,0,51.135,0,33.64,0,3.341,0,90.7,0,6.73,0,42.21,14.03,7.67,0,-77.3,5.49,20.265,0,8.68,0,1.205,1.98,0,7.89
4/9/2026,08:45, ,gtmpiwq_20H100465_032726_050000.bin,Pine Island,GTMNERR,0,51.045,0,33.57,0,3.305,0,89.5,0,6.65,0,43.51,14.46,7.66,0,-76.3,5.48,20.219,0,9.12,0,1.205,2.49,0,9.96
4/9/2026,09:00, ,gtmpiwq_20H100465_032726_050000.bin,Pine Island,GTMNERR,0,51.001,0,33.54,0,3.269,0,89,0,6.61,0,42.49,14.12,7.65,0,-76,5.49,20.223,0,10.49,0,1.206,2.24,0,8.92
4/9/2026,09:15, ,gtmpiwq_20H100465_032726_050000.bin,Pine Island,GTMNERR,0,50.976,0,33.52,0,3.242,0,89.9,0,6.68,0,42.9,14.26,7.65,0,-75.9,5.48,20.213,0,7.9,0,1.207,2.33,0,9.29
4/9/2026,09:30, ,gtmpiwq_20H100465_032726_050000.bin,Pine Island,GTMNERR,0,50.966,0,33.52,0,3.225,0,90,0,6.69,0,41.62,13.83,7.65,0,-75.8,5.48,20.224,0,6.92,0,1.202,2.2,0,8.76
4/9/2026,09:45, ,gtmpiwq_20H100465_032726_050000.bin,Pine Island,GTMNERR,0,50.956,0,33.51,0,3.22,0,87.6,0,6.51,0,42.72,14.2,7.64,0,-75.7,5.49,20.231,0,5.99,0,1.196,2.23,0,8.88
4/9/2026,10:00, ,gtmpiwq_20H100465_032726_050000.bin,Pine Island,GTMNERR,0,50.928,0,33.49,0,3.227,0,85.2,0,6.33,0,42.39,14.09,7.62,0,-74.1,5.48,20.232,0,4.11,0,1.194,2.06,0,8.21
4/9/2026,10:15, ,gtmpiwq_20H100465_032726_050000.bin,Pine Island,GTMNERR,0,50.91,0,33.47,0,3.248,0,83.8,0,6.23,0,43.7,14.52,7.62,0,-74.1,5.49,20.225,0,4.99,0,1.21,2.13,0,8.49
4/9/2026,10:30, ,gtmpiwq_20H100465_032726_050000.bin,Pine Island,GTMNERR,0,50.881,0,33.45,0,3.279,0,85.4,0,6.35,0,45.67,15.18,7.6,0,-73.3,5.48,20.191,0,5.66,0,1.21,2.31,0,9.21
4/9/2026,10:45, ,gtmpiwq_20H100465_032726_050000.bin,Pine Island,GTMNERR,0,51.127,0,33.63,0,3.319,0,88.3,0,6.56,0,43.88,14.58,7.64,0,-75.5,5.48,20.162,0,6.5,0,1.195,2.66,0,10.65
4/9/2026,11:00, ,gtmpiwq_20H100465_032726_050000.bin,Pine Island,GTMNERR,0,51.07,0,33.59,0,3.363,0,89.2,0,6.63,0,43.74,14.54,7.64,0,-75.5,5.49,20.18,0,9.62,0,1.197,2.52,0,10.09
4/9/2026,11:15, ,gtmpiwq_20H100465_032726_050000.bin,Pine Island,GTMNERR,0,51.068,0,33.59,0,3.412,0,90.9,0,6.74,0,43.38,14.42,7.65,0,-76.3,5.48,20.263,0,10.43,0,1.204,2.51,0,10.05
4/9/2026,11:30, ,gtmpiwq_20H100465_032726_050000.bin,Pine Island,GTMNERR,0,51.134,0,33.64,0,3.469,0,91.9,0,6.81,0,42.92,14.27,7.66,0,-76.9,5.49,20.303,0,9.11,0,1.201,2.64,0,10.54
4/9/2026,11:45, ,gtmpiwq_20H100465_032726_050000.bin,Pine Island,GTMNERR,0,51.287,0,33.75,0,3.526,0,91.4,0,6.77,0,39.92,13.26,7.66,0,-76.9,5.48,20.269,0,10.52,0,1.205,2.61,0,10.44
4/9/2026,12:00, ,gtmpiwq_20H100465_032726_050000.bin,Pine Island,GTMNERR,0,51.325,0,33.78,0,3.582,0,92.3,0,6.83,0,39.81,13.23,7.68,0,-77.7,5.48,20.367,0,10.58,0,1.21,2.83,0,11.34
4/9/2026,12:15, ,gtmpiwq_20H100465_032726_050000.bin,Pine Island,GTMNERR,0,51.318,0,33.77,0,3.634,0,93.1,0,6.88,0,38.65,12.84,7.68,0,-78.1,5.49,20.406,0,14.36,0,1.201,2.89,0,11.59
4/9/2026,12:30, ,gtmpiwq_20H100465_032726_050000.bin,Pine Island,GTMNERR,0,51.377,0,33.82,0,3.687,0,92.3,0,6.83,0,37.47,12.45,7.68,0,-77.8,5.48,20.377,0,13.17,0,1.201,2.9,0,11.61
4/9/2026,12:45, ,gtmpiwq_20H100465_032726_050000.bin,Pine Island,GTMNERR,0,51.422,0,33.85,0,3.728,0,92.1,0,6.81,0,37.25,12.37,7.67,0,-77,5.49,20.335,0,11.55,0,1.202,3.06,0,12.28
4/9/2026,13:00, ,gtmpiwq_20H100465_032726_050000.bin,Pine Island,GTMNERR,0,51.433,0,33.86,0,3.766,0,91.6,0,6.78,0,37.17,12.35,7.67,0,-77.1,5.48,20.338,0,11.84,0,1.198,2.92,0,11.69
4/9/2026,13:15, ,gtmpiwq_20H100465_032726_050000.bin,Pine Island,GTMNERR,0,51.471,0,33.89,0,3.8,0,91.4,0,6.76,0,35.78,11.88,7.68,0,-77.5,5.48,20.35,0,10.94,0,1.194,2.81,0,11.26
4/9/2026,13:30, ,gtmpiwq_20H100465_032726_050000.bin,Pine Island,GTMNERR,0,51.444,0,33.87,0,3.826,0,92.2,0,6.81,0,36.75,12.21,7.69,0,-78.1,5.49,20.406,0,11.18,0,1.198,2.84,0,11.38
4/9/2026,13:45, ,gtmpiwq_20H100465_032726_050000.bin,Pine Island,GTMNERR,0,51.424,0,33.85,0,3.852,0,92.5,0,6.84,0,35.86,11.91,7.69,0,-78.6,5.48,20.451,0,10.87,0,1.202,3,0,12.01
4/9/2026,14:00, ,gtmpiwq_20H100465_032726_050000.bin,Pine Island,GTMNERR,0,51.499,0,33.91,0,3.873,0,92.5,0,6.83,0,33.61,11.16,7.69,0,-78.6,5.49,20.467,0,10.2,0,1.206,3.04,0,12.17
4/9/2026,14:15, ,gtmpiwq_20H100465_032726_050000.bin,Pine Island,GTMNERR,0,51.522,0,33.92,0,3.888,0,92.5,0,6.83,0,35.15,11.67,7.7,0,-78.8,5.48,20.441,0,10.26,0,1.21,2.98,0,11.95
4/9/2026,14:30, ,gtmpiwq_20H100465_032726_050000.bin,Pine Island,GTMNERR,0,51.556,0,33.95,0,3.9,0,91.6,0,6.76,0,34.45,11.44,7.7,0,-78.8,5.48,20.454,0,8.9,0,1.202,2.86,0,11.44
4/9/2026,14:45, ,gtmpiwq_20H100465_032726_050000.bin,Pine Island,GTMNERR,0,51.528,0,33.93,0,3.91,0,90.8,0,6.7,0,34.74,11.54,7.69,0,-78.4,5.49,20.436,0,8.36,0,1.197,3.92,0,15.76
4/9/2026,15:00, ,gtmpiwq_20H100465_032726_050000.bin,Pine Island,GTMNERR,0,51.543,0,33.94,0,3.91,0,90.3,0,6.67,0,33.27,11.04,7.68,0,-78,5.48,20.449,0,5.83,0,1.195,2.9,0,11.62
4/9/2026,15:15, ,gtmpiwq_20H100465_032726_050000.bin,Pine Island,GTMNERR,0,51.556,0,33.95,0,3.908,0,89.4,0,6.6,0,32.59,10.82,7.68,0,-78.1,5.49,20.456,0,5.98,0,1.195,2.99,0,11.96
4/9/2026,15:30, ,gtmpiwq_20H100465_032726_050000.bin,Pine Island,GTMNERR,0,51.537,0,33.93,0,3.898,0,86.8,0,6.41,0,33.19,11.02,7.68,0,-77.6,5.48,20.44,0,5.35,0,1.204,2.79,0,11.15
4/9/2026,15:45, ,gtmpiwq_20H100465_032726_050000.bin,Pine Island,GTMNERR,0,51.493,0,33.9,0,3.878,0,94.1,0,6.94,0,33.09,10.98,7.7,0,-79,5.48,20.476,0,4.92,0,1.208,3.34,0,13.4
4/9/2026,16:00, ,gtmpiwq_20H100465_032726_050000.bin,Pine Island,GTMNERR,0,51.484,0,33.9,0,3.857,0,94.1,0,6.94,0,34.4,11.42,7.7,0,-78.8,5.49,20.473,0,5.16,0,1.201,3.22,0,12.92
4/9/2026,16:15, ,gtmpiwq_20H100465_032726_050000.bin,Pine Island,GTMNERR,0,51.461,0,33.88,0,3.827,0,95.4,0,7.04,0,35.29,11.72,7.7,0,-79.2,5.48,20.507,0,5.45,0,1.198,3.13,0,12.56
4/9/2026,16:30, ,gtmpiwq_20H100465_032726_050000.bin,Pine Island,GTMNERR,0,51.418,0,33.85,0,3.794,0,95.7,0,7.05,0,35.54,11.8,7.7,0,-79,5.48,20.539,0,8.97,0,1.195,3.32,0,13.31
4/9/2026,16:45, ,gtmpiwq_20H100465_032726_050000.bin,Pine Island,GTMNERR,0,51.376,0,33.82,0,3.757,0,97,0,7.15,0,37.11,12.32,7.71,0,-79.4,5.47,20.598,0,10.81,0,1.197,3.45,0,13.83
4/9/2026,17:00, ,gtmpiwq_20H100465_032726_050000.bin,Pine Island,GTMNERR,0,51.287,0,33.75,0,3.721,0,97.8,0,7.2,0,37.4,12.42,7.71,0,-79.5,5.47,20.676,0,11.98,0,1.205,3.5,0,14.05
4/9/2026,17:15, ,gtmpiwq_20H100465_032726_050000.bin,Pine Island,GTMNERR,0,51.162,0,33.66,0,3.686,0,97.6,0,7.19,0,40.31,13.39,7.7,0,-78.9,5.48,20.647,0,11.75,0,1.21,3.26,0,13.08
4/9/2026,17:30, ,gtmpiwq_20H100465_032726_050000.bin,Pine Island,GTMNERR,0,51.156,0,33.65,0,3.649,0,97.4,0,7.18,0,40.1,13.32,7.7,0,-78.9,5.47,20.64,0,10.54,0,1.205,3.13,0,12.56
4/9/2026,17:45, ,gtmpiwq_20H100465_032726_050000.bin,Pine Island,GTMNERR,0,51.166,0,33.66,0,3.606,0,97.7,0,7.2,0,41.16,13.68,7.7,0,-78.9,5.48,20.637,0,7.38,0,1.197,3.2,0,12.82
4/9/2026,18:00, ,gtmpiwq_20H100465_032726_050000.bin,Pine Island,GTMNERR,0,51.094,0,33.61,0,3.56,0,97.6,0,7.2,0,41.71,13.86,7.69,0,-78.7,5.47,20.621,0,8.68,0,1.194,3.36,0,13.47
4/9/2026,18:15, ,gtmpiwq_20H100465_032726_050000.bin,Pine Island,GTMNERR,0,50.995,0,33.53,0,3.519,0,97.6,0,7.2,0,42.93,14.27,7.69,0,-78.3,5.48,20.619,0,10.03,0,1.198,3.4,0,13.66
4/9/2026,18:30, ,gtmpiwq_20H100465_032726_050000.bin,Pine Island,GTMNERR,0,50.927,0,33.48,0,3.475,0,96.8,0,7.15,0,43.45,14.44,7.68,0,-77.7,5.48,20.601,0,10.08,0,1.202,3.24,0,13.01
4/9/2026,18:45, ,gtmpiwq_20H100465_032726_050000.bin,Pine Island,GTMNERR,0,50.855,0,33.43,0,3.428,0,95.8,0,7.08,0,44.76,14.88,7.66,0,-76.4,5.47,20.553,0,7.91,0,1.205,3.15,0,12.62
4/9/2026,19:00, ,gtmpiwq_20H100465_032726_050000.bin,Pine Island,GTMNERR,0,50.747,0,33.35,0,3.387,0,95,0,7.03,0,45.27,15.05,7.65,0,-75.8,5.47,20.498,0,8.28,0,1.206,3.69,0,14.81
4/9/2026,19:15, ,gtmpiwq_20H100465_032726_050000.bin,Pine Island,GTMNERR,0,50.727,0,33.34,0,3.342,0,93.9,0,6.95,0,45.64,15.17,7.64,0,-75.4,5.48,20.479,0,7.33,0,1.206,3.48,0,13.98
4/9/2026,19:30, ,gtmpiwq_20H100465_032726_050000.bin,Pine Island,GTMNERR,0,50.613,0,33.25,0,3.302,0,93,0,6.89,0,46.1,15.32,7.63,0,-74.8,5.48,20.461,0,6.12,0,1.207,3.17,0,12.7
4/9/2026,19:45, ,gtmpiwq_20H100465_032726_050000.bin,Pine Island,GTMNERR,0,50.512,0,33.18,0,3.262,0,92.3,0,6.84,0,47.24,15.71,7.62,0,-74.2,5.47,20.456,0,7.56,0,1.21,3.16,0,12.67
4/9/2026,20:00, ,gtmpiwq_20H100465_032726_050000.bin,Pine Island,GTMNERR,0,50.425,0,33.12,0,3.225,0,91.6,0,6.8,0,49.9,16.59,7.61,0,-73.6,5.48,20.472,0,6.35,0,1.211,3.26,0,13.09
4/9/2026,20:15, ,gtmpiwq_20H100465_032726_050000.bin,Pine Island,GTMNERR,0,50.355,0,33.06,0,3.189,0,91.2,0,6.76,0,50.15,16.68,7.59,0,-72.7,5.47,20.503,0,6.45,0,1.209,3.49,0,14.02
4/9/2026,20:30, ,gtmpiwq_20H100465_032726_050000.bin,Pine Island,GTMNERR,0,50.316,0,33.04,0,3.161,0,93.1,0,6.9,0,49.12,16.33,7.61,0,-73.5,5.47,20.529,0,6.07,0,1.211,3.12,0,12.5
4/9/2026,20:45, ,gtmpiwq_20H100465_032726_050000.bin,Pine Island,GTMNERR,0,50.212,0,32.96,0,3.143,0,93,0,6.89,0,52.18,17.35,7.61,0,-73.5,5.48,20.584,0,5.15,0,1.204,2.96,0,11.85
4/9/2026,21:00, ,gtmpiwq_20H100465_032726_050000.bin,Pine Island,GTMNERR,0,50.151,0,32.91,0,3.132,0,90.3,0,6.69,0,51.54,17.14,7.6,0,-72.9,5.47,20.619,0,4.71,0,1.198,3.09,0,12.4
4/9/2026,21:15, ,gtmpiwq_20H100465_032726_050000.bin,Pine Island,GTMNERR,0,50.111,0,32.88,0,3.135,0,91.3,0,6.75,0,51.85,17.24,7.6,0,-72.9,5.47,20.653,0,4.13,0,1.196,3.1,0,12.41
4/9/2026,21:30, ,gtmpiwq_20H100465_032726_050000.bin,Pine Island,GTMNERR,0,50.118,0,32.89,0,3.147,0,90.8,0,6.72,0,52.79,17.56,7.6,0,-72.9,5.47,20.651,0,4.03,0,1.203,2.83,0,11.32
4/9/2026,21:45, ,gtmpiwq_20H100465_032726_050000.bin,Pine Island,GTMNERR,0,50.253,0,32.99,0,3.177,0,93.3,0,6.9,0,51.83,17.24,7.63,0,-74.6,5.47,20.658,0,4.93,0,1.208,3.17,0,12.7
4/9/2026,22:00, ,gtmpiwq_20H100465_032726_050000.bin,Pine Island,GTMNERR,0,50.839,0,33.42,0,3.21,0,96.4,0,7.11,0,45.17,15.01,7.68,0,-77.6,5.48,20.683,0,8.22,0,1.211,3.74,0,15.04
4/9/2026,22:15, ,gtmpiwq_20H100465_032726_050000.bin,Pine Island,GTMNERR,0,50.725,0,33.34,0,3.254,0,95.8,0,7.08,0,46.28,15.39,7.66,0,-76.8,5.47,20.614,0,9.49,0,1.204,3.64,0,14.61
4/9/2026,22:30, ,gtmpiwq_20H100465_032726_050000.bin,Pine Island,GTMNERR,0,50.64,0,33.27,0,3.303,0,95.4,0,7.06,0,47.78,15.89,7.65,0,-76.1,5.48,20.505,0,8.47,0,1.197,3.31,0,13.26
4/9/2026,22:45, ,gtmpiwq_20H100465_032726_050000.bin,Pine Island,GTMNERR,0,50.724,0,33.34,0,3.354,0,95.3,0,7.06,0,47.13,15.67,7.66,0,-76.4,5.47,20.46,0,8.7,0,1.192,3.26,0,13.07
4/9/2026,23:00, ,gtmpiwq_20H100465_032726_050000.bin,Pine Island,GTMNERR,0,50.897,0,33.46,0,3.413,0,95.9,0,7.1,0,45.68,15.18,7.67,0,-77.1,5.47,20.458,0,8.71,0,1.2,3.59,0,14.42
4/9/2026,23:15, ,gtmpiwq_20H100465_032726_050000.bin,Pine Island,GTMNERR,0,50.938,0,33.49,0,3.473,0,96.1,0,7.11,0,44.96,14.95,7.67,0,-77.4,5.48,20.469,0,8.62,0,1.209,3.66,0,14.69
4/9/2026,23:30, ,gtmpiwq_20H100465_032726_050000.bin,Pine Island,GTMNERR,0,51.059,0,33.58,0,3.53,0,96.3,0,7.12,0,42.99,14.29,7.68,0,-78.1,5.47,20.5,0,10.09,0,1.211,3.77,0,15.15
4/9/2026,23:45, ,gtmpiwq_20H100465_032726_050000.bin,Pine Island,GTMNERR,0,51.149,0,33.65,0,3.589,0,96.5,0,7.13,0,41.54,13.8,7.69,0,-78.6,5.48,20.499,0,10.85,0,1.202,3.83,0,15.38
4/10/2026,00:00, ,gtmpiwq_20H100465_032726_050000.bin,Pine Island,GTMNERR,0,51.222,0,33.7,0,3.645,0,96.3,0,7.11,0,40.49,13.45,7.69,0,-78.7,5.47,20.51,0,12.54,0,1.195,3.66,0,14.72
4/10/2026,00:15, ,gtmpiwq_20H100465_032726_050000.bin,Pine Island,GTMNERR,0,51.217,0,33.7,0,3.694,0,96.4,0,7.12,0,41.1,13.66,7.7,0,-78.9,5.47,20.503,0,10.22,0,1.201,3.62,0,14.52
4/10/2026,00:30, ,gtmpiwq_20H100465_032726_050000.bin,Pine Island,GTMNERR,0,51.208,0,33.69,0,3.742,0,96.4,0,7.12,0,41.11,13.66,7.7,0,-79,5.48,20.504,0,11.37,0,1.208,3.74,0,15
4/10/2026,00:45, ,gtmpiwq_20H100465_032726_050000.bin,Pine Island,GTMNERR,0,51.268,0,33.74,0,3.785,0,96.2,0,7.1,0,40.19,13.35,7.7,0,-79.1,5.47,20.5,0,10.36,0,1.205,3.5,0,14.06
4/10/2026,01:00, ,gtmpiwq_20H100465_032726_050000.bin,Pine Island,GTMNERR,0,51.295,0,33.76,0,3.825,0,95.9,0,7.08,0,39.68,13.18,7.7,0,-79.1,5.48,20.498,0,11.16,0,1.197,3.66,0,14.72
4/10/2026,01:15, ,gtmpiwq_20H100465_032726_050000.bin,Pine Island,GTMNERR,0,51.342,0,33.79,0,3.86,0,96,0,7.09,0,38.77,12.88,7.7,0,-79.3,5.46,20.479,0,13.24,0,1.2,3.66,0,14.71
4/10/2026,01:30, ,gtmpiwq_20H100465_032726_050000.bin,Pine Island,GTMNERR,0,51.415,0,33.85,0,3.897,0,95.4,0,7.04,0,37.47,12.45,7.71,0,-79.4,5.47,20.459,0,11.78,0,1.203,3.6,0,14.47
4/10/2026,01:45, ,gtmpiwq_20H100465_032726_050000.bin,Pine Island,GTMNERR,0,51.475,0,33.89,0,3.927,0,95.4,0,7.04,0,36.22,12.03,7.71,0,-79.5,5.48,20.461,0,12.33,0,1.203,3.63,0,14.57
4/10/2026,02:00, ,gtmpiwq_20H100465_032726_050000.bin,Pine Island,GTMNERR,0,51.513,0,33.92,0,3.958,0,94.7,0,6.99,0,35.29,11.72,7.71,0,-79.6,5.47,20.444,0,13,0,1.205,3.43,0,13.76
4/10/2026,02:15, ,gtmpiwq_20H100465_032726_050000.bin,Pine Island,GTMNERR,0,51.552,0,33.95,0,3.983,0,94.7,0,6.99,0,34.64,11.5,7.71,0,-79.9,5.47,20.416,0,13.08,0,1.209,3.47,0,13.94
4/10/2026,02:30, ,gtmpiwq_20H100465_032726_050000.bin,Pine Island,GTMNERR,0,51.591,0,33.98,0,4.009,0,94.6,0,6.99,0,33.39,11.09,7.72,0,-80,5.47,20.414,0,13.57,0,1.21,3.43,0,13.75
4/10/2026,02:45, ,gtmpiwq_20H100465_032726_050000.bin,Pine Island,GTMNERR,0,51.679,0,34.04,0,4.031,0,94.4,0,6.97,0,32.09,10.65,7.73,0,-80.6,5.48,20.416,0,11.95,0,1.202,3.23,0,12.95
4/10/2026,03:00, ,gtmpiwq_20H100465_032726_050000.bin,Pine Island,GTMNERR,0,51.706,0,34.06,0,4.052,0,94.4,0,6.96,0,31.62,10.49,7.73,0,-80.8,5.47,20.43,0,11.57,0,1.204,3.28,0,13.14
4/10/2026,03:15, ,gtmpiwq_20H100465_032726_050000.bin,Pine Island,GTMNERR,0,51.677,0,34.04,0,4.064,0,94,0,6.93,0,32.2,10.69,7.73,0,-80.6,5.47,20.432,0,12.24,0,1.205,3.26,0,13.07
4/10/2026,03:30, ,gtmpiwq_20H100465_032726_050000.bin,Pine Island,GTMNERR,0,51.703,0,34.06,0,4.075,0,93.6,0,6.91,0,31.59,10.48,7.73,0,-80.6,5.47,20.442,0,10.81,0,1.203,3.24,0,13.01
4/10/2026,03:45, ,gtmpiwq_20H100465_032726_050000.bin,Pine Island,GTMNERR,0,51.729,0,34.08,0,4.081,0,93,0,6.86,0,30.72,10.19,7.73,0,-80.8,5.47,20.442,0,8.32,0,1.204,3.26,0,13.06
4/10/2026,04:00, ,gtmpiwq_20H100465_032726_050000.bin,Pine Island,GTMNERR,0,51.736,0,34.08,0,4.081,0,92.5,0,6.83,0,31.19,10.35,7.73,0,-80.8,5.48,20.439,0,8.57,0,1.206,3.02,0,12.1
4/10/2026,04:15, ,gtmpiwq_20H100465_032726_050000.bin,Pine Island,GTMNERR,0,51.756,0,34.1,0,4.071,0,90.5,0,6.68,0,31.17,10.35,7.72,0,-80.2,5.46,20.368,0,6.39,0,1.209,2.9,0,11.59
4/10/2026,04:30, ,gtmpiwq_20H100465_032726_050000.bin,Pine Island,GTMNERR,0,51.762,0,34.1,0,4.053,0,85,0,6.27,0,29.16,9.67,7.7,0,-78.8,5.47,20.404,0,6.3,0,1.21,2.64,0,10.56
4/10/2026,04:45, ,gtmpiwq_20H100465_032726_050000.bin,Pine Island,GTMNERR,0,51.735,0,34.08,0,4.028,0,91.8,0,6.78,0,29.64,9.83,7.73,0,-80.7,5.48,20.401,0,5.14,0,1.201,2.93,0,11.72
4/10/2026,05:00, ,gtmpiwq_20H100465_032726_050000.bin,Pine Island,GTMNERR,0,51.702,0,34.06,0,3.999,0,92,0,6.79,0,31.16,10.34,7.72,0,-80.5,5.47,20.405,0,5.01,0,1.195,2.82,0,11.3
4/10/2026,05:15, ,gtmpiwq_20H100465_032726_050000.bin,Pine Island,GTMNERR,0,51.64,0,34.01,0,3.962,0,93.9,0,6.94,0,32.97,10.94,7.72,0,-80.4,5.48,20.398,0,6.72,0,1.192,2.83,0,11.32
4/10/2026,05:30, ,gtmpiwq_20H100465_032726_050000.bin,Pine Island,GTMNERR,0,51.611,0,33.99,0,3.926,0,93.8,0,6.94,0,33.29,11.05,7.72,0,-80.1,5.46,20.361,0,9.58,0,1.209,3.01,0,12.04
4/10/2026,05:45, ,gtmpiwq_20H100465_032726_050000.bin,Pine Island,GTMNERR,0,51.474,0,33.89,0,3.889,0,94,0,6.96,0,36.5,12.12,7.71,0,-79.4,5.48,20.303,0,8.35,0,1.204,2.91,0,11.67
4/10/2026,06:00, ,gtmpiwq_20H100465_032726_050000.bin,Pine Island,GTMNERR,0,51.335,0,33.79,0,3.853,0,93.5,0,6.93,0,38.07,12.65,7.69,0,-78.6,5.48,20.283,0,8.81,0,1.202,3.01,0,12.06
4/10/2026,06:15, ,gtmpiwq_20H100465_032726_050000.bin,Pine Island,GTMNERR,0,51.301,0,33.76,0,3.809,0,93.1,0,6.9,0,38.57,12.81,7.69,0,-78.5,5.47,20.308,0,8.49,0,1.203,2.82,0,11.29
4/10/2026,06:30, ,gtmpiwq_20H100465_032726_050000.bin,Pine Island,GTMNERR,0,51.259,0,33.73,0,3.767,0,93,0,6.89,0,40.23,13.37,7.69,0,-78.3,5.47,20.31,0,7.33,0,1.204,2.68,0,10.74
4/10/2026,06:45, ,gtmpiwq_20H100465_032726_050000.bin,Pine Island,GTMNERR,0,51.217,0,33.7,0,3.722,0,93.3,0,6.91,0,40.47,13.45,7.69,0,-78.3,5.48,20.308,0,7.47,0,1.207,2.49,0,9.94
4/10/2026,07:00, ,gtmpiwq_20H100465_032726_050000.bin,Pine Island,GTMNERR,0,51.177,0,33.67,0,3.674,0,93.5,0,6.93,0,41.22,13.7,7.68,0,-78.1,5.47,20.295,0,8.58,0,1.209,2.52,0,10.06
4/10/2026,07:15, ,gtmpiwq_20H100465_032726_050000.bin,Pine Island,GTMNERR,0,51.026,0,33.56,0,3.627,0,92.4,0,6.86,0,41.91,13.93,7.68,0,-77.7,5.48,20.282,0,11.18,0,1.202,2.58,0,10.32
4/10/2026,07:30, ,gtmpiwq_20H100465_032726_050000.bin,Pine Island,GTMNERR,0,51.052,0,33.58,0,3.571,0,93.9,0,6.96,0,42.63,14.17,7.68,0,-78,5.47,20.299,0,9.27,0,1.197,2.47,0,9.85
4/10/2026,07:45, ,gtmpiwq_20H100465_032726_050000.bin,Pine Island,GTMNERR,0,50.971,0,33.52,0,3.516,0,93.3,0,6.92,0,43.18,14.35,7.68,0,-77.5,5.47,20.286,0,9.75,0,1.193,2.37,0,9.44
4/10/2026,08:00, ,gtmpiwq_20H100465_032726_050000.bin,Pine Island,GTMNERR,0,50.905,0,33.47,0,3.461,0,93,0,6.91,0,44.45,14.77,7.67,0,-77,5.48,20.266,0,9.57,0,1.198,2.28,0,9.07
4/10/2026,08:15, ,gtmpiwq_20H100465_032726_050000.bin,Pine Island,GTMNERR,0,50.843,0,33.42,0,3.409,0,92.4,0,6.87,0,44.68,14.85,7.66,0,-76.7,5.47,20.259,0,9.52,0,1.202,2.31,0,9.21
4/10/2026,08:30, ,gtmpiwq_20H100465_032726_050000.bin,Pine Island,GTMNERR,0,50.736,0,33.35,0,3.356,0,92.3,0,6.86,0,46.33,15.4,7.65,0,-76.2,5.47,20.257,0,8.95,0,1.205,2.37,0,9.45
4/10/2026,08:45, ,gtmpiwq_20H100465_032726_050000.bin,Pine Island,GTMNERR,0,50.588,0,33.24,0,3.311,0,92.2,0,6.86,0,48.09,15.99,7.65,0,-75.7,5.48,20.262,0,8.68,0,1.205,2.41,0,9.62
4/10/2026,09:00, ,gtmpiwq_20H100465_032726_050000.bin,Pine Island,GTMNERR,0,50.439,0,33.13,0,3.261,0,91.3,0,6.79,0,48.25,16.04,7.63,0,-74.9,5.46,20.264,0,8.58,0,1.207,2.4,0,9.58
4/10/2026,09:15, ,gtmpiwq_20H100465_032726_050000.bin,Pine Island,GTMNERR,0,50.283,0,33.01,0,3.216,0,89.6,0,6.67,0,48.5,16.13,7.62,0,-74.2,5.47,20.257,0,9.23,0,1.21,2.48,0,9.91
4/10/2026,09:30, ,gtmpiwq_20H100465_032726_050000.bin,Pine Island,GTMNERR,0,50.179,0,32.94,0,3.173,0,89.3,0,6.65,0,49.94,16.61,7.61,0,-73.6,5.47,20.284,0,9.08,0,1.211,2.4,0,9.6
4/10/2026,09:45, ,gtmpiwq_20H100465_032726_050000.bin,Pine Island,GTMNERR,0,50.057,0,32.85,0,3.138,0,88,0,6.56,0,49.98,16.62,7.6,0,-73,5.46,20.294,0,10.1,0,1.211,2.38,0,9.5
4/10/2026,10:00, ,gtmpiwq_20H100465_032726_050000.bin,Pine Island,GTMNERR,0,50.002,0,32.81,0,3.111,0,86.7,0,6.46,0,49.64,16.51,7.59,0,-72.4,5.46,20.317,0,7.31,0,1.211,2.38,0,9.51
4/10/2026,10:15, ,gtmpiwq_20H100465_032726_050000.bin,Pine Island,GTMNERR,0,49.855,0,32.7,0,3.094,0,87.3,0,6.5,0,52.27,17.38,7.58,0,-71.9,5.47,20.35,0,7.72,0,1.211,2.48,0,9.92
4/10/2026,10:30, ,gtmpiwq_20H100465_032726_050000.bin,Pine Island,GTMNERR,0,49.801,0,32.66,0,3.084,0,86.3,0,6.43,0,52.94,17.61,7.57,0,-71.1,5.47,20.393,0,6.9,0,1.211,2.42,0,9.64
4/10/2026,10:45, ,gtmpiwq_20H100465_032726_050000.bin,Pine Island,GTMNERR,0,49.781,0,32.64,0,3.088,0,82.6,0,6.15,0,52.26,17.38,7.56,0,-70.8,5.46,20.408,0,5.85,0,1.211,2.18,0,8.67
4/10/2026,11:00, ,gtmpiwq_20H100465_032726_050000.bin,Pine Island,GTMNERR,0,49.751,0,32.62,0,3.105,0,81.7,0,6.08,0,52.33,17.4,7.55,0,-70.3,5.46,20.43,0,5.1,0,1.211,2.3,0,9.18
4/10/2026,11:15, ,gtmpiwq_20H100465_032726_050000.bin,Pine Island,GTMNERR,0,50.112,0,32.89,0,3.129,0,88.8,0,6.6,0,51.75,17.21,7.6,0,-72.8,5.47,20.389,0,6.73,0,1.21,2.66,0,10.63
4/10/2026,11:30, ,gtmpiwq_20H100465_032726_050000.bin,Pine Island,GTMNERR,0,50.61,0,33.25,0,3.165,0,90.5,0,6.72,0,44.27,14.72,7.63,0,-74.8,5.46,20.375,0,11.44,0,1.209,2.98,0,11.94
4/10/2026,11:45, ,gtmpiwq_20H100465_032726_050000.bin,Pine Island,GTMNERR,0,50.412,0,33.11,0,3.209,0,90.1,0,6.69,0,47.62,15.83,7.62,0,-74,5.46,20.351,0,10.55,0,1.211,2.73,0,10.92
4/10/2026,12:00, ,gtmpiwq_20H100465_032726_050000.bin,Pine Island,GTMNERR,0,50.289,0,33.02,0,3.258,0,91,0,6.75,0,49.57,16.48,7.61,0,-73.8,5.47,20.438,0,9.55,0,1.203,2.76,0,11.06
4/10/2026,12:15, ,gtmpiwq_20H100465_032726_050000.bin,Pine Island,GTMNERR,0,50.317,0,33.04,0,3.308,0,91.7,0,6.8,0,49.2,16.36,7.61,0,-73.9,5.47,20.468,0,10.12,0,1.202,2.88,0,11.51
4/10/2026,12:30, ,gtmpiwq_20H100465_032726_050000.bin,Pine Island,GTMNERR,0,50.642,0,33.27,0,3.361,0,93.9,0,6.94,0,47.15,15.68,7.64,0,-75.3,5.47,20.601,0,8.04,0,1.205,2.91,0,11.66
4/10/2026,12:45, ,gtmpiwq_20H100465_032726_050000.bin,Pine Island,GTMNERR,0,50.706,0,33.32,0,3.418,0,95.3,0,7.03,0,46.31,15.39,7.65,0,-76.2,5.46,20.664,0,8.08,0,1.207,3.18,0,12.77
4/10/2026,13:00, ,gtmpiwq_20H100465_032726_050000.bin,Pine Island,GTMNERR,0,50.786,0,33.38,0,3.473,0,95.9,0,7.08,0,45.26,15.05,7.67,0,-77,5.46,20.627,0,9.48,0,1.211,3.25,0,13.03
4/10/2026,13:15, ,gtmpiwq_20H100465_032726_050000.bin,Pine Island,GTMNERR,0,50.837,0,33.42,0,3.523,0,96.1,0,7.09,0,43.89,14.59,7.67,0,-77.1,5.47,20.643,0,10.68,0,1.202,3.39,0,13.59
4/10/2026,13:30, ,gtmpiwq_20H100465_032726_050000.bin,Pine Island,GTMNERR,0,50.946,0,33.5,0,3.572,0,95.9,0,7.07,0,44.27,14.71,7.67,0,-77,5.47,20.66,0,8.93,0,1.192,3.41,0,13.68
4/10/2026,13:45, ,gtmpiwq_20H100465_032726_050000.bin,Pine Island,GTMNERR,0,51.13,0,33.63,0,3.612,0,95.5,0,7.03,0,41.35,13.74,7.66,0,-76.5,5.47,20.741,0,9.38,0,1.192,3.46,0,13.9
4/10/2026,14:00, ,gtmpiwq_20H100465_032726_050000.bin,Pine Island,GTMNERR,0,51.097,0,33.61,0,3.65,0,95.7,0,7.04,0,41.86,13.91,7.67,0,-77.2,5.46,20.709,0,9.09,0,1.206,3.6,0,14.46
4/10/2026,14:15, ,gtmpiwq_20H100465_032726_050000.bin,Pine Island,GTMNERR,0,51.084,0,33.6,0,3.686,0,96.1,0,7.07,0,42.18,14.02,7.68,0,-77.7,5.47,20.698,0,9.03,0,1.205,3.58,0,14.36
4/10/2026,14:30, ,gtmpiwq_20H100465_032726_050000.bin,Pine Island,GTMNERR,0,51.079,0,33.6,0,3.719,0,96.9,0,7.13,0,41.97,13.95,7.68,0,-78.1,5.48,20.739,0,10.09,0,1.203,3.81,0,15.3
4/10/2026,14:45, ,gtmpiwq_20H100465_032726_050000.bin,Pine Island,GTMNERR,0,51.149,0,33.65,0,3.746,0,97,0,7.12,0,40.01,13.29,7.68,0,-78.2,5.46,20.843,0,9.59,0,1.198,3.77,0,15.15
4/10/2026,15:00, ,gtmpiwq_20H100465_032726_050000.bin,Pine Island,GTMNERR,0,51.223,0,33.7,0,3.769,0,97.3,0,7.14,0,39.89,13.25,7.69,0,-78.4,5.47,20.89,0,7.62,0,1.196,3.92,0,15.74
4/10/2026,15:15, ,gtmpiwq_20H100465_032726_050000.bin,Pine Island,GTMNERR,0,51.213,0,33.69,0,3.793,0,97.1,0,7.12,0,39.36,13.08,7.69,0,-78.2,5.46,20.882,0,7.57,0,1.194,3.78,0,15.2
4/10/2026,15:30, ,gtmpiwq_20H100465_032726_050000.bin,Pine Island,GTMNERR,0,51.246,0,33.72,0,3.808,0,96.1,0,7.05,0,39.56,13.14,7.68,0,-78.1,5.46,20.884,0,6.89,0,1.195,3.72,0,14.95
4/10/2026,15:45, ,gtmpiwq_20H100465_032726_050000.bin,Pine Island,GTMNERR,0,51.268,0,33.73,0,3.816,0,94.3,0,6.91,0,38.97,12.95,7.68,0,-77.6,5.47,20.897,0,5.39,0,1.207,3.86,0,15.51
4/10/2026,16:00, ,gtmpiwq_20H100465_032726_050000.bin,Pine Island,GTMNERR,0,51.283,0,33.74,0,3.816,0,94.6,0,6.93,0,38.2,12.69,7.68,0,-77.8,5.46,20.913,0,5.78,0,1.202,3.52,0,14.13
4/10/2026,16:15, ,gtmpiwq_20H100465_032726_050000.bin,Pine Island,GTMNERR,0,51.28,0,33.74,0,3.805,0,89.7,0,6.57,0,36.97,12.28,7.66,0,-76.9,5.47,20.931,0,4.54,0,1.195,3.77,0,15.13
4/10/2026,16:30, ,gtmpiwq_20H100465_032726_050000.bin,Pine Island,GTMNERR,0,51.278,0,33.74,0,3.788,0,95.2,0,6.97,0,37.29,12.39,7.68,0,-78,5.46,20.921,0,4.88,0,1.197,4.02,0,16.16
4/10/2026,16:45, ,gtmpiwq_20H100465_032726_050000.bin,Pine Island,GTMNERR,0,51.259,0,33.73,0,3.761,0,97.4,0,7.13,0,36.03,11.96,7.69,0,-78.3,5.46,20.937,0,5.51,0,1.195,4.18,0,16.79
4/10/2026,17:00, ,gtmpiwq_20H100465_032726_050000.bin,Pine Island,GTMNERR,0,51.205,0,33.69,0,3.729,0,98.3,0,7.21,0,38.81,12.89,7.69,0,-78.3,5.47,20.92,0,5,0,1.193,4.16,0,16.73
4/10/2026,17:15, ,gtmpiwq_20H100465_032726_050000.bin,Pine Island,GTMNERR,0,51.14,0,33.64,0,3.689,0,98.9,0,7.25,0,41.44,13.77,7.7,0,-78.8,5.46,20.942,0,7.19,0,1.193,4.25,0,17.11
4/10/2026,17:30, ,gtmpiwq_20H100465_032726_050000.bin,Pine Island,GTMNERR,0,51.056,0,33.58,0,3.649,0,100.6,0,7.35,0,41.92,13.93,7.7,0,-79,5.47,21.085,0,8.07,0,1.197,4.11,0,16.51
4/10/2026,17:45, ,gtmpiwq_20H100465_032726_050000.bin,Pine Island,GTMNERR,0,50.909,0,33.47,0,3.602,0,101.6,0,7.42,0,43.11,14.33,7.7,0,-78.9,5.45,21.187,0,8.31,0,1.201,3.85,0,15.46
4/10/2026,18:00, ,gtmpiwq_20H100465_032726_050000.bin,Pine Island,GTMNERR,0,50.707,0,33.32,0,3.556,0,100.5,0,7.35,0,44.13,14.67,7.68,0,-78,5.46,21.203,0,7.78,0,1.205,3.44,0,13.81
4/10/2026,18:15, ,gtmpiwq_20H100465_032726_050000.bin,Pine Island,GTMNERR,0,50.716,0,33.32,0,3.511,0,100,0,7.31,0,45.47,15.11,7.68,0,-77.8,5.46,21.158,0,7.52,0,1.211,3.35,0,13.44
4/10/2026,18:30, ,gtmpiwq_20H100465_032726_050000.bin,Pine Island,GTMNERR,0,50.532,0,33.19,0,3.462,0,100.2,0,7.33,0,46.63,15.5,7.67,0,-77.6,5.46,21.211,0,7.31,0,1.204,3.66,0,14.7
4/10/2026,18:45, ,gtmpiwq_20H100465_032726_050000.bin,Pine Island,GTMNERR,0,50.383,0,33.08,0,3.416,0,99.8,0,7.3,0,47.32,15.73,7.67,0,-77.1,5.46,21.254,0,7.99,0,1.194,3.77,0,15.15
4/10/2026,19:00, ,gtmpiwq_20H100465_032726_050000.bin,Pine Island,GTMNERR,0,50.253,0,32.98,0,3.369,0,99,0,7.24,0,47.28,15.72,7.65,0,-76.4,5.45,21.28,0,10.02,0,1.193,4.42,0,17.78
4/10/2026,19:15, ,gtmpiwq_20H100465_032726_050000.bin,Pine Island,GTMNERR,0,50.104,0,32.87,0,3.322,0,97.9,0,7.16,0,48.3,16.06,7.64,0,-75.7,5.45,21.294,0,8.27,0,1.199,4.03,0,16.19
4/10/2026,19:30, ,gtmpiwq_20H100465_032726_050000.bin,Pine Island,GTMNERR,0,50.033,0,32.82,0,3.276,0,97.6,0,7.14,0,49.78,16.55,7.64,0,-75.7,5.46,21.282,0,8.04,0,1.198,3.89,0,15.61
4/10/2026,19:45, ,gtmpiwq_20H100465_032726_050000.bin,Pine Island,GTMNERR,0,49.933,0,32.75,0,3.232,0,97.1,0,7.11,0,50.67,16.85,7.63,0,-75.2,5.46,21.274,0,7.83,0,1.196,3.85,0,15.48
4/10/2026,20:00, ,gtmpiwq_20H100465_032726_050000.bin,Pine Island,GTMNERR,0,49.811,0,32.66,0,3.187,0,96.4,0,7.06,0,51.55,17.14,7.63,0,-74.7,5.46,21.269,0,8.38,0,1.198,3.61,0,14.51
4/10/2026,20:15, ,gtmpiwq_20H100465_032726_050000.bin,Pine Island,GTMNERR,0,49.622,0,32.52,0,3.144,0,94.6,0,6.94,0,52.04,17.31,7.62,0,-74.1,5.45,21.275,0,8.35,0,1.2,3.84,0,15.45
4/10/2026,20:30, ,gtmpiwq_20H100465_032726_050000.bin,Pine Island,GTMNERR,0,49.479,0,32.41,0,3.101,0,94.9,0,6.96,0,51.64,17.17,7.59,0,-72.8,5.45,21.297,0,7.91,0,1.203,3.6,0,14.45
4/10/2026,20:45, ,gtmpiwq_20H100465_032726_050000.bin,Pine Island,GTMNERR,0,49.348,0,32.32,0,3.06,0,92.9,0,6.81,0,54.3,18.06,7.59,0,-72.8,5.46,21.35,0,6.54,0,1.207,3.4,0,13.64
4/10/2026,21:00, ,gtmpiwq_20H100465_032726_050000.bin,Pine Island,GTMNERR,0,49.233,0,32.23,0,3.021,0,92.2,0,6.76,0,53.97,17.95,7.59,0,-72.4,5.45,21.407,0,6.61,0,1.207,3.37,0,13.52
4/10/2026,21:15, ,gtmpiwq_20H100465_032726_050000.bin,Pine Island,GTMNERR,0,49.085,0,32.12,0,2.989,0,91.7,0,6.72,0,54.93,18.27,7.58,0,-71.8,5.46,21.474,0,7.66,0,1.21,3.41,0,13.68
4/10/2026,21:30, ,gtmpiwq_20H100465_032726_050000.bin,Pine Island,GTMNERR,0,48.969,0,32.04,0,2.961,0,92.4,0,6.76,0,57.35,19.08,7.58,0,-71.7,5.44,21.54,0,5.7,0,1.201,3.22,0,12.91
4/10/2026,21:45, ,gtmpiwq_20H100465_032726_050000.bin,Pine Island,GTMNERR,0,48.88,0,31.97,0,2.943,0,91.5,0,6.7,0,58.09,19.32,7.57,0,-71.7,5.45,21.588,0,5.59,0,1.195,3.23,0,12.96
4/10/2026,22:00, ,gtmpiwq_20H100465_032726_050000.bin,Pine Island,GTMNERR,0,48.774,0,31.9,0,2.937,0,92,0,6.73,0,59.02,19.64,7.58,0,-71.9,5.45,21.633,0,4.84,0,1.196,3.3,0,13.22
4/10/2026,22:15, ,gtmpiwq_20H100465_032726_050000.bin,Pine Island,GTMNERR,0,48.838,0,31.94,0,2.942,0,89.6,0,6.56,0,58.18,19.35,7.56,0,-70.9,5.45,21.6,0,5.46,0,1.203,2.81,0,11.24
4/10/2026,22:30, ,gtmpiwq_20H100465_032726_050000.bin,Pine Island,GTMNERR,0,49.438,0,32.38,0,2.968,0,96.5,0,7.04,0,54.97,18.28,7.62,0,-74.5,5.45,21.6,0,5.31,0,1.206,3.81,0,15.3
4/10/2026,22:45, ,gtmpiwq_20H100465_032726_050000.bin,Pine Island,GTMNERR,0,50.269,0,32.99,0,3.006,0,98.8,0,7.18,0,49.97,16.61,7.66,0,-76.8,5.45,21.584,0,6.38,0,1.211,4.1,0,16.48
4/10/2026,23:00, ,gtmpiwq_20H100465_032726_050000.bin,Pine Island,GTMNERR,0,50.193,0,32.94,0,3.053,0,98.5,0,7.18,0,49.56,16.48,7.65,0,-76.4,5.45,21.488,0,8.52,0,1.204,3.95,0,15.88
4/10/2026,23:15, ,gtmpiwq_20H100465_032726_050000.bin,Pine Island,GTMNERR,0,49.974,0,32.78,0,3.105,0,97.5,0,7.12,0,50.92,16.93,7.64,0,-75.6,5.44,21.427,0,8.54,0,1.195,3.81,0,15.3
4/10/2026,23:30, ,gtmpiwq_20H100465_032726_050000.bin,Pine Island,GTMNERR,0,49.916,0,32.73,0,3.16,0,96.8,0,7.08,0,50.92,16.93,7.63,0,-75.1,5.45,21.357,0,9.39,0,1.202,3.87,0,15.54
4/10/2026,23:45, ,gtmpiwq_20H100465_032726_050000.bin,Pine Island,GTMNERR,0,49.948,0,32.76,0,3.214,0,96.7,0,7.08,0,51.99,17.29,7.63,0,-75,5.44,21.305,0,8.41,0,1.208,3.69,0,14.81
4/11/2026,00:00, ,gtmpiwq_20H100465_032726_050000.bin,Pine Island,GTMNERR,0,50.079,0,32.86,0,3.273,0,97.3,0,7.13,0,51.46,17.11,7.64,0,-75.6,5.45,21.251,0,7.88,0,1.206,3.65,0,14.66
4/11/2026,00:15, ,gtmpiwq_20H100465_032726_050000.bin,Pine Island,GTMNERR,0,50.202,0,32.95,0,3.332,0,96.8,0,7.09,0,50.26,16.71,7.65,0,-76,5.45,21.225,0,9.41,0,1.204,4.1,0,16.48
4/11/2026,00:30, ,gtmpiwq_20H100465_032726_050000.bin,Pine Island,GTMNERR,0,50.415,0,33.1,0,3.391,0,97.3,0,7.12,0,48.79,16.22,7.65,0,-76.3,5.44,21.218,0,8.88,0,1.201,4.09,0,16.45
4/11/2026,00:45, ,gtmpiwq_20H100465_032726_050000.bin,Pine Island,GTMNERR,0,50.546,0,33.2,0,3.447,0,97.7,0,7.14,0,47.71,15.86,7.66,0,-76.8,5.44,21.248,0,8.57,0,1.198,4.06,0,16.32
4/11/2026,01:00, ,gtmpiwq_20H100465_032726_050000.bin,Pine Island,GTMNERR,0,50.758,0,33.35,0,3.499,0,96.8,0,7.06,0,46.07,15.31,7.66,0,-76.9,5.45,21.3,0,8.84,0,1.198,4.15,0,16.7
4/11/2026,01:15, ,gtmpiwq_20H100465_032726_050000.bin,Pine Island,GTMNERR,0,50.758,0,33.35,0,3.55,0,97.4,0,7.11,0,45.76,15.21,7.67,0,-77.2,5.45,21.256,0,8.85,0,1.197,4.14,0,16.64
4/11/2026,01:30, ,gtmpiwq_20H100465_032726_050000.bin,Pine Island,GTMNERR,0,50.869,0,33.44,0,3.595,0,97.3,0,7.11,0,44.35,14.74,7.67,0,-77.5,5.45,21.222,0,10.31,0,1.195,4.09,0,16.45
4/11/2026,01:45, ,gtmpiwq_20H100465_032726_050000.bin,Pine Island,GTMNERR,0,50.911,0,33.47,0,3.642,0,97.4,0,7.12,0,44.36,14.74,7.67,0,-77.5,5.44,21.173,0,8.38,0,1.193,4.2,0,16.87
4/11/2026,02:00, ,gtmpiwq_20H100465_032726_050000.bin,Pine Island,GTMNERR,0,50.959,0,33.5,0,3.685,0,97.2,0,7.1,0,43.57,14.48,7.67,0,-77.6,5.45,21.164,0,11.39,0,1.192,4.15,0,16.69
4/11/2026,02:15, ,gtmpiwq_20H100465_032726_050000.bin,Pine Island,GTMNERR,0,51.066,0,33.58,0,3.721,0,97,0,7.08,0,42.5,14.12,7.68,0,-77.8,5.44,21.181,0,10.95,0,1.195,4,0,16.08
4/11/2026,02:30, ,gtmpiwq_20H100465_032726_050000.bin,Pine Island,GTMNERR,0,51.093,0,33.6,0,3.76,0,96.5,0,7.05,0,41.14,13.67,7.68,0,-77.8,5.45,21.167,0,13.64,0,1.208,4.42,0,17.8
4/11/2026,02:45, ,gtmpiwq_20H100465_032726_050000.bin,Pine Island,GTMNERR,0,51.142,0,33.64,0,3.795,0,96.3,0,7.03,0,41.27,13.71,7.68,0,-77.8,5.44,21.127,0,11.73,0,1.206,4.15,0,16.7
4/11/2026,03:00, ,gtmpiwq_20H100465_032726_050000.bin,Pine Island,GTMNERR,0,51.216,0,33.69,0,3.825,0,96.6,0,7.07,0,41.03,13.63,7.68,0,-78.1,5.44,21.03,0,9.34,0,1.203,4.1,0,16.48
4/11/2026,03:15, ,gtmpiwq_20H100465_032726_050000.bin,Pine Island,GTMNERR,0,51.237,0,33.71,0,3.853,0,96,0,7.02,0,40.85,13.57,7.68,0,-78.1,5.45,21.028,0,7.77,0,1.196,4.06,0,16.32
4/11/2026,03:30, ,gtmpiwq_20H100465_032726_050000.bin,Pine Island,GTMNERR,0,51.312,0,33.77,0,3.878,0,95.8,0,7.01,0,40.06,13.31,7.69,0,-78.3,5.44,20.998,0,7.31,0,1.193,3.86,0,15.49
4/11/2026,03:45, ,gtmpiwq_20H100465_032726_050000.bin,Pine Island,GTMNERR,0,51.356,0,33.8,0,3.898,0,95.3,0,6.97,0,39.41,13.09,7.69,0,-78.4,5.45,21.004,0,7.38,0,1.203,3.91,0,15.72
4/11/2026,04:00, ,gtmpiwq_20H100465_032726_050000.bin,Pine Island,GTMNERR,0,51.383,0,33.82,0,3.916,0,94.5,0,6.91,0,39.09,12.99,7.69,0,-78.3,5.44,20.992,0,6.62,0,1.211,3.86,0,15.53
4/11/2026,04:15, ,gtmpiwq_20H100465_032726_050000.bin,Pine Island,GTMNERR,0,51.428,0,33.85,0,3.93,0,94.3,0,6.9,0,38.13,12.67,7.69,0,-78.5,5.44,21.016,0,7.16,0,1.206,3.82,0,15.33
4/11/2026,04:30, ,gtmpiwq_20H100465_032726_050000.bin,Pine Island,GTMNERR,0,51.437,0,33.86,0,3.937,0,94.2,0,6.89,0,38.12,12.66,7.69,0,-78.5,5.44,21.022,0,7.61,0,1.196,3.86,0,15.51
4/11/2026,04:45, ,gtmpiwq_20H100465_032726_050000.bin,Pine Island,GTMNERR,0,51.392,0,33.82,0,3.939,0,91.8,0,6.72,0,38.86,12.91,7.68,0,-78,5.44,20.955,0,6.69,0,1.195,3.64,0,14.63
4/11/2026,05:00, ,gtmpiwq_20H100465_032726_050000.bin,Pine Island,GTMNERR,0,51.428,0,33.85,0,3.932,0,90.8,0,6.64,0,38.39,12.75,7.68,0,-77.7,5.45,20.973,0,5.65,0,1.195,3.16,0,12.65
4/11/2026,05:15, ,gtmpiwq_20H100465_032726_050000.bin,Pine Island,GTMNERR,0,51.438,0,33.86,0,3.914,0,83.3,0,6.09,0,35.89,11.92,7.63,0,-75.1,5.43,20.992,0,5.05,0,1.201,2.6,0,10.39
4/11/2026,05:30, ,gtmpiwq_20H100465_032726_050000.bin,Pine Island,GTMNERR,0,51.395,0,33.83,0,3.884,0,90.8,0,6.64,0,38.14,12.67,7.68,0,-78,5.44,20.97,0,5.67,0,1.206,3.5,0,14.04
4/11/2026,05:45, ,gtmpiwq_20H100465_032726_050000.bin,Pine Island,GTMNERR,0,51.379,0,33.81,0,3.847,0,92.5,0,6.76,0,35.8,11.89,7.68,0,-78.1,5.44,20.996,0,6.05,0,1.209,3.37,0,13.53
4/11/2026,06:00, ,gtmpiwq_20H100465_032726_050000.bin,Pine Island,GTMNERR,0,51.303,0,33.76,0,3.806,0,94.4,0,6.91,0,38.78,12.88,7.68,0,-77.9,5.41,20.975,0,6.13,0,1.209,3.63,0,14.59
4/11/2026,06:15, ,gtmpiwq_20H100465_032726_050000.bin,Pine Island,GTMNERR,0,51.204,0,33.69,0,3.76,0,93.6,0,6.85,0,39.7,13.19,7.68,0,-77.7,5.44,20.993,0,6.78,0,1.204,3.53,0,14.18
4/11/2026,06:30, ,gtmpiwq_20H100465_032726_050000.bin,Pine Island,GTMNERR,0,50.993,0,33.53,0,3.715,0,93.9,0,6.88,0,42.72,14.2,7.66,0,-77,5.43,21.011,0,7.83,0,1.204,3.39,0,13.6
4/11/2026,06:45, ,gtmpiwq_20H100465_032726_050000.bin,Pine Island,GTMNERR,0,50.786,0,33.38,0,3.666,0,93,0,6.82,0,44.26,14.71,7.66,0,-76.5,5.44,21.009,0,7.37,0,1.203,3.14,0,12.57
4/11/2026,07:00, ,gtmpiwq_20H100465_032726_050000.bin,Pine Island,GTMNERR,0,50.779,0,33.37,0,3.611,0,93.6,0,6.86,0,45.28,15.05,7.65,0,-76.3,5.43,21.053,0,6.83,0,1.207,2.71,0,10.85
4/11/2026,07:15, ,gtmpiwq_20H100465_032726_050000.bin,Pine Island,GTMNERR,0,50.847,0,33.42,0,3.551,0,93.9,0,6.87,0,45.12,15,7.66,0,-76.4,5.43,21.099,0,7.49,0,1.209,2.86,0,11.46
4/11/2026,07:30, ,gtmpiwq_20H100465_032726_050000.bin,Pine Island,GTMNERR,0,50.727,0,33.33,0,3.488,0,93.8,0,6.87,0,46.23,15.37,7.65,0,-76.3,5.44,21.093,0,8.29,0,1.21,2.76,0,11.06
4/11/2026,07:45, ,gtmpiwq_20H100465_032726_050000.bin,Pine Island,GTMNERR,0,50.568,0,33.22,0,3.432,0,93.6,0,6.86,0,47.21,15.7,7.65,0,-75.9,5.43,21.077,0,8.79,0,1.201,2.92,0,11.68
4/11/2026,08:00, ,gtmpiwq_20H100465_032726_050000.bin,Pine Island,GTMNERR,0,50.441,0,33.12,0,3.365,0,93,0,6.82,0,47.19,15.69,7.64,0,-75.5,5.44,21.086,0,9.48,0,1.195,2.75,0,10.99
4/11/2026,08:15, ,gtmpiwq_20H100465_032726_050000.bin,Pine Island,GTMNERR,0,50.293,0,33.01,0,3.297,0,92.8,0,6.81,0,48.81,16.23,7.63,0,-75.1,5.43,21.075,0,10.12,0,1.201,2.49,0,9.97
4/11/2026,08:30, ,gtmpiwq_20H100465_032726_050000.bin,Pine Island,GTMNERR,0,50.168,0,32.92,0,3.236,0,92.7,0,6.81,0,49.75,16.54,7.63,0,-74.8,5.43,21.061,0,9.9,0,1.201,2.71,0,10.83
4/11/2026,08:45, ,gtmpiwq_20H100465_032726_050000.bin,Pine Island,GTMNERR,0,50.034,0,32.82,0,3.178,0,92.3,0,6.78,0,50.6,16.83,7.62,0,-74.2,5.44,21.083,0,8.83,0,1.199,2.67,0,10.68
4/11/2026,09:00, ,gtmpiwq_20H100465_032726_050000.bin,Pine Island,GTMNERR,0,49.84,0,32.68,0,3.117,0,91.9,0,6.75,0,52.12,17.33,7.61,0,-73.8,5.43,21.105,0,9.61,0,1.197,2.61,0,10.43
4/11/2026,09:15, ,gtmpiwq_20H100465_032726_050000.bin,Pine Island,GTMNERR,0,49.635,0,32.53,0,3.053,0,90.6,0,6.66,0,52.97,17.62,7.6,0,-73,5.44,21.117,0,10.03,0,1.194,2.99,0,11.99
4/11/2026,09:30, ,gtmpiwq_20H100465_032726_050000.bin,Pine Island,GTMNERR,0,49.433,0,32.38,0,2.994,0,89.5,0,6.58,0,54.31,18.06,7.58,0,-72,5.43,21.134,0,9.14,0,1.196,2.56,0,10.25
4/11/2026,09:45, ,gtmpiwq_20H100465_032726_050000.bin,Pine Island,GTMNERR,0,49.237,0,32.24,0,2.937,0,88.1,0,6.49,0,54.17,18.02,7.57,0,-71.2,5.43,21.163,0,8.84,0,1.208,2.64,0,10.58
4/11/2026,10:00, ,gtmpiwq_20H100465_032726_050000.bin,Pine Island,GTMNERR,0,49.065,0,32.11,0,2.876,0,88.2,0,6.49,0,55.62,18.5,7.56,0,-70.7,5.44,21.202,0,9.5,0,1.203,2.48,0,9.9
4/11/2026,10:15, ,gtmpiwq_20H100465_032726_050000.bin,Pine Island,GTMNERR,0,48.943,0,32.02,0,2.825,0,87.4,0,6.43,0,55.87,18.58,7.55,0,-70,5.43,21.25,0,9.09,0,1.196,2.66,0,10.64
4/11/2026,10:30, ,gtmpiwq_20H100465_032726_050000.bin,Pine Island,GTMNERR,0,48.784,0,31.91,0,2.783,0,85.9,0,6.32,0,56.08,18.66,7.54,0,-69.4,5.43,21.303,0,9.25,0,1.197,2.82,0,11.28
4/11/2026,10:45, ,gtmpiwq_20H100465_032726_050000.bin,Pine Island,GTMNERR,0,48.71,0,31.85,0,2.751,0,83.8,0,6.16,0,55.3,18.4,7.53,0,-68.9,5.42,21.345,0,6.62,0,1.196,2.68,0,10.73
4/11/2026,11:00, ,gtmpiwq_20H100465_032726_050000.bin,Pine Island,GTMNERR,0,48.643,0,31.8,0,2.739,0,82.5,0,6.06,0,57.34,19.07,7.52,0,-68.4,5.42,21.39,0,6.86,0,1.202,2.69,0,10.77
4/11/2026,11:15, ,gtmpiwq_20H100465_032726_050000.bin,Pine Island,GTMNERR,0,48.559,0,31.74,0,2.748,0,84.7,0,6.22,0,56.9,18.93,7.52,0,-68.3,5.43,21.428,0,7.32,0,1.204,2.93,0,11.74
4/11/2026,11:30, ,gtmpiwq_20H100465_032726_050000.bin,Pine Island,GTMNERR,0,48.532,0,31.72,0,2.776,0,86.6,0,6.36,0,59.18,19.69,7.52,0,-68.6,5.42,21.464,0,6.73,0,1.209,2.8,0,11.21
4/11/2026,11:45, ,gtmpiwq_20H100465_032726_050000.bin,Pine Island,GTMNERR,0,49.383,0,32.34,0,2.819,0,91.2,0,6.67,0,54.04,17.98,7.57,0,-71.4,5.43,21.516,0,8.01,0,1.202,3.53,0,14.16
4/11/2026,12:00, ,gtmpiwq_20H100465_032726_050000.bin,Pine Island,GTMNERR,0,49.617,0,32.52,0,2.877,0,90.4,0,6.62,0,52.78,17.55,7.58,0,-72,5.42,21.344,0,10.06,0,1.195,3,0,12.01
4/11/2026,12:15, ,gtmpiwq_20H100465_032726_050000.bin,Pine Island,GTMNERR,0,49.459,0,32.4,0,2.938,0,91.1,0,6.68,0,52.6,17.49,7.58,0,-71.7,5.42,21.352,0,12.79,0,1.192,3.37,0,13.52
4/11/2026,12:30, ,gtmpiwq_20H100465_032726_050000.bin,Pine Island,GTMNERR,0,49.477,0,32.41,0,3.001,0,92.1,0,6.74,0,53.53,17.8,7.58,0,-72,5.42,21.402,0,10.14,0,1.209,2.92,0,11.7
4/11/2026,12:45, ,gtmpiwq_20H100465_032726_050000.bin,Pine Island,GTMNERR,0,49.576,0,32.48,0,3.062,0,94.3,0,6.88,0,51.22,17.03,7.59,0,-72.9,5.42,21.561,0,9.73,0,1.207,3.54,0,14.23
4/11/2026,13:00, ,gtmpiwq_20H100465_032726_050000.bin,Pine Island,GTMNERR,0,49.751,0,32.61,0,3.12,0,95.3,0,6.94,0,52.4,17.43,7.61,0,-73.7,5.43,21.602,0,9.7,0,1.193,3.46,0,13.91
4/11/2026,13:15, ,gtmpiwq_20H100465_032726_050000.bin,Pine Island,GTMNERR,0,49.956,0,32.76,0,3.176,0,95.2,0,6.93,0,50.68,16.85,7.62,0,-74.1,5.41,21.596,0,9.88,0,1.198,3.73,0,14.97
4/11/2026,13:30, ,gtmpiwq_20H100465_032726_050000.bin,Pine Island,GTMNERR,0,50.168,0,32.92,0,3.233,0,95.6,0,6.95,0,49.49,16.45,7.62,0,-74.4,5.42,21.65,0,9.01,0,1.208,3.97,0,15.95
4/11/2026,13:45, ,gtmpiwq_20H100465_032726_050000.bin,Pine Island,GTMNERR,0,50.357,0,33.06,0,3.289,0,97.1,0,7.05,0,47.49,15.79,7.63,0,-74.9,5.43,21.7,0,8.67,0,1.212,3.84,0,15.45
4/11/2026,14:00, ,gtmpiwq_20H100465_032726_050000.bin,Pine Island,GTMNERR,0,50.514,0,33.17,0,3.342,0,97.4,0,7.05,0,46.78,15.55,7.63,0,-75,5.42,21.797,0,8.21,0,1.204,3.78,0,15.17
4/11/2026,14:15, ,gtmpiwq_20H100465_032726_050000.bin,Pine Island,GTMNERR,0,50.508,0,33.17,0,3.388,0,97.3,0,7.05,0,47.07,15.65,7.64,0,-75.3,5.42,21.722,0,9.68,0,1.196,4.04,0,16.22
4/11/2026,14:30, ,gtmpiwq_20H100465_032726_050000.bin,Pine Island,GTMNERR,0,50.544,0,33.19,0,3.43,0,97.1,0,7.04,0,45.46,15.11,7.64,0,-75.4,5.43,21.713,0,9.99,0,1.194,4.11,0,16.54
4/11/2026,14:45, ,gtmpiwq_20H100465_032726_050000.bin,Pine Island,GTMNERR,0,50.653,0,33.27,0,3.469,0,97.6,0,7.06,0,45.99,15.29,7.64,0,-75.7,5.41,21.781,0,9.56,0,1.209,4.08,0,16.39
4/11/2026,15:00, ,gtmpiwq_20H100465_032726_050000.bin,Pine Island,GTMNERR,0,50.729,0,33.33,0,3.507,0,98.8,0,7.14,0,45.08,14.98,7.65,0,-76.2,5.42,21.848,0,8.79,0,1.21,4.01,0,16.11
4/11/2026,15:15, ,gtmpiwq_20H100465_032726_050000.bin,Pine Island,GTMNERR,0,50.803,0,33.38,0,3.543,0,96.8,0,6.99,0,44.62,14.83,7.65,0,-75.9,5.42,21.829,0,8.51,0,1.206,4.1,0,16.47
4/11/2026,15:30, ,gtmpiwq_20H100465_032726_050000.bin,Pine Island,GTMNERR,0,50.87,0,33.43,0,3.575,0,98,0,7.08,0,44.86,14.91,7.65,0,-76.3,5.42,21.839,0,6.99,0,1.194,4.13,0,16.61
4/11/2026,15:45, ,gtmpiwq_20H100465_032726_050000.bin,Pine Island,GTMNERR,0,50.924,0,33.47,0,3.599,0,98.5,0,7.11,0,43.21,14.36,7.66,0,-76.9,5.42,21.865,0,7.36,0,1.195,3.81,0,15.32
4/11/2026,16:00, ,gtmpiwq_20H100465_032726_050000.bin,Pine Island,GTMNERR,0,50.95,0,33.49,0,3.621,0,98.6,0,7.11,0,41.56,13.81,7.66,0,-77.1,5.42,21.924,0,6.07,0,1.204,4.05,0,16.28
4/11/2026,16:15, ,gtmpiwq_20H100465_032726_050000.bin,Pine Island,GTMNERR,0,50.968,0,33.5,0,3.64,0,97,0,7,0,43.56,14.48,7.66,0,-76.8,5.42,21.914,0,6.34,0,1.201,4.3,0,17.31
4/11/2026,16:30, ,gtmpiwq_20H100465_032726_050000.bin,Pine Island,GTMNERR,0,50.977,0,33.51,0,3.652,0,97.6,0,7.03,0,43.38,14.42,7.66,0,-76.6,5.42,21.948,0,7.44,0,1.199,4.39,0,17.68
4/11/2026,16:45, ,gtmpiwq_20H100465_032726_050000.bin,Pine Island,GTMNERR,0,50.972,0,33.5,0,3.658,0,91.8,0,6.62,0,42.69,14.19,7.63,0,-75.3,5.42,21.93,0,5.05,0,1.197,3.57,0,14.32
4/11/2026,17:00, ,gtmpiwq_20H100465_032726_050000.bin,Pine Island,GTMNERR,0,50.965,0,33.5,0,3.654,0,89.6,0,6.46,0,40.03,13.3,7.62,0,-74.6,5.41,21.936,0,5.28,0,1.198,4.12,0,16.55
4/11/2026,17:15, ,gtmpiwq_20H100465_032726_050000.bin,Pine Island,GTMNERR,0,50.946,0,33.49,0,3.64,0,95.7,0,6.9,0,41.58,13.82,7.65,0,-76,5.41,21.926,0,5.82,0,1.198,4.41,0,17.74
4/11/2026,17:30, ,gtmpiwq_20H100465_032726_050000.bin,Pine Island,GTMNERR,0,50.918,0,33.47,0,3.614,0,95.7,0,6.9,0,42.34,14.07,7.65,0,-76.1,5.42,21.928,0,5.01,0,1.198,4.09,0,16.45
4/11/2026,17:45, ,gtmpiwq_20H100465_032726_050000.bin,Pine Island,GTMNERR,0,50.914,0,33.46,0,3.584,0,97.3,0,7.01,0,40.73,13.53,7.67,0,-77.1,5.41,21.967,0,5.04,0,1.198,4.42,0,17.8
4/11/2026,18:00, ,gtmpiwq_20H100465_032726_050000.bin,Pine Island,GTMNERR,0,50.813,0,33.39,0,3.543,0,97.9,0,7.06,0,41.77,13.88,7.65,0,-76.2,5.42,21.939,0,5.84,0,1.198,4.49,0,18.06
4/11/2026,18:15, ,gtmpiwq_20H100465_032726_050000.bin,Pine Island,GTMNERR,0,50.723,0,33.32,0,3.498,0,100.4,0,7.22,0,44.59,14.82,7.66,0,-77,5.4,22.082,0,7.72,0,1.197,4.73,0,19.03
4/11/2026,18:30, ,gtmpiwq_20H100465_032726_050000.bin,Pine Island,GTMNERR,0,50.537,0,33.18,0,3.449,0,100.2,0,7.2,0,46.35,15.41,7.66,0,-76.6,5.41,22.182,0,7.33,0,1.195,4.36,0,17.56
4/11/2026,18:45, ,gtmpiwq_20H100465_032726_050000.bin,Pine Island,GTMNERR,0,50.366,0,33.06,0,3.398,0,100.7,0,7.23,0,46.45,15.44,7.65,0,-76.1,5.41,22.27,0,8.23,0,1.195,4.44,0,17.88
4/11/2026,19:00, ,gtmpiwq_20H100465_032726_050000.bin,Pine Island,GTMNERR,0,50.2,0,32.93,0,3.344,0,101,0,7.25,0,48.04,15.97,7.65,0,-76.3,5.4,22.332,0,6.81,0,1.206,3.96,0,15.93
4/11/2026,19:15, ,gtmpiwq_20H100465_032726_050000.bin,Pine Island,GTMNERR,0,50.029,0,32.81,0,3.285,0,101.6,0,7.3,0,50.23,16.7,7.65,0,-76.1,5.4,22.373,0,7.15,0,1.202,3.97,0,15.96
4/11/2026,19:30, ,gtmpiwq_20H100465_032726_050000.bin,Pine Island,GTMNERR,0,49.921,0,32.73,0,3.232,0,101.4,0,7.28,0,50.14,16.67,7.64,0,-75.8,5.39,22.392,0,6.59,0,1.193,3.75,0,15.06
4/11/2026,19:45, ,gtmpiwq_20H100465_032726_050000.bin,Pine Island,GTMNERR,0,49.86,0,32.68,0,3.171,0,100.7,0,7.24,0,50.4,16.76,7.63,0,-75.4,5.4,22.376,0,7.29,0,1.198,3.76,0,15.09
4/11/2026,20:00, ,gtmpiwq_20H100465_032726_050000.bin,Pine Island,GTMNERR,0,49.748,0,32.6,0,3.111,0,100.9,0,7.25,0,51.63,17.17,7.63,0,-75.3,5.4,22.378,0,8.86,0,1.198,3.89,0,15.64
4/11/2026,20:15, ,gtmpiwq_20H100465_032726_050000.bin,Pine Island,GTMNERR,0,49.61,0,32.5,0,3.055,0,100.3,0,7.21,0,51.06,16.98,7.63,0,-74.8,5.39,22.382,0,9.03,0,1.194,4.07,0,16.36
4/11/2026,20:30, ,gtmpiwq_20H100465_032726_050000.bin,Pine Island,GTMNERR,0,49.456,0,32.38,0,2.995,0,98.6,0,7.09,0,52.93,17.6,7.62,0,-74.4,5.4,22.393,0,7.96,0,1.196,4.05,0,16.28
4/11/2026,20:45, ,gtmpiwq_20H100465_032726_050000.bin,Pine Island,GTMNERR,0,49.277,0,32.25,0,2.931,0,98.4,0,7.08,0,52.96,17.61,7.61,0,-73.7,5.39,22.417,0,7.61,0,1.21,3.87,0,15.56
4/11/2026,21:00, ,gtmpiwq_20H100465_032726_050000.bin,Pine Island,GTMNERR,0,49.077,0,32.11,0,2.876,0,98.3,0,7.08,0,54.51,18.13,7.6,0,-73.2,5.39,22.452,0,7.81,0,1.204,3.73,0,15
4/11/2026,21:15, ,gtmpiwq_20H100465_032726_050000.bin,Pine Island,GTMNERR,0,48.875,0,31.96,0,2.814,0,97.7,0,7.04,0,55.82,18.57,7.59,0,-72.9,5.4,22.498,0,7.71,0,1.197,3.87,0,15.56
4/11/2026,21:30, ,gtmpiwq_20H100465_032726_050000.bin,Pine Island,GTMNERR,0,48.709,0,31.84,0,2.761,0,96.5,0,6.94,0,55.64,18.51,7.59,0,-72.4,5.39,22.542,0,8.14,0,1.196,3.93,0,15.78
4/11/2026,21:45, ,gtmpiwq_20H100465_032726_050000.bin,Pine Island,GTMNERR,0,48.576,0,31.74,0,2.711,0,95.1,0,6.84,0,57.15,19.01,7.57,0,-71.3,5.39,22.582,0,7.41,0,1.193,3.76,0,15.1
4/11/2026,22:00, ,gtmpiwq_20H100465_032726_050000.bin,Pine Island,GTMNERR,0,48.488,0,31.67,0,2.668,0,92.9,0,6.69,0,57.97,19.28,7.56,0,-70.7,5.37,22.598,0,7.79,0,1.204,3.33,0,13.38
4/11/2026,22:15, ,gtmpiwq_20H100465_032726_050000.bin,Pine Island,GTMNERR,0,48.368,0,31.59,0,2.642,0,92,0,6.62,0,59.4,19.76,7.55,0,-70.1,5.37,22.646,0,8.07,0,1.207,3.57,0,14.32
4/11/2026,22:30, ,gtmpiwq_20H100465_032726_050000.bin,Pine Island,GTMNERR,0,48.318,0,31.55,0,2.633,0,90.6,0,6.51,0,59.86,19.92,7.54,0,-69.8,5.39,22.678,0,6.81,0,1.202,3.29,0,13.18
4/11/2026,22:45, ,gtmpiwq_20H100465_032726_050000.bin,Pine Island,GTMNERR,0,48.245,0,31.49,0,2.642,0,87.8,0,6.32,0,60.38,20.09,7.52,0,-68.6,5.37,22.695,0,5.42,0,1.197,2.9,0,11.63
4/11/2026,23:00, ,gtmpiwq_20H100465_032726_050000.bin,Pine Island,GTMNERR,0,48.248,0,31.5,0,2.668,0,92.1,0,6.63,0,61.85,20.58,7.55,0,-70.4,5.38,22.7,0,5.59,0,1.194,3.55,0,14.26
4/11/2026,23:15, ,gtmpiwq_20H100465_032726_050000.bin,Pine Island,GTMNERR,0,49.388,0,32.33,0,2.712,0,97.1,0,6.96,0,54.65,18.18,7.6,0,-73.5,5.37,22.654,0,8.37,0,1.197,3.94,0,15.82
4/11/2026,23:30, ,gtmpiwq_20H100465_032726_050000.bin,Pine Island,GTMNERR,0,49.524,0,32.43,0,2.766,0,98.2,0,7.04,0,54.18,18.02,7.61,0,-74.2,5.37,22.593,0,7.51,0,1.202,3.74,0,15.04
4/11/2026,23:45, ,gtmpiwq_20H100465_032726_050000.bin,Pine Island,GTMNERR,0,49.363,0,32.32,0,2.833,0,98.4,0,7.06,0,54.19,18.02,7.61,0,-73.9,5.38,22.532,0,8.9,0,1.203,3.76,0,15.09
4/12/2026,00:00, ,gtmpiwq_20H100465_032726_050000.bin,Pine Island,GTMNERR,0,49.326,0,32.29,0,2.9,0,98.2,0,7.06,0,54.53,18.14,7.6,0,-73.6,5.37,22.501,0,9.14,0,1.205,3.9,0,15.69
4/12/2026,00:15, ,gtmpiwq_20H100465_032726_050000.bin,Pine Island,GTMNERR,0,49.436,0,32.37,0,2.96,0,97.9,0,7.04,0,55.03,18.31,7.61,0,-73.6,5.36,22.428,0,7.29,0,1.207,3.67,0,14.73
4/12/2026,00:30, ,gtmpiwq_20H100465_032726_050000.bin,Pine Island,GTMNERR,0,49.561,0,32.46,0,3.024,0,97.9,0,7.04,0,53.79,17.89,7.61,0,-73.9,5.35,22.387,0,9.24,0,1.202,3.83,0,15.41
4/12/2026,00:45, ,gtmpiwq_20H100465_032726_050000.bin,Pine Island,GTMNERR,0,49.702,0,32.57,0,3.08,0,97.6,0,7.02,0,52.86,17.58,7.61,0,-74.2,5.37,22.346,0,8.7,0,1.199,4.01,0,16.13
4/12/2026,01:00, ,gtmpiwq_20H100465_032726_050000.bin,Pine Island,GTMNERR,0,49.878,0,32.7,0,3.134,0,97.3,0,7,0,51.89,17.26,7.62,0,-74.4,5.38,22.308,0,9.19,0,1.192,3.79,0,15.22
4/12/2026,01:15, ,gtmpiwq_20H100465_032726_050000.bin,Pine Island,GTMNERR,0,50.008,0,32.79,0,3.186,0,97.1,0,6.98,0,51.75,17.21,7.62,0,-74.8,5.36,22.325,0,8.3,0,1.194,4.1,0,16.48
4/12/2026,01:30, ,gtmpiwq_20H100465_032726_050000.bin,Pine Island,GTMNERR,0,50.139,0,32.89,0,3.238,0,97.3,0,6.99,0,51.18,17.02,7.63,0,-75,5.37,22.322,0,7.72,0,1.206,3.77,0,15.16
4/12/2026,01:45, ,gtmpiwq_20H100465_032726_050000.bin,Pine Island,GTMNERR,0,50.301,0,33.01,0,3.29,0,96.9,0,6.95,0,50.45,16.78,7.63,0,-75,5.36,22.339,0,7.34,0,1.203,3.74,0,15.04
4/12/2026,02:00, ,gtmpiwq_20H100465_032726_050000.bin,Pine Island,GTMNERR,0,50.382,0,33.07,0,3.339,0,96.5,0,6.92,0,49.44,16.44,7.63,0,-75,5.37,22.341,0,8.63,0,1.199,3.88,0,15.61
4/12/2026,02:15, ,gtmpiwq_20H100465_032726_050000.bin,Pine Island,GTMNERR,0,50.461,0,33.12,0,3.387,0,96.5,0,6.92,0,48.92,16.26,7.63,0,-75.4,5.38,22.292,0,8.51,0,1.197,3.74,0,15.01
4/12/2026,02:30, ,gtmpiwq_20H100465_032726_050000.bin,Pine Island,GTMNERR,0,50.478,0,33.14,0,3.435,0,97.5,0,7.01,0,48.46,16.11,7.64,0,-75.7,5.37,22.218,0,8.63,0,1.194,3.7,0,14.88
4/12/2026,02:45, ,gtmpiwq_20H100465_032726_050000.bin,Pine Island,GTMNERR,0,50.591,0,33.22,0,3.483,0,97.3,0,6.98,0,47.1,15.66,7.64,0,-75.9,5.38,22.232,0,10.39,0,1.195,3.95,0,15.87
4/12/2026,03:00, ,gtmpiwq_20H100465_032726_050000.bin,Pine Island,GTMNERR,0,50.72,0,33.32,0,3.531,0,96.9,0,6.96,0,46.48,15.45,7.65,0,-76.2,5.36,22.17,0,9.35,0,1.202,3.81,0,15.31
4/12/2026,03:15, ,gtmpiwq_20H100465_032726_050000.bin,Pine Island,GTMNERR,0,50.803,0,33.38,0,3.577,0,96.5,0,6.93,0,46.35,15.41,7.65,0,-76.3,5.37,22.115,0,7.67,0,1.207,3.92,0,15.75
4/12/2026,03:30, ,gtmpiwq_20H100465_032726_050000.bin,Pine Island,GTMNERR,0,50.873,0,33.43,0,3.62,0,96.5,0,6.94,0,45.75,15.21,7.65,0,-76.4,5.38,22.049,0,6.86,0,1.204,3.74,0,15.02
4/12/2026,03:45, ,gtmpiwq_20H100465_032726_050000.bin,Pine Island,GTMNERR,0,50.93,0,33.47,0,3.659,0,95.9,0,6.9,0,45.16,15.01,7.65,0,-76.4,5.37,22.031,0,7.38,0,1.192,3.71,0,14.89
4/12/2026,04:00, ,gtmpiwq_20H100465_032726_050000.bin,Pine Island,GTMNERR,0,50.969,0,33.5,0,3.695,0,96.2,0,6.93,0,44.36,14.74,7.65,0,-76.4,5.37,22.013,0,7.94,0,1.195,3.84,0,15.44
4/12/2026,04:15, ,gtmpiwq_20H100465_032726_050000.bin,Pine Island,GTMNERR,0,51.05,0,33.56,0,3.725,0,95.4,0,6.87,0,43.33,14.4,7.66,0,-76.5,5.36,21.939,0,7.4,0,1.207,3.81,0,15.32
4/12/2026,04:30, ,gtmpiwq_20H100465_032726_050000.bin,Pine Island,GTMNERR,0,51.094,0,33.6,0,3.755,0,94.6,0,6.82,0,42.82,14.23,7.65,0,-76.5,5.36,21.908,0,6.31,0,1.202,3.8,0,15.27
4/12/2026,04:45, ,gtmpiwq_20H100465_032726_050000.bin,Pine Island,GTMNERR,0,51.141,0,33.63,0,3.777,0,94.8,0,6.83,0,42.35,14.07,7.66,0,-76.7,5.37,21.86,0,7.15,0,1.196,3.72,0,14.94
4/12/2026,05:00, ,gtmpiwq_20H100465_032726_050000.bin,Pine Island,GTMNERR,0,51.175,0,33.66,0,3.796,0,93.5,0,6.74,0,42.31,14.06,7.66,0,-76.7,5.37,21.87,0,6,0,1.198,3.7,0,14.86
4/12/2026,05:15, ,gtmpiwq_20H100465_032726_050000.bin,Pine Island,GTMNERR,0,51.177,0,33.66,0,3.811,0,93.2,0,6.72,0,42.36,14.08,7.66,0,-76.8,5.36,21.84,0,6.52,0,1.194,3.79,0,15.25
4/12/2026,05:30, ,gtmpiwq_20H100465_032726_050000.bin,Pine Island,GTMNERR,0,51.211,0,33.68,0,3.815,0,91.1,0,6.57,0,41.55,13.81,7.65,0,-76.4,5.36,21.853,0,5.43,0,1.195,3.35,0,13.43
4/12/2026,05:45, ,gtmpiwq_20H100465_032726_050000.bin,Pine Island,GTMNERR,0,51.22,0,33.69,0,3.815,0,85.7,0,6.17,0,41.14,13.67,7.63,0,-75,5.37,21.852,0,5.6,0,1.21,2.88,0,11.53
4/12/2026,06:00, ,gtmpiwq_20H100465_032726_050000.bin,Pine Island,GTMNERR,0,51.217,0,33.69,0,3.799,0,84.9,0,6.12,0,39.14,13,7.62,0,-74.5,5.35,21.853,0,6.23,0,1.209,3.46,0,13.88
4/12/2026,06:15, ,gtmpiwq_20H100465_032726_050000.bin,Pine Island,GTMNERR,0,51.186,0,33.66,0,3.771,0,87.3,0,6.29,0,37.98,12.62,7.64,0,-75.6,5.35,21.864,0,4.71,0,1.196,3.59,0,14.41
4/12/2026,06:30, ,gtmpiwq_20H100465_032726_050000.bin,Pine Island,GTMNERR,0,51.098,0,33.6,0,3.734,0,89.5,0,6.46,0,39.02,12.96,7.64,0,-75.7,5.36,21.85,0,5.41,0,1.198,3.54,0,14.21
4/12/2026,06:45, ,gtmpiwq_20H100465_032726_050000.bin,Pine Island,GTMNERR,0,51.05,0,33.56,0,3.69,0,93.3,0,6.73,0,39.8,13.22,7.65,0,-76.3,5.35,21.881,0,7.45,0,1.204,11.31,0,45.78
4/12/2026,07:00, ,gtmpiwq_20H100465_032726_050000.bin,Pine Island,GTMNERR,0,50.906,0,33.46,0,3.639,0,93.5,0,6.74,0,43.95,14.61,7.64,0,-75.8,5.35,21.93,0,6.88,0,1.202,3.25,0,13.05
4/12/2026,07:15, ,gtmpiwq_20H100465_032726_050000.bin,Pine Island,GTMNERR,0,50.637,0,33.26,0,3.585,0,93.1,0,6.71,0,46.78,15.55,7.63,0,-74.9,5.36,21.994,0,6.81,0,1.202,3.1,0,12.41
4/12/2026,07:30, ,gtmpiwq_20H100465_032726_050000.bin,Pine Island,GTMNERR,0,50.468,0,33.13,0,3.531,0,92.8,0,6.69,0,47.75,15.87,7.62,0,-74.7,5.36,21.992,0,7.07,0,1.201,3.14,0,12.59
4/12/2026,07:45, ,gtmpiwq_20H100465_032726_050000.bin,Pine Island,GTMNERR,0,50.483,0,33.14,0,3.47,0,92.6,0,6.67,0,47.79,15.89,7.62,0,-74.6,5.36,22.057,0,6.8,0,1.198,2.68,0,10.7
4/12/2026,08:00, ,gtmpiwq_20H100465_032726_050000.bin,Pine Island,GTMNERR,0,50.533,0,33.18,0,3.408,0,93.1,0,6.7,0,47.73,15.87,7.62,0,-74.6,5.34,22.135,0,6.83,0,1.194,2.76,0,11.06
4/12/2026,08:15, ,gtmpiwq_20H100465_032726_050000.bin,Pine Island,GTMNERR,0,50.351,0,33.05,0,3.341,0,92.2,0,6.64,0,48.83,16.24,7.61,0,-74.1,5.35,22.122,0,7.72,0,1.194,3.05,0,12.21
4/12/2026,08:30, ,gtmpiwq_20H100465_032726_050000.bin,Pine Island,GTMNERR,0,50.184,0,32.92,0,3.277,0,92.1,0,6.64,0,49.84,16.57,7.6,0,-73.5,5.35,22.121,0,8.31,0,1.207,2.9,0,11.6
4/12/2026,08:45, ,gtmpiwq_20H100465_032726_050000.bin,Pine Island,GTMNERR,0,50.074,0,32.84,0,3.206,0,90.7,0,6.54,0,50.02,16.63,7.6,0,-73.5,5.35,22.142,0,9.29,0,1.207,3.15,0,12.62
4/12/2026,09:00, ,gtmpiwq_20H100465_032726_050000.bin,Pine Island,GTMNERR,0,49.958,0,32.76,0,3.14,0,91.8,0,6.62,0,51.17,17.02,7.6,0,-73.1,5.35,22.133,0,8.91,0,1.196,2.78,0,11.12
4/12/2026,09:15, ,gtmpiwq_20H100465_032726_050000.bin,Pine Island,GTMNERR,0,49.846,0,32.67,0,3.071,0,92,0,6.64,0,51.88,17.25,7.6,0,-73,5.33,22.148,0,8.92,0,1.193,3.01,0,12.06
4/12/2026,09:30, ,gtmpiwq_20H100465_032726_050000.bin,Pine Island,GTMNERR,0,49.712,0,32.58,0,3.004,0,92.6,0,6.68,0,52.68,17.52,7.59,0,-72.8,5.34,22.17,0,8.21,0,1.2,2.84,0,11.35
4/12/2026,09:45, ,gtmpiwq_20H100465_032726_050000.bin,Pine Island,GTMNERR,0,49.479,0,32.4,0,2.935,0,92,0,6.64,0,54.15,18.01,7.58,0,-72.1,5.35,22.164,0,8.12,0,1.199,2.81,0,11.24
4/12/2026,10:00, ,gtmpiwq_20H100465_032726_050000.bin,Pine Island,GTMNERR,0,49.292,0,32.27,0,2.867,0,91.1,0,6.58,0,54.43,18.1,7.56,0,-71.1,5.31,22.174,0,8,0,1.199,2.85,0,11.4
4/12/2026,10:15, ,gtmpiwq_20H100465_032726_050000.bin,Pine Island,GTMNERR,0,49.067,0,32.1,0,2.796,0,90.2,0,6.52,0,56.28,18.72,7.56,0,-70.6,5.34,22.194,0,8.11,0,1.202,2.77,0,11.07
4/12/2026,10:30, ,gtmpiwq_20H100465_032726_050000.bin,Pine Island,GTMNERR,0,48.901,0,31.98,0,2.732,0,89.7,0,6.48,0,56.88,18.92,7.55,0,-70.3,5.33,22.221,0,8.42,0,1.204,2.92,0,11.71
4/12/2026,10:45, ,gtmpiwq_20H100465_032726_050000.bin,Pine Island,GTMNERR,0,48.744,0,31.87,0,2.675,0,89.1,0,6.44,0,57.83,19.24,7.54,0,-69.6,5.33,22.278,0,7.98,0,1.201,3.03,0,12.16
4/12/2026,11:00, ,gtmpiwq_20H100465_032726_050000.bin,Pine Island,GTMNERR,0,48.618,0,31.77,0,2.626,0,89.4,0,6.46,0,57.15,19.01,7.53,0,-69.3,5.32,22.325,0,8.42,0,1.201,2.91,0,11.67
4/12/2026,11:15, ,gtmpiwq_20H100465_032726_050000.bin,Pine Island,GTMNERR,0,48.537,0,31.71,0,2.591,0,89,0,6.43,0,55.29,18.39,7.53,0,-69.1,5.33,22.366,0,7.49,0,1.205,2.9,0,11.6
4/12/2026,11:30, ,gtmpiwq_20H100465_032726_050000.bin,Pine Island,GTMNERR,0,48.487,0,31.68,0,2.572,0,89.4,0,6.46,0,56.23,18.7,7.53,0,-68.8,5.34,22.419,0,6.03,0,1.208,2.95,0,11.83
4/12/2026,11:45, ,gtmpiwq_20H100465_032726_050000.bin,Pine Island,GTMNERR,0,48.462,0,31.66,0,2.569,0,86.9,0,6.27,0,56.92,18.93,7.51,0,-68.2,5.31,22.441,0,7.28,0,1.202,2.94,0,11.76
4/12/2026,12:00, ,gtmpiwq_20H100465_032726_050000.bin,Pine Island,GTMNERR,0,48.458,0,31.65,0,2.598,0,88.3,0,6.38,0,58.43,19.44,7.52,0,-68.5,5.32,22.439,0,7.27,0,1.202,3.07,0,12.32
4/12/2026,12:15, ,gtmpiwq_20H100465_032726_050000.bin,Pine Island,GTMNERR,0,48.459,0,31.65,0,2.643,0,92.9,0,6.68,0,59.72,19.87,7.53,0,-68.9,5.31,22.659,0,5.26,0,1.203,3.01,0,12.05
4/12/2026,12:30, ,gtmpiwq_20H100465_032726_050000.bin,Pine Island,GTMNERR,0,49.165,0,32.17,0,2.709,0,91.7,0,6.6,0,55.79,18.56,7.56,0,-70.8,5.32,22.447,0,9.53,0,1.204,3.09,0,12.38
4/12/2026,12:45, ,gtmpiwq_20H100465_032726_050000.bin,Pine Island,GTMNERR,0,49.129,0,32.14,0,2.778,0,92.9,0,6.69,0,56.15,18.68,7.56,0,-71,5.3,22.447,0,7.73,0,1.208,3.1,0,12.41
4/12/2026,13:00, ,gtmpiwq_20H100465_032726_050000.bin,Pine Island,GTMNERR,0,49.182,0,32.18,0,2.846,0,94.5,0,6.79,0,54.75,18.21,7.57,0,-71.5,5.3,22.543,0,9.81,0,1.206,3.11,0,12.46
4/12/2026,13:15, ,gtmpiwq_20H100465_032726_050000.bin,Pine Island,GTMNERR,0,49.396,0,32.34,0,2.916,0,96.2,0,6.89,0,54.17,18.02,7.59,0,-72.4,5.31,22.617,0,8.75,0,1.204,3.51,0,14.08
4/12/2026,13:30, ,gtmpiwq_20H100465_032726_050000.bin,Pine Island,GTMNERR,0,49.615,0,32.5,0,2.985,0,96.6,0,6.91,0,52.91,17.6,7.59,0,-73,5.3,22.639,0,8.69,0,1.202,3.31,0,13.27
4/12/2026,13:45, ,gtmpiwq_20H100465_032726_050000.bin,Pine Island,GTMNERR,0,49.829,0,32.65,0,3.049,0,96.7,0,6.91,0,51.3,17.06,7.6,0,-73.5,5.32,22.681,0,8.95,0,1.202,3.5,0,14.06
4/12/2026,14:00, ,gtmpiwq_20H100465_032726_050000.bin,Pine Island,GTMNERR,0,50.069,0,32.83,0,3.108,0,97.2,0,6.93,0,50.55,16.81,7.61,0,-73.9,5.3,22.754,0,8.97,0,1.204,3.76,0,15.1
4/12/2026,14:15, ,gtmpiwq_20H100465_032726_050000.bin,Pine Island,GTMNERR,0,50.19,0,32.92,0,3.163,0,97.7,0,6.96,0,49.6,16.49,7.61,0,-74.2,5.31,22.794,0,8.75,0,1.204,3.63,0,14.6
4/12/2026,14:30, ,gtmpiwq_20H100465_032726_050000.bin,Pine Island,GTMNERR,0,50.299,0,33,0,3.213,0,97.9,0,6.96,0,47.91,15.93,7.61,0,-74.2,5.31,22.853,0,9.08,0,1.205,3.95,0,15.86
4/12/2026,14:45, ,gtmpiwq_20H100465_032726_050000.bin,Pine Island,GTMNERR,0,50.371,0,33.05,0,3.265,0,98.3,0,6.98,0,47.67,15.85,7.62,0,-74.4,5.3,22.894,0,8.95,0,1.206,3.96,0,15.91
4/12/2026,15:00, ,gtmpiwq_20H100465_032726_050000.bin,Pine Island,GTMNERR,0,50.384,0,33.06,0,3.314,0,98.4,0,6.99,0,48.28,16.05,7.62,0,-74.7,5.31,22.873,0,8.55,0,1.208,3.97,0,15.96
4/12/2026,15:15, ,gtmpiwq_20H100465_032726_050000.bin,Pine Island,GTMNERR,0,50.436,0,33.1,0,3.36,0,98,0,6.97,0,47.39,15.76,7.62,0,-74.7,5.3,22.832,0,9.27,0,1.208,4.32,0,17.39
4/12/2026,15:30, ,gtmpiwq_20H100465_032726_050000.bin,Pine Island,GTMNERR,0,50.565,0,33.19,0,3.402,0,98.6,0,7,0,46.97,15.62,7.63,0,-75.3,5.3,22.888,0,8.96,0,1.209,4.2,0,16.9
4/12/2026,15:45, ,gtmpiwq_20H100465_032726_050000.bin,Pine Island,GTMNERR,0,50.609,0,33.22,0,3.44,0,98.7,0,7,0,44.99,14.95,7.63,0,-75.4,5.31,22.913,0,10.05,0,1.21,4.24,0,17.05
4/12/2026,16:00, ,gtmpiwq_20H100465_032726_050000.bin,Pine Island,GTMNERR,0,50.672,0,33.27,0,3.482,0,98.7,0,7,0,44.86,14.91,7.64,0,-75.5,5.3,22.896,0,9.26,0,1.201,4.21,0,16.95
4/12/2026,16:15, ,gtmpiwq_20H100465_032726_050000.bin,Pine Island,GTMNERR,0,50.736,0,33.32,0,3.519,0,99.6,0,7.07,0,44.57,14.82,7.64,0,-75.8,5.31,22.874,0,8.99,0,1.193,4.2,0,16.88
4/12/2026,16:30, ,gtmpiwq_20H100465_032726_050000.bin,Pine Island,GTMNERR,0,50.778,0,33.35,0,3.556,0,99.2,0,7.03,0,44.97,14.95,7.64,0,-76,5.29,22.907,0,8.12,0,1.195,4.32,0,17.39
4/12/2026,16:45, ,gtmpiwq_20H100465_032726_050000.bin,Pine Island,GTMNERR,0,50.815,0,33.38,0,3.59,0,99.3,0,7.04,0,44.58,14.82,7.65,0,-76.2,5.3,22.904,0,8.09,0,1.208,4.25,0,17.09
4/12/2026,17:00, ,gtmpiwq_20H100465_032726_050000.bin,Pine Island,GTMNERR,0,50.839,0,33.39,0,3.62,0,100.2,0,7.1,0,42.82,14.23,7.65,0,-76.3,5.31,22.918,0,8.52,0,1.208,4.48,0,18.02
4/12/2026,17:15, ,gtmpiwq_20H100465_032726_050000.bin,Pine Island,GTMNERR,0,50.919,0,33.45,0,3.643,0,99.5,0,7.05,0,43.24,14.37,7.65,0,-76.5,5.3,22.929,0,7.33,0,1.196,4.43,0,17.83
4/12/2026,17:30, ,gtmpiwq_20H100465_032726_050000.bin,Pine Island,GTMNERR,0,50.949,0,33.47,0,3.66,0,98,0,6.94,0,44.25,14.71,7.65,0,-76.4,5.31,22.89,0,6.11,0,1.197,3.96,0,15.91
4/12/2026,17:45, ,gtmpiwq_20H100465_032726_050000.bin,Pine Island,GTMNERR,0,50.974,0,33.49,0,3.669,0,97.3,0,6.89,0,43.41,14.43,7.65,0,-76.2,5.29,22.918,0,5.23,0,1.202,4.51,0,18.16
4/12/2026,18:00, ,gtmpiwq_20H100465_032726_050000.bin,Pine Island,GTMNERR,0,51.001,0,33.51,0,3.672,0,88.7,0,6.28,0,42.05,13.97,7.61,0,-73.9,5.29,22.901,0,5.86,0,1.201,3.31,0,13.29
4/12/2026,18:15, ,gtmpiwq_20H100465_032726_050000.bin,Pine Island,GTMNERR,0,51.007,0,33.52,0,3.664,0,80.8,0,5.72,0,39.72,13.2,7.61,0,-73.7,5.3,22.904,0,5.16,0,1.201,2.84,0,11.38
4/12/2026,18:30, ,gtmpiwq_20H100465_032726_050000.bin,Pine Island,GTMNERR,0,50.965,0,33.49,0,3.645,0,93.5,0,6.62,0,40.78,13.55,7.65,0,-76.1,5.3,22.913,0,4.81,0,1.199,3.76,0,15.1
4/12/2026,18:45, ,gtmpiwq_20H100465_032726_050000.bin,Pine Island,GTMNERR,0,50.873,0,33.42,0,3.617,0,97.7,0,6.91,0,42.27,14.05,7.65,0,-76.2,5.31,22.973,0,4.69,0,1.198,3.99,0,16.04
4/12/2026,19:00, ,gtmpiwq_20H100465_032726_050000.bin,Pine Island,GTMNERR,0,50.788,0,33.36,0,3.575,0,97.6,0,6.91,0,41.29,13.72,7.64,0,-75.7,5.3,22.968,0,5.71,0,1.197,4.07,0,16.36
4/12/2026,19:15, ,gtmpiwq_20H100465_032726_050000.bin,Pine Island,GTMNERR,0,50.717,0,33.3,0,3.526,0,99.5,0,7.04,0,43.12,14.33,7.64,0,-75.6,5.3,22.994,0,6.6,0,1.203,4.52,0,18.2
4/12/2026,19:30, ,gtmpiwq_20H100465_032726_050000.bin,Pine Island,GTMNERR,0,50.609,0,33.22,0,3.471,0,98.9,0,7,0,44.99,14.95,7.64,0,-75.8,5.3,23.054,0,7.71,0,1.207,4.02,0,16.18
4/12/2026,19:45, ,gtmpiwq_20H100465_032726_050000.bin,Pine Island,GTMNERR,0,50.464,0,33.11,0,3.412,0,99.2,0,7.02,0,46.94,15.61,7.63,0,-75.5,5.29,23.126,0,8.15,0,1.203,3.82,0,15.35
4/12/2026,20:00, ,gtmpiwq_20H100465_032726_050000.bin,Pine Island,GTMNERR,0,50.286,0,32.98,0,3.355,0,99.7,0,7.04,0,48.15,16.01,7.63,0,-75.2,5.29,23.222,0,8.06,0,1.202,3.67,0,14.73
4/12/2026,20:15, ,gtmpiwq_20H100465_032726_050000.bin,Pine Island,GTMNERR,0,50.291,0,32.99,0,3.292,0,98.7,0,6.98,0,48.64,16.17,7.62,0,-74.7,5.29,23.197,0,6.76,0,1.203,3.49,0,14.02
4/12/2026,20:30, ,gtmpiwq_20H100465_032726_050000.bin,Pine Island,GTMNERR,0,50.213,0,32.93,0,3.229,0,98.9,0,6.99,0,48.96,16.28,7.62,0,-74.6,5.27,23.217,0,7.12,0,1.196,3.47,0,13.92
4/12/2026,20:45, ,gtmpiwq_20H100465_032726_050000.bin,Pine Island,GTMNERR,0,50.114,0,32.86,0,3.163,0,98.8,0,6.98,0,49.86,16.58,7.62,0,-74.3,5.28,23.254,0,7.88,0,1.202,3.65,0,14.65
4/12/2026,21:00, ,gtmpiwq_20H100465_032726_050000.bin,Pine Island,GTMNERR,0,50.018,0,32.78,0,3.095,0,99,0,7,0,50.49,16.79,7.62,0,-74.4,5.28,23.274,0,8.58,0,1.211,3.66,0,14.69
4/12/2026,21:15, ,gtmpiwq_20H100465_032726_050000.bin,Pine Island,GTMNERR,0,49.886,0,32.69,0,3.027,0,99.3,0,7.01,0,50.86,16.91,7.61,0,-74.3,5.27,23.304,0,9.23,0,1.211,3.57,0,14.33
4/12/2026,21:30, ,gtmpiwq_20H100465_032726_050000.bin,Pine Island,GTMNERR,0,49.746,0,32.58,0,2.954,0,98.7,0,6.97,0,51.95,17.28,7.61,0,-73.9,5.27,23.33,0,9.13,0,1.204,3.59,0,14.43
4/12/2026,21:45, ,gtmpiwq_20H100465_032726_050000.bin,Pine Island,GTMNERR,0,49.584,0,32.46,0,2.881,0,98.3,0,6.95,0,52.8,17.56,7.6,0,-73.5,5.28,23.373,0,9.5,0,1.194,3.62,0,14.55
4/12/2026,22:00, ,gtmpiwq_20H100465_032726_050000.bin,Pine Island,GTMNERR,0,49.427,0,32.35,0,2.812,0,97.9,0,6.91,0,53.91,17.93,7.59,0,-72.8,5.26,23.412,0,7.98,0,1.193,3.46,0,13.88
4/12/2026,22:15, ,gtmpiwq_20H100465_032726_050000.bin,Pine Island,GTMNERR,0,49.243,0,32.21,0,2.739,0,97,0,6.86,0,55.02,18.3,7.58,0,-72.4,5.26,23.42,0,8.71,0,1.199,3.42,0,13.72
4/12/2026,22:30, ,gtmpiwq_20H100465_032726_050000.bin,Pine Island,GTMNERR,0,49.067,0,32.08,0,2.681,0,96,0,6.79,0,55.47,18.45,7.57,0,-71.8,5.27,23.416,0,8.72,0,1.209,3.71,0,14.89
4/12/2026,22:45, ,gtmpiwq_20H100465_032726_050000.bin,Pine Island,GTMNERR,0,48.92,0,31.98,0,2.624,0,94.6,0,6.7,0,54.78,18.22,7.56,0,-71.2,5.26,23.424,0,8.12,0,1.211,3.37,0,13.51
4/12/2026,23:00, ,gtmpiwq_20H100465_032726_050000.bin,Pine Island,GTMNERR,0,48.807,0,31.89,0,2.582,0,93.6,0,6.63,0,55.8,18.56,7.55,0,-70.6,5.26,23.445,0,7.75,0,1.2,3.48,0,13.98
4/12/2026,23:15, ,gtmpiwq_20H100465_032726_050000.bin,Pine Island,GTMNERR,0,48.751,0,31.85,0,2.555,0,91.8,0,6.5,0,54.8,18.23,7.54,0,-70,5.25,23.446,0,6.65,0,1.194,3.07,0,12.31
4/12/2026,23:30, ,gtmpiwq_20H100465_032726_050000.bin,Pine Island,GTMNERR,0,48.675,0,31.8,0,2.553,0,87.3,0,6.19,0,57.61,19.16,7.52,0,-68.6,5.25,23.446,0,5.7,0,1.198,2.98,0,11.96
4/12/2026,23:45, ,gtmpiwq_20H100465_032726_050000.bin,Pine Island,GTMNERR,0,48.671,0,31.79,0,2.573,0,80.1,0,5.68,0,54.77,18.22,7.46,0,-65.2,5.26,23.449,0,5.42,0,1.195,3.17,0,12.71
4/13/2026,00:00, ,gtmpiwq_20H100465_032726_050000.bin,Pine Island,GTMNERR,0,48.697,0,31.81,0,2.609,0,93.2,0,6.6,0,59.31,19.73,7.55,0,-70.4,5.25,23.472,0,6.83,0,1.194,3.2,0,12.82
4/13/2026,00:15, ,gtmpiwq_20H100465_032726_050000.bin,Pine Island,GTMNERR,0,49.062,0,32.08,0,2.657,0,93.7,0,6.63,0,57.9,19.26,7.56,0,-71.1,5.26,23.409,0,5.89,0,1.201,3.35,0,13.46
4/13/2026,00:30, ,gtmpiwq_20H100465_032726_050000.bin,Pine Island,GTMNERR,0,49.254,0,32.22,0,2.716,0,94.6,0,6.7,0,55.21,18.36,7.57,0,-71.7,5.25,23.367,0,8.17,0,1.207,3.43,0,13.75
4/13/2026,00:45, ,gtmpiwq_20H100465_032726_050000.bin,Pine Island,GTMNERR,0,49.313,0,32.26,0,2.782,0,95.6,0,6.77,0,54.45,18.11,7.58,0,-72,5.25,23.379,0,9.97,0,1.204,3.42,0,13.73
4/13/2026,01:00, ,gtmpiwq_20H100465_032726_050000.bin,Pine Island,GTMNERR,0,49.421,0,32.34,0,2.846,0,96,0,6.79,0,55.02,18.3,7.58,0,-72.3,5.26,23.344,0,8.59,0,1.2,3.35,0,13.44
4/13/2026,01:15, ,gtmpiwq_20H100465_032726_050000.bin,Pine Island,GTMNERR,0,49.644,0,32.51,0,2.904,0,95.6,0,6.77,0,54.09,17.99,7.59,0,-72.8,5.25,23.289,0,7.83,0,1.198,3.36,0,13.5
4/13/2026,01:30, ,gtmpiwq_20H100465_032726_050000.bin,Pine Island,GTMNERR,0,49.749,0,32.59,0,2.964,0,95.9,0,6.78,0,52.87,17.58,7.59,0,-73,5.26,23.26,0,9.03,0,1.196,3.44,0,13.8
4/13/2026,01:45, ,gtmpiwq_20H100465_032726_050000.bin,Pine Island,GTMNERR,0,49.91,0,32.71,0,3.021,0,95.8,0,6.79,0,51.6,17.16,7.6,0,-73.4,5.25,23.179,0,9.61,0,1.196,3.56,0,14.31
4/13/2026,02:00, ,gtmpiwq_20H100465_032726_050000.bin,Pine Island,GTMNERR,0,50.04,0,32.8,0,3.079,0,94.5,0,6.69,0,50.58,16.82,7.6,0,-73.5,5.25,23.128,0,11.17,0,1.197,3.39,0,13.61
4/13/2026,02:15, ,gtmpiwq_20H100465_032726_050000.bin,Pine Island,GTMNERR,0,50.147,0,32.88,0,3.134,0,95,0,6.73,0,50.57,16.82,7.6,0,-73.7,5.26,23.105,0,8.57,0,1.197,3.51,0,14.08
4/13/2026,02:30, ,gtmpiwq_20H100465_032726_050000.bin,Pine Island,GTMNERR,0,50.264,0,32.97,0,3.186,0,94.2,0,6.67,0,50.54,16.81,7.61,0,-73.7,5.25,23.076,0,8.6,0,1.195,3.38,0,13.56
4/13/2026,02:45, ,gtmpiwq_20H100465_032726_050000.bin,Pine Island,GTMNERR,0,50.374,0,33.05,0,3.239,0,93.1,0,6.59,0,50.01,16.63,7.6,0,-73.6,5.26,23.07,0,7.26,0,1.193,3.4,0,13.66
4/13/2026,03:00, ,gtmpiwq_20H100465_032726_050000.bin,Pine Island,GTMNERR,0,50.449,0,33.1,0,3.294,0,92.7,0,6.56,0,49.04,16.31,7.6,0,-73.4,5.24,23.085,0,10.4,0,1.209,3.52,0,14.13
4/13/2026,03:15, ,gtmpiwq_20H100465_032726_050000.bin,Pine Island,GTMNERR,0,50.488,0,33.13,0,3.35,0,93.5,0,6.63,0,48.48,16.12,7.61,0,-74,5.25,23.012,0,9.97,0,1.209,3.54,0,14.19
4/13/2026,03:30, ,gtmpiwq_20H100465_032726_050000.bin,Pine Island,GTMNERR,0,50.502,0,33.14,0,3.407,0,93.7,0,6.64,0,47.85,15.91,7.61,0,-73.9,5.23,22.982,0,10.52,0,1.209,3.5,0,14.06
4/13/2026,03:45, ,gtmpiwq_20H100465_032726_050000.bin,Pine Island,GTMNERR,0,50.574,0,33.2,0,3.462,0,93.7,0,6.64,0,46.54,15.47,7.61,0,-74.1,5.25,22.961,0,12.17,0,1.202,3.59,0,14.43
4/13/2026,04:00, ,gtmpiwq_20H100465_032726_050000.bin,Pine Island,GTMNERR,0,50.688,0,33.28,0,3.512,0,93.9,0,6.66,0,46.44,15.44,7.62,0,-74.6,5.26,22.91,0,10.32,0,1.21,3.49,0,14.02
4/13/2026,04:15, ,gtmpiwq_20H100465_032726_050000.bin,Pine Island,GTMNERR,0,50.805,0,33.37,0,3.565,0,93.6,0,6.64,0,45.7,15.19,7.62,0,-74.8,5.25,22.861,0,8.95,0,1.206,3.64,0,14.61
4/13/2026,04:30, ,gtmpiwq_20H100465_032726_050000.bin,Pine Island,GTMNERR,0,50.863,0,33.41,0,3.616,0,93.8,0,6.66,0,45.35,15.07,7.63,0,-75.1,5.26,22.795,0,8.39,0,1.205,3.5,0,14.04
4/13/2026,04:45, ,gtmpiwq_20H100465_032726_050000.bin,Pine Island,GTMNERR,0,50.906,0,33.44,0,3.661,0,93.5,0,6.64,0,44.72,14.86,7.63,0,-75.1,5.25,22.768,0,9.09,0,1.206,3.51,0,14.11
4/13/2026,05:00, ,gtmpiwq_20H100465_032726_050000.bin,Pine Island,GTMNERR,0,50.986,0,33.5,0,3.699,0,93,0,6.61,0,43.56,14.48,7.63,0,-75.4,5.25,22.705,0,10.88,0,1.205,3.53,0,14.17
4/13/2026,05:15, ,gtmpiwq_20H100465_032726_050000.bin,Pine Island,GTMNERR,0,51.096,0,33.59,0,3.735,0,92.4,0,6.58,0,42.68,14.18,7.63,0,-75.4,5.26,22.621,0,9.18,0,1.204,3.53,0,14.18
4/13/2026,05:30, ,gtmpiwq_20H100465_032726_050000.bin,Pine Island,GTMNERR,0,51.154,0,33.63,0,3.768,0,91.8,0,6.53,0,41.91,13.93,7.64,0,-75.5,5.25,22.581,0,8.84,0,1.203,3.53,0,14.19
4/13/2026,05:45, ,gtmpiwq_20H100465_032726_050000.bin,Pine Island,GTMNERR,0,51.216,0,33.68,0,3.791,0,91.6,0,6.52,0,41.1,13.66,7.64,0,-75.6,5.27,22.555,0,8.77,0,1.204,3.54,0,14.19
4/13/2026,06:00, ,gtmpiwq_20H100465_032726_050000.bin,Pine Island,GTMNERR,0,51.236,0,33.69,0,3.81,0,91,0,6.48,0,41.02,13.63,7.64,0,-75.5,5.27,22.529,0,8.65,0,1.203,3.66,0,14.69
4/13/2026,06:15, ,gtmpiwq_20H100465_032726_050000.bin,Pine Island,GTMNERR,0,51.258,0,33.71,0,3.82,0,91.3,0,6.5,0,42.58,14.15,7.63,0,-75.3,5.27,22.525,0,6.57,0,1.201,3.91,0,15.71
4/13/2026,06:30, ,gtmpiwq_20H100465_032726_050000.bin,Pine Island,GTMNERR,0,51.268,0,33.72,0,3.822,0,87.4,0,6.23,0,41.36,13.74,7.63,0,-74.8,5.28,22.525,0,7.45,0,1.207,3.76,0,15.1
4/13/2026,06:45, ,gtmpiwq_20H100465_032726_050000.bin,Pine Island,GTMNERR,0,51.279,0,33.72,0,3.813,0,79.9,0,5.69,0,38.58,12.82,7.59,0,-72.9,5.27,22.511,0,6.93,0,1.202,3.15,0,12.62
4/13/2026,07:00, ,gtmpiwq_20H100465_032726_050000.bin,Pine Island,GTMNERR,0,51.258,0,33.71,0,3.792,0,86.4,0,6.15,0,39.51,13.13,7.62,0,-74.8,5.28,22.515,0,5.47,0,1.199,3.38,0,13.56
4/13/2026,07:15, ,gtmpiwq_20H100465_032726_050000.bin,Pine Island,GTMNERR,0,51.229,0,33.69,0,3.753,0,86.1,0,6.14,0,39.44,13.1,7.63,0,-75,5.27,22.521,0,6.12,0,1.195,3.63,0,14.59
4/13/2026,07:30, ,gtmpiwq_20H100465_032726_050000.bin,Pine Island,GTMNERR,0,51.153,0,33.63,0,3.709,0,89.4,0,6.37,0,40.67,13.51,7.63,0,-75.3,5.26,22.53,0,7,0,1.194,3.31,0,13.28
4/13/2026,07:45, ,gtmpiwq_20H100465_032726_050000.bin,Pine Island,GTMNERR,0,51.015,0,33.53,0,3.659,0,91,0,6.48,0,41.87,13.91,7.63,0,-75,5.26,22.575,0,7.32,0,1.206,3.34,0,13.4
4/13/2026,08:00, ,gtmpiwq_20H100465_032726_050000.bin,Pine Island,GTMNERR,0,50.78,0,33.35,0,3.6,0,90.3,0,6.43,0,44.06,14.64,7.61,0,-74.2,5.25,22.667,0,7.68,0,1.209,3.73,0,14.98
4/13/2026,08:15, ,gtmpiwq_20H100465_032726_050000.bin,Pine Island,GTMNERR,0,50.543,0,33.18,0,3.543,0,90.8,0,6.46,0,47.15,15.67,7.61,0,-73.7,5.27,22.743,0,7.93,0,1.205,3.16,0,12.66
4/13/2026,08:30, ,gtmpiwq_20H100465_032726_050000.bin,Pine Island,GTMNERR,0,50.439,0,33.1,0,3.482,0,89.8,0,6.39,0,48.59,16.16,7.6,0,-73.1,5.26,22.777,0,7.78,0,1.202,2.72,0,10.89
4/13/2026,08:45, ,gtmpiwq_20H100465_032726_050000.bin,Pine Island,GTMNERR,0,50.553,0,33.18,0,3.416,0,90.1,0,6.4,0,48.22,16.03,7.6,0,-73.3,5.26,22.855,0,7.92,0,1.198,2.59,0,10.35
4/13/2026,09:00, ,gtmpiwq_20H100465_032726_050000.bin,Pine Island,GTMNERR,0,50.423,0,33.09,0,3.35,0,90.2,0,6.4,0,48.23,16.04,7.59,0,-73,5.27,22.884,0,9.5,0,1.194,2.76,0,11.06
4/13/2026,09:15, ,gtmpiwq_20H100465_032726_050000.bin,Pine Island,GTMNERR,0,50.265,0,32.97,0,3.283,0,89.8,0,6.38,0,49.28,16.39,7.59,0,-72.5,5.25,22.879,0,10.32,0,1.201,2.86,0,11.44
4/13/2026,09:30, ,gtmpiwq_20H100465_032726_050000.bin,Pine Island,GTMNERR,0,50.176,0,32.91,0,3.214,0,89.5,0,6.36,0,50.05,16.64,7.58,0,-72.2,5.27,22.917,0,10.75,0,1.2,3.06,0,12.25
4/13/2026,09:45, ,gtmpiwq_20H100465_032726_050000.bin,Pine Island,GTMNERR,0,50.107,0,32.85,0,3.138,0,89.5,0,6.36,0,50.57,16.82,7.58,0,-72.1,5.25,22.952,0,10.37,0,1.199,2.86,0,11.45
4/13/2026,10:00, ,gtmpiwq_20H100465_032726_050000.bin,Pine Island,GTMNERR,0,50.048,0,32.81,0,3.062,0,89.9,0,6.39,0,51.27,17.05,7.58,0,-72,5.27,22.991,0,9.73,0,1.202,2.9,0,11.61
4/13/2026,10:15, ,gtmpiwq_20H100465_032726_050000.bin,Pine Island,GTMNERR,0,49.942,0,32.73,0,2.982,0,90.4,0,6.42,0,51.22,17.03,7.58,0,-72,5.28,23.055,0,9.54,0,1.204,2.85,0,11.4
4/13/2026,10:30, ,gtmpiwq_20H100465_032726_050000.bin,Pine Island,GTMNERR,0,49.764,0,32.6,0,2.905,0,90.5,0,6.42,0,52.52,17.47,7.57,0,-71.3,5.26,23.114,0,9.37,0,1.204,2.78,0,11.13
4/13/2026,10:45, ,gtmpiwq_20H100465_032726_050000.bin,Pine Island,GTMNERR,0,49.53,0,32.43,0,2.818,0,89.7,0,6.37,0,53.88,17.92,7.55,0,-70.6,5.27,23.137,0,10.26,0,1.202,2.78,0,11.12
4/13/2026,11:00, ,gtmpiwq_20H100465_032726_050000.bin,Pine Island,GTMNERR,0,49.318,0,32.27,0,2.736,0,88.6,0,6.29,0,55.01,18.3,7.54,0,-69.8,5.28,23.17,0,10.64,0,1.202,2.75,0,11
4/13/2026,11:15, ,gtmpiwq_20H100465_032726_050000.bin,Pine Island,GTMNERR,0,49.14,0,32.14,0,2.657,0,88.1,0,6.25,0,55.38,18.42,7.53,0,-69.2,5.26,23.227,0,12.62,0,1.202,2.82,0,11.3
4/13/2026,11:30, ,gtmpiwq_20H100465_032726_050000.bin,Pine Island,GTMNERR,0,48.998,0,32.04,0,2.584,0,88.5,0,6.28,0,56.07,18.65,7.53,0,-69,5.27,23.293,0,11.81,0,1.206,2.92,0,11.69
4/13/2026,11:45, ,gtmpiwq_20H100465_032726_050000.bin,Pine Island,GTMNERR,0,48.881,0,31.95,0,2.525,0,87.8,0,6.23,0,56.2,18.7,7.51,0,-68.2,5.27,23.353,0,11.31,0,1.209,3.2,0,12.84
4/13/2026,12:00, ,gtmpiwq_20H100465_032726_050000.bin,Pine Island,GTMNERR,0,48.794,0,31.88,0,2.488,0,87.5,0,6.2,0,55.86,18.58,7.51,0,-68.2,5.26,23.416,0,10.06,0,1.212,3,0,12.01
4/13/2026,12:15, ,gtmpiwq_20H100465_032726_050000.bin,Pine Island,GTMNERR,0,48.728,0,31.84,0,2.455,0,85,0,6.02,0,54.3,18.06,7.51,0,-67.8,5.26,23.458,0,7.32,0,1.203,3.21,0,12.87
4/13/2026,12:30, ,gtmpiwq_20H100465_032726_050000.bin,Pine Island,GTMNERR,0,48.683,0,31.8,0,2.448,0,82.5,0,5.84,0,56.23,18.7,7.49,0,-66.7,5.27,23.485,0,5.6,0,1.197,2.98,0,11.95
4/13/2026,12:45, ,gtmpiwq_20H100465_032726_050000.bin,Pine Island,GTMNERR,0,48.667,0,31.79,0,2.473,0,78.3,0,5.54,0,56.78,18.89,7.48,0,-66.3,5.25,23.499,0,6.04,0,1.196,3.1,0,12.45
4/13/2026,13:00, ,gtmpiwq_20H100465_032726_050000.bin,Pine Island,GTMNERR,0,48.846,0,31.92,0,2.52,0,88.7,0,6.27,0,59.36,19.75,7.51,0,-68,5.26,23.516,0,7.32,0,1.203,3.19,0,12.81
4/13/2026,13:15, ,gtmpiwq_20H100465_032726_050000.bin,Pine Island,GTMNERR,0,49.134,0,32.13,0,2.587,0,90.4,0,6.39,0,56.26,18.72,7.53,0,-69.2,5.27,23.521,0,9.32,0,1.207,3.15,0,12.63
4/13/2026,13:30, ,gtmpiwq_20H100465_032726_050000.bin,Pine Island,GTMNERR,0,49.159,0,32.15,0,2.668,0,90.4,0,6.39,0,55.38,18.42,7.53,0,-69.3,5.26,23.453,0,12.83,0,1.208,3.34,0,13.41
4/13/2026,13:45, ,gtmpiwq_20H100465_032726_050000.bin,Pine Island,GTMNERR,0,49.279,0,32.24,0,2.742,0,92.4,0,6.52,0,54.72,18.2,7.55,0,-70.4,5.27,23.523,0,10.31,0,1.211,3.22,0,12.93
4/13/2026,14:00, ,gtmpiwq_20H100465_032726_050000.bin,Pine Island,GTMNERR,0,49.462,0,32.37,0,2.818,0,93.5,0,6.59,0,53.83,17.9,7.56,0,-71,5.25,23.568,0,11.88,0,1.203,3.44,0,13.82
4/13/2026,14:15, ,gtmpiwq_20H100465_032726_050000.bin,Pine Island,GTMNERR,0,49.626,0,32.49,0,2.892,0,93.9,0,6.61,0,53.11,17.66,7.57,0,-71.7,5.26,23.556,0,11.79,0,1.192,3.88,0,15.58
4/13/2026,14:30, ,gtmpiwq_20H100465_032726_050000.bin,Pine Island,GTMNERR,0,49.854,0,32.66,0,2.963,0,94.1,0,6.62,0,51.66,17.18,7.58,0,-72.2,5.27,23.557,0,10.58,0,1.201,3.64,0,14.64
4/13/2026,14:45, ,gtmpiwq_20H100465_032726_050000.bin,Pine Island,GTMNERR,0,50.032,0,32.79,0,3.028,0,94.2,0,6.62,0,50.14,16.67,7.59,0,-72.6,5.26,23.571,0,12.22,0,1.211,3.73,0,14.98
4/13/2026,15:00, ,gtmpiwq_20H100465_032726_050000.bin,Pine Island,GTMNERR,0,50.143,0,32.87,0,3.09,0,94.9,0,6.66,0,49.74,16.54,7.59,0,-73.1,5.27,23.584,0,11.03,0,1.211,3.72,0,14.93
4/13/2026,15:15, ,gtmpiwq_20H100465_032726_050000.bin,Pine Island,GTMNERR,0,50.294,0,32.98,0,3.149,0,95.9,0,6.72,0,49.67,16.51,7.6,0,-73.3,5.26,23.704,0,10.22,0,1.199,3.93,0,15.8
4/13/2026,15:30, ,gtmpiwq_20H100465_032726_050000.bin,Pine Island,GTMNERR,0,50.332,0,33.01,0,3.207,0,95.7,0,6.7,0,47.81,15.89,7.6,0,-73.5,5.26,23.678,0,12.94,0,1.201,4,0,16.09
4/13/2026,15:45, ,gtmpiwq_20H100465_032726_050000.bin,Pine Island,GTMNERR,0,50.375,0,33.04,0,3.264,0,96.1,0,6.74,0,49.09,16.32,7.61,0,-73.7,5.27,23.646,0,9.65,0,1.205,3.77,0,15.15
4/13/2026,16:00, ,gtmpiwq_20H100465_032726_050000.bin,Pine Island,GTMNERR,0,50.464,0,33.1,0,3.318,0,96.5,0,6.76,0,48.13,16,7.61,0,-74,5.26,23.687,0,10.69,0,1.205,3.8,0,15.25
4/13/2026,16:15, ,gtmpiwq_20H100465_032726_050000.bin,Pine Island,GTMNERR,0,50.565,0,33.18,0,3.372,0,96.3,0,6.74,0,47.05,15.64,7.61,0,-74.3,5.27,23.707,0,11.14,0,1.203,4.09,0,16.46
4/13/2026,16:30, ,gtmpiwq_20H100465_032726_050000.bin,Pine Island,GTMNERR,0,50.635,0,33.23,0,3.426,0,96.5,0,6.76,0,46.64,15.51,7.62,0,-74.6,5.26,23.672,0,11.15,0,1.199,4.38,0,17.63
4/13/2026,16:45, ,gtmpiwq_20H100465_032726_050000.bin,Pine Island,GTMNERR,0,50.694,0,33.27,0,3.482,0,96.7,0,6.77,0,46,15.29,7.62,0,-74.9,5.26,23.64,0,10.2,0,1.197,4.04,0,16.23
4/13/2026,17:00, ,gtmpiwq_20H100465_032726_050000.bin,Pine Island,GTMNERR,0,50.74,0,33.31,0,3.534,0,97.2,0,6.81,0,45.34,15.07,7.63,0,-75.2,5.27,23.623,0,10.7,0,1.195,4.01,0,16.1
4/13/2026,17:15, ,gtmpiwq_20H100465_032726_050000.bin,Pine Island,GTMNERR,0,50.827,0,33.37,0,3.576,0,98,0,6.86,0,44.75,14.88,7.63,0,-75.5,5.26,23.622,0,10.04,0,1.193,4.19,0,16.86
4/13/2026,17:30, ,gtmpiwq_20H100465_032726_050000.bin,Pine Island,GTMNERR,0,50.952,0,33.46,0,3.623,0,98.6,0,6.9,0,43.57,14.48,7.64,0,-76,5.27,23.641,0,9.07,0,1.197,4.36,0,17.53
4/13/2026,17:45, ,gtmpiwq_20H100465_032726_050000.bin,Pine Island,GTMNERR,0,51.053,0,33.54,0,3.66,0,98.3,0,6.88,0,42.65,14.17,7.65,0,-76.3,5.26,23.601,0,9.6,0,1.201,4.46,0,17.95
4/13/2026,18:00, ,gtmpiwq_20H100465_032726_050000.bin,Pine Island,GTMNERR,0,51.123,0,33.59,0,3.691,0,99,0,6.93,0,41.77,13.88,7.65,0,-76.7,5.26,23.551,0,8.98,0,1.206,4.45,0,17.89
4/13/2026,18:15, ,gtmpiwq_20H100465_032726_050000.bin,Pine Island,GTMNERR,0,51.151,0,33.61,0,3.72,0,97.9,0,6.86,0,42.03,13.97,7.65,0,-76.4,5.26,23.499,0,8.11,0,1.211,4.48,0,18.05
4/13/2026,18:30, ,gtmpiwq_20H100465_032726_050000.bin,Pine Island,GTMNERR,0,51.176,0,33.63,0,3.737,0,96.2,0,6.75,0,41.89,13.92,7.65,0,-76.2,5.26,23.447,0,7.89,0,1.204,4.7,0,18.91
4/13/2026,18:45, ,gtmpiwq_20H100465_032726_050000.bin,Pine Island,GTMNERR,0,51.178,0,33.64,0,3.748,0,94.1,0,6.6,0,42.01,13.96,7.64,0,-76,5.27,23.413,0,7.66,0,1.193,4.41,0,17.75
4/13/2026,19:00, ,gtmpiwq_20H100465_032726_050000.bin,Pine Island,GTMNERR,0,51.201,0,33.65,0,3.748,0,91.8,0,6.44,0,41.07,13.65,7.63,0,-75.2,5.25,23.392,0,6.64,0,1.197,4.68,0,18.86
4/13/2026,19:15, ,gtmpiwq_20H100465_032726_050000.bin,Pine Island,GTMNERR,0,51.206,0,33.66,0,3.73,0,82.1,0,5.76,0,39.78,13.22,7.58,0,-72.3,5.26,23.399,0,6.6,0,1.201,3.49,0,14.02
4/13/2026,19:30, ,gtmpiwq_20H100465_032726_050000.bin,Pine Island,GTMNERR,0,51.192,0,33.65,0,3.698,0,91.5,0,6.42,0,40.74,13.54,7.63,0,-75.5,5.26,23.405,0,4.72,0,1.204,4.36,0,17.53
4/13/2026,19:45, ,gtmpiwq_20H100465_032726_050000.bin,Pine Island,GTMNERR,0,51.132,0,33.6,0,3.653,0,92.2,0,6.46,0,41.87,13.91,7.64,0,-75.8,5.26,23.467,0,5.92,0,1.207,3.98,0,15.98
4/13/2026,20:00, ,gtmpiwq_20H100465_032726_050000.bin,Pine Island,GTMNERR,0,51.043,0,33.53,0,3.601,0,96,0,6.73,0,42.7,14.19,7.64,0,-76.1,5.27,23.524,0,8.82,0,1.202,4.32,0,17.4
4/13/2026,20:15, ,gtmpiwq_20H100465_032726_050000.bin,Pine Island,GTMNERR,0,50.852,0,33.39,0,3.546,0,96.9,0,6.78,0,44.28,14.72,7.64,0,-75.6,5.25,23.62,0,7.29,0,1.202,4.04,0,16.26
4/13/2026,20:30, ,gtmpiwq_20H100465_032726_050000.bin,Pine Island,GTMNERR,0,50.589,0,33.19,0,3.485,0,96.1,0,6.72,0,46.89,15.59,7.62,0,-74.8,5.29,23.76,0,8.55,0,1.197,3.81,0,15.32
4/13/2026,20:45, ,gtmpiwq_20H100465_032726_050000.bin,Pine Island,GTMNERR,0,50.412,0,33.06,0,3.426,0,96.3,0,6.73,0,48.63,16.17,7.62,0,-74.4,5.26,23.803,0,8.84,0,1.202,3.64,0,14.63
4/13/2026,21:00, ,gtmpiwq_20H100465_032726_050000.bin,Pine Island,GTMNERR,0,50.487,0,33.12,0,3.366,0,95.5,0,6.67,0,48.68,16.19,7.61,0,-74,5.27,23.804,0,7.75,0,1.205,3.58,0,14.39
4/13/2026,21:15, ,gtmpiwq_20H100465_032726_050000.bin,Pine Island,GTMNERR,0,50.456,0,33.1,0,3.296,0,94.9,0,6.63,0,48.35,16.08,7.6,0,-73.7,5.25,23.833,0,9.25,0,1.201,3.62,0,14.52
4/13/2026,21:30, ,gtmpiwq_20H100465_032726_050000.bin,Pine Island,GTMNERR,0,50.323,0,33,0,3.225,0,94.6,0,6.61,0,48.79,16.22,7.6,0,-73.5,5.26,23.889,0,11.25,0,1.201,3.65,0,14.67
4/13/2026,21:45, ,gtmpiwq_20H100465_032726_050000.bin,Pine Island,GTMNERR,0,50.213,0,32.92,0,3.155,0,95,0,6.63,0,49.34,16.41,7.6,0,-73.4,5.27,23.931,0,12.07,0,1.199,3.49,0,14.01
4/13/2026,22:00, ,gtmpiwq_20H100465_032726_050000.bin,Pine Island,GTMNERR,0,50.121,0,32.85,0,3.08,0,95.1,0,6.64,0,50.21,16.7,7.6,0,-73.3,5.26,23.967,0,11.85,0,1.199,3.67,0,14.73
4/13/2026,22:15, ,gtmpiwq_20H100465_032726_050000.bin,Pine Island,GTMNERR,0,50.039,0,32.79,0,2.997,0,95.4,0,6.65,0,51.32,17.07,7.59,0,-73.1,5.27,24.011,0,10.09,0,1.199,3.54,0,14.22
4/13/2026,22:30, ,gtmpiwq_20H100465_032726_050000.bin,Pine Island,GTMNERR,0,49.919,0,32.7,0,2.914,0,95.3,0,6.65,0,52.02,17.3,7.59,0,-72.7,5.25,24.039,0,9.84,0,1.196,3.45,0,13.83
4/13/2026,22:45, ,gtmpiwq_20H100465_032726_050000.bin,Pine Island,GTMNERR,0,49.73,0,32.56,0,2.827,0,94.3,0,6.58,0,52.64,17.51,7.58,0,-72.1,5.25,24.062,0,10.82,0,1.196,3.41,0,13.67
4/13/2026,23:00, ,gtmpiwq_20H100465_032726_050000.bin,Pine Island,GTMNERR,0,49.525,0,32.41,0,2.738,0,93.2,0,6.51,0,53.74,17.88,7.56,0,-71.3,5.25,24.086,0,11.16,0,1.195,3.34,0,13.38
4/13/2026,23:15, ,gtmpiwq_20H100465_032726_050000.bin,Pine Island,GTMNERR,0,49.345,0,32.28,0,2.65,0,91.9,0,6.42,0,55.08,18.32,7.55,0,-70.5,5.25,24.105,0,10.85,0,1.195,3.16,0,12.67
4/13/2026,23:30, ,gtmpiwq_20H100465_032726_050000.bin,Pine Island,GTMNERR,0,49.163,0,32.14,0,2.567,0,90.7,0,6.34,0,55.95,18.61,7.54,0,-69.8,5.25,24.121,0,12.1,0,1.195,3.2,0,12.82
4/13/2026,23:45, ,gtmpiwq_20H100465_032726_050000.bin,Pine Island,GTMNERR,0,49.014,0,32.03,0,2.495,0,89.6,0,6.27,0,57.13,19,7.53,0,-69.1,5.22,24.126,0,11.67,0,1.194,3.4,0,13.65
4/14/2026,00:00, ,gtmpiwq_20H100465_032726_050000.bin,Pine Island,GTMNERR,0,48.898,0,31.95,0,2.433,0,88.8,0,6.21,0,58.08,19.32,7.52,0,-68.4,5.21,24.13,0,10.77,0,1.195,3.28,0,13.14
4/14/2026,00:15, ,gtmpiwq_20H100465_032726_050000.bin,Pine Island,GTMNERR,0,48.828,0,31.9,0,2.402,0,88.2,0,6.17,0,58.26,19.38,7.51,0,-68.1,5.21,24.131,0,11.67,0,1.194,3.25,0,13.03
4/14/2026,00:30, ,gtmpiwq_20H100465_032726_050000.bin,Pine Island,GTMNERR,0,48.781,0,31.86,0,2.402,0,84.8,0,5.93,0,58.14,19.34,7.49,0,-66.8,5.21,24.136,0,7.47,0,1.194,3.16,0,12.68
4/14/2026,00:45, ,gtmpiwq_20H100465_032726_050000.bin,Pine Island,GTMNERR,0,48.774,0,31.86,0,2.431,0,79.9,0,5.59,0,57.3,19.06,7.48,0,-66.3,5.2,24.134,0,6.29,0,1.196,2.83,0,11.31
4/14/2026,01:00, ,gtmpiwq_20H100465_032726_050000.bin,Pine Island,GTMNERR,0,48.926,0,31.97,0,2.483,0,86.1,0,6.02,0,60.02,19.97,7.5,0,-67.5,5.22,24.11,0,7.26,0,1.197,3.08,0,12.33
4/14/2026,01:15, ,gtmpiwq_20H100465_032726_050000.bin,Pine Island,GTMNERR,0,49.237,0,32.2,0,2.546,0,86.7,0,6.07,0,57.46,19.11,7.52,0,-68.4,5.2,24.027,0,8.13,0,1.198,3.17,0,12.72
4/14/2026,01:30, ,gtmpiwq_20H100465_032726_050000.bin,Pine Island,GTMNERR,0,49.166,0,32.15,0,2.616,0,88.2,0,6.17,0,56.84,18.91,7.52,0,-68.8,5.21,24.045,0,9.83,0,1.198,3.36,0,13.49
4/14/2026,01:45, ,gtmpiwq_20H100465_032726_050000.bin,Pine Island,GTMNERR,0,49.345,0,32.28,0,2.685,0,89.6,0,6.27,0,55.85,18.58,7.54,0,-69.6,5.23,23.994,0,10.65,0,1.199,3.49,0,14.03
4/14/2026,02:00, ,gtmpiwq_20H100465_032726_050000.bin,Pine Island,GTMNERR,0,49.491,0,32.38,0,2.754,0,89,0,6.23,0,54.17,18.02,7.54,0,-69.8,5.22,23.97,0,12.81,0,1.202,3.42,0,13.73
4/14/2026,02:15, ,gtmpiwq_20H100465_032726_050000.bin,Pine Island,GTMNERR,0,49.602,0,32.47,0,2.822,0,90.2,0,6.31,0,54.44,18.11,7.55,0,-70.4,5.22,23.926,0,9.86,0,1.203,3.23,0,12.94
4/14/2026,02:30, ,gtmpiwq_20H100465_032726_050000.bin,Pine Island,GTMNERR,0,49.829,0,32.63,0,2.89,0,90.4,0,6.32,0,52.55,17.48,7.56,0,-71.1,5.23,23.897,0,11.48,0,1.205,3.41,0,13.68
4/14/2026,02:45, ,gtmpiwq_20H100465_032726_050000.bin,Pine Island,GTMNERR,0,50.088,0,32.83,0,2.958,0,88.9,0,6.23,0,51.58,17.15,7.56,0,-71.1,5.22,23.797,0,11.87,0,1.206,3.38,0,13.57
4/14/2026,03:00, ,gtmpiwq_20H100465_032726_050000.bin,Pine Island,GTMNERR,0,50.193,0,32.9,0,3.023,0,89.4,0,6.26,0,50.31,16.73,7.57,0,-71.4,5.23,23.776,0,12.2,0,1.207,3.38,0,13.58
4/14/2026,03:15, ,gtmpiwq_20H100465_032726_050000.bin,Pine Island,GTMNERR,0,50.29,0,32.98,0,3.086,0,89.3,0,6.25,0,51.17,17.02,7.57,0,-71.8,5.24,23.72,0,9.48,0,1.208,3.25,0,13.04
4/14/2026,03:30, ,gtmpiwq_20H100465_032726_050000.bin,Pine Island,GTMNERR,0,50.374,0,33.04,0,3.148,0,88.5,0,6.2,0,50.27,16.72,7.57,0,-71.5,5.23,23.718,0,11.79,0,1.204,3.35,0,13.44
4/14/2026,03:45, ,gtmpiwq_20H100465_032726_050000.bin,Pine Island,GTMNERR,0,50.416,0,33.07,0,3.207,0,88.6,0,6.2,0,49.46,16.44,7.57,0,-71.6,5.23,23.694,0,13,0,1.206,3.42,0,13.71
4/14/2026,04:00, ,gtmpiwq_20H100465_032726_050000.bin,Pine Island,GTMNERR,0,50.476,0,33.11,0,3.264,0,88.9,0,6.23,0,49.14,16.34,7.58,0,-72,5.24,23.659,0,11.55,0,1.205,3.41,0,13.68
4/14/2026,04:15, ,gtmpiwq_20H100465_032726_050000.bin,Pine Island,GTMNERR,0,50.527,0,33.15,0,3.326,0,89.1,0,6.25,0,48.12,16,7.58,0,-72.2,5.23,23.626,0,13.61,0,1.204,3.37,0,13.52
4/14/2026,04:30, ,gtmpiwq_20H100465_032726_050000.bin,Pine Island,GTMNERR,0,50.634,0,33.23,0,3.385,0,89.3,0,6.26,0,48.06,15.98,7.58,0,-72.5,5.25,23.553,0,11.49,0,1.203,3.26,0,13.07
4/14/2026,04:45, ,gtmpiwq_20H100465_032726_050000.bin,Pine Island,GTMNERR,0,50.713,0,33.29,0,3.444,0,89.2,0,6.26,0,46.99,15.62,7.59,0,-72.7,5.23,23.513,0,11.82,0,1.194,3.36,0,13.49
4/14/2026,05:00, ,gtmpiwq_20H100465_032726_050000.bin,Pine Island,GTMNERR,0,50.789,0,33.35,0,3.504,0,89.4,0,6.28,0,46.8,15.56,7.59,0,-73.1,5.24,23.463,0,10.42,0,1.194,3.22,0,12.9
4/14/2026,05:15, ,gtmpiwq_20H100465_032726_050000.bin,Pine Island,GTMNERR,0,50.818,0,33.37,0,3.562,0,89,0,6.25,0,46.09,15.32,7.59,0,-73,5.25,23.449,0,11.03,0,1.202,3.3,0,13.25
4/14/2026,05:30, ,gtmpiwq_20H100465_032726_050000.bin,Pine Island,GTMNERR,0,50.958,0,33.47,0,3.614,0,89,0,6.26,0,45.31,15.06,7.6,0,-73.4,5.23,23.348,0,9.55,0,1.208,3.22,0,12.9
4/14/2026,05:45, ,gtmpiwq_20H100465_032726_050000.bin,Pine Island,GTMNERR,0,51.071,0,33.56,0,3.663,0,88.1,0,6.2,0,44.1,14.66,7.61,0,-73.7,5.25,23.27,0,10.3,0,1.202,3.33,0,13.34
4/14/2026,06:00, ,gtmpiwq_20H100465_032726_050000.bin,Pine Island,GTMNERR,0,51.183,0,33.64,0,3.705,0,88.2,0,6.2,0,43.21,14.36,7.61,0,-73.8,5.22,23.252,0,9.98,0,1.201,3.27,0,13.13
4/14/2026,06:15, ,gtmpiwq_20H100465_032726_050000.bin,Pine Island,GTMNERR,0,51.21,0,33.66,0,3.745,0,87.9,0,6.18,0,42.29,14.05,7.61,0,-73.9,5.23,23.237,0,11.41,0,1.201,3.37,0,13.51
4/14/2026,06:30, ,gtmpiwq_20H100465_032726_050000.bin,Pine Island,GTMNERR,0,51.227,0,33.67,0,3.777,0,87.9,0,6.19,0,41.3,13.72,7.61,0,-74,5.25,23.219,0,16.38,0,1.195,3.46,0,13.87
4/14/2026,06:45, ,gtmpiwq_20H100465_032726_050000.bin,Pine Island,GTMNERR,0,51.242,0,33.69,0,3.804,0,86.4,0,6.08,0,41.96,13.94,7.61,0,-73.9,5.23,23.21,0,12.48,0,1.193,3.52,0,14.13
4/14/2026,07:00, ,gtmpiwq_20H100465_032726_050000.bin,Pine Island,GTMNERR,0,51.313,0,33.74,0,3.824,0,87,0,6.13,0,41.06,13.64,7.61,0,-73.9,5.25,23.169,0,11.23,0,1.194,3.5,0,14.03
4/14/2026,07:15, ,gtmpiwq_20H100465_032726_050000.bin,Pine Island,GTMNERR,0,51.38,0,33.79,0,3.835,0,85.8,0,6.05,0,40.66,13.51,7.61,0,-73.9,5.23,23.135,0,8.46,0,1.197,3.77,0,15.14
4/14/2026,07:30, ,gtmpiwq_20H100465_032726_050000.bin,Pine Island,GTMNERR,0,51.4,0,33.8,0,3.833,0,82.3,0,5.8,0,40.25,13.37,7.61,0,-73.7,5.24,23.125,0,7.24,0,1.209,3.51,0,14.1
4/14/2026,07:45, ,gtmpiwq_20H100465_032726_050000.bin,Pine Island,GTMNERR,0,51.398,0,33.8,0,3.815,0,72.3,0,5.09,0,36.82,12.23,7.56,0,-71.2,5.24,23.114,0,9.39,0,1.208,3.1,0,12.44
4/14/2026,08:00, ,gtmpiwq_20H100465_032726_050000.bin,Pine Island,GTMNERR,0,51.371,0,33.78,0,3.778,0,80.7,0,5.69,0,37.47,12.45,7.6,0,-73.2,5.23,23.131,0,7.44,0,1.204,2.93,0,11.75
4/14/2026,08:15, ,gtmpiwq_20H100465_032726_050000.bin,Pine Island,GTMNERR,0,51.296,0,33.73,0,3.729,0,82.8,0,5.83,0,40.05,13.31,7.6,0,-73.6,5.25,23.158,0,6.62,0,1.202,2.96,0,11.86
4/14/2026,08:30, ,gtmpiwq_20H100465_032726_050000.bin,Pine Island,GTMNERR,0,51.193,0,33.65,0,3.676,0,87.8,0,6.18,0,40.83,13.57,7.61,0,-74,5.23,23.231,0,9.11,0,1.2,3.13,0,12.54
4/14/2026,08:45, ,gtmpiwq_20H100465_032726_050000.bin,Pine Island,GTMNERR,0,50.971,0,33.48,0,3.61,0,87.9,0,6.19,0,44.4,14.76,7.6,0,-73.2,5.24,23.287,0,8.02,0,1.197,2.82,0,11.28
4/14/2026,09:00, ,gtmpiwq_20H100465_032726_050000.bin,Pine Island,GTMNERR,0,50.763,0,33.33,0,3.551,0,86.6,0,6.09,0,46.29,15.39,7.58,0,-72.2,5.24,23.346,0,8.46,0,1.193,2.73,0,10.9
4/14/2026,09:15, ,gtmpiwq_20H100465_032726_050000.bin,Pine Island,GTMNERR,0,50.585,0,33.2,0,3.484,0,86.3,0,6.07,0,48,15.96,7.57,0,-71.7,5.24,23.44,0,8.69,0,1.201,2.57,0,10.26
4/14/2026,09:30, ,gtmpiwq_20H100465_032726_050000.bin,Pine Island,GTMNERR,0,50.697,0,33.28,0,3.421,0,85.8,0,6.03,0,47.45,15.78,7.57,0,-71.9,5.24,23.459,0,8.36,0,1.205,2.51,0,10.04
4/14/2026,09:45, ,gtmpiwq_20H100465_032726_050000.bin,Pine Island,GTMNERR,0,50.556,0,33.18,0,3.343,0,85.6,0,6.01,0,47.74,15.87,7.56,0,-71.2,5.23,23.52,0,10.69,0,1.204,2.57,0,10.29
4/14/2026,10:00, ,gtmpiwq_20H100465_032726_050000.bin,Pine Island,GTMNERR,0,50.416,0,33.07,0,3.269,0,85,0,5.97,0,48.72,16.2,7.56,0,-70.9,5.23,23.564,0,12.53,0,1.205,2.74,0,10.94
4/14/2026,10:15, ,gtmpiwq_20H100465_032726_050000.bin,Pine Island,GTMNERR,0,50.331,0,33.01,0,3.189,0,85,0,5.97,0,49,16.29,7.55,0,-70.6,5.24,23.626,0,13.92,0,1.206,2.67,0,10.67
4/14/2026,10:30, ,gtmpiwq_20H100465_032726_050000.bin,Pine Island,GTMNERR,0,50.265,0,32.96,0,3.105,0,85.2,0,5.97,0,49.53,16.47,7.55,0,-70.5,5.23,23.669,0,12.87,0,1.207,2.69,0,10.77
4/14/2026,10:45, ,gtmpiwq_20H100465_032726_050000.bin,Pine Island,GTMNERR,0,50.222,0,32.93,0,3.015,0,86,0,6.02,0,50.31,16.73,7.55,0,-70.5,5.24,23.738,0,11.89,0,1.208,2.67,0,10.67
4/14/2026,11:00, ,gtmpiwq_20H100465_032726_050000.bin,Pine Island,GTMNERR,0,50.122,0,32.85,0,2.931,0,86.4,0,6.05,0,51.1,16.99,7.55,0,-70.4,5.23,23.815,0,10.69,0,1.201,2.73,0,10.91
4/14/2026,11:15, ,gtmpiwq_20H100465_032726_050000.bin,Pine Island,GTMNERR,0,49.92,0,32.7,0,2.835,0,86.5,0,6.05,0,52.39,17.42,7.54,0,-70,5.24,23.892,0,10.79,0,1.195,2.77,0,11.08
4/14/2026,11:30, ,gtmpiwq_20H100465_032726_050000.bin,Pine Island,GTMNERR,0,49.672,0,32.52,0,2.735,0,85,0,5.95,0,52.59,17.49,7.52,0,-68.8,5.25,23.945,0,13.17,0,1.192,2.81,0,11.25
4/14/2026,11:45, ,gtmpiwq_20H100465_032726_050000.bin,Pine Island,GTMNERR,0,49.484,0,32.38,0,2.638,0,83.8,0,5.86,0,53.92,17.93,7.51,0,-68.2,5.23,24.019,0,13.84,0,1.193,2.71,0,10.85
4/14/2026,12:00, ,gtmpiwq_20H100465_032726_050000.bin,Pine Island,GTMNERR,0,49.37,0,32.29,0,2.544,0,84.9,0,5.92,0,54.62,18.17,7.51,0,-68.1,5.24,24.145,0,13.67,0,1.205,2.81,0,11.24
4/14/2026,12:15, ,gtmpiwq_20H100465_032726_050000.bin,Pine Island,GTMNERR,0,49.212,0,32.18,0,2.461,0,85.7,0,5.98,0,55.92,18.6,7.5,0,-67.8,5.22,24.226,0,12.03,0,1.203,2.92,0,11.69
4/14/2026,12:30, ,gtmpiwq_20H100465_032726_050000.bin,Pine Island,GTMNERR,0,49.094,0,32.09,0,2.39,0,82.7,0,5.76,0,56.54,18.81,7.5,0,-67.5,5.21,24.312,0,10.84,0,1.195,3.06,0,12.24
4/14/2026,12:45, ,gtmpiwq_20H100465_032726_050000.bin,Pine Island,GTMNERR,0,49.041,0,32.05,0,2.342,0,83.4,0,5.8,0,56.77,18.88,7.49,0,-66.9,5.19,24.408,0,10.03,0,1.197,3.25,0,13.03
4/14/2026,13:00, ,gtmpiwq_20H100465_032726_050000.bin,Pine Island,GTMNERR,0,48.988,0,32.01,0,2.328,0,83.7,0,5.82,0,55.88,18.59,7.48,0,-66.5,5.14,24.479,0,8.94,0,1.194,3.16,0,12.65
4/14/2026,13:15, ,gtmpiwq_20H100465_032726_050000.bin,Pine Island,GTMNERR,0,48.96,0,31.99,0,2.34,0,78.5,0,5.45,0,55.89,18.59,7.46,0,-65.1,5.14,24.524,0,7.16,0,1.195,3.27,0,13.11
4/14/2026,13:30, ,gtmpiwq_20H100465_032726_050000.bin,Pine Island,GTMNERR,0,49.035,0,32.04,0,2.396,0,82.6,0,5.73,0,52.87,17.58,7.48,0,-66.4,5.13,24.553,0,8.63,0,1.206,3.54,0,14.22
4/14/2026,13:45, ,gtmpiwq_20H100465_032726_050000.bin,Pine Island,GTMNERR,0,49.217,0,32.17,0,2.462,0,87.1,0,6.04,0,55.9,18.59,7.49,0,-67.1,5.12,24.541,0,11.65,0,1.211,3.4,0,13.65
4/14/2026,14:00, ,gtmpiwq_20H100465_032726_050000.bin,Pine Island,GTMNERR,0,49.35,0,32.27,0,2.54,0,88.5,0,6.14,0,55.45,18.44,7.51,0,-68,5.1,24.528,0,10.46,0,1.207,3.24,0,13.01
4/14/2026,14:15, ,gtmpiwq_20H100465_032726_050000.bin,Pine Island,GTMNERR,0,49.471,0,32.36,0,2.629,0,90,0,6.24,0,54.59,18.16,7.53,0,-69.1,5.11,24.538,0,10.94,0,1.198,3.54,0,14.2
4/14/2026,14:30, ,gtmpiwq_20H100465_032726_050000.bin,Pine Island,GTMNERR,0,49.535,0,32.41,0,2.714,0,89.8,0,6.23,0,53.3,17.73,7.53,0,-69.2,5.14,24.473,0,14.4,0,1.195,3.83,0,15.38
4/14/2026,14:45, ,gtmpiwq_20H100465_032726_050000.bin,Pine Island,GTMNERR,0,49.751,0,32.56,0,2.79,0,90.7,0,6.28,0,52.52,17.47,7.54,0,-69.9,5.12,24.517,0,12.88,0,1.2,3.74,0,15.02
4/14/2026,15:00, ,gtmpiwq_20H100465_032726_050000.bin,Pine Island,GTMNERR,0,49.943,0,32.71,0,2.863,0,90.7,0,6.28,0,50.46,16.78,7.55,0,-70.4,5.15,24.503,0,15.17,0,1.199,3.64,0,14.63
4/14/2026,15:15, ,gtmpiwq_20H100465_032726_050000.bin,Pine Island,GTMNERR,0,50.063,0,32.8,0,2.937,0,90.5,0,6.26,0,49.48,16.45,7.55,0,-70.7,5.16,24.444,0,17.53,0,1.198,4.53,0,18.22
4/14/2026,15:30, ,gtmpiwq_20H100465_032726_050000.bin,Pine Island,GTMNERR,0,50.279,0,32.95,0,3.008,0,92.4,0,6.39,0,49.2,16.36,7.57,0,-71.6,5.15,24.478,0,14,0,1.205,3.94,0,15.84
4/14/2026,15:45, ,gtmpiwq_20H100465_032726_050000.bin,Pine Island,GTMNERR,0,50.307,0,32.97,0,3.078,0,92,0,6.36,0,49.38,16.42,7.57,0,-71.6,5.18,24.411,0,13.45,0,1.204,3.88,0,15.61
4/14/2026,16:00, ,gtmpiwq_20H100465_032726_050000.bin,Pine Island,GTMNERR,0,50.347,0,33.01,0,3.142,0,91.9,0,6.37,0,49.26,16.38,7.57,0,-71.8,5.18,24.33,0,13.09,0,1.203,4.1,0,16.49
4/14/2026,16:15, ,gtmpiwq_20H100465_032726_050000.bin,Pine Island,GTMNERR,0,50.499,0,33.12,0,3.206,0,93,0,6.43,0,48.48,16.12,7.58,0,-72.3,5.19,24.449,0,11.81,0,1.202,4.36,0,17.55
4/14/2026,16:30, ,gtmpiwq_20H100465_032726_050000.bin,Pine Island,GTMNERR,0,50.608,0,33.19,0,3.268,0,93,0,6.42,0,47.15,15.67,7.58,0,-72.6,5.19,24.522,0,13.08,0,1.198,4.21,0,16.95
4/14/2026,16:45, ,gtmpiwq_20H100465_032726_050000.bin,Pine Island,GTMNERR,0,50.647,0,33.22,0,3.332,0,92.6,0,6.39,0,46.75,15.54,7.58,0,-72.6,5.19,24.43,0,13.25,0,1.198,4.16,0,16.73
4/14/2026,17:00, ,gtmpiwq_20H100465_032726_050000.bin,Pine Island,GTMNERR,0,50.722,0,33.28,0,3.393,0,93.6,0,6.47,0,46.12,15.33,7.59,0,-73.1,5.19,24.432,0,12.82,0,1.199,3.95,0,15.87
4/14/2026,17:15, ,gtmpiwq_20H100465_032726_050000.bin,Pine Island,GTMNERR,0,50.786,0,33.33,0,3.456,0,94.5,0,6.53,0,44.03,14.63,7.6,0,-73.7,5.18,24.435,0,12.21,0,1.199,3.83,0,15.39
4/14/2026,17:30, ,gtmpiwq_20H100465_032726_050000.bin,Pine Island,GTMNERR,0,50.875,0,33.39,0,3.516,0,95,0,6.56,0,45.13,15,7.61,0,-74,5.2,24.413,0,11.36,0,1.196,4.44,0,17.88
4/14/2026,17:45, ,gtmpiwq_20H100465_032726_050000.bin,Pine Island,GTMNERR,0,51.066,0,33.53,0,3.574,0,95.3,0,6.58,0,43.59,14.49,7.62,0,-74.8,5.18,24.409,0,11.27,0,1.195,4.19,0,16.85
4/14/2026,18:00, ,gtmpiwq_20H100465_032726_050000.bin,Pine Island,GTMNERR,0,51.122,0,33.58,0,3.63,0,95.5,0,6.59,0,42.5,14.12,7.62,0,-74.9,5.19,24.374,0,12.84,0,1.194,4.6,0,18.52
4/14/2026,18:15, ,gtmpiwq_20H100465_032726_050000.bin,Pine Island,GTMNERR,0,51.175,0,33.62,0,3.674,0,95.1,0,6.57,0,41.78,13.88,7.63,0,-75.1,5.2,24.286,0,12.19,0,1.202,4.55,0,18.3
4/14/2026,18:30, ,gtmpiwq_20H100465_032726_050000.bin,Pine Island,GTMNERR,0,51.22,0,33.65,0,3.717,0,93.9,0,6.5,0,41.02,13.63,7.62,0,-74.9,5.2,24.189,0,13.43,0,1.201,4.54,0,18.26
4/14/2026,18:45, ,gtmpiwq_20H100465_032726_050000.bin,Pine Island,GTMNERR,0,51.279,0,33.7,0,3.755,0,93.8,0,6.49,0,40.35,13.41,7.62,0,-75,5.2,24.164,0,13.41,0,1.203,4.71,0,18.96
4/14/2026,19:00, ,gtmpiwq_20H100465_032726_050000.bin,Pine Island,GTMNERR,0,51.346,0,33.75,0,3.785,0,93.7,0,6.49,0,39.26,13.04,7.63,0,-75.2,5.19,24.125,0,13.13,0,1.208,4.83,0,19.44
4/14/2026,19:15, ,gtmpiwq_20H100465_032726_050000.bin,Pine Island,GTMNERR,0,51.407,0,33.79,0,3.81,0,93.9,0,6.5,0,39.1,12.99,7.63,0,-75.4,5.2,24.105,0,12.12,0,1.203,4.77,0,19.19
4/14/2026,19:30, ,gtmpiwq_20H100465_032726_050000.bin,Pine Island,GTMNERR,0,51.497,0,33.86,0,3.828,0,93.7,0,6.49,0,38.45,12.77,7.63,0,-75.4,5.21,24.04,0,10.51,0,1.199,4.74,0,19.1
4/14/2026,19:45, ,gtmpiwq_20H100465_032726_050000.bin,Pine Island,GTMNERR,0,51.53,0,33.88,0,3.835,0,92.6,0,6.42,0,37.78,12.55,7.63,0,-75.5,5.21,24.024,0,10.19,0,1.195,4.71,0,18.97
4/14/2026,20:00, ,gtmpiwq_20H100465_032726_050000.bin,Pine Island,GTMNERR,0,51.553,0,33.9,0,3.833,0,88.9,0,6.17,0,37.53,12.47,7.62,0,-74.8,5.21,24.007,0,6.86,0,1.192,3.89,0,15.63
4/14/2026,20:15, ,gtmpiwq_20H100465_032726_050000.bin,Pine Island,GTMNERR,0,51.569,0,33.91,0,3.815,0,80,0,5.55,0,36.93,12.27,7.58,0,-72.6,5.2,23.996,0,6.71,0,1.194,3.44,0,13.82
4/14/2026,20:30, ,gtmpiwq_20H100465_032726_050000.bin,Pine Island,GTMNERR,0,51.551,0,33.9,0,3.781,0,83.6,0,5.8,0,36.74,12.2,7.61,0,-74.3,5.21,24.009,0,5.92,0,1.206,4.02,0,16.18
4/14/2026,20:45, ,gtmpiwq_20H100465_032726_050000.bin,Pine Island,GTMNERR,0,51.466,0,33.84,0,3.733,0,88.5,0,6.13,0,37.11,12.33,7.62,0,-74.6,5.22,24.029,0,6.56,0,1.211,4.04,0,16.24
4/14/2026,21:00, ,gtmpiwq_20H100465_032726_050000.bin,Pine Island,GTMNERR,0,51.317,0,33.73,0,3.676,0,89.1,0,6.18,0,40.43,13.43,7.63,0,-75,5.22,24.026,0,10.02,0,1.205,4.13,0,16.62
4/14/2026,21:15, ,gtmpiwq_20H100465_032726_050000.bin,Pine Island,GTMNERR,0,51.178,0,33.62,0,3.617,0,92.1,0,6.38,0,42.54,14.14,7.62,0,-74.6,5.22,24.129,0,9.28,0,1.201,3.99,0,16.04
4/14/2026,21:30, ,gtmpiwq_20H100465_032726_050000.bin,Pine Island,GTMNERR,0,50.986,0,33.48,0,3.553,0,92.1,0,6.37,0,43.89,14.59,7.61,0,-74,5.2,24.259,0,10.21,0,1.197,3.9,0,15.67
4/14/2026,21:45, ,gtmpiwq_20H100465_032726_050000.bin,Pine Island,GTMNERR,0,50.918,0,33.43,0,3.482,0,91.8,0,6.35,0,45.25,15.04,7.6,0,-73.7,5.22,24.297,0,8.99,0,1.193,3.57,0,14.34
4/14/2026,22:00, ,gtmpiwq_20H100465_032726_050000.bin,Pine Island,GTMNERR,0,50.845,0,33.37,0,3.408,0,91.1,0,6.3,0,46.22,15.37,7.6,0,-73.4,5.22,24.356,0,8.32,0,1.201,3.49,0,13.99
4/14/2026,22:15, ,gtmpiwq_20H100465_032726_050000.bin,Pine Island,GTMNERR,0,50.778,0,33.32,0,3.339,0,91.3,0,6.31,0,46.26,15.38,7.59,0,-73.1,5.21,24.4,0,10.84,0,1.208,3.58,0,14.38
4/14/2026,22:30, ,gtmpiwq_20H100465_032726_050000.bin,Pine Island,GTMNERR,0,50.629,0,33.21,0,3.258,0,90.8,0,6.27,0,46.81,15.56,7.58,0,-72.6,5.22,24.438,0,14.23,0,1.204,3.56,0,14.31
4/14/2026,22:45, ,gtmpiwq_20H100465_032726_050000.bin,Pine Island,GTMNERR,0,50.5,0,33.12,0,3.18,0,90.2,0,6.23,0,47.45,15.78,7.58,0,-72.1,5.2,24.48,0,15.16,0,1.203,4.29,0,17.26
4/14/2026,23:00, ,gtmpiwq_20H100465_032726_050000.bin,Pine Island,GTMNERR,0,50.437,0,33.07,0,3.099,0,89.9,0,6.21,0,48.31,16.06,7.57,0,-71.9,5.21,24.494,0,14.63,0,1.202,3.61,0,14.49
4/14/2026,23:15, ,gtmpiwq_20H100465_032726_050000.bin,Pine Island,GTMNERR,0,50.388,0,33.03,0,3.013,0,89.2,0,6.15,0,49.46,16.45,7.57,0,-71.8,5.22,24.553,0,13.75,0,1.203,3.56,0,14.27
4/14/2026,23:30, ,gtmpiwq_20H100465_032726_050000.bin,Pine Island,GTMNERR,0,50.329,0,32.99,0,2.931,0,90.4,0,6.24,0,49.4,16.42,7.57,0,-71.6,5.2,24.583,0,14.33,0,1.202,3.62,0,14.53
4/14/2026,23:45, ,gtmpiwq_20H100465_032726_050000.bin,Pine Island,GTMNERR,0,50.232,0,32.92,0,2.835,0,89.9,0,6.21,0,50.74,16.87,7.56,0,-71.4,5.19,24.568,0,14.36,0,1.201,3.51,0,14.07
4/15/2026,00:00, ,gtmpiwq_20H100465_032726_050000.bin,Pine Island,GTMNERR,0,50.087,0,32.81,0,2.745,0,88.9,0,6.14,0,51.87,17.25,7.55,0,-70.8,5.18,24.568,0,14.65,0,1.201,3.38,0,13.56
4/15/2026,00:15, ,gtmpiwq_20H100465_032726_050000.bin,Pine Island,GTMNERR,0,49.907,0,32.68,0,2.653,0,87.7,0,6.06,0,52.47,17.45,7.54,0,-70,5.18,24.573,0,15.09,0,1.201,3.45,0,13.85
4/15/2026,00:30, ,gtmpiwq_20H100465_032726_050000.bin,Pine Island,GTMNERR,0,49.805,0,32.6,0,2.562,0,87.1,0,6.03,0,53.31,17.73,7.53,0,-69.6,5.18,24.567,0,15.04,0,1.202,3.51,0,14.1
4/15/2026,00:45, ,gtmpiwq_20H100465_032726_050000.bin,Pine Island,GTMNERR,0,49.751,0,32.56,0,2.482,0,86.3,0,5.98,0,54.58,18.15,7.53,0,-69,5.16,24.547,0,13.51,0,1.202,3.39,0,13.59
4/15/2026,01:00, ,gtmpiwq_20H100465_032726_050000.bin,Pine Island,GTMNERR,0,49.652,0,32.49,0,2.421,0,85.2,0,5.9,0,54.99,18.29,7.52,0,-68.6,5.14,24.553,0,13.72,0,1.203,3.45,0,13.85
4/15/2026,01:15, ,gtmpiwq_20H100465_032726_050000.bin,Pine Island,GTMNERR,0,49.57,0,32.43,0,2.371,0,84.7,0,5.87,0,55.34,18.41,7.51,0,-68.1,5.11,24.539,0,13.43,0,1.203,3.42,0,13.74
4/15/2026,01:30, ,gtmpiwq_20H100465_032726_050000.bin,Pine Island,GTMNERR,0,49.505,0,32.38,0,2.348,0,83.9,0,5.82,0,55.72,18.53,7.5,0,-67.5,5.11,24.517,0,11.96,0,1.202,3.5,0,14.06
4/15/2026,01:45, ,gtmpiwq_20H100465_032726_050000.bin,Pine Island,GTMNERR,0,49.494,0,32.38,0,2.353,0,78.2,0,5.42,0,55.24,18.37,7.47,0,-65.9,5.13,24.506,0,9.65,0,1.203,3.87,0,15.55
4/15/2026,02:00, ,gtmpiwq_20H100465_032726_050000.bin,Pine Island,GTMNERR,0,49.499,0,32.38,0,2.393,0,77.3,0,5.36,0,53.68,17.85,7.48,0,-66.5,5.13,24.499,0,7.43,0,1.204,3.37,0,13.54
4/15/2026,02:15, ,gtmpiwq_20H100465_032726_050000.bin,Pine Island,GTMNERR,0,49.631,0,32.48,0,2.455,0,81.9,0,5.68,0,57.08,18.99,7.49,0,-66.7,5.13,24.4,0,10.33,0,1.205,3.31,0,13.27
4/15/2026,02:30, ,gtmpiwq_20H100465_032726_050000.bin,Pine Island,GTMNERR,0,49.767,0,32.58,0,2.53,0,83.1,0,5.77,0,54.88,18.26,7.5,0,-67.6,5.13,24.382,0,13.16,0,1.207,3.37,0,13.52
4/15/2026,02:45, ,gtmpiwq_20H100465_032726_050000.bin,Pine Island,GTMNERR,0,49.794,0,32.6,0,2.613,0,83.4,0,5.79,0,55.5,18.46,7.51,0,-67.9,5.13,24.351,0,12.03,0,1.206,3.3,0,13.25
4/15/2026,03:00, ,gtmpiwq_20H100465_032726_050000.bin,Pine Island,GTMNERR,0,49.895,0,32.67,0,2.693,0,84.3,0,5.85,0,54.7,18.2,7.52,0,-68.4,5.16,24.32,0,12.56,0,1.207,3.19,0,12.79
4/15/2026,03:15, ,gtmpiwq_20H100465_032726_050000.bin,Pine Island,GTMNERR,0,50.055,0,32.79,0,2.771,0,84.1,0,5.84,0,53.46,17.78,7.52,0,-68.8,5.16,24.276,0,13.25,0,1.21,3.25,0,13.02
4/15/2026,03:30, ,gtmpiwq_20H100465_032726_050000.bin,Pine Island,GTMNERR,0,50.143,0,32.86,0,2.855,0,84.9,0,5.89,0,51.36,17.08,7.53,0,-69.2,5.16,24.28,0,16.46,0,1.201,3.52,0,14.12
4/15/2026,03:45, ,gtmpiwq_20H100465_032726_050000.bin,Pine Island,GTMNERR,0,50.354,0,33.01,0,2.928,0,84.6,0,5.87,0,49.69,16.52,7.54,0,-69.7,5.14,24.197,0,18.28,0,1.193,3.42,0,13.72
4/15/2026,04:00, ,gtmpiwq_20H100465_032726_050000.bin,Pine Island,GTMNERR,0,50.445,0,33.08,0,3.001,0,84.8,0,5.89,0,50.15,16.68,7.54,0,-69.8,5.15,24.17,0,16.28,0,1.202,3.4,0,13.65
4/15/2026,04:15, ,gtmpiwq_20H100465_032726_050000.bin,Pine Island,GTMNERR,0,50.534,0,33.15,0,3.067,0,84.6,0,5.88,0,50.3,16.73,7.54,0,-70.1,5.16,24.103,0,13.38,0,1.202,3.34,0,13.39
4/15/2026,04:30, ,gtmpiwq_20H100465_032726_050000.bin,Pine Island,GTMNERR,0,50.635,0,33.22,0,3.132,0,83.5,0,5.8,0,49.84,16.57,7.54,0,-69.9,5.16,24.071,0,15.24,0,1.199,3.38,0,13.58
4/15/2026,04:45, ,gtmpiwq_20H100465_032726_050000.bin,Pine Island,GTMNERR,0,50.676,0,33.25,0,3.199,0,83.7,0,5.82,0,48.13,16,7.54,0,-70,5.16,24.057,0,16.26,0,1.194,3.64,0,14.64
4/15/2026,05:00, ,gtmpiwq_20H100465_032726_050000.bin,Pine Island,GTMNERR,0,50.699,0,33.27,0,3.261,0,84.3,0,5.86,0,47.78,15.89,7.55,0,-70.4,5.16,24.058,0,16.4,0,1.194,3.48,0,13.98
4/15/2026,05:15, ,gtmpiwq_20H100465_032726_050000.bin,Pine Island,GTMNERR,0,50.804,0,33.35,0,3.322,0,83.5,0,5.81,0,46.15,15.34,7.55,0,-70.4,5.17,24.001,0,20.4,0,1.202,3.39,0,13.61
4/15/2026,05:30, ,gtmpiwq_20H100465_032726_050000.bin,Pine Island,GTMNERR,0,50.874,0,33.4,0,3.386,0,83.1,0,5.78,0,46.31,15.39,7.55,0,-70.6,5.18,23.97,0,17.59,0,1.211,3.32,0,13.32
4/15/2026,05:45, ,gtmpiwq_20H100465_032726_050000.bin,Pine Island,GTMNERR,0,50.963,0,33.47,0,3.447,0,84.1,0,5.86,0,45.58,15.15,7.56,0,-71.1,5.19,23.903,0,16.96,0,1.208,3.36,0,13.48
4/15/2026,06:00, ,gtmpiwq_20H100465_032726_050000.bin,Pine Island,GTMNERR,0,51.013,0,33.51,0,3.507,0,84.2,0,5.87,0,45.24,15.04,7.57,0,-71.4,5.19,23.861,0,16.08,0,1.197,3.44,0,13.8
4/15/2026,06:15, ,gtmpiwq_20H100465_032726_050000.bin,Pine Island,GTMNERR,0,51.047,0,33.53,0,3.567,0,84.1,0,5.86,0,44.54,14.8,7.57,0,-71.4,5.18,23.84,0,16.21,0,1.195,3.34,0,13.41
4/15/2026,06:30, ,gtmpiwq_20H100465_032726_050000.bin,Pine Island,GTMNERR,0,51.213,0,33.66,0,3.62,0,84.2,0,5.87,0,43.69,14.52,7.58,0,-72.2,5.18,23.721,0,15.17,0,1.201,3.19,0,12.8
4/15/2026,06:45, ,gtmpiwq_20H100465_032726_050000.bin,Pine Island,GTMNERR,0,51.309,0,33.73,0,3.67,0,84.2,0,5.88,0,43.11,14.33,7.58,0,-72.2,5.2,23.658,0,11.77,0,1.201,3.18,0,12.74
4/15/2026,07:00, ,gtmpiwq_20H100465_032726_050000.bin,Pine Island,GTMNERR,0,51.353,0,33.76,0,3.708,0,83.7,0,5.84,0,42.23,14.03,7.58,0,-72.3,5.2,23.664,0,13.93,0,1.199,3.26,0,13.09
4/15/2026,07:15, ,gtmpiwq_20H100465_032726_050000.bin,Pine Island,GTMNERR,0,51.367,0,33.77,0,3.744,0,83.3,0,5.82,0,41.53,13.8,7.58,0,-72.4,5.21,23.658,0,13.61,0,1.197,3.08,0,12.33
4/15/2026,07:30, ,gtmpiwq_20H100465_032726_050000.bin,Pine Island,GTMNERR,0,51.39,0,33.79,0,3.77,0,83.1,0,5.8,0,41.47,13.78,7.58,0,-72.3,5.21,23.638,0,12.63,0,1.196,3.29,0,13.21
4/15/2026,07:45, ,gtmpiwq_20H100465_032726_050000.bin,Pine Island,GTMNERR,0,51.451,0,33.83,0,3.791,0,82.6,0,5.77,0,40,13.29,7.59,0,-72.5,5.22,23.604,0,13.46,0,1.194,3.17,0,12.72
4/15/2026,08:00, ,gtmpiwq_20H100465_032726_050000.bin,Pine Island,GTMNERR,0,51.509,0,33.88,0,3.802,0,81.8,0,5.71,0,40.81,13.56,7.59,0,-72.8,5.22,23.564,0,9.93,0,1.196,3.09,0,12.37
4/15/2026,08:15, ,gtmpiwq_20H100465_032726_050000.bin,Pine Island,GTMNERR,0,51.531,0,33.89,0,3.804,0,81.2,0,5.68,0,41.07,13.65,7.58,0,-72.2,5.22,23.558,0,9.79,0,1.209,3.21,0,12.87
4/15/2026,08:30, ,gtmpiwq_20H100465_032726_050000.bin,Pine Island,GTMNERR,0,51.551,0,33.91,0,3.79,0,71.5,0,4.99,0,40.92,13.6,7.54,0,-69.6,5.22,23.555,0,7.49,0,1.204,2.55,0,10.18
4/15/2026,08:45, ,gtmpiwq_20H100465_032726_050000.bin,Pine Island,GTMNERR,0,51.535,0,33.9,0,3.76,0,81.1,0,5.67,0,37.52,12.46,7.57,0,-71.9,5.21,23.57,0,7.72,0,1.2,3.06,0,12.26
4/15/2026,09:00, ,gtmpiwq_20H100465_032726_050000.bin,Pine Island,GTMNERR,0,51.472,0,33.85,0,3.714,0,80,0,5.58,0,37.61,12.49,7.58,0,-72.5,5.21,23.62,0,7,0,1.195,2.79,0,11.17
4/15/2026,09:15, ,gtmpiwq_20H100465_032726_050000.bin,Pine Island,GTMNERR,0,51.376,0,33.78,0,3.657,0,82.6,0,5.76,0,39.61,13.16,7.59,0,-72.6,5.22,23.675,0,10.54,0,1.196,2.98,0,11.95
4/15/2026,09:30, ,gtmpiwq_20H100465_032726_050000.bin,Pine Island,GTMNERR,0,51.23,0,33.67,0,3.597,0,84.7,0,5.9,0,43.17,14.35,7.58,0,-72.5,5.21,23.781,0,9.58,0,1.203,2.72,0,10.88
4/15/2026,09:45, ,gtmpiwq_20H100465_032726_050000.bin,Pine Island,GTMNERR,0,51.012,0,33.51,0,3.531,0,83.5,0,5.82,0,44.94,14.94,7.57,0,-71.4,5.22,23.807,0,11.47,0,1.206,2.72,0,10.87
4/15/2026,10:00, ,gtmpiwq_20H100465_032726_050000.bin,Pine Island,GTMNERR,0,50.886,0,33.41,0,3.462,0,82.7,0,5.76,0,46.79,15.55,7.56,0,-70.9,5.2,23.893,0,10.71,0,1.202,2.52,0,10.09
4/15/2026,10:15, ,gtmpiwq_20H100465_032726_050000.bin,Pine Island,GTMNERR,0,50.835,0,33.37,0,3.39,0,82.2,0,5.72,0,47.72,15.86,7.55,0,-70.4,5.21,23.893,0,10.12,0,1.203,2.55,0,10.2
4/15/2026,10:30, ,gtmpiwq_20H100465_032726_050000.bin,Pine Island,GTMNERR,0,50.803,0,33.35,0,3.312,0,81.8,0,5.69,0,46.39,15.42,7.55,0,-70.2,5.22,23.953,0,15.51,0,1.202,2.65,0,10.62
4/15/2026,10:45, ,gtmpiwq_20H100465_032726_050000.bin,Pine Island,GTMNERR,0,50.677,0,33.25,0,3.233,0,81.6,0,5.68,0,47.27,15.72,7.54,0,-69.7,5.19,23.998,0,16.64,0,1.203,2.73,0,10.94
