Date,Time,F_Record,FILENAME,SITENAME,USERID,FAULTCODE,SpCond,F_SpCond,Sal,F_Sal,Depth,F_Depth,DO_pct,F_DO_pct,DO_mgl,F_DO_mgl,fDOMQSU,fDOMRFU,pH,F_pH,pHmV,BATTERY,Temp,F_Temp,Turb,F_Turb,WIPERPOSITIONVOLT,ChlFluor,F_ChlFluor,Chlorophyllug/L
1/9/2026,9:45, ,gtmpiwq_20H100465_010926_073000.bin,Pine Island,GTMNERR,0,39.554,<0> (CND),25.28,<0> (CND),2.843,<0> (CND),94,<0> (CND),7.58,<0> (CND),54.33,18.13,7.61,<0> (CND),-70.8,5.86,18.45,<0> (CND),4.64,<0> (CND),1.21,2.14,<0> (CND),8.45
1/9/2026,10:00, ,gtmpiwq_20H100465_010926_073000.bin,Pine Island,GTMNERR,0,39.732,0,25.41,0,2.915,0,94.3,0,7.6,0,53.26,17.78,7.62,0,-71.9,5.88,18.467,0,6.49,0,1.2,2.18,0,8.6
1/9/2026,10:15, ,gtmpiwq_20H100465_010926_073000.bin,Pine Island,GTMNERR,0,40.186,0,25.73,0,2.974,0,94.9,0,7.63,0,52.4,17.49,7.64,0,-73.1,5.89,18.468,0,4.24,0,1.193,2.13,0,8.39
1/9/2026,10:30, ,gtmpiwq_20H100465_010926_073000.bin,Pine Island,GTMNERR,0,40.404,0,25.88,0,3.034,0,95,0,7.64,0,51.57,17.21,7.65,0,-73.6,5.9,18.469,0,4.61,0,1.192,2.22,0,8.77
1/9/2026,10:45, ,gtmpiwq_20H100465_010926_073000.bin,Pine Island,GTMNERR,0,40.545,0,25.98,0,3.09,0,95.5,0,7.66,0,51.05,17.04,7.66,0,-74.2,5.9,18.497,0,4.83,0,1.201,2.26,0,8.91
1/9/2026,11:00, ,gtmpiwq_20H100465_010926_073000.bin,Pine Island,GTMNERR,0,40.717,0,26.11,0,3.142,0,95.8,0,7.68,0,50.47,16.85,7.67,0,-74.7,5.91,18.501,0,3.96,0,1.208,2.37,0,9.34
1/9/2026,11:15, ,gtmpiwq_20H100465_010926_073000.bin,Pine Island,GTMNERR,0,40.837,0,26.19,0,3.191,0,95.6,0,7.66,0,49.9,16.66,7.67,0,-74.8,5.91,18.516,0,4.69,0,1.203,2.33,0,9.2
1/9/2026,11:30, ,gtmpiwq_20H100465_010926_073000.bin,Pine Island,GTMNERR,0,41.068,0,26.35,0,3.241,0,96.1,0,7.69,0,49.38,16.48,7.68,0,-75.4,5.91,18.55,0,4.18,0,1.199,2.26,0,8.93
1/9/2026,11:45, ,gtmpiwq_20H100465_010926_073000.bin,Pine Island,GTMNERR,0,41.181,0,26.43,0,3.289,0,96.7,0,7.73,0,48.96,16.34,7.69,0,-76,5.91,18.584,0,4.1,0,1.196,2.07,0,8.16
1/9/2026,12:00, ,gtmpiwq_20H100465_010926_073000.bin,Pine Island,GTMNERR,0,41.308,0,26.53,0,3.337,0,97.4,0,7.77,0,48.36,16.14,7.7,0,-76.5,5.91,18.661,0,4.03,0,1.193,2.13,0,8.38
1/9/2026,12:15, ,gtmpiwq_20H100465_010926_073000.bin,Pine Island,GTMNERR,0,41.616,0,26.74,0,3.39,0,97.7,0,7.78,0,47.5,15.86,7.71,0,-77,5.91,18.687,0,3.54,0,1.195,2.17,0,8.55
1/9/2026,12:30, ,gtmpiwq_20H100465_010926_073000.bin,Pine Island,GTMNERR,0,41.773,0,26.86,0,3.446,0,97.9,0,7.79,0,46.94,15.67,7.72,0,-77.5,5.92,18.678,0,4.14,0,1.207,2.18,0,8.58
1/9/2026,12:45, ,gtmpiwq_20H100465_010926_073000.bin,Pine Island,GTMNERR,0,41.955,0,26.99,0,3.489,0,99,0,7.86,0,45.66,15.24,7.73,0,-78.2,5.92,18.747,0,6.22,0,1.202,2.14,0,8.45
1/9/2026,13:00, ,gtmpiwq_20H100465_010926_073000.bin,Pine Island,GTMNERR,0,42.128,0,27.11,0,3.536,0,99.2,0,7.87,0,45.65,15.24,7.74,0,-78.7,5.92,18.748,0,3.66,0,1.2,2.16,0,8.52
1/9/2026,13:15, ,gtmpiwq_20H100465_010926_073000.bin,Pine Island,GTMNERR,0,42.287,0,27.22,0,3.579,0,99.9,0,7.91,0,44.82,14.96,7.75,0,-79.2,5.91,18.821,0,4.28,0,1.198,2.37,0,9.37
1/9/2026,13:30, ,gtmpiwq_20H100465_010926_073000.bin,Pine Island,GTMNERR,0,42.686,0,27.51,0,3.618,0,100.1,0,7.92,0,43.58,14.55,7.76,0,-80,5.92,18.812,0,3.09,0,1.197,2.29,0,9.05
1/9/2026,13:45, ,gtmpiwq_20H100465_010926_073000.bin,Pine Island,GTMNERR,0,42.928,0,27.68,0,3.649,0,100.8,0,7.95,0,42.88,14.31,7.77,0,-80.6,5.92,18.842,0,3.14,0,1.193,3.93,0,15.61
1/9/2026,14:00, ,gtmpiwq_20H100465_010926_073000.bin,Pine Island,GTMNERR,0,43.159,0,27.85,0,3.672,0,100.8,0,7.95,0,41.99,14.02,7.78,0,-81,5.92,18.817,0,2.82,0,1.196,2.32,0,9.14
1/9/2026,14:15, ,gtmpiwq_20H100465_010926_073000.bin,Pine Island,GTMNERR,0,43.252,0,27.91,0,3.691,0,100.4,0,7.92,0,41.63,13.9,7.78,0,-81.1,5.92,18.806,0,2.6,0,1.205,2.75,0,10.89
1/9/2026,14:30, ,gtmpiwq_20H100465_010926_073000.bin,Pine Island,GTMNERR,0,43.323,0,27.96,0,3.698,0,100,0,7.88,0,40.72,13.59,7.78,0,-81.1,5.92,18.824,0,2.95,0,1.211,2.66,0,10.53
1/9/2026,14:45, ,gtmpiwq_20H100465_010926_073000.bin,Pine Island,GTMNERR,0,43.352,0,27.99,0,3.691,0,99,0,7.8,0,40.06,13.37,7.78,0,-81,5.92,18.847,0,2.73,0,1.204,2.75,0,10.9
1/9/2026,15:00, ,gtmpiwq_20H100465_010926_073000.bin,Pine Island,GTMNERR,0,43.257,0,27.92,0,3.668,0,98.9,0,7.8,0,40.01,13.36,7.78,0,-81.1,5.93,18.859,0,3.37,0,1.193,2.64,0,10.46
1/9/2026,15:15, ,gtmpiwq_20H100465_010926_073000.bin,Pine Island,GTMNERR,0,43.11,0,27.81,0,3.625,0,101.5,0,7.99,0,41.31,13.79,7.78,0,-81.4,5.92,18.939,0,2.36,0,1.193,2.41,0,9.53
1/9/2026,15:30, ,gtmpiwq_20H100465_010926_073000.bin,Pine Island,GTMNERR,0,42.918,0,27.67,0,3.571,0,101.2,0,7.98,0,42.44,14.17,7.78,0,-81.1,5.92,18.897,0,2.63,0,1.195,2.35,0,9.27
1/9/2026,15:45, ,gtmpiwq_20H100465_010926_073000.bin,Pine Island,GTMNERR,0,42.48,0,27.36,0,3.507,0,102.4,0,8.07,0,43.93,14.67,7.77,0,-80.8,5.92,19.041,0,3.1,0,1.205,2.46,0,9.74
1/9/2026,16:00, ,gtmpiwq_20H100465_010926_073000.bin,Pine Island,GTMNERR,0,42.07,0,27.07,0,3.445,0,102,0,8.05,0,45.27,15.11,7.76,0,-80.1,5.92,19.065,0,3.81,0,1.203,2.31,0,9.11
1/9/2026,16:15, ,gtmpiwq_20H100465_010926_073000.bin,Pine Island,GTMNERR,0,41.581,0,26.72,0,3.381,0,101.6,0,8.03,0,46.9,15.66,7.75,0,-79.4,5.93,19.075,0,3.67,0,1.202,2.31,0,9.12
1/9/2026,16:30, ,gtmpiwq_20H100465_010926_073000.bin,Pine Island,GTMNERR,0,41.362,0,26.56,0,3.316,0,101.5,0,8.02,0,47.61,15.89,7.74,0,-79,5.92,19.114,0,4.02,0,1.203,2.53,0,10
1/9/2026,16:45, ,gtmpiwq_20H100465_010926_073000.bin,Pine Island,GTMNERR,0,40.994,0,26.3,0,3.251,0,102.2,0,8.07,0,48.56,16.21,7.74,0,-78.9,5.93,19.231,0,4.44,0,1.204,2.53,0,9.99
1/9/2026,17:00, ,gtmpiwq_20H100465_010926_073000.bin,Pine Island,GTMNERR,0,40.866,0,26.21,0,3.175,0,101.6,0,8.05,0,49.11,16.4,7.73,0,-78.5,5.92,19.144,0,4.28,0,1.195,2.5,0,9.87
1/9/2026,17:15, ,gtmpiwq_20H100465_010926_073000.bin,Pine Island,GTMNERR,0,40.678,0,26.08,0,3.102,0,101.2,0,8.02,0,49.61,16.56,7.73,0,-78.1,5.92,19.134,0,4.85,0,1.202,2.54,0,10.03
1/9/2026,17:30, ,gtmpiwq_20H100465_010926_073000.bin,Pine Island,GTMNERR,0,40.481,0,25.94,0,3.024,0,101.3,0,8.03,0,50.24,16.77,7.72,0,-77.9,5.93,19.176,0,5,0,1.208,2.68,0,10.59
1/9/2026,17:45, ,gtmpiwq_20H100465_010926_073000.bin,Pine Island,GTMNERR,0,40.226,0,25.75,0,2.943,0,101.7,0,8.06,0,50.88,16.98,7.72,0,-77.8,5.92,19.261,0,5.55,0,1.196,3.08,0,12.22
1/9/2026,18:00, ,gtmpiwq_20H100465_010926_073000.bin,Pine Island,GTMNERR,0,39.946,0,25.56,0,2.858,0,102,0,8.08,0,51.62,17.23,7.72,0,-77.6,5.92,19.335,0,5.56,0,1.198,3.17,0,12.58
1/9/2026,18:15, ,gtmpiwq_20H100465_010926_073000.bin,Pine Island,GTMNERR,0,39.579,0,25.3,0,2.77,0,101.6,0,8.06,0,52.84,17.64,7.71,0,-77.1,5.91,19.335,0,5.8,0,1.206,3.19,0,12.65
1/9/2026,18:30, ,gtmpiwq_20H100465_010926_073000.bin,Pine Island,GTMNERR,0,39.223,0,25.04,0,2.684,0,100.9,0,8.01,0,53.99,18.02,7.7,0,-76.4,5.92,19.346,0,5.71,0,1.204,3.19,0,12.64
1/9/2026,18:45, ,gtmpiwq_20H100465_010926_073000.bin,Pine Island,GTMNERR,0,38.889,0,24.81,0,2.599,0,101.1,0,8.03,0,54.96,18.35,7.7,0,-76.2,5.93,19.386,0,6.01,0,1.203,3.3,0,13.09
1/9/2026,19:00, ,gtmpiwq_20H100465_010926_073000.bin,Pine Island,GTMNERR,0,38.592,0,24.6,0,2.522,0,100.8,0,8.01,0,55.7,18.59,7.69,0,-75.9,5.92,19.441,0,6.26,0,1.202,3.3,0,13.11
1/9/2026,19:15, ,gtmpiwq_20H100465_010926_073000.bin,Pine Island,GTMNERR,0,38.326,0,24.41,0,2.453,0,101.1,0,8.03,0,56.27,18.78,7.69,0,-75.8,5.92,19.515,0,6.16,0,1.201,3.54,0,14.05
1/9/2026,19:30, ,gtmpiwq_20H100465_010926_073000.bin,Pine Island,GTMNERR,0,38.115,0,24.26,0,2.397,0,100.9,0,8.02,0,56.86,18.98,7.68,0,-75.5,5.91,19.548,0,6.45,0,1.197,3.56,0,14.13
1/9/2026,19:45, ,gtmpiwq_20H100465_010926_073000.bin,Pine Island,GTMNERR,0,37.913,0,24.12,0,2.348,0,99.9,0,7.94,0,57.39,19.16,7.67,0,-74.6,5.92,19.568,0,5.5,0,1.197,4.19,0,16.66
1/9/2026,20:00, ,gtmpiwq_20H100465_010926_073000.bin,Pine Island,GTMNERR,0,37.771,0,24.02,0,2.319,0,99.9,0,7.95,0,58.18,19.42,7.67,0,-74.5,5.92,19.574,0,5.38,0,1.199,3.92,0,15.6
1/9/2026,20:15, ,gtmpiwq_20H100465_010926_073000.bin,Pine Island,GTMNERR,0,37.667,0,23.95,0,2.31,0,98.1,0,7.81,0,58.42,19.5,7.67,0,-74.5,5.92,19.58,0,3.9,0,1.201,4.22,0,16.8
1/9/2026,20:30, ,gtmpiwq_20H100465_010926_073000.bin,Pine Island,GTMNERR,0,37.612,0,23.91,0,2.332,0,95,0,7.56,0,57.17,19.08,7.64,0,-73.2,5.92,19.601,0,3.47,0,1.2,3.5,0,13.89
1/9/2026,20:45, ,gtmpiwq_20H100465_010926_073000.bin,Pine Island,GTMNERR,0,37.618,0,23.91,0,2.383,0,98.7,0,7.85,0,59.03,19.7,7.67,0,-74.7,5.91,19.665,0,3.97,0,1.2,4.1,0,16.3
1/9/2026,21:00, ,gtmpiwq_20H100465_010926_073000.bin,Pine Island,GTMNERR,0,38.884,0,24.8,0,2.447,0,101.7,0,8.04,0,55.28,18.45,7.7,0,-76.7,5.92,19.69,0,4.44,0,1.2,3.89,0,15.46
1/9/2026,21:15, ,gtmpiwq_20H100465_010926_073000.bin,Pine Island,GTMNERR,0,38.964,0,24.86,0,2.52,0,102,0,8.05,0,54.62,18.23,7.71,0,-76.9,5.92,19.682,0,5.66,0,1.199,3.91,0,15.54
1/9/2026,21:30, ,gtmpiwq_20H100465_010926_073000.bin,Pine Island,GTMNERR,0,38.757,0,24.71,0,2.592,0,101.7,0,8.05,0,55.25,18.44,7.7,0,-76.4,5.92,19.626,0,5.84,0,1.198,3.92,0,15.59
1/9/2026,21:45, ,gtmpiwq_20H100465_010926_073000.bin,Pine Island,GTMNERR,0,38.988,0,24.88,0,2.666,0,101.6,0,8.04,0,54.81,18.29,7.7,0,-76.6,5.92,19.597,0,5.28,0,1.197,3.68,0,14.61
1/9/2026,22:00, ,gtmpiwq_20H100465_010926_073000.bin,Pine Island,GTMNERR,0,39.158,0,25,0,2.735,0,101.1,0,8,0,54.62,18.23,7.7,0,-76.6,5.91,19.534,0,5.18,0,1.196,3.42,0,13.6
1/9/2026,22:15, ,gtmpiwq_20H100465_010926_073000.bin,Pine Island,GTMNERR,0,39.473,0,25.22,0,2.803,0,101,0,7.99,0,53.4,17.83,7.71,0,-76.9,5.91,19.495,0,6.15,0,1.197,3.64,0,14.46
1/9/2026,22:30, ,gtmpiwq_20H100465_010926_073000.bin,Pine Island,GTMNERR,0,39.74,0,25.41,0,2.87,0,101,0,7.99,0,52.43,17.5,7.71,0,-77.1,5.92,19.462,0,6.8,0,1.196,3.44,0,13.66
1/9/2026,22:45, ,gtmpiwq_20H100465_010926_073000.bin,Pine Island,GTMNERR,0,40.038,0,25.62,0,2.932,0,101.1,0,7.98,0,52.28,17.45,7.72,0,-77.6,5.91,19.467,0,3.99,0,1.193,3.65,0,14.51
1/9/2026,23:00, ,gtmpiwq_20H100465_010926_073000.bin,Pine Island,GTMNERR,0,40.246,0,25.77,0,2.993,0,101.1,0,7.98,0,51.48,17.18,7.72,0,-77.8,5.92,19.461,0,4.6,0,1.194,3.52,0,13.97
1/9/2026,23:15, ,gtmpiwq_20H100465_010926_073000.bin,Pine Island,GTMNERR,0,40.384,0,25.87,0,3.051,0,101,0,7.96,0,51.36,17.14,7.72,0,-77.9,5.92,19.458,0,3.83,0,1.195,3.29,0,13.04
1/9/2026,23:30, ,gtmpiwq_20H100465_010926_073000.bin,Pine Island,GTMNERR,0,40.561,0,25.99,0,3.104,0,100.9,0,7.94,0,50.62,16.9,7.73,0,-78.1,5.91,19.477,0,4.22,0,1.193,3.26,0,12.94
1/9/2026,23:45, ,gtmpiwq_20H100465_010926_073000.bin,Pine Island,GTMNERR,0,40.819,0,26.17,0,3.158,0,100.8,0,7.93,0,49.8,16.62,7.73,0,-78.4,5.91,19.503,0,4.11,0,1.196,3.17,0,12.57
1/10/2026,0:00, ,gtmpiwq_20H100465_010926_073000.bin,Pine Island,GTMNERR,0,40.943,0,26.26,0,3.211,0,100.9,0,7.94,0,49.38,16.48,7.74,0,-78.7,5.92,19.456,0,3.84,0,1.209,3.32,0,13.18
1/10/2026,0:15, ,gtmpiwq_20H100465_010926_073000.bin,Pine Island,GTMNERR,0,41.013,0,26.31,0,3.268,0,100.9,0,7.94,0,49.1,16.39,7.74,0,-78.8,5.91,19.397,0,4.02,0,1.202,3.18,0,12.6
1/10/2026,0:30, ,gtmpiwq_20H100465_010926_073000.bin,Pine Island,GTMNERR,0,41.282,0,26.5,0,3.322,0,100.9,0,7.94,0,48.29,16.12,7.74,0,-79.1,5.91,19.404,0,3.94,0,1.196,3.61,0,14.36
1/10/2026,0:45, ,gtmpiwq_20H100465_010926_073000.bin,Pine Island,GTMNERR,0,41.548,0,26.69,0,3.377,0,101.1,0,7.93,0,47.54,15.87,7.75,0,-79.5,5.92,19.431,0,3.65,0,1.199,2.84,0,11.26
1/10/2026,1:00, ,gtmpiwq_20H100465_010926_073000.bin,Pine Island,GTMNERR,0,41.657,0,26.77,0,3.43,0,101.1,0,7.94,0,47.21,15.76,7.75,0,-79.7,5.91,19.413,0,3.51,0,1.195,2.88,0,11.41
1/10/2026,1:15, ,gtmpiwq_20H100465_010926_073000.bin,Pine Island,GTMNERR,0,41.893,0,26.94,0,3.48,0,101.4,0,7.95,0,46.42,15.5,7.76,0,-80.1,5.91,19.411,0,3.24,0,1.194,2.64,0,10.45
1/10/2026,1:30, ,gtmpiwq_20H100465_010926_073000.bin,Pine Island,GTMNERR,0,42.106,0,27.09,0,3.531,0,101.4,0,7.95,0,45.72,15.26,7.77,0,-80.4,5.92,19.407,0,3.32,0,1.195,2.36,0,9.31
1/10/2026,1:45, ,gtmpiwq_20H100465_010926_073000.bin,Pine Island,GTMNERR,0,42.333,0,27.25,0,3.578,0,101.4,0,7.95,0,44.94,15,7.77,0,-80.7,5.91,19.38,0,3.72,0,1.205,2.66,0,10.51
1/10/2026,2:00, ,gtmpiwq_20H100465_010926_073000.bin,Pine Island,GTMNERR,0,42.622,0,27.46,0,3.619,0,101.3,0,7.93,0,43.87,14.64,7.78,0,-81.1,5.91,19.35,0,3.15,0,1.208,2.35,0,9.28
1/10/2026,2:15, ,gtmpiwq_20H100465_010926_073000.bin,Pine Island,GTMNERR,0,42.915,0,27.67,0,3.651,0,101.4,0,7.93,0,42.92,14.33,7.78,0,-81.5,5.92,19.326,0,3.26,0,1.198,3.1,0,12.28
1/10/2026,2:30, ,gtmpiwq_20H100465_010926_073000.bin,Pine Island,GTMNERR,0,43.12,0,27.82,0,3.677,0,101.3,0,7.92,0,42.15,14.07,7.79,0,-81.8,5.91,19.3,0,3.41,0,1.197,2.76,0,10.91
1/10/2026,2:45, ,gtmpiwq_20H100465_010926_073000.bin,Pine Island,GTMNERR,0,43.282,0,27.93,0,3.697,0,100.7,0,7.87,0,41.7,13.92,7.79,0,-81.9,5.91,19.289,0,2.83,0,1.201,2.63,0,10.39
1/10/2026,3:00, ,gtmpiwq_20H100465_010926_073000.bin,Pine Island,GTMNERR,0,43.24,0,27.9,0,3.707,0,100,0,7.82,0,41.81,13.96,7.79,0,-81.8,5.91,19.309,0,2.61,0,1.197,2.6,0,10.3
1/10/2026,3:15, ,gtmpiwq_20H100465_010926_073000.bin,Pine Island,GTMNERR,0,43.297,0,27.94,0,3.703,0,98.2,0,7.68,0,41.24,13.77,7.78,0,-81.5,5.91,19.305,0,2.36,0,1.194,2.52,0,9.97
1/10/2026,3:30, ,gtmpiwq_20H100465_010926_073000.bin,Pine Island,GTMNERR,0,43.368,0,28,0,3.686,0,92.8,0,7.25,0,40.33,13.47,7.74,0,-78.9,5.92,19.303,0,2.2,0,1.199,2.59,0,10.24
1/10/2026,3:45, ,gtmpiwq_20H100465_010926_073000.bin,Pine Island,GTMNERR,0,43.32,0,27.96,0,3.652,0,98.1,0,7.66,0,40.91,13.66,7.78,0,-81.3,5.91,19.294,0,2.31,0,1.204,2.61,0,10.33
1/10/2026,4:00, ,gtmpiwq_20H100465_010926_073000.bin,Pine Island,GTMNERR,0,43.193,0,27.87,0,3.606,0,100.2,0,7.83,0,41.33,13.8,7.79,0,-81.6,5.91,19.307,0,2.47,0,1.2,2.69,0,10.63
1/10/2026,4:15, ,gtmpiwq_20H100465_010926_073000.bin,Pine Island,GTMNERR,0,42.893,0,27.66,0,3.55,0,100.6,0,7.87,0,42.81,14.29,7.78,0,-81.3,5.9,19.328,0,3.16,0,1.2,2.38,0,9.4
1/10/2026,4:30, ,gtmpiwq_20H100465_010926_073000.bin,Pine Island,GTMNERR,0,42.549,0,27.41,0,3.492,0,100.7,0,7.88,0,44.19,14.75,7.77,0,-80.8,5.91,19.351,0,3.03,0,1.199,2.43,0,9.58
1/10/2026,4:45, ,gtmpiwq_20H100465_010926_073000.bin,Pine Island,GTMNERR,0,42.01,0,27.02,0,3.434,0,100.1,0,7.85,0,46,15.36,7.76,0,-79.8,5.91,19.377,0,3.6,0,1.198,2.35,0,9.27
1/10/2026,5:00, ,gtmpiwq_20H100465_010926_073000.bin,Pine Island,GTMNERR,0,41.471,0,26.64,0,3.376,0,99.4,0,7.82,0,47.72,15.93,7.74,0,-79,5.91,19.385,0,4.11,0,1.199,2.35,0,9.29
1/10/2026,5:15, ,gtmpiwq_20H100465_010926_073000.bin,Pine Island,GTMNERR,0,41.149,0,26.41,0,3.318,0,98.8,0,7.78,0,48.72,16.26,7.73,0,-78.3,5.91,19.373,0,4.03,0,1.198,2.06,0,8.12
1/10/2026,5:30, ,gtmpiwq_20H100465_010926_073000.bin,Pine Island,GTMNERR,0,40.956,0,26.27,0,3.251,0,98.5,0,7.77,0,49.58,16.55,7.73,0,-78,5.91,19.344,0,3.9,0,1.197,3.35,0,13.3
1/10/2026,5:45, ,gtmpiwq_20H100465_010926_073000.bin,Pine Island,GTMNERR,0,40.836,0,26.19,0,3.19,0,98.3,0,7.75,0,49.87,16.65,7.72,0,-77.7,5.91,19.359,0,4.65,0,1.194,2.37,0,9.38
1/10/2026,6:00, ,gtmpiwq_20H100465_010926_073000.bin,Pine Island,GTMNERR,0,40.695,0,26.09,0,3.125,0,98.1,0,7.74,0,50.28,16.78,7.72,0,-77.5,5.91,19.362,0,4.79,0,1.194,2.31,0,9.1
1/10/2026,6:15, ,gtmpiwq_20H100465_010926_073000.bin,Pine Island,GTMNERR,0,40.509,0,25.96,0,3.061,0,97.6,0,7.71,0,50.73,16.93,7.71,0,-77.1,5.91,19.361,0,4.93,0,1.196,2.33,0,9.18
1/10/2026,6:30, ,gtmpiwq_20H100465_010926_073000.bin,Pine Island,GTMNERR,0,40.277,0,25.79,0,2.989,0,97.2,0,7.68,0,51.47,17.18,7.7,0,-76.6,5.91,19.363,0,4.79,0,1.204,2.49,0,9.83
1/10/2026,6:45, ,gtmpiwq_20H100465_010926_073000.bin,Pine Island,GTMNERR,0,40.03,0,25.61,0,2.917,0,97.1,0,7.69,0,52.34,17.47,7.7,0,-76.3,5.9,19.345,0,4.96,0,1.206,2.45,0,9.68
1/10/2026,7:00, ,gtmpiwq_20H100465_010926_073000.bin,Pine Island,GTMNERR,0,39.681,0,25.37,0,2.839,0,96.2,0,7.63,0,53.29,17.79,7.69,0,-75.6,5.9,19.335,0,5.32,0,1.208,2.53,0,10.01
1/10/2026,7:15, ,gtmpiwq_20H100465_010926_073000.bin,Pine Island,GTMNERR,0,39.337,0,25.12,0,2.765,0,95.9,0,7.61,0,54.49,18.19,7.67,0,-74.9,5.91,19.33,0,4.78,0,1.208,2.27,0,8.95
1/10/2026,7:30, ,gtmpiwq_20H100465_010926_073000.bin,Pine Island,GTMNERR,0,38.98,0,24.87,0,2.684,0,95.2,0,7.57,0,55.76,18.61,7.66,0,-74.1,5.9,19.32,0,4.69,0,1.211,2.39,0,9.45
1/10/2026,7:45, ,gtmpiwq_20H100465_010926_073000.bin,Pine Island,GTMNERR,0,38.62,0,24.62,0,2.608,0,94.2,0,7.5,0,56.77,18.95,7.65,0,-73.3,5.91,19.305,0,4.9,0,1.2,2.2,0,8.67
1/10/2026,8:00, ,gtmpiwq_20H100465_010926_073000.bin,Pine Island,GTMNERR,0,38.33,0,24.41,0,2.541,0,93.5,0,7.46,0,57.51,19.2,7.64,0,-72.7,5.9,19.286,0,4.93,0,1.197,2.47,0,9.77
1/10/2026,8:15, ,gtmpiwq_20H100465_010926_073000.bin,Pine Island,GTMNERR,0,38.06,0,24.22,0,2.483,0,92.8,0,7.42,0,58.03,19.37,7.63,0,-72.2,5.9,19.27,0,4.99,0,1.202,2.47,0,9.77
1/10/2026,8:30, ,gtmpiwq_20H100465_010926_073000.bin,Pine Island,GTMNERR,0,37.818,0,24.05,0,2.437,0,92.1,0,7.37,0,58.58,19.55,7.62,0,-71.6,5.91,19.264,0,4.63,0,1.201,2.66,0,10.53
1/10/2026,8:45, ,gtmpiwq_20H100465_010926_073000.bin,Pine Island,GTMNERR,0,37.616,0,23.91,0,2.419,0,91.6,0,7.34,0,59.04,19.71,7.61,0,-71.4,5.9,19.262,0,4.34,0,1.202,2.75,0,10.87
1/10/2026,9:00, ,gtmpiwq_20H100465_010926_073000.bin,Pine Island,GTMNERR,0,37.518,0,23.84,0,2.427,0,90,0,7.21,0,58.84,19.64,7.61,0,-70.9,5.9,19.265,0,3.19,0,1.203,2.75,0,10.9
1/10/2026,9:15, ,gtmpiwq_20H100465_010926_073000.bin,Pine Island,GTMNERR,0,37.499,0,23.83,0,2.466,0,89.2,0,7.15,0,59.96,20.01,7.61,0,-71.2,5.9,19.27,0,4.21,0,1.203,2.74,0,10.85
1/10/2026,9:30, ,gtmpiwq_20H100465_010926_073000.bin,Pine Island,GTMNERR,0,38.745,0,24.71,0,2.519,0,92.4,0,7.37,0,56.48,18.85,7.63,0,-72.5,5.9,19.205,0,4.81,0,1.202,2.51,0,9.94
1/10/2026,9:45, ,gtmpiwq_20H100465_010926_073000.bin,Pine Island,GTMNERR,0,39.1,0,24.96,0,2.589,0,93,0,7.41,0,55.33,18.47,7.65,0,-73.3,5.9,19.204,0,4.75,0,1.202,2.2,0,8.67
1/10/2026,10:00, ,gtmpiwq_20H100465_010926_073000.bin,Pine Island,GTMNERR,0,38.981,0,24.87,0,2.664,0,93.5,0,7.45,0,54.8,18.29,7.65,0,-73.4,5.9,19.236,0,7.06,0,1.199,2.34,0,9.23
1/10/2026,10:15, ,gtmpiwq_20H100465_010926_073000.bin,Pine Island,GTMNERR,0,39.059,0,24.93,0,2.731,0,94.7,0,7.53,0,54.73,18.27,7.66,0,-73.9,5.9,19.293,0,4.66,0,1.198,2.2,0,8.67
1/10/2026,10:30, ,gtmpiwq_20H100465_010926_073000.bin,Pine Island,GTMNERR,0,39.314,0,25.11,0,2.797,0,95.8,0,7.6,0,54.3,18.13,7.67,0,-74.7,5.89,19.346,0,3.83,0,1.198,2.48,0,9.79
1/10/2026,10:45, ,gtmpiwq_20H100465_010926_073000.bin,Pine Island,GTMNERR,0,39.616,0,25.32,0,2.858,0,95.7,0,7.59,0,53.49,17.86,7.67,0,-74.9,5.9,19.344,0,4.68,0,1.201,2.3,0,9.09
1/10/2026,11:00, ,gtmpiwq_20H100465_010926_073000.bin,Pine Island,GTMNERR,0,39.807,0,25.46,0,2.913,0,96.3,0,7.63,0,52.58,17.55,7.68,0,-75.4,5.9,19.365,0,5.24,0,1.2,2.33,0,9.18
1/10/2026,11:15, ,gtmpiwq_20H100465_010926_073000.bin,Pine Island,GTMNERR,0,40.145,0,25.7,0,2.967,0,97.4,0,7.69,0,51.85,17.31,7.7,0,-76.2,5.9,19.431,0,3.61,0,1.202,2.43,0,9.62
1/10/2026,11:30, ,gtmpiwq_20H100465_010926_073000.bin,Pine Island,GTMNERR,0,40.377,0,25.86,0,3.018,0,97,0,7.66,0,51.37,17.15,7.7,0,-76.4,5.9,19.401,0,3.24,0,1.202,2.63,0,10.41
1/10/2026,11:45, ,gtmpiwq_20H100465_010926_073000.bin,Pine Island,GTMNERR,0,40.498,0,25.95,0,3.066,0,97.5,0,7.69,0,50.78,16.95,7.7,0,-76.7,5.89,19.427,0,3.77,0,1.201,2.68,0,10.6
1/10/2026,12:00, ,gtmpiwq_20H100465_010926_073000.bin,Pine Island,GTMNERR,0,40.645,0,26.05,0,3.114,0,98.3,0,7.74,0,50.29,16.79,7.71,0,-77.1,5.9,19.491,0,3.49,0,1.202,2.48,0,9.8
1/10/2026,12:15, ,gtmpiwq_20H100465_010926_073000.bin,Pine Island,GTMNERR,0,40.747,0,26.12,0,3.16,0,98.5,0,7.75,0,49.86,16.64,7.71,0,-77.2,5.9,19.53,0,3.6,0,1.205,2.24,0,8.82
1/10/2026,12:30, ,gtmpiwq_20H100465_010926_073000.bin,Pine Island,GTMNERR,0,40.899,0,26.23,0,3.207,0,98.4,0,7.73,0,49.44,16.5,7.71,0,-77.3,5.9,19.533,0,3.93,0,1.208,2.4,0,9.49
1/10/2026,12:45, ,gtmpiwq_20H100465_010926_073000.bin,Pine Island,GTMNERR,0,41.015,0,26.31,0,3.251,0,98.7,0,7.75,0,48.82,16.3,7.72,0,-77.6,5.9,19.55,0,4.19,0,1.207,2.54,0,10.04
1/10/2026,13:00, ,gtmpiwq_20H100465_010926_073000.bin,Pine Island,GTMNERR,0,41.144,0,26.4,0,3.301,0,99.4,0,7.79,0,48.34,16.14,7.72,0,-78,5.89,19.594,0,4.31,0,1.208,2.3,0,9.06
1/10/2026,13:15, ,gtmpiwq_20H100465_010926_073000.bin,Pine Island,GTMNERR,0,41.416,0,26.6,0,3.345,0,99.6,0,7.8,0,47.64,15.9,7.73,0,-78.3,5.89,19.628,0,3.77,0,1.209,2.48,0,9.81
1/10/2026,13:30, ,gtmpiwq_20H100465_010926_073000.bin,Pine Island,GTMNERR,0,41.591,0,26.72,0,3.391,0,99.8,0,7.8,0,47.13,15.73,7.74,0,-78.7,5.9,19.639,0,3.68,0,1.212,2.78,0,11.01
1/10/2026,13:45, ,gtmpiwq_20H100465_010926_073000.bin,Pine Island,GTMNERR,0,41.784,0,26.86,0,3.438,0,100,0,7.82,0,46.61,15.56,7.74,0,-79,5.89,19.617,0,3.1,0,1.201,2.33,0,9.2
1/10/2026,14:00, ,gtmpiwq_20H100465_010926_073000.bin,Pine Island,GTMNERR,0,41.937,0,26.97,0,3.481,0,100.9,0,7.87,0,45.71,15.26,7.75,0,-79.5,5.9,19.648,0,6.63,0,1.195,2.59,0,10.25
1/10/2026,14:15, ,gtmpiwq_20H100465_010926_073000.bin,Pine Island,GTMNERR,0,42.163,0,27.13,0,3.513,0,100.8,0,7.86,0,45.24,15.1,7.76,0,-79.9,5.9,19.641,0,2.91,0,1.194,2.44,0,9.62
1/10/2026,14:30, ,gtmpiwq_20H100465_010926_073000.bin,Pine Island,GTMNERR,0,42.379,0,27.29,0,3.54,0,100.4,0,7.82,0,44.52,14.86,7.76,0,-80.1,5.89,19.621,0,3.26,0,1.2,2.45,0,9.69
1/10/2026,14:45, ,gtmpiwq_20H100465_010926_073000.bin,Pine Island,GTMNERR,0,42.441,0,27.33,0,3.558,0,100.5,0,7.83,0,43.62,14.56,7.76,0,-79.9,5.9,19.665,0,2.68,0,1.207,2.87,0,11.35
1/10/2026,15:00, ,gtmpiwq_20H100465_010926_073000.bin,Pine Island,GTMNERR,0,42.602,0,27.45,0,3.565,0,99.1,0,7.71,0,42.21,14.09,7.76,0,-80.1,5.89,19.642,0,2.47,0,1.21,3.11,0,12.32
1/10/2026,15:15, ,gtmpiwq_20H100465_010926_073000.bin,Pine Island,GTMNERR,0,42.678,0,27.5,0,3.558,0,96.2,0,7.49,0,40.99,13.68,7.75,0,-79.8,5.89,19.644,0,2.17,0,1.202,2.6,0,10.27
1/10/2026,15:30, ,gtmpiwq_20H100465_010926_073000.bin,Pine Island,GTMNERR,0,42.599,0,27.44,0,3.534,0,99.9,0,7.78,0,42.81,14.29,7.76,0,-80.3,5.89,19.645,0,3.1,0,1.199,2.88,0,11.39
1/10/2026,15:45, ,gtmpiwq_20H100465_010926_073000.bin,Pine Island,GTMNERR,0,42.574,0,27.43,0,3.498,0,99.4,0,7.75,0,42.79,14.29,7.76,0,-80.4,5.9,19.62,0,2.49,0,1.196,2.83,0,11.21
1/10/2026,16:00, ,gtmpiwq_20H100465_010926_073000.bin,Pine Island,GTMNERR,0,42.259,0,27.2,0,3.451,0,100.3,0,7.82,0,44.31,14.79,7.76,0,-79.9,5.89,19.659,0,2.83,0,1.195,2.56,0,10.11
1/10/2026,16:15, ,gtmpiwq_20H100465_010926_073000.bin,Pine Island,GTMNERR,0,41.875,0,26.93,0,3.394,0,101.5,0,7.91,0,46.23,15.43,7.75,0,-79.7,5.88,19.776,0,3.71,0,1.195,2.63,0,10.42
1/10/2026,16:30, ,gtmpiwq_20H100465_010926_073000.bin,Pine Island,GTMNERR,0,41.477,0,26.64,0,3.338,0,101.4,0,7.9,0,47.13,15.73,7.74,0,-79.1,5.9,19.827,0,3.86,0,1.211,2.97,0,11.77
1/10/2026,16:45, ,gtmpiwq_20H100465_010926_073000.bin,Pine Island,GTMNERR,0,41.153,0,26.41,0,3.28,0,101.5,0,7.91,0,48.08,16.05,7.74,0,-78.8,5.89,19.875,0,4.19,0,1.201,2.85,0,11.31
1/10/2026,17:00, ,gtmpiwq_20H100465_010926_073000.bin,Pine Island,GTMNERR,0,40.883,0,26.22,0,3.22,0,101,0,7.89,0,48.9,16.33,7.73,0,-78.2,5.89,19.889,0,4.44,0,1.197,2.79,0,11.03
1/10/2026,17:15, ,gtmpiwq_20H100465_010926_073000.bin,Pine Island,GTMNERR,0,40.742,0,26.12,0,3.157,0,101.1,0,7.9,0,49.45,16.51,7.73,0,-78.2,5.88,19.906,0,4.17,0,1.209,2.77,0,10.96
1/10/2026,17:30, ,gtmpiwq_20H100465_010926_073000.bin,Pine Island,GTMNERR,0,40.482,0,25.93,0,3.095,0,101,0,7.88,0,50.04,16.7,7.72,0,-77.8,5.89,19.954,0,5.03,0,1.211,2.95,0,11.7
1/10/2026,17:45, ,gtmpiwq_20H100465_010926_073000.bin,Pine Island,GTMNERR,0,40.305,0,25.81,0,3.029,0,100.8,0,7.88,0,50.56,16.88,7.71,0,-77.5,5.89,19.945,0,5.38,0,1.204,3.08,0,12.22
1/10/2026,18:00, ,gtmpiwq_20H100465_010926_073000.bin,Pine Island,GTMNERR,0,40.143,0,25.69,0,2.962,0,100.6,0,7.87,0,51.01,17.03,7.71,0,-77.2,5.89,19.957,0,6.18,0,1.197,3.97,0,15.8
1/10/2026,18:15, ,gtmpiwq_20H100465_010926_073000.bin,Pine Island,GTMNERR,0,39.918,0,25.53,0,2.896,0,100.6,0,7.87,0,51.63,17.23,7.7,0,-76.8,5.89,19.985,0,5.92,0,1.197,3.44,0,13.65
1/10/2026,18:30, ,gtmpiwq_20H100465_010926_073000.bin,Pine Island,GTMNERR,0,39.626,0,25.33,0,2.824,0,100.5,0,7.87,0,52.61,17.56,7.7,0,-76.4,5.88,20.004,0,6.39,0,1.203,3.54,0,14.08
1/10/2026,18:45, ,gtmpiwq_20H100465_010926_073000.bin,Pine Island,GTMNERR,0,39.249,0,25.06,0,2.751,0,100.1,0,7.85,0,53.76,17.94,7.69,0,-76,5.88,20.024,0,5.97,0,1.206,3.53,0,14.03
1/10/2026,19:00, ,gtmpiwq_20H100465_010926_073000.bin,Pine Island,GTMNERR,0,38.883,0,24.8,0,2.675,0,100.1,0,7.85,0,54.87,18.32,7.68,0,-75.6,5.89,20.068,0,6.18,0,1.207,3.46,0,13.74
1/10/2026,19:15, ,gtmpiwq_20H100465_010926_073000.bin,Pine Island,GTMNERR,0,38.549,0,24.56,0,2.596,0,99.7,0,7.82,0,55.56,18.55,7.67,0,-75.1,5.88,20.119,0,6.48,0,1.209,4.21,0,16.75
1/10/2026,19:30, ,gtmpiwq_20H100465_010926_073000.bin,Pine Island,GTMNERR,0,38.22,0,24.33,0,2.515,0,99.3,0,7.8,0,56.44,18.84,7.67,0,-74.6,5.88,20.178,0,6.56,0,1.2,3.81,0,15.14
1/10/2026,19:45, ,gtmpiwq_20H100465_010926_073000.bin,Pine Island,GTMNERR,0,37.914,0,24.12,0,2.447,0,98.8,0,7.76,0,57.27,19.12,7.66,0,-74.1,5.88,20.216,0,6.53,0,1.194,4.12,0,16.38
1/10/2026,20:00, ,gtmpiwq_20H100465_010926_073000.bin,Pine Island,GTMNERR,0,37.679,0,23.95,0,2.386,0,98.2,0,7.71,0,57.95,19.34,7.65,0,-73.9,5.88,20.257,0,5.74,0,1.192,4.04,0,16.06
1/10/2026,20:15, ,gtmpiwq_20H100465_010926_073000.bin,Pine Island,GTMNERR,0,37.471,0,23.8,0,2.332,0,97.5,0,7.66,0,58.61,19.56,7.64,0,-73.3,5.89,20.28,0,6.27,0,1.203,4.29,0,17.07
1/10/2026,20:30, ,gtmpiwq_20H100465_010926_073000.bin,Pine Island,GTMNERR,0,37.294,0,23.68,0,2.287,0,97,0,7.63,0,58.96,19.68,7.64,0,-72.9,5.88,20.285,0,5.43,0,1.211,4.43,0,17.63
1/10/2026,20:45, ,gtmpiwq_20H100465_010926_073000.bin,Pine Island,GTMNERR,0,37.148,0,23.58,0,2.259,0,96.9,0,7.62,0,59.62,19.9,7.64,0,-72.8,5.87,20.282,0,5.12,0,1.204,5.2,0,20.75
1/10/2026,21:00, ,gtmpiwq_20H100465_010926_073000.bin,Pine Island,GTMNERR,0,37.06,0,23.52,0,2.261,0,96.4,0,7.59,0,59.86,19.98,7.63,0,-72.2,5.88,20.276,0,3.94,0,1.2,4.57,0,18.22
1/10/2026,21:15, ,gtmpiwq_20H100465_010926_073000.bin,Pine Island,GTMNERR,0,37.003,0,23.48,0,2.293,0,95.5,0,7.52,0,60.1,20.06,7.63,0,-72.2,5.87,20.275,0,4.2,0,1.2,4.62,0,18.41
1/10/2026,21:30, ,gtmpiwq_20H100465_010926_073000.bin,Pine Island,GTMNERR,0,37.232,0,23.64,0,2.344,0,95.9,0,7.54,0,59.92,20,7.64,0,-73.1,5.88,20.28,0,4.52,0,1.203,4.43,0,17.63
1/10/2026,21:45, ,gtmpiwq_20H100465_010926_073000.bin,Pine Island,GTMNERR,0,38.71,0,24.68,0,2.418,0,99.8,0,7.8,0,55.73,18.6,7.69,0,-75.8,5.88,20.334,0,4.66,0,1.206,4.35,0,17.32
1/10/2026,22:00, ,gtmpiwq_20H100465_010926_073000.bin,Pine Island,GTMNERR,0,38.641,0,24.63,0,2.496,0,99.7,0,7.8,0,55.46,18.51,7.68,0,-75.6,5.88,20.307,0,6.24,0,1.211,4.56,0,18.18
1/10/2026,22:15, ,gtmpiwq_20H100465_010926_073000.bin,Pine Island,GTMNERR,0,38.394,0,24.45,0,2.575,0,99.3,0,7.78,0,56.41,18.83,7.67,0,-75,5.88,20.253,0,6.33,0,1.199,4.06,0,16.17
1/10/2026,22:30, ,gtmpiwq_20H100465_010926_073000.bin,Pine Island,GTMNERR,0,38.512,0,24.54,0,2.648,0,99.3,0,7.78,0,56.21,18.76,7.67,0,-75.1,5.87,20.214,0,6.56,0,1.195,4.11,0,16.34
1/10/2026,22:45, ,gtmpiwq_20H100465_010926_073000.bin,Pine Island,GTMNERR,0,38.712,0,24.68,0,2.716,0,99.3,0,7.79,0,56.05,18.71,7.68,0,-75.3,5.87,20.131,0,5.12,0,1.197,4.04,0,16.06
1/10/2026,23:00, ,gtmpiwq_20H100465_010926_073000.bin,Pine Island,GTMNERR,0,39.016,0,24.89,0,2.778,0,98.9,0,7.75,0,55.33,18.47,7.68,0,-75.5,5.88,20.105,0,5.15,0,1.202,4.05,0,16.13
1/10/2026,23:15, ,gtmpiwq_20H100465_010926_073000.bin,Pine Island,GTMNERR,0,39.225,0,25.04,0,2.842,0,98.9,0,7.75,0,54.72,18.26,7.69,0,-75.8,5.87,20.069,0,4.72,0,1.203,3.85,0,15.3
1/10/2026,23:30, ,gtmpiwq_20H100465_010926_073000.bin,Pine Island,GTMNERR,0,39.512,0,25.24,0,2.9,0,99,0,7.75,0,54.01,18.03,7.69,0,-76.2,5.88,20.058,0,4,0,1.209,3.66,0,14.54
1/10/2026,23:45, ,gtmpiwq_20H100465_010926_073000.bin,Pine Island,GTMNERR,0,39.808,0,25.45,0,2.954,0,99.2,0,7.75,0,53.11,17.73,7.7,0,-76.5,5.87,20.051,0,3.94,0,1.201,3.91,0,15.53
1/11/2026,0:00, ,gtmpiwq_20H100465_010926_073000.bin,Pine Island,GTMNERR,0,39.947,0,25.55,0,3.006,0,99.1,0,7.75,0,52.74,17.61,7.7,0,-76.7,5.87,20.017,0,4.41,0,1.193,3.9,0,15.5
1/11/2026,0:15, ,gtmpiwq_20H100465_010926_073000.bin,Pine Island,GTMNERR,0,40.073,0,25.64,0,3.054,0,98.7,0,7.71,0,52.53,17.53,7.7,0,-76.7,5.88,20.016,0,4.29,0,1.193,3.63,0,14.44
1/11/2026,0:30, ,gtmpiwq_20H100465_010926_073000.bin,Pine Island,GTMNERR,0,40.328,0,25.82,0,3.103,0,98.6,0,7.69,0,51.82,17.3,7.71,0,-77,5.87,20.056,0,4.15,0,1.203,3.56,0,14.13
1/11/2026,0:45, ,gtmpiwq_20H100465_010926_073000.bin,Pine Island,GTMNERR,0,40.601,0,26.02,0,3.15,0,98.5,0,7.67,0,50.74,16.94,7.71,0,-77.4,5.87,20.092,0,4.04,0,1.211,3.53,0,14.02
1/11/2026,1:00, ,gtmpiwq_20H100465_010926_073000.bin,Pine Island,GTMNERR,0,40.722,0,26.1,0,3.195,0,98.9,0,7.7,0,50.11,16.73,7.72,0,-77.7,5.87,20.073,0,4.4,0,1.205,3.51,0,13.95
1/11/2026,1:15, ,gtmpiwq_20H100465_010926_073000.bin,Pine Island,GTMNERR,0,40.817,0,26.17,0,3.239,0,99.1,0,7.72,0,49.87,16.65,7.72,0,-77.8,5.87,20,0,4.31,0,1.2,3.39,0,13.45
1/11/2026,1:30, ,gtmpiwq_20H100465_010926_073000.bin,Pine Island,GTMNERR,0,41.12,0,26.39,0,3.285,0,99,0,7.7,0,49.06,16.38,7.73,0,-78.2,5.88,20.009,0,3.58,0,1.195,3.31,0,13.13
1/11/2026,1:45, ,gtmpiwq_20H100465_010926_073000.bin,Pine Island,GTMNERR,0,41.266,0,26.49,0,3.333,0,98.9,0,7.69,0,48.76,16.28,7.73,0,-78.3,5.87,19.985,0,3.69,0,1.195,3.28,0,13.03
1/11/2026,2:00, ,gtmpiwq_20H100465_010926_073000.bin,Pine Island,GTMNERR,0,41.397,0,26.58,0,3.381,0,99,0,7.7,0,48.22,16.1,7.73,0,-78.6,5.88,19.97,0,3.54,0,1.207,3.33,0,13.22
1/11/2026,2:15, ,gtmpiwq_20H100465_010926_073000.bin,Pine Island,GTMNERR,0,41.543,0,26.69,0,3.428,0,99,0,7.7,0,47.71,15.93,7.74,0,-78.7,5.87,19.946,0,3.42,0,1.211,4.51,0,17.94
1/11/2026,2:30, ,gtmpiwq_20H100465_010926_073000.bin,Pine Island,GTMNERR,0,41.706,0,26.8,0,3.473,0,98.9,0,7.69,0,47.18,15.75,7.74,0,-79,5.87,19.921,0,3.17,0,1.205,3.23,0,12.8
1/11/2026,2:45, ,gtmpiwq_20H100465_010926_073000.bin,Pine Island,GTMNERR,0,41.897,0,26.94,0,3.513,0,99,0,7.7,0,46.48,15.51,7.74,0,-79.2,5.87,19.902,0,3.13,0,1.194,3.31,0,13.13
1/11/2026,3:00, ,gtmpiwq_20H100465_010926_073000.bin,Pine Island,GTMNERR,0,42.213,0,27.17,0,3.549,0,99,0,7.69,0,45.56,15.21,7.75,0,-79.6,5.87,19.873,0,3.04,0,1.194,3.4,0,13.48
1/11/2026,3:15, ,gtmpiwq_20H100465_010926_073000.bin,Pine Island,GTMNERR,0,42.398,0,27.3,0,3.577,0,98.7,0,7.66,0,44.95,15.01,7.76,0,-79.9,5.87,19.851,0,2.98,0,1.2,3.13,0,12.42
1/11/2026,3:30, ,gtmpiwq_20H100465_010926_073000.bin,Pine Island,GTMNERR,0,42.653,0,27.48,0,3.597,0,98.1,0,7.61,0,44.16,14.74,7.76,0,-80,5.86,19.831,0,2.76,0,1.204,3.12,0,12.35
1/11/2026,3:45, ,gtmpiwq_20H100465_010926_073000.bin,Pine Island,GTMNERR,0,42.761,0,27.56,0,3.608,0,95.9,0,7.44,0,43.55,14.54,7.76,0,-80.1,5.87,19.807,0,2.7,0,1.207,2.95,0,11.7
1/11/2026,4:00, ,gtmpiwq_20H100465_010926_073000.bin,Pine Island,GTMNERR,0,42.857,0,27.63,0,3.609,0,93.2,0,7.23,0,41.6,13.89,7.74,0,-79,5.87,19.809,0,2.36,0,1.2,2.73,0,10.79
1/11/2026,4:15, ,gtmpiwq_20H100465_010926_073000.bin,Pine Island,GTMNERR,0,42.874,0,27.64,0,3.596,0,88.2,0,6.83,0,40.96,13.67,7.71,0,-77.3,5.86,19.813,0,2.51,0,1.195,2.51,0,9.9
1/11/2026,4:30, ,gtmpiwq_20H100465_010926_073000.bin,Pine Island,GTMNERR,0,42.834,0,27.61,0,3.573,0,90.2,0,6.99,0,42.16,14.08,7.75,0,-79.4,5.87,19.811,0,2.14,0,1.197,2.76,0,10.93
1/11/2026,4:45, ,gtmpiwq_20H100465_010926_073000.bin,Pine Island,GTMNERR,0,42.72,0,27.53,0,3.539,0,97.1,0,7.53,0,42.83,14.3,7.76,0,-79.9,5.86,19.814,0,2.4,0,1.208,3.41,0,13.54
1/11/2026,5:00, ,gtmpiwq_20H100465_010926_073000.bin,Pine Island,GTMNERR,0,42.477,0,27.35,0,3.492,0,98.1,0,7.62,0,44.29,14.78,7.75,0,-79.8,5.86,19.831,0,2.53,0,1.211,2.92,0,11.58
1/11/2026,5:15, ,gtmpiwq_20H100465_010926_073000.bin,Pine Island,GTMNERR,0,42.084,0,27.07,0,3.437,0,97.6,0,7.59,0,45.59,15.22,7.75,0,-79.3,5.87,19.846,0,2.48,0,1.202,2.69,0,10.63
1/11/2026,5:30, ,gtmpiwq_20H100465_010926_073000.bin,Pine Island,GTMNERR,0,41.744,0,26.83,0,3.381,0,97.9,0,7.61,0,46.91,15.66,7.74,0,-78.8,5.87,19.879,0,2.73,0,1.197,2.49,0,9.83
1/11/2026,5:45, ,gtmpiwq_20H100465_010926_073000.bin,Pine Island,GTMNERR,0,41.381,0,26.57,0,3.32,0,97.5,0,7.6,0,48.17,16.08,7.73,0,-78.1,5.86,19.904,0,3.38,0,1.192,2.49,0,9.85
1/11/2026,6:00, ,gtmpiwq_20H100465_010926_073000.bin,Pine Island,GTMNERR,0,40.971,0,26.28,0,3.259,0,96.9,0,7.56,0,49.4,16.49,7.71,0,-77.5,5.87,19.879,0,3.35,0,1.193,2.68,0,10.59
1/11/2026,6:15, ,gtmpiwq_20H100465_010926_073000.bin,Pine Island,GTMNERR,0,40.739,0,26.12,0,3.199,0,96.4,0,7.54,0,50.2,16.76,7.71,0,-77.1,5.86,19.844,0,3.52,0,1.201,2.74,0,10.85
1/11/2026,6:30, ,gtmpiwq_20H100465_010926_073000.bin,Pine Island,GTMNERR,0,40.633,0,26.04,0,3.139,0,96.3,0,7.53,0,50.45,16.84,7.7,0,-76.9,5.86,19.863,0,3.81,0,1.206,2.74,0,10.85
1/11/2026,6:45, ,gtmpiwq_20H100465_010926_073000.bin,Pine Island,GTMNERR,0,40.377,0,25.86,0,3.076,0,95.8,0,7.5,0,51.21,17.1,7.7,0,-76.4,5.86,19.849,0,4.12,0,1.199,2.7,0,10.67
1/11/2026,7:00, ,gtmpiwq_20H100465_010926_073000.bin,Pine Island,GTMNERR,0,40.188,0,25.72,0,3.014,0,95.6,0,7.49,0,51.99,17.36,7.69,0,-76,5.87,19.849,0,4.54,0,1.198,2.81,0,11.12
1/11/2026,7:15, ,gtmpiwq_20H100465_010926_073000.bin,Pine Island,GTMNERR,0,39.999,0,25.59,0,2.947,0,95.1,0,7.46,0,52.47,17.52,7.68,0,-75.6,5.86,19.839,0,4.79,0,1.197,2.77,0,10.96
1/11/2026,7:30, ,gtmpiwq_20H100465_010926_073000.bin,Pine Island,GTMNERR,0,39.734,0,25.4,0,2.87,0,94.7,0,7.44,0,53.28,17.78,7.68,0,-75.2,5.87,19.814,0,5.27,0,1.197,2.76,0,10.92
1/11/2026,7:45, ,gtmpiwq_20H100465_010926_073000.bin,Pine Island,GTMNERR,0,39.395,0,25.16,0,2.796,0,94.2,0,7.42,0,54.45,18.18,7.67,0,-74.6,5.85,19.795,0,4.58,0,1.207,3.04,0,12.04
1/11/2026,8:00, ,gtmpiwq_20H100465_010926_073000.bin,Pine Island,GTMNERR,0,38.958,0,24.85,0,2.715,0,92.7,0,7.31,0,55.31,18.46,7.65,0,-73.3,5.86,19.779,0,4.71,0,1.21,2.41,0,9.54
1/11/2026,8:15, ,gtmpiwq_20H100465_010926_073000.bin,Pine Island,GTMNERR,0,38.551,0,24.57,0,2.629,0,93.1,0,7.36,0,57.1,19.06,7.64,0,-73.1,5.86,19.769,0,4.03,0,1.202,2.54,0,10.04
1/11/2026,8:30, ,gtmpiwq_20H100465_010926_073000.bin,Pine Island,GTMNERR,0,38.241,0,24.35,0,2.548,0,92.3,0,7.3,0,57.88,19.32,7.63,0,-72.3,5.86,19.745,0,4.36,0,1.195,2.46,0,9.7
1/11/2026,8:45, ,gtmpiwq_20H100465_010926_073000.bin,Pine Island,GTMNERR,0,37.928,0,24.13,0,2.47,0,91.9,0,7.29,0,58.61,19.56,7.62,0,-71.8,5.86,19.719,0,4.56,0,1.195,2.53,0,9.99
1/11/2026,9:00, ,gtmpiwq_20H100465_010926_073000.bin,Pine Island,GTMNERR,0,37.622,0,23.91,0,2.408,0,91.1,0,7.24,0,59.43,19.84,7.61,0,-71.2,5.85,19.683,0,4.56,0,1.192,2.52,0,9.95
1/11/2026,9:15, ,gtmpiwq_20H100465_010926_073000.bin,Pine Island,GTMNERR,0,37.297,0,23.69,0,2.344,0,90.3,0,7.19,0,60.27,20.12,7.6,0,-70.5,5.86,19.657,0,5.42,0,1.198,2.64,0,10.44
1/11/2026,9:30, ,gtmpiwq_20H100465_010926_073000.bin,Pine Island,GTMNERR,0,37.062,0,23.52,0,2.298,0,89.7,0,7.15,0,60.85,20.31,7.59,0,-70.1,5.86,19.636,0,4.37,0,1.208,2.86,0,11.33
1/11/2026,9:45, ,gtmpiwq_20H100465_010926_073000.bin,Pine Island,GTMNERR,0,36.856,0,23.38,0,2.264,0,89.2,0,7.12,0,61.45,20.51,7.58,0,-69.6,5.85,19.615,0,3.85,0,1.202,2.88,0,11.41
1/11/2026,10:00, ,gtmpiwq_20H100465_010926_073000.bin,Pine Island,GTMNERR,0,36.727,0,23.29,0,2.268,0,88.1,0,7.03,0,61.82,20.64,7.58,0,-69.3,5.86,19.601,0,4.32,0,1.199,2.87,0,11.36
1/11/2026,10:15, ,gtmpiwq_20H100465_010926_073000.bin,Pine Island,GTMNERR,0,36.621,0,23.21,0,2.308,0,87.2,0,6.97,0,61.98,20.69,7.57,0,-68.9,5.85,19.595,0,4.26,0,1.199,2.9,0,11.48
1/11/2026,10:30, ,gtmpiwq_20H100465_010926_073000.bin,Pine Island,GTMNERR,0,36.696,0,23.27,0,2.366,0,89.4,0,7.14,0,62.35,20.81,7.58,0,-69.5,5.85,19.602,0,4.75,0,1.198,3.02,0,11.98
1/11/2026,10:45, ,gtmpiwq_20H100465_010926_073000.bin,Pine Island,GTMNERR,0,38.35,0,24.43,0,2.439,0,90.5,0,7.18,0,57.48,19.19,7.62,0,-71.7,5.86,19.59,0,4.6,0,1.194,2.74,0,10.86
1/11/2026,11:00, ,gtmpiwq_20H100465_010926_073000.bin,Pine Island,GTMNERR,0,38.268,0,24.37,0,2.521,0,91.2,0,7.23,0,57.48,19.18,7.62,0,-71.9,5.85,19.637,0,6.04,0,1.196,2.27,0,8.95
1/11/2026,11:15, ,gtmpiwq_20H100465_010926_073000.bin,Pine Island,GTMNERR,0,38.088,0,24.24,0,2.596,0,91.5,0,7.26,0,58.05,19.38,7.62,0,-71.9,5.86,19.66,0,6.2,0,1.203,2.4,0,9.48
1/11/2026,11:30, ,gtmpiwq_20H100465_010926_073000.bin,Pine Island,GTMNERR,0,38.283,0,24.38,0,2.681,0,93.1,0,7.38,0,57.34,19.14,7.64,0,-72.7,5.85,19.679,0,6.46,0,1.21,2.65,0,10.5
1/11/2026,11:45, ,gtmpiwq_20H100465_010926_073000.bin,Pine Island,GTMNERR,0,38.578,0,24.59,0,2.75,0,93.1,0,7.36,0,56.96,19.01,7.64,0,-72.9,5.85,19.692,0,5.31,0,1.208,2.4,0,9.48
1/11/2026,12:00, ,gtmpiwq_20H100465_010926_073000.bin,Pine Island,GTMNERR,0,38.794,0,24.74,0,2.815,0,93.2,0,7.37,0,56.16,18.75,7.65,0,-73.3,5.86,19.707,0,5.83,0,1.204,2.45,0,9.69
1/11/2026,12:15, ,gtmpiwq_20H100465_010926_073000.bin,Pine Island,GTMNERR,0,39.001,0,24.89,0,2.874,0,93.4,0,7.38,0,55.31,18.46,7.65,0,-73.7,5.85,19.711,0,5.9,0,1.202,2.67,0,10.55
1/11/2026,12:30, ,gtmpiwq_20H100465_010926_073000.bin,Pine Island,GTMNERR,0,39.483,0,25.23,0,2.923,0,94.4,0,7.44,0,54.55,18.21,7.67,0,-74.7,5.86,19.67,0,3.7,0,1.199,2.87,0,11.36
1/11/2026,12:45, ,gtmpiwq_20H100465_010926_073000.bin,Pine Island,GTMNERR,0,39.705,0,25.38,0,2.969,0,94.4,0,7.44,0,53.8,17.96,7.67,0,-75,5.85,19.662,0,3.9,0,1.196,3.02,0,11.95
1/11/2026,13:00, ,gtmpiwq_20H100465_010926_073000.bin,Pine Island,GTMNERR,0,39.808,0,25.46,0,3.011,0,94.7,0,7.46,0,53.47,17.85,7.68,0,-75.3,5.85,19.67,0,4.25,0,1.196,2.8,0,11.11
1/11/2026,13:15, ,gtmpiwq_20H100465_010926_073000.bin,Pine Island,GTMNERR,0,39.996,0,25.59,0,3.048,0,94.7,0,7.45,0,53,17.69,7.68,0,-75.6,5.85,19.675,0,3.83,0,1.202,2.62,0,10.38
1/11/2026,13:30, ,gtmpiwq_20H100465_010926_073000.bin,Pine Island,GTMNERR,0,40.111,0,25.67,0,3.079,0,95.1,0,7.48,0,52.57,17.55,7.69,0,-75.9,5.85,19.674,0,3.85,0,1.208,3.4,0,13.51
1/11/2026,13:45, ,gtmpiwq_20H100465_010926_073000.bin,Pine Island,GTMNERR,0,40.24,0,25.76,0,3.109,0,95,0,7.47,0,52.05,17.37,7.69,0,-76,5.85,19.66,0,3.88,0,1.201,3.33,0,13.21
1/11/2026,14:00, ,gtmpiwq_20H100465_010926_073000.bin,Pine Island,GTMNERR,0,40.355,0,25.84,0,3.138,0,95.2,0,7.48,0,51.85,17.31,7.69,0,-76.2,5.84,19.669,0,3.26,0,1.194,3.16,0,12.55
1/11/2026,14:15, ,gtmpiwq_20H100465_010926_073000.bin,Pine Island,GTMNERR,0,40.462,0,25.92,0,3.17,0,95.1,0,7.47,0,51.49,17.19,7.7,0,-76.3,5.85,19.675,0,3.21,0,1.199,3.71,0,14.74
1/11/2026,14:30, ,gtmpiwq_20H100465_010926_073000.bin,Pine Island,GTMNERR,0,40.536,0,25.97,0,3.205,0,95.4,0,7.48,0,50.98,17.02,7.7,0,-76.5,5.85,19.684,0,3.25,0,1.196,3.25,0,12.89
1/11/2026,14:45, ,gtmpiwq_20H100465_010926_073000.bin,Pine Island,GTMNERR,0,40.627,0,26.04,0,3.237,0,96.1,0,7.53,0,50.78,16.95,7.71,0,-76.9,5.85,19.707,0,3.16,0,1.195,3.42,0,13.6
1/11/2026,15:00, ,gtmpiwq_20H100465_010926_073000.bin,Pine Island,GTMNERR,0,40.737,0,26.12,0,3.266,0,96.7,0,7.58,0,50.54,16.87,7.71,0,-77.3,5.85,19.727,0,2.86,0,1.192,3.3,0,13.09
1/11/2026,15:15, ,gtmpiwq_20H100465_010926_073000.bin,Pine Island,GTMNERR,0,40.861,0,26.2,0,3.292,0,95.9,0,7.51,0,49.91,16.66,7.71,0,-77.4,5.84,19.726,0,2.96,0,1.192,3.36,0,13.32
1/11/2026,15:30, ,gtmpiwq_20H100465_010926_073000.bin,Pine Island,GTMNERR,0,40.99,0,26.3,0,3.313,0,95.8,0,7.5,0,49.68,16.58,7.72,0,-77.5,5.84,19.721,0,2.73,0,1.193,3.37,0,13.38
1/11/2026,15:45, ,gtmpiwq_20H100465_010926_073000.bin,Pine Island,GTMNERR,0,41.09,0,26.37,0,3.326,0,95.2,0,7.45,0,49.12,16.4,7.71,0,-77.4,5.85,19.716,0,2.61,0,1.196,3.59,0,14.26
1/11/2026,16:00, ,gtmpiwq_20H100465_010926_073000.bin,Pine Island,GTMNERR,0,41.132,0,26.4,0,3.333,0,92.6,0,7.24,0,47.64,15.9,7.7,0,-76.6,5.84,19.722,0,2.63,0,1.205,2.87,0,11.35
1/11/2026,16:15, ,gtmpiwq_20H100465_010926_073000.bin,Pine Island,GTMNERR,0,41.16,0,26.42,0,3.331,0,89.5,0,7,0,46.27,15.44,7.69,0,-76.1,5.85,19.728,0,2.83,0,1.203,3.11,0,12.34
1/11/2026,16:30, ,gtmpiwq_20H100465_010926_073000.bin,Pine Island,GTMNERR,0,41.121,0,26.39,0,3.31,0,93.8,0,7.34,0,46.82,15.63,7.72,0,-77.7,5.84,19.717,0,2.88,0,1.197,3.19,0,12.66
1/11/2026,16:45, ,gtmpiwq_20H100465_010926_073000.bin,Pine Island,GTMNERR,0,41.018,0,26.32,0,3.278,0,96.2,0,7.53,0,47.82,15.96,7.72,0,-77.8,5.85,19.71,0,2.26,0,1.202,3.05,0,12.1
1/11/2026,17:00, ,gtmpiwq_20H100465_010926_073000.bin,Pine Island,GTMNERR,0,40.783,0,26.15,0,3.232,0,98.2,0,7.69,0,49.56,16.54,7.73,0,-78.1,5.85,19.736,0,3.12,0,1.206,3,0,11.91
1/11/2026,17:15, ,gtmpiwq_20H100465_010926_073000.bin,Pine Island,GTMNERR,0,40.459,0,25.92,0,3.186,0,98.1,0,7.69,0,51.03,17.03,7.72,0,-77.7,5.84,19.734,0,3.48,0,1.197,2.95,0,11.7
1/11/2026,17:30, ,gtmpiwq_20H100465_010926_073000.bin,Pine Island,GTMNERR,0,40.182,0,25.72,0,3.138,0,97.6,0,7.66,0,51.88,17.32,7.71,0,-77.1,5.85,19.719,0,4.05,0,1.192,3.16,0,12.53
1/11/2026,17:45, ,gtmpiwq_20H100465_010926_073000.bin,Pine Island,GTMNERR,0,39.842,0,25.48,0,3.091,0,97.3,0,7.65,0,52.41,17.49,7.7,0,-76.6,5.84,19.725,0,4.94,0,1.193,3.1,0,12.31
1/11/2026,18:00, ,gtmpiwq_20H100465_010926_073000.bin,Pine Island,GTMNERR,0,39.707,0,25.38,0,3.034,0,96.5,0,7.6,0,53.17,17.75,7.69,0,-76.2,5.84,19.694,0,4.38,0,1.21,3.04,0,12.05
1/11/2026,18:15, ,gtmpiwq_20H100465_010926_073000.bin,Pine Island,GTMNERR,0,39.204,0,25.03,0,2.978,0,96.8,0,7.64,0,54.46,18.18,7.68,0,-75.6,5.85,19.672,0,4.83,0,1.205,3.31,0,13.13
1/11/2026,18:30, ,gtmpiwq_20H100465_010926_073000.bin,Pine Island,GTMNERR,0,38.733,0,24.7,0,2.929,0,96.7,0,7.64,0,56.11,18.73,7.68,0,-75.3,5.84,19.68,0,4.22,0,1.202,3.59,0,14.27
1/11/2026,18:45, ,gtmpiwq_20H100465_010926_073000.bin,Pine Island,GTMNERR,0,38.399,0,24.46,0,2.863,0,96.1,0,7.61,0,57.31,19.13,7.67,0,-74.8,5.85,19.679,0,4.08,0,1.199,3.51,0,13.93
1/11/2026,19:00, ,gtmpiwq_20H100465_010926_073000.bin,Pine Island,GTMNERR,0,37.919,0,24.12,0,2.798,0,96,0,7.62,0,58.57,19.55,7.66,0,-74.1,5.84,19.653,0,4.39,0,1.193,3.61,0,14.33
1/11/2026,19:15, ,gtmpiwq_20H100465_010926_073000.bin,Pine Island,GTMNERR,0,37.411,0,23.77,0,2.733,0,95.1,0,7.57,0,59.93,20,7.64,0,-73.3,5.84,19.625,0,4.76,0,1.193,3.51,0,13.96
1/11/2026,19:30, ,gtmpiwq_20H100465_010926_073000.bin,Pine Island,GTMNERR,0,37.022,0,23.49,0,2.667,0,93.8,0,7.48,0,60.81,20.3,7.63,0,-72.1,5.85,19.578,0,4.59,0,1.205,3.74,0,14.86
1/11/2026,19:45, ,gtmpiwq_20H100465_010926_073000.bin,Pine Island,GTMNERR,0,36.699,0,23.27,0,2.601,0,93.5,0,7.48,0,61.78,20.62,7.62,0,-72,5.84,19.527,0,4.62,0,1.2,3.67,0,14.6
1/11/2026,20:00, ,gtmpiwq_20H100465_010926_073000.bin,Pine Island,GTMNERR,0,36.413,0,23.07,0,2.533,0,92.8,0,7.44,0,62.38,20.82,7.61,0,-71.3,5.84,19.484,0,4.92,0,1.198,3.57,0,14.19
1/11/2026,20:15, ,gtmpiwq_20H100465_010926_073000.bin,Pine Island,GTMNERR,0,36.08,0,22.83,0,2.465,0,92.5,0,7.43,0,63.39,21.16,7.61,0,-71,5.84,19.438,0,5.02,0,1.194,3.69,0,14.65
1/11/2026,20:30, ,gtmpiwq_20H100465_010926_073000.bin,Pine Island,GTMNERR,0,35.744,0,22.6,0,2.4,0,91.8,0,7.39,0,64.17,21.42,7.6,0,-70.5,5.83,19.385,0,5.13,0,1.197,3.81,0,15.16
1/11/2026,20:45, ,gtmpiwq_20H100465_010926_073000.bin,Pine Island,GTMNERR,0,35.394,0,22.36,0,2.326,0,91.8,0,7.41,0,64.97,21.69,7.6,0,-70.3,5.84,19.311,0,5.06,0,1.21,3.92,0,15.58
1/11/2026,21:00, ,gtmpiwq_20H100465_010926_073000.bin,Pine Island,GTMNERR,0,35.098,0,22.15,0,2.265,0,91.5,0,7.41,0,65.52,21.87,7.59,0,-70,5.84,19.252,0,5.64,0,1.207,4.2,0,16.71
1/11/2026,21:15, ,gtmpiwq_20H100465_010926_073000.bin,Pine Island,GTMNERR,0,34.836,0,21.97,0,2.228,0,90.8,0,7.36,0,66.12,22.07,7.59,0,-69.7,5.84,19.186,0,5.13,0,1.2,4.09,0,16.25
1/11/2026,21:30, ,gtmpiwq_20H100465_010926_073000.bin,Pine Island,GTMNERR,0,34.674,0,21.86,0,2.22,0,88.5,0,7.19,0,65.66,21.91,7.57,0,-68.9,5.84,19.146,0,4.04,0,1.198,4.34,0,17.28
1/11/2026,21:45, ,gtmpiwq_20H100465_010926_073000.bin,Pine Island,GTMNERR,0,34.606,0,21.81,0,2.258,0,84.2,0,6.85,0,64.97,21.68,7.56,0,-68.4,5.84,19.12,0,3.84,0,1.193,3.84,0,15.27
1/11/2026,22:00, ,gtmpiwq_20H100465_010926_073000.bin,Pine Island,GTMNERR,0,35.798,0,22.64,0,2.321,0,93.4,0,7.55,0,64.26,21.45,7.62,0,-71.5,5.83,19.183,0,4.74,0,1.211,4.01,0,15.94
1/11/2026,22:15, ,gtmpiwq_20H100465_010926_073000.bin,Pine Island,GTMNERR,0,37.129,0,23.57,0,2.417,0,94.7,0,7.6,0,60.65,20.24,7.65,0,-73.3,5.84,19.233,0,5.07,0,1.211,3.61,0,14.35
1/11/2026,22:30, ,gtmpiwq_20H100465_010926_073000.bin,Pine Island,GTMNERR,0,36.955,0,23.45,0,2.491,0,93.9,0,7.54,0,60.99,20.36,7.64,0,-72.8,5.84,19.29,0,6.18,0,1.198,3.65,0,14.5
1/11/2026,22:45, ,gtmpiwq_20H100465_010926_073000.bin,Pine Island,GTMNERR,0,36.542,0,23.16,0,2.567,0,93.4,0,7.51,0,62.63,20.91,7.63,0,-72.3,5.85,19.226,0,5,0,1.202,4.12,0,16.4
1/11/2026,23:00, ,gtmpiwq_20H100465_010926_073000.bin,Pine Island,GTMNERR,0,36.549,0,23.16,0,2.648,0,93.3,0,7.52,0,62.65,20.91,7.63,0,-72.1,5.84,19.2,0,5.29,0,1.2,3.56,0,14.15
1/11/2026,23:15, ,gtmpiwq_20H100465_010926_073000.bin,Pine Island,GTMNERR,0,36.962,0,23.45,0,2.729,0,93.8,0,7.55,0,61.65,20.58,7.64,0,-72.8,5.83,19.142,0,4.61,0,1.201,3.46,0,13.74
1/11/2026,23:30, ,gtmpiwq_20H100465_010926_073000.bin,Pine Island,GTMNERR,0,37.351,0,23.73,0,2.801,0,94.2,0,7.58,0,60.92,20.33,7.65,0,-73.4,5.84,19.07,0,4.64,0,1.202,3.35,0,13.28
1/11/2026,23:45, ,gtmpiwq_20H100465_010926_073000.bin,Pine Island,GTMNERR,0,37.69,0,23.96,0,2.871,0,94.7,0,7.61,0,59.66,19.91,7.66,0,-74,5.82,19.087,0,5.06,0,1.2,3.7,0,14.69
1/12/2026,0:00, ,gtmpiwq_20H100465_010926_073000.bin,Pine Island,GTMNERR,0,38.096,0,24.25,0,2.944,0,95.1,0,7.63,0,58.46,19.51,7.67,0,-74.8,5.83,19.081,0,5.26,0,1.198,3.68,0,14.64
1/12/2026,0:15, ,gtmpiwq_20H100465_010926_073000.bin,Pine Island,GTMNERR,0,38.466,0,24.51,0,3.004,0,95.5,0,7.65,0,57.56,19.21,7.68,0,-75.3,5.84,19.057,0,4.49,0,1.199,3.44,0,13.68
1/12/2026,0:30, ,gtmpiwq_20H100465_010926_073000.bin,Pine Island,GTMNERR,0,38.801,0,24.75,0,3.058,0,95.8,0,7.67,0,56.77,18.95,7.69,0,-75.9,5.83,18.999,0,4.12,0,1.195,3.38,0,13.43
1/12/2026,0:45, ,gtmpiwq_20H100465_010926_073000.bin,Pine Island,GTMNERR,0,39.105,0,24.96,0,3.107,0,95.9,0,7.67,0,55.93,18.67,7.7,0,-76.3,5.83,18.946,0,4.43,0,1.194,3.41,0,13.54
1/12/2026,1:00, ,gtmpiwq_20H100465_010926_073000.bin,Pine Island,GTMNERR,0,39.329,0,25.12,0,3.157,0,95.7,0,7.66,0,55.27,18.45,7.7,0,-76.5,5.83,18.868,0,4.34,0,1.207,3.26,0,12.93
1/12/2026,1:15, ,gtmpiwq_20H100465_010926_073000.bin,Pine Island,GTMNERR,0,39.574,0,25.29,0,3.206,0,95.7,0,7.67,0,54.43,18.17,7.71,0,-76.9,5.83,18.805,0,3.96,0,1.209,2.73,0,10.81
1/12/2026,1:30, ,gtmpiwq_20H100465_010926_073000.bin,Pine Island,GTMNERR,0,39.842,0,25.48,0,3.257,0,95.9,0,7.66,0,53.6,17.89,7.71,0,-77.1,5.83,18.876,0,3.88,0,1.197,3.18,0,12.63
1/12/2026,1:45, ,gtmpiwq_20H100465_010926_073000.bin,Pine Island,GTMNERR,0,40.038,0,25.62,0,3.302,0,95.8,0,7.66,0,53.12,17.73,7.72,0,-77.5,5.82,18.792,0,4.34,0,1.195,3.19,0,12.66
1/12/2026,2:00, ,gtmpiwq_20H100465_010926_073000.bin,Pine Island,GTMNERR,0,40.325,0,25.83,0,3.349,0,96.1,0,7.67,0,52.2,17.43,7.72,0,-77.8,5.83,18.78,0,3.65,0,1.192,2.91,0,11.54
1/12/2026,2:15, ,gtmpiwq_20H100465_010926_073000.bin,Pine Island,GTMNERR,0,40.67,0,26.07,0,3.392,0,96.4,0,7.69,0,51.32,17.13,7.73,0,-78.4,5.82,18.759,0,4.08,0,1.203,2.84,0,11.23
1/12/2026,2:30, ,gtmpiwq_20H100465_010926_073000.bin,Pine Island,GTMNERR,0,40.762,0,26.14,0,3.441,0,96.4,0,7.71,0,51.19,17.09,7.74,0,-78.7,5.83,18.673,0,3.34,0,1.207,2.98,0,11.83
1/12/2026,2:45, ,gtmpiwq_20H100465_010926_073000.bin,Pine Island,GTMNERR,0,40.948,0,26.27,0,3.493,0,96.4,0,7.69,0,50.41,16.83,7.74,0,-78.8,5.83,18.694,0,3.17,0,1.211,3.11,0,12.33
1/12/2026,3:00, ,gtmpiwq_20H100465_010926_073000.bin,Pine Island,GTMNERR,0,41.321,0,26.53,0,3.542,0,96.5,0,7.69,0,49.19,16.42,7.75,0,-79.2,5.82,18.711,0,3.14,0,1.202,3.94,0,15.66
1/12/2026,3:15, ,gtmpiwq_20H100465_010926_073000.bin,Pine Island,GTMNERR,0,41.722,0,26.82,0,3.589,0,96.5,0,7.68,0,47.96,16.01,7.75,0,-79.7,5.83,18.706,0,3.04,0,1.197,2.87,0,11.36
1/12/2026,3:30, ,gtmpiwq_20H100465_010926_073000.bin,Pine Island,GTMNERR,0,42.046,0,27.05,0,3.635,0,96.6,0,7.68,0,46.79,15.62,7.76,0,-80.1,5.82,18.663,0,3.42,0,1.192,2.89,0,11.46
1/12/2026,3:45, ,gtmpiwq_20H100465_010926_073000.bin,Pine Island,GTMNERR,0,42.296,0,27.23,0,3.674,0,96.5,0,7.67,0,45.99,15.35,7.77,0,-80.4,5.82,18.631,0,2.9,0,1.195,2.62,0,10.37
1/12/2026,4:00, ,gtmpiwq_20H100465_010926_073000.bin,Pine Island,GTMNERR,0,42.508,0,27.38,0,3.709,0,96.3,0,7.65,0,45.3,15.12,7.77,0,-80.6,5.83,18.621,0,2.89,0,1.203,2.83,0,11.22
1/12/2026,4:15, ,gtmpiwq_20H100465_010926_073000.bin,Pine Island,GTMNERR,0,42.624,0,27.46,0,3.741,0,96.1,0,7.63,0,44.87,14.98,7.77,0,-80.7,5.82,18.624,0,2.9,0,1.207,2.83,0,11.2
1/12/2026,4:30, ,gtmpiwq_20H100465_010926_073000.bin,Pine Island,GTMNERR,0,42.803,0,27.59,0,3.769,0,96,0,7.61,0,44.23,14.77,7.77,0,-80.8,5.83,18.61,0,2.98,0,1.2,2.48,0,9.8
1/12/2026,4:45, ,gtmpiwq_20H100465_010926_073000.bin,Pine Island,GTMNERR,0,42.923,0,27.68,0,3.793,0,95.5,0,7.57,0,43.85,14.64,7.77,0,-80.8,5.82,18.615,0,2.55,0,1.193,2.87,0,11.36
1/12/2026,5:00, ,gtmpiwq_20H100465_010926_073000.bin,Pine Island,GTMNERR,0,43.06,0,27.78,0,3.81,0,94.9,0,7.53,0,43.19,14.42,7.77,0,-80.7,5.82,18.582,0,2.57,0,1.196,2.29,0,9.02
1/12/2026,5:15, ,gtmpiwq_20H100465_010926_073000.bin,Pine Island,GTMNERR,0,43.106,0,27.81,0,3.818,0,94.4,0,7.48,0,43.01,14.36,7.77,0,-80.7,5.83,18.56,0,2.41,0,1.193,2.67,0,10.57
1/12/2026,5:30, ,gtmpiwq_20H100465_010926_073000.bin,Pine Island,GTMNERR,0,43.212,0,27.88,0,3.813,0,92.3,0,7.31,0,41.87,13.98,7.77,0,-80.4,5.82,18.607,0,2.39,0,1.197,2.46,0,9.73
1/12/2026,5:45, ,gtmpiwq_20H100465_010926_073000.bin,Pine Island,GTMNERR,0,43.263,0,27.92,0,3.792,0,92.3,0,7.3,0,39.87,13.31,7.76,0,-80,5.8,18.601,0,2.33,0,1.197,2.21,0,8.72
1/12/2026,6:00, ,gtmpiwq_20H100465_010926_073000.bin,Pine Island,GTMNERR,0,43.2,0,27.88,0,3.751,0,93.6,0,7.41,0,40.7,13.59,7.77,0,-80.8,5.82,18.615,0,2.21,0,1.211,2.45,0,9.69
1/12/2026,6:15, ,gtmpiwq_20H100465_010926_073000.bin,Pine Island,GTMNERR,0,43.036,0,27.76,0,3.708,0,94.3,0,7.48,0,41.88,13.98,7.77,0,-80.8,5.83,18.579,0,2.36,0,1.201,2.53,0,9.99
1/12/2026,6:30, ,gtmpiwq_20H100465_010926_073000.bin,Pine Island,GTMNERR,0,42.509,0,27.38,0,3.654,0,95.3,0,7.61,0,45.01,15.03,7.77,0,-80.6,5.82,18.311,0,2.54,0,1.205,2.42,0,9.56
1/12/2026,6:45, ,gtmpiwq_20H100465_010926_073000.bin,Pine Island,GTMNERR,0,42.448,0,27.34,0,3.602,0,95.6,0,7.63,0,45.36,15.14,7.77,0,-80.6,5.82,18.374,0,2.84,0,1.207,2.3,0,9.09
1/12/2026,7:00, ,gtmpiwq_20H100465_010926_073000.bin,Pine Island,GTMNERR,0,41.874,0,26.93,0,3.545,0,95.3,0,7.63,0,47.44,15.84,7.76,0,-80,5.83,18.337,0,3.04,0,1.208,2.32,0,9.17
1/12/2026,7:15, ,gtmpiwq_20H100465_010926_073000.bin,Pine Island,GTMNERR,0,41.282,0,26.51,0,3.492,0,95,0,7.64,0,49.33,16.47,7.75,0,-79.4,5.82,18.244,0,3.79,0,1.21,2.44,0,9.64
1/12/2026,7:30, ,gtmpiwq_20H100465_010926_073000.bin,Pine Island,GTMNERR,0,40.758,0,26.13,0,3.437,0,94.7,0,7.64,0,50.64,16.9,7.74,0,-78.8,5.82,18.143,0,4.78,0,1.211,2.6,0,10.3
1/12/2026,7:45, ,gtmpiwq_20H100465_010926_073000.bin,Pine Island,GTMNERR,0,40.311,0,25.82,0,3.381,0,94.6,0,7.66,0,52.42,17.5,7.73,0,-78.3,5.81,18.078,0,3.84,0,1.211,2.38,0,9.4
1/12/2026,8:00, ,gtmpiwq_20H100465_010926_073000.bin,Pine Island,GTMNERR,0,40.071,0,25.65,0,3.322,0,94.1,0,7.63,0,52.91,17.66,7.73,0,-78,5.82,18.038,0,4.77,0,1.205,2.27,0,8.96
1/12/2026,8:15, ,gtmpiwq_20H100465_010926_073000.bin,Pine Island,GTMNERR,0,39.862,0,25.5,0,3.263,0,94,0,7.64,0,53.6,17.89,7.72,0,-77.7,5.82,17.995,0,5.2,0,1.204,2.44,0,9.62
1/12/2026,8:30, ,gtmpiwq_20H100465_010926_073000.bin,Pine Island,GTMNERR,0,39.66,0,25.36,0,3.199,0,93.7,0,7.63,0,54.2,18.09,7.72,0,-77.5,5.82,17.979,0,5.35,0,1.202,2.48,0,9.79
1/12/2026,8:45, ,gtmpiwq_20H100465_010926_073000.bin,Pine Island,GTMNERR,0,39.405,0,25.18,0,3.136,0,93.7,0,7.64,0,55.16,18.41,7.72,0,-77.2,5.82,17.942,0,4.94,0,1.201,2.36,0,9.31
1/12/2026,9:00, ,gtmpiwq_20H100465_010926_073000.bin,Pine Island,GTMNERR,0,39.044,0,24.92,0,3.074,0,93.4,0,7.64,0,56.11,18.73,7.71,0,-76.8,5.81,17.847,0,4.89,0,1.201,2.39,0,9.44
1/12/2026,9:15, ,gtmpiwq_20H100465_010926_073000.bin,Pine Island,GTMNERR,0,38.674,0,24.66,0,3.012,0,92.9,0,7.62,0,57.14,19.07,7.7,0,-76.3,5.82,17.745,0,5.1,0,1.209,2.15,0,8.48
1/12/2026,9:30, ,gtmpiwq_20H100465_010926_073000.bin,Pine Island,GTMNERR,0,38.145,0,24.29,0,2.947,0,93,0,7.67,0,59.02,19.7,7.69,0,-75.8,5.82,17.607,0,4.97,0,1.201,2.69,0,10.65
1/12/2026,9:45, ,gtmpiwq_20H100465_010926_073000.bin,Pine Island,GTMNERR,0,37.714,0,23.98,0,2.89,0,92.1,0,7.63,0,60.02,20.04,7.68,0,-75,5.81,17.473,0,5.23,0,1.201,2.51,0,9.92
1/12/2026,10:00, ,gtmpiwq_20H100465_010926_073000.bin,Pine Island,GTMNERR,0,37.31,0,23.7,0,2.834,0,91.8,0,7.64,0,61.34,20.47,7.67,0,-74.4,5.82,17.342,0,5.06,0,1.198,2.53,0,9.99
1/12/2026,10:15, ,gtmpiwq_20H100465_010926_073000.bin,Pine Island,GTMNERR,0,36.947,0,23.44,0,2.779,0,91.5,0,7.64,0,62.22,20.77,7.66,0,-73.9,5.81,17.224,0,5.23,0,1.197,2.61,0,10.33
1/12/2026,10:30, ,gtmpiwq_20H100465_010926_073000.bin,Pine Island,GTMNERR,0,36.682,0,23.26,0,2.737,0,91.4,0,7.65,0,62.96,21.02,7.66,0,-73.9,5.81,17.139,0,5.83,0,1.194,2.75,0,10.89
1/12/2026,10:45, ,gtmpiwq_20H100465_010926_073000.bin,Pine Island,GTMNERR,0,36.417,0,23.07,0,2.721,0,90.8,0,7.62,0,63.68,21.26,7.65,0,-73.4,5.82,17.074,0,4.46,0,1.194,2.9,0,11.51
1/12/2026,11:00, ,gtmpiwq_20H100465_010926_073000.bin,Pine Island,GTMNERR,0,36.252,0,22.96,0,2.729,0,89.7,0,7.54,0,64.04,21.37,7.64,0,-72.6,5.81,17.045,0,4.1,0,1.192,2.93,0,11.61
1/12/2026,11:15, ,gtmpiwq_20H100465_010926_073000.bin,Pine Island,GTMNERR,0,36.195,0,22.92,0,2.765,0,88.1,0,7.41,0,63.58,21.22,7.64,0,-72.6,5.81,17.05,0,3.51,0,1.2,2.71,0,10.71
1/12/2026,11:30, ,gtmpiwq_20H100465_010926_073000.bin,Pine Island,GTMNERR,0,38.283,0,24.38,0,2.808,0,93.1,0,7.75,0,58.43,19.5,7.7,0,-75.9,5.82,17.103,0,6.31,0,1.205,2.9,0,11.47
1/12/2026,11:45, ,gtmpiwq_20H100465_010926_073000.bin,Pine Island,GTMNERR,0,38.127,0,24.27,0,2.855,0,93.3,0,7.75,0,58.68,19.58,7.69,0,-75.9,5.81,17.239,0,5.4,0,1.207,2.92,0,11.58
1/12/2026,12:00, ,gtmpiwq_20H100465_010926_073000.bin,Pine Island,GTMNERR,0,37.728,0,23.99,0,2.911,0,94.3,0,7.85,0,60.33,20.14,7.7,0,-75.9,5.81,17.225,0,4.6,0,1.207,2.74,0,10.85
1/12/2026,12:15, ,gtmpiwq_20H100465_010926_073000.bin,Pine Island,GTMNERR,0,38.093,0,24.25,0,2.965,0,94.9,0,7.88,0,59.23,19.77,7.71,0,-76.5,5.81,17.323,0,5.07,0,1.208,2.75,0,10.87
1/12/2026,12:30, ,gtmpiwq_20H100465_010926_073000.bin,Pine Island,GTMNERR,0,38.73,0,24.7,0,3.018,0,95.6,0,7.91,0,57.47,19.18,7.72,0,-77.4,5.8,17.343,0,5.09,0,1.211,2.64,0,10.45
1/12/2026,12:45, ,gtmpiwq_20H100465_010926_073000.bin,Pine Island,GTMNERR,0,39.008,0,24.89,0,3.062,0,96,0,7.91,0,56.63,18.9,7.73,0,-77.9,5.81,17.442,0,5.06,0,1.203,3.3,0,13.1
1/12/2026,13:00, ,gtmpiwq_20H100465_010926_073000.bin,Pine Island,GTMNERR,0,39.322,0,25.12,0,3.104,0,96.6,0,7.95,0,55.71,18.6,7.74,0,-78.5,5.81,17.486,0,4.58,0,1.202,2.6,0,10.27
1/12/2026,13:15, ,gtmpiwq_20H100465_010926_073000.bin,Pine Island,GTMNERR,0,39.544,0,25.27,0,3.152,0,97,0,7.99,0,55.04,18.37,7.74,0,-78.9,5.8,17.389,0,4.88,0,1.202,2.74,0,10.84
1/12/2026,13:30, ,gtmpiwq_20H100465_010926_073000.bin,Pine Island,GTMNERR,0,39.672,0,25.36,0,3.199,0,97.4,0,8.03,0,54.61,18.23,7.75,0,-79.2,5.8,17.286,0,4.99,0,1.194,3,0,11.89
1/12/2026,13:45, ,gtmpiwq_20H100465_010926_073000.bin,Pine Island,GTMNERR,0,39.902,0,25.52,0,3.244,0,97.5,0,8.03,0,54.14,18.07,7.75,0,-79.3,5.81,17.309,0,4.34,0,1.196,3.02,0,11.97
1/12/2026,14:00, ,gtmpiwq_20H100465_010926_073000.bin,Pine Island,GTMNERR,0,40.196,0,25.73,0,3.285,0,97.9,0,8.07,0,53.24,17.77,7.76,0,-79.7,5.8,17.21,0,4.62,0,1.21,3.07,0,12.17
1/12/2026,14:15, ,gtmpiwq_20H100465_010926_073000.bin,Pine Island,GTMNERR,0,40.311,0,25.81,0,3.323,0,97.8,0,8.06,0,53.11,17.73,7.76,0,-79.8,5.81,17.167,0,4.42,0,1.208,3.23,0,12.82
1/12/2026,14:30, ,gtmpiwq_20H100465_010926_073000.bin,Pine Island,GTMNERR,0,40.504,0,25.95,0,3.36,0,97.7,0,8.05,0,52.29,17.46,7.76,0,-79.9,5.8,17.141,0,3.97,0,1.196,2.89,0,11.45
1/12/2026,14:45, ,gtmpiwq_20H100465_010926_073000.bin,Pine Island,GTMNERR,0,40.618,0,26.03,0,3.398,0,98.3,0,8.09,0,51.81,17.29,7.77,0,-80.2,5.8,17.19,0,4.18,0,1.193,3.12,0,12.37
1/12/2026,15:00, ,gtmpiwq_20H100465_010926_073000.bin,Pine Island,GTMNERR,0,40.712,0,26.1,0,3.442,0,98.2,0,8.07,0,51.66,17.24,7.77,0,-80.4,5.81,17.206,0,3.77,0,1.202,3.16,0,12.53
1/12/2026,15:15, ,gtmpiwq_20H100465_010926_073000.bin,Pine Island,GTMNERR,0,40.941,0,26.26,0,3.479,0,98.4,0,8.08,0,51.09,17.05,7.78,0,-80.7,5.8,17.251,0,3.86,0,1.21,2.79,0,11.03
1/12/2026,15:30, ,gtmpiwq_20H100465_010926_073000.bin,Pine Island,GTMNERR,0,41.064,0,26.35,0,3.519,0,98.5,0,8.09,0,50.63,16.9,7.78,0,-81,5.81,17.217,0,3.84,0,1.197,3.41,0,13.55
1/12/2026,15:45, ,gtmpiwq_20H100465_010926_073000.bin,Pine Island,GTMNERR,0,41.248,0,26.48,0,3.552,0,98.1,0,8.05,0,50.15,16.74,7.78,0,-81,5.8,17.211,0,3.2,0,1.201,3.27,0,12.98
1/12/2026,16:00, ,gtmpiwq_20H100465_010926_073000.bin,Pine Island,GTMNERR,0,41.416,0,26.6,0,3.579,0,97.8,0,8.02,0,49.66,16.58,7.78,0,-81.1,5.8,17.206,0,3.31,0,1.206,3.26,0,12.95
1/12/2026,16:15, ,gtmpiwq_20H100465_010926_073000.bin,Pine Island,GTMNERR,0,41.572,0,26.71,0,3.599,0,97.6,0,8,0,49.11,16.39,7.78,0,-81,5.81,17.225,0,2.63,0,1.193,3.14,0,12.47
1/12/2026,16:30, ,gtmpiwq_20H100465_010926_073000.bin,Pine Island,GTMNERR,0,41.702,0,26.8,0,3.613,0,97.2,0,7.95,0,48.21,16.09,7.78,0,-81.1,5.8,17.26,0,2.67,0,1.199,3.24,0,12.87
1/12/2026,16:45, ,gtmpiwq_20H100465_010926_073000.bin,Pine Island,GTMNERR,0,41.715,0,26.81,0,3.621,0,98.5,0,8.06,0,48.58,16.22,7.79,0,-81.6,5.81,17.204,0,2.71,0,1.211,3.21,0,12.73
1/12/2026,17:00, ,gtmpiwq_20H100465_010926_073000.bin,Pine Island,GTMNERR,0,41.806,0,26.88,0,3.615,0,96.1,0,7.86,0,47.25,15.77,7.78,0,-81,5.8,17.25,0,2.63,0,1.198,3.89,0,15.45
1/12/2026,17:15, ,gtmpiwq_20H100465_010926_073000.bin,Pine Island,GTMNERR,0,41.711,0,26.81,0,3.6,0,96.7,0,7.92,0,47.71,15.93,7.79,0,-81.5,5.8,17.222,0,3.1,0,1.193,2.94,0,11.67
1/12/2026,17:30, ,gtmpiwq_20H100465_010926_073000.bin,Pine Island,GTMNERR,0,41.499,0,26.66,0,3.578,0,97.9,0,8.04,0,47.29,15.79,7.8,0,-81.8,5.81,17.13,0,2.68,0,1.198,3.28,0,13.01
1/12/2026,17:45, ,gtmpiwq_20H100465_010926_073000.bin,Pine Island,GTMNERR,0,41.481,0,26.65,0,3.547,0,98.1,0,8.04,0,48.75,16.27,7.79,0,-81.6,5.8,17.164,0,2.83,0,1.2,3.22,0,12.78
1/12/2026,18:00, ,gtmpiwq_20H100465_010926_073000.bin,Pine Island,GTMNERR,0,41.165,0,26.42,0,3.506,0,98.4,0,8.09,0,49.88,16.65,7.79,0,-81.4,5.81,17.124,0,2.89,0,1.201,3.34,0,13.28
1/12/2026,18:15, ,gtmpiwq_20H100465_010926_073000.bin,Pine Island,GTMNERR,0,40.77,0,26.14,0,3.459,0,98.8,0,8.15,0,51.37,17.15,7.78,0,-81.2,5.79,17.023,0,3.5,0,1.199,3.18,0,12.61
1/12/2026,18:30, ,gtmpiwq_20H100465_010926_073000.bin,Pine Island,GTMNERR,0,40.43,0,25.9,0,3.411,0,98.7,0,8.17,0,52.41,17.49,7.78,0,-80.9,5.8,16.938,0,4.15,0,1.2,3.29,0,13.06
1/12/2026,18:45, ,gtmpiwq_20H100465_010926_073000.bin,Pine Island,GTMNERR,0,40.009,0,25.6,0,3.361,0,98.6,0,8.18,0,53.72,17.93,7.78,0,-80.6,5.8,16.93,0,4.35,0,1.202,3.19,0,12.65
1/12/2026,19:00, ,gtmpiwq_20H100465_010926_073000.bin,Pine Island,GTMNERR,0,39.72,0,25.39,0,3.312,0,98.4,0,8.18,0,54.2,18.09,7.77,0,-80.4,5.8,16.887,0,5.93,0,1.203,2.88,0,11.43
1/12/2026,19:15, ,gtmpiwq_20H100465_010926_073000.bin,Pine Island,GTMNERR,0,39.334,0,25.12,0,3.262,0,97.6,0,8.13,0,55.34,18.47,7.76,0,-79.7,5.8,16.851,0,5.22,0,1.202,3.06,0,12.14
1/12/2026,19:30, ,gtmpiwq_20H100465_010926_073000.bin,Pine Island,GTMNERR,0,39.079,0,24.94,0,3.209,0,97.6,0,8.14,0,56.39,18.82,7.76,0,-79.7,5.79,16.859,0,4.67,0,1.2,3.22,0,12.78
1/12/2026,19:45, ,gtmpiwq_20H100465_010926_073000.bin,Pine Island,GTMNERR,0,38.793,0,24.74,0,3.156,0,97.5,0,8.14,0,57.25,19.11,7.76,0,-79.5,5.8,16.838,0,4.76,0,1.197,3.3,0,13.11
1/12/2026,20:00, ,gtmpiwq_20H100465_010926_073000.bin,Pine Island,GTMNERR,0,38.438,0,24.49,0,3.102,0,97.3,0,8.15,0,58.29,19.46,7.75,0,-79.2,5.8,16.788,0,4.85,0,1.194,3.03,0,12.02
1/12/2026,20:15, ,gtmpiwq_20H100465_010926_073000.bin,Pine Island,GTMNERR,0,38.047,0,24.21,0,3.044,0,97.1,0,8.15,0,59.41,19.83,7.75,0,-78.8,5.8,16.746,0,4.29,0,1.207,3,0,11.9
1/12/2026,20:30, ,gtmpiwq_20H100465_010926_073000.bin,Pine Island,GTMNERR,0,37.698,0,23.97,0,2.984,0,97,0,8.16,0,60.28,20.12,7.74,0,-78.3,5.78,16.694,0,3.99,0,1.207,3.8,0,15.11
1/12/2026,20:45, ,gtmpiwq_20H100465_010926_073000.bin,Pine Island,GTMNERR,0,37.314,0,23.7,0,2.921,0,96.8,0,8.17,0,61.65,20.58,7.73,0,-78,5.79,16.623,0,4.37,0,1.201,3.55,0,14.1
1/12/2026,21:00, ,gtmpiwq_20H100465_010926_073000.bin,Pine Island,GTMNERR,0,36.921,0,23.42,0,2.856,0,96.2,0,8.14,0,62.83,20.97,7.73,0,-77.6,5.8,16.544,0,4.19,0,1.208,3.44,0,13.66
1/12/2026,21:15, ,gtmpiwq_20H100465_010926_073000.bin,Pine Island,GTMNERR,0,36.469,0,23.11,0,2.794,0,95.2,0,8.1,0,64.06,21.38,7.72,0,-77,5.79,16.446,0,4.24,0,1.202,3.23,0,12.81
1/12/2026,21:30, ,gtmpiwq_20H100465_010926_073000.bin,Pine Island,GTMNERR,0,36.09,0,22.84,0,2.732,0,95.3,0,8.14,0,65.1,21.73,7.71,0,-76.7,5.79,16.334,0,4.62,0,1.204,3.91,0,15.53
1/12/2026,21:45, ,gtmpiwq_20H100465_010926_073000.bin,Pine Island,GTMNERR,0,35.736,0,22.59,0,2.671,0,94.7,0,8.11,0,66.04,22.04,7.7,0,-76.2,5.79,16.214,0,4.87,0,1.204,3.39,0,13.46
1/12/2026,22:00, ,gtmpiwq_20H100465_010926_073000.bin,Pine Island,GTMNERR,0,35.342,0,22.32,0,2.617,0,94.1,0,8.09,0,67.09,22.39,7.7,0,-75.9,5.79,16.107,0,4.2,0,1.203,3.66,0,14.53
1/12/2026,22:15, ,gtmpiwq_20H100465_010926_073000.bin,Pine Island,GTMNERR,0,35.092,0,22.14,0,2.575,0,92.9,0,8.01,0,66.9,22.33,7.69,0,-75.4,5.8,16.021,0,3.7,0,1.2,3.55,0,14.11
1/12/2026,22:30, ,gtmpiwq_20H100465_010926_073000.bin,Pine Island,GTMNERR,0,34.876,0,21.99,0,2.555,0,92.6,0,8,0,67.74,22.61,7.69,0,-75.3,5.79,15.949,0,4.12,0,1.199,3.41,0,13.55
1/12/2026,22:45, ,gtmpiwq_20H100465_010926_073000.bin,Pine Island,GTMNERR,0,34.743,0,21.9,0,2.56,0,94,0,8.13,0,69.14,23.08,7.69,0,-75.4,5.8,15.911,0,4.38,0,1.205,3.28,0,13.01
1/12/2026,23:00, ,gtmpiwq_20H100465_010926_073000.bin,Pine Island,GTMNERR,0,35.857,0,22.68,0,2.592,0,94.4,0,8.13,0,66.54,22.21,7.71,0,-76.7,5.79,15.915,0,4.37,0,1.202,3.53,0,14.01
1/12/2026,23:15, ,gtmpiwq_20H100465_010926_073000.bin,Pine Island,GTMNERR,0,38.117,0,24.26,0,2.633,0,96.8,0,8.22,0,60.15,20.08,7.75,0,-79,5.79,16.101,0,5.55,0,1.2,3.79,0,15.05
1/12/2026,23:30, ,gtmpiwq_20H100465_010926_073000.bin,Pine Island,GTMNERR,0,37.428,0,23.78,0,2.68,0,96.6,0,8.21,0,62.09,20.72,7.74,0,-78.3,5.79,16.259,0,4.89,0,1.198,3.7,0,14.72
1/12/2026,23:45, ,gtmpiwq_20H100465_010926_073000.bin,Pine Island,GTMNERR,0,37.361,0,23.73,0,2.738,0,96.5,0,8.19,0,62.19,20.76,7.74,0,-78.1,5.79,16.328,0,5.25,0,1.197,4.14,0,16.47
1/13/2026,0:00, ,gtmpiwq_20H100465_010926_073000.bin,Pine Island,GTMNERR,0,37.251,0,23.65,0,2.8,0,96.5,0,8.2,0,62.39,20.82,7.73,0,-78.1,5.79,16.279,0,6.41,0,1.196,3.33,0,13.2
1/13/2026,0:15, ,gtmpiwq_20H100465_010926_073000.bin,Pine Island,GTMNERR,0,37.343,0,23.72,0,2.862,0,96.6,0,8.23,0,62.47,20.85,7.74,0,-78.4,5.78,16.15,0,5.48,0,1.194,3.28,0,13.01
1/13/2026,0:30, ,gtmpiwq_20H100465_010926_073000.bin,Pine Island,GTMNERR,0,37.71,0,23.97,0,2.92,0,96.8,0,8.22,0,61.41,20.5,7.74,0,-78.6,5.79,16.277,0,6.04,0,1.193,3.26,0,12.92
1/13/2026,0:45, ,gtmpiwq_20H100465_010926_073000.bin,Pine Island,GTMNERR,0,37.816,0,24.05,0,2.972,0,96.9,0,8.22,0,60.92,20.34,7.75,0,-78.8,5.79,16.254,0,5.94,0,1.197,3.16,0,12.52
1/13/2026,1:00, ,gtmpiwq_20H100465_010926_073000.bin,Pine Island,GTMNERR,0,38.077,0,24.23,0,3.028,0,97,0,8.22,0,60.45,20.18,7.75,0,-79.1,5.79,16.257,0,4.95,0,1.208,3.12,0,12.38
1/13/2026,1:15, ,gtmpiwq_20H100465_010926_073000.bin,Pine Island,GTMNERR,0,38.411,0,24.47,0,3.082,0,97.2,0,8.23,0,59.57,19.88,7.76,0,-79.5,5.79,16.235,0,5.3,0,1.202,3.24,0,12.86
1/13/2026,1:30, ,gtmpiwq_20H100465_010926_073000.bin,Pine Island,GTMNERR,0,38.659,0,24.64,0,3.131,0,97.2,0,8.23,0,59.01,19.7,7.76,0,-79.7,5.79,16.185,0,4.98,0,1.198,3.06,0,12.14
1/13/2026,1:45, ,gtmpiwq_20H100465_010926_073000.bin,Pine Island,GTMNERR,0,38.991,0,24.87,0,3.181,0,97.3,0,8.23,0,58.19,19.42,7.77,0,-79.9,5.78,16.151,0,5,0,1.196,3.12,0,12.39
1/13/2026,2:00, ,gtmpiwq_20H100465_010926_073000.bin,Pine Island,GTMNERR,0,39.316,0,25.1,0,3.226,0,97.1,0,8.21,0,56.89,18.99,7.77,0,-80.2,5.78,16.13,0,5.61,0,1.194,2.79,0,11.03
1/13/2026,2:15, ,gtmpiwq_20H100465_010926_073000.bin,Pine Island,GTMNERR,0,39.697,0,25.37,0,3.273,0,97,0,8.19,0,55.74,18.6,7.77,0,-80.3,5.79,16.095,0,5.47,0,1.194,2.96,0,11.75
1/13/2026,2:30, ,gtmpiwq_20H100465_010926_073000.bin,Pine Island,GTMNERR,0,39.983,0,25.58,0,3.318,0,97.1,0,8.17,0,54.64,18.24,7.78,0,-80.5,5.78,16.163,0,6.31,0,1.192,2.65,0,10.49
1/13/2026,2:45, ,gtmpiwq_20H100465_010926_073000.bin,Pine Island,GTMNERR,0,40.155,0,25.7,0,3.365,0,97.2,0,8.17,0,54.18,18.08,7.78,0,-80.7,5.78,16.194,0,5.64,0,1.196,2.76,0,10.93
1/13/2026,3:00, ,gtmpiwq_20H100465_010926_073000.bin,Pine Island,GTMNERR,0,40.541,0,25.97,0,3.419,0,97.2,0,8.16,0,53.32,17.8,7.78,0,-81,5.79,16.219,0,4.25,0,1.207,2.69,0,10.63
1/13/2026,3:15, ,gtmpiwq_20H100465_010926_073000.bin,Pine Island,GTMNERR,0,40.83,0,26.18,0,3.473,0,97.1,0,8.14,0,52.62,17.57,7.79,0,-81.2,5.79,16.195,0,4.44,0,1.205,2.88,0,11.42
1/13/2026,3:30, ,gtmpiwq_20H100465_010926_073000.bin,Pine Island,GTMNERR,0,41.226,0,26.46,0,3.523,0,97.1,0,8.12,0,51.09,17.06,7.79,0,-81.5,5.78,16.278,0,3.9,0,1.203,2.79,0,11.05
1/13/2026,3:45, ,gtmpiwq_20H100465_010926_073000.bin,Pine Island,GTMNERR,0,41.399,0,26.58,0,3.571,0,97.1,0,8.11,0,50.32,16.8,7.79,0,-81.6,5.79,16.301,0,4.8,0,1.2,2.64,0,10.43
1/13/2026,4:00, ,gtmpiwq_20H100465_010926_073000.bin,Pine Island,GTMNERR,0,41.63,0,26.74,0,3.615,0,97,0,8.09,0,49.63,16.57,7.8,0,-81.8,5.79,16.318,0,4.64,0,1.198,2.5,0,9.88
1/13/2026,4:15, ,gtmpiwq_20H100465_010926_073000.bin,Pine Island,GTMNERR,0,42.02,0,27.02,0,3.656,0,97,0,8.06,0,48.36,16.14,7.8,0,-82.1,5.78,16.353,0,3.57,0,1.196,2.53,0,9.98
1/13/2026,4:30, ,gtmpiwq_20H100465_010926_073000.bin,Pine Island,GTMNERR,0,42.34,0,27.25,0,3.693,0,96.9,0,8.04,0,47.46,15.84,7.81,0,-82.3,5.78,16.391,0,3.76,0,1.196,2.84,0,11.23
1/13/2026,4:45, ,gtmpiwq_20H100465_010926_073000.bin,Pine Island,GTMNERR,0,42.563,0,27.41,0,3.725,0,96.7,0,8.02,0,46.61,15.56,7.81,0,-82.5,5.77,16.413,0,3.53,0,1.197,1.94,0,7.63
1/13/2026,5:00, ,gtmpiwq_20H100465_010926_073000.bin,Pine Island,GTMNERR,0,42.784,0,27.57,0,3.757,0,96.6,0,7.99,0,45.89,15.32,7.81,0,-82.6,5.78,16.411,0,3.31,0,1.197,2.54,0,10.04
1/13/2026,5:15, ,gtmpiwq_20H100465_010926_073000.bin,Pine Island,GTMNERR,0,42.936,0,27.68,0,3.783,0,96.4,0,7.97,0,45.42,15.16,7.81,0,-82.7,5.78,16.411,0,3.36,0,1.197,2.26,0,8.91
1/13/2026,5:30, ,gtmpiwq_20H100465_010926_073000.bin,Pine Island,GTMNERR,0,43.153,0,27.83,0,3.802,0,96,0,7.92,0,44.48,14.85,7.81,0,-82.7,5.78,16.481,0,3.2,0,1.197,2.28,0,8.99
1/13/2026,5:45, ,gtmpiwq_20H100465_010926_073000.bin,Pine Island,GTMNERR,0,43.336,0,27.96,0,3.818,0,95.6,0,7.89,0,43.76,14.61,7.81,0,-82.8,5.78,16.485,0,3.25,0,1.197,2.33,0,9.18
1/13/2026,6:00, ,gtmpiwq_20H100465_010926_073000.bin,Pine Island,GTMNERR,0,43.37,0,27.99,0,3.826,0,94.5,0,7.79,0,43.52,14.53,7.81,0,-82.6,5.77,16.471,0,2.94,0,1.195,2.36,0,9.32
1/13/2026,6:15, ,gtmpiwq_20H100465_010926_073000.bin,Pine Island,GTMNERR,0,43.505,0,28.09,0,3.825,0,93.2,0,7.68,0,42.67,14.24,7.8,0,-82.2,5.78,16.497,0,2.62,0,1.193,2.26,0,8.9
1/13/2026,6:30, ,gtmpiwq_20H100465_010926_073000.bin,Pine Island,GTMNERR,0,43.538,0,28.11,0,3.813,0,90.6,0,7.46,0,40.83,13.63,7.8,0,-81.7,5.78,16.487,0,2.6,0,1.2,2.5,0,9.9
1/13/2026,6:45, ,gtmpiwq_20H100465_010926_073000.bin,Pine Island,GTMNERR,0,43.5,0,28.08,0,3.78,0,87.6,0,7.22,0,40.94,13.67,7.81,0,-82.4,5.77,16.498,0,2.5,0,1.202,2.06,0,8.09
1/13/2026,7:00, ,gtmpiwq_20H100465_010926_073000.bin,Pine Island,GTMNERR,0,43.367,0,27.99,0,3.736,0,93.6,0,7.72,0,42.47,14.18,7.82,0,-83.1,5.77,16.487,0,2.47,0,1.201,2.37,0,9.36
1/13/2026,7:15, ,gtmpiwq_20H100465_010926_073000.bin,Pine Island,GTMNERR,0,43.177,0,27.85,0,3.683,0,95.5,0,7.88,0,44.19,14.75,7.81,0,-82.7,5.77,16.47,0,2.66,0,1.201,2.27,0,8.94
1/13/2026,7:30, ,gtmpiwq_20H100465_010926_073000.bin,Pine Island,GTMNERR,0,42.917,0,27.66,0,3.629,0,96.2,0,7.95,0,45.28,15.12,7.81,0,-82.6,5.78,16.44,0,3.22,0,1.2,2.15,0,8.47
1/13/2026,7:45, ,gtmpiwq_20H100465_010926_073000.bin,Pine Island,GTMNERR,0,42.564,0,27.41,0,3.574,0,95.9,0,7.96,0,46.48,15.52,7.81,0,-82.4,5.77,16.368,0,3.36,0,1.206,2.04,0,8.04
1/13/2026,8:00, ,gtmpiwq_20H100465_010926_073000.bin,Pine Island,GTMNERR,0,42.071,0,27.06,0,3.511,0,95.8,0,7.98,0,48.11,16.06,7.8,0,-82,5.78,16.273,0,3.62,0,1.211,1.96,0,7.72
1/13/2026,8:15, ,gtmpiwq_20H100465_010926_073000.bin,Pine Island,GTMNERR,0,41.496,0,26.65,0,3.45,0,95.9,0,8.02,0,50.21,16.76,7.79,0,-81.5,5.77,16.135,0,4.2,0,1.202,2.23,0,8.78
1/13/2026,8:30, ,gtmpiwq_20H100465_010926_073000.bin,Pine Island,GTMNERR,0,40.89,0,26.22,0,3.389,0,95.2,0,8.02,0,51.85,17.31,7.78,0,-81,5.77,15.984,0,4.22,0,1.197,2.22,0,8.76
1/13/2026,8:45, ,gtmpiwq_20H100465_010926_073000.bin,Pine Island,GTMNERR,0,40.194,0,25.72,0,3.325,0,95.5,0,8.09,0,54.52,18.2,7.78,0,-80.4,5.78,15.801,0,4.16,0,1.194,2.15,0,8.46
1/13/2026,9:00, ,gtmpiwq_20H100465_010926_073000.bin,Pine Island,GTMNERR,0,39.836,0,25.47,0,3.259,0,95.5,0,8.12,0,55.17,18.41,7.77,0,-80.2,5.77,15.736,0,5.54,0,1.2,1.94,0,7.63
1/13/2026,9:15, ,gtmpiwq_20H100465_010926_073000.bin,Pine Island,GTMNERR,0,39.694,0,25.37,0,3.189,0,95.4,0,8.12,0,55.83,18.64,7.77,0,-80.1,5.78,15.733,0,5.51,0,1.205,2.09,0,8.25
1/13/2026,9:30, ,gtmpiwq_20H100465_010926_073000.bin,Pine Island,GTMNERR,0,39.452,0,25.2,0,3.118,0,95.5,0,8.13,0,56.5,18.86,7.77,0,-79.9,5.77,15.694,0,5.35,0,1.211,2.06,0,8.09
1/13/2026,9:45, ,gtmpiwq_20H100465_010926_073000.bin,Pine Island,GTMNERR,0,39.227,0,25.04,0,3.05,0,95.3,0,8.14,0,57.02,19.03,7.76,0,-79.8,5.77,15.665,0,5.85,0,1.202,2.28,0,8.99
1/13/2026,10:00, ,gtmpiwq_20H100465_010926_073000.bin,Pine Island,GTMNERR,0,38.693,0,24.66,0,2.977,0,95.1,0,8.14,0,58.69,19.59,7.76,0,-79.3,5.77,15.586,0,5.29,0,1.198,2.2,0,8.66
1/13/2026,10:15, ,gtmpiwq_20H100465_010926_073000.bin,Pine Island,GTMNERR,0,38.099,0,24.24,0,2.909,0,94.9,0,8.16,0,60.56,20.21,7.75,0,-78.7,5.77,15.506,0,5.34,0,1.193,2.15,0,8.47
1/13/2026,10:30, ,gtmpiwq_20H100465_010926_073000.bin,Pine Island,GTMNERR,0,37.524,0,23.84,0,2.841,0,94.5,0,8.16,0,62.21,20.77,7.74,0,-78.1,5.77,15.442,0,4.94,0,1.194,2.4,0,9.46
1/13/2026,10:45, ,gtmpiwq_20H100465_010926_073000.bin,Pine Island,GTMNERR,0,37.153,0,23.58,0,2.768,0,94.1,0,8.15,0,63.21,21.1,7.73,0,-77.6,5.76,15.383,0,5.14,0,1.205,2.39,0,9.43
1/13/2026,11:00, ,gtmpiwq_20H100465_010926_073000.bin,Pine Island,GTMNERR,0,36.776,0,23.31,0,2.699,0,94.2,0,8.18,0,64.27,21.45,7.72,0,-77.2,5.77,15.352,0,5.44,0,1.2,2.43,0,9.6
1/13/2026,11:15, ,gtmpiwq_20H100465_010926_073000.bin,Pine Island,GTMNERR,0,36.448,0,23.08,0,2.639,0,94.1,0,8.18,0,65.15,21.74,7.72,0,-76.9,5.77,15.324,0,5.35,0,1.198,2.52,0,9.95
1/13/2026,11:30, ,gtmpiwq_20H100465_010926_073000.bin,Pine Island,GTMNERR,0,36.199,0,22.91,0,2.591,0,93.5,0,8.15,0,65.42,21.84,7.71,0,-76.4,5.76,15.284,0,5.31,0,1.194,2.51,0,9.91
1/13/2026,11:45, ,gtmpiwq_20H100465_010926_073000.bin,Pine Island,GTMNERR,0,35.972,0,22.75,0,2.557,0,93.3,0,8.14,0,65.83,21.97,7.7,0,-76.2,5.77,15.264,0,5.49,0,1.197,2.64,0,10.43
1/13/2026,12:00, ,gtmpiwq_20H100465_010926_073000.bin,Pine Island,GTMNERR,0,35.822,0,22.65,0,2.565,0,92.3,0,8.06,0,65.63,21.91,7.7,0,-75.8,5.76,15.256,0,5.51,0,1.207,2.71,0,10.72
1/13/2026,12:15, ,gtmpiwq_20H100465_010926_073000.bin,Pine Island,GTMNERR,0,35.781,0,22.62,0,2.577,0,91.7,0,8.01,0,64.81,21.63,7.7,0,-76,5.76,15.254,0,4.05,0,1.209,2.53,0,10.01
1/13/2026,12:30, ,gtmpiwq_20H100465_010926_073000.bin,Pine Island,GTMNERR,0,36.68,0,23.25,0,2.612,0,95,0,8.24,0,64.34,21.48,7.72,0,-77.2,5.77,15.361,0,4.48,0,1.211,2.27,0,8.94
1/13/2026,12:45, ,gtmpiwq_20H100465_010926_073000.bin,Pine Island,GTMNERR,0,37.809,0,24.04,0,2.661,0,95.5,0,8.23,0,61.47,20.52,7.74,0,-78.3,5.76,15.472,0,4.63,0,1.202,2.26,0,8.93
1/13/2026,13:00, ,gtmpiwq_20H100465_010926_073000.bin,Pine Island,GTMNERR,0,37.731,0,23.98,0,2.725,0,95.3,0,8.22,0,61.45,20.51,7.74,0,-78.2,5.77,15.474,0,5.88,0,1.202,1.98,0,7.8
1/13/2026,13:15, ,gtmpiwq_20H100465_010926_073000.bin,Pine Island,GTMNERR,0,37.537,0,23.85,0,2.785,0,95.8,0,8.26,0,62.13,20.74,7.74,0,-78.2,5.76,15.51,0,5.21,0,1.2,2.28,0,8.99
1/13/2026,13:30, ,gtmpiwq_20H100465_010926_073000.bin,Pine Island,GTMNERR,0,37.913,0,24.11,0,2.848,0,96.9,0,8.32,0,60.96,20.35,7.75,0,-78.8,5.76,15.643,0,4.8,0,1.193,2.66,0,10.54
1/13/2026,13:45, ,gtmpiwq_20H100465_010926_073000.bin,Pine Island,GTMNERR,0,38.186,0,24.3,0,2.904,0,97.8,0,8.37,0,60.18,20.09,7.76,0,-79.6,5.77,15.75,0,3.97,0,1.201,2.43,0,9.61
1/13/2026,14:00, ,gtmpiwq_20H100465_010926_073000.bin,Pine Island,GTMNERR,0,38.485,0,24.51,0,2.959,0,97.9,0,8.36,0,59.2,19.76,7.77,0,-79.9,5.76,15.808,0,4.06,0,1.21,2.11,0,8.3
1/13/2026,14:15, ,gtmpiwq_20H100465_010926_073000.bin,Pine Island,GTMNERR,0,38.685,0,24.66,0,3.005,0,98.3,0,8.37,0,58.7,19.59,7.77,0,-80.2,5.77,15.871,0,4.48,0,1.209,2.92,0,11.55
1/13/2026,14:30, ,gtmpiwq_20H100465_010926_073000.bin,Pine Island,GTMNERR,0,39.013,0,24.89,0,3.047,0,98.8,0,8.39,0,57.62,19.23,7.78,0,-80.5,5.76,15.934,0,4.22,0,1.201,3.03,0,12
1/13/2026,14:45, ,gtmpiwq_20H100465_010926_073000.bin,Pine Island,GTMNERR,0,39.302,0,25.09,0,3.088,0,99,0,8.39,0,56.93,19,7.78,0,-80.8,5.77,15.981,0,3.66,0,1.211,2.85,0,11.3
1/13/2026,15:00, ,gtmpiwq_20H100465_010926_073000.bin,Pine Island,GTMNERR,0,39.421,0,25.18,0,3.126,0,99.6,0,8.43,0,56.56,18.88,7.79,0,-81.2,5.75,16.031,0,3.82,0,1.203,2.88,0,11.39
1/13/2026,15:15, ,gtmpiwq_20H100465_010926_073000.bin,Pine Island,GTMNERR,0,39.584,0,25.29,0,3.165,0,100.1,0,8.46,0,56.01,18.7,7.79,0,-81.5,5.76,16.085,0,3.7,0,1.199,4.5,0,17.93
1/13/2026,15:30, ,gtmpiwq_20H100465_010926_073000.bin,Pine Island,GTMNERR,0,39.894,0,25.51,0,3.203,0,100.2,0,8.46,0,55.18,18.42,7.79,0,-81.6,5.76,16.078,0,3.9,0,1.196,2.97,0,11.77
1/13/2026,15:45, ,gtmpiwq_20H100465_010926_073000.bin,Pine Island,GTMNERR,0,40.165,0,25.7,0,3.245,0,99.7,0,8.4,0,54.49,18.19,7.79,0,-81.5,5.75,16.056,0,3.49,0,1.198,2.98,0,11.79
1/13/2026,16:00, ,gtmpiwq_20H100465_010926_073000.bin,Pine Island,GTMNERR,0,40.33,0,25.82,0,3.279,0,99.1,0,8.36,0,54.16,18.08,7.79,0,-81.4,5.76,16.013,0,3.11,0,1.203,2.74,0,10.84
1/13/2026,16:15, ,gtmpiwq_20H100465_010926_073000.bin,Pine Island,GTMNERR,0,40.426,0,25.89,0,3.313,0,99.6,0,8.38,0,53.54,17.87,7.8,0,-81.7,5.76,16.069,0,2.99,0,1.209,2.98,0,11.82
1/13/2026,16:30, ,gtmpiwq_20H100465_010926_073000.bin,Pine Island,GTMNERR,0,40.522,0,25.96,0,3.344,0,99.9,0,8.4,0,53.22,17.76,7.8,0,-82,5.76,16.109,0,3.07,0,1.203,3.17,0,12.57
1/13/2026,16:45, ,gtmpiwq_20H100465_010926_073000.bin,Pine Island,GTMNERR,0,40.698,0,26.08,0,3.374,0,99.2,0,8.34,0,52.79,17.62,7.8,0,-82,5.76,16.11,0,3.01,0,1.192,2.93,0,11.59
1/13/2026,17:00, ,gtmpiwq_20H100465_010926_073000.bin,Pine Island,GTMNERR,0,40.836,0,26.18,0,3.4,0,99.3,0,8.34,0,52.37,17.48,7.8,0,-82.2,5.76,16.132,0,2.74,0,1.195,3.07,0,12.18
1/13/2026,17:15, ,gtmpiwq_20H100465_010926_073000.bin,Pine Island,GTMNERR,0,40.979,0,26.28,0,3.42,0,99.2,0,8.32,0,51.86,17.31,7.8,0,-82.1,5.76,16.139,0,2.7,0,1.201,4.02,0,15.98
1/13/2026,17:30, ,gtmpiwq_20H100465_010926_073000.bin,Pine Island,GTMNERR,0,41.061,0,26.34,0,3.435,0,97,0,8.13,0,51.22,17.1,7.8,0,-81.9,5.76,16.142,0,2.45,0,1.206,2.94,0,11.67
1/13/2026,17:45, ,gtmpiwq_20H100465_010926_073000.bin,Pine Island,GTMNERR,0,41.141,0,26.4,0,3.456,0,96.4,0,8.08,0,50.73,16.93,7.8,0,-81.7,5.75,16.138,0,2.41,0,1.201,3.34,0,13.26
1/13/2026,18:00, ,gtmpiwq_20H100465_010926_073000.bin,Pine Island,GTMNERR,0,41.197,0,26.44,0,3.469,0,95.8,0,8.03,0,49.61,16.56,7.79,0,-81.2,5.76,16.131,0,2.43,0,1.199,2.24,0,8.85
1/13/2026,18:15, ,gtmpiwq_20H100465_010926_073000.bin,Pine Island,GTMNERR,0,41.271,0,26.49,0,3.473,0,94.2,0,7.9,0,49.67,16.58,7.79,0,-81.5,5.76,16.125,0,2.43,0,1.196,2.45,0,9.7
1/13/2026,18:30, ,gtmpiwq_20H100465_010926_073000.bin,Pine Island,GTMNERR,0,41.271,0,26.49,0,3.457,0,95.5,0,8,0,49.85,16.64,7.78,0,-80.9,5.76,16.122,0,2.31,0,1.195,2.96,0,11.75
1/13/2026,18:45, ,gtmpiwq_20H100465_010926_073000.bin,Pine Island,GTMNERR,0,41.024,0,26.31,0,3.425,0,97.4,0,8.17,0,51.06,17.05,7.8,0,-82,5.75,16.141,0,2.26,0,1.196,2.78,0,11
1/13/2026,19:00, ,gtmpiwq_20H100465_010926_073000.bin,Pine Island,GTMNERR,0,41.009,0,26.3,0,3.386,0,99,0,8.3,0,50.74,16.94,7.8,0,-82.2,5.75,16.139,0,2.42,0,1.207,2.8,0,11.09
1/13/2026,19:15, ,gtmpiwq_20H100465_010926_073000.bin,Pine Island,GTMNERR,0,40.863,0,26.2,0,3.341,0,98.5,0,8.27,0,51.76,17.28,7.8,0,-82,5.76,16.138,0,2.59,0,1.202,2.81,0,11.12
1/13/2026,19:30, ,gtmpiwq_20H100465_010926_073000.bin,Pine Island,GTMNERR,0,40.524,0,25.96,0,3.293,0,99.8,0,8.39,0,52.86,17.65,7.8,0,-82,5.76,16.123,0,3.12,0,1.195,3,0,11.89
1/13/2026,19:45, ,gtmpiwq_20H100465_010926_073000.bin,Pine Island,GTMNERR,0,40.272,0,25.78,0,3.241,0,100,0,8.42,0,53.68,17.92,7.8,0,-82,5.76,16.121,0,3.13,0,1.197,3.13,0,12.42
1/13/2026,20:00, ,gtmpiwq_20H100465_010926_073000.bin,Pine Island,GTMNERR,0,39.918,0,25.53,0,3.183,0,100.1,0,8.44,0,54.68,18.25,7.8,0,-81.8,5.75,16.117,0,3.7,0,1.193,3.19,0,12.65
1/13/2026,20:15, ,gtmpiwq_20H100465_010926_073000.bin,Pine Island,GTMNERR,0,39.667,0,25.35,0,3.12,0,99.9,0,8.43,0,55.39,18.49,7.79,0,-81.6,5.75,16.107,0,4.18,0,1.202,2.99,0,11.83
1/13/2026,20:30, ,gtmpiwq_20H100465_010926_073000.bin,Pine Island,GTMNERR,0,39.391,0,25.16,0,3.059,0,99.6,0,8.42,0,56.19,18.76,7.79,0,-81.4,5.76,16.103,0,4,0,1.205,3.06,0,12.14
1/13/2026,20:45, ,gtmpiwq_20H100465_010926_073000.bin,Pine Island,GTMNERR,0,39.053,0,24.92,0,2.996,0,99.5,0,8.43,0,57.41,19.16,7.79,0,-81.2,5.75,16.096,0,4.23,0,1.201,2.96,0,11.72
1/13/2026,21:00, ,gtmpiwq_20H100465_010926_073000.bin,Pine Island,GTMNERR,0,38.66,0,24.64,0,2.928,0,99.4,0,8.43,0,58.57,19.55,7.78,0,-80.7,5.76,16.079,0,4.22,0,1.195,2.93,0,11.62
1/13/2026,21:15, ,gtmpiwq_20H100465_010926_073000.bin,Pine Island,GTMNERR,0,38.247,0,24.35,0,2.856,0,98.7,0,8.4,0,59.64,19.91,7.77,0,-80.1,5.75,16.041,0,3.98,0,1.194,3.03,0,12.03
1/13/2026,21:30, ,gtmpiwq_20H100465_010926_073000.bin,Pine Island,GTMNERR,0,37.837,0,24.06,0,2.78,0,98.4,0,8.39,0,60.71,20.26,7.76,0,-79.8,5.75,15.997,0,4.3,0,1.202,3.1,0,12.31
1/13/2026,21:45, ,gtmpiwq_20H100465_010926_073000.bin,Pine Island,GTMNERR,0,37.405,0,23.76,0,2.706,0,97.8,0,8.36,0,61.99,20.69,7.76,0,-79.3,5.75,15.941,0,4.19,0,1.2,2.97,0,11.76
1/13/2026,22:00, ,gtmpiwq_20H100465_010926_073000.bin,Pine Island,GTMNERR,0,37.018,0,23.49,0,2.634,0,97.5,0,8.36,0,63.14,21.08,7.75,0,-78.8,5.75,15.893,0,3.99,0,1.2,2.99,0,11.84
1/13/2026,22:15, ,gtmpiwq_20H100465_010926_073000.bin,Pine Island,GTMNERR,0,36.594,0,23.19,0,2.563,0,97,0,8.34,0,64.45,21.51,7.74,0,-78.3,5.75,15.839,0,4.06,0,1.205,3.01,0,11.93
1/13/2026,22:30, ,gtmpiwq_20H100465_010926_073000.bin,Pine Island,GTMNERR,0,36.096,0,22.84,0,2.503,0,96.3,0,8.3,0,65.53,21.87,7.73,0,-77.6,5.74,15.788,0,4.24,0,1.206,3.15,0,12.48
1/13/2026,22:45, ,gtmpiwq_20H100465_010926_073000.bin,Pine Island,GTMNERR,0,35.678,0,22.55,0,2.456,0,95.8,0,8.29,0,66.84,22.31,7.72,0,-77.1,5.75,15.747,0,3.75,0,1.205,3.24,0,12.85
1/13/2026,23:00, ,gtmpiwq_20H100465_010926_073000.bin,Pine Island,GTMNERR,0,35.458,0,22.4,0,2.414,0,95,0,8.23,0,67.31,22.47,7.71,0,-76.7,5.75,15.734,0,3.51,0,1.203,3.07,0,12.18
1/13/2026,23:15, ,gtmpiwq_20H100465_010926_073000.bin,Pine Island,GTMNERR,0,35.371,0,22.34,0,2.395,0,94.3,0,8.17,0,67.26,22.45,7.71,0,-76.3,5.75,15.735,0,3.21,0,1.2,2.87,0,11.38
1/13/2026,23:30, ,gtmpiwq_20H100465_010926_073000.bin,Pine Island,GTMNERR,0,35.323,0,22.3,0,2.393,0,93.3,0,8.09,0,67.78,22.62,7.71,0,-76.3,5.75,15.734,0,3.31,0,1.207,3.05,0,12.07
1/13/2026,23:45, ,gtmpiwq_20H100465_010926_073000.bin,Pine Island,GTMNERR,0,35.298,0,22.29,0,2.424,0,92.8,0,8.04,0,68.07,22.72,7.71,0,-76.4,5.74,15.732,0,3.89,0,1.201,3.31,0,13.12
1/14/2026,0:00, ,gtmpiwq_20H100465_010926_073000.bin,Pine Island,GTMNERR,0,37.13,0,23.56,0,2.468,0,96.5,0,8.28,0,62.84,20.98,7.74,0,-78.3,5.74,15.85,0,5.18,0,1.202,3.13,0,12.43
1/14/2026,0:15, ,gtmpiwq_20H100465_010926_073000.bin,Pine Island,GTMNERR,0,37.393,0,23.75,0,2.519,0,97.2,0,8.32,0,62.56,20.88,7.75,0,-78.8,5.75,15.885,0,4.18,0,1.202,2.82,0,11.18
1/14/2026,0:30, ,gtmpiwq_20H100465_010926_073000.bin,Pine Island,GTMNERR,0,37.297,0,23.68,0,2.578,0,97,0,8.31,0,62.86,20.98,7.74,0,-78.6,5.74,15.872,0,4.8,0,1.2,2.99,0,11.87
1/14/2026,0:45, ,gtmpiwq_20H100465_010926_073000.bin,Pine Island,GTMNERR,0,37.348,0,23.72,0,2.638,0,97.1,0,8.32,0,62.5,20.86,7.75,0,-78.7,5.74,15.883,0,5.01,0,1.202,3.03,0,12
1/14/2026,1:00, ,gtmpiwq_20H100465_010926_073000.bin,Pine Island,GTMNERR,0,37.417,0,23.77,0,2.698,0,97.1,0,8.32,0,62.6,20.89,7.75,0,-78.7,5.75,15.868,0,4.58,0,1.201,2.84,0,11.24
1/14/2026,1:15, ,gtmpiwq_20H100465_010926_073000.bin,Pine Island,GTMNERR,0,37.44,0,23.78,0,2.762,0,97.2,0,8.33,0,62.73,20.94,7.75,0,-78.8,5.74,15.858,0,4.32,0,1.201,2.79,0,11.03
1/14/2026,1:30, ,gtmpiwq_20H100465_010926_073000.bin,Pine Island,GTMNERR,0,37.689,0,23.96,0,2.829,0,97.6,0,8.35,0,62.21,20.77,7.75,0,-79.1,5.74,15.852,0,4.05,0,1.206,2.61,0,10.32
1/14/2026,1:45, ,gtmpiwq_20H100465_010926_073000.bin,Pine Island,GTMNERR,0,37.958,0,24.15,0,2.888,0,97.7,0,8.34,0,61.29,20.46,7.76,0,-79.4,5.75,15.878,0,3.96,0,1.2,2.53,0,10.01
1/14/2026,2:00, ,gtmpiwq_20H100465_010926_073000.bin,Pine Island,GTMNERR,0,38.2,0,24.32,0,2.945,0,97.9,0,8.35,0,60.78,20.29,7.76,0,-79.7,5.74,15.904,0,3.96,0,1.195,2.57,0,10.18
1/14/2026,2:15, ,gtmpiwq_20H100465_010926_073000.bin,Pine Island,GTMNERR,0,38.358,0,24.43,0,2.996,0,97.8,0,8.34,0,60.16,20.08,7.76,0,-79.8,5.75,15.888,0,3.86,0,1.192,2.92,0,11.56
1/14/2026,2:30, ,gtmpiwq_20H100465_010926_073000.bin,Pine Island,GTMNERR,0,38.566,0,24.57,0,3.048,0,97.9,0,8.33,0,59.71,19.93,7.77,0,-80,5.73,15.896,0,3.82,0,1.198,2.35,0,9.26
1/14/2026,2:45, ,gtmpiwq_20H100465_010926_073000.bin,Pine Island,GTMNERR,0,38.904,0,24.81,0,3.102,0,97.6,0,8.29,0,58.5,19.53,7.77,0,-80.3,5.74,15.935,0,4.38,0,1.204,2.55,0,10.06
1/14/2026,3:00, ,gtmpiwq_20H100465_010926_073000.bin,Pine Island,GTMNERR,0,39.414,0,25.17,0,3.154,0,97.8,0,8.29,0,57.07,19.05,7.78,0,-80.6,5.74,15.977,0,3.63,0,1.209,2.51,0,9.91
1/14/2026,3:15, ,gtmpiwq_20H100465_010926_073000.bin,Pine Island,GTMNERR,0,39.645,0,25.33,0,3.209,0,97.8,0,8.28,0,56.44,18.84,7.78,0,-80.7,5.74,15.992,0,4.07,0,1.201,2.26,0,8.91
1/14/2026,3:30, ,gtmpiwq_20H100465_010926_073000.bin,Pine Island,GTMNERR,0,39.787,0,25.43,0,3.26,0,97.9,0,8.28,0,55.75,18.61,7.78,0,-80.9,5.74,15.99,0,4.18,0,1.195,2.55,0,10.07
1/14/2026,3:45, ,gtmpiwq_20H100465_010926_073000.bin,Pine Island,GTMNERR,0,40.283,0,25.79,0,3.313,0,97.8,0,8.25,0,54.44,18.17,7.79,0,-81.1,5.73,16.016,0,4.03,0,1.199,2.36,0,9.33
1/14/2026,4:00, ,gtmpiwq_20H100465_010926_073000.bin,Pine Island,GTMNERR,0,40.659,0,26.05,0,3.371,0,97.7,0,8.22,0,53.3,17.79,7.79,0,-81.4,5.74,16.048,0,3.58,0,1.198,2.22,0,8.76
1/14/2026,4:15, ,gtmpiwq_20H100465_010926_073000.bin,Pine Island,GTMNERR,0,40.934,0,26.25,0,3.426,0,97.6,0,8.21,0,52.34,17.47,7.79,0,-81.6,5.74,16.06,0,3.61,0,1.204,2.21,0,8.7
1/14/2026,4:30, ,gtmpiwq_20H100465_010926_073000.bin,Pine Island,GTMNERR,0,41.216,0,26.45,0,3.477,0,97.5,0,8.19,0,51.43,17.17,7.8,0,-81.8,5.73,16.066,0,3.39,0,1.2,2.23,0,8.8
1/14/2026,4:45, ,gtmpiwq_20H100465_010926_073000.bin,Pine Island,GTMNERR,0,41.581,0,26.71,0,3.525,0,97.4,0,8.16,0,50.2,16.76,7.8,0,-82,5.74,16.085,0,3.12,0,1.197,3.47,0,13.78
1/14/2026,5:00, ,gtmpiwq_20H100465_010926_073000.bin,Pine Island,GTMNERR,0,41.809,0,26.87,0,3.569,0,97.3,0,8.14,0,49.35,16.47,7.8,0,-82.1,5.73,16.096,0,3.64,0,1.197,2.34,0,9.25
1/14/2026,5:15, ,gtmpiwq_20H100465_010926_073000.bin,Pine Island,GTMNERR,0,42.175,0,27.13,0,3.609,0,97.2,0,8.11,0,48.25,16.11,7.81,0,-82.3,5.74,16.107,0,3.54,0,1.197,3.35,0,13.28
1/14/2026,5:30, ,gtmpiwq_20H100465_010926_073000.bin,Pine Island,GTMNERR,0,42.485,0,27.35,0,3.647,0,97.1,0,8.09,0,47.2,15.76,7.81,0,-82.5,5.74,16.121,0,3.23,0,1.195,2.05,0,8.08
1/14/2026,5:45, ,gtmpiwq_20H100465_010926_073000.bin,Pine Island,GTMNERR,0,42.756,0,27.55,0,3.68,0,96.6,0,8.04,0,46.23,15.43,7.81,0,-82.6,5.73,16.138,0,3.07,0,1.192,2.25,0,8.86
1/14/2026,6:00, ,gtmpiwq_20H100465_010926_073000.bin,Pine Island,GTMNERR,0,42.925,0,27.67,0,3.706,0,96.5,0,8.02,0,45.71,15.26,7.81,0,-82.7,5.73,16.154,0,2.88,0,1.197,2.21,0,8.71
1/14/2026,6:15, ,gtmpiwq_20H100465_010926_073000.bin,Pine Island,GTMNERR,0,43.14,0,27.82,0,3.726,0,96.4,0,8,0,44.92,15,7.81,0,-82.7,5.74,16.165,0,3.06,0,1.208,2.65,0,10.5
1/14/2026,6:30, ,gtmpiwq_20H100465_010926_073000.bin,Pine Island,GTMNERR,0,43.302,0,27.94,0,3.742,0,96,0,7.96,0,44.34,14.8,7.81,0,-82.8,5.73,16.166,0,3.05,0,1.203,2.2,0,8.66
1/14/2026,6:45, ,gtmpiwq_20H100465_010926_073000.bin,Pine Island,GTMNERR,0,43.41,0,28.01,0,3.753,0,94.3,0,7.82,0,43.95,14.67,7.82,0,-82.8,5.73,16.163,0,2.66,0,1.199,2.15,0,8.46
1/14/2026,7:00, ,gtmpiwq_20H100465_010926_073000.bin,Pine Island,GTMNERR,0,43.495,0,28.07,0,3.755,0,92,0,7.63,0,42.71,14.26,7.81,0,-82.5,5.74,16.166,0,2.8,0,1.198,2.22,0,8.77
1/14/2026,7:15, ,gtmpiwq_20H100465_010926_073000.bin,Pine Island,GTMNERR,0,43.536,0,28.1,0,3.744,0,87.7,0,7.27,0,40.42,13.49,7.78,0,-80.8,5.74,16.171,0,2.44,0,1.193,1.69,0,6.62
1/14/2026,7:30, ,gtmpiwq_20H100465_010926_073000.bin,Pine Island,GTMNERR,0,43.571,0,28.13,0,3.716,0,85,0,7.04,0,41.6,13.89,7.81,0,-82.4,5.73,16.175,0,2.3,0,1.197,2.07,0,8.14
1/14/2026,7:45, ,gtmpiwq_20H100465_010926_073000.bin,Pine Island,GTMNERR,0,43.508,0,28.08,0,3.673,0,88.9,0,7.37,0,42.74,14.27,7.82,0,-83.2,5.73,16.168,0,2.22,0,1.207,2.02,0,7.93
1/14/2026,8:00, ,gtmpiwq_20H100465_010926_073000.bin,Pine Island,GTMNERR,0,43.264,0,27.91,0,3.622,0,95.2,0,7.9,0,43.69,14.59,7.81,0,-82.7,5.74,16.166,0,2.4,0,1.21,2.1,0,8.28
1/14/2026,8:15, ,gtmpiwq_20H100465_010926_073000.bin,Pine Island,GTMNERR,0,42.891,0,27.64,0,3.566,0,96,0,7.98,0,45.34,15.13,7.81,0,-82.6,5.73,16.154,0,3.01,0,1.205,1.89,0,7.41
1/14/2026,8:30, ,gtmpiwq_20H100465_010926_073000.bin,Pine Island,GTMNERR,0,42.556,0,27.4,0,3.509,0,96,0,8,0,46.53,15.53,7.81,0,-82.4,5.73,16.128,0,3.11,0,1.198,1.85,0,7.26
1/14/2026,8:45, ,gtmpiwq_20H100465_010926_073000.bin,Pine Island,GTMNERR,0,41.952,0,26.97,0,3.447,0,96.2,0,8.05,0,48.69,16.25,7.8,0,-82,5.74,16.09,0,3.49,0,1.193,1.8,0,7.05
1/14/2026,9:00, ,gtmpiwq_20H100465_010926_073000.bin,Pine Island,GTMNERR,0,41.382,0,26.57,0,3.377,0,96.1,0,8.06,0,50.55,16.87,7.79,0,-81.5,5.73,16.053,0,3.36,0,1.197,1.73,0,6.8
1/14/2026,9:15, ,gtmpiwq_20H100465_010926_073000.bin,Pine Island,GTMNERR,0,40.74,0,26.11,0,3.314,0,95.9,0,8.07,0,52.71,17.59,7.78,0,-80.9,5.73,16.01,0,3.42,0,1.203,1.71,0,6.71
1/14/2026,9:30, ,gtmpiwq_20H100465_010926_073000.bin,Pine Island,GTMNERR,0,39.95,0,25.55,0,3.247,0,95.5,0,8.08,0,55.14,18.41,7.77,0,-80.2,5.72,15.926,0,3.78,0,1.211,1.97,0,7.73
1/14/2026,9:45, ,gtmpiwq_20H100465_010926_073000.bin,Pine Island,GTMNERR,0,39.765,0,25.42,0,3.171,0,95.6,0,8.1,0,55.43,18.5,7.77,0,-79.9,5.73,15.935,0,4.29,0,1.208,1.9,0,7.45
1/14/2026,10:00, ,gtmpiwq_20H100465_010926_073000.bin,Pine Island,GTMNERR,0,39.594,0,25.3,0,3.11,0,95.6,0,8.1,0,56.07,18.71,7.77,0,-80,5.73,15.923,0,4.41,0,1.206,2.3,0,9.06
1/14/2026,10:15, ,gtmpiwq_20H100465_010926_073000.bin,Pine Island,GTMNERR,0,39.364,0,25.14,0,3.038,0,95.5,0,8.11,0,56.6,18.89,7.76,0,-79.7,5.73,15.914,0,4.7,0,1.205,2.01,0,7.91
1/14/2026,10:30, ,gtmpiwq_20H100465_010926_073000.bin,Pine Island,GTMNERR,0,39.013,0,24.89,0,2.964,0,95.4,0,8.11,0,57.82,19.3,7.76,0,-79.4,5.73,15.887,0,4.23,0,1.207,1.99,0,7.85
1/14/2026,10:45, ,gtmpiwq_20H100465_010926_073000.bin,Pine Island,GTMNERR,0,38.562,0,24.57,0,2.889,0,95.1,0,8.1,0,58.96,19.68,7.75,0,-78.9,5.72,15.858,0,4.45,0,1.209,2,0,7.88
1/14/2026,11:00, ,gtmpiwq_20H100465_010926_073000.bin,Pine Island,GTMNERR,0,38.133,0,24.27,0,2.807,0,94.6,0,8.09,0,60.16,20.08,7.74,0,-78.3,5.73,15.828,0,4.8,0,1.207,2.06,0,8.11
1/14/2026,11:15, ,gtmpiwq_20H100465_010926_073000.bin,Pine Island,GTMNERR,0,37.702,0,23.96,0,2.727,0,94.2,0,8.07,0,61.61,20.56,7.73,0,-77.7,5.73,15.796,0,4.94,0,1.207,1.91,0,7.51
1/14/2026,11:30, ,gtmpiwq_20H100465_010926_073000.bin,Pine Island,GTMNERR,0,37.266,0,23.66,0,2.648,0,93.5,0,8.03,0,62.75,20.94,7.71,0,-76.9,5.72,15.765,0,4.92,0,1.202,2.04,0,8.03
1/14/2026,11:45, ,gtmpiwq_20H100465_010926_073000.bin,Pine Island,GTMNERR,0,36.856,0,23.37,0,2.563,0,92.8,0,7.98,0,63.91,21.33,7.7,0,-76.1,5.73,15.742,0,4.91,0,1.201,2,0,7.88
1/14/2026,12:00, ,gtmpiwq_20H100465_010926_073000.bin,Pine Island,GTMNERR,0,36.499,0,23.12,0,2.482,0,92.4,0,7.97,0,64.61,21.56,7.69,0,-75.5,5.72,15.733,0,4.86,0,1.199,2.05,0,8.07
1/14/2026,12:15, ,gtmpiwq_20H100465_010926_073000.bin,Pine Island,GTMNERR,0,36.152,0,22.88,0,2.416,0,91.8,0,7.93,0,65.49,21.86,7.68,0,-74.8,5.72,15.728,0,4.43,0,1.201,2.22,0,8.74
1/14/2026,12:30, ,gtmpiwq_20H100465_010926_073000.bin,Pine Island,GTMNERR,0,35.884,0,22.69,0,2.363,0,91.4,0,7.9,0,66.23,22.1,7.67,0,-74.5,5.73,15.732,0,4.88,0,1.201,2.1,0,8.26
1/14/2026,12:45, ,gtmpiwq_20H100465_010926_073000.bin,Pine Island,GTMNERR,0,35.683,0,22.55,0,2.326,0,91.3,0,7.9,0,66.48,22.19,7.67,0,-74.3,5.72,15.744,0,4.97,0,1.202,2.49,0,9.83
1/14/2026,13:00, ,gtmpiwq_20H100465_010926_073000.bin,Pine Island,GTMNERR,0,35.567,0,22.47,0,2.318,0,90.8,0,7.86,0,66.23,22.11,7.67,0,-74.1,5.73,15.755,0,3.43,0,1.205,2.62,0,10.35
1/14/2026,13:15, ,gtmpiwq_20H100465_010926_073000.bin,Pine Island,GTMNERR,0,35.5,0,22.43,0,2.349,0,89.6,0,7.75,0,63.81,21.3,7.67,0,-74.2,5.72,15.762,0,3.2,0,1.205,2.28,0,8.98
1/14/2026,13:30, ,gtmpiwq_20H100465_010926_073000.bin,Pine Island,GTMNERR,0,35.537,0,22.45,0,2.404,0,92.2,0,7.98,0,67.86,22.65,7.67,0,-74.4,5.72,15.751,0,3.87,0,1.206,2.49,0,9.85
1/14/2026,13:45, ,gtmpiwq_20H100465_010926_073000.bin,Pine Island,GTMNERR,0,37.618,0,23.91,0,2.468,0,93.7,0,8.02,0,61.88,20.65,7.71,0,-76.6,5.72,15.853,0,4.49,0,1.206,2.3,0,9.09
1/14/2026,14:00, ,gtmpiwq_20H100465_010926_073000.bin,Pine Island,GTMNERR,0,37.385,0,23.74,0,2.551,0,93.7,0,8.04,0,61.93,20.67,7.71,0,-76.6,5.72,15.836,0,4.81,0,1.209,2.29,0,9.04
1/14/2026,14:15, ,gtmpiwq_20H100465_010926_073000.bin,Pine Island,GTMNERR,0,37.112,0,23.55,0,2.63,0,94.4,0,8.1,0,63.3,21.13,7.71,0,-76.7,5.73,15.823,0,4.45,0,1.205,2.15,0,8.49
1/14/2026,14:30, ,gtmpiwq_20H100465_010926_073000.bin,Pine Island,GTMNERR,0,37.36,0,23.73,0,2.697,0,95.7,0,8.2,0,62.64,20.91,7.73,0,-77.5,5.72,15.862,0,3.95,0,1.209,2.41,0,9.54
1/14/2026,14:45, ,gtmpiwq_20H100465_010926_073000.bin,Pine Island,GTMNERR,0,37.812,0,24.04,0,2.757,0,95.4,0,8.16,0,61.13,20.4,7.73,0,-77.8,5.72,15.87,0,4.43,0,1.211,2.51,0,9.93
1/14/2026,15:00, ,gtmpiwq_20H100465_010926_073000.bin,Pine Island,GTMNERR,0,37.983,0,24.16,0,2.81,0,95.6,0,8.17,0,60.73,20.27,7.73,0,-78,5.72,15.876,0,5.13,0,1.212,2.64,0,10.43
1/14/2026,15:15, ,gtmpiwq_20H100465_010926_073000.bin,Pine Island,GTMNERR,0,38.403,0,24.46,0,2.852,0,96.3,0,8.21,0,59.99,20.02,7.75,0,-78.7,5.72,15.887,0,3.94,0,1.211,2.83,0,11.19
1/14/2026,15:30, ,gtmpiwq_20H100465_010926_073000.bin,Pine Island,GTMNERR,0,38.686,0,24.66,0,2.903,0,96.6,0,8.22,0,59.25,19.78,7.75,0,-79.1,5.73,15.928,0,3.29,0,1.211,2.61,0,10.34
1/14/2026,15:45, ,gtmpiwq_20H100465_010926_073000.bin,Pine Island,GTMNERR,0,38.917,0,24.82,0,2.943,0,97,0,8.24,0,58.53,19.54,7.76,0,-79.4,5.71,15.956,0,3.84,0,1.203,2.71,0,10.74
1/14/2026,16:00, ,gtmpiwq_20H100465_010926_073000.bin,Pine Island,GTMNERR,0,39.09,0,24.94,0,2.985,0,97,0,8.23,0,57.91,19.33,7.76,0,-79.6,5.72,15.959,0,3.25,0,1.201,2.44,0,9.65
1/14/2026,16:15, ,gtmpiwq_20H100465_010926_073000.bin,Pine Island,GTMNERR,0,39.294,0,25.09,0,3.024,0,97.1,0,8.23,0,57.42,19.17,7.76,0,-79.7,5.72,15.945,0,3.38,0,1.198,2.64,0,10.46
1/14/2026,16:30, ,gtmpiwq_20H100465_010926_073000.bin,Pine Island,GTMNERR,0,39.424,0,25.18,0,3.065,0,97.3,0,8.25,0,57.09,19.06,7.77,0,-79.9,5.72,15.95,0,3.63,0,1.205,2.95,0,11.7
1/14/2026,16:45, ,gtmpiwq_20H100465_010926_073000.bin,Pine Island,GTMNERR,0,39.696,0,25.37,0,3.103,0,97.4,0,8.24,0,56.12,18.73,7.77,0,-80,5.72,15.979,0,3.22,0,1.202,5.04,0,20.08
1/14/2026,17:00, ,gtmpiwq_20H100465_010926_073000.bin,Pine Island,GTMNERR,0,39.856,0,25.48,0,3.14,0,97.1,0,8.21,0,55.87,18.65,7.77,0,-80,5.71,15.988,0,3.11,0,1.199,3.05,0,12.11
1/14/2026,17:15, ,gtmpiwq_20H100465_010926_073000.bin,Pine Island,GTMNERR,0,39.982,0,25.57,0,3.175,0,97.3,0,8.22,0,55.41,18.5,7.77,0,-80.3,5.71,15.987,0,3.04,0,1.198,2.64,0,10.46
1/14/2026,17:30, ,gtmpiwq_20H100465_010926_073000.bin,Pine Island,GTMNERR,0,40.124,0,25.67,0,3.206,0,97,0,8.19,0,54.99,18.35,7.77,0,-80.3,5.72,15.979,0,3.02,0,1.197,3.04,0,12.06
1/14/2026,17:45, ,gtmpiwq_20H100465_010926_073000.bin,Pine Island,GTMNERR,0,40.325,0,25.82,0,3.236,0,96.7,0,8.16,0,54.42,18.16,7.77,0,-80.3,5.71,15.974,0,2.78,0,1.195,2.67,0,10.58
1/14/2026,18:00, ,gtmpiwq_20H100465_010926_073000.bin,Pine Island,GTMNERR,0,40.462,0,25.91,0,3.262,0,96.3,0,8.13,0,53.94,18.01,7.77,0,-80.3,5.72,15.964,0,2.73,0,1.194,5.49,0,21.89
1/14/2026,18:15, ,gtmpiwq_20H100465_010926_073000.bin,Pine Island,GTMNERR,0,40.595,0,26.01,0,3.283,0,96.5,0,8.14,0,53.57,17.88,7.78,0,-80.4,5.71,15.939,0,2.71,0,1.192,3.27,0,12.97
1/14/2026,18:30, ,gtmpiwq_20H100465_010926_073000.bin,Pine Island,GTMNERR,0,40.682,0,26.07,0,3.306,0,96,0,8.1,0,52.89,17.66,7.77,0,-80.4,5.72,15.911,0,2.59,0,1.203,2.52,0,9.95
1/14/2026,18:45, ,gtmpiwq_20H100465_010926_073000.bin,Pine Island,GTMNERR,0,40.715,0,26.09,0,3.325,0,95.8,0,8.08,0,53.15,17.74,7.77,0,-80.3,5.72,15.888,0,2.51,0,1.209,2.82,0,11.16
1/14/2026,19:00, ,gtmpiwq_20H100465_010926_073000.bin,Pine Island,GTMNERR,0,40.722,0,26.1,0,3.339,0,92.9,0,7.84,0,51.83,17.3,7.76,0,-79.6,5.71,15.871,0,2.35,0,1.201,2.39,0,9.44
1/14/2026,19:15, ,gtmpiwq_20H100465_010926_073000.bin,Pine Island,GTMNERR,0,40.724,0,26.1,0,3.336,0,92.3,0,7.8,0,49.71,16.59,7.76,0,-79.6,5.71,15.876,0,2.32,0,1.202,2.43,0,9.61
1/14/2026,19:30, ,gtmpiwq_20H100465_010926_073000.bin,Pine Island,GTMNERR,0,40.693,0,26.07,0,3.313,0,93.9,0,7.94,0,52.63,17.57,7.77,0,-80.2,5.72,15.83,0,2.46,0,1.198,2.97,0,11.77
1/14/2026,19:45, ,gtmpiwq_20H100465_010926_073000.bin,Pine Island,GTMNERR,0,40.637,0,26.03,0,3.27,0,95.5,0,8.07,0,52.39,17.49,7.78,0,-80.6,5.71,15.84,0,2.48,0,1.197,2.78,0,11.01
1/14/2026,20:00, ,gtmpiwq_20H100465_010926_073000.bin,Pine Island,GTMNERR,0,40.52,0,25.95,0,3.218,0,95.9,0,8.09,0,52.71,17.6,7.77,0,-80.4,5.72,15.916,0,2.49,0,1.204,2.51,0,9.93
1/14/2026,20:15, ,gtmpiwq_20H100465_010926_073000.bin,Pine Island,GTMNERR,0,40.138,0,25.68,0,3.158,0,96.2,0,8.14,0,54.25,18.11,7.77,0,-80.2,5.71,15.869,0,3.17,0,1.204,2.46,0,9.73
1/14/2026,20:30, ,gtmpiwq_20H100465_010926_073000.bin,Pine Island,GTMNERR,0,39.693,0,25.37,0,3.105,0,96.4,0,8.18,0,55.89,18.66,7.77,0,-79.9,5.71,15.822,0,3.29,0,1.205,2.45,0,9.69
1/14/2026,20:45, ,gtmpiwq_20H100465_010926_073000.bin,Pine Island,GTMNERR,0,39.451,0,25.2,0,3.04,0,96.5,0,8.2,0,56.82,18.96,7.76,0,-79.8,5.72,15.825,0,3.54,0,1.203,2.44,0,9.63
1/14/2026,21:00, ,gtmpiwq_20H100465_010926_073000.bin,Pine Island,GTMNERR,0,39.092,0,24.94,0,2.971,0,96.4,0,8.22,0,57.68,19.25,7.76,0,-79.5,5.7,15.75,0,3.82,0,1.205,2.38,0,9.39
1/14/2026,21:15, ,gtmpiwq_20H100465_010926_073000.bin,Pine Island,GTMNERR,0,38.982,0,24.87,0,2.906,0,96,0,8.18,0,58.32,19.47,7.76,0,-79.3,5.71,15.8,0,3.9,0,1.207,2.39,0,9.45
1/14/2026,21:30, ,gtmpiwq_20H100465_010926_073000.bin,Pine Island,GTMNERR,0,38.512,0,24.53,0,2.831,0,95.8,0,8.19,0,59.47,19.85,7.75,0,-78.8,5.71,15.732,0,4.2,0,1.209,2.35,0,9.28
1/14/2026,21:45, ,gtmpiwq_20H100465_010926_073000.bin,Pine Island,GTMNERR,0,38.034,0,24.2,0,2.754,0,95.3,0,8.17,0,60.77,20.28,7.74,0,-78.1,5.69,15.678,0,4.57,0,1.209,2.28,0,9
1/14/2026,22:00, ,gtmpiwq_20H100465_010926_073000.bin,Pine Island,GTMNERR,0,37.741,0,23.99,0,2.67,0,94.5,0,8.12,0,61.71,20.6,7.73,0,-77.7,5.71,15.67,0,5.2,0,1.205,2.38,0,9.41
1/14/2026,22:15, ,gtmpiwq_20H100465_010926_073000.bin,Pine Island,GTMNERR,0,37.188,0,23.6,0,2.582,0,94,0,8.11,0,63.17,21.09,7.72,0,-76.9,5.71,15.568,0,4.47,0,1.205,2.32,0,9.15
1/14/2026,22:30, ,gtmpiwq_20H100465_010926_073000.bin,Pine Island,GTMNERR,0,36.668,0,23.24,0,2.492,0,93.1,0,8.06,0,64.67,21.59,7.7,0,-76.2,5.7,15.512,0,4.67,0,1.203,2.26,0,8.9
1/14/2026,22:45, ,gtmpiwq_20H100465_010926_073000.bin,Pine Island,GTMNERR,0,36.334,0,23.01,0,2.409,0,92.7,0,8.04,0,65.75,21.95,7.7,0,-75.7,5.71,15.479,0,4.61,0,1.209,2.3,0,9.06
1/14/2026,23:00, ,gtmpiwq_20H100465_010926_073000.bin,Pine Island,GTMNERR,0,36.037,0,22.8,0,2.339,0,91.6,0,7.96,0,66.34,22.14,7.68,0,-75,5.7,15.453,0,4.7,0,1.205,2.31,0,9.1
1/14/2026,23:15, ,gtmpiwq_20H100465_010926_073000.bin,Pine Island,GTMNERR,0,35.744,0,22.59,0,2.269,0,90.7,0,7.9,0,67.01,22.37,7.67,0,-74.4,5.7,15.403,0,4.53,0,1.201,2.44,0,9.64
1/14/2026,23:30, ,gtmpiwq_20H100465_010926_073000.bin,Pine Island,GTMNERR,0,35.439,0,22.38,0,2.22,0,90.5,0,7.9,0,67.89,22.66,7.67,0,-74,5.71,15.35,0,4.37,0,1.197,2.49,0,9.82
1/14/2026,23:45, ,gtmpiwq_20H100465_010926_073000.bin,Pine Island,GTMNERR,0,35.19,0,22.21,0,2.17,0,89.9,0,7.86,0,68.44,22.84,7.66,0,-73.5,5.7,15.305,0,4.21,0,1.201,2.35,0,9.26
1/15/2026,0:00, ,gtmpiwq_20H100465_010926_073000.bin,Pine Island,GTMNERR,0,34.975,0,22.06,0,2.129,0,89.4,0,7.83,0,69,23.03,7.65,0,-73.2,5.71,15.265,0,3.59,0,1.203,2.6,0,10.29
1/15/2026,0:15, ,gtmpiwq_20H100465_010926_073000.bin,Pine Island,GTMNERR,0,34.8,0,21.94,0,2.092,0,89.1,0,7.82,0,69.29,23.13,7.65,0,-72.7,5.68,15.237,0,3.7,0,1.203,2.6,0,10.27
1/15/2026,0:30, ,gtmpiwq_20H100465_010926_073000.bin,Pine Island,GTMNERR,0,34.683,0,21.85,0,2.068,0,87.7,0,7.7,0,69.31,23.13,7.64,0,-72.3,5.71,15.223,0,3.04,0,1.205,2.5,0,9.89
1/15/2026,0:45, ,gtmpiwq_20H100465_010926_073000.bin,Pine Island,GTMNERR,0,34.629,0,21.82,0,2.094,0,88.8,0,7.8,0,69.79,23.29,7.64,0,-72.7,5.7,15.222,0,3.35,0,1.209,2.65,0,10.49
1/15/2026,1:00, ,gtmpiwq_20H100465_010926_073000.bin,Pine Island,GTMNERR,0,35.588,0,22.48,0,2.141,0,91.1,0,7.96,0,68.15,22.75,7.67,0,-74.2,5.7,15.239,0,4.19,0,1.202,2.47,0,9.77
1/15/2026,1:15, ,gtmpiwq_20H100465_010926_073000.bin,Pine Island,GTMNERR,0,36.489,0,23.11,0,2.227,0,92.1,0,8.02,0,65.74,21.94,7.69,0,-75.5,5.7,15.262,0,4.3,0,1.198,2.47,0,9.74
1/15/2026,1:30, ,gtmpiwq_20H100465_010926_073000.bin,Pine Island,GTMNERR,0,36.449,0,23.08,0,2.302,0,92.2,0,8.01,0,64.97,21.68,7.69,0,-75.5,5.7,15.345,0,5.91,0,1.197,2.51,0,9.93
1/15/2026,1:45, ,gtmpiwq_20H100465_010926_073000.bin,Pine Island,GTMNERR,0,36.151,0,22.88,0,2.382,0,92,0,8,0,66.67,22.25,7.69,0,-75.1,5.71,15.373,0,4.63,0,1.195,2.54,0,10.02
1/15/2026,2:00, ,gtmpiwq_20H100465_010926_073000.bin,Pine Island,GTMNERR,0,36.357,0,23.02,0,2.46,0,92.3,0,8.02,0,66.21,22.1,7.69,0,-75.4,5.7,15.346,0,4.31,0,1.197,2.23,0,8.79
1/15/2026,2:15, ,gtmpiwq_20H100465_010926_073000.bin,Pine Island,GTMNERR,0,36.861,0,23.37,0,2.538,0,92.7,0,8.05,0,64.89,21.66,7.7,0,-76,5.7,15.327,0,4.07,0,1.204,2.29,0,9.05
1/15/2026,2:30, ,gtmpiwq_20H100465_010926_073000.bin,Pine Island,GTMNERR,0,37.169,0,23.59,0,2.612,0,93,0,8.06,0,64.17,21.42,7.71,0,-76.4,5.7,15.359,0,4.81,0,1.201,2.35,0,9.27
1/15/2026,2:45, ,gtmpiwq_20H100465_010926_073000.bin,Pine Island,GTMNERR,0,37.602,0,23.89,0,2.684,0,93.5,0,8.08,0,62.96,21.02,7.72,0,-77.1,5.7,15.381,0,4.11,0,1.2,2.35,0,9.26
1/15/2026,3:00, ,gtmpiwq_20H100465_010926_073000.bin,Pine Island,GTMNERR,0,37.933,0,24.12,0,2.759,0,93.9,0,8.11,0,62.14,20.74,7.73,0,-77.6,5.7,15.382,0,3.62,0,1.199,2.62,0,10.34
1/15/2026,3:15, ,gtmpiwq_20H100465_010926_073000.bin,Pine Island,GTMNERR,0,38.142,0,24.27,0,2.824,0,94,0,8.11,0,61.44,20.51,7.73,0,-77.8,5.69,15.371,0,4.04,0,1.198,2.24,0,8.83
1/15/2026,3:30, ,gtmpiwq_20H100465_010926_073000.bin,Pine Island,GTMNERR,0,38.527,0,24.54,0,2.884,0,94.2,0,8.11,0,60.24,20.11,7.74,0,-78.2,5.7,15.373,0,3.96,0,1.198,2.39,0,9.45
1/15/2026,3:45, ,gtmpiwq_20H100465_010926_073000.bin,Pine Island,GTMNERR,0,38.857,0,24.77,0,2.939,0,94,0,8.08,0,59.44,19.84,7.74,0,-78.3,5.7,15.364,0,3.7,0,1.199,2.42,0,9.56
1/15/2026,4:00, ,gtmpiwq_20H100465_010926_073000.bin,Pine Island,GTMNERR,0,39.169,0,24.99,0,2.991,0,94.1,0,8.08,0,58.4,19.49,7.74,0,-78.5,5.7,15.358,0,4.53,0,1.201,2.15,0,8.46
1/15/2026,4:15, ,gtmpiwq_20H100465_010926_073000.bin,Pine Island,GTMNERR,0,39.382,0,25.14,0,3.042,0,94.3,0,8.09,0,57.49,19.19,7.75,0,-78.8,5.7,15.366,0,4.5,0,1.2,2.32,0,9.15
1/15/2026,4:30, ,gtmpiwq_20H100465_010926_073000.bin,Pine Island,GTMNERR,0,39.761,0,25.41,0,3.099,0,94.2,0,8.06,0,56.72,18.93,7.75,0,-79,5.69,15.377,0,4.04,0,1.202,2.2,0,8.67
1/15/2026,4:45, ,gtmpiwq_20H100465_010926_073000.bin,Pine Island,GTMNERR,0,40.039,0,25.61,0,3.153,0,94.2,0,8.05,0,56.02,18.7,7.76,0,-79.2,5.7,15.406,0,3.79,0,1.192,2.2,0,8.68
1/15/2026,5:00, ,gtmpiwq_20H100465_010926_073000.bin,Pine Island,GTMNERR,0,40.235,0,25.75,0,3.203,0,94.2,0,8.04,0,55.23,18.44,7.76,0,-79.4,5.7,15.436,0,3.79,0,1.202,2.14,0,8.42
1/15/2026,5:15, ,gtmpiwq_20H100465_010926_073000.bin,Pine Island,GTMNERR,0,40.459,0,25.9,0,3.259,0,94.2,0,8.03,0,54.59,18.22,7.76,0,-79.5,5.69,15.443,0,3.61,0,1.201,2.25,0,8.87
1/15/2026,5:30, ,gtmpiwq_20H100465_010926_073000.bin,Pine Island,GTMNERR,0,40.739,0,26.1,0,3.311,0,94,0,8.01,0,53.7,17.92,7.76,0,-79.7,5.7,15.449,0,3.9,0,1.197,2.05,0,8.07
1/15/2026,5:45, ,gtmpiwq_20H100465_010926_073000.bin,Pine Island,GTMNERR,0,41.092,0,26.35,0,3.36,0,94.1,0,7.99,0,52.52,17.53,7.77,0,-80,5.69,15.463,0,3.42,0,1.197,2.21,0,8.73
1/15/2026,6:00, ,gtmpiwq_20H100465_010926_073000.bin,Pine Island,GTMNERR,0,41.495,0,26.64,0,3.408,0,94,0,7.97,0,51.27,17.11,7.77,0,-80.3,5.69,15.489,0,3.04,0,1.204,2.17,0,8.55
1/15/2026,6:15, ,gtmpiwq_20H100465_010926_073000.bin,Pine Island,GTMNERR,0,41.727,0,26.8,0,3.45,0,94,0,7.96,0,50.39,16.82,7.78,0,-80.6,5.7,15.487,0,3.39,0,1.208,2.02,0,7.95
1/15/2026,6:30, ,gtmpiwq_20H100465_010926_073000.bin,Pine Island,GTMNERR,0,41.986,0,26.99,0,3.489,0,93.9,0,7.95,0,49.64,16.57,7.78,0,-80.7,5.69,15.484,0,3.14,0,1.202,2.07,0,8.15
1/15/2026,6:45, ,gtmpiwq_20H100465_010926_073000.bin,Pine Island,GTMNERR,0,42.158,0,27.11,0,3.524,0,93.8,0,7.93,0,49.05,16.37,7.78,0,-80.8,5.7,15.477,0,3.44,0,1.197,2.22,0,8.76
1/15/2026,7:00, ,gtmpiwq_20H100465_010926_073000.bin,Pine Island,GTMNERR,0,42.319,0,27.23,0,3.552,0,93.5,0,7.9,0,48.52,16.2,7.78,0,-80.8,5.69,15.49,0,2.89,0,1.195,1.96,0,7.71
1/15/2026,7:15, ,gtmpiwq_20H100465_010926_073000.bin,Pine Island,GTMNERR,0,42.504,0,27.36,0,3.573,0,93.3,0,7.87,0,48.01,16.03,7.78,0,-80.9,5.69,15.515,0,2.69,0,1.193,2.04,0,8.03
1/15/2026,7:30, ,gtmpiwq_20H100465_010926_073000.bin,Pine Island,GTMNERR,0,42.426,0,27.3,0,3.585,0,93,0,7.86,0,48.15,16.07,7.78,0,-80.8,5.7,15.448,0,2.62,0,1.197,2.07,0,8.16
1/15/2026,7:45, ,gtmpiwq_20H100465_010926_073000.bin,Pine Island,GTMNERR,0,42.649,0,27.46,0,3.588,0,92.5,0,7.8,0,46.99,15.69,7.78,0,-80.6,5.69,15.5,0,2.37,0,1.206,1.86,0,7.31
1/15/2026,8:00, ,gtmpiwq_20H100465_010926_073000.bin,Pine Island,GTMNERR,0,42.605,0,27.43,0,3.572,0,85.9,0,7.25,0,44.63,14.9,7.76,0,-79.4,5.7,15.499,0,2.08,0,1.21,1.75,0,6.86
1/15/2026,8:15, ,gtmpiwq_20H100465_010926_073000.bin,Pine Island,GTMNERR,0,42.603,0,27.43,0,3.538,0,89.3,0,7.53,0,47.24,15.77,7.78,0,-80.9,5.69,15.506,0,2.26,0,1.211,3.1,0,12.29
1/15/2026,8:30, ,gtmpiwq_20H100465_010926_073000.bin,Pine Island,GTMNERR,0,42.393,0,27.28,0,3.491,0,92.8,0,7.84,0,47.48,15.85,7.78,0,-80.8,5.69,15.441,0,2.24,0,1.203,1.85,0,7.27
1/15/2026,8:45, ,gtmpiwq_20H100465_010926_073000.bin,Pine Island,GTMNERR,0,42.187,0,27.13,0,3.436,0,93.2,0,7.89,0,47.91,15.99,7.78,0,-80.8,5.69,15.439,0,4.95,0,1.194,1.91,0,7.51
1/15/2026,9:00, ,gtmpiwq_20H100465_010926_073000.bin,Pine Island,GTMNERR,0,41.91,0,26.93,0,3.373,0,93.5,0,7.92,0,49.56,16.54,7.78,0,-80.6,5.69,15.419,0,3.32,0,1.197,1.59,0,6.23
1/15/2026,9:15, ,gtmpiwq_20H100465_010926_073000.bin,Pine Island,GTMNERR,0,41.526,0,26.66,0,3.312,0,93.3,0,7.92,0,50.79,16.96,7.77,0,-80.3,5.69,15.397,0,3.44,0,1.202,1.53,0,5.98
1/15/2026,9:30, ,gtmpiwq_20H100465_010926_073000.bin,Pine Island,GTMNERR,0,40.955,0,26.25,0,3.245,0,93.1,0,7.94,0,52.52,17.53,7.77,0,-79.8,5.68,15.362,0,3.34,0,1.209,1.6,0,6.27
1/15/2026,9:45, ,gtmpiwq_20H100465_010926_073000.bin,Pine Island,GTMNERR,0,40.2,0,25.72,0,3.18,0,93,0,7.97,0,55.21,18.43,7.76,0,-79.2,5.69,15.249,0,3.44,0,1.207,1.61,0,6.3
1/15/2026,10:00, ,gtmpiwq_20H100465_010926_073000.bin,Pine Island,GTMNERR,0,39.644,0,25.32,0,3.115,0,93.1,0,8.01,0,56.49,18.86,7.75,0,-78.8,5.69,15.151,0,3.72,0,1.201,1.76,0,6.92
1/15/2026,10:15, ,gtmpiwq_20H100465_010926_073000.bin,Pine Island,GTMNERR,0,39.435,0,25.18,0,3.047,0,93.2,0,8.02,0,57.07,19.05,7.74,0,-78.2,5.67,15.182,0,4.09,0,1.201,1.76,0,6.92
1/15/2026,10:30, ,gtmpiwq_20H100465_010926_073000.bin,Pine Island,GTMNERR,0,39.285,0,25.07,0,2.973,0,93,0,8.01,0,57.56,19.21,7.74,0,-78.2,5.69,15.179,0,4.58,0,1.206,1.74,0,6.84
1/15/2026,10:45, ,gtmpiwq_20H100465_010926_073000.bin,Pine Island,GTMNERR,0,39.029,0,24.89,0,2.889,0,92.9,0,8.02,0,58.22,19.43,7.74,0,-78.2,5.69,15.156,0,4.52,0,1.207,1.79,0,7.03
1/15/2026,11:00, ,gtmpiwq_20H100465_010926_073000.bin,Pine Island,GTMNERR,0,38.748,0,24.69,0,2.811,0,93.1,0,8.05,0,58.93,19.67,7.74,0,-78,5.68,15.139,0,4.32,0,1.202,1.75,0,6.86
1/15/2026,11:15, ,gtmpiwq_20H100465_010926_073000.bin,Pine Island,GTMNERR,0,38.391,0,24.44,0,2.729,0,93,0,8.06,0,60.19,20.09,7.73,0,-77.7,5.69,15.089,0,4.99,0,1.204,1.85,0,7.28
1/15/2026,11:30, ,gtmpiwq_20H100465_010926_073000.bin,Pine Island,GTMNERR,0,37.974,0,24.15,0,2.644,0,92.7,0,8.06,0,61.4,20.49,7.72,0,-77.2,5.68,15.033,0,4.62,0,1.202,1.76,0,6.9
1/15/2026,11:45, ,gtmpiwq_20H100465_010926_073000.bin,Pine Island,GTMNERR,0,37.508,0,23.82,0,2.554,0,92.3,0,8.04,0,62.68,20.92,7.71,0,-76.6,5.68,14.997,0,4.87,0,1.205,1.82,0,7.15
1/15/2026,12:00, ,gtmpiwq_20H100465_010926_073000.bin,Pine Island,GTMNERR,0,37.09,0,23.53,0,2.469,0,92,0,8.03,0,63.55,21.21,7.7,0,-75.9,5.66,14.957,0,4.98,0,1.205,1.85,0,7.27
1/15/2026,12:15, ,gtmpiwq_20H100465_010926_073000.bin,Pine Island,GTMNERR,0,36.681,0,23.24,0,2.381,0,91.6,0,8.03,0,64.62,21.57,7.69,0,-75.4,5.68,14.922,0,5.78,0,1.206,1.85,0,7.25
1/15/2026,12:30, ,gtmpiwq_20H100465_010926_073000.bin,Pine Island,GTMNERR,0,36.335,0,23,0,2.302,0,91.7,0,8.05,0,65.29,21.79,7.69,0,-75.1,5.69,14.897,0,5.56,0,1.208,1.93,0,7.59
1/15/2026,12:45, ,gtmpiwq_20H100465_010926_073000.bin,Pine Island,GTMNERR,0,35.985,0,22.76,0,2.234,0,91.2,0,8.02,0,65.55,21.88,7.68,0,-74.5,5.68,14.879,0,7.86,0,1.201,1.92,0,7.53
1/15/2026,13:00, ,gtmpiwq_20H100465_010926_073000.bin,Pine Island,GTMNERR,0,35.794,0,22.62,0,2.182,0,91.9,0,8.09,0,66.74,22.28,7.68,0,-74.7,5.68,14.89,0,5.45,0,1.208,2.02,0,7.95
1/15/2026,13:15, ,gtmpiwq_20H100465_010926_073000.bin,Pine Island,GTMNERR,0,35.554,0,22.46,0,2.139,0,92,0,8.1,0,67.06,22.38,7.68,0,-74.5,5.68,14.907,0,5.46,0,1.206,2.03,0,7.99
1/15/2026,13:30, ,gtmpiwq_20H100465_010926_073000.bin,Pine Island,GTMNERR,0,35.402,0,22.35,0,2.118,0,91.9,0,8.1,0,67.16,22.42,7.68,0,-74.6,5.68,14.921,0,4.93,0,1.199,2.25,0,8.88
1/15/2026,13:45, ,gtmpiwq_20H100465_010926_073000.bin,Pine Island,GTMNERR,0,35.29,0,22.27,0,2.131,0,91.9,0,8.1,0,67.07,22.39,7.68,0,-74.5,5.68,14.93,0,4.82,0,1.192,2.47,0,9.74
1/15/2026,14:00, ,gtmpiwq_20H100465_010926_073000.bin,Pine Island,GTMNERR,0,35.262,0,22.25,0,2.165,0,90.5,0,7.98,0,66.26,22.11,7.68,0,-74.5,5.68,14.931,0,3.24,0,1.197,2.5,0,9.86
1/15/2026,14:15, ,gtmpiwq_20H100465_010926_073000.bin,Pine Island,GTMNERR,0,35.511,0,22.43,0,2.211,0,93.1,0,8.2,0,67.86,22.65,7.69,0,-75,5.68,14.94,0,3.84,0,1.203,2.22,0,8.75
1/15/2026,14:30, ,gtmpiwq_20H100465_010926_073000.bin,Pine Island,GTMNERR,0,36.145,0,22.87,0,2.269,0,94.1,0,8.26,0,66.67,22.25,7.7,0,-75.9,5.68,14.927,0,4.18,0,1.208,2.02,0,7.94
1/15/2026,14:45, ,gtmpiwq_20H100465_010926_073000.bin,Pine Island,GTMNERR,0,36.274,0,22.96,0,2.335,0,94,0,8.25,0,66.27,22.12,7.7,0,-76.1,5.67,14.922,0,3.98,0,1.212,2.11,0,8.3
1/15/2026,15:00, ,gtmpiwq_20H100465_010926_073000.bin,Pine Island,GTMNERR,0,36.459,0,23.09,0,2.406,0,94.2,0,8.26,0,65.68,21.92,7.71,0,-76.4,5.67,14.911,0,4.57,0,1.205,2.16,0,8.53
1/15/2026,15:15, ,gtmpiwq_20H100465_010926_073000.bin,Pine Island,GTMNERR,0,36.627,0,23.2,0,2.476,0,94.8,0,8.31,0,64.92,21.67,7.72,0,-76.8,5.68,14.908,0,5.26,0,1.197,2.29,0,9.05
1/15/2026,15:30, ,gtmpiwq_20H100465_010926_073000.bin,Pine Island,GTMNERR,0,36.815,0,23.33,0,2.536,0,95.4,0,8.36,0,64.35,21.48,7.72,0,-77.3,5.68,14.902,0,5.7,0,1.206,2.33,0,9.2
1/15/2026,15:45, ,gtmpiwq_20H100465_010926_073000.bin,Pine Island,GTMNERR,0,37.186,0,23.59,0,2.598,0,95.9,0,8.39,0,63.87,21.32,7.73,0,-77.8,5.68,14.883,0,4.26,0,1.207,2.31,0,9.11
1/15/2026,16:00, ,gtmpiwq_20H100465_010926_073000.bin,Pine Island,GTMNERR,0,37.587,0,23.87,0,2.662,0,96.3,0,8.4,0,62.89,20.99,7.74,0,-78.3,5.67,14.913,0,4.17,0,1.202,2.14,0,8.42
1/15/2026,16:15, ,gtmpiwq_20H100465_010926_073000.bin,Pine Island,GTMNERR,0,37.669,0,23.93,0,2.722,0,96.1,0,8.38,0,62.32,20.8,7.74,0,-78.4,5.68,14.921,0,4.82,0,1.202,2.36,0,9.32
1/15/2026,16:30, ,gtmpiwq_20H100465_010926_073000.bin,Pine Island,GTMNERR,0,38.05,0,24.2,0,2.78,0,97.1,0,8.46,0,61.53,20.54,7.76,0,-79.2,5.67,14.899,0,3.62,0,1.202,2.53,0,10
1/15/2026,16:45, ,gtmpiwq_20H100465_010926_073000.bin,Pine Island,GTMNERR,0,38.381,0,24.43,0,2.823,0,97.4,0,8.47,0,60.64,20.24,7.76,0,-79.6,5.67,14.913,0,3.44,0,1.202,2.73,0,10.8
1/15/2026,17:00, ,gtmpiwq_20H100465_010926_073000.bin,Pine Island,GTMNERR,0,38.528,0,24.53,0,2.867,0,97.8,0,8.5,0,60.26,20.11,7.77,0,-80,5.68,14.898,0,3.17,0,1.202,2.62,0,10.38
1/15/2026,17:15, ,gtmpiwq_20H100465_010926_073000.bin,Pine Island,GTMNERR,0,38.756,0,24.69,0,2.914,0,97.9,0,8.51,0,59.67,19.92,7.77,0,-80.2,5.67,14.869,0,3.14,0,1.201,2.46,0,9.7
1/15/2026,17:30, ,gtmpiwq_20H100465_010926_073000.bin,Pine Island,GTMNERR,0,38.899,0,24.79,0,2.962,0,97.7,0,8.48,0,59.29,19.79,7.78,0,-80.3,5.68,14.888,0,3.03,0,1.205,2.64,0,10.45
1/15/2026,17:45, ,gtmpiwq_20H100465_010926_073000.bin,Pine Island,GTMNERR,0,39.082,0,24.92,0,3.008,0,98,0,8.5,0,58.79,19.62,7.78,0,-80.5,5.67,14.889,0,2.98,0,1.205,2.58,0,10.19
1/15/2026,18:00, ,gtmpiwq_20H100465_010926_073000.bin,Pine Island,GTMNERR,0,39.264,0,25.05,0,3.058,0,98.1,0,8.52,0,58.26,19.45,7.78,0,-80.8,5.67,14.826,0,3.18,0,1.205,3.13,0,12.4
1/15/2026,18:15, ,gtmpiwq_20H100465_010926_073000.bin,Pine Island,GTMNERR,0,39.488,0,25.21,0,3.108,0,98.1,0,8.51,0,57.67,19.25,7.79,0,-80.9,5.68,14.785,0,3.58,0,1.203,2.56,0,10.14
1/15/2026,18:30, ,gtmpiwq_20H100465_010926_073000.bin,Pine Island,GTMNERR,0,39.649,0,25.32,0,3.151,0,98,0,8.5,0,57.26,19.11,7.79,0,-81,5.67,14.774,0,3.28,0,1.203,2.73,0,10.82
1/15/2026,18:45, ,gtmpiwq_20H100465_010926_073000.bin,Pine Island,GTMNERR,0,39.867,0,25.47,0,3.189,0,97.7,0,8.48,0,56.7,18.93,7.79,0,-81.1,5.68,14.738,0,3.43,0,1.203,2.85,0,11.29
1/15/2026,19:00, ,gtmpiwq_20H100465_010926_073000.bin,Pine Island,GTMNERR,0,40.021,0,25.58,0,3.225,0,97.8,0,8.48,0,56.18,18.75,7.79,0,-81.2,5.67,14.72,0,3.17,0,1.209,2.42,0,9.57
1/15/2026,19:15, ,gtmpiwq_20H100465_010926_073000.bin,Pine Island,GTMNERR,0,40.225,0,25.73,0,3.259,0,97.6,0,8.45,0,55.62,18.56,7.79,0,-81.1,5.67,14.737,0,3.31,0,1.205,2.9,0,11.47
1/15/2026,19:30, ,gtmpiwq_20H100465_010926_073000.bin,Pine Island,GTMNERR,0,40.331,0,25.8,0,3.282,0,97.2,0,8.41,0,55.32,18.47,7.79,0,-81.1,5.67,14.71,0,2.82,0,1.202,2.61,0,10.34
1/15/2026,19:45, ,gtmpiwq_20H100465_010926_073000.bin,Pine Island,GTMNERR,0,40.406,0,25.86,0,3.29,0,96.7,0,8.37,0,54.92,18.33,7.79,0,-81.2,5.67,14.703,0,3.04,0,1.198,2.47,0,9.74
1/15/2026,20:00, ,gtmpiwq_20H100465_010926_073000.bin,Pine Island,GTMNERR,0,40.424,0,25.87,0,3.282,0,94.9,0,8.22,0,52.69,17.59,7.78,0,-80.5,5.67,14.698,0,2.58,0,1.194,2.43,0,9.58
1/15/2026,20:15, ,gtmpiwq_20H100465_010926_073000.bin,Pine Island,GTMNERR,0,40.39,0,25.84,0,3.256,0,94.3,0,8.17,0,52.25,17.44,7.8,0,-81.5,5.66,14.662,0,2.87,0,1.193,2.68,0,10.59
1/15/2026,20:30, ,gtmpiwq_20H100465_010926_073000.bin,Pine Island,GTMNERR,0,40.212,0,25.72,0,3.215,0,96.9,0,8.42,0,54.58,18.22,7.79,0,-81.2,5.67,14.612,0,2.56,0,1.195,2.5,0,9.88
1/15/2026,20:45, ,gtmpiwq_20H100465_010926_073000.bin,Pine Island,GTMNERR,0,39.894,0,25.49,0,3.167,0,97.2,0,8.46,0,56.01,18.7,7.79,0,-81,5.67,14.581,0,3,0,1.206,2.23,0,8.8
1/15/2026,21:00, ,gtmpiwq_20H100465_010926_073000.bin,Pine Island,GTMNERR,0,39.509,0,25.22,0,3.111,0,97,0,8.46,0,57.29,19.12,7.79,0,-80.9,5.67,14.515,0,3.16,0,1.211,2.15,0,8.49
1/15/2026,21:15, ,gtmpiwq_20H100465_010926_073000.bin,Pine Island,GTMNERR,0,39.153,0,24.97,0,3.052,0,97.2,0,8.51,0,58.5,19.53,7.78,0,-80.8,5.67,14.431,0,3.66,0,1.202,2.15,0,8.49
1/15/2026,21:30, ,gtmpiwq_20H100465_010926_073000.bin,Pine Island,GTMNERR,0,38.769,0,24.7,0,2.987,0,97.1,0,8.52,0,59.34,19.81,7.78,0,-80.5,5.66,14.387,0,4.77,0,1.199,2.27,0,8.95
1/15/2026,21:45, ,gtmpiwq_20H100465_010926_073000.bin,Pine Island,GTMNERR,0,38.782,0,24.71,0,2.91,0,96.9,0,8.47,0,59.4,19.83,7.77,0,-80.2,5.66,14.576,0,4.19,0,1.195,2.18,0,8.61
1/15/2026,22:00, ,gtmpiwq_20H100465_010926_073000.bin,Pine Island,GTMNERR,0,38.259,0,24.34,0,2.826,0,96.2,0,8.45,0,60.98,20.36,7.76,0,-79.5,5.67,14.432,0,4.28,0,1.193,2.27,0,8.96
1/15/2026,22:15, ,gtmpiwq_20H100465_010926_073000.bin,Pine Island,GTMNERR,0,37.759,0,23.99,0,2.741,0,95.6,0,8.43,0,62.74,20.94,7.75,0,-78.8,5.66,14.387,0,4.59,0,1.193,2.23,0,8.79
1/15/2026,22:30, ,gtmpiwq_20H100465_010926_073000.bin,Pine Island,GTMNERR,0,37.401,0,23.74,0,2.649,0,95.2,0,8.41,0,63.54,21.21,7.74,0,-78.2,5.67,14.367,0,4.98,0,1.207,2.16,0,8.5
1/15/2026,22:45, ,gtmpiwq_20H100465_010926_073000.bin,Pine Island,GTMNERR,0,36.864,0,23.36,0,2.562,0,94.5,0,8.38,0,65.09,21.73,7.73,0,-77.5,5.66,14.265,0,4.62,0,1.201,2.13,0,8.39
1/15/2026,23:00, ,gtmpiwq_20H100465_010926_073000.bin,Pine Island,GTMNERR,0,36.343,0,22.99,0,2.469,0,93.7,0,8.35,0,66.35,22.15,7.72,0,-76.9,5.66,14.179,0,5.01,0,1.197,2.19,0,8.63
1/15/2026,23:15, ,gtmpiwq_20H100465_010926_073000.bin,Pine Island,GTMNERR,0,35.93,0,22.71,0,2.382,0,93,0,8.32,0,67.11,22.4,7.71,0,-76.3,5.67,14.088,0,5.61,0,1.207,2.1,0,8.27
1/15/2026,23:30, ,gtmpiwq_20H100465_010926_073000.bin,Pine Island,GTMNERR,0,35.524,0,22.42,0,2.304,0,92.6,0,8.3,0,68.16,22.75,7.7,0,-75.9,5.66,14.003,0,6.3,0,1.205,2.17,0,8.57
1/15/2026,23:45, ,gtmpiwq_20H100465_010926_073000.bin,Pine Island,GTMNERR,0,35.134,0,22.15,0,2.231,0,91.9,0,8.27,0,69.03,23.04,7.7,0,-75.5,5.67,13.894,0,6.97,0,1.204,2.23,0,8.77
1/16/2026,0:00, ,gtmpiwq_20H100465_010926_073000.bin,Pine Island,GTMNERR,0,34.774,0,21.9,0,2.183,0,91.6,0,8.28,0,69.73,23.27,7.69,0,-75.3,5.67,13.777,0,6.29,0,1.206,2.26,0,8.92
1/16/2026,0:15, ,gtmpiwq_20H100465_010926_073000.bin,Pine Island,GTMNERR,0,34.307,0,21.58,0,2.143,0,90.9,0,8.2,0,70.48,23.52,7.69,0,-75.2,5.66,13.976,0,7.12,0,1.207,2.45,0,9.69
1/16/2026,0:30, ,gtmpiwq_20H100465_010926_073000.bin,Pine Island,GTMNERR,0,34.137,0,21.46,0,2.123,0,90.1,0,8.15,0,71.41,23.84,7.69,0,-75.1,5.66,13.893,0,5.54,0,1.207,2.47,0,9.75
1/16/2026,0:45, ,gtmpiwq_20H100465_010926_073000.bin,Pine Island,GTMNERR,0,34.059,0,21.41,0,2.115,0,88.7,0,8.03,0,70.91,23.67,7.69,0,-74.9,5.65,13.862,0,3.96,0,1.206,2.49,0,9.83
1/16/2026,1:00, ,gtmpiwq_20H100465_010926_073000.bin,Pine Island,GTMNERR,0,33.932,0,21.32,0,2.115,0,88.8,0,8.05,0,72.81,24.3,7.68,0,-74.8,5.66,13.836,0,3.82,0,1.207,2.34,0,9.25
1/16/2026,1:15, ,gtmpiwq_20H100465_010926_073000.bin,Pine Island,GTMNERR,0,33.934,0,21.32,0,2.151,0,89.7,0,8.13,0,72.64,24.24,7.69,0,-75.1,5.66,13.828,0,4.93,0,1.205,2.66,0,10.54
1/16/2026,1:30, ,gtmpiwq_20H100465_010926_073000.bin,Pine Island,GTMNERR,0,34.88,0,21.97,0,2.208,0,91.8,0,8.31,0,70.13,23.41,7.71,0,-76.4,5.65,13.744,0,5.38,0,1.201,2.57,0,10.17
1/16/2026,1:45, ,gtmpiwq_20H100465_010926_073000.bin,Pine Island,GTMNERR,0,35.818,0,22.63,0,2.3,0,93,0,8.34,0,67.29,22.46,7.73,0,-77.4,5.65,13.947,0,5.46,0,1.202,2.51,0,9.92
1/16/2026,2:00, ,gtmpiwq_20H100465_010926_073000.bin,Pine Island,GTMNERR,0,35.374,0,22.32,0,2.396,0,92.5,0,8.3,0,68.13,22.74,7.71,0,-76.6,5.66,14.058,0,6.4,0,1.203,2.44,0,9.65
1/16/2026,2:15, ,gtmpiwq_20H100465_010926_073000.bin,Pine Island,GTMNERR,0,35.512,0,22.41,0,2.492,0,92.5,0,8.29,0,68.11,22.73,7.71,0,-76.6,5.66,14.051,0,5.93,0,1.204,2.22,0,8.77
1/16/2026,2:30, ,gtmpiwq_20H100465_010926_073000.bin,Pine Island,GTMNERR,0,36.028,0,22.77,0,2.579,0,92.8,0,8.31,0,67.04,22.38,7.72,0,-77.2,5.65,13.978,0,5.53,0,1.205,2.33,0,9.18
1/16/2026,2:45, ,gtmpiwq_20H100465_010926_073000.bin,Pine Island,GTMNERR,0,36.414,0,23.04,0,2.662,0,92.9,0,8.3,0,66.2,22.1,7.73,0,-77.5,5.65,13.998,0,5.54,0,1.208,2.28,0,8.99
1/16/2026,3:00, ,gtmpiwq_20H100465_010926_073000.bin,Pine Island,GTMNERR,0,36.802,0,23.31,0,2.736,0,93.2,0,8.31,0,64.9,21.66,7.74,0,-78,5.66,14.06,0,5.88,0,1.209,2.33,0,9.18
1/16/2026,3:15, ,gtmpiwq_20H100465_010926_073000.bin,Pine Island,GTMNERR,0,37.215,0,23.6,0,2.817,0,93.6,0,8.33,0,64.33,21.47,7.75,0,-78.5,5.65,14.006,0,4.03,0,1.203,2.24,0,8.85
1/16/2026,3:30, ,gtmpiwq_20H100465_010926_073000.bin,Pine Island,GTMNERR,0,37.546,0,23.83,0,2.888,0,93.7,0,8.35,0,63.38,21.15,7.76,0,-79,5.65,13.906,0,4.37,0,1.197,1.89,0,7.43
1/16/2026,3:45, ,gtmpiwq_20H100465_010926_073000.bin,Pine Island,GTMNERR,0,37.968,0,24.12,0,2.959,0,94,0,8.37,0,62.22,20.77,7.76,0,-79.5,5.66,13.874,0,4.24,0,1.193,2.24,0,8.82
1/16/2026,4:00, ,gtmpiwq_20H100465_010926_073000.bin,Pine Island,GTMNERR,0,38.23,0,24.31,0,3.029,0,94,0,8.37,0,61.43,20.51,7.77,0,-79.7,5.65,13.79,0,4.4,0,1.202,2.1,0,8.29
1/16/2026,4:15, ,gtmpiwq_20H100465_010926_073000.bin,Pine Island,GTMNERR,0,38.524,0,24.51,0,3.092,0,94.3,0,8.37,0,60.49,20.19,7.77,0,-80,5.66,13.861,0,4.33,0,1.21,2.14,0,8.41
1/16/2026,4:30, ,gtmpiwq_20H100465_010926_073000.bin,Pine Island,GTMNERR,0,38.889,0,24.77,0,3.151,0,94.4,0,8.37,0,59.14,19.74,7.78,0,-80.4,5.65,13.838,0,5.41,0,1.207,2.02,0,7.95
1/16/2026,4:45, ,gtmpiwq_20H100465_010926_073000.bin,Pine Island,GTMNERR,0,39.264,0,25.03,0,3.206,0,94.4,0,8.36,0,58.46,19.51,7.78,0,-80.6,5.65,13.837,0,4.41,0,1.192,2.13,0,8.38
1/16/2026,5:00, ,gtmpiwq_20H100465_010926_073000.bin,Pine Island,GTMNERR,0,39.47,0,25.18,0,3.268,0,94.3,0,8.34,0,57.66,19.25,7.79,0,-80.8,5.65,13.86,0,4.41,0,1.196,2.15,0,8.49
1/16/2026,5:15, ,gtmpiwq_20H100465_010926_073000.bin,Pine Island,GTMNERR,0,39.754,0,25.38,0,3.325,0,94.4,0,8.34,0,56.84,18.97,7.79,0,-80.9,5.65,13.856,0,3.98,0,1.207,2.13,0,8.38
1/16/2026,5:30, ,gtmpiwq_20H100465_010926_073000.bin,Pine Island,GTMNERR,0,40.02,0,25.57,0,3.383,0,94.4,0,8.33,0,56.07,18.72,7.79,0,-81.1,5.65,13.861,0,4.15,0,1.201,1.94,0,7.61
1/16/2026,5:45, ,gtmpiwq_20H100465_010926_073000.bin,Pine Island,GTMNERR,0,40.317,0,25.78,0,3.442,0,94.3,0,8.31,0,55.13,18.4,7.79,0,-81.3,5.65,13.876,0,4.18,0,1.197,2.09,0,8.24
1/16/2026,6:00, ,gtmpiwq_20H100465_010926_073000.bin,Pine Island,GTMNERR,0,40.912,0,26.2,0,3.502,0,94.3,0,8.29,0,53.2,17.76,7.8,0,-81.6,5.65,13.896,0,3.8,0,1.193,2.02,0,7.97
1/16/2026,6:15, ,gtmpiwq_20H100465_010926_073000.bin,Pine Island,GTMNERR,0,41.364,0,26.52,0,3.563,0,94.3,0,8.26,0,51.63,17.23,7.8,0,-81.8,5.65,13.968,0,4.28,0,1.202,1.87,0,7.34
1/16/2026,6:30, ,gtmpiwq_20H100465_010926_073000.bin,Pine Island,GTMNERR,0,41.626,0,26.71,0,3.615,0,94.2,0,8.24,0,50.83,16.97,7.81,0,-82,5.65,13.947,0,3.98,0,1.202,2.07,0,8.15
1/16/2026,6:45, ,gtmpiwq_20H100465_010926_073000.bin,Pine Island,GTMNERR,0,41.791,0,26.82,0,3.665,0,94.1,0,8.22,0,50.15,16.74,7.81,0,-82,5.65,13.953,0,3.58,0,1.199,1.95,0,7.68
1/16/2026,7:00, ,gtmpiwq_20H100465_010926_073000.bin,Pine Island,GTMNERR,0,42.07,0,27.02,0,3.706,0,94,0,8.2,0,49.26,16.44,7.81,0,-82.1,5.65,13.993,0,3.62,0,1.199,2.19,0,8.62
1/16/2026,7:15, ,gtmpiwq_20H100465_010926_073000.bin,Pine Island,GTMNERR,0,42.415,0,27.27,0,3.745,0,94,0,8.18,0,48.11,16.06,7.81,0,-82.3,5.65,14.046,0,3.82,0,1.194,2.1,0,8.26
1/16/2026,7:30, ,gtmpiwq_20H100465_010926_073000.bin,Pine Island,GTMNERR,0,42.678,0,27.46,0,3.776,0,93.9,0,8.16,0,47.11,15.73,7.81,0,-82.4,5.65,14.058,0,4.18,0,1.195,2.05,0,8.09
1/16/2026,7:45, ,gtmpiwq_20H100465_010926_073000.bin,Pine Island,GTMNERR,0,42.873,0,27.59,0,3.801,0,93.7,0,8.14,0,46.49,15.52,7.82,0,-82.5,5.65,14.014,0,3.54,0,1.205,2.22,0,8.75
1/16/2026,8:00, ,gtmpiwq_20H100465_010926_073000.bin,Pine Island,GTMNERR,0,43.11,0,27.76,0,3.823,0,93.5,0,8.12,0,45.64,15.24,7.82,0,-82.6,5.65,13.994,0,3.31,0,1.21,8.92,0,35.71
1/16/2026,8:15, ,gtmpiwq_20H100465_010926_073000.bin,Pine Island,GTMNERR,0,43.352,0,27.93,0,3.836,0,93.4,0,8.1,0,44.88,14.98,7.82,0,-82.6,5.65,14.005,0,3.48,0,1.21,1.78,0,6.96
1/16/2026,8:30, ,gtmpiwq_20H100465_010926_073000.bin,Pine Island,GTMNERR,0,43.507,0,28.05,0,3.842,0,93.1,0,8.07,0,44.07,14.71,7.82,0,-82.7,5.65,14.029,0,2.6,0,1.211,1.75,0,6.85
1/16/2026,8:45, ,gtmpiwq_20H100465_010926_073000.bin,Pine Island,GTMNERR,0,43.566,0,28.09,0,3.832,0,91.2,0,7.9,0,42.62,14.23,7.82,0,-82.6,5.65,14.047,0,2.35,0,1.211,1.39,0,5.41
1/16/2026,9:00, ,gtmpiwq_20H100465_010926_073000.bin,Pine Island,GTMNERR,0,43.249,0,27.86,0,3.804,0,84,0,7.28,0,40.99,13.69,7.8,0,-81.5,5.65,14.037,0,2.38,0,1.204,1.32,0,5.13
1/16/2026,9:15, ,gtmpiwq_20H100465_010926_073000.bin,Pine Island,GTMNERR,0,43.416,0,27.98,0,3.762,0,89.7,0,7.78,0,44.17,14.74,7.82,0,-82.9,5.65,14.014,0,2.36,0,1.196,1.69,0,6.61
1/16/2026,9:30, ,gtmpiwq_20H100465_010926_073000.bin,Pine Island,GTMNERR,0,43.229,0,27.85,0,3.71,0,93.2,0,8.08,0,45.17,15.08,7.82,0,-82.6,5.65,14.023,0,2.52,0,1.201,1.64,0,6.42
1/16/2026,9:45, ,gtmpiwq_20H100465_010926_073000.bin,Pine Island,GTMNERR,0,42.836,0,27.57,0,3.65,0,93.5,0,8.13,0,46.47,15.51,7.82,0,-82.6,5.65,13.995,0,2.94,0,1.209,1.5,0,5.84
1/16/2026,10:00, ,gtmpiwq_20H100465_010926_073000.bin,Pine Island,GTMNERR,0,42.421,0,27.27,0,3.588,0,93.7,0,8.16,0,47.93,16,7.81,0,-82.4,5.65,13.952,0,3.58,0,1.198,1.62,0,6.34
1/16/2026,10:15, ,gtmpiwq_20H100465_010926_073000.bin,Pine Island,GTMNERR,0,41.769,0,26.8,0,3.522,0,93.6,0,8.2,0,50.02,16.7,7.81,0,-82.1,5.65,13.842,0,4.33,0,1.197,2.49,0,9.83
1/16/2026,10:30, ,gtmpiwq_20H100465_010926_073000.bin,Pine Island,GTMNERR,0,41.189,0,26.39,0,3.449,0,93.6,0,8.23,0,51.96,17.34,7.81,0,-81.8,5.65,13.764,0,3.87,0,1.201,1.57,0,6.15
1/16/2026,10:45, ,gtmpiwq_20H100465_010926_073000.bin,Pine Island,GTMNERR,0,40.554,0,25.94,0,3.379,0,93.7,0,8.28,0,54.17,18.08,7.8,0,-81.6,5.65,13.664,0,3.81,0,1.2,2.02,0,7.94
1/16/2026,11:00, ,gtmpiwq_20H100465_010926_073000.bin,Pine Island,GTMNERR,0,39.794,0,25.4,0,3.309,0,93.7,0,8.34,0,56.27,18.78,7.8,0,-81.2,5.65,13.49,0,4.1,0,1.196,1.72,0,6.73
1/16/2026,11:15, ,gtmpiwq_20H100465_010926_073000.bin,Pine Island,GTMNERR,0,39.597,0,25.26,0,3.234,0,94,0,8.37,0,56.63,18.9,7.79,0,-81.1,5.65,13.528,0,5.1,0,1.196,1.75,0,6.87
1/16/2026,11:30, ,gtmpiwq_20H100465_010926_073000.bin,Pine Island,GTMNERR,0,39.447,0,25.16,0,3.16,0,94,0,8.38,0,57.27,19.12,7.79,0,-81.1,5.65,13.531,0,4.97,0,1.199,1.78,0,6.99
1/16/2026,11:45, ,gtmpiwq_20H100465_010926_073000.bin,Pine Island,GTMNERR,0,39.162,0,24.95,0,3.083,0,94.1,0,8.4,0,58.19,19.42,7.79,0,-81,5.65,13.514,0,4.92,0,1.211,1.66,0,6.5
1/16/2026,12:00, ,gtmpiwq_20H100465_010926_073000.bin,Pine Island,GTMNERR,0,38.768,0,24.68,0,3,0,94.1,0,8.42,0,59.03,19.7,7.79,0,-80.7,5.65,13.458,0,5.62,0,1.205,1.88,0,7.38
1/16/2026,12:15, ,gtmpiwq_20H100465_010926_073000.bin,Pine Island,GTMNERR,0,38.381,0,24.4,0,2.914,0,94.1,0,8.44,0,60.37,20.15,7.78,0,-80.5,5.65,13.418,0,5.18,0,1.203,1.83,0,7.19
1/16/2026,12:30, ,gtmpiwq_20H100465_010926_073000.bin,Pine Island,GTMNERR,0,37.985,0,24.13,0,2.829,0,94,0,8.45,0,61.46,20.51,7.78,0,-80.2,5.65,13.386,0,5.47,0,1.199,1.89,0,7.42
1/16/2026,12:45, ,gtmpiwq_20H100465_010926_073000.bin,Pine Island,GTMNERR,0,37.528,0,23.81,0,2.736,0,93.7,0,8.45,0,61.38,20.49,7.77,0,-79.6,5.65,13.335,0,8.59,0,1.197,2,0,7.88
1/16/2026,13:00, ,gtmpiwq_20H100465_010926_073000.bin,Pine Island,GTMNERR,0,37.172,0,23.56,0,2.646,0,93.9,0,8.49,0,63.45,21.18,7.76,0,-79.2,5.65,13.276,0,4.93,0,1.196,1.92,0,7.54
1/16/2026,13:15, ,gtmpiwq_20H100465_010926_073000.bin,Pine Island,GTMNERR,0,36.827,0,23.31,0,2.561,0,94,0,8.52,0,64.51,21.53,7.75,0,-78.7,5.65,13.248,0,5.27,0,1.198,1.93,0,7.6
1/16/2026,13:30, ,gtmpiwq_20H100465_010926_073000.bin,Pine Island,GTMNERR,0,36.508,0,23.09,0,2.488,0,94,0,8.53,0,65.37,21.82,7.75,0,-78.3,5.65,13.258,0,5.23,0,1.195,1.92,0,7.53
1/16/2026,13:45, ,gtmpiwq_20H100465_010926_073000.bin,Pine Island,GTMNERR,0,36.278,0,22.93,0,2.427,0,94.2,0,8.55,0,66.12,22.07,7.74,0,-78.2,5.65,13.279,0,5.32,0,1.2,2.05,0,8.08
1/16/2026,14:00, ,gtmpiwq_20H100465_010926_073000.bin,Pine Island,GTMNERR,0,36.081,0,22.8,0,2.387,0,94.2,0,8.55,0,66.63,22.24,7.74,0,-78,5.65,13.301,0,4.57,0,1.205,2.08,0,8.2
1/16/2026,14:15, ,gtmpiwq_20H100465_010926_073000.bin,Pine Island,GTMNERR,0,35.969,0,22.72,0,2.372,0,94.1,0,8.55,0,66.63,22.24,7.74,0,-77.9,5.65,13.33,0,4.31,0,1.206,2.12,0,8.34
1/16/2026,14:30, ,gtmpiwq_20H100465_010926_073000.bin,Pine Island,GTMNERR,0,35.898,0,22.67,0,2.377,0,93.2,0,8.47,0,66.77,22.29,7.73,0,-77.6,5.65,13.342,0,2.88,0,1.209,3.44,0,13.64
1/16/2026,14:45, ,gtmpiwq_20H100465_010926_073000.bin,Pine Island,GTMNERR,0,35.875,0,22.65,0,2.413,0,93.1,0,8.46,0,67.55,22.55,7.74,0,-77.9,5.65,13.324,0,4.51,0,1.21,2.14,0,8.42
1/16/2026,15:00, ,gtmpiwq_20H100465_010926_073000.bin,Pine Island,GTMNERR,0,37.369,0,23.7,0,2.471,0,96.2,0,8.66,0,63.21,21.1,7.77,0,-79.8,5.65,13.475,0,4.14,0,1.202,1.86,0,7.3
1/16/2026,15:15, ,gtmpiwq_20H100465_010926_073000.bin,Pine Island,GTMNERR,0,37.282,0,23.64,0,2.538,0,95.6,0,8.63,0,63.17,21.08,7.77,0,-79.6,5.65,13.397,0,5.2,0,1.192,1.86,0,7.32
1/16/2026,15:30, ,gtmpiwq_20H100465_010926_073000.bin,Pine Island,GTMNERR,0,37.113,0,23.52,0,2.615,0,95.2,0,8.59,0,63.65,21.24,7.76,0,-79.2,5.61,13.373,0,4.59,0,1.192,1.9,0,7.48
1/16/2026,15:45, ,gtmpiwq_20H100465_010926_073000.bin,Pine Island,GTMNERR,0,37.384,0,23.71,0,2.693,0,95.9,0,8.63,0,63.38,21.15,7.77,0,-79.8,5.65,13.439,0,4.27,0,1.205,1.84,0,7.21
1/16/2026,16:00, ,gtmpiwq_20H100465_010926_073000.bin,Pine Island,GTMNERR,0,37.668,0,23.91,0,2.765,0,96.5,0,8.67,0,62.55,20.88,7.78,0,-80.3,5.65,13.502,0,3.91,0,1.201,2.01,0,7.92
1/16/2026,16:15, ,gtmpiwq_20H100465_010926_073000.bin,Pine Island,GTMNERR,0,37.986,0,24.13,0,2.829,0,96.7,0,8.67,0,61.63,20.57,7.79,0,-80.6,5.65,13.537,0,4.17,0,1.202,2.03,0,7.97
1/16/2026,16:30, ,gtmpiwq_20H100465_010926_073000.bin,Pine Island,GTMNERR,0,38.239,0,24.31,0,2.89,0,97.1,0,8.68,0,60.8,20.29,7.79,0,-81,5.65,13.576,0,4.35,0,1.207,2.1,0,8.28
1/16/2026,16:45, ,gtmpiwq_20H100465_010926_073000.bin,Pine Island,GTMNERR,0,38.551,0,24.53,0,2.95,0,97.8,0,8.72,0,60.07,20.05,7.8,0,-81.5,5.65,13.654,0,4.14,0,1.21,2.26,0,8.89
1/16/2026,17:00, ,gtmpiwq_20H100465_010926_073000.bin,Pine Island,GTMNERR,0,38.782,0,24.69,0,3.004,0,98,0,8.73,0,59.4,19.83,7.8,0,-81.6,5.65,13.683,0,3.35,0,1.202,2.14,0,8.43
1/16/2026,17:15, ,gtmpiwq_20H100465_010926_073000.bin,Pine Island,GTMNERR,0,38.88,0,24.76,0,3.052,0,98.5,0,8.77,0,59.21,19.76,7.81,0,-82,5.65,13.69,0,3.26,0,1.192,2.61,0,10.33
1/16/2026,17:30, ,gtmpiwq_20H100465_010926_073000.bin,Pine Island,GTMNERR,0,39.152,0,24.95,0,3.1,0,99,0,8.78,0,58.27,19.45,7.81,0,-82.2,5.65,13.765,0,3.12,0,1.194,2.35,0,9.27
1/16/2026,17:45, ,gtmpiwq_20H100465_010926_073000.bin,Pine Island,GTMNERR,0,39.382,0,25.11,0,3.142,0,98.6,0,8.76,0,57.69,19.26,7.81,0,-82.1,5.65,13.711,0,3.08,0,1.199,2.43,0,9.59
1/16/2026,18:00, ,gtmpiwq_20H100465_010926_073000.bin,Pine Island,GTMNERR,0,39.639,0,25.29,0,3.185,0,98.4,0,8.72,0,57.05,19.04,7.81,0,-82.2,5.65,13.701,0,3.28,0,1.202,2.14,0,8.45
1/16/2026,18:15, ,gtmpiwq_20H100465_010926_073000.bin,Pine Island,GTMNERR,0,39.775,0,25.39,0,3.228,0,98.3,0,8.71,0,56.56,18.88,7.81,0,-82.3,5.65,13.702,0,2.91,0,1.206,2.34,0,9.22
1/16/2026,18:30, ,gtmpiwq_20H100465_010926_073000.bin,Pine Island,GTMNERR,0,39.884,0,25.47,0,3.271,0,98.3,0,8.71,0,56.2,18.76,7.82,0,-82.4,5.65,13.705,0,3.07,0,1.21,2.44,0,9.63
1/16/2026,18:45, ,gtmpiwq_20H100465_010926_073000.bin,Pine Island,GTMNERR,0,40.148,0,25.65,0,3.312,0,98.4,0,8.71,0,55.43,18.5,7.82,0,-82.6,5.65,13.708,0,2.79,0,1.202,2.64,0,10.45
1/16/2026,19:00, ,gtmpiwq_20H100465_010926_073000.bin,Pine Island,GTMNERR,0,40.38,0,25.82,0,3.352,0,98.3,0,8.69,0,54.69,18.25,7.82,0,-82.7,5.65,13.737,0,2.79,0,1.193,2.32,0,9.17
1/16/2026,19:15, ,gtmpiwq_20H100465_010926_073000.bin,Pine Island,GTMNERR,0,40.521,0,25.92,0,3.391,0,98.4,0,8.68,0,54.05,18.04,7.82,0,-82.9,5.65,13.75,0,3.09,0,1.193,2.47,0,9.76
1/16/2026,19:30, ,gtmpiwq_20H100465_010926_073000.bin,Pine Island,GTMNERR,0,40.693,0,26.04,0,3.425,0,98.3,0,8.67,0,53.7,17.93,7.82,0,-82.9,5.65,13.754,0,2.77,0,1.204,2.3,0,9.08
1/16/2026,19:45, ,gtmpiwq_20H100465_010926_073000.bin,Pine Island,GTMNERR,0,40.918,0,26.2,0,3.456,0,98,0,8.63,0,52.78,17.62,7.82,0,-82.9,5.65,13.768,0,2.63,0,1.211,2.2,0,8.68
1/16/2026,20:00, ,gtmpiwq_20H100465_010926_073000.bin,Pine Island,GTMNERR,0,41.018,0,26.27,0,3.479,0,97.4,0,8.58,0,52.55,17.54,7.82,0,-82.9,5.65,13.765,0,2.59,0,1.204,2.49,0,9.83
1/16/2026,20:15, ,gtmpiwq_20H100465_010926_073000.bin,Pine Island,GTMNERR,0,41.072,0,26.31,0,3.491,0,97.2,0,8.56,0,52.08,17.39,7.82,0,-82.9,5.63,13.76,0,2.49,0,1.196,2.31,0,9.11
1/16/2026,20:30, ,gtmpiwq_20H100465_010926_073000.bin,Pine Island,GTMNERR,0,41.031,0,26.28,0,3.49,0,95.2,0,8.39,0,50.04,16.7,7.82,0,-82.4,5.65,13.748,0,2.3,0,1.196,2.01,0,7.89
1/16/2026,20:45, ,gtmpiwq_20H100465_010926_073000.bin,Pine Island,GTMNERR,0,41.036,0,26.28,0,3.476,0,94.4,0,8.31,0,52.34,17.47,7.82,0,-82.8,5.65,13.743,0,2.23,0,1.204,2.49,0,9.85
1/16/2026,21:00, ,gtmpiwq_20H100465_010926_073000.bin,Pine Island,GTMNERR,0,40.915,0,26.2,0,3.443,0,96.4,0,8.49,0,52.5,17.52,7.82,0,-82.6,5.65,13.73,0,2.13,0,1.205,2.56,0,10.13
1/16/2026,21:15, ,gtmpiwq_20H100465_010926_073000.bin,Pine Island,GTMNERR,0,40.819,0,26.13,0,3.394,0,97.3,0,8.58,0,52.71,17.59,7.82,0,-82.7,5.65,13.739,0,2.33,0,1.207,2.51,0,9.91
1/16/2026,21:30, ,gtmpiwq_20H100465_010926_073000.bin,Pine Island,GTMNERR,0,40.42,0,25.84,0,3.335,0,97.5,0,8.63,0,54.23,18.1,7.82,0,-82.6,5.64,13.647,0,2.98,0,1.208,2.39,0,9.42
1/16/2026,21:45, ,gtmpiwq_20H100465_010926_073000.bin,Pine Island,GTMNERR,0,40.014,0,25.56,0,3.272,0,97.7,0,8.66,0,55.57,18.55,7.81,0,-82.4,5.65,13.62,0,2.77,0,1.209,2.24,0,8.84
1/16/2026,22:00, ,gtmpiwq_20H100465_010926_073000.bin,Pine Island,GTMNERR,0,39.63,0,25.29,0,3.203,0,97.6,0,8.68,0,56.69,18.92,7.81,0,-82.2,5.65,13.579,0,3.08,0,1.209,2.15,0,8.48
1/16/2026,22:15, ,gtmpiwq_20H100465_010926_073000.bin,Pine Island,GTMNERR,0,39.249,0,25.02,0,3.135,0,97.5,0,8.69,0,57.91,19.33,7.81,0,-81.9,5.65,13.544,0,3.12,0,1.21,2.05,0,8.06
1/16/2026,22:30, ,gtmpiwq_20H100465_010926_073000.bin,Pine Island,GTMNERR,0,38.975,0,24.82,0,3.069,0,97.1,0,8.68,0,58.65,19.58,7.8,0,-81.5,5.65,13.461,0,3.34,0,1.211,2.09,0,8.23
1/16/2026,22:45, ,gtmpiwq_20H100465_010926_073000.bin,Pine Island,GTMNERR,0,38.754,0,24.67,0,2.991,0,97.2,0,8.69,0,59.3,19.79,7.8,0,-81.2,5.62,13.51,0,3.34,0,1.201,2.01,0,7.9
1/16/2026,23:00, ,gtmpiwq_20H100465_010926_073000.bin,Pine Island,GTMNERR,0,38.553,0,24.53,0,2.913,0,97.3,0,8.7,0,59.87,19.98,7.79,0,-81.1,5.64,13.519,0,3.66,0,1.198,2.13,0,8.39
1/16/2026,23:15, ,gtmpiwq_20H100465_010926_073000.bin,Pine Island,GTMNERR,0,38.24,0,24.31,0,2.831,0,97.3,0,8.71,0,60.82,20.3,7.79,0,-80.9,5.65,13.499,0,3.66,0,1.197,2.21,0,8.69
1/16/2026,23:30, ,gtmpiwq_20H100465_010926_073000.bin,Pine Island,GTMNERR,0,37.926,0,24.09,0,2.74,0,96.9,0,8.7,0,61.75,20.61,7.78,0,-80.6,5.63,13.453,0,3.96,0,1.196,2.11,0,8.31
1/16/2026,23:45, ,gtmpiwq_20H100465_010926_073000.bin,Pine Island,GTMNERR,0,37.489,0,23.78,0,2.649,0,96.2,0,8.68,0,62.85,20.98,7.77,0,-79.9,5.64,13.328,0,4.42,0,1.194,2.41,0,9.53
1/17/2026,0:00, ,gtmpiwq_20H100465_010926_073000.bin,Pine Island,GTMNERR,0,37.067,0,23.48,0,2.558,0,95.5,0,8.65,0,64.12,21.4,7.76,0,-79.2,5.62,13.233,0,4.92,0,1.196,2.17,0,8.54
1/17/2026,0:15, ,gtmpiwq_20H100465_010926_073000.bin,Pine Island,GTMNERR,0,36.659,0,23.2,0,2.467,0,94.6,0,8.6,0,65.12,21.74,7.75,0,-78.6,5.62,13.137,0,5.14,0,1.205,2.12,0,8.37
1/17/2026,0:30, ,gtmpiwq_20H100465_010926_073000.bin,Pine Island,GTMNERR,0,36.331,0,22.97,0,2.382,0,93.8,0,8.56,0,65.96,22.02,7.74,0,-78,5.64,13.05,0,4.99,0,1.202,2.13,0,8.37
1/17/2026,0:45, ,gtmpiwq_20H100465_010926_073000.bin,Pine Island,GTMNERR,0,36.031,0,22.75,0,2.3,0,93.4,0,8.54,0,67.07,22.38,7.73,0,-77.6,5.63,12.977,0,5.63,0,1.202,2.18,0,8.6
1/17/2026,1:00, ,gtmpiwq_20H100465_010926_073000.bin,Pine Island,GTMNERR,0,35.759,0,22.56,0,2.227,0,92.9,0,8.52,0,67.69,22.59,7.73,0,-77.3,5.64,12.915,0,5.31,0,1.201,2.16,0,8.49
1/17/2026,1:15, ,gtmpiwq_20H100465_010926_073000.bin,Pine Island,GTMNERR,0,35.547,0,22.42,0,2.172,0,92.6,0,8.51,0,68.23,22.77,7.72,0,-77,5.61,12.869,0,4.81,0,1.199,2.23,0,8.81
1/17/2026,1:30, ,gtmpiwq_20H100465_010926_073000.bin,Pine Island,GTMNERR,0,35.393,0,22.31,0,2.123,0,92,0,8.46,0,68.64,22.91,7.72,0,-76.8,5.63,12.852,0,4.63,0,1.197,2.22,0,8.76
1/17/2026,1:45, ,gtmpiwq_20H100465_010926_073000.bin,Pine Island,GTMNERR,0,35.28,0,22.23,0,2.096,0,91.4,0,8.42,0,69.22,23.1,7.72,0,-76.6,5.64,12.827,0,4.19,0,1.194,2.27,0,8.97
1/17/2026,2:00, ,gtmpiwq_20H100465_010926_073000.bin,Pine Island,GTMNERR,0,35.174,0,22.16,0,2.081,0,91.1,0,8.4,0,69.31,23.13,7.71,0,-76.3,5.62,12.809,0,3.64,0,1.192,2.34,0,9.22
1/17/2026,2:15, ,gtmpiwq_20H100465_010926_073000.bin,Pine Island,GTMNERR,0,35.153,0,22.14,0,2.112,0,89.8,0,8.28,0,68.58,22.89,7.71,0,-76.2,5.63,12.8,0,3.19,0,1.2,2.13,0,8.41
1/17/2026,2:30, ,gtmpiwq_20H100465_010926_073000.bin,Pine Island,GTMNERR,0,35.837,0,22.62,0,2.193,0,92.6,0,8.5,0,68.1,22.73,7.73,0,-77.2,5.61,12.844,0,4.31,0,1.205,2.21,0,8.7
1/17/2026,2:45, ,gtmpiwq_20H100465_010926_073000.bin,Pine Island,GTMNERR,0,37.019,0,23.44,0,2.284,0,93.4,0,8.52,0,64.61,21.57,7.75,0,-78.6,5.62,12.949,0,4.61,0,1.21,2.17,0,8.54
1/17/2026,3:00, ,gtmpiwq_20H100465_010926_073000.bin,Pine Island,GTMNERR,0,36.47,0,23.06,0,2.397,0,93.3,0,8.52,0,65.87,21.98,7.74,0,-78,5.64,12.955,0,5.23,0,1.204,2.25,0,8.89
1/17/2026,3:15, ,gtmpiwq_20H100465_010926_073000.bin,Pine Island,GTMNERR,0,36.483,0,23.07,0,2.488,0,93.6,0,8.55,0,66.1,22.06,7.74,0,-78.1,5.62,12.936,0,4.78,0,1.195,2.18,0,8.6
1/17/2026,3:30, ,gtmpiwq_20H100465_010926_073000.bin,Pine Island,GTMNERR,0,36.853,0,23.33,0,2.582,0,93.8,0,8.55,0,65.1,21.73,7.75,0,-78.5,5.62,12.976,0,4.51,0,1.194,2.18,0,8.6
1/17/2026,3:45, ,gtmpiwq_20H100465_010926_073000.bin,Pine Island,GTMNERR,0,37.142,0,23.53,0,2.664,0,94.3,0,8.57,0,63.99,21.36,7.76,0,-78.9,5.6,13.058,0,5.61,0,1.196,2.29,0,9.02
1/17/2026,4:00, ,gtmpiwq_20H100465_010926_073000.bin,Pine Island,GTMNERR,0,37.595,0,23.85,0,2.734,0,94.7,0,8.6,0,63.25,21.11,7.77,0,-79.5,5.62,13.043,0,4.25,0,1.203,2.73,0,10.8
1/17/2026,4:15, ,gtmpiwq_20H100465_010926_073000.bin,Pine Island,GTMNERR,0,37.92,0,24.07,0,2.805,0,94.9,0,8.6,0,62.36,20.82,7.77,0,-79.8,5.63,13.051,0,3.82,0,1.206,1.78,0,6.97
1/17/2026,4:30, ,gtmpiwq_20H100465_010926_073000.bin,Pine Island,GTMNERR,0,38.235,0,24.3,0,2.873,0,95.2,0,8.6,0,61.38,20.49,7.78,0,-80.2,5.62,13.1,0,4.23,0,1.211,1.99,0,7.83
1/17/2026,4:45, ,gtmpiwq_20H100465_010926_073000.bin,Pine Island,GTMNERR,0,38.529,0,24.5,0,2.938,0,95.2,0,8.59,0,60.48,20.19,7.78,0,-80.4,5.62,13.081,0,4.26,0,1.204,2.2,0,8.67
1/17/2026,5:00, ,gtmpiwq_20H100465_010926_073000.bin,Pine Island,GTMNERR,0,38.65,0,24.58,0,3,0,94.9,0,8.58,0,60.21,20.1,7.78,0,-80.4,5.6,12.992,0,3.89,0,1.197,2.03,0,7.99
1/17/2026,5:15, ,gtmpiwq_20H100465_010926_073000.bin,Pine Island,GTMNERR,0,38.971,0,24.81,0,3.062,0,95,0,8.57,0,59.53,19.87,7.79,0,-80.6,5.62,13.031,0,3.76,0,1.197,2.13,0,8.39
1/17/2026,5:30, ,gtmpiwq_20H100465_010926_073000.bin,Pine Island,GTMNERR,0,39.197,0,24.97,0,3.118,0,95,0,8.56,0,58.69,19.59,7.79,0,-80.8,5.62,13.052,0,3.48,0,1.202,1.77,0,6.95
1/17/2026,5:45, ,gtmpiwq_20H100465_010926_073000.bin,Pine Island,GTMNERR,0,39.482,0,25.17,0,3.173,0,94.9,0,8.55,0,58.17,19.42,7.79,0,-80.9,5.62,12.998,0,3.42,0,1.205,2.54,0,10.04
1/17/2026,6:00, ,gtmpiwq_20H100465_010926_073000.bin,Pine Island,GTMNERR,0,39.7,0,25.32,0,3.227,0,94.9,0,8.53,0,57.28,19.12,7.79,0,-81.1,5.62,13.036,0,3.22,0,1.206,1.98,0,7.77
1/17/2026,6:15, ,gtmpiwq_20H100465_010926_073000.bin,Pine Island,GTMNERR,0,39.933,0,25.49,0,3.287,0,94.9,0,8.52,0,56.5,18.86,7.8,0,-81.3,5.6,13.065,0,3.22,0,1.207,2,0,7.85
1/17/2026,6:30, ,gtmpiwq_20H100465_010926_073000.bin,Pine Island,GTMNERR,0,40.135,0,25.63,0,3.351,0,95,0,8.52,0,55.95,18.68,7.8,0,-81.3,5.61,13.073,0,3.3,0,1.207,1.84,0,7.23
1/17/2026,6:45, ,gtmpiwq_20H100465_010926_073000.bin,Pine Island,GTMNERR,0,40.443,0,25.85,0,3.412,0,94.9,0,8.49,0,54.74,18.27,7.8,0,-81.3,5.58,13.104,0,3.28,0,1.207,1.87,0,7.34
1/17/2026,7:00, ,gtmpiwq_20H100465_010926_073000.bin,Pine Island,GTMNERR,0,40.769,0,26.08,0,3.471,0,94.9,0,8.47,0,53.9,17.99,7.8,0,-81.7,5.61,13.14,0,3.13,0,1.205,2.42,0,9.55
1/17/2026,7:15, ,gtmpiwq_20H100465_010926_073000.bin,Pine Island,GTMNERR,0,41.356,0,26.49,0,3.526,0,94.8,0,8.43,0,51.97,17.35,7.81,0,-82.1,5.62,13.198,0,2.8,0,1.207,1.83,0,7.18
1/17/2026,7:30, ,gtmpiwq_20H100465_010926_073000.bin,Pine Island,GTMNERR,0,41.669,0,26.72,0,3.577,0,94.7,0,8.41,0,50.96,17.01,7.81,0,-82.3,5.6,13.219,0,3.01,0,1.202,1.64,0,6.42
1/17/2026,7:45, ,gtmpiwq_20H100465_010926_073000.bin,Pine Island,GTMNERR,0,41.901,0,26.88,0,3.624,0,94.7,0,8.4,0,50.19,16.75,7.82,0,-82.4,5.61,13.221,0,2.99,0,1.201,1.76,0,6.91
1/17/2026,8:00, ,gtmpiwq_20H100465_010926_073000.bin,Pine Island,GTMNERR,0,42.091,0,27.02,0,3.667,0,94.7,0,8.39,0,49.53,16.53,7.82,0,-82.5,5.62,13.233,0,2.73,0,1.209,1.71,0,6.71
1/17/2026,8:15, ,gtmpiwq_20H100465_010926_073000.bin,Pine Island,GTMNERR,0,42.326,0,27.18,0,3.701,0,94.5,0,8.36,0,48.66,16.24,7.82,0,-82.6,5.6,13.255,0,3.05,0,1.205,1.94,0,7.63
1/17/2026,8:30, ,gtmpiwq_20H100465_010926_073000.bin,Pine Island,GTMNERR,0,42.619,0,27.39,0,3.727,0,94.4,0,8.34,0,47.76,15.94,7.82,0,-82.8,5.6,13.263,0,2.61,0,1.201,1.75,0,6.88
1/17/2026,8:45, ,gtmpiwq_20H100465_010926_073000.bin,Pine Island,GTMNERR,0,42.672,0,27.43,0,3.74,0,94.1,0,8.31,0,47.42,15.83,7.82,0,-82.8,5.64,13.261,0,2.36,0,1.199,1.96,0,7.7
1/17/2026,9:00, ,gtmpiwq_20H100465_010926_073000.bin,Pine Island,GTMNERR,0,42.803,0,27.52,0,3.745,0,93.8,0,8.28,0,46.57,15.54,7.82,0,-82.8,5.6,13.26,0,2.43,0,1.194,1.77,0,6.95
1/17/2026,9:15, ,gtmpiwq_20H100465_010926_073000.bin,Pine Island,GTMNERR,0,42.801,0,27.52,0,3.732,0,91.8,0,8.1,0,45.71,15.26,7.82,0,-82.7,5.6,13.265,0,2.38,0,1.195,1.86,0,7.32
1/17/2026,9:30, ,gtmpiwq_20H100465_010926_073000.bin,Pine Island,GTMNERR,0,42.837,0,27.55,0,3.695,0,90.2,0,7.96,0,46.51,15.53,7.82,0,-82.9,5.6,13.271,0,2.27,0,1.211,2.2,0,8.67
1/17/2026,9:45, ,gtmpiwq_20H100465_010926_073000.bin,Pine Island,GTMNERR,0,42.702,0,27.45,0,3.639,0,93.8,0,8.28,0,46.79,15.62,7.82,0,-82.9,5.6,13.259,0,2.39,0,1.211,1.7,0,6.67
1/17/2026,10:00, ,gtmpiwq_20H100465_010926_073000.bin,Pine Island,GTMNERR,0,42.433,0,27.26,0,3.582,0,94.2,0,8.33,0,47.79,15.95,7.82,0,-82.8,5.6,13.262,0,2.61,0,1.193,1.67,0,6.54
1/17/2026,10:15, ,gtmpiwq_20H100465_010926_073000.bin,Pine Island,GTMNERR,0,42.01,0,26.96,0,3.519,0,94.8,0,8.41,0,49.5,16.52,7.82,0,-82.7,5.61,13.21,0,3.2,0,1.194,1.72,0,6.75
1/17/2026,10:30, ,gtmpiwq_20H100465_010926_073000.bin,Pine Island,GTMNERR,0,41.603,0,26.67,0,3.457,0,94.8,0,8.43,0,50.99,17.02,7.82,0,-82.4,5.6,13.168,0,2.97,0,1.203,1.64,0,6.42
1/17/2026,10:45, ,gtmpiwq_20H100465_010926_073000.bin,Pine Island,GTMNERR,0,41.05,0,26.28,0,3.391,0,94.8,0,8.45,0,52.74,17.61,7.81,0,-82,5.6,13.121,0,3.54,0,1.209,1.56,0,6.11
1/17/2026,11:00, ,gtmpiwq_20H100465_010926_073000.bin,Pine Island,GTMNERR,0,40.606,0,25.96,0,3.316,0,94.8,0,8.48,0,54.06,18.05,7.81,0,-81.7,5.59,13.122,0,3.41,0,1.203,1.66,0,6.51
1/17/2026,11:15, ,gtmpiwq_20H100465_010926_073000.bin,Pine Island,GTMNERR,0,39.888,0,25.46,0,3.247,0,95.2,0,8.55,0,55.95,18.67,7.8,0,-81.4,5.6,13.086,0,3.69,0,1.201,1.67,0,6.53
1/17/2026,11:30, ,gtmpiwq_20H100465_010926_073000.bin,Pine Island,GTMNERR,0,39.617,0,25.26,0,3.168,0,95.4,0,8.58,0,56.68,18.92,7.8,0,-81.2,5.61,13.071,0,4.19,0,1.197,1.73,0,6.77
1/17/2026,11:45, ,gtmpiwq_20H100465_010926_073000.bin,Pine Island,GTMNERR,0,39.302,0,25.04,0,3.089,0,95.4,0,8.59,0,57.69,19.26,7.79,0,-80.9,5.6,13.031,0,4.5,0,1.193,1.78,0,6.97
1/17/2026,12:00, ,gtmpiwq_20H100465_010926_073000.bin,Pine Island,GTMNERR,0,39.049,0,24.86,0,3.006,0,95.4,0,8.61,0,58.3,19.46,7.79,0,-80.8,5.61,13.016,0,4.36,0,1.196,1.77,0,6.94
1/17/2026,12:15, ,gtmpiwq_20H100465_010926_073000.bin,Pine Island,GTMNERR,0,38.817,0,24.7,0,2.922,0,95.5,0,8.63,0,58.98,19.69,7.79,0,-80.7,5.59,13.005,0,4.38,0,1.206,1.82,0,7.16
1/17/2026,12:30, ,gtmpiwq_20H100465_010926_073000.bin,Pine Island,GTMNERR,0,38.575,0,24.53,0,2.829,0,95.6,0,8.65,0,59.5,19.86,7.78,0,-80.5,5.6,13.011,0,4.8,0,1.207,1.86,0,7.31
1/17/2026,12:45, ,gtmpiwq_20H100465_010926_073000.bin,Pine Island,GTMNERR,0,38.323,0,24.36,0,2.733,0,95.9,0,8.67,0,60.06,20.05,7.78,0,-80.4,5.6,13.051,0,5.35,0,1.211,1.91,0,7.5
1/17/2026,13:00, ,gtmpiwq_20H100465_010926_073000.bin,Pine Island,GTMNERR,0,38.027,0,24.15,0,2.628,0,96.3,0,8.71,0,60.91,20.33,7.78,0,-80.3,5.6,13.101,0,4.86,0,1.201,1.89,0,7.41
1/17/2026,13:15, ,gtmpiwq_20H100465_010926_073000.bin,Pine Island,GTMNERR,0,37.695,0,23.92,0,2.523,0,96.6,0,8.74,0,61.68,20.59,7.78,0,-80.1,5.6,13.158,0,4.98,0,1.198,1.89,0,7.43
1/17/2026,13:30, ,gtmpiwq_20H100465_010926_073000.bin,Pine Island,GTMNERR,0,37.398,0,23.71,0,2.418,0,97,0,8.77,0,62.23,20.77,7.77,0,-79.8,5.59,13.216,0,5.71,0,1.194,1.96,0,7.7
1/17/2026,13:45, ,gtmpiwq_20H100465_010926_073000.bin,Pine Island,GTMNERR,0,37.089,0,23.5,0,2.33,0,96.9,0,8.77,0,62.75,20.94,7.76,0,-79.4,5.59,13.284,0,5.86,0,1.192,1.99,0,7.84
1/17/2026,14:00, ,gtmpiwq_20H100465_010926_073000.bin,Pine Island,GTMNERR,0,36.822,0,23.31,0,2.253,0,96.9,0,8.77,0,63.18,21.09,7.76,0,-79.2,5.6,13.316,0,6.24,0,1.207,1.99,0,7.81
1/17/2026,14:15, ,gtmpiwq_20H100465_010926_073000.bin,Pine Island,GTMNERR,0,36.622,0,23.17,0,2.192,0,96.9,0,8.77,0,64.02,21.37,7.76,0,-79.1,5.6,13.36,0,5.9,0,1.206,2.06,0,8.1
1/17/2026,14:30, ,gtmpiwq_20H100465_010926_073000.bin,Pine Island,GTMNERR,0,36.484,0,23.08,0,2.14,0,97.6,0,8.82,0,64.58,21.56,7.76,0,-79.1,5.6,13.416,0,5.57,0,1.201,2.2,0,8.67
1/17/2026,14:45, ,gtmpiwq_20H100465_010926_073000.bin,Pine Island,GTMNERR,0,36.335,0,22.98,0,2.114,0,97,0,8.77,0,64.96,21.68,7.76,0,-79,5.59,13.444,0,4.61,0,1.197,2.18,0,8.58
1/17/2026,15:00, ,gtmpiwq_20H100465_010926_073000.bin,Pine Island,GTMNERR,0,36.191,0,22.88,0,2.109,0,96.8,0,8.76,0,64.94,21.68,7.75,0,-78.8,5.59,13.445,0,4.76,0,1.196,2.18,0,8.58
1/17/2026,15:15, ,gtmpiwq_20H100465_010926_073000.bin,Pine Island,GTMNERR,0,36.186,0,22.87,0,2.15,0,96.6,0,8.74,0,64.01,21.36,7.75,0,-78.8,5.6,13.447,0,5.31,0,1.203,2.08,0,8.2
1/17/2026,15:30, ,gtmpiwq_20H100465_010926_073000.bin,Pine Island,GTMNERR,0,36.57,0,23.14,0,2.214,0,97.6,0,8.83,0,65.01,21.7,7.76,0,-79,5.59,13.423,0,3.7,0,1.204,2.17,0,8.56
1/17/2026,15:45, ,gtmpiwq_20H100465_010926_073000.bin,Pine Island,GTMNERR,0,37.266,0,23.63,0,2.296,0,98.9,0,8.88,0,62.53,20.87,7.78,0,-80.2,5.6,13.6,0,4.93,0,1.205,2.04,0,8.01
1/17/2026,16:00, ,gtmpiwq_20H100465_010926_073000.bin,Pine Island,GTMNERR,0,37.005,0,23.44,0,2.381,0,98.3,0,8.86,0,63.68,21.25,7.77,0,-79.7,5.59,13.484,0,4.51,0,1.209,2.49,0,9.83
1/17/2026,16:15, ,gtmpiwq_20H100465_010926_073000.bin,Pine Island,GTMNERR,0,37.242,0,23.61,0,2.467,0,98.9,0,8.9,0,62.81,20.97,7.78,0,-80.1,5.59,13.517,0,4.79,0,1.211,2.11,0,8.31
1/17/2026,16:30, ,gtmpiwq_20H100465_010926_073000.bin,Pine Island,GTMNERR,0,37.621,0,23.88,0,2.541,0,99.2,0,8.91,0,62.15,20.74,7.78,0,-80.6,5.6,13.543,0,4.27,0,1.202,2.1,0,8.29
1/17/2026,16:45, ,gtmpiwq_20H100465_010926_073000.bin,Pine Island,GTMNERR,0,37.854,0,24.04,0,2.615,0,98.9,0,8.87,0,61.4,20.49,7.79,0,-80.7,5.59,13.532,0,4.53,0,1.198,2.11,0,8.31
1/17/2026,17:00, ,gtmpiwq_20H100465_010926_073000.bin,Pine Island,GTMNERR,0,38.138,0,24.24,0,2.677,0,99.2,0,8.88,0,60.57,20.22,7.79,0,-81.1,5.6,13.573,0,4.17,0,1.196,2.07,0,8.16
1/17/2026,17:15, ,gtmpiwq_20H100465_010926_073000.bin,Pine Island,GTMNERR,0,38.498,0,24.49,0,2.745,0,99.7,0,8.89,0,59.65,19.91,7.8,0,-81.6,5.59,13.641,0,3.86,0,1.195,2.06,0,8.1
1/17/2026,17:30, ,gtmpiwq_20H100465_010926_073000.bin,Pine Island,GTMNERR,0,38.694,0,24.63,0,2.807,0,99.7,0,8.89,0,59.18,19.75,7.8,0,-81.7,5.59,13.612,0,3.2,0,1.209,2.07,0,8.14
1/17/2026,17:45, ,gtmpiwq_20H100465_010926_073000.bin,Pine Island,GTMNERR,0,38.767,0,24.68,0,2.863,0,99.9,0,8.91,0,58.95,19.68,7.8,0,-81.8,5.6,13.625,0,3.65,0,1.204,2.3,0,9.08
1/17/2026,18:00, ,gtmpiwq_20H100465_010926_073000.bin,Pine Island,GTMNERR,0,38.934,0,24.8,0,2.915,0,100.4,0,8.93,0,58.5,19.53,7.81,0,-82,5.59,13.688,0,3.01,0,1.195,2.49,0,9.86
1/17/2026,18:15, ,gtmpiwq_20H100465_010926_073000.bin,Pine Island,GTMNERR,0,39.112,0,24.92,0,2.967,0,100.4,0,8.93,0,57.97,19.35,7.81,0,-82.1,5.6,13.707,0,3.14,0,1.196,2.42,0,9.55
1/17/2026,18:30, ,gtmpiwq_20H100465_010926_073000.bin,Pine Island,GTMNERR,0,39.324,0,25.07,0,3.015,0,100.2,0,8.9,0,57.53,19.2,7.81,0,-82.1,5.59,13.695,0,3,0,1.196,2.33,0,9.2
1/17/2026,18:45, ,gtmpiwq_20H100465_010926_073000.bin,Pine Island,GTMNERR,0,39.455,0,25.16,0,3.063,0,100,0,8.87,0,57.1,19.06,7.81,0,-82.3,5.6,13.687,0,2.97,0,1.204,3.02,0,11.99
1/17/2026,19:00, ,gtmpiwq_20H100465_010926_073000.bin,Pine Island,GTMNERR,0,39.694,0,25.33,0,3.113,0,100.1,0,8.87,0,56.31,18.8,7.82,0,-82.4,5.59,13.707,0,3.13,0,1.205,2.43,0,9.61
1/17/2026,19:15, ,gtmpiwq_20H100465_010926_073000.bin,Pine Island,GTMNERR,0,39.974,0,25.53,0,3.157,0,100.1,0,8.85,0,55.36,18.48,7.82,0,-82.6,5.59,13.765,0,3.16,0,1.207,2.54,0,10.06
1/17/2026,19:30, ,gtmpiwq_20H100465_010926_073000.bin,Pine Island,GTMNERR,0,40.147,0,25.65,0,3.203,0,99.8,0,8.82,0,54.85,18.31,7.82,0,-82.7,5.59,13.759,0,3.04,0,1.204,2.41,0,9.5
1/17/2026,19:45, ,gtmpiwq_20H100465_010926_073000.bin,Pine Island,GTMNERR,0,40.338,0,25.79,0,3.249,0,99.8,0,8.81,0,54.37,18.15,7.82,0,-82.8,5.59,13.753,0,2.63,0,1.205,2.21,0,8.73
1/17/2026,20:00, ,gtmpiwq_20H100465_010926_073000.bin,Pine Island,GTMNERR,0,40.497,0,25.9,0,3.291,0,99.6,0,8.79,0,53.89,17.99,7.82,0,-82.8,5.59,13.752,0,2.69,0,1.203,2.58,0,10.21
1/17/2026,20:15, ,gtmpiwq_20H100465_010926_073000.bin,Pine Island,GTMNERR,0,40.621,0,25.99,0,3.327,0,99.4,0,8.77,0,53.58,17.88,7.82,0,-82.9,5.59,13.749,0,2.46,0,1.203,2.4,0,9.49
1/17/2026,20:30, ,gtmpiwq_20H100465_010926_073000.bin,Pine Island,GTMNERR,0,40.743,0,26.08,0,3.352,0,99.1,0,8.74,0,53.18,17.75,7.82,0,-82.9,5.59,13.749,0,2.43,0,1.201,2.29,0,9.03
1/17/2026,20:45, ,gtmpiwq_20H100465_010926_073000.bin,Pine Island,GTMNERR,0,40.875,0,26.17,0,3.373,0,98.9,0,8.72,0,52.48,17.52,7.82,0,-82.9,5.59,13.761,0,2.58,0,1.2,2.51,0,9.91
1/17/2026,21:00, ,gtmpiwq_20H100465_010926_073000.bin,Pine Island,GTMNERR,0,40.95,0,26.22,0,3.381,0,98.1,0,8.64,0,52.07,17.38,7.82,0,-82.8,5.59,13.768,0,2.32,0,1.199,2.66,0,10.5
1/17/2026,21:15, ,gtmpiwq_20H100465_010926_073000.bin,Pine Island,GTMNERR,0,40.937,0,26.21,0,3.371,0,95.1,0,8.38,0,49.58,16.55,7.82,0,-82.6,5.59,13.771,0,2.12,0,1.198,2.94,0,11.64
1/17/2026,21:30, ,gtmpiwq_20H100465_010926_073000.bin,Pine Island,GTMNERR,0,40.928,0,26.21,0,3.34,0,97.8,0,8.61,0,52.29,17.46,7.82,0,-82.7,5.58,13.766,0,2.19,0,1.207,2.4,0,9.48
1/17/2026,21:45, ,gtmpiwq_20H100465_010926_073000.bin,Pine Island,GTMNERR,0,40.775,0,26.1,0,3.294,0,98.4,0,8.67,0,52.5,17.53,7.82,0,-82.7,5.59,13.756,0,2.17,0,1.206,2.33,0,9.18
1/17/2026,22:00, ,gtmpiwq_20H100465_010926_073000.bin,Pine Island,GTMNERR,0,40.462,0,25.88,0,3.239,0,99,0,8.74,0,53.68,17.92,7.82,0,-82.6,5.59,13.743,0,2.59,0,1.203,2.36,0,9.3
1/17/2026,22:15, ,gtmpiwq_20H100465_010926_073000.bin,Pine Island,GTMNERR,0,40.147,0,25.65,0,3.176,0,99.2,0,8.77,0,54.94,18.34,7.82,0,-82.5,5.58,13.767,0,2.68,0,1.202,2.32,0,9.14
1/17/2026,22:30, ,gtmpiwq_20H100465_010926_073000.bin,Pine Island,GTMNERR,0,39.754,0,25.38,0,3.114,0,99.5,0,8.8,0,56.08,18.72,7.81,0,-82.3,5.58,13.806,0,2.92,0,1.197,2.34,0,9.25
1/17/2026,22:45, ,gtmpiwq_20H100465_010926_073000.bin,Pine Island,GTMNERR,0,39.382,0,25.12,0,3.049,0,99.6,0,8.82,0,56.9,18.99,7.81,0,-82.1,5.59,13.822,0,3.39,0,1.196,2.32,0,9.17
1/17/2026,23:00, ,gtmpiwq_20H100465_010926_073000.bin,Pine Island,GTMNERR,0,39.192,0,24.98,0,2.978,0,99.3,0,8.81,0,57.67,19.25,7.81,0,-81.8,5.59,13.77,0,3.03,0,1.192,2.21,0,8.72
1/17/2026,23:15, ,gtmpiwq_20H100465_010926_073000.bin,Pine Island,GTMNERR,0,39.022,0,24.86,0,2.902,0,99.3,0,8.82,0,58.01,19.36,7.8,0,-81.7,5.58,13.779,0,3.68,0,1.193,2.2,0,8.67
1/17/2026,23:30, ,gtmpiwq_20H100465_010926_073000.bin,Pine Island,GTMNERR,0,38.756,0,24.68,0,2.826,0,99.4,0,8.83,0,58.75,19.61,7.8,0,-81.5,5.59,13.806,0,3.98,0,1.206,2.3,0,9.08
1/17/2026,23:45, ,gtmpiwq_20H100465_010926_073000.bin,Pine Island,GTMNERR,0,38.476,0,24.48,0,2.742,0,99.3,0,8.83,0,59.43,19.84,7.8,0,-81.4,5.58,13.828,0,4.13,0,1.201,2.33,0,9.2
1/18/2026,0:00, ,gtmpiwq_20H100465_010926_073000.bin,Pine Island,GTMNERR,0,38.196,0,24.28,0,2.653,0,99.1,0,8.83,0,60.28,20.12,7.79,0,-81,5.58,13.803,0,4.29,0,1.2,2.26,0,8.9
1/18/2026,0:15, ,gtmpiwq_20H100465_010926_073000.bin,Pine Island,GTMNERR,0,37.909,0,24.08,0,2.56,0,98.6,0,8.8,0,61.06,20.38,7.78,0,-80.5,5.59,13.746,0,4.89,0,1.2,2.2,0,8.68
1/18/2026,0:30, ,gtmpiwq_20H100465_010926_073000.bin,Pine Island,GTMNERR,0,37.566,0,23.84,0,2.47,0,98,0,8.77,0,62.06,20.72,7.77,0,-79.9,5.58,13.696,0,4.86,0,1.2,2.16,0,8.53
1/18/2026,0:45, ,gtmpiwq_20H100465_010926_073000.bin,Pine Island,GTMNERR,0,37.195,0,23.58,0,2.38,0,97.4,0,8.74,0,63.11,21.07,7.76,0,-79.3,5.58,13.651,0,4.95,0,1.199,2.18,0,8.6
1/18/2026,1:00, ,gtmpiwq_20H100465_010926_073000.bin,Pine Island,GTMNERR,0,36.884,0,23.36,0,2.291,0,96.9,0,8.71,0,64.03,21.37,7.75,0,-78.7,5.59,13.621,0,5.17,0,1.198,2.17,0,8.56
1/18/2026,1:15, ,gtmpiwq_20H100465_010926_073000.bin,Pine Island,GTMNERR,0,36.607,0,23.17,0,2.209,0,96.4,0,8.68,0,64.47,21.52,7.74,0,-78.3,5.58,13.606,0,5.5,0,1.2,2.21,0,8.69
1/18/2026,1:30, ,gtmpiwq_20H100465_010926_073000.bin,Pine Island,GTMNERR,0,36.342,0,22.98,0,2.124,0,96,0,8.66,0,65.31,21.8,7.74,0,-77.9,5.59,13.6,0,4.75,0,1.2,2.2,0,8.67
1/18/2026,1:45, ,gtmpiwq_20H100465_010926_073000.bin,Pine Island,GTMNERR,0,36.117,0,22.83,0,2.051,0,95.8,0,8.65,0,65.93,22.01,7.73,0,-77.6,5.57,13.599,0,5.57,0,1.199,2.16,0,8.51
1/18/2026,2:00, ,gtmpiwq_20H100465_010926_073000.bin,Pine Island,GTMNERR,0,35.929,0,22.7,0,1.994,0,95.4,0,8.62,0,66.53,22.21,7.73,0,-77.2,5.58,13.603,0,5.42,0,1.198,2.16,0,8.51
1/18/2026,2:15, ,gtmpiwq_20H100465_010926_073000.bin,Pine Island,GTMNERR,0,35.791,0,22.6,0,1.967,0,95.3,0,8.62,0,67.23,22.44,7.72,0,-77.1,5.59,13.608,0,5.21,0,1.197,2.27,0,8.96
1/18/2026,2:30, ,gtmpiwq_20H100465_010926_073000.bin,Pine Island,GTMNERR,0,35.711,0,22.55,0,1.968,0,94.3,0,8.52,0,67.09,22.39,7.72,0,-76.8,5.58,13.613,0,3.24,0,1.194,2.16,0,8.5
1/18/2026,2:45, ,gtmpiwq_20H100465_010926_073000.bin,Pine Island,GTMNERR,0,35.709,0,22.54,0,2.003,0,94.8,0,8.56,0,67.67,22.58,7.72,0,-77,5.58,13.613,0,3.78,0,1.193,2.41,0,9.52
1/18/2026,3:00, ,gtmpiwq_20H100465_010926_073000.bin,Pine Island,GTMNERR,0,35.783,0,22.6,0,2.065,0,94.4,0,8.53,0,67.6,22.56,7.72,0,-77,5.57,13.614,0,4.09,0,1.192,2.05,0,8.09
1/18/2026,3:15, ,gtmpiwq_20H100465_010926_073000.bin,Pine Island,GTMNERR,0,37.165,0,23.56,0,2.155,0,96.2,0,8.61,0,63.66,21.25,7.75,0,-78.7,5.58,13.75,0,3.98,0,1.197,2.18,0,8.57
1/18/2026,3:30, ,gtmpiwq_20H100465_010926_073000.bin,Pine Island,GTMNERR,0,36.908,0,23.38,0,2.245,0,96.3,0,8.64,0,63.91,21.33,7.75,0,-78.4,5.58,13.69,0,5.47,0,1.21,2.18,0,8.59
1/18/2026,3:45, ,gtmpiwq_20H100465_010926_073000.bin,Pine Island,GTMNERR,0,36.839,0,23.33,0,2.346,0,96.1,0,8.64,0,64.34,21.47,7.75,0,-78.4,5.58,13.662,0,5.33,0,1.205,2.07,0,8.16
1/18/2026,4:00, ,gtmpiwq_20H100465_010926_073000.bin,Pine Island,GTMNERR,0,37.136,0,23.54,0,2.438,0,96.5,0,8.66,0,63.97,21.35,7.75,0,-78.7,5.58,13.66,0,4.23,0,1.2,2,0,7.85
1/18/2026,4:15, ,gtmpiwq_20H100465_010926_073000.bin,Pine Island,GTMNERR,0,37.448,0,23.76,0,2.525,0,96.7,0,8.66,0,63.09,21.06,7.76,0,-79.1,5.57,13.684,0,4.27,0,1.197,2.05,0,8.05
1/18/2026,4:30, ,gtmpiwq_20H100465_010926_073000.bin,Pine Island,GTMNERR,0,37.787,0,23.99,0,2.606,0,96.9,0,8.67,0,62.06,20.71,7.77,0,-79.5,5.58,13.713,0,3.83,0,1.196,1.97,0,7.76
1/18/2026,4:45, ,gtmpiwq_20H100465_010926_073000.bin,Pine Island,GTMNERR,0,38.231,0,24.31,0,2.679,0,97.2,0,8.66,0,61.08,20.39,7.77,0,-80,5.59,13.754,0,3.38,0,1.194,2.05,0,8.06
1/18/2026,5:00, ,gtmpiwq_20H100465_010926_073000.bin,Pine Island,GTMNERR,0,38.382,0,24.41,0,2.752,0,97.2,0,8.65,0,60.41,20.17,7.78,0,-80.2,5.58,13.768,0,4.05,0,1.196,2.03,0,7.99
1/18/2026,5:15, ,gtmpiwq_20H100465_010926_073000.bin,Pine Island,GTMNERR,0,38.603,0,24.57,0,2.825,0,97.6,0,8.68,0,59.77,19.95,7.78,0,-80.5,5.58,13.79,0,4.4,0,1.21,2.08,0,8.2
1/18/2026,5:30, ,gtmpiwq_20H100465_010926_073000.bin,Pine Island,GTMNERR,0,38.901,0,24.78,0,2.893,0,97.2,0,8.63,0,59.1,19.73,7.78,0,-80.5,5.57,13.797,0,3.39,0,1.204,1.94,0,7.65
1/18/2026,5:45, ,gtmpiwq_20H100465_010926_073000.bin,Pine Island,GTMNERR,0,39.057,0,24.89,0,2.959,0,97.2,0,8.62,0,58.55,19.54,7.78,0,-80.6,5.58,13.798,0,3.24,0,1.195,2.09,0,8.24
1/18/2026,6:00, ,gtmpiwq_20H100465_010926_073000.bin,Pine Island,GTMNERR,0,39.242,0,25.02,0,3.023,0,97.2,0,8.62,0,58.1,19.39,7.79,0,-80.8,5.58,13.794,0,3.35,0,1.199,1.95,0,7.66
1/18/2026,6:15, ,gtmpiwq_20H100465_010926_073000.bin,Pine Island,GTMNERR,0,39.59,0,25.26,0,3.085,0,96.9,0,8.58,0,57.9,19.33,7.79,0,-81,5.58,13.81,0,3.93,0,1.207,1.9,0,7.47
1/18/2026,6:30, ,gtmpiwq_20H100465_010926_073000.bin,Pine Island,GTMNERR,0,39.831,0,25.43,0,3.147,0,97,0,8.57,0,56.64,18.91,7.79,0,-81.1,5.58,13.815,0,3.38,0,1.201,2.02,0,7.95
1/18/2026,6:45, ,gtmpiwq_20H100465_010926_073000.bin,Pine Island,GTMNERR,0,40.06,0,25.59,0,3.211,0,97,0,8.57,0,55.94,18.67,7.8,0,-81.3,5.57,13.819,0,3.8,0,1.196,1.88,0,7.39
1/18/2026,7:00, ,gtmpiwq_20H100465_010926_073000.bin,Pine Island,GTMNERR,0,40.242,0,25.72,0,3.281,0,97,0,8.56,0,55.21,18.43,7.8,0,-81.4,5.58,13.82,0,3.03,0,1.195,1.86,0,7.31
1/18/2026,7:15, ,gtmpiwq_20H100465_010926_073000.bin,Pine Island,GTMNERR,0,40.605,0,25.98,0,3.352,0,96.9,0,8.54,0,53.86,17.98,7.8,0,-81.7,5.58,13.825,0,2.85,0,1.203,1.9,0,7.49
1/18/2026,7:30, ,gtmpiwq_20H100465_010926_073000.bin,Pine Island,GTMNERR,0,41.03,0,26.28,0,3.422,0,96.9,0,8.51,0,52.49,17.52,7.81,0,-81.9,5.57,13.836,0,3.49,0,1.207,1.69,0,6.61
1/18/2026,7:45, ,gtmpiwq_20H100465_010926_073000.bin,Pine Island,GTMNERR,0,41.512,0,26.62,0,3.481,0,96.8,0,8.49,0,50.93,17,7.81,0,-82.3,5.58,13.85,0,2.78,0,1.211,1.85,0,7.28
1/18/2026,8:00, ,gtmpiwq_20H100465_010926_073000.bin,Pine Island,GTMNERR,0,41.892,0,26.89,0,3.539,0,97,0,8.49,0,49.65,16.57,7.82,0,-82.6,5.57,13.862,0,2.91,0,1.201,1.57,0,6.15
1/18/2026,8:15, ,gtmpiwq_20H100465_010926_073000.bin,Pine Island,GTMNERR,0,42.15,0,27.08,0,3.6,0,96.9,0,8.47,0,48.77,16.28,7.82,0,-82.7,5.57,13.873,0,2.64,0,1.199,1.64,0,6.41
1/18/2026,8:30, ,gtmpiwq_20H100465_010926_073000.bin,Pine Island,GTMNERR,0,42.367,0,27.23,0,3.651,0,96.6,0,8.44,0,47.97,16.01,7.82,0,-82.8,5.58,13.886,0,2.89,0,1.196,1.63,0,6.37
1/18/2026,8:45, ,gtmpiwq_20H100465_010926_073000.bin,Pine Island,GTMNERR,0,42.748,0,27.5,0,3.695,0,96.6,0,8.41,0,46.77,15.61,7.82,0,-83,5.57,13.903,0,2.82,0,1.192,1.7,0,6.65
1/18/2026,9:00, ,gtmpiwq_20H100465_010926_073000.bin,Pine Island,GTMNERR,0,43.032,0,27.7,0,3.732,0,96.5,0,8.39,0,45.64,15.24,7.83,0,-83.2,5.58,13.911,0,3.04,0,1.196,1.81,0,7.09
1/18/2026,9:15, ,gtmpiwq_20H100465_010926_073000.bin,Pine Island,GTMNERR,0,43.252,0,27.86,0,3.754,0,96.3,0,8.37,0,44.81,14.96,7.83,0,-83.3,5.57,13.919,0,2.33,0,1.205,1.68,0,6.58
1/18/2026,9:30, ,gtmpiwq_20H100465_010926_073000.bin,Pine Island,GTMNERR,0,43.688,0,28.17,0,3.772,0,96.1,0,8.33,0,43.38,14.48,7.84,0,-83.6,5.57,13.935,0,2.37,0,1.206,1.71,0,6.7
1/18/2026,9:45, ,gtmpiwq_20H100465_010926_073000.bin,Pine Island,GTMNERR,0,43.831,0,28.28,0,3.779,0,95.8,0,8.3,0,42.82,14.3,7.84,0,-83.7,5.58,13.943,0,2.59,0,1.197,1.91,0,7.49
1/18/2026,10:00, ,gtmpiwq_20H100465_010926_073000.bin,Pine Island,GTMNERR,0,44,0,28.4,0,3.775,0,94.3,0,8.16,0,41.29,13.79,7.83,0,-83.4,5.57,13.95,0,2.66,0,1.195,2.88,0,11.41
1/18/2026,10:15, ,gtmpiwq_20H100465_010926_073000.bin,Pine Island,GTMNERR,0,44.055,0,28.44,0,3.749,0,92.9,0,8.04,0,40.45,13.5,7.83,0,-83.6,5.58,13.954,0,2.36,0,1.201,1.71,0,6.7
1/18/2026,10:30, ,gtmpiwq_20H100465_010926_073000.bin,Pine Island,GTMNERR,0,43.783,0,28.24,0,3.711,0,90.8,0,7.87,0,41.13,13.73,7.84,0,-83.9,5.57,13.946,0,2.21,0,1.202,1.75,0,6.88
1/18/2026,10:45, ,gtmpiwq_20H100465_010926_073000.bin,Pine Island,GTMNERR,0,43.445,0,28,0,3.652,0,95.7,0,8.31,0,43.75,14.6,7.83,0,-83.5,5.57,13.932,0,2.18,0,1.201,1.64,0,6.41
1/18/2026,11:00, ,gtmpiwq_20H100465_010926_073000.bin,Pine Island,GTMNERR,0,43.021,0,27.7,0,3.596,0,96.3,0,8.38,0,45.56,15.21,7.83,0,-83.3,5.58,13.916,0,2.34,0,1.2,1.58,0,6.2
1/18/2026,11:15, ,gtmpiwq_20H100465_010926_073000.bin,Pine Island,GTMNERR,0,42.412,0,27.26,0,3.534,0,96.4,0,8.41,0,47.62,15.9,7.82,0,-82.9,5.57,13.894,0,2.5,0,1.2,1.56,0,6.08
1/18/2026,11:30, ,gtmpiwq_20H100465_010926_073000.bin,Pine Island,GTMNERR,0,41.607,0,26.69,0,3.469,0,96.4,0,8.45,0,50.09,16.72,7.81,0,-82.4,5.57,13.86,0,3.78,0,1.202,1.63,0,6.39
1/18/2026,11:45, ,gtmpiwq_20H100465_010926_073000.bin,Pine Island,GTMNERR,0,40.878,0,26.17,0,3.404,0,96.5,0,8.49,0,52.56,17.54,7.81,0,-81.9,5.56,13.817,0,3.03,0,1.203,1.71,0,6.7
1/18/2026,12:00, ,gtmpiwq_20H100465_010926_073000.bin,Pine Island,GTMNERR,0,40.365,0,25.81,0,3.335,0,96.6,0,8.52,0,53.9,17.99,7.8,0,-81.5,5.57,13.789,0,4.02,0,1.204,1.67,0,6.55
1/18/2026,12:15, ,gtmpiwq_20H100465_010926_073000.bin,Pine Island,GTMNERR,0,40.143,0,25.65,0,3.268,0,96.6,0,8.53,0,54.57,18.22,7.8,0,-81.4,5.57,13.787,0,4.18,0,1.205,1.67,0,6.55
1/18/2026,12:30, ,gtmpiwq_20H100465_010926_073000.bin,Pine Island,GTMNERR,0,39.806,0,25.41,0,3.205,0,96.5,0,8.54,0,55.6,18.56,7.79,0,-81.1,5.57,13.775,0,4.55,0,1.208,1.83,0,7.18
1/18/2026,12:45, ,gtmpiwq_20H100465_010926_073000.bin,Pine Island,GTMNERR,0,39.457,0,25.17,0,3.139,0,96.5,0,8.56,0,56.58,18.89,7.79,0,-80.9,5.57,13.761,0,4.78,0,1.209,1.86,0,7.29
1/18/2026,13:00, ,gtmpiwq_20H100465_010926_073000.bin,Pine Island,GTMNERR,0,39.129,0,24.94,0,3.075,0,96.5,0,8.57,0,57.65,19.24,7.78,0,-80.6,5.56,13.742,0,4.93,0,1.205,1.86,0,7.32
1/18/2026,13:15, ,gtmpiwq_20H100465_010926_073000.bin,Pine Island,GTMNERR,0,38.799,0,24.7,0,2.998,0,96.4,0,8.57,0,58.54,19.54,7.78,0,-80.4,5.57,13.724,0,4.91,0,1.204,1.91,0,7.52
1/18/2026,13:30, ,gtmpiwq_20H100465_010926_073000.bin,Pine Island,GTMNERR,0,38.385,0,24.41,0,2.911,0,96.2,0,8.58,0,59.78,19.95,7.77,0,-79.9,5.57,13.695,0,5.18,0,1.203,1.83,0,7.2
1/18/2026,13:45, ,gtmpiwq_20H100465_010926_073000.bin,Pine Island,GTMNERR,0,37.986,0,24.13,0,2.822,0,95.8,0,8.57,0,60.67,20.25,7.76,0,-79.3,5.57,13.658,0,5.74,0,1.202,1.84,0,7.23
1/18/2026,14:00, ,gtmpiwq_20H100465_010926_073000.bin,Pine Island,GTMNERR,0,37.604,0,23.86,0,2.724,0,95.6,0,8.57,0,61.74,20.61,7.75,0,-78.8,5.56,13.624,0,5.26,0,1.211,1.84,0,7.24
1/18/2026,14:15, ,gtmpiwq_20H100465_010926_073000.bin,Pine Island,GTMNERR,0,37.238,0,23.61,0,2.627,0,95.4,0,8.57,0,62.78,20.95,7.75,0,-78.3,5.56,13.598,0,5.2,0,1.208,1.91,0,7.52
1/18/2026,14:30, ,gtmpiwq_20H100465_010926_073000.bin,Pine Island,GTMNERR,0,36.83,0,23.32,0,2.535,0,95,0,8.56,0,63.77,21.29,7.74,0,-77.8,5.57,13.563,0,5.47,0,1.201,1.87,0,7.35
1/18/2026,14:45, ,gtmpiwq_20H100465_010926_073000.bin,Pine Island,GTMNERR,0,36.481,0,23.08,0,2.439,0,94.7,0,8.54,0,64.86,21.65,7.73,0,-77.2,5.56,13.544,0,5.55,0,1.193,1.86,0,7.29
1/18/2026,15:00, ,gtmpiwq_20H100465_010926_073000.bin,Pine Island,GTMNERR,0,36.164,0,22.86,0,2.349,0,94.4,0,8.53,0,65.54,21.88,7.72,0,-76.8,5.56,13.526,0,5.31,0,1.2,1.91,0,7.5
1/18/2026,15:15, ,gtmpiwq_20H100465_010926_073000.bin,Pine Island,GTMNERR,0,35.884,0,22.66,0,2.265,0,94.2,0,8.52,0,66.36,22.15,7.71,0,-76.4,5.57,13.506,0,5.61,0,1.209,1.95,0,7.66
1/18/2026,15:30, ,gtmpiwq_20H100465_010926_073000.bin,Pine Island,GTMNERR,0,35.661,0,22.51,0,2.185,0,93.9,0,8.51,0,66.9,22.33,7.71,0,-76.1,5.56,13.494,0,6.13,0,1.202,2.14,0,8.45
1/18/2026,15:45, ,gtmpiwq_20H100465_010926_073000.bin,Pine Island,GTMNERR,0,35.482,0,22.38,0,2.124,0,93.8,0,8.51,0,67.34,22.48,7.7,0,-75.9,5.57,13.485,0,5.36,0,1.198,2.13,0,8.38
1/18/2026,16:00, ,gtmpiwq_20H100465_010926_073000.bin,Pine Island,GTMNERR,0,35.376,0,22.31,0,2.096,0,93.5,0,8.48,0,67.61,22.56,7.7,0,-75.8,5.56,13.483,0,4.69,0,1.197,2.23,0,8.78
1/18/2026,16:15, ,gtmpiwq_20H100465_010926_073000.bin,Pine Island,GTMNERR,0,35.306,0,22.26,0,2.139,0,92.1,0,8.36,0,66.53,22.21,7.7,0,-75.5,5.56,13.482,0,4.65,0,1.193,2.44,0,9.62
1/18/2026,16:30, ,gtmpiwq_20H100465_010926_073000.bin,Pine Island,GTMNERR,0,35.772,0,22.59,0,2.258,0,93.9,0,8.5,0,66.99,22.36,7.71,0,-76,5.57,13.491,0,4.73,0,1.195,2.07,0,8.17
1/18/2026,16:45, ,gtmpiwq_20H100465_010926_073000.bin,Pine Island,GTMNERR,0,36.845,0,23.33,0,2.385,0,94.9,0,8.56,0,63.6,21.23,7.73,0,-77.5,5.56,13.506,0,6.27,0,1.209,2.18,0,8.58
1/18/2026,17:00, ,gtmpiwq_20H100465_010926_073000.bin,Pine Island,GTMNERR,0,36.575,0,23.14,0,2.503,0,95,0,8.57,0,64.06,21.38,7.73,0,-77.2,5.56,13.496,0,5.9,0,1.211,2.14,0,8.42
1/18/2026,17:15, ,gtmpiwq_20H100465_010926_073000.bin,Pine Island,GTMNERR,0,36.902,0,23.37,0,2.618,0,95.3,0,8.59,0,63.66,21.25,7.73,0,-77.6,5.55,13.491,0,5.39,0,1.203,1.89,0,7.44
1/18/2026,17:30, ,gtmpiwq_20H100465_010926_073000.bin,Pine Island,GTMNERR,0,37.12,0,23.52,0,2.717,0,95.6,0,8.6,0,63.08,21.06,7.74,0,-78,5.56,13.504,0,5.54,0,1.193,2.12,0,8.37
1/18/2026,17:45, ,gtmpiwq_20H100465_010926_073000.bin,Pine Island,GTMNERR,0,37.952,0,24.11,0,2.8,0,96,0,8.61,0,61.06,20.38,7.75,0,-78.7,5.57,13.523,0,4.82,0,1.198,2.12,0,8.33
1/18/2026,18:00, ,gtmpiwq_20H100465_010926_073000.bin,Pine Island,GTMNERR,0,38.275,0,24.33,0,2.878,0,96.2,0,8.62,0,60.14,20.07,7.76,0,-79.3,5.56,13.537,0,4.32,0,1.197,2.18,0,8.6
1/18/2026,18:15, ,gtmpiwq_20H100465_010926_073000.bin,Pine Island,GTMNERR,0,38.539,0,24.52,0,2.959,0,96.3,0,8.61,0,59.34,19.81,7.77,0,-79.5,5.56,13.546,0,5.54,0,1.197,2.29,0,9.03
1/18/2026,18:30, ,gtmpiwq_20H100465_010926_073000.bin,Pine Island,GTMNERR,0,38.834,0,24.72,0,3.033,0,96.3,0,8.6,0,58.72,19.6,7.77,0,-79.7,5.55,13.532,0,4.95,0,1.195,2.25,0,8.89
1/18/2026,18:45, ,gtmpiwq_20H100465_010926_073000.bin,Pine Island,GTMNERR,0,39.014,0,24.85,0,3.101,0,96.2,0,8.59,0,58.16,19.41,7.77,0,-79.8,5.56,13.529,0,5.16,0,1.196,2.4,0,9.47
1/18/2026,19:00, ,gtmpiwq_20H100465_010926_073000.bin,Pine Island,GTMNERR,0,39.33,0,25.07,0,3.168,0,96.4,0,8.59,0,56.88,18.99,7.78,0,-80.2,5.57,13.524,0,5.93,0,1.206,2.42,0,9.54
1/18/2026,19:15, ,gtmpiwq_20H100465_010926_073000.bin,Pine Island,GTMNERR,0,39.589,0,25.26,0,3.235,0,96.3,0,8.58,0,56.02,18.7,7.78,0,-80.3,5.56,13.514,0,6.17,0,1.206,2.39,0,9.46
1/18/2026,19:30, ,gtmpiwq_20H100465_010926_073000.bin,Pine Island,GTMNERR,0,40.014,0,25.55,0,3.301,0,96.4,0,8.57,0,55.29,18.45,7.79,0,-80.7,5.56,13.502,0,4.28,0,1.205,1.99,0,7.82
1/18/2026,19:45, ,gtmpiwq_20H100465_010926_073000.bin,Pine Island,GTMNERR,0,40.273,0,25.74,0,3.358,0,96.5,0,8.57,0,54.58,18.22,7.79,0,-81,5.56,13.496,0,4.13,0,1.204,2.21,0,8.73
1/18/2026,20:00, ,gtmpiwq_20H100465_010926_073000.bin,Pine Island,GTMNERR,0,40.522,0,25.91,0,3.414,0,96.5,0,8.57,0,53.75,17.94,7.8,0,-81.2,5.55,13.504,0,3.74,0,1.209,2.17,0,8.53
1/18/2026,20:15, ,gtmpiwq_20H100465_010926_073000.bin,Pine Island,GTMNERR,0,40.748,0,26.07,0,3.457,0,96.4,0,8.55,0,53.16,17.75,7.8,0,-81.4,5.56,13.493,0,3.62,0,1.211,2,0,7.88
1/18/2026,20:30, ,gtmpiwq_20H100465_010926_073000.bin,Pine Island,GTMNERR,0,41.094,0,26.32,0,3.493,0,96.4,0,8.54,0,51.91,17.33,7.8,0,-81.7,5.56,13.49,0,3.64,0,1.204,2.11,0,8.3
1/18/2026,20:45, ,gtmpiwq_20H100465_010926_073000.bin,Pine Island,GTMNERR,0,41.401,0,26.53,0,3.518,0,96.2,0,8.5,0,50.97,17.01,7.81,0,-82,5.56,13.487,0,3.55,0,1.2,2.02,0,7.95
1/18/2026,21:00, ,gtmpiwq_20H100465_010926_073000.bin,Pine Island,GTMNERR,0,41.34,0,26.49,0,3.532,0,95.9,0,8.49,0,51.31,17.13,7.81,0,-81.9,5.56,13.427,0,3,0,1.193,2.17,0,8.53
1/18/2026,21:15, ,gtmpiwq_20H100465_010926_073000.bin,Pine Island,GTMNERR,0,41.541,0,26.63,0,3.539,0,94.7,0,8.37,0,49.44,16.5,7.8,0,-81.6,5.55,13.468,0,2.56,0,1.195,2.25,0,8.88
1/18/2026,21:30, ,gtmpiwq_20H100465_010926_073000.bin,Pine Island,GTMNERR,0,41.569,0,26.65,0,3.54,0,91.7,0,8.1,0,47.33,15.8,7.8,0,-81.5,5.55,13.473,0,2.54,0,1.205,1.99,0,7.85
1/18/2026,21:45, ,gtmpiwq_20H100465_010926_073000.bin,Pine Island,GTMNERR,0,41.663,0,26.72,0,3.527,0,93.1,0,8.22,0,50.15,16.74,7.81,0,-81.9,5.56,13.485,0,2.52,0,1.201,2.4,0,9.49
1/18/2026,22:00, ,gtmpiwq_20H100465_010926_073000.bin,Pine Island,GTMNERR,0,41.546,0,26.64,0,3.502,0,95.1,0,8.41,0,50.41,16.83,7.81,0,-82,5.55,13.473,0,2.83,0,1.201,2.36,0,9.3
1/18/2026,22:15, ,gtmpiwq_20H100465_010926_073000.bin,Pine Island,GTMNERR,0,41.417,0,26.55,0,3.467,0,95.6,0,8.45,0,50.63,16.9,7.81,0,-81.9,5.56,13.499,0,2.64,0,1.201,2.19,0,8.62
1/18/2026,22:30, ,gtmpiwq_20H100465_010926_073000.bin,Pine Island,GTMNERR,0,41.048,0,26.28,0,3.422,0,96.1,0,8.51,0,52.16,17.41,7.8,0,-81.6,5.55,13.463,0,2.86,0,1.201,2.81,0,11.13
1/18/2026,22:45, ,gtmpiwq_20H100465_010926_073000.bin,Pine Island,GTMNERR,0,40.736,0,26.06,0,3.372,0,96,0,8.52,0,53.12,17.73,7.8,0,-81.4,5.55,13.445,0,3.15,0,1.197,2.19,0,8.63
1/18/2026,23:00, ,gtmpiwq_20H100465_010926_073000.bin,Pine Island,GTMNERR,0,40.161,0,25.66,0,3.315,0,95.7,0,8.53,0,54.84,18.3,7.79,0,-80.9,5.56,13.375,0,3.45,0,1.194,2.09,0,8.22
1/18/2026,23:15, ,gtmpiwq_20H100465_010926_073000.bin,Pine Island,GTMNERR,0,39.734,0,25.35,0,3.254,0,95.4,0,8.53,0,56.02,18.7,7.78,0,-80.5,5.55,13.317,0,3.75,0,1.196,2.06,0,8.09
1/18/2026,23:30, ,gtmpiwq_20H100465_010926_073000.bin,Pine Island,GTMNERR,0,39.262,0,25.02,0,3.192,0,95.1,0,8.53,0,57.47,19.18,7.78,0,-80,5.56,13.223,0,3.86,0,1.207,2.05,0,8.08
1/18/2026,23:45, ,gtmpiwq_20H100465_010926_073000.bin,Pine Island,GTMNERR,0,38.904,0,24.76,0,3.127,0,94.7,0,8.54,0,58.75,19.61,7.77,0,-79.6,5.55,13.103,0,3.87,0,1.21,2.14,0,8.44
1/19/2026,0:00, ,gtmpiwq_20H100465_010926_073000.bin,Pine Island,GTMNERR,0,38.799,0,24.69,0,3.055,0,94.9,0,8.54,0,59.07,19.72,7.77,0,-79.6,5.55,13.167,0,3.79,0,1.201,1.87,0,7.35
1/19/2026,0:15, ,gtmpiwq_20H100465_010926_073000.bin,Pine Island,GTMNERR,0,38.643,0,24.58,0,2.986,0,94.9,0,8.54,0,59.43,19.84,7.77,0,-79.4,5.56,13.176,0,4.37,0,1.197,2.03,0,7.99
1/19/2026,0:30, ,gtmpiwq_20H100465_010926_073000.bin,Pine Island,GTMNERR,0,38.443,0,24.44,0,2.918,0,94.6,0,8.53,0,60.07,20.05,7.76,0,-79.2,5.55,13.164,0,4.07,0,1.192,2.13,0,8.38
1/19/2026,0:45, ,gtmpiwq_20H100465_010926_073000.bin,Pine Island,GTMNERR,0,38.16,0,24.24,0,2.841,0,94.5,0,8.54,0,60.98,20.35,7.76,0,-78.9,5.55,13.12,0,3.85,0,1.196,2.13,0,8.38
1/19/2026,1:00, ,gtmpiwq_20H100465_010926_073000.bin,Pine Island,GTMNERR,0,37.802,0,23.99,0,2.757,0,94.1,0,8.53,0,62.02,20.7,7.75,0,-78.5,5.54,13.069,0,3.9,0,1.207,1.98,0,7.79
1/19/2026,1:15, ,gtmpiwq_20H100465_010926_073000.bin,Pine Island,GTMNERR,0,37.418,0,23.72,0,2.669,0,93.6,0,8.5,0,63.18,21.09,7.74,0,-77.9,5.55,13.01,0,4.27,0,1.209,2,0,7.86
1/19/2026,1:30, ,gtmpiwq_20H100465_010926_073000.bin,Pine Island,GTMNERR,0,37.069,0,23.48,0,2.565,0,93.1,0,8.48,0,64.25,21.44,7.73,0,-77.4,5.56,12.93,0,4.32,0,1.202,1.94,0,7.63
1/19/2026,1:45, ,gtmpiwq_20H100465_010926_073000.bin,Pine Island,GTMNERR,0,36.751,0,23.25,0,2.472,0,92.5,0,8.46,0,65.04,21.71,7.72,0,-76.8,5.54,12.859,0,4.61,0,1.193,1.96,0,7.72
1/19/2026,2:00, ,gtmpiwq_20H100465_010926_073000.bin,Pine Island,GTMNERR,0,36.457,0,23.05,0,2.379,0,91.8,0,8.42,0,65.8,21.96,7.71,0,-76.2,5.55,12.762,0,4.84,0,1.194,1.94,0,7.64
1/19/2026,2:15, ,gtmpiwq_20H100465_010926_073000.bin,Pine Island,GTMNERR,0,36.182,0,22.85,0,2.291,0,91.3,0,8.4,0,66.37,22.15,7.7,0,-75.8,5.54,12.676,0,5.53,0,1.195,1.91,0,7.51
1/19/2026,2:30, ,gtmpiwq_20H100465_010926_073000.bin,Pine Island,GTMNERR,0,35.935,0,22.68,0,2.213,0,90.8,0,8.38,0,67.1,22.4,7.7,0,-75.4,5.55,12.616,0,5.5,0,1.204,1.96,0,7.72
1/19/2026,2:45, ,gtmpiwq_20H100465_010926_073000.bin,Pine Island,GTMNERR,0,35.744,0,22.55,0,2.143,0,90.2,0,8.34,0,67.63,22.57,7.69,0,-74.9,5.55,12.569,0,4.86,0,1.209,2.06,0,8.11
1/19/2026,3:00, ,gtmpiwq_20H100465_010926_073000.bin,Pine Island,GTMNERR,0,35.589,0,22.44,0,2.087,0,89.9,0,8.32,0,68.03,22.71,7.69,0,-74.7,5.54,12.524,0,4.64,0,1.204,2.11,0,8.3
1/19/2026,3:15, ,gtmpiwq_20H100465_010926_073000.bin,Pine Island,GTMNERR,0,35.454,0,22.34,0,2.072,0,89.9,0,8.33,0,68.7,22.93,7.68,0,-74.6,5.55,12.483,0,3.4,0,1.192,2.21,0,8.7
1/19/2026,3:30, ,gtmpiwq_20H100465_010926_073000.bin,Pine Island,GTMNERR,0,35.391,0,22.3,0,2.118,0,88.4,0,8.2,0,68.94,23.01,7.68,0,-74.2,5.54,12.461,0,3.12,0,1.198,2.12,0,8.37
1/19/2026,3:45, ,gtmpiwq_20H100465_010926_073000.bin,Pine Island,GTMNERR,0,35.452,0,22.34,0,2.209,0,89.7,0,8.31,0,69.06,23.05,7.69,0,-74.7,5.54,12.483,0,4.15,0,1.208,1.87,0,7.34
1/19/2026,4:00, ,gtmpiwq_20H100465_010926_073000.bin,Pine Island,GTMNERR,0,36.783,0,23.27,0,2.312,0,91,0,8.4,0,64.63,21.57,7.71,0,-76.1,5.55,12.444,0,6.08,0,1.199,2.05,0,8.05
1/19/2026,4:15, ,gtmpiwq_20H100465_010926_073000.bin,Pine Island,GTMNERR,0,36.556,0,23.11,0,2.42,0,91.2,0,8.41,0,65.27,21.79,7.71,0,-76,5.53,12.527,0,5.76,0,1.192,2,0,7.85
1/19/2026,4:30, ,gtmpiwq_20H100465_010926_073000.bin,Pine Island,GTMNERR,0,36.764,0,23.25,0,2.524,0,91.7,0,8.43,0,65.07,21.72,7.72,0,-76.4,5.54,12.567,0,5.07,0,1.199,1.84,0,7.22
1/19/2026,4:45, ,gtmpiwq_20H100465_010926_073000.bin,Pine Island,GTMNERR,0,37.052,0,23.46,0,2.623,0,92.1,0,8.45,0,64.21,21.43,7.72,0,-76.9,5.55,12.64,0,4.92,0,1.211,1.99,0,7.81
1/19/2026,5:00, ,gtmpiwq_20H100465_010926_073000.bin,Pine Island,GTMNERR,0,37.367,0,23.68,0,2.708,0,92.6,0,8.47,0,63.45,21.18,7.73,0,-77.3,5.55,12.695,0,4.9,0,1.205,1.91,0,7.51
1/19/2026,5:15, ,gtmpiwq_20H100465_010926_073000.bin,Pine Island,GTMNERR,0,37.949,0,24.08,0,2.789,0,92.6,0,8.47,0,62.05,20.71,7.74,0,-77.9,5.54,12.584,0,3.98,0,1.2,1.92,0,7.53
1/19/2026,5:30, ,gtmpiwq_20H100465_010926_073000.bin,Pine Island,GTMNERR,0,38.245,0,24.29,0,2.871,0,92.8,0,8.47,0,61.33,20.47,7.75,0,-78.2,5.54,12.638,0,3.85,0,1.195,2.54,0,10.02
1/19/2026,5:45, ,gtmpiwq_20H100465_010926_073000.bin,Pine Island,GTMNERR,0,38.552,0,24.5,0,2.95,0,92.9,0,8.48,0,60.26,20.11,7.75,0,-78.5,5.54,12.608,0,4.1,0,1.192,2.01,0,7.92
1/19/2026,6:00, ,gtmpiwq_20H100465_010926_073000.bin,Pine Island,GTMNERR,0,38.746,0,24.64,0,3.024,0,92.5,0,8.45,0,59.91,20,7.75,0,-78.4,5.53,12.514,0,3.99,0,1.202,1.92,0,7.55
1/19/2026,6:15, ,gtmpiwq_20H100465_010926_073000.bin,Pine Island,GTMNERR,0,38.942,0,24.78,0,3.087,0,92.8,0,8.46,0,58.92,19.67,7.76,0,-78.7,5.55,12.545,0,4.29,0,1.211,1.95,0,7.67
1/19/2026,6:30, ,gtmpiwq_20H100465_010926_073000.bin,Pine Island,GTMNERR,0,39.165,0,24.93,0,3.146,0,92.9,0,8.46,0,58.32,19.47,7.76,0,-79,5.53,12.543,0,4.87,0,1.206,1.79,0,7.04
1/19/2026,6:45, ,gtmpiwq_20H100465_010926_073000.bin,Pine Island,GTMNERR,0,39.521,0,25.18,0,3.201,0,92.7,0,8.44,0,57.46,19.18,7.76,0,-79.2,5.54,12.495,0,4.16,0,1.201,1.95,0,7.66
1/19/2026,7:00, ,gtmpiwq_20H100465_010926_073000.bin,Pine Island,GTMNERR,0,39.767,0,25.35,0,3.258,0,92.7,0,8.43,0,56.66,18.91,7.77,0,-79.4,5.55,12.518,0,3.95,0,1.195,1.89,0,7.42
1/19/2026,7:15, ,gtmpiwq_20H100465_010926_073000.bin,Pine Island,GTMNERR,0,39.898,0,25.45,0,3.313,0,92.8,0,8.43,0,56.38,18.82,7.77,0,-79.6,5.54,12.506,0,3.63,0,1.2,1.84,0,7.23
1/19/2026,7:30, ,gtmpiwq_20H100465_010926_073000.bin,Pine Island,GTMNERR,0,40.145,0,25.62,0,3.365,0,92.9,0,8.42,0,55.57,18.55,7.77,0,-79.8,5.54,12.542,0,4.15,0,1.202,1.86,0,7.29
1/19/2026,7:45, ,gtmpiwq_20H100465_010926_073000.bin,Pine Island,GTMNERR,0,40.416,0,25.81,0,3.421,0,92.8,0,8.41,0,54.73,18.27,7.78,0,-80.1,5.53,12.541,0,4.05,0,1.202,1.79,0,7.01
1/19/2026,8:00, ,gtmpiwq_20H100465_010926_073000.bin,Pine Island,GTMNERR,0,40.707,0,26.02,0,3.478,0,92.9,0,8.4,0,53.71,17.93,7.79,0,-80.5,5.53,12.587,0,3.93,0,1.204,1.78,0,6.98
1/19/2026,8:15, ,gtmpiwq_20H100465_010926_073000.bin,Pine Island,GTMNERR,0,41.231,0,26.39,0,3.533,0,93.2,0,8.41,0,52.17,17.41,7.79,0,-80.8,5.54,12.599,0,3.71,0,1.203,1.76,0,6.88
1/19/2026,8:30, ,gtmpiwq_20H100465_010926_073000.bin,Pine Island,GTMNERR,0,41.505,0,26.58,0,3.586,0,93.4,0,8.4,0,51.13,17.07,7.8,0,-81.1,5.53,12.613,0,3.47,0,1.204,1.65,0,6.46
1/19/2026,8:45, ,gtmpiwq_20H100465_010926_073000.bin,Pine Island,GTMNERR,0,41.783,0,26.78,0,3.637,0,93.4,0,8.39,0,50.06,16.71,7.8,0,-81.4,5.54,12.603,0,3.52,0,1.205,1.67,0,6.52
1/19/2026,9:00, ,gtmpiwq_20H100465_010926_073000.bin,Pine Island,GTMNERR,0,41.96,0,26.91,0,3.686,0,93.2,0,8.38,0,49.6,16.56,7.8,0,-81.5,5.53,12.618,0,4.01,0,1.206,1.66,0,6.51
1/19/2026,9:15, ,gtmpiwq_20H100465_010926_073000.bin,Pine Island,GTMNERR,0,42.099,0,27.01,0,3.73,0,93.4,0,8.38,0,49.08,16.38,7.81,0,-81.7,5.53,12.635,0,3.92,0,1.207,1.59,0,6.2
1/19/2026,9:30, ,gtmpiwq_20H100465_010926_073000.bin,Pine Island,GTMNERR,0,42.464,0,27.26,0,3.77,0,93.3,0,8.35,0,47.98,16.02,7.81,0,-81.9,5.54,12.65,0,3.5,0,1.211,1.61,0,6.28
1/19/2026,9:45, ,gtmpiwq_20H100465_010926_073000.bin,Pine Island,GTMNERR,0,42.713,0,27.44,0,3.805,0,93.5,0,8.36,0,47.11,15.73,7.81,0,-82.2,5.53,12.664,0,3.24,0,1.211,1.67,0,6.56
1/19/2026,10:00, ,gtmpiwq_20H100465_010926_073000.bin,Pine Island,GTMNERR,0,42.949,0,27.61,0,3.832,0,93.8,0,8.38,0,46.22,15.43,7.82,0,-82.4,5.54,12.645,0,3.5,0,1.206,1.66,0,6.49
1/19/2026,10:15, ,gtmpiwq_20H100465_010926_073000.bin,Pine Island,GTMNERR,0,43.127,0,27.74,0,3.847,0,93.9,0,8.39,0,45.45,15.17,7.82,0,-82.6,5.53,12.655,0,2.94,0,1.205,2.32,0,9.14
1/19/2026,10:30, ,gtmpiwq_20H100465_010926_073000.bin,Pine Island,GTMNERR,0,43.351,0,27.9,0,3.855,0,93.6,0,8.34,0,44.49,14.85,7.82,0,-82.7,5.53,12.689,0,2.54,0,1.207,1.76,0,6.91
1/19/2026,10:45, ,gtmpiwq_20H100465_010926_073000.bin,Pine Island,GTMNERR,0,43.314,0,27.87,0,3.845,0,93.2,0,8.31,0,44.64,14.9,7.83,0,-82.9,5.54,12.668,0,2.42,0,1.206,1.52,0,5.92
1/19/2026,11:00, ,gtmpiwq_20H100465_010926_073000.bin,Pine Island,GTMNERR,0,43.428,0,27.95,0,3.813,0,91.7,0,8.17,0,42.39,14.15,7.83,0,-82.9,5.53,12.686,0,2.13,0,1.205,1.33,0,5.16
1/19/2026,11:15, ,gtmpiwq_20H100465_010926_073000.bin,Pine Island,GTMNERR,0,43.34,0,27.89,0,3.767,0,92.3,0,8.22,0,43.28,14.45,7.83,0,-82.9,5.54,12.702,0,2.58,0,1.206,1.75,0,6.86
1/19/2026,11:30, ,gtmpiwq_20H100465_010926_073000.bin,Pine Island,GTMNERR,0,43.15,0,27.75,0,3.71,0,93.6,0,8.35,0,44.92,15,7.82,0,-82.6,5.53,12.692,0,2.45,0,1.208,1.55,0,6.05
1/19/2026,11:45, ,gtmpiwq_20H100465_010926_073000.bin,Pine Island,GTMNERR,0,42.731,0,27.46,0,3.645,0,94.1,0,8.41,0,46.82,15.63,7.82,0,-82.5,5.53,12.678,0,2.98,0,1.208,1.57,0,6.15
1/19/2026,12:00, ,gtmpiwq_20H100465_010926_073000.bin,Pine Island,GTMNERR,0,42.251,0,27.11,0,3.571,0,94.3,0,8.45,0,48.41,16.16,7.82,0,-82.3,5.54,12.665,0,3.36,0,1.211,1.52,0,5.92
1/19/2026,12:15, ,gtmpiwq_20H100465_010926_073000.bin,Pine Island,GTMNERR,0,41.558,0,26.62,0,3.496,0,94.4,0,8.49,0,50.28,16.78,7.81,0,-81.8,5.53,12.616,0,4.86,0,1.211,1.67,0,6.56
1/19/2026,12:30, ,gtmpiwq_20H100465_010926_073000.bin,Pine Island,GTMNERR,0,40.82,0,26.1,0,3.423,0,94.6,0,8.55,0,52.74,17.6,7.8,0,-81.3,5.54,12.594,0,3.64,0,1.203,1.67,0,6.52
1/19/2026,12:45, ,gtmpiwq_20H100465_010926_073000.bin,Pine Island,GTMNERR,0,40.148,0,25.63,0,3.35,0,95.3,0,8.63,0,54.37,18.15,7.79,0,-81,5.53,12.621,0,3.74,0,1.197,1.67,0,6.54
1/19/2026,13:00, ,gtmpiwq_20H100465_010926_073000.bin,Pine Island,GTMNERR,0,39.919,0,25.46,0,3.268,0,95.2,0,8.63,0,55.36,18.48,7.79,0,-80.7,5.53,12.601,0,4.03,0,1.194,1.55,0,6.04
1/19/2026,13:15, ,gtmpiwq_20H100465_010926_073000.bin,Pine Island,GTMNERR,0,39.768,0,25.36,0,3.189,0,94.9,0,8.61,0,55.76,18.61,7.79,0,-80.5,5.54,12.599,0,4.9,0,1.203,1.73,0,6.77
1/19/2026,13:30, ,gtmpiwq_20H100465_010926_073000.bin,Pine Island,GTMNERR,0,39.473,0,25.15,0,3.106,0,95,0,8.63,0,56.3,18.79,7.78,0,-80.3,5.53,12.595,0,4.41,0,1.209,1.71,0,6.7
1/19/2026,13:45, ,gtmpiwq_20H100465_010926_073000.bin,Pine Island,GTMNERR,0,39.112,0,24.9,0,3.018,0,95.2,0,8.66,0,57.6,19.23,7.78,0,-80.1,5.54,12.577,0,4.76,0,1.201,1.77,0,6.93
1/19/2026,14:00, ,gtmpiwq_20H100465_010926_073000.bin,Pine Island,GTMNERR,0,38.767,0,24.65,0,2.925,0,95.1,0,8.67,0,58.55,19.54,7.77,0,-79.7,5.53,12.56,0,4.67,0,1.2,1.79,0,7
1/19/2026,14:15, ,gtmpiwq_20H100465_010926_073000.bin,Pine Island,GTMNERR,0,38.366,0,24.37,0,2.833,0,95.3,0,8.7,0,59.69,19.92,7.77,0,-79.5,5.53,12.566,0,4.85,0,1.195,1.8,0,7.08
1/19/2026,14:30, ,gtmpiwq_20H100465_010926_073000.bin,Pine Island,GTMNERR,0,37.999,0,24.12,0,2.735,0,95.8,0,8.76,0,60.65,20.24,7.76,0,-79.3,5.53,12.61,0,4.71,0,1.195,1.8,0,7.05
1/19/2026,14:45, ,gtmpiwq_20H100465_010926_073000.bin,Pine Island,GTMNERR,0,37.647,0,23.87,0,2.623,0,96.4,0,8.81,0,61.34,20.47,7.76,0,-79,5.53,12.676,0,5.11,0,1.211,1.81,0,7.1
1/19/2026,15:00, ,gtmpiwq_20H100465_010926_073000.bin,Pine Island,GTMNERR,0,37.335,0,23.66,0,2.525,0,96.7,0,8.85,0,62.19,20.76,7.76,0,-78.8,5.53,12.739,0,5.27,0,1.21,1.7,0,6.67
1/19/2026,15:15, ,gtmpiwq_20H100465_010926_073000.bin,Pine Island,GTMNERR,0,37.047,0,23.46,0,2.43,0,97.3,0,8.9,0,62.63,20.91,7.75,0,-78.6,5.52,12.794,0,5.58,0,1.194,1.75,0,6.86
1/19/2026,15:30, ,gtmpiwq_20H100465_010926_073000.bin,Pine Island,GTMNERR,0,36.762,0,23.26,0,2.349,0,97.7,0,8.94,0,63.59,21.22,7.75,0,-78.4,5.53,12.829,0,5.43,0,1.194,1.79,0,7
1/19/2026,15:45, ,gtmpiwq_20H100465_010926_073000.bin,Pine Island,GTMNERR,0,36.539,0,23.1,0,2.274,0,97.7,0,8.94,0,64.19,21.43,7.75,0,-78.2,5.54,12.843,0,5.14,0,1.206,1.85,0,7.25
1/19/2026,16:00, ,gtmpiwq_20H100465_010926_073000.bin,Pine Island,GTMNERR,0,36.343,0,22.97,0,2.207,0,97.4,0,8.92,0,64.5,21.53,7.74,0,-78,5.52,12.855,0,5.34,0,1.207,1.84,0,7.22
1/19/2026,16:15, ,gtmpiwq_20H100465_010926_073000.bin,Pine Island,GTMNERR,0,36.203,0,22.87,0,2.167,0,97.9,0,8.97,0,64.93,21.67,7.74,0,-78,5.53,12.876,0,4.85,0,1.204,2.16,0,8.5
1/19/2026,16:30, ,gtmpiwq_20H100465_010926_073000.bin,Pine Island,GTMNERR,0,36.118,0,22.81,0,2.159,0,97.7,0,8.95,0,65.16,21.75,7.74,0,-77.9,5.52,12.891,0,4.3,0,1.197,2.18,0,8.59
1/19/2026,16:45, ,gtmpiwq_20H100465_010926_073000.bin,Pine Island,GTMNERR,0,36.089,0,22.79,0,2.207,0,96.9,0,8.88,0,65.58,21.89,7.74,0,-77.9,5.55,12.893,0,4.95,0,1.201,2.29,0,9.02
1/19/2026,17:00, ,gtmpiwq_20H100465_010926_073000.bin,Pine Island,GTMNERR,0,36.589,0,23.14,0,2.289,0,98,0,8.97,0,64.35,21.48,7.75,0,-78.2,5.53,12.873,0,4.15,0,1.206,2.11,0,8.32
1/19/2026,17:15, ,gtmpiwq_20H100465_010926_073000.bin,Pine Island,GTMNERR,0,37.124,0,23.51,0,2.38,0,98.8,0,9.01,0,62.43,20.84,7.76,0,-79.2,5.53,12.909,0,5.42,0,1.209,2.05,0,8.08
1/19/2026,17:30, ,gtmpiwq_20H100465_010926_073000.bin,Pine Island,GTMNERR,0,37.018,0,23.44,0,2.477,0,98.5,0,8.99,0,63.02,21.03,7.76,0,-78.8,5.52,12.87,0,5.34,0,1.206,2.01,0,7.9
1/19/2026,17:45, ,gtmpiwq_20H100465_010926_073000.bin,Pine Island,GTMNERR,0,37.158,0,23.54,0,2.557,0,98.5,0,9,0,62.9,21,7.76,0,-79,5.53,12.824,0,4.56,0,1.204,1.99,0,7.83
1/19/2026,18:00, ,gtmpiwq_20H100465_010926_073000.bin,Pine Island,GTMNERR,0,37.488,0,23.77,0,2.646,0,98.5,0,8.98,0,62.01,20.7,7.76,0,-79.3,5.53,12.832,0,4.5,0,1.204,2.02,0,7.93
1/19/2026,18:15, ,gtmpiwq_20H100465_010926_073000.bin,Pine Island,GTMNERR,0,37.674,0,23.9,0,2.727,0,98.1,0,8.94,0,61.4,20.49,7.76,0,-79.3,5.53,12.809,0,5.66,0,1.205,2.12,0,8.37
1/19/2026,18:30, ,gtmpiwq_20H100465_010926_073000.bin,Pine Island,GTMNERR,0,38.173,0,24.24,0,2.807,0,98.3,0,8.95,0,60.14,20.07,7.77,0,-79.9,5.53,12.807,0,4.65,0,1.209,2.07,0,8.16
1/19/2026,18:45, ,gtmpiwq_20H100465_010926_073000.bin,Pine Island,GTMNERR,0,38.546,0,24.51,0,2.887,0,98.4,0,8.94,0,59.42,19.83,7.78,0,-80.2,5.53,12.81,0,3.44,0,1.21,2.03,0,7.98
1/19/2026,19:00, ,gtmpiwq_20H100465_010926_073000.bin,Pine Island,GTMNERR,0,38.831,0,24.7,0,2.967,0,98.1,0,8.9,0,58.48,19.52,7.78,0,-80.4,5.52,12.785,0,3.8,0,1.21,2.15,0,8.48
1/19/2026,19:15, ,gtmpiwq_20H100465_010926_073000.bin,Pine Island,GTMNERR,0,39.063,0,24.87,0,3.033,0,98.6,0,8.93,0,57.88,19.32,7.79,0,-80.7,5.52,12.79,0,3.61,0,1.209,2.12,0,8.34
1/19/2026,19:30, ,gtmpiwq_20H100465_010926_073000.bin,Pine Island,GTMNERR,0,39.288,0,25.03,0,3.099,0,98.5,0,8.92,0,57.2,19.09,7.79,0,-80.8,5.53,12.806,0,3.8,0,1.207,1.99,0,7.83
1/19/2026,19:45, ,gtmpiwq_20H100465_010926_073000.bin,Pine Island,GTMNERR,0,39.56,0,25.22,0,3.155,0,98.3,0,8.89,0,56.26,18.78,7.79,0,-80.8,5.5,12.801,0,3.62,0,1.207,2.04,0,8.03
1/19/2026,20:00, ,gtmpiwq_20H100465_010926_073000.bin,Pine Island,GTMNERR,0,39.745,0,25.35,0,3.207,0,98.2,0,8.88,0,55.81,18.63,7.8,0,-81.1,5.53,12.79,0,4.05,0,1.207,2.12,0,8.36
1/19/2026,20:15, ,gtmpiwq_20H100465_010926_073000.bin,Pine Island,GTMNERR,0,40.105,0,25.6,0,3.261,0,98.5,0,8.88,0,54.74,18.27,7.8,0,-81.4,5.52,12.822,0,3.72,0,1.208,1.98,0,7.8
1/19/2026,20:30, ,gtmpiwq_20H100465_010926_073000.bin,Pine Island,GTMNERR,0,40.256,0,25.71,0,3.313,0,98.5,0,8.87,0,54.33,18.13,7.8,0,-81.6,5.52,12.815,0,3.39,0,1.204,2.01,0,7.92
1/19/2026,20:45, ,gtmpiwq_20H100465_010926_073000.bin,Pine Island,GTMNERR,0,40.427,0,25.83,0,3.363,0,98.6,0,8.87,0,53.83,17.97,7.81,0,-81.8,5.53,12.819,0,3.05,0,1.205,2.06,0,8.1
1/19/2026,21:00, ,gtmpiwq_20H100465_010926_073000.bin,Pine Island,GTMNERR,0,40.631,0,25.97,0,3.413,0,98.6,0,8.87,0,53.21,17.76,7.81,0,-82,5.52,12.831,0,2.84,0,1.203,1.92,0,7.55
1/19/2026,21:15, ,gtmpiwq_20H100465_010926_073000.bin,Pine Island,GTMNERR,0,40.818,0,26.1,0,3.454,0,98.6,0,8.86,0,52.56,17.55,7.81,0,-82.1,5.53,12.838,0,2.75,0,1.201,1.98,0,7.8
1/19/2026,21:30, ,gtmpiwq_20H100465_010926_073000.bin,Pine Island,GTMNERR,0,40.983,0,26.22,0,3.491,0,98.1,0,8.81,0,52.03,17.37,7.81,0,-82.3,5.52,12.853,0,2.81,0,1.203,1.89,0,7.43
1/19/2026,21:45, ,gtmpiwq_20H100465_010926_073000.bin,Pine Island,GTMNERR,0,41.238,0,26.4,0,3.519,0,98.5,0,8.83,0,51.16,17.08,7.82,0,-82.5,5.52,12.842,0,2.7,0,1.21,2.2,0,8.66
1/19/2026,22:00, ,gtmpiwq_20H100465_010926_073000.bin,Pine Island,GTMNERR,0,41.512,0,26.6,0,3.539,0,98.2,0,8.79,0,50.38,16.82,7.82,0,-82.7,5.53,12.885,0,2.57,0,1.202,2.36,0,9.3
1/19/2026,22:15, ,gtmpiwq_20H100465_010926_073000.bin,Pine Island,GTMNERR,0,41.46,0,26.56,0,3.549,0,97.6,0,8.74,0,49.88,16.65,7.82,0,-82.5,5.52,12.898,0,2.63,0,1.196,2.21,0,8.71
1/19/2026,22:30, ,gtmpiwq_20H100465_010926_073000.bin,Pine Island,GTMNERR,0,41.498,0,26.59,0,3.543,0,94.7,0,8.48,0,47.95,16.01,7.81,0,-81.9,5.53,12.894,0,2.29,0,1.196,1.93,0,7.57
1/19/2026,22:45, ,gtmpiwq_20H100465_010926_073000.bin,Pine Island,GTMNERR,0,41.573,0,26.64,0,3.521,0,96,0,8.59,0,49.99,16.69,7.82,0,-82.5,5.51,12.897,0,2.36,0,1.195,2.2,0,8.66
1/19/2026,23:00, ,gtmpiwq_20H100465_010926_073000.bin,Pine Island,GTMNERR,0,41.486,0,26.58,0,3.481,0,96.7,0,8.65,0,49.93,16.67,7.82,0,-82.6,5.52,12.894,0,2.43,0,1.202,2.23,0,8.78
1/19/2026,23:15, ,gtmpiwq_20H100465_010926_073000.bin,Pine Island,GTMNERR,0,41.083,0,26.29,0,3.431,0,97.7,0,8.77,0,51.47,17.18,7.82,0,-82.3,5.53,12.824,0,2.81,0,1.202,1.88,0,7.39
1/19/2026,23:30, ,gtmpiwq_20H100465_010926_073000.bin,Pine Island,GTMNERR,0,40.574,0,25.93,0,3.376,0,98,0,8.83,0,53.1,17.72,7.81,0,-81.8,5.52,12.772,0,2.98,0,1.202,1.95,0,7.67
1/19/2026,23:45, ,gtmpiwq_20H100465_010926_073000.bin,Pine Island,GTMNERR,0,40.165,0,25.64,0,3.317,0,98,0,8.85,0,54.47,18.18,7.8,0,-81.5,5.53,12.748,0,3.1,0,1.204,1.97,0,7.73
1/20/2026,0:00, ,gtmpiwq_20H100465_010926_073000.bin,Pine Island,GTMNERR,0,39.826,0,25.4,0,3.258,0,97.9,0,8.86,0,55.45,18.51,7.8,0,-81.2,5.51,12.696,0,3.4,0,1.208,1.94,0,7.64
1/20/2026,0:15, ,gtmpiwq_20H100465_010926_073000.bin,Pine Island,GTMNERR,0,39.628,0,25.26,0,3.187,0,97.7,0,8.86,0,56.26,18.78,7.79,0,-80.9,5.52,12.656,0,3.38,0,1.211,1.83,0,7.2
1/20/2026,0:30, ,gtmpiwq_20H100465_010926_073000.bin,Pine Island,GTMNERR,0,39.481,0,25.16,0,3.115,0,97.5,0,8.85,0,56.65,18.91,7.79,0,-80.7,5.53,12.638,0,3.55,0,1.208,1.88,0,7.4
1/20/2026,0:45, ,gtmpiwq_20H100465_010926_073000.bin,Pine Island,GTMNERR,0,39.199,0,24.96,0,3.039,0,97.5,0,8.86,0,57.37,19.15,7.79,0,-80.5,5.52,12.632,0,3.65,0,1.21,1.92,0,7.55
1/20/2026,1:00, ,gtmpiwq_20H100465_010926_073000.bin,Pine Island,GTMNERR,0,38.944,0,24.78,0,2.956,0,97.4,0,8.86,0,58.13,19.4,7.78,0,-80.3,5.53,12.619,0,4.19,0,1.209,1.94,0,7.63
1/20/2026,1:15, ,gtmpiwq_20H100465_010926_073000.bin,Pine Island,GTMNERR,0,38.646,0,24.57,0,2.869,0,97.3,0,8.88,0,58.96,19.68,7.78,0,-80,5.51,12.585,0,4.4,0,1.209,1.86,0,7.29
1/20/2026,1:30, ,gtmpiwq_20H100465_010926_073000.bin,Pine Island,GTMNERR,0,38.338,0,24.35,0,2.773,0,97.1,0,8.88,0,59.79,19.96,7.77,0,-79.7,5.51,12.525,0,4.99,0,1.204,1.91,0,7.49
1/20/2026,1:45, ,gtmpiwq_20H100465_010926_073000.bin,Pine Island,GTMNERR,0,37.968,0,24.09,0,2.668,0,96.6,0,8.86,0,60.8,20.29,7.76,0,-79,5.52,12.459,0,4.94,0,1.199,1.88,0,7.38
1/20/2026,2:00, ,gtmpiwq_20H100465_010926_073000.bin,Pine Island,GTMNERR,0,37.535,0,23.79,0,2.564,0,96.1,0,8.84,0,62,20.7,7.75,0,-78.4,5.51,12.381,0,5.43,0,1.194,1.82,0,7.15
1/20/2026,2:15, ,gtmpiwq_20H100465_010926_073000.bin,Pine Island,GTMNERR,0,37.155,0,23.52,0,2.461,0,95.5,0,8.82,0,62.96,21.01,7.74,0,-77.8,5.52,12.288,0,5.86,0,1.195,1.82,0,7.16
1/20/2026,2:30, ,gtmpiwq_20H100465_010926_073000.bin,Pine Island,GTMNERR,0,36.81,0,23.28,0,2.368,0,95,0,8.8,0,63.88,21.32,7.73,0,-77.3,5.51,12.214,0,5.95,0,1.205,1.81,0,7.12
1/20/2026,2:45, ,gtmpiwq_20H100465_010926_073000.bin,Pine Island,GTMNERR,0,36.497,0,23.06,0,2.274,0,94.6,0,8.8,0,64.79,21.62,7.72,0,-76.8,5.51,12.155,0,5.91,0,1.208,1.85,0,7.26
1/20/2026,3:00, ,gtmpiwq_20H100465_010926_073000.bin,Pine Island,GTMNERR,0,36.257,0,22.89,0,2.192,0,94.6,0,8.8,0,65.5,21.86,7.72,0,-76.6,5.52,12.14,0,6.15,0,1.209,1.81,0,7.09
1/20/2026,3:15, ,gtmpiwq_20H100465_010926_073000.bin,Pine Island,GTMNERR,0,36.05,0,22.75,0,2.128,0,94.2,0,8.78,0,66.03,22.04,7.72,0,-76.4,5.51,12.104,0,5.19,0,1.207,1.88,0,7.39
1/20/2026,3:30, ,gtmpiwq_20H100465_010926_073000.bin,Pine Island,GTMNERR,0,35.925,0,22.66,0,2.087,0,94,0,8.77,0,66.62,22.24,7.71,0,-76.2,5.52,12.072,0,5.36,0,1.209,2.09,0,8.22
1/20/2026,3:45, ,gtmpiwq_20H100465_010926_073000.bin,Pine Island,GTMNERR,0,35.84,0,22.6,0,2.077,0,93.8,0,8.76,0,66.7,22.26,7.71,0,-76,5.51,12.035,0,4.87,0,1.21,2.02,0,7.95
1/20/2026,4:00, ,gtmpiwq_20H100465_010926_073000.bin,Pine Island,GTMNERR,0,35.798,0,22.57,0,2.107,0,91.6,0,8.56,0,65.79,21.96,7.71,0,-75.8,5.51,12.029,0,3.23,0,1.211,2.08,0,8.21
1/20/2026,4:15, ,gtmpiwq_20H100465_010926_073000.bin,Pine Island,GTMNERR,0,35.771,0,22.55,0,2.15,0,92.8,0,8.68,0,67.38,22.49,7.71,0,-75.9,5.52,12.038,0,4.45,0,1.21,1.89,0,7.44
1/20/2026,4:30, ,gtmpiwq_20H100465_010926_073000.bin,Pine Island,GTMNERR,0,36.832,0,23.29,0,2.225,0,94.1,0,8.76,0,64.42,21.5,7.73,0,-77.3,5.51,12.031,0,4.73,0,1.209,1.65,0,6.47
1/20/2026,4:45, ,gtmpiwq_20H100465_010926_073000.bin,Pine Island,GTMNERR,0,36.96,0,23.38,0,2.315,0,94.5,0,8.78,0,63.87,21.32,7.73,0,-77.4,5.51,12.085,0,5.17,0,1.21,2.01,0,7.9
1/20/2026,5:00, ,gtmpiwq_20H100465_010926_073000.bin,Pine Island,GTMNERR,0,36.799,0,23.27,0,2.421,0,94.4,0,8.77,0,64.27,21.45,7.73,0,-77.2,5.5,12.095,0,5.67,0,1.209,1.92,0,7.53
1/20/2026,5:15, ,gtmpiwq_20H100465_010926_073000.bin,Pine Island,GTMNERR,0,37.054,0,23.44,0,2.515,0,94.6,0,8.8,0,64.01,21.36,7.73,0,-77.4,5.51,11.995,0,4.83,0,1.201,1.8,0,7.05
1/20/2026,5:30, ,gtmpiwq_20H100465_010926_073000.bin,Pine Island,GTMNERR,0,37.348,0,23.65,0,2.604,0,94.8,0,8.79,0,63.11,21.07,7.74,0,-77.8,5.52,12.065,0,4.94,0,1.195,1.9,0,7.47
1/20/2026,5:45, ,gtmpiwq_20H100465_010926_073000.bin,Pine Island,GTMNERR,0,37.649,0,23.86,0,2.693,0,94.9,0,8.79,0,62.21,20.76,7.75,0,-78.1,5.51,12.068,0,5.4,0,1.201,1.89,0,7.44
1/20/2026,6:00, ,gtmpiwq_20H100465_010926_073000.bin,Pine Island,GTMNERR,0,38.181,0,24.23,0,2.773,0,95.2,0,8.8,0,61.13,20.4,7.76,0,-78.7,5.51,12.084,0,4.01,0,1.204,1.84,0,7.22
1/20/2026,6:15, ,gtmpiwq_20H100465_010926_073000.bin,Pine Island,GTMNERR,0,38.466,0,24.43,0,2.848,0,95.4,0,8.8,0,60.23,20.1,7.76,0,-79.1,5.5,12.11,0,4.13,0,1.198,1.85,0,7.26
1/20/2026,6:30, ,gtmpiwq_20H100465_010926_073000.bin,Pine Island,GTMNERR,0,38.653,0,24.56,0,2.918,0,95.5,0,8.8,0,59.78,19.96,7.77,0,-79.3,5.51,12.099,0,3.9,0,1.194,1.99,0,7.82
1/20/2026,6:45, ,gtmpiwq_20H100465_010926_073000.bin,Pine Island,GTMNERR,0,38.944,0,24.76,0,2.991,0,95.5,0,8.8,0,58.78,19.62,7.77,0,-79.6,5.52,12.053,0,4.21,0,1.208,1.89,0,7.43
1/20/2026,7:00, ,gtmpiwq_20H100465_010926_073000.bin,Pine Island,GTMNERR,0,39.153,0,24.91,0,3.061,0,95.2,0,8.77,0,58.4,19.49,7.77,0,-79.5,5.51,11.989,0,3.69,0,1.201,1.84,0,7.23
1/20/2026,7:15, ,gtmpiwq_20H100465_010926_073000.bin,Pine Island,GTMNERR,0,39.335,0,25.04,0,3.128,0,95.4,0,8.77,0,57.52,19.2,7.77,0,-79.8,5.51,12.062,0,4.18,0,1.203,1.89,0,7.43
1/20/2026,7:30, ,gtmpiwq_20H100465_010926_073000.bin,Pine Island,GTMNERR,0,39.534,0,25.18,0,3.194,0,95.4,0,8.78,0,57.19,19.09,7.78,0,-80,5.5,12,0,3.62,0,1.201,1.73,0,6.79
1/20/2026,7:45, ,gtmpiwq_20H100465_010926_073000.bin,Pine Island,GTMNERR,0,39.908,0,25.44,0,3.257,0,95.3,0,8.75,0,56.02,18.7,7.78,0,-80.3,5.5,12.008,0,3.58,0,1.199,1.79,0,7.04
1/20/2026,8:00, ,gtmpiwq_20H100465_010926_073000.bin,Pine Island,GTMNERR,0,40.008,0,25.51,0,3.322,0,95.3,0,8.75,0,55.84,18.64,7.79,0,-80.4,5.51,12.005,0,3.01,0,1.199,1.52,0,5.93
1/20/2026,8:15, ,gtmpiwq_20H100465_010926_073000.bin,Pine Island,GTMNERR,0,40.226,0,25.66,0,3.387,0,95.5,0,8.76,0,55.13,18.4,7.79,0,-80.6,5.5,12.017,0,3.28,0,1.195,1.75,0,6.85
1/20/2026,8:30, ,gtmpiwq_20H100465_010926_073000.bin,Pine Island,GTMNERR,0,40.491,0,25.85,0,3.453,0,95.6,0,8.75,0,54.23,18.1,7.79,0,-80.9,5.51,12.029,0,3.06,0,1.192,1.65,0,6.46
1/20/2026,8:45, ,gtmpiwq_20H100465_010926_073000.bin,Pine Island,GTMNERR,0,40.7,0,26,0,3.52,0,95.7,0,8.75,0,53.54,17.87,7.8,0,-81.2,5.5,12.037,0,3.24,0,1.193,1.8,0,7.08
1/20/2026,9:00, ,gtmpiwq_20H100465_010926_073000.bin,Pine Island,GTMNERR,0,41.301,0,26.42,0,3.58,0,95.8,0,8.73,0,51.53,17.2,7.81,0,-81.7,5.5,12.088,0,3.28,0,1.203,1.68,0,6.58
1/20/2026,9:15, ,gtmpiwq_20H100465_010926_073000.bin,Pine Island,GTMNERR,0,41.656,0,26.67,0,3.639,0,96.1,0,8.73,0,50.3,16.79,7.81,0,-82,5.51,12.118,0,2.8,0,1.211,1.65,0,6.47
1/20/2026,9:30, ,gtmpiwq_20H100465_010926_073000.bin,Pine Island,GTMNERR,0,41.992,0,26.91,0,3.692,0,96.2,0,8.73,0,49.18,16.42,7.82,0,-82.4,5.51,12.149,0,3.17,0,1.204,1.66,0,6.49
1/20/2026,9:45, ,gtmpiwq_20H100465_010926_073000.bin,Pine Island,GTMNERR,0,42.141,0,27.02,0,3.74,0,96.3,0,8.72,0,48.62,16.23,7.82,0,-82.5,5.5,12.162,0,3.15,0,1.196,1.64,0,6.43
1/20/2026,10:00, ,gtmpiwq_20H100465_010926_073000.bin,Pine Island,GTMNERR,0,42.331,0,27.15,0,3.776,0,96.1,0,8.7,0,48,16.02,7.82,0,-82.7,5.5,12.189,0,3.39,0,1.196,1.57,0,6.16
1/20/2026,10:15, ,gtmpiwq_20H100465_010926_073000.bin,Pine Island,GTMNERR,0,42.431,0,27.23,0,3.808,0,95.7,0,8.66,0,47.63,15.9,7.83,0,-82.8,5.51,12.205,0,3.08,0,1.196,1.52,0,5.95
1/20/2026,10:30, ,gtmpiwq_20H100465_010926_073000.bin,Pine Island,GTMNERR,0,42.608,0,27.35,0,3.832,0,95.7,0,8.64,0,47.05,15.71,7.83,0,-82.9,5.5,12.214,0,2.78,0,1.203,1.56,0,6.1
1/20/2026,10:45, ,gtmpiwq_20H100465_010926_073000.bin,Pine Island,GTMNERR,0,42.81,0,27.5,0,3.848,0,95.7,0,8.64,0,46.16,15.41,7.83,0,-83,5.5,12.223,0,2.65,0,1.202,1.79,0,7.04
1/20/2026,11:00, ,gtmpiwq_20H100465_010926_073000.bin,Pine Island,GTMNERR,0,42.959,0,27.6,0,3.853,0,95.4,0,8.61,0,45.57,15.21,7.83,0,-83.1,5.51,12.233,0,2.42,0,1.205,1.63,0,6.39
1/20/2026,11:15, ,gtmpiwq_20H100465_010926_073000.bin,Pine Island,GTMNERR,0,43.139,0,27.73,0,3.845,0,94.9,0,8.55,0,44.57,14.88,7.84,0,-83.5,5.5,12.241,0,2.3,0,1.209,1.85,0,7.28
1/20/2026,11:30, ,gtmpiwq_20H100465_010926_073000.bin,Pine Island,GTMNERR,0,43.214,0,27.78,0,3.818,0,93.3,0,8.4,0,43.08,14.38,7.83,0,-83.3,5.5,12.255,0,2.47,0,1.211,1.72,0,6.75
1/20/2026,11:45, ,gtmpiwq_20H100465_010926_073000.bin,Pine Island,GTMNERR,0,42.944,0,27.59,0,3.773,0,96.1,0,8.66,0,45.03,15.03,7.83,0,-83.2,5.48,12.237,0,2.23,0,1.211,1.59,0,6.21
1/20/2026,12:00, ,gtmpiwq_20H100465_010926_073000.bin,Pine Island,GTMNERR,0,42.589,0,27.34,0,3.714,0,96.2,0,8.69,0,46.34,15.47,7.83,0,-83.1,5.5,12.228,0,2.32,0,1.206,1.57,0,6.14
1/20/2026,12:15, ,gtmpiwq_20H100465_010926_073000.bin,Pine Island,GTMNERR,0,42.245,0,27.1,0,3.651,0,97.4,0,8.8,0,47.88,15.98,7.83,0,-83.2,5.51,12.239,0,2.76,0,1.206,1.64,0,6.42
1/20/2026,12:30, ,gtmpiwq_20H100465_010926_073000.bin,Pine Island,GTMNERR,0,41.824,0,26.8,0,3.589,0,97.4,0,8.83,0,49.46,16.51,7.83,0,-82.9,5.5,12.206,0,2.68,0,1.204,1.55,0,6.05
1/20/2026,12:45, ,gtmpiwq_20H100465_010926_073000.bin,Pine Island,GTMNERR,0,41.043,0,26.24,0,3.527,0,97.6,0,8.89,0,51.94,17.34,7.82,0,-82.4,5.51,12.131,0,3.57,0,1.208,1.61,0,6.29
1/20/2026,13:00, ,gtmpiwq_20H100465_010926_073000.bin,Pine Island,GTMNERR,0,40.492,0,25.85,0,3.46,0,97.8,0,8.93,0,53.12,17.73,7.81,0,-82,5.5,12.12,0,4.23,0,1.207,1.81,0,7.09
1/20/2026,13:15, ,gtmpiwq_20H100465_010926_073000.bin,Pine Island,GTMNERR,0,40.278,0,25.7,0,3.39,0,98.3,0,8.98,0,54.12,18.06,7.81,0,-81.9,5.5,12.161,0,3.33,0,1.212,1.67,0,6.53
1/20/2026,13:30, ,gtmpiwq_20H100465_010926_073000.bin,Pine Island,GTMNERR,0,40.051,0,25.54,0,3.314,0,98,0,8.97,0,54.81,18.29,7.81,0,-81.6,5.51,12.13,0,3.67,0,1.201,1.73,0,6.76
1/20/2026,13:45, ,gtmpiwq_20H100465_010926_073000.bin,Pine Island,GTMNERR,0,39.743,0,25.33,0,3.241,0,98,0,8.98,0,55.53,18.54,7.8,0,-81.4,5.5,12.113,0,4.05,0,1.198,1.76,0,6.91
1/20/2026,14:00, ,gtmpiwq_20H100465_010926_073000.bin,Pine Island,GTMNERR,0,39.541,0,25.18,0,3.164,0,98.3,0,9.02,0,56.29,18.79,7.8,0,-81.3,5.51,12.112,0,3.76,0,1.205,1.77,0,6.94
1/20/2026,14:15, ,gtmpiwq_20H100465_010926_073000.bin,Pine Island,GTMNERR,0,39.255,0,24.98,0,3.078,0,98.8,0,9.07,0,57.01,19.03,7.8,0,-81.2,5.5,12.119,0,3.91,0,1.206,1.96,0,7.69
1/20/2026,14:30, ,gtmpiwq_20H100465_010926_073000.bin,Pine Island,GTMNERR,0,38.914,0,24.74,0,2.988,0,98.9,0,9.09,0,57.99,19.36,7.79,0,-80.9,5.5,12.132,0,3.76,0,1.198,1.93,0,7.6
1/20/2026,14:45, ,gtmpiwq_20H100465_010926_073000.bin,Pine Island,GTMNERR,0,38.559,0,24.5,0,2.893,0,99,0,9.12,0,58.97,19.68,7.79,0,-80.7,5.51,12.166,0,4.1,0,1.192,1.86,0,7.3
1/20/2026,15:00, ,gtmpiwq_20H100465_010926_073000.bin,Pine Island,GTMNERR,0,38.166,0,24.22,0,2.794,0,99.6,0,9.17,0,59.96,20.01,7.79,0,-80.5,5.5,12.232,0,4.7,0,1.194,1.81,0,7.09
1/20/2026,15:15, ,gtmpiwq_20H100465_010926_073000.bin,Pine Island,GTMNERR,0,37.75,0,23.94,0,2.694,0,100.3,0,9.24,0,60.76,20.28,7.78,0,-80.4,5.51,12.315,0,4.88,0,1.2,1.81,0,7.12
1/20/2026,15:30, ,gtmpiwq_20H100465_010926_073000.bin,Pine Island,GTMNERR,0,37.362,0,23.67,0,2.596,0,100.4,0,9.26,0,61.65,20.58,7.78,0,-80.2,5.5,12.333,0,5.49,0,1.205,1.82,0,7.14
1/20/2026,15:45, ,gtmpiwq_20H100465_010926_073000.bin,Pine Island,GTMNERR,0,37.063,0,23.46,0,2.494,0,101.1,0,9.32,0,62.45,20.85,7.78,0,-80.1,5.5,12.392,0,5.23,0,1.207,1.82,0,7.13
1/20/2026,16:00, ,gtmpiwq_20H100465_010926_073000.bin,Pine Island,GTMNERR,0,36.751,0,23.24,0,2.402,0,101.1,0,9.34,0,63.16,21.08,7.78,0,-79.9,5.51,12.407,0,5.19,0,1.208,1.85,0,7.28
1/20/2026,16:15, ,gtmpiwq_20H100465_010926_073000.bin,Pine Island,GTMNERR,0,36.488,0,23.06,0,2.315,0,101.3,0,9.36,0,63.48,21.19,7.77,0,-79.6,5.5,12.426,0,6.14,0,1.207,2.13,0,8.39
1/20/2026,16:30, ,gtmpiwq_20H100465_010926_073000.bin,Pine Island,GTMNERR,0,36.277,0,22.91,0,2.257,0,101.4,0,9.38,0,64.46,21.51,7.77,0,-79.7,5.51,12.43,0,4.89,0,1.209,2.27,0,8.94
1/20/2026,16:45, ,gtmpiwq_20H100465_010926_073000.bin,Pine Island,GTMNERR,0,36.126,0,22.81,0,2.229,0,101.3,0,9.37,0,65.01,21.7,7.77,0,-79.6,5.5,12.438,0,4.69,0,1.207,2.3,0,9.07
1/20/2026,17:00, ,gtmpiwq_20H100465_010926_073000.bin,Pine Island,GTMNERR,0,36.07,0,22.77,0,2.241,0,98.5,0,9.11,0,64.26,21.45,7.76,0,-79.1,5.5,12.446,0,3.16,0,1.208,2.26,0,8.9
1/20/2026,17:15, ,gtmpiwq_20H100465_010926_073000.bin,Pine Island,GTMNERR,0,35.985,0,22.71,0,2.292,0,100.2,0,9.27,0,65.74,21.94,7.76,0,-79.2,5.5,12.439,0,4.01,0,1.205,2.25,0,8.86
1/20/2026,17:30, ,gtmpiwq_20H100465_010926_073000.bin,Pine Island,GTMNERR,0,37.453,0,23.73,0,2.369,0,102.9,0,9.45,0,61.65,20.58,7.8,0,-81.1,5.5,12.505,0,4.4,0,1.196,2.25,0,8.89
1/20/2026,17:45, ,gtmpiwq_20H100465_010926_073000.bin,Pine Island,GTMNERR,0,37.313,0,23.64,0,2.465,0,102.4,0,9.41,0,61.72,20.6,7.79,0,-80.9,5.5,12.472,0,5.03,0,1.201,2.3,0,9.08
1/20/2026,18:00, ,gtmpiwq_20H100465_010926_073000.bin,Pine Island,GTMNERR,0,37.18,0,23.54,0,2.563,0,101.9,0,9.39,0,62.61,20.9,7.79,0,-80.6,5.49,12.412,0,4.97,0,1.2,2.28,0,8.99
1/20/2026,18:15, ,gtmpiwq_20H100465_010926_073000.bin,Pine Island,GTMNERR,0,37.625,0,23.85,0,2.659,0,102,0,9.38,0,61.22,20.44,7.79,0,-81,5.5,12.408,0,4.19,0,1.196,2.03,0,7.98
1/20/2026,18:30, ,gtmpiwq_20H100465_010926_073000.bin,Pine Island,GTMNERR,0,37.784,0,23.96,0,2.747,0,101.5,0,9.34,0,61.1,20.39,7.79,0,-80.9,5.5,12.368,0,4.1,0,1.195,2.46,0,9.7
1/20/2026,18:45, ,gtmpiwq_20H100465_010926_073000.bin,Pine Island,GTMNERR,0,38.315,0,24.33,0,2.836,0,101.8,0,9.34,0,59.56,19.88,7.8,0,-81.4,5.5,12.389,0,4.49,0,1.202,2.31,0,9.1
1/20/2026,19:00, ,gtmpiwq_20H100465_010926_073000.bin,Pine Island,GTMNERR,0,38.655,0,24.57,0,2.922,0,102,0,9.33,0,58.94,19.67,7.81,0,-81.8,5.5,12.416,0,3.39,0,1.205,2.25,0,8.87
1/20/2026,19:15, ,gtmpiwq_20H100465_010926_073000.bin,Pine Island,GTMNERR,0,39.02,0,24.83,0,3.003,0,101.6,0,9.29,0,57.83,19.3,7.81,0,-82,5.49,12.388,0,3.77,0,1.21,2.21,0,8.71
1/20/2026,19:30, ,gtmpiwq_20H100465_010926_073000.bin,Pine Island,GTMNERR,0,39.238,0,24.98,0,3.077,0,101.9,0,9.31,0,57.19,19.09,7.82,0,-82.2,5.5,12.39,0,3.86,0,1.201,2.3,0,9.07
1/20/2026,19:45, ,gtmpiwq_20H100465_010926_073000.bin,Pine Island,GTMNERR,0,39.456,0,25.13,0,3.139,0,101.9,0,9.3,0,56.43,18.83,7.82,0,-82.3,5.5,12.411,0,4.03,0,1.2,2.3,0,9.09
1/20/2026,20:00, ,gtmpiwq_20H100465_010926_073000.bin,Pine Island,GTMNERR,0,39.78,0,25.36,0,3.198,0,101.6,0,9.26,0,55.59,18.56,7.82,0,-82.5,5.49,12.401,0,3.29,0,1.203,2.05,0,8.05
1/20/2026,20:15, ,gtmpiwq_20H100465_010926_073000.bin,Pine Island,GTMNERR,0,40.005,0,25.52,0,3.254,0,101.6,0,9.25,0,54.96,18.35,7.82,0,-82.7,5.5,12.388,0,3.61,0,1.201,2.22,0,8.77
1/20/2026,20:30, ,gtmpiwq_20H100465_010926_073000.bin,Pine Island,GTMNERR,0,40.262,0,25.7,0,3.309,0,101.6,0,9.24,0,54.11,18.06,7.83,0,-82.9,5.49,12.414,0,3.36,0,1.201,2.12,0,8.35
1/20/2026,20:45, ,gtmpiwq_20H100465_010926_073000.bin,Pine Island,GTMNERR,0,40.42,0,25.81,0,3.365,0,101.5,0,9.22,0,53.55,17.88,7.83,0,-83,5.5,12.408,0,3.6,0,1.199,2.15,0,8.46
1/20/2026,21:00, ,gtmpiwq_20H100465_010926_073000.bin,Pine Island,GTMNERR,0,40.527,0,25.89,0,3.422,0,101.5,0,9.22,0,53.41,17.83,7.83,0,-83.1,5.5,12.391,0,2.97,0,1.197,2,0,7.88
1/20/2026,21:15, ,gtmpiwq_20H100465_010926_073000.bin,Pine Island,GTMNERR,0,40.708,0,26.01,0,3.473,0,101.5,0,9.21,0,52.72,17.6,7.83,0,-83.3,5.5,12.406,0,3.08,0,1.194,2.23,0,8.78
1/20/2026,21:30, ,gtmpiwq_20H100465_010926_073000.bin,Pine Island,GTMNERR,0,40.822,0,26.09,0,3.52,0,101.6,0,9.21,0,52.37,17.48,7.84,0,-83.4,5.5,12.407,0,2.94,0,1.201,2.01,0,7.91
1/20/2026,21:45, ,gtmpiwq_20H100465_010926_073000.bin,Pine Island,GTMNERR,0,41.15,0,26.33,0,3.567,0,101.6,0,9.19,0,51.3,17.13,7.84,0,-83.7,5.49,12.42,0,3.42,0,1.209,2.28,0,9
1/20/2026,22:00, ,gtmpiwq_20H100465_010926_073000.bin,Pine Island,GTMNERR,0,41.559,0,26.62,0,3.609,0,101.3,0,9.15,0,49.94,16.67,7.85,0,-84,5.49,12.453,0,3.28,0,1.202,2.2,0,8.66
1/20/2026,22:15, ,gtmpiwq_20H100465_010926_073000.bin,Pine Island,GTMNERR,0,41.775,0,26.77,0,3.645,0,101.3,0,9.14,0,49.28,16.45,7.85,0,-84.2,5.5,12.466,0,2.66,0,1.196,2.11,0,8.3
1/20/2026,22:30, ,gtmpiwq_20H100465_010926_073000.bin,Pine Island,GTMNERR,0,42.008,0,26.94,0,3.673,0,101.4,0,9.13,0,48.53,16.2,7.85,0,-84.4,5.49,12.481,0,2.63,0,1.199,2.33,0,9.18
1/20/2026,22:45, ,gtmpiwq_20H100465_010926_073000.bin,Pine Island,GTMNERR,0,42.119,0,27.02,0,3.697,0,101.1,0,9.1,0,48.12,16.06,7.85,0,-84.5,5.5,12.495,0,2.37,0,1.198,2.5,0,9.88
1/20/2026,23:00, ,gtmpiwq_20H100465_010926_073000.bin,Pine Island,GTMNERR,0,42.177,0,27.06,0,3.71,0,100.9,0,9.08,0,47.91,15.99,7.85,0,-84.5,5.49,12.494,0,2.33,0,1.198,2.35,0,9.27
1/20/2026,23:15, ,gtmpiwq_20H100465_010926_073000.bin,Pine Island,GTMNERR,0,42.219,0,27.09,0,3.713,0,100.3,0,9.02,0,47.53,15.87,7.85,0,-84.3,5.49,12.502,0,2.86,0,1.198,2.57,0,10.15
1/20/2026,23:30, ,gtmpiwq_20H100465_010926_073000.bin,Pine Island,GTMNERR,0,42.201,0,27.07,0,3.701,0,94.3,0,8.48,0,46.95,15.67,7.84,0,-83.7,5.5,12.5,0,2.42,0,1.207,2.03,0,8
1/20/2026,23:45, ,gtmpiwq_20H100465_010926_073000.bin,Pine Island,GTMNERR,0,42.161,0,27.05,0,3.673,0,99.6,0,8.96,0,47.85,15.97,7.85,0,-84.4,5.49,12.496,0,2.38,0,1.202,2.26,0,8.91
1/21/2026,0:00, ,gtmpiwq_20H100465_010926_073000.bin,Pine Island,GTMNERR,0,42.046,0,26.96,0,3.627,0,101,0,9.09,0,47.99,16.02,7.85,0,-84.4,5.49,12.479,0,2.42,0,1.199,2.74,0,10.84
1/21/2026,0:15, ,gtmpiwq_20H100465_010926_073000.bin,Pine Island,GTMNERR,0,41.797,0,26.79,0,3.568,0,101.1,0,9.12,0,49.01,16.36,7.85,0,-84.2,5.5,12.445,0,2.87,0,1.201,1.97,0,7.74
1/21/2026,0:30, ,gtmpiwq_20H100465_010926_073000.bin,Pine Island,GTMNERR,0,41.449,0,26.54,0,3.504,0,101,0,9.13,0,50.18,16.75,7.84,0,-83.9,5.49,12.421,0,2.92,0,1.201,2.07,0,8.14
1/21/2026,0:45, ,gtmpiwq_20H100465_010926_073000.bin,Pine Island,GTMNERR,0,40.885,0,26.14,0,3.438,0,100.9,0,9.15,0,52,17.36,7.84,0,-83.4,5.49,12.372,0,2.92,0,1.2,2.16,0,8.5
1/21/2026,1:00, ,gtmpiwq_20H100465_010926_073000.bin,Pine Island,GTMNERR,0,40.337,0,25.75,0,3.364,0,100.9,0,9.19,0,53.57,17.88,7.83,0,-82.9,5.5,12.305,0,3.53,0,1.199,1.97,0,7.76
1/21/2026,1:15, ,gtmpiwq_20H100465_010926_073000.bin,Pine Island,GTMNERR,0,39.981,0,25.5,0,3.294,0,100.8,0,9.2,0,54.91,18.33,7.82,0,-82.6,5.49,12.269,0,3.2,0,1.203,1.75,0,6.87
1/21/2026,1:30, ,gtmpiwq_20H100465_010926_073000.bin,Pine Island,GTMNERR,0,39.808,0,25.37,0,3.213,0,100.5,0,9.19,0,55.41,18.5,7.82,0,-82.3,5.49,12.21,0,3.37,0,1.204,2.01,0,7.92
1/21/2026,1:45, ,gtmpiwq_20H100465_010926_073000.bin,Pine Island,GTMNERR,0,39.713,0,25.31,0,3.13,0,100.7,0,9.2,0,55.76,18.61,7.82,0,-82.2,5.5,12.257,0,3.36,0,1.198,1.91,0,7.51
1/21/2026,2:00, ,gtmpiwq_20H100465_010926_073000.bin,Pine Island,GTMNERR,0,39.478,0,25.14,0,3.041,0,100.6,0,9.21,0,56.44,18.84,7.81,0,-82,5.5,12.233,0,3.55,0,1.193,1.95,0,7.66
1/21/2026,2:15, ,gtmpiwq_20H100465_010926_073000.bin,Pine Island,GTMNERR,0,39.208,0,24.95,0,2.947,0,100.6,0,9.22,0,57.15,19.08,7.81,0,-81.8,5.49,12.203,0,3.68,0,1.193,1.96,0,7.71
1/21/2026,2:30, ,gtmpiwq_20H100465_010926_073000.bin,Pine Island,GTMNERR,0,38.873,0,24.72,0,2.839,0,100.2,0,9.22,0,58.22,19.43,7.8,0,-81.5,5.5,12.149,0,4.41,0,1.207,1.95,0,7.67
1/21/2026,2:45, ,gtmpiwq_20H100465_010926_073000.bin,Pine Island,GTMNERR,0,38.474,0,24.43,0,2.731,0,99.7,0,9.2,0,59.32,19.8,7.79,0,-80.9,5.48,12.078,0,4.38,0,1.206,1.89,0,7.44
1/21/2026,3:00, ,gtmpiwq_20H100465_010926_073000.bin,Pine Island,GTMNERR,0,38.047,0,24.13,0,2.619,0,99.1,0,9.18,0,60.56,20.22,7.78,0,-80.2,5.49,12.012,0,4.41,0,1.201,1.88,0,7.37
1/21/2026,3:15, ,gtmpiwq_20H100465_010926_073000.bin,Pine Island,GTMNERR,0,37.647,0,23.85,0,2.51,0,98.6,0,9.16,0,61.64,20.57,7.77,0,-79.7,5.5,11.934,0,4.73,0,1.199,1.89,0,7.43
1/21/2026,3:30, ,gtmpiwq_20H100465_010926_073000.bin,Pine Island,GTMNERR,0,37.293,0,23.6,0,2.417,0,98.1,0,9.14,0,62.74,20.94,7.76,0,-79.1,5.49,11.862,0,4.88,0,1.192,1.95,0,7.66
1/21/2026,3:45, ,gtmpiwq_20H100465_010926_073000.bin,Pine Island,GTMNERR,0,37.004,0,23.4,0,2.334,0,97.8,0,9.13,0,63.62,21.23,7.76,0,-78.8,5.5,11.81,0,5.12,0,1.198,1.94,0,7.64
1/21/2026,4:00, ,gtmpiwq_20H100465_010926_073000.bin,Pine Island,GTMNERR,0,36.725,0,23.21,0,2.267,0,97.7,0,9.14,0,64.25,21.45,7.75,0,-78.5,5.48,11.798,0,5.1,0,1.198,2.01,0,7.9
1/21/2026,4:15, ,gtmpiwq_20H100465_010926_073000.bin,Pine Island,GTMNERR,0,36.52,0,23.06,0,2.216,0,97.3,0,9.11,0,64.8,21.63,7.74,0,-77.9,5.49,11.791,0,4.84,0,1.203,2.03,0,7.99
1/21/2026,4:30, ,gtmpiwq_20H100465_010926_073000.bin,Pine Island,GTMNERR,0,36.399,0,22.98,0,2.193,0,97.1,0,9.1,0,65.36,21.82,7.75,0,-78.2,5.5,11.772,0,4.08,0,1.211,2.11,0,8.32
1/21/2026,4:45, ,gtmpiwq_20H100465_010926_073000.bin,Pine Island,GTMNERR,0,36.32,0,22.92,0,2.218,0,96.1,0,9.01,0,65.11,21.73,7.74,0,-77.9,5.49,11.766,0,2.98,0,1.202,1.71,0,6.7
1/21/2026,5:00, ,gtmpiwq_20H100465_010926_073000.bin,Pine Island,GTMNERR,0,36.262,0,22.88,0,2.272,0,96.8,0,9.08,0,65.94,22.01,7.74,0,-77.9,5.49,11.753,0,3.4,0,1.199,2.16,0,8.5
1/21/2026,5:15, ,gtmpiwq_20H100465_010926_073000.bin,Pine Island,GTMNERR,0,37.437,0,23.7,0,2.351,0,97.1,0,9.07,0,62.45,20.85,7.76,0,-79,5.48,11.726,0,4.19,0,1.198,2.11,0,8.32
1/21/2026,5:30, ,gtmpiwq_20H100465_010926_073000.bin,Pine Island,GTMNERR,0,37.279,0,23.59,0,2.446,0,97.5,0,9.1,0,62.86,20.98,7.76,0,-79,5.49,11.779,0,4.96,0,1.195,2.05,0,8.08
1/21/2026,5:45, ,gtmpiwq_20H100465_010926_073000.bin,Pine Island,GTMNERR,0,37.346,0,23.64,0,2.537,0,97.7,0,9.12,0,62.79,20.96,7.76,0,-79,5.5,11.789,0,4.89,0,1.196,2,0,7.85
1/21/2026,6:00, ,gtmpiwq_20H100465_010926_073000.bin,Pine Island,GTMNERR,0,37.742,0,23.91,0,2.629,0,97.8,0,9.12,0,62.07,20.72,7.77,0,-79.5,5.5,11.754,0,3.97,0,1.206,2.04,0,8.03
1/21/2026,6:15, ,gtmpiwq_20H100465_010926_073000.bin,Pine Island,GTMNERR,0,37.96,0,24.07,0,2.712,0,98,0,9.11,0,61.08,20.39,7.77,0,-79.7,5.49,11.806,0,4.37,0,1.208,1.96,0,7.71
1/21/2026,6:30, ,gtmpiwq_20H100465_010926_073000.bin,Pine Island,GTMNERR,0,38.393,0,24.37,0,2.793,0,98.1,0,9.11,0,59.9,19.99,7.78,0,-80.1,5.48,11.841,0,4.11,0,1.209,2.47,0,9.78
1/21/2026,6:45, ,gtmpiwq_20H100465_010926_073000.bin,Pine Island,GTMNERR,0,38.854,0,24.69,0,2.872,0,98.1,0,9.09,0,58.84,19.64,7.79,0,-80.5,5.49,11.824,0,3.91,0,1.206,2.11,0,8.3
1/21/2026,7:00, ,gtmpiwq_20H100465_010926_073000.bin,Pine Island,GTMNERR,0,39.112,0,24.87,0,2.946,0,98.3,0,9.09,0,58.09,19.39,7.79,0,-80.8,5.48,11.85,0,3.58,0,1.206,1.98,0,7.8
1/21/2026,7:15, ,gtmpiwq_20H100465_010926_073000.bin,Pine Island,GTMNERR,0,39.383,0,25.06,0,3.017,0,98.5,0,9.09,0,57.21,19.1,7.8,0,-81.1,5.48,11.874,0,3.75,0,1.202,1.97,0,7.73
1/21/2026,7:30, ,gtmpiwq_20H100465_010926_073000.bin,Pine Island,GTMNERR,0,39.527,0,25.17,0,3.089,0,98.3,0,9.08,0,56.77,18.95,7.8,0,-81.1,5.49,11.858,0,4.1,0,1.205,2.17,0,8.55
1/21/2026,7:45, ,gtmpiwq_20H100465_010926_073000.bin,Pine Island,GTMNERR,0,39.722,0,25.3,0,3.155,0,98.1,0,9.05,0,56.32,18.8,7.8,0,-81.1,5.48,11.824,0,3.88,0,1.202,1.81,0,7.11
1/21/2026,8:00, ,gtmpiwq_20H100465_010926_073000.bin,Pine Island,GTMNERR,0,39.878,0,25.41,0,3.214,0,98.3,0,9.06,0,55.76,18.61,7.8,0,-81.4,5.49,11.867,0,3.56,0,1.199,1.76,0,6.91
1/21/2026,8:15, ,gtmpiwq_20H100465_010926_073000.bin,Pine Island,GTMNERR,0,40.164,0,25.61,0,3.274,0,98,0,9.02,0,54.88,18.32,7.81,0,-81.6,5.48,11.86,0,4.34,0,1.197,1.83,0,7.2
1/21/2026,8:30, ,gtmpiwq_20H100465_010926_073000.bin,Pine Island,GTMNERR,0,40.411,0,25.79,0,3.334,0,98.2,0,9.02,0,54.31,18.13,7.81,0,-81.8,5.48,11.874,0,3.36,0,1.195,1.82,0,7.13
1/21/2026,8:45, ,gtmpiwq_20H100465_010926_073000.bin,Pine Island,GTMNERR,0,40.5,0,25.85,0,3.399,0,98.4,0,9.04,0,53.91,17.99,7.81,0,-82,5.49,11.878,0,3.09,0,1.203,1.85,0,7.25
1/21/2026,9:00, ,gtmpiwq_20H100465_010926_073000.bin,Pine Island,GTMNERR,0,40.739,0,26.02,0,3.458,0,98.6,0,9.04,0,53.14,17.74,7.82,0,-82.2,5.48,11.906,0,3.39,0,1.21,1.78,0,6.98
1/21/2026,9:15, ,gtmpiwq_20H100465_010926_073000.bin,Pine Island,GTMNERR,0,41,0,26.2,0,3.522,0,98.8,0,9.05,0,52.17,17.42,7.82,0,-82.5,5.49,11.935,0,2.77,0,1.202,1.64,0,6.41
1/21/2026,9:30, ,gtmpiwq_20H100465_010926_073000.bin,Pine Island,GTMNERR,0,41.329,0,26.44,0,3.582,0,99,0,9.04,0,51.01,17.03,7.83,0,-82.9,5.47,11.974,0,2.87,0,1.2,1.65,0,6.47
1/21/2026,9:45, ,gtmpiwq_20H100465_010926_073000.bin,Pine Island,GTMNERR,0,41.814,0,26.78,0,3.637,0,99.2,0,9.03,0,49.51,16.53,7.84,0,-83.4,5.48,12.021,0,2.72,0,1.195,1.58,0,6.19
1/21/2026,10:00, ,gtmpiwq_20H100465_010926_073000.bin,Pine Island,GTMNERR,0,42.152,0,27.02,0,3.69,0,99.5,0,9.03,0,48.27,16.11,7.84,0,-83.7,5.49,12.065,0,2.84,0,1.193,1.56,0,6.11
1/21/2026,10:15, ,gtmpiwq_20H100465_010926_073000.bin,Pine Island,GTMNERR,0,42.347,0,27.16,0,3.74,0,99.5,0,9.02,0,47.62,15.9,7.84,0,-83.8,5.48,12.086,0,2.76,0,1.194,1.47,0,5.75
1/21/2026,10:30, ,gtmpiwq_20H100465_010926_073000.bin,Pine Island,GTMNERR,0,42.6,0,27.34,0,3.782,0,99.6,0,9.02,0,46.81,15.63,7.85,0,-84.2,5.49,12.122,0,2.59,0,1.197,1.64,0,6.4
1/21/2026,10:45, ,gtmpiwq_20H100465_010926_073000.bin,Pine Island,GTMNERR,0,42.766,0,27.46,0,3.816,0,99.8,0,9.02,0,46.08,15.38,7.85,0,-84.4,5.47,12.158,0,2.64,0,1.208,1.62,0,6.35
1/21/2026,11:00, ,gtmpiwq_20H100465_010926_073000.bin,Pine Island,GTMNERR,0,42.97,0,27.61,0,3.847,0,99.8,0,9.01,0,45.43,15.17,7.86,0,-84.5,5.48,12.17,0,2.64,0,1.202,1.72,0,6.75
1/21/2026,11:15, ,gtmpiwq_20H100465_010926_073000.bin,Pine Island,GTMNERR,0,43.118,0,27.71,0,3.866,0,99.7,0,9,0,44.81,14.96,7.86,0,-84.6,5.49,12.187,0,2.67,0,1.198,1.59,0,6.22
1/21/2026,11:30, ,gtmpiwq_20H100465_010926_073000.bin,Pine Island,GTMNERR,0,43.282,0,27.83,0,3.876,0,99.1,0,8.93,0,44.24,14.77,7.86,0,-84.6,5.48,12.183,0,2.28,0,1.193,2.06,0,8.12
1/21/2026,11:45, ,gtmpiwq_20H100465_010926_073000.bin,Pine Island,GTMNERR,0,43.614,0,28.07,0,3.873,0,99.8,0,8.96,0,42.77,14.28,7.87,0,-85.4,5.48,12.294,0,2.24,0,1.196,1.81,0,7.12
1/21/2026,12:00, ,gtmpiwq_20H100465_010926_073000.bin,Pine Island,GTMNERR,0,43.668,0,28.11,0,3.858,0,98.5,0,8.84,0,41.4,13.82,7.86,0,-85.1,5.47,12.285,0,2.42,0,1.204,2.62,0,10.35
1/21/2026,12:15, ,gtmpiwq_20H100465_010926_073000.bin,Pine Island,GTMNERR,0,43.577,0,28.04,0,3.824,0,100,0,8.98,0,41.78,13.95,7.87,0,-85.3,5.48,12.277,0,3.14,0,1.21,2.13,0,8.38
1/21/2026,12:30, ,gtmpiwq_20H100465_010926_073000.bin,Pine Island,GTMNERR,0,43.337,0,27.87,0,3.776,0,100.1,0,9.01,0,43.15,14.4,7.87,0,-85.2,5.49,12.242,0,2.35,0,1.201,1.58,0,6.17
1/21/2026,12:45, ,gtmpiwq_20H100465_010926_073000.bin,Pine Island,GTMNERR,0,42.897,0,27.56,0,3.715,0,100.5,0,9.06,0,45.53,15.2,7.86,0,-84.9,5.48,12.251,0,2.39,0,1.2,1.72,0,6.75
1/21/2026,13:00, ,gtmpiwq_20H100465_010926_073000.bin,Pine Island,GTMNERR,0,42.712,0,27.43,0,3.647,0,100.8,0,9.09,0,46.22,15.43,7.86,0,-84.9,5.48,12.257,0,2.64,0,1.2,1.69,0,6.63
1/21/2026,13:15, ,gtmpiwq_20H100465_010926_073000.bin,Pine Island,GTMNERR,0,42.104,0,27,0,3.573,0,101,0,9.14,0,48.14,16.07,7.86,0,-84.6,5.48,12.26,0,2.61,0,1.198,1.73,0,6.77
1/21/2026,13:30, ,gtmpiwq_20H100465_010926_073000.bin,Pine Island,GTMNERR,0,41.497,0,26.57,0,3.5,0,101,0,9.17,0,49.98,16.68,7.85,0,-84,5.48,12.228,0,3.06,0,1.196,1.76,0,6.9
1/21/2026,13:45, ,gtmpiwq_20H100465_010926_073000.bin,Pine Island,GTMNERR,0,40.73,0,26.03,0,3.429,0,101.7,0,9.25,0,52.09,17.39,7.84,0,-83.7,5.49,12.303,0,3.77,0,1.194,1.8,0,7.08
1/21/2026,14:00, ,gtmpiwq_20H100465_010926_073000.bin,Pine Island,GTMNERR,0,40.402,0,25.8,0,3.352,0,102,0,9.28,0,53.22,17.77,7.84,0,-83.5,5.47,12.334,0,3.66,0,1.192,1.97,0,7.75
1/21/2026,14:15, ,gtmpiwq_20H100465_010926_073000.bin,Pine Island,GTMNERR,0,40.21,0,25.66,0,3.272,0,101.8,0,9.27,0,53.69,17.92,7.83,0,-83.2,5.49,12.296,0,3.48,0,1.198,1.88,0,7.38
