Date,Time,F_Record,FILENAME,SITENAME,USERID,FAULTCODE,SpCond,F_SpCond,Sal,F_Sal,Depth,F_Depth,DO_pct,F_DO_pct,DO_mgl,F_DO_mgl,fDOMQSU,fDOMRFU,pH,F_pH,pHmV,BATTERY,Temp,F_Temp,Turb,F_Turb,WIPERPOSITIONVOLT,ChlFluor,F_ChlFluor,Chlorophyllug/L
1/21/2026,14:30, ,gtmpiwq_20H100464_012126_050000.bin,Pine Island,GTMNERR,0,39.84,<0> (CND),25.4,<0> (CND),3.18,<0> (CND),99.4,<0> (CND),9.05,<0> (CND),91,30.52,7.79,<0> (CND),-71.8,5.74,12.416,<0> (CND),4.04,<0> (CND),1.201,1.63,<0> (CND),6.25
1/21/2026,14:45, ,gtmpiwq_20H100464_012126_050000.bin,Pine Island,GTMNERR,0,39.571,0,25.22,0,3.088,0,99.7,0,9.08,0,91.97,30.84,7.79,0,-72,5.74,12.449,0,4.37,0,1.195,1.62,0,6.21
1/21/2026,15:00, ,gtmpiwq_20H100464_012126_050000.bin,Pine Island,GTMNERR,0,39.222,0,24.97,0,2.993,0,99.8,0,9.1,0,93.01,31.19,7.8,0,-72.4,5.75,12.472,0,3.98,0,1.19,1.64,0,6.29
1/21/2026,15:15, ,gtmpiwq_20H100464_012126_050000.bin,Pine Island,GTMNERR,0,38.841,0,24.7,0,2.892,0,99.8,0,9.11,0,95.57,32.04,7.8,0,-72.7,5.75,12.483,0,4.27,0,1.186,1.66,0,6.37
1/21/2026,15:30, ,gtmpiwq_20H100464_012126_050000.bin,Pine Island,GTMNERR,0,38.428,0,24.42,0,2.783,0,100.2,0,9.15,0,97.03,32.53,7.8,0,-72.7,5.74,12.56,0,4.39,0,1.183,1.65,0,6.34
1/21/2026,15:45, ,gtmpiwq_20H100464_012126_050000.bin,Pine Island,GTMNERR,0,38.033,0,24.14,0,2.679,0,100.9,0,9.21,0,99.48,33.35,7.81,0,-73.1,5.76,12.693,0,4.65,0,1.201,1.64,0,6.29
1/21/2026,16:00, ,gtmpiwq_20H100464_012126_050000.bin,Pine Island,GTMNERR,0,37.603,0,23.85,0,2.569,0,101.5,0,9.25,0,101.02,33.86,7.81,0,-72.9,5.75,12.843,0,4.95,0,1.197,1.7,0,6.53
1/21/2026,16:15, ,gtmpiwq_20H100464_012126_050000.bin,Pine Island,GTMNERR,0,37.214,0,23.58,0,2.466,0,101.8,0,9.28,0,102.78,34.45,7.81,0,-72.9,5.75,12.9,0,4.97,0,1.197,1.68,0,6.46
1/21/2026,16:30, ,gtmpiwq_20H100464_012126_050000.bin,Pine Island,GTMNERR,0,36.879,0,23.34,0,2.378,0,102.3,0,9.33,0,104.52,35.03,7.81,0,-72.9,5.76,12.975,0,4.5,0,1.193,1.71,0,6.6
1/21/2026,16:45, ,gtmpiwq_20H100464_012126_050000.bin,Pine Island,GTMNERR,0,36.551,0,23.12,0,2.302,0,102.1,0,9.32,0,105.66,35.41,7.8,0,-72.8,5.75,12.969,0,4.94,0,1.187,1.72,0,6.63
1/21/2026,17:00, ,gtmpiwq_20H100464_012126_050000.bin,Pine Island,GTMNERR,0,36.352,0,22.98,0,2.236,0,102.4,0,9.35,0,107.07,35.88,7.8,0,-72.8,5.76,12.997,0,4.34,0,1.183,1.77,0,6.83
1/21/2026,17:15, ,gtmpiwq_20H100464_012126_050000.bin,Pine Island,GTMNERR,0,36.201,0,22.87,0,2.198,0,102.1,0,9.32,0,107.79,36.12,7.8,0,-72.8,5.75,13.015,0,4.16,0,1.201,1.95,0,7.55
1/21/2026,17:30, ,gtmpiwq_20H100464_012126_050000.bin,Pine Island,GTMNERR,0,36.14,0,22.83,0,2.198,0,102.3,0,9.34,0,108.6,36.39,7.8,0,-72.7,5.75,13.033,0,3.66,0,1.195,1.99,0,7.7
1/21/2026,17:45, ,gtmpiwq_20H100464_012126_050000.bin,Pine Island,GTMNERR,0,36.101,0,22.8,0,2.246,0,102.4,0,9.35,0,106.53,35.7,7.8,0,-72.6,5.76,13.044,0,3.37,0,1.19,2.36,0,9.2
1/21/2026,18:00, ,gtmpiwq_20H100464_012126_050000.bin,Pine Island,GTMNERR,0,36.431,0,23.04,0,2.316,0,102.9,0,9.38,0,107.51,36.03,7.8,0,-72.8,5.75,13.089,0,4.01,0,1.189,2.11,0,8.19
1/21/2026,18:15, ,gtmpiwq_20H100464_012126_050000.bin,Pine Island,GTMNERR,0,37.345,0,23.67,0,2.403,0,103.3,0,9.37,0,102.11,34.22,7.82,0,-73.9,5.76,13.097,0,5.08,0,1.191,2.28,0,8.86
1/21/2026,18:30, ,gtmpiwq_20H100464_012126_050000.bin,Pine Island,GTMNERR,0,37.208,0,23.58,0,2.491,0,103,0,9.35,0,103.19,34.59,7.82,0,-73.6,5.75,13.051,0,5,0,1.188,2.23,0,8.69
1/21/2026,18:45, ,gtmpiwq_20H100464_012126_050000.bin,Pine Island,GTMNERR,0,37.387,0,23.7,0,2.579,0,102.8,0,9.34,0,102.88,34.48,7.82,0,-73.7,5.75,13.012,0,4.55,0,1.186,2.19,0,8.5
1/21/2026,19:00, ,gtmpiwq_20H100464_012126_050000.bin,Pine Island,GTMNERR,0,37.707,0,23.92,0,2.669,0,102.5,0,9.31,0,101.87,34.14,7.82,0,-73.8,5.76,12.959,0,4.38,0,1.185,2.27,0,8.85
1/21/2026,19:15, ,gtmpiwq_20H100464_012126_050000.bin,Pine Island,GTMNERR,0,37.94,0,24.08,0,2.755,0,102.4,0,9.3,0,100.46,33.67,7.82,0,-74,5.75,12.943,0,4.44,0,1.193,1.99,0,7.7
1/21/2026,19:30, ,gtmpiwq_20H100464_012126_050000.bin,Pine Island,GTMNERR,0,38.539,0,24.5,0,2.841,0,102.4,0,9.27,0,97.96,32.84,7.83,0,-74.5,5.76,12.942,0,3.4,0,1.196,2.2,0,8.56
1/21/2026,19:45, ,gtmpiwq_20H100464_012126_050000.bin,Pine Island,GTMNERR,0,38.811,0,24.69,0,2.921,0,102.3,0,9.25,0,96.61,32.39,7.84,0,-74.8,5.75,12.927,0,3.99,0,1.188,2.19,0,8.51
1/21/2026,20:00, ,gtmpiwq_20H100464_012126_050000.bin,Pine Island,GTMNERR,0,39.176,0,24.95,0,2.995,0,102.1,0,9.23,0,94.89,31.82,7.84,0,-75.1,5.75,12.885,0,3.35,0,1.199,2.25,0,8.74
1/21/2026,20:15, ,gtmpiwq_20H100464_012126_050000.bin,Pine Island,GTMNERR,0,39.451,0,25.14,0,3.062,0,102.1,0,9.21,0,93.46,31.34,7.84,0,-75.1,5.76,12.933,0,3.83,0,1.189,2.13,0,8.26
1/21/2026,20:30, ,gtmpiwq_20H100464_012126_050000.bin,Pine Island,GTMNERR,0,39.713,0,25.33,0,3.123,0,102.2,0,9.2,0,91.81,30.79,7.85,0,-75.4,5.75,12.963,0,3.63,0,1.189,2.2,0,8.55
1/21/2026,20:45, ,gtmpiwq_20H100464_012126_050000.bin,Pine Island,GTMNERR,0,39.923,0,25.48,0,3.183,0,101.9,0,9.18,0,90.83,30.46,7.85,0,-75.6,5.76,12.904,0,3.24,0,1.2,2.15,0,8.36
1/21/2026,21:00, ,gtmpiwq_20H100464_012126_050000.bin,Pine Island,GTMNERR,0,40.237,0,25.7,0,3.239,0,102,0,9.17,0,89.5,30.02,7.86,0,-75.8,5.75,12.936,0,3.21,0,1.189,2.04,0,7.91
1/21/2026,21:15, ,gtmpiwq_20H100464_012126_050000.bin,Pine Island,GTMNERR,0,40.468,0,25.86,0,3.296,0,102,0,9.15,0,87.96,29.5,7.86,0,-75.9,5.75,12.972,0,3.18,0,1.188,2.02,0,7.82
1/21/2026,21:30, ,gtmpiwq_20H100464_012126_050000.bin,Pine Island,GTMNERR,0,40.576,0,25.94,0,3.361,0,102,0,9.15,0,87.25,29.27,7.86,0,-76.2,5.76,12.963,0,2.93,0,1.193,2.03,0,7.89
1/21/2026,21:45, ,gtmpiwq_20H100464_012126_050000.bin,Pine Island,GTMNERR,0,40.745,0,26.06,0,3.423,0,102,0,9.14,0,86.73,29.09,7.86,0,-76.2,5.75,12.96,0,2.92,0,1.187,2.03,0,7.87
1/21/2026,22:00, ,gtmpiwq_20H100464_012126_050000.bin,Pine Island,GTMNERR,0,41.045,0,26.27,0,3.476,0,102.1,0,9.13,0,84.95,28.5,7.87,0,-76.6,5.76,12.974,0,3,0,1.193,2.04,0,7.92
1/21/2026,22:15, ,gtmpiwq_20H100464_012126_050000.bin,Pine Island,GTMNERR,0,41.28,0,26.44,0,3.534,0,102.1,0,9.13,0,83.88,28.14,7.87,0,-76.7,5.75,12.985,0,3.08,0,1.194,2.05,0,7.96
1/21/2026,22:30, ,gtmpiwq_20H100464_012126_050000.bin,Pine Island,GTMNERR,0,41.656,0,26.7,0,3.583,0,102.1,0,9.1,0,81.37,27.31,7.88,0,-77,5.75,13.016,0,2.68,0,1.197,2.06,0,7.98
1/21/2026,22:45, ,gtmpiwq_20H100464_012126_050000.bin,Pine Island,GTMNERR,0,42.009,0,26.95,0,3.626,0,102.2,0,9.09,0,79.24,26.59,7.88,0,-77.4,5.76,13.042,0,2.66,0,1.184,2,0,7.74
1/21/2026,23:00, ,gtmpiwq_20H100464_012126_050000.bin,Pine Island,GTMNERR,0,42.246,0,27.12,0,3.665,0,102.2,0,9.08,0,78.12,26.22,7.88,0,-77.5,5.74,13.062,0,2.43,0,1.196,1.92,0,7.41
1/21/2026,23:15, ,gtmpiwq_20H100464_012126_050000.bin,Pine Island,GTMNERR,0,42.368,0,27.21,0,3.697,0,102.1,0,9.06,0,77.75,26.1,7.88,0,-77.5,5.75,13.08,0,2.45,0,1.187,2.14,0,8.31
1/21/2026,23:30, ,gtmpiwq_20H100464_012126_050000.bin,Pine Island,GTMNERR,0,42.558,0,27.35,0,3.717,0,102,0,9.04,0,76.66,25.73,7.89,0,-77.7,5.75,13.093,0,2.39,0,1.192,2.11,0,8.21
1/21/2026,23:45, ,gtmpiwq_20H100464_012126_050000.bin,Pine Island,GTMNERR,0,42.601,0,27.38,0,3.727,0,101.8,0,9.03,0,76.16,25.57,7.89,0,-77.6,5.75,13.103,0,2.25,0,1.195,2.33,0,9.07
1/22/2026,0:00, ,gtmpiwq_20H100464_012126_050000.bin,Pine Island,GTMNERR,0,42.6,0,27.38,0,3.723,0,100.7,0,8.92,0,74.89,25.14,7.88,0,-77.4,5.75,13.108,0,2.51,0,1.194,1.94,0,7.5
1/22/2026,0:15, ,gtmpiwq_20H100464_012126_050000.bin,Pine Island,GTMNERR,0,42.616,0,27.39,0,3.701,0,99.7,0,8.84,0,72.15,24.23,7.88,0,-77,5.74,13.112,0,2.39,0,1.195,2.06,0,7.99
1/22/2026,0:30, ,gtmpiwq_20H100464_012126_050000.bin,Pine Island,GTMNERR,0,42.557,0,27.34,0,3.656,0,101.2,0,8.97,0,74.49,25.01,7.89,0,-77.7,5.75,13.104,0,2.25,0,1.194,2.03,0,7.88
1/22/2026,0:45, ,gtmpiwq_20H100464_012126_050000.bin,Pine Island,GTMNERR,0,42.352,0,27.2,0,3.595,0,101.4,0,9,0,77.35,25.96,7.88,0,-77.4,5.74,13.087,0,2.45,0,1.193,1.8,0,6.96
1/22/2026,1:00, ,gtmpiwq_20H100464_012126_050000.bin,Pine Island,GTMNERR,0,41.976,0,26.93,0,3.529,0,101.7,0,9.05,0,79.71,26.75,7.88,0,-77.3,5.75,13.054,0,2.62,0,1.193,1.73,0,6.68
1/22/2026,1:15, ,gtmpiwq_20H100464_012126_050000.bin,Pine Island,GTMNERR,0,41.557,0,26.63,0,3.46,0,101.4,0,9.04,0,81.95,27.5,7.87,0,-76.8,5.75,13.037,0,2.87,0,1.197,1.75,0,6.73
1/22/2026,1:30, ,gtmpiwq_20H100464_012126_050000.bin,Pine Island,GTMNERR,0,41.097,0,26.31,0,3.387,0,101.3,0,9.06,0,84.61,28.38,7.87,0,-76.5,5.74,13.015,0,3.3,0,1.184,1.72,0,6.62
1/22/2026,1:45, ,gtmpiwq_20H100464_012126_050000.bin,Pine Island,GTMNERR,0,40.431,0,25.84,0,3.315,0,101.1,0,9.06,0,88.09,29.55,7.86,0,-75.9,5.75,13.007,0,3.66,0,1.186,1.71,0,6.6
1/22/2026,2:00, ,gtmpiwq_20H100464_012126_050000.bin,Pine Island,GTMNERR,0,40.255,0,25.71,0,3.239,0,100.9,0,9.06,0,89.43,30,7.85,0,-75.6,5.74,12.982,0,3.6,0,1.185,1.75,0,6.73
1/22/2026,2:15, ,gtmpiwq_20H100464_012126_050000.bin,Pine Island,GTMNERR,0,39.973,0,25.51,0,3.16,0,100.9,0,9.07,0,90.52,30.36,7.85,0,-75.4,5.74,12.981,0,3.63,0,1.195,1.72,0,6.64
1/22/2026,2:30, ,gtmpiwq_20H100464_012126_050000.bin,Pine Island,GTMNERR,0,39.762,0,25.36,0,3.079,0,100.9,0,9.08,0,91.87,30.81,7.85,0,-75.3,5.75,12.977,0,3.48,0,1.198,1.75,0,6.74
1/22/2026,2:45, ,gtmpiwq_20H100464_012126_050000.bin,Pine Island,GTMNERR,0,39.469,0,25.16,0,2.989,0,100.8,0,9.08,0,93.18,31.24,7.84,0,-75,5.74,12.976,0,3.91,0,1.184,1.77,0,6.84
1/22/2026,3:00, ,gtmpiwq_20H100464_012126_050000.bin,Pine Island,GTMNERR,0,39.156,0,24.94,0,2.901,0,100.7,0,9.09,0,94.74,31.76,7.84,0,-74.8,5.75,12.967,0,3.55,0,1.187,1.75,0,6.75
1/22/2026,3:15, ,gtmpiwq_20H100464_012126_050000.bin,Pine Island,GTMNERR,0,38.781,0,24.67,0,2.803,0,100.4,0,9.08,0,96.59,32.38,7.83,0,-74.4,5.74,12.957,0,4.24,0,1.197,1.72,0,6.63
1/22/2026,3:30, ,gtmpiwq_20H100464_012126_050000.bin,Pine Island,GTMNERR,0,38.355,0,24.38,0,2.704,0,100,0,9.06,0,98.81,33.12,7.82,0,-73.8,5.74,12.948,0,4.51,0,1.192,1.76,0,6.81
1/22/2026,3:45, ,gtmpiwq_20H100464_012126_050000.bin,Pine Island,GTMNERR,0,37.918,0,24.07,0,2.607,0,99.4,0,9.03,0,101.07,33.88,7.81,0,-73.1,5.75,12.946,0,4.67,0,1.193,1.74,0,6.71
1/22/2026,4:00, ,gtmpiwq_20H100464_012126_050000.bin,Pine Island,GTMNERR,0,37.516,0,23.79,0,2.502,0,98.9,0,9,0,102.9,34.49,7.8,0,-72.5,5.74,12.948,0,4.98,0,1.188,1.7,0,6.56
1/22/2026,4:15, ,gtmpiwq_20H100464_012126_050000.bin,Pine Island,GTMNERR,0,37.117,0,23.51,0,2.405,0,98.4,0,8.96,0,104.48,35.01,7.79,0,-71.9,5.75,12.954,0,5.31,0,1.195,1.73,0,6.65
1/22/2026,4:30, ,gtmpiwq_20H100464_012126_050000.bin,Pine Island,GTMNERR,0,36.772,0,23.27,0,2.316,0,98.2,0,8.96,0,106.36,35.64,7.78,0,-71.5,5.74,12.964,0,5.42,0,1.184,1.74,0,6.72
1/22/2026,4:45, ,gtmpiwq_20H100464_012126_050000.bin,Pine Island,GTMNERR,0,36.474,0,23.06,0,2.238,0,98,0,8.95,0,107.55,36.04,7.78,0,-71.2,5.74,12.974,0,5.41,0,1.184,1.82,0,7.02
1/22/2026,5:00, ,gtmpiwq_20H100464_012126_050000.bin,Pine Island,GTMNERR,0,36.26,0,22.91,0,2.189,0,97.7,0,8.92,0,108.66,36.41,7.77,0,-70.9,5.74,12.98,0,5.04,0,1.193,1.75,0,6.76
1/22/2026,5:15, ,gtmpiwq_20H100464_012126_050000.bin,Pine Island,GTMNERR,0,36.123,0,22.82,0,2.165,0,97.4,0,8.91,0,109.83,36.8,7.77,0,-70.7,5.73,12.985,0,3.94,0,1.189,2.08,0,8.07
1/22/2026,5:30, ,gtmpiwq_20H100464_012126_050000.bin,Pine Island,GTMNERR,0,36.063,0,22.78,0,2.158,0,97.1,0,8.88,0,109.48,36.68,7.77,0,-70.6,5.74,12.988,0,3.5,0,1.193,1.85,0,7.16
1/22/2026,5:45, ,gtmpiwq_20H100464_012126_050000.bin,Pine Island,GTMNERR,0,36.033,0,22.76,0,2.192,0,96.3,0,8.8,0,108.12,36.23,7.76,0,-70.4,5.73,12.99,0,3.32,0,1.194,2.06,0,7.99
1/22/2026,6:00, ,gtmpiwq_20H100464_012126_050000.bin,Pine Island,GTMNERR,0,36.303,0,22.94,0,2.258,0,97.4,0,8.89,0,109.13,36.57,7.77,0,-70.6,5.74,12.985,0,4.65,0,1.199,2.03,0,7.87
1/22/2026,6:15, ,gtmpiwq_20H100464_012126_050000.bin,Pine Island,GTMNERR,0,37.64,0,23.88,0,2.35,0,97.7,0,8.88,0,102.45,34.34,7.79,0,-71.9,5.74,12.962,0,4.29,0,1.189,1.98,0,7.68
1/22/2026,6:30, ,gtmpiwq_20H100464_012126_050000.bin,Pine Island,GTMNERR,0,37.333,0,23.66,0,2.456,0,97.9,0,8.91,0,103.59,34.72,7.78,0,-71.6,5.73,12.963,0,4.72,0,1.196,1.85,0,7.16
1/22/2026,6:45, ,gtmpiwq_20H100464_012126_050000.bin,Pine Island,GTMNERR,0,37.334,0,23.66,0,2.554,0,98.2,0,8.94,0,103.91,34.83,7.79,0,-71.8,5.74,12.961,0,4.7,0,1.195,1.85,0,7.14
1/22/2026,7:00, ,gtmpiwq_20H100464_012126_050000.bin,Pine Island,GTMNERR,0,37.736,0,23.94,0,2.651,0,98.4,0,8.94,0,102.32,34.29,7.79,0,-72.2,5.73,12.947,0,4.39,0,1.184,1.82,0,7.03
1/22/2026,7:15, ,gtmpiwq_20H100464_012126_050000.bin,Pine Island,GTMNERR,0,38.111,0,24.2,0,2.734,0,98.6,0,8.94,0,100.37,33.64,7.8,0,-72.5,5.74,12.943,0,4.39,0,1.188,1.94,0,7.49
1/22/2026,7:30, ,gtmpiwq_20H100464_012126_050000.bin,Pine Island,GTMNERR,0,38.584,0,24.54,0,2.814,0,98.6,0,8.93,0,98.28,32.95,7.81,0,-72.9,5.74,12.933,0,3.58,0,1.203,1.93,0,7.49
1/22/2026,7:45, ,gtmpiwq_20H100464_012126_050000.bin,Pine Island,GTMNERR,0,38.936,0,24.78,0,2.898,0,98.7,0,8.93,0,96.78,32.45,7.81,0,-73.2,5.73,12.931,0,3.62,0,1.202,1.8,0,6.96
1/22/2026,8:00, ,gtmpiwq_20H100464_012126_050000.bin,Pine Island,GTMNERR,0,39.216,0,24.98,0,2.969,0,98.8,0,8.92,0,95.2,31.92,7.82,0,-73.5,5.74,12.933,0,3.71,0,1.195,1.86,0,7.18
1/22/2026,8:15, ,gtmpiwq_20H100464_012126_050000.bin,Pine Island,GTMNERR,0,39.431,0,25.13,0,3.036,0,98.5,0,8.89,0,94.12,31.56,7.82,0,-73.5,5.73,12.939,0,3.66,0,1.193,1.77,0,6.83
1/22/2026,8:30, ,gtmpiwq_20H100464_012126_050000.bin,Pine Island,GTMNERR,0,39.724,0,25.34,0,3.102,0,98.4,0,8.86,0,92.64,31.07,7.82,0,-73.6,5.73,12.947,0,3.37,0,1.196,1.86,0,7.18
1/22/2026,8:45, ,gtmpiwq_20H100464_012126_050000.bin,Pine Island,GTMNERR,0,39.889,0,25.45,0,3.164,0,98.8,0,8.89,0,91.77,30.77,7.83,0,-74.1,5.74,12.952,0,3.46,0,1.186,1.64,0,6.3
1/22/2026,9:00, ,gtmpiwq_20H100464_012126_050000.bin,Pine Island,GTMNERR,0,40.157,0,25.64,0,3.217,0,98.7,0,8.87,0,90.21,30.26,7.83,0,-74.2,5.73,12.964,0,3.66,0,1.194,1.64,0,6.29
1/22/2026,9:15, ,gtmpiwq_20H100464_012126_050000.bin,Pine Island,GTMNERR,0,40.437,0,25.84,0,3.276,0,98.7,0,8.85,0,88.41,29.65,7.83,0,-74.3,5.74,12.983,0,3.78,0,1.199,1.73,0,6.65
1/22/2026,9:30, ,gtmpiwq_20H100464_012126_050000.bin,Pine Island,GTMNERR,0,40.615,0,25.97,0,3.336,0,98.9,0,8.87,0,88.17,29.57,7.83,0,-74.5,5.73,13.004,0,3.08,0,1.198,1.67,0,6.45
1/22/2026,9:45, ,gtmpiwq_20H100464_012126_050000.bin,Pine Island,GTMNERR,0,40.811,0,26.11,0,3.4,0,99.2,0,8.88,0,86.92,29.16,7.84,0,-74.8,5.73,13.033,0,2.93,0,1.186,1.65,0,6.36
1/22/2026,10:00, ,gtmpiwq_20H100464_012126_050000.bin,Pine Island,GTMNERR,0,41.029,0,26.26,0,3.461,0,99.3,0,8.87,0,85.69,28.75,7.84,0,-75,5.73,13.063,0,2.65,0,1.187,1.82,0,7.03
1/22/2026,10:15, ,gtmpiwq_20H100464_012126_050000.bin,Pine Island,GTMNERR,0,41.261,0,26.42,0,3.522,0,99.5,0,8.88,0,84.17,28.24,7.85,0,-75.3,5.73,13.088,0,2.65,0,1.201,1.77,0,6.84
1/22/2026,10:30, ,gtmpiwq_20H100464_012126_050000.bin,Pine Island,GTMNERR,0,41.737,0,26.76,0,3.579,0,99.8,0,8.87,0,81.18,27.24,7.86,0,-75.8,5.73,13.126,0,2.81,0,1.194,1.87,0,7.23
1/22/2026,10:45, ,gtmpiwq_20H100464_012126_050000.bin,Pine Island,GTMNERR,0,42.067,0,27,0,3.633,0,99.9,0,8.87,0,79.43,26.66,7.86,0,-76.1,5.73,13.151,0,2.73,0,1.195,1.68,0,6.48
1/22/2026,11:00, ,gtmpiwq_20H100464_012126_050000.bin,Pine Island,GTMNERR,0,42.297,0,27.16,0,3.678,0,100.1,0,8.87,0,78,26.18,7.87,0,-76.4,5.73,13.191,0,2.7,0,1.189,1.67,0,6.45
1/22/2026,11:15, ,gtmpiwq_20H100464_012126_050000.bin,Pine Island,GTMNERR,0,42.509,0,27.31,0,3.716,0,100.1,0,8.86,0,76.76,25.76,7.87,0,-76.5,5.73,13.202,0,2.77,0,1.194,1.63,0,6.28
1/22/2026,11:30, ,gtmpiwq_20H100464_012126_050000.bin,Pine Island,GTMNERR,0,42.667,0,27.43,0,3.749,0,100.2,0,8.86,0,75.45,25.33,7.87,0,-76.7,5.73,13.236,0,2.37,0,1.203,1.83,0,7.08
1/22/2026,11:45, ,gtmpiwq_20H100464_012126_050000.bin,Pine Island,GTMNERR,0,42.864,0,27.57,0,3.777,0,100.2,0,8.84,0,74.24,24.92,7.87,0,-76.9,5.73,13.254,0,2.44,0,1.188,1.75,0,6.73
1/22/2026,12:00, ,gtmpiwq_20H100464_012126_050000.bin,Pine Island,GTMNERR,0,43.151,0,27.77,0,3.797,0,100.4,0,8.84,0,72.66,24.4,7.88,0,-77.2,5.72,13.281,0,2.39,0,1.201,1.76,0,6.78
1/22/2026,12:15, ,gtmpiwq_20H100464_012126_050000.bin,Pine Island,GTMNERR,0,43.335,0,27.9,0,3.804,0,100.3,0,8.83,0,70.81,23.78,7.88,0,-77.3,5.73,13.286,0,2.51,0,1.197,2.1,0,8.16
1/22/2026,12:30, ,gtmpiwq_20H100464_012126_050000.bin,Pine Island,GTMNERR,0,43.47,0,28,0,3.8,0,100.2,0,8.81,0,70.07,23.53,7.88,0,-77.3,5.73,13.334,0,2.14,0,1.188,1.66,0,6.4
1/22/2026,12:45, ,gtmpiwq_20H100464_012126_050000.bin,Pine Island,GTMNERR,0,43.531,0,28.05,0,3.776,0,99,0,8.69,0,67.81,22.78,7.88,0,-77.2,5.72,13.368,0,2.92,0,1.186,3.91,0,15.41
1/22/2026,13:00, ,gtmpiwq_20H100464_012126_050000.bin,Pine Island,GTMNERR,0,43.411,0,27.96,0,3.732,0,100.2,0,8.81,0,68.66,23.06,7.88,0,-77.5,5.73,13.355,0,2.18,0,1.192,1.86,0,7.19
1/22/2026,13:15, ,gtmpiwq_20H100464_012126_050000.bin,Pine Island,GTMNERR,0,43.112,0,27.75,0,3.678,0,100.4,0,8.84,0,72.37,24.3,7.88,0,-77.3,5.72,13.307,0,2.29,0,1.196,1.73,0,6.66
1/22/2026,13:30, ,gtmpiwq_20H100464_012126_050000.bin,Pine Island,GTMNERR,0,42.733,0,27.48,0,3.615,0,101.4,0,8.94,0,74.65,25.06,7.88,0,-77.3,5.72,13.363,0,2.44,0,1.2,1.62,0,6.24
1/22/2026,13:45, ,gtmpiwq_20H100464_012126_050000.bin,Pine Island,GTMNERR,0,42.433,0,27.26,0,3.551,0,101.5,0,8.95,0,76.38,25.64,7.87,0,-77,5.73,13.38,0,2.33,0,1.195,1.65,0,6.35
1/22/2026,14:00, ,gtmpiwq_20H100464_012126_050000.bin,Pine Island,GTMNERR,0,41.956,0,26.93,0,3.478,0,101.7,0,8.98,0,79.19,26.58,7.87,0,-76.6,5.72,13.411,0,2.8,0,1.197,1.65,0,6.36
1/22/2026,14:15, ,gtmpiwq_20H100464_012126_050000.bin,Pine Island,GTMNERR,0,41.345,0,26.49,0,3.405,0,101.8,0,9.01,0,82.77,27.77,7.86,0,-76.1,5.73,13.454,0,2.63,0,1.193,1.65,0,6.37
1/22/2026,14:30, ,gtmpiwq_20H100464_012126_050000.bin,Pine Island,GTMNERR,0,40.711,0,26.05,0,3.335,0,102.3,0,9.05,0,85.97,28.84,7.85,0,-75.6,5.72,13.567,0,3.45,0,1.187,1.73,0,6.67
1/22/2026,14:45, ,gtmpiwq_20H100464_012126_050000.bin,Pine Island,GTMNERR,0,40.292,0,25.75,0,3.256,0,102.8,0,9.1,0,87.92,29.49,7.85,0,-75.4,5.72,13.65,0,3.22,0,1.194,1.8,0,6.93
1/22/2026,15:00, ,gtmpiwq_20H100464_012126_050000.bin,Pine Island,GTMNERR,0,40.285,0,25.75,0,3.178,0,102.4,0,9.09,0,88.17,29.57,7.84,0,-75.3,5.73,13.544,0,3.45,0,1.193,1.77,0,6.84
1/22/2026,15:15, ,gtmpiwq_20H100464_012126_050000.bin,Pine Island,GTMNERR,0,39.956,0,25.52,0,3.098,0,102.7,0,9.11,0,89.78,30.11,7.84,0,-75.2,5.72,13.612,0,3.48,0,1.185,1.8,0,6.95
1/22/2026,15:30, ,gtmpiwq_20H100464_012126_050000.bin,Pine Island,GTMNERR,0,39.69,0,25.33,0,3.01,0,103.1,0,9.14,0,90.91,30.49,7.84,0,-75,5.73,13.69,0,3.73,0,1.195,1.93,0,7.45
1/22/2026,15:45, ,gtmpiwq_20H100464_012126_050000.bin,Pine Island,GTMNERR,0,39.374,0,25.11,0,2.918,0,103.3,0,9.16,0,92.28,30.94,7.83,0,-74.7,5.72,13.761,0,3.82,0,1.195,1.87,0,7.23
1/22/2026,16:00, ,gtmpiwq_20H100464_012126_050000.bin,Pine Island,GTMNERR,0,38.971,0,24.83,0,2.819,0,103.5,0,9.18,0,94.38,31.65,7.83,0,-74.4,5.72,13.825,0,3.67,0,1.185,1.9,0,7.35
1/22/2026,16:15, ,gtmpiwq_20H100464_012126_050000.bin,Pine Island,GTMNERR,0,38.548,0,24.53,0,2.716,0,103.9,0,9.22,0,96.33,32.3,7.82,0,-74.2,5.73,13.944,0,3.95,0,1.194,1.93,0,7.45
1/22/2026,16:30, ,gtmpiwq_20H100464_012126_050000.bin,Pine Island,GTMNERR,0,38.083,0,24.21,0,2.606,0,104.8,0,9.27,0,98.09,32.88,7.82,0,-73.8,5.72,14.131,0,4.37,0,1.197,1.91,0,7.41
1/22/2026,16:45, ,gtmpiwq_20H100464_012126_050000.bin,Pine Island,GTMNERR,0,37.64,0,23.9,0,2.508,0,105.3,0,9.29,0,99.59,33.38,7.81,0,-73.5,5.73,14.334,0,4.79,0,1.202,1.91,0,7.39
1/22/2026,17:00, ,gtmpiwq_20H100464_012126_050000.bin,Pine Island,GTMNERR,0,37.238,0,23.62,0,2.41,0,105.5,0,9.31,0,101.33,33.96,7.8,0,-73,5.72,14.455,0,4.92,0,1.194,2.07,0,8.02
1/22/2026,17:15, ,gtmpiwq_20H100464_012126_050000.bin,Pine Island,GTMNERR,0,36.865,0,23.36,0,2.319,0,105.8,0,9.33,0,103.15,34.57,7.8,0,-72.8,5.72,14.523,0,4.81,0,1.189,2,0,7.74
1/22/2026,17:30, ,gtmpiwq_20H100464_012126_050000.bin,Pine Island,GTMNERR,0,36.603,0,23.18,0,2.243,0,106,0,9.35,0,104.18,34.92,7.8,0,-72.7,5.73,14.614,0,4.96,0,1.187,2.15,0,8.35
1/22/2026,17:45, ,gtmpiwq_20H100464_012126_050000.bin,Pine Island,GTMNERR,0,36.353,0,23.01,0,2.187,0,105.1,0,9.27,0,105.04,35.2,7.79,0,-72.3,5.72,14.647,0,5.42,0,1.188,2.22,0,8.65
1/22/2026,18:00, ,gtmpiwq_20H100464_012126_050000.bin,Pine Island,GTMNERR,0,36.208,0,22.91,0,2.16,0,105.9,0,9.34,0,106.18,35.58,7.79,0,-72.2,5.73,14.655,0,4.24,0,1.187,2.5,0,9.76
1/22/2026,18:15, ,gtmpiwq_20H100464_012126_050000.bin,Pine Island,GTMNERR,0,36.126,0,22.85,0,2.161,0,105.4,0,9.3,0,106.19,35.58,7.78,0,-72,5.72,14.67,0,4.27,0,1.184,2.38,0,9.26
1/22/2026,18:30, ,gtmpiwq_20H100464_012126_050000.bin,Pine Island,GTMNERR,0,36.093,0,22.83,0,2.203,0,105.8,0,9.33,0,106.14,35.57,7.79,0,-72,5.72,14.677,0,3.48,0,1.188,2.72,0,10.65
1/22/2026,18:45, ,gtmpiwq_20H100464_012126_050000.bin,Pine Island,GTMNERR,0,36.666,0,23.23,0,2.273,0,106.7,0,9.38,0,104.47,35.01,7.79,0,-72.6,5.72,14.766,0,4.23,0,1.195,2.67,0,10.45
1/22/2026,19:00, ,gtmpiwq_20H100464_012126_050000.bin,Pine Island,GTMNERR,0,37.628,0,23.9,0,2.369,0,107.2,0,9.39,0,99.04,33.2,7.81,0,-73.6,5.71,14.745,0,4.52,0,1.193,2.72,0,10.65
1/22/2026,19:15, ,gtmpiwq_20H100464_012126_050000.bin,Pine Island,GTMNERR,0,37.31,0,23.68,0,2.469,0,106.8,0,9.37,0,101.12,33.89,7.81,0,-73.2,5.73,14.7,0,4.89,0,1.185,2.49,0,9.73
1/22/2026,19:30, ,gtmpiwq_20H100464_012126_050000.bin,Pine Island,GTMNERR,0,37.472,0,23.79,0,2.567,0,106.3,0,9.34,0,100.69,33.75,7.81,0,-73.1,5.72,14.59,0,4.82,0,1.189,2.43,0,9.48
1/22/2026,19:45, ,gtmpiwq_20H100464_012126_050000.bin,Pine Island,GTMNERR,0,37.843,0,24.05,0,2.657,0,106.1,0,9.33,0,99.19,33.25,7.81,0,-73.5,5.72,14.527,0,4.42,0,1.203,2.45,0,9.56
1/22/2026,20:00, ,gtmpiwq_20H100464_012126_050000.bin,Pine Island,GTMNERR,0,38.275,0,24.35,0,2.74,0,105.9,0,9.31,0,97.25,32.6,7.82,0,-73.8,5.73,14.452,0,4.58,0,1.192,2.45,0,9.56
1/22/2026,20:15, ,gtmpiwq_20H100464_012126_050000.bin,Pine Island,GTMNERR,0,38.902,0,24.79,0,2.82,0,105.6,0,9.27,0,94.8,31.79,7.82,0,-74.2,5.71,14.367,0,3.39,0,1.188,2.27,0,8.85
1/22/2026,20:30, ,gtmpiwq_20H100464_012126_050000.bin,Pine Island,GTMNERR,0,39.095,0,24.92,0,2.897,0,105.3,0,9.25,0,94.03,31.53,7.83,0,-74.4,5.72,14.278,0,3.5,0,1.185,2.37,0,9.26
1/22/2026,20:45, ,gtmpiwq_20H100464_012126_050000.bin,Pine Island,GTMNERR,0,39.446,0,25.17,0,2.966,0,105.3,0,9.23,0,92.45,31,7.83,0,-74.6,5.71,14.305,0,3.45,0,1.19,2.42,0,9.44
1/22/2026,21:00, ,gtmpiwq_20H100464_012126_050000.bin,Pine Island,GTMNERR,0,39.767,0,25.4,0,3.034,0,105.4,0,9.2,0,90.51,30.35,7.83,0,-74.7,5.71,14.421,0,3.71,0,1.193,2.33,0,9.08
1/22/2026,21:15, ,gtmpiwq_20H100464_012126_050000.bin,Pine Island,GTMNERR,0,39.945,0,25.52,0,3.095,0,105.2,0,9.2,0,89.56,30.04,7.84,0,-74.9,5.72,14.326,0,3.42,0,1.189,2.62,0,10.22
1/22/2026,21:30, ,gtmpiwq_20H100464_012126_050000.bin,Pine Island,GTMNERR,0,40.16,0,25.67,0,3.155,0,105.1,0,9.19,0,88.57,29.71,7.84,0,-75.1,5.71,14.272,0,3.74,0,1.195,2.41,0,9.41
1/22/2026,21:45, ,gtmpiwq_20H100464_012126_050000.bin,Pine Island,GTMNERR,0,40.493,0,25.91,0,3.213,0,105.1,0,9.17,0,86.68,29.08,7.84,0,-75.3,5.72,14.324,0,3.3,0,1.187,2.26,0,8.8
1/22/2026,22:00, ,gtmpiwq_20H100464_012126_050000.bin,Pine Island,GTMNERR,0,40.635,0,26.01,0,3.272,0,105,0,9.16,0,85.65,28.73,7.85,0,-75.5,5.71,14.321,0,3.45,0,1.188,2.45,0,9.54
1/22/2026,22:15, ,gtmpiwq_20H100464_012126_050000.bin,Pine Island,GTMNERR,0,40.744,0,26.09,0,3.328,0,105,0,9.15,0,85.24,28.6,7.85,0,-75.6,5.71,14.31,0,3.22,0,1.201,2.25,0,8.77
1/22/2026,22:30, ,gtmpiwq_20H100464_012126_050000.bin,Pine Island,GTMNERR,0,40.904,0,26.2,0,3.388,0,105,0,9.15,0,84.54,28.36,7.85,0,-75.7,5.72,14.299,0,3.04,0,1.203,2.29,0,8.94
1/22/2026,22:45, ,gtmpiwq_20H100464_012126_050000.bin,Pine Island,GTMNERR,0,41.179,0,26.4,0,3.443,0,105,0,9.14,0,82.87,27.8,7.86,0,-76,5.71,14.299,0,3.12,0,1.192,2.25,0,8.75
1/22/2026,23:00, ,gtmpiwq_20H100464_012126_050000.bin,Pine Island,GTMNERR,0,41.546,0,26.66,0,3.495,0,105,0,9.13,0,80.89,27.14,7.86,0,-76.3,5.71,14.289,0,2.77,0,1.184,2.37,0,9.24
1/22/2026,23:15, ,gtmpiwq_20H100464_012126_050000.bin,Pine Island,GTMNERR,0,41.796,0,26.83,0,3.545,0,105,0,9.11,0,79.44,26.66,7.86,0,-76.6,5.71,14.308,0,2.95,0,1.192,2.23,0,8.68
1/22/2026,23:30, ,gtmpiwq_20H100464_012126_050000.bin,Pine Island,GTMNERR,0,42.07,0,27.03,0,3.589,0,105,0,9.1,0,77.89,26.14,7.87,0,-76.8,5.71,14.306,0,3.38,0,1.2,2.3,0,8.94
1/22/2026,23:45, ,gtmpiwq_20H100464_012126_050000.bin,Pine Island,GTMNERR,0,42.27,0,27.17,0,3.629,0,105,0,9.09,0,76.91,25.82,7.87,0,-76.9,5.71,14.324,0,2.52,0,1.188,2.33,0,9.09
1/23/2026,0:00, ,gtmpiwq_20H100464_012126_050000.bin,Pine Island,GTMNERR,0,42.496,0,27.33,0,3.66,0,104.8,0,9.06,0,75.01,25.18,7.87,0,-77.1,5.71,14.322,0,2.67,0,1.197,2.25,0,8.74
1/23/2026,0:15, ,gtmpiwq_20H100464_012126_050000.bin,Pine Island,GTMNERR,0,42.67,0,27.46,0,3.682,0,104.8,0,9.05,0,74.27,24.94,7.88,0,-77.2,5.72,14.334,0,2.44,0,1.188,2.32,0,9.02
1/23/2026,0:30, ,gtmpiwq_20H100464_012126_050000.bin,Pine Island,GTMNERR,0,42.766,0,27.52,0,3.695,0,104.5,0,9.02,0,73.53,24.69,7.88,0,-77.2,5.71,14.341,0,2.4,0,1.192,2.23,0,8.69
1/23/2026,0:45, ,gtmpiwq_20H100464_012126_050000.bin,Pine Island,GTMNERR,0,42.789,0,27.54,0,3.697,0,103.3,0,8.92,0,72.88,24.47,7.87,0,-76.9,5.71,14.339,0,2.3,0,1.195,2.23,0,8.67
1/23/2026,1:00, ,gtmpiwq_20H100464_012126_050000.bin,Pine Island,GTMNERR,0,42.838,0,27.58,0,3.683,0,102.1,0,8.81,0,71.52,24.02,7.87,0,-76.7,5.71,14.344,0,2.43,0,1.187,2.06,0,7.98
1/23/2026,1:15, ,gtmpiwq_20H100464_012126_050000.bin,Pine Island,GTMNERR,0,42.828,0,27.57,0,3.651,0,102.6,0,8.86,0,67.65,22.73,7.87,0,-76.8,5.7,14.349,0,2.19,0,1.197,2.26,0,8.78
1/23/2026,1:30, ,gtmpiwq_20H100464_012126_050000.bin,Pine Island,GTMNERR,0,42.654,0,27.44,0,3.6,0,104,0,8.98,0,73.57,24.7,7.87,0,-77.1,5.71,14.344,0,2.32,0,1.188,2.02,0,7.85
1/23/2026,1:45, ,gtmpiwq_20H100464_012126_050000.bin,Pine Island,GTMNERR,0,42.424,0,27.28,0,3.536,0,103.9,0,8.99,0,75.55,25.36,7.87,0,-76.8,5.71,14.329,0,2.55,0,1.188,1.92,0,7.45
1/23/2026,2:00, ,gtmpiwq_20H100464_012126_050000.bin,Pine Island,GTMNERR,0,42.057,0,27.02,0,3.468,0,104.1,0,9.03,0,78.1,26.21,7.86,0,-76.6,5.7,14.3,0,2.67,0,1.188,1.9,0,7.33
1/23/2026,2:15, ,gtmpiwq_20H100464_012126_050000.bin,Pine Island,GTMNERR,0,41.563,0,26.67,0,3.4,0,104.1,0,9.04,0,80.8,27.11,7.86,0,-76.1,5.71,14.308,0,2.8,0,1.189,1.9,0,7.34
1/23/2026,2:30, ,gtmpiwq_20H100464_012126_050000.bin,Pine Island,GTMNERR,0,41.09,0,26.33,0,3.329,0,104,0,9.05,0,83.29,27.94,7.85,0,-75.7,5.7,14.314,0,3.09,0,1.196,1.91,0,7.4
1/23/2026,2:45, ,gtmpiwq_20H100464_012126_050000.bin,Pine Island,GTMNERR,0,40.473,0,25.9,0,3.257,0,103.6,0,9.03,0,86.72,29.09,7.84,0,-75.1,5.71,14.328,0,3.44,0,1.194,1.82,0,7.01
1/23/2026,3:00, ,gtmpiwq_20H100464_012126_050000.bin,Pine Island,GTMNERR,0,40.34,0,25.8,0,3.18,0,103.6,0,9.04,0,87.57,29.37,7.84,0,-74.8,5.7,14.311,0,3.25,0,1.194,1.94,0,7.5
1/23/2026,3:15, ,gtmpiwq_20H100464_012126_050000.bin,Pine Island,GTMNERR,0,40.156,0,25.67,0,3.1,0,103.6,0,9.05,0,88.42,29.66,7.83,0,-74.7,5.71,14.329,0,3.4,0,1.195,1.94,0,7.52
1/23/2026,3:30, ,gtmpiwq_20H100464_012126_050000.bin,Pine Island,GTMNERR,0,39.917,0,25.5,0,3.019,0,103.5,0,9.05,0,89.67,30.07,7.83,0,-74.5,5.71,14.327,0,3.68,0,1.193,1.9,0,7.35
1/23/2026,3:45, ,gtmpiwq_20H100464_012126_050000.bin,Pine Island,GTMNERR,0,39.638,0,25.31,0,2.928,0,103.4,0,9.05,0,91.02,30.52,7.82,0,-74.1,5.7,14.329,0,4.08,0,1.186,1.91,0,7.38
1/23/2026,4:00, ,gtmpiwq_20H100464_012126_050000.bin,Pine Island,GTMNERR,0,39.368,0,25.12,0,2.838,0,103.1,0,9.04,0,92.44,31,7.82,0,-73.9,5.71,14.323,0,3.91,0,1.185,1.94,0,7.52
1/23/2026,4:15, ,gtmpiwq_20H100464_012126_050000.bin,Pine Island,GTMNERR,0,39.012,0,24.87,0,2.74,0,102.8,0,9.02,0,94.38,31.65,7.81,0,-73.5,5.7,14.323,0,4,0,1.194,1.94,0,7.5
1/23/2026,4:30, ,gtmpiwq_20H100464_012126_050000.bin,Pine Island,GTMNERR,0,38.597,0,24.57,0,2.643,0,102.1,0,8.98,0,96.4,32.32,7.8,0,-72.8,5.7,14.31,0,4.15,0,1.193,1.93,0,7.46
1/23/2026,4:45, ,gtmpiwq_20H100464_012126_050000.bin,Pine Island,GTMNERR,0,38.199,0,24.29,0,2.546,0,101.4,0,8.93,0,98.15,32.9,7.79,0,-72.1,5.7,14.302,0,4.79,0,1.187,1.9,0,7.36
1/23/2026,5:00, ,gtmpiwq_20H100464_012126_050000.bin,Pine Island,GTMNERR,0,37.847,0,24.05,0,2.452,0,100.8,0,8.89,0,100.02,33.53,7.78,0,-71.4,5.7,14.305,0,4.88,0,1.19,1.93,0,7.47
1/23/2026,5:15, ,gtmpiwq_20H100464_012126_050000.bin,Pine Island,GTMNERR,0,37.499,0,23.8,0,2.366,0,100.4,0,8.87,0,101.54,34.03,7.77,0,-70.9,5.7,14.321,0,4.97,0,1.195,1.9,0,7.34
1/23/2026,5:30, ,gtmpiwq_20H100464_012126_050000.bin,Pine Island,GTMNERR,0,37.211,0,23.6,0,2.288,0,100.1,0,8.85,0,102.76,34.44,7.76,0,-70.6,5.7,14.338,0,5.22,0,1.192,1.92,0,7.45
1/23/2026,5:45, ,gtmpiwq_20H100464_012126_050000.bin,Pine Island,GTMNERR,0,37.004,0,23.46,0,2.226,0,99.8,0,8.83,0,103.76,34.78,7.76,0,-70.2,5.7,14.354,0,4.8,0,1.185,1.91,0,7.41
1/23/2026,6:00, ,gtmpiwq_20H100464_012126_050000.bin,Pine Island,GTMNERR,0,36.802,0,23.32,0,2.188,0,99.6,0,8.82,0,104.95,35.17,7.75,0,-70,5.7,14.366,0,5.39,0,1.186,2.3,0,8.97
1/23/2026,6:15, ,gtmpiwq_20H100464_012126_050000.bin,Pine Island,GTMNERR,0,36.685,0,23.24,0,2.18,0,99.4,0,8.8,0,105.34,35.3,7.75,0,-69.8,5.7,14.372,0,3.89,0,1.199,2.31,0,9
1/23/2026,6:30, ,gtmpiwq_20H100464_012126_050000.bin,Pine Island,GTMNERR,0,36.628,0,23.2,0,2.217,0,98.2,0,8.7,0,104.67,35.08,7.74,0,-69.4,5.71,14.373,0,3.83,0,1.202,2.01,0,7.81
1/23/2026,6:45, ,gtmpiwq_20H100464_012126_050000.bin,Pine Island,GTMNERR,0,36.646,0,23.21,0,2.267,0,99.4,0,8.81,0,106.05,35.54,7.74,0,-69.5,5.7,14.372,0,3.77,0,1.19,1.99,0,7.7
1/23/2026,7:00, ,gtmpiwq_20H100464_012126_050000.bin,Pine Island,GTMNERR,0,37.851,0,24.05,0,2.335,0,99.3,0,8.77,0,100.42,33.66,7.76,0,-70.6,5.7,14.253,0,4.06,0,1.188,2.17,0,8.43
1/23/2026,7:15, ,gtmpiwq_20H100464_012126_050000.bin,Pine Island,GTMNERR,0,37.996,0,24.15,0,2.417,0,99.7,0,8.8,0,99.49,33.35,7.77,0,-70.9,5.7,14.261,0,4.05,0,1.192,2.04,0,7.9
1/23/2026,7:30, ,gtmpiwq_20H100464_012126_050000.bin,Pine Island,GTMNERR,0,37.84,0,24.04,0,2.503,0,100,0,8.83,0,99.86,33.47,7.77,0,-70.9,5.7,14.286,0,4.21,0,1.192,2.06,0,8.01
1/23/2026,7:45, ,gtmpiwq_20H100464_012126_050000.bin,Pine Island,GTMNERR,0,38.049,0,24.19,0,2.588,0,100.2,0,8.85,0,98.76,33.11,7.77,0,-71.1,5.7,14.264,0,5.42,0,1.188,1.97,0,7.63
1/23/2026,8:00, ,gtmpiwq_20H100464_012126_050000.bin,Pine Island,GTMNERR,0,38.313,0,24.37,0,2.671,0,100.2,0,8.84,0,98.12,32.89,7.78,0,-71.4,5.7,14.228,0,4.38,0,1.187,1.93,0,7.46
1/23/2026,8:15, ,gtmpiwq_20H100464_012126_050000.bin,Pine Island,GTMNERR,0,38.618,0,24.59,0,2.753,0,100.5,0,8.86,0,96.23,32.26,7.78,0,-71.9,5.7,14.227,0,3.86,0,1.198,2.15,0,8.35
1/23/2026,8:30, ,gtmpiwq_20H100464_012126_050000.bin,Pine Island,GTMNERR,0,39.115,0,24.94,0,2.829,0,100.4,0,8.84,0,94.06,31.54,7.79,0,-72.3,5.7,14.174,0,3.17,0,1.187,1.98,0,7.68
1/23/2026,8:45, ,gtmpiwq_20H100464_012126_050000.bin,Pine Island,GTMNERR,0,39.382,0,25.12,0,2.905,0,100.7,0,8.85,0,93.12,31.23,7.8,0,-72.6,5.69,14.176,0,3.28,0,1.187,1.91,0,7.41
1/23/2026,9:00, ,gtmpiwq_20H100464_012126_050000.bin,Pine Island,GTMNERR,0,39.535,0,25.23,0,2.972,0,100.9,0,8.86,0,91.78,30.78,7.8,0,-72.8,5.7,14.183,0,3.72,0,1.195,1.86,0,7.18
1/23/2026,9:15, ,gtmpiwq_20H100464_012126_050000.bin,Pine Island,GTMNERR,0,39.775,0,25.4,0,3.035,0,101,0,8.86,0,90.82,30.46,7.8,0,-73,5.69,14.193,0,3.23,0,1.199,2.13,0,8.27
1/23/2026,9:30, ,gtmpiwq_20H100464_012126_050000.bin,Pine Island,GTMNERR,0,40.042,0,25.59,0,3.1,0,100.6,0,8.82,0,89.18,29.91,7.8,0,-73,5.69,14.184,0,3.31,0,1.196,2.01,0,7.78
1/23/2026,9:45, ,gtmpiwq_20H100464_012126_050000.bin,Pine Island,GTMNERR,0,40.212,0,25.71,0,3.161,0,101.2,0,8.86,0,88.3,29.62,7.81,0,-73.4,5.7,14.208,0,4.13,0,1.187,1.96,0,7.59
1/23/2026,10:00, ,gtmpiwq_20H100464_012126_050000.bin,Pine Island,GTMNERR,0,40.445,0,25.87,0,3.223,0,101.2,0,8.85,0,86.91,29.15,7.81,0,-73.6,5.69,14.223,0,2.96,0,1.188,1.92,0,7.43
1/23/2026,10:15, ,gtmpiwq_20H100464_012126_050000.bin,Pine Island,GTMNERR,0,40.739,0,26.08,0,3.286,0,101.4,0,8.85,0,85.46,28.67,7.82,0,-73.9,5.7,14.252,0,2.85,0,1.198,1.97,0,7.62
1/23/2026,10:30, ,gtmpiwq_20H100464_012126_050000.bin,Pine Island,GTMNERR,0,40.879,0,26.18,0,3.346,0,101.8,0,8.88,0,84.71,28.42,7.82,0,-74.2,5.69,14.271,0,2.78,0,1.195,2.01,0,7.81
1/23/2026,10:45, ,gtmpiwq_20H100464_012126_050000.bin,Pine Island,GTMNERR,0,41.031,0,26.29,0,3.404,0,102,0,8.88,0,83.94,28.16,7.83,0,-74.4,5.69,14.295,0,2.61,0,1.195,1.86,0,7.17
1/23/2026,11:00, ,gtmpiwq_20H100464_012126_050000.bin,Pine Island,GTMNERR,0,41.314,0,26.49,0,3.46,0,102.4,0,8.89,0,81.52,27.35,7.83,0,-74.8,5.7,14.341,0,2.87,0,1.198,1.95,0,7.57
1/23/2026,11:15, ,gtmpiwq_20H100464_012126_050000.bin,Pine Island,GTMNERR,0,41.643,0,26.73,0,3.513,0,102.5,0,8.89,0,79.64,26.73,7.84,0,-75.2,5.69,14.353,0,2.62,0,1.198,1.92,0,7.45
1/23/2026,11:30, ,gtmpiwq_20H100464_012126_050000.bin,Pine Island,GTMNERR,0,41.96,0,26.95,0,3.564,0,102.9,0,8.9,0,78.3,26.28,7.85,0,-75.6,5.7,14.38,0,2.79,0,1.203,1.8,0,6.94
1/23/2026,11:45, ,gtmpiwq_20H100464_012126_050000.bin,Pine Island,GTMNERR,0,42.328,0,27.21,0,3.605,0,102.9,0,8.89,0,76.15,25.56,7.85,0,-75.9,5.69,14.39,0,2.82,0,1.194,1.87,0,7.24
1/23/2026,12:00, ,gtmpiwq_20H100464_012126_050000.bin,Pine Island,GTMNERR,0,42.416,0,27.28,0,3.64,0,103,0,8.89,0,75.06,25.2,7.85,0,-76,5.69,14.418,0,4.18,0,1.194,1.75,0,6.76
1/23/2026,12:15, ,gtmpiwq_20H100464_012126_050000.bin,Pine Island,GTMNERR,0,42.705,0,27.48,0,3.673,0,103.2,0,8.89,0,73.47,24.67,7.86,0,-76.4,5.69,14.475,0,2.49,0,1.193,1.97,0,7.63
1/23/2026,12:30, ,gtmpiwq_20H100464_012126_050000.bin,Pine Island,GTMNERR,0,42.922,0,27.64,0,3.697,0,103.2,0,8.87,0,72.28,24.27,7.86,0,-76.5,5.69,14.503,0,2.15,0,1.194,2.09,0,8.11
1/23/2026,12:45, ,gtmpiwq_20H100464_012126_050000.bin,Pine Island,GTMNERR,0,43.033,0,27.72,0,3.708,0,103.2,0,8.86,0,71.35,23.96,7.87,0,-76.6,5.69,14.54,0,2.24,0,1.185,2.04,0,7.92
1/23/2026,13:00, ,gtmpiwq_20H100464_012126_050000.bin,Pine Island,GTMNERR,0,43.09,0,27.76,0,3.708,0,102.8,0,8.83,0,71.04,23.86,7.86,0,-76.6,5.69,14.536,0,2.03,0,1.187,1.94,0,7.51
1/23/2026,13:15, ,gtmpiwq_20H100464_012126_050000.bin,Pine Island,GTMNERR,0,43.198,0,27.84,0,3.695,0,102.1,0,8.75,0,66.93,22.49,7.86,0,-76.5,5.69,14.567,0,1.98,0,1.194,2.16,0,8.38
1/23/2026,13:30, ,gtmpiwq_20H100464_012126_050000.bin,Pine Island,GTMNERR,0,43.151,0,27.8,0,3.667,0,102.4,0,8.78,0,65.46,22,7.86,0,-76.6,5.69,14.56,0,2.19,0,1.201,2.07,0,8.03
1/23/2026,13:45, ,gtmpiwq_20H100464_012126_050000.bin,Pine Island,GTMNERR,0,43.001,0,27.7,0,3.62,0,103,0,8.84,0,69.93,23.49,7.87,0,-76.8,5.68,14.555,0,2.06,0,1.194,2.11,0,8.19
1/23/2026,14:00, ,gtmpiwq_20H100464_012126_050000.bin,Pine Island,GTMNERR,0,42.806,0,27.56,0,3.562,0,104,0,8.93,0,72.34,24.29,7.87,0,-76.7,5.7,14.569,0,2,0,1.189,1.78,0,6.87
1/23/2026,14:15, ,gtmpiwq_20H100464_012126_050000.bin,Pine Island,GTMNERR,0,42.441,0,27.3,0,3.494,0,104.5,0,8.98,0,75.2,25.25,7.86,0,-76.6,5.68,14.628,0,2.26,0,1.19,1.82,0,7.01
1/23/2026,14:30, ,gtmpiwq_20H100464_012126_050000.bin,Pine Island,GTMNERR,0,41.983,0,26.97,0,3.425,0,104.7,0,9,0,77.92,26.15,7.86,0,-76.2,5.69,14.686,0,2.42,0,1.192,1.8,0,6.95
1/23/2026,14:45, ,gtmpiwq_20H100464_012126_050000.bin,Pine Island,GTMNERR,0,41.421,0,26.57,0,3.356,0,104.6,0,9.02,0,80.83,27.13,7.85,0,-75.6,5.69,14.694,0,2.59,0,1.19,1.87,0,7.23
1/23/2026,15:00, ,gtmpiwq_20H100464_012126_050000.bin,Pine Island,GTMNERR,0,40.754,0,26.1,0,3.286,0,105.4,0,9.09,0,84.07,28.21,7.84,0,-75.1,5.68,14.852,0,3.26,0,1.186,1.89,0,7.33
1/23/2026,15:15, ,gtmpiwq_20H100464_012126_050000.bin,Pine Island,GTMNERR,0,40.34,0,25.81,0,3.211,0,106.3,0,9.15,0,85.71,28.75,7.84,0,-75,5.69,15,0,3.15,0,1.188,2.06,0,8
1/23/2026,15:30, ,gtmpiwq_20H100464_012126_050000.bin,Pine Island,GTMNERR,0,40.287,0,25.77,0,3.137,0,105.8,0,9.13,0,86.69,29.08,7.83,0,-74.7,5.69,14.896,0,3.46,0,1.188,2.08,0,8.08
1/23/2026,15:45, ,gtmpiwq_20H100464_012126_050000.bin,Pine Island,GTMNERR,0,40.09,0,25.64,0,3.057,0,106,0,9.14,0,87.6,29.38,7.83,0,-74.7,5.68,14.939,0,3.71,0,1.191,2.16,0,8.39
1/23/2026,16:00, ,gtmpiwq_20H100464_012126_050000.bin,Pine Island,GTMNERR,0,39.862,0,25.48,0,2.968,0,106.1,0,9.16,0,88.75,29.77,7.83,0,-74.5,5.69,14.973,0,3.26,0,1.2,2.05,0,7.97
1/23/2026,16:15, ,gtmpiwq_20H100464_012126_050000.bin,Pine Island,GTMNERR,0,39.58,0,25.28,0,2.877,0,106.4,0,9.18,0,89.88,30.14,7.82,0,-74.3,5.68,15.051,0,3.63,0,1.191,2.16,0,8.38
1/23/2026,16:30, ,gtmpiwq_20H100464_012126_050000.bin,Pine Island,GTMNERR,0,39.181,0,25,0,2.778,0,106.9,0,9.22,0,91.39,30.65,7.82,0,-74,5.69,15.135,0,4.05,0,1.186,2.33,0,9.1
1/23/2026,16:45, ,gtmpiwq_20H100464_012126_050000.bin,Pine Island,GTMNERR,0,38.749,0,24.69,0,2.676,0,106.9,0,9.22,0,94.02,31.52,7.81,0,-73.7,5.68,15.239,0,3.82,0,1.188,2.2,0,8.55
1/23/2026,17:00, ,gtmpiwq_20H100464_012126_050000.bin,Pine Island,GTMNERR,0,38.371,0,24.43,0,2.572,0,107.1,0,9.23,0,95.58,32.05,7.81,0,-73.3,5.68,15.344,0,4.22,0,1.19,2.2,0,8.56
1/23/2026,17:15, ,gtmpiwq_20H100464_012126_050000.bin,Pine Island,GTMNERR,0,37.969,0,24.15,0,2.462,0,107.2,0,9.22,0,97.19,32.58,7.8,0,-73,5.69,15.518,0,4.35,0,1.19,2.19,0,8.53
1/23/2026,17:30, ,gtmpiwq_20H100464_012126_050000.bin,Pine Island,GTMNERR,0,37.61,0,23.9,0,2.361,0,108.3,0,9.3,0,98.46,33.01,7.79,0,-72.7,5.68,15.708,0,4.78,0,1.192,2.23,0,8.67
1/23/2026,17:45, ,gtmpiwq_20H100464_012126_050000.bin,Pine Island,GTMNERR,0,37.232,0,23.64,0,2.274,0,107.2,0,9.22,0,99.85,33.47,7.79,0,-72.2,5.69,15.737,0,4.91,0,1.186,2.39,0,9.31
1/23/2026,18:00, ,gtmpiwq_20H100464_012126_050000.bin,Pine Island,GTMNERR,0,36.968,0,23.45,0,2.197,0,107.9,0,9.26,0,101.11,33.89,7.78,0,-72,5.68,15.839,0,4.81,0,1.195,2.4,0,9.36
1/23/2026,18:15, ,gtmpiwq_20H100464_012126_050000.bin,Pine Island,GTMNERR,0,36.764,0,23.31,0,2.133,0,108,0,9.27,0,102.06,34.21,7.78,0,-71.7,5.68,15.904,0,4.82,0,1.194,2.61,0,10.18
1/23/2026,18:30, ,gtmpiwq_20H100464_012126_050000.bin,Pine Island,GTMNERR,0,36.592,0,23.19,0,2.095,0,108.1,0,9.28,0,103.13,34.56,7.77,0,-71.5,5.69,15.915,0,4.89,0,1.186,2.65,0,10.34
1/23/2026,18:45, ,gtmpiwq_20H100464_012126_050000.bin,Pine Island,GTMNERR,0,36.507,0,23.13,0,2.097,0,108,0,9.27,0,103.78,34.78,7.77,0,-71.3,5.68,15.946,0,3.47,0,1.187,2.99,0,11.71
1/23/2026,19:00, ,gtmpiwq_20H100464_012126_050000.bin,Pine Island,GTMNERR,0,36.476,0,23.11,0,2.133,0,107.5,0,9.23,0,103.45,34.67,7.77,0,-71.3,5.69,15.948,0,3.63,0,1.194,3.18,0,12.5
1/23/2026,19:15, ,gtmpiwq_20H100464_012126_050000.bin,Pine Island,GTMNERR,0,36.825,0,23.35,0,2.213,0,109.3,0,9.34,0,102.06,34.21,7.77,0,-71.4,5.68,16.112,0,4.49,0,1.194,2.56,0,10.01
1/23/2026,19:30, ,gtmpiwq_20H100464_012126_050000.bin,Pine Island,GTMNERR,0,37.813,0,24.05,0,2.308,0,109.6,0,9.34,0,97,32.52,7.8,0,-72.8,5.68,15.99,0,5.2,0,1.195,3.12,0,12.26
1/23/2026,19:45, ,gtmpiwq_20H100464_012126_050000.bin,Pine Island,GTMNERR,0,37.6,0,23.9,0,2.414,0,109.3,0,9.33,0,98.12,32.89,7.79,0,-72.5,5.69,15.949,0,5.5,0,1.192,2.86,0,11.21
1/23/2026,20:00, ,gtmpiwq_20H100464_012126_050000.bin,Pine Island,GTMNERR,0,37.751,0,24,0,2.508,0,108.8,0,9.31,0,97.75,32.77,7.79,0,-72.5,5.68,15.864,0,5.13,0,1.202,2.72,0,10.64
1/23/2026,20:15, ,gtmpiwq_20H100464_012126_050000.bin,Pine Island,GTMNERR,0,38.057,0,24.21,0,2.597,0,108.5,0,9.29,0,96.92,32.49,7.8,0,-72.8,5.69,15.754,0,4.09,0,1.192,2.85,0,11.18
1/23/2026,20:30, ,gtmpiwq_20H100464_012126_050000.bin,Pine Island,GTMNERR,0,38.42,0,24.47,0,2.678,0,108.2,0,9.27,0,95.22,31.92,7.8,0,-72.9,5.68,15.652,0,4.28,0,1.193,2.77,0,10.84
1/23/2026,20:45, ,gtmpiwq_20H100464_012126_050000.bin,Pine Island,GTMNERR,0,38.996,0,24.87,0,2.754,0,108.1,0,9.25,0,92.72,31.09,7.81,0,-73.6,5.68,15.592,0,3.6,0,1.194,2.59,0,10.13
1/23/2026,21:00, ,gtmpiwq_20H100464_012126_050000.bin,Pine Island,GTMNERR,0,39.185,0,25.01,0,2.824,0,107.9,0,9.23,0,92.04,30.87,7.81,0,-73.8,5.69,15.528,0,3.74,0,1.192,2.51,0,9.79
1/23/2026,21:15, ,gtmpiwq_20H100464_012126_050000.bin,Pine Island,GTMNERR,0,39.387,0,25.15,0,2.896,0,107.7,0,9.21,0,90.85,30.47,7.82,0,-73.9,5.68,15.489,0,3.31,0,1.199,2.64,0,10.34
1/23/2026,21:30, ,gtmpiwq_20H100464_012126_050000.bin,Pine Island,GTMNERR,0,39.66,0,25.34,0,2.959,0,107.6,0,9.18,0,89.2,29.92,7.82,0,-73.9,5.68,15.563,0,3.41,0,1.192,2.74,0,10.74
1/23/2026,21:45, ,gtmpiwq_20H100464_012126_050000.bin,Pine Island,GTMNERR,0,39.873,0,25.49,0,3.024,0,107.5,0,9.17,0,88.34,29.63,7.82,0,-74.1,5.68,15.572,0,3.51,0,1.2,2.58,0,10.09
1/23/2026,22:00, ,gtmpiwq_20H100464_012126_050000.bin,Pine Island,GTMNERR,0,40.079,0,25.64,0,3.084,0,107.4,0,9.17,0,87.17,29.24,7.82,0,-74.4,5.68,15.479,0,3.61,0,1.193,2.67,0,10.44
1/23/2026,22:15, ,gtmpiwq_20H100464_012126_050000.bin,Pine Island,GTMNERR,0,40.282,0,25.78,0,3.146,0,107.3,0,9.15,0,86.08,28.88,7.83,0,-74.5,5.68,15.465,0,3.42,0,1.185,2.7,0,10.56
1/23/2026,22:30, ,gtmpiwq_20H100464_012126_050000.bin,Pine Island,GTMNERR,0,40.62,0,26.02,0,3.207,0,107.4,0,9.14,0,84.45,28.33,7.83,0,-74.8,5.68,15.514,0,3.4,0,1.186,2.52,0,9.82
1/23/2026,22:45, ,gtmpiwq_20H100464_012126_050000.bin,Pine Island,GTMNERR,0,40.757,0,26.12,0,3.272,0,107.4,0,9.13,0,83.86,28.14,7.83,0,-74.9,5.68,15.518,0,3.08,0,1.196,2.44,0,9.54
1/23/2026,23:00, ,gtmpiwq_20H100464_012126_050000.bin,Pine Island,GTMNERR,0,40.878,0,26.2,0,3.334,0,107.4,0,9.13,0,82.96,27.84,7.84,0,-75.1,5.68,15.506,0,3.16,0,1.198,2.42,0,9.44
1/23/2026,23:15, ,gtmpiwq_20H100464_012126_050000.bin,Pine Island,GTMNERR,0,41.035,0,26.31,0,3.394,0,107.3,0,9.12,0,82.19,27.58,7.84,0,-75.3,5.68,15.495,0,2.95,0,1.19,2.51,0,9.81
1/23/2026,23:30, ,gtmpiwq_20H100464_012126_050000.bin,Pine Island,GTMNERR,0,41.361,0,26.54,0,3.46,0,107.2,0,9.1,0,80.35,26.96,7.84,0,-75.4,5.68,15.472,0,2.92,0,1.192,2.35,0,9.17
1/23/2026,23:45, ,gtmpiwq_20H100464_012126_050000.bin,Pine Island,GTMNERR,0,41.729,0,26.81,0,3.521,0,107.1,0,9.08,0,78.59,26.38,7.85,0,-75.8,5.67,15.45,0,2.95,0,1.198,2.35,0,9.15
1/24/2026,0:00, ,gtmpiwq_20H100464_012126_050000.bin,Pine Island,GTMNERR,0,42.113,0,27.08,0,3.574,0,106.9,0,9.05,0,76.36,25.63,7.85,0,-76.2,5.68,15.437,0,2.9,0,1.197,2.25,0,8.74
1/24/2026,0:15, ,gtmpiwq_20H100464_012126_050000.bin,Pine Island,GTMNERR,0,42.374,0,27.26,0,3.623,0,106.8,0,9.03,0,74.67,25.07,7.86,0,-76.4,5.67,15.433,0,2.78,0,1.197,2.28,0,8.88
1/24/2026,0:30, ,gtmpiwq_20H100464_012126_050000.bin,Pine Island,GTMNERR,0,42.591,0,27.42,0,3.659,0,106.6,0,9.01,0,73.55,24.7,7.86,0,-76.6,5.67,15.431,0,2.79,0,1.197,2.17,0,8.45
1/24/2026,0:45, ,gtmpiwq_20H100464_012126_050000.bin,Pine Island,GTMNERR,0,42.796,0,27.57,0,3.689,0,106.6,0,8.99,0,71.9,24.15,7.86,0,-76.7,5.68,15.448,0,2.53,0,1.199,2.31,0,8.99
1/24/2026,1:00, ,gtmpiwq_20H100464_012126_050000.bin,Pine Island,GTMNERR,0,42.921,0,27.65,0,3.711,0,106.4,0,8.97,0,71.12,23.88,7.86,0,-76.7,5.67,15.446,0,2.44,0,1.197,1.95,0,7.57
1/24/2026,1:15, ,gtmpiwq_20H100464_012126_050000.bin,Pine Island,GTMNERR,0,43.079,0,27.77,0,3.725,0,105.9,0,8.93,0,70.25,23.59,7.86,0,-76.8,5.68,15.453,0,2.5,0,1.201,2.28,0,8.88
1/24/2026,1:30, ,gtmpiwq_20H100464_012126_050000.bin,Pine Island,GTMNERR,0,43.162,0,27.83,0,3.726,0,104.9,0,8.84,0,69.65,23.39,7.86,0,-76.5,5.67,15.456,0,2.32,0,1.193,2.31,0,9
1/24/2026,1:45, ,gtmpiwq_20H100464_012126_050000.bin,Pine Island,GTMNERR,0,43.125,0,27.8,0,3.708,0,102.3,0,8.62,0,68.23,22.92,7.85,0,-75.8,5.68,15.458,0,2.48,0,1.194,2.32,0,9.02
1/24/2026,2:00, ,gtmpiwq_20H100464_012126_050000.bin,Pine Island,GTMNERR,0,43.032,0,27.73,0,3.673,0,104.5,0,8.8,0,68.18,22.9,7.86,0,-76.7,5.68,15.458,0,2.24,0,1.202,2.34,0,9.12
1/24/2026,2:15, ,gtmpiwq_20H100464_012126_050000.bin,Pine Island,GTMNERR,0,42.838,0,27.6,0,3.619,0,105.3,0,8.89,0,70.17,23.57,7.86,0,-76.7,5.67,15.454,0,2.32,0,1.201,2.05,0,7.93
1/24/2026,2:30, ,gtmpiwq_20H100464_012126_050000.bin,Pine Island,GTMNERR,0,42.676,0,27.48,0,3.558,0,105.5,0,8.9,0,72.77,24.44,7.86,0,-76.5,5.68,15.446,0,2.79,0,1.202,1.86,0,7.2
1/24/2026,2:45, ,gtmpiwq_20H100464_012126_050000.bin,Pine Island,GTMNERR,0,42.356,0,27.25,0,3.499,0,105.7,0,8.94,0,75,25.18,7.85,0,-76.2,5.67,15.435,0,2.71,0,1.201,1.87,0,7.24
1/24/2026,3:00, ,gtmpiwq_20H100464_012126_050000.bin,Pine Island,GTMNERR,0,41.82,0,26.87,0,3.431,0,105.7,0,8.96,0,78.05,26.2,7.85,0,-75.7,5.67,15.447,0,2.89,0,1.195,1.95,0,7.54
1/24/2026,3:15, ,gtmpiwq_20H100464_012126_050000.bin,Pine Island,GTMNERR,0,41.298,0,26.5,0,3.362,0,105.6,0,8.96,0,80.84,27.13,7.84,0,-75.3,5.68,15.479,0,3.39,0,1.188,2,0,7.76
1/24/2026,3:30, ,gtmpiwq_20H100464_012126_050000.bin,Pine Island,GTMNERR,0,40.701,0,26.08,0,3.298,0,105.3,0,8.96,0,84.28,28.27,7.83,0,-74.5,5.67,15.514,0,3.56,0,1.195,2.02,0,7.82
1/24/2026,3:45, ,gtmpiwq_20H100464_012126_050000.bin,Pine Island,GTMNERR,0,40.563,0,25.98,0,3.226,0,105.3,0,8.96,0,85.08,28.54,7.82,0,-74.4,5.68,15.521,0,3.33,0,1.195,1.99,0,7.73
1/24/2026,4:00, ,gtmpiwq_20H100464_012126_050000.bin,Pine Island,GTMNERR,0,40.317,0,25.8,0,3.155,0,105.3,0,8.97,0,86.19,28.91,7.82,0,-74.1,5.67,15.532,0,3.64,0,1.198,2.07,0,8.03
1/24/2026,4:15, ,gtmpiwq_20H100464_012126_050000.bin,Pine Island,GTMNERR,0,40.088,0,25.64,0,3.082,0,105.1,0,8.96,0,87.49,29.35,7.82,0,-73.9,5.67,15.53,0,3.69,0,1.194,2.04,0,7.92
1/24/2026,4:30, ,gtmpiwq_20H100464_012126_050000.bin,Pine Island,GTMNERR,0,39.846,0,25.47,0,3.006,0,104.8,0,8.95,0,88.84,29.8,7.81,0,-73.6,5.67,15.527,0,3.59,0,1.19,2.15,0,8.34
1/24/2026,4:45, ,gtmpiwq_20H100464_012126_050000.bin,Pine Island,GTMNERR,0,39.597,0,25.3,0,2.926,0,104.6,0,8.94,0,89.99,30.18,7.81,0,-73.3,5.66,15.524,0,4.09,0,1.197,2.05,0,7.94
1/24/2026,5:00, ,gtmpiwq_20H100464_012126_050000.bin,Pine Island,GTMNERR,0,39.276,0,25.07,0,2.84,0,104.3,0,8.92,0,91.66,30.74,7.8,0,-73,5.67,15.534,0,4.12,0,1.194,2.05,0,7.94
1/24/2026,5:15, ,gtmpiwq_20H100464_012126_050000.bin,Pine Island,GTMNERR,0,38.883,0,24.79,0,2.75,0,103.4,0,8.86,0,93.51,31.35,7.79,0,-72.2,5.67,15.54,0,4.44,0,1.19,2.02,0,7.84
1/24/2026,5:30, ,gtmpiwq_20H100464_012126_050000.bin,Pine Island,GTMNERR,0,38.514,0,24.53,0,2.661,0,102.6,0,8.8,0,95.31,31.96,7.77,0,-71.4,5.67,15.547,0,4.81,0,1.188,2.02,0,7.85
1/24/2026,5:45, ,gtmpiwq_20H100464_012126_050000.bin,Pine Island,GTMNERR,0,38.176,0,24.3,0,2.579,0,102.2,0,8.78,0,96.94,32.5,7.77,0,-71,5.67,15.573,0,5.27,0,1.188,2.08,0,8.06
1/24/2026,6:00, ,gtmpiwq_20H100464_012126_050000.bin,Pine Island,GTMNERR,0,37.85,0,24.07,0,2.501,0,101.6,0,8.73,0,98.33,32.96,7.76,0,-70.4,5.66,15.598,0,5.27,0,1.193,2.05,0,7.97
1/24/2026,6:15, ,gtmpiwq_20H100464_012126_050000.bin,Pine Island,GTMNERR,0,37.549,0,23.86,0,2.429,0,101.1,0,8.7,0,99.58,33.38,7.75,0,-69.8,5.67,15.625,0,5.57,0,1.199,2.05,0,7.94
1/24/2026,6:30, ,gtmpiwq_20H100464_012126_050000.bin,Pine Island,GTMNERR,0,37.281,0,23.67,0,2.373,0,100.5,0,8.66,0,101.13,33.9,7.74,0,-69.3,5.66,15.648,0,5.36,0,1.194,2.28,0,8.86
1/24/2026,6:45, ,gtmpiwq_20H100464_012126_050000.bin,Pine Island,GTMNERR,0,37.079,0,23.53,0,2.33,0,100.3,0,8.64,0,101.99,34.18,7.73,0,-69,5.66,15.663,0,4.63,0,1.187,2.25,0,8.76
1/24/2026,7:00, ,gtmpiwq_20H100464_012126_050000.bin,Pine Island,GTMNERR,0,36.949,0,23.44,0,2.314,0,99.8,0,8.6,0,102.68,34.41,7.73,0,-68.7,5.67,15.674,0,4.08,0,1.187,2.32,0,9.03
1/24/2026,7:15, ,gtmpiwq_20H100464_012126_050000.bin,Pine Island,GTMNERR,0,36.848,0,23.37,0,2.335,0,98.5,0,8.49,0,100.34,33.63,7.72,0,-68.3,5.67,15.683,0,5.02,0,1.187,2.31,0,9
1/24/2026,7:30, ,gtmpiwq_20H100464_012126_050000.bin,Pine Island,GTMNERR,0,36.792,0,23.33,0,2.399,0,100.2,0,8.63,0,100.93,33.83,7.72,0,-68.5,5.67,15.69,0,3.73,0,1.187,2.23,0,8.68
1/24/2026,7:45, ,gtmpiwq_20H100464_012126_050000.bin,Pine Island,GTMNERR,0,38.037,0,24.2,0,2.467,0,100.4,0,8.63,0,98.11,32.89,7.75,0,-69.9,5.66,15.549,0,3.88,0,1.188,2.27,0,8.85
1/24/2026,8:00, ,gtmpiwq_20H100464_012126_050000.bin,Pine Island,GTMNERR,0,38.193,0,24.31,0,2.551,0,100.9,0,8.67,0,96.18,32.25,7.75,0,-70.3,5.66,15.542,0,5.74,0,1.188,2.12,0,8.23
1/24/2026,8:15, ,gtmpiwq_20H100464_012126_050000.bin,Pine Island,GTMNERR,0,38.097,0,24.24,0,2.632,0,101.3,0,8.7,0,97.14,32.57,7.75,0,-70.3,5.67,15.561,0,5.23,0,1.187,2.06,0,7.99
1/24/2026,8:30, ,gtmpiwq_20H100464_012126_050000.bin,Pine Island,GTMNERR,0,38.347,0,24.42,0,2.706,0,101.6,0,8.73,0,95.99,32.18,7.76,0,-70.8,5.66,15.538,0,4.85,0,1.186,1.89,0,7.31
1/24/2026,8:45, ,gtmpiwq_20H100464_012126_050000.bin,Pine Island,GTMNERR,0,38.612,0,24.6,0,2.78,0,101.8,0,8.74,0,95.17,31.91,7.77,0,-71.2,5.67,15.513,0,3.79,0,1.185,1.95,0,7.56
1/24/2026,9:00, ,gtmpiwq_20H100464_012126_050000.bin,Pine Island,GTMNERR,0,38.875,0,24.79,0,2.854,0,102.2,0,8.76,0,93.7,31.42,7.78,0,-71.6,5.66,15.498,0,4.47,0,1.189,2.02,0,7.82
1/24/2026,9:15, ,gtmpiwq_20H100464_012126_050000.bin,Pine Island,GTMNERR,0,39.309,0,25.09,0,2.927,0,101.9,0,8.73,0,91.79,30.78,7.78,0,-71.8,5.66,15.458,0,3.85,0,1.197,1.98,0,7.68
1/24/2026,9:30, ,gtmpiwq_20H100464_012126_050000.bin,Pine Island,GTMNERR,0,39.57,0,25.28,0,3,0,102,0,8.73,0,90.63,30.39,7.79,0,-72.2,5.67,15.448,0,3.28,0,1.192,2.01,0,7.81
1/24/2026,9:45, ,gtmpiwq_20H100464_012126_050000.bin,Pine Island,GTMNERR,0,39.884,0,25.5,0,3.069,0,102.6,0,8.76,0,88.8,29.78,7.8,0,-72.8,5.66,15.462,0,3.26,0,1.189,2.01,0,7.78
1/24/2026,10:00, ,gtmpiwq_20H100464_012126_050000.bin,Pine Island,GTMNERR,0,40.027,0,25.6,0,3.135,0,102.4,0,8.74,0,87.61,29.39,7.8,0,-72.8,5.66,15.479,0,3.26,0,1.195,2.18,0,8.48
1/24/2026,10:15, ,gtmpiwq_20H100464_012126_050000.bin,Pine Island,GTMNERR,0,40.26,0,25.76,0,3.194,0,102,0,8.7,0,86.58,29.04,7.8,0,-72.7,5.66,15.465,0,3.46,0,1.186,2.02,0,7.83
1/24/2026,10:30, ,gtmpiwq_20H100464_012126_050000.bin,Pine Island,GTMNERR,0,40.489,0,25.93,0,3.254,0,102.7,0,8.75,0,85.56,28.7,7.81,0,-73.3,5.66,15.474,0,3.32,0,1.193,2.1,0,8.16
1/24/2026,10:45, ,gtmpiwq_20H100464_012126_050000.bin,Pine Island,GTMNERR,0,40.649,0,26.04,0,3.312,0,103.1,0,8.77,0,84.51,28.35,7.81,0,-73.6,5.67,15.492,0,3.08,0,1.198,1.95,0,7.55
1/24/2026,11:00, ,gtmpiwq_20H100464_012126_050000.bin,Pine Island,GTMNERR,0,40.925,0,26.23,0,3.371,0,103,0,8.75,0,83.27,27.94,7.81,0,-73.8,5.66,15.5,0,3.2,0,1.186,2.02,0,7.84
1/24/2026,11:15, ,gtmpiwq_20H100464_012126_050000.bin,Pine Island,GTMNERR,0,41.108,0,26.37,0,3.435,0,103.2,0,8.76,0,82.14,27.56,7.82,0,-74.1,5.67,15.508,0,3.09,0,1.192,2.19,0,8.51
1/24/2026,11:30, ,gtmpiwq_20H100464_012126_050000.bin,Pine Island,GTMNERR,0,41.28,0,26.49,0,3.499,0,103.3,0,8.76,0,80.78,27.11,7.82,0,-74.2,5.66,15.515,0,2.68,0,1.189,2.08,0,8.09
1/24/2026,11:45, ,gtmpiwq_20H100464_012126_050000.bin,Pine Island,GTMNERR,0,41.618,0,26.73,0,3.559,0,103.6,0,8.77,0,79.22,26.59,7.83,0,-74.7,5.66,15.538,0,2.81,0,1.189,2.03,0,7.89
1/24/2026,12:00, ,gtmpiwq_20H100464_012126_050000.bin,Pine Island,GTMNERR,0,41.859,0,26.9,0,3.614,0,103.8,0,8.78,0,77.91,26.15,7.83,0,-75,5.66,15.542,0,2.57,0,1.198,1.91,0,7.39
1/24/2026,12:15, ,gtmpiwq_20H100464_012126_050000.bin,Pine Island,GTMNERR,0,42.271,0,27.19,0,3.656,0,104.1,0,8.78,0,75.35,25.3,7.84,0,-75.5,5.66,15.566,0,2.64,0,1.192,2.04,0,7.92
1/24/2026,12:30, ,gtmpiwq_20H100464_012126_050000.bin,Pine Island,GTMNERR,0,42.59,0,27.42,0,3.696,0,104.2,0,8.78,0,73.51,24.68,7.85,0,-75.8,5.66,15.576,0,2.69,0,1.19,1.89,0,7.31
1/24/2026,12:45, ,gtmpiwq_20H100464_012126_050000.bin,Pine Island,GTMNERR,0,42.845,0,27.6,0,3.73,0,104.1,0,8.76,0,71.64,24.06,7.85,0,-76,5.65,15.585,0,2.54,0,1.195,2.09,0,8.13
1/24/2026,13:00, ,gtmpiwq_20H100464_012126_050000.bin,Pine Island,GTMNERR,0,42.997,0,27.71,0,3.756,0,103.9,0,8.73,0,69.72,23.42,7.85,0,-76.2,5.66,15.606,0,4.41,0,1.188,2.12,0,8.22
1/24/2026,13:15, ,gtmpiwq_20H100464_012126_050000.bin,Pine Island,GTMNERR,0,43.145,0,27.82,0,3.777,0,103.9,0,8.72,0,69.8,23.45,7.86,0,-76.3,5.66,15.608,0,2.48,0,1.184,2.16,0,8.41
1/24/2026,13:30, ,gtmpiwq_20H100464_012126_050000.bin,Pine Island,GTMNERR,0,43.367,0,27.98,0,3.791,0,103.9,0,8.71,0,68.03,22.85,7.86,0,-76.3,5.65,15.632,0,2.23,0,1.195,2.13,0,8.27
1/24/2026,13:45, ,gtmpiwq_20H100464_012126_050000.bin,Pine Island,GTMNERR,0,43.511,0,28.08,0,3.8,0,103.2,0,8.65,0,67.31,22.61,7.86,0,-76.3,5.66,15.637,0,2.17,0,1.202,2.07,0,8.03
1/24/2026,14:00, ,gtmpiwq_20H100464_012126_050000.bin,Pine Island,GTMNERR,0,43.672,0,28.19,0,3.795,0,103,0,8.62,0,65.35,21.96,7.86,0,-76.5,5.65,15.656,0,2.34,0,1.193,2.14,0,8.33
1/24/2026,14:15, ,gtmpiwq_20H100464_012126_050000.bin,Pine Island,GTMNERR,0,43.688,0,28.21,0,3.779,0,102.1,0,8.55,0,64.11,21.55,7.86,0,-76.3,5.65,15.652,0,2.31,0,1.186,1.99,0,7.69
1/24/2026,14:30, ,gtmpiwq_20H100464_012126_050000.bin,Pine Island,GTMNERR,0,43.525,0,28.09,0,3.744,0,103,0,8.63,0,64.32,21.62,7.86,0,-76.6,5.66,15.65,0,2.15,0,1.189,2.17,0,8.45
1/24/2026,14:45, ,gtmpiwq_20H100464_012126_050000.bin,Pine Island,GTMNERR,0,43.345,0,27.96,0,3.695,0,103.7,0,8.7,0,67.57,22.7,7.86,0,-76.5,5.65,15.644,0,2.22,0,1.198,2.09,0,8.13
1/24/2026,15:00, ,gtmpiwq_20H100464_012126_050000.bin,Pine Island,GTMNERR,0,43.137,0,27.81,0,3.641,0,103.9,0,8.72,0,69.61,23.38,7.86,0,-76.4,5.66,15.653,0,2.45,0,1.199,2.06,0,7.98
1/24/2026,15:15, ,gtmpiwq_20H100464_012126_050000.bin,Pine Island,GTMNERR,0,42.707,0,27.51,0,3.578,0,104,0,8.74,0,72.73,24.42,7.85,0,-76.2,5.65,15.66,0,2.54,0,1.192,1.88,0,7.29
1/24/2026,15:30, ,gtmpiwq_20H100464_012126_050000.bin,Pine Island,GTMNERR,0,41.93,0,26.95,0,3.518,0,104.7,0,8.82,0,77.23,25.92,7.85,0,-75.7,5.65,15.741,0,2.55,0,1.188,1.79,0,6.89
1/24/2026,15:45, ,gtmpiwq_20H100464_012126_050000.bin,Pine Island,GTMNERR,0,41.479,0,26.63,0,3.456,0,103.8,0,8.76,0,79.43,26.66,7.84,0,-75.2,5.66,15.759,0,3.39,0,1.187,2.07,0,8.04
1/24/2026,16:00, ,gtmpiwq_20H100464_012126_050000.bin,Pine Island,GTMNERR,0,40.744,0,26.11,0,3.393,0,105.1,0,8.88,0,83.37,27.97,7.83,0,-74.7,5.65,15.844,0,3.75,0,1.199,2.11,0,8.18
1/24/2026,16:15, ,gtmpiwq_20H100464_012126_050000.bin,Pine Island,GTMNERR,0,40.5,0,25.94,0,3.325,0,105.1,0,8.88,0,84.65,28.4,7.83,0,-74.6,5.66,15.849,0,3.41,0,1.198,2.05,0,7.94
1/24/2026,16:30, ,gtmpiwq_20H100464_012126_050000.bin,Pine Island,GTMNERR,0,40.254,0,25.76,0,3.255,0,105.1,0,8.89,0,85.91,28.82,7.82,0,-74.4,5.65,15.876,0,4.06,0,1.197,2.23,0,8.67
1/24/2026,16:45, ,gtmpiwq_20H100464_012126_050000.bin,Pine Island,GTMNERR,0,40.075,0,25.64,0,3.179,0,105,0,8.89,0,87.06,29.2,7.82,0,-74.3,5.65,15.879,0,3.79,0,1.193,2.21,0,8.58
1/24/2026,17:00, ,gtmpiwq_20H100464_012126_050000.bin,Pine Island,GTMNERR,0,39.812,0,25.45,0,3.102,0,105.2,0,8.91,0,88.44,29.66,7.82,0,-74.2,5.65,15.917,0,4.13,0,1.19,2.53,0,9.88
1/24/2026,17:15, ,gtmpiwq_20H100464_012126_050000.bin,Pine Island,GTMNERR,0,39.404,0,25.16,0,3.019,0,105.2,0,8.92,0,90.31,30.29,7.81,0,-73.8,5.65,15.958,0,4.12,0,1.195,2.45,0,9.56
1/24/2026,17:30, ,gtmpiwq_20H100464_012126_050000.bin,Pine Island,GTMNERR,0,38.941,0,24.84,0,2.939,0,105.2,0,8.92,0,92.73,31.09,7.81,0,-73.5,5.66,16.019,0,4.32,0,1.193,2.72,0,10.63
1/24/2026,17:45, ,gtmpiwq_20H100464_012126_050000.bin,Pine Island,GTMNERR,0,38.425,0,24.48,0,2.851,0,105.1,0,8.92,0,95.25,31.94,7.8,0,-72.9,5.65,16.086,0,4.62,0,1.194,2.91,0,11.42
1/24/2026,18:00, ,gtmpiwq_20H100464_012126_050000.bin,Pine Island,GTMNERR,0,37.914,0,24.12,0,2.76,0,104.9,0,8.91,0,97.34,32.63,7.79,0,-72.4,5.65,16.189,0,5.12,0,1.192,2.49,0,9.73
1/24/2026,18:15, ,gtmpiwq_20H100464_012126_050000.bin,Pine Island,GTMNERR,0,37.439,0,23.78,0,2.677,0,104.9,0,8.91,0,99.44,33.34,7.78,0,-71.9,5.66,16.268,0,5.55,0,1.198,2.6,0,10.16
1/24/2026,18:30, ,gtmpiwq_20H100464_012126_050000.bin,Pine Island,GTMNERR,0,36.988,0,23.47,0,2.598,0,104.7,0,8.9,0,101.5,34.02,7.77,0,-71.4,5.65,16.309,0,5.76,0,1.194,2.59,0,10.1
1/24/2026,18:45, ,gtmpiwq_20H100464_012126_050000.bin,Pine Island,GTMNERR,0,36.584,0,23.19,0,2.531,0,104,0,8.86,0,103.29,34.62,7.76,0,-70.8,5.65,16.327,0,6.28,0,1.189,2.67,0,10.45
1/24/2026,19:00, ,gtmpiwq_20H100464_012126_050000.bin,Pine Island,GTMNERR,0,36.286,0,22.98,0,2.481,0,103.5,0,8.83,0,104.65,35.07,7.75,0,-70.4,5.65,16.334,0,6.63,0,1.192,2.89,0,11.31
1/24/2026,19:15, ,gtmpiwq_20H100464_012126_050000.bin,Pine Island,GTMNERR,0,35.986,0,22.77,0,2.451,0,103.3,0,8.82,0,106.17,35.58,7.75,0,-69.9,5.65,16.321,0,6.22,0,1.187,3.33,0,13.1
1/24/2026,19:30, ,gtmpiwq_20H100464_012126_050000.bin,Pine Island,GTMNERR,0,35.831,0,22.66,0,2.453,0,102.5,0,8.76,0,106.67,35.75,7.74,0,-69.4,5.65,16.312,0,4.49,0,1.197,3.08,0,12.1
1/24/2026,19:45, ,gtmpiwq_20H100464_012126_050000.bin,Pine Island,GTMNERR,0,35.749,0,22.6,0,2.468,0,101.4,0,8.67,0,105.81,35.46,7.73,0,-69.1,5.65,16.302,0,4.38,0,1.198,3.08,0,12.1
1/24/2026,20:00, ,gtmpiwq_20H100464_012126_050000.bin,Pine Island,GTMNERR,0,35.712,0,22.58,0,2.516,0,103.1,0,8.82,0,106.11,35.56,7.74,0,-69.6,5.65,16.295,0,4.47,0,1.198,2.88,0,11.28
1/24/2026,20:15, ,gtmpiwq_20H100464_012126_050000.bin,Pine Island,GTMNERR,0,37.649,0,23.93,0,2.573,0,104.9,0,8.89,0,98.84,33.13,7.78,0,-72,5.65,16.317,0,4.41,0,1.2,2.93,0,11.47
1/24/2026,20:30, ,gtmpiwq_20H100464_012126_050000.bin,Pine Island,GTMNERR,0,37.595,0,23.89,0,2.649,0,104.7,0,8.89,0,98.06,32.87,7.78,0,-71.9,5.65,16.293,0,6.23,0,1.192,3.19,0,12.51
1/24/2026,20:45, ,gtmpiwq_20H100464_012126_050000.bin,Pine Island,GTMNERR,0,37.325,0,23.7,0,2.732,0,104.6,0,8.89,0,100,33.52,7.78,0,-71.7,5.65,16.278,0,5.79,0,1.187,2.99,0,11.74
1/24/2026,21:00, ,gtmpiwq_20H100464_012126_050000.bin,Pine Island,GTMNERR,0,37.795,0,24.03,0,2.81,0,104.6,0,8.88,0,97.98,32.85,7.78,0,-72.1,5.65,16.253,0,4.57,0,1.191,2.95,0,11.57
1/24/2026,21:15, ,gtmpiwq_20H100464_012126_050000.bin,Pine Island,GTMNERR,0,38.094,0,24.24,0,2.885,0,104.5,0,8.87,0,96.3,32.29,7.79,0,-72.4,5.65,16.192,0,4.81,0,1.201,2.9,0,11.37
1/24/2026,21:30, ,gtmpiwq_20H100464_012126_050000.bin,Pine Island,GTMNERR,0,38.465,0,24.5,0,2.953,0,104.5,0,8.86,0,95.44,32,7.8,0,-72.8,5.65,16.135,0,3.58,0,1.203,2.77,0,10.85
1/24/2026,21:45, ,gtmpiwq_20H100464_012126_050000.bin,Pine Island,GTMNERR,0,38.93,0,24.83,0,3.017,0,104.2,0,8.83,0,93.22,31.26,7.8,0,-73.2,5.65,16.113,0,3.63,0,1.193,2.71,0,10.62
1/24/2026,22:00, ,gtmpiwq_20H100464_012126_050000.bin,Pine Island,GTMNERR,0,39.291,0,25.09,0,3.078,0,104.2,0,8.82,0,91.24,30.6,7.81,0,-73.5,5.65,16.09,0,3.71,0,1.186,2.73,0,10.69
1/24/2026,22:15, ,gtmpiwq_20H100464_012126_050000.bin,Pine Island,GTMNERR,0,39.577,0,25.29,0,3.142,0,104,0,8.79,0,89.9,30.15,7.81,0,-73.7,5.65,16.07,0,3.5,0,1.19,2.7,0,10.58
1/24/2026,22:30, ,gtmpiwq_20H100464_012126_050000.bin,Pine Island,GTMNERR,0,39.918,0,25.53,0,3.209,0,103.7,0,8.75,0,88.01,29.52,7.81,0,-73.8,5.65,16.09,0,4.03,0,1.201,2.69,0,10.5
1/24/2026,22:45, ,gtmpiwq_20H100464_012126_050000.bin,Pine Island,GTMNERR,0,40.233,0,25.75,0,3.275,0,103.9,0,8.75,0,86.14,28.9,7.82,0,-74,5.65,16.08,0,4.7,0,1.202,2.65,0,10.37
1/24/2026,23:00, ,gtmpiwq_20H100464_012126_050000.bin,Pine Island,GTMNERR,0,40.434,0,25.89,0,3.344,0,104,0,8.76,0,85.03,28.53,7.82,0,-74.2,5.65,16.034,0,5.39,0,1.202,2.47,0,9.63
1/24/2026,23:15, ,gtmpiwq_20H100464_012126_050000.bin,Pine Island,GTMNERR,0,40.629,0,26.03,0,3.409,0,104,0,8.75,0,83.71,28.08,7.82,0,-74.4,5.65,16.024,0,4.37,0,1.19,2.55,0,9.95
1/24/2026,23:30, ,gtmpiwq_20H100464_012126_050000.bin,Pine Island,GTMNERR,0,41.052,0,26.33,0,3.476,0,103.8,0,8.72,0,82.13,27.56,7.83,0,-74.8,5.65,16.046,0,3.44,0,1.192,2.62,0,10.24
1/24/2026,23:45, ,gtmpiwq_20H100464_012126_050000.bin,Pine Island,GTMNERR,0,41.334,0,26.53,0,3.543,0,103.8,0,8.71,0,80.67,27.07,7.83,0,-75,5.65,16.025,0,3.51,0,1.195,2.36,0,9.19
1/25/2026,0:00, ,gtmpiwq_20H100464_012126_050000.bin,Pine Island,GTMNERR,0,41.603,0,26.72,0,3.603,0,103.7,0,8.7,0,79.06,26.53,7.84,0,-75.2,5.65,16.018,0,3.35,0,1.195,2.58,0,10.08
1/25/2026,0:15, ,gtmpiwq_20H100464_012126_050000.bin,Pine Island,GTMNERR,0,41.902,0,26.94,0,3.661,0,103.6,0,8.68,0,77.13,25.89,7.84,0,-75.5,5.65,16.006,0,3.13,0,1.195,2.33,0,9.09
1/25/2026,0:30, ,gtmpiwq_20H100464_012126_050000.bin,Pine Island,GTMNERR,0,42.335,0,27.24,0,3.714,0,103.6,0,8.67,0,74.82,25.12,7.85,0,-75.8,5.65,15.993,0,3.31,0,1.194,2.31,0,9.01
1/25/2026,0:45, ,gtmpiwq_20H100464_012126_050000.bin,Pine Island,GTMNERR,0,42.684,0,27.49,0,3.761,0,103.5,0,8.64,0,72.88,24.47,7.85,0,-76.1,5.65,15.992,0,3.39,0,1.193,2.3,0,8.97
1/25/2026,1:00, ,gtmpiwq_20H100464_012126_050000.bin,Pine Island,GTMNERR,0,42.873,0,27.63,0,3.802,0,103.4,0,8.63,0,71.8,24.11,7.85,0,-76.2,5.65,16.004,0,3.58,0,1.191,2.26,0,8.78
1/25/2026,1:15, ,gtmpiwq_20H100464_012126_050000.bin,Pine Island,GTMNERR,0,43.098,0,27.79,0,3.839,0,103.3,0,8.61,0,69.59,23.38,7.86,0,-76.3,5.65,16.006,0,3.53,0,1.19,2.47,0,9.62
1/25/2026,1:30, ,gtmpiwq_20H100464_012126_050000.bin,Pine Island,GTMNERR,0,43.548,0,28.11,0,3.868,0,103.2,0,8.59,0,67.44,22.66,7.86,0,-76.7,5.65,15.999,0,3.07,0,1.19,2.39,0,9.3
1/25/2026,1:45, ,gtmpiwq_20H100464_012126_050000.bin,Pine Island,GTMNERR,0,43.868,0,28.34,0,3.891,0,103.1,0,8.57,0,65.87,22.13,7.86,0,-76.9,5.65,15.998,0,3.27,0,1.19,2.18,0,8.46
1/25/2026,2:00, ,gtmpiwq_20H100464_012126_050000.bin,Pine Island,GTMNERR,0,44.3,0,28.65,0,3.909,0,103,0,8.54,0,63.57,21.37,7.87,0,-77.3,5.65,16.001,0,2.83,0,1.188,2.21,0,8.58
1/25/2026,2:15, ,gtmpiwq_20H100464_012126_050000.bin,Pine Island,GTMNERR,0,44.439,0,28.75,0,3.919,0,102.6,0,8.5,0,61.99,20.84,7.87,0,-77.2,5.65,16,0,2.48,0,1.187,1.92,0,7.42
1/25/2026,2:30, ,gtmpiwq_20H100464_012126_050000.bin,Pine Island,GTMNERR,0,44.578,0,28.85,0,3.918,0,102.1,0,8.45,0,61.34,20.62,7.87,0,-77.3,5.65,16.001,0,2.63,0,1.187,2.24,0,8.71
1/25/2026,2:45, ,gtmpiwq_20H100464_012126_050000.bin,Pine Island,GTMNERR,0,44.769,0,28.99,0,3.909,0,101.6,0,8.41,0,59.61,20.04,7.87,0,-77.3,5.65,16,0,2.87,0,1.189,2.26,0,8.8
1/25/2026,3:00, ,gtmpiwq_20H100464_012126_050000.bin,Pine Island,GTMNERR,0,44.784,0,29,0,3.884,0,100.8,0,8.34,0,57.26,19.26,7.87,0,-77.4,5.65,16.007,0,2.27,0,1.188,2.06,0,8.01
1/25/2026,3:15, ,gtmpiwq_20H100464_012126_050000.bin,Pine Island,GTMNERR,0,44.477,0,28.78,0,3.851,0,100.1,0,8.29,0,58.28,19.6,7.87,0,-77.2,5.65,16.008,0,2.41,0,1.191,2.06,0,8.01
1/25/2026,3:30, ,gtmpiwq_20H100464_012126_050000.bin,Pine Island,GTMNERR,0,44.533,0,28.82,0,3.809,0,101.8,0,8.43,0,60.89,20.47,7.87,0,-77.5,5.65,16.001,0,2.31,0,1.201,1.99,0,7.7
1/25/2026,3:45, ,gtmpiwq_20H100464_012126_050000.bin,Pine Island,GTMNERR,0,44.275,0,28.63,0,3.765,0,101.6,0,8.42,0,62.28,20.93,7.87,0,-77.4,5.65,15.999,0,2.33,0,1.198,1.93,0,7.47
1/25/2026,4:00, ,gtmpiwq_20H100464_012126_050000.bin,Pine Island,GTMNERR,0,44.011,0,28.44,0,3.711,0,102.3,0,8.5,0,64.39,21.64,7.87,0,-77.2,5.65,15.999,0,2.47,0,1.195,1.82,0,7.03
1/25/2026,4:15, ,gtmpiwq_20H100464_012126_050000.bin,Pine Island,GTMNERR,0,43.523,0,28.09,0,3.656,0,101.8,0,8.47,0,67.85,22.8,7.86,0,-76.7,5.65,15.993,0,2.62,0,1.189,2.13,0,8.29
1/25/2026,4:30, ,gtmpiwq_20H100464_012126_050000.bin,Pine Island,GTMNERR,0,42.774,0,27.56,0,3.601,0,101.9,0,8.51,0,71.59,24.04,7.85,0,-76.3,5.65,15.992,0,3.5,0,1.19,2.13,0,8.27
1/25/2026,4:45, ,gtmpiwq_20H100464_012126_050000.bin,Pine Island,GTMNERR,0,42.262,0,27.19,0,3.543,0,101.4,0,8.49,0,75.23,25.25,7.84,0,-75.7,5.65,15.99,0,3.92,0,1.192,2.23,0,8.68
1/25/2026,5:00, ,gtmpiwq_20H100464_012126_050000.bin,Pine Island,GTMNERR,0,41.586,0,26.71,0,3.483,0,101.2,0,8.49,0,78.9,26.48,7.83,0,-75,5.65,15.985,0,5.75,0,1.198,2.08,0,8.08
1/25/2026,5:15, ,gtmpiwq_20H100464_012126_050000.bin,Pine Island,GTMNERR,0,41.094,0,26.36,0,3.421,0,101,0,8.5,0,82.01,27.52,7.83,0,-74.6,5.65,15.973,0,3.62,0,1.203,1.97,0,7.63
1/25/2026,5:30, ,gtmpiwq_20H100464_012126_050000.bin,Pine Island,GTMNERR,0,40.687,0,26.07,0,3.355,0,100.9,0,8.51,0,83.91,28.15,7.82,0,-74.2,5.65,15.974,0,4.61,0,1.197,2.14,0,8.33
1/25/2026,5:45, ,gtmpiwq_20H100464_012126_050000.bin,Pine Island,GTMNERR,0,40.519,0,25.95,0,3.294,0,100.8,0,8.5,0,85.22,28.59,7.82,0,-74.1,5.65,15.975,0,4.3,0,1.187,2.12,0,8.23
1/25/2026,6:00, ,gtmpiwq_20H100464_012126_050000.bin,Pine Island,GTMNERR,0,40.265,0,25.77,0,3.228,0,100.4,0,8.48,0,86.9,29.15,7.81,0,-73.8,5.65,15.972,0,4.2,0,1.186,2.13,0,8.27
1/25/2026,6:15, ,gtmpiwq_20H100464_012126_050000.bin,Pine Island,GTMNERR,0,39.932,0,25.54,0,3.167,0,99.9,0,8.44,0,88.5,29.68,7.81,0,-73.4,5.65,15.965,0,3.94,0,1.2,2.11,0,8.21
1/25/2026,6:30, ,gtmpiwq_20H100464_012126_050000.bin,Pine Island,GTMNERR,0,39.525,0,25.25,0,3.096,0,99.3,0,8.41,0,90.8,30.45,7.79,0,-72.7,5.65,15.954,0,5.19,0,1.202,2.21,0,8.58
1/25/2026,6:45, ,gtmpiwq_20H100464_012126_050000.bin,Pine Island,GTMNERR,0,39.054,0,24.92,0,3.035,0,98.6,0,8.38,0,93.25,31.27,7.78,0,-72.1,5.65,15.943,0,3.97,0,1.192,1.95,0,7.56
1/25/2026,7:00, ,gtmpiwq_20H100464_012126_050000.bin,Pine Island,GTMNERR,0,38.59,0,24.59,0,2.964,0,98.2,0,8.36,0,95.76,32.11,7.77,0,-71.5,5.65,15.935,0,3.95,0,1.185,2.33,0,9.06
1/25/2026,7:15, ,gtmpiwq_20H100464_012126_050000.bin,Pine Island,GTMNERR,0,38.18,0,24.3,0,2.897,0,97.4,0,8.3,0,97.69,32.75,7.76,0,-70.7,5.65,15.928,0,4.23,0,1.185,2.15,0,8.34
1/25/2026,7:30, ,gtmpiwq_20H100464_012126_050000.bin,Pine Island,GTMNERR,0,37.822,0,24.05,0,2.83,0,97,0,8.28,0,99.53,33.37,7.75,0,-70.2,5.65,15.916,0,4.35,0,1.184,2.07,0,8.03
1/25/2026,7:45, ,gtmpiwq_20H100464_012126_050000.bin,Pine Island,GTMNERR,0,37.521,0,23.84,0,2.769,0,96.3,0,8.24,0,101.43,34,7.74,0,-69.5,5.65,15.9,0,4.13,0,1.193,2.21,0,8.59
1/25/2026,8:00, ,gtmpiwq_20H100464_012126_050000.bin,Pine Island,GTMNERR,0,37.181,0,23.6,0,2.706,0,95.7,0,8.2,0,103.25,34.6,7.73,0,-68.9,5.65,15.883,0,4.08,0,1.193,1.91,0,7.4
1/25/2026,8:15, ,gtmpiwq_20H100464_012126_050000.bin,Pine Island,GTMNERR,0,36.925,0,23.42,0,2.655,0,95.1,0,8.16,0,104.33,34.97,7.72,0,-68.3,5.65,15.868,0,4.03,0,1.197,2.04,0,7.93
1/25/2026,8:30, ,gtmpiwq_20H100464_012126_050000.bin,Pine Island,GTMNERR,0,36.708,0,23.27,0,2.617,0,94.7,0,8.14,0,103.34,34.63,7.71,0,-67.8,5.65,15.853,0,4.48,0,1.203,2.27,0,8.84
1/25/2026,8:45, ,gtmpiwq_20H100464_012126_050000.bin,Pine Island,GTMNERR,0,36.503,0,23.13,0,2.597,0,94.3,0,8.11,0,105.78,35.45,7.71,0,-67.5,5.65,15.842,0,3.12,0,1.192,2.22,0,8.63
1/25/2026,9:00, ,gtmpiwq_20H100464_012126_050000.bin,Pine Island,GTMNERR,0,36.422,0,23.07,0,2.609,0,93.7,0,8.07,0,106.83,35.8,7.7,0,-67.2,5.65,15.837,0,3.31,0,1.184,2.13,0,8.28
1/25/2026,9:15, ,gtmpiwq_20H100464_012126_050000.bin,Pine Island,GTMNERR,0,36.607,0,23.2,0,2.647,0,94.6,0,8.14,0,102.74,34.44,7.71,0,-67.6,5.65,15.842,0,4,0,1.19,1.97,0,7.63
1/25/2026,9:30, ,gtmpiwq_20H100464_012126_050000.bin,Pine Island,GTMNERR,0,38.914,0,24.82,0,2.707,0,95.1,0,8.1,0,94.53,31.69,7.74,0,-69.8,5.65,15.819,0,3.42,0,1.193,2.02,0,7.84
1/25/2026,9:45, ,gtmpiwq_20H100464_012126_050000.bin,Pine Island,GTMNERR,0,38.577,0,24.58,0,2.783,0,95.7,0,8.16,0,96.09,32.22,7.74,0,-69.8,5.65,15.841,0,4.42,0,1.187,1.91,0,7.39
1/25/2026,10:00, ,gtmpiwq_20H100464_012126_050000.bin,Pine Island,GTMNERR,0,38.555,0,24.57,0,2.86,0,96.2,0,8.2,0,96.57,32.38,7.75,0,-70,5.65,15.865,0,4.36,0,1.19,1.76,0,6.81
1/25/2026,10:15, ,gtmpiwq_20H100464_012126_050000.bin,Pine Island,GTMNERR,0,38.647,0,24.63,0,2.938,0,96.9,0,8.25,0,95.89,32.15,7.75,0,-70.4,5.65,15.9,0,3.72,0,1.191,1.88,0,7.28
1/25/2026,10:30, ,gtmpiwq_20H100464_012126_050000.bin,Pine Island,GTMNERR,0,39.123,0,24.97,0,3.002,0,97.7,0,8.3,0,93.28,31.28,7.77,0,-71.2,5.65,15.923,0,3.93,0,1.193,1.78,0,6.85
1/25/2026,10:45, ,gtmpiwq_20H100464_012126_050000.bin,Pine Island,GTMNERR,0,39.488,0,25.22,0,3.062,0,98.3,0,8.33,0,91.31,30.62,7.77,0,-71.5,5.65,15.953,0,3.79,0,1.195,1.83,0,7.08
1/25/2026,11:00, ,gtmpiwq_20H100464_012126_050000.bin,Pine Island,GTMNERR,0,39.729,0,25.39,0,3.124,0,98.2,0,8.31,0,90.2,30.25,7.78,0,-71.6,5.65,15.964,0,3.72,0,1.198,1.94,0,7.5
1/25/2026,11:15, ,gtmpiwq_20H100464_012126_050000.bin,Pine Island,GTMNERR,0,39.989,0,25.58,0,3.185,0,98.3,0,8.31,0,88.47,29.67,7.78,0,-71.7,5.65,15.99,0,3.78,0,1.2,2.01,0,7.81
1/25/2026,11:30, ,gtmpiwq_20H100464_012126_050000.bin,Pine Island,GTMNERR,0,40.408,0,25.87,0,3.245,0,98,0,8.27,0,86.36,28.97,7.78,0,-71.8,5.65,15.985,0,3.45,0,1.199,1.92,0,7.42
1/25/2026,11:45, ,gtmpiwq_20H100464_012126_050000.bin,Pine Island,GTMNERR,0,40.779,0,26.14,0,3.304,0,98,0,8.25,0,83.95,28.16,7.78,0,-72,5.65,16.005,0,4.3,0,1.199,1.86,0,7.2
1/25/2026,12:00, ,gtmpiwq_20H100464_012126_050000.bin,Pine Island,GTMNERR,0,40.873,0,26.2,0,3.355,0,98.8,0,8.3,0,83.43,27.99,7.79,0,-72.5,5.64,16.039,0,3.92,0,1.203,2.15,0,8.36
1/25/2026,12:15, ,gtmpiwq_20H100464_012126_050000.bin,Pine Island,GTMNERR,0,41.14,0,26.39,0,3.409,0,99.2,0,8.32,0,81.42,27.32,7.79,0,-72.6,5.65,16.115,0,4.13,0,1.197,2.05,0,7.95
1/25/2026,12:30, ,gtmpiwq_20H100464_012126_050000.bin,Pine Island,GTMNERR,0,41.544,0,26.68,0,3.455,0,99,0,8.29,0,79.79,26.78,7.8,0,-72.9,5.65,16.131,0,3.68,0,1.198,2.11,0,8.21
1/25/2026,12:45, ,gtmpiwq_20H100464_012126_050000.bin,Pine Island,GTMNERR,0,41.771,0,26.84,0,3.499,0,99.8,0,8.34,0,78.16,26.23,7.81,0,-73.5,5.64,16.167,0,3.11,0,1.198,1.89,0,7.32
1/25/2026,13:00, ,gtmpiwq_20H100464_012126_050000.bin,Pine Island,GTMNERR,0,41.98,0,26.99,0,3.543,0,100,0,8.34,0,76.84,25.79,7.81,0,-73.6,5.65,16.178,0,3.21,0,1.202,2.09,0,8.1
1/25/2026,13:15, ,gtmpiwq_20H100464_012126_050000.bin,Pine Island,GTMNERR,0,42.293,0,27.22,0,3.583,0,100.7,0,8.38,0,74.93,25.15,7.82,0,-74.1,5.65,16.269,0,3.3,0,1.192,2.13,0,8.28
1/25/2026,13:30, ,gtmpiwq_20H100464_012126_050000.bin,Pine Island,GTMNERR,0,42.614,0,27.45,0,3.622,0,100.7,0,8.37,0,72.9,24.48,7.82,0,-74.5,5.65,16.266,0,3.05,0,1.187,2.17,0,8.42
1/25/2026,13:45, ,gtmpiwq_20H100464_012126_050000.bin,Pine Island,GTMNERR,0,42.957,0,27.69,0,3.652,0,101.2,0,8.4,0,70.45,23.66,7.83,0,-75,5.64,16.264,0,2.82,0,1.184,1.91,0,7.41
1/25/2026,14:00, ,gtmpiwq_20H100464_012126_050000.bin,Pine Island,GTMNERR,0,43.171,0,27.84,0,3.671,0,101.2,0,8.38,0,68.95,23.16,7.84,0,-75.3,5.65,16.29,0,2.53,0,1.185,2.18,0,8.49
1/25/2026,14:15, ,gtmpiwq_20H100464_012126_050000.bin,Pine Island,GTMNERR,0,43.316,0,27.95,0,3.686,0,101.6,0,8.41,0,68.6,23.04,7.84,0,-75.4,5.65,16.29,0,2.33,0,1.199,2.11,0,8.21
1/25/2026,14:30, ,gtmpiwq_20H100464_012126_050000.bin,Pine Island,GTMNERR,0,43.492,0,28.07,0,3.693,0,100.8,0,8.34,0,66.79,22.44,7.84,0,-75.4,5.65,16.287,0,2.28,0,1.198,2.02,0,7.83
1/25/2026,14:45, ,gtmpiwq_20H100464_012126_050000.bin,Pine Island,GTMNERR,0,43.53,0,28.1,0,3.692,0,100.6,0,8.32,0,65.11,21.88,7.84,0,-75.4,5.65,16.288,0,2.19,0,1.199,2.05,0,7.97
1/25/2026,15:00, ,gtmpiwq_20H100464_012126_050000.bin,Pine Island,GTMNERR,0,43.518,0,28.09,0,3.68,0,99.7,0,8.24,0,65.74,22.09,7.83,0,-75.1,5.64,16.298,0,2.23,0,1.191,1.94,0,7.51
1/25/2026,15:15, ,gtmpiwq_20H100464_012126_050000.bin,Pine Island,GTMNERR,0,43.483,0,28.07,0,3.655,0,101,0,8.35,0,67.36,22.63,7.84,0,-75.5,5.64,16.313,0,2.31,0,1.187,2.25,0,8.74
1/25/2026,15:30, ,gtmpiwq_20H100464_012126_050000.bin,Pine Island,GTMNERR,0,43.363,0,27.98,0,3.615,0,101.2,0,8.37,0,67.43,22.65,7.84,0,-75.4,5.65,16.329,0,2.24,0,1.186,2.16,0,8.39
1/25/2026,15:45, ,gtmpiwq_20H100464_012126_050000.bin,Pine Island,GTMNERR,0,42.982,0,27.71,0,3.568,0,100.6,0,8.33,0,69.89,23.47,7.83,0,-75,5.64,16.339,0,2.96,0,1.195,1.98,0,7.67
1/25/2026,16:00, ,gtmpiwq_20H100464_012126_050000.bin,Pine Island,GTMNERR,0,42.808,0,27.59,0,3.515,0,101.7,0,8.42,0,71.96,24.16,7.83,0,-75,5.65,16.416,0,2.5,0,1.202,2.02,0,7.82
1/25/2026,16:15, ,gtmpiwq_20H100464_012126_050000.bin,Pine Island,GTMNERR,0,42.393,0,27.29,0,3.453,0,101.5,0,8.42,0,74.6,25.05,7.82,0,-74.5,5.63,16.423,0,3.06,0,1.194,1.85,0,7.15
1/25/2026,16:30, ,gtmpiwq_20H100464_012126_050000.bin,Pine Island,GTMNERR,0,41.886,0,26.93,0,3.391,0,101.3,0,8.41,0,77.18,25.91,7.81,0,-73.9,5.65,16.467,0,3.23,0,1.186,1.92,0,7.41
1/25/2026,16:45, ,gtmpiwq_20H100464_012126_050000.bin,Pine Island,GTMNERR,0,41.486,0,26.64,0,3.325,0,100.8,0,8.38,0,79.59,26.71,7.8,0,-73.4,5.64,16.476,0,2.95,0,1.195,1.86,0,7.18
1/25/2026,17:00, ,gtmpiwq_20H100464_012126_050000.bin,Pine Island,GTMNERR,0,41.058,0,26.34,0,3.256,0,100.6,0,8.37,0,82.03,27.53,7.8,0,-72.9,5.64,16.509,0,3.09,0,1.186,1.84,0,7.13
1/25/2026,17:15, ,gtmpiwq_20H100464_012126_050000.bin,Pine Island,GTMNERR,0,40.591,0,26.01,0,3.188,0,101.4,0,8.44,0,83.96,28.17,7.79,0,-72.8,5.65,16.649,0,3.66,0,1.184,2.03,0,7.85
1/25/2026,17:30, ,gtmpiwq_20H100464_012126_050000.bin,Pine Island,GTMNERR,0,40.17,0,25.71,0,3.114,0,101.8,0,8.48,0,86.37,28.97,7.79,0,-72.5,5.64,16.67,0,3.47,0,1.19,2.13,0,8.26
1/25/2026,17:45, ,gtmpiwq_20H100464_012126_050000.bin,Pine Island,GTMNERR,0,39.983,0,25.58,0,3.04,0,101.5,0,8.47,0,87.4,29.32,7.78,0,-72.1,5.65,16.62,0,3.6,0,1.198,2.18,0,8.47
1/25/2026,18:00, ,gtmpiwq_20H100464_012126_050000.bin,Pine Island,GTMNERR,0,39.677,0,25.36,0,2.959,0,101.3,0,8.45,0,88.9,29.82,7.78,0,-71.9,5.65,16.684,0,3.79,0,1.193,2.24,0,8.74
1/25/2026,18:15, ,gtmpiwq_20H100464_012126_050000.bin,Pine Island,GTMNERR,0,39.351,0,25.13,0,2.879,0,101.1,0,8.43,0,90.29,30.28,7.77,0,-71.5,5.62,16.761,0,4.9,0,1.188,2.31,0,8.99
1/25/2026,18:30, ,gtmpiwq_20H100464_012126_050000.bin,Pine Island,GTMNERR,0,39.033,0,24.91,0,2.793,0,101.7,0,8.48,0,91.79,30.78,7.77,0,-71.3,5.65,16.813,0,4.7,0,1.185,2.42,0,9.44
1/25/2026,18:45, ,gtmpiwq_20H100464_012126_050000.bin,Pine Island,GTMNERR,0,38.582,0,24.59,0,2.697,0,101.6,0,8.49,0,94.01,31.52,7.76,0,-70.8,5.62,16.85,0,5.12,0,1.185,2.51,0,9.81
1/25/2026,19:00, ,gtmpiwq_20H100464_012126_050000.bin,Pine Island,GTMNERR,0,38.112,0,24.26,0,2.605,0,101.1,0,8.46,0,96.25,32.27,7.75,0,-70.2,5.63,16.901,0,5.01,0,1.194,2.42,0,9.44
1/25/2026,19:15, ,gtmpiwq_20H100464_012126_050000.bin,Pine Island,GTMNERR,0,37.703,0,23.97,0,2.514,0,100.8,0,8.44,0,98.26,32.94,7.74,0,-69.6,5.65,16.975,0,5.36,0,1.197,2.28,0,8.88
1/25/2026,19:30, ,gtmpiwq_20H100464_012126_050000.bin,Pine Island,GTMNERR,0,37.353,0,23.73,0,2.424,0,100.9,0,8.44,0,99.52,33.36,7.73,0,-69.3,5.62,17.051,0,5.64,0,1.2,2.32,0,9.03
1/25/2026,19:45, ,gtmpiwq_20H100464_012126_050000.bin,Pine Island,GTMNERR,0,37.045,0,23.51,0,2.351,0,100.2,0,8.38,0,100.99,33.85,7.72,0,-68.7,5.65,17.132,0,5.49,0,1.185,2.35,0,9.14
1/25/2026,20:00, ,gtmpiwq_20H100464_012126_050000.bin,Pine Island,GTMNERR,0,36.777,0,23.33,0,2.283,0,100,0,8.36,0,102.31,34.29,7.71,0,-68.2,5.63,17.191,0,6.12,0,1.188,2.54,0,9.9
1/25/2026,20:15, ,gtmpiwq_20H100464_012126_050000.bin,Pine Island,GTMNERR,0,36.527,0,23.15,0,2.233,0,99.7,0,8.34,0,103.77,34.78,7.7,0,-67.7,5.62,17.235,0,5.79,0,1.193,2.69,0,10.5
1/25/2026,20:30, ,gtmpiwq_20H100464_012126_050000.bin,Pine Island,GTMNERR,0,36.4,0,23.06,0,2.206,0,99.6,0,8.34,0,104.72,35.1,7.7,0,-67.4,5.65,17.222,0,4.56,0,1.189,2.93,0,11.48
1/25/2026,20:45, ,gtmpiwq_20H100464_012126_050000.bin,Pine Island,GTMNERR,0,36.317,0,23,0,2.218,0,98.6,0,8.26,0,103.57,34.71,7.69,0,-66.9,5.62,17.234,0,3.32,0,1.187,2.93,0,11.48
1/25/2026,21:00, ,gtmpiwq_20H100464_012126_050000.bin,Pine Island,GTMNERR,0,36.301,0,22.99,0,2.264,0,99.3,0,8.32,0,103.47,34.68,7.69,0,-66.9,5.65,17.242,0,3.25,0,1.192,2.85,0,11.17
1/25/2026,21:15, ,gtmpiwq_20H100464_012126_050000.bin,Pine Island,GTMNERR,0,38.078,0,24.24,0,2.329,0,101.5,0,8.42,0,96.88,32.48,7.73,0,-69.4,5.63,17.357,0,4.16,0,1.197,3.03,0,11.9
1/25/2026,21:30, ,gtmpiwq_20H100464_012126_050000.bin,Pine Island,GTMNERR,0,38.178,0,24.31,0,2.405,0,101.7,0,8.44,0,96,32.19,7.74,0,-69.8,5.61,17.33,0,4.22,0,1.193,2.86,0,11.22
1/25/2026,21:45, ,gtmpiwq_20H100464_012126_050000.bin,Pine Island,GTMNERR,0,37.736,0,24,0,2.484,0,101.3,0,8.42,0,97.62,32.73,7.73,0,-69.2,5.64,17.263,0,5.67,0,1.187,2.87,0,11.23
1/25/2026,22:00, ,gtmpiwq_20H100464_012126_050000.bin,Pine Island,GTMNERR,0,37.795,0,24.04,0,2.572,0,101.3,0,8.43,0,97.83,32.8,7.73,0,-69.3,5.63,17.228,0,5.15,0,1.192,2.67,0,10.43
1/25/2026,22:15, ,gtmpiwq_20H100464_012126_050000.bin,Pine Island,GTMNERR,0,38.119,0,24.27,0,2.658,0,101.3,0,8.43,0,96.63,32.39,7.74,0,-69.5,5.64,17.173,0,4.41,0,1.202,2.66,0,10.41
1/25/2026,22:30, ,gtmpiwq_20H100464_012126_050000.bin,Pine Island,GTMNERR,0,38.396,0,24.46,0,2.736,0,101.3,0,8.43,0,95.01,31.86,7.74,0,-69.9,5.63,17.127,0,6.01,0,1.2,2.89,0,11.33
1/25/2026,22:45, ,gtmpiwq_20H100464_012126_050000.bin,Pine Island,GTMNERR,0,38.924,0,24.83,0,2.812,0,101.3,0,8.41,0,92.71,31.09,7.75,0,-70.4,5.62,17.113,0,4.04,0,1.198,2.77,0,10.84
1/25/2026,23:00, ,gtmpiwq_20H100464_012126_050000.bin,Pine Island,GTMNERR,0,39.352,0,25.14,0,2.885,0,101.2,0,8.39,0,91.01,30.52,7.76,0,-70.6,5.64,17.098,0,4.3,0,1.197,2.57,0,10.04
1/25/2026,23:15, ,gtmpiwq_20H100464_012126_050000.bin,Pine Island,GTMNERR,0,39.645,0,25.34,0,2.958,0,101.1,0,8.37,0,89.35,29.97,7.76,0,-71,5.62,17.09,0,3.78,0,1.195,2.7,0,10.55
1/25/2026,23:30, ,gtmpiwq_20H100464_012126_050000.bin,Pine Island,GTMNERR,0,39.916,0,25.53,0,3.025,0,100.7,0,8.32,0,88.23,29.59,7.76,0,-70.8,5.63,17.161,0,3.92,0,1.192,2.64,0,10.32
1/25/2026,23:45, ,gtmpiwq_20H100464_012126_050000.bin,Pine Island,GTMNERR,0,40.155,0,25.7,0,3.09,0,100.8,0,8.32,0,86.77,29.11,7.76,0,-71.1,5.61,17.143,0,4.25,0,1.193,2.35,0,9.15
1/26/2026,0:00, ,gtmpiwq_20H100464_012126_050000.bin,Pine Island,GTMNERR,0,40.301,0,25.81,0,3.156,0,101,0,8.34,0,85.97,28.84,7.77,0,-71.4,5.62,17.079,0,4.31,0,1.185,2.35,0,9.14
1/26/2026,0:15, ,gtmpiwq_20H100464_012126_050000.bin,Pine Island,GTMNERR,0,40.802,0,26.16,0,3.215,0,100.7,0,8.29,0,83.44,28,7.77,0,-71.6,5.64,17.146,0,4.03,0,1.189,2.29,0,8.93
1/26/2026,0:30, ,gtmpiwq_20H100464_012126_050000.bin,Pine Island,GTMNERR,0,41.099,0,26.37,0,3.28,0,100.8,0,8.28,0,81.9,27.48,7.78,0,-72,5.61,17.142,0,3.81,0,1.193,2.27,0,8.82
1/26/2026,0:45, ,gtmpiwq_20H100464_012126_050000.bin,Pine Island,GTMNERR,0,41.287,0,26.51,0,3.346,0,100.8,0,8.28,0,80.9,27.15,7.78,0,-72.1,5.62,17.134,0,3.86,0,1.187,2.39,0,9.32
1/26/2026,1:00, ,gtmpiwq_20H100464_012126_050000.bin,Pine Island,GTMNERR,0,41.529,0,26.68,0,3.414,0,100.8,0,8.28,0,79.31,26.62,7.79,0,-72.5,5.62,17.122,0,3.72,0,1.185,2.26,0,8.8
1/26/2026,1:15, ,gtmpiwq_20H100464_012126_050000.bin,Pine Island,GTMNERR,0,42.045,0,27.05,0,3.473,0,101,0,8.27,0,76.45,25.66,7.8,0,-73.1,5.61,17.102,0,3.92,0,1.189,2.28,0,8.86
1/26/2026,1:30, ,gtmpiwq_20H100464_012126_050000.bin,Pine Island,GTMNERR,0,42.413,0,27.31,0,3.53,0,101.1,0,8.27,0,74.17,24.9,7.8,0,-73.5,5.63,17.098,0,4.18,0,1.192,2.07,0,8.03
1/26/2026,1:45, ,gtmpiwq_20H100464_012126_050000.bin,Pine Island,GTMNERR,0,42.659,0,27.49,0,3.578,0,101.1,0,8.26,0,72.26,24.27,7.81,0,-73.9,5.61,17.097,0,5.01,0,1.186,2.12,0,8.22
1/26/2026,2:00, ,gtmpiwq_20H100464_012126_050000.bin,Pine Island,GTMNERR,0,42.916,0,27.67,0,3.619,0,100.9,0,8.24,0,71.1,23.88,7.81,0,-74,5.64,17.095,0,4.56,0,1.187,2.11,0,8.19
1/26/2026,2:15, ,gtmpiwq_20H100464_012126_050000.bin,Pine Island,GTMNERR,0,43.203,0,27.87,0,3.652,0,100.9,0,8.23,0,68.93,23.15,7.82,0,-74.3,5.61,17.077,0,3.23,0,1.186,2.07,0,8.02
1/26/2026,2:30, ,gtmpiwq_20H100464_012126_050000.bin,Pine Island,GTMNERR,0,43.346,0,27.98,0,3.677,0,100.8,0,8.22,0,68.31,22.95,7.82,0,-74.4,5.61,17.066,0,3.76,0,1.191,1.97,0,7.62
1/26/2026,2:45, ,gtmpiwq_20H100464_012126_050000.bin,Pine Island,GTMNERR,0,43.54,0,28.11,0,3.699,0,100.7,0,8.2,0,67.29,22.61,7.82,0,-74.6,5.63,17.059,0,2.62,0,1.194,2.09,0,8.13
1/26/2026,3:00, ,gtmpiwq_20H100464_012126_050000.bin,Pine Island,GTMNERR,0,43.504,0,28.09,0,3.709,0,99.9,0,8.13,0,65.41,21.98,7.82,0,-74.3,5.61,17.085,0,2.49,0,1.189,2.13,0,8.26
1/26/2026,3:15, ,gtmpiwq_20H100464_012126_050000.bin,Pine Island,GTMNERR,0,43.684,0,28.22,0,3.711,0,99.3,0,8.08,0,66.04,22.19,7.82,0,-74.2,5.61,17.084,0,2.56,0,1.188,2.06,0,7.99
1/26/2026,3:30, ,gtmpiwq_20H100464_012126_050000.bin,Pine Island,GTMNERR,0,43.762,0,28.27,0,3.701,0,99.1,0,8.07,0,65.1,21.88,7.82,0,-74.5,5.6,17.068,0,2.41,0,1.187,2.02,0,7.83
1/26/2026,3:45, ,gtmpiwq_20H100464_012126_050000.bin,Pine Island,GTMNERR,0,43.596,0,28.16,0,3.668,0,98.2,0,8,0,63.59,21.37,7.82,0,-74.4,5.61,17.068,0,2.25,0,1.185,2.11,0,8.2
1/26/2026,4:00, ,gtmpiwq_20H100464_012126_050000.bin,Pine Island,GTMNERR,0,43.523,0,28.1,0,3.622,0,98.8,0,8.05,0,65.78,22.1,7.82,0,-74.5,5.62,17.075,0,2.46,0,1.193,2.03,0,7.87
1/26/2026,4:15, ,gtmpiwq_20H100464_012126_050000.bin,Pine Island,GTMNERR,0,43.308,0,27.95,0,3.569,0,99.7,0,8.13,0,68.23,22.92,7.82,0,-74.4,5.6,17.093,0,2.68,0,1.193,1.77,0,6.82
1/26/2026,4:30, ,gtmpiwq_20H100464_012126_050000.bin,Pine Island,GTMNERR,0,43.104,0,27.8,0,3.513,0,99.9,0,8.15,0,70.24,23.59,7.82,0,-74.2,5.61,17.117,0,3.59,0,1.186,1.74,0,6.72
1/26/2026,4:45, ,gtmpiwq_20H100464_012126_050000.bin,Pine Island,GTMNERR,0,42.767,0,27.56,0,3.453,0,99.8,0,8.15,0,72.38,24.3,7.81,0,-73.8,5.61,17.129,0,3.39,0,1.191,1.79,0,6.91
1/26/2026,5:00, ,gtmpiwq_20H100464_012126_050000.bin,Pine Island,GTMNERR,0,42.278,0,27.21,0,3.386,0,99.5,0,8.14,0,74.82,25.12,7.8,0,-73.3,5.61,17.143,0,4.64,0,1.202,1.8,0,6.97
1/26/2026,5:15, ,gtmpiwq_20H100464_012126_050000.bin,Pine Island,GTMNERR,0,41.969,0,26.99,0,3.32,0,99.4,0,8.14,0,77.08,25.87,7.79,0,-72.9,5.61,17.162,0,3.32,0,1.194,1.78,0,6.85
1/26/2026,5:30, ,gtmpiwq_20H100464_012126_050000.bin,Pine Island,GTMNERR,0,41.508,0,26.66,0,3.258,0,99.1,0,8.12,0,79.53,26.69,7.78,0,-72.3,5.6,17.197,0,3.5,0,1.185,2.01,0,7.79
1/26/2026,5:45, ,gtmpiwq_20H100464_012126_050000.bin,Pine Island,GTMNERR,0,40.782,0,26.15,0,3.195,0,98.5,0,8.08,0,83.23,27.92,7.77,0,-71.4,5.61,17.289,0,4.2,0,1.195,1.88,0,7.28
1/26/2026,6:00, ,gtmpiwq_20H100464_012126_050000.bin,Pine Island,GTMNERR,0,40.592,0,26.01,0,3.131,0,98.7,0,8.11,0,84.33,28.29,7.77,0,-71.2,5.6,17.285,0,4.38,0,1.198,1.86,0,7.2
1/26/2026,6:15, ,gtmpiwq_20H100464_012126_050000.bin,Pine Island,GTMNERR,0,40.364,0,25.85,0,3.066,0,98.3,0,8.08,0,85.41,28.65,7.76,0,-70.7,5.6,17.3,0,5.03,0,1.192,1.88,0,7.26
1/26/2026,6:30, ,gtmpiwq_20H100464_012126_050000.bin,Pine Island,GTMNERR,0,40.125,0,25.68,0,2.994,0,98.1,0,8.07,0,86.51,29.02,7.75,0,-70.6,5.61,17.32,0,5.31,0,1.19,1.88,0,7.26
1/26/2026,6:45, ,gtmpiwq_20H100464_012126_050000.bin,Pine Island,GTMNERR,0,39.853,0,25.49,0,2.92,0,97.7,0,8.04,0,88.1,29.55,7.74,0,-70,5.6,17.343,0,4.54,0,1.186,1.95,0,7.54
1/26/2026,7:00, ,gtmpiwq_20H100464_012126_050000.bin,Pine Island,GTMNERR,0,39.57,0,25.29,0,2.839,0,97.5,0,8.03,0,89.61,30.05,7.74,0,-69.8,5.61,17.363,0,4.65,0,1.187,1.93,0,7.48
1/26/2026,7:15, ,gtmpiwq_20H100464_012126_050000.bin,Pine Island,GTMNERR,0,39.267,0,25.08,0,2.755,0,96.9,0,7.99,0,91.22,30.59,7.73,0,-69.2,5.6,17.384,0,4.87,0,1.192,1.83,0,7.08
1/26/2026,7:30, ,gtmpiwq_20H100464_012126_050000.bin,Pine Island,GTMNERR,0,38.945,0,24.85,0,2.671,0,96.7,0,7.98,0,92.92,31.16,7.72,0,-68.8,5.6,17.41,0,5.21,0,1.201,1.86,0,7.18
1/26/2026,7:45, ,gtmpiwq_20H100464_012126_050000.bin,Pine Island,GTMNERR,0,38.591,0,24.6,0,2.583,0,96.2,0,7.95,0,94.45,31.67,7.71,0,-68.1,5.61,17.439,0,4.88,0,1.198,1.75,0,6.75
1/26/2026,8:00, ,gtmpiwq_20H100464_012126_050000.bin,Pine Island,GTMNERR,0,38.271,0,24.37,0,2.5,0,95.6,0,7.9,0,95.94,32.17,7.7,0,-67.6,5.6,17.478,0,5.07,0,1.187,1.73,0,6.67
1/26/2026,8:15, ,gtmpiwq_20H100464_012126_050000.bin,Pine Island,GTMNERR,0,37.976,0,24.17,0,2.416,0,94.6,0,7.82,0,97.27,32.61,7.69,0,-66.6,5.6,17.533,0,5.55,0,1.191,1.67,0,6.41
1/26/2026,8:30, ,gtmpiwq_20H100464_012126_050000.bin,Pine Island,GTMNERR,0,37.654,0,23.94,0,2.346,0,93.8,0,7.76,0,98.76,33.11,7.68,0,-66,5.6,17.566,0,5.38,0,1.197,1.59,0,6.12
1/26/2026,8:45, ,gtmpiwq_20H100464_012126_050000.bin,Pine Island,GTMNERR,0,37.503,0,23.84,0,2.295,0,93.6,0,7.75,0,99.87,33.48,7.67,0,-65.5,5.6,17.597,0,5.46,0,1.19,1.71,0,6.6
1/26/2026,9:00, ,gtmpiwq_20H100464_012126_050000.bin,Pine Island,GTMNERR,0,37.217,0,23.63,0,2.253,0,93.2,0,7.72,0,100.95,33.84,7.66,0,-65.2,5.61,17.614,0,5.51,0,1.198,1.78,0,6.88
1/26/2026,9:15, ,gtmpiwq_20H100464_012126_050000.bin,Pine Island,GTMNERR,0,37.183,0,23.61,0,2.245,0,93.2,0,7.72,0,101.81,34.13,7.66,0,-65.1,5.6,17.624,0,3.89,0,1.189,2.14,0,8.3
1/26/2026,9:30, ,gtmpiwq_20H100464_012126_050000.bin,Pine Island,GTMNERR,0,37.096,0,23.55,0,2.264,0,92.1,0,7.63,0,101.76,34.11,7.65,0,-64.4,5.61,17.633,0,3.9,0,1.187,1.71,0,6.57
1/26/2026,9:45, ,gtmpiwq_20H100464_012126_050000.bin,Pine Island,GTMNERR,0,37.053,0,23.52,0,2.295,0,92.9,0,7.69,0,100.04,33.54,7.65,0,-64.6,5.6,17.637,0,2.96,0,1.191,1.88,0,7.25
1/26/2026,10:00, ,gtmpiwq_20H100464_012126_050000.bin,Pine Island,GTMNERR,0,37.833,0,24.07,0,2.341,0,94.1,0,7.77,0,99.34,33.3,7.67,0,-65.8,5.6,17.621,0,3.42,0,1.192,1.8,0,6.97
1/26/2026,10:15, ,gtmpiwq_20H100464_012126_050000.bin,Pine Island,GTMNERR,0,38.415,0,24.48,0,2.4,0,94.1,0,7.76,0,96.33,32.3,7.68,0,-66.4,5.6,17.58,0,3.57,0,1.191,1.85,0,7.14
1/26/2026,10:30, ,gtmpiwq_20H100464_012126_050000.bin,Pine Island,GTMNERR,0,38.265,0,24.37,0,2.478,0,94.4,0,7.78,0,95.71,32.09,7.68,0,-66.4,5.6,17.575,0,4.7,0,1.198,1.8,0,6.94
1/26/2026,10:45, ,gtmpiwq_20H100464_012126_050000.bin,Pine Island,GTMNERR,0,38.122,0,24.27,0,2.559,0,95,0,7.84,0,96.72,32.43,7.68,0,-66.5,5.61,17.603,0,4.26,0,1.183,1.87,0,7.22
1/26/2026,11:00, ,gtmpiwq_20H100464_012126_050000.bin,Pine Island,GTMNERR,0,38.452,0,24.5,0,2.638,0,96,0,7.9,0,95.33,31.96,7.7,0,-67.1,5.6,17.62,0,4.55,0,1.186,2,0,7.77
1/26/2026,11:15, ,gtmpiwq_20H100464_012126_050000.bin,Pine Island,GTMNERR,0,38.675,0,24.66,0,2.718,0,96.1,0,7.91,0,94.67,31.74,7.7,0,-67.3,5.6,17.602,0,3.67,0,1.196,2.08,0,8.06
1/26/2026,11:30, ,gtmpiwq_20H100464_012126_050000.bin,Pine Island,GTMNERR,0,38.834,0,24.77,0,2.795,0,96.1,0,7.91,0,93.76,31.44,7.7,0,-67.6,5.6,17.567,0,5.23,0,1.193,1.82,0,7.04
1/26/2026,11:45, ,gtmpiwq_20H100464_012126_050000.bin,Pine Island,GTMNERR,0,39.258,0,25.07,0,2.86,0,97.6,0,8.01,0,91.07,30.54,7.72,0,-68.7,5.6,17.594,0,6.1,0,1.195,2.01,0,7.8
1/26/2026,12:00, ,gtmpiwq_20H100464_012126_050000.bin,Pine Island,GTMNERR,0,39.593,0,25.31,0,2.919,0,97.5,0,8,0,89.99,30.18,7.73,0,-69,5.6,17.592,0,3.2,0,1.198,1.99,0,7.71
1/26/2026,12:15, ,gtmpiwq_20H100464_012126_050000.bin,Pine Island,GTMNERR,0,39.712,0,25.39,0,2.97,0,97.8,0,8.01,0,88.85,29.8,7.73,0,-69.3,5.6,17.592,0,3.29,0,1.186,2.06,0,7.99
1/26/2026,12:30, ,gtmpiwq_20H100464_012126_050000.bin,Pine Island,GTMNERR,0,39.896,0,25.52,0,3.028,0,98.1,0,8.03,0,87.72,29.42,7.74,0,-69.6,5.6,17.598,0,3.77,0,1.191,1.87,0,7.23
1/26/2026,12:45, ,gtmpiwq_20H100464_012126_050000.bin,Pine Island,GTMNERR,0,40.089,0,25.66,0,3.091,0,98.4,0,8.05,0,86.98,29.18,7.74,0,-69.7,5.6,17.629,0,4.04,0,1.191,1.97,0,7.65
1/26/2026,13:00, ,gtmpiwq_20H100464_012126_050000.bin,Pine Island,GTMNERR,0,40.29,0,25.8,0,3.146,0,98.3,0,8.03,0,85.45,28.67,7.74,0,-69.9,5.59,17.655,0,4.02,0,1.192,1.98,0,7.66
1/26/2026,13:15, ,gtmpiwq_20H100464_012126_050000.bin,Pine Island,GTMNERR,0,40.44,0,25.91,0,3.199,0,98.8,0,8.07,0,84.57,28.37,7.75,0,-70.3,5.6,17.647,0,3.77,0,1.186,1.95,0,7.54
1/26/2026,13:30, ,gtmpiwq_20H100464_012126_050000.bin,Pine Island,GTMNERR,0,40.625,0,26.04,0,3.247,0,99.4,0,8.11,0,85.11,28.55,7.76,0,-70.8,5.6,17.656,0,4.43,0,1.195,2.09,0,8.1
1/26/2026,13:45, ,gtmpiwq_20H100464_012126_050000.bin,Pine Island,GTMNERR,0,40.911,0,26.24,0,3.296,0,99.4,0,8.09,0,82.14,27.56,7.76,0,-71,5.6,17.658,0,3.44,0,1.192,2.04,0,7.93
1/26/2026,14:00, ,gtmpiwq_20H100464_012126_050000.bin,Pine Island,GTMNERR,0,41.106,0,26.38,0,3.34,0,99.4,0,8.09,0,80.83,27.12,7.76,0,-71.2,5.6,17.662,0,3.06,0,1.191,2.1,0,8.16
1/26/2026,14:15, ,gtmpiwq_20H100464_012126_050000.bin,Pine Island,GTMNERR,0,41.252,0,26.48,0,3.376,0,99.8,0,8.11,0,79.48,26.68,7.77,0,-71.4,5.59,17.689,0,3.07,0,1.197,2.04,0,7.93
1/26/2026,14:30, ,gtmpiwq_20H100464_012126_050000.bin,Pine Island,GTMNERR,0,41.355,0,26.56,0,3.41,0,100,0,8.12,0,79.34,26.63,7.77,0,-71.8,5.6,17.694,0,3.02,0,1.197,2.09,0,8.11
1/26/2026,14:45, ,gtmpiwq_20H100464_012126_050000.bin,Pine Island,GTMNERR,0,41.467,0,26.64,0,3.433,0,100.1,0,8.13,0,77.8,26.11,7.78,0,-71.9,5.59,17.697,0,2.59,0,1.19,2.19,0,8.53
1/26/2026,15:00, ,gtmpiwq_20H100464_012126_050000.bin,Pine Island,GTMNERR,0,41.584,0,26.72,0,3.453,0,100.4,0,8.14,0,75.51,25.35,7.78,0,-72.1,5.59,17.702,0,2.52,0,1.186,2.25,0,8.74
1/26/2026,15:15, ,gtmpiwq_20H100464_012126_050000.bin,Pine Island,GTMNERR,0,41.645,0,26.76,0,3.455,0,99.3,0,8.05,0,76.99,25.84,7.78,0,-72,5.6,17.69,0,2.48,0,1.199,2.42,0,9.43
1/26/2026,15:30, ,gtmpiwq_20H100464_012126_050000.bin,Pine Island,GTMNERR,0,41.672,0,26.78,0,3.433,0,98.4,0,7.98,0,75.74,25.43,7.77,0,-71.6,5.59,17.692,0,2.38,0,1.203,2.26,0,8.8
1/26/2026,15:45, ,gtmpiwq_20H100464_012126_050000.bin,Pine Island,GTMNERR,0,41.543,0,26.69,0,3.399,0,99.4,0,8.07,0,75.72,25.42,7.78,0,-72.3,5.6,17.692,0,2.43,0,1.192,2.36,0,9.2
1/26/2026,16:00, ,gtmpiwq_20H100464_012126_050000.bin,Pine Island,GTMNERR,0,41.258,0,26.49,0,3.346,0,100.3,0,8.15,0,78.39,26.31,7.78,0,-72.3,5.59,17.699,0,3.19,0,1.188,2.4,0,9.37
1/26/2026,16:15, ,gtmpiwq_20H100464_012126_050000.bin,Pine Island,GTMNERR,0,40.913,0,26.24,0,3.284,0,100.7,0,8.19,0,81.66,27.4,7.78,0,-72,5.59,17.739,0,2.98,0,1.185,1.92,0,7.43
1/26/2026,16:30, ,gtmpiwq_20H100464_012126_050000.bin,Pine Island,GTMNERR,0,40.612,0,26.03,0,3.224,0,100.7,0,8.19,0,83.3,27.95,7.77,0,-71.8,5.6,17.8,0,3.47,0,1.185,1.95,0,7.57
1/26/2026,16:45, ,gtmpiwq_20H100464_012126_050000.bin,Pine Island,GTMNERR,0,40.236,0,25.76,0,3.162,0,100.6,0,8.19,0,84.98,28.51,7.77,0,-71.3,5.59,17.817,0,4.98,0,1.198,2.04,0,7.91
1/26/2026,17:00, ,gtmpiwq_20H100464_012126_050000.bin,Pine Island,GTMNERR,0,40.151,0,25.7,0,3.104,0,99.5,0,8.11,0,85.83,28.79,7.76,0,-70.9,5.6,17.797,0,3.73,0,1.185,1.9,0,7.34
1/26/2026,17:15, ,gtmpiwq_20H100464_012126_050000.bin,Pine Island,GTMNERR,0,39.941,0,25.55,0,3.039,0,99.5,0,8.12,0,87.21,29.25,7.76,0,-70.7,5.59,17.779,0,3.96,0,1.187,1.93,0,7.45
1/26/2026,17:30, ,gtmpiwq_20H100464_012126_050000.bin,Pine Island,GTMNERR,0,39.505,0,25.25,0,2.976,0,99.9,0,8.17,0,89.08,29.88,7.75,0,-70.6,5.59,17.785,0,4.57,0,1.197,2.03,0,7.85
1/26/2026,17:45, ,gtmpiwq_20H100464_012126_050000.bin,Pine Island,GTMNERR,0,39.257,0,25.07,0,2.91,0,99.7,0,8.16,0,90.36,30.3,7.75,0,-70.3,5.6,17.779,0,4.65,0,1.198,2.1,0,8.16
1/26/2026,18:00, ,gtmpiwq_20H100464_012126_050000.bin,Pine Island,GTMNERR,0,38.939,0,24.85,0,2.836,0,99.1,0,8.12,0,92.28,30.94,7.74,0,-70,5.59,17.767,0,4.58,0,1.193,2.17,0,8.44
1/26/2026,18:15, ,gtmpiwq_20H100464_012126_050000.bin,Pine Island,GTMNERR,0,38.465,0,24.51,0,2.765,0,99.1,0,8.14,0,94.71,31.76,7.73,0,-69.4,5.59,17.765,0,5.15,0,1.195,2.28,0,8.86
1/26/2026,18:30, ,gtmpiwq_20H100464_012126_050000.bin,Pine Island,GTMNERR,0,38.006,0,24.19,0,2.695,0,98.8,0,8.13,0,96.75,32.44,7.73,0,-69,5.59,17.781,0,5,0,1.2,2.34,0,9.11
1/26/2026,18:45, ,gtmpiwq_20H100464_012126_050000.bin,Pine Island,GTMNERR,0,37.555,0,23.87,0,2.621,0,98.4,0,8.1,0,99.23,33.26,7.72,0,-68.5,5.59,17.8,0,5.23,0,1.193,2.32,0,9.05
1/26/2026,19:00, ,gtmpiwq_20H100464_012126_050000.bin,Pine Island,GTMNERR,0,37.177,0,23.61,0,2.546,0,98.2,0,8.1,0,100.55,33.71,7.71,0,-68.2,5.6,17.818,0,5.51,0,1.198,2.4,0,9.38
1/26/2026,19:15, ,gtmpiwq_20H100464_012126_050000.bin,Pine Island,GTMNERR,0,36.826,0,23.36,0,2.466,0,98.3,0,8.12,0,101.93,34.17,7.71,0,-68,5.59,17.816,0,6.79,0,1.194,2.56,0,10
1/26/2026,19:30, ,gtmpiwq_20H100464_012126_050000.bin,Pine Island,GTMNERR,0,36.5,0,23.13,0,2.398,0,97.8,0,8.1,0,103.09,34.55,7.7,0,-67.7,5.6,17.805,0,7.24,0,1.193,2.5,0,9.77
1/26/2026,19:45, ,gtmpiwq_20H100464_012126_050000.bin,Pine Island,GTMNERR,0,36.252,0,22.96,0,2.335,0,97.4,0,8.07,0,104.54,35.04,7.7,0,-67.4,5.59,17.767,0,8.01,0,1.193,2.47,0,9.63
1/26/2026,20:00, ,gtmpiwq_20H100464_012126_050000.bin,Pine Island,GTMNERR,0,36.025,0,22.8,0,2.274,0,96.8,0,8.03,0,105.15,35.24,7.69,0,-67.1,5.59,17.731,0,7.15,0,1.187,2.53,0,9.87
1/26/2026,20:15, ,gtmpiwq_20H100464_012126_050000.bin,Pine Island,GTMNERR,0,35.849,0,22.68,0,2.217,0,96.3,0,8.01,0,106.47,35.68,7.69,0,-66.9,5.6,17.679,0,8.52,0,1.194,2.68,0,10.47
1/26/2026,20:30, ,gtmpiwq_20H100464_012126_050000.bin,Pine Island,GTMNERR,0,35.625,0,22.52,0,2.159,0,93.6,0,7.8,0,107.9,36.16,7.68,0,-66.5,5.59,17.624,0,6.75,0,1.194,2.78,0,10.88
1/26/2026,20:45, ,gtmpiwq_20H100464_012126_050000.bin,Pine Island,GTMNERR,0,35.435,0,22.39,0,2.112,0,93.4,0,7.8,0,108.96,36.51,7.68,0,-66.5,5.6,17.57,0,6.25,0,1.197,2.74,0,10.71
1/26/2026,21:00, ,gtmpiwq_20H100464_012126_050000.bin,Pine Island,GTMNERR,0,35.312,0,22.3,0,2.079,0,95.7,0,8,0,110.54,37.04,7.68,0,-66.5,5.59,17.498,0,5.05,0,1.197,2.81,0,11
1/26/2026,21:15, ,gtmpiwq_20H100464_012126_050000.bin,Pine Island,GTMNERR,0,35.255,0,22.26,0,2.071,0,95.4,0,7.99,0,110.12,36.9,7.68,0,-66.4,5.59,17.453,0,4.53,0,1.186,2.7,0,10.58
1/26/2026,21:30, ,gtmpiwq_20H100464_012126_050000.bin,Pine Island,GTMNERR,0,35.21,0,22.23,0,2.106,0,95.4,0,7.99,0,110.15,36.91,7.68,0,-66.3,5.59,17.439,0,4.17,0,1.188,2.72,0,10.63
1/26/2026,21:45, ,gtmpiwq_20H100464_012126_050000.bin,Pine Island,GTMNERR,0,36.334,0,23.02,0,2.185,0,97.7,0,8.15,0,105.62,35.4,7.72,0,-68.4,5.58,17.397,0,5.1,0,1.202,2.61,0,10.18
1/26/2026,22:00, ,gtmpiwq_20H100464_012126_050000.bin,Pine Island,GTMNERR,0,37.053,0,23.52,0,2.27,0,98.4,0,8.17,0,102.12,34.23,7.73,0,-68.9,5.59,17.485,0,4.39,0,1.186,2.6,0,10.16
1/26/2026,22:15, ,gtmpiwq_20H100464_012126_050000.bin,Pine Island,GTMNERR,0,36.985,0,23.47,0,2.372,0,98.1,0,8.14,0,100.28,33.61,7.72,0,-68.7,5.59,17.548,0,7.2,0,1.194,2.76,0,10.81
1/26/2026,22:30, ,gtmpiwq_20H100464_012126_050000.bin,Pine Island,GTMNERR,0,36.588,0,23.19,0,2.462,0,97.6,0,8.13,0,104.07,34.88,7.71,0,-68.2,5.59,17.46,0,6.28,0,1.194,2.58,0,10.06
1/26/2026,22:45, ,gtmpiwq_20H100464_012126_050000.bin,Pine Island,GTMNERR,0,36.716,0,23.28,0,2.563,0,97.5,0,8.14,0,103.52,34.69,7.72,0,-68.5,5.59,17.307,0,5.83,0,1.192,2.61,0,10.2
1/26/2026,23:00, ,gtmpiwq_20H100464_012126_050000.bin,Pine Island,GTMNERR,0,37.113,0,23.56,0,2.652,0,97.8,0,8.14,0,101.3,33.95,7.72,0,-68.7,5.58,17.336,0,5.75,0,1.198,2.56,0,9.98
1/26/2026,23:15, ,gtmpiwq_20H100464_012126_050000.bin,Pine Island,GTMNERR,0,37.429,0,23.78,0,2.734,0,97.5,0,8.14,0,101.34,33.97,7.73,0,-69.2,5.59,17.163,0,4.57,0,1.188,2.48,0,9.69
1/26/2026,23:30, ,gtmpiwq_20H100464_012126_050000.bin,Pine Island,GTMNERR,0,37.866,0,24.09,0,2.813,0,98.1,0,8.17,0,99.12,33.23,7.74,0,-69.7,5.59,17.18,0,4.51,0,1.191,2.53,0,9.9
1/26/2026,23:45, ,gtmpiwq_20H100464_012126_050000.bin,Pine Island,GTMNERR,0,38.203,0,24.33,0,2.889,0,98,0,8.16,0,97.09,32.55,7.75,0,-70.1,5.58,17.109,0,4.4,0,1.192,2.48,0,9.68
1/27/2026,0:00, ,gtmpiwq_20H100464_012126_050000.bin,Pine Island,GTMNERR,0,38.59,0,24.6,0,2.962,0,98.1,0,8.17,0,95.49,32.01,7.76,0,-70.7,5.59,17.009,0,3.33,0,1.187,2.57,0,10.04
1/27/2026,0:15, ,gtmpiwq_20H100464_012126_050000.bin,Pine Island,GTMNERR,0,38.942,0,24.84,0,3.034,0,98.1,0,8.17,0,93.4,31.32,7.76,0,-71.1,5.58,16.921,0,4.15,0,1.19,2.42,0,9.43
1/27/2026,0:30, ,gtmpiwq_20H100464_012126_050000.bin,Pine Island,GTMNERR,0,39.227,0,25.05,0,3.105,0,98,0,8.17,0,92.45,31,7.77,0,-71.6,5.59,16.812,0,4.19,0,1.202,2.43,0,9.5
1/27/2026,0:45, ,gtmpiwq_20H100464_012126_050000.bin,Pine Island,GTMNERR,0,39.513,0,25.25,0,3.174,0,98.3,0,8.18,0,90.41,30.32,7.77,0,-71.7,5.58,16.853,0,5,0,1.195,2.4,0,9.35
1/27/2026,1:00, ,gtmpiwq_20H100464_012126_050000.bin,Pine Island,GTMNERR,0,40.017,0,25.6,0,3.236,0,98.3,0,8.16,0,87.88,29.48,7.78,0,-72.3,5.58,16.849,0,5.09,0,1.187,2.33,0,9.06
1/27/2026,1:15, ,gtmpiwq_20H100464_012126_050000.bin,Pine Island,GTMNERR,0,40.227,0,25.75,0,3.299,0,98.2,0,8.16,0,87.03,29.19,7.78,0,-72.3,5.59,16.801,0,4.36,0,1.193,2.31,0,9.01
1/27/2026,1:30, ,gtmpiwq_20H100464_012126_050000.bin,Pine Island,GTMNERR,0,40.398,0,25.87,0,3.359,0,98.3,0,8.15,0,86.01,28.85,7.79,0,-72.5,5.58,16.806,0,4.29,0,1.195,2.39,0,9.31
1/27/2026,1:45, ,gtmpiwq_20H100464_012126_050000.bin,Pine Island,GTMNERR,0,40.701,0,26.09,0,3.412,0,98.3,0,8.15,0,84.36,28.3,7.8,0,-73,5.59,16.762,0,4.44,0,1.192,2.23,0,8.69
1/27/2026,2:00, ,gtmpiwq_20H100464_012126_050000.bin,Pine Island,GTMNERR,0,40.953,0,26.27,0,3.472,0,98.1,0,8.15,0,83.12,27.89,7.8,0,-73.3,5.58,16.627,0,3.76,0,1.193,2.23,0,8.69
1/27/2026,2:15, ,gtmpiwq_20H100464_012126_050000.bin,Pine Island,GTMNERR,0,41.352,0,26.55,0,3.526,0,98.1,0,8.14,0,80.88,27.14,7.81,0,-73.7,5.58,16.599,0,3.93,0,1.191,2.26,0,8.8
1/27/2026,2:30, ,gtmpiwq_20H100464_012126_050000.bin,Pine Island,GTMNERR,0,41.803,0,26.87,0,3.583,0,98,0,8.13,0,78.4,26.31,7.81,0,-74,5.58,16.551,0,4.13,0,1.195,2.27,0,8.83
1/27/2026,2:45, ,gtmpiwq_20H100464_012126_050000.bin,Pine Island,GTMNERR,0,41.998,0,27.01,0,3.636,0,97.9,0,8.12,0,77,25.85,7.82,0,-74.2,5.58,16.503,0,4.08,0,1.191,2.22,0,8.64
1/27/2026,3:00, ,gtmpiwq_20H100464_012126_050000.bin,Pine Island,GTMNERR,0,42.21,0,27.16,0,3.682,0,97.9,0,8.11,0,76.08,25.54,7.82,0,-74.5,5.58,16.492,0,3.46,0,1.186,2.27,0,8.84
1/27/2026,3:15, ,gtmpiwq_20H100464_012126_050000.bin,Pine Island,GTMNERR,0,42.374,0,27.28,0,3.722,0,97.7,0,8.09,0,75.06,25.2,7.82,0,-74.5,5.58,16.49,0,3.92,0,1.184,2.02,0,7.82
1/27/2026,3:30, ,gtmpiwq_20H100464_012126_050000.bin,Pine Island,GTMNERR,0,42.578,0,27.42,0,3.757,0,97.6,0,8.08,0,73.84,24.79,7.82,0,-74.6,5.58,16.5,0,3.39,0,1.194,2.18,0,8.48
1/27/2026,3:45, ,gtmpiwq_20H100464_012126_050000.bin,Pine Island,GTMNERR,0,42.754,0,27.55,0,3.788,0,97.6,0,8.06,0,72.6,24.38,7.82,0,-74.6,5.58,16.509,0,2.93,0,1.202,2.04,0,7.91
1/27/2026,4:00, ,gtmpiwq_20H100464_012126_050000.bin,Pine Island,GTMNERR,0,42.943,0,27.68,0,3.808,0,97.2,0,8.04,0,71.74,24.09,7.83,0,-74.7,5.57,16.438,0,2.67,0,1.195,2.12,0,8.25
1/27/2026,4:15, ,gtmpiwq_20H100464_012126_050000.bin,Pine Island,GTMNERR,0,43.165,0,27.84,0,3.819,0,96.7,0,7.99,0,70.46,23.67,7.83,0,-74.7,5.58,16.423,0,2.65,0,1.189,2.1,0,8.15
1/27/2026,4:30, ,gtmpiwq_20H100464_012126_050000.bin,Pine Island,GTMNERR,0,43.287,0,27.93,0,3.819,0,96.2,0,7.95,0,68.75,23.09,7.83,0,-74.7,5.58,16.412,0,2.61,0,1.197,2,0,7.74
1/27/2026,4:45, ,gtmpiwq_20H100464_012126_050000.bin,Pine Island,GTMNERR,0,43.352,0,27.97,0,3.8,0,93.9,0,7.76,0,66.77,22.43,7.82,0,-74.1,5.58,16.408,0,2.73,0,1.187,2.04,0,7.93
1/27/2026,5:00, ,gtmpiwq_20H100464_012126_050000.bin,Pine Island,GTMNERR,0,43.074,0,27.78,0,3.769,0,95.5,0,7.9,0,68.66,23.06,7.83,0,-74.9,5.58,16.36,0,2.72,0,1.195,1.99,0,7.69
1/27/2026,5:15, ,gtmpiwq_20H100464_012126_050000.bin,Pine Island,GTMNERR,0,42.847,0,27.61,0,3.722,0,96,0,7.96,0,70.31,23.61,7.83,0,-74.9,5.57,16.34,0,2.58,0,1.193,1.97,0,7.63
1/27/2026,5:30, ,gtmpiwq_20H100464_012126_050000.bin,Pine Island,GTMNERR,0,42.526,0,27.38,0,3.662,0,96.5,0,8.03,0,73.7,24.75,7.83,0,-74.8,5.58,16.217,0,3.32,0,1.187,1.71,0,6.59
1/27/2026,5:45, ,gtmpiwq_20H100464_012126_050000.bin,Pine Island,GTMNERR,0,42.353,0,27.26,0,3.605,0,96.5,0,8.02,0,75.26,25.27,7.82,0,-74.6,5.57,16.276,0,3.37,0,1.19,2.14,0,8.32
1/27/2026,6:00, ,gtmpiwq_20H100464_012126_050000.bin,Pine Island,GTMNERR,0,41.937,0,26.96,0,3.548,0,95.9,0,7.99,0,77.89,26.14,7.82,0,-74.3,5.57,16.225,0,3.27,0,1.202,2.04,0,7.91
1/27/2026,6:15, ,gtmpiwq_20H100464_012126_050000.bin,Pine Island,GTMNERR,0,41.617,0,26.73,0,3.49,0,96.2,0,8.03,0,79.83,26.79,7.82,0,-74.1,5.58,16.218,0,3.61,0,1.198,1.86,0,7.19
1/27/2026,6:30, ,gtmpiwq_20H100464_012126_050000.bin,Pine Island,GTMNERR,0,40.885,0,26.21,0,3.432,0,95.5,0,8.04,0,84.03,28.19,7.81,0,-73.5,5.57,15.991,0,3.85,0,1.187,1.97,0,7.62
1/27/2026,6:45, ,gtmpiwq_20H100464_012126_050000.bin,Pine Island,GTMNERR,0,40.608,0,26.02,0,3.372,0,95.5,0,8.05,0,85.73,28.76,7.81,0,-73.4,5.58,15.943,0,4.22,0,1.187,2.17,0,8.43
1/27/2026,7:00, ,gtmpiwq_20H100464_012126_050000.bin,Pine Island,GTMNERR,0,40.332,0,25.82,0,3.311,0,95.3,0,8.05,0,87.09,29.21,7.8,0,-73.1,5.57,15.917,0,4.87,0,1.192,1.86,0,7.18
1/27/2026,7:15, ,gtmpiwq_20H100464_012126_050000.bin,Pine Island,GTMNERR,0,40.165,0,25.7,0,3.248,0,95.3,0,8.05,0,87.73,29.43,7.8,0,-72.9,5.57,15.939,0,4.81,0,1.194,2.08,0,8.09
1/27/2026,7:30, ,gtmpiwq_20H100464_012126_050000.bin,Pine Island,GTMNERR,0,39.929,0,25.53,0,3.184,0,94.9,0,8.03,0,89.2,29.92,7.79,0,-72.6,5.58,15.899,0,4.77,0,1.195,2.07,0,8.03
1/27/2026,7:45, ,gtmpiwq_20H100464_012126_050000.bin,Pine Island,GTMNERR,0,39.614,0,25.31,0,3.111,0,94.5,0,8.03,0,90.38,30.31,7.79,0,-72.6,5.57,15.752,0,5.48,0,1.185,2.05,0,7.96
1/27/2026,8:00, ,gtmpiwq_20H100464_012126_050000.bin,Pine Island,GTMNERR,0,39.383,0,25.15,0,3.042,0,94.1,0,8.04,0,91.85,30.8,7.79,0,-72.3,5.57,15.615,0,5.26,0,1.185,1.96,0,7.59
1/27/2026,8:15, ,gtmpiwq_20H100464_012126_050000.bin,Pine Island,GTMNERR,0,39.076,0,24.93,0,2.966,0,93.5,0,8.01,0,93.94,31.5,7.78,0,-72,5.57,15.489,0,4.98,0,1.202,1.97,0,7.62
1/27/2026,8:30, ,gtmpiwq_20H100464_012126_050000.bin,Pine Island,GTMNERR,0,38.668,0,24.64,0,2.885,0,93,0,8.02,0,96.27,32.28,7.78,0,-71.6,5.57,15.298,0,4.84,0,1.188,1.98,0,7.67
1/27/2026,8:45, ,gtmpiwq_20H100464_012126_050000.bin,Pine Island,GTMNERR,0,38.204,0,24.31,0,2.804,0,91.9,0,7.96,0,98.64,33.07,7.77,0,-71,5.57,15.142,0,4.84,0,1.191,1.93,0,7.48
1/27/2026,9:00, ,gtmpiwq_20H100464_012126_050000.bin,Pine Island,GTMNERR,0,37.734,0,23.98,0,2.72,0,91.4,0,7.96,0,100.79,33.79,7.76,0,-70.5,5.57,14.969,0,5.47,0,1.193,1.82,0,7.02
1/27/2026,9:15, ,gtmpiwq_20H100464_012126_050000.bin,Pine Island,GTMNERR,0,37.408,0,23.75,0,2.648,0,91.4,0,8.01,0,102.68,34.41,7.76,0,-70.2,5.57,14.76,0,6.08,0,1.186,1.87,0,7.24
1/27/2026,9:30, ,gtmpiwq_20H100464_012126_050000.bin,Pine Island,GTMNERR,0,37.149,0,23.56,0,2.575,0,90.9,0,8,0,104.02,34.86,7.75,0,-69.9,5.57,14.614,0,6.28,0,1.189,1.72,0,6.63
1/27/2026,9:45, ,gtmpiwq_20H100464_012126_050000.bin,Pine Island,GTMNERR,0,36.925,0,23.41,0,2.518,0,91,0,8.03,0,105.46,35.34,7.75,0,-69.7,5.57,14.5,0,6.79,0,1.198,1.95,0,7.57
1/27/2026,10:00, ,gtmpiwq_20H100464_012126_050000.bin,Pine Island,GTMNERR,0,36.761,0,23.29,0,2.476,0,90.9,0,8.05,0,106.46,35.68,7.74,0,-69.6,5.57,14.373,0,6.27,0,1.195,1.96,0,7.61
1/27/2026,10:15, ,gtmpiwq_20H100464_012126_050000.bin,Pine Island,GTMNERR,0,36.627,0,23.2,0,2.458,0,91.2,0,8.09,0,106.47,35.68,7.75,0,-69.6,5.56,14.326,0,5.37,0,1.193,2.03,0,7.89
1/27/2026,10:30, ,gtmpiwq_20H100464_012126_050000.bin,Pine Island,GTMNERR,0,36.538,0,23.13,0,2.466,0,90.2,0,8,0,106.31,35.63,7.74,0,-69.2,5.57,14.316,0,3.28,0,1.188,2.03,0,7.89
1/27/2026,10:45, ,gtmpiwq_20H100464_012126_050000.bin,Pine Island,GTMNERR,0,36.518,0,23.12,0,2.503,0,90.8,0,8.06,0,103.44,34.67,7.74,0,-69.3,5.56,14.327,0,3.77,0,1.187,2,0,7.76
1/27/2026,11:00, ,gtmpiwq_20H100464_012126_050000.bin,Pine Island,GTMNERR,0,37.546,0,23.83,0,2.563,0,92.2,0,8.19,0,102.69,34.42,7.76,0,-70.7,5.56,14.092,0,4.22,0,1.187,1.99,0,7.7
1/27/2026,11:15, ,gtmpiwq_20H100464_012126_050000.bin,Pine Island,GTMNERR,0,37.867,0,24.06,0,2.637,0,92.3,0,8.15,0,100.37,33.64,7.77,0,-71,5.57,14.25,0,6.92,0,1.185,1.94,0,7.5
1/27/2026,11:30, ,gtmpiwq_20H100464_012126_050000.bin,Pine Island,GTMNERR,0,37.753,0,23.98,0,2.716,0,93,0,8.18,0,101.2,33.92,7.77,0,-70.9,5.56,14.474,0,5.76,0,1.195,1.85,0,7.15
1/27/2026,11:45, ,gtmpiwq_20H100464_012126_050000.bin,Pine Island,GTMNERR,0,37.931,0,24.11,0,2.791,0,94.2,0,8.25,0,100.2,33.59,7.78,0,-71.5,5.56,14.661,0,5.72,0,1.199,1.85,0,7.15
1/27/2026,12:00, ,gtmpiwq_20H100464_012126_050000.bin,Pine Island,GTMNERR,0,38.249,0,24.33,0,2.857,0,94.6,0,8.28,0,98.6,33.05,7.78,0,-71.7,5.56,14.668,0,5.53,0,1.188,1.85,0,7.16
1/27/2026,12:15, ,gtmpiwq_20H100464_012126_050000.bin,Pine Island,GTMNERR,0,38.567,0,24.56,0,2.919,0,95.1,0,8.28,0,97.08,32.55,7.79,0,-72.1,5.56,14.843,0,4.39,0,1.198,2.09,0,8.12
1/27/2026,12:30, ,gtmpiwq_20H100464_012126_050000.bin,Pine Island,GTMNERR,0,38.893,0,24.79,0,2.974,0,95.4,0,8.27,0,95.26,31.94,7.79,0,-72.4,5.57,14.973,0,4.66,0,1.198,1.95,0,7.54
1/27/2026,12:45, ,gtmpiwq_20H100464_012126_050000.bin,Pine Island,GTMNERR,0,39.262,0,25.05,0,3.016,0,96.2,0,8.33,0,92.5,31.02,7.8,0,-73.1,5.56,14.92,0,3.97,0,1.194,1.91,0,7.39
1/27/2026,13:00, ,gtmpiwq_20H100464_012126_050000.bin,Pine Island,GTMNERR,0,39.519,0,25.23,0,3.075,0,96.5,0,8.35,0,92.21,30.92,7.81,0,-73.3,5.56,14.923,0,3.38,0,1.199,1.92,0,7.42
1/27/2026,13:15, ,gtmpiwq_20H100464_012126_050000.bin,Pine Island,GTMNERR,0,39.774,0,25.41,0,3.119,0,96.6,0,8.34,0,90.46,30.34,7.81,0,-73.4,5.56,14.992,0,3.35,0,1.187,1.97,0,7.62
1/27/2026,13:30, ,gtmpiwq_20H100464_012126_050000.bin,Pine Island,GTMNERR,0,39.908,0,25.51,0,3.164,0,97.1,0,8.38,0,89.68,30.08,7.82,0,-73.8,5.56,14.986,0,3.94,0,1.187,2.02,0,7.85
1/27/2026,13:45, ,gtmpiwq_20H100464_012126_050000.bin,Pine Island,GTMNERR,0,40.046,0,25.6,0,3.206,0,97.3,0,8.41,0,89.08,29.88,7.82,0,-73.9,5.56,14.883,0,3.76,0,1.194,2.07,0,8.04
1/27/2026,14:00, ,gtmpiwq_20H100464_012126_050000.bin,Pine Island,GTMNERR,0,40.305,0,25.79,0,3.249,0,96.9,0,8.37,0,87.69,29.41,7.82,0,-73.9,5.56,14.822,0,3.26,0,1.194,2.05,0,7.95
1/27/2026,14:15, ,gtmpiwq_20H100464_012126_050000.bin,Pine Island,GTMNERR,0,40.426,0,25.87,0,3.292,0,97,0,8.35,0,87.2,29.25,7.82,0,-74,5.56,14.945,0,3.05,0,1.202,1.98,0,7.67
1/27/2026,14:30, ,gtmpiwq_20H100464_012126_050000.bin,Pine Island,GTMNERR,0,40.576,0,25.98,0,3.332,0,97.7,0,8.4,0,85.6,28.71,7.82,0,-74.3,5.56,15.009,0,5.33,0,1.194,2,0,7.74
1/27/2026,14:45, ,gtmpiwq_20H100464_012126_050000.bin,Pine Island,GTMNERR,0,40.816,0,26.15,0,3.376,0,98,0,8.42,0,84.85,28.47,7.83,0,-74.6,5.56,15.024,0,3.2,0,1.19,1.92,0,7.44
1/27/2026,15:00, ,gtmpiwq_20H100464_012126_050000.bin,Pine Island,GTMNERR,0,41.004,0,26.28,0,3.416,0,97.8,0,8.39,0,84.12,28.22,7.83,0,-74.6,5.56,15.035,0,2.68,0,1.189,1.95,0,7.55
1/27/2026,15:15, ,gtmpiwq_20H100464_012126_050000.bin,Pine Island,GTMNERR,0,41.215,0,26.43,0,3.451,0,98.2,0,8.41,0,82.63,27.72,7.84,0,-75,5.56,15.099,0,3.09,0,1.194,1.94,0,7.52
1/27/2026,15:30, ,gtmpiwq_20H100464_012126_050000.bin,Pine Island,GTMNERR,0,41.393,0,26.56,0,3.482,0,98.7,0,8.43,0,81.27,27.27,7.84,0,-75.2,5.56,15.146,0,2.66,0,1.196,1.89,0,7.32
1/27/2026,15:45, ,gtmpiwq_20H100464_012126_050000.bin,Pine Island,GTMNERR,0,41.502,0,26.64,0,3.511,0,98.7,0,8.43,0,80.77,27.1,7.84,0,-75.4,5.56,15.161,0,2.42,0,1.2,2.1,0,8.17
1/27/2026,16:00, ,gtmpiwq_20H100464_012126_050000.bin,Pine Island,GTMNERR,0,41.635,0,26.73,0,3.534,0,98.2,0,8.37,0,80.04,26.86,7.84,0,-75.5,5.56,15.195,0,2.51,0,1.195,2.29,0,8.91
1/27/2026,16:15, ,gtmpiwq_20H100464_012126_050000.bin,Pine Island,GTMNERR,0,41.747,0,26.81,0,3.548,0,98.7,0,8.41,0,79.24,26.59,7.85,0,-75.7,5.56,15.205,0,2.23,0,1.187,2.18,0,8.47
1/27/2026,16:30, ,gtmpiwq_20H100464_012126_050000.bin,Pine Island,GTMNERR,0,41.766,0,26.83,0,3.553,0,97.4,0,8.3,0,77.3,25.95,7.84,0,-75.3,5.55,15.196,0,2.32,0,1.194,2.18,0,8.46
1/27/2026,16:45, ,gtmpiwq_20H100464_012126_050000.bin,Pine Island,GTMNERR,0,41.84,0,26.88,0,3.544,0,93.2,0,7.93,0,76.19,25.58,7.82,0,-74.2,5.56,15.204,0,2.04,0,1.194,1.98,0,7.67
1/27/2026,17:00, ,gtmpiwq_20H100464_012126_050000.bin,Pine Island,GTMNERR,0,41.751,0,26.82,0,3.519,0,97.4,0,8.3,0,76.83,25.79,7.84,0,-75.3,5.56,15.2,0,2.12,0,1.198,2.17,0,8.45
1/27/2026,17:15, ,gtmpiwq_20H100464_012126_050000.bin,Pine Island,GTMNERR,0,41.513,0,26.65,0,3.479,0,98.1,0,8.38,0,79.64,26.73,7.84,0,-75.5,5.56,15.17,0,2.15,0,1.203,2.34,0,9.1
1/27/2026,17:30, ,gtmpiwq_20H100464_012126_050000.bin,Pine Island,GTMNERR,0,41.334,0,26.52,0,3.431,0,98,0,8.37,0,80.72,27.09,7.84,0,-75.4,5.56,15.184,0,2.29,0,1.194,2.01,0,7.8
1/27/2026,17:45, ,gtmpiwq_20H100464_012126_050000.bin,Pine Island,GTMNERR,0,41.149,0,26.39,0,3.376,0,98.9,0,8.45,0,82.16,27.57,7.84,0,-75.4,5.55,15.187,0,2.58,0,1.19,1.92,0,7.45
1/27/2026,18:00, ,gtmpiwq_20H100464_012126_050000.bin,Pine Island,GTMNERR,0,40.768,0,26.12,0,3.313,0,98.8,0,8.46,0,84.66,28.4,7.84,0,-75.3,5.56,15.148,0,3.19,0,1.189,2.1,0,8.15
1/27/2026,18:15, ,gtmpiwq_20H100464_012126_050000.bin,Pine Island,GTMNERR,0,40.436,0,25.88,0,3.25,0,99,0,8.5,0,86.42,28.99,7.84,0,-75.1,5.55,15.087,0,3.16,0,1.184,2.22,0,8.64
1/27/2026,18:30, ,gtmpiwq_20H100464_012126_050000.bin,Pine Island,GTMNERR,0,39.973,0,25.55,0,3.187,0,99.2,0,8.56,0,88.89,29.81,7.83,0,-74.8,5.56,14.987,0,3.86,0,1.192,2.17,0,8.41
1/27/2026,18:45, ,gtmpiwq_20H100464_012126_050000.bin,Pine Island,GTMNERR,0,39.758,0,25.4,0,3.12,0,99,0,8.56,0,90.15,30.23,7.83,0,-74.6,5.56,14.921,0,3.36,0,1.186,2.17,0,8.45
1/27/2026,19:00, ,gtmpiwq_20H100464_012126_050000.bin,Pine Island,GTMNERR,0,39.364,0,25.12,0,3.047,0,99.2,0,8.59,0,92.29,30.95,7.83,0,-74.5,5.55,14.898,0,3.09,0,1.193,2.28,0,8.88
1/27/2026,19:15, ,gtmpiwq_20H100464_012126_050000.bin,Pine Island,GTMNERR,0,39.18,0,24.99,0,2.965,0,99.1,0,8.58,0,93.27,31.28,7.82,0,-74.3,5.56,14.911,0,3.31,0,1.194,2.28,0,8.86
1/27/2026,19:30, ,gtmpiwq_20H100464_012126_050000.bin,Pine Island,GTMNERR,0,39.096,0,24.93,0,2.882,0,98.6,0,8.55,0,93.67,31.41,7.82,0,-74.1,5.55,14.942,0,3.75,0,1.186,2.47,0,9.63
1/27/2026,19:45, ,gtmpiwq_20H100464_012126_050000.bin,Pine Island,GTMNERR,0,38.883,0,24.78,0,2.792,0,98.6,0,8.55,0,94.92,31.83,7.81,0,-73.8,5.55,14.937,0,3.77,0,1.187,2.57,0,10.04
1/27/2026,20:00, ,gtmpiwq_20H100464_012126_050000.bin,Pine Island,GTMNERR,0,38.579,0,24.57,0,2.696,0,98.2,0,8.53,0,96.52,32.36,7.81,0,-73.5,5.56,14.915,0,3.84,0,1.194,2.56,0,9.99
1/27/2026,20:15, ,gtmpiwq_20H100464_012126_050000.bin,Pine Island,GTMNERR,0,38.183,0,24.29,0,2.599,0,97.6,0,8.5,0,98.72,33.09,7.8,0,-73.1,5.55,14.843,0,4.25,0,1.2,2.3,0,8.94
1/27/2026,20:30, ,gtmpiwq_20H100464_012126_050000.bin,Pine Island,GTMNERR,0,37.739,0,23.98,0,2.5,0,97.2,0,8.5,0,100.65,33.74,7.79,0,-72.6,5.56,14.762,0,4.55,0,1.203,2.69,0,10.53
1/27/2026,20:45, ,gtmpiwq_20H100464_012126_050000.bin,Pine Island,GTMNERR,0,37.329,0,23.69,0,2.413,0,96.7,0,8.49,0,102.74,34.44,7.79,0,-72.2,5.55,14.676,0,5,0,1.195,2.48,0,9.68
1/27/2026,21:00, ,gtmpiwq_20H100464_012126_050000.bin,Pine Island,GTMNERR,0,36.992,0,23.45,0,2.326,0,96,0,8.46,0,104.42,35,7.78,0,-72,5.55,14.596,0,5.12,0,1.194,2.51,0,9.79
1/27/2026,21:15, ,gtmpiwq_20H100464_012126_050000.bin,Pine Island,GTMNERR,0,36.741,0,23.28,0,2.251,0,95.9,0,8.47,0,105.47,35.35,7.78,0,-71.7,5.55,14.519,0,5.26,0,1.198,2.52,0,9.85
1/27/2026,21:30, ,gtmpiwq_20H100464_012126_050000.bin,Pine Island,GTMNERR,0,36.517,0,23.12,0,2.189,0,95.3,0,8.44,0,107.37,35.98,7.77,0,-71.3,5.55,14.443,0,5.03,0,1.19,2.39,0,9.31
1/27/2026,21:45, ,gtmpiwq_20H100464_012126_050000.bin,Pine Island,GTMNERR,0,36.33,0,22.99,0,2.15,0,95.1,0,8.43,0,108.27,36.28,7.77,0,-71.3,5.56,14.369,0,4.09,0,1.193,2.46,0,9.59
1/27/2026,22:00, ,gtmpiwq_20H100464_012126_050000.bin,Pine Island,GTMNERR,0,36.241,0,22.93,0,2.125,0,94.8,0,8.43,0,108.93,36.5,7.77,0,-71.2,5.55,14.308,0,3.41,0,1.191,2.5,0,9.75
1/27/2026,22:15, ,gtmpiwq_20H100464_012126_050000.bin,Pine Island,GTMNERR,0,36.155,0,22.87,0,2.134,0,95,0,8.45,0,109.02,36.53,7.76,0,-70.6,5.55,14.266,0,3.26,0,1.203,2.42,0,9.45
1/27/2026,22:30, ,gtmpiwq_20H100464_012126_050000.bin,Pine Island,GTMNERR,0,36.142,0,22.86,0,2.177,0,95.4,0,8.49,0,107.46,36.01,7.77,0,-71,5.55,14.264,0,2.7,0,1.198,2.43,0,9.49
1/27/2026,22:45, ,gtmpiwq_20H100464_012126_050000.bin,Pine Island,GTMNERR,0,36.759,0,23.29,0,2.243,0,96.7,0,8.57,0,105.48,35.35,7.79,0,-72.3,5.54,14.298,0,4.24,0,1.192,2.35,0,9.14
1/27/2026,23:00, ,gtmpiwq_20H100464_012126_050000.bin,Pine Island,GTMNERR,0,37.631,0,23.9,0,2.328,0,97.3,0,8.58,0,101.96,34.17,7.8,0,-72.7,5.55,14.377,0,4.23,0,1.186,2.29,0,8.9
1/27/2026,23:15, ,gtmpiwq_20H100464_012126_050000.bin,Pine Island,GTMNERR,0,37.339,0,23.69,0,2.405,0,96.9,0,8.55,0,103.27,34.61,7.79,0,-72.3,5.54,14.42,0,4.48,0,1.185,2.28,0,8.87
1/27/2026,23:30, ,gtmpiwq_20H100464_012126_050000.bin,Pine Island,GTMNERR,0,37.392,0,23.73,0,2.493,0,96.9,0,8.54,0,102.74,34.43,7.79,0,-72.3,5.54,14.437,0,4.09,0,1.185,2.29,0,8.9
1/27/2026,23:45, ,gtmpiwq_20H100464_012126_050000.bin,Pine Island,GTMNERR,0,37.676,0,23.93,0,2.581,0,96.8,0,8.53,0,102.24,34.27,7.79,0,-72.5,5.55,14.408,0,3.43,0,1.191,2.23,0,8.69
1/28/2026,0:00, ,gtmpiwq_20H100464_012126_050000.bin,Pine Island,GTMNERR,0,38.064,0,24.2,0,2.666,0,96.9,0,8.51,0,100.23,33.6,7.8,0,-72.6,5.54,14.48,0,4.16,0,1.197,2.23,0,8.67
1/28/2026,0:15, ,gtmpiwq_20H100464_012126_050000.bin,Pine Island,GTMNERR,0,38.408,0,24.44,0,2.742,0,97.2,0,8.52,0,98.21,32.92,7.81,0,-73.2,5.55,14.525,0,3.51,0,1.194,2.18,0,8.48
1/28/2026,0:30, ,gtmpiwq_20H100464_012126_050000.bin,Pine Island,GTMNERR,0,38.798,0,24.72,0,2.814,0,97.2,0,8.51,0,96.29,32.28,7.81,0,-73.5,5.54,14.486,0,3.07,0,1.186,2.13,0,8.29
1/28/2026,0:45, ,gtmpiwq_20H100464_012126_050000.bin,Pine Island,GTMNERR,0,39.024,0,24.88,0,2.885,0,97.4,0,8.51,0,94.73,31.76,7.81,0,-73.7,5.54,14.525,0,3.01,0,1.187,2.17,0,8.43
1/28/2026,1:00, ,gtmpiwq_20H100464_012126_050000.bin,Pine Island,GTMNERR,0,39.295,0,25.07,0,2.955,0,97.6,0,8.52,0,93.49,31.35,7.82,0,-74.1,5.55,14.575,0,3.71,0,1.193,2.1,0,8.17
1/28/2026,1:15, ,gtmpiwq_20H100464_012126_050000.bin,Pine Island,GTMNERR,0,39.5,0,25.21,0,3.015,0,97.3,0,8.5,0,92.83,31.13,7.82,0,-74.2,5.54,14.44,0,2.81,0,1.186,2.16,0,8.38
1/28/2026,1:30, ,gtmpiwq_20H100464_012126_050000.bin,Pine Island,GTMNERR,0,39.654,0,25.32,0,3.073,0,97.1,0,8.49,0,91.44,30.66,7.82,0,-74.1,5.55,14.382,0,3.12,0,1.197,2.1,0,8.17
1/28/2026,1:45, ,gtmpiwq_20H100464_012126_050000.bin,Pine Island,GTMNERR,0,39.861,0,25.47,0,3.129,0,97.4,0,8.49,0,90.31,30.29,7.83,0,-74.3,5.54,14.498,0,3.43,0,1.19,2.05,0,7.96
1/28/2026,2:00, ,gtmpiwq_20H100464_012126_050000.bin,Pine Island,GTMNERR,0,40.082,0,25.62,0,3.187,0,97.4,0,8.48,0,89.06,29.87,7.83,0,-74.5,5.54,14.495,0,3.93,0,1.186,2.06,0,7.98
1/28/2026,2:15, ,gtmpiwq_20H100464_012126_050000.bin,Pine Island,GTMNERR,0,40.381,0,25.83,0,3.244,0,97.3,0,8.47,0,87.78,29.44,7.83,0,-74.7,5.55,14.446,0,3.46,0,1.187,2.17,0,8.42
1/28/2026,2:30, ,gtmpiwq_20H100464_012126_050000.bin,Pine Island,GTMNERR,0,40.58,0,25.97,0,3.304,0,97.3,0,8.46,0,86.7,29.08,7.84,0,-75,5.54,14.464,0,3.29,0,1.198,2.05,0,7.94
1/28/2026,2:45, ,gtmpiwq_20H100464_012126_050000.bin,Pine Island,GTMNERR,0,40.761,0,26.1,0,3.364,0,97.3,0,8.45,0,85.56,28.7,7.84,0,-75.1,5.55,14.478,0,3.37,0,1.192,1.97,0,7.63
1/28/2026,3:00, ,gtmpiwq_20H100464_012126_050000.bin,Pine Island,GTMNERR,0,41.017,0,26.28,0,3.422,0,97.2,0,8.43,0,84.06,28.2,7.84,0,-75.3,5.54,14.495,0,3.27,0,1.189,1.97,0,7.63
1/28/2026,3:15, ,gtmpiwq_20H100464_012126_050000.bin,Pine Island,GTMNERR,0,41.413,0,26.57,0,3.479,0,97.1,0,8.4,0,81.64,27.4,7.84,0,-75.4,5.54,14.527,0,3.38,0,1.201,2.05,0,7.97
1/28/2026,3:30, ,gtmpiwq_20H100464_012126_050000.bin,Pine Island,GTMNERR,0,41.885,0,26.9,0,3.533,0,97,0,8.37,0,79.02,26.52,7.85,0,-75.7,5.55,14.55,0,3.43,0,1.186,2.03,0,7.86
1/28/2026,3:45, ,gtmpiwq_20H100464_012126_050000.bin,Pine Island,GTMNERR,0,42.12,0,27.07,0,3.587,0,96.8,0,8.35,0,77.66,26.07,7.85,0,-75.8,5.54,14.542,0,3.77,0,1.186,1.84,0,7.1
1/28/2026,4:00, ,gtmpiwq_20H100464_012126_050000.bin,Pine Island,GTMNERR,0,42.457,0,27.31,0,3.634,0,96.7,0,8.32,0,75.71,25.42,7.86,0,-76.1,5.55,14.529,0,4.05,0,1.194,1.85,0,7.15
1/28/2026,4:15, ,gtmpiwq_20H100464_012126_050000.bin,Pine Island,GTMNERR,0,42.645,0,27.44,0,3.677,0,96.6,0,8.31,0,74.48,25.01,7.86,0,-76.2,5.54,14.527,0,3.14,0,1.192,1.95,0,7.57
1/28/2026,4:30, ,gtmpiwq_20H100464_012126_050000.bin,Pine Island,GTMNERR,0,42.8,0,27.55,0,3.714,0,96.5,0,8.3,0,73.85,24.8,7.86,0,-76.3,5.53,14.535,0,3.3,0,1.194,1.99,0,7.73
1/28/2026,4:45, ,gtmpiwq_20H100464_012126_050000.bin,Pine Island,GTMNERR,0,43.006,0,27.7,0,3.745,0,96.4,0,8.28,0,72.64,24.39,7.86,0,-76.3,5.54,14.526,0,3.35,0,1.192,1.8,0,6.95
1/28/2026,5:00, ,gtmpiwq_20H100464_012126_050000.bin,Pine Island,GTMNERR,0,43.246,0,27.87,0,3.766,0,96.3,0,8.27,0,71.09,23.87,7.86,0,-76.4,5.53,14.513,0,2.65,0,1.198,1.98,0,7.69
1/28/2026,5:15, ,gtmpiwq_20H100464_012126_050000.bin,Pine Island,GTMNERR,0,43.368,0,27.96,0,3.783,0,96.1,0,8.25,0,70.28,23.61,7.86,0,-76.6,5.54,14.481,0,2.33,0,1.201,2.04,0,7.91
1/28/2026,5:30, ,gtmpiwq_20H100464_012126_050000.bin,Pine Island,GTMNERR,0,43.423,0,28,0,3.784,0,95.7,0,8.21,0,69.57,23.37,7.86,0,-76.5,5.54,14.501,0,2.3,0,1.192,1.79,0,6.91
1/28/2026,5:45, ,gtmpiwq_20H100464_012126_050000.bin,Pine Island,GTMNERR,0,43.424,0,28,0,3.772,0,92,0,7.9,0,67.24,22.59,7.86,0,-76.1,5.54,14.472,0,2.09,0,1.186,2.03,0,7.87
1/28/2026,6:00, ,gtmpiwq_20H100464_012126_050000.bin,Pine Island,GTMNERR,0,43.523,0,28.07,0,3.74,0,94.2,0,8.09,0,67.81,22.78,7.86,0,-76.3,5.54,14.468,0,2.04,0,1.194,1.88,0,7.26
1/28/2026,6:15, ,gtmpiwq_20H100464_012126_050000.bin,Pine Island,GTMNERR,0,43.108,0,27.77,0,3.69,0,95.3,0,8.19,0,70.43,23.65,7.86,0,-76.4,5.53,14.473,0,2.31,0,1.192,1.7,0,6.54
1/28/2026,6:30, ,gtmpiwq_20H100464_012126_050000.bin,Pine Island,GTMNERR,0,42.909,0,27.63,0,3.631,0,95.3,0,8.21,0,72.26,24.27,7.86,0,-76.4,5.54,14.394,0,3.82,0,1.184,1.58,0,6.08
1/28/2026,6:45, ,gtmpiwq_20H100464_012126_050000.bin,Pine Island,GTMNERR,0,42.65,0,27.44,0,3.571,0,95.6,0,8.24,0,74.59,25.04,7.86,0,-76.1,5.54,14.416,0,3.15,0,1.196,1.57,0,6.02
1/28/2026,7:00, ,gtmpiwq_20H100464_012126_050000.bin,Pine Island,GTMNERR,0,42.204,0,27.12,0,3.505,0,95.3,0,8.24,0,77.26,25.93,7.85,0,-75.8,5.54,14.369,0,3.25,0,1.189,1.58,0,6.07
1/28/2026,7:15, ,gtmpiwq_20H100464_012126_050000.bin,Pine Island,GTMNERR,0,41.877,0,26.89,0,3.444,0,94.9,0,8.22,0,79.13,26.56,7.85,0,-75.6,5.54,14.354,0,3.53,0,1.199,1.62,0,6.22
1/28/2026,7:30, ,gtmpiwq_20H100464_012126_050000.bin,Pine Island,GTMNERR,0,41.264,0,26.45,0,3.374,0,94.8,0,8.26,0,82.9,27.82,7.84,0,-75.2,5.53,14.215,0,3.08,0,1.187,1.65,0,6.36
1/28/2026,7:45, ,gtmpiwq_20H100464_012126_050000.bin,Pine Island,GTMNERR,0,40.602,0,25.98,0,3.305,0,94.2,0,8.26,0,86.56,29.04,7.83,0,-74.8,5.54,14.013,0,3.41,0,1.193,1.53,0,5.87
1/28/2026,8:00, ,gtmpiwq_20H100464_012126_050000.bin,Pine Island,GTMNERR,0,40.478,0,25.89,0,3.233,0,94.8,0,8.31,0,87.21,29.25,7.83,0,-74.6,5.53,14.069,0,3.8,0,1.2,1.57,0,6.02
1/28/2026,8:15, ,gtmpiwq_20H100464_012126_050000.bin,Pine Island,GTMNERR,0,40.288,0,25.76,0,3.162,0,94.9,0,8.32,0,87.94,29.5,7.83,0,-74.3,5.53,14.074,0,4.48,0,1.193,1.68,0,6.47
1/28/2026,8:30, ,gtmpiwq_20H100464_012126_050000.bin,Pine Island,GTMNERR,0,39.966,0,25.53,0,3.085,0,94.6,0,8.32,0,89.66,30.07,7.82,0,-74.2,5.54,14,0,4.58,0,1.198,1.78,0,6.89
1/28/2026,8:45, ,gtmpiwq_20H100464_012126_050000.bin,Pine Island,GTMNERR,0,39.702,0,25.34,0,3,0,93.9,0,8.3,0,91.25,30.6,7.82,0,-73.9,5.53,13.873,0,4.21,0,1.185,1.58,0,6.05
1/28/2026,9:00, ,gtmpiwq_20H100464_012126_050000.bin,Pine Island,GTMNERR,0,39.52,0,25.21,0,2.912,0,93.7,0,8.3,0,92.6,31.05,7.82,0,-73.9,5.54,13.778,0,3.87,0,1.189,1.61,0,6.18
1/28/2026,9:15, ,gtmpiwq_20H100464_012126_050000.bin,Pine Island,GTMNERR,0,39.286,0,25.05,0,2.822,0,94.1,0,8.36,0,93.53,31.36,7.82,0,-73.6,5.53,13.727,0,4.74,0,1.196,1.57,0,6.04
1/28/2026,9:30, ,gtmpiwq_20H100464_012126_050000.bin,Pine Island,GTMNERR,0,38.95,0,24.81,0,2.727,0,93.4,0,8.32,0,95.35,31.97,7.81,0,-73.1,5.53,13.62,0,4.41,0,1.19,1.62,0,6.23
1/28/2026,9:45, ,gtmpiwq_20H100464_012126_050000.bin,Pine Island,GTMNERR,0,38.629,0,24.58,0,2.629,0,92.7,0,8.3,0,97.12,32.56,7.8,0,-72.7,5.54,13.471,0,4.35,0,1.2,1.6,0,6.14
1/28/2026,10:00, ,gtmpiwq_20H100464_012126_050000.bin,Pine Island,GTMNERR,0,38.341,0,24.37,0,2.536,0,92.2,0,8.29,0,98.79,33.12,7.79,0,-72.3,5.53,13.328,0,4.33,0,1.191,1.68,0,6.45
1/28/2026,10:15, ,gtmpiwq_20H100464_012126_050000.bin,Pine Island,GTMNERR,0,38.04,0,24.16,0,2.453,0,92.2,0,8.32,0,100.3,33.62,7.79,0,-72,5.53,13.218,0,4.44,0,1.188,1.64,0,6.31
1/28/2026,10:30, ,gtmpiwq_20H100464_012126_050000.bin,Pine Island,GTMNERR,0,37.815,0,24,0,2.38,0,91.4,0,8.26,0,101.58,34.05,7.79,0,-71.8,5.53,13.165,0,4.58,0,1.191,1.81,0,6.99
1/28/2026,10:45, ,gtmpiwq_20H100464_012126_050000.bin,Pine Island,GTMNERR,0,37.6,0,23.85,0,2.32,0,92.1,0,8.34,0,102.56,34.38,7.78,0,-71.5,5.53,13.133,0,4.85,0,1.195,1.69,0,6.5
1/28/2026,11:00, ,gtmpiwq_20H100464_012126_050000.bin,Pine Island,GTMNERR,0,37.433,0,23.73,0,2.273,0,91.7,0,8.32,0,103.14,34.57,7.78,0,-71.4,5.53,13.112,0,4.51,0,1.183,1.82,0,7.02
1/28/2026,11:15, ,gtmpiwq_20H100464_012126_050000.bin,Pine Island,GTMNERR,0,37.336,0,23.67,0,2.258,0,92.2,0,8.36,0,102.67,34.41,7.78,0,-71.5,5.52,13.102,0,4.83,0,1.2,1.86,0,7.17
1/28/2026,11:30, ,gtmpiwq_20H100464_012126_050000.bin,Pine Island,GTMNERR,0,37.227,0,23.59,0,2.282,0,91.9,0,8.34,0,101.76,34.11,7.77,0,-71.1,5.53,13.108,0,3.51,0,1.193,1.84,0,7.11
1/28/2026,11:45, ,gtmpiwq_20H100464_012126_050000.bin,Pine Island,GTMNERR,0,37.242,0,23.6,0,2.331,0,91.8,0,8.33,0,100.9,33.82,7.78,0,-71.2,5.52,13.091,0,3.93,0,1.193,1.95,0,7.54
1/28/2026,12:00, ,gtmpiwq_20H100464_012126_050000.bin,Pine Island,GTMNERR,0,38.192,0,24.27,0,2.406,0,93.3,0,8.42,0,99.92,33.49,7.79,0,-72.2,5.52,13.175,0,3.64,0,1.19,1.79,0,6.91
1/28/2026,12:15, ,gtmpiwq_20H100464_012126_050000.bin,Pine Island,GTMNERR,0,38.26,0,24.31,0,2.483,0,93.1,0,8.39,0,99.13,33.23,7.79,0,-72.3,5.53,13.207,0,5.17,0,1.198,1.68,0,6.47
1/28/2026,12:30, ,gtmpiwq_20H100464_012126_050000.bin,Pine Island,GTMNERR,0,38.16,0,24.25,0,2.567,0,93.7,0,8.44,0,99.17,33.24,7.8,0,-72.4,5.52,13.312,0,4.33,0,1.185,1.76,0,6.78
1/28/2026,12:45, ,gtmpiwq_20H100464_012126_050000.bin,Pine Island,GTMNERR,0,38.48,0,24.48,0,2.645,0,95.1,0,8.51,0,96.59,32.38,7.8,0,-72.9,5.53,13.53,0,5.26,0,1.195,1.79,0,6.92
1/28/2026,13:00, ,gtmpiwq_20H100464_012126_050000.bin,Pine Island,GTMNERR,0,38.741,0,24.66,0,2.719,0,94.9,0,8.48,0,96.65,32.4,7.81,0,-73.1,5.52,13.525,0,3.88,0,1.193,1.74,0,6.7
1/28/2026,13:15, ,gtmpiwq_20H100464_012126_050000.bin,Pine Island,GTMNERR,0,38.974,0,24.82,0,2.783,0,95.1,0,8.48,0,95.27,31.94,7.81,0,-73.4,5.52,13.598,0,4.28,0,1.194,1.78,0,6.88
1/28/2026,13:30, ,gtmpiwq_20H100464_012126_050000.bin,Pine Island,GTMNERR,0,39.387,0,25.12,0,2.848,0,96.1,0,8.53,0,92.84,31.13,7.82,0,-73.7,5.52,13.721,0,3.41,0,1.192,1.88,0,7.29
1/28/2026,13:45, ,gtmpiwq_20H100464_012126_050000.bin,Pine Island,GTMNERR,0,39.666,0,25.32,0,2.904,0,96.4,0,8.53,0,91.4,30.65,7.82,0,-74.1,5.52,13.787,0,3.42,0,1.187,1.87,0,7.23
1/28/2026,14:00, ,gtmpiwq_20H100464_012126_050000.bin,Pine Island,GTMNERR,0,39.785,0,25.4,0,2.957,0,96.6,0,8.54,0,90.62,30.39,7.82,0,-74.2,5.53,13.844,0,3.38,0,1.197,1.81,0,6.97
1/28/2026,14:15, ,gtmpiwq_20H100464_012126_050000.bin,Pine Island,GTMNERR,0,39.954,0,25.52,0,3.005,0,96.9,0,8.55,0,89.49,30.01,7.83,0,-74.5,5.52,13.896,0,4.02,0,1.198,1.84,0,7.12
1/28/2026,14:30, ,gtmpiwq_20H100464_012126_050000.bin,Pine Island,GTMNERR,0,40.061,0,25.6,0,3.048,0,97.4,0,8.58,0,88.68,29.74,7.83,0,-74.7,5.52,13.933,0,3.24,0,1.199,1.91,0,7.4
1/28/2026,14:45, ,gtmpiwq_20H100464_012126_050000.bin,Pine Island,GTMNERR,0,40.291,0,25.76,0,3.093,0,97.1,0,8.56,0,88.39,29.65,7.83,0,-74.6,5.53,13.848,0,2.78,0,1.197,1.98,0,7.66
1/28/2026,15:00, ,gtmpiwq_20H100464_012126_050000.bin,Pine Island,GTMNERR,0,40.389,0,25.83,0,3.135,0,97.3,0,8.56,0,87.57,29.37,7.84,0,-74.9,5.52,13.915,0,2.66,0,1.193,1.89,0,7.32
1/28/2026,15:15, ,gtmpiwq_20H100464_012126_050000.bin,Pine Island,GTMNERR,0,40.492,0,25.9,0,3.175,0,97.2,0,8.55,0,85.4,28.65,7.84,0,-75,5.53,13.938,0,2.66,0,1.187,1.84,0,7.1
1/28/2026,15:30, ,gtmpiwq_20H100464_012126_050000.bin,Pine Island,GTMNERR,0,40.684,0,26.04,0,3.217,0,97.6,0,8.56,0,85.34,28.63,7.84,0,-75.1,5.52,14.016,0,3.01,0,1.193,1.93,0,7.47
1/28/2026,15:45, ,gtmpiwq_20H100464_012126_050000.bin,Pine Island,GTMNERR,0,40.949,0,26.23,0,3.259,0,97.8,0,8.57,0,84.29,28.28,7.85,0,-75.4,5.52,14.049,0,2.53,0,1.193,1.92,0,7.44
1/28/2026,16:00, ,gtmpiwq_20H100464_012126_050000.bin,Pine Island,GTMNERR,0,41.081,0,26.32,0,3.302,0,97.9,0,8.56,0,83.27,27.94,7.85,0,-75.6,5.52,14.087,0,2.73,0,1.186,2,0,7.73
1/28/2026,16:15, ,gtmpiwq_20H100464_012126_050000.bin,Pine Island,GTMNERR,0,41.227,0,26.43,0,3.339,0,98.1,0,8.57,0,81.75,27.43,7.85,0,-75.7,5.52,14.119,0,2.52,0,1.194,1.76,0,6.78
1/28/2026,16:30, ,gtmpiwq_20H100464_012126_050000.bin,Pine Island,GTMNERR,0,41.375,0,26.53,0,3.374,0,98,0,8.55,0,81.32,27.29,7.85,0,-75.7,5.53,14.113,0,2.18,0,1.189,2.03,0,7.86
1/28/2026,16:45, ,gtmpiwq_20H100464_012126_050000.bin,Pine Island,GTMNERR,0,41.509,0,26.63,0,3.403,0,98,0,8.55,0,80.32,26.96,7.85,0,-75.9,5.52,14.125,0,2.33,0,1.199,2.1,0,8.15
1/28/2026,17:00, ,gtmpiwq_20H100464_012126_050000.bin,Pine Island,GTMNERR,0,41.583,0,26.68,0,3.429,0,97.6,0,8.5,0,79.93,26.82,7.85,0,-75.9,5.52,14.125,0,2.03,0,1.191,2.02,0,7.82
1/28/2026,17:15, ,gtmpiwq_20H100464_012126_050000.bin,Pine Island,GTMNERR,0,41.633,0,26.71,0,3.451,0,97,0,8.46,0,79.74,26.76,7.85,0,-75.8,5.53,14.111,0,2.1,0,1.188,2.06,0,8
1/28/2026,17:30, ,gtmpiwq_20H100464_012126_050000.bin,Pine Island,GTMNERR,0,41.738,0,26.79,0,3.464,0,96.8,0,8.43,0,78.56,26.37,7.85,0,-75.6,5.51,14.113,0,2.14,0,1.185,1.73,0,6.66
1/28/2026,17:45, ,gtmpiwq_20H100464_012126_050000.bin,Pine Island,GTMNERR,0,41.718,0,26.77,0,3.464,0,96.8,0,8.44,0,77.93,26.16,7.84,0,-75.3,5.53,14.07,0,2.07,0,1.187,1.88,0,7.28
1/28/2026,18:00, ,gtmpiwq_20H100464_012126_050000.bin,Pine Island,GTMNERR,0,41.686,0,26.75,0,3.443,0,95.4,0,8.32,0,75.38,25.31,7.85,0,-75.6,5.52,14.053,0,1.86,0,1.194,2.14,0,8.31
1/28/2026,18:15, ,gtmpiwq_20H100464_012126_050000.bin,Pine Island,GTMNERR,0,41.582,0,26.68,0,3.41,0,96.7,0,8.44,0,78.83,26.46,7.85,0,-75.8,5.52,14.071,0,2.01,0,1.195,2.19,0,8.51
1/28/2026,18:30, ,gtmpiwq_20H100464_012126_050000.bin,Pine Island,GTMNERR,0,41.445,0,26.58,0,3.366,0,97.3,0,8.5,0,80.87,27.14,7.85,0,-75.8,5.53,14.041,0,2.07,0,1.186,2.05,0,7.94
1/28/2026,18:45, ,gtmpiwq_20H100464_012126_050000.bin,Pine Island,GTMNERR,0,41.251,0,26.44,0,3.313,0,97.6,0,8.54,0,82.47,27.67,7.85,0,-75.7,5.51,14.034,0,2.58,0,1.197,2.25,0,8.74
1/28/2026,19:00, ,gtmpiwq_20H100464_012126_050000.bin,Pine Island,GTMNERR,0,40.979,0,26.25,0,3.256,0,97.9,0,8.57,0,83.88,28.14,7.85,0,-75.7,5.52,14.053,0,2.24,0,1.185,1.92,0,7.43
1/28/2026,19:15, ,gtmpiwq_20H100464_012126_050000.bin,Pine Island,GTMNERR,0,40.657,0,26.02,0,3.19,0,97.5,0,8.55,0,85.63,28.73,7.85,0,-75.4,5.52,14.039,0,2.35,0,1.184,1.75,0,6.73
1/28/2026,19:30, ,gtmpiwq_20H100464_012126_050000.bin,Pine Island,GTMNERR,0,40.229,0,25.72,0,3.118,0,98.1,0,8.64,0,87.93,29.49,7.84,0,-75.3,5.52,13.949,0,3.48,0,1.195,1.9,0,7.34
1/28/2026,19:45, ,gtmpiwq_20H100464_012126_050000.bin,Pine Island,GTMNERR,0,40.236,0,25.72,0,3.041,0,97.2,0,8.55,0,88.13,29.56,7.84,0,-74.9,5.53,13.952,0,2.55,0,1.194,1.77,0,6.85
1/28/2026,20:00, ,gtmpiwq_20H100464_012126_050000.bin,Pine Island,GTMNERR,0,39.822,0,25.43,0,2.962,0,97.1,0,8.58,0,90.31,30.29,7.83,0,-74.7,5.51,13.867,0,2.76,0,1.188,1.88,0,7.28
1/28/2026,20:15, ,gtmpiwq_20H100464_012126_050000.bin,Pine Island,GTMNERR,0,39.676,0,25.33,0,2.872,0,97.2,0,8.58,0,90.99,30.52,7.83,0,-74.7,5.52,13.915,0,3.43,0,1.193,2.04,0,7.92
1/28/2026,20:30, ,gtmpiwq_20H100464_012126_050000.bin,Pine Island,GTMNERR,0,39.443,0,25.16,0,2.785,0,97,0,8.58,0,92.28,30.94,7.83,0,-74.4,5.52,13.908,0,3.67,0,1.187,1.94,0,7.51
1/28/2026,20:45, ,gtmpiwq_20H100464_012126_050000.bin,Pine Island,GTMNERR,0,39.12,0,24.93,0,2.687,0,96.8,0,8.58,0,93.83,31.46,7.83,0,-74.2,5.52,13.853,0,3.28,0,1.187,1.85,0,7.13
1/28/2026,21:00, ,gtmpiwq_20H100464_012126_050000.bin,Pine Island,GTMNERR,0,38.809,0,24.71,0,2.588,0,96.6,0,8.58,0,95.73,32.1,7.82,0,-73.7,5.52,13.766,0,3.64,0,1.195,2.08,0,8.06
1/28/2026,21:15, ,gtmpiwq_20H100464_012126_050000.bin,Pine Island,GTMNERR,0,38.438,0,24.45,0,2.491,0,95.6,0,8.53,0,97.73,32.76,7.81,0,-73.4,5.51,13.68,0,3.78,0,1.202,2.09,0,8.09
1/28/2026,21:30, ,gtmpiwq_20H100464_012126_050000.bin,Pine Island,GTMNERR,0,38.08,0,24.2,0,2.398,0,95.5,0,8.55,0,99.63,33.4,7.8,0,-72.9,5.52,13.579,0,4.01,0,1.198,1.93,0,7.45
1/28/2026,21:45, ,gtmpiwq_20H100464_012126_050000.bin,Pine Island,GTMNERR,0,37.726,0,23.95,0,2.308,0,95.4,0,8.56,0,101.34,33.97,7.8,0,-72.5,5.51,13.509,0,4.51,0,1.198,2.05,0,7.97
1/28/2026,22:00, ,gtmpiwq_20H100464_012126_050000.bin,Pine Island,GTMNERR,0,37.464,0,23.76,0,2.227,0,95.4,0,8.59,0,102.76,34.44,7.8,0,-72.5,5.52,13.444,0,4.17,0,1.184,2.17,0,8.45
1/28/2026,22:15, ,gtmpiwq_20H100464_012126_050000.bin,Pine Island,GTMNERR,0,37.201,0,23.58,0,2.155,0,93.2,0,8.41,0,103.99,34.85,7.79,0,-72.1,5.52,13.392,0,4.22,0,1.195,1.83,0,7.07
1/28/2026,22:30, ,gtmpiwq_20H100464_012126_050000.bin,Pine Island,GTMNERR,0,36.978,0,23.42,0,2.089,0,88.6,0,8.01,0,105.12,35.23,7.79,0,-72.1,5.51,13.336,0,3.38,0,1.194,1.71,0,6.58
1/28/2026,22:45, ,gtmpiwq_20H100464_012126_050000.bin,Pine Island,GTMNERR,0,36.841,0,23.32,0,2.056,0,93.2,0,8.44,0,106.45,35.67,7.78,0,-71.7,5.52,13.276,0,3.56,0,1.19,2.25,0,8.74
1/28/2026,23:00, ,gtmpiwq_20H100464_012126_050000.bin,Pine Island,GTMNERR,0,36.725,0,23.24,0,2.053,0,94.7,0,8.59,0,107.12,35.9,7.78,0,-71.6,5.51,13.234,0,3.51,0,1.185,2.44,0,9.51
1/28/2026,23:15, ,gtmpiwq_20H100464_012126_050000.bin,Pine Island,GTMNERR,0,36.667,0,23.2,0,2.054,0,93.5,0,8.49,0,105.25,35.27,7.78,0,-71.2,5.51,13.217,0,2.62,0,1.193,1.95,0,7.55
1/28/2026,23:30, ,gtmpiwq_20H100464_012126_050000.bin,Pine Island,GTMNERR,0,36.82,0,23.31,0,2.069,0,94,0,8.52,0,105.89,35.49,7.79,0,-71.8,5.51,13.212,0,3.13,0,1.194,2.13,0,8.26
1/28/2026,23:45, ,gtmpiwq_20H100464_012126_050000.bin,Pine Island,GTMNERR,0,36.662,0,23.2,0,2.107,0,94.9,0,8.61,0,106.89,35.82,7.78,0,-71.6,5.51,13.189,0,2.43,0,1.191,2.19,0,8.51
1/29/2026,0:00, ,gtmpiwq_20H100464_012126_050000.bin,Pine Island,GTMNERR,0,37.862,0,24.04,0,2.182,0,95.8,0,8.62,0,101.63,34.06,7.8,0,-72.8,5.51,13.393,0,3.07,0,1.193,2.21,0,8.61
1/29/2026,0:15, ,gtmpiwq_20H100464_012126_050000.bin,Pine Island,GTMNERR,0,37.894,0,24.06,0,2.274,0,95.8,0,8.61,0,100.54,33.7,7.8,0,-72.7,5.51,13.436,0,3.25,0,1.188,2.19,0,8.52
1/29/2026,0:30, ,gtmpiwq_20H100464_012126_050000.bin,Pine Island,GTMNERR,0,37.644,0,23.89,0,2.372,0,95.5,0,8.61,0,102.13,34.23,7.8,0,-72.5,5.51,13.341,0,4.05,0,1.193,2.07,0,8.04
1/29/2026,0:45, ,gtmpiwq_20H100464_012126_050000.bin,Pine Island,GTMNERR,0,37.841,0,24.03,0,2.472,0,95.6,0,8.61,0,101.39,33.99,7.8,0,-72.7,5.51,13.358,0,3.75,0,1.193,2.14,0,8.3
1/29/2026,1:00, ,gtmpiwq_20H100464_012126_050000.bin,Pine Island,GTMNERR,0,38.143,0,24.24,0,2.561,0,95.6,0,8.59,0,100.21,33.59,7.8,0,-72.9,5.51,13.36,0,3.39,0,1.186,1.97,0,7.63
1/29/2026,1:15, ,gtmpiwq_20H100464_012126_050000.bin,Pine Island,GTMNERR,0,38.526,0,24.51,0,2.651,0,95.6,0,8.57,0,98.35,32.97,7.81,0,-73,5.51,13.403,0,3.86,0,1.192,1.98,0,7.69
1/29/2026,1:30, ,gtmpiwq_20H100464_012126_050000.bin,Pine Island,GTMNERR,0,38.814,0,24.71,0,2.732,0,96,0,8.59,0,96.27,32.28,7.81,0,-73.5,5.51,13.446,0,4.33,0,1.189,2.05,0,7.94
1/29/2026,1:45, ,gtmpiwq_20H100464_012126_050000.bin,Pine Island,GTMNERR,0,39.234,0,25.01,0,2.804,0,96.2,0,8.58,0,94.5,31.69,7.82,0,-73.9,5.51,13.497,0,2.88,0,1.19,1.95,0,7.54
1/29/2026,2:00, ,gtmpiwq_20H100464_012126_050000.bin,Pine Island,GTMNERR,0,39.435,0,25.15,0,2.876,0,96.3,0,8.58,0,93.36,31.3,7.82,0,-74.1,5.51,13.529,0,3.21,0,1.188,1.89,0,7.3
1/29/2026,2:15, ,gtmpiwq_20H100464_012126_050000.bin,Pine Island,GTMNERR,0,39.725,0,25.35,0,2.946,0,96.3,0,8.57,0,91.82,30.79,7.83,0,-74.4,5.5,13.524,0,2.91,0,1.198,1.81,0,7
1/29/2026,2:30, ,gtmpiwq_20H100464_012126_050000.bin,Pine Island,GTMNERR,0,39.877,0,25.46,0,3.016,0,96.1,0,8.55,0,91.25,30.6,7.83,0,-74.2,5.51,13.491,0,3.26,0,1.2,1.86,0,7.18
1/29/2026,2:45, ,gtmpiwq_20H100464_012126_050000.bin,Pine Island,GTMNERR,0,40.108,0,25.62,0,3.079,0,96.2,0,8.54,0,89.41,29.99,7.83,0,-74.6,5.5,13.552,0,3.15,0,1.189,1.81,0,7
1/29/2026,3:00, ,gtmpiwq_20H100464_012126_050000.bin,Pine Island,GTMNERR,0,40.368,0,25.81,0,3.142,0,96,0,8.52,0,88,29.52,7.84,0,-74.7,5.51,13.538,0,3.23,0,1.191,1.77,0,6.84
1/29/2026,3:15, ,gtmpiwq_20H100464_012126_050000.bin,Pine Island,GTMNERR,0,40.664,0,26.01,0,3.206,0,95.9,0,8.49,0,86.81,29.12,7.84,0,-74.9,5.51,13.541,0,2.98,0,1.203,1.79,0,6.92
1/29/2026,3:30, ,gtmpiwq_20H100464_012126_050000.bin,Pine Island,GTMNERR,0,40.831,0,26.13,0,3.267,0,95.9,0,8.49,0,85.82,28.79,7.84,0,-74.9,5.5,13.533,0,3.48,0,1.19,1.73,0,6.67
1/29/2026,3:45, ,gtmpiwq_20H100464_012126_050000.bin,Pine Island,GTMNERR,0,41.01,0,26.26,0,3.327,0,95.9,0,8.48,0,84.71,28.42,7.84,0,-75.2,5.51,13.567,0,3.03,0,1.194,1.71,0,6.58
1/29/2026,4:00, ,gtmpiwq_20H100464_012126_050000.bin,Pine Island,GTMNERR,0,41.127,0,26.34,0,3.388,0,95.7,0,8.46,0,84.04,28.2,7.84,0,-75.3,5.5,13.528,0,3.48,0,1.186,1.7,0,6.55
1/29/2026,4:15, ,gtmpiwq_20H100464_012126_050000.bin,Pine Island,GTMNERR,0,41.781,0,26.81,0,3.447,0,95.6,0,8.42,0,80.26,26.94,7.85,0,-75.6,5.5,13.586,0,3.11,0,1.195,1.88,0,7.28
1/29/2026,4:30, ,gtmpiwq_20H100464_012126_050000.bin,Pine Island,GTMNERR,0,42.113,0,27.04,0,3.507,0,95.5,0,8.4,0,78.41,26.32,7.86,0,-75.9,5.51,13.588,0,3.63,0,1.187,1.59,0,6.11
1/29/2026,4:45, ,gtmpiwq_20H100464_012126_050000.bin,Pine Island,GTMNERR,0,42.494,0,27.31,0,3.561,0,95.3,0,8.37,0,76.23,25.59,7.86,0,-76.1,5.5,13.582,0,3.3,0,1.189,1.83,0,7.08
1/29/2026,5:00, ,gtmpiwq_20H100464_012126_050000.bin,Pine Island,GTMNERR,0,42.652,0,27.43,0,3.617,0,95.2,0,8.36,0,75.07,25.2,7.86,0,-76.2,5.51,13.561,0,3.48,0,1.193,1.64,0,6.33
1/29/2026,5:15, ,gtmpiwq_20H100464_012126_050000.bin,Pine Island,GTMNERR,0,42.844,0,27.56,0,3.663,0,95.1,0,8.34,0,73.97,24.84,7.86,0,-76.3,5.5,13.558,0,3.54,0,1.198,1.63,0,6.28
1/29/2026,5:30, ,gtmpiwq_20H100464_012126_050000.bin,Pine Island,GTMNERR,0,43.067,0,27.72,0,3.705,0,95,0,8.32,0,72.7,24.41,7.86,0,-76.4,5.51,13.568,0,3.73,0,1.202,1.67,0,6.41
1/29/2026,5:45, ,gtmpiwq_20H100464_012126_050000.bin,Pine Island,GTMNERR,0,43.345,0,27.92,0,3.74,0,95,0,8.31,0,70.89,23.81,7.87,0,-76.6,5.51,13.579,0,3.64,0,1.194,1.67,0,6.42
1/29/2026,6:00, ,gtmpiwq_20H100464_012126_050000.bin,Pine Island,GTMNERR,0,43.654,0,28.14,0,3.772,0,95,0,8.3,0,69.41,23.31,7.87,0,-76.8,5.5,13.555,0,3.2,0,1.191,1.6,0,6.16
1/29/2026,6:15, ,gtmpiwq_20H100464_012126_050000.bin,Pine Island,GTMNERR,0,43.828,0,28.26,0,3.798,0,94.7,0,8.28,0,67.98,22.84,7.87,0,-76.8,5.51,13.516,0,2.57,0,1.197,1.51,0,5.79
1/29/2026,6:30, ,gtmpiwq_20H100464_012126_050000.bin,Pine Island,GTMNERR,0,44.078,0,28.44,0,3.815,0,94.6,0,8.26,0,66.25,22.26,7.87,0,-77,5.5,13.528,0,2.39,0,1.185,1.63,0,6.27
1/29/2026,6:45, ,gtmpiwq_20H100464_012126_050000.bin,Pine Island,GTMNERR,0,44.306,0,28.61,0,3.823,0,94.5,0,8.23,0,64.72,21.75,7.88,0,-77.1,5.5,13.552,0,2.43,0,1.194,1.68,0,6.47
1/29/2026,7:00, ,gtmpiwq_20H100464_012126_050000.bin,Pine Island,GTMNERR,0,44.379,0,28.66,0,3.815,0,93.7,0,8.16,0,64.05,21.52,7.87,0,-76.9,5.51,13.538,0,2.55,0,1.197,1.59,0,6.12
1/29/2026,7:15, ,gtmpiwq_20H100464_012126_050000.bin,Pine Island,GTMNERR,0,44.398,0,28.67,0,3.786,0,90.5,0,7.88,0,61.75,20.76,7.86,0,-76,5.5,13.536,0,2.3,0,1.186,1.6,0,6.13
1/29/2026,7:30, ,gtmpiwq_20H100464_012126_050000.bin,Pine Island,GTMNERR,0,44.196,0,28.53,0,3.738,0,93.7,0,8.17,0,63.27,21.27,7.87,0,-76.9,5.51,13.547,0,1.77,0,1.191,1.77,0,6.84
1/29/2026,7:45, ,gtmpiwq_20H100464_012126_050000.bin,Pine Island,GTMNERR,0,43.621,0,28.12,0,3.68,0,93.5,0,8.17,0,65.72,22.08,7.87,0,-76.9,5.5,13.551,0,2.52,0,1.192,1.42,0,5.42
1/29/2026,8:00, ,gtmpiwq_20H100464_012126_050000.bin,Pine Island,GTMNERR,0,43.485,0,28.02,0,3.617,0,94.2,0,8.24,0,68.88,23.14,7.87,0,-76.6,5.5,13.531,0,2.97,0,1.188,1.61,0,6.19
1/29/2026,8:15, ,gtmpiwq_20H100464_012126_050000.bin,Pine Island,GTMNERR,0,43.113,0,27.75,0,3.554,0,94.1,0,8.26,0,71.94,24.16,7.87,0,-76.5,5.51,13.485,0,3.37,0,1.194,1.58,0,6.06
1/29/2026,8:30, ,gtmpiwq_20H100464_012126_050000.bin,Pine Island,GTMNERR,0,42.437,0,27.27,0,3.481,0,93.9,0,8.28,0,76.19,25.58,7.86,0,-76,5.5,13.397,0,3.24,0,1.193,1.42,0,5.42
1/29/2026,8:45, ,gtmpiwq_20H100464_012126_050000.bin,Pine Island,GTMNERR,0,42.095,0,27.02,0,3.406,0,93.9,0,8.3,0,78.41,26.32,7.85,0,-75.8,5.51,13.327,0,3.18,0,1.193,1.52,0,5.83
1/29/2026,9:00, ,gtmpiwq_20H100464_012126_050000.bin,Pine Island,GTMNERR,0,41.379,0,26.51,0,3.336,0,93.7,0,8.33,0,82.87,27.8,7.84,0,-75.1,5.5,13.205,0,3.1,0,1.195,1.56,0,5.97
1/29/2026,9:15, ,gtmpiwq_20H100464_012126_050000.bin,Pine Island,GTMNERR,0,41.015,0,26.25,0,3.259,0,93.8,0,8.37,0,84.3,28.28,7.84,0,-74.9,5.5,13.134,0,3.64,0,1.195,1.51,0,5.81
1/29/2026,9:30, ,gtmpiwq_20H100464_012126_050000.bin,Pine Island,GTMNERR,0,40.875,0,26.16,0,3.176,0,94.1,0,8.38,0,84.69,28.41,7.84,0,-74.9,5.5,13.216,0,4.59,0,1.193,1.45,0,5.55
1/29/2026,9:45, ,gtmpiwq_20H100464_012126_050000.bin,Pine Island,GTMNERR,0,40.61,0,25.97,0,3.097,0,94,0,8.39,0,86.49,29.01,7.84,0,-74.8,5.49,13.193,0,3.87,0,1.2,1.55,0,5.93
1/29/2026,10:00, ,gtmpiwq_20H100464_012126_050000.bin,Pine Island,GTMNERR,0,40.268,0,25.72,0,3.009,0,93.7,0,8.39,0,88.48,29.68,7.83,0,-74.5,5.5,13.101,0,3.71,0,1.186,1.58,0,6.07
1/29/2026,10:15, ,gtmpiwq_20H100464_012126_050000.bin,Pine Island,GTMNERR,0,40.071,0,25.58,0,2.918,0,94,0,8.43,0,89.8,30.12,7.83,0,-74.5,5.5,13.06,0,3.37,0,1.186,1.6,0,6.16
1/29/2026,10:30, ,gtmpiwq_20H100464_012126_050000.bin,Pine Island,GTMNERR,0,39.759,0,25.36,0,2.825,0,93.6,0,8.42,0,91.39,30.65,7.82,0,-74,5.49,12.993,0,4.05,0,1.192,1.55,0,5.94
1/29/2026,10:45, ,gtmpiwq_20H100464_012126_050000.bin,Pine Island,GTMNERR,0,39.43,0,25.13,0,2.727,0,93.7,0,8.47,0,93.2,31.25,7.82,0,-73.8,5.5,12.866,0,4.04,0,1.187,1.55,0,5.94
1/29/2026,11:00, ,gtmpiwq_20H100464_012126_050000.bin,Pine Island,GTMNERR,0,39.073,0,24.87,0,2.626,0,93.3,0,8.46,0,95.27,31.94,7.81,0,-73.4,5.49,12.744,0,4.15,0,1.183,1.63,0,6.25
1/29/2026,11:15, ,gtmpiwq_20H100464_012126_050000.bin,Pine Island,GTMNERR,0,38.77,0,24.66,0,2.531,0,93,0,8.47,0,96.74,32.43,7.81,0,-73,5.5,12.651,0,4.62,0,1.194,1.63,0,6.27
1/29/2026,11:30, ,gtmpiwq_20H100464_012126_050000.bin,Pine Island,GTMNERR,0,38.504,0,24.47,0,2.447,0,93.2,0,8.5,0,98.34,32.97,7.8,0,-72.7,5.49,12.597,0,4.62,0,1.188,1.61,0,6.21
1/29/2026,11:45, ,gtmpiwq_20H100464_012126_050000.bin,Pine Island,GTMNERR,0,38.28,0,24.31,0,2.373,0,93.4,0,8.53,0,99.09,33.22,7.8,0,-72.6,5.5,12.577,0,4.25,0,1.187,1.61,0,6.18
1/29/2026,12:00, ,gtmpiwq_20H100464_012126_050000.bin,Pine Island,GTMNERR,0,38.11,0,24.2,0,2.312,0,93.5,0,8.54,0,99.98,33.51,7.8,0,-72.3,5.5,12.623,0,4.28,0,1.185,1.74,0,6.71
1/29/2026,12:15, ,gtmpiwq_20H100464_012126_050000.bin,Pine Island,GTMNERR,0,37.952,0,24.09,0,2.274,0,93.7,0,8.57,0,99.2,33.26,7.8,0,-72.3,5.49,12.641,0,4.4,0,1.192,1.78,0,6.87
1/29/2026,12:30, ,gtmpiwq_20H100464_012126_050000.bin,Pine Island,GTMNERR,0,37.878,0,24.03,0,2.269,0,93.8,0,8.58,0,100.06,33.54,7.79,0,-72.2,5.5,12.636,0,2.77,0,1.196,1.79,0,6.93
1/29/2026,12:45, ,gtmpiwq_20H100464_012126_050000.bin,Pine Island,GTMNERR,0,37.824,0,24,0,2.295,0,93.2,0,8.52,0,100.67,33.74,7.79,0,-72,5.49,12.649,0,3.39,0,1.201,1.66,0,6.39
1/29/2026,13:00, ,gtmpiwq_20H100464_012126_050000.bin,Pine Island,GTMNERR,0,38.096,0,24.19,0,2.354,0,94.3,0,8.61,0,100.6,33.72,7.8,0,-72.2,5.5,12.633,0,3.97,0,1.193,1.59,0,6.1
1/29/2026,13:15, ,gtmpiwq_20H100464_012126_050000.bin,Pine Island,GTMNERR,0,38.589,0,24.53,0,2.425,0,94.5,0,8.59,0,97.12,32.56,7.81,0,-72.9,5.5,12.733,0,3.27,0,1.187,1.68,0,6.46
1/29/2026,13:30, ,gtmpiwq_20H100464_012126_050000.bin,Pine Island,GTMNERR,0,38.62,0,24.56,0,2.506,0,94.7,0,8.61,0,97.47,32.68,7.81,0,-72.9,5.49,12.747,0,4.07,0,1.191,1.68,0,6.45
1/29/2026,13:45, ,gtmpiwq_20H100464_012126_050000.bin,Pine Island,GTMNERR,0,38.801,0,24.68,0,2.587,0,94.9,0,8.61,0,96.28,32.28,7.81,0,-73.2,5.5,12.802,0,4.24,0,1.192,1.62,0,6.24
1/29/2026,14:00, ,gtmpiwq_20H100464_012126_050000.bin,Pine Island,GTMNERR,0,39.143,0,24.93,0,2.665,0,95.6,0,8.63,0,94.81,31.79,7.82,0,-73.6,5.49,12.956,0,3.42,0,1.184,1.67,0,6.43
1/29/2026,14:15, ,gtmpiwq_20H100464_012126_050000.bin,Pine Island,GTMNERR,0,39.286,0,25.03,0,2.739,0,95.9,0,8.64,0,93.67,31.41,7.82,0,-73.7,5.49,13.03,0,3.32,0,1.203,1.75,0,6.73
1/29/2026,14:30, ,gtmpiwq_20H100464_012126_050000.bin,Pine Island,GTMNERR,0,39.61,0,25.26,0,2.806,0,96.2,0,8.64,0,91.04,30.53,7.83,0,-74.2,5.5,13.123,0,5.24,0,1.199,1.66,0,6.41
1/29/2026,14:45, ,gtmpiwq_20H100464_012126_050000.bin,Pine Island,GTMNERR,0,39.886,0,25.46,0,2.879,0,96.7,0,8.65,0,90.13,30.23,7.83,0,-74.4,5.49,13.212,0,3.66,0,1.183,1.63,0,6.27
1/29/2026,15:00, ,gtmpiwq_20H100464_012126_050000.bin,Pine Island,GTMNERR,0,40.155,0,25.65,0,2.939,0,97,0,8.66,0,88.7,29.75,7.83,0,-74.4,5.5,13.309,0,3.13,0,1.19,1.7,0,6.56
1/29/2026,15:15, ,gtmpiwq_20H100464_012126_050000.bin,Pine Island,GTMNERR,0,40.363,0,25.8,0,2.996,0,97.4,0,8.67,0,87.56,29.37,7.84,0,-74.9,5.49,13.39,0,2.65,0,1.19,1.7,0,6.54
1/29/2026,15:30, ,gtmpiwq_20H100464_012126_050000.bin,Pine Island,GTMNERR,0,40.51,0,25.9,0,3.05,0,97.8,0,8.69,0,86.7,29.08,7.84,0,-75.1,5.49,13.443,0,2.79,0,1.194,1.67,0,6.43
1/29/2026,15:45, ,gtmpiwq_20H100464_012126_050000.bin,Pine Island,GTMNERR,0,40.715,0,26.05,0,3.099,0,97.2,0,8.64,0,85.77,28.77,7.84,0,-75,5.5,13.384,0,2.73,0,1.191,1.76,0,6.79
1/29/2026,16:00, ,gtmpiwq_20H100464_012126_050000.bin,Pine Island,GTMNERR,0,40.883,0,26.17,0,3.156,0,97.4,0,8.65,0,84.97,28.51,7.84,0,-75.2,5.49,13.4,0,2.83,0,1.2,1.71,0,6.6
1/29/2026,16:15, ,gtmpiwq_20H100464_012126_050000.bin,Pine Island,GTMNERR,0,41.052,0,26.29,0,3.209,0,97.6,0,8.66,0,83.86,28.13,7.85,0,-75.5,5.5,13.43,0,2.56,0,1.193,1.71,0,6.58
1/29/2026,16:30, ,gtmpiwq_20H100464_012126_050000.bin,Pine Island,GTMNERR,0,41.227,0,26.41,0,3.265,0,97.6,0,8.65,0,82.46,27.67,7.85,0,-75.6,5.49,13.436,0,2.7,0,1.193,1.62,0,6.21
1/29/2026,16:45, ,gtmpiwq_20H100464_012126_050000.bin,Pine Island,GTMNERR,0,41.472,0,26.58,0,3.315,0,98,0,8.66,0,81.39,27.31,7.85,0,-75.7,5.49,13.468,0,2.4,0,1.196,1.69,0,6.52
1/29/2026,17:00, ,gtmpiwq_20H100464_012126_050000.bin,Pine Island,GTMNERR,0,41.652,0,26.71,0,3.368,0,97.7,0,8.63,0,80.48,27.01,7.86,0,-75.9,5.5,13.463,0,2.39,0,1.185,1.81,0,6.97
1/29/2026,17:15, ,gtmpiwq_20H100464_012126_050000.bin,Pine Island,GTMNERR,0,41.813,0,26.83,0,3.416,0,97.6,0,8.62,0,79.46,26.67,7.86,0,-76,5.49,13.471,0,2.58,0,1.195,1.65,0,6.36
1/29/2026,17:30, ,gtmpiwq_20H100464_012126_050000.bin,Pine Island,GTMNERR,0,42.082,0,27.02,0,3.464,0,97.6,0,8.6,0,78.02,26.19,7.86,0,-76.2,5.5,13.48,0,2.25,0,1.19,1.85,0,7.17
1/29/2026,17:45, ,gtmpiwq_20H100464_012126_050000.bin,Pine Island,GTMNERR,0,42.217,0,27.11,0,3.509,0,97.7,0,8.6,0,77.22,25.92,7.86,0,-76.3,5.49,13.496,0,2.21,0,1.189,1.69,0,6.49
1/29/2026,18:00, ,gtmpiwq_20H100464_012126_050000.bin,Pine Island,GTMNERR,0,42.524,0,27.33,0,3.542,0,97.7,0,8.59,0,75.46,25.33,7.86,0,-76.4,5.49,13.512,0,2.27,0,1.197,1.76,0,6.81
1/29/2026,18:15, ,gtmpiwq_20H100464_012126_050000.bin,Pine Island,GTMNERR,0,42.735,0,27.48,0,3.57,0,97.5,0,8.56,0,74.31,24.95,7.87,0,-76.7,5.5,13.525,0,2.21,0,1.194,1.85,0,7.15
1/29/2026,18:30, ,gtmpiwq_20H100464_012126_050000.bin,Pine Island,GTMNERR,0,43.03,0,27.69,0,3.59,0,97.6,0,8.56,0,72.37,24.3,7.87,0,-76.8,5.49,13.554,0,1.95,0,1.195,1.87,0,7.22
1/29/2026,18:45, ,gtmpiwq_20H100464_012126_050000.bin,Pine Island,GTMNERR,0,43.14,0,27.77,0,3.597,0,97.4,0,8.53,0,71.79,24.11,7.87,0,-76.9,5.5,13.574,0,1.84,0,1.195,1.82,0,7.01
1/29/2026,19:00, ,gtmpiwq_20H100464_012126_050000.bin,Pine Island,GTMNERR,0,43.149,0,27.78,0,3.587,0,97,0,8.5,0,71.25,23.93,7.87,0,-76.8,5.49,13.568,0,1.91,0,1.194,1.69,0,6.5
1/29/2026,19:15, ,gtmpiwq_20H100464_012126_050000.bin,Pine Island,GTMNERR,0,43.066,0,27.72,0,3.557,0,96.5,0,8.46,0,71.6,24.05,7.87,0,-76.6,5.49,13.554,0,2.15,0,1.193,1.83,0,7.07
1/29/2026,19:30, ,gtmpiwq_20H100464_012126_050000.bin,Pine Island,GTMNERR,0,42.663,0,27.43,0,3.51,0,96.8,0,8.5,0,70.54,23.69,7.87,0,-76.7,5.49,13.551,0,2.32,0,1.187,1.85,0,7.15
1/29/2026,19:45, ,gtmpiwq_20H100464_012126_050000.bin,Pine Island,GTMNERR,0,42.255,0,27.14,0,3.452,0,96.8,0,8.52,0,74.93,25.16,7.86,0,-76.3,5.48,13.522,0,2.59,0,1.188,1.77,0,6.82
1/29/2026,20:00, ,gtmpiwq_20H100464_012126_050000.bin,Pine Island,GTMNERR,0,42.033,0,26.98,0,3.381,0,97,0,8.56,0,78.25,26.27,7.86,0,-76.1,5.5,13.449,0,2.32,0,1.197,1.93,0,7.49
1/29/2026,20:15, ,gtmpiwq_20H100464_012126_050000.bin,Pine Island,GTMNERR,0,41.513,0,26.61,0,3.316,0,97.2,0,8.6,0,81.37,27.31,7.85,0,-75.8,5.49,13.415,0,2.42,0,1.192,1.88,0,7.25
1/29/2026,20:30, ,gtmpiwq_20H100464_012126_050000.bin,Pine Island,GTMNERR,0,41.12,0,26.33,0,3.249,0,97.5,0,8.64,0,83.35,27.97,7.85,0,-75.7,5.49,13.391,0,2.82,0,1.186,1.83,0,7.06
1/29/2026,20:45, ,gtmpiwq_20H100464_012126_050000.bin,Pine Island,GTMNERR,0,40.883,0,26.17,0,3.178,0,97.3,0,8.65,0,84.77,28.44,7.85,0,-75.5,5.49,13.373,0,2.63,0,1.184,1.76,0,6.79
1/29/2026,21:00, ,gtmpiwq_20H100464_012126_050000.bin,Pine Island,GTMNERR,0,40.767,0,26.08,0,3.102,0,97.2,0,8.64,0,85.38,28.64,7.84,0,-75.2,5.49,13.367,0,3.07,0,1.195,1.76,0,6.79
1/29/2026,21:15, ,gtmpiwq_20H100464_012126_050000.bin,Pine Island,GTMNERR,0,40.579,0,25.95,0,3.018,0,97.1,0,8.64,0,86.48,29.01,7.84,0,-75.1,5.49,13.379,0,3.09,0,1.19,1.76,0,6.8
1/29/2026,21:30, ,gtmpiwq_20H100464_012126_050000.bin,Pine Island,GTMNERR,0,40.279,0,25.74,0,2.931,0,97.2,0,8.65,0,87.91,29.49,7.84,0,-75,5.48,13.364,0,3.21,0,1.191,1.87,0,7.23
1/29/2026,21:45, ,gtmpiwq_20H100464_012126_050000.bin,Pine Island,GTMNERR,0,39.974,0,25.52,0,2.837,0,97.3,0,8.68,0,89.77,30.11,7.84,0,-74.7,5.48,13.342,0,3.16,0,1.189,1.82,0,7.02
1/29/2026,22:00, ,gtmpiwq_20H100464_012126_050000.bin,Pine Island,GTMNERR,0,39.68,0,25.31,0,2.742,0,97.1,0,8.68,0,91.06,30.54,7.83,0,-74.4,5.49,13.316,0,3.84,0,1.185,1.75,0,6.74
1/29/2026,22:15, ,gtmpiwq_20H100464_012126_050000.bin,Pine Island,GTMNERR,0,39.385,0,25.11,0,2.639,0,96.9,0,8.68,0,92.94,31.16,7.83,0,-74.1,5.48,13.281,0,3.49,0,1.187,1.81,0,6.99
1/29/2026,22:30, ,gtmpiwq_20H100464_012126_050000.bin,Pine Island,GTMNERR,0,38.994,0,24.83,0,2.538,0,96.5,0,8.68,0,94.95,31.84,7.82,0,-73.6,5.49,13.187,0,3.78,0,1.185,1.81,0,7.01
1/29/2026,22:45, ,gtmpiwq_20H100464_012126_050000.bin,Pine Island,GTMNERR,0,38.628,0,24.57,0,2.437,0,95.8,0,8.65,0,97.1,32.55,7.81,0,-73.1,5.48,13.072,0,4.68,0,1.191,1.9,0,7.33
1/29/2026,23:00, ,gtmpiwq_20H100464_012126_050000.bin,Pine Island,GTMNERR,0,38.31,0,24.34,0,2.344,0,95.5,0,8.64,0,99.05,33.2,7.8,0,-72.7,5.48,12.987,0,4.81,0,1.194,1.99,0,7.73
1/29/2026,23:15, ,gtmpiwq_20H100464_012126_050000.bin,Pine Island,GTMNERR,0,38,0,24.13,0,2.256,0,95,0,8.63,0,100.44,33.67,7.8,0,-72.4,5.49,12.919,0,4.44,0,1.185,1.87,0,7.23
1/29/2026,23:30, ,gtmpiwq_20H100464_012126_050000.bin,Pine Island,GTMNERR,0,37.751,0,23.95,0,2.182,0,94.9,0,8.64,0,102.08,34.22,7.79,0,-72.3,5.48,12.871,0,4.02,0,1.194,1.84,0,7.09
1/29/2026,23:45, ,gtmpiwq_20H100464_012126_050000.bin,Pine Island,GTMNERR,0,37.505,0,23.78,0,2.114,0,94.6,0,8.63,0,103.16,34.57,7.79,0,-71.9,5.49,12.84,0,3.72,0,1.19,1.92,0,7.45
1/30/2026,0:00, ,gtmpiwq_20H100464_012126_050000.bin,Pine Island,GTMNERR,0,37.361,0,23.68,0,2.068,0,94.7,0,8.65,0,104.27,34.94,7.79,0,-71.7,5.48,12.809,0,3.95,0,1.191,1.95,0,7.54
1/30/2026,0:15, ,gtmpiwq_20H100464_012126_050000.bin,Pine Island,GTMNERR,0,37.229,0,23.58,0,2.036,0,94.5,0,8.64,0,105.12,35.23,7.78,0,-71.6,5.48,12.789,0,3.26,0,1.194,2.05,0,7.96
1/30/2026,0:30, ,gtmpiwq_20H100464_012126_050000.bin,Pine Island,GTMNERR,0,37.156,0,23.53,0,2.052,0,94.2,0,8.61,0,105.53,35.37,7.78,0,-71.1,5.49,12.778,0,2.52,0,1.189,1.68,0,6.47
1/30/2026,0:45, ,gtmpiwq_20H100464_012126_050000.bin,Pine Island,GTMNERR,0,37.114,0,23.5,0,2.101,0,94.4,0,8.64,0,105.28,35.28,7.78,0,-71.3,5.48,12.773,0,3.01,0,1.199,1.87,0,7.24
1/30/2026,1:00, ,gtmpiwq_20H100464_012126_050000.bin,Pine Island,GTMNERR,0,38.21,0,24.27,0,2.183,0,94.9,0,8.62,0,99.82,33.46,7.8,0,-72.6,5.49,12.879,0,3.48,0,1.193,1.85,0,7.14
1/30/2026,1:15, ,gtmpiwq_20H100464_012126_050000.bin,Pine Island,GTMNERR,0,38.45,0,24.44,0,2.28,0,95.1,0,8.62,0,98.08,32.88,7.8,0,-72.6,5.48,12.945,0,4.89,0,1.192,1.81,0,7.01
1/30/2026,1:30, ,gtmpiwq_20H100464_012126_050000.bin,Pine Island,GTMNERR,0,38.228,0,24.28,0,2.385,0,95.2,0,8.64,0,99.64,33.4,7.8,0,-72.5,5.48,12.901,0,5.09,0,1.194,1.75,0,6.77
1/30/2026,1:45, ,gtmpiwq_20H100464_012126_050000.bin,Pine Island,GTMNERR,0,38.478,0,24.46,0,2.483,0,95.1,0,8.62,0,98.32,32.96,7.8,0,-72.5,5.48,12.91,0,4.98,0,1.189,1.78,0,6.85
1/30/2026,2:00, ,gtmpiwq_20H100464_012126_050000.bin,Pine Island,GTMNERR,0,38.744,0,24.65,0,2.576,0,95.2,0,8.61,0,97.24,32.6,7.8,0,-72.8,5.47,12.951,0,4.64,0,1.188,1.76,0,6.79
1/30/2026,2:15, ,gtmpiwq_20H100464_012126_050000.bin,Pine Island,GTMNERR,0,39.096,0,24.9,0,2.666,0,95.3,0,8.59,0,95.22,31.93,7.81,0,-73.1,5.48,13.021,0,4.56,0,1.194,1.7,0,6.55
1/30/2026,2:30, ,gtmpiwq_20H100464_012126_050000.bin,Pine Island,GTMNERR,0,39.587,0,25.24,0,2.745,0,95.4,0,8.57,0,93.01,31.19,7.82,0,-73.6,5.48,13.058,0,3.66,0,1.185,1.65,0,6.33
1/30/2026,2:45, ,gtmpiwq_20H100464_012126_050000.bin,Pine Island,GTMNERR,0,39.821,0,25.41,0,2.825,0,95.6,0,8.58,0,91.49,30.68,7.82,0,-73.9,5.48,13.109,0,3.56,0,1.193,1.61,0,6.19
1/30/2026,3:00, ,gtmpiwq_20H100464_012126_050000.bin,Pine Island,GTMNERR,0,40.123,0,25.62,0,2.903,0,95.6,0,8.56,0,89.78,30.11,7.82,0,-74,5.48,13.134,0,3.66,0,1.186,1.62,0,6.22
1/30/2026,3:15, ,gtmpiwq_20H100464_012126_050000.bin,Pine Island,GTMNERR,0,40.361,0,25.79,0,2.976,0,95.2,0,8.53,0,89.21,29.92,7.83,0,-74.1,5.48,13.078,0,3.48,0,1.191,1.55,0,5.94
1/30/2026,3:30, ,gtmpiwq_20H100464_012126_050000.bin,Pine Island,GTMNERR,0,40.559,0,25.93,0,3.044,0,95.2,0,8.52,0,87.49,29.35,7.83,0,-74.3,5.48,13.12,0,3.52,0,1.194,1.58,0,6.08
1/30/2026,3:45, ,gtmpiwq_20H100464_012126_050000.bin,Pine Island,GTMNERR,0,40.759,0,26.07,0,3.113,0,95.2,0,8.5,0,86.33,28.96,7.83,0,-74.5,5.48,13.127,0,3.86,0,1.185,1.58,0,6.06
1/30/2026,4:00, ,gtmpiwq_20H100464_012126_050000.bin,Pine Island,GTMNERR,0,41.163,0,26.36,0,3.181,0,95,0,8.47,0,84.41,28.32,7.83,0,-74.6,5.48,13.128,0,3.31,0,1.197,1.57,0,6.02
1/30/2026,4:15, ,gtmpiwq_20H100464_012126_050000.bin,Pine Island,GTMNERR,0,41.32,0,26.47,0,3.248,0,95.1,0,8.47,0,83.58,28.04,7.84,0,-74.8,5.48,13.135,0,3.25,0,1.189,1.56,0,5.97
1/30/2026,4:30, ,gtmpiwq_20H100464_012126_050000.bin,Pine Island,GTMNERR,0,41.478,0,26.58,0,3.321,0,95.1,0,8.46,0,82.67,27.74,7.84,0,-75,5.47,13.15,0,3.44,0,1.191,1.49,0,5.69
1/30/2026,4:45, ,gtmpiwq_20H100464_012126_050000.bin,Pine Island,GTMNERR,0,41.771,0,26.79,0,3.391,0,94.9,0,8.44,0,80.97,27.17,7.84,0,-75.1,5.48,13.131,0,3.47,0,1.185,1.48,0,5.67
1/30/2026,5:00, ,gtmpiwq_20H100464_012126_050000.bin,Pine Island,GTMNERR,0,42.221,0,27.11,0,3.459,0,94.9,0,8.42,0,78.24,26.26,7.85,0,-75.4,5.48,13.147,0,3.64,0,1.193,1.49,0,5.7
1/30/2026,5:15, ,gtmpiwq_20H100464_012126_050000.bin,Pine Island,GTMNERR,0,42.624,0,27.39,0,3.527,0,94.7,0,8.39,0,75.87,25.47,7.85,0,-75.7,5.48,13.14,0,3.43,0,1.195,1.43,0,5.47
1/30/2026,5:30, ,gtmpiwq_20H100464_012126_050000.bin,Pine Island,GTMNERR,0,42.948,0,27.62,0,3.591,0,94.6,0,8.36,0,74,24.85,7.86,0,-76,5.48,13.148,0,3.69,0,1.186,1.48,0,5.66
1/30/2026,5:45, ,gtmpiwq_20H100464_012126_050000.bin,Pine Island,GTMNERR,0,43.169,0,27.78,0,3.649,0,94.5,0,8.35,0,72.67,24.4,7.86,0,-76,5.47,13.138,0,3.97,0,1.199,1.45,0,5.53
1/30/2026,6:00, ,gtmpiwq_20H100464_012126_050000.bin,Pine Island,GTMNERR,0,43.453,0,27.98,0,3.705,0,94.3,0,8.32,0,70.77,23.77,7.86,0,-76.2,5.48,13.139,0,4.33,0,1.203,1.51,0,5.77
1/30/2026,6:15, ,gtmpiwq_20H100464_012126_050000.bin,Pine Island,GTMNERR,0,43.653,0,28.13,0,3.755,0,94.3,0,8.31,0,69.46,23.33,7.87,0,-76.4,5.47,13.159,0,4.61,0,1.202,1.49,0,5.72
1/30/2026,6:30, ,gtmpiwq_20H100464_012126_050000.bin,Pine Island,GTMNERR,0,44.046,0,28.41,0,3.796,0,94.3,0,8.3,0,66.62,22.38,7.87,0,-76.6,5.48,13.152,0,6.86,0,1.198,1.38,0,5.28
1/30/2026,6:45, ,gtmpiwq_20H100464_012126_050000.bin,Pine Island,GTMNERR,0,44.689,0,28.87,0,3.833,0,94.3,0,8.27,0,63.03,21.18,7.88,0,-77.2,5.48,13.133,0,4.26,0,1.195,1.38,0,5.28
1/30/2026,7:00, ,gtmpiwq_20H100464_012126_050000.bin,Pine Island,GTMNERR,0,45.035,0,29.11,0,3.865,0,94.3,0,8.26,0,61.19,20.57,7.88,0,-77.4,5.47,13.139,0,4.11,0,1.196,1.39,0,5.32
1/30/2026,7:15, ,gtmpiwq_20H100464_012126_050000.bin,Pine Island,GTMNERR,0,45.36,0,29.35,0,3.89,0,94.4,0,8.26,0,59.27,19.93,7.89,0,-77.9,5.48,13.135,0,4.3,0,1.198,1.46,0,5.58
1/30/2026,7:30, ,gtmpiwq_20H100464_012126_050000.bin,Pine Island,GTMNERR,0,45.607,0,29.53,0,3.907,0,94.4,0,8.25,0,57.56,19.36,7.89,0,-78,5.47,13.135,0,4.35,0,1.198,1.39,0,5.31
1/30/2026,7:45, ,gtmpiwq_20H100464_012126_050000.bin,Pine Island,GTMNERR,0,45.831,0,29.69,0,3.915,0,94.3,0,8.24,0,55.87,18.8,7.9,0,-78.3,5.47,13.13,0,2.8,0,1.202,1.27,0,4.83
1/30/2026,8:00, ,gtmpiwq_20H100464_012126_050000.bin,Pine Island,GTMNERR,0,45.898,0,29.73,0,3.909,0,93.7,0,8.18,0,54.98,18.5,7.9,0,-78.3,5.48,13.136,0,2.23,0,1.203,1.48,0,5.66
1/30/2026,8:15, ,gtmpiwq_20H100464_012126_050000.bin,Pine Island,GTMNERR,0,46.056,0,29.85,0,3.884,0,92.7,0,8.08,0,53.72,18.08,7.9,0,-78.1,5.47,13.141,0,2.04,0,1.195,1.19,0,4.5
1/30/2026,8:30, ,gtmpiwq_20H100464_012126_050000.bin,Pine Island,GTMNERR,0,45.944,0,29.77,0,3.84,0,93.6,0,8.16,0,53.19,17.9,7.9,0,-78.2,5.48,13.144,0,1.92,0,1.187,1.46,0,5.6
1/30/2026,8:45, ,gtmpiwq_20H100464_012126_050000.bin,Pine Island,GTMNERR,0,45.485,0,29.44,0,3.786,0,93.8,0,8.2,0,55.25,18.59,7.9,0,-78.4,5.47,13.154,0,1.59,0,1.186,1.18,0,4.45
1/30/2026,9:00, ,gtmpiwq_20H100464_012126_050000.bin,Pine Island,GTMNERR,0,45.053,0,29.13,0,3.725,0,92.8,0,8.13,0,58.23,19.59,7.89,0,-78,5.47,13.137,0,3.87,0,1.193,1.23,0,4.65
1/30/2026,9:15, ,gtmpiwq_20H100464_012126_050000.bin,Pine Island,GTMNERR,0,44.957,0,29.06,0,3.662,0,93.8,0,8.23,0,60.96,20.49,7.88,0,-77.5,5.48,13.116,0,3.94,0,1.198,1.29,0,4.9
1/30/2026,9:30, ,gtmpiwq_20H100464_012126_050000.bin,Pine Island,GTMNERR,0,44.14,0,28.47,0,3.594,0,93.3,0,8.22,0,66.3,22.28,7.87,0,-76.8,5.47,13.062,0,3.97,0,1.197,1.18,0,4.45
1/30/2026,9:45, ,gtmpiwq_20H100464_012126_050000.bin,Pine Island,GTMNERR,0,43.697,0,28.16,0,3.528,0,93.4,0,8.25,0,69.26,23.26,7.86,0,-76.4,5.48,13.045,0,3.91,0,1.199,1.24,0,4.69
1/30/2026,10:00, ,gtmpiwq_20H100464_012126_050000.bin,Pine Island,GTMNERR,0,42.961,0,27.63,0,3.454,0,93.4,0,8.28,0,73.8,24.78,7.86,0,-75.9,5.47,13.025,0,3.77,0,1.202,1.37,0,5.21
1/30/2026,10:15, ,gtmpiwq_20H100464_012126_050000.bin,Pine Island,GTMNERR,0,42.15,0,27.05,0,3.37,0,93.6,0,8.34,0,78.28,26.27,7.85,0,-75.3,5.47,12.992,0,4.05,0,1.193,1.33,0,5.07
1/30/2026,10:30, ,gtmpiwq_20H100464_012126_050000.bin,Pine Island,GTMNERR,0,42.111,0,27.03,0,3.286,0,93.9,0,8.36,0,78.32,26.29,7.85,0,-75.4,5.48,13.035,0,4.03,0,1.19,1.4,0,5.34
1/30/2026,10:45, ,gtmpiwq_20H100464_012126_050000.bin,Pine Island,GTMNERR,0,41.774,0,26.79,0,3.213,0,93.9,0,8.37,0,80.21,26.92,7.84,0,-75.1,5.47,13.015,0,3.85,0,1.186,1.45,0,5.55
1/30/2026,11:00, ,gtmpiwq_20H100464_012126_050000.bin,Pine Island,GTMNERR,0,41.43,0,26.54,0,3.126,0,94,0,8.39,0,81.95,27.5,7.84,0,-74.8,5.48,13.023,0,4.31,0,1.192,1.42,0,5.41
1/30/2026,11:15, ,gtmpiwq_20H100464_012126_050000.bin,Pine Island,GTMNERR,0,41.045,0,26.27,0,3.037,0,93.8,0,8.39,0,83.4,27.98,7.83,0,-74.3,5.47,13.011,0,5.36,0,1.203,1.38,0,5.27
1/30/2026,11:30, ,gtmpiwq_20H100464_012126_050000.bin,Pine Island,GTMNERR,0,40.732,0,26.05,0,2.942,0,93.9,0,8.41,0,85.82,28.79,7.83,0,-74.1,5.47,13.015,0,4.08,0,1.189,1.45,0,5.53
1/30/2026,11:45, ,gtmpiwq_20H100464_012126_050000.bin,Pine Island,GTMNERR,0,40.341,0,25.77,0,2.842,0,94,0,8.43,0,87.35,29.3,7.82,0,-73.6,5.48,13.004,0,4.88,0,1.191,1.49,0,5.72
1/30/2026,12:00, ,gtmpiwq_20H100464_012126_050000.bin,Pine Island,GTMNERR,0,40.053,0,25.57,0,2.744,0,94.2,0,8.46,0,89.71,30.09,7.82,0,-73.5,5.46,12.995,0,4.1,0,1.19,1.52,0,5.83
1/30/2026,12:15, ,gtmpiwq_20H100464_012126_050000.bin,Pine Island,GTMNERR,0,39.763,0,25.36,0,2.646,0,94.3,0,8.49,0,91.23,30.59,7.81,0,-73.2,5.47,12.976,0,4.25,0,1.201,1.52,0,5.82
1/30/2026,12:30, ,gtmpiwq_20H100464_012126_050000.bin,Pine Island,GTMNERR,0,39.488,0,25.17,0,2.541,0,94.2,0,8.49,0,92.45,31,7.8,0,-72.6,5.47,12.976,0,4.13,0,1.184,1.45,0,5.54
1/30/2026,12:45, ,gtmpiwq_20H100464_012126_050000.bin,Pine Island,GTMNERR,0,39.247,0,25,0,2.446,0,94.6,0,8.52,0,93.31,31.29,7.8,0,-72.5,5.47,13.03,0,4.39,0,1.187,1.56,0,6
1/30/2026,13:00, ,gtmpiwq_20H100464_012126_050000.bin,Pine Island,GTMNERR,0,39.052,0,24.87,0,2.362,0,95,0,8.56,0,95.05,31.87,7.79,0,-72.3,5.47,13.048,0,3.31,0,1.193,1.56,0,5.98
1/30/2026,13:15, ,gtmpiwq_20H100464_012126_050000.bin,Pine Island,GTMNERR,0,38.853,0,24.73,0,2.289,0,95.2,0,8.58,0,95.64,32.06,7.79,0,-72.1,5.47,13.087,0,3.27,0,1.184,1.51,0,5.78
1/30/2026,13:30, ,gtmpiwq_20H100464_012126_050000.bin,Pine Island,GTMNERR,0,38.691,0,24.62,0,2.243,0,95.3,0,8.59,0,96.69,32.42,7.79,0,-71.9,5.47,13.146,0,3.25,0,1.194,1.5,0,5.73
1/30/2026,13:45, ,gtmpiwq_20H100464_012126_050000.bin,Pine Island,GTMNERR,0,38.56,0,24.52,0,2.219,0,95.7,0,8.62,0,97.14,32.57,7.78,0,-71.6,5.46,13.159,0,2.89,0,1.187,1.57,0,6.04
1/30/2026,14:00, ,gtmpiwq_20H100464_012126_050000.bin,Pine Island,GTMNERR,0,38.489,0,24.47,0,2.239,0,94.9,0,8.55,0,95.78,32.11,7.78,0,-71.3,5.47,13.179,0,4.06,0,1.184,1.61,0,6.19
1/30/2026,14:15, ,gtmpiwq_20H100464_012126_050000.bin,Pine Island,GTMNERR,0,38.484,0,24.47,0,2.293,0,95.5,0,8.61,0,97.74,32.77,7.78,0,-71.2,5.47,13.129,0,3.39,0,1.189,1.55,0,5.94
1/30/2026,14:30, ,gtmpiwq_20H100464_012126_050000.bin,Pine Island,GTMNERR,0,39.092,0,24.9,0,2.378,0,96.3,0,8.64,0,94.86,31.81,7.79,0,-72.2,5.46,13.273,0,3.02,0,1.192,1.51,0,5.78
1/30/2026,14:45, ,gtmpiwq_20H100464_012126_050000.bin,Pine Island,GTMNERR,0,39.486,0,25.18,0,2.47,0,96,0,8.6,0,92.79,31.11,7.8,0,-72.4,5.47,13.265,0,3.91,0,1.193,1.49,0,5.7
1/30/2026,15:00, ,gtmpiwq_20H100464_012126_050000.bin,Pine Island,GTMNERR,0,39.51,0,25.19,0,2.559,0,96,0,8.6,0,92.59,31.05,7.8,0,-72.5,5.46,13.238,0,4.39,0,1.192,1.57,0,6.01
1/30/2026,15:15, ,gtmpiwq_20H100464_012126_050000.bin,Pine Island,GTMNERR,0,39.714,0,25.34,0,2.645,0,96,0,8.6,0,91.38,30.65,7.8,0,-72.7,5.47,13.244,0,4.65,0,1.183,1.46,0,5.6
1/30/2026,15:30, ,gtmpiwq_20H100464_012126_050000.bin,Pine Island,GTMNERR,0,39.934,0,25.49,0,2.72,0,96.2,0,8.59,0,90.2,30.25,7.8,0,-72.9,5.47,13.306,0,3.62,0,1.185,1.7,0,6.55
1/30/2026,15:45, ,gtmpiwq_20H100464_012126_050000.bin,Pine Island,GTMNERR,0,40.174,0,25.66,0,2.794,0,96,0,8.57,0,88.81,29.79,7.81,0,-73.1,5.46,13.304,0,3.63,0,1.186,1.67,0,6.43
1/30/2026,16:00, ,gtmpiwq_20H100464_012126_050000.bin,Pine Island,GTMNERR,0,40.624,0,25.98,0,2.864,0,96.8,0,8.59,0,86.49,29.01,7.81,0,-73.2,5.47,13.481,0,3.64,0,1.189,1.69,0,6.49
1/30/2026,16:15, ,gtmpiwq_20H100464_012126_050000.bin,Pine Island,GTMNERR,0,40.746,0,26.07,0,2.938,0,96.6,0,8.57,0,85.87,28.81,7.81,0,-73.5,5.46,13.467,0,4.02,0,1.193,1.62,0,6.22
1/30/2026,16:30, ,gtmpiwq_20H100464_012126_050000.bin,Pine Island,GTMNERR,0,41.056,0,26.29,0,3.005,0,97.2,0,8.59,0,84.18,28.24,7.82,0,-73.6,5.46,13.569,0,3.67,0,1.198,1.55,0,5.96
1/30/2026,16:45, ,gtmpiwq_20H100464_012126_050000.bin,Pine Island,GTMNERR,0,41.27,0,26.44,0,3.071,0,96.7,0,8.54,0,83.19,27.91,7.82,0,-73.9,5.47,13.55,0,2.95,0,1.193,1.69,0,6.52
1/30/2026,17:00, ,gtmpiwq_20H100464_012126_050000.bin,Pine Island,GTMNERR,0,41.472,0,26.59,0,3.133,0,96.8,0,8.55,0,81.85,27.46,7.82,0,-74,5.46,13.555,0,3.29,0,1.189,1.62,0,6.24
1/30/2026,17:15, ,gtmpiwq_20H100464_012126_050000.bin,Pine Island,GTMNERR,0,41.693,0,26.74,0,3.196,0,96.9,0,8.54,0,80.21,26.92,7.83,0,-74.3,5.47,13.579,0,3.54,0,1.185,1.55,0,5.95
1/30/2026,17:30, ,gtmpiwq_20H100464_012126_050000.bin,Pine Island,GTMNERR,0,42.089,0,27.03,0,3.258,0,96.8,0,8.51,0,78.39,26.31,7.83,0,-74.6,5.46,13.604,0,2.9,0,1.184,1.57,0,6.01
1/30/2026,17:45, ,gtmpiwq_20H100464_012126_050000.bin,Pine Island,GTMNERR,0,42.212,0,27.11,0,3.32,0,96.9,0,8.51,0,77.71,26.08,7.84,0,-74.8,5.46,13.611,0,2.98,0,1.202,1.5,0,5.77
1/30/2026,18:00, ,gtmpiwq_20H100464_012126_050000.bin,Pine Island,GTMNERR,0,42.404,0,27.25,0,3.381,0,97,0,8.51,0,76.65,25.73,7.84,0,-74.8,5.47,13.62,0,2.93,0,1.197,1.59,0,6.11
1/30/2026,18:15, ,gtmpiwq_20H100464_012126_050000.bin,Pine Island,GTMNERR,0,42.712,0,27.47,0,3.439,0,96.8,0,8.49,0,74.7,25.08,7.84,0,-75.2,5.46,13.609,0,2.98,0,1.194,1.63,0,6.27
1/30/2026,18:30, ,gtmpiwq_20H100464_012126_050000.bin,Pine Island,GTMNERR,0,42.988,0,27.67,0,3.494,0,96.8,0,8.47,0,73,24.51,7.85,0,-75.3,5.47,13.601,0,3.29,0,1.191,1.82,0,7.03
1/30/2026,18:45, ,gtmpiwq_20H100464_012126_050000.bin,Pine Island,GTMNERR,0,43.332,0,27.91,0,3.543,0,96.8,0,8.47,0,71.07,23.87,7.85,0,-75.7,5.46,13.614,0,2.89,0,1.187,1.55,0,5.96
1/30/2026,19:00, ,gtmpiwq_20H100464_012126_050000.bin,Pine Island,GTMNERR,0,43.617,0,28.12,0,3.58,0,97,0,8.46,0,68.98,23.17,7.86,0,-76,5.46,13.648,0,3.33,0,1.184,1.66,0,6.39
1/30/2026,19:15, ,gtmpiwq_20H100464_012126_050000.bin,Pine Island,GTMNERR,0,43.794,0,28.24,0,3.616,0,96.8,0,8.44,0,68.36,22.96,7.86,0,-76.1,5.47,13.64,0,2.77,0,1.183,1.58,0,6.06
1/30/2026,19:30, ,gtmpiwq_20H100464_012126_050000.bin,Pine Island,GTMNERR,0,43.989,0,28.38,0,3.638,0,96.5,0,8.41,0,67.18,22.57,7.86,0,-76.3,5.46,13.623,0,2.54,0,1.192,1.59,0,6.12
1/30/2026,19:45, ,gtmpiwq_20H100464_012126_050000.bin,Pine Island,GTMNERR,0,44.052,0,28.42,0,3.651,0,96,0,8.37,0,65.92,22.15,7.86,0,-76.1,5.47,13.61,0,2.25,0,1.194,1.48,0,5.67
1/30/2026,20:00, ,gtmpiwq_20H100464_012126_050000.bin,Pine Island,GTMNERR,0,44.168,0,28.51,0,3.649,0,95.6,0,8.32,0,65.98,22.17,7.86,0,-76.4,5.46,13.603,0,1.97,0,1.185,1.6,0,6.16
1/30/2026,20:15, ,gtmpiwq_20H100464_012126_050000.bin,Pine Island,GTMNERR,0,44.166,0,28.51,0,3.63,0,93.5,0,8.14,0,63.45,21.32,7.85,0,-75.6,5.46,13.606,0,1.86,0,1.192,1.41,0,5.4
1/30/2026,20:30, ,gtmpiwq_20H100464_012126_050000.bin,Pine Island,GTMNERR,0,44.097,0,28.46,0,3.588,0,95.7,0,8.34,0,65.38,21.97,7.86,0,-76.2,5.47,13.603,0,2.2,0,1.186,1.61,0,6.18
1/30/2026,20:45, ,gtmpiwq_20H100464_012126_050000.bin,Pine Island,GTMNERR,0,43.923,0,28.33,0,3.53,0,95.7,0,8.34,0,66.75,22.43,7.86,0,-76.1,5.46,13.617,0,2.64,0,1.189,1.7,0,6.56
1/30/2026,21:00, ,gtmpiwq_20H100464_012126_050000.bin,Pine Island,GTMNERR,0,43.543,0,28.06,0,3.468,0,96,0,8.38,0,69.95,23.5,7.86,0,-75.9,5.47,13.615,0,2.83,0,1.193,1.63,0,6.26
1/30/2026,21:15, ,gtmpiwq_20H100464_012126_050000.bin,Pine Island,GTMNERR,0,43.061,0,27.72,0,3.404,0,96,0,8.41,0,72.68,24.4,7.85,0,-75.5,5.46,13.615,0,2.68,0,1.193,1.56,0,5.98
1/30/2026,21:30, ,gtmpiwq_20H100464_012126_050000.bin,Pine Island,GTMNERR,0,42.582,0,27.38,0,3.337,0,96,0,8.42,0,75.49,25.34,7.84,0,-74.8,5.46,13.61,0,2.82,0,1.203,1.62,0,6.24
1/30/2026,21:45, ,gtmpiwq_20H100464_012126_050000.bin,Pine Island,GTMNERR,0,41.978,0,26.95,0,3.272,0,96,0,8.44,0,79.27,26.6,7.83,0,-74.4,5.47,13.63,0,2.71,0,1.198,1.64,0,6.31
1/30/2026,22:00, ,gtmpiwq_20H100464_012126_050000.bin,Pine Island,GTMNERR,0,41.795,0,26.82,0,3.191,0,95.9,0,8.44,0,80.43,26.99,7.82,0,-74.1,5.46,13.615,0,2.99,0,1.194,1.52,0,5.83
1/30/2026,22:15, ,gtmpiwq_20H100464_012126_050000.bin,Pine Island,GTMNERR,0,41.608,0,26.69,0,3.115,0,96,0,8.45,0,81.22,27.25,7.82,0,-74,5.47,13.632,0,3.27,0,1.19,1.57,0,6.05
1/30/2026,22:30, ,gtmpiwq_20H100464_012126_050000.bin,Pine Island,GTMNERR,0,41.371,0,26.52,0,3.032,0,96,0,8.46,0,82.45,27.67,7.82,0,-73.7,5.46,13.65,0,3.59,0,1.186,1.57,0,6.03
1/30/2026,22:45, ,gtmpiwq_20H100464_012126_050000.bin,Pine Island,GTMNERR,0,41.079,0,26.31,0,2.953,0,96.2,0,8.48,0,84.12,28.22,7.82,0,-73.6,5.46,13.663,0,3.22,0,1.193,1.6,0,6.14
1/30/2026,23:00, ,gtmpiwq_20H100464_012126_050000.bin,Pine Island,GTMNERR,0,40.753,0,26.08,0,2.859,0,95.9,0,8.47,0,86.01,28.85,7.81,0,-73.2,5.47,13.639,0,3.84,0,1.193,1.54,0,5.9
1/30/2026,23:15, ,gtmpiwq_20H100464_012126_050000.bin,Pine Island,GTMNERR,0,40.47,0,25.88,0,2.763,0,96,0,8.49,0,87.64,29.4,7.8,0,-72.5,5.46,13.636,0,4.2,0,1.187,1.61,0,6.2
1/30/2026,23:30, ,gtmpiwq_20H100464_012126_050000.bin,Pine Island,GTMNERR,0,40.105,0,25.62,0,2.661,0,95.5,0,8.47,0,89.49,30.01,7.79,0,-72.3,5.46,13.614,0,4.11,0,1.195,1.62,0,6.23
1/30/2026,23:45, ,gtmpiwq_20H100464_012126_050000.bin,Pine Island,GTMNERR,0,39.723,0,25.35,0,2.555,0,95,0,8.45,0,91.57,30.71,7.79,0,-71.8,5.46,13.578,0,4.36,0,1.19,1.62,0,6.24
1/31/2026,0:00, ,gtmpiwq_20H100464_012126_050000.bin,Pine Island,GTMNERR,0,39.374,0,25.1,0,2.439,0,94.5,0,8.42,0,93.45,31.33,7.77,0,-71.1,5.46,13.54,0,4.73,0,1.184,1.58,0,6.06
1/31/2026,0:15, ,gtmpiwq_20H100464_012126_050000.bin,Pine Island,GTMNERR,0,39.049,0,24.88,0,2.33,0,94.2,0,8.41,0,95.41,31.99,7.77,0,-70.6,5.46,13.509,0,4.66,0,1.183,1.63,0,6.26
1/31/2026,0:30, ,gtmpiwq_20H100464_012126_050000.bin,Pine Island,GTMNERR,0,38.759,0,24.67,0,2.233,0,94,0,8.41,0,97.1,32.55,7.76,0,-70.3,5.45,13.487,0,4.45,0,1.188,1.66,0,6.4
1/31/2026,0:45, ,gtmpiwq_20H100464_012126_050000.bin,Pine Island,GTMNERR,0,38.528,0,24.51,0,2.145,0,93.7,0,8.39,0,98.42,32.99,7.76,0,-70.1,5.46,13.472,0,4.12,0,1.193,1.66,0,6.39
1/31/2026,1:00, ,gtmpiwq_20H100464_012126_050000.bin,Pine Island,GTMNERR,0,38.251,0,24.31,0,2.066,0,93.5,0,8.38,0,99.45,33.34,7.75,0,-69.8,5.46,13.459,0,4.35,0,1.199,1.67,0,6.41
1/31/2026,1:15, ,gtmpiwq_20H100464_012126_050000.bin,Pine Island,GTMNERR,0,37.867,0,24.05,0,2.008,0,93.1,0,8.36,0,100.1,33.55,7.75,0,-69.5,5.46,13.453,0,3.95,0,1.195,1.66,0,6.37
1/31/2026,1:30, ,gtmpiwq_20H100464_012126_050000.bin,Pine Island,GTMNERR,0,38.033,0,24.16,0,1.976,0,93.2,0,8.37,0,100.64,33.73,7.74,0,-69.4,5.47,13.446,0,3.7,0,1.184,1.72,0,6.63
1/31/2026,1:45, ,gtmpiwq_20H100464_012126_050000.bin,Pine Island,GTMNERR,0,37.999,0,24.14,0,1.998,0,92.6,0,8.32,0,100.89,33.82,7.74,0,-69.1,5.46,13.444,0,2.93,0,1.193,1.68,0,6.49
1/31/2026,2:00, ,gtmpiwq_20H100464_012126_050000.bin,Pine Island,GTMNERR,0,37.934,0,24.09,0,2.066,0,93,0,8.35,0,101.36,33.98,7.73,0,-68.7,5.47,13.451,0,3.53,0,1.186,1.59,0,6.11
1/31/2026,2:15, ,gtmpiwq_20H100464_012126_050000.bin,Pine Island,GTMNERR,0,39.097,0,24.91,0,2.162,0,93.1,0,8.31,0,95.48,32.01,7.76,0,-70.1,5.46,13.5,0,3.51,0,1.183,1.68,0,6.45
1/31/2026,2:30, ,gtmpiwq_20H100464_012126_050000.bin,Pine Island,GTMNERR,0,38.914,0,24.78,0,2.278,0,93.6,0,8.36,0,96.25,32.27,7.76,0,-70.1,5.46,13.495,0,4.72,0,1.197,1.44,0,5.52
1/31/2026,2:45, ,gtmpiwq_20H100464_012126_050000.bin,Pine Island,GTMNERR,0,38.993,0,24.84,0,2.385,0,93.8,0,8.38,0,96.13,32.23,7.76,0,-70.1,5.47,13.483,0,4.54,0,1.198,1.53,0,5.87
1/31/2026,3:00, ,gtmpiwq_20H100464_012126_050000.bin,Pine Island,GTMNERR,0,39.336,0,25.08,0,2.495,0,93.8,0,8.37,0,94.56,31.71,7.76,0,-70.5,5.46,13.477,0,4.31,0,1.191,1.46,0,5.57
1/31/2026,3:15, ,gtmpiwq_20H100464_012126_050000.bin,Pine Island,GTMNERR,0,39.537,0,25.22,0,2.595,0,94,0,8.38,0,93.32,31.29,7.77,0,-70.9,5.46,13.494,0,5.04,0,1.184,1.5,0,5.76
1/31/2026,3:30, ,gtmpiwq_20H100464_012126_050000.bin,Pine Island,GTMNERR,0,40.095,0,25.61,0,2.698,0,93.7,0,8.32,0,89.7,30.08,7.77,0,-71.2,5.46,13.511,0,6.53,0,1.196,1.49,0,5.71
1/31/2026,3:45, ,gtmpiwq_20H100464_012126_050000.bin,Pine Island,GTMNERR,0,40.501,0,25.9,0,2.788,0,94,0,8.33,0,87.97,29.51,7.79,0,-71.8,5.46,13.526,0,4.52,0,1.194,1.46,0,5.58
1/31/2026,4:00, ,gtmpiwq_20H100464_012126_050000.bin,Pine Island,GTMNERR,0,40.85,0,26.15,0,2.876,0,93.9,0,8.31,0,86.47,29,7.79,0,-71.9,5.47,13.518,0,4.75,0,1.191,1.4,0,5.33
1/31/2026,4:15, ,gtmpiwq_20H100464_012126_050000.bin,Pine Island,GTMNERR,0,41.197,0,26.39,0,2.955,0,93.7,0,8.29,0,84.62,28.39,7.79,0,-72.3,5.45,13.53,0,4.23,0,1.188,1.38,0,5.26
1/31/2026,4:30, ,gtmpiwq_20H100464_012126_050000.bin,Pine Island,GTMNERR,0,41.353,0,26.5,0,3.026,0,93.9,0,8.29,0,83.24,27.93,7.8,0,-72.5,5.46,13.53,0,4.82,0,1.197,1.4,0,5.33
1/31/2026,4:45, ,gtmpiwq_20H100464_012126_050000.bin,Pine Island,GTMNERR,0,41.754,0,26.79,0,3.102,0,93.6,0,8.25,0,81.29,27.28,7.8,0,-72.8,5.45,13.537,0,4.42,0,1.193,1.39,0,5.29
1/31/2026,5:00, ,gtmpiwq_20H100464_012126_050000.bin,Pine Island,GTMNERR,0,41.973,0,26.94,0,3.174,0,93.6,0,8.25,0,80.12,26.89,7.81,0,-73,5.46,13.518,0,4.24,0,1.195,1.33,0,5.05
1/31/2026,5:15, ,gtmpiwq_20H100464_012126_050000.bin,Pine Island,GTMNERR,0,42.111,0,27.04,0,3.252,0,93.7,0,8.25,0,79.26,26.6,7.81,0,-73.2,5.46,13.516,0,3.85,0,1.195,1.36,0,5.2
1/31/2026,5:30, ,gtmpiwq_20H100464_012126_050000.bin,Pine Island,GTMNERR,0,42.364,0,27.22,0,3.329,0,93.6,0,8.24,0,77.77,26.11,7.81,0,-73.4,5.45,13.5,0,4.06,0,1.196,1.36,0,5.18
1/31/2026,5:45, ,gtmpiwq_20H100464_012126_050000.bin,Pine Island,GTMNERR,0,42.884,0,27.59,0,3.405,0,93.5,0,8.21,0,74.48,25.01,7.82,0,-74.1,5.46,13.483,0,3.9,0,1.193,1.35,0,5.16
1/31/2026,6:00, ,gtmpiwq_20H100464_012126_050000.bin,Pine Island,GTMNERR,0,43.242,0,27.84,0,3.476,0,93.5,0,8.2,0,72.34,24.29,7.83,0,-74.3,5.45,13.477,0,4.1,0,1.195,1.26,0,4.79
1/31/2026,6:15, ,gtmpiwq_20H100464_012126_050000.bin,Pine Island,GTMNERR,0,43.535,0,28.05,0,3.545,0,93.4,0,8.18,0,70.71,23.75,7.83,0,-74.6,5.45,13.474,0,4.43,0,1.197,1.35,0,5.16
1/31/2026,6:30, ,gtmpiwq_20H100464_012126_050000.bin,Pine Island,GTMNERR,0,43.694,0,28.16,0,3.61,0,93.2,0,8.16,0,69.65,23.39,7.83,0,-74.7,5.46,13.46,0,4.46,0,1.196,1.3,0,4.95
1/31/2026,6:45, ,gtmpiwq_20H100464_012126_050000.bin,Pine Island,GTMNERR,0,43.945,0,28.34,0,3.671,0,93.2,0,8.15,0,68.09,22.87,7.84,0,-74.9,5.45,13.464,0,5.44,0,1.197,1.32,0,5.04
1/31/2026,7:00, ,gtmpiwq_20H100464_012126_050000.bin,Pine Island,GTMNERR,0,44.346,0,28.63,0,3.723,0,93.2,0,8.14,0,65.58,22.04,7.85,0,-75.4,5.46,13.464,0,5.79,0,1.197,1.31,0,5
1/31/2026,7:15, ,gtmpiwq_20H100464_012126_050000.bin,Pine Island,GTMNERR,0,44.838,0,28.98,0,3.771,0,93.3,0,8.12,0,62.48,21,7.86,0,-76,5.45,13.464,0,6.17,0,1.202,1.33,0,5.07
1/31/2026,7:30, ,gtmpiwq_20H100464_012126_050000.bin,Pine Island,GTMNERR,0,45.371,0,29.37,0,3.82,0,93.3,0,8.11,0,59.24,19.92,7.87,0,-76.6,5.45,13.456,0,4.96,0,1.202,1.32,0,5.03
1/31/2026,7:45, ,gtmpiwq_20H100464_012126_050000.bin,Pine Island,GTMNERR,0,45.879,0,29.73,0,3.854,0,93.5,0,8.11,0,56.08,18.87,7.88,0,-77.3,5.46,13.453,0,4.55,0,1.193,1.22,0,4.61
1/31/2026,8:00, ,gtmpiwq_20H100464_012126_050000.bin,Pine Island,GTMNERR,0,46.281,0,30.02,0,3.887,0,93.7,0,8.11,0,53.67,18.06,7.89,0,-77.9,5.45,13.447,0,4.29,0,1.183,1.19,0,4.5
1/31/2026,8:15, ,gtmpiwq_20H100464_012126_050000.bin,Pine Island,GTMNERR,0,46.664,0,30.3,0,3.913,0,93.8,0,8.11,0,51.23,17.25,7.9,0,-78.4,5.46,13.45,0,3.71,0,1.197,1.2,0,4.53
1/31/2026,8:30, ,gtmpiwq_20H100464_012126_050000.bin,Pine Island,GTMNERR,0,46.956,0,30.51,0,3.927,0,94,0,8.11,0,49.29,16.6,7.91,0,-78.9,5.45,13.456,0,3.97,0,1.194,1.17,0,4.42
1/31/2026,8:45, ,gtmpiwq_20H100464_012126_050000.bin,Pine Island,GTMNERR,0,47.225,0,30.7,0,3.933,0,94,0,8.1,0,47.32,15.94,7.91,0,-79.3,5.45,13.47,0,3.17,0,1.191,1.22,0,4.63
1/31/2026,9:00, ,gtmpiwq_20H100464_012126_050000.bin,Pine Island,GTMNERR,0,47.332,0,30.78,0,3.927,0,93.8,0,8.08,0,46.55,15.69,7.92,0,-79.4,5.46,13.472,0,2.83,0,1.19,1.03,0,3.87
1/31/2026,9:15, ,gtmpiwq_20H100464_012126_050000.bin,Pine Island,GTMNERR,0,47.366,0,30.8,0,3.904,0,92.7,0,7.98,0,45.54,15.35,7.91,0,-79.3,5.45,13.477,0,2.26,0,1.186,0.98,0,3.66
1/31/2026,9:30, ,gtmpiwq_20H100464_012126_050000.bin,Pine Island,GTMNERR,0,47.326,0,30.77,0,3.865,0,92.5,0,7.97,0,44.67,15.06,7.91,0,-79.2,5.46,13.479,0,1.84,0,1.19,1.08,0,4.06
1/31/2026,9:45, ,gtmpiwq_20H100464_012126_050000.bin,Pine Island,GTMNERR,0,46.708,0,30.33,0,3.815,0,93.5,0,8.08,0,48.29,16.27,7.91,0,-79.1,5.45,13.48,0,2.3,0,1.198,1.25,0,4.73
1/31/2026,10:00, ,gtmpiwq_20H100464_012126_050000.bin,Pine Island,GTMNERR,0,46.801,0,30.4,0,3.762,0,93.6,0,8.08,0,48.69,16.4,7.91,0,-79,5.45,13.479,0,2.99,0,1.196,1.12,0,4.24
1/31/2026,10:15, ,gtmpiwq_20H100464_012126_050000.bin,Pine Island,GTMNERR,0,46.388,0,30.1,0,3.703,0,93.5,0,8.09,0,50.56,17.03,7.9,0,-78.8,5.46,13.466,0,3.42,0,1.192,1.1,0,4.14
1/31/2026,10:30, ,gtmpiwq_20H100464_012126_050000.bin,Pine Island,GTMNERR,0,45.711,0,29.61,0,3.645,0,93.1,0,8.08,0,53.88,18.13,7.89,0,-78,5.45,13.452,0,5.21,0,1.188,1.1,0,4.12
1/31/2026,10:45, ,gtmpiwq_20H100464_012126_050000.bin,Pine Island,GTMNERR,0,45.141,0,29.2,0,3.578,0,92.9,0,8.09,0,55,18.51,7.87,0,-76.5,5.45,13.429,0,18.46,0,1.185,1.43,0,5.48
1/31/2026,11:00, ,gtmpiwq_20H100464_012126_050000.bin,Pine Island,GTMNERR,0,44.782,0,28.94,0,3.506,0,92.7,0,8.08,0,62.79,21.1,7.86,0,-76.2,5.45,13.42,0,4.16,0,1.192,1.13,0,4.27
1/31/2026,11:15, ,gtmpiwq_20H100464_012126_050000.bin,Pine Island,GTMNERR,0,43.816,0,28.25,0,3.438,0,92.8,0,8.13,0,69.01,23.18,7.84,0,-75.2,5.45,13.411,0,3.35,0,1.193,1.28,0,4.88
1/31/2026,11:30, ,gtmpiwq_20H100464_012126_050000.bin,Pine Island,GTMNERR,0,43.233,0,27.83,0,3.357,0,93.1,0,8.17,0,72.35,24.29,7.83,0,-74.6,5.46,13.425,0,4.1,0,1.186,1.25,0,4.75
1/31/2026,11:45, ,gtmpiwq_20H100464_012126_050000.bin,Pine Island,GTMNERR,0,43.099,0,27.74,0,3.279,0,92.9,0,8.16,0,72.97,24.5,7.83,0,-74.4,5.45,13.435,0,4.56,0,1.187,1.25,0,4.76
1/31/2026,12:00, ,gtmpiwq_20H100464_012126_050000.bin,Pine Island,GTMNERR,0,42.768,0,27.5,0,3.197,0,93.2,0,8.19,0,74.53,25.02,7.82,0,-73.9,5.46,13.442,0,5.21,0,1.189,1.25,0,4.72
1/31/2026,12:15, ,gtmpiwq_20H100464_012126_050000.bin,Pine Island,GTMNERR,0,42.367,0,27.22,0,3.112,0,93.4,0,8.23,0,76.97,25.84,7.82,0,-73.6,5.45,13.442,0,4.83,0,1.185,1.38,0,5.26
1/31/2026,12:30, ,gtmpiwq_20H100464_012126_050000.bin,Pine Island,GTMNERR,0,42.031,0,26.98,0,3.021,0,93.2,0,8.23,0,79.08,26.54,7.81,0,-73.3,5.45,13.454,0,4.48,0,1.184,1.34,0,5.1
1/31/2026,12:45, ,gtmpiwq_20H100464_012126_050000.bin,Pine Island,GTMNERR,0,41.633,0,26.7,0,2.932,0,93.4,0,8.25,0,81.26,27.27,7.8,0,-72.8,5.46,13.47,0,4.31,0,1.203,1.41,0,5.39
1/31/2026,13:00, ,gtmpiwq_20H100464_012126_050000.bin,Pine Island,GTMNERR,0,41.249,0,26.43,0,2.839,0,93.2,0,8.24,0,83.37,27.97,7.8,0,-72.4,5.45,13.477,0,4.49,0,1.195,1.39,0,5.32
1/31/2026,13:15, ,gtmpiwq_20H100464_012126_050000.bin,Pine Island,GTMNERR,0,40.895,0,26.18,0,2.739,0,93.5,0,8.29,0,85.24,28.59,7.79,0,-71.9,5.45,13.479,0,4.57,0,1.187,1.36,0,5.19
1/31/2026,13:30, ,gtmpiwq_20H100464_012126_050000.bin,Pine Island,GTMNERR,0,40.594,0,25.96,0,2.64,0,93.6,0,8.31,0,86.95,29.16,7.78,0,-71.6,5.45,13.482,0,5.22,0,1.189,1.42,0,5.42
1/31/2026,13:45, ,gtmpiwq_20H100464_012126_050000.bin,Pine Island,GTMNERR,0,40.316,0,25.77,0,2.54,0,93.8,0,8.32,0,88.17,29.57,7.78,0,-71.3,5.45,13.506,0,4.56,0,1.194,1.41,0,5.37
1/31/2026,14:00, ,gtmpiwq_20H100464_012126_050000.bin,Pine Island,GTMNERR,0,40.115,0,25.63,0,2.447,0,93.9,0,8.34,0,89.63,30.06,7.77,0,-71,5.45,13.527,0,4.58,0,1.192,1.44,0,5.51
1/31/2026,14:15, ,gtmpiwq_20H100464_012126_050000.bin,Pine Island,GTMNERR,0,39.934,0,25.5,0,2.361,0,94.3,0,8.38,0,90.97,30.51,7.76,0,-70.6,5.45,13.545,0,4.52,0,1.201,1.49,0,5.71
1/31/2026,14:30, ,gtmpiwq_20H100464_012126_050000.bin,Pine Island,GTMNERR,0,39.692,0,25.33,0,2.297,0,94.7,0,8.42,0,92.07,30.88,7.76,0,-70.4,5.45,13.57,0,4.32,0,1.197,1.54,0,5.91
1/31/2026,14:45, ,gtmpiwq_20H100464_012126_050000.bin,Pine Island,GTMNERR,0,39.558,0,25.24,0,2.255,0,94.8,0,8.43,0,93.23,31.26,7.76,0,-70.1,5.45,13.591,0,4.19,0,1.187,1.51,0,5.8
1/31/2026,15:00, ,gtmpiwq_20H100464_012126_050000.bin,Pine Island,GTMNERR,0,39.432,0,25.15,0,2.188,0,94.9,0,8.44,0,92.5,31.02,7.75,0,-69.7,5.45,13.62,0,3.72,0,1.191,1.53,0,5.89
1/31/2026,15:15, ,gtmpiwq_20H100464_012126_050000.bin,Pine Island,GTMNERR,0,39.377,0,25.11,0,2.291,0,94.7,0,8.42,0,92.62,31.06,7.75,0,-69.9,5.45,13.629,0,3.89,0,1.194,1.61,0,6.18
1/31/2026,15:30, ,gtmpiwq_20H100464_012126_050000.bin,Pine Island,GTMNERR,0,39.517,0,25.21,0,2.359,0,95.3,0,8.47,0,92.99,31.18,7.75,0,-69.9,5.44,13.613,0,4.12,0,1.187,1.45,0,5.53
1/31/2026,15:45, ,gtmpiwq_20H100464_012126_050000.bin,Pine Island,GTMNERR,0,39.895,0,25.47,0,2.437,0,95.5,0,8.47,0,91.59,30.71,7.77,0,-70.6,5.45,13.615,0,4.26,0,1.193,1.66,0,6.4
1/31/2026,16:00, ,gtmpiwq_20H100464_012126_050000.bin,Pine Island,GTMNERR,0,39.975,0,25.53,0,2.523,0,95.4,0,8.46,0,91.12,30.56,7.77,0,-70.7,5.45,13.586,0,4.81,0,1.192,1.51,0,5.78
1/31/2026,16:15, ,gtmpiwq_20H100464_012126_050000.bin,Pine Island,GTMNERR,0,40.236,0,25.71,0,2.603,0,95.4,0,8.47,0,89.66,30.07,7.77,0,-71.2,5.45,13.535,0,4.46,0,1.185,1.46,0,5.6
1/31/2026,16:30, ,gtmpiwq_20H100464_012126_050000.bin,Pine Island,GTMNERR,0,40.579,0,25.95,0,2.682,0,95.9,0,8.49,0,87.95,29.5,7.78,0,-71.5,5.45,13.56,0,4.37,0,1.197,1.54,0,5.89
1/31/2026,16:45, ,gtmpiwq_20H100464_012126_050000.bin,Pine Island,GTMNERR,0,40.818,0,26.12,0,2.763,0,95.7,0,8.47,0,86.62,29.06,7.78,0,-71.8,5.44,13.543,0,4.38,0,1.196,1.49,0,5.72
1/31/2026,17:00, ,gtmpiwq_20H100464_012126_050000.bin,Pine Island,GTMNERR,0,40.987,0,26.24,0,2.843,0,95.5,0,8.45,0,85.54,28.7,7.79,0,-72,5.45,13.506,0,4.47,0,1.189,1.51,0,5.77
1/31/2026,17:15, ,gtmpiwq_20H100464_012126_050000.bin,Pine Island,GTMNERR,0,41.405,0,26.54,0,2.923,0,95.9,0,8.47,0,83.61,28.05,7.79,0,-72.3,5.44,13.515,0,4.36,0,1.186,1.42,0,5.41
1/31/2026,17:30, ,gtmpiwq_20H100464_012126_050000.bin,Pine Island,GTMNERR,0,41.624,0,26.69,0,3.002,0,95.8,0,8.46,0,82.45,27.66,7.8,0,-72.7,5.44,13.489,0,4.44,0,1.192,1.49,0,5.72
1/31/2026,17:45, ,gtmpiwq_20H100464_012126_050000.bin,Pine Island,GTMNERR,0,41.739,0,26.77,0,3.063,0,95.5,0,8.44,0,81.46,27.33,7.8,0,-72.7,5.45,13.458,0,4.67,0,1.194,1.52,0,5.85
1/31/2026,18:00, ,gtmpiwq_20H100464_012126_050000.bin,Pine Island,GTMNERR,0,41.988,0,26.95,0,3.126,0,95.5,0,8.43,0,80.22,26.92,7.81,0,-73.1,5.44,13.426,0,4.82,0,1.189,1.46,0,5.59
1/31/2026,18:15, ,gtmpiwq_20H100464_012126_050000.bin,Pine Island,GTMNERR,0,42.287,0,27.16,0,3.193,0,95.6,0,8.43,0,78.68,26.41,7.81,0,-73.3,5.45,13.388,0,4.48,0,1.198,1.48,0,5.67
1/31/2026,18:30, ,gtmpiwq_20H100464_012126_050000.bin,Pine Island,GTMNERR,0,42.508,0,27.32,0,3.256,0,95.5,0,8.43,0,77.1,25.88,7.82,0,-73.8,5.44,13.339,0,4.82,0,1.192,1.56,0,5.97
1/31/2026,18:45, ,gtmpiwq_20H100464_012126_050000.bin,Pine Island,GTMNERR,0,42.782,0,27.51,0,3.313,0,95.4,0,8.42,0,75.83,25.45,7.82,0,-73.9,5.44,13.305,0,4.41,0,1.192,1.54,0,5.91
1/31/2026,19:00, ,gtmpiwq_20H100464_012126_050000.bin,Pine Island,GTMNERR,0,43.025,0,27.68,0,3.372,0,95.3,0,8.4,0,74.47,25,7.82,0,-74,5.45,13.285,0,4.52,0,1.195,1.54,0,5.91
1/31/2026,19:15, ,gtmpiwq_20H100464_012126_050000.bin,Pine Island,GTMNERR,0,43.287,0,27.87,0,3.418,0,95.5,0,8.42,0,72.99,24.51,7.83,0,-74.6,5.44,13.244,0,4.67,0,1.189,1.46,0,5.6
1/31/2026,19:30, ,gtmpiwq_20H100464_012126_050000.bin,Pine Island,GTMNERR,0,43.416,0,27.96,0,3.465,0,95.5,0,8.42,0,72.31,24.28,7.84,0,-74.7,5.45,13.191,0,3.93,0,1.193,1.5,0,5.76
1/31/2026,19:45, ,gtmpiwq_20H100464_012126_050000.bin,Pine Island,GTMNERR,0,43.543,0,28.05,0,3.492,0,95.5,0,8.42,0,71.57,24.03,7.84,0,-75,5.44,13.155,0,3.79,0,1.187,1.44,0,5.53
1/31/2026,20:00, ,gtmpiwq_20H100464_012126_050000.bin,Pine Island,GTMNERR,0,43.694,0,28.15,0,3.513,0,95.5,0,8.42,0,70.09,23.54,7.84,0,-75.1,5.44,13.098,0,3.06,0,1.19,1.44,0,5.49
1/31/2026,20:15, ,gtmpiwq_20H100464_012126_050000.bin,Pine Island,GTMNERR,0,43.772,0,28.21,0,3.517,0,95.2,0,8.4,0,69.67,23.4,7.84,0,-75.2,5.45,13.062,0,3.9,0,1.195,1.59,0,6.09
1/31/2026,20:30, ,gtmpiwq_20H100464_012126_050000.bin,Pine Island,GTMNERR,0,43.82,0,28.24,0,3.512,0,94.5,0,8.34,0,68.89,23.14,7.84,0,-75.2,5.44,13.021,0,3.4,0,1.19,1.49,0,5.7
1/31/2026,20:45, ,gtmpiwq_20H100464_012126_050000.bin,Pine Island,GTMNERR,0,43.799,0,28.23,0,3.494,0,94.5,0,8.35,0,68.8,23.11,7.85,0,-75.3,5.45,12.978,0,3.27,0,1.198,1.5,0,5.75
1/31/2026,21:00, ,gtmpiwq_20H100464_012126_050000.bin,Pine Island,GTMNERR,0,43.618,0,28.1,0,3.456,0,94.9,0,8.4,0,70.17,23.57,7.84,0,-75.1,5.44,12.988,0,3.55,0,1.188,1.48,0,5.67
1/31/2026,21:15, ,gtmpiwq_20H100464_012126_050000.bin,Pine Island,GTMNERR,0,43.394,0,27.94,0,3.41,0,94.9,0,8.42,0,72.56,24.36,7.84,0,-74.9,5.44,12.936,0,3.31,0,1.191,1.53,0,5.88
1/31/2026,21:30, ,gtmpiwq_20H100464_012126_050000.bin,Pine Island,GTMNERR,0,42.915,0,27.59,0,3.357,0,94.7,0,8.42,0,75.61,25.38,7.83,0,-74.5,5.44,12.853,0,3.64,0,1.195,1.51,0,5.81
1/31/2026,21:45, ,gtmpiwq_20H100464_012126_050000.bin,Pine Island,GTMNERR,0,42.678,0,27.42,0,3.308,0,94.8,0,8.44,0,77.1,25.88,7.83,0,-74.4,5.43,12.844,0,3.94,0,1.185,1.52,0,5.82
1/31/2026,22:00, ,gtmpiwq_20H100464_012126_050000.bin,Pine Island,GTMNERR,0,42.421,0,27.24,0,3.25,0,94.4,0,8.42,0,78.62,26.39,7.82,0,-73.9,5.44,12.841,0,3.95,0,1.197,1.53,0,5.87
1/31/2026,22:15, ,gtmpiwq_20H100464_012126_050000.bin,Pine Island,GTMNERR,0,42.247,0,27.12,0,3.196,0,94.5,0,8.43,0,79.54,26.69,7.82,0,-73.8,5.44,12.868,0,4.06,0,1.197,1.5,0,5.73
1/31/2026,22:30, ,gtmpiwq_20H100464_012126_050000.bin,Pine Island,GTMNERR,0,41.823,0,26.81,0,3.137,0,94.3,0,8.45,0,81.98,27.51,7.82,0,-73.4,5.44,12.751,0,4.26,0,1.198,1.5,0,5.74
1/31/2026,22:45, ,gtmpiwq_20H100464_012126_050000.bin,Pine Island,GTMNERR,0,41.431,0,26.53,0,3.069,0,94.3,0,8.48,0,84.3,28.28,7.81,0,-73.2,5.45,12.692,0,4.45,0,1.2,1.49,0,5.69
1/31/2026,23:00, ,gtmpiwq_20H100464_012126_050000.bin,Pine Island,GTMNERR,0,41.16,0,26.34,0,3.014,0,94.3,0,8.49,0,85.91,28.82,7.81,0,-73,5.44,12.641,0,4.17,0,1.2,1.58,0,6.06
1/31/2026,23:15, ,gtmpiwq_20H100464_012126_050000.bin,Pine Island,GTMNERR,0,40.891,0,26.15,0,2.947,0,94.1,0,8.5,0,87.47,29.34,7.8,0,-72.5,5.45,12.599,0,4.63,0,1.187,1.54,0,5.92
1/31/2026,23:30, ,gtmpiwq_20H100464_012126_050000.bin,Pine Island,GTMNERR,0,40.576,0,25.92,0,2.879,0,93.6,0,8.49,0,89.23,29.93,7.8,0,-72.3,5.43,12.472,0,4.96,0,1.186,1.61,0,6.18
1/31/2026,23:45, ,gtmpiwq_20H100464_012126_050000.bin,Pine Island,GTMNERR,0,40.153,0,25.62,0,2.801,0,93.7,0,8.55,0,91.72,30.76,7.8,0,-72.2,5.44,12.274,0,5.11,0,1.192,1.58,0,6.06
2/1/2026,0:00, ,gtmpiwq_20H100464_012126_050000.bin,Pine Island,GTMNERR,0,39.694,0,25.29,0,2.695,0,93.6,0,8.59,0,93.95,31.5,7.79,0,-71.9,5.44,12.062,0,6.11,0,1.199,1.57,0,6.03
2/1/2026,0:15, ,gtmpiwq_20H100464_012126_050000.bin,Pine Island,GTMNERR,0,39.263,0,24.98,0,2.586,0,93.5,0,8.64,0,96.54,32.37,7.79,0,-71.7,5.43,11.842,0,6.81,0,1.195,1.68,0,6.48
2/1/2026,0:30, ,gtmpiwq_20H100464_012126_050000.bin,Pine Island,GTMNERR,0,39,0,24.79,0,2.474,0,93.4,0,8.68,0,97.5,32.69,7.79,0,-71.6,5.44,11.655,0,8.51,0,1.191,1.77,0,6.83
2/1/2026,0:45, ,gtmpiwq_20H100464_012126_050000.bin,Pine Island,GTMNERR,0,38.784,0,24.64,0,2.361,0,93.5,0,8.71,0,98.72,33.09,7.78,0,-71.4,5.43,11.56,0,8.74,0,1.186,1.73,0,6.68
2/1/2026,1:00, ,gtmpiwq_20H100464_012126_050000.bin,Pine Island,GTMNERR,0,38.464,0,24.4,0,2.261,0,93.4,0,8.77,0,100.12,33.56,7.79,0,-71.6,5.43,11.29,0,8.97,0,1.191,1.67,0,6.43
2/1/2026,1:15, ,gtmpiwq_20H100464_012126_050000.bin,Pine Island,GTMNERR,0,38.149,0,24.18,0,2.163,0,93.3,0,8.8,0,101.7,34.09,7.79,0,-71.5,5.44,11.113,0,9.72,0,1.194,1.75,0,6.75
2/1/2026,1:30, ,gtmpiwq_20H100464_012126_050000.bin,Pine Island,GTMNERR,0,37.819,0,23.94,0,2.075,0,93.1,0,8.81,0,103.1,34.56,7.79,0,-71.4,5.43,11.035,0,9.78,0,1.186,1.73,0,6.66
2/1/2026,1:45, ,gtmpiwq_20H100464_012126_050000.bin,Pine Island,GTMNERR,0,37.472,0,23.7,0,1.987,0,93,0,8.82,0,104.18,34.92,7.79,0,-71.4,5.43,11.003,0,9.35,0,1.194,1.72,0,6.62
2/1/2026,2:00, ,gtmpiwq_20H100464_012126_050000.bin,Pine Island,GTMNERR,0,36.752,0,23.2,0,1.917,0,92.3,0,8.81,0,104.99,35.19,7.79,0,-71.4,5.43,10.908,0,9.1,0,1.184,1.69,0,6.53
2/1/2026,2:15, ,gtmpiwq_20H100464_012126_050000.bin,Pine Island,GTMNERR,0,37.19,0,23.5,0,1.894,0,92.9,0,8.87,0,106.31,35.62,7.79,0,-71.4,5.43,10.791,0,9.66,0,1.203,1.77,0,6.84
2/1/2026,2:30, ,gtmpiwq_20H100464_012126_050000.bin,Pine Island,GTMNERR,0,37.134,0,23.45,0,1.899,0,92.7,0,8.87,0,106.15,35.57,7.78,0,-71.3,5.44,10.716,0,9.26,0,1.2,1.84,0,7.1
2/1/2026,2:45, ,gtmpiwq_20H100464_012126_050000.bin,Pine Island,GTMNERR,0,37.106,0,23.43,0,1.944,0,92.7,0,8.87,0,107.03,35.87,7.78,0,-71.1,5.42,10.689,0,7.36,0,1.196,1.74,0,6.71
2/1/2026,3:00, ,gtmpiwq_20H100464_012126_050000.bin,Pine Island,GTMNERR,0,37.755,0,23.88,0,2.039,0,93.3,0,8.91,0,105.38,35.32,7.79,0,-71.8,5.43,10.656,0,6.61,0,1.192,1.55,0,5.94
2/1/2026,3:15, ,gtmpiwq_20H100464_012126_050000.bin,Pine Island,GTMNERR,0,38.445,0,24.36,0,2.152,0,93.3,0,8.89,0,100.71,33.76,7.8,0,-72.4,5.42,10.649,0,9.74,0,1.185,1.67,0,6.43
2/1/2026,3:30, ,gtmpiwq_20H100464_012126_050000.bin,Pine Island,GTMNERR,0,38.32,0,24.28,0,2.276,0,93.6,0,8.91,0,101.13,33.9,7.8,0,-72.2,5.42,10.664,0,10.33,0,1.189,1.65,0,6.33
2/1/2026,3:45, ,gtmpiwq_20H100464_012126_050000.bin,Pine Island,GTMNERR,0,38.741,0,24.57,0,2.399,0,93.7,0,8.93,0,99.29,33.28,7.81,0,-72.6,5.43,10.545,0,9.04,0,1.194,1.58,0,6.06
2/1/2026,4:00, ,gtmpiwq_20H100464_012126_050000.bin,Pine Island,GTMNERR,0,39.051,0,24.79,0,2.518,0,93.8,0,8.9,0,97.9,32.82,7.8,0,-72.4,5.42,10.657,0,9.85,0,1.189,1.53,0,5.88
2/1/2026,4:15, ,gtmpiwq_20H100464_012126_050000.bin,Pine Island,GTMNERR,0,39.357,0,25.01,0,2.618,0,93.8,0,8.87,0,96.64,32.4,7.81,0,-72.5,5.43,10.783,0,9,0,1.203,1.54,0,5.89
2/1/2026,4:30, ,gtmpiwq_20H100464_012126_050000.bin,Pine Island,GTMNERR,0,39.835,0,25.34,0,2.714,0,93.6,0,8.84,0,93.94,31.5,7.81,0,-72.9,5.42,10.77,0,8.43,0,1.199,1.52,0,5.82
2/1/2026,4:45, ,gtmpiwq_20H100464_012126_050000.bin,Pine Island,GTMNERR,0,40.073,0,25.51,0,2.803,0,93.7,0,8.84,0,92.83,31.13,7.82,0,-73.2,5.42,10.759,0,8.66,0,1.194,1.49,0,5.72
2/1/2026,5:00, ,gtmpiwq_20H100464_012126_050000.bin,Pine Island,GTMNERR,0,40.304,0,25.68,0,2.888,0,93.7,0,8.8,0,91.36,30.64,7.82,0,-73.2,5.42,10.906,0,8.48,0,1.193,1.55,0,5.94
2/1/2026,5:15, ,gtmpiwq_20H100464_012126_050000.bin,Pine Island,GTMNERR,0,40.717,0,25.96,0,2.971,0,93.7,0,8.81,0,89.43,29.99,7.82,0,-73.6,5.42,10.801,0,7.9,0,1.19,1.54,0,5.9
2/1/2026,5:30, ,gtmpiwq_20H100464_012126_050000.bin,Pine Island,GTMNERR,0,41.038,0,26.18,0,3.05,0,93.8,0,8.82,0,87.03,29.19,7.83,0,-73.9,5.43,10.693,0,9.29,0,1.187,1.58,0,6.06
2/1/2026,5:45, ,gtmpiwq_20H100464_012126_050000.bin,Pine Island,GTMNERR,0,41.534,0,26.54,0,3.13,0,93.7,0,8.77,0,84.57,28.37,7.83,0,-74,5.41,10.806,0,9.71,0,1.191,1.53,0,5.87
2/1/2026,6:00, ,gtmpiwq_20H100464_012126_050000.bin,Pine Island,GTMNERR,0,41.853,0,26.77,0,3.207,0,93.8,0,8.75,0,83.04,27.86,7.83,0,-74.1,5.42,10.886,0,8.64,0,1.2,1.44,0,5.52
2/1/2026,6:15, ,gtmpiwq_20H100464_012126_050000.bin,Pine Island,GTMNERR,0,42.083,0,26.93,0,3.279,0,93.8,0,8.74,0,81.86,27.47,7.84,0,-74.5,5.42,10.896,0,7.73,0,1.193,1.42,0,5.41
2/1/2026,6:30, ,gtmpiwq_20H100464_012126_050000.bin,Pine Island,GTMNERR,0,42.43,0,27.17,0,3.351,0,93.9,0,8.77,0,80.19,26.91,7.85,0,-75,5.41,10.718,0,7.13,0,1.187,1.39,0,5.31
2/1/2026,6:45, ,gtmpiwq_20H100464_012126_050000.bin,Pine Island,GTMNERR,0,42.754,0,27.39,0,3.424,0,93.9,0,8.78,0,78.44,26.33,7.85,0,-75.3,5.42,10.638,0,7.74,0,1.193,1.41,0,5.38
2/1/2026,7:00, ,gtmpiwq_20H100464_012126_050000.bin,Pine Island,GTMNERR,0,43.307,0,27.78,0,3.501,0,93.9,0,8.75,0,75.04,25.19,7.86,0,-75.8,5.42,10.652,0,7.33,0,1.185,1.34,0,5.1
2/1/2026,7:15, ,gtmpiwq_20H100464_012126_050000.bin,Pine Island,GTMNERR,0,43.671,0,28.04,0,3.569,0,94.1,0,8.76,0,72.83,24.46,7.87,0,-76,5.42,10.653,0,7.65,0,1.19,1.4,0,5.34
2/1/2026,7:30, ,gtmpiwq_20H100464_012126_050000.bin,Pine Island,GTMNERR,0,43.86,0,28.18,0,3.639,0,94.1,0,8.75,0,71.53,24.02,7.87,0,-76.2,5.42,10.648,0,7.83,0,1.201,1.38,0,5.28
2/1/2026,7:45, ,gtmpiwq_20H100464_012126_050000.bin,Pine Island,GTMNERR,0,44.055,0,28.31,0,3.7,0,94.1,0,8.74,0,70.38,23.64,7.87,0,-76.4,5.41,10.607,0,8.54,0,1.183,1.3,0,4.96
2/1/2026,8:00, ,gtmpiwq_20H100464_012126_050000.bin,Pine Island,GTMNERR,0,44.438,0,28.59,0,3.762,0,94,0,8.72,0,67.91,22.81,7.88,0,-76.8,5.42,10.645,0,8.59,0,1.186,1.3,0,4.95
2/1/2026,8:15, ,gtmpiwq_20H100464_012126_050000.bin,Pine Island,GTMNERR,0,44.768,0,28.82,0,3.816,0,94.1,0,8.71,0,66.15,22.23,7.89,0,-77.2,5.41,10.623,0,8.11,0,1.193,1.27,0,4.84
2/1/2026,8:30, ,gtmpiwq_20H100464_012126_050000.bin,Pine Island,GTMNERR,0,45.141,0,29.09,0,3.864,0,94.2,0,8.71,0,63.91,21.48,7.89,0,-77.6,5.41,10.614,0,8.06,0,1.194,1.28,0,4.86
2/1/2026,8:45, ,gtmpiwq_20H100464_012126_050000.bin,Pine Island,GTMNERR,0,45.488,0,29.33,0,3.904,0,94.3,0,8.7,0,61.68,20.74,7.9,0,-78,5.42,10.624,0,8.23,0,1.191,1.3,0,4.94
2/1/2026,9:00, ,gtmpiwq_20H100464_012126_050000.bin,Pine Island,GTMNERR,0,45.875,0,29.61,0,3.942,0,94.4,0,8.71,0,59.13,19.88,7.91,0,-78.6,5.41,10.596,0,6.84,0,1.194,1.23,0,4.68
2/1/2026,9:15, ,gtmpiwq_20H100464_012126_050000.bin,Pine Island,GTMNERR,0,46.245,0,29.88,0,3.973,0,94.6,0,8.7,0,56.74,19.09,7.92,0,-78.9,5.42,10.628,0,7.71,0,1.191,1.21,0,4.58
2/1/2026,9:30, ,gtmpiwq_20H100464_012126_050000.bin,Pine Island,GTMNERR,0,46.51,0,30.07,0,3.998,0,94.7,0,8.7,0,55.09,18.54,7.92,0,-79.4,5.41,10.65,0,6.63,0,1.194,1.22,0,4.63
2/1/2026,9:45, ,gtmpiwq_20H100464_012126_050000.bin,Pine Island,GTMNERR,0,46.746,0,30.24,0,4.017,0,94.7,0,8.68,0,53.37,17.96,7.93,0,-79.5,5.41,10.692,0,6.68,0,1.195,1.2,0,4.55
2/1/2026,10:00, ,gtmpiwq_20H100464_012126_050000.bin,Pine Island,GTMNERR,0,47.002,0,30.42,0,4.023,0,94.8,0,8.67,0,51.81,17.44,7.94,0,-80,5.42,10.722,0,4.51,0,1.194,1.3,0,4.95
2/1/2026,10:15, ,gtmpiwq_20H100464_012126_050000.bin,Pine Island,GTMNERR,0,46.929,0,30.37,0,4.013,0,94.7,0,8.67,0,50.94,17.15,7.94,0,-80,5.41,10.7,0,7.09,0,1.193,1.21,0,4.57
2/1/2026,10:30, ,gtmpiwq_20H100464_012126_050000.bin,Pine Island,GTMNERR,0,47.08,0,30.48,0,3.986,0,94.1,0,8.6,0,49.94,16.82,7.93,0,-80,5.42,10.722,0,4.69,0,1.189,1.24,0,4.72
2/1/2026,10:45, ,gtmpiwq_20H100464_012126_050000.bin,Pine Island,GTMNERR,0,46.751,0,30.24,0,3.941,0,94.7,0,8.68,0,50.77,17.09,7.94,0,-80.2,5.41,10.715,0,5.07,0,1.192,1.17,0,4.42
2/1/2026,11:00, ,gtmpiwq_20H100464_012126_050000.bin,Pine Island,GTMNERR,0,46.729,0,30.23,0,3.89,0,95.1,0,8.71,0,51.89,17.47,7.93,0,-80,5.41,10.729,0,4.98,0,1.185,1.27,0,4.82
2/1/2026,11:15, ,gtmpiwq_20H100464_012126_050000.bin,Pine Island,GTMNERR,0,46.267,0,29.89,0,3.836,0,95,0,8.73,0,54.21,18.24,7.93,0,-79.7,5.42,10.666,0,5.81,0,1.196,1.23,0,4.66
2/1/2026,11:30, ,gtmpiwq_20H100464_012126_050000.bin,Pine Island,GTMNERR,0,46.127,0,29.79,0,3.781,0,95,0,8.74,0,55.62,18.71,7.93,0,-79.5,5.41,10.643,0,5.71,0,1.188,1.11,0,4.18
2/1/2026,11:45, ,gtmpiwq_20H100464_012126_050000.bin,Pine Island,GTMNERR,0,45.784,0,29.54,0,3.719,0,94.7,0,8.75,0,59.06,19.86,7.92,0,-78.9,5.41,10.55,0,6.35,0,1.186,1.18,0,4.45
2/1/2026,12:00, ,gtmpiwq_20H100464_012126_050000.bin,Pine Island,GTMNERR,0,45.284,0,29.18,0,3.657,0,94.5,0,8.76,0,62.58,21.04,7.91,0,-78.2,5.41,10.489,0,7.25,0,1.187,1.3,0,4.96
2/1/2026,12:15, ,gtmpiwq_20H100464_012126_050000.bin,Pine Island,GTMNERR,0,44.476,0,28.6,0,3.584,0,94.6,0,8.81,0,68.06,22.86,7.89,0,-77.6,5.41,10.41,0,6.62,0,1.199,1.32,0,5.03
2/1/2026,12:30, ,gtmpiwq_20H100464_012126_050000.bin,Pine Island,GTMNERR,0,43.394,0,27.83,0,3.501,0,95.1,0,8.93,0,74.31,24.95,7.88,0,-76.9,5.42,10.282,0,6.49,0,1.196,1.22,0,4.63
2/1/2026,12:45, ,gtmpiwq_20H100464_012126_050000.bin,Pine Island,GTMNERR,0,43.294,0,27.76,0,3.414,0,95.1,0,8.93,0,74.52,25.02,7.88,0,-76.7,5.41,10.292,0,7.74,0,1.198,1.36,0,5.18
2/1/2026,13:00, ,gtmpiwq_20H100464_012126_050000.bin,Pine Island,GTMNERR,0,43.165,0,27.67,0,3.334,0,94.9,0,8.91,0,74.57,25.04,7.88,0,-76.6,5.42,10.315,0,9.83,0,1.203,1.42,0,5.44
2/1/2026,13:15, ,gtmpiwq_20H100464_012126_050000.bin,Pine Island,GTMNERR,0,42.833,0,27.43,0,3.24,0,94.9,0,8.93,0,76.3,25.61,7.87,0,-76.4,5.4,10.303,0,9.81,0,1.198,1.38,0,5.25
2/1/2026,13:30, ,gtmpiwq_20H100464_012126_050000.bin,Pine Island,GTMNERR,0,42.428,0,27.14,0,3.148,0,95.3,0,9,0,79.18,26.57,7.87,0,-76.1,5.41,10.24,0,9.01,0,1.188,1.41,0,5.4
2/1/2026,13:45, ,gtmpiwq_20H100464_012126_050000.bin,Pine Island,GTMNERR,0,42.017,0,26.85,0,3.053,0,95.1,0,9,0,81.52,27.35,7.86,0,-75.8,5.42,10.193,0,8.87,0,1.194,1.4,0,5.36
2/1/2026,14:00, ,gtmpiwq_20H100464_012126_050000.bin,Pine Island,GTMNERR,0,41.507,0,26.49,0,2.955,0,95.5,0,9.07,0,84.28,28.27,7.86,0,-75.5,5.4,10.13,0,8.97,0,1.188,1.34,0,5.1
2/1/2026,14:15, ,gtmpiwq_20H100464_012126_050000.bin,Pine Island,GTMNERR,0,41.011,0,26.13,0,2.851,0,95.8,0,9.14,0,87.46,29.34,7.85,0,-75.1,5.41,10.061,0,7.5,0,1.185,1.41,0,5.4
2/1/2026,14:30, ,gtmpiwq_20H100464_012126_050000.bin,Pine Island,GTMNERR,0,40.651,0,25.88,0,2.745,0,96.4,0,9.22,0,89.44,30,7.85,0,-75,5.4,10.002,0,7.41,0,1.19,1.34,0,5.1
2/1/2026,14:45, ,gtmpiwq_20H100464_012126_050000.bin,Pine Island,GTMNERR,0,40.293,0,25.63,0,2.639,0,96.8,0,9.28,0,91.65,30.74,7.85,0,-74.8,5.41,9.982,0,7.04,0,1.195,1.34,0,5.1
2/1/2026,15:00, ,gtmpiwq_20H100464_012126_050000.bin,Pine Island,GTMNERR,0,40.089,0,25.48,0,2.545,0,97.2,0,9.32,0,92.91,31.16,7.85,0,-74.7,5.41,9.994,0,6.68,0,1.185,1.37,0,5.23
2/1/2026,15:15, ,gtmpiwq_20H100464_012126_050000.bin,Pine Island,GTMNERR,0,39.838,0,25.31,0,2.462,0,97.5,0,9.36,0,94.38,31.65,7.85,0,-74.7,5.4,9.997,0,6.01,0,1.195,1.35,0,5.15
2/1/2026,15:30, ,gtmpiwq_20H100464_012126_050000.bin,Pine Island,GTMNERR,0,39.639,0,25.17,0,2.396,0,97.9,0,9.42,0,95.39,31.98,7.85,0,-74.8,5.41,9.988,0,6.78,0,1.19,1.41,0,5.38
2/1/2026,15:45, ,gtmpiwq_20H100464_012126_050000.bin,Pine Island,GTMNERR,0,39.488,0,25.06,0,2.358,0,98.3,0,9.46,0,96.3,32.28,7.85,0,-74.7,5.4,9.994,0,5.03,0,1.186,1.45,0,5.54
2/1/2026,16:00, ,gtmpiwq_20H100464_012126_050000.bin,Pine Island,GTMNERR,0,39.378,0,24.99,0,2.362,0,98.5,0,9.47,0,97.09,32.55,7.85,0,-74.8,5.4,9.996,0,4.9,0,1.193,1.41,0,5.39
2/1/2026,16:15, ,gtmpiwq_20H100464_012126_050000.bin,Pine Island,GTMNERR,0,39.328,0,24.95,0,2.404,0,97.6,0,9.39,0,96.12,32.23,7.84,0,-74.4,5.41,10.007,0,3.54,0,1.188,1.48,0,5.67
2/1/2026,16:30, ,gtmpiwq_20H100464_012126_050000.bin,Pine Island,GTMNERR,0,39.494,0,25.07,0,2.476,0,98.5,0,9.46,0,96.97,32.51,7.84,0,-74.6,5.4,10.049,0,4.55,0,1.191,1.35,0,5.14
2/1/2026,16:45, ,gtmpiwq_20H100464_012126_050000.bin,Pine Island,GTMNERR,0,40.098,0,25.49,0,2.562,0,98.4,0,9.43,0,92.99,31.18,7.85,0,-75.1,5.41,10.026,0,5.34,0,1.195,1.47,0,5.63
2/1/2026,17:00, ,gtmpiwq_20H100464_012126_050000.bin,Pine Island,GTMNERR,0,40.154,0,25.53,0,2.651,0,98.2,0,9.4,0,93.11,31.22,7.85,0,-75.1,5.4,10.037,0,5.78,0,1.185,1.41,0,5.4
2/1/2026,17:15, ,gtmpiwq_20H100464_012126_050000.bin,Pine Island,GTMNERR,0,40.349,0,25.67,0,2.742,0,98.2,0,9.4,0,91.68,30.74,7.85,0,-75.2,5.4,10.037,0,7.14,0,1.202,1.39,0,5.32
2/1/2026,17:30, ,gtmpiwq_20H100464_012126_050000.bin,Pine Island,GTMNERR,0,40.71,0,25.92,0,2.834,0,98,0,9.37,0,89.95,30.17,7.86,0,-75.3,5.41,10.029,0,6.27,0,1.201,1.42,0,5.41
2/1/2026,17:45, ,gtmpiwq_20H100464_012126_050000.bin,Pine Island,GTMNERR,0,41.007,0,26.13,0,2.914,0,97.7,0,9.33,0,88.13,29.56,7.86,0,-75.3,5.4,10.015,0,6.94,0,1.199,1.43,0,5.45
2/1/2026,18:00, ,gtmpiwq_20H100464_012126_050000.bin,Pine Island,GTMNERR,0,41.668,0,26.6,0,2.998,0,97.9,0,9.3,0,84.92,28.49,7.86,0,-75.7,5.41,10.087,0,5.92,0,1.188,1.42,0,5.45
2/1/2026,18:15, ,gtmpiwq_20H100464_012126_050000.bin,Pine Island,GTMNERR,0,41.94,0,26.79,0,3.076,0,97.7,0,9.27,0,83.15,27.9,7.87,0,-75.9,5.39,10.096,0,6.05,0,1.185,1.44,0,5.52
2/1/2026,18:30, ,gtmpiwq_20H100464_012126_050000.bin,Pine Island,GTMNERR,0,42.254,0,27.01,0,3.15,0,97.8,0,9.27,0,81.45,27.33,7.87,0,-76,5.4,10.088,0,6.41,0,1.198,1.44,0,5.52
2/1/2026,18:45, ,gtmpiwq_20H100464_012126_050000.bin,Pine Island,GTMNERR,0,42.481,0,27.17,0,3.221,0,97.6,0,9.24,0,80.27,26.94,7.87,0,-76.1,5.41,10.096,0,5.92,0,1.199,1.5,0,5.76
2/1/2026,19:00, ,gtmpiwq_20H100464_012126_050000.bin,Pine Island,GTMNERR,0,42.699,0,27.33,0,3.289,0,97.4,0,9.2,0,78.54,26.36,7.87,0,-76.3,5.4,10.139,0,7.77,0,1.198,1.54,0,5.89
2/1/2026,19:15, ,gtmpiwq_20H100464_012126_050000.bin,Pine Island,GTMNERR,0,42.987,0,27.53,0,3.35,0,97.4,0,9.2,0,77.27,25.94,7.88,0,-76.5,5.41,10.121,0,6.69,0,1.198,1.4,0,5.34
2/1/2026,19:30, ,gtmpiwq_20H100464_012126_050000.bin,Pine Island,GTMNERR,0,43.176,0,27.67,0,3.42,0,97.4,0,9.18,0,75.52,25.35,7.88,0,-76.6,5.4,10.147,0,8.59,0,1.201,1.47,0,5.64
2/1/2026,19:45, ,gtmpiwq_20H100464_012126_050000.bin,Pine Island,GTMNERR,0,43.533,0,27.92,0,3.481,0,97.5,0,9.18,0,74.31,24.95,7.88,0,-76.9,5.4,10.125,0,4.82,0,1.197,1.47,0,5.62
2/1/2026,20:00, ,gtmpiwq_20H100464_012126_050000.bin,Pine Island,GTMNERR,0,43.801,0,28.11,0,3.541,0,97.6,0,9.17,0,72.7,24.41,7.89,0,-77.2,5.41,10.163,0,5.17,0,1.194,1.36,0,5.2
2/1/2026,20:15, ,gtmpiwq_20H100464_012126_050000.bin,Pine Island,GTMNERR,0,44.119,0,28.34,0,3.598,0,97.6,0,9.15,0,70.88,23.8,7.89,0,-77.4,5.4,10.192,0,5.81,0,1.19,1.39,0,5.29
2/1/2026,20:30, ,gtmpiwq_20H100464_012126_050000.bin,Pine Island,GTMNERR,0,44.464,0,28.58,0,3.649,0,97.5,0,9.13,0,68.67,23.07,7.9,0,-77.8,5.41,10.206,0,5.27,0,1.185,1.53,0,5.88
2/1/2026,20:45, ,gtmpiwq_20H100464_012126_050000.bin,Pine Island,GTMNERR,0,44.689,0,28.74,0,3.694,0,97.6,0,9.12,0,67.35,22.63,7.9,0,-78.1,5.39,10.221,0,5.33,0,1.191,1.51,0,5.8
2/1/2026,21:00, ,gtmpiwq_20H100464_012126_050000.bin,Pine Island,GTMNERR,0,44.842,0,28.85,0,3.735,0,97.3,0,9.09,0,66.27,22.27,7.9,0,-78,5.4,10.228,0,5.31,0,1.197,1.4,0,5.34
2/1/2026,21:15, ,gtmpiwq_20H100464_012126_050000.bin,Pine Island,GTMNERR,0,44.961,0,28.94,0,3.764,0,97.4,0,9.09,0,65.47,22,7.91,0,-78.3,5.4,10.242,0,6.4,0,1.187,1.37,0,5.24
2/1/2026,21:30, ,gtmpiwq_20H100464_012126_050000.bin,Pine Island,GTMNERR,0,45.144,0,29.07,0,3.785,0,97.1,0,9.06,0,64.39,21.64,7.91,0,-78.3,5.39,10.255,0,3.98,0,1.195,1.42,0,5.44
2/1/2026,21:45, ,gtmpiwq_20H100464_012126_050000.bin,Pine Island,GTMNERR,0,45.261,0,29.15,0,3.804,0,97.2,0,9.06,0,63.69,21.41,7.91,0,-78.4,5.4,10.265,0,3.3,0,1.187,1.42,0,5.44
2/1/2026,22:00, ,gtmpiwq_20H100464_012126_050000.bin,Pine Island,GTMNERR,0,45.314,0,29.19,0,3.806,0,96.7,0,9,0,62.84,21.12,7.91,0,-78.4,5.39,10.274,0,3.26,0,1.19,1.75,0,6.73
2/1/2026,22:15, ,gtmpiwq_20H100464_012126_050000.bin,Pine Island,GTMNERR,0,45.383,0,29.24,0,3.792,0,96.5,0,8.98,0,62.71,21.08,7.91,0,-78.6,5.39,10.294,0,4.03,0,1.194,1.28,0,4.88
2/1/2026,22:30, ,gtmpiwq_20H100464_012126_050000.bin,Pine Island,GTMNERR,0,45.351,0,29.22,0,3.764,0,96.9,0,9.02,0,62.69,21.07,7.91,0,-78.5,5.4,10.285,0,3.86,0,1.186,1.5,0,5.74
2/1/2026,22:45, ,gtmpiwq_20H100464_012126_050000.bin,Pine Island,GTMNERR,0,45.21,0,29.11,0,3.713,0,96.9,0,9.04,0,64.25,21.59,7.91,0,-78.3,5.39,10.219,0,2.66,0,1.197,1.32,0,5.04
2/1/2026,23:00, ,gtmpiwq_20H100464_012126_050000.bin,Pine Island,GTMNERR,0,44.97,0,28.94,0,3.656,0,96.9,0,9.05,0,64.83,21.79,7.91,0,-78.3,5.4,10.179,0,5.02,0,1.189,1.43,0,5.47
2/1/2026,23:15, ,gtmpiwq_20H100464_012126_050000.bin,Pine Island,GTMNERR,0,44.642,0,28.71,0,3.592,0,96.9,0,9.07,0,67.12,22.55,7.9,0,-77.8,5.39,10.133,0,4.79,0,1.185,1.39,0,5.31
2/1/2026,23:30, ,gtmpiwq_20H100464_012126_050000.bin,Pine Island,GTMNERR,0,44.097,0,28.32,0,3.522,0,96.8,0,9.1,0,70.39,23.64,7.9,0,-77.6,5.39,10.087,0,4.73,0,1.187,1.31,0,4.99
2/1/2026,23:45, ,gtmpiwq_20H100464_012126_050000.bin,Pine Island,GTMNERR,0,43.833,0,28.13,0,3.447,0,96.9,0,9.12,0,72.73,24.42,7.89,0,-77.2,5.4,10.054,0,4.71,0,1.197,1.41,0,5.39
2/2/2026,0:00, ,gtmpiwq_20H100464_012126_050000.bin,Pine Island,GTMNERR,0,43.221,0,27.69,0,3.375,0,96.7,0,9.16,0,76.99,25.84,7.88,0,-76.7,5.39,9.927,0,4.06,0,1.199,1.34,0,5.1
2/2/2026,0:15, ,gtmpiwq_20H100464_012126_050000.bin,Pine Island,GTMNERR,0,43.051,0,27.56,0,3.293,0,96.4,0,9.15,0,77.57,26.04,7.88,0,-76.5,5.4,9.878,0,5.72,0,1.187,1.35,0,5.15
2/2/2026,0:30, ,gtmpiwq_20H100464_012126_050000.bin,Pine Island,GTMNERR,0,42.795,0,27.38,0,3.209,0,96.6,0,9.18,0,78.79,26.44,7.87,0,-76.3,5.39,9.868,0,6.05,0,1.188,1.43,0,5.47
2/2/2026,0:45, ,gtmpiwq_20H100464_012126_050000.bin,Pine Island,GTMNERR,0,42.549,0,27.21,0,3.12,0,96.6,0,9.19,0,80.41,26.98,7.87,0,-76.2,5.39,9.847,0,6.08,0,1.201,1.4,0,5.36
2/2/2026,1:00, ,gtmpiwq_20H100464_012126_050000.bin,Pine Island,GTMNERR,0,42.217,0,26.97,0,3.019,0,96.4,0,9.2,0,82.26,27.6,7.87,0,-76,5.4,9.793,0,6.09,0,1.185,1.43,0,5.46
2/2/2026,1:15, ,gtmpiwq_20H100464_012126_050000.bin,Pine Island,GTMNERR,0,41.936,0,26.77,0,2.92,0,96.4,0,9.23,0,84.06,28.2,7.87,0,-75.8,5.39,9.684,0,5.69,0,1.186,1.42,0,5.44
2/2/2026,1:30, ,gtmpiwq_20H100464_012126_050000.bin,Pine Island,GTMNERR,0,41.605,0,26.53,0,2.804,0,96.2,0,9.24,0,85.67,28.74,7.86,0,-75.5,5.4,9.662,0,5.55,0,1.193,1.41,0,5.39
2/2/2026,1:45, ,gtmpiwq_20H100464_012126_050000.bin,Pine Island,GTMNERR,0,41.204,0,26.25,0,2.69,0,96,0,9.25,0,87.66,29.4,7.85,0,-75.2,5.39,9.595,0,6.12,0,1.185,1.37,0,5.21
2/2/2026,2:00, ,gtmpiwq_20H100464_012126_050000.bin,Pine Island,GTMNERR,0,40.857,0,25.99,0,2.576,0,95.5,0,9.25,0,89.79,30.12,7.85,0,-74.8,5.39,9.432,0,6.19,0,1.186,1.41,0,5.39
2/2/2026,2:15, ,gtmpiwq_20H100464_012126_050000.bin,Pine Island,GTMNERR,0,40.414,0,25.68,0,2.46,0,95.1,0,9.25,0,91.96,30.84,7.85,0,-74.6,5.4,9.319,0,6,0,1.192,1.42,0,5.41
2/2/2026,2:30, ,gtmpiwq_20H100464_012126_050000.bin,Pine Island,GTMNERR,0,40.074,0,25.44,0,2.349,0,94.7,0,9.25,0,93.74,31.43,7.84,0,-74.3,5.38,9.228,0,5.18,0,1.188,1.4,0,5.34
2/2/2026,2:45, ,gtmpiwq_20H100464_012126_050000.bin,Pine Island,GTMNERR,0,39.897,0,25.31,0,2.258,0,94.8,0,9.28,0,95.1,31.89,7.84,0,-74.3,5.39,9.127,0,4.48,0,1.192,1.3,0,4.96
2/2/2026,3:00, ,gtmpiwq_20H100464_012126_050000.bin,Pine Island,GTMNERR,0,39.502,0,25.03,0,2.176,0,94.7,0,9.3,0,95.92,32.16,7.84,0,-74.2,5.39,9.084,0,4.49,0,1.192,1.43,0,5.48
2/2/2026,3:15, ,gtmpiwq_20H100464_012126_050000.bin,Pine Island,GTMNERR,0,39.736,0,25.19,0,2.116,0,94.4,0,9.28,0,97.23,32.6,7.84,0,-74,5.39,9.004,0,4.41,0,1.203,1.45,0,5.54
2/2/2026,3:30, ,gtmpiwq_20H100464_012126_050000.bin,Pine Island,GTMNERR,0,39.68,0,25.14,0,2.086,0,94.2,0,9.28,0,97.72,32.76,7.84,0,-74,5.39,8.931,0,3.98,0,1.186,1.44,0,5.52
2/2/2026,3:45, ,gtmpiwq_20H100464_012126_050000.bin,Pine Island,GTMNERR,0,39.633,0,25.11,0,2.108,0,94,0,9.26,0,97.75,32.77,7.83,0,-73.7,5.38,8.89,0,2.85,0,1.188,1.45,0,5.53
2/2/2026,4:00, ,gtmpiwq_20H100464_012126_050000.bin,Pine Island,GTMNERR,0,39.595,0,25.08,0,2.173,0,94.4,0,9.3,0,98.65,33.07,7.83,0,-73.7,5.39,8.898,0,3.89,0,1.185,1.39,0,5.3
2/2/2026,4:15, ,gtmpiwq_20H100464_012126_050000.bin,Pine Island,GTMNERR,0,40.343,0,25.6,0,2.269,0,93.9,0,9.23,0,94.43,31.66,7.84,0,-74.3,5.38,8.889,0,4.32,0,1.193,1.38,0,5.25
2/2/2026,4:30, ,gtmpiwq_20H100464_012126_050000.bin,Pine Island,GTMNERR,0,40.222,0,25.52,0,2.377,0,94.3,0,9.25,0,94.77,31.77,7.84,0,-74.1,5.38,8.951,0,5.22,0,1.19,1.37,0,5.24
2/2/2026,4:45, ,gtmpiwq_20H100464_012126_050000.bin,Pine Island,GTMNERR,0,40.423,0,25.66,0,2.495,0,94.4,0,9.25,0,93.77,31.44,7.84,0,-74.1,5.39,8.959,0,5.8,0,1.186,1.37,0,5.23
2/2/2026,5:00, ,gtmpiwq_20H100464_012126_050000.bin,Pine Island,GTMNERR,0,40.792,0,25.92,0,2.599,0,94.3,0,9.23,0,91.92,30.83,7.84,0,-74.4,5.38,8.973,0,5.28,0,1.184,1.29,0,4.92
2/2/2026,5:15, ,gtmpiwq_20H100464_012126_050000.bin,Pine Island,GTMNERR,0,41,0,26.07,0,2.703,0,94.5,0,9.22,0,90.51,30.35,7.85,0,-74.5,5.39,9.072,0,5.98,0,1.193,1.34,0,5.12
2/2/2026,5:30, ,gtmpiwq_20H100464_012126_050000.bin,Pine Island,GTMNERR,0,41.602,0,26.49,0,2.801,0,94.1,0,9.17,0,87.47,29.34,7.85,0,-74.6,5.38,8.993,0,5.3,0,1.184,1.28,0,4.86
2/2/2026,5:45, ,gtmpiwq_20H100464_012126_050000.bin,Pine Island,GTMNERR,0,41.878,0,26.69,0,2.899,0,94.3,0,9.16,0,85.62,28.72,7.85,0,-75,5.38,9.109,0,6.03,0,1.186,1.32,0,5.03
2/2/2026,6:00, ,gtmpiwq_20H100464_012126_050000.bin,Pine Island,GTMNERR,0,42.213,0,26.93,0,2.984,0,94.4,0,9.15,0,83.94,28.16,7.85,0,-75.1,5.39,9.116,0,5.3,0,1.194,1.27,0,4.81
2/2/2026,6:15, ,gtmpiwq_20H100464_012126_050000.bin,Pine Island,GTMNERR,0,42.469,0,27.11,0,3.071,0,94.3,0,9.13,0,82.58,27.71,7.86,0,-75.1,5.38,9.096,0,5.52,0,1.188,1.27,0,4.81
2/2/2026,6:30, ,gtmpiwq_20H100464_012126_050000.bin,Pine Island,GTMNERR,0,42.637,0,27.23,0,3.151,0,94.4,0,9.12,0,81.13,27.22,7.86,0,-75.5,5.39,9.173,0,6.14,0,1.192,1.32,0,5.01
2/2/2026,6:45, ,gtmpiwq_20H100464_012126_050000.bin,Pine Island,GTMNERR,0,42.972,0,27.47,0,3.228,0,94.4,0,9.1,0,79.37,26.64,7.86,0,-75.7,5.38,9.182,0,6.17,0,1.192,1.28,0,4.86
2/2/2026,7:00, ,gtmpiwq_20H100464_012126_050000.bin,Pine Island,GTMNERR,0,43.244,0,27.66,0,3.301,0,94.4,0,9.09,0,78.04,26.19,7.87,0,-75.8,5.38,9.192,0,5.2,0,1.196,1.28,0,4.86
2/2/2026,7:15, ,gtmpiwq_20H100464_012126_050000.bin,Pine Island,GTMNERR,0,43.394,0,27.77,0,3.377,0,94.4,0,9.08,0,77.08,25.87,7.87,0,-76,5.39,9.218,0,4.96,0,1.19,1.25,0,4.75
2/2/2026,7:30, ,gtmpiwq_20H100464_012126_050000.bin,Pine Island,GTMNERR,0,43.631,0,27.94,0,3.453,0,94.3,0,9.06,0,75.64,25.39,7.88,0,-76.3,5.38,9.23,0,5.23,0,1.183,1.21,0,4.59
2/2/2026,7:45, ,gtmpiwq_20H100464_012126_050000.bin,Pine Island,GTMNERR,0,44.011,0,28.2,0,3.532,0,94.3,0,9.05,0,73.35,24.63,7.88,0,-76.7,5.39,9.227,0,5.22,0,1.191,1.19,0,4.51
2/2/2026,8:00, ,gtmpiwq_20H100464_012126_050000.bin,Pine Island,GTMNERR,0,44.529,0,28.57,0,3.608,0,94.3,0,9.01,0,70.01,23.51,7.89,0,-77.1,5.38,9.281,0,4.92,0,1.193,1.17,0,4.42
2/2/2026,8:15, ,gtmpiwq_20H100464_012126_050000.bin,Pine Island,GTMNERR,0,44.718,0,28.71,0,3.68,0,94.3,0,9,0,68.74,23.09,7.89,0,-77.2,5.38,9.29,0,5.26,0,1.192,1.16,0,4.39
2/2/2026,8:30, ,gtmpiwq_20H100464_012126_050000.bin,Pine Island,GTMNERR,0,44.889,0,28.83,0,3.743,0,94.3,0,8.99,0,67.56,22.7,7.9,0,-77.5,5.39,9.294,0,5.14,0,1.191,1.17,0,4.4
2/2/2026,8:45, ,gtmpiwq_20H100464_012126_050000.bin,Pine Island,GTMNERR,0,45.104,0,28.98,0,3.805,0,94.2,0,8.97,0,65.93,22.15,7.9,0,-77.7,5.38,9.322,0,5.72,0,1.192,1.16,0,4.37
2/2/2026,9:00, ,gtmpiwq_20H100464_012126_050000.bin,Pine Island,GTMNERR,0,45.457,0,29.24,0,3.858,0,94.3,0,8.96,0,63.72,21.42,7.91,0,-78.1,5.39,9.339,0,5.77,0,1.194,1.16,0,4.4
2/2/2026,9:15, ,gtmpiwq_20H100464_012126_050000.bin,Pine Island,GTMNERR,0,45.816,0,29.49,0,3.902,0,94.4,0,8.95,0,61.33,20.62,7.91,0,-78.4,5.37,9.375,0,5.56,0,1.196,1.17,0,4.44
2/2/2026,9:30, ,gtmpiwq_20H100464_012126_050000.bin,Pine Island,GTMNERR,0,46.244,0,29.8,0,3.942,0,94.6,0,8.94,0,57.79,19.44,7.92,0,-79,5.38,9.404,0,7.1,0,1.198,1.11,0,4.18
2/2/2026,9:45, ,gtmpiwq_20H100464_012126_050000.bin,Pine Island,GTMNERR,0,46.669,0,30.11,0,3.971,0,94.7,0,8.93,0,55.66,18.73,7.93,0,-79.6,5.39,9.458,0,4.55,0,1.202,1.14,0,4.3
2/2/2026,10:00, ,gtmpiwq_20H100464_012126_050000.bin,Pine Island,GTMNERR,0,46.992,0,30.34,0,3.995,0,95,0,8.92,0,53.84,18.12,7.94,0,-79.9,5.37,9.528,0,3.93,0,1.199,1.1,0,4.15
2/2/2026,10:15, ,gtmpiwq_20H100464_012126_050000.bin,Pine Island,GTMNERR,0,47.121,0,30.44,0,4.01,0,95,0,8.92,0,52.22,17.58,7.94,0,-80.3,5.38,9.563,0,3.8,0,1.202,1.1,0,4.16
2/2/2026,10:30, ,gtmpiwq_20H100464_012126_050000.bin,Pine Island,GTMNERR,0,47.379,0,30.63,0,4.017,0,95.1,0,8.9,0,50.23,16.91,7.95,0,-80.6,5.37,9.618,0,3.01,0,1.194,1.12,0,4.23
2/2/2026,10:45, ,gtmpiwq_20H100464_012126_050000.bin,Pine Island,GTMNERR,0,47.491,0,30.71,0,4.004,0,95,0,8.89,0,49.05,16.52,7.95,0,-80.8,5.38,9.644,0,3.33,0,1.19,1.11,0,4.19
2/2/2026,11:00, ,gtmpiwq_20H100464_012126_050000.bin,Pine Island,GTMNERR,0,47.593,0,30.78,0,3.974,0,94.1,0,8.79,0,47.33,15.95,7.95,0,-80.7,5.38,9.668,0,2.87,0,1.2,1.1,0,4.14
2/2/2026,11:15, ,gtmpiwq_20H100464_012126_050000.bin,Pine Island,GTMNERR,0,47.398,0,30.64,0,3.931,0,94.8,0,8.86,0,48.12,16.21,7.95,0,-80.8,5.37,9.657,0,2.93,0,1.195,1.07,0,4.02
2/2/2026,11:30, ,gtmpiwq_20H100464_012126_050000.bin,Pine Island,GTMNERR,0,47.21,0,30.51,0,3.88,0,95,0,8.89,0,49.8,16.77,7.95,0,-80.7,5.38,9.647,0,3.6,0,1.19,1.12,0,4.22
2/2/2026,11:45, ,gtmpiwq_20H100464_012126_050000.bin,Pine Island,GTMNERR,0,46.624,0,30.09,0,3.825,0,95,0,8.93,0,52.92,17.81,7.95,0,-80.4,5.37,9.591,0,3.34,0,1.193,1.05,0,3.96
2/2/2026,12:00, ,gtmpiwq_20H100464_012126_050000.bin,Pine Island,GTMNERR,0,46.478,0,29.98,0,3.769,0,94.8,0,8.93,0,55.81,18.78,7.93,0,-79.7,5.38,9.531,0,4.44,0,1.196,1.2,0,4.56
2/2/2026,12:15, ,gtmpiwq_20H100464_012126_050000.bin,Pine Island,GTMNERR,0,45.89,0,29.55,0,3.704,0,95,0,8.98,0,59.94,20.15,7.92,0,-79.1,5.39,9.458,0,5.09,0,1.197,1.18,0,4.45
2/2/2026,12:30, ,gtmpiwq_20H100464_012126_050000.bin,Pine Island,GTMNERR,0,45.33,0,29.15,0,3.631,0,95.2,0,9.04,0,64.22,21.58,7.91,0,-78.3,5.37,9.382,0,4.72,0,1.196,1.17,0,4.41
2/2/2026,12:45, ,gtmpiwq_20H100464_012126_050000.bin,Pine Island,GTMNERR,0,44.496,0,28.56,0,3.564,0,95.5,0,9.11,0,69.47,23.33,7.9,0,-77.6,5.38,9.367,0,4.28,0,1.198,1.23,0,4.67
2/2/2026,13:00, ,gtmpiwq_20H100464_012126_050000.bin,Pine Island,GTMNERR,0,44.006,0,28.21,0,3.474,0,96,0,9.17,0,72.24,24.26,7.89,0,-77.1,5.37,9.392,0,4.48,0,1.199,1.16,0,4.39
2/2/2026,13:15, ,gtmpiwq_20H100464_012126_050000.bin,Pine Island,GTMNERR,0,43.856,0,28.1,0,3.388,0,95.9,0,9.18,0,72.77,24.43,7.89,0,-77.1,5.37,9.356,0,5.59,0,1.193,1.24,0,4.71
2/2/2026,13:30, ,gtmpiwq_20H100464_012126_050000.bin,Pine Island,GTMNERR,0,43.646,0,27.95,0,3.312,0,96,0,9.19,0,74.18,24.91,7.88,0,-76.9,5.38,9.373,0,5.32,0,1.191,1.26,0,4.79
2/2/2026,13:45, ,gtmpiwq_20H100464_012126_050000.bin,Pine Island,GTMNERR,0,43.326,0,27.73,0,3.225,0,96.3,0,9.23,0,75.99,25.51,7.88,0,-76.6,5.37,9.37,0,5.44,0,1.193,1.22,0,4.61
2/2/2026,14:00, ,gtmpiwq_20H100464_012126_050000.bin,Pine Island,GTMNERR,0,43.02,0,27.51,0,3.128,0,96.1,0,9.23,0,77.77,26.1,7.87,0,-76.1,5.38,9.344,0,5.15,0,1.187,1.26,0,4.77
2/2/2026,14:15, ,gtmpiwq_20H100464_012126_050000.bin,Pine Island,GTMNERR,0,42.651,0,27.25,0,3.027,0,96.4,0,9.28,0,79.49,26.68,7.87,0,-75.9,5.37,9.341,0,5.81,0,1.196,1.28,0,4.88
2/2/2026,14:30, ,gtmpiwq_20H100464_012126_050000.bin,Pine Island,GTMNERR,0,42.259,0,26.97,0,2.92,0,96.7,0,9.32,0,81.87,27.47,7.86,0,-75.7,5.37,9.338,0,5.36,0,1.189,1.25,0,4.76
2/2/2026,14:45, ,gtmpiwq_20H100464_012126_050000.bin,Pine Island,GTMNERR,0,41.905,0,26.73,0,2.817,0,97.2,0,9.38,0,83.68,28.08,7.86,0,-75.5,5.38,9.356,0,5.85,0,1.192,1.26,0,4.79
2/2/2026,15:00, ,gtmpiwq_20H100464_012126_050000.bin,Pine Island,GTMNERR,0,41.643,0,26.54,0,2.705,0,97.6,0,9.43,0,85.01,28.52,7.86,0,-75.4,5.36,9.41,0,5.66,0,1.193,1.28,0,4.88
2/2/2026,15:15, ,gtmpiwq_20H100464_012126_050000.bin,Pine Island,GTMNERR,0,41.421,0,26.39,0,2.597,0,98,0,9.46,0,86.28,28.94,7.86,0,-75.3,5.38,9.454,0,4.97,0,1.186,1.29,0,4.9
2/2/2026,15:30, ,gtmpiwq_20H100464_012126_050000.bin,Pine Island,GTMNERR,0,41.242,0,26.27,0,2.494,0,98.3,0,9.48,0,87.22,29.26,7.86,0,-75.2,5.37,9.51,0,5.35,0,1.198,1.32,0,5.04
2/2/2026,15:45, ,gtmpiwq_20H100464_012126_050000.bin,Pine Island,GTMNERR,0,41.047,0,26.13,0,2.397,0,98.7,0,9.52,0,88.15,29.57,7.86,0,-75.2,5.37,9.567,0,4.79,0,1.194,1.34,0,5.09
2/2/2026,16:00, ,gtmpiwq_20H100464_012126_050000.bin,Pine Island,GTMNERR,0,40.843,0,26,0,2.321,0,99.4,0,9.58,0,89.23,29.93,7.85,0,-75.1,5.38,9.638,0,4.77,0,1.189,1.36,0,5.17
2/2/2026,16:15, ,gtmpiwq_20H100464_012126_050000.bin,Pine Island,GTMNERR,0,40.576,0,25.81,0,2.259,0,99.8,0,9.62,0,89.95,30.17,7.85,0,-75,5.37,9.696,0,4.34,0,1.183,1.28,0,4.86
2/2/2026,16:30, ,gtmpiwq_20H100464_012126_050000.bin,Pine Island,GTMNERR,0,40.561,0,25.8,0,2.233,0,100.3,0,9.66,0,90.58,30.38,7.85,0,-75,5.38,9.745,0,3.52,0,1.193,1.29,0,4.9
2/2/2026,16:45, ,gtmpiwq_20H100464_012126_050000.bin,Pine Island,GTMNERR,0,40.499,0,25.76,0,2.273,0,99.7,0,9.6,0,91.19,30.58,7.85,0,-74.7,5.37,9.759,0,2.63,0,1.194,1.29,0,4.89
2/2/2026,17:00, ,gtmpiwq_20H100464_012126_050000.bin,Pine Island,GTMNERR,0,40.616,0,25.84,0,2.366,0,100.5,0,9.67,0,90.77,30.44,7.85,0,-74.8,5.37,9.771,0,3.92,0,1.187,1.22,0,4.61
2/2/2026,17:15, ,gtmpiwq_20H100464_012126_050000.bin,Pine Island,GTMNERR,0,41.174,0,26.24,0,2.462,0,100.4,0,9.62,0,87.78,29.44,7.85,0,-75.2,5.38,9.82,0,4.32,0,1.196,1.26,0,4.8
2/2/2026,17:30, ,gtmpiwq_20H100464_012126_050000.bin,Pine Island,GTMNERR,0,41.329,0,26.34,0,2.568,0,100.3,0,9.61,0,86.89,29.15,7.86,0,-75.4,5.37,9.784,0,5.01,0,1.189,1.27,0,4.83
2/2/2026,17:45, ,gtmpiwq_20H100464_012126_050000.bin,Pine Island,GTMNERR,0,41.411,0,26.4,0,2.667,0,99.8,0,9.58,0,86.57,29.04,7.86,0,-75.4,5.38,9.715,0,4.77,0,1.184,1.34,0,5.11
2/2/2026,18:00, ,gtmpiwq_20H100464_012126_050000.bin,Pine Island,GTMNERR,0,41.753,0,26.64,0,2.757,0,99.6,0,9.55,0,84.72,28.42,7.86,0,-75.4,5.36,9.685,0,4.31,0,1.197,1.34,0,5.11
2/2/2026,18:15, ,gtmpiwq_20H100464_012126_050000.bin,Pine Island,GTMNERR,0,42.004,0,26.82,0,2.841,0,99.6,0,9.53,0,83.21,27.92,7.86,0,-75.7,5.37,9.729,0,4.66,0,1.194,1.33,0,5.06
2/2/2026,18:30, ,gtmpiwq_20H100464_012126_050000.bin,Pine Island,GTMNERR,0,42.459,0,27.14,0,2.928,0,99.7,0,9.5,0,80.54,27.03,7.86,0,-75.8,5.38,9.8,0,5.08,0,1.192,1.32,0,5.02
2/2/2026,18:45, ,gtmpiwq_20H100464_012126_050000.bin,Pine Island,GTMNERR,0,42.672,0,27.29,0,3.01,0,99.2,0,9.46,0,79.62,26.72,7.87,0,-76,5.37,9.761,0,4.76,0,1.192,1.38,0,5.26
2/2/2026,19:00, ,gtmpiwq_20H100464_012126_050000.bin,Pine Island,GTMNERR,0,42.884,0,27.44,0,3.088,0,99.3,0,9.45,0,78.77,26.44,7.87,0,-76,5.38,9.76,0,4.38,0,1.188,1.32,0,5.01
2/2/2026,19:15, ,gtmpiwq_20H100464_012126_050000.bin,Pine Island,GTMNERR,0,43.091,0,27.58,0,3.16,0,98.9,0,9.41,0,77.25,25.93,7.87,0,-76,5.37,9.762,0,4.65,0,1.185,1.33,0,5.08
2/2/2026,19:30, ,gtmpiwq_20H100464_012126_050000.bin,Pine Island,GTMNERR,0,43.311,0,27.74,0,3.23,0,98.6,0,9.37,0,75.73,25.42,7.87,0,-76.4,5.37,9.757,0,4.92,0,1.184,1.35,0,5.15
2/2/2026,19:45, ,gtmpiwq_20H100464_012126_050000.bin,Pine Island,GTMNERR,0,43.591,0,27.94,0,3.299,0,98.7,0,9.36,0,74.23,24.92,7.88,0,-76.5,5.37,9.783,0,4.75,0,1.195,1.35,0,5.13
2/2/2026,20:00, ,gtmpiwq_20H100464_012126_050000.bin,Pine Island,GTMNERR,0,43.827,0,28.11,0,3.371,0,98.6,0,9.34,0,72.88,24.47,7.88,0,-76.7,5.36,9.793,0,5.24,0,1.198,1.36,0,5.2
2/2/2026,20:15, ,gtmpiwq_20H100464_012126_050000.bin,Pine Island,GTMNERR,0,44.102,0,28.3,0,3.437,0,98.7,0,9.34,0,71.32,23.95,7.89,0,-77,5.37,9.821,0,4.22,0,1.201,1.36,0,5.17
2/2/2026,20:30, ,gtmpiwq_20H100464_012126_050000.bin,Pine Island,GTMNERR,0,44.276,0,28.43,0,3.502,0,98.8,0,9.33,0,70.32,23.62,7.89,0,-77.1,5.36,9.84,0,4.88,0,1.202,1.32,0,5.04
2/2/2026,20:45, ,gtmpiwq_20H100464_012126_050000.bin,Pine Island,GTMNERR,0,44.685,0,28.72,0,3.568,0,98.8,0,9.3,0,67.6,22.71,7.9,0,-77.7,5.37,9.881,0,4.45,0,1.193,1.24,0,4.69
2/2/2026,21:00, ,gtmpiwq_20H100464_012126_050000.bin,Pine Island,GTMNERR,0,45.038,0,28.97,0,3.629,0,98.8,0,9.28,0,65.36,21.96,7.9,0,-78,5.37,9.924,0,4.35,0,1.195,1.24,0,4.72
2/2/2026,21:15, ,gtmpiwq_20H100464_012126_050000.bin,Pine Island,GTMNERR,0,45.195,0,29.09,0,3.687,0,98.8,0,9.28,0,64.6,21.71,7.91,0,-78.1,5.36,9.938,0,4.23,0,1.195,1.28,0,4.87
2/2/2026,21:30, ,gtmpiwq_20H100464_012126_050000.bin,Pine Island,GTMNERR,0,45.371,0,29.21,0,3.736,0,98.6,0,9.25,0,63.19,21.24,7.91,0,-78.4,5.37,9.944,0,4.23,0,1.193,1.32,0,5.04
2/2/2026,21:45, ,gtmpiwq_20H100464_012126_050000.bin,Pine Island,GTMNERR,0,45.461,0,29.28,0,3.781,0,98.6,0,9.24,0,62.7,21.08,7.91,0,-78.5,5.36,9.953,0,4.62,0,1.193,1.33,0,5.08
2/2/2026,22:00, ,gtmpiwq_20H100464_012126_050000.bin,Pine Island,GTMNERR,0,45.646,0,29.41,0,3.816,0,98.5,0,9.22,0,61.45,20.66,7.91,0,-78.6,5.37,9.977,0,4.15,0,1.189,1.34,0,5.09
2/2/2026,22:15, ,gtmpiwq_20H100464_012126_050000.bin,Pine Island,GTMNERR,0,45.962,0,29.64,0,3.842,0,98.6,0,9.21,0,59.35,19.96,7.92,0,-79.1,5.38,10.006,0,4.23,0,1.187,1.33,0,5.07
2/2/2026,22:30, ,gtmpiwq_20H100464_012126_050000.bin,Pine Island,GTMNERR,0,46.122,0,29.75,0,3.862,0,98.5,0,9.19,0,58.65,19.72,7.92,0,-79.1,5.36,10.018,0,4.81,0,1.185,1.31,0,4.98
2/2/2026,22:45, ,gtmpiwq_20H100464_012126_050000.bin,Pine Island,GTMNERR,0,46.286,0,29.87,0,3.869,0,98.3,0,9.17,0,57.17,19.23,7.93,0,-79.4,5.37,10.018,0,2.77,0,1.19,1.32,0,5.02
2/2/2026,23:00, ,gtmpiwq_20H100464_012126_050000.bin,Pine Island,GTMNERR,0,46.411,0,29.96,0,3.861,0,97.7,0,9.1,0,55.89,18.8,7.93,0,-79.5,5.36,10.033,0,2.39,0,1.19,1.07,0,4.01
2/2/2026,23:15, ,gtmpiwq_20H100464_012126_050000.bin,Pine Island,GTMNERR,0,46.41,0,29.96,0,3.829,0,96.5,0,8.99,0,54,18.17,7.93,0,-79.3,5.37,10.03,0,2.3,0,1.19,1.57,0,6.04
2/2/2026,23:30, ,gtmpiwq_20H100464_012126_050000.bin,Pine Island,GTMNERR,0,46.258,0,29.85,0,3.781,0,98.1,0,9.15,0,56.6,19.04,7.93,0,-79.3,5.37,10.019,0,2.41,0,1.187,1.26,0,4.78
2/2/2026,23:45, ,gtmpiwq_20H100464_012126_050000.bin,Pine Island,GTMNERR,0,45.923,0,29.61,0,3.723,0,98.1,0,9.16,0,59.8,20.11,7.92,0,-78.9,5.36,9.99,0,3.39,0,1.188,1.37,0,5.22
2/3/2026,0:00, ,gtmpiwq_20H100464_012126_050000.bin,Pine Island,GTMNERR,0,45.509,0,29.31,0,3.656,0,98.1,0,9.2,0,62.28,20.94,7.91,0,-78.5,5.37,9.891,0,4.18,0,1.191,1.29,0,4.89
2/3/2026,0:15, ,gtmpiwq_20H100464_012126_050000.bin,Pine Island,GTMNERR,0,44.92,0,28.89,0,3.583,0,97.9,0,9.22,0,66.49,22.34,7.9,0,-77.9,5.36,9.837,0,4.03,0,1.193,1.28,0,4.87
2/3/2026,0:30, ,gtmpiwq_20H100464_012126_050000.bin,Pine Island,GTMNERR,0,44.633,0,28.68,0,3.511,0,98.1,0,9.25,0,68.14,22.89,7.9,0,-77.6,5.36,9.818,0,3.64,0,1.191,1.28,0,4.88
2/3/2026,0:45, ,gtmpiwq_20H100464_012126_050000.bin,Pine Island,GTMNERR,0,44.229,0,28.39,0,3.437,0,98,0,9.28,0,70.81,23.78,7.89,0,-77.3,5.37,9.728,0,3.43,0,1.192,1.23,0,4.68
2/3/2026,1:00, ,gtmpiwq_20H100464_012126_050000.bin,Pine Island,GTMNERR,0,44.089,0,28.29,0,3.351,0,97.9,0,9.28,0,71.5,24.01,7.89,0,-77,5.36,9.717,0,4.49,0,1.19,1.3,0,4.93
2/3/2026,1:15, ,gtmpiwq_20H100464_012126_050000.bin,Pine Island,GTMNERR,0,43.711,0,28.02,0,3.274,0,97.8,0,9.3,0,73.72,24.75,7.88,0,-76.7,5.37,9.685,0,4.83,0,1.188,1.32,0,5.03
2/3/2026,1:30, ,gtmpiwq_20H100464_012126_050000.bin,Pine Island,GTMNERR,0,43.461,0,27.84,0,3.177,0,97.7,0,9.3,0,75.18,25.24,7.88,0,-76.5,5.36,9.664,0,5.03,0,1.185,1.3,0,4.95
2/3/2026,1:45, ,gtmpiwq_20H100464_012126_050000.bin,Pine Island,GTMNERR,0,43.139,0,27.61,0,3.078,0,97.5,0,9.31,0,77.46,26,7.87,0,-76.1,5.36,9.602,0,4.23,0,1.192,1.33,0,5.05
2/3/2026,2:00, ,gtmpiwq_20H100464_012126_050000.bin,Pine Island,GTMNERR,0,42.928,0,27.46,0,2.976,0,97.8,0,9.34,0,78.6,26.38,7.87,0,-76,5.37,9.596,0,4.17,0,1.201,1.31,0,4.97
2/3/2026,2:15, ,gtmpiwq_20H100464_012126_050000.bin,Pine Island,GTMNERR,0,42.631,0,27.25,0,2.858,0,97.6,0,9.35,0,80.14,26.89,7.86,0,-75.7,5.36,9.549,0,4.21,0,1.201,1.27,0,4.84
2/3/2026,2:30, ,gtmpiwq_20H100464_012126_050000.bin,Pine Island,GTMNERR,0,42.303,0,27.01,0,2.743,0,97.7,0,9.38,0,82.25,27.6,7.86,0,-75.3,5.37,9.479,0,4.66,0,1.184,1.29,0,4.89
2/3/2026,2:45, ,gtmpiwq_20H100464_012126_050000.bin,Pine Island,GTMNERR,0,41.988,0,26.79,0,2.63,0,97.5,0,9.4,0,84.04,28.2,7.85,0,-75.1,5.36,9.401,0,4.8,0,1.189,1.27,0,4.83
2/3/2026,3:00, ,gtmpiwq_20H100464_012126_050000.bin,Pine Island,GTMNERR,0,41.74,0,26.61,0,2.502,0,97.3,0,9.41,0,85.46,28.67,7.85,0,-74.9,5.36,9.31,0,4.76,0,1.201,1.32,0,5.02
2/3/2026,3:15, ,gtmpiwq_20H100464_012126_050000.bin,Pine Island,GTMNERR,0,41.509,0,26.44,0,2.39,0,96.8,0,9.38,0,86.77,29.11,7.84,0,-74.3,5.37,9.253,0,4.19,0,1.184,1.3,0,4.93
2/3/2026,3:30, ,gtmpiwq_20H100464_012126_050000.bin,Pine Island,GTMNERR,0,41.279,0,26.28,0,2.29,0,96.8,0,9.4,0,88.01,29.52,7.84,0,-74.3,5.35,9.241,0,4.18,0,1.192,1.34,0,5.1
2/3/2026,3:45, ,gtmpiwq_20H100464_012126_050000.bin,Pine Island,GTMNERR,0,40.851,0,25.98,0,2.194,0,96.5,0,9.4,0,89.2,29.92,7.84,0,-74,5.36,9.191,0,4.33,0,1.194,1.28,0,4.88
2/3/2026,4:00, ,gtmpiwq_20H100464_012126_050000.bin,Pine Island,GTMNERR,0,40.838,0,25.96,0,2.116,0,96.1,0,9.37,0,89.64,30.06,7.83,0,-73.7,5.35,9.121,0,6.52,0,1.185,1.43,0,5.45
2/3/2026,4:15, ,gtmpiwq_20H100464_012126_050000.bin,Pine Island,GTMNERR,0,40.745,0,25.9,0,2.061,0,95.2,0,9.3,0,90.34,30.3,7.83,0,-73.5,5.36,9.087,0,6.4,0,1.199,1.37,0,5.23
2/3/2026,4:30, ,gtmpiwq_20H100464_012126_050000.bin,Pine Island,GTMNERR,0,40.73,0,25.88,0,2.045,0,96.1,0,9.39,0,90.35,30.3,7.83,0,-73.4,5.36,9.053,0,7.25,0,1.195,1.49,0,5.7
2/3/2026,4:45, ,gtmpiwq_20H100464_012126_050000.bin,Pine Island,GTMNERR,0,40.691,0,25.86,0,2.088,0,95.4,0,9.33,0,89.63,30.06,7.82,0,-73.2,5.35,9.031,0,5.17,0,1.197,1.25,0,4.73
2/3/2026,5:00, ,gtmpiwq_20H100464_012126_050000.bin,Pine Island,GTMNERR,0,40.823,0,25.95,0,2.184,0,95.8,0,9.37,0,90.53,30.36,7.82,0,-73.1,5.36,8.998,0,5.82,0,1.184,1.27,0,4.81
2/3/2026,5:15, ,gtmpiwq_20H100464_012126_050000.bin,Pine Island,GTMNERR,0,41.343,0,26.31,0,2.29,0,95.8,0,9.33,0,87.78,29.44,7.83,0,-73.7,5.35,9.072,0,5.3,0,1.184,1.28,0,4.87
2/3/2026,5:30, ,gtmpiwq_20H100464_012126_050000.bin,Pine Island,GTMNERR,0,41.422,0,26.37,0,2.405,0,95.9,0,9.34,0,87.29,29.28,7.83,0,-73.8,5.35,9.07,0,5.64,0,1.194,1.28,0,4.86
2/3/2026,5:45, ,gtmpiwq_20H100464_012126_050000.bin,Pine Island,GTMNERR,0,41.659,0,26.54,0,2.519,0,95.8,0,9.32,0,86.35,28.96,7.83,0,-73.8,5.36,9.065,0,5.19,0,1.195,1.23,0,4.66
2/3/2026,6:00, ,gtmpiwq_20H100464_012126_050000.bin,Pine Island,GTMNERR,0,41.849,0,26.67,0,2.624,0,96.2,0,9.33,0,85.22,28.59,7.84,0,-74.2,5.35,9.139,0,4.91,0,1.199,1.22,0,4.62
2/3/2026,6:15, ,gtmpiwq_20H100464_012126_050000.bin,Pine Island,GTMNERR,0,42.144,0,26.88,0,2.736,0,95.9,0,9.3,0,83.51,28.02,7.84,0,-74.3,5.36,9.121,0,5.79,0,1.192,1.22,0,4.63
2/3/2026,6:30, ,gtmpiwq_20H100464_012126_050000.bin,Pine Island,GTMNERR,0,42.56,0,27.17,0,2.835,0,95.7,0,9.26,0,81.41,27.32,7.84,0,-74.5,5.35,9.117,0,5.04,0,1.184,1.22,0,4.64
2/3/2026,6:45, ,gtmpiwq_20H100464_012126_050000.bin,Pine Island,GTMNERR,0,42.783,0,27.33,0,2.937,0,95.9,0,9.26,0,79.85,26.8,7.85,0,-74.8,5.35,9.183,0,5.79,0,1.184,1.23,0,4.68
2/3/2026,7:00, ,gtmpiwq_20H100464_012126_050000.bin,Pine Island,GTMNERR,0,43.099,0,27.56,0,3.025,0,95.7,0,9.22,0,78.46,26.33,7.85,0,-74.8,5.36,9.165,0,5.16,0,1.198,1.19,0,4.5
2/3/2026,7:15, ,gtmpiwq_20H100464_012126_050000.bin,Pine Island,GTMNERR,0,43.292,0,27.69,0,3.112,0,95.8,0,9.22,0,77.15,25.9,7.86,0,-75.2,5.35,9.21,0,5.12,0,1.199,1.24,0,4.69
2/3/2026,7:30, ,gtmpiwq_20H100464_012126_050000.bin,Pine Island,GTMNERR,0,43.656,0,27.95,0,3.19,0,95.7,0,9.19,0,75,25.18,7.86,0,-75.5,5.36,9.234,0,4.9,0,1.193,1.17,0,4.44
2/3/2026,7:45, ,gtmpiwq_20H100464_012126_050000.bin,Pine Island,GTMNERR,0,43.815,0,28.07,0,3.271,0,95.8,0,9.18,0,73.93,24.82,7.87,0,-75.8,5.35,9.273,0,5.6,0,1.189,1.17,0,4.43
2/3/2026,8:00, ,gtmpiwq_20H100464_012126_050000.bin,Pine Island,GTMNERR,0,44.032,0,28.22,0,3.348,0,95.8,0,9.17,0,72.79,24.44,7.87,0,-75.9,5.35,9.287,0,4.08,0,1.184,1.18,0,4.46
2/3/2026,8:15, ,gtmpiwq_20H100464_012126_050000.bin,Pine Island,GTMNERR,0,44.236,0,28.37,0,3.418,0,95.8,0,9.17,0,71.45,24,7.87,0,-76.2,5.36,9.29,0,4.75,0,1.187,1.09,0,4.1
2/3/2026,8:30, ,gtmpiwq_20H100464_012126_050000.bin,Pine Island,GTMNERR,0,44.505,0,28.56,0,3.496,0,95.8,0,9.15,0,69.88,23.47,7.88,0,-76.6,5.35,9.3,0,4.21,0,1.194,1.1,0,4.14
2/3/2026,8:45, ,gtmpiwq_20H100464_012126_050000.bin,Pine Island,GTMNERR,0,44.98,0,28.9,0,3.563,0,95.8,0,9.12,0,66.77,22.43,7.89,0,-77,5.36,9.35,0,4.56,0,1.185,1.12,0,4.24
2/3/2026,9:00, ,gtmpiwq_20H100464_012126_050000.bin,Pine Island,GTMNERR,0,45.246,0,29.09,0,3.627,0,95.8,0,9.1,0,65.05,21.86,7.89,0,-77.2,5.35,9.379,0,4.01,0,1.194,1.11,0,4.18
2/3/2026,9:15, ,gtmpiwq_20H100464_012126_050000.bin,Pine Island,GTMNERR,0,45.389,0,29.19,0,3.687,0,95.8,0,9.09,0,64.2,21.58,7.89,0,-77.4,5.35,9.399,0,3.97,0,1.187,1.14,0,4.31
2/3/2026,9:30, ,gtmpiwq_20H100464_012126_050000.bin,Pine Island,GTMNERR,0,45.549,0,29.31,0,3.745,0,95.8,0,9.08,0,62.77,21.1,7.9,0,-77.6,5.36,9.413,0,4.33,0,1.185,1.11,0,4.19
2/3/2026,9:45, ,gtmpiwq_20H100464_012126_050000.bin,Pine Island,GTMNERR,0,45.671,0,29.4,0,3.801,0,95.8,0,9.08,0,62.09,20.87,7.9,0,-77.8,5.35,9.435,0,4.9,0,1.19,1.14,0,4.3
2/3/2026,10:00, ,gtmpiwq_20H100464_012126_050000.bin,Pine Island,GTMNERR,0,45.994,0,29.63,0,3.844,0,96,0,9.07,0,59.93,20.15,7.91,0,-78.2,5.36,9.499,0,5.81,0,1.198,1.05,0,3.92
2/3/2026,10:15, ,gtmpiwq_20H100464_012126_050000.bin,Pine Island,GTMNERR,0,46.256,0,29.82,0,3.884,0,96.1,0,9.06,0,58.27,19.6,7.91,0,-78.6,5.35,9.545,0,4.27,0,1.193,1.08,0,4.07
2/3/2026,10:30, ,gtmpiwq_20H100464_012126_050000.bin,Pine Island,GTMNERR,0,46.624,0,30.09,0,3.913,0,96.2,0,9.04,0,55.72,18.75,7.92,0,-79.1,5.35,9.615,0,3.69,0,1.189,1.13,0,4.26
2/3/2026,10:45, ,gtmpiwq_20H100464_012126_050000.bin,Pine Island,GTMNERR,0,46.88,0,30.27,0,3.938,0,96.3,0,9.02,0,53.74,18.09,7.93,0,-79.5,5.36,9.676,0,3.41,0,1.19,1.05,0,3.94
2/3/2026,11:00, ,gtmpiwq_20H100464_012126_050000.bin,Pine Island,GTMNERR,0,47.235,0,30.53,0,3.956,0,96.7,0,9.03,0,51.43,17.32,7.94,0,-80,5.35,9.75,0,3.26,0,1.191,1.11,0,4.17
2/3/2026,11:15, ,gtmpiwq_20H100464_012126_050000.bin,Pine Island,GTMNERR,0,47.315,0,30.59,0,3.961,0,96.4,0,9,0,50.04,16.85,7.94,0,-80.1,5.36,9.773,0,3.04,0,1.19,1.11,0,4.17
2/3/2026,11:30, ,gtmpiwq_20H100464_012126_050000.bin,Pine Island,GTMNERR,0,47.506,0,30.73,0,3.951,0,96.3,0,8.97,0,48.84,16.45,7.94,0,-80.2,5.35,9.824,0,2.61,0,1.188,1.38,0,5.27
2/3/2026,11:45, ,gtmpiwq_20H100464_012126_050000.bin,Pine Island,GTMNERR,0,47.556,0,30.77,0,3.927,0,95.7,0,8.91,0,48.07,16.19,7.94,0,-80.2,5.35,9.837,0,2.22,0,1.186,0.88,0,3.26
2/3/2026,12:00, ,gtmpiwq_20H100464_012126_050000.bin,Pine Island,GTMNERR,0,47.518,0,30.74,0,3.878,0,97,0,9.03,0,48.59,16.37,7.95,0,-80.4,5.36,9.832,0,3.3,0,1.189,1.14,0,4.29
2/3/2026,12:15, ,gtmpiwq_20H100464_012126_050000.bin,Pine Island,GTMNERR,0,47.364,0,30.63,0,3.828,0,97,0,9.04,0,49.95,16.82,7.94,0,-80.3,5.35,9.814,0,2.59,0,1.194,1.12,0,4.2
2/3/2026,12:30, ,gtmpiwq_20H100464_012126_050000.bin,Pine Island,GTMNERR,0,47.024,0,30.38,0,3.765,0,96.9,0,9.05,0,52.71,17.74,7.93,0,-79.8,5.36,9.764,0,3.23,0,1.187,1.11,0,4.19
2/3/2026,12:45, ,gtmpiwq_20H100464_012126_050000.bin,Pine Island,GTMNERR,0,46.516,0,30.02,0,3.701,0,96.8,0,9.08,0,55.99,18.84,7.92,0,-79.2,5.35,9.717,0,4.01,0,1.197,1.18,0,4.45
2/3/2026,13:00, ,gtmpiwq_20H100464_012126_050000.bin,Pine Island,GTMNERR,0,45.842,0,29.53,0,3.632,0,97,0,9.13,0,60.66,20.4,7.91,0,-78.4,5.35,9.696,0,4.69,0,1.188,1.16,0,4.37
2/3/2026,13:15, ,gtmpiwq_20H100464_012126_050000.bin,Pine Island,GTMNERR,0,45.319,0,29.16,0,3.558,0,97,0,9.15,0,63.7,21.41,7.9,0,-77.9,5.36,9.673,0,4.12,0,1.186,1.2,0,4.53
2/3/2026,13:30, ,gtmpiwq_20H100464_012126_050000.bin,Pine Island,GTMNERR,0,44.793,0,28.79,0,3.475,0,97.3,0,9.2,0,66.92,22.48,7.89,0,-77.2,5.34,9.687,0,3.75,0,1.192,1.15,0,4.34
2/3/2026,13:45, ,gtmpiwq_20H100464_012126_050000.bin,Pine Island,GTMNERR,0,44.414,0,28.53,0,3.387,0,98,0,9.25,0,68.63,23.05,7.88,0,-76.8,5.36,9.836,0,3.84,0,1.192,1.11,0,4.16
2/3/2026,14:00, ,gtmpiwq_20H100464_012126_050000.bin,Pine Island,GTMNERR,0,44.372,0,28.49,0,3.298,0,97.6,0,9.24,0,69.41,23.32,7.88,0,-76.9,5.34,9.731,0,4.41,0,1.194,1.13,0,4.27
2/3/2026,14:15, ,gtmpiwq_20H100464_012126_050000.bin,Pine Island,GTMNERR,0,44.14,0,28.33,0,3.207,0,97.7,0,9.25,0,70.77,23.77,7.88,0,-76.5,5.35,9.729,0,4.81,0,1.194,1.22,0,4.64
2/3/2026,14:30, ,gtmpiwq_20H100464_012126_050000.bin,Pine Island,GTMNERR,0,43.788,0,28.08,0,3.111,0,97.9,0,9.29,0,72.78,24.44,7.87,0,-76.2,5.36,9.757,0,4.73,0,1.194,1.18,0,4.45
2/3/2026,14:45, ,gtmpiwq_20H100464_012126_050000.bin,Pine Island,GTMNERR,0,43.484,0,27.86,0,3.005,0,98.3,0,9.33,0,74.29,24.94,7.87,0,-75.8,5.34,9.783,0,4.12,0,1.196,1.23,0,4.65
2/3/2026,15:00, ,gtmpiwq_20H100464_012126_050000.bin,Pine Island,GTMNERR,0,43.185,0,27.65,0,2.897,0,98.1,0,9.32,0,75.85,25.46,7.86,0,-75.6,5.36,9.821,0,5.07,0,1.194,1.22,0,4.62
2/3/2026,15:15, ,gtmpiwq_20H100464_012126_050000.bin,Pine Island,GTMNERR,0,42.886,0,27.45,0,2.789,0,98.6,0,9.37,0,77.81,26.12,7.86,0,-75.4,5.34,9.864,0,4.72,0,1.192,1.2,0,4.56
2/3/2026,15:30, ,gtmpiwq_20H100464_012126_050000.bin,Pine Island,GTMNERR,0,42.639,0,27.27,0,2.675,0,99,0,9.4,0,79.06,26.53,7.85,0,-75,5.35,9.942,0,4.68,0,1.197,1.28,0,4.85
2/3/2026,15:45, ,gtmpiwq_20H100464_012126_050000.bin,Pine Island,GTMNERR,0,42.416,0,27.13,0,2.561,0,99.6,0,9.43,0,79.85,26.8,7.85,0,-74.9,5.36,10.096,0,4.83,0,1.197,1.21,0,4.59
2/3/2026,16:00, ,gtmpiwq_20H100464_012126_050000.bin,Pine Island,GTMNERR,0,42.202,0,26.98,0,2.453,0,100.2,0,9.47,0,81.03,27.19,7.84,0,-74.7,5.34,10.228,0,4.73,0,1.192,1.21,0,4.57
2/3/2026,16:15, ,gtmpiwq_20H100464_012126_050000.bin,Pine Island,GTMNERR,0,42.019,0,26.86,0,2.362,0,100.7,0,9.52,0,82.05,27.53,7.84,0,-74.6,5.35,10.291,0,4.48,0,1.192,1.22,0,4.62
2/3/2026,16:30, ,gtmpiwq_20H100464_012126_050000.bin,Pine Island,GTMNERR,0,41.9,0,26.78,0,2.277,0,100.9,0,9.53,0,82.55,27.7,7.84,0,-74.6,5.35,10.365,0,4.53,0,1.19,1.21,0,4.6
2/3/2026,16:45, ,gtmpiwq_20H100464_012126_050000.bin,Pine Island,GTMNERR,0,41.787,0,26.7,0,2.216,0,101.6,0,9.57,0,82.9,27.81,7.84,0,-74.5,5.35,10.441,0,4.39,0,1.19,1.24,0,4.72
2/3/2026,17:00, ,gtmpiwq_20H100464_012126_050000.bin,Pine Island,GTMNERR,0,41.688,0,26.63,0,2.182,0,102.1,0,9.61,0,83.28,27.94,7.84,0,-74.4,5.36,10.5,0,4.12,0,1.189,1.33,0,5.07
2/3/2026,17:15, ,gtmpiwq_20H100464_012126_050000.bin,Pine Island,GTMNERR,0,41.678,0,26.63,0,2.194,0,101.9,0,9.59,0,83.5,28.02,7.84,0,-74.4,5.34,10.534,0,3.95,0,1.189,1.31,0,5
2/3/2026,17:30, ,gtmpiwq_20H100464_012126_050000.bin,Pine Island,GTMNERR,0,41.644,0,26.6,0,2.259,0,101.8,0,9.58,0,83.7,28.08,7.84,0,-74.2,5.35,10.539,0,4.07,0,1.192,1.38,0,5.27
2/3/2026,17:45, ,gtmpiwq_20H100464_012126_050000.bin,Pine Island,GTMNERR,0,42.083,0,26.91,0,2.353,0,102.3,0,9.6,0,81.35,27.3,7.84,0,-74.7,5.35,10.576,0,4.86,0,1.189,1.24,0,4.69
2/3/2026,18:00, ,gtmpiwq_20H100464_012126_050000.bin,Pine Island,GTMNERR,0,42.051,0,26.89,0,2.455,0,101.8,0,9.57,0,81.66,27.4,7.84,0,-74.4,5.35,10.5,0,5.02,0,1.189,1.26,0,4.79
2/3/2026,18:15, ,gtmpiwq_20H100464_012126_050000.bin,Pine Island,GTMNERR,0,42.301,0,27.06,0,2.557,0,101.7,0,9.56,0,80.55,27.03,7.85,0,-74.8,5.36,10.434,0,4.62,0,1.188,1.3,0,4.93
2/3/2026,18:30, ,gtmpiwq_20H100464_012126_050000.bin,Pine Island,GTMNERR,0,42.446,0,27.16,0,2.656,0,101.4,0,9.53,0,79.6,26.71,7.84,0,-74.6,5.34,10.435,0,5.02,0,1.186,1.29,0,4.9
2/3/2026,18:45, ,gtmpiwq_20H100464_012126_050000.bin,Pine Island,GTMNERR,0,42.625,0,27.28,0,2.74,0,100.8,0,9.5,0,79.06,26.53,7.85,0,-75,5.35,10.288,0,4.6,0,1.193,1.35,0,5.13
2/3/2026,19:00, ,gtmpiwq_20H100464_012126_050000.bin,Pine Island,GTMNERR,0,43.063,0,27.6,0,2.824,0,101.1,0,9.49,0,76.23,25.59,7.86,0,-75.4,5.34,10.373,0,4.98,0,1.196,1.3,0,4.96
2/3/2026,19:15, ,gtmpiwq_20H100464_012126_050000.bin,Pine Island,GTMNERR,0,43.26,0,27.74,0,2.908,0,100.9,0,9.47,0,75.4,25.31,7.86,0,-75.5,5.35,10.35,0,4.33,0,1.189,1.31,0,4.98
2/3/2026,19:30, ,gtmpiwq_20H100464_012126_050000.bin,Pine Island,GTMNERR,0,43.451,0,27.87,0,2.987,0,100.9,0,9.45,0,74.15,24.9,7.86,0,-75.6,5.36,10.369,0,5.12,0,1.195,1.31,0,4.99
2/3/2026,19:45, ,gtmpiwq_20H100464_012126_050000.bin,Pine Island,GTMNERR,0,43.664,0,28.02,0,3.059,0,100.8,0,9.43,0,73.17,24.57,7.86,0,-75.7,5.34,10.398,0,4.43,0,1.186,1.29,0,4.89
2/3/2026,20:00, ,gtmpiwq_20H100464_012126_050000.bin,Pine Island,GTMNERR,0,43.869,0,28.17,0,3.125,0,100.6,0,9.41,0,71.92,24.15,7.87,0,-76,5.35,10.367,0,3.77,0,1.189,1.35,0,5.14
2/3/2026,20:15, ,gtmpiwq_20H100464_012126_050000.bin,Pine Island,GTMNERR,0,44.026,0,28.28,0,3.192,0,100.4,0,9.39,0,71.21,23.91,7.87,0,-76.2,5.34,10.298,0,4.35,0,1.202,1.25,0,4.75
2/3/2026,20:30, ,gtmpiwq_20H100464_012126_050000.bin,Pine Island,GTMNERR,0,44.276,0,28.46,0,3.254,0,100.3,0,9.37,0,69.45,23.33,7.87,0,-76.3,5.35,10.358,0,4.24,0,1.188,1.34,0,5.1
2/3/2026,20:45, ,gtmpiwq_20H100464_012126_050000.bin,Pine Island,GTMNERR,0,44.407,0,28.55,0,3.32,0,100.4,0,9.37,0,68.72,23.08,7.88,0,-76.5,5.36,10.373,0,4.03,0,1.191,1.3,0,4.95
2/3/2026,21:00, ,gtmpiwq_20H100464_012126_050000.bin,Pine Island,GTMNERR,0,44.599,0,28.69,0,3.383,0,100.5,0,9.36,0,67.47,22.67,7.88,0,-76.8,5.34,10.398,0,3.9,0,1.193,1.28,0,4.86
2/3/2026,21:15, ,gtmpiwq_20H100464_012126_050000.bin,Pine Island,GTMNERR,0,44.773,0,28.81,0,3.451,0,100.4,0,9.35,0,66.4,22.31,7.89,0,-77.1,5.35,10.395,0,3.97,0,1.186,1.26,0,4.78
2/3/2026,21:30, ,gtmpiwq_20H100464_012126_050000.bin,Pine Island,GTMNERR,0,45.048,0,29.01,0,3.516,0,100.4,0,9.33,0,64.76,21.76,7.89,0,-77.2,5.34,10.417,0,3.8,0,1.191,1.22,0,4.62
2/3/2026,21:45, ,gtmpiwq_20H100464_012126_050000.bin,Pine Island,GTMNERR,0,45.434,0,29.29,0,3.574,0,100.3,0,9.3,0,62.27,20.93,7.9,0,-77.8,5.35,10.455,0,3.91,0,1.194,1.29,0,4.92
2/3/2026,22:00, ,gtmpiwq_20H100464_012126_050000.bin,Pine Island,GTMNERR,0,45.623,0,29.42,0,3.633,0,100.3,0,9.28,0,61.12,20.55,7.9,0,-77.9,5.35,10.466,0,3.73,0,1.192,1.21,0,4.57
2/3/2026,22:15, ,gtmpiwq_20H100464_012126_050000.bin,Pine Island,GTMNERR,0,45.764,0,29.52,0,3.681,0,100.1,0,9.26,0,59.97,20.17,7.9,0,-77.9,5.34,10.484,0,3.56,0,1.198,1.27,0,4.83
2/3/2026,22:30, ,gtmpiwq_20H100464_012126_050000.bin,Pine Island,GTMNERR,0,45.915,0,29.63,0,3.729,0,100.1,0,9.25,0,59.15,19.89,7.9,0,-78.2,5.35,10.5,0,3.79,0,1.19,1.24,0,4.71
2/3/2026,22:45, ,gtmpiwq_20H100464_012126_050000.bin,Pine Island,GTMNERR,0,46.064,0,29.74,0,3.768,0,100.1,0,9.24,0,58.02,19.51,7.91,0,-78.4,5.34,10.524,0,4.04,0,1.192,1.18,0,4.45
2/3/2026,23:00, ,gtmpiwq_20H100464_012126_050000.bin,Pine Island,GTMNERR,0,46.22,0,29.85,0,3.799,0,100.1,0,9.23,0,57.12,19.21,7.91,0,-78.4,5.34,10.548,0,4.17,0,1.197,1.21,0,4.59
2/3/2026,23:15, ,gtmpiwq_20H100464_012126_050000.bin,Pine Island,GTMNERR,0,46.505,0,30.06,0,3.819,0,100,0,9.2,0,55.15,18.56,7.92,0,-78.9,5.35,10.554,0,3.28,0,1.186,1.22,0,4.63
2/3/2026,23:30, ,gtmpiwq_20H100464_012126_050000.bin,Pine Island,GTMNERR,0,46.783,0,30.26,0,3.833,0,100,0,9.18,0,53.37,17.96,7.92,0,-79.1,5.34,10.575,0,3.18,0,1.195,1.18,0,4.46
2/3/2026,23:45, ,gtmpiwq_20H100464_012126_050000.bin,Pine Island,GTMNERR,0,46.859,0,30.31,0,3.83,0,99.4,0,9.13,0,51.77,17.43,7.92,0,-79.2,5.35,10.587,0,2.32,0,1.188,1.37,0,5.24
2/4/2026,0:00, ,gtmpiwq_20H100464_012126_050000.bin,Pine Island,GTMNERR,0,46.829,0,30.29,0,3.805,0,97.8,0,8.98,0,51.61,17.37,7.92,0,-78.9,5.34,10.581,0,2.27,0,1.19,1.34,0,5.1
2/4/2026,0:15, ,gtmpiwq_20H100464_012126_050000.bin,Pine Island,GTMNERR,0,46.695,0,30.2,0,3.756,0,99.2,0,9.12,0,53.38,17.96,7.92,0,-78.9,5.34,10.574,0,2.43,0,1.195,1.25,0,4.73
2/4/2026,0:30, ,gtmpiwq_20H100464_012126_050000.bin,Pine Island,GTMNERR,0,46.447,0,30.02,0,3.692,0,99.4,0,9.15,0,55.35,18.62,7.92,0,-78.8,5.35,10.546,0,3.36,0,1.188,1.26,0,4.77
2/4/2026,0:45, ,gtmpiwq_20H100464_012126_050000.bin,Pine Island,GTMNERR,0,46.117,0,29.78,0,3.62,0,99.5,0,9.18,0,57.54,19.35,7.91,0,-78.4,5.34,10.49,0,4.2,0,1.192,1.28,0,4.85
2/4/2026,1:00, ,gtmpiwq_20H100464_012126_050000.bin,Pine Island,GTMNERR,0,45.63,0,29.43,0,3.549,0,99.3,0,9.2,0,60.77,20.43,7.9,0,-77.8,5.35,10.443,0,3.77,0,1.197,1.32,0,5.02
2/4/2026,1:15, ,gtmpiwq_20H100464_012126_050000.bin,Pine Island,GTMNERR,0,45.085,0,29.04,0,3.483,0,99.5,0,9.25,0,64.49,21.67,7.89,0,-77.3,5.34,10.399,0,3.41,0,1.186,1.26,0,4.79
2/4/2026,1:30, ,gtmpiwq_20H100464_012126_050000.bin,Pine Island,GTMNERR,0,44.805,0,28.83,0,3.408,0,99.4,0,9.27,0,66.14,22.22,7.89,0,-77.1,5.34,10.335,0,3.47,0,1.191,1.25,0,4.76
2/4/2026,1:45, ,gtmpiwq_20H100464_012126_050000.bin,Pine Island,GTMNERR,0,44.822,0,28.85,0,3.325,0,99.4,0,9.26,0,66.22,22.25,7.88,0,-77,5.35,10.371,0,3.9,0,1.199,1.22,0,4.64
2/4/2026,2:00, ,gtmpiwq_20H100464_012126_050000.bin,Pine Island,GTMNERR,0,44.401,0,28.54,0,3.246,0,99.4,0,9.28,0,68.72,23.09,7.87,0,-76.5,5.34,10.323,0,4.29,0,1.192,1.22,0,4.62
2/4/2026,2:15, ,gtmpiwq_20H100464_012126_050000.bin,Pine Island,GTMNERR,0,44.121,0,28.34,0,3.154,0,99.3,0,9.29,0,70.45,23.66,7.87,0,-76.2,5.35,10.301,0,4.41,0,1.185,1.28,0,4.88
2/4/2026,2:30, ,gtmpiwq_20H100464_012126_050000.bin,Pine Island,GTMNERR,0,43.901,0,28.19,0,3.055,0,99.4,0,9.32,0,71.88,24.14,7.87,0,-75.9,5.33,10.275,0,3.9,0,1.184,1.29,0,4.91
2/4/2026,2:45, ,gtmpiwq_20H100464_012126_050000.bin,Pine Island,GTMNERR,0,43.734,0,28.07,0,2.959,0,99.2,0,9.3,0,72.88,24.47,7.86,0,-75.8,5.34,10.269,0,3.84,0,1.201,1.28,0,4.86
2/4/2026,3:00, ,gtmpiwq_20H100464_012126_050000.bin,Pine Island,GTMNERR,0,43.52,0,27.91,0,2.852,0,99.3,0,9.32,0,74.17,24.9,7.86,0,-75.6,5.35,10.248,0,4.22,0,1.194,1.24,0,4.7
2/4/2026,3:15, ,gtmpiwq_20H100464_012126_050000.bin,Pine Island,GTMNERR,0,43.21,0,27.69,0,2.738,0,99.1,0,9.33,0,75.95,25.5,7.85,0,-75.1,5.33,10.232,0,4.44,0,1.189,1.17,0,4.44
2/4/2026,3:30, ,gtmpiwq_20H100464_012126_050000.bin,Pine Island,GTMNERR,0,42.923,0,27.49,0,2.629,0,98.9,0,9.32,0,77.47,26,7.84,0,-74.7,5.34,10.199,0,5.3,0,1.191,1.29,0,4.92
2/4/2026,3:45, ,gtmpiwq_20H100464_012126_050000.bin,Pine Island,GTMNERR,0,42.663,0,27.3,0,2.514,0,98.5,0,9.31,0,78.74,26.43,7.84,0,-74.3,5.33,10.13,0,5.4,0,1.198,1.24,0,4.7
2/4/2026,4:00, ,gtmpiwq_20H100464_012126_050000.bin,Pine Island,GTMNERR,0,42.507,0,27.19,0,2.408,0,98.3,0,9.3,0,79.93,26.82,7.83,0,-74.1,5.34,10.106,0,5.25,0,1.188,1.18,0,4.45
2/4/2026,4:15, ,gtmpiwq_20H100464_012126_050000.bin,Pine Island,GTMNERR,0,42.36,0,27.09,0,2.309,0,97.9,0,9.27,0,80.57,27.04,7.83,0,-73.9,5.35,10.088,0,4.73,0,1.191,1.24,0,4.69
2/4/2026,4:30, ,gtmpiwq_20H100464_012126_050000.bin,Pine Island,GTMNERR,0,42.203,0,26.97,0,2.22,0,97.9,0,9.29,0,81.64,27.4,7.83,0,-73.7,5.33,10.056,0,4.82,0,1.203,1.24,0,4.69
2/4/2026,4:45, ,gtmpiwq_20H100464_012126_050000.bin,Pine Island,GTMNERR,0,41.682,0,26.61,0,2.14,0,97.7,0,9.3,0,82.5,27.68,7.82,0,-73.5,5.34,10.048,0,4.89,0,1.185,1.19,0,4.51
2/4/2026,5:00, ,gtmpiwq_20H100464_012126_050000.bin,Pine Island,GTMNERR,0,41.793,0,26.68,0,2.075,0,97.3,0,9.26,0,83.27,27.94,7.82,0,-73.3,5.33,10.016,0,4.72,0,1.185,1.32,0,5.01
2/4/2026,5:15, ,gtmpiwq_20H100464_012126_050000.bin,Pine Island,GTMNERR,0,41.849,0,26.72,0,2.045,0,97.4,0,9.27,0,83.88,28.14,7.82,0,-73,5.33,10.003,0,4.22,0,1.203,1.36,0,5.19
2/4/2026,5:30, ,gtmpiwq_20H100464_012126_050000.bin,Pine Island,GTMNERR,0,41.85,0,26.72,0,2.061,0,97,0,9.23,0,83.66,28.07,7.81,0,-72.8,5.34,9.985,0,3.06,0,1.199,1.26,0,4.79
2/4/2026,5:45, ,gtmpiwq_20H100464_012126_050000.bin,Pine Island,GTMNERR,0,41.843,0,26.72,0,2.134,0,97.4,0,9.27,0,84.51,28.35,7.81,0,-72.9,5.33,9.994,0,3.92,0,1.192,1.18,0,4.47
2/4/2026,6:00, ,gtmpiwq_20H100464_012126_050000.bin,Pine Island,GTMNERR,0,42.328,0,27.06,0,2.229,0,96.7,0,9.19,0,81.68,27.41,7.82,0,-73,5.34,9.934,0,4.32,0,1.19,1.22,0,4.64
2/4/2026,6:15, ,gtmpiwq_20H100464_012126_050000.bin,Pine Island,GTMNERR,0,42.288,0,27.03,0,2.343,0,97.1,0,9.23,0,81.78,27.44,7.82,0,-73.1,5.33,9.96,0,5.07,0,1.188,1.26,0,4.78
2/4/2026,6:30, ,gtmpiwq_20H100464_012126_050000.bin,Pine Island,GTMNERR,0,42.496,0,27.17,0,2.457,0,97.1,0,9.22,0,80.56,27.04,7.82,0,-73.4,5.33,9.948,0,5.39,0,1.183,1.2,0,4.56
2/4/2026,6:45, ,gtmpiwq_20H100464_012126_050000.bin,Pine Island,GTMNERR,0,42.721,0,27.33,0,2.563,0,97.2,0,9.22,0,79.43,26.66,7.83,0,-73.7,5.34,9.953,0,4.51,0,1.2,1.17,0,4.41
2/4/2026,7:00, ,gtmpiwq_20H100464_012126_050000.bin,Pine Island,GTMNERR,0,42.84,0,27.42,0,2.667,0,97.5,0,9.24,0,78.79,26.44,7.83,0,-74,5.33,9.978,0,5.25,0,1.194,1.21,0,4.57
2/4/2026,7:15, ,gtmpiwq_20H100464_012126_050000.bin,Pine Island,GTMNERR,0,43.116,0,27.61,0,2.765,0,97,0,9.19,0,76.71,25.75,7.83,0,-74.1,5.34,9.935,0,6.95,0,1.192,1.26,0,4.78
2/4/2026,7:30, ,gtmpiwq_20H100464_012126_050000.bin,Pine Island,GTMNERR,0,43.467,0,27.86,0,2.858,0,97.1,0,9.18,0,75.34,25.29,7.84,0,-74.4,5.33,9.946,0,5.18,0,1.193,1.16,0,4.38
2/4/2026,7:45, ,gtmpiwq_20H100464_012126_050000.bin,Pine Island,GTMNERR,0,43.674,0,28.01,0,2.949,0,97.2,0,9.18,0,74.11,24.88,7.84,0,-74.6,5.33,9.955,0,5.3,0,1.191,1.35,0,5.16
2/4/2026,8:00, ,gtmpiwq_20H100464_012126_050000.bin,Pine Island,GTMNERR,0,43.927,0,28.19,0,3.026,0,97,0,9.15,0,72.66,24.4,7.85,0,-74.8,5.34,9.955,0,4.53,0,1.188,1.12,0,4.23
2/4/2026,8:15, ,gtmpiwq_20H100464_012126_050000.bin,Pine Island,GTMNERR,0,44.044,0,28.27,0,3.101,0,97.1,0,9.15,0,71.66,24.07,7.85,0,-75,5.33,9.966,0,4.87,0,1.186,1.17,0,4.42
2/4/2026,8:30, ,gtmpiwq_20H100464_012126_050000.bin,Pine Island,GTMNERR,0,44.302,0,28.46,0,3.172,0,97.1,0,9.14,0,70.14,23.56,7.86,0,-75.3,5.34,9.985,0,5.04,0,1.186,1.13,0,4.28
2/4/2026,8:45, ,gtmpiwq_20H100464_012126_050000.bin,Pine Island,GTMNERR,0,44.463,0,28.57,0,3.231,0,97.3,0,9.15,0,69.09,23.21,7.86,0,-75.6,5.33,10.007,0,4.83,0,1.192,1.12,0,4.24
2/4/2026,9:00, ,gtmpiwq_20H100464_012126_050000.bin,Pine Island,GTMNERR,0,44.668,0,28.72,0,3.31,0,97.3,0,9.14,0,67.98,22.84,7.87,0,-75.9,5.33,10.033,0,4.22,0,1.194,1.11,0,4.2
2/4/2026,9:15, ,gtmpiwq_20H100464_012126_050000.bin,Pine Island,GTMNERR,0,44.793,0,28.81,0,3.372,0,97.5,0,9.14,0,67.17,22.57,7.87,0,-76.1,5.34,10.05,0,4.25,0,1.185,1.11,0,4.16
2/4/2026,9:30, ,gtmpiwq_20H100464_012126_050000.bin,Pine Island,GTMNERR,0,45.067,0,29.01,0,3.439,0,97.6,0,9.14,0,65.27,21.93,7.87,0,-76.4,5.33,10.095,0,3.75,0,1.193,1.06,0,3.97
2/4/2026,9:45, ,gtmpiwq_20H100464_012126_050000.bin,Pine Island,GTMNERR,0,45.343,0,29.2,0,3.504,0,97.6,0,9.11,0,63.41,21.31,7.88,0,-76.8,5.34,10.127,0,4.19,0,1.188,1.08,0,4.08
2/4/2026,10:00, ,gtmpiwq_20H100464_012126_050000.bin,Pine Island,GTMNERR,0,45.627,0,29.41,0,3.563,0,97.7,0,9.1,0,61.67,20.73,7.89,0,-77.1,5.33,10.169,0,3.84,0,1.184,1.05,0,3.96
2/4/2026,10:15, ,gtmpiwq_20H100464_012126_050000.bin,Pine Island,GTMNERR,0,45.771,0,29.51,0,3.617,0,97.7,0,9.09,0,60.63,20.38,7.89,0,-77.3,5.33,10.204,0,4.05,0,1.193,1.07,0,4.01
2/4/2026,10:30, ,gtmpiwq_20H100464_012126_050000.bin,Pine Island,GTMNERR,0,45.907,0,29.61,0,3.665,0,97.8,0,9.09,0,59.86,20.13,7.89,0,-77.5,5.34,10.235,0,4.01,0,1.192,1.06,0,3.98
2/4/2026,10:45, ,gtmpiwq_20H100464_012126_050000.bin,Pine Island,GTMNERR,0,46.044,0,29.71,0,3.707,0,97.9,0,9.08,0,58.9,19.81,7.89,0,-77.6,5.32,10.283,0,3.91,0,1.197,1.04,0,3.88
2/4/2026,11:00, ,gtmpiwq_20H100464_012126_050000.bin,Pine Island,GTMNERR,0,46.188,0,29.82,0,3.743,0,98,0,9.08,0,57.66,19.39,7.9,0,-77.8,5.34,10.329,0,4.27,0,1.198,1.02,0,3.83
2/4/2026,11:15, ,gtmpiwq_20H100464_012126_050000.bin,Pine Island,GTMNERR,0,46.339,0,29.93,0,3.776,0,98.1,0,9.07,0,56.46,18.99,7.9,0,-78,5.33,10.379,0,3.94,0,1.198,1.06,0,3.98
2/4/2026,11:30, ,gtmpiwq_20H100464_012126_050000.bin,Pine Island,GTMNERR,0,46.593,0,30.11,0,3.799,0,98.2,0,9.06,0,54.67,18.4,7.91,0,-78.4,5.33,10.429,0,3.6,0,1.201,1.06,0,3.98
2/4/2026,11:45, ,gtmpiwq_20H100464_012126_050000.bin,Pine Island,GTMNERR,0,46.89,0,30.33,0,3.811,0,98.5,0,9.05,0,52.66,17.72,7.92,0,-78.8,5.34,10.538,0,3.74,0,1.194,1.06,0,3.98
2/4/2026,12:00, ,gtmpiwq_20H100464_012126_050000.bin,Pine Island,GTMNERR,0,46.96,0,30.39,0,3.812,0,98.5,0,9.04,0,51.37,17.29,7.92,0,-78.8,5.32,10.602,0,2.57,0,1.186,1.03,0,3.86
2/4/2026,12:15, ,gtmpiwq_20H100464_012126_050000.bin,Pine Island,GTMNERR,0,47.048,0,30.45,0,3.798,0,98.5,0,9.03,0,50.56,17.02,7.92,0,-79,5.33,10.634,0,2.69,0,1.191,1.04,0,3.9
2/4/2026,12:30, ,gtmpiwq_20H100464_012126_050000.bin,Pine Island,GTMNERR,0,47.043,0,30.45,0,3.76,0,97.9,0,8.97,0,48.87,16.46,7.92,0,-79,5.32,10.656,0,3.5,0,1.194,1.12,0,4.24
2/4/2026,12:45, ,gtmpiwq_20H100464_012126_050000.bin,Pine Island,GTMNERR,0,46.93,0,30.37,0,3.705,0,99.1,0,9.07,0,50.38,16.96,7.92,0,-79,5.33,10.706,0,2.63,0,1.187,1.08,0,4.05
2/4/2026,13:00, ,gtmpiwq_20H100464_012126_050000.bin,Pine Island,GTMNERR,0,46.7,0,30.21,0,3.637,0,99.4,0,9.11,0,52.55,17.69,7.91,0,-78.7,5.34,10.716,0,3.07,0,1.198,1.09,0,4.11
2/4/2026,13:15, ,gtmpiwq_20H100464_012126_050000.bin,Pine Island,GTMNERR,0,46.348,0,29.95,0,3.566,0,99.5,0,9.13,0,55.35,18.62,7.9,0,-78.2,5.32,10.679,0,3.39,0,1.192,1.05,0,3.96
2/4/2026,13:30, ,gtmpiwq_20H100464_012126_050000.bin,Pine Island,GTMNERR,0,45.85,0,29.59,0,3.496,0,99.7,0,9.18,0,58.63,19.72,7.9,0,-77.7,5.34,10.657,0,3.79,0,1.185,1.15,0,4.35
2/4/2026,13:45, ,gtmpiwq_20H100464_012126_050000.bin,Pine Island,GTMNERR,0,45.522,0,29.36,0,3.418,0,99.7,0,9.21,0,61.29,20.61,7.89,0,-77.3,5.33,10.569,0,3.44,0,1.199,1.15,0,4.34
2/4/2026,14:00, ,gtmpiwq_20H100464_012126_050000.bin,Pine Island,GTMNERR,0,45.291,0,29.19,0,3.337,0,99.6,0,9.21,0,62.59,21.04,7.88,0,-77.1,5.33,10.595,0,3.43,0,1.193,1.13,0,4.25
2/4/2026,14:15, ,gtmpiwq_20H100464_012126_050000.bin,Pine Island,GTMNERR,0,44.946,0,28.95,0,3.25,0,100.1,0,9.24,0,64.56,21.7,7.88,0,-76.7,5.33,10.713,0,3.54,0,1.19,1.18,0,4.46
2/4/2026,14:30, ,gtmpiwq_20H100464_012126_050000.bin,Pine Island,GTMNERR,0,44.687,0,28.77,0,3.162,0,100.1,0,9.26,0,66.1,22.21,7.87,0,-76.4,5.32,10.687,0,3.94,0,1.189,1.15,0,4.35
