Date,Time,F_Record,FILENAME,SITENAME,USERID,FAULTCODE,SpCond,F_SpCond,Sal,F_Sal,Depth,F_Depth,DO_pct,F_DO_pct,DO_mgl,F_DO_mgl,fDOMQSU,fDOMRFU,pH,F_pH,pHmV,BATTERY,Temp,F_Temp,Turb,F_Turb,WIPERPOSITIONVOLT,ChlFluor,F_ChlFluor,Chlorophyllug/L
2/4/2026,14:45, ,gtmpiwq_20H100465_020426_050000.bin,Pine Island,GTMNERR,0,44.21,<0> (CND),28.42,<0> (CND),3.119,<0> (CND),101.9,<0> (CND),9.46,<0> (CND),55.16,18.35,7.82,<0> (CND),-83.1,5.79,10.632,<0> (CND),4.42,<0> (CND),1.203,1.33,<0> (CND),5.37
2/4/2026,15:00, ,gtmpiwq_20H100465_020426_050000.bin,Pine Island,GTMNERR,0,43.964,0,28.25,0,3.02,0,102.2,0,9.48,0,56.39,18.76,7.83,0,-83.3,5.81,10.719,0,4.3,0,1.204,1.28,0,5.16
2/4/2026,15:15, ,gtmpiwq_20H100465_020426_050000.bin,Pine Island,GTMNERR,0,43.768,0,28.12,0,2.915,0,102.4,0,9.49,0,57.34,19.07,7.83,0,-83.5,5.81,10.775,0,4.43,0,1.201,1.28,0,5.16
2/4/2026,15:30, ,gtmpiwq_20H100465_020426_050000.bin,Pine Island,GTMNERR,0,43.593,0,27.99,0,2.806,0,102.5,0,9.51,0,58.23,19.37,7.83,0,-83.6,5.81,10.799,0,4.05,0,1.201,1.33,0,5.36
2/4/2026,15:45, ,gtmpiwq_20H100465_020426_050000.bin,Pine Island,GTMNERR,0,43.425,0,27.88,0,2.698,0,103,0,9.54,0,58.69,19.52,7.84,0,-83.8,5.81,10.93,0,4.15,0,1.201,1.3,0,5.24
2/4/2026,16:00, ,gtmpiwq_20H100465_020426_050000.bin,Pine Island,GTMNERR,0,43.192,0,27.72,0,2.582,0,103.4,0,9.56,0,59.91,19.93,7.84,0,-83.9,5.8,11.023,0,3.87,0,1.201,1.32,0,5.32
2/4/2026,16:15, ,gtmpiwq_20H100465_020426_050000.bin,Pine Island,GTMNERR,0,42.985,0,27.58,0,2.471,0,104.1,0,9.61,0,60.52,20.14,7.84,0,-84,5.81,11.141,0,4.29,0,1.201,1.33,0,5.38
2/4/2026,16:30, ,gtmpiwq_20H100465_020426_050000.bin,Pine Island,GTMNERR,0,42.8,0,27.46,0,2.359,0,104.6,0,9.62,0,61.32,20.4,7.84,0,-84.1,5.82,11.336,0,4.43,0,1.202,1.28,0,5.16
2/4/2026,16:45, ,gtmpiwq_20H100465_020426_050000.bin,Pine Island,GTMNERR,0,42.642,0,27.35,0,2.273,0,105.3,0,9.67,0,61.9,20.6,7.84,0,-84.3,5.81,11.483,0,4.14,0,1.205,1.36,0,5.5
2/4/2026,17:00, ,gtmpiwq_20H100465_020426_050000.bin,Pine Island,GTMNERR,0,42.507,0,27.26,0,2.193,0,105.9,0,9.69,0,62.47,20.79,7.84,0,-84.3,5.81,11.613,0,3.89,0,1.207,1.38,0,5.58
2/4/2026,17:15, ,gtmpiwq_20H100465_020426_050000.bin,Pine Island,GTMNERR,0,42.38,0,27.17,0,2.133,0,106.4,0,9.73,0,62.94,20.94,7.84,0,-84.4,5.8,11.729,0,3.72,0,1.21,1.35,0,5.44
2/4/2026,17:30, ,gtmpiwq_20H100465_020426_050000.bin,Pine Island,GTMNERR,0,42.33,0,27.14,0,2.1,0,106.8,0,9.74,0,63.21,21.03,7.85,0,-84.6,5.81,11.845,0,3.89,0,1.209,1.56,0,6.3
2/4/2026,17:45, ,gtmpiwq_20H100465_020426_050000.bin,Pine Island,GTMNERR,0,42.322,0,27.14,0,2.095,0,107.1,0,9.74,0,63.05,20.98,7.85,0,-84.6,5.82,11.947,0,3.39,0,1.21,1.56,0,6.28
2/4/2026,18:00, ,gtmpiwq_20H100465_020426_050000.bin,Pine Island,GTMNERR,0,42.308,0,27.13,0,2.147,0,107.1,0,9.74,0,63,20.96,7.85,0,-84.7,5.81,11.966,0,3.03,0,1.21,1.48,0,5.98
2/4/2026,18:15, ,gtmpiwq_20H100465_020426_050000.bin,Pine Island,GTMNERR,0,42.382,0,27.17,0,2.222,0,106.2,0,9.71,0,63.68,21.19,7.84,0,-84.3,5.82,11.696,0,3.29,0,1.211,1.31,0,5.27
2/4/2026,18:30, ,gtmpiwq_20H100465_020426_050000.bin,Pine Island,GTMNERR,0,42.576,0,27.31,0,2.325,0,106.3,0,9.71,0,62.51,20.8,7.85,0,-84.6,5.8,11.706,0,3.78,0,1.201,1.43,0,5.75
2/4/2026,18:45, ,gtmpiwq_20H100465_020426_050000.bin,Pine Island,GTMNERR,0,42.713,0,27.4,0,2.427,0,105.8,0,9.68,0,61.81,20.57,7.85,0,-84.7,5.81,11.6,0,3.93,0,1.196,1.41,0,5.69
2/4/2026,19:00, ,gtmpiwq_20H100465_020426_050000.bin,Pine Island,GTMNERR,0,42.913,0,27.55,0,2.523,0,105.8,0,9.67,0,61.01,20.3,7.85,0,-84.9,5.82,11.586,0,4.18,0,1.192,1.35,0,5.45
2/4/2026,19:15, ,gtmpiwq_20H100465_020426_050000.bin,Pine Island,GTMNERR,0,43.085,0,27.66,0,2.615,0,105.2,0,9.64,0,60.34,20.08,7.85,0,-84.9,5.81,11.49,0,4.08,0,1.198,1.32,0,5.34
2/4/2026,19:30, ,gtmpiwq_20H100465_020426_050000.bin,Pine Island,GTMNERR,0,43.244,0,27.77,0,2.705,0,104.9,0,9.62,0,59.63,19.84,7.86,0,-85.1,5.81,11.395,0,4.28,0,1.205,1.37,0,5.54
2/4/2026,19:45, ,gtmpiwq_20H100465_020426_050000.bin,Pine Island,GTMNERR,0,43.588,0,28.02,0,2.79,0,105.4,0,9.62,0,57.75,19.21,7.86,0,-85.5,5.81,11.549,0,4.6,0,1.208,1.36,0,5.48
2/4/2026,20:00, ,gtmpiwq_20H100465_020426_050000.bin,Pine Island,GTMNERR,0,43.687,0,28.09,0,2.869,0,104.8,0,9.58,0,57.37,19.08,7.86,0,-85.5,5.81,11.417,0,4.69,0,1.21,1.4,0,5.65
2/4/2026,20:15, ,gtmpiwq_20H100465_020426_050000.bin,Pine Island,GTMNERR,0,43.892,0,28.24,0,2.941,0,104.7,0,9.56,0,56.75,18.88,7.87,0,-85.7,5.82,11.454,0,3.77,0,1.21,1.4,0,5.65
2/4/2026,20:30, ,gtmpiwq_20H100465_020426_050000.bin,Pine Island,GTMNERR,0,43.971,0,28.29,0,3.006,0,104.5,0,9.55,0,56.44,18.78,7.87,0,-85.8,5.81,11.387,0,3.77,0,1.21,1.31,0,5.28
2/4/2026,20:45, ,gtmpiwq_20H100465_020426_050000.bin,Pine Island,GTMNERR,0,44.022,0,28.32,0,3.07,0,104.4,0,9.54,0,56.12,18.67,7.87,0,-85.8,5.82,11.366,0,3.67,0,1.212,1.33,0,5.37
2/4/2026,21:00, ,gtmpiwq_20H100465_020426_050000.bin,Pine Island,GTMNERR,0,44.158,0,28.42,0,3.132,0,104.2,0,9.53,0,55.36,18.42,7.87,0,-86,5.81,11.357,0,3.97,0,1.212,1.36,0,5.47
2/4/2026,21:15, ,gtmpiwq_20H100465_020426_050000.bin,Pine Island,GTMNERR,0,44.353,0,28.56,0,3.194,0,104.2,0,9.51,0,54.47,18.12,7.88,0,-86.2,5.81,11.386,0,4,0,1.211,1.36,0,5.47
2/4/2026,21:30, ,gtmpiwq_20H100465_020426_050000.bin,Pine Island,GTMNERR,0,44.561,0,28.71,0,3.258,0,104.2,0,9.49,0,53.47,17.78,7.88,0,-86.4,5.82,11.416,0,3.89,0,1.204,1.34,0,5.41
2/4/2026,21:45, ,gtmpiwq_20H100465_020426_050000.bin,Pine Island,GTMNERR,0,44.758,0,28.85,0,3.32,0,104.2,0,9.48,0,52.69,17.52,7.88,0,-86.7,5.81,11.428,0,3.34,0,1.198,1.29,0,5.22
2/4/2026,22:00, ,gtmpiwq_20H100465_020426_050000.bin,Pine Island,GTMNERR,0,44.959,0,29,0,3.38,0,104.2,0,9.47,0,51.63,17.17,7.89,0,-87,5.81,11.442,0,3.4,0,1.196,1.26,0,5.11
2/4/2026,22:15, ,gtmpiwq_20H100465_020426_050000.bin,Pine Island,GTMNERR,0,45.083,0,29.09,0,3.443,0,104.2,0,9.46,0,51.04,16.97,7.89,0,-87.1,5.8,11.449,0,3.34,0,1.202,1.3,0,5.25
2/4/2026,22:30, ,gtmpiwq_20H100465_020426_050000.bin,Pine Island,GTMNERR,0,45.383,0,29.3,0,3.502,0,104.1,0,9.44,0,49.32,16.4,7.9,0,-87.5,5.81,11.483,0,3.4,0,1.204,1.41,0,5.68
2/4/2026,22:45, ,gtmpiwq_20H100465_020426_050000.bin,Pine Island,GTMNERR,0,45.682,0,29.52,0,3.558,0,104.1,0,9.41,0,47.73,15.87,7.9,0,-87.9,5.81,11.501,0,3.45,0,1.206,1.32,0,5.31
2/4/2026,23:00, ,gtmpiwq_20H100465_020426_050000.bin,Pine Island,GTMNERR,0,45.871,0,29.65,0,3.606,0,104,0,9.4,0,46.78,15.55,7.91,0,-88.1,5.81,11.518,0,3.51,0,1.206,1.25,0,5.04
2/4/2026,23:15, ,gtmpiwq_20H100465_020426_050000.bin,Pine Island,GTMNERR,0,46.047,0,29.78,0,3.653,0,103.9,0,9.38,0,45.92,15.26,7.91,0,-88.3,5.81,11.534,0,3.3,0,1.208,1.21,0,4.89
2/4/2026,23:30, ,gtmpiwq_20H100465_020426_050000.bin,Pine Island,GTMNERR,0,46.18,0,29.87,0,3.688,0,103.8,0,9.36,0,45.12,15,7.92,0,-88.5,5.8,11.539,0,3.43,0,1.21,1.22,0,4.93
2/4/2026,23:45, ,gtmpiwq_20H100465_020426_050000.bin,Pine Island,GTMNERR,0,46.319,0,29.97,0,3.72,0,103.7,0,9.35,0,44.43,14.77,7.92,0,-88.7,5.8,11.55,0,3.27,0,1.21,1.27,0,5.11
2/5/2026,0:00, ,gtmpiwq_20H100465_020426_050000.bin,Pine Island,GTMNERR,0,46.477,0,30.09,0,3.738,0,103.6,0,9.33,0,43.55,14.47,7.92,0,-88.9,5.81,11.547,0,3.13,0,1.204,1.31,0,5.28
2/5/2026,0:15, ,gtmpiwq_20H100465_020426_050000.bin,Pine Island,GTMNERR,0,46.575,0,30.16,0,3.746,0,103.6,0,9.33,0,43.01,14.29,7.92,0,-89,5.81,11.546,0,2.6,0,1.195,1.18,0,4.75
2/5/2026,0:30, ,gtmpiwq_20H100465_020426_050000.bin,Pine Island,GTMNERR,0,46.658,0,30.22,0,3.735,0,103.3,0,9.3,0,42.51,14.13,7.92,0,-88.9,5.81,11.549,0,2.12,0,1.192,1.53,0,6.17
2/5/2026,0:45, ,gtmpiwq_20H100465_020426_050000.bin,Pine Island,GTMNERR,0,46.636,0,30.2,0,3.703,0,103.1,0,9.28,0,42.65,14.17,7.92,0,-89,5.8,11.548,0,2.13,0,1.209,1.56,0,6.3
2/5/2026,1:00, ,gtmpiwq_20H100465_020426_050000.bin,Pine Island,GTMNERR,0,46.374,0,30.01,0,3.649,0,103.1,0,9.3,0,44.15,14.67,7.92,0,-88.7,5.81,11.533,0,2.4,0,1.209,1.26,0,5.08
2/5/2026,1:15, ,gtmpiwq_20H100465_020426_050000.bin,Pine Island,GTMNERR,0,46.208,0,29.89,0,3.585,0,103.4,0,9.33,0,44.83,14.9,7.91,0,-88.4,5.81,11.523,0,3.45,0,1.206,1.34,0,5.39
2/5/2026,1:30, ,gtmpiwq_20H100465_020426_050000.bin,Pine Island,GTMNERR,0,45.855,0,29.64,0,3.516,0,103.5,0,9.35,0,46.94,15.61,7.91,0,-88,5.81,11.504,0,2.95,0,1.204,1.39,0,5.59
2/5/2026,1:45, ,gtmpiwq_20H100465_020426_050000.bin,Pine Island,GTMNERR,0,45.453,0,29.35,0,3.446,0,103.5,0,9.37,0,48.94,16.27,7.9,0,-87.6,5.81,11.516,0,3.21,0,1.201,1.3,0,5.25
2/5/2026,2:00, ,gtmpiwq_20H100465_020426_050000.bin,Pine Island,GTMNERR,0,45.109,0,29.11,0,3.374,0,103.6,0,9.39,0,50.95,16.94,7.89,0,-87.1,5.8,11.522,0,3.23,0,1.199,1.31,0,5.3
2/5/2026,2:15, ,gtmpiwq_20H100465_020426_050000.bin,Pine Island,GTMNERR,0,44.91,0,28.96,0,3.299,0,103.4,0,9.39,0,51.84,17.24,7.89,0,-86.8,5.8,11.51,0,3.17,0,1.198,1.25,0,5.06
2/5/2026,2:30, ,gtmpiwq_20H100465_020426_050000.bin,Pine Island,GTMNERR,0,44.715,0,28.82,0,3.225,0,103.4,0,9.4,0,52.72,17.53,7.88,0,-86.5,5.81,11.507,0,3.68,0,1.195,1.41,0,5.69
2/5/2026,2:45, ,gtmpiwq_20H100465_020426_050000.bin,Pine Island,GTMNERR,0,44.38,0,28.59,0,3.147,0,103.4,0,9.41,0,54.28,18.05,7.87,0,-86.1,5.8,11.518,0,4.13,0,1.196,1.35,0,5.45
2/5/2026,3:00, ,gtmpiwq_20H100465_020426_050000.bin,Pine Island,GTMNERR,0,44.195,0,28.46,0,3.06,0,103.5,0,9.42,0,55.17,18.35,7.87,0,-85.9,5.81,11.532,0,4.14,0,1.211,1.43,0,5.76
2/5/2026,3:15, ,gtmpiwq_20H100465_020426_050000.bin,Pine Island,GTMNERR,0,43.983,0,28.3,0,2.97,0,103.5,0,9.42,0,56.25,18.71,7.86,0,-85.6,5.8,11.545,0,3.67,0,1.203,1.41,0,5.67
2/5/2026,3:30, ,gtmpiwq_20H100465_020426_050000.bin,Pine Island,GTMNERR,0,43.845,0,28.21,0,2.878,0,103.4,0,9.42,0,57.04,18.98,7.86,0,-85.4,5.8,11.54,0,3.64,0,1.2,1.36,0,5.48
2/5/2026,3:45, ,gtmpiwq_20H100465_020426_050000.bin,Pine Island,GTMNERR,0,43.672,0,28.08,0,2.78,0,103.3,0,9.43,0,57.85,19.24,7.86,0,-85.1,5.8,11.536,0,3.73,0,1.201,1.37,0,5.54
2/5/2026,4:00, ,gtmpiwq_20H100465_020426_050000.bin,Pine Island,GTMNERR,0,43.435,0,27.92,0,2.686,0,103.2,0,9.42,0,58.8,19.56,7.85,0,-84.8,5.8,11.553,0,4.29,0,1.207,1.34,0,5.41
2/5/2026,4:15, ,gtmpiwq_20H100465_020426_050000.bin,Pine Island,GTMNERR,0,43.192,0,27.74,0,2.583,0,103,0,9.4,0,59.81,19.9,7.84,0,-84.4,5.81,11.588,0,4.62,0,1.212,1.31,0,5.3
2/5/2026,4:30, ,gtmpiwq_20H100465_020426_050000.bin,Pine Island,GTMNERR,0,42.998,0,27.61,0,2.481,0,102.7,0,9.38,0,60.53,20.14,7.84,0,-84,5.8,11.62,0,5.04,0,1.206,1.38,0,5.56
2/5/2026,4:45, ,gtmpiwq_20H100465_020426_050000.bin,Pine Island,GTMNERR,0,42.82,0,27.48,0,2.386,0,102.5,0,9.37,0,61.38,20.42,7.83,0,-83.8,5.8,11.649,0,4.98,0,1.205,1.44,0,5.81
2/5/2026,5:00, ,gtmpiwq_20H100465_020426_050000.bin,Pine Island,GTMNERR,0,42.69,0,27.39,0,2.296,0,102.5,0,9.36,0,62.07,20.65,7.83,0,-83.6,5.79,11.677,0,4.52,0,1.209,1.3,0,5.26
2/5/2026,5:15, ,gtmpiwq_20H100465_020426_050000.bin,Pine Island,GTMNERR,0,42.578,0,27.31,0,2.213,0,102.2,0,9.33,0,62.74,20.88,7.82,0,-83.3,5.8,11.7,0,4.2,0,1.204,1.36,0,5.47
2/5/2026,5:30, ,gtmpiwq_20H100465_020426_050000.bin,Pine Island,GTMNERR,0,42.478,0,27.24,0,2.15,0,101.8,0,9.3,0,63.19,21.03,7.82,0,-83.1,5.8,11.723,0,3.67,0,1.2,1.35,0,5.46
2/5/2026,5:45, ,gtmpiwq_20H100465_020426_050000.bin,Pine Island,GTMNERR,0,42.392,0,27.18,0,2.103,0,101.4,0,9.26,0,63.77,21.22,7.82,0,-83,5.8,11.743,0,3.7,0,1.194,1.36,0,5.5
2/5/2026,6:00, ,gtmpiwq_20H100465_020426_050000.bin,Pine Island,GTMNERR,0,42.322,0,27.13,0,2.094,0,101.6,0,9.28,0,64.27,21.39,7.82,0,-82.8,5.79,11.756,0,3.74,0,1.192,1.52,0,6.12
2/5/2026,6:15, ,gtmpiwq_20H100465_020426_050000.bin,Pine Island,GTMNERR,0,42.32,0,27.13,0,2.136,0,101,0,9.22,0,64.41,21.43,7.81,0,-82.7,5.8,11.759,0,2.71,0,1.197,1.29,0,5.22
2/5/2026,6:30, ,gtmpiwq_20H100465_020426_050000.bin,Pine Island,GTMNERR,0,42.436,0,27.21,0,2.209,0,101.1,0,9.23,0,63.86,21.25,7.81,0,-82.5,5.8,11.739,0,3.58,0,1.197,1.18,0,4.78
2/5/2026,6:45, ,gtmpiwq_20H100465_020426_050000.bin,Pine Island,GTMNERR,0,42.733,0,27.42,0,2.305,0,101.1,0,9.23,0,62.15,20.68,7.82,0,-83,5.79,11.687,0,4.13,0,1.2,1.29,0,5.22
2/5/2026,7:00, ,gtmpiwq_20H100465_020426_050000.bin,Pine Island,GTMNERR,0,42.741,0,27.43,0,2.411,0,101.1,0,9.23,0,62.18,20.69,7.82,0,-82.9,5.8,11.677,0,4.53,0,1.205,1.27,0,5.12
2/5/2026,7:15, ,gtmpiwq_20H100465_020426_050000.bin,Pine Island,GTMNERR,0,42.899,0,27.54,0,2.511,0,101.4,0,9.26,0,61.52,20.47,7.82,0,-83.3,5.8,11.648,0,4.38,0,1.208,1.2,0,4.86
2/5/2026,7:30, ,gtmpiwq_20H100465_020426_050000.bin,Pine Island,GTMNERR,0,43.127,0,27.7,0,2.611,0,101.3,0,9.25,0,60.58,20.16,7.83,0,-83.5,5.79,11.608,0,4.09,0,1.201,1.2,0,4.83
2/5/2026,7:45, ,gtmpiwq_20H100465_020426_050000.bin,Pine Island,GTMNERR,0,43.257,0,27.79,0,2.7,0,101.6,0,9.27,0,59.83,19.9,7.83,0,-83.7,5.8,11.585,0,4.67,0,1.2,1.24,0,4.99
2/5/2026,8:00, ,gtmpiwq_20H100465_020426_050000.bin,Pine Island,GTMNERR,0,43.601,0,28.03,0,2.787,0,100.9,0,9.2,0,57.67,19.18,7.83,0,-83.8,5.79,11.552,0,6.09,0,1.195,1.24,0,5.01
2/5/2026,8:15, ,gtmpiwq_20H100465_020426_050000.bin,Pine Island,GTMNERR,0,43.819,0,28.19,0,2.867,0,101,0,9.21,0,57.26,19.05,7.84,0,-84.2,5.79,11.525,0,4.48,0,1.194,1.18,0,4.76
2/5/2026,8:30, ,gtmpiwq_20H100465_020426_050000.bin,Pine Island,GTMNERR,0,43.959,0,28.29,0,2.942,0,101,0,9.21,0,56.64,18.84,7.84,0,-84.4,5.8,11.526,0,4.38,0,1.196,1.2,0,4.87
2/5/2026,8:45, ,gtmpiwq_20H100465_020426_050000.bin,Pine Island,GTMNERR,0,44.1,0,28.39,0,3.012,0,100.9,0,9.19,0,56.1,18.66,7.85,0,-84.5,5.79,11.536,0,3.8,0,1.208,1.17,0,4.72
2/5/2026,9:00, ,gtmpiwq_20H100465_020426_050000.bin,Pine Island,GTMNERR,0,44.23,0,28.48,0,3.081,0,100.9,0,9.19,0,55.47,18.45,7.85,0,-84.7,5.8,11.531,0,3.57,0,1.202,1.18,0,4.77
2/5/2026,9:15, ,gtmpiwq_20H100465_020426_050000.bin,Pine Island,GTMNERR,0,44.382,0,28.59,0,3.15,0,101.2,0,9.2,0,54.6,18.16,7.85,0,-85,5.78,11.529,0,4.02,0,1.194,1.18,0,4.78
2/5/2026,9:30, ,gtmpiwq_20H100465_020426_050000.bin,Pine Island,GTMNERR,0,44.545,0,28.7,0,3.219,0,100.9,0,9.17,0,53.77,17.88,7.86,0,-85.1,5.79,11.537,0,3.86,0,1.201,1.18,0,4.78
2/5/2026,9:45, ,gtmpiwq_20H100465_020426_050000.bin,Pine Island,GTMNERR,0,44.78,0,28.87,0,3.282,0,101,0,9.16,0,52.64,17.51,7.86,0,-85.4,5.8,11.539,0,3.49,0,1.205,1.15,0,4.65
2/5/2026,10:00, ,gtmpiwq_20H100465_020426_050000.bin,Pine Island,GTMNERR,0,44.929,0,28.98,0,3.344,0,101.1,0,9.17,0,51.87,17.25,7.87,0,-85.7,5.79,11.54,0,3.38,0,1.206,1.17,0,4.72
2/5/2026,10:15, ,gtmpiwq_20H100465_020426_050000.bin,Pine Island,GTMNERR,0,45.019,0,29.04,0,3.406,0,101.1,0,9.17,0,51.43,17.1,7.87,0,-85.8,5.8,11.541,0,3.62,0,1.207,1.12,0,4.54
2/5/2026,10:30, ,gtmpiwq_20H100465_020426_050000.bin,Pine Island,GTMNERR,0,45.308,0,29.25,0,3.463,0,101.1,0,9.15,0,49.99,16.62,7.88,0,-86.2,5.78,11.547,0,3.27,0,1.195,1.1,0,4.45
2/5/2026,10:45, ,gtmpiwq_20H100465_020426_050000.bin,Pine Island,GTMNERR,0,45.632,0,29.48,0,3.517,0,101.1,0,9.14,0,48.37,16.08,7.88,0,-86.7,5.79,11.553,0,3.27,0,1.198,1.12,0,4.53
2/5/2026,11:00, ,gtmpiwq_20H100465_020426_050000.bin,Pine Island,GTMNERR,0,45.845,0,29.64,0,3.575,0,101.1,0,9.13,0,47.16,15.68,7.89,0,-87,5.79,11.56,0,3.21,0,1.201,1.15,0,4.66
2/5/2026,11:15, ,gtmpiwq_20H100465_020426_050000.bin,Pine Island,GTMNERR,0,45.984,0,29.74,0,3.623,0,101,0,9.11,0,46.35,15.41,7.89,0,-87.2,5.79,11.566,0,3.67,0,1.199,1.18,0,4.76
2/5/2026,11:30, ,gtmpiwq_20H100465_020426_050000.bin,Pine Island,GTMNERR,0,46.068,0,29.8,0,3.67,0,101,0,9.1,0,45.87,15.25,7.89,0,-87.3,5.79,11.571,0,3.56,0,1.198,1.12,0,4.51
2/5/2026,11:45, ,gtmpiwq_20H100465_020426_050000.bin,Pine Island,GTMNERR,0,46.228,0,29.91,0,3.703,0,101,0,9.1,0,45.13,15,7.9,0,-87.5,5.78,11.577,0,3.22,0,1.195,1.22,0,4.94
2/5/2026,12:00, ,gtmpiwq_20H100465_020426_050000.bin,Pine Island,GTMNERR,0,46.379,0,30.02,0,3.729,0,101,0,9.09,0,44.16,14.68,7.9,0,-87.7,5.79,11.586,0,3.44,0,1.197,1.29,0,5.22
2/5/2026,12:15, ,gtmpiwq_20H100465_020426_050000.bin,Pine Island,GTMNERR,0,46.527,0,30.13,0,3.746,0,101,0,9.09,0,43.36,14.41,7.91,0,-88,5.79,11.595,0,3.32,0,1.206,1.12,0,4.52
2/5/2026,12:30, ,gtmpiwq_20H100465_020426_050000.bin,Pine Island,GTMNERR,0,46.676,0,30.23,0,3.754,0,100.9,0,9.07,0,42.53,14.13,7.91,0,-88.2,5.78,11.605,0,2.79,0,1.211,1.17,0,4.75
2/5/2026,12:45, ,gtmpiwq_20H100465_020426_050000.bin,Pine Island,GTMNERR,0,46.647,0,30.21,0,3.746,0,100.8,0,9.06,0,42.43,14.1,7.91,0,-88.2,5.79,11.592,0,2.53,0,1.204,1.43,0,5.76
2/5/2026,13:00, ,gtmpiwq_20H100465_020426_050000.bin,Pine Island,GTMNERR,0,46.624,0,30.2,0,3.716,0,100.4,0,9.02,0,41.77,13.88,7.91,0,-88.2,5.78,11.595,0,2.82,0,1.201,1.43,0,5.76
2/5/2026,13:15, ,gtmpiwq_20H100465_020426_050000.bin,Pine Island,GTMNERR,0,46.547,0,30.14,0,3.669,0,100.6,0,9.05,0,42.8,14.22,7.91,0,-88.1,5.78,11.594,0,3,0,1.197,1.49,0,6.01
2/5/2026,13:30, ,gtmpiwq_20H100465_020426_050000.bin,Pine Island,GTMNERR,0,46.255,0,29.93,0,3.61,0,101.3,0,9.13,0,44.56,14.81,7.9,0,-87.8,5.79,11.584,0,2.88,0,1.192,1.33,0,5.37
2/5/2026,13:45, ,gtmpiwq_20H100465_020426_050000.bin,Pine Island,GTMNERR,0,45.966,0,29.72,0,3.553,0,101.5,0,9.16,0,46.32,15.4,7.9,0,-87.4,5.78,11.582,0,3.04,0,1.211,1.47,0,5.92
2/5/2026,14:00, ,gtmpiwq_20H100465_020426_050000.bin,Pine Island,GTMNERR,0,45.619,0,29.47,0,3.489,0,101.5,0,9.17,0,48.24,16.04,7.89,0,-87,5.79,11.573,0,2.87,0,1.212,1.34,0,5.39
2/5/2026,14:15, ,gtmpiwq_20H100465_020426_050000.bin,Pine Island,GTMNERR,0,45.297,0,29.24,0,3.422,0,101.5,0,9.18,0,49.84,16.57,7.88,0,-86.6,5.78,11.571,0,3.24,0,1.205,1.44,0,5.82
2/5/2026,14:30, ,gtmpiwq_20H100465_020426_050000.bin,Pine Island,GTMNERR,0,45,0,29.03,0,3.348,0,101.4,0,9.19,0,51.41,17.1,7.87,0,-86.1,5.78,11.566,0,2.66,0,1.205,1.38,0,5.55
2/5/2026,14:45, ,gtmpiwq_20H100465_020426_050000.bin,Pine Island,GTMNERR,0,44.972,0,29.01,0,3.278,0,101.3,0,9.18,0,51.49,17.12,7.87,0,-86.1,5.79,11.571,0,3.14,0,1.201,1.38,0,5.58
2/5/2026,15:00, ,gtmpiwq_20H100465_020426_050000.bin,Pine Island,GTMNERR,0,44.563,0,28.72,0,3.204,0,101.5,0,9.22,0,53.4,17.76,7.87,0,-85.6,5.78,11.57,0,3.55,0,1.199,1.48,0,5.95
2/5/2026,15:15, ,gtmpiwq_20H100465_020426_050000.bin,Pine Island,GTMNERR,0,44.361,0,28.57,0,3.127,0,101.6,0,9.23,0,54.58,18.15,7.86,0,-85.3,5.78,11.563,0,3.36,0,1.196,1.46,0,5.88
2/5/2026,15:30, ,gtmpiwq_20H100465_020426_050000.bin,Pine Island,GTMNERR,0,44.184,0,28.45,0,3.044,0,101.7,0,9.25,0,55.31,18.4,7.86,0,-85.2,5.77,11.56,0,3.68,0,1.193,1.59,0,6.4
2/5/2026,15:45, ,gtmpiwq_20H100465_020426_050000.bin,Pine Island,GTMNERR,0,44.015,0,28.33,0,2.953,0,101.8,0,9.27,0,56.39,18.76,7.85,0,-85,5.78,11.55,0,3.36,0,1.199,1.51,0,6.07
2/5/2026,16:00, ,gtmpiwq_20H100465_020426_050000.bin,Pine Island,GTMNERR,0,43.808,0,28.18,0,2.868,0,101.8,0,9.28,0,57.19,19.03,7.85,0,-84.7,5.78,11.557,0,3.45,0,1.203,1.55,0,6.23
2/5/2026,16:15, ,gtmpiwq_20H100465_020426_050000.bin,Pine Island,GTMNERR,0,43.527,0,27.98,0,2.768,0,101.8,0,9.28,0,58.47,19.45,7.84,0,-84.1,5.78,11.578,0,3.71,0,1.204,1.59,0,6.42
2/5/2026,16:30, ,gtmpiwq_20H100465_020426_050000.bin,Pine Island,GTMNERR,0,43.236,0,27.78,0,2.664,0,101.8,0,9.29,0,59.78,19.89,7.84,0,-83.9,5.78,11.61,0,3.86,0,1.203,1.62,0,6.53
2/5/2026,16:45, ,gtmpiwq_20H100465_020426_050000.bin,Pine Island,GTMNERR,0,42.981,0,27.6,0,2.559,0,101.9,0,9.3,0,60.88,20.25,7.83,0,-83.6,5.77,11.639,0,3.89,0,1.206,1.66,0,6.69
2/5/2026,17:00, ,gtmpiwq_20H100465_020426_050000.bin,Pine Island,GTMNERR,0,42.794,0,27.46,0,2.461,0,102,0,9.32,0,61.8,20.56,7.83,0,-83.5,5.77,11.647,0,4.25,0,1.208,1.65,0,6.64
2/5/2026,17:15, ,gtmpiwq_20H100465_020426_050000.bin,Pine Island,GTMNERR,0,42.671,0,27.38,0,2.372,0,102.1,0,9.33,0,62.4,20.76,7.83,0,-83.5,5.78,11.653,0,3.76,0,1.208,1.71,0,6.87
2/5/2026,17:30, ,gtmpiwq_20H100465_020426_050000.bin,Pine Island,GTMNERR,0,42.519,0,27.27,0,2.301,0,102.1,0,9.34,0,63.1,21,7.83,0,-83.4,5.77,11.663,0,3.9,0,1.211,1.71,0,6.9
2/5/2026,17:45, ,gtmpiwq_20H100465_020426_050000.bin,Pine Island,GTMNERR,0,42.388,0,27.18,0,2.25,0,102.1,0,9.34,0,63.77,21.22,7.82,0,-83.3,5.78,11.664,0,4.09,0,1.202,1.95,0,7.83
2/5/2026,18:00, ,gtmpiwq_20H100465_020426_050000.bin,Pine Island,GTMNERR,0,42.289,0,27.11,0,2.221,0,102,0,9.34,0,64.25,21.38,7.82,0,-83.2,5.77,11.662,0,4.07,0,1.196,1.99,0,8.01
2/5/2026,18:15, ,gtmpiwq_20H100465_020426_050000.bin,Pine Island,GTMNERR,0,42.23,0,27.06,0,2.223,0,101.7,0,9.32,0,64.28,21.39,7.82,0,-83.1,5.77,11.652,0,3.56,0,1.194,2.13,0,8.56
2/5/2026,18:30, ,gtmpiwq_20H100465_020426_050000.bin,Pine Island,GTMNERR,0,42.208,0,27.05,0,2.246,0,100.9,0,9.24,0,63.35,21.08,7.82,0,-83,5.78,11.64,0,3.6,0,1.205,2.26,0,9.07
2/5/2026,18:45, ,gtmpiwq_20H100465_020426_050000.bin,Pine Island,GTMNERR,0,42.515,0,27.26,0,2.297,0,102,0,9.34,0,63.62,21.17,7.83,0,-83.3,5.77,11.613,0,3.34,0,1.203,1.66,0,6.68
2/5/2026,19:00, ,gtmpiwq_20H100465_020426_050000.bin,Pine Island,GTMNERR,0,42.489,0,27.25,0,2.373,0,101.9,0,9.33,0,63.51,21.13,7.82,0,-83.3,5.78,11.612,0,3.83,0,1.197,1.75,0,7.04
2/5/2026,19:15, ,gtmpiwq_20H100465_020426_050000.bin,Pine Island,GTMNERR,0,42.588,0,27.31,0,2.46,0,101.7,0,9.31,0,63.26,21.05,7.82,0,-83.1,5.77,11.578,0,3.95,0,1.2,1.72,0,6.91
2/5/2026,19:30, ,gtmpiwq_20H100465_020426_050000.bin,Pine Island,GTMNERR,0,42.79,0,27.46,0,2.566,0,101.6,0,9.31,0,62.37,20.75,7.83,0,-83.4,5.77,11.547,0,3.92,0,1.204,1.67,0,6.74
2/5/2026,19:45, ,gtmpiwq_20H100465_020426_050000.bin,Pine Island,GTMNERR,0,43.078,0,27.66,0,2.66,0,101.7,0,9.31,0,61.05,20.31,7.83,0,-83.8,5.78,11.492,0,3.79,0,1.203,1.65,0,6.65
2/5/2026,20:00, ,gtmpiwq_20H100465_020426_050000.bin,Pine Island,GTMNERR,0,43.138,0,27.7,0,2.749,0,101.6,0,9.3,0,60.84,20.24,7.83,0,-83.8,5.77,11.491,0,3.7,0,1.202,1.63,0,6.56
2/5/2026,20:15, ,gtmpiwq_20H100465_020426_050000.bin,Pine Island,GTMNERR,0,43.399,0,27.89,0,2.827,0,101.7,0,9.3,0,59.36,19.75,7.84,0,-84.2,5.77,11.475,0,4.29,0,1.201,1.7,0,6.84
2/5/2026,20:30, ,gtmpiwq_20H100465_020426_050000.bin,Pine Island,GTMNERR,0,43.835,0,28.19,0,2.902,0,101.7,0,9.29,0,57.39,19.09,7.85,0,-84.7,5.78,11.439,0,3.87,0,1.2,1.63,0,6.57
2/5/2026,20:45, ,gtmpiwq_20H100465_020426_050000.bin,Pine Island,GTMNERR,0,43.957,0,28.28,0,2.974,0,101.6,0,9.28,0,56.83,18.91,7.85,0,-84.8,5.77,11.426,0,3.99,0,1.198,1.69,0,6.81
2/5/2026,21:00, ,gtmpiwq_20H100465_020426_050000.bin,Pine Island,GTMNERR,0,44.079,0,28.37,0,3.047,0,101.5,0,9.27,0,56.26,18.72,7.85,0,-84.9,5.77,11.395,0,3.95,0,1.199,1.76,0,7.08
2/5/2026,21:15, ,gtmpiwq_20H100465_020426_050000.bin,Pine Island,GTMNERR,0,44.221,0,28.47,0,3.116,0,101.4,0,9.26,0,55.57,18.48,7.86,0,-85.1,5.77,11.371,0,3.55,0,1.209,1.68,0,6.77
2/5/2026,21:30, ,gtmpiwq_20H100465_020426_050000.bin,Pine Island,GTMNERR,0,44.302,0,28.52,0,3.182,0,101.3,0,9.25,0,55.29,18.39,7.86,0,-85.1,5.77,11.36,0,3.51,0,1.202,1.66,0,6.69
2/5/2026,21:45, ,gtmpiwq_20H100465_020426_050000.bin,Pine Island,GTMNERR,0,44.472,0,28.64,0,3.242,0,101.3,0,9.24,0,54.21,18.03,7.86,0,-85.3,5.77,11.361,0,4.07,0,1.206,1.69,0,6.81
2/5/2026,22:00, ,gtmpiwq_20H100465_020426_050000.bin,Pine Island,GTMNERR,0,44.703,0,28.81,0,3.306,0,101.3,0,9.23,0,53.18,17.69,7.87,0,-85.6,5.77,11.377,0,3.87,0,1.204,1.59,0,6.41
2/5/2026,22:15, ,gtmpiwq_20H100465_020426_050000.bin,Pine Island,GTMNERR,0,44.91,0,28.96,0,3.368,0,101.3,0,9.22,0,52.07,17.32,7.87,0,-85.9,5.76,11.364,0,3.92,0,1.204,1.65,0,6.65
2/5/2026,22:30, ,gtmpiwq_20H100465_020426_050000.bin,Pine Island,GTMNERR,0,45.097,0,29.09,0,3.43,0,101.3,0,9.22,0,51.29,17.06,7.88,0,-86.2,5.76,11.337,0,3.32,0,1.204,1.66,0,6.7
2/5/2026,22:45, ,gtmpiwq_20H100465_020426_050000.bin,Pine Island,GTMNERR,0,45.228,0,29.18,0,3.485,0,101.2,0,9.21,0,50.68,16.85,7.88,0,-86.4,5.77,11.329,0,3.29,0,1.207,1.55,0,6.23
2/5/2026,23:00, ,gtmpiwq_20H100465_020426_050000.bin,Pine Island,GTMNERR,0,45.409,0,29.31,0,3.545,0,101.2,0,9.2,0,49.71,16.53,7.88,0,-86.6,5.76,11.31,0,3.63,0,1.204,1.5,0,6.05
2/5/2026,23:15, ,gtmpiwq_20H100465_020426_050000.bin,Pine Island,GTMNERR,0,45.702,0,29.52,0,3.606,0,101.1,0,9.19,0,48.14,16.01,7.89,0,-87,5.77,11.303,0,3.46,0,1.202,1.45,0,5.84
2/5/2026,23:30, ,gtmpiwq_20H100465_020426_050000.bin,Pine Island,GTMNERR,0,46.074,0,29.79,0,3.659,0,101.1,0,9.17,0,46.27,15.38,7.9,0,-87.5,5.76,11.331,0,3.35,0,1.201,1.4,0,5.63
2/5/2026,23:45, ,gtmpiwq_20H100465_020426_050000.bin,Pine Island,GTMNERR,0,46.177,0,29.86,0,3.705,0,101.1,0,9.16,0,45.55,15.14,7.9,0,-87.6,5.76,11.358,0,3.78,0,1.198,1.66,0,6.7
2/6/2026,0:00, ,gtmpiwq_20H100465_020426_050000.bin,Pine Island,GTMNERR,0,46.313,0,29.96,0,3.743,0,101,0,9.14,0,44.76,14.88,7.9,0,-87.8,5.77,11.365,0,3.87,0,1.201,1.33,0,5.36
2/6/2026,0:15, ,gtmpiwq_20H100465_020426_050000.bin,Pine Island,GTMNERR,0,46.46,0,30.07,0,3.776,0,101,0,9.14,0,44.09,14.66,7.91,0,-88,5.76,11.342,0,3.63,0,1.203,1.42,0,5.74
2/6/2026,0:30, ,gtmpiwq_20H100465_020426_050000.bin,Pine Island,GTMNERR,0,46.569,0,30.14,0,3.802,0,100.9,0,9.13,0,43.37,14.42,7.91,0,-88.2,5.77,11.333,0,3.75,0,1.206,1.53,0,6.15
2/6/2026,0:45, ,gtmpiwq_20H100465_020426_050000.bin,Pine Island,GTMNERR,0,46.739,0,30.27,0,3.826,0,100.9,0,9.12,0,42.51,14.13,7.91,0,-88.4,5.75,11.334,0,3.58,0,1.205,1.46,0,5.89
2/6/2026,1:00, ,gtmpiwq_20H100465_020426_050000.bin,Pine Island,GTMNERR,0,46.922,0,30.4,0,3.838,0,100.8,0,9.1,0,41.6,13.82,7.92,0,-88.6,5.76,11.341,0,3.35,0,1.205,1.51,0,6.08
2/6/2026,1:15, ,gtmpiwq_20H100465_020426_050000.bin,Pine Island,GTMNERR,0,47.075,0,30.51,0,3.839,0,100.7,0,9.09,0,40.83,13.57,7.92,0,-88.9,5.76,11.348,0,2.81,0,1.203,1.57,0,6.32
2/6/2026,1:30, ,gtmpiwq_20H100465_020426_050000.bin,Pine Island,GTMNERR,0,47.09,0,30.52,0,3.821,0,100.2,0,9.03,0,39.65,13.17,7.92,0,-88.7,5.76,11.355,0,2.28,0,1.207,1.36,0,5.5
2/6/2026,1:45, ,gtmpiwq_20H100465_020426_050000.bin,Pine Island,GTMNERR,0,47.074,0,30.51,0,3.785,0,100.5,0,9.07,0,40.85,13.57,7.92,0,-88.8,5.77,11.357,0,2.35,0,1.21,1.75,0,7.05
2/6/2026,2:00, ,gtmpiwq_20H100465_020426_050000.bin,Pine Island,GTMNERR,0,46.822,0,30.32,0,3.734,0,100.4,0,9.08,0,42.1,13.99,7.92,0,-88.5,5.75,11.302,0,2.49,0,1.21,1.45,0,5.84
2/6/2026,2:15, ,gtmpiwq_20H100465_020426_050000.bin,Pine Island,GTMNERR,0,46.686,0,30.23,0,3.678,0,100.5,0,9.09,0,42.7,14.19,7.91,0,-88.3,5.76,11.296,0,3.77,0,1.206,1.63,0,6.56
2/6/2026,2:30, ,gtmpiwq_20H100465_020426_050000.bin,Pine Island,GTMNERR,0,46.34,0,29.98,0,3.62,0,100.5,0,9.11,0,44.67,14.85,7.9,0,-87.8,5.76,11.25,0,3.13,0,1.201,1.79,0,7.22
2/6/2026,2:45, ,gtmpiwq_20H100465_020426_050000.bin,Pine Island,GTMNERR,0,45.891,0,29.65,0,3.558,0,100.3,0,9.12,0,47.24,15.71,7.89,0,-87.2,5.76,11.206,0,3.23,0,1.2,1.57,0,6.33
2/6/2026,3:00, ,gtmpiwq_20H100465_020426_050000.bin,Pine Island,GTMNERR,0,45.585,0,29.43,0,3.493,0,100.2,0,9.14,0,49,16.29,7.88,0,-86.6,5.76,11.182,0,2.98,0,1.202,1.58,0,6.38
2/6/2026,3:15, ,gtmpiwq_20H100465_020426_050000.bin,Pine Island,GTMNERR,0,45.217,0,29.16,0,3.424,0,99.9,0,9.14,0,50.83,16.9,7.88,0,-86.3,5.75,11.083,0,2.89,0,1.202,1.63,0,6.57
2/6/2026,3:30, ,gtmpiwq_20H100465_020426_050000.bin,Pine Island,GTMNERR,0,45.068,0,29.06,0,3.352,0,99.8,0,9.14,0,51.64,17.17,7.87,0,-86,5.75,11.073,0,3.17,0,1.2,2.26,0,9.08
2/6/2026,3:45, ,gtmpiwq_20H100465_020426_050000.bin,Pine Island,GTMNERR,0,44.855,0,28.91,0,3.278,0,99.8,0,9.14,0,52.7,17.53,7.87,0,-85.6,5.76,11.084,0,3.47,0,1.209,1.72,0,6.94
2/6/2026,4:00, ,gtmpiwq_20H100465_020426_050000.bin,Pine Island,GTMNERR,0,44.649,0,28.76,0,3.21,0,99.7,0,9.15,0,53.68,17.85,7.86,0,-85.3,5.75,11.079,0,3.76,0,1.204,1.54,0,6.2
2/6/2026,4:15, ,gtmpiwq_20H100465_020426_050000.bin,Pine Island,GTMNERR,0,44.445,0,28.61,0,3.135,0,99.6,0,9.15,0,54.69,18.19,7.86,0,-85,5.76,11.033,0,3.7,0,1.199,1.63,0,6.54
2/6/2026,4:30, ,gtmpiwq_20H100465_020426_050000.bin,Pine Island,GTMNERR,0,44.264,0,28.48,0,3.061,0,99.4,0,9.15,0,55.8,18.56,7.85,0,-84.7,5.75,10.971,0,3.51,0,1.196,1.59,0,6.41
2/6/2026,4:45, ,gtmpiwq_20H100465_020426_050000.bin,Pine Island,GTMNERR,0,44.111,0,28.37,0,2.98,0,99.2,0,9.15,0,56.69,18.86,7.85,0,-84.4,5.75,10.925,0,3.31,0,1.196,1.91,0,7.7
2/6/2026,5:00, ,gtmpiwq_20H100465_020426_050000.bin,Pine Island,GTMNERR,0,43.987,0,28.28,0,2.898,0,99,0,9.14,0,57.28,19.06,7.84,0,-84.1,5.76,10.926,0,3.51,0,1.202,1.56,0,6.29
2/6/2026,5:15, ,gtmpiwq_20H100465_020426_050000.bin,Pine Island,GTMNERR,0,43.788,0,28.14,0,2.817,0,98.9,0,9.14,0,58.28,19.39,7.84,0,-83.9,5.75,10.897,0,3.82,0,1.208,1.82,0,7.32
2/6/2026,5:30, ,gtmpiwq_20H100465_020426_050000.bin,Pine Island,GTMNERR,0,43.555,0,27.97,0,2.734,0,98.2,0,9.11,0,59.34,19.74,7.83,0,-83.3,5.76,10.816,0,3.87,0,1.204,1.6,0,6.44
2/6/2026,5:45, ,gtmpiwq_20H100465_020426_050000.bin,Pine Island,GTMNERR,0,43.347,0,27.81,0,2.655,0,97.4,0,9.07,0,60.6,20.16,7.82,0,-82.8,5.74,10.699,0,4.32,0,1.199,1.83,0,7.36
2/6/2026,6:00, ,gtmpiwq_20H100465_020426_050000.bin,Pine Island,GTMNERR,0,43.173,0,27.69,0,2.582,0,96.8,0,9.04,0,61.59,20.49,7.81,0,-82.2,5.75,10.591,0,3.95,0,1.196,1.65,0,6.65
2/6/2026,6:15, ,gtmpiwq_20H100465_020426_050000.bin,Pine Island,GTMNERR,0,43.02,0,27.58,0,2.518,0,96.6,0,9.03,0,62.48,20.79,7.81,0,-82,5.75,10.535,0,3.39,0,1.193,1.49,0,6
2/6/2026,6:30, ,gtmpiwq_20H100465_020426_050000.bin,Pine Island,GTMNERR,0,42.902,0,27.49,0,2.474,0,96.2,0,9.01,0,63.36,21.08,7.8,0,-81.6,5.75,10.486,0,3.49,0,1.204,1.26,0,5.1
2/6/2026,6:45, ,gtmpiwq_20H100465_020426_050000.bin,Pine Island,GTMNERR,0,42.818,0,27.43,0,2.455,0,96,0,9,0,63.77,21.22,7.8,0,-81.7,5.75,10.457,0,3.42,0,1.205,1.47,0,5.94
2/6/2026,7:00, ,gtmpiwq_20H100465_020426_050000.bin,Pine Island,GTMNERR,0,42.775,0,27.4,0,2.454,0,95.9,0,9,0,64.19,21.36,7.8,0,-81.6,5.75,10.442,0,3.1,0,1.211,1.62,0,6.54
2/6/2026,7:15, ,gtmpiwq_20H100465_020426_050000.bin,Pine Island,GTMNERR,0,42.826,0,27.43,0,2.491,0,95.9,0,9,0,63.87,21.25,7.8,0,-81.7,5.75,10.439,0,3.23,0,1.205,1.52,0,6.14
2/6/2026,7:30, ,gtmpiwq_20H100465_020426_050000.bin,Pine Island,GTMNERR,0,43.151,0,27.66,0,2.562,0,96.1,0,9,0,62.21,20.7,7.81,0,-82,5.75,10.44,0,3.36,0,1.196,1.46,0,5.87
2/6/2026,7:45, ,gtmpiwq_20H100465_020426_050000.bin,Pine Island,GTMNERR,0,43.217,0,27.71,0,2.636,0,96.3,0,9.01,0,61.61,20.5,7.81,0,-82.3,5.74,10.466,0,3.86,0,1.198,1.51,0,6.08
2/6/2026,8:00, ,gtmpiwq_20H100465_020426_050000.bin,Pine Island,GTMNERR,0,43.359,0,27.81,0,2.716,0,96.7,0,9.04,0,60.95,20.28,7.82,0,-82.6,5.75,10.495,0,3.59,0,1.193,1.44,0,5.8
2/6/2026,8:15, ,gtmpiwq_20H100465_020426_050000.bin,Pine Island,GTMNERR,0,43.512,0,27.92,0,2.793,0,96.9,0,9.04,0,59.88,19.92,7.82,0,-82.8,5.74,10.526,0,4.78,0,1.195,1.26,0,5.08
2/6/2026,8:30, ,gtmpiwq_20H100465_020426_050000.bin,Pine Island,GTMNERR,0,43.796,0,28.13,0,2.864,0,97.2,0,9.06,0,58.8,19.56,7.83,0,-83.3,5.74,10.562,0,3.85,0,1.198,1.35,0,5.46
2/6/2026,8:45, ,gtmpiwq_20H100465_020426_050000.bin,Pine Island,GTMNERR,0,43.987,0,28.27,0,2.932,0,97.8,0,9.08,0,57.53,19.14,7.84,0,-83.8,5.75,10.638,0,3.87,0,1.203,1.32,0,5.33
2/6/2026,9:00, ,gtmpiwq_20H100465_020426_050000.bin,Pine Island,GTMNERR,0,44.285,0,28.47,0,2.997,0,97.2,0,9.05,0,56.03,18.64,7.84,0,-83.9,5.74,10.506,0,4.89,0,1.208,1.41,0,5.67
2/6/2026,9:15, ,gtmpiwq_20H100465_020426_050000.bin,Pine Island,GTMNERR,0,44.477,0,28.61,0,3.057,0,97.4,0,9.05,0,55.33,18.4,7.84,0,-84.1,5.75,10.527,0,3.73,0,1.207,1.31,0,5.28
2/6/2026,9:30, ,gtmpiwq_20H100465_020426_050000.bin,Pine Island,GTMNERR,0,44.591,0,28.69,0,3.12,0,97.4,0,9.05,0,54.7,18.19,7.85,0,-84.3,5.74,10.509,0,3.87,0,1.202,1.37,0,5.53
2/6/2026,9:45, ,gtmpiwq_20H100465_020426_050000.bin,Pine Island,GTMNERR,0,44.69,0,28.76,0,3.174,0,97.5,0,9.05,0,54.29,18.06,7.85,0,-84.4,5.74,10.506,0,3.43,0,1.197,1.43,0,5.77
2/6/2026,10:00, ,gtmpiwq_20H100465_020426_050000.bin,Pine Island,GTMNERR,0,44.778,0,28.83,0,3.231,0,97.8,0,9.06,0,53.79,17.89,7.85,0,-84.6,5.75,10.587,0,3.57,0,1.196,1.44,0,5.8
2/6/2026,10:15, ,gtmpiwq_20H100465_020426_050000.bin,Pine Island,GTMNERR,0,44.914,0,28.92,0,3.285,0,98,0,9.07,0,52.93,17.6,7.86,0,-84.9,5.74,10.607,0,3.3,0,1.204,1.33,0,5.37
2/6/2026,10:30, ,gtmpiwq_20H100465_020426_050000.bin,Pine Island,GTMNERR,0,45.028,0,29.01,0,3.342,0,98.3,0,9.09,0,52.2,17.36,7.86,0,-85.2,5.74,10.645,0,3.63,0,1.206,1.26,0,5.07
2/6/2026,10:45, ,gtmpiwq_20H100465_020426_050000.bin,Pine Island,GTMNERR,0,45.299,0,29.2,0,3.398,0,98.1,0,9.06,0,50.92,16.93,7.87,0,-85.4,5.75,10.647,0,3.7,0,1.21,1.24,0,5.02
2/6/2026,11:00, ,gtmpiwq_20H100465_020426_050000.bin,Pine Island,GTMNERR,0,45.466,0,29.32,0,3.452,0,98.5,0,9.08,0,50.1,16.66,7.87,0,-85.9,5.73,10.691,0,3,0,1.202,1.25,0,5.06
2/6/2026,11:15, ,gtmpiwq_20H100465_020426_050000.bin,Pine Island,GTMNERR,0,45.632,0,29.44,0,3.507,0,98.8,0,9.09,0,49.14,16.34,7.88,0,-86.2,5.74,10.732,0,2.93,0,1.199,1.28,0,5.17
2/6/2026,11:30, ,gtmpiwq_20H100465_020426_050000.bin,Pine Island,GTMNERR,0,45.768,0,29.54,0,3.56,0,99,0,9.09,0,48.32,16.07,7.88,0,-86.5,5.74,10.774,0,2.87,0,1.196,1.18,0,4.75
2/6/2026,11:45, ,gtmpiwq_20H100465_020426_050000.bin,Pine Island,GTMNERR,0,45.99,0,29.7,0,3.61,0,99.3,0,9.11,0,47.07,15.65,7.89,0,-86.9,5.74,10.836,0,2.86,0,1.197,1.27,0,5.12
2/6/2026,12:00, ,gtmpiwq_20H100465_020426_050000.bin,Pine Island,GTMNERR,0,46.275,0,29.91,0,3.651,0,99.5,0,9.11,0,45.42,15.1,7.9,0,-87.4,5.74,10.872,0,3.26,0,1.209,1.38,0,5.55
2/6/2026,12:15, ,gtmpiwq_20H100465_020426_050000.bin,Pine Island,GTMNERR,0,46.529,0,30.09,0,3.688,0,99.7,0,9.1,0,44.01,14.63,7.9,0,-87.8,5.74,10.904,0,2.88,0,1.202,1.24,0,5.02
2/6/2026,12:30, ,gtmpiwq_20H100465_020426_050000.bin,Pine Island,GTMNERR,0,46.648,0,30.18,0,3.718,0,99.7,0,9.09,0,43.35,14.41,7.91,0,-87.9,5.73,10.933,0,2.93,0,1.198,1.21,0,4.89
2/6/2026,12:45, ,gtmpiwq_20H100465_020426_050000.bin,Pine Island,GTMNERR,0,46.745,0,30.25,0,3.744,0,99.8,0,9.09,0,42.67,14.18,7.91,0,-88.1,5.74,10.966,0,3.26,0,1.197,1.25,0,5.04
2/6/2026,13:00, ,gtmpiwq_20H100465_020426_050000.bin,Pine Island,GTMNERR,0,46.897,0,30.36,0,3.759,0,100,0,9.09,0,41.82,13.9,7.91,0,-88.3,5.73,10.999,0,2.98,0,1.192,1.26,0,5.07
2/6/2026,13:15, ,gtmpiwq_20H100465_020426_050000.bin,Pine Island,GTMNERR,0,46.984,0,30.43,0,3.767,0,100.2,0,9.1,0,41.3,13.72,7.92,0,-88.6,5.73,11.046,0,2.75,0,1.195,1.23,0,4.98
2/6/2026,13:30, ,gtmpiwq_20H100465_020426_050000.bin,Pine Island,GTMNERR,0,46.99,0,30.44,0,3.758,0,100.9,0,9.14,0,40.97,13.62,7.92,0,-88.8,5.74,11.185,0,2.34,0,1.205,1.24,0,5.01
2/6/2026,13:45, ,gtmpiwq_20H100465_020426_050000.bin,Pine Island,GTMNERR,0,47.058,0,30.49,0,3.73,0,100.5,0,9.1,0,40.03,13.3,7.92,0,-88.7,5.73,11.195,0,2.25,0,1.212,0.93,0,3.75
2/6/2026,14:00, ,gtmpiwq_20H100465_020426_050000.bin,Pine Island,GTMNERR,0,47.006,0,30.45,0,3.687,0,100.7,0,9.12,0,40.36,13.41,7.92,0,-88.9,5.74,11.203,0,1.99,0,1.202,1.39,0,5.59
2/6/2026,14:15, ,gtmpiwq_20H100465_020426_050000.bin,Pine Island,GTMNERR,0,46.856,0,30.34,0,3.625,0,101.1,0,9.15,0,41.58,13.82,7.92,0,-88.5,5.73,11.218,0,2.56,0,1.198,1.25,0,5.03
2/6/2026,14:30, ,gtmpiwq_20H100465_020426_050000.bin,Pine Island,GTMNERR,0,46.651,0,30.2,0,3.561,0,101.2,0,9.18,0,42.72,14.2,7.91,0,-88.4,5.73,11.193,0,2.93,0,1.197,1.39,0,5.61
2/6/2026,14:45, ,gtmpiwq_20H100465_020426_050000.bin,Pine Island,GTMNERR,0,46.309,0,29.95,0,3.492,0,101.4,0,9.21,0,44.65,14.84,7.91,0,-88,5.74,11.182,0,3.04,0,1.195,1.33,0,5.36
2/6/2026,15:00, ,gtmpiwq_20H100465_020426_050000.bin,Pine Island,GTMNERR,0,45.811,0,29.59,0,3.422,0,101.4,0,9.24,0,47.43,15.77,7.9,0,-87.5,5.73,11.138,0,2.71,0,1.192,1.44,0,5.8
2/6/2026,15:15, ,gtmpiwq_20H100465_020426_050000.bin,Pine Island,GTMNERR,0,45.409,0,29.3,0,3.351,0,101.6,0,9.27,0,49.35,16.41,7.89,0,-86.9,5.74,11.154,0,2.89,0,1.195,1.36,0,5.5
2/6/2026,15:30, ,gtmpiwq_20H100465_020426_050000.bin,Pine Island,GTMNERR,0,45.293,0,29.22,0,3.276,0,101,0,9.24,0,50.1,16.66,7.88,0,-86.6,5.73,11.066,0,2.87,0,1.207,1.43,0,5.76
2/6/2026,15:45, ,gtmpiwq_20H100465_020426_050000.bin,Pine Island,GTMNERR,0,45.084,0,29.07,0,3.196,0,101.4,0,9.28,0,51.11,17,7.88,0,-86.3,5.73,11.093,0,3.33,0,1.202,1.39,0,5.62
2/6/2026,16:00, ,gtmpiwq_20H100465_020426_050000.bin,Pine Island,GTMNERR,0,44.813,0,28.88,0,3.115,0,101.8,0,9.31,0,52.27,17.38,7.88,0,-86.1,5.73,11.154,0,3.15,0,1.2,1.57,0,6.31
2/6/2026,16:15, ,gtmpiwq_20H100465_020426_050000.bin,Pine Island,GTMNERR,0,44.675,0,28.78,0,3.034,0,101.9,0,9.33,0,52.93,17.6,7.87,0,-86,5.73,11.148,0,3.38,0,1.201,1.46,0,5.87
2/6/2026,16:30, ,gtmpiwq_20H100465_020426_050000.bin,Pine Island,GTMNERR,0,44.472,0,28.64,0,2.943,0,102.3,0,9.36,0,54.04,17.97,7.87,0,-85.8,5.73,11.21,0,3.12,0,1.199,1.42,0,5.73
2/6/2026,16:45, ,gtmpiwq_20H100465_020426_050000.bin,Pine Island,GTMNERR,0,44.347,0,28.55,0,2.854,0,102.3,0,9.36,0,54.54,18.14,7.87,0,-85.7,5.73,11.222,0,3.06,0,1.197,1.48,0,5.96
2/6/2026,17:00, ,gtmpiwq_20H100465_020426_050000.bin,Pine Island,GTMNERR,0,44.165,0,28.42,0,2.758,0,102.3,0,9.37,0,55.33,18.41,7.86,0,-85.4,5.73,11.264,0,3.23,0,1.195,1.48,0,5.96
2/6/2026,17:15, ,gtmpiwq_20H100465_020426_050000.bin,Pine Island,GTMNERR,0,43.928,0,28.26,0,2.66,0,102.7,0,9.4,0,56.55,18.81,7.86,0,-85.3,5.73,11.34,0,3.33,0,1.196,1.49,0,5.99
2/6/2026,17:30, ,gtmpiwq_20H100465_020426_050000.bin,Pine Island,GTMNERR,0,43.667,0,28.07,0,2.569,0,103,0,9.42,0,57.62,19.17,7.86,0,-85.1,5.72,11.409,0,3.6,0,1.207,1.53,0,6.17
2/6/2026,17:45, ,gtmpiwq_20H100465_020426_050000.bin,Pine Island,GTMNERR,0,43.436,0,27.91,0,2.483,0,103.3,0,9.44,0,58.59,19.49,7.85,0,-84.8,5.73,11.494,0,3.64,0,1.198,1.61,0,6.47
2/6/2026,18:00, ,gtmpiwq_20H100465_020426_050000.bin,Pine Island,GTMNERR,0,43.26,0,27.79,0,2.402,0,103.8,0,9.47,0,59.13,19.67,7.85,0,-84.7,5.72,11.612,0,3.87,0,1.204,1.62,0,6.53
2/6/2026,18:15, ,gtmpiwq_20H100465_020426_050000.bin,Pine Island,GTMNERR,0,43.119,0,27.69,0,2.333,0,103.9,0,9.48,0,59.81,19.9,7.85,0,-84.8,5.73,11.646,0,3.91,0,1.207,1.68,0,6.76
2/6/2026,18:30, ,gtmpiwq_20H100465_020426_050000.bin,Pine Island,GTMNERR,0,42.998,0,27.61,0,2.272,0,103.9,0,9.48,0,60.27,20.05,7.85,0,-84.7,5.73,11.669,0,4.07,0,1.21,1.65,0,6.65
2/6/2026,18:45, ,gtmpiwq_20H100465_020426_050000.bin,Pine Island,GTMNERR,0,42.919,0,27.56,0,2.227,0,104.1,0,9.49,0,60.57,20.15,7.85,0,-84.8,5.72,11.735,0,4.49,0,1.208,1.72,0,6.92
2/6/2026,19:00, ,gtmpiwq_20H100465_020426_050000.bin,Pine Island,GTMNERR,0,42.864,0,27.52,0,2.21,0,104,0,9.48,0,61.05,20.31,7.85,0,-84.7,5.73,11.747,0,4.78,0,1.205,1.87,0,7.53
2/6/2026,19:15, ,gtmpiwq_20H100465_020426_050000.bin,Pine Island,GTMNERR,0,42.847,0,27.51,0,2.217,0,103.6,0,9.44,0,60.41,20.1,7.85,0,-84.7,5.72,11.748,0,3.13,0,1.205,1.77,0,7.12
2/6/2026,19:30, ,gtmpiwq_20H100465_020426_050000.bin,Pine Island,GTMNERR,0,42.841,0,27.5,0,2.253,0,103.6,0,9.45,0,61.51,20.47,7.85,0,-84.7,5.72,11.74,0,3.44,0,1.206,1.58,0,6.36
2/6/2026,19:45, ,gtmpiwq_20H100465_020426_050000.bin,Pine Island,GTMNERR,0,42.982,0,27.6,0,2.322,0,104.1,0,9.49,0,61.04,20.31,7.85,0,-84.7,5.73,11.707,0,3.14,0,1.203,1.47,0,5.92
2/6/2026,20:00, ,gtmpiwq_20H100465_020426_050000.bin,Pine Island,GTMNERR,0,43.187,0,27.74,0,2.396,0,104.1,0,9.48,0,59.73,19.87,7.85,0,-84.9,5.72,11.702,0,3.51,0,1.205,1.65,0,6.64
2/6/2026,20:15, ,gtmpiwq_20H100465_020426_050000.bin,Pine Island,GTMNERR,0,43.233,0,27.78,0,2.473,0,103.9,0,9.47,0,59.54,19.81,7.85,0,-84.9,5.73,11.646,0,4.43,0,1.201,1.58,0,6.36
2/6/2026,20:30, ,gtmpiwq_20H100465_020426_050000.bin,Pine Island,GTMNERR,0,43.403,0,27.89,0,2.552,0,103.5,0,9.45,0,59.03,19.64,7.85,0,-85,5.72,11.583,0,3.79,0,1.202,1.49,0,6.01
2/6/2026,20:45, ,gtmpiwq_20H100465_020426_050000.bin,Pine Island,GTMNERR,0,43.701,0,28.1,0,2.633,0,103.5,0,9.44,0,57.67,19.18,7.86,0,-85.3,5.72,11.562,0,3.59,0,1.203,1.59,0,6.4
2/6/2026,21:00, ,gtmpiwq_20H100465_020426_050000.bin,Pine Island,GTMNERR,0,43.83,0,28.19,0,2.7,0,103.2,0,9.42,0,57.29,19.06,7.86,0,-85.4,5.73,11.47,0,3.6,0,1.207,1.49,0,6
2/6/2026,21:15, ,gtmpiwq_20H100465_020426_050000.bin,Pine Island,GTMNERR,0,43.957,0,28.28,0,2.773,0,103.1,0,9.41,0,56.46,18.78,7.86,0,-85.5,5.72,11.444,0,3.62,0,1.211,1.49,0,5.99
2/6/2026,21:30, ,gtmpiwq_20H100465_020426_050000.bin,Pine Island,GTMNERR,0,44.245,0,28.49,0,2.843,0,103.4,0,9.41,0,54.84,18.24,7.87,0,-86,5.73,11.507,0,4.26,0,1.201,1.51,0,6.09
2/6/2026,21:45, ,gtmpiwq_20H100465_020426_050000.bin,Pine Island,GTMNERR,0,44.478,0,28.65,0,2.907,0,103.2,0,9.4,0,54.05,17.98,7.88,0,-86.2,5.71,11.465,0,3.57,0,1.196,1.58,0,6.38
2/6/2026,22:00, ,gtmpiwq_20H100465_020426_050000.bin,Pine Island,GTMNERR,0,44.528,0,28.69,0,2.973,0,102.7,0,9.37,0,53.92,17.93,7.87,0,-86.1,5.72,11.379,0,3.52,0,1.196,1.57,0,6.31
2/6/2026,22:15, ,gtmpiwq_20H100465_020426_050000.bin,Pine Island,GTMNERR,0,44.666,0,28.79,0,3.036,0,102.9,0,9.37,0,53.07,17.65,7.88,0,-86.4,5.73,11.43,0,3.92,0,1.202,1.46,0,5.9
2/6/2026,22:30, ,gtmpiwq_20H100465_020426_050000.bin,Pine Island,GTMNERR,0,44.735,0,28.83,0,3.098,0,102.7,0,9.36,0,52.86,17.58,7.88,0,-86.3,5.72,11.4,0,3.63,0,1.207,1.48,0,5.96
2/6/2026,22:45, ,gtmpiwq_20H100465_020426_050000.bin,Pine Island,GTMNERR,0,44.847,0,28.91,0,3.156,0,102.6,0,9.34,0,52.41,17.43,7.88,0,-86.4,5.72,11.384,0,3.44,0,1.21,1.48,0,5.98
2/6/2026,23:00, ,gtmpiwq_20H100465_020426_050000.bin,Pine Island,GTMNERR,0,44.994,0,29.02,0,3.215,0,102.5,0,9.33,0,51.62,17.17,7.88,0,-86.5,5.71,11.375,0,3.51,0,1.21,1.41,0,5.67
2/6/2026,23:15, ,gtmpiwq_20H100465_020426_050000.bin,Pine Island,GTMNERR,0,45.236,0,29.2,0,3.273,0,102.7,0,9.32,0,50.43,16.77,7.89,0,-86.8,5.72,11.46,0,3.47,0,1.201,1.41,0,5.7
2/6/2026,23:30, ,gtmpiwq_20H100465_020426_050000.bin,Pine Island,GTMNERR,0,45.411,0,29.32,0,3.33,0,102.8,0,9.31,0,49.44,16.44,7.89,0,-87.1,5.72,11.479,0,3.27,0,1.195,1.36,0,5.47
2/6/2026,23:45, ,gtmpiwq_20H100465_020426_050000.bin,Pine Island,GTMNERR,0,45.537,0,29.41,0,3.389,0,102.7,0,9.31,0,48.85,16.24,7.9,0,-87.3,5.72,11.471,0,3,0,1.194,1.38,0,5.57
2/7/2026,0:00, ,gtmpiwq_20H100465_020426_050000.bin,Pine Island,GTMNERR,0,45.662,0,29.5,0,3.444,0,102.6,0,9.29,0,48.15,16.01,7.9,0,-87.5,5.72,11.458,0,3.33,0,1.209,1.4,0,5.63
2/7/2026,0:15, ,gtmpiwq_20H100465_020426_050000.bin,Pine Island,GTMNERR,0,45.842,0,29.63,0,3.493,0,102.6,0,9.28,0,47.15,15.67,7.9,0,-87.7,5.71,11.461,0,3.14,0,1.202,1.38,0,5.58
2/7/2026,0:30, ,gtmpiwq_20H100465_020426_050000.bin,Pine Island,GTMNERR,0,45.936,0,29.7,0,3.539,0,102.5,0,9.27,0,46.62,15.5,7.9,0,-87.8,5.71,11.474,0,3.52,0,1.199,1.4,0,5.65
2/7/2026,0:45, ,gtmpiwq_20H100465_020426_050000.bin,Pine Island,GTMNERR,0,46.239,0,29.92,0,3.573,0,102.6,0,9.26,0,44.92,14.93,7.91,0,-88.3,5.72,11.517,0,3.28,0,1.197,1.4,0,5.63
2/7/2026,1:00, ,gtmpiwq_20H100465_020426_050000.bin,Pine Island,GTMNERR,0,46.479,0,30.09,0,3.599,0,102.6,0,9.24,0,43.72,14.53,7.92,0,-88.6,5.71,11.549,0,2.76,0,1.192,1.55,0,6.26
2/7/2026,1:15, ,gtmpiwq_20H100465_020426_050000.bin,Pine Island,GTMNERR,0,46.535,0,30.13,0,3.618,0,102.5,0,9.23,0,43.51,14.46,7.92,0,-88.7,5.72,11.55,0,3.24,0,1.196,1.46,0,5.88
2/7/2026,1:30, ,gtmpiwq_20H100465_020426_050000.bin,Pine Island,GTMNERR,0,46.593,0,30.17,0,3.623,0,102.4,0,9.22,0,43.26,14.38,7.92,0,-88.8,5.71,11.553,0,2.33,0,1.204,1.85,0,7.44
2/7/2026,1:45, ,gtmpiwq_20H100465_020426_050000.bin,Pine Island,GTMNERR,0,46.609,0,30.18,0,3.61,0,102.1,0,9.19,0,42.1,13.99,7.92,0,-88.8,5.71,11.558,0,2.12,0,1.211,2.46,0,9.89
2/7/2026,2:00, ,gtmpiwq_20H100465_020426_050000.bin,Pine Island,GTMNERR,0,46.582,0,30.16,0,3.575,0,102.3,0,9.21,0,42.92,14.26,7.92,0,-88.8,5.72,11.548,0,2.82,0,1.204,1.52,0,6.11
2/7/2026,2:15, ,gtmpiwq_20H100465_020426_050000.bin,Pine Island,GTMNERR,0,46.469,0,30.08,0,3.524,0,102.1,0,9.21,0,43.94,14.61,7.92,0,-88.6,5.72,11.507,0,2.41,0,1.194,1.25,0,5.04
2/7/2026,2:30, ,gtmpiwq_20H100465_020426_050000.bin,Pine Island,GTMNERR,0,46.24,0,29.91,0,3.469,0,102.2,0,9.23,0,44.94,14.94,7.91,0,-88.1,5.71,11.48,0,2.68,0,1.195,1.44,0,5.81
2/7/2026,2:45, ,gtmpiwq_20H100465_020426_050000.bin,Pine Island,GTMNERR,0,45.794,0,29.59,0,3.408,0,102,0,9.24,0,47.54,15.81,7.9,0,-87.6,5.71,11.431,0,2.71,0,1.204,1.5,0,6.05
2/7/2026,3:00, ,gtmpiwq_20H100465_020426_050000.bin,Pine Island,GTMNERR,0,45.297,0,29.24,0,3.347,0,101.7,0,9.24,0,50.02,16.63,7.89,0,-87,5.72,11.394,0,3.05,0,1.206,1.56,0,6.27
2/7/2026,3:15, ,gtmpiwq_20H100465_020426_050000.bin,Pine Island,GTMNERR,0,45.002,0,29.02,0,3.285,0,101.6,0,9.25,0,51.71,17.2,7.88,0,-86.5,5.71,11.36,0,2.84,0,1.207,1.53,0,6.15
2/7/2026,3:30, ,gtmpiwq_20H100465_020426_050000.bin,Pine Island,GTMNERR,0,45.065,0,29.07,0,3.216,0,101.5,0,9.24,0,51.39,17.09,7.88,0,-86.6,5.72,11.345,0,2.77,0,1.207,1.46,0,5.88
2/7/2026,3:45, ,gtmpiwq_20H100465_020426_050000.bin,Pine Island,GTMNERR,0,45.034,0,29.05,0,3.149,0,101.6,0,9.24,0,51.43,17.1,7.88,0,-86.4,5.72,11.374,0,3.29,0,1.205,1.48,0,5.96
2/7/2026,4:00, ,gtmpiwq_20H100465_020426_050000.bin,Pine Island,GTMNERR,0,44.766,0,28.85,0,3.085,0,101.3,0,9.24,0,52.79,17.56,7.87,0,-86,5.71,11.314,0,3.19,0,1.205,1.55,0,6.23
2/7/2026,4:15, ,gtmpiwq_20H100465_020426_050000.bin,Pine Island,GTMNERR,0,44.607,0,28.74,0,3.018,0,101.2,0,9.24,0,53.56,17.81,7.87,0,-85.9,5.71,11.291,0,3.73,0,1.207,1.58,0,6.37
2/7/2026,4:30, ,gtmpiwq_20H100465_020426_050000.bin,Pine Island,GTMNERR,0,44.497,0,28.66,0,2.947,0,101.1,0,9.24,0,54.17,18.02,7.87,0,-85.6,5.7,11.263,0,3.34,0,1.212,1.49,0,6.02
2/7/2026,4:45, ,gtmpiwq_20H100465_020426_050000.bin,Pine Island,GTMNERR,0,44.387,0,28.58,0,2.872,0,101,0,9.24,0,54.8,18.23,7.86,0,-85.5,5.71,11.247,0,3.32,0,1.202,1.62,0,6.51
2/7/2026,5:00, ,gtmpiwq_20H100465_020426_050000.bin,Pine Island,GTMNERR,0,44.247,0,28.48,0,2.794,0,101,0,9.25,0,55.47,18.45,7.86,0,-85.3,5.71,11.245,0,3.57,0,1.197,1.61,0,6.48
2/7/2026,5:15, ,gtmpiwq_20H100465_020426_050000.bin,Pine Island,GTMNERR,0,44.093,0,28.37,0,2.715,0,100.9,0,9.24,0,56.24,18.71,7.86,0,-85,5.71,11.265,0,3.37,0,1.206,1.57,0,6.32
2/7/2026,5:30, ,gtmpiwq_20H100465_020426_050000.bin,Pine Island,GTMNERR,0,43.884,0,28.22,0,2.636,0,100.6,0,9.22,0,57.12,19,7.85,0,-84.6,5.71,11.25,0,4.01,0,1.202,1.51,0,6.09
2/7/2026,5:45, ,gtmpiwq_20H100465_020426_050000.bin,Pine Island,GTMNERR,0,43.681,0,28.08,0,2.565,0,100,0,9.19,0,58.4,19.43,7.84,0,-84,5.7,11.219,0,3.73,0,1.201,1.51,0,6.08
2/7/2026,6:00, ,gtmpiwq_20H100465_020426_050000.bin,Pine Island,GTMNERR,0,43.478,0,27.93,0,2.497,0,99.6,0,9.16,0,59.4,19.76,7.83,0,-83.7,5.71,11.196,0,3.53,0,1.2,1.53,0,6.16
2/7/2026,6:15, ,gtmpiwq_20H100465_020426_050000.bin,Pine Island,GTMNERR,0,43.331,0,27.82,0,2.435,0,99.3,0,9.15,0,60.13,20.01,7.83,0,-83.6,5.71,11.167,0,3.79,0,1.198,1.41,0,5.71
2/7/2026,6:30, ,gtmpiwq_20H100465_020426_050000.bin,Pine Island,GTMNERR,0,43.203,0,27.73,0,2.377,0,99.2,0,9.15,0,60.79,20.23,7.83,0,-83.3,5.7,11.16,0,3.72,0,1.197,1.48,0,5.95
2/7/2026,6:45, ,gtmpiwq_20H100465_020426_050000.bin,Pine Island,GTMNERR,0,43.107,0,27.66,0,2.33,0,99,0,9.13,0,61.18,20.35,7.82,0,-83.1,5.71,11.145,0,3.17,0,1.193,1.49,0,5.99
2/7/2026,7:00, ,gtmpiwq_20H100465_020426_050000.bin,Pine Island,GTMNERR,0,43.02,0,27.6,0,2.296,0,98.5,0,9.09,0,61.79,20.56,7.82,0,-83,5.7,11.138,0,2.9,0,1.194,1.63,0,6.56
2/7/2026,7:15, ,gtmpiwq_20H100465_020426_050000.bin,Pine Island,GTMNERR,0,42.959,0,27.56,0,2.285,0,98.7,0,9.11,0,61.87,20.59,7.82,0,-83.1,5.7,11.134,0,2.68,0,1.204,1.74,0,7.02
2/7/2026,7:30, ,gtmpiwq_20H100465_020426_050000.bin,Pine Island,GTMNERR,0,42.942,0,27.55,0,2.295,0,98.2,0,9.07,0,62.02,20.64,7.82,0,-82.9,5.71,11.134,0,2.32,0,1.202,1.57,0,6.32
2/7/2026,7:45, ,gtmpiwq_20H100465_020426_050000.bin,Pine Island,GTMNERR,0,42.952,0,27.55,0,2.332,0,98.3,0,9.08,0,62.16,20.68,7.82,0,-82.8,5.68,11.127,0,3.13,0,1.202,1.39,0,5.6
2/7/2026,8:00, ,gtmpiwq_20H100465_020426_050000.bin,Pine Island,GTMNERR,0,43.266,0,27.78,0,2.395,0,98.9,0,9.12,0,60.87,20.25,7.83,0,-83.4,5.71,11.112,0,2.84,0,1.211,1.23,0,4.95
2/7/2026,8:15, ,gtmpiwq_20H100465_020426_050000.bin,Pine Island,GTMNERR,0,43.564,0,27.99,0,2.478,0,98.6,0,9.1,0,59.18,19.69,7.83,0,-83.7,5.7,11.059,0,3.26,0,1.203,1.32,0,5.34
2/7/2026,8:30, ,gtmpiwq_20H100465_020426_050000.bin,Pine Island,GTMNERR,0,43.486,0,27.93,0,2.559,0,99,0,9.13,0,59.54,19.81,7.83,0,-83.6,5.71,11.108,0,3.3,0,1.207,1.26,0,5.1
2/7/2026,8:45, ,gtmpiwq_20H100465_020426_050000.bin,Pine Island,GTMNERR,0,43.576,0,28,0,2.643,0,99.5,0,9.16,0,59.08,19.65,7.84,0,-83.9,5.7,11.138,0,4.08,0,1.208,1.25,0,5.04
2/7/2026,9:00, ,gtmpiwq_20H100465_020426_050000.bin,Pine Island,GTMNERR,0,43.869,0,28.2,0,2.726,0,99.6,0,9.17,0,57.8,19.23,7.84,0,-84.2,5.7,11.109,0,3.35,0,1.209,1.24,0,5.02
2/7/2026,9:15, ,gtmpiwq_20H100465_020426_050000.bin,Pine Island,GTMNERR,0,43.999,0,28.3,0,2.798,0,99.7,0,9.17,0,57.11,19,7.85,0,-84.4,5.71,11.108,0,3.66,0,1.211,1.25,0,5.04
2/7/2026,9:30, ,gtmpiwq_20H100465_020426_050000.bin,Pine Island,GTMNERR,0,44.132,0,28.39,0,2.865,0,100.1,0,9.19,0,56.16,18.68,7.85,0,-84.7,5.69,11.155,0,4.74,0,1.21,1.34,0,5.39
2/7/2026,9:45, ,gtmpiwq_20H100465_020426_050000.bin,Pine Island,GTMNERR,0,44.474,0,28.63,0,2.927,0,99.9,0,9.17,0,54.86,18.25,7.86,0,-85,5.7,11.103,0,3.25,0,1.207,1.28,0,5.15
2/7/2026,10:00, ,gtmpiwq_20H100465_020426_050000.bin,Pine Island,GTMNERR,0,44.588,0,28.72,0,2.989,0,99.8,0,9.16,0,54.15,18.01,7.86,0,-85.1,5.69,11.1,0,3.42,0,1.206,1.31,0,5.27
2/7/2026,10:15, ,gtmpiwq_20H100465_020426_050000.bin,Pine Island,GTMNERR,0,44.645,0,28.76,0,3.046,0,100.1,0,9.18,0,53.65,17.84,7.86,0,-85.4,5.7,11.127,0,4.08,0,1.205,1.31,0,5.27
2/7/2026,10:30, ,gtmpiwq_20H100465_020426_050000.bin,Pine Island,GTMNERR,0,44.744,0,28.83,0,3.107,0,100.2,0,9.17,0,53.21,17.7,7.86,0,-85.5,5.7,11.141,0,4.15,0,1.204,1.29,0,5.21
2/7/2026,10:45, ,gtmpiwq_20H100465_020426_050000.bin,Pine Island,GTMNERR,0,44.853,0,28.91,0,3.164,0,100.2,0,9.17,0,52.69,17.52,7.87,0,-85.6,5.69,11.178,0,3.68,0,1.208,1.31,0,5.27
2/7/2026,11:00, ,gtmpiwq_20H100465_020426_050000.bin,Pine Island,GTMNERR,0,44.97,0,28.99,0,3.224,0,100.6,0,9.19,0,52.06,17.31,7.87,0,-85.9,5.7,11.221,0,3.26,0,1.208,1.27,0,5.12
2/7/2026,11:15, ,gtmpiwq_20H100465_020426_050000.bin,Pine Island,GTMNERR,0,45.036,0,29.04,0,3.283,0,101,0,9.21,0,51.65,17.18,7.88,0,-86.1,5.69,11.27,0,3.03,0,1.209,1.19,0,4.8
2/7/2026,11:30, ,gtmpiwq_20H100465_020426_050000.bin,Pine Island,GTMNERR,0,45.214,0,29.17,0,3.338,0,101.2,0,9.21,0,50.66,16.85,7.88,0,-86.4,5.69,11.34,0,3.01,0,1.206,1.25,0,5.03
2/7/2026,11:45, ,gtmpiwq_20H100465_020426_050000.bin,Pine Island,GTMNERR,0,45.372,0,29.29,0,3.397,0,101.3,0,9.2,0,49.71,16.53,7.88,0,-86.6,5.7,11.368,0,2.88,0,1.206,1.26,0,5.09
2/7/2026,12:00, ,gtmpiwq_20H100465_020426_050000.bin,Pine Island,GTMNERR,0,45.545,0,29.41,0,3.452,0,101.7,0,9.22,0,48.69,16.19,7.89,0,-87,5.69,11.429,0,2.73,0,1.206,1.22,0,4.94
2/7/2026,12:15, ,gtmpiwq_20H100465_020426_050000.bin,Pine Island,GTMNERR,0,45.646,0,29.49,0,3.501,0,101.8,0,9.22,0,48.27,16.05,7.89,0,-87.1,5.7,11.459,0,2.79,0,1.206,1.26,0,5.08
2/7/2026,12:30, ,gtmpiwq_20H100465_020426_050000.bin,Pine Island,GTMNERR,0,45.842,0,29.63,0,3.551,0,102.2,0,9.23,0,47,15.62,7.9,0,-87.5,5.69,11.535,0,2.91,0,1.207,1.24,0,5
2/7/2026,12:45, ,gtmpiwq_20H100465_020426_050000.bin,Pine Island,GTMNERR,0,46.062,0,29.79,0,3.596,0,102.5,0,9.24,0,45.81,15.23,7.9,0,-87.9,5.69,11.591,0,2.75,0,1.206,1.24,0,5
2/7/2026,13:00, ,gtmpiwq_20H100465_020426_050000.bin,Pine Island,GTMNERR,0,46.307,0,29.97,0,3.631,0,102.6,0,9.24,0,44.51,14.8,7.91,0,-88.2,5.7,11.613,0,2.65,0,1.205,1.24,0,5.02
2/7/2026,13:15, ,gtmpiwq_20H100465_020426_050000.bin,Pine Island,GTMNERR,0,46.441,0,30.07,0,3.659,0,102.7,0,9.24,0,43.73,14.53,7.91,0,-88.5,5.69,11.628,0,2.46,0,1.21,1.31,0,5.27
2/7/2026,13:30, ,gtmpiwq_20H100465_020426_050000.bin,Pine Island,GTMNERR,0,46.568,0,30.16,0,3.676,0,102.8,0,9.23,0,42.94,14.27,7.92,0,-88.7,5.7,11.674,0,2.36,0,1.211,1.32,0,5.33
2/7/2026,13:45, ,gtmpiwq_20H100465_020426_050000.bin,Pine Island,GTMNERR,0,46.62,0,30.2,0,3.691,0,103,0,9.24,0,42.6,14.16,7.92,0,-88.8,5.69,11.698,0,2.51,0,1.204,1.51,0,6.09
2/7/2026,14:00, ,gtmpiwq_20H100465_020426_050000.bin,Pine Island,GTMNERR,0,46.682,0,30.24,0,3.695,0,102.6,0,9.2,0,41.99,13.95,7.92,0,-88.7,5.69,11.684,0,2.38,0,1.199,1.69,0,6.81
2/7/2026,14:15, ,gtmpiwq_20H100465_020426_050000.bin,Pine Island,GTMNERR,0,46.693,0,30.25,0,3.682,0,102.1,0,9.15,0,40.95,13.61,7.92,0,-88.7,5.7,11.737,0,2.07,0,1.202,1.28,0,5.15
2/7/2026,14:30, ,gtmpiwq_20H100465_020426_050000.bin,Pine Island,GTMNERR,0,46.684,0,30.25,0,3.651,0,102.4,0,9.18,0,41.53,13.8,7.92,0,-89,5.69,11.732,0,1.95,0,1.198,1.38,0,5.55
2/7/2026,14:45, ,gtmpiwq_20H100465_020426_050000.bin,Pine Island,GTMNERR,0,46.467,0,30.09,0,3.603,0,102.9,0,9.23,0,42.81,14.23,7.92,0,-88.6,5.7,11.703,0,4.41,0,1.195,1.79,0,7.21
2/7/2026,15:00, ,gtmpiwq_20H100465_020426_050000.bin,Pine Island,GTMNERR,0,46.379,0,30.03,0,3.544,0,103.5,0,9.29,0,43.88,14.59,7.92,0,-88.7,5.69,11.717,0,2.56,0,1.197,1.47,0,5.91
2/7/2026,15:15, ,gtmpiwq_20H100465_020426_050000.bin,Pine Island,GTMNERR,0,45.94,0,29.72,0,3.484,0,104.3,0,9.35,0,45.75,15.21,7.91,0,-88.3,5.69,11.857,0,2.57,0,1.207,1.53,0,6.16
2/7/2026,15:30, ,gtmpiwq_20H100465_020426_050000.bin,Pine Island,GTMNERR,0,45.514,0,29.41,0,3.424,0,104.3,0,9.37,0,48.24,16.04,7.9,0,-87.8,5.7,11.873,0,2.78,0,1.208,1.46,0,5.87
2/7/2026,15:45, ,gtmpiwq_20H100465_020426_050000.bin,Pine Island,GTMNERR,0,45.072,0,29.1,0,3.364,0,104.5,0,9.39,0,50.18,16.68,7.89,0,-87.2,5.69,11.921,0,3.24,0,1.206,1.5,0,6.03
2/7/2026,16:00, ,gtmpiwq_20H100465_020426_050000.bin,Pine Island,GTMNERR,0,45.029,0,29.06,0,3.293,0,104.1,0,9.37,0,50.71,16.86,7.89,0,-87,5.7,11.856,0,2.73,0,1.204,1.45,0,5.86
2/7/2026,16:15, ,gtmpiwq_20H100465_020426_050000.bin,Pine Island,GTMNERR,0,44.939,0,29,0,3.226,0,104.1,0,9.38,0,51.07,16.98,7.88,0,-86.8,5.68,11.859,0,2.99,0,1.203,1.48,0,5.96
2/7/2026,16:30, ,gtmpiwq_20H100465_020426_050000.bin,Pine Island,GTMNERR,0,44.762,0,28.87,0,3.158,0,104.2,0,9.39,0,51.85,17.24,7.88,0,-86.7,5.69,11.872,0,3.07,0,1.203,1.57,0,6.32
2/7/2026,16:45, ,gtmpiwq_20H100465_020426_050000.bin,Pine Island,GTMNERR,0,44.632,0,28.78,0,3.09,0,104.1,0,9.39,0,52.5,17.46,7.88,0,-86.5,5.69,11.871,0,3.33,0,1.202,1.57,0,6.34
2/7/2026,17:00, ,gtmpiwq_20H100465_020426_050000.bin,Pine Island,GTMNERR,0,44.526,0,28.71,0,3.017,0,104.3,0,9.4,0,52.96,17.61,7.88,0,-86.4,5.69,11.896,0,3.52,0,1.202,1.65,0,6.63
2/7/2026,17:15, ,gtmpiwq_20H100465_020426_050000.bin,Pine Island,GTMNERR,0,44.375,0,28.6,0,2.95,0,104.6,0,9.43,0,53.65,17.84,7.88,0,-86.3,5.69,11.948,0,3.55,0,1.204,1.71,0,6.87
2/7/2026,17:30, ,gtmpiwq_20H100465_020426_050000.bin,Pine Island,GTMNERR,0,44.218,0,28.49,0,2.881,0,104.5,0,9.43,0,54.43,18.1,7.87,0,-86,5.69,11.945,0,3.21,0,1.202,1.73,0,6.96
2/7/2026,17:45, ,gtmpiwq_20H100465_020426_050000.bin,Pine Island,GTMNERR,0,44.036,0,28.36,0,2.805,0,104.5,0,9.43,0,55.6,18.5,7.87,0,-85.7,5.69,11.949,0,3.47,0,1.204,1.68,0,6.75
2/7/2026,18:00, ,gtmpiwq_20H100465_020426_050000.bin,Pine Island,GTMNERR,0,43.807,0,28.2,0,2.735,0,104.5,0,9.44,0,56.6,18.83,7.86,0,-85.6,5.68,11.978,0,4.05,0,1.202,1.79,0,7.21
2/7/2026,18:15, ,gtmpiwq_20H100465_020426_050000.bin,Pine Island,GTMNERR,0,43.577,0,28.04,0,2.67,0,104.9,0,9.46,0,57.42,19.1,7.86,0,-85.4,5.68,12.074,0,3.63,0,1.203,2.06,0,8.28
2/7/2026,18:30, ,gtmpiwq_20H100465_020426_050000.bin,Pine Island,GTMNERR,0,43.391,0,27.91,0,2.614,0,105.3,0,9.49,0,58.25,19.38,7.86,0,-85.2,5.69,12.198,0,3.8,0,1.203,1.87,0,7.53
2/7/2026,18:45, ,gtmpiwq_20H100465_020426_050000.bin,Pine Island,GTMNERR,0,43.222,0,27.79,0,2.562,0,105.6,0,9.5,0,58.86,19.58,7.86,0,-85.3,5.68,12.3,0,3.54,0,1.203,2.02,0,8.13
2/7/2026,19:00, ,gtmpiwq_20H100465_020426_050000.bin,Pine Island,GTMNERR,0,43.093,0,27.7,0,2.522,0,105.8,0,9.5,0,59.19,19.69,7.85,0,-84.9,5.69,12.355,0,3.43,0,1.202,1.98,0,7.95
2/7/2026,19:15, ,gtmpiwq_20H100465_020426_050000.bin,Pine Island,GTMNERR,0,42.999,0,27.64,0,2.495,0,105.3,0,9.46,0,59.99,19.96,7.85,0,-85.1,5.68,12.39,0,3.12,0,1.202,1.94,0,7.8
2/7/2026,19:30, ,gtmpiwq_20H100465_020426_050000.bin,Pine Island,GTMNERR,0,42.937,0,27.59,0,2.487,0,104.8,0,9.42,0,60,19.96,7.84,0,-84.4,5.68,12.41,0,2.43,0,1.196,1.9,0,7.63
2/7/2026,19:45, ,gtmpiwq_20H100465_020426_050000.bin,Pine Island,GTMNERR,0,42.914,0,27.58,0,2.51,0,104.3,0,9.37,0,60.47,20.12,7.85,0,-85,5.69,12.409,0,2.4,0,1.194,1.98,0,7.97
2/7/2026,20:00, ,gtmpiwq_20H100465_020426_050000.bin,Pine Island,GTMNERR,0,42.963,0,27.61,0,2.551,0,106.1,0,9.51,0,60.32,20.07,7.85,0,-85,5.68,12.505,0,2.89,0,1.202,1.66,0,6.68
2/7/2026,20:15, ,gtmpiwq_20H100465_020426_050000.bin,Pine Island,GTMNERR,0,43.578,0,28.05,0,2.607,0,106.5,0,9.52,0,57.3,19.06,7.87,0,-85.9,5.69,12.493,0,3.38,0,1.211,1.72,0,6.94
2/7/2026,20:30, ,gtmpiwq_20H100465_020426_050000.bin,Pine Island,GTMNERR,0,43.528,0,28.01,0,2.674,0,106.2,0,9.52,0,57.61,19.17,7.86,0,-85.7,5.68,12.414,0,3.32,0,1.208,1.77,0,7.12
2/7/2026,20:45, ,gtmpiwq_20H100465_020426_050000.bin,Pine Island,GTMNERR,0,43.635,0,28.09,0,2.744,0,105.7,0,9.49,0,57.16,19.01,7.86,0,-85.6,5.68,12.302,0,3.87,0,1.209,1.92,0,7.73
2/7/2026,21:00, ,gtmpiwq_20H100465_020426_050000.bin,Pine Island,GTMNERR,0,43.825,0,28.22,0,2.821,0,105.3,0,9.47,0,56.33,18.74,7.86,0,-85.7,5.69,12.197,0,3.51,0,1.208,1.66,0,6.7
2/7/2026,21:15, ,gtmpiwq_20H100465_020426_050000.bin,Pine Island,GTMNERR,0,44.103,0,28.41,0,2.894,0,105.2,0,9.45,0,55.23,18.37,7.87,0,-86,5.68,12.157,0,3.3,0,1.21,1.61,0,6.49
2/7/2026,21:30, ,gtmpiwq_20H100465_020426_050000.bin,Pine Island,GTMNERR,0,44.224,0,28.5,0,2.962,0,104.9,0,9.43,0,54.81,18.23,7.87,0,-86.1,5.68,12.074,0,2.99,0,1.205,1.61,0,6.48
2/7/2026,21:45, ,gtmpiwq_20H100465_020426_050000.bin,Pine Island,GTMNERR,0,44.365,0,28.6,0,3.026,0,104.8,0,9.43,0,53.94,17.94,7.87,0,-86.2,5.67,12.049,0,3.41,0,1.204,1.68,0,6.75
2/7/2026,22:00, ,gtmpiwq_20H100465_020426_050000.bin,Pine Island,GTMNERR,0,44.632,0,28.79,0,3.081,0,105,0,9.43,0,52.74,17.54,7.88,0,-86.6,5.68,12.045,0,3.16,0,1.204,1.55,0,6.23
2/7/2026,22:15, ,gtmpiwq_20H100465_020426_050000.bin,Pine Island,GTMNERR,0,44.731,0,28.86,0,3.138,0,105,0,9.42,0,52.24,17.37,7.88,0,-86.8,5.68,12.077,0,3.94,0,1.206,1.69,0,6.82
2/7/2026,22:30, ,gtmpiwq_20H100465_020426_050000.bin,Pine Island,GTMNERR,0,44.854,0,28.95,0,3.193,0,105.1,0,9.4,0,51.75,17.21,7.88,0,-86.9,5.68,12.18,0,2.91,0,1.206,1.43,0,5.76
2/7/2026,22:45, ,gtmpiwq_20H100465_020426_050000.bin,Pine Island,GTMNERR,0,44.926,0,29.01,0,3.248,0,105.3,0,9.4,0,51.12,17,7.89,0,-87,5.69,12.267,0,3.15,0,1.207,1.47,0,5.93
2/7/2026,23:00, ,gtmpiwq_20H100465_020426_050000.bin,Pine Island,GTMNERR,0,45.057,0,29.1,0,3.303,0,105.4,0,9.41,0,50.34,16.74,7.89,0,-87.1,5.65,12.232,0,3.07,0,1.207,1.48,0,5.97
2/7/2026,23:15, ,gtmpiwq_20H100465_020426_050000.bin,Pine Island,GTMNERR,0,45.118,0,29.14,0,3.361,0,105.1,0,9.4,0,50.17,16.68,7.89,0,-87.3,5.67,12.172,0,2.82,0,1.211,1.52,0,6.13
2/7/2026,23:30, ,gtmpiwq_20H100465_020426_050000.bin,Pine Island,GTMNERR,0,45.187,0,29.19,0,3.424,0,105,0,9.39,0,49.95,16.61,7.89,0,-87.3,5.68,12.134,0,2.81,0,1.203,1.46,0,5.88
2/7/2026,23:45, ,gtmpiwq_20H100465_020426_050000.bin,Pine Island,GTMNERR,0,45.425,0,29.36,0,3.481,0,105.2,0,9.38,0,48.69,16.19,7.9,0,-87.6,5.69,12.219,0,2.72,0,1.207,1.5,0,6.04
2/8/2026,0:00, ,gtmpiwq_20H100465_020426_050000.bin,Pine Island,GTMNERR,0,45.604,0,29.49,0,3.538,0,105.4,0,9.38,0,47.75,15.88,7.9,0,-87.9,5.68,12.272,0,2.77,0,1.209,1.46,0,5.88
2/8/2026,0:15, ,gtmpiwq_20H100465_020426_050000.bin,Pine Island,GTMNERR,0,45.74,0,29.59,0,3.593,0,105.2,0,9.37,0,46.98,15.62,7.91,0,-88.1,5.68,12.235,0,2.55,0,1.203,1.44,0,5.79
2/8/2026,0:30, ,gtmpiwq_20H100465_020426_050000.bin,Pine Island,GTMNERR,0,45.867,0,29.68,0,3.646,0,105.2,0,9.35,0,46.26,15.38,7.91,0,-88.2,5.67,12.262,0,2.76,0,1.198,1.39,0,5.61
2/8/2026,0:45, ,gtmpiwq_20H100465_020426_050000.bin,Pine Island,GTMNERR,0,46.125,0,29.86,0,3.697,0,104.8,0,9.33,0,44.89,14.92,7.91,0,-88.5,5.68,12.186,0,3.23,0,1.193,1.48,0,5.98
2/8/2026,1:00, ,gtmpiwq_20H100465_020426_050000.bin,Pine Island,GTMNERR,0,46.464,0,30.11,0,3.744,0,104.7,0,9.3,0,43.03,14.3,7.92,0,-88.9,5.68,12.168,0,2.96,0,1.192,1.41,0,5.68
2/8/2026,1:15, ,gtmpiwq_20H100465_020426_050000.bin,Pine Island,GTMNERR,0,46.603,0,30.21,0,3.781,0,104.7,0,9.3,0,42.33,14.07,7.92,0,-89,5.68,12.167,0,2.82,0,1.203,1.51,0,6.1
2/8/2026,1:30, ,gtmpiwq_20H100465_020426_050000.bin,Pine Island,GTMNERR,0,46.759,0,30.32,0,3.812,0,104.6,0,9.28,0,41.49,13.79,7.93,0,-89.2,5.68,12.164,0,2.81,0,1.204,1.47,0,5.91
2/8/2026,1:45, ,gtmpiwq_20H100465_020426_050000.bin,Pine Island,GTMNERR,0,46.947,0,30.45,0,3.835,0,104.5,0,9.27,0,40.66,13.51,7.93,0,-89.4,5.67,12.162,0,2.69,0,1.205,1.49,0,5.99
2/8/2026,2:00, ,gtmpiwq_20H100465_020426_050000.bin,Pine Island,GTMNERR,0,47.052,0,30.53,0,3.852,0,104.4,0,9.26,0,40.1,13.32,7.93,0,-89.5,5.67,12.167,0,2.57,0,1.194,1.58,0,6.35
2/8/2026,2:15, ,gtmpiwq_20H100465_020426_050000.bin,Pine Island,GTMNERR,0,47.151,0,30.6,0,3.859,0,104.2,0,9.24,0,39.52,13.13,7.93,0,-89.6,5.68,12.156,0,2.47,0,1.2,1.59,0,6.4
2/8/2026,2:30, ,gtmpiwq_20H100465_020426_050000.bin,Pine Island,GTMNERR,0,47.214,0,30.64,0,3.857,0,103.8,0,9.2,0,38.85,12.9,7.93,0,-89.7,5.68,12.147,0,2.01,0,1.205,1.68,0,6.77
2/8/2026,2:45, ,gtmpiwq_20H100465_020426_050000.bin,Pine Island,GTMNERR,0,47.247,0,30.67,0,3.843,0,103.2,0,9.15,0,37.79,12.55,7.93,0,-89.5,5.68,12.145,0,1.94,0,1.204,1.4,0,5.63
2/8/2026,3:00, ,gtmpiwq_20H100465_020426_050000.bin,Pine Island,GTMNERR,0,47.243,0,30.67,0,3.814,0,103.1,0,9.14,0,38.77,12.88,7.93,0,-89.7,5.67,12.145,0,2.15,0,1.204,1.48,0,5.96
2/8/2026,3:15, ,gtmpiwq_20H100465_020426_050000.bin,Pine Island,GTMNERR,0,47.146,0,30.6,0,3.77,0,103.6,0,9.18,0,39.54,13.14,7.93,0,-89.6,5.67,12.159,0,2.07,0,1.203,1.46,0,5.89
2/8/2026,3:30, ,gtmpiwq_20H100465_020426_050000.bin,Pine Island,GTMNERR,0,46.966,0,30.47,0,3.718,0,103.9,0,9.21,0,40.3,13.39,7.93,0,-89.2,5.68,12.166,0,2.49,0,1.204,1.59,0,6.39
2/8/2026,3:45, ,gtmpiwq_20H100465_020426_050000.bin,Pine Island,GTMNERR,0,46.664,0,30.25,0,3.663,0,104,0,9.24,0,42.17,14.02,7.92,0,-88.9,5.67,12.123,0,2.39,0,1.205,1.51,0,6.1
2/8/2026,4:00, ,gtmpiwq_20H100465_020426_050000.bin,Pine Island,GTMNERR,0,46.317,0,30,0,3.607,0,103.9,0,9.26,0,44.02,14.63,7.91,0,-88.5,5.67,12.095,0,2.91,0,1.209,1.51,0,6.1
2/8/2026,4:15, ,gtmpiwq_20H100465_020426_050000.bin,Pine Island,GTMNERR,0,45.859,0,29.67,0,3.55,0,103.8,0,9.27,0,46.29,15.39,7.9,0,-87.9,5.66,12.089,0,2.73,0,1.206,1.51,0,6.07
2/8/2026,4:30, ,gtmpiwq_20H100465_020426_050000.bin,Pine Island,GTMNERR,0,45.483,0,29.4,0,3.492,0,103.5,0,9.27,0,48.4,16.09,7.89,0,-87.4,5.67,12.033,0,2.79,0,1.205,1.54,0,6.21
2/8/2026,4:45, ,gtmpiwq_20H100465_020426_050000.bin,Pine Island,GTMNERR,0,45.448,0,29.37,0,3.43,0,103.7,0,9.27,0,48.77,16.22,7.89,0,-87.3,5.68,12.103,0,2.46,0,1.202,1.49,0,5.99
2/8/2026,5:00, ,gtmpiwq_20H100465_020426_050000.bin,Pine Island,GTMNERR,0,45.307,0,29.27,0,3.371,0,103.7,0,9.28,0,49.42,16.43,7.89,0,-87.2,5.67,12.103,0,2.69,0,1.201,1.52,0,6.11
2/8/2026,5:15, ,gtmpiwq_20H100465_020426_050000.bin,Pine Island,GTMNERR,0,45.084,0,29.11,0,3.31,0,103.4,0,9.27,0,50.68,16.85,7.88,0,-86.8,5.67,12.045,0,3.08,0,1.195,1.47,0,5.92
2/8/2026,5:30, ,gtmpiwq_20H100465_020426_050000.bin,Pine Island,GTMNERR,0,44.963,0,29.02,0,3.251,0,103.3,0,9.27,0,51.19,17.02,7.88,0,-86.6,5.66,12.026,0,2.97,0,1.192,1.52,0,6.14
2/8/2026,5:45, ,gtmpiwq_20H100465_020426_050000.bin,Pine Island,GTMNERR,0,44.827,0,28.92,0,3.19,0,103.2,0,9.28,0,51.91,17.26,7.88,0,-86.5,5.67,11.979,0,3.2,0,1.194,1.46,0,5.88
2/8/2026,6:00, ,gtmpiwq_20H100465_020426_050000.bin,Pine Island,GTMNERR,0,44.716,0,28.84,0,3.128,0,103,0,9.27,0,52.58,17.49,7.88,0,-86.3,5.67,11.948,0,3.3,0,1.206,1.42,0,5.73
2/8/2026,6:15, ,gtmpiwq_20H100465_020426_050000.bin,Pine Island,GTMNERR,0,44.634,0,28.79,0,3.066,0,102.8,0,9.26,0,53.07,17.65,7.87,0,-86.1,5.66,11.931,0,2.72,0,1.203,1.46,0,5.9
2/8/2026,6:30, ,gtmpiwq_20H100465_020426_050000.bin,Pine Island,GTMNERR,0,44.529,0,28.71,0,3.006,0,102.5,0,9.25,0,53.76,17.88,7.87,0,-85.8,5.67,11.893,0,2.94,0,1.203,1.45,0,5.83
2/8/2026,6:45, ,gtmpiwq_20H100465_020426_050000.bin,Pine Island,GTMNERR,0,44.382,0,28.6,0,2.942,0,102.1,0,9.23,0,54.38,18.09,7.86,0,-85.5,5.66,11.829,0,2.82,0,1.202,1.5,0,6.06
2/8/2026,7:00, ,gtmpiwq_20H100465_020426_050000.bin,Pine Island,GTMNERR,0,44.185,0,28.46,0,2.877,0,101.5,0,9.2,0,55.41,18.43,7.85,0,-85,5.66,11.74,0,3.06,0,1.199,1.49,0,5.99
2/8/2026,7:15, ,gtmpiwq_20H100465_020426_050000.bin,Pine Island,GTMNERR,0,44.019,0,28.34,0,2.812,0,100.8,0,9.15,0,56.35,18.74,7.85,0,-84.6,5.67,11.659,0,3.51,0,1.2,1.59,0,6.4
2/8/2026,7:30, ,gtmpiwq_20H100465_020426_050000.bin,Pine Island,GTMNERR,0,43.845,0,28.21,0,2.749,0,100,0,9.1,0,57.42,19.1,7.84,0,-84,5.67,11.575,0,2.94,0,1.201,1.45,0,5.86
2/8/2026,7:45, ,gtmpiwq_20H100465_020426_050000.bin,Pine Island,GTMNERR,0,43.682,0,28.09,0,2.686,0,99.5,0,9.08,0,58.17,19.35,7.83,0,-83.7,5.66,11.557,0,2.97,0,1.197,1.42,0,5.71
2/8/2026,8:00, ,gtmpiwq_20H100465_020426_050000.bin,Pine Island,GTMNERR,0,43.557,0,28,0,2.643,0,99.2,0,9.06,0,58.94,19.61,7.83,0,-83.5,5.66,11.513,0,2.79,0,1.195,1.53,0,6.16
2/8/2026,8:15, ,gtmpiwq_20H100465_020426_050000.bin,Pine Island,GTMNERR,0,43.451,0,27.92,0,2.618,0,99.2,0,9.07,0,59.5,19.8,7.83,0,-83.3,5.67,11.493,0,2.73,0,1.202,1.46,0,5.87
2/8/2026,8:30, ,gtmpiwq_20H100465_020426_050000.bin,Pine Island,GTMNERR,0,43.363,0,27.86,0,2.618,0,98.9,0,9.05,0,59.97,19.95,7.82,0,-83.2,5.66,11.482,0,2.27,0,1.208,1.64,0,6.61
2/8/2026,8:45, ,gtmpiwq_20H100465_020426_050000.bin,Pine Island,GTMNERR,0,43.344,0,27.85,0,2.638,0,97.7,0,8.94,0,58.36,19.41,7.82,0,-83,5.66,11.483,0,2.04,0,1.211,1.63,0,6.58
2/8/2026,9:00, ,gtmpiwq_20H100465_020426_050000.bin,Pine Island,GTMNERR,0,43.515,0,27.97,0,2.688,0,99.4,0,9.08,0,59.35,19.75,7.83,0,-83.4,5.67,11.483,0,2.88,0,1.205,1.24,0,5.01
2/8/2026,9:15, ,gtmpiwq_20H100465_020426_050000.bin,Pine Island,GTMNERR,0,43.979,0,28.3,0,2.75,0,99.1,0,9.06,0,57.03,18.97,7.83,0,-83.8,5.66,11.392,0,3.08,0,1.195,1.25,0,5.04
2/8/2026,9:30, ,gtmpiwq_20H100465_020426_050000.bin,Pine Island,GTMNERR,0,44.095,0,28.38,0,2.827,0,99.6,0,9.08,0,56.45,18.78,7.84,0,-84.1,5.66,11.468,0,3.19,0,1.195,1.23,0,4.97
2/8/2026,9:45, ,gtmpiwq_20H100465_020426_050000.bin,Pine Island,GTMNERR,0,44.087,0,28.38,0,2.905,0,100.3,0,9.13,0,56.21,18.7,7.84,0,-84.4,5.65,11.556,0,3.47,0,1.194,1.31,0,5.28
2/8/2026,10:00, ,gtmpiwq_20H100465_020426_050000.bin,Pine Island,GTMNERR,0,44.303,0,28.54,0,2.972,0,100.9,0,9.17,0,55.12,18.34,7.85,0,-84.8,5.66,11.607,0,3.12,0,1.2,1.29,0,5.22
2/8/2026,10:15, ,gtmpiwq_20H100465_020426_050000.bin,Pine Island,GTMNERR,0,44.477,0,28.66,0,3.044,0,101.4,0,9.19,0,54.07,17.98,7.86,0,-85.2,5.67,11.682,0,2.99,0,1.202,1.37,0,5.51
2/8/2026,10:30, ,gtmpiwq_20H100465_020426_050000.bin,Pine Island,GTMNERR,0,44.663,0,28.8,0,3.105,0,101.6,0,9.19,0,53.05,17.64,7.86,0,-85.5,5.66,11.724,0,3.28,0,1.203,1.34,0,5.41
2/8/2026,10:45, ,gtmpiwq_20H100465_020426_050000.bin,Pine Island,GTMNERR,0,44.898,0,28.96,0,3.164,0,101.2,0,9.15,0,51.85,17.24,7.86,0,-85.6,5.66,11.676,0,3.08,0,1.208,1.32,0,5.31
2/8/2026,11:00, ,gtmpiwq_20H100465_020426_050000.bin,Pine Island,GTMNERR,0,44.996,0,29.03,0,3.218,0,101.4,0,9.16,0,51.53,17.14,7.87,0,-85.7,5.65,11.709,0,3.23,0,1.207,1.47,0,5.93
2/8/2026,11:15, ,gtmpiwq_20H100465_020426_050000.bin,Pine Island,GTMNERR,0,45.088,0,29.1,0,3.272,0,101.8,0,9.18,0,51.03,16.97,7.87,0,-86.1,5.65,11.78,0,2.97,0,1.208,1.27,0,5.13
2/8/2026,11:30, ,gtmpiwq_20H100465_020426_050000.bin,Pine Island,GTMNERR,0,45.177,0,29.17,0,3.318,0,101.7,0,9.17,0,50.51,16.8,7.87,0,-86.1,5.67,11.763,0,2.78,0,1.208,1.27,0,5.12
2/8/2026,11:45, ,gtmpiwq_20H100465_020426_050000.bin,Pine Island,GTMNERR,0,45.204,0,29.19,0,3.366,0,102.2,0,9.2,0,50.07,16.65,7.88,0,-86.3,5.66,11.845,0,3.42,0,1.205,1.29,0,5.21
2/8/2026,12:00, ,gtmpiwq_20H100465_020426_050000.bin,Pine Island,GTMNERR,0,45.357,0,29.3,0,3.412,0,102.2,0,9.19,0,49.38,16.42,7.88,0,-86.5,5.66,11.877,0,2.88,0,1.204,1.29,0,5.22
2/8/2026,12:15, ,gtmpiwq_20H100465_020426_050000.bin,Pine Island,GTMNERR,0,45.425,0,29.35,0,3.457,0,102.6,0,9.21,0,48.94,16.27,7.88,0,-86.7,5.65,11.925,0,2.54,0,1.209,1.38,0,5.55
2/8/2026,12:30, ,gtmpiwq_20H100465_020426_050000.bin,Pine Island,GTMNERR,0,45.527,0,29.43,0,3.501,0,102.9,0,9.21,0,48.19,16.02,7.89,0,-86.9,5.65,12.023,0,2.62,0,1.21,1.31,0,5.27
2/8/2026,12:45, ,gtmpiwq_20H100465_020426_050000.bin,Pine Island,GTMNERR,0,45.747,0,29.59,0,3.545,0,102.7,0,9.18,0,47.07,15.65,7.89,0,-87,5.66,12.018,0,2.47,0,1.21,1.27,0,5.14
2/8/2026,13:00, ,gtmpiwq_20H100465_020426_050000.bin,Pine Island,GTMNERR,0,45.916,0,29.71,0,3.589,0,103.1,0,9.21,0,46.15,15.34,7.89,0,-87.4,5.65,12.032,0,2.52,0,1.211,1.33,0,5.37
2/8/2026,13:15, ,gtmpiwq_20H100465_020426_050000.bin,Pine Island,GTMNERR,0,46.003,0,29.77,0,3.63,0,103.4,0,9.23,0,45.63,15.17,7.9,0,-87.6,5.66,12.07,0,2.29,0,1.202,1.28,0,5.18
2/8/2026,13:30, ,gtmpiwq_20H100465_020426_050000.bin,Pine Island,GTMNERR,0,46.107,0,29.85,0,3.665,0,103.5,0,9.23,0,45.09,14.99,7.9,0,-87.8,5.65,12.093,0,2.63,0,1.197,1.28,0,5.17
2/8/2026,13:45, ,gtmpiwq_20H100465_020426_050000.bin,Pine Island,GTMNERR,0,46.25,0,29.95,0,3.692,0,104,0,9.25,0,44.1,14.66,7.91,0,-88.1,5.65,12.176,0,2.37,0,1.196,1.28,0,5.18
2/8/2026,14:00, ,gtmpiwq_20H100465_020426_050000.bin,Pine Island,GTMNERR,0,46.335,0,30.02,0,3.713,0,104.2,0,9.26,0,43.66,14.51,7.91,0,-88.3,5.66,12.214,0,2.16,0,1.195,1.3,0,5.26
2/8/2026,14:15, ,gtmpiwq_20H100465_020426_050000.bin,Pine Island,GTMNERR,0,46.451,0,30.1,0,3.725,0,104.2,0,9.25,0,43.09,14.32,7.91,0,-88.5,5.65,12.231,0,2.17,0,1.207,1.27,0,5.11
2/8/2026,14:30, ,gtmpiwq_20H100465_020426_050000.bin,Pine Island,GTMNERR,0,46.552,0,30.17,0,3.728,0,104,0,9.23,0,42.35,14.08,7.92,0,-88.7,5.66,12.22,0,1.91,0,1.211,1.52,0,6.12
2/8/2026,14:45, ,gtmpiwq_20H100465_020426_050000.bin,Pine Island,GTMNERR,0,46.558,0,30.18,0,3.72,0,102.5,0,9.1,0,40.73,13.53,7.91,0,-88.4,5.65,12.218,0,1.93,0,1.205,1.34,0,5.39
2/8/2026,15:00, ,gtmpiwq_20H100465_020426_050000.bin,Pine Island,GTMNERR,0,46.429,0,30.08,0,3.694,0,103.2,0,9.16,0,41.84,13.91,7.91,0,-88.6,5.65,12.211,0,1.9,0,1.202,1.47,0,5.92
2/8/2026,15:15, ,gtmpiwq_20H100465_020426_050000.bin,Pine Island,GTMNERR,0,46.3,0,29.99,0,3.653,0,104.1,0,9.25,0,43.86,14.58,7.91,0,-88.4,5.66,12.206,0,1.92,0,1.205,1.54,0,6.2
2/8/2026,15:30, ,gtmpiwq_20H100465_020426_050000.bin,Pine Island,GTMNERR,0,46.109,0,29.85,0,3.604,0,104.3,0,9.27,0,44.84,14.9,7.91,0,-88.2,5.65,12.212,0,2.25,0,1.203,1.47,0,5.94
2/8/2026,15:45, ,gtmpiwq_20H100465_020426_050000.bin,Pine Island,GTMNERR,0,45.884,0,29.7,0,3.551,0,104.8,0,9.3,0,45.83,15.24,7.9,0,-87.9,5.66,12.331,0,2.17,0,1.201,1.5,0,6.05
2/8/2026,16:00, ,gtmpiwq_20H100465_020426_050000.bin,Pine Island,GTMNERR,0,45.498,0,29.42,0,3.494,0,105.2,0,9.34,0,47.86,15.91,7.9,0,-87.5,5.65,12.392,0,2.36,0,1.2,1.57,0,6.33
2/8/2026,16:15, ,gtmpiwq_20H100465_020426_050000.bin,Pine Island,GTMNERR,0,45.249,0,29.24,0,3.442,0,105.5,0,9.37,0,48.97,16.28,7.89,0,-87.3,5.65,12.446,0,2.66,0,1.202,1.53,0,6.16
2/8/2026,16:30, ,gtmpiwq_20H100465_020426_050000.bin,Pine Island,GTMNERR,0,45.071,0,29.12,0,3.383,0,105.4,0,9.37,0,49.83,16.57,7.88,0,-86.9,5.65,12.455,0,2.44,0,1.2,1.47,0,5.92
2/8/2026,16:45, ,gtmpiwq_20H100465_020426_050000.bin,Pine Island,GTMNERR,0,45.055,0,29.1,0,3.325,0,105.1,0,9.35,0,50.18,16.69,7.88,0,-86.9,5.65,12.406,0,2.37,0,1.2,1.55,0,6.25
2/8/2026,17:00, ,gtmpiwq_20H100465_020426_050000.bin,Pine Island,GTMNERR,0,44.92,0,29.01,0,3.269,0,105.2,0,9.36,0,50.77,16.88,7.88,0,-86.7,5.65,12.421,0,2.76,0,1.209,1.67,0,6.71
2/8/2026,17:15, ,gtmpiwq_20H100465_020426_050000.bin,Pine Island,GTMNERR,0,44.796,0,28.92,0,3.21,0,105.1,0,9.36,0,51.47,17.12,7.88,0,-86.5,5.65,12.402,0,2.63,0,1.202,1.73,0,6.97
2/8/2026,17:30, ,gtmpiwq_20H100465_020426_050000.bin,Pine Island,GTMNERR,0,44.68,0,28.84,0,3.151,0,105,0,9.36,0,51.95,17.28,7.88,0,-86.4,5.65,12.406,0,2.59,0,1.199,1.53,0,6.17
2/8/2026,17:45, ,gtmpiwq_20H100465_020426_050000.bin,Pine Island,GTMNERR,0,44.505,0,28.71,0,3.09,0,105.2,0,9.37,0,52.69,17.52,7.87,0,-86.2,5.66,12.448,0,2.65,0,1.198,1.74,0,6.99
2/8/2026,18:00, ,gtmpiwq_20H100465_020426_050000.bin,Pine Island,GTMNERR,0,44.331,0,28.59,0,3.028,0,105.2,0,9.38,0,53.47,17.78,7.87,0,-85.9,5.65,12.478,0,3.14,0,1.196,1.77,0,7.14
2/8/2026,18:15, ,gtmpiwq_20H100465_020426_050000.bin,Pine Island,GTMNERR,0,44.129,0,28.44,0,2.97,0,105.1,0,9.38,0,54.49,18.12,7.86,0,-85.7,5.65,12.462,0,2.94,0,1.194,1.76,0,7.08
2/8/2026,18:30, ,gtmpiwq_20H100465_020426_050000.bin,Pine Island,GTMNERR,0,43.911,0,28.29,0,2.912,0,105,0,9.39,0,55.65,18.51,7.86,0,-85.4,5.65,12.454,0,2.91,0,1.197,1.82,0,7.33
2/8/2026,18:45, ,gtmpiwq_20H100465_020426_050000.bin,Pine Island,GTMNERR,0,43.718,0,28.15,0,2.851,0,105.1,0,9.39,0,56.59,18.82,7.85,0,-85.1,5.65,12.492,0,2.88,0,1.208,1.87,0,7.53
2/8/2026,19:00, ,gtmpiwq_20H100465_020426_050000.bin,Pine Island,GTMNERR,0,43.513,0,28.01,0,2.791,0,105.5,0,9.42,0,57.51,19.13,7.85,0,-85.1,5.65,12.567,0,2.86,0,1.21,1.6,0,6.45
2/8/2026,19:15, ,gtmpiwq_20H100465_020426_050000.bin,Pine Island,GTMNERR,0,43.326,0,27.88,0,2.732,0,105.7,0,9.43,0,58.24,19.37,7.85,0,-84.9,5.65,12.664,0,2.77,0,1.202,1.82,0,7.33
2/8/2026,19:30, ,gtmpiwq_20H100465_020426_050000.bin,Pine Island,GTMNERR,0,43.139,0,27.75,0,2.684,0,106,0,9.44,0,59.19,19.69,7.85,0,-84.7,5.65,12.768,0,2.7,0,1.201,1.97,0,7.94
2/8/2026,19:45, ,gtmpiwq_20H100465_020426_050000.bin,Pine Island,GTMNERR,0,42.99,0,27.65,0,2.646,0,106,0,9.43,0,59.73,19.87,7.84,0,-84.5,5.65,12.834,0,2.56,0,1.197,1.92,0,7.71
2/8/2026,20:00, ,gtmpiwq_20H100465_020426_050000.bin,Pine Island,GTMNERR,0,42.86,0,27.55,0,2.615,0,106,0,9.43,0,60.36,20.08,7.84,0,-84.4,5.65,12.871,0,2.45,0,1.193,1.86,0,7.5
2/8/2026,20:15, ,gtmpiwq_20H100465_020426_050000.bin,Pine Island,GTMNERR,0,42.76,0,27.48,0,2.604,0,105.9,0,9.42,0,61.05,20.31,7.84,0,-84.3,5.65,12.885,0,2.34,0,1.193,1.83,0,7.35
2/8/2026,20:30, ,gtmpiwq_20H100465_020426_050000.bin,Pine Island,GTMNERR,0,42.7,0,27.44,0,2.612,0,104.9,0,9.34,0,60.85,20.24,7.83,0,-83.9,5.65,12.898,0,2,0,1.21,2.07,0,8.32
2/8/2026,20:45, ,gtmpiwq_20H100465_020426_050000.bin,Pine Island,GTMNERR,0,42.769,0,27.49,0,2.642,0,106,0,9.43,0,61.01,20.3,7.84,0,-84.4,5.65,12.907,0,2.53,0,1.21,1.73,0,6.96
2/8/2026,21:00, ,gtmpiwq_20H100465_020426_050000.bin,Pine Island,GTMNERR,0,43.846,0,28.26,0,2.692,0,107.1,0,9.47,0,55.94,18.61,7.86,0,-85.7,5.65,12.958,0,2.59,0,1.197,1.68,0,6.76
2/8/2026,21:15, ,gtmpiwq_20H100465_020426_050000.bin,Pine Island,GTMNERR,0,43.889,0,28.29,0,2.753,0,106.9,0,9.47,0,55.6,18.49,7.87,0,-85.9,5.65,12.883,0,2.93,0,1.199,1.58,0,6.38
2/8/2026,21:30, ,gtmpiwq_20H100465_020426_050000.bin,Pine Island,GTMNERR,0,43.752,0,28.19,0,2.814,0,106.5,0,9.45,0,56.31,18.73,7.86,0,-85.6,5.65,12.808,0,3,0,1.193,1.68,0,6.78
2/8/2026,21:45, ,gtmpiwq_20H100465_020426_050000.bin,Pine Island,GTMNERR,0,43.85,0,28.25,0,2.874,0,106.1,0,9.43,0,55.93,18.6,7.86,0,-85.6,5.65,12.717,0,3.13,0,1.196,1.58,0,6.36
2/8/2026,22:00, ,gtmpiwq_20H100465_020426_050000.bin,Pine Island,GTMNERR,0,43.995,0,28.35,0,2.933,0,105.6,0,9.39,0,55.55,18.48,7.86,0,-85.6,5.65,12.639,0,2.67,0,1.207,1.55,0,6.25
2/8/2026,22:15, ,gtmpiwq_20H100465_020426_050000.bin,Pine Island,GTMNERR,0,44.12,0,28.44,0,2.996,0,105.4,0,9.38,0,55,18.3,7.86,0,-85.7,5.65,12.598,0,2.54,0,1.208,1.51,0,6.07
2/8/2026,22:30, ,gtmpiwq_20H100465_020426_050000.bin,Pine Island,GTMNERR,0,44.267,0,28.55,0,3.058,0,105.3,0,9.38,0,54.12,18,7.87,0,-85.9,5.65,12.564,0,2.36,0,1.205,1.56,0,6.29
2/8/2026,22:45, ,gtmpiwq_20H100465_020426_050000.bin,Pine Island,GTMNERR,0,44.532,0,28.73,0,3.116,0,105.3,0,9.37,0,53.03,17.64,7.87,0,-86.2,5.65,12.527,0,2.59,0,1.206,1.64,0,6.59
2/8/2026,23:00, ,gtmpiwq_20H100465_020426_050000.bin,Pine Island,GTMNERR,0,44.74,0,28.89,0,3.171,0,105.5,0,9.36,0,51.9,17.26,7.88,0,-86.5,5.65,12.59,0,2.35,0,1.211,1.49,0,6.01
2/8/2026,23:15, ,gtmpiwq_20H100465_020426_050000.bin,Pine Island,GTMNERR,0,44.845,0,28.96,0,3.226,0,105.3,0,9.34,0,51.41,17.1,7.88,0,-86.5,5.65,12.604,0,2.45,0,1.201,1.54,0,6.22
2/8/2026,23:30, ,gtmpiwq_20H100465_020426_050000.bin,Pine Island,GTMNERR,0,44.995,0,29.07,0,3.277,0,105.3,0,9.32,0,50.57,16.82,7.88,0,-86.7,5.65,12.684,0,2.51,0,1.195,1.46,0,5.88
2/8/2026,23:45, ,gtmpiwq_20H100465_020426_050000.bin,Pine Island,GTMNERR,0,45.074,0,29.13,0,3.333,0,105.4,0,9.32,0,50.22,16.7,7.88,0,-86.8,5.65,12.716,0,2.67,0,1.195,1.34,0,5.4
2/9/2026,0:00, ,gtmpiwq_20H100465_020426_050000.bin,Pine Island,GTMNERR,0,45.208,0,29.22,0,3.387,0,105.6,0,9.33,0,49.51,16.46,7.89,0,-87,5.65,12.709,0,2.55,0,1.207,1.49,0,5.99
2/9/2026,0:15, ,gtmpiwq_20H100465_020426_050000.bin,Pine Island,GTMNERR,0,45.274,0,29.27,0,3.443,0,105.5,0,9.33,0,49.06,16.31,7.89,0,-87.1,5.65,12.668,0,2.68,0,1.202,1.46,0,5.9
2/9/2026,0:30, ,gtmpiwq_20H100465_020426_050000.bin,Pine Island,GTMNERR,0,45.342,0,29.32,0,3.499,0,105.4,0,9.32,0,48.8,16.23,7.89,0,-87.2,5.65,12.658,0,2.7,0,1.202,1.53,0,6.15
2/9/2026,0:45, ,gtmpiwq_20H100465_020426_050000.bin,Pine Island,GTMNERR,0,45.665,0,29.55,0,3.552,0,105.7,0,9.31,0,47.01,15.63,7.9,0,-87.6,5.65,12.755,0,2.56,0,1.202,1.35,0,5.44
2/9/2026,1:00, ,gtmpiwq_20H100465_020426_050000.bin,Pine Island,GTMNERR,0,45.758,0,29.62,0,3.606,0,105.5,0,9.3,0,46.45,15.44,7.9,0,-87.7,5.65,12.734,0,2.77,0,1.202,1.42,0,5.74
2/9/2026,1:15, ,gtmpiwq_20H100465_020426_050000.bin,Pine Island,GTMNERR,0,45.896,0,29.72,0,3.656,0,105.5,0,9.29,0,45.89,15.25,7.9,0,-87.9,5.65,12.715,0,2.5,0,1.204,1.4,0,5.65
2/9/2026,1:30, ,gtmpiwq_20H100465_020426_050000.bin,Pine Island,GTMNERR,0,46.186,0,29.93,0,3.701,0,105.3,0,9.27,0,44.42,14.76,7.91,0,-88.3,5.65,12.669,0,2.49,0,1.203,1.37,0,5.51
2/9/2026,1:45, ,gtmpiwq_20H100465_020426_050000.bin,Pine Island,GTMNERR,0,46.346,0,30.04,0,3.742,0,105.1,0,9.26,0,43.49,14.46,7.91,0,-88.5,5.65,12.624,0,2.44,0,1.205,1.31,0,5.29
2/9/2026,2:00, ,gtmpiwq_20H100465_020426_050000.bin,Pine Island,GTMNERR,0,46.475,0,30.13,0,3.771,0,105.1,0,9.25,0,42.84,14.24,7.91,0,-88.6,5.65,12.634,0,2.52,0,1.209,1.4,0,5.65
2/9/2026,2:15, ,gtmpiwq_20H100465_020426_050000.bin,Pine Island,GTMNERR,0,46.7,0,30.29,0,3.793,0,105,0,9.23,0,41.62,13.83,7.92,0,-88.9,5.65,12.611,0,2.54,0,1.208,1.4,0,5.66
2/9/2026,2:30, ,gtmpiwq_20H100465_020426_050000.bin,Pine Island,GTMNERR,0,46.791,0,30.36,0,3.813,0,104.9,0,9.22,0,41.15,13.67,7.92,0,-89,5.65,12.61,0,2.48,0,1.201,1.38,0,5.58
2/9/2026,2:45, ,gtmpiwq_20H100465_020426_050000.bin,Pine Island,GTMNERR,0,46.914,0,30.45,0,3.83,0,104.9,0,9.22,0,40.45,13.44,7.92,0,-89.2,5.65,12.626,0,2.14,0,1.197,1.39,0,5.6
2/9/2026,3:00, ,gtmpiwq_20H100465_020426_050000.bin,Pine Island,GTMNERR,0,46.986,0,30.5,0,3.839,0,104.8,0,9.2,0,39.98,13.28,7.93,0,-89.3,5.65,12.635,0,2.1,0,1.194,1.74,0,6.98
2/9/2026,3:15, ,gtmpiwq_20H100465_020426_050000.bin,Pine Island,GTMNERR,0,46.993,0,30.5,0,3.842,0,104.4,0,9.17,0,39.84,13.24,7.92,0,-89.2,5.65,12.631,0,1.77,0,1.203,1.51,0,6.08
2/9/2026,3:30, ,gtmpiwq_20H100465_020426_050000.bin,Pine Island,GTMNERR,0,47.036,0,30.54,0,3.831,0,103.5,0,9.09,0,37.54,12.47,7.92,0,-89.2,5.65,12.628,0,2.01,0,1.209,1.89,0,7.6
2/9/2026,3:45, ,gtmpiwq_20H100465_020426_050000.bin,Pine Island,GTMNERR,0,47.033,0,30.53,0,3.803,0,104.5,0,9.17,0,39.63,13.17,7.93,0,-89.3,5.65,12.633,0,1.83,0,1.205,1.45,0,5.86
2/9/2026,4:00, ,gtmpiwq_20H100465_020426_050000.bin,Pine Island,GTMNERR,0,46.964,0,30.48,0,3.765,0,104,0,9.13,0,40.17,13.35,7.92,0,-89.2,5.65,12.643,0,2.13,0,1.199,2.25,0,9.03
2/9/2026,4:15, ,gtmpiwq_20H100465_020426_050000.bin,Pine Island,GTMNERR,0,46.868,0,30.42,0,3.725,0,104.5,0,9.18,0,40.49,13.45,7.92,0,-88.9,5.65,12.64,0,2.11,0,1.197,1.43,0,5.75
2/9/2026,4:30, ,gtmpiwq_20H100465_020426_050000.bin,Pine Island,GTMNERR,0,46.581,0,30.21,0,3.681,0,104.6,0,9.2,0,42.13,14,7.91,0,-88.6,5.65,12.623,0,2.15,0,1.203,1.45,0,5.83
2/9/2026,4:45, ,gtmpiwq_20H100465_020426_050000.bin,Pine Island,GTMNERR,0,46.315,0,30.02,0,3.635,0,104.6,0,9.21,0,43.56,14.48,7.91,0,-88.2,5.65,12.632,0,2.31,0,1.204,1.41,0,5.7
2/9/2026,5:00, ,gtmpiwq_20H100465_020426_050000.bin,Pine Island,GTMNERR,0,45.947,0,29.75,0,3.585,0,104.4,0,9.21,0,45.4,15.09,7.9,0,-87.8,5.65,12.634,0,2.47,0,1.205,1.41,0,5.68
2/9/2026,5:15, ,gtmpiwq_20H100465_020426_050000.bin,Pine Island,GTMNERR,0,45.701,0,29.58,0,3.533,0,104.2,0,9.2,0,46.87,15.58,7.89,0,-87.4,5.65,12.622,0,2.53,0,1.209,1.88,0,7.56
2/9/2026,5:30, ,gtmpiwq_20H100465_020426_050000.bin,Pine Island,GTMNERR,0,45.338,0,29.31,0,3.475,0,103.8,0,9.19,0,48.87,16.25,7.88,0,-86.8,5.65,12.592,0,2.25,0,1.21,1.38,0,5.58
2/9/2026,5:45, ,gtmpiwq_20H100465_020426_050000.bin,Pine Island,GTMNERR,0,45.3,0,29.29,0,3.415,0,103.8,0,9.19,0,49.05,16.31,7.88,0,-86.7,5.65,12.597,0,2.27,0,1.21,1.41,0,5.7
2/9/2026,6:00, ,gtmpiwq_20H100465_020426_050000.bin,Pine Island,GTMNERR,0,45.16,0,29.19,0,3.356,0,103.6,0,9.18,0,49.91,16.6,7.88,0,-86.5,5.65,12.577,0,2.32,0,1.211,1.5,0,6.06
2/9/2026,6:15, ,gtmpiwq_20H100465_020426_050000.bin,Pine Island,GTMNERR,0,45.029,0,29.09,0,3.301,0,103.5,0,9.18,0,50.49,16.79,7.87,0,-86.3,5.65,12.563,0,2.46,0,1.203,1.51,0,6.08
2/9/2026,6:30, ,gtmpiwq_20H100465_020426_050000.bin,Pine Island,GTMNERR,0,44.922,0,29.01,0,3.243,0,103.5,0,9.18,0,51.12,17,7.87,0,-86,5.65,12.549,0,2.8,0,1.197,1.55,0,6.23
2/9/2026,6:45, ,gtmpiwq_20H100465_020426_050000.bin,Pine Island,GTMNERR,0,44.788,0,28.92,0,3.183,0,103.2,0,9.17,0,51.81,17.23,7.86,0,-85.7,5.65,12.52,0,2.83,0,1.196,1.6,0,6.45
2/9/2026,7:00, ,gtmpiwq_20H100465_020426_050000.bin,Pine Island,GTMNERR,0,44.649,0,28.82,0,3.124,0,102.9,0,9.16,0,52.55,17.48,7.86,0,-85.6,5.65,12.475,0,2.45,0,1.208,1.61,0,6.47
2/9/2026,7:15, ,gtmpiwq_20H100465_020426_050000.bin,Pine Island,GTMNERR,0,44.52,0,28.72,0,3.061,0,102.6,0,9.15,0,53.29,17.72,7.86,0,-85.3,5.65,12.426,0,2.55,0,1.205,1.59,0,6.41
2/9/2026,7:30, ,gtmpiwq_20H100465_020426_050000.bin,Pine Island,GTMNERR,0,44.355,0,28.6,0,2.998,0,102.2,0,9.13,0,54.08,17.99,7.85,0,-85,5.65,12.394,0,2.36,0,1.208,1.44,0,5.79
2/9/2026,7:45, ,gtmpiwq_20H100465_020426_050000.bin,Pine Island,GTMNERR,0,44.175,0,28.47,0,2.937,0,101.9,0,9.11,0,55.14,18.34,7.85,0,-84.7,5.64,12.358,0,2.58,0,1.209,1.68,0,6.75
2/9/2026,8:00, ,gtmpiwq_20H100465_020426_050000.bin,Pine Island,GTMNERR,0,43.962,0,28.32,0,2.877,0,101.4,0,9.08,0,56.23,18.7,7.84,0,-84.2,5.65,12.303,0,2.42,0,1.207,1.41,0,5.7
2/9/2026,8:15, ,gtmpiwq_20H100465_020426_050000.bin,Pine Island,GTMNERR,0,43.778,0,28.19,0,2.821,0,100.8,0,9.05,0,57.16,19.01,7.83,0,-83.6,5.63,12.262,0,2.45,0,1.212,1.29,0,5.2
2/9/2026,8:30, ,gtmpiwq_20H100465_020426_050000.bin,Pine Island,GTMNERR,0,43.609,0,28.07,0,2.771,0,100.6,0,9.04,0,57.76,19.22,7.83,0,-83.5,5.65,12.242,0,2.96,0,1.203,1.38,0,5.55
2/9/2026,8:45, ,gtmpiwq_20H100465_020426_050000.bin,Pine Island,GTMNERR,0,43.443,0,27.95,0,2.726,0,100.2,0,9.02,0,58.68,19.52,7.82,0,-83.1,5.65,12.223,0,2.45,0,1.196,1.45,0,5.83
2/9/2026,9:00, ,gtmpiwq_20H100465_020426_050000.bin,Pine Island,GTMNERR,0,43.291,0,27.84,0,2.702,0,100,0,9.01,0,59.47,19.78,7.82,0,-82.8,5.65,12.21,0,2.39,0,1.206,1.44,0,5.8
2/9/2026,9:15, ,gtmpiwq_20H100465_020426_050000.bin,Pine Island,GTMNERR,0,43.177,0,27.76,0,2.688,0,99.7,0,8.99,0,59.94,19.94,7.81,0,-82.7,5.65,12.214,0,2.56,0,1.206,1.42,0,5.71
2/9/2026,9:30, ,gtmpiwq_20H100465_020426_050000.bin,Pine Island,GTMNERR,0,43.121,0,27.72,0,2.692,0,98.4,0,8.87,0,58.46,19.45,7.81,0,-82.4,5.62,12.222,0,2.56,0,1.207,1.34,0,5.41
2/9/2026,9:45, ,gtmpiwq_20H100465_020426_050000.bin,Pine Island,GTMNERR,0,43.274,0,27.83,0,2.718,0,100,0,9,0,59.69,19.86,7.81,0,-82.8,5.65,12.224,0,2.41,0,1.207,1.33,0,5.38
2/9/2026,10:00, ,gtmpiwq_20H100465_020426_050000.bin,Pine Island,GTMNERR,0,44.032,0,28.36,0,2.76,0,100,0,8.98,0,55.94,18.61,7.82,0,-83.2,5.65,12.166,0,3.17,0,1.211,1.26,0,5.08
2/9/2026,10:15, ,gtmpiwq_20H100465_020426_050000.bin,Pine Island,GTMNERR,0,44.15,0,28.45,0,2.82,0,100.2,0,9,0,55.28,18.39,7.83,0,-83.8,5.64,12.191,0,3.18,0,1.211,1.27,0,5.13
2/9/2026,10:30, ,gtmpiwq_20H100465_020426_050000.bin,Pine Island,GTMNERR,0,44.102,0,28.42,0,2.878,0,100.9,0,9.05,0,55.38,18.42,7.84,0,-84.1,5.65,12.249,0,3.04,0,1.203,1.31,0,5.3
2/9/2026,10:45, ,gtmpiwq_20H100465_020426_050000.bin,Pine Island,GTMNERR,0,44.211,0,28.5,0,2.942,0,101.7,0,9.1,0,55.16,18.35,7.84,0,-84.5,5.62,12.313,0,2.65,0,1.197,1.31,0,5.3
2/9/2026,11:00, ,gtmpiwq_20H100465_020426_050000.bin,Pine Island,GTMNERR,0,44.339,0,28.59,0,3,0,101.9,0,9.1,0,54.32,18.07,7.85,0,-84.7,5.63,12.377,0,2.83,0,1.192,1.27,0,5.13
2/9/2026,11:15, ,gtmpiwq_20H100465_020426_050000.bin,Pine Island,GTMNERR,0,44.428,0,28.66,0,3.059,0,102.4,0,9.13,0,53.76,17.88,7.85,0,-84.9,5.65,12.454,0,2.41,0,1.2,1.37,0,5.51
2/9/2026,11:30, ,gtmpiwq_20H100465_020426_050000.bin,Pine Island,GTMNERR,0,44.623,0,28.8,0,3.113,0,102.8,0,9.15,0,52.64,17.51,7.86,0,-85.3,5.63,12.495,0,2.43,0,1.202,1.35,0,5.43
2/9/2026,11:45, ,gtmpiwq_20H100465_020426_050000.bin,Pine Island,GTMNERR,0,44.785,0,28.92,0,3.169,0,102.9,0,9.14,0,51.65,17.18,7.86,0,-85.5,5.64,12.537,0,2.57,0,1.201,1.41,0,5.67
2/9/2026,12:00, ,gtmpiwq_20H100465_020426_050000.bin,Pine Island,GTMNERR,0,44.953,0,29.04,0,3.222,0,102.8,0,9.12,0,50.92,16.93,7.86,0,-85.6,5.62,12.563,0,2.16,0,1.204,1.3,0,5.26
2/9/2026,12:15, ,gtmpiwq_20H100465_020426_050000.bin,Pine Island,GTMNERR,0,45.037,0,29.1,0,3.267,0,102.7,0,9.11,0,50.45,16.78,7.86,0,-85.7,5.63,12.592,0,2.67,0,1.2,1.32,0,5.34
2/9/2026,12:30, ,gtmpiwq_20H100465_020426_050000.bin,Pine Island,GTMNERR,0,45.116,0,29.16,0,3.315,0,103.3,0,9.14,0,49.92,16.6,7.87,0,-85.9,5.64,12.678,0,2.38,0,1.193,1.3,0,5.24
2/9/2026,12:45, ,gtmpiwq_20H100465_020426_050000.bin,Pine Island,GTMNERR,0,45.228,0,29.24,0,3.357,0,103.4,0,9.14,0,49.4,16.43,7.87,0,-86,5.62,12.691,0,2.43,0,1.195,1.3,0,5.26
2/9/2026,13:00, ,gtmpiwq_20H100465_020426_050000.bin,Pine Island,GTMNERR,0,45.347,0,29.33,0,3.402,0,103.5,0,9.14,0,48.76,16.21,7.87,0,-86.2,5.64,12.735,0,2.34,0,1.204,1.29,0,5.21
2/9/2026,13:15, ,gtmpiwq_20H100465_020426_050000.bin,Pine Island,GTMNERR,0,45.439,0,29.39,0,3.45,0,103.8,0,9.15,0,48.23,16.04,7.88,0,-86.4,5.65,12.78,0,2.36,0,1.208,1.32,0,5.32
2/9/2026,13:30, ,gtmpiwq_20H100465_020426_050000.bin,Pine Island,GTMNERR,0,45.514,0,29.45,0,3.493,0,104.3,0,9.18,0,47.77,15.88,7.88,0,-86.7,5.63,12.822,0,2.15,0,1.21,1.3,0,5.23
2/9/2026,13:45, ,gtmpiwq_20H100465_020426_050000.bin,Pine Island,GTMNERR,0,45.621,0,29.53,0,3.538,0,104.3,0,9.17,0,47.01,15.63,7.88,0,-86.9,5.62,12.845,0,2.17,0,1.211,1.28,0,5.15
2/9/2026,14:00, ,gtmpiwq_20H100465_020426_050000.bin,Pine Island,GTMNERR,0,45.824,0,29.67,0,3.575,0,104.4,0,9.16,0,45.94,15.27,7.89,0,-87,5.64,12.9,0,2.17,0,1.202,1.31,0,5.29
2/9/2026,14:15, ,gtmpiwq_20H100465_020426_050000.bin,Pine Island,GTMNERR,0,45.947,0,29.76,0,3.607,0,104.4,0,9.16,0,45.37,15.08,7.89,0,-87.3,5.62,12.885,0,2.17,0,1.201,1.32,0,5.33
2/9/2026,14:30, ,gtmpiwq_20H100465_020426_050000.bin,Pine Island,GTMNERR,0,46.013,0,29.81,0,3.635,0,104.7,0,9.17,0,44.8,14.89,7.89,0,-87.4,5.64,12.916,0,2.72,0,1.21,1.33,0,5.38
2/9/2026,14:45, ,gtmpiwq_20H100465_020426_050000.bin,Pine Island,GTMNERR,0,46.093,0,29.87,0,3.651,0,104.8,0,9.18,0,44.59,14.82,7.9,0,-87.6,5.64,12.924,0,2.21,0,1.2,1.32,0,5.33
2/9/2026,15:00, ,gtmpiwq_20H100465_020426_050000.bin,Pine Island,GTMNERR,0,46.153,0,29.91,0,3.662,0,104.8,0,9.17,0,44.3,14.72,7.9,0,-87.8,5.62,12.985,0,1.81,0,1.197,1.4,0,5.64
2/9/2026,15:15, ,gtmpiwq_20H100465_020426_050000.bin,Pine Island,GTMNERR,0,46.2,0,29.95,0,3.662,0,104.3,0,9.13,0,43.5,14.46,7.9,0,-87.8,5.64,12.952,0,1.86,0,1.197,1.56,0,6.28
2/9/2026,15:30, ,gtmpiwq_20H100465_020426_050000.bin,Pine Island,GTMNERR,0,46.192,0,29.94,0,3.647,0,103.6,0,9.07,0,43.58,14.49,7.9,0,-87.6,5.65,12.96,0,1.77,0,1.202,1.64,0,6.6
2/9/2026,15:45, ,gtmpiwq_20H100465_020426_050000.bin,Pine Island,GTMNERR,0,46.109,0,29.88,0,3.616,0,104,0,9.11,0,44.26,14.71,7.9,0,-87.8,5.62,12.942,0,1.98,0,1.207,1.45,0,5.84
2/9/2026,16:00, ,gtmpiwq_20H100465_020426_050000.bin,Pine Island,GTMNERR,0,46.012,0,29.81,0,3.572,0,105.1,0,9.2,0,44.94,14.94,7.9,0,-87.7,5.63,13.005,0,2.05,0,1.203,1.43,0,5.77
2/9/2026,16:15, ,gtmpiwq_20H100465_020426_050000.bin,Pine Island,GTMNERR,0,45.848,0,29.69,0,3.523,0,105.1,0,9.2,0,45.97,15.28,7.89,0,-87.4,5.61,13.014,0,2.27,0,1.193,1.46,0,5.88
2/9/2026,16:30, ,gtmpiwq_20H100465_020426_050000.bin,Pine Island,GTMNERR,0,45.575,0,29.5,0,3.473,0,105.9,0,9.25,0,47.12,15.67,7.89,0,-87.1,5.62,13.16,0,2.22,0,1.198,1.43,0,5.76
2/9/2026,16:45, ,gtmpiwq_20H100465_020426_050000.bin,Pine Island,GTMNERR,0,45.259,0,29.28,0,3.421,0,106.3,0,9.29,0,48.54,16.14,7.88,0,-86.8,5.64,13.248,0,2.17,0,1.205,1.45,0,5.86
2/9/2026,17:00, ,gtmpiwq_20H100465_020426_050000.bin,Pine Island,GTMNERR,0,44.952,0,29.06,0,3.374,0,106.5,0,9.3,0,50.08,16.65,7.87,0,-86.1,5.63,13.329,0,2.26,0,1.207,1.51,0,6.09
2/9/2026,17:15, ,gtmpiwq_20H100465_020426_050000.bin,Pine Island,GTMNERR,0,44.914,0,29.03,0,3.321,0,106.2,0,9.28,0,50.39,16.76,7.87,0,-86.3,5.64,13.307,0,2.16,0,1.203,1.39,0,5.61
2/9/2026,17:30, ,gtmpiwq_20H100465_020426_050000.bin,Pine Island,GTMNERR,0,44.763,0,28.93,0,3.268,0,106.2,0,9.28,0,51.13,17,7.86,0,-85.7,5.61,13.321,0,2.18,0,1.201,1.51,0,6.07
2/9/2026,17:45, ,gtmpiwq_20H100465_020426_050000.bin,Pine Island,GTMNERR,0,44.736,0,28.9,0,3.212,0,105.8,0,9.26,0,51.3,17.06,7.87,0,-86,5.61,13.239,0,2.26,0,1.2,1.5,0,6.06
2/9/2026,18:00, ,gtmpiwq_20H100465_020426_050000.bin,Pine Island,GTMNERR,0,44.623,0,28.82,0,3.16,0,105.7,0,9.26,0,51.83,17.24,7.86,0,-85.8,5.64,13.246,0,2.46,0,1.198,1.54,0,6.2
2/9/2026,18:15, ,gtmpiwq_20H100465_020426_050000.bin,Pine Island,GTMNERR,0,44.474,0,28.72,0,3.109,0,105.8,0,9.27,0,52.53,17.47,7.86,0,-85.6,5.62,13.277,0,2.33,0,1.194,1.69,0,6.81
2/9/2026,18:30, ,gtmpiwq_20H100465_020426_050000.bin,Pine Island,GTMNERR,0,44.307,0,28.6,0,3.051,0,105.8,0,9.27,0,53.35,17.74,7.86,0,-85.3,5.63,13.291,0,2.44,0,1.194,1.66,0,6.68
2/9/2026,18:45, ,gtmpiwq_20H100465_020426_050000.bin,Pine Island,GTMNERR,0,44.114,0,28.46,0,2.993,0,105.7,0,9.27,0,54.27,18.05,7.85,0,-85,5.61,13.309,0,2.26,0,1.195,1.69,0,6.81
2/9/2026,19:00, ,gtmpiwq_20H100465_020426_050000.bin,Pine Island,GTMNERR,0,43.912,0,28.32,0,2.939,0,105.7,0,9.27,0,55.21,18.36,7.85,0,-85,5.62,13.334,0,2.46,0,1.195,1.76,0,7.09
2/9/2026,19:15, ,gtmpiwq_20H100465_020426_050000.bin,Pine Island,GTMNERR,0,43.647,0,28.13,0,2.883,0,105.7,0,9.28,0,56.52,18.8,7.84,0,-84.6,5.63,13.358,0,2.57,0,1.208,1.82,0,7.33
2/9/2026,19:30, ,gtmpiwq_20H100465_020426_050000.bin,Pine Island,GTMNERR,0,43.419,0,27.97,0,2.824,0,105.8,0,9.29,0,57.46,19.12,7.84,0,-84.4,5.62,13.384,0,2.41,0,1.202,1.84,0,7.41
2/9/2026,19:45, ,gtmpiwq_20H100465_020426_050000.bin,Pine Island,GTMNERR,0,43.208,0,27.82,0,2.771,0,105.9,0,9.3,0,58.35,19.41,7.84,0,-84.2,5.63,13.417,0,2.51,0,1.2,2.08,0,8.37
2/9/2026,20:00, ,gtmpiwq_20H100465_020426_050000.bin,Pine Island,GTMNERR,0,43.025,0,27.69,0,2.719,0,105.9,0,9.3,0,59.24,19.71,7.83,0,-83.9,5.6,13.464,0,2.23,0,1.197,1.98,0,7.97
2/9/2026,20:15, ,gtmpiwq_20H100465_020426_050000.bin,Pine Island,GTMNERR,0,42.858,0,27.57,0,2.671,0,106.1,0,9.31,0,59.91,19.93,7.83,0,-83.8,5.61,13.54,0,2.34,0,1.197,1.88,0,7.56
2/9/2026,20:30, ,gtmpiwq_20H100465_020426_050000.bin,Pine Island,GTMNERR,0,42.716,0,27.47,0,2.629,0,105.7,0,9.27,0,60.73,20.21,7.82,0,-83.5,5.62,13.598,0,2.16,0,1.193,2.05,0,8.26
2/9/2026,20:45, ,gtmpiwq_20H100465_020426_050000.bin,Pine Island,GTMNERR,0,42.589,0,27.38,0,2.596,0,105.5,0,9.25,0,61.23,20.37,7.82,0,-83.4,5.62,13.627,0,2.18,0,1.202,2.07,0,8.32
2/9/2026,21:00, ,gtmpiwq_20H100465_020426_050000.bin,Pine Island,GTMNERR,0,42.504,0,27.32,0,2.576,0,105.4,0,9.24,0,61.47,20.45,7.82,0,-83.2,5.61,13.642,0,2.18,0,1.207,2.2,0,8.85
2/9/2026,21:15, ,gtmpiwq_20H100465_020426_050000.bin,Pine Island,GTMNERR,0,42.515,0,27.33,0,2.597,0,105.1,0,9.21,0,61.49,20.46,7.82,0,-83.3,5.6,13.665,0,2.39,0,1.208,2.15,0,8.66
2/9/2026,21:30, ,gtmpiwq_20H100465_020426_050000.bin,Pine Island,GTMNERR,0,42.857,0,27.57,0,2.629,0,105.3,0,9.21,0,60.12,20,7.83,0,-83.7,5.62,13.685,0,2.39,0,1.209,1.84,0,7.41
2/9/2026,21:45, ,gtmpiwq_20H100465_020426_050000.bin,Pine Island,GTMNERR,0,43.745,0,28.21,0,2.686,0,106.8,0,9.29,0,55.97,18.62,7.84,0,-84.8,5.63,13.766,0,2.38,0,1.202,1.57,0,6.33
2/9/2026,22:00, ,gtmpiwq_20H100465_020426_050000.bin,Pine Island,GTMNERR,0,43.922,0,28.34,0,2.742,0,107,0,9.31,0,54.97,18.28,7.85,0,-85.2,5.61,13.724,0,2.38,0,1.197,1.61,0,6.47
2/9/2026,22:15, ,gtmpiwq_20H100465_020426_050000.bin,Pine Island,GTMNERR,0,43.716,0,28.19,0,2.811,0,106.5,0,9.3,0,56.03,18.64,7.85,0,-84.8,5.62,13.604,0,2.47,0,1.199,1.63,0,6.56
2/9/2026,22:30, ,gtmpiwq_20H100465_020426_050000.bin,Pine Island,GTMNERR,0,43.739,0,28.2,0,2.866,0,106.2,0,9.29,0,56.18,18.69,7.84,0,-84.8,5.6,13.517,0,2.71,0,1.201,1.56,0,6.28
2/9/2026,22:45, ,gtmpiwq_20H100465_020426_050000.bin,Pine Island,GTMNERR,0,43.847,0,28.27,0,2.935,0,105.8,0,9.26,0,55.74,18.54,7.84,0,-84.8,5.61,13.457,0,2.18,0,1.194,1.53,0,6.16
2/9/2026,23:00, ,gtmpiwq_20H100465_020426_050000.bin,Pine Island,GTMNERR,0,44.09,0,28.45,0,3,0,105.8,0,9.25,0,54.56,18.15,7.85,0,-85.1,5.62,13.439,0,2.31,0,1.193,1.51,0,6.07
2/9/2026,23:15, ,gtmpiwq_20H100465_020426_050000.bin,Pine Island,GTMNERR,0,44.266,0,28.57,0,3.063,0,105.7,0,9.24,0,53.73,17.87,7.85,0,-85.2,5.61,13.414,0,2.2,0,1.21,1.5,0,6.04
2/9/2026,23:30, ,gtmpiwq_20H100465_020426_050000.bin,Pine Island,GTMNERR,0,44.445,0,28.7,0,3.121,0,105.7,0,9.24,0,53.01,17.63,7.86,0,-85.5,5.62,13.399,0,2.12,0,1.209,1.51,0,6.09
2/9/2026,23:45, ,gtmpiwq_20H100465_020426_050000.bin,Pine Island,GTMNERR,0,44.642,0,28.84,0,3.183,0,105.7,0,9.22,0,51.89,17.26,7.86,0,-85.7,5.6,13.46,0,2.24,0,1.193,1.47,0,5.91
2/10/2026,0:00, ,gtmpiwq_20H100465_020426_050000.bin,Pine Island,GTMNERR,0,44.765,0,28.93,0,3.237,0,105.7,0,9.2,0,51.38,17.09,7.86,0,-85.8,5.61,13.503,0,2.32,0,1.198,1.41,0,5.69
2/10/2026,0:15, ,gtmpiwq_20H100465_020426_050000.bin,Pine Island,GTMNERR,0,44.913,0,29.04,0,3.291,0,105.6,0,9.17,0,50.72,16.87,7.86,0,-85.9,5.62,13.593,0,2.51,0,1.208,1.45,0,5.84
2/10/2026,0:30, ,gtmpiwq_20H100465_020426_050000.bin,Pine Island,GTMNERR,0,45.011,0,29.11,0,3.342,0,105.6,0,9.17,0,50.23,16.7,7.87,0,-86,5.61,13.608,0,2.5,0,1.21,1.4,0,5.65
2/10/2026,0:45, ,gtmpiwq_20H100465_020426_050000.bin,Pine Island,GTMNERR,0,45.093,0,29.17,0,3.395,0,105.7,0,9.17,0,49.79,16.56,7.87,0,-86.2,5.61,13.574,0,2.32,0,1.209,1.39,0,5.62
2/10/2026,1:00, ,gtmpiwq_20H100465_020426_050000.bin,Pine Island,GTMNERR,0,45.189,0,29.24,0,3.446,0,105.7,0,9.18,0,49.24,16.37,7.87,0,-86.3,5.6,13.546,0,2.42,0,1.209,1.36,0,5.48
2/10/2026,1:15, ,gtmpiwq_20H100465_020426_050000.bin,Pine Island,GTMNERR,0,45.327,0,29.34,0,3.501,0,105.8,0,9.19,0,48.49,16.12,7.88,0,-86.6,5.6,13.519,0,2.32,0,1.208,1.44,0,5.82
2/10/2026,1:30, ,gtmpiwq_20H100465_020426_050000.bin,Pine Island,GTMNERR,0,45.589,0,29.53,0,3.552,0,106,0,9.18,0,47.17,15.68,7.88,0,-86.9,5.62,13.586,0,2.28,0,1.208,1.32,0,5.33
2/10/2026,1:45, ,gtmpiwq_20H100465_020426_050000.bin,Pine Island,GTMNERR,0,45.661,0,29.58,0,3.603,0,105.8,0,9.16,0,46.88,15.59,7.88,0,-87,5.61,13.57,0,2.25,0,1.208,1.3,0,5.26
2/10/2026,2:00, ,gtmpiwq_20H100465_020426_050000.bin,Pine Island,GTMNERR,0,45.765,0,29.65,0,3.649,0,105.7,0,9.15,0,46.36,15.41,7.88,0,-87.1,5.61,13.552,0,2.18,0,1.207,1.28,0,5.18
2/10/2026,2:15, ,gtmpiwq_20H100465_020426_050000.bin,Pine Island,GTMNERR,0,46.035,0,29.84,0,3.692,0,105.6,0,9.15,0,44.86,14.91,7.89,0,-87.5,5.6,13.471,0,2.36,0,1.207,1.32,0,5.32
2/10/2026,2:30, ,gtmpiwq_20H100465_020426_050000.bin,Pine Island,GTMNERR,0,46.162,0,29.93,0,3.727,0,105.4,0,9.13,0,44.23,14.7,7.9,0,-87.7,5.6,13.449,0,2.23,0,1.209,1.38,0,5.58
2/10/2026,2:45, ,gtmpiwq_20H100465_020426_050000.bin,Pine Island,GTMNERR,0,46.354,0,30.07,0,3.758,0,105.4,0,9.12,0,42.98,14.28,7.9,0,-87.9,5.62,13.423,0,2.16,0,1.206,1.51,0,6.07
2/10/2026,3:00, ,gtmpiwq_20H100465_020426_050000.bin,Pine Island,GTMNERR,0,46.574,0,30.23,0,3.785,0,105.3,0,9.12,0,41.98,13.95,7.9,0,-88.2,5.6,13.388,0,2.13,0,1.206,1.43,0,5.77
2/10/2026,3:15, ,gtmpiwq_20H100465_020426_050000.bin,Pine Island,GTMNERR,0,46.667,0,30.3,0,3.806,0,105.3,0,9.11,0,41.51,13.79,7.91,0,-88.4,5.61,13.373,0,2.36,0,1.203,1.35,0,5.45
2/10/2026,3:30, ,gtmpiwq_20H100465_020426_050000.bin,Pine Island,GTMNERR,0,46.781,0,30.38,0,3.821,0,105.1,0,9.09,0,40.88,13.58,7.91,0,-88.5,5.6,13.374,0,2.13,0,1.205,1.34,0,5.41
2/10/2026,3:45, ,gtmpiwq_20H100465_020426_050000.bin,Pine Island,GTMNERR,0,46.843,0,30.42,0,3.828,0,105,0,9.08,0,40.58,13.48,7.91,0,-88.6,5.6,13.379,0,2.11,0,1.205,1.44,0,5.82
2/10/2026,4:00, ,gtmpiwq_20H100465_020426_050000.bin,Pine Island,GTMNERR,0,46.871,0,30.44,0,3.823,0,104.6,0,9.04,0,39.66,13.17,7.91,0,-88.6,5.61,13.39,0,1.74,0,1.204,1.59,0,6.41
2/10/2026,4:15, ,gtmpiwq_20H100465_020426_050000.bin,Pine Island,GTMNERR,0,46.872,0,30.44,0,3.808,0,103.9,0,8.98,0,38.79,12.88,7.9,0,-88.2,5.59,13.394,0,1.72,0,1.205,1.67,0,6.73
2/10/2026,4:30, ,gtmpiwq_20H100465_020426_050000.bin,Pine Island,GTMNERR,0,46.867,0,30.44,0,3.781,0,104.5,0,9.03,0,40.26,13.38,7.91,0,-88.6,5.6,13.391,0,1.95,0,1.207,1.44,0,5.81
2/10/2026,4:45, ,gtmpiwq_20H100465_020426_050000.bin,Pine Island,GTMNERR,0,46.784,0,30.38,0,3.745,0,104.5,0,9.04,0,40.88,13.58,7.91,0,-88.4,5.6,13.394,0,1.91,0,1.207,1.5,0,6.05
2/10/2026,5:00, ,gtmpiwq_20H100465_020426_050000.bin,Pine Island,GTMNERR,0,46.627,0,30.27,0,3.703,0,104.8,0,9.06,0,41.57,13.82,7.9,0,-88.1,5.59,13.407,0,2.07,0,1.209,1.54,0,6.19
2/10/2026,5:15, ,gtmpiwq_20H100465_020426_050000.bin,Pine Island,GTMNERR,0,46.359,0,30.08,0,3.659,0,104.9,0,9.08,0,43.09,14.32,7.9,0,-87.8,5.6,13.426,0,2.15,0,1.207,1.47,0,5.91
2/10/2026,5:30, ,gtmpiwq_20H100465_020426_050000.bin,Pine Island,GTMNERR,0,46.044,0,29.85,0,3.612,0,104.8,0,9.08,0,44.54,14.8,7.89,0,-87.4,5.6,13.45,0,2.18,0,1.208,1.42,0,5.73
2/10/2026,5:45, ,gtmpiwq_20H100465_020426_050000.bin,Pine Island,GTMNERR,0,45.693,0,29.6,0,3.563,0,104.5,0,9.07,0,46.58,15.48,7.88,0,-86.8,5.59,13.465,0,2.38,0,1.206,1.54,0,6.19
2/10/2026,6:00, ,gtmpiwq_20H100465_020426_050000.bin,Pine Island,GTMNERR,0,45.478,0,29.44,0,3.517,0,104.2,0,9.05,0,47.95,15.94,7.87,0,-86.4,5.6,13.455,0,2.55,0,1.207,1.48,0,5.98
2/10/2026,6:15, ,gtmpiwq_20H100465_020426_050000.bin,Pine Island,GTMNERR,0,45.195,0,29.24,0,3.47,0,103.9,0,9.03,0,49.24,16.37,7.86,0,-85.9,5.6,13.468,0,2.32,0,1.204,1.4,0,5.66
2/10/2026,6:30, ,gtmpiwq_20H100465_020426_050000.bin,Pine Island,GTMNERR,0,45.085,0,29.16,0,3.415,0,103.6,0,9.02,0,49.95,16.61,7.86,0,-85.7,5.61,13.428,0,2.09,0,1.205,1.43,0,5.77
2/10/2026,6:45, ,gtmpiwq_20H100465_020426_050000.bin,Pine Island,GTMNERR,0,44.927,0,29.05,0,3.361,0,103.4,0,9.01,0,50.8,16.89,7.86,0,-85.5,5.6,13.422,0,2.33,0,1.202,1.43,0,5.77
2/10/2026,7:00, ,gtmpiwq_20H100465_020426_050000.bin,Pine Island,GTMNERR,0,44.854,0,28.99,0,3.303,0,103.5,0,9.02,0,50.95,16.94,7.86,0,-85.4,5.6,13.447,0,2.42,0,1.203,1.46,0,5.87
2/10/2026,7:15, ,gtmpiwq_20H100465_020426_050000.bin,Pine Island,GTMNERR,0,44.777,0,28.94,0,3.248,0,103.4,0,9.01,0,51.44,17.11,7.85,0,-85.2,5.59,13.45,0,2.48,0,1.204,1.48,0,5.95
2/10/2026,7:30, ,gtmpiwq_20H100465_020426_050000.bin,Pine Island,GTMNERR,0,44.623,0,28.83,0,3.193,0,103.1,0,9,0,52.26,17.38,7.85,0,-84.9,5.59,13.423,0,2.66,0,1.206,1.42,0,5.74
2/10/2026,7:45, ,gtmpiwq_20H100465_020426_050000.bin,Pine Island,GTMNERR,0,44.492,0,28.73,0,3.135,0,102.8,0,8.98,0,52.88,17.59,7.84,0,-84.7,5.6,13.384,0,2.31,0,1.206,1.46,0,5.88
2/10/2026,8:00, ,gtmpiwq_20H100465_020426_050000.bin,Pine Island,GTMNERR,0,44.356,0,28.63,0,3.076,0,102.4,0,8.97,0,53.62,17.83,7.84,0,-84.5,5.59,13.338,0,2.64,0,1.206,1.48,0,5.96
2/10/2026,8:15, ,gtmpiwq_20H100465_020426_050000.bin,Pine Island,GTMNERR,0,44.155,0,28.49,0,3.02,0,102,0,8.95,0,54.76,18.22,7.83,0,-84,5.6,13.288,0,2.46,0,1.203,1.33,0,5.38
2/10/2026,8:30, ,gtmpiwq_20H100465_020426_050000.bin,Pine Island,GTMNERR,0,43.908,0,28.31,0,2.959,0,101.6,0,8.93,0,55.89,18.59,7.82,0,-83.6,5.59,13.254,0,2.4,0,1.206,1.34,0,5.41
2/10/2026,8:45, ,gtmpiwq_20H100465_020426_050000.bin,Pine Island,GTMNERR,0,43.633,0,28.12,0,2.901,0,101.2,0,8.9,0,57.19,19.03,7.81,0,-82.7,5.59,13.235,0,2.37,0,1.203,1.33,0,5.36
2/10/2026,9:00, ,gtmpiwq_20H100465_020426_050000.bin,Pine Island,GTMNERR,0,43.402,0,27.95,0,2.844,0,100.9,0,8.89,0,57.84,19.24,7.81,0,-82.5,5.6,13.215,0,3.2,0,1.203,1.36,0,5.47
2/10/2026,9:15, ,gtmpiwq_20H100465_020426_050000.bin,Pine Island,GTMNERR,0,43.139,0,27.76,0,2.788,0,100.7,0,8.88,0,59.46,19.78,7.8,0,-82.2,5.59,13.208,0,2.45,0,1.2,1.41,0,5.7
2/10/2026,9:30, ,gtmpiwq_20H100465_020426_050000.bin,Pine Island,GTMNERR,0,42.967,0,27.64,0,2.742,0,100.5,0,8.87,0,60.21,20.03,7.8,0,-82,5.6,13.211,0,2.39,0,1.202,1.46,0,5.89
2/10/2026,9:45, ,gtmpiwq_20H100465_020426_050000.bin,Pine Island,GTMNERR,0,42.801,0,27.52,0,2.706,0,100.1,0,8.84,0,61.03,20.31,7.79,0,-81.6,5.59,13.215,0,2.33,0,1.203,1.54,0,6.19
2/10/2026,10:00, ,gtmpiwq_20H100465_020426_050000.bin,Pine Island,GTMNERR,0,42.698,0,27.45,0,2.678,0,99.8,0,8.82,0,61.21,20.37,7.79,0,-81.3,5.59,13.22,0,2.39,0,1.2,1.52,0,6.14
2/10/2026,10:15, ,gtmpiwq_20H100465_020426_050000.bin,Pine Island,GTMNERR,0,42.63,0,27.4,0,2.671,0,99.7,0,8.81,0,61.44,20.44,7.79,0,-81.3,5.6,13.242,0,2.14,0,1.198,1.63,0,6.55
2/10/2026,10:30, ,gtmpiwq_20H100465_020426_050000.bin,Pine Island,GTMNERR,0,42.778,0,27.51,0,2.688,0,100.3,0,8.86,0,61.04,20.31,7.79,0,-81.6,5.59,13.218,0,2.28,0,1.206,1.69,0,6.81
2/10/2026,10:45, ,gtmpiwq_20H100465_020426_050000.bin,Pine Island,GTMNERR,0,43.163,0,27.78,0,2.727,0,100.4,0,8.86,0,59.51,19.8,7.8,0,-82.2,5.59,13.213,0,2.48,0,1.193,1.4,0,5.63
2/10/2026,11:00, ,gtmpiwq_20H100465_020426_050000.bin,Pine Island,GTMNERR,0,43.967,0,28.35,0,2.78,0,100.3,0,8.83,0,55.69,18.52,7.81,0,-82.7,5.58,13.139,0,2.21,0,1.21,1.38,0,5.57
2/10/2026,11:15, ,gtmpiwq_20H100465_020426_050000.bin,Pine Island,GTMNERR,0,43.927,0,28.32,0,2.832,0,100.8,0,8.87,0,55.69,18.52,7.82,0,-83,5.59,13.158,0,2.6,0,1.211,1.49,0,6.01
2/10/2026,11:30, ,gtmpiwq_20H100465_020426_050000.bin,Pine Island,GTMNERR,0,43.872,0,28.29,0,2.886,0,101.3,0,8.91,0,56.07,18.65,7.82,0,-83.2,5.6,13.208,0,2.53,0,1.202,1.43,0,5.78
2/10/2026,11:45, ,gtmpiwq_20H100465_020426_050000.bin,Pine Island,GTMNERR,0,43.894,0,28.3,0,2.943,0,102,0,8.95,0,55.86,18.58,7.82,0,-83.4,5.59,13.29,0,2.52,0,1.196,1.47,0,5.94
2/10/2026,12:00, ,gtmpiwq_20H100465_020426_050000.bin,Pine Island,GTMNERR,0,44.031,0,28.4,0,2.996,0,102.8,0,9,0,55.13,18.34,7.83,0,-83.8,5.6,13.417,0,2.15,0,1.192,1.32,0,5.32
2/10/2026,12:15, ,gtmpiwq_20H100465_020426_050000.bin,Pine Island,GTMNERR,0,44.246,0,28.56,0,3.049,0,102.9,0,8.99,0,54.02,17.97,7.83,0,-84.1,5.59,13.428,0,2.16,0,1.194,1.31,0,5.27
2/10/2026,12:30, ,gtmpiwq_20H100465_020426_050000.bin,Pine Island,GTMNERR,0,44.431,0,28.69,0,3.095,0,103.4,0,9.01,0,53.06,17.65,7.84,0,-84.4,5.59,13.511,0,2.31,0,1.207,1.47,0,5.94
2/10/2026,12:45, ,gtmpiwq_20H100465_020426_050000.bin,Pine Island,GTMNERR,0,44.583,0,28.8,0,3.139,0,103.7,0,9.02,0,52.15,17.34,7.84,0,-84.7,5.59,13.591,0,2.17,0,1.202,1.41,0,5.67
2/10/2026,13:00, ,gtmpiwq_20H100465_020426_050000.bin,Pine Island,GTMNERR,0,44.734,0,28.92,0,3.184,0,104,0,9.02,0,51.32,17.07,7.85,0,-84.9,5.59,13.667,0,2.03,0,1.198,1.3,0,5.23
2/10/2026,13:15, ,gtmpiwq_20H100465_020426_050000.bin,Pine Island,GTMNERR,0,44.813,0,28.97,0,3.225,0,104.1,0,9.02,0,50.95,16.94,7.85,0,-85,5.59,13.714,0,2.21,0,1.198,1.76,0,7.1
2/10/2026,13:30, ,gtmpiwq_20H100465_020426_050000.bin,Pine Island,GTMNERR,0,44.891,0,29.03,0,3.268,0,104.4,0,9.03,0,50.56,16.81,7.85,0,-85.1,5.58,13.798,0,2.21,0,1.197,1.27,0,5.11
2/10/2026,13:45, ,gtmpiwq_20H100465_020426_050000.bin,Pine Island,GTMNERR,0,45.018,0,29.12,0,3.307,0,104.4,0,9.03,0,49.93,16.6,7.85,0,-85.2,5.59,13.781,0,2.03,0,1.193,1.29,0,5.21
2/10/2026,14:00, ,gtmpiwq_20H100465_020426_050000.bin,Pine Island,GTMNERR,0,45.106,0,29.19,0,3.346,0,104.3,0,9.01,0,49.46,16.45,7.85,0,-85.3,5.59,13.781,0,2.06,0,1.194,1.27,0,5.14
2/10/2026,14:15, ,gtmpiwq_20H100465_020426_050000.bin,Pine Island,GTMNERR,0,45.211,0,29.26,0,3.384,0,104.3,0,9.01,0,48.78,16.22,7.86,0,-85.4,5.59,13.791,0,2.23,0,1.208,1.38,0,5.55
2/10/2026,14:30, ,gtmpiwq_20H100465_020426_050000.bin,Pine Island,GTMNERR,0,45.274,0,29.31,0,3.425,0,104.8,0,9.05,0,48.55,16.14,7.86,0,-85.7,5.59,13.82,0,2.18,0,1.205,1.33,0,5.38
2/10/2026,14:45, ,gtmpiwq_20H100465_020426_050000.bin,Pine Island,GTMNERR,0,45.349,0,29.36,0,3.459,0,105.1,0,9.07,0,48.12,16,7.86,0,-86,5.58,13.825,0,2.21,0,1.204,1.35,0,5.43
2/10/2026,15:00, ,gtmpiwq_20H100465_020426_050000.bin,Pine Island,GTMNERR,0,45.529,0,29.49,0,3.488,0,105.3,0,9.06,0,47.15,15.68,7.87,0,-86.2,5.59,13.892,0,1.89,0,1.199,1.36,0,5.47
2/10/2026,15:15, ,gtmpiwq_20H100465_020426_050000.bin,Pine Island,GTMNERR,0,45.62,0,29.56,0,3.513,0,105,0,9.04,0,46.81,15.56,7.87,0,-86.2,5.59,13.86,0,2.32,0,1.198,1.37,0,5.52
2/10/2026,15:30, ,gtmpiwq_20H100465_020426_050000.bin,Pine Island,GTMNERR,0,45.757,0,29.65,0,3.532,0,104.9,0,9.03,0,45.88,15.25,7.87,0,-86.3,5.59,13.842,0,2.19,0,1.199,1.35,0,5.43
2/10/2026,15:45, ,gtmpiwq_20H100465_020426_050000.bin,Pine Island,GTMNERR,0,45.782,0,29.67,0,3.548,0,104.9,0,9.02,0,45.8,15.22,7.87,0,-86.5,5.59,13.882,0,1.66,0,1.198,1.66,0,6.69
2/10/2026,16:00, ,gtmpiwq_20H100465_020426_050000.bin,Pine Island,GTMNERR,0,45.801,0,29.69,0,3.554,0,104.6,0,9,0,44.93,14.93,7.87,0,-86.5,5.58,13.85,0,1.86,0,1.2,1.62,0,6.54
2/10/2026,16:15, ,gtmpiwq_20H100465_020426_050000.bin,Pine Island,GTMNERR,0,45.785,0,29.67,0,3.545,0,103.5,0,8.91,0,45.13,15,7.87,0,-86.4,5.58,13.854,0,1.62,0,1.199,1.73,0,6.96
2/10/2026,16:30, ,gtmpiwq_20H100465_020426_050000.bin,Pine Island,GTMNERR,0,45.717,0,29.63,0,3.522,0,104.7,0,9.01,0,45.97,15.28,7.87,0,-86.4,5.59,13.859,0,1.8,0,1.201,1.64,0,6.6
2/10/2026,16:45, ,gtmpiwq_20H100465_020426_050000.bin,Pine Island,GTMNERR,0,45.67,0,29.6,0,3.488,0,105.6,0,9.07,0,46.24,15.37,7.87,0,-86.6,5.58,13.983,0,1.83,0,1.201,1.48,0,5.98
2/10/2026,17:00, ,gtmpiwq_20H100465_020426_050000.bin,Pine Island,GTMNERR,0,45.433,0,29.42,0,3.445,0,105.7,0,9.08,0,47.29,15.72,7.87,0,-86.1,5.59,13.99,0,1.99,0,1.197,1.57,0,6.31
2/10/2026,17:15, ,gtmpiwq_20H100465_020426_050000.bin,Pine Island,GTMNERR,0,45.257,0,29.3,0,3.402,0,106.2,0,9.11,0,48.03,15.97,7.86,0,-86,5.58,14.114,0,2.1,0,1.194,1.64,0,6.6
2/10/2026,17:30, ,gtmpiwq_20H100465_020426_050000.bin,Pine Island,GTMNERR,0,45.078,0,29.17,0,3.353,0,106.3,0,9.11,0,48.96,16.28,7.86,0,-85.7,5.58,14.185,0,2.13,0,1.202,1.62,0,6.52
2/10/2026,17:45, ,gtmpiwq_20H100465_020426_050000.bin,Pine Island,GTMNERR,0,44.896,0,29.05,0,3.311,0,106.2,0,9.1,0,49.9,16.59,7.86,0,-85.5,5.59,14.225,0,2.34,0,1.207,1.88,0,7.56
2/10/2026,18:00, ,gtmpiwq_20H100465_020426_050000.bin,Pine Island,GTMNERR,0,44.728,0,28.93,0,3.265,0,106.2,0,9.1,0,50.67,16.85,7.85,0,-85,5.58,14.285,0,2.15,0,1.211,1.7,0,6.83
2/10/2026,18:15, ,gtmpiwq_20H100465_020426_050000.bin,Pine Island,GTMNERR,0,44.525,0,28.78,0,3.219,0,106.4,0,9.11,0,51.52,17.13,7.84,0,-84.9,5.59,14.408,0,2.22,0,1.202,1.67,0,6.74
2/10/2026,18:30, ,gtmpiwq_20H100465_020426_050000.bin,Pine Island,GTMNERR,0,44.413,0,28.7,0,3.169,0,105.8,0,9.08,0,52.28,17.39,7.84,0,-84.7,5.58,14.269,0,2.11,0,1.193,1.65,0,6.66
2/10/2026,18:45, ,gtmpiwq_20H100465_020426_050000.bin,Pine Island,GTMNERR,0,44.191,0,28.54,0,3.117,0,105.9,0,9.09,0,53.32,17.73,7.84,0,-84.5,5.58,14.337,0,2.22,0,1.203,1.77,0,7.11
2/10/2026,19:00, ,gtmpiwq_20H100465_020426_050000.bin,Pine Island,GTMNERR,0,44.002,0,28.41,0,3.067,0,105.8,0,9.09,0,54.15,18.01,7.83,0,-84.1,5.59,14.339,0,2.1,0,1.206,1.8,0,7.26
2/10/2026,19:15, ,gtmpiwq_20H100465_020426_050000.bin,Pine Island,GTMNERR,0,43.917,0,28.35,0,3.014,0,105.6,0,9.07,0,54.77,18.22,7.83,0,-84.1,5.58,14.306,0,2.08,0,1.209,1.74,0,7
2/10/2026,19:30, ,gtmpiwq_20H100465_020426_050000.bin,Pine Island,GTMNERR,0,43.774,0,28.24,0,2.961,0,105.5,0,9.07,0,55.23,18.37,7.82,0,-83.5,5.58,14.301,0,2.11,0,1.208,1.84,0,7.39
2/10/2026,19:45, ,gtmpiwq_20H100465_020426_050000.bin,Pine Island,GTMNERR,0,43.57,0,28.1,0,2.907,0,105.5,0,9.08,0,56.15,18.68,7.82,0,-83.5,5.59,14.319,0,2.01,0,1.208,1.9,0,7.64
2/10/2026,20:00, ,gtmpiwq_20H100465_020426_050000.bin,Pine Island,GTMNERR,0,43.36,0,27.95,0,2.849,0,105.3,0,9.07,0,57.32,19.07,7.82,0,-83.3,5.59,14.32,0,2.22,0,1.207,1.97,0,7.92
2/10/2026,20:15, ,gtmpiwq_20H100465_020426_050000.bin,Pine Island,GTMNERR,0,43.131,0,27.78,0,2.79,0,105.2,0,9.07,0,58.36,19.42,7.81,0,-83,5.58,14.307,0,2.39,0,1.207,1.95,0,7.86
2/10/2026,20:30, ,gtmpiwq_20H100465_020426_050000.bin,Pine Island,GTMNERR,0,42.879,0,27.6,0,2.727,0,105,0,9.07,0,59.45,19.78,7.81,0,-82.6,5.58,14.299,0,2.29,0,1.207,1.95,0,7.85
2/10/2026,20:45, ,gtmpiwq_20H100465_020426_050000.bin,Pine Island,GTMNERR,0,42.663,0,27.45,0,2.668,0,104.8,0,9.05,0,60.57,20.15,7.8,0,-82.4,5.59,14.328,0,2.21,0,1.207,2.06,0,8.29
2/10/2026,21:00, ,gtmpiwq_20H100465_020426_050000.bin,Pine Island,GTMNERR,0,42.436,0,27.29,0,2.61,0,104.5,0,9.03,0,61.27,20.38,7.79,0,-81.7,5.58,14.36,0,2.3,0,1.208,2.11,0,8.5
2/10/2026,21:15, ,gtmpiwq_20H100465_020426_050000.bin,Pine Island,GTMNERR,0,42.232,0,27.15,0,2.556,0,104.3,0,9.02,0,62.12,20.67,7.79,0,-81.8,5.58,14.4,0,2.21,0,1.204,2.16,0,8.69
2/10/2026,21:30, ,gtmpiwq_20H100465_020426_050000.bin,Pine Island,GTMNERR,0,42.029,0,27,0,2.517,0,102.7,0,8.88,0,63.04,20.98,7.78,0,-81.2,5.59,14.442,0,2.11,0,1.202,2.11,0,8.47
2/10/2026,21:45, ,gtmpiwq_20H100465_020426_050000.bin,Pine Island,GTMNERR,0,41.902,0,26.91,0,2.489,0,103.3,0,8.92,0,63.55,21.15,7.78,0,-81.3,5.58,14.493,0,2.27,0,1.2,2.2,0,8.84
2/10/2026,22:00, ,gtmpiwq_20H100465_020426_050000.bin,Pine Island,GTMNERR,0,41.857,0,26.88,0,2.483,0,103.2,0,8.91,0,63.47,21.12,7.78,0,-81.1,5.58,14.522,0,2.23,0,1.203,2.15,0,8.66
2/10/2026,22:15, ,gtmpiwq_20H100465_020426_050000.bin,Pine Island,GTMNERR,0,41.861,0,26.88,0,2.5,0,100.8,0,8.7,0,61.68,20.52,7.77,0,-80.7,5.57,14.536,0,1.98,0,1.202,1.81,0,7.28
2/10/2026,22:30, ,gtmpiwq_20H100465_020426_050000.bin,Pine Island,GTMNERR,0,42.369,0,27.25,0,2.535,0,104.5,0,9,0,61.8,20.56,7.8,0,-82.1,5.58,14.576,0,2.86,0,1.198,1.77,0,7.13
2/10/2026,22:45, ,gtmpiwq_20H100465_020426_050000.bin,Pine Island,GTMNERR,0,43.243,0,27.87,0,2.59,0,105.4,0,9.03,0,58.46,19.45,7.81,0,-82.9,5.58,14.617,0,2.53,0,1.2,1.66,0,6.68
2/10/2026,23:00, ,gtmpiwq_20H100465_020426_050000.bin,Pine Island,GTMNERR,0,43.391,0,27.98,0,2.652,0,105.7,0,9.05,0,57.17,19.02,7.82,0,-83.3,5.57,14.585,0,2.34,0,1.203,1.71,0,6.89
2/10/2026,23:15, ,gtmpiwq_20H100465_020426_050000.bin,Pine Island,GTMNERR,0,43.196,0,27.83,0,2.716,0,105.2,0,9.04,0,58.25,19.38,7.81,0,-83,5.58,14.449,0,2.58,0,1.204,1.67,0,6.74
2/10/2026,23:30, ,gtmpiwq_20H100465_020426_050000.bin,Pine Island,GTMNERR,0,43.165,0,27.81,0,2.78,0,104.9,0,9.04,0,58.47,19.45,7.81,0,-82.8,5.57,14.369,0,2.44,0,1.205,1.67,0,6.74
2/10/2026,23:45, ,gtmpiwq_20H100465_020426_050000.bin,Pine Island,GTMNERR,0,43.317,0,27.92,0,2.844,0,104.5,0,9.01,0,58.2,19.36,7.81,0,-83,5.58,14.259,0,2.24,0,1.209,1.59,0,6.41
2/11/2026,0:00, ,gtmpiwq_20H100465_020426_050000.bin,Pine Island,GTMNERR,0,43.573,0,28.1,0,2.904,0,104.6,0,9,0,56.91,18.93,7.82,0,-83.3,5.58,14.316,0,2.54,0,1.211,1.58,0,6.35
2/11/2026,0:15, ,gtmpiwq_20H100465_020426_050000.bin,Pine Island,GTMNERR,0,43.66,0,28.16,0,2.963,0,104.6,0,9.01,0,56.31,18.73,7.82,0,-83.4,5.57,14.294,0,2.34,0,1.205,1.59,0,6.41
2/11/2026,0:30, ,gtmpiwq_20H100465_020426_050000.bin,Pine Island,GTMNERR,0,43.914,0,28.34,0,3.014,0,104.7,0,9,0,55.24,18.38,7.82,0,-83.7,5.58,14.293,0,2.24,0,1.198,1.51,0,6.08
2/11/2026,0:45, ,gtmpiwq_20H100465_020426_050000.bin,Pine Island,GTMNERR,0,44.211,0,28.56,0,3.061,0,104.6,0,8.98,0,53.86,17.91,7.83,0,-84.2,5.57,14.289,0,2.22,0,1.21,1.53,0,6.18
2/11/2026,1:00, ,gtmpiwq_20H100465_020426_050000.bin,Pine Island,GTMNERR,0,44.314,0,28.63,0,3.107,0,104.5,0,8.96,0,53.39,17.76,7.83,0,-84.2,5.57,14.309,0,2.45,0,1.205,1.47,0,5.91
2/11/2026,1:15, ,gtmpiwq_20H100465_020426_050000.bin,Pine Island,GTMNERR,0,44.39,0,28.68,0,3.154,0,104.6,0,8.97,0,52.99,17.62,7.84,0,-84.4,5.58,14.282,0,2.26,0,1.2,1.43,0,5.76
2/11/2026,1:30, ,gtmpiwq_20H100465_020426_050000.bin,Pine Island,GTMNERR,0,44.53,0,28.78,0,3.204,0,104.5,0,8.96,0,52.33,17.4,7.84,0,-84.6,5.57,14.292,0,2.35,0,1.196,1.54,0,6.2
2/11/2026,1:45, ,gtmpiwq_20H100465_020426_050000.bin,Pine Island,GTMNERR,0,44.7,0,28.91,0,3.249,0,104.3,0,8.93,0,51.5,17.13,7.84,0,-84.7,5.58,14.328,0,2.44,0,1.194,1.46,0,5.88
2/11/2026,2:00, ,gtmpiwq_20H100465_020426_050000.bin,Pine Island,GTMNERR,0,44.787,0,28.97,0,3.29,0,104.3,0,8.93,0,51,16.96,7.84,0,-84.8,5.57,14.306,0,2.55,0,1.204,1.49,0,5.99
2/11/2026,2:15, ,gtmpiwq_20H100465_020426_050000.bin,Pine Island,GTMNERR,0,44.899,0,29.05,0,3.336,0,104.4,0,8.93,0,50.61,16.83,7.85,0,-84.9,5.57,14.294,0,2.23,0,1.206,1.52,0,6.11
2/11/2026,2:30, ,gtmpiwq_20H100465_020426_050000.bin,Pine Island,GTMNERR,0,45.007,0,29.13,0,3.383,0,104.3,0,8.92,0,50.05,16.64,7.85,0,-85.1,5.58,14.283,0,2.35,0,1.209,1.55,0,6.24
2/11/2026,2:45, ,gtmpiwq_20H100465_020426_050000.bin,Pine Island,GTMNERR,0,45.314,0,29.35,0,3.427,0,104.5,0,8.92,0,48.35,16.08,7.86,0,-85.5,5.57,14.326,0,2.4,0,1.211,1.37,0,5.53
2/11/2026,3:00, ,gtmpiwq_20H100465_020426_050000.bin,Pine Island,GTMNERR,0,45.418,0,29.42,0,3.469,0,104.3,0,8.91,0,47.94,15.94,7.86,0,-85.7,5.58,14.301,0,2.24,0,1.201,1.45,0,5.83
2/11/2026,3:15, ,gtmpiwq_20H100465_020426_050000.bin,Pine Island,GTMNERR,0,45.534,0,29.5,0,3.509,0,104.4,0,8.92,0,47.45,15.78,7.86,0,-85.9,5.57,14.253,0,2.28,0,1.197,1.4,0,5.64
2/11/2026,3:30, ,gtmpiwq_20H100465_020426_050000.bin,Pine Island,GTMNERR,0,45.619,0,29.57,0,3.55,0,104.2,0,8.9,0,46.96,15.61,7.86,0,-86,5.57,14.223,0,2.15,0,1.198,1.48,0,5.96
2/11/2026,3:45, ,gtmpiwq_20H100465_020426_050000.bin,Pine Island,GTMNERR,0,45.76,0,29.67,0,3.587,0,104.2,0,8.9,0,46.23,15.37,7.87,0,-86.2,5.58,14.199,0,2.12,0,1.196,1.28,0,5.18
2/11/2026,4:00, ,gtmpiwq_20H100465_020426_050000.bin,Pine Island,GTMNERR,0,45.894,0,29.76,0,3.619,0,104.2,0,8.9,0,45.56,15.15,7.87,0,-86.4,5.57,14.157,0,2.01,0,1.198,1.53,0,6.17
2/11/2026,4:15, ,gtmpiwq_20H100465_020426_050000.bin,Pine Island,GTMNERR,0,45.98,0,29.82,0,3.645,0,104.1,0,8.9,0,45.03,14.97,7.87,0,-86.6,5.58,14.141,0,1.93,0,1.196,1.5,0,6.06
2/11/2026,4:30, ,gtmpiwq_20H100465_020426_050000.bin,Pine Island,GTMNERR,0,46.107,0,29.91,0,3.665,0,104,0,8.89,0,44.58,14.82,7.88,0,-86.7,5.57,14.12,0,2.13,0,1.196,1.45,0,5.84
2/11/2026,4:45, ,gtmpiwq_20H100465_020426_050000.bin,Pine Island,GTMNERR,0,46.18,0,29.97,0,3.676,0,103.8,0,8.87,0,43.95,14.61,7.88,0,-86.8,5.57,14.095,0,2.27,0,1.198,1.61,0,6.47
2/11/2026,5:00, ,gtmpiwq_20H100465_020426_050000.bin,Pine Island,GTMNERR,0,46.208,0,29.99,0,3.678,0,102.9,0,8.79,0,42.5,14.12,7.88,0,-86.7,5.58,14.088,0,1.98,0,1.196,1.33,0,5.38
2/11/2026,5:15, ,gtmpiwq_20H100465_020426_050000.bin,Pine Island,GTMNERR,0,46.229,0,30,0,3.666,0,100.8,0,8.61,0,40.97,13.61,7.87,0,-86.4,5.57,14.086,0,1.66,0,1.194,1.36,0,5.49
2/11/2026,5:30, ,gtmpiwq_20H100465_020426_050000.bin,Pine Island,GTMNERR,0,46.141,0,29.94,0,3.641,0,102.2,0,8.73,0,43.96,14.61,7.88,0,-86.7,5.58,14.085,0,1.74,0,1.193,1.64,0,6.6
2/11/2026,5:45, ,gtmpiwq_20H100465_020426_050000.bin,Pine Island,GTMNERR,0,46.03,0,29.86,0,3.607,0,103.5,0,8.84,0,44.86,14.91,7.87,0,-86.5,5.57,14.115,0,1.75,0,1.197,1.49,0,6.01
2/11/2026,6:00, ,gtmpiwq_20H100465_020426_050000.bin,Pine Island,GTMNERR,0,45.877,0,29.75,0,3.565,0,102.6,0,8.77,0,45.6,15.16,7.87,0,-86.3,5.57,14.145,0,1.9,0,1.205,1.43,0,5.76
2/11/2026,6:15, ,gtmpiwq_20H100465_020426_050000.bin,Pine Island,GTMNERR,0,45.668,0,29.6,0,3.521,0,103.3,0,8.84,0,46.73,15.53,7.86,0,-86,5.58,14.17,0,2.06,0,1.206,1.46,0,5.89
2/11/2026,6:30, ,gtmpiwq_20H100465_020426_050000.bin,Pine Island,GTMNERR,0,45.442,0,29.44,0,3.472,0,103.1,0,8.83,0,47.98,15.95,7.86,0,-85.6,5.57,14.198,0,2.26,0,1.202,1.55,0,6.26
2/11/2026,6:45, ,gtmpiwq_20H100465_020426_050000.bin,Pine Island,GTMNERR,0,45.255,0,29.3,0,3.42,0,102.9,0,8.81,0,48.95,16.27,7.85,0,-85.2,5.58,14.215,0,2.39,0,1.2,1.49,0,6.02
2/11/2026,7:00, ,gtmpiwq_20H100465_020426_050000.bin,Pine Island,GTMNERR,0,44.988,0,29.11,0,3.367,0,102.6,0,8.8,0,50.33,16.74,7.84,0,-84.8,5.56,14.208,0,2.39,0,1.197,1.42,0,5.74
2/11/2026,7:15, ,gtmpiwq_20H100465_020426_050000.bin,Pine Island,GTMNERR,0,44.806,0,28.98,0,3.311,0,102.2,0,8.77,0,51.25,17.04,7.84,0,-84.5,5.57,14.194,0,2.17,0,1.198,1.58,0,6.35
2/11/2026,7:30, ,gtmpiwq_20H100465_020426_050000.bin,Pine Island,GTMNERR,0,44.818,0,28.99,0,3.249,0,102.3,0,8.78,0,51.12,17,7.84,0,-84.3,5.57,14.213,0,2.23,0,1.198,1.59,0,6.41
2/11/2026,7:45, ,gtmpiwq_20H100465_020426_050000.bin,Pine Island,GTMNERR,0,44.655,0,28.87,0,3.186,0,102.1,0,8.76,0,52.04,17.31,7.83,0,-84.2,5.57,14.185,0,2.5,0,1.201,1.53,0,6.16
2/11/2026,8:00, ,gtmpiwq_20H100465_020426_050000.bin,Pine Island,GTMNERR,0,44.514,0,28.77,0,3.122,0,101.7,0,8.75,0,52.62,17.5,7.83,0,-83.9,5.57,14.165,0,2.49,0,1.209,1.33,0,5.38
2/11/2026,8:15, ,gtmpiwq_20H100465_020426_050000.bin,Pine Island,GTMNERR,0,44.355,0,28.66,0,3.055,0,101.6,0,8.74,0,53.41,17.76,7.82,0,-83.7,5.57,14.153,0,2.59,0,1.203,1.31,0,5.3
2/11/2026,8:30, ,gtmpiwq_20H100465_020426_050000.bin,Pine Island,GTMNERR,0,44.234,0,28.57,0,2.988,0,101.4,0,8.74,0,54.09,17.99,7.82,0,-83.4,5.57,14.134,0,2.53,0,1.206,1.3,0,5.26
2/11/2026,8:45, ,gtmpiwq_20H100465_020426_050000.bin,Pine Island,GTMNERR,0,44.04,0,28.43,0,2.916,0,101.2,0,8.73,0,55.04,18.31,7.82,0,-83.2,5.57,14.103,0,2.46,0,1.21,1.33,0,5.35
2/11/2026,9:00, ,gtmpiwq_20H100465_020426_050000.bin,Pine Island,GTMNERR,0,43.739,0,28.21,0,2.844,0,100.8,0,8.72,0,56.47,18.78,7.8,0,-82.5,5.56,14.079,0,2.69,0,1.205,1.26,0,5.08
2/11/2026,9:15, ,gtmpiwq_20H100465_020426_050000.bin,Pine Island,GTMNERR,0,43.402,0,27.97,0,2.767,0,100.5,0,8.7,0,58.04,19.31,7.79,0,-81.9,5.56,14.066,0,2.37,0,1.202,1.31,0,5.3
2/11/2026,9:30, ,gtmpiwq_20H100465_020426_050000.bin,Pine Island,GTMNERR,0,43.05,0,27.72,0,2.694,0,100.1,0,8.68,0,59.71,19.87,7.79,0,-81.4,5.57,14.063,0,2.42,0,1.2,1.37,0,5.54
2/11/2026,9:45, ,gtmpiwq_20H100465_020426_050000.bin,Pine Island,GTMNERR,0,42.791,0,27.54,0,2.624,0,99.7,0,8.66,0,60.87,20.25,7.78,0,-81.1,5.57,14.056,0,2.42,0,1.197,1.42,0,5.71
2/11/2026,10:00, ,gtmpiwq_20H100465_020426_050000.bin,Pine Island,GTMNERR,0,42.592,0,27.39,0,2.559,0,99.4,0,8.64,0,61.85,20.58,7.77,0,-80.6,5.57,14.054,0,2.71,0,1.197,1.36,0,5.5
2/11/2026,10:15, ,gtmpiwq_20H100465_020426_050000.bin,Pine Island,GTMNERR,0,42.405,0,27.26,0,2.509,0,99.1,0,8.62,0,62.56,20.82,7.77,0,-80.3,5.56,14.052,0,2.85,0,1.195,1.53,0,6.16
2/11/2026,10:30, ,gtmpiwq_20H100465_020426_050000.bin,Pine Island,GTMNERR,0,42.264,0,27.16,0,2.472,0,98.7,0,8.59,0,62.99,20.96,7.76,0,-79.8,5.57,14.062,0,2.92,0,1.206,1.54,0,6.19
2/11/2026,10:45, ,gtmpiwq_20H100465_020426_050000.bin,Pine Island,GTMNERR,0,42.182,0,27.1,0,2.457,0,98.1,0,8.54,0,63.32,21.07,7.76,0,-80.1,5.56,14.08,0,2.4,0,1.211,1.67,0,6.71
2/11/2026,11:00, ,gtmpiwq_20H100465_020426_050000.bin,Pine Island,GTMNERR,0,42.128,0,27.07,0,2.455,0,98,0,8.53,0,62.75,20.88,7.76,0,-79.9,5.56,14.104,0,2.1,0,1.202,1.74,0,7.01
2/11/2026,11:15, ,gtmpiwq_20H100465_020426_050000.bin,Pine Island,GTMNERR,0,42.129,0,27.07,0,2.489,0,98.7,0,8.58,0,63.83,21.24,7.76,0,-80.1,5.57,14.111,0,2.56,0,1.201,1.7,0,6.85
2/11/2026,11:30, ,gtmpiwq_20H100465_020426_050000.bin,Pine Island,GTMNERR,0,42.327,0,27.21,0,2.526,0,99.6,0,8.65,0,62.97,20.95,7.77,0,-80.3,5.56,14.152,0,2.5,0,1.196,1.53,0,6.18
2/11/2026,11:45, ,gtmpiwq_20H100465_020426_050000.bin,Pine Island,GTMNERR,0,43.249,0,27.86,0,2.576,0,99.1,0,8.6,0,59.03,19.64,7.78,0,-81.3,5.56,13.975,0,2.42,0,1.195,1.33,0,5.37
2/11/2026,12:00, ,gtmpiwq_20H100465_020426_050000.bin,Pine Island,GTMNERR,0,43.214,0,27.84,0,2.632,0,99.3,0,8.62,0,59.05,19.65,7.78,0,-81.3,5.57,13.996,0,2.62,0,1.195,1.54,0,6.21
2/11/2026,12:15, ,gtmpiwq_20H100465_020426_050000.bin,Pine Island,GTMNERR,0,43.074,0,27.74,0,2.69,0,100.2,0,8.68,0,59.67,19.85,7.79,0,-81.4,5.56,14.115,0,2.47,0,1.194,1.6,0,6.46
2/11/2026,12:30, ,gtmpiwq_20H100465_020426_050000.bin,Pine Island,GTMNERR,0,43.227,0,27.85,0,2.749,0,100.7,0,8.71,0,58.78,19.56,7.79,0,-81.8,5.57,14.151,0,2.68,0,1.197,1.61,0,6.47
2/11/2026,12:45, ,gtmpiwq_20H100465_020426_050000.bin,Pine Island,GTMNERR,0,43.471,0,28.02,0,2.803,0,101,0,8.72,0,57.85,19.25,7.8,0,-82.1,5.56,14.17,0,2.5,0,1.198,1.64,0,6.61
2/11/2026,13:00, ,gtmpiwq_20H100465_020426_050000.bin,Pine Island,GTMNERR,0,43.584,0,28.11,0,2.853,0,101.1,0,8.73,0,57.18,19.02,7.8,0,-82.3,5.56,14.186,0,2.18,0,1.199,1.64,0,6.62
2/11/2026,13:15, ,gtmpiwq_20H100465_020426_050000.bin,Pine Island,GTMNERR,0,43.769,0,28.24,0,2.904,0,101.3,0,8.73,0,56.39,18.76,7.81,0,-82.6,5.57,14.182,0,2.93,0,1.2,1.52,0,6.11
2/11/2026,13:30, ,gtmpiwq_20H100465_020426_050000.bin,Pine Island,GTMNERR,0,44.005,0,28.41,0,2.951,0,101.5,0,8.74,0,55.23,18.37,7.81,0,-83,5.56,14.188,0,2.54,0,1.201,1.56,0,6.29
2/11/2026,13:45, ,gtmpiwq_20H100465_020426_050000.bin,Pine Island,GTMNERR,0,44.19,0,28.54,0,2.994,0,101.6,0,8.74,0,54.26,18.05,7.82,0,-83.3,5.57,14.203,0,2.06,0,1.202,1.55,0,6.23
2/11/2026,14:00, ,gtmpiwq_20H100465_020426_050000.bin,Pine Island,GTMNERR,0,44.304,0,28.62,0,3.032,0,101.6,0,8.74,0,53.89,17.93,7.82,0,-83.4,5.56,14.206,0,2.17,0,1.202,1.54,0,6.19
2/11/2026,14:15, ,gtmpiwq_20H100465_020426_050000.bin,Pine Island,GTMNERR,0,44.417,0,28.7,0,3.062,0,101.8,0,8.74,0,53.3,17.73,7.82,0,-83.6,5.56,14.228,0,2.07,0,1.202,1.57,0,6.32
2/11/2026,14:30, ,gtmpiwq_20H100465_020426_050000.bin,Pine Island,GTMNERR,0,44.491,0,28.76,0,3.092,0,101.9,0,8.74,0,52.8,17.56,7.83,0,-83.7,5.56,14.256,0,2.06,0,1.201,1.52,0,6.12
2/11/2026,14:45, ,gtmpiwq_20H100465_020426_050000.bin,Pine Island,GTMNERR,0,44.586,0,28.82,0,3.126,0,102,0,8.75,0,52.54,17.47,7.83,0,-83.9,5.56,14.272,0,2.13,0,1.201,1.54,0,6.22
2/11/2026,15:00, ,gtmpiwq_20H100465_020426_050000.bin,Pine Island,GTMNERR,0,44.655,0,28.87,0,3.16,0,101.9,0,8.74,0,52.14,17.34,7.83,0,-83.9,5.56,14.291,0,2.15,0,1.199,1.66,0,6.69
2/11/2026,15:15, ,gtmpiwq_20H100465_020426_050000.bin,Pine Island,GTMNERR,0,44.753,0,28.94,0,3.193,0,101.7,0,8.71,0,51.69,17.19,7.83,0,-83.8,5.55,14.295,0,2.18,0,1.201,2.14,0,8.6
2/11/2026,15:30, ,gtmpiwq_20H100465_020426_050000.bin,Pine Island,GTMNERR,0,44.817,0,28.99,0,3.221,0,101.9,0,8.72,0,51.29,17.06,7.83,0,-84,5.56,14.323,0,1.97,0,1.202,1.48,0,5.95
2/11/2026,15:45, ,gtmpiwq_20H100465_020426_050000.bin,Pine Island,GTMNERR,0,44.88,0,29.04,0,3.242,0,102,0,8.73,0,51.04,16.97,7.83,0,-84.2,5.56,14.316,0,2.01,0,1.202,1.61,0,6.47
2/11/2026,16:00, ,gtmpiwq_20H100465_020426_050000.bin,Pine Island,GTMNERR,0,44.917,0,29.06,0,3.262,0,102.3,0,8.75,0,50.76,16.88,7.84,0,-84.4,5.56,14.335,0,1.96,0,1.203,1.73,0,6.96
2/11/2026,16:15, ,gtmpiwq_20H100465_020426_050000.bin,Pine Island,GTMNERR,0,44.977,0,29.11,0,3.278,0,102.5,0,8.76,0,50.28,16.72,7.84,0,-84.5,5.56,14.348,0,1.86,0,1.206,1.76,0,7.07
2/11/2026,16:30, ,gtmpiwq_20H100465_020426_050000.bin,Pine Island,GTMNERR,0,44.998,0,29.12,0,3.289,0,102.5,0,8.76,0,50.31,16.73,7.84,0,-84.6,5.55,14.376,0,1.84,0,1.208,1.76,0,7.08
2/11/2026,16:45, ,gtmpiwq_20H100465_020426_050000.bin,Pine Island,GTMNERR,0,45.016,0,29.14,0,3.291,0,102.2,0,8.72,0,49.54,16.47,7.84,0,-84.7,5.56,14.386,0,1.64,0,1.208,2.01,0,8.08
2/11/2026,17:00, ,gtmpiwq_20H100465_020426_050000.bin,Pine Island,GTMNERR,0,45.023,0,29.14,0,3.288,0,101.4,0,8.66,0,49.56,16.48,7.83,0,-84.2,5.56,14.386,0,1.74,0,1.207,1.76,0,7.1
2/11/2026,17:15, ,gtmpiwq_20H100465_020426_050000.bin,Pine Island,GTMNERR,0,44.998,0,29.12,0,3.278,0,102,0,8.71,0,49.71,16.53,7.84,0,-84.8,5.55,14.409,0,1.79,0,1.208,1.94,0,7.79
2/11/2026,17:30, ,gtmpiwq_20H100465_020426_050000.bin,Pine Island,GTMNERR,0,44.941,0,29.08,0,3.26,0,102.5,0,8.75,0,50.07,16.65,7.84,0,-84.7,5.56,14.42,0,1.97,0,1.197,1.96,0,7.88
2/11/2026,17:45, ,gtmpiwq_20H100465_020426_050000.bin,Pine Island,GTMNERR,0,44.846,0,29.01,0,3.235,0,102.4,0,8.74,0,50.7,16.86,7.84,0,-84.5,5.55,14.41,0,1.9,0,1.193,2.03,0,8.15
2/11/2026,18:00, ,gtmpiwq_20H100465_020426_050000.bin,Pine Island,GTMNERR,0,44.765,0,28.96,0,3.204,0,102.3,0,8.74,0,51.42,17.1,7.83,0,-84.2,5.56,14.412,0,1.8,0,1.203,2.14,0,8.59
2/11/2026,18:15, ,gtmpiwq_20H100465_020426_050000.bin,Pine Island,GTMNERR,0,44.658,0,28.88,0,3.17,0,102.2,0,8.73,0,51.94,17.27,7.83,0,-84.1,5.56,14.41,0,1.8,0,1.205,2,0,8.06
2/11/2026,18:30, ,gtmpiwq_20H100465_020426_050000.bin,Pine Island,GTMNERR,0,44.589,0,28.83,0,3.131,0,102,0,8.72,0,52.33,17.4,7.83,0,-84,5.55,14.421,0,1.86,0,1.205,2.01,0,8.1
2/11/2026,18:45, ,gtmpiwq_20H100465_020426_050000.bin,Pine Island,GTMNERR,0,44.407,0,28.7,0,3.089,0,102.2,0,8.74,0,53.13,17.67,7.82,0,-83.7,5.56,14.431,0,1.99,0,1.202,1.98,0,7.98
2/11/2026,19:00, ,gtmpiwq_20H100465_020426_050000.bin,Pine Island,GTMNERR,0,44.222,0,28.57,0,3.047,0,101.8,0,8.72,0,54.02,17.97,7.82,0,-83.5,5.55,14.425,0,2.08,0,1.201,1.79,0,7.21
2/11/2026,19:15, ,gtmpiwq_20H100465_020426_050000.bin,Pine Island,GTMNERR,0,44.083,0,28.47,0,3.001,0,101.5,0,8.7,0,54.76,18.21,7.82,0,-83.2,5.55,14.414,0,2.1,0,1.199,1.79,0,7.22
2/11/2026,19:30, ,gtmpiwq_20H100465_020426_050000.bin,Pine Island,GTMNERR,0,43.946,0,28.37,0,2.949,0,101.3,0,8.68,0,55.45,18.44,7.81,0,-82.9,5.56,14.438,0,2,0,1.2,1.86,0,7.49
2/11/2026,19:45, ,gtmpiwq_20H100465_020426_050000.bin,Pine Island,GTMNERR,0,43.774,0,28.25,0,2.893,0,101.5,0,8.7,0,56.22,18.7,7.81,0,-82.8,5.55,14.482,0,2.08,0,1.199,1.97,0,7.94
2/11/2026,20:00, ,gtmpiwq_20H100465_020426_050000.bin,Pine Island,GTMNERR,0,43.516,0,28.06,0,2.838,0,101.5,0,8.71,0,57.2,19.03,7.8,0,-82.4,5.56,14.493,0,1.98,0,1.2,1.99,0,8.02
2/11/2026,20:15, ,gtmpiwq_20H100465_020426_050000.bin,Pine Island,GTMNERR,0,43.232,0,27.86,0,2.778,0,101.4,0,8.7,0,58.56,19.48,7.8,0,-82,5.55,14.506,0,2.07,0,1.198,1.89,0,7.61
2/11/2026,20:30, ,gtmpiwq_20H100465_020426_050000.bin,Pine Island,GTMNERR,0,42.972,0,27.67,0,2.714,0,101.2,0,8.7,0,59.79,19.89,7.79,0,-81.7,5.55,14.504,0,2.22,0,1.197,2.21,0,8.89
2/11/2026,20:45, ,gtmpiwq_20H100465_020426_050000.bin,Pine Island,GTMNERR,0,42.665,0,27.46,0,2.642,0,101,0,8.69,0,61.08,20.32,7.78,0,-81.3,5.56,14.52,0,2.22,0,1.206,2.11,0,8.49
2/11/2026,21:00, ,gtmpiwq_20H100465_020426_050000.bin,Pine Island,GTMNERR,0,42.406,0,27.27,0,2.574,0,100.9,0,8.68,0,62.07,20.65,7.78,0,-81,5.55,14.54,0,2.13,0,1.202,2.18,0,8.78
2/11/2026,21:15, ,gtmpiwq_20H100465_020426_050000.bin,Pine Island,GTMNERR,0,42.196,0,27.12,0,2.504,0,100.7,0,8.68,0,63.25,21.05,7.77,0,-80.7,5.56,14.55,0,2.27,0,1.203,2.38,0,9.56
2/11/2026,21:30, ,gtmpiwq_20H100465_020426_050000.bin,Pine Island,GTMNERR,0,41.918,0,26.93,0,2.439,0,100,0,8.63,0,64.13,21.34,7.76,0,-79.8,5.55,14.581,0,2.13,0,1.205,2.27,0,9.12
2/11/2026,21:45, ,gtmpiwq_20H100465_020426_050000.bin,Pine Island,GTMNERR,0,41.715,0,26.78,0,2.376,0,100.2,0,8.65,0,65.19,21.69,7.76,0,-80,5.55,14.599,0,2.2,0,1.205,2.39,0,9.62
2/11/2026,22:00, ,gtmpiwq_20H100465_020426_050000.bin,Pine Island,GTMNERR,0,41.597,0,26.7,0,2.328,0,99.3,0,8.57,0,66,21.96,7.75,0,-79.7,5.56,14.602,0,2.41,0,1.204,2.32,0,9.32
2/11/2026,22:15, ,gtmpiwq_20H100465_020426_050000.bin,Pine Island,GTMNERR,0,41.485,0,26.62,0,2.285,0,99.6,0,8.6,0,65.99,21.96,7.75,0,-79.7,5.55,14.615,0,2.25,0,1.199,2.26,0,9.09
2/11/2026,22:30, ,gtmpiwq_20H100465_020426_050000.bin,Pine Island,GTMNERR,0,41.384,0,26.55,0,2.26,0,98.9,0,8.54,0,66.54,22.14,7.75,0,-79.5,5.56,14.63,0,2.4,0,1.196,2.39,0,9.62
2/11/2026,22:45, ,gtmpiwq_20H100465_020426_050000.bin,Pine Island,GTMNERR,0,41.319,0,26.5,0,2.254,0,98.9,0,8.54,0,66.64,22.18,7.75,0,-79.4,5.54,14.639,0,2.37,0,1.196,2.51,0,10.09
2/11/2026,23:00, ,gtmpiwq_20H100465_020426_050000.bin,Pine Island,GTMNERR,0,41.309,0,26.49,0,2.278,0,96.9,0,8.37,0,64.77,21.56,7.74,0,-78.9,5.55,14.643,0,2.03,0,1.196,2.18,0,8.78
2/11/2026,23:15, ,gtmpiwq_20H100465_020426_050000.bin,Pine Island,GTMNERR,0,41.841,0,26.87,0,2.334,0,99.9,0,8.61,0,64.89,21.59,7.76,0,-80.1,5.56,14.655,0,2.43,0,1.193,1.97,0,7.91
2/11/2026,23:30, ,gtmpiwq_20H100465_020426_050000.bin,Pine Island,GTMNERR,0,42.458,0,27.31,0,2.408,0,100.3,0,8.62,0,61.87,20.59,7.78,0,-80.9,5.55,14.658,0,2.47,0,1.196,2.32,0,9.34
2/11/2026,23:45, ,gtmpiwq_20H100465_020426_050000.bin,Pine Island,GTMNERR,0,42.479,0,27.33,0,2.493,0,100.6,0,8.64,0,62.08,20.66,7.78,0,-80.9,5.55,14.638,0,2.77,0,1.211,1.97,0,7.92
2/12/2026,0:00, ,gtmpiwq_20H100465_020426_050000.bin,Pine Island,GTMNERR,0,42.295,0,27.19,0,2.566,0,100.3,0,8.63,0,62.89,20.93,7.77,0,-80.6,5.55,14.597,0,2.74,0,1.208,2.05,0,8.23
2/12/2026,0:15, ,gtmpiwq_20H100465_020426_050000.bin,Pine Island,GTMNERR,0,42.452,0,27.31,0,2.631,0,100.4,0,8.64,0,62.52,20.8,7.77,0,-80.8,5.55,14.576,0,2.4,0,1.192,1.89,0,7.61
2/12/2026,0:30, ,gtmpiwq_20H100465_020426_050000.bin,Pine Island,GTMNERR,0,42.708,0,27.49,0,2.691,0,100.5,0,8.64,0,61.33,20.41,7.78,0,-81.1,5.56,14.566,0,2.4,0,1.193,2.01,0,8.1
2/12/2026,0:45, ,gtmpiwq_20H100465_020426_050000.bin,Pine Island,GTMNERR,0,42.914,0,27.64,0,2.753,0,100.4,0,8.62,0,60.45,20.11,7.78,0,-81.3,5.55,14.571,0,2.49,0,1.211,1.81,0,7.3
2/12/2026,1:00, ,gtmpiwq_20H100465_020426_050000.bin,Pine Island,GTMNERR,0,43.16,0,27.81,0,2.809,0,100.7,0,8.64,0,59.25,19.71,7.79,0,-81.7,5.55,14.555,0,2.34,0,1.202,1.78,0,7.15
2/12/2026,1:15, ,gtmpiwq_20H100465_020426_050000.bin,Pine Island,GTMNERR,0,43.474,0,28.03,0,2.865,0,100.9,0,8.65,0,57.93,19.27,7.8,0,-82.2,5.55,14.547,0,2.19,0,1.195,1.68,0,6.78
2/12/2026,1:30, ,gtmpiwq_20H100465_020426_050000.bin,Pine Island,GTMNERR,0,43.709,0,28.2,0,2.918,0,100.7,0,8.62,0,56.81,18.9,7.8,0,-82.4,5.56,14.544,0,2.33,0,1.197,1.77,0,7.11
2/12/2026,1:45, ,gtmpiwq_20H100465_020426_050000.bin,Pine Island,GTMNERR,0,43.841,0,28.3,0,2.969,0,100.7,0,8.62,0,56.34,18.74,7.8,0,-82.5,5.55,14.537,0,2.16,0,1.203,1.64,0,6.62
2/12/2026,2:00, ,gtmpiwq_20H100465_020426_050000.bin,Pine Island,GTMNERR,0,43.932,0,28.36,0,3.013,0,100.6,0,8.61,0,55.79,18.56,7.81,0,-82.6,5.55,14.526,0,2.41,0,1.207,1.63,0,6.55
2/12/2026,2:15, ,gtmpiwq_20H100465_020426_050000.bin,Pine Island,GTMNERR,0,44.054,0,28.45,0,3.055,0,100.6,0,8.6,0,55.34,18.41,7.81,0,-82.7,5.55,14.523,0,2.28,0,1.208,1.58,0,6.36
2/12/2026,2:30, ,gtmpiwq_20H100465_020426_050000.bin,Pine Island,GTMNERR,0,44.231,0,28.58,0,3.1,0,100.3,0,8.56,0,54.58,18.15,7.81,0,-82.8,5.55,14.547,0,2.23,0,1.211,1.79,0,7.19
2/12/2026,2:45, ,gtmpiwq_20H100465_020426_050000.bin,Pine Island,GTMNERR,0,44.374,0,28.68,0,3.147,0,100.4,0,8.57,0,53.87,17.92,7.81,0,-83,5.55,14.536,0,2.37,0,1.207,1.58,0,6.37
2/12/2026,3:00, ,gtmpiwq_20H100465_020426_050000.bin,Pine Island,GTMNERR,0,44.45,0,28.73,0,3.192,0,100.6,0,8.59,0,53.47,17.78,7.82,0,-83.3,5.54,14.509,0,2.35,0,1.193,1.6,0,6.44
2/12/2026,3:15, ,gtmpiwq_20H100465_020426_050000.bin,Pine Island,GTMNERR,0,44.575,0,28.82,0,3.238,0,100.7,0,8.59,0,52.64,17.51,7.82,0,-83.5,5.55,14.501,0,2.46,0,1.194,1.46,0,5.88
2/12/2026,3:30, ,gtmpiwq_20H100465_020426_050000.bin,Pine Island,GTMNERR,0,44.784,0,28.97,0,3.288,0,100.6,0,8.57,0,51.76,17.21,7.82,0,-83.7,5.55,14.524,0,2.45,0,1.212,1.65,0,6.66
2/12/2026,3:45, ,gtmpiwq_20H100465_020426_050000.bin,Pine Island,GTMNERR,0,44.999,0,29.13,0,3.338,0,100.6,0,8.57,0,50.75,16.88,7.83,0,-83.9,5.55,14.532,0,2.25,0,1.209,1.58,0,6.37
2/12/2026,4:00, ,gtmpiwq_20H100465_020426_050000.bin,Pine Island,GTMNERR,0,45.085,0,29.19,0,3.384,0,100.7,0,8.57,0,50.29,16.72,7.83,0,-84.1,5.55,14.518,0,2.3,0,1.203,1.57,0,6.31
2/12/2026,4:15, ,gtmpiwq_20H100465_020426_050000.bin,Pine Island,GTMNERR,0,45.249,0,29.31,0,3.428,0,100.8,0,8.58,0,49.31,16.4,7.84,0,-84.4,5.54,14.5,0,2.1,0,1.201,1.63,0,6.57
2/12/2026,4:30, ,gtmpiwq_20H100465_020426_050000.bin,Pine Island,GTMNERR,0,45.387,0,29.4,0,3.472,0,100.9,0,8.59,0,48.69,16.19,7.84,0,-84.6,5.54,14.487,0,1.96,0,1.196,1.65,0,6.66
2/12/2026,4:45, ,gtmpiwq_20H100465_020426_050000.bin,Pine Island,GTMNERR,0,45.454,0,29.45,0,3.511,0,100.8,0,8.58,0,48.28,16.05,7.84,0,-84.7,5.55,14.476,0,2.37,0,1.192,1.62,0,6.51
2/12/2026,5:00, ,gtmpiwq_20H100465_020426_050000.bin,Pine Island,GTMNERR,0,45.646,0,29.59,0,3.545,0,101,0,8.59,0,47.4,15.76,7.85,0,-85,5.54,14.449,0,2.18,0,1.196,1.63,0,6.56
2/12/2026,5:15, ,gtmpiwq_20H100465_020426_050000.bin,Pine Island,GTMNERR,0,45.814,0,29.71,0,3.579,0,101,0,8.59,0,46.42,15.43,7.85,0,-85.2,5.55,14.427,0,2.05,0,1.205,1.66,0,6.67
2/12/2026,5:30, ,gtmpiwq_20H100465_020426_050000.bin,Pine Island,GTMNERR,0,45.961,0,29.82,0,3.606,0,101,0,8.59,0,45.58,15.15,7.85,0,-85.5,5.54,14.41,0,2.18,0,1.196,1.76,0,7.07
2/12/2026,5:45, ,gtmpiwq_20H100465_020426_050000.bin,Pine Island,GTMNERR,0,46.051,0,29.88,0,3.626,0,101.1,0,8.59,0,45.01,14.96,7.86,0,-85.6,5.54,14.4,0,2.01,0,1.192,1.64,0,6.59
2/12/2026,6:00, ,gtmpiwq_20H100465_020426_050000.bin,Pine Island,GTMNERR,0,46.103,0,29.92,0,3.638,0,100.8,0,8.57,0,44.79,14.89,7.86,0,-85.7,5.55,14.397,0,1.84,0,1.194,1.82,0,7.34
2/12/2026,6:15, ,gtmpiwq_20H100465_020426_050000.bin,Pine Island,GTMNERR,0,46.137,0,29.94,0,3.64,0,100.4,0,8.53,0,44.69,14.85,7.86,0,-85.7,5.54,14.398,0,1.77,0,1.202,1.77,0,7.13
2/12/2026,6:30, ,gtmpiwq_20H100465_020426_050000.bin,Pine Island,GTMNERR,0,46.15,0,29.95,0,3.63,0,99.7,0,8.47,0,43.7,14.53,7.86,0,-85.7,5.55,14.401,0,1.73,0,1.206,1.71,0,6.87
2/12/2026,6:45, ,gtmpiwq_20H100465_020426_050000.bin,Pine Island,GTMNERR,0,46.11,0,29.92,0,3.607,0,99.5,0,8.45,0,44.24,14.7,7.86,0,-85.7,5.54,14.4,0,1.97,0,1.21,1.74,0,7.01
2/12/2026,7:00, ,gtmpiwq_20H100465_020426_050000.bin,Pine Island,GTMNERR,0,46.047,0,29.88,0,3.572,0,100.3,0,8.52,0,44.99,14.95,7.86,0,-85.6,5.55,14.406,0,1.89,0,1.201,1.96,0,7.9
2/12/2026,7:15, ,gtmpiwq_20H100465_020426_050000.bin,Pine Island,GTMNERR,0,45.892,0,29.77,0,3.528,0,100.4,0,8.53,0,45.83,15.23,7.85,0,-85.3,5.55,14.422,0,1.95,0,1.195,1.74,0,6.99
2/12/2026,7:30, ,gtmpiwq_20H100465_020426_050000.bin,Pine Island,GTMNERR,0,45.617,0,29.57,0,3.482,0,100.3,0,8.53,0,47.38,15.75,7.84,0,-84.8,5.54,14.457,0,1.95,0,1.197,1.72,0,6.92
2/12/2026,7:45, ,gtmpiwq_20H100465_020426_050000.bin,Pine Island,GTMNERR,0,45.324,0,29.36,0,3.431,0,100,0,8.51,0,48.87,16.25,7.83,0,-84.2,5.55,14.491,0,2.24,0,1.195,2.25,0,9.04
2/12/2026,8:00, ,gtmpiwq_20H100465_020426_050000.bin,Pine Island,GTMNERR,0,45.017,0,29.14,0,3.377,0,99.6,0,8.48,0,50.31,16.73,7.82,0,-83.8,5.53,14.524,0,2.32,0,1.193,1.59,0,6.41
2/12/2026,8:15, ,gtmpiwq_20H100465_020426_050000.bin,Pine Island,GTMNERR,0,44.674,0,28.89,0,3.324,0,99.2,0,8.45,0,52.11,17.33,7.81,0,-83.1,5.54,14.541,0,2.22,0,1.206,1.6,0,6.46
2/12/2026,8:30, ,gtmpiwq_20H100465_020426_050000.bin,Pine Island,GTMNERR,0,44.52,0,28.78,0,3.265,0,99,0,8.44,0,52.87,17.58,7.81,0,-82.9,5.55,14.553,0,2.36,0,1.207,1.47,0,5.94
2/12/2026,8:45, ,gtmpiwq_20H100465_020426_050000.bin,Pine Island,GTMNERR,0,44.265,0,28.6,0,3.203,0,98.7,0,8.43,0,54.02,17.97,7.8,0,-82.5,5.54,14.559,0,2.3,0,1.21,1.42,0,5.72
2/12/2026,9:00, ,gtmpiwq_20H100465_020426_050000.bin,Pine Island,GTMNERR,0,44.133,0,28.51,0,3.139,0,98.7,0,8.43,0,54.76,18.21,7.8,0,-82.3,5.55,14.567,0,2.39,0,1.203,1.45,0,5.84
2/12/2026,9:15, ,gtmpiwq_20H100465_020426_050000.bin,Pine Island,GTMNERR,0,44.025,0,28.43,0,3.078,0,98.6,0,8.43,0,55.22,18.37,7.8,0,-82.2,5.53,14.576,0,2.62,0,1.198,1.55,0,6.25
2/12/2026,9:30, ,gtmpiwq_20H100465_020426_050000.bin,Pine Island,GTMNERR,0,43.864,0,28.31,0,3.013,0,98.6,0,8.42,0,55.97,18.62,7.79,0,-81.9,5.54,14.588,0,2.66,0,1.194,1.5,0,6.04
2/12/2026,9:45, ,gtmpiwq_20H100465_020426_050000.bin,Pine Island,GTMNERR,0,43.681,0,28.18,0,2.948,0,98.5,0,8.43,0,56.94,18.94,7.79,0,-81.7,5.55,14.602,0,2.55,0,1.194,1.48,0,5.96
2/12/2026,10:00, ,gtmpiwq_20H100465_020426_050000.bin,Pine Island,GTMNERR,0,43.379,0,27.97,0,2.88,0,98.4,0,8.42,0,58.21,19.37,7.78,0,-81.3,5.54,14.625,0,2.71,0,1.205,1.51,0,6.08
2/12/2026,10:15, ,gtmpiwq_20H100465_020426_050000.bin,Pine Island,GTMNERR,0,42.995,0,27.69,0,2.807,0,98.3,0,8.42,0,59.79,19.89,7.77,0,-80.8,5.54,14.656,0,2.71,0,1.207,1.5,0,6.04
2/12/2026,10:30, ,gtmpiwq_20H100465_020426_050000.bin,Pine Island,GTMNERR,0,42.693,0,27.48,0,2.739,0,98.1,0,8.42,0,60.92,20.27,7.76,0,-80.2,5.53,14.683,0,2.51,0,1.209,1.58,0,6.36
2/12/2026,10:45, ,gtmpiwq_20H100465_020426_050000.bin,Pine Island,GTMNERR,0,42.38,0,27.26,0,2.672,0,97.9,0,8.4,0,62.25,20.71,7.75,0,-79.7,5.54,14.715,0,2.57,0,1.208,1.69,0,6.79
2/12/2026,11:00, ,gtmpiwq_20H100465_020426_050000.bin,Pine Island,GTMNERR,0,42.096,0,27.06,0,2.62,0,97.9,0,8.4,0,63.41,21.1,7.75,0,-79.4,5.55,14.756,0,2.63,0,1.206,1.57,0,6.33
2/12/2026,11:15, ,gtmpiwq_20H100465_020426_050000.bin,Pine Island,GTMNERR,0,41.892,0,26.91,0,2.577,0,97.6,0,8.38,0,64.26,21.38,7.75,0,-79.2,5.54,14.797,0,2.71,0,1.206,1.75,0,7.06
2/12/2026,11:30, ,gtmpiwq_20H100465_020426_050000.bin,Pine Island,GTMNERR,0,41.719,0,26.79,0,2.552,0,97.5,0,8.37,0,64.88,21.59,7.74,0,-78.8,5.54,14.827,0,2.51,0,1.203,1.65,0,6.63
2/12/2026,11:45, ,gtmpiwq_20H100465_020426_050000.bin,Pine Island,GTMNERR,0,41.599,0,26.7,0,2.55,0,96.8,0,8.3,0,65.2,21.7,7.73,0,-78.3,5.53,14.876,0,2.25,0,1.203,1.94,0,7.79
2/12/2026,12:00, ,gtmpiwq_20H100465_020426_050000.bin,Pine Island,GTMNERR,0,41.523,0,26.65,0,2.571,0,96.7,0,8.29,0,65.55,21.81,7.73,0,-78.5,5.54,14.903,0,2.81,0,1.203,1.63,0,6.57
2/12/2026,12:15, ,gtmpiwq_20H100465_020426_050000.bin,Pine Island,GTMNERR,0,41.922,0,26.93,0,2.604,0,98.7,0,8.46,0,64.32,21.4,7.75,0,-79.5,5.55,14.91,0,2.97,0,1.202,1.57,0,6.34
2/12/2026,12:30, ,gtmpiwq_20H100465_020426_050000.bin,Pine Island,GTMNERR,0,42.469,0,27.32,0,2.651,0,99.3,0,8.48,0,62.01,20.63,7.76,0,-80.2,5.54,14.918,0,2.8,0,1.204,1.48,0,5.98
2/12/2026,12:45, ,gtmpiwq_20H100465_020426_050000.bin,Pine Island,GTMNERR,0,42.744,0,27.52,0,2.704,0,99.2,0,8.47,0,60.83,20.24,7.77,0,-80.4,5.54,14.872,0,2.52,0,1.205,1.49,0,5.99
2/12/2026,13:00, ,gtmpiwq_20H100465_020426_050000.bin,Pine Island,GTMNERR,0,42.672,0,27.47,0,2.759,0,99.4,0,8.5,0,61.25,20.38,7.77,0,-80.5,5.53,14.862,0,2.55,0,1.205,1.46,0,5.9
2/12/2026,13:15, ,gtmpiwq_20H100465_020426_050000.bin,Pine Island,GTMNERR,0,42.802,0,27.56,0,2.821,0,99.8,0,8.52,0,60.53,20.14,7.77,0,-80.8,5.54,14.878,0,2.24,0,1.205,1.52,0,6.12
2/12/2026,13:30, ,gtmpiwq_20H100465_020426_050000.bin,Pine Island,GTMNERR,0,42.988,0,27.7,0,2.878,0,100.7,0,8.57,0,59.43,19.77,7.78,0,-81.3,5.54,14.997,0,2.59,0,1.207,1.5,0,6.06
2/12/2026,13:45, ,gtmpiwq_20H100465_020426_050000.bin,Pine Island,GTMNERR,0,43.236,0,27.87,0,2.938,0,101.2,0,8.6,0,58.44,19.44,7.79,0,-81.7,5.54,15.037,0,2.32,0,1.208,1.51,0,6.07
2/12/2026,14:00, ,gtmpiwq_20H100465_020426_050000.bin,Pine Island,GTMNERR,0,43.47,0,28.04,0,2.996,0,101.6,0,8.62,0,57.18,19.02,7.8,0,-82.1,5.54,15.056,0,2.31,0,1.205,1.38,0,5.58
2/12/2026,14:15, ,gtmpiwq_20H100465_020426_050000.bin,Pine Island,GTMNERR,0,43.628,0,28.15,0,3.052,0,101.6,0,8.62,0,56.48,18.79,7.8,0,-82.3,5.53,15.039,0,2.59,0,1.207,1.48,0,5.97
2/12/2026,14:30, ,gtmpiwq_20H100465_020426_050000.bin,Pine Island,GTMNERR,0,43.914,0,28.36,0,3.097,0,102.1,0,8.63,0,55.06,18.31,7.81,0,-82.8,5.53,15.141,0,2.69,0,1.206,1.44,0,5.79
2/12/2026,14:45, ,gtmpiwq_20H100465_020426_050000.bin,Pine Island,GTMNERR,0,44.072,0,28.47,0,3.143,0,102.4,0,8.64,0,54.34,18.08,7.81,0,-83,5.54,15.161,0,2.28,0,1.211,1.45,0,5.87
2/12/2026,15:00, ,gtmpiwq_20H100465_020426_050000.bin,Pine Island,GTMNERR,0,44.193,0,28.56,0,3.185,0,103.1,0,8.68,0,53.49,17.79,7.82,0,-83.4,5.54,15.25,0,2.24,0,1.203,1.5,0,6.04
2/12/2026,15:15, ,gtmpiwq_20H100465_020426_050000.bin,Pine Island,GTMNERR,0,44.338,0,28.67,0,3.228,0,102.7,0,8.65,0,53.1,17.66,7.81,0,-83.3,5.54,15.194,0,2.19,0,1.2,1.57,0,6.34
2/12/2026,15:30, ,gtmpiwq_20H100465_020426_050000.bin,Pine Island,GTMNERR,0,44.441,0,28.74,0,3.269,0,102.6,0,8.64,0,52.79,17.56,7.82,0,-83.3,5.54,15.198,0,2.52,0,1.196,1.45,0,5.84
2/12/2026,15:45, ,gtmpiwq_20H100465_020426_050000.bin,Pine Island,GTMNERR,0,44.51,0,28.79,0,3.309,0,102.7,0,8.66,0,52.28,17.39,7.82,0,-83.6,5.53,15.119,0,2.09,0,1.192,1.49,0,6.01
2/12/2026,16:00, ,gtmpiwq_20H100465_020426_050000.bin,Pine Island,GTMNERR,0,44.546,0,28.81,0,3.346,0,102.6,0,8.65,0,52.06,17.31,7.82,0,-83.5,5.51,15.092,0,2.2,0,1.192,1.54,0,6.2
2/12/2026,16:15, ,gtmpiwq_20H100465_020426_050000.bin,Pine Island,GTMNERR,0,44.632,0,28.87,0,3.387,0,102.6,0,8.65,0,51.8,17.23,7.82,0,-83.8,5.53,15.096,0,2.52,0,1.208,1.59,0,6.41
2/12/2026,16:30, ,gtmpiwq_20H100465_020426_050000.bin,Pine Island,GTMNERR,0,44.775,0,28.98,0,3.418,0,103.1,0,8.67,0,50.83,16.9,7.83,0,-84,5.51,15.161,0,2.32,0,1.208,1.55,0,6.26
2/12/2026,16:45, ,gtmpiwq_20H100465_020426_050000.bin,Pine Island,GTMNERR,0,44.851,0,29.03,0,3.452,0,103.2,0,8.68,0,50.55,16.81,7.83,0,-84.3,5.53,15.149,0,2.47,0,1.21,1.61,0,6.49
2/12/2026,17:00, ,gtmpiwq_20H100465_020426_050000.bin,Pine Island,GTMNERR,0,44.945,0,29.1,0,3.481,0,103.3,0,8.68,0,49.98,16.62,7.84,0,-84.6,5.54,15.184,0,2.26,0,1.201,1.69,0,6.82
2/12/2026,17:15, ,gtmpiwq_20H100465_020426_050000.bin,Pine Island,GTMNERR,0,45.021,0,29.16,0,3.507,0,103.4,0,8.69,0,49.47,16.45,7.84,0,-84.8,5.54,15.185,0,2.04,0,1.208,1.74,0,6.99
2/12/2026,17:30, ,gtmpiwq_20H100465_020426_050000.bin,Pine Island,GTMNERR,0,45.175,0,29.27,0,3.527,0,103.2,0,8.66,0,48.85,16.24,7.84,0,-85,5.53,15.19,0,2.04,0,1.211,1.83,0,7.38
2/12/2026,17:45, ,gtmpiwq_20H100465_020426_050000.bin,Pine Island,GTMNERR,0,45.268,0,29.33,0,3.545,0,102.9,0,8.64,0,48.24,16.04,7.84,0,-85,5.54,15.171,0,1.76,0,1.205,2.46,0,9.89
2/12/2026,18:00, ,gtmpiwq_20H100465_020426_050000.bin,Pine Island,GTMNERR,0,45.293,0,29.35,0,3.562,0,102.8,0,8.63,0,48.15,16.01,7.84,0,-85,5.53,15.166,0,2.09,0,1.198,1.59,0,6.39
2/12/2026,18:15, ,gtmpiwq_20H100465_020426_050000.bin,Pine Island,GTMNERR,0,45.315,0,29.37,0,3.569,0,101.9,0,8.56,0,47,15.63,7.84,0,-84.7,5.54,15.158,0,1.99,0,1.203,2.1,0,8.43
2/12/2026,18:30, ,gtmpiwq_20H100465_020426_050000.bin,Pine Island,GTMNERR,0,45.355,0,29.4,0,3.57,0,101.4,0,8.51,0,46.96,15.61,7.84,0,-84.7,5.54,15.157,0,1.85,0,1.206,2.42,0,9.73
2/12/2026,18:45, ,gtmpiwq_20H100465_020426_050000.bin,Pine Island,GTMNERR,0,45.334,0,29.38,0,3.556,0,100.4,0,8.43,0,46.47,15.45,7.84,0,-84.8,5.53,15.158,0,2,0,1.206,2.14,0,8.62
2/12/2026,19:00, ,gtmpiwq_20H100465_020426_050000.bin,Pine Island,GTMNERR,0,45.3,0,29.36,0,3.526,0,101,0,8.48,0,47.75,15.88,7.84,0,-85,5.54,15.159,0,2.03,0,1.208,2.9,0,11.65
2/12/2026,19:15, ,gtmpiwq_20H100465_020426_050000.bin,Pine Island,GTMNERR,0,45.191,0,29.28,0,3.489,0,102.6,0,8.62,0,48.45,16.11,7.84,0,-84.9,5.53,15.176,0,1.84,0,1.209,2.1,0,8.45
2/12/2026,19:30, ,gtmpiwq_20H100465_020426_050000.bin,Pine Island,GTMNERR,0,45.024,0,29.16,0,3.447,0,103,0,8.66,0,49.67,16.51,7.84,0,-84.7,5.53,15.188,0,2.02,0,1.21,2.22,0,8.94
2/12/2026,19:45, ,gtmpiwq_20H100465_020426_050000.bin,Pine Island,GTMNERR,0,44.764,0,28.97,0,3.403,0,103.1,0,8.67,0,50.74,16.87,7.83,0,-84.4,5.54,15.208,0,2.5,0,1.206,2.2,0,8.86
2/12/2026,20:00, ,gtmpiwq_20H100465_020426_050000.bin,Pine Island,GTMNERR,0,44.438,0,28.74,0,3.354,0,103.1,0,8.67,0,52.21,17.36,7.82,0,-83.8,5.53,15.252,0,2.45,0,1.207,2.02,0,8.14
2/12/2026,20:15, ,gtmpiwq_20H100465_020426_050000.bin,Pine Island,GTMNERR,0,44.2,0,28.57,0,3.303,0,102.8,0,8.66,0,53.45,17.78,7.82,0,-83.6,5.54,15.268,0,2.87,0,1.209,2.05,0,8.26
2/12/2026,20:30, ,gtmpiwq_20H100465_020426_050000.bin,Pine Island,GTMNERR,0,43.774,0,28.26,0,3.246,0,102.9,0,8.67,0,55.28,18.39,7.81,0,-83.1,5.53,15.319,0,2.82,0,1.207,2.18,0,8.78
2/12/2026,20:45, ,gtmpiwq_20H100465_020426_050000.bin,Pine Island,GTMNERR,0,43.6,0,28.14,0,3.191,0,102.3,0,8.63,0,56.05,18.65,7.81,0,-82.9,5.53,15.326,0,2.33,0,1.206,2.15,0,8.63
2/12/2026,21:00, ,gtmpiwq_20H100465_020426_050000.bin,Pine Island,GTMNERR,0,43.355,0,27.96,0,3.133,0,102.1,0,8.62,0,57.49,19.12,7.8,0,-82.6,5.54,15.329,0,2.37,0,1.207,2.07,0,8.3
2/12/2026,21:15, ,gtmpiwq_20H100465_020426_050000.bin,Pine Island,GTMNERR,0,42.996,0,27.71,0,3.074,0,102,0,8.62,0,59.08,19.65,7.8,0,-82.3,5.53,15.335,0,2.6,0,1.205,2.17,0,8.72
2/12/2026,21:30, ,gtmpiwq_20H100465_020426_050000.bin,Pine Island,GTMNERR,0,42.829,0,27.59,0,3.018,0,101.8,0,8.61,0,59.53,19.81,7.79,0,-82,5.54,15.347,0,2.37,0,1.203,2.26,0,9.09
2/12/2026,21:45, ,gtmpiwq_20H100465_020426_050000.bin,Pine Island,GTMNERR,0,42.676,0,27.48,0,2.956,0,101.8,0,8.61,0,60.46,20.12,7.79,0,-81.9,5.53,15.35,0,2.37,0,1.205,2.23,0,8.96
2/12/2026,22:00, ,gtmpiwq_20H100465_020426_050000.bin,Pine Island,GTMNERR,0,42.439,0,27.31,0,2.896,0,101.5,0,8.6,0,61.58,20.49,7.78,0,-81.5,5.53,15.347,0,2.44,0,1.204,2.38,0,9.56
2/12/2026,22:15, ,gtmpiwq_20H100465_020426_050000.bin,Pine Island,GTMNERR,0,42.224,0,27.16,0,2.836,0,101.4,0,8.6,0,62.46,20.78,7.78,0,-81.1,5.54,15.351,0,2.66,0,1.202,2.45,0,9.86
2/12/2026,22:30, ,gtmpiwq_20H100465_020426_050000.bin,Pine Island,GTMNERR,0,41.942,0,26.96,0,2.774,0,101.2,0,8.59,0,63.97,21.29,7.77,0,-80.9,5.53,15.352,0,2.28,0,1.2,2.48,0,9.97
2/12/2026,22:45, ,gtmpiwq_20H100465_020426_050000.bin,Pine Island,GTMNERR,0,41.616,0,26.72,0,2.715,0,100.9,0,8.58,0,64.92,21.61,7.77,0,-80.4,5.54,15.351,0,2.57,0,1.198,2.44,0,9.79
2/12/2026,23:00, ,gtmpiwq_20H100465_020426_050000.bin,Pine Island,GTMNERR,0,41.254,0,26.47,0,2.668,0,100.4,0,8.55,0,66.47,22.12,7.76,0,-80.1,5.53,15.347,0,2.72,0,1.197,2.43,0,9.75
2/12/2026,23:15, ,gtmpiwq_20H100465_020426_050000.bin,Pine Island,GTMNERR,0,41.079,0,26.34,0,2.633,0,100.1,0,8.53,0,67.05,22.31,7.76,0,-79.8,5.53,15.346,0,2.35,0,1.207,2.55,0,10.23
2/12/2026,23:30, ,gtmpiwq_20H100465_020426_050000.bin,Pine Island,GTMNERR,0,40.886,0,26.21,0,2.618,0,99.1,0,8.45,0,67.88,22.59,7.76,0,-79.8,5.53,15.339,0,2.66,0,1.202,2.64,0,10.6
2/12/2026,23:45, ,gtmpiwq_20H100465_020426_050000.bin,Pine Island,GTMNERR,0,40.955,0,26.25,0,2.621,0,99.5,0,8.48,0,67.51,22.47,7.75,0,-79.6,5.53,15.336,0,2.12,0,1.204,2.49,0,10
2/13/2026,0:00, ,gtmpiwq_20H100465_020426_050000.bin,Pine Island,GTMNERR,0,41.038,0,26.31,0,2.644,0,100,0,8.52,0,67.62,22.5,7.76,0,-80.1,5.53,15.338,0,2.63,0,1.209,2.47,0,9.91
2/13/2026,0:15, ,gtmpiwq_20H100465_020426_050000.bin,Pine Island,GTMNERR,0,42.728,0,27.51,0,2.675,0,100.9,0,8.54,0,60.58,20.16,7.79,0,-81.7,5.54,15.303,0,3.07,0,1.209,1.95,0,7.86
2/13/2026,0:30, ,gtmpiwq_20H100465_020426_050000.bin,Pine Island,GTMNERR,0,42.818,0,27.58,0,2.72,0,101.2,0,8.57,0,60.1,20,7.79,0,-81.8,5.53,15.291,0,2.77,0,1.209,2.04,0,8.21
2/13/2026,0:45, ,gtmpiwq_20H100465_020426_050000.bin,Pine Island,GTMNERR,0,42.607,0,27.43,0,2.774,0,101.1,0,8.57,0,61.1,20.33,7.78,0,-81.5,5.53,15.291,0,2.4,0,1.21,1.98,0,7.97
2/13/2026,1:00, ,gtmpiwq_20H100465_020426_050000.bin,Pine Island,GTMNERR,0,42.621,0,27.44,0,2.83,0,101.1,0,8.57,0,60.99,20.29,7.78,0,-81.5,5.52,15.29,0,2.84,0,1.212,1.94,0,7.82
2/13/2026,1:15, ,gtmpiwq_20H100465_020426_050000.bin,Pine Island,GTMNERR,0,42.473,0,27.33,0,2.888,0,100.8,0,8.55,0,61.61,20.5,7.78,0,-81.3,5.53,15.262,0,2.73,0,1.202,1.95,0,7.85
2/13/2026,1:30, ,gtmpiwq_20H100465_020426_050000.bin,Pine Island,GTMNERR,0,42.529,0,27.37,0,2.947,0,100.8,0,8.56,0,61.65,20.51,7.78,0,-81.4,5.53,15.201,0,2.35,0,1.193,1.84,0,7.42
2/13/2026,1:45, ,gtmpiwq_20H100465_020426_050000.bin,Pine Island,GTMNERR,0,42.791,0,27.56,0,2.999,0,100.9,0,8.56,0,60.63,20.17,7.79,0,-81.7,5.53,15.185,0,2.45,0,1.196,1.79,0,7.19
2/13/2026,2:00, ,gtmpiwq_20H100465_020426_050000.bin,Pine Island,GTMNERR,0,42.979,0,27.69,0,3.053,0,100.9,0,8.55,0,59.76,19.88,7.79,0,-81.9,5.53,15.173,0,2.6,0,1.205,1.79,0,7.21
2/13/2026,2:15, ,gtmpiwq_20H100465_020426_050000.bin,Pine Island,GTMNERR,0,43.152,0,27.81,0,3.104,0,100.6,0,8.54,0,59.03,19.64,7.79,0,-82.1,5.52,15.117,0,2.23,0,1.205,1.76,0,7.08
2/13/2026,2:30, ,gtmpiwq_20H100465_020426_050000.bin,Pine Island,GTMNERR,0,43.34,0,27.95,0,3.155,0,100.4,0,8.51,0,58.14,19.34,7.8,0,-82.2,5.52,15.1,0,2.45,0,1.205,1.58,0,6.38
2/13/2026,2:45, ,gtmpiwq_20H100465_020426_050000.bin,Pine Island,GTMNERR,0,43.505,0,28.07,0,3.205,0,100.2,0,8.49,0,57.55,19.15,7.8,0,-82.4,5.54,15.082,0,2.78,0,1.209,1.59,0,6.39
2/13/2026,3:00, ,gtmpiwq_20H100465_020426_050000.bin,Pine Island,GTMNERR,0,43.798,0,28.28,0,3.255,0,100.1,0,8.48,0,56.1,18.66,7.8,0,-82.7,5.53,15.078,0,2.69,0,1.212,1.54,0,6.22
2/13/2026,3:15, ,gtmpiwq_20H100465_020426_050000.bin,Pine Island,GTMNERR,0,44.076,0,28.48,0,3.3,0,100,0,8.45,0,54.88,18.25,7.81,0,-82.9,5.53,15.069,0,2.6,0,1.204,1.53,0,6.18
2/13/2026,3:30, ,gtmpiwq_20H100465_020426_050000.bin,Pine Island,GTMNERR,0,44.273,0,28.62,0,3.348,0,99.9,0,8.44,0,54.08,17.99,7.81,0,-83.1,5.52,15.06,0,2.59,0,1.199,1.63,0,6.56
2/13/2026,3:45, ,gtmpiwq_20H100465_020426_050000.bin,Pine Island,GTMNERR,0,44.328,0,28.66,0,3.396,0,99.9,0,8.44,0,53.85,17.91,7.81,0,-83.2,5.52,15.031,0,2.71,0,1.197,1.46,0,5.89
2/13/2026,4:00, ,gtmpiwq_20H100465_020426_050000.bin,Pine Island,GTMNERR,0,44.501,0,28.78,0,3.451,0,100.1,0,8.46,0,52.73,17.54,7.82,0,-83.5,5.53,15.012,0,3.01,0,1.202,1.6,0,6.43
2/13/2026,4:15, ,gtmpiwq_20H100465_020426_050000.bin,Pine Island,GTMNERR,0,44.857,0,29.03,0,3.501,0,100.3,0,8.47,0,51.23,17.04,7.83,0,-84,5.52,14.96,0,2.56,0,1.204,1.48,0,5.97
2/13/2026,4:30, ,gtmpiwq_20H100465_020426_050000.bin,Pine Island,GTMNERR,0,45.05,0,29.17,0,3.552,0,100.1,0,8.46,0,50.15,16.68,7.83,0,-84.2,5.53,14.917,0,2.46,0,1.206,1.47,0,5.94
2/13/2026,4:45, ,gtmpiwq_20H100465_020426_050000.bin,Pine Island,GTMNERR,0,45.321,0,29.37,0,3.599,0,100.4,0,8.48,0,48.88,16.25,7.84,0,-84.6,5.52,14.875,0,2.5,0,1.209,1.44,0,5.82
2/13/2026,5:00, ,gtmpiwq_20H100465_020426_050000.bin,Pine Island,GTMNERR,0,45.513,0,29.5,0,3.644,0,100.5,0,8.49,0,47.92,15.93,7.84,0,-84.9,5.52,14.815,0,2.42,0,1.211,1.52,0,6.11
2/13/2026,5:15, ,gtmpiwq_20H100465_020426_050000.bin,Pine Island,GTMNERR,0,45.693,0,29.63,0,3.691,0,100.5,0,8.49,0,47.15,15.67,7.85,0,-85.2,5.53,14.786,0,2.63,0,1.204,1.49,0,6
2/13/2026,5:30, ,gtmpiwq_20H100465_020426_050000.bin,Pine Island,GTMNERR,0,45.897,0,29.78,0,3.729,0,100.5,0,8.48,0,45.95,15.27,7.85,0,-85.5,5.52,14.745,0,2.58,0,1.201,1.46,0,5.88
2/13/2026,5:45, ,gtmpiwq_20H100465_020426_050000.bin,Pine Island,GTMNERR,0,46.088,0,29.91,0,3.763,0,100.5,0,8.48,0,45.02,14.96,7.86,0,-85.7,5.52,14.731,0,2.48,0,1.194,1.51,0,6.07
2/13/2026,6:00, ,gtmpiwq_20H100465_020426_050000.bin,Pine Island,GTMNERR,0,46.257,0,30.04,0,3.794,0,100.5,0,8.48,0,44.14,14.67,7.86,0,-85.9,5.53,14.733,0,2.7,0,1.193,1.45,0,5.83
2/13/2026,6:15, ,gtmpiwq_20H100465_020426_050000.bin,Pine Island,GTMNERR,0,46.387,0,30.13,0,3.819,0,100.4,0,8.46,0,43.2,14.36,7.86,0,-86.1,5.52,14.732,0,2.5,0,1.197,1.47,0,5.93
2/13/2026,6:30, ,gtmpiwq_20H100465_020426_050000.bin,Pine Island,GTMNERR,0,46.473,0,30.19,0,3.84,0,100.2,0,8.45,0,42.96,14.28,7.87,0,-86.2,5.52,14.731,0,2.66,0,1.206,1.93,0,7.77
2/13/2026,6:45, ,gtmpiwq_20H100465_020426_050000.bin,Pine Island,GTMNERR,0,46.57,0,30.26,0,3.857,0,100.2,0,8.44,0,42.3,14.06,7.87,0,-86.3,5.53,14.702,0,2.2,0,1.21,1.6,0,6.44
2/13/2026,7:00, ,gtmpiwq_20H100465_020426_050000.bin,Pine Island,GTMNERR,0,46.685,0,30.34,0,3.865,0,100,0,8.43,0,41.81,13.89,7.87,0,-86.4,5.52,14.693,0,2.31,0,1.202,1.63,0,6.57
2/13/2026,7:15, ,gtmpiwq_20H100465_020426_050000.bin,Pine Island,GTMNERR,0,46.77,0,30.41,0,3.864,0,99.4,0,8.38,0,41.07,13.65,7.87,0,-86.4,5.52,14.659,0,2.02,0,1.199,1.75,0,7.04
2/13/2026,7:30, ,gtmpiwq_20H100465_020426_050000.bin,Pine Island,GTMNERR,0,46.812,0,30.44,0,3.848,0,99,0,8.34,0,40.19,13.35,7.87,0,-86.4,5.52,14.661,0,2.11,0,1.194,2.02,0,8.11
2/13/2026,7:45, ,gtmpiwq_20H100465_020426_050000.bin,Pine Island,GTMNERR,0,46.771,0,30.41,0,3.814,0,98.7,0,8.31,0,41.47,13.78,7.87,0,-86.4,5.52,14.659,0,2.17,0,1.192,1.61,0,6.47
2/13/2026,8:00, ,gtmpiwq_20H100465_020426_050000.bin,Pine Island,GTMNERR,0,46.686,0,30.35,0,3.772,0,99.3,0,8.36,0,41.81,13.89,7.87,0,-86.4,5.52,14.684,0,2.19,0,1.195,1.48,0,5.95
2/13/2026,8:15, ,gtmpiwq_20H100465_020426_050000.bin,Pine Island,GTMNERR,0,46.54,0,30.24,0,3.722,0,99.8,0,8.41,0,42.41,14.09,7.86,0,-86.1,5.52,14.7,0,2.55,0,1.205,1.58,0,6.38
2/13/2026,8:30, ,gtmpiwq_20H100465_020426_050000.bin,Pine Island,GTMNERR,0,46.255,0,30.03,0,3.671,0,99.6,0,8.4,0,43.85,14.57,7.86,0,-85.8,5.52,14.696,0,2.44,0,1.209,1.62,0,6.51
2/13/2026,8:45, ,gtmpiwq_20H100465_020426_050000.bin,Pine Island,GTMNERR,0,45.986,0,29.84,0,3.62,0,99.4,0,8.4,0,45.44,15.1,7.85,0,-85.4,5.52,14.72,0,2.41,0,1.207,1.42,0,5.72
2/13/2026,9:00, ,gtmpiwq_20H100465_020426_050000.bin,Pine Island,GTMNERR,0,45.534,0,29.52,0,3.564,0,99.5,0,8.41,0,47.71,15.86,7.84,0,-84.8,5.53,14.745,0,2.51,0,1.209,1.43,0,5.78
2/13/2026,9:15, ,gtmpiwq_20H100465_020426_050000.bin,Pine Island,GTMNERR,0,45.214,0,29.29,0,3.502,0,99,0,8.38,0,49.38,16.42,7.83,0,-84.2,5.52,14.764,0,2.61,0,1.206,1.36,0,5.49
2/13/2026,9:30, ,gtmpiwq_20H100465_020426_050000.bin,Pine Island,GTMNERR,0,44.644,0,28.88,0,3.442,0,98.6,0,8.36,0,51.96,17.28,7.82,0,-83.4,5.52,14.808,0,2.56,0,1.205,1.42,0,5.71
2/13/2026,9:45, ,gtmpiwq_20H100465_020426_050000.bin,Pine Island,GTMNERR,0,44.281,0,28.62,0,3.378,0,98.4,0,8.36,0,53.76,17.88,7.81,0,-82.9,5.51,14.802,0,3.09,0,1.204,1.54,0,6.2
2/13/2026,10:00, ,gtmpiwq_20H100465_020426_050000.bin,Pine Island,GTMNERR,0,44.207,0,28.56,0,3.309,0,98.5,0,8.36,0,53.95,17.94,7.81,0,-82.9,5.52,14.864,0,2.88,0,1.205,1.59,0,6.41
2/13/2026,10:15, ,gtmpiwq_20H100465_020426_050000.bin,Pine Island,GTMNERR,0,44.02,0,28.43,0,3.244,0,98.5,0,8.36,0,54.75,18.21,7.81,0,-82.7,5.53,14.868,0,3.3,0,1.203,1.69,0,6.8
2/13/2026,10:30, ,gtmpiwq_20H100465_020426_050000.bin,Pine Island,GTMNERR,0,43.819,0,28.29,0,3.176,0,98.3,0,8.35,0,55.88,18.59,7.8,0,-82.4,5.52,14.903,0,3.2,0,1.201,1.51,0,6.1
2/13/2026,10:45, ,gtmpiwq_20H100465_020426_050000.bin,Pine Island,GTMNERR,0,43.563,0,28.1,0,3.107,0,98.2,0,8.35,0,56.97,18.95,7.8,0,-82.1,5.52,14.924,0,2.92,0,1.198,1.62,0,6.54
2/13/2026,11:00, ,gtmpiwq_20H100465_020426_050000.bin,Pine Island,GTMNERR,0,43.268,0,27.89,0,3.033,0,98,0,8.34,0,58.18,19.35,7.79,0,-81.7,5.51,14.942,0,3.15,0,1.197,1.55,0,6.23
2/13/2026,11:15, ,gtmpiwq_20H100465_020426_050000.bin,Pine Island,GTMNERR,0,42.93,0,27.65,0,2.965,0,97.9,0,8.34,0,59.72,19.87,7.78,0,-81.3,5.52,14.941,0,3.01,0,1.195,1.52,0,6.14
2/13/2026,11:30, ,gtmpiwq_20H100465_020426_050000.bin,Pine Island,GTMNERR,0,42.557,0,27.39,0,2.893,0,97.8,0,8.35,0,61.24,20.38,7.77,0,-80.7,5.53,14.932,0,3.2,0,1.201,1.7,0,6.83
2/13/2026,11:45, ,gtmpiwq_20H100465_020426_050000.bin,Pine Island,GTMNERR,0,42.219,0,27.15,0,2.821,0,97.5,0,8.34,0,62.68,20.86,7.76,0,-80.2,5.52,14.937,0,3.02,0,1.205,1.6,0,6.46
2/13/2026,12:00, ,gtmpiwq_20H100465_020426_050000.bin,Pine Island,GTMNERR,0,41.922,0,26.94,0,2.752,0,97.4,0,8.33,0,63.99,21.29,7.75,0,-79.7,5.52,14.952,0,3.1,0,1.208,1.55,0,6.25
2/13/2026,12:15, ,gtmpiwq_20H100465_020426_050000.bin,Pine Island,GTMNERR,0,41.641,0,26.74,0,2.688,0,97.5,0,8.35,0,65.04,21.64,7.75,0,-79.4,5.51,14.982,0,3,0,1.2,1.9,0,7.64
2/13/2026,12:30, ,gtmpiwq_20H100465_020426_050000.bin,Pine Island,GTMNERR,0,41.386,0,26.56,0,2.634,0,97.6,0,8.36,0,65.96,21.95,7.74,0,-79.1,5.52,15.02,0,2.99,0,1.195,1.73,0,6.97
2/13/2026,12:45, ,gtmpiwq_20H100465_020426_050000.bin,Pine Island,GTMNERR,0,41.162,0,26.4,0,2.602,0,97.8,0,8.38,0,66.54,22.14,7.74,0,-78.9,5.53,15.065,0,3.14,0,1.196,1.95,0,7.86
2/13/2026,13:00, ,gtmpiwq_20H100465_020426_050000.bin,Pine Island,GTMNERR,0,41.008,0,26.29,0,2.589,0,97.3,0,8.34,0,67.27,22.39,7.74,0,-78.7,5.52,15.094,0,3.22,0,1.204,1.95,0,7.83
2/13/2026,13:15, ,gtmpiwq_20H100465_020426_050000.bin,Pine Island,GTMNERR,0,40.922,0,26.23,0,2.604,0,95.8,0,8.21,0,66.96,22.28,7.73,0,-78.5,5.52,15.114,0,2.83,0,1.206,1.95,0,7.84
2/13/2026,13:30, ,gtmpiwq_20H100465_020426_050000.bin,Pine Island,GTMNERR,0,40.861,0,26.18,0,2.633,0,97.2,0,8.33,0,68.03,22.64,7.74,0,-78.7,5.51,15.102,0,2.63,0,1.211,2.1,0,8.44
2/13/2026,13:45, ,gtmpiwq_20H100465_020426_050000.bin,Pine Island,GTMNERR,0,42.131,0,27.09,0,2.679,0,99.5,0,8.46,0,63.1,21,7.76,0,-80.2,5.52,15.24,0,3.12,0,1.204,1.57,0,6.31
2/13/2026,14:00, ,gtmpiwq_20H100465_020426_050000.bin,Pine Island,GTMNERR,0,42.403,0,27.28,0,2.74,0,99.2,0,8.44,0,61.99,20.63,7.77,0,-80.5,5.53,15.173,0,3.11,0,1.193,1.67,0,6.74
2/13/2026,14:15, ,gtmpiwq_20H100465_020426_050000.bin,Pine Island,GTMNERR,0,42.201,0,27.14,0,2.803,0,99.5,0,8.47,0,62.84,20.91,7.77,0,-80.5,5.51,15.172,0,2.69,0,1.199,1.66,0,6.68
2/13/2026,14:30, ,gtmpiwq_20H100465_020426_050000.bin,Pine Island,GTMNERR,0,42.277,0,27.19,0,2.865,0,99.9,0,8.49,0,62.46,20.78,7.77,0,-80.8,5.52,15.194,0,3.06,0,1.201,1.8,0,7.24
2/13/2026,14:45, ,gtmpiwq_20H100465_020426_050000.bin,Pine Island,GTMNERR,0,42.593,0,27.42,0,2.928,0,100.8,0,8.54,0,60.87,20.25,7.78,0,-81.3,5.51,15.32,0,3.13,0,1.205,1.74,0,7.01
2/13/2026,15:00, ,gtmpiwq_20H100465_020426_050000.bin,Pine Island,GTMNERR,0,42.782,0,27.55,0,2.988,0,101,0,8.55,0,60.04,19.97,7.79,0,-81.7,5.51,15.315,0,2.84,0,1.208,1.78,0,7.18
2/13/2026,15:15, ,gtmpiwq_20H100465_020426_050000.bin,Pine Island,GTMNERR,0,43.054,0,27.75,0,3.044,0,101.2,0,8.54,0,59.12,19.67,7.79,0,-82,5.52,15.362,0,3,0,1.207,1.73,0,6.97
2/13/2026,15:30, ,gtmpiwq_20H100465_020426_050000.bin,Pine Island,GTMNERR,0,43.401,0,28,0,3.097,0,101.6,0,8.56,0,57.51,19.13,7.8,0,-82.4,5.51,15.432,0,3.32,0,1.202,1.83,0,7.37
2/13/2026,15:45, ,gtmpiwq_20H100465_020426_050000.bin,Pine Island,GTMNERR,0,43.635,0,28.17,0,3.148,0,101.8,0,8.56,0,56.28,18.72,7.8,0,-82.6,5.52,15.459,0,2.55,0,1.2,1.84,0,7.4
2/13/2026,16:00, ,gtmpiwq_20H100465_020426_050000.bin,Pine Island,GTMNERR,0,43.804,0,28.29,0,3.196,0,101.9,0,8.56,0,55.75,18.55,7.81,0,-82.8,5.51,15.45,0,2.55,0,1.204,1.83,0,7.35
2/13/2026,16:15, ,gtmpiwq_20H100465_020426_050000.bin,Pine Island,GTMNERR,0,44.039,0,28.46,0,3.244,0,102,0,8.55,0,54.7,18.19,7.81,0,-82.8,5.51,15.506,0,2.78,0,1.198,1.76,0,7.07
2/13/2026,16:30, ,gtmpiwq_20H100465_020426_050000.bin,Pine Island,GTMNERR,0,44.247,0,28.6,0,3.288,0,101.9,0,8.54,0,53.81,17.9,7.81,0,-83,5.52,15.457,0,2.49,0,1.195,1.77,0,7.11
2/13/2026,16:45, ,gtmpiwq_20H100465_020426_050000.bin,Pine Island,GTMNERR,0,44.227,0,28.59,0,3.336,0,101.5,0,8.52,0,53.81,17.9,7.81,0,-83,5.52,15.389,0,2.66,0,1.193,1.77,0,7.13
2/13/2026,17:00, ,gtmpiwq_20H100465_020426_050000.bin,Pine Island,GTMNERR,0,44.345,0,28.67,0,3.384,0,101.7,0,8.54,0,53.12,17.67,7.82,0,-83.3,5.52,15.375,0,2.82,0,1.201,1.85,0,7.44
2/13/2026,17:15, ,gtmpiwq_20H100465_020426_050000.bin,Pine Island,GTMNERR,0,44.563,0,28.83,0,3.432,0,102.1,0,8.56,0,51.91,17.26,7.82,0,-83.8,5.51,15.391,0,2.88,0,1.207,1.87,0,7.53
2/13/2026,17:30, ,gtmpiwq_20H100465_020426_050000.bin,Pine Island,GTMNERR,0,44.757,0,28.97,0,3.477,0,102.4,0,8.58,0,50.94,16.94,7.82,0,-83.9,5.5,15.402,0,2.28,0,1.207,1.81,0,7.29
2/13/2026,17:45, ,gtmpiwq_20H100465_020426_050000.bin,Pine Island,GTMNERR,0,44.89,0,29.07,0,3.523,0,102.4,0,8.57,0,50.67,16.85,7.83,0,-84.2,5.51,15.401,0,2.63,0,1.207,1.92,0,7.74
2/13/2026,18:00, ,gtmpiwq_20H100465_020426_050000.bin,Pine Island,GTMNERR,0,44.999,0,29.14,0,3.565,0,102.2,0,8.55,0,50.13,16.67,7.83,0,-84.3,5.51,15.392,0,2.43,0,1.207,1.84,0,7.41
2/13/2026,18:15, ,gtmpiwq_20H100465_020426_050000.bin,Pine Island,GTMNERR,0,45.17,0,29.27,0,3.601,0,102.6,0,8.57,0,49.36,16.41,7.84,0,-84.7,5.52,15.392,0,2.4,0,1.205,1.88,0,7.55
2/13/2026,18:30, ,gtmpiwq_20H100465_020426_050000.bin,Pine Island,GTMNERR,0,45.256,0,29.33,0,3.631,0,102.6,0,8.58,0,48.67,16.18,7.84,0,-84.9,5.51,15.375,0,2.22,0,1.204,2.05,0,8.25
2/13/2026,18:45, ,gtmpiwq_20H100465_020426_050000.bin,Pine Island,GTMNERR,0,45.351,0,29.4,0,3.652,0,102.6,0,8.58,0,48.42,16.1,7.84,0,-85,5.52,15.336,0,2.27,0,1.204,2.35,0,9.43
2/13/2026,19:00, ,gtmpiwq_20H100465_020426_050000.bin,Pine Island,GTMNERR,0,45.426,0,29.45,0,3.665,0,102.1,0,8.54,0,47.87,15.92,7.84,0,-85,5.51,15.323,0,1.98,0,1.206,2.49,0,9.99
2/13/2026,19:15, ,gtmpiwq_20H100465_020426_050000.bin,Pine Island,GTMNERR,0,45.436,0,29.46,0,3.666,0,100.1,0,8.37,0,46.14,15.34,7.84,0,-84.9,5.51,15.327,0,1.76,0,1.206,1.89,0,7.6
2/13/2026,19:30, ,gtmpiwq_20H100465_020426_050000.bin,Pine Island,GTMNERR,0,45.444,0,29.46,0,3.656,0,97.4,0,8.14,0,44.57,14.81,7.82,0,-83.9,5.52,15.33,0,1.8,0,1.205,1.63,0,6.55
2/13/2026,19:45, ,gtmpiwq_20H100465_020426_050000.bin,Pine Island,GTMNERR,0,45.426,0,29.45,0,3.631,0,100.5,0,8.41,0,47.19,15.69,7.84,0,-85.1,5.51,15.313,0,1.88,0,1.205,2.56,0,10.27
2/13/2026,20:00, ,gtmpiwq_20H100465_020426_050000.bin,Pine Island,GTMNERR,0,45.299,0,29.36,0,3.59,0,101.2,0,8.46,0,48.52,16.13,7.84,0,-84.7,5.51,15.329,0,1.98,0,1.198,2.55,0,10.24
2/13/2026,20:15, ,gtmpiwq_20H100465_020426_050000.bin,Pine Island,GTMNERR,0,45.057,0,29.18,0,3.539,0,101.6,0,8.5,0,49.68,16.52,7.83,0,-84.3,5.52,15.374,0,2.25,0,1.201,2.14,0,8.59
2/13/2026,20:30, ,gtmpiwq_20H100465_020426_050000.bin,Pine Island,GTMNERR,0,44.818,0,29.01,0,3.486,0,102,0,8.54,0,50.91,16.93,7.83,0,-84.1,5.51,15.397,0,2.67,0,1.201,2.22,0,8.94
2/13/2026,20:45, ,gtmpiwq_20H100465_020426_050000.bin,Pine Island,GTMNERR,0,44.475,0,28.77,0,3.428,0,101.9,0,8.54,0,52.24,17.37,7.82,0,-83.8,5.51,15.438,0,2.52,0,1.204,2.15,0,8.64
2/13/2026,21:00, ,gtmpiwq_20H100465_020426_050000.bin,Pine Island,GTMNERR,0,43.967,0,28.4,0,3.37,0,101.9,0,8.54,0,54.59,18.16,7.81,0,-83.1,5.52,15.492,0,3.13,0,1.206,2.18,0,8.75
2/13/2026,21:15, ,gtmpiwq_20H100465_020426_050000.bin,Pine Island,GTMNERR,0,43.699,0,28.21,0,3.311,0,101.5,0,8.52,0,56,18.63,7.81,0,-82.9,5.51,15.484,0,2.73,0,1.207,2.16,0,8.68
2/13/2026,21:30, ,gtmpiwq_20H100465_020426_050000.bin,Pine Island,GTMNERR,0,43.301,0,27.93,0,3.253,0,101.1,0,8.51,0,57.68,19.19,7.8,0,-82.4,5.51,15.48,0,2.99,0,1.205,2.18,0,8.77
2/13/2026,21:45, ,gtmpiwq_20H100465_020426_050000.bin,Pine Island,GTMNERR,0,43.106,0,27.79,0,3.191,0,101.2,0,8.52,0,58.81,19.57,7.8,0,-82.3,5.52,15.495,0,2.67,0,1.204,2.18,0,8.76
2/13/2026,22:00, ,gtmpiwq_20H100465_020426_050000.bin,Pine Island,GTMNERR,0,42.974,0,27.69,0,3.126,0,101.1,0,8.52,0,59.22,19.7,7.79,0,-82.2,5.5,15.506,0,3.23,0,1.202,2.17,0,8.72
2/13/2026,22:15, ,gtmpiwq_20H100465_020426_050000.bin,Pine Island,GTMNERR,0,42.801,0,27.57,0,3.062,0,101,0,8.51,0,59.89,19.92,7.79,0,-81.9,5.51,15.518,0,2.79,0,1.199,2.22,0,8.91
2/13/2026,22:30, ,gtmpiwq_20H100465_020426_050000.bin,Pine Island,GTMNERR,0,42.479,0,27.34,0,2.998,0,100.7,0,8.5,0,61.32,20.4,7.78,0,-81.6,5.52,15.508,0,2.83,0,1.199,2.27,0,9.14
2/13/2026,22:45, ,gtmpiwq_20H100465_020426_050000.bin,Pine Island,GTMNERR,0,42.094,0,27.07,0,2.931,0,100.3,0,8.49,0,63.01,20.97,7.77,0,-80.9,5.51,15.495,0,2.85,0,1.198,2.24,0,9.02
2/13/2026,23:00, ,gtmpiwq_20H100465_020426_050000.bin,Pine Island,GTMNERR,0,41.713,0,26.79,0,2.864,0,99.8,0,8.46,0,64.6,21.5,7.77,0,-80.5,5.52,15.482,0,3.09,0,1.198,2.34,0,9.4
2/13/2026,23:15, ,gtmpiwq_20H100465_020426_050000.bin,Pine Island,GTMNERR,0,41.327,0,26.52,0,2.799,0,99.3,0,8.43,0,66.14,22.01,7.76,0,-80.1,5.5,15.471,0,2.92,0,1.197,2.23,0,8.97
2/13/2026,23:30, ,gtmpiwq_20H100465_020426_050000.bin,Pine Island,GTMNERR,0,40.933,0,26.24,0,2.734,0,99.3,0,8.44,0,67.54,22.48,7.75,0,-79.7,5.51,15.453,0,2.85,0,1.203,2.45,0,9.86
2/13/2026,23:45, ,gtmpiwq_20H100465_020426_050000.bin,Pine Island,GTMNERR,0,40.615,0,26.01,0,2.675,0,98.7,0,8.41,0,68.97,22.96,7.74,0,-79,5.52,15.437,0,3.01,0,1.207,2.51,0,10.09
2/14/2026,0:00, ,gtmpiwq_20H100465_020426_050000.bin,Pine Island,GTMNERR,0,40.356,0,25.83,0,2.623,0,97.9,0,8.35,0,70.02,23.3,7.74,0,-78.8,5.51,15.417,0,3.05,0,1.208,2.69,0,10.79
2/14/2026,0:15, ,gtmpiwq_20H100465_020426_050000.bin,Pine Island,GTMNERR,0,40.161,0,25.69,0,2.584,0,97.5,0,8.33,0,70.64,23.51,7.73,0,-78.6,5.51,15.403,0,3.51,0,1.211,2.66,0,10.66
2/14/2026,0:30, ,gtmpiwq_20H100465_020426_050000.bin,Pine Island,GTMNERR,0,39.977,0,25.56,0,2.566,0,96.6,0,8.26,0,71.59,23.83,7.73,0,-78.5,5.5,15.39,0,2.82,0,1.201,2.68,0,10.75
2/14/2026,0:45, ,gtmpiwq_20H100465_020426_050000.bin,Pine Island,GTMNERR,0,39.859,0,25.48,0,2.564,0,96.2,0,8.23,0,71.63,23.84,7.73,0,-78.3,5.51,15.383,0,2.58,0,1.195,2.68,0,10.76
2/14/2026,1:00, ,gtmpiwq_20H100465_020426_050000.bin,Pine Island,GTMNERR,0,39.861,0,25.48,0,2.584,0,95.7,0,8.19,0,71.23,23.71,7.72,0,-78,5.51,15.393,0,2.31,0,1.193,2.53,0,10.17
2/14/2026,1:15, ,gtmpiwq_20H100465_020426_050000.bin,Pine Island,GTMNERR,0,40.724,0,26.09,0,2.625,0,98.4,0,8.39,0,68.91,22.93,7.75,0,-79.3,5.51,15.404,0,3.19,0,1.201,2.32,0,9.33
2/14/2026,1:30, ,gtmpiwq_20H100465_020426_050000.bin,Pine Island,GTMNERR,0,42.083,0,27.06,0,2.68,0,98.7,0,8.36,0,63.28,21.06,7.77,0,-80.5,5.51,15.422,0,2.97,0,1.205,2.14,0,8.59
2/14/2026,1:45, ,gtmpiwq_20H100465_020426_050000.bin,Pine Island,GTMNERR,0,41.746,0,26.82,0,2.742,0,98.8,0,8.38,0,64.21,21.37,7.76,0,-80.3,5.5,15.424,0,3.17,0,1.197,2.21,0,8.87
2/14/2026,2:00, ,gtmpiwq_20H100465_020426_050000.bin,Pine Island,GTMNERR,0,41.72,0,26.8,0,2.81,0,98.8,0,8.38,0,64.64,21.51,7.76,0,-80.2,5.51,15.425,0,3.17,0,1.197,2.2,0,8.86
2/14/2026,2:15, ,gtmpiwq_20H100465_020426_050000.bin,Pine Island,GTMNERR,0,41.883,0,26.91,0,2.873,0,98.5,0,8.35,0,64.54,21.48,7.76,0,-80.2,5.51,15.385,0,2.96,0,1.192,2.08,0,8.38
2/14/2026,2:30, ,gtmpiwq_20H100465_020426_050000.bin,Pine Island,GTMNERR,0,42.185,0,27.13,0,2.933,0,98.7,0,8.37,0,63.32,21.07,7.77,0,-80.6,5.51,15.344,0,2.71,0,1.202,2,0,8.05
2/14/2026,2:45, ,gtmpiwq_20H100465_020426_050000.bin,Pine Island,GTMNERR,0,42.505,0,27.36,0,2.994,0,98.4,0,8.33,0,62.02,20.64,7.77,0,-80.7,5.51,15.347,0,3.11,0,1.211,1.89,0,7.61
2/14/2026,3:00, ,gtmpiwq_20H100465_020426_050000.bin,Pine Island,GTMNERR,0,42.66,0,27.47,0,3.053,0,99,0,8.38,0,61.18,20.36,7.78,0,-81.2,5.5,15.329,0,3.04,0,1.205,1.95,0,7.83
2/14/2026,3:15, ,gtmpiwq_20H100465_020426_050000.bin,Pine Island,GTMNERR,0,42.956,0,27.68,0,3.112,0,98.8,0,8.36,0,60.2,20.03,7.78,0,-81.4,5.5,15.307,0,2.58,0,1.204,1.83,0,7.35
2/14/2026,3:30, ,gtmpiwq_20H100465_020426_050000.bin,Pine Island,GTMNERR,0,43.133,0,27.8,0,3.17,0,98.7,0,8.34,0,59.43,19.77,7.78,0,-81.5,5.52,15.296,0,2.72,0,1.199,1.86,0,7.48
2/14/2026,3:45, ,gtmpiwq_20H100465_020426_050000.bin,Pine Island,GTMNERR,0,43.287,0,27.91,0,3.228,0,98.4,0,8.32,0,58.65,19.51,7.79,0,-81.6,5.5,15.263,0,2.81,0,1.198,1.98,0,7.97
2/14/2026,4:00, ,gtmpiwq_20H100465_020426_050000.bin,Pine Island,GTMNERR,0,43.646,0,28.17,0,3.284,0,98.2,0,8.29,0,57.16,19.01,7.79,0,-81.8,5.51,15.253,0,2.73,0,1.197,1.85,0,7.43
2/14/2026,4:15, ,gtmpiwq_20H100465_020426_050000.bin,Pine Island,GTMNERR,0,43.894,0,28.35,0,3.338,0,98,0,8.26,0,56.1,18.66,7.79,0,-81.9,5.5,15.251,0,3.08,0,1.199,1.81,0,7.27
2/14/2026,4:30, ,gtmpiwq_20H100465_020426_050000.bin,Pine Island,GTMNERR,0,43.951,0,28.39,0,3.395,0,98.3,0,8.29,0,55.84,18.57,7.8,0,-82.2,5.5,15.227,0,2.95,0,1.195,1.72,0,6.94
2/14/2026,4:45, ,gtmpiwq_20H100465_020426_050000.bin,Pine Island,GTMNERR,0,44.193,0,28.56,0,3.453,0,98.4,0,8.3,0,54.71,18.2,7.8,0,-82.5,5.51,15.202,0,3.19,0,1.195,1.74,0,6.99
2/14/2026,5:00, ,gtmpiwq_20H100465_020426_050000.bin,Pine Island,GTMNERR,0,44.529,0,28.8,0,3.514,0,98.3,0,8.28,0,53.15,17.68,7.81,0,-82.8,5.5,15.187,0,2.79,0,1.194,1.74,0,7.02
2/14/2026,5:15, ,gtmpiwq_20H100465_020426_050000.bin,Pine Island,GTMNERR,0,44.728,0,28.94,0,3.573,0,98.5,0,8.29,0,52.38,17.42,7.81,0,-83.1,5.51,15.145,0,2.83,0,1.196,1.72,0,6.91
2/14/2026,5:30, ,gtmpiwq_20H100465_020426_050000.bin,Pine Island,GTMNERR,0,44.931,0,29.09,0,3.629,0,98.6,0,8.3,0,51.34,17.07,7.82,0,-83.4,5.5,15.114,0,2.91,0,1.196,1.66,0,6.67
2/14/2026,5:45, ,gtmpiwq_20H100465_020426_050000.bin,Pine Island,GTMNERR,0,45.254,0,29.32,0,3.678,0,98.8,0,8.32,0,49.62,16.5,7.83,0,-83.9,5.5,15.045,0,2.72,0,1.2,1.58,0,6.38
2/14/2026,6:00, ,gtmpiwq_20H100465_020426_050000.bin,Pine Island,GTMNERR,0,45.447,0,29.46,0,3.727,0,98.9,0,8.32,0,48.5,16.13,7.83,0,-84.2,5.51,15.015,0,2.95,0,1.2,1.52,0,6.13
2/14/2026,6:15, ,gtmpiwq_20H100465_020426_050000.bin,Pine Island,GTMNERR,0,45.7,0,29.64,0,3.773,0,98.8,0,8.31,0,47.14,15.67,7.84,0,-84.5,5.5,14.987,0,3.07,0,1.202,1.51,0,6.1
2/14/2026,6:30, ,gtmpiwq_20H100465_020426_050000.bin,Pine Island,GTMNERR,0,45.892,0,29.78,0,3.815,0,98.8,0,8.3,0,46.28,15.38,7.84,0,-84.7,5.51,14.974,0,2.93,0,1.204,1.56,0,6.29
2/14/2026,6:45, ,gtmpiwq_20H100465_020426_050000.bin,Pine Island,GTMNERR,0,46.077,0,29.91,0,3.85,0,98.7,0,8.29,0,45.42,15.1,7.84,0,-84.9,5.5,14.97,0,3.11,0,1.204,1.43,0,5.77
2/14/2026,7:00, ,gtmpiwq_20H100465_020426_050000.bin,Pine Island,GTMNERR,0,46.279,0,30.06,0,3.883,0,98.5,0,8.27,0,44.15,14.67,7.85,0,-85.1,5.5,14.928,0,3.02,0,1.197,1.57,0,6.32
2/14/2026,7:15, ,gtmpiwq_20H100465_020426_050000.bin,Pine Island,GTMNERR,0,46.454,0,30.18,0,3.909,0,98.6,0,8.28,0,43.34,14.4,7.85,0,-85.4,5.51,14.91,0,3.03,0,1.193,1.44,0,5.81
2/14/2026,7:30, ,gtmpiwq_20H100465_020426_050000.bin,Pine Island,GTMNERR,0,46.644,0,30.32,0,3.929,0,98.7,0,8.28,0,42.31,14.06,7.86,0,-85.6,5.5,14.887,0,3.19,0,1.202,1.47,0,5.91
2/14/2026,7:45, ,gtmpiwq_20H100465_020426_050000.bin,Pine Island,GTMNERR,0,46.705,0,30.36,0,3.941,0,98.5,0,8.26,0,42.01,13.96,7.86,0,-85.7,5.5,14.882,0,2.96,0,1.205,1.56,0,6.3
2/14/2026,8:00, ,gtmpiwq_20H100465_020426_050000.bin,Pine Island,GTMNERR,0,46.915,0,30.51,0,3.945,0,98.5,0,8.26,0,40.69,13.52,7.86,0,-86,5.5,14.865,0,2.76,0,1.205,1.77,0,7.14
2/14/2026,8:15, ,gtmpiwq_20H100465_020426_050000.bin,Pine Island,GTMNERR,0,46.994,0,30.57,0,3.937,0,97.9,0,8.2,0,39.36,13.08,7.86,0,-86.1,5.5,14.872,0,2.07,0,1.206,1.83,0,7.37
2/14/2026,8:30, ,gtmpiwq_20H100465_020426_050000.bin,Pine Island,GTMNERR,0,47.037,0,30.6,0,3.916,0,95.9,0,8.04,0,38.39,12.75,7.85,0,-85.6,5.51,14.87,0,2.28,0,1.207,1.28,0,5.15
2/14/2026,8:45, ,gtmpiwq_20H100465_020426_050000.bin,Pine Island,GTMNERR,0,46.923,0,30.52,0,3.881,0,95.6,0,8.01,0,39.9,13.25,7.86,0,-86,5.5,14.873,0,2.26,0,1.21,1.72,0,6.92
2/14/2026,9:00, ,gtmpiwq_20H100465_020426_050000.bin,Pine Island,GTMNERR,0,46.823,0,30.45,0,3.84,0,97.6,0,8.19,0,41.18,13.68,7.86,0,-85.9,5.5,14.875,0,2.12,0,1.212,1.65,0,6.65
2/14/2026,9:15, ,gtmpiwq_20H100465_020426_050000.bin,Pine Island,GTMNERR,0,46.52,0,30.23,0,3.79,0,97.8,0,8.21,0,42.64,14.17,7.85,0,-85.5,5.49,14.897,0,2.76,0,1.207,1.59,0,6.41
2/14/2026,9:30, ,gtmpiwq_20H100465_020426_050000.bin,Pine Island,GTMNERR,0,46.26,0,30.04,0,3.737,0,98.1,0,8.24,0,44.1,14.66,7.85,0,-85.1,5.5,14.918,0,2.97,0,1.211,1.56,0,6.29
2/14/2026,9:45, ,gtmpiwq_20H100465_020426_050000.bin,Pine Island,GTMNERR,0,45.802,0,29.71,0,3.685,0,97.9,0,8.24,0,46.48,15.45,7.83,0,-84.4,5.51,14.94,0,3.97,0,1.202,1.64,0,6.6
2/14/2026,10:00, ,gtmpiwq_20H100465_020426_050000.bin,Pine Island,GTMNERR,0,45.32,0,29.37,0,3.627,0,97.9,0,8.25,0,48.83,16.24,7.83,0,-83.9,5.5,14.979,0,2.78,0,1.195,1.55,0,6.26
2/14/2026,10:15, ,gtmpiwq_20H100465_020426_050000.bin,Pine Island,GTMNERR,0,44.882,0,29.05,0,3.561,0,97.8,0,8.25,0,50.99,16.96,7.82,0,-83.4,5.5,15.017,0,3.01,0,1.192,1.64,0,6.59
2/14/2026,10:30, ,gtmpiwq_20H100465_020426_050000.bin,Pine Island,GTMNERR,0,44.26,0,28.61,0,3.492,0,98.1,0,8.28,0,53.67,17.85,7.81,0,-82.8,5.51,15.131,0,3.09,0,1.196,1.71,0,6.87
2/14/2026,10:45, ,gtmpiwq_20H100465_020426_050000.bin,Pine Island,GTMNERR,0,44.152,0,28.53,0,3.42,0,98.1,0,8.27,0,54.38,18.09,7.8,0,-82.6,5.49,15.167,0,3.15,0,1.194,1.54,0,6.21
2/14/2026,11:00, ,gtmpiwq_20H100465_020426_050000.bin,Pine Island,GTMNERR,0,44.022,0,28.44,0,3.355,0,97.8,0,8.26,0,54.77,18.22,7.8,0,-82.4,5.5,15.176,0,3.5,0,1.196,1.7,0,6.86
2/14/2026,11:15, ,gtmpiwq_20H100465_020426_050000.bin,Pine Island,GTMNERR,0,43.744,0,28.24,0,3.282,0,97.9,0,8.26,0,56.07,18.65,7.79,0,-81.8,5.5,15.219,0,3.44,0,1.198,1.55,0,6.25
2/14/2026,11:30, ,gtmpiwq_20H100465_020426_050000.bin,Pine Island,GTMNERR,0,43.487,0,28.06,0,3.206,0,97.3,0,8.22,0,56.98,18.95,7.79,0,-81.6,5.49,15.247,0,3.49,0,1.198,1.62,0,6.53
2/14/2026,11:45, ,gtmpiwq_20H100465_020426_050000.bin,Pine Island,GTMNERR,0,43.197,0,27.85,0,3.13,0,97.8,0,8.27,0,58.2,19.36,7.78,0,-81.3,5.49,15.276,0,3.82,0,1.198,1.62,0,6.53
2/14/2026,12:00, ,gtmpiwq_20H100465_020426_050000.bin,Pine Island,GTMNERR,0,42.812,0,27.57,0,3.049,0,97.9,0,8.28,0,60.03,19.97,7.77,0,-80.9,5.5,15.303,0,3.33,0,1.195,1.64,0,6.6
2/14/2026,12:15, ,gtmpiwq_20H100465_020426_050000.bin,Pine Island,GTMNERR,0,42.439,0,27.31,0,2.967,0,98,0,8.3,0,61.68,20.52,7.77,0,-80.5,5.5,15.343,0,3.57,0,1.195,1.69,0,6.8
2/14/2026,12:30, ,gtmpiwq_20H100465_020426_050000.bin,Pine Island,GTMNERR,0,42.017,0,27.01,0,2.888,0,98.1,0,8.31,0,63.37,21.09,7.76,0,-80,5.5,15.408,0,3.41,0,1.197,1.73,0,6.95
2/14/2026,12:45, ,gtmpiwq_20H100465_020426_050000.bin,Pine Island,GTMNERR,0,41.655,0,26.75,0,2.808,0,98,0,8.31,0,64.77,21.55,7.75,0,-79.4,5.5,15.463,0,3.56,0,1.207,1.92,0,7.73
2/14/2026,13:00, ,gtmpiwq_20H100465_020426_050000.bin,Pine Island,GTMNERR,0,41.325,0,26.52,0,2.731,0,98.2,0,8.33,0,65.86,21.92,7.74,0,-79.1,5.5,15.526,0,3.45,0,1.21,1.86,0,7.49
2/14/2026,13:15, ,gtmpiwq_20H100465_020426_050000.bin,Pine Island,GTMNERR,0,41.017,0,26.3,0,2.666,0,98.5,0,8.35,0,66.73,22.21,7.74,0,-78.7,5.5,15.603,0,4.15,0,1.21,1.89,0,7.59
2/14/2026,13:30, ,gtmpiwq_20H100465_020426_050000.bin,Pine Island,GTMNERR,0,40.713,0,26.09,0,2.619,0,98.9,0,8.38,0,67.98,22.63,7.73,0,-78.5,5.5,15.667,0,3.62,0,1.211,2.06,0,8.29
2/14/2026,13:45, ,gtmpiwq_20H100465_020426_050000.bin,Pine Island,GTMNERR,0,40.549,0,25.97,0,2.587,0,99.1,0,8.39,0,68.55,22.81,7.73,0,-78.4,5.49,15.747,0,3.9,0,1.203,2.09,0,8.42
2/14/2026,14:00, ,gtmpiwq_20H100465_020426_050000.bin,Pine Island,GTMNERR,0,40.427,0,25.89,0,2.587,0,98.9,0,8.37,0,68.66,22.85,7.73,0,-78.2,5.5,15.797,0,3.86,0,1.199,2.14,0,8.59
2/14/2026,14:15, ,gtmpiwq_20H100465_020426_050000.bin,Pine Island,GTMNERR,0,40.365,0,25.84,0,2.616,0,98.2,0,8.32,0,68.89,22.93,7.73,0,-78.1,5.5,15.814,0,2.51,0,1.194,2.41,0,9.7
2/14/2026,14:30, ,gtmpiwq_20H100465_020426_050000.bin,Pine Island,GTMNERR,0,40.973,0,26.27,0,2.662,0,100,0,8.44,0,67.66,22.52,7.74,0,-78.9,5.49,15.815,0,3.53,0,1.196,1.86,0,7.47
2/14/2026,14:45, ,gtmpiwq_20H100465_020426_050000.bin,Pine Island,GTMNERR,0,41.963,0,26.98,0,2.717,0,100.8,0,8.47,0,63.14,21.01,7.76,0,-80.2,5.5,15.861,0,4.03,0,1.205,1.89,0,7.59
2/14/2026,15:00, ,gtmpiwq_20H100465_020426_050000.bin,Pine Island,GTMNERR,0,41.716,0,26.8,0,2.774,0,100.3,0,8.45,0,64.31,21.4,7.75,0,-79.7,5.49,15.802,0,3.66,0,1.207,1.87,0,7.52
2/14/2026,15:15, ,gtmpiwq_20H100465_020426_050000.bin,Pine Island,GTMNERR,0,41.71,0,26.8,0,2.83,0,100.4,0,8.45,0,64.39,21.43,7.75,0,-79.7,5.49,15.786,0,3.72,0,1.204,1.91,0,7.68
2/14/2026,15:30, ,gtmpiwq_20H100465_020426_050000.bin,Pine Island,GTMNERR,0,42.013,0,27.01,0,2.89,0,101,0,8.48,0,63.21,21.03,7.76,0,-80.3,5.5,15.843,0,3.77,0,1.195,1.97,0,7.94
2/14/2026,15:45, ,gtmpiwq_20H100465_020426_050000.bin,Pine Island,GTMNERR,0,42.272,0,27.2,0,2.949,0,101.4,0,8.5,0,62.16,20.68,7.77,0,-80.7,5.49,15.874,0,3.21,0,1.197,1.93,0,7.75
2/14/2026,16:00, ,gtmpiwq_20H100465_020426_050000.bin,Pine Island,GTMNERR,0,42.546,0,27.39,0,3.008,0,101.4,0,8.5,0,61.05,20.31,7.77,0,-81,5.5,15.875,0,3.38,0,1.193,1.91,0,7.69
2/14/2026,16:15, ,gtmpiwq_20H100465_020426_050000.bin,Pine Island,GTMNERR,0,42.884,0,27.63,0,3.066,0,101.8,0,8.5,0,59.58,19.82,7.78,0,-81.4,5.49,15.913,0,3.17,0,1.197,1.84,0,7.42
2/14/2026,16:30, ,gtmpiwq_20H100465_020426_050000.bin,Pine Island,GTMNERR,0,43.118,0,27.8,0,3.121,0,102.3,0,8.52,0,58.65,19.51,7.79,0,-81.7,5.49,16.018,0,2.89,0,1.207,1.86,0,7.48
2/14/2026,16:45, ,gtmpiwq_20H100465_020426_050000.bin,Pine Island,GTMNERR,0,43.352,0,27.97,0,3.17,0,102.5,0,8.53,0,57.79,19.23,7.79,0,-82,5.5,16.024,0,2.81,0,1.211,1.89,0,7.62
2/14/2026,17:00, ,gtmpiwq_20H100465_020426_050000.bin,Pine Island,GTMNERR,0,43.673,0,28.2,0,3.222,0,102.3,0,8.49,0,56.37,18.75,7.79,0,-81.9,5.49,16.069,0,2.91,0,1.202,2.12,0,8.53
2/14/2026,17:15, ,gtmpiwq_20H100465_020426_050000.bin,Pine Island,GTMNERR,0,43.922,0,28.38,0,3.268,0,102.3,0,8.49,0,55.53,18.47,7.79,0,-82.1,5.5,16.069,0,2.83,0,1.199,1.92,0,7.71
2/14/2026,17:30, ,gtmpiwq_20H100465_020426_050000.bin,Pine Island,GTMNERR,0,43.951,0,28.4,0,3.314,0,102.2,0,8.5,0,55.22,18.37,7.8,0,-82.4,5.49,15.951,0,3.07,0,1.196,1.91,0,7.68
2/14/2026,17:45, ,gtmpiwq_20H100465_020426_050000.bin,Pine Island,GTMNERR,0,44.088,0,28.5,0,3.366,0,102.4,0,8.5,0,54.46,18.11,7.8,0,-82.5,5.5,15.979,0,2.83,0,1.197,1.95,0,7.86
2/14/2026,18:00, ,gtmpiwq_20H100465_020426_050000.bin,Pine Island,GTMNERR,0,44.235,0,28.6,0,3.423,0,102.5,0,8.51,0,53.74,17.87,7.81,0,-82.9,5.5,15.958,0,2.78,0,1.195,1.98,0,7.96
2/14/2026,18:15, ,gtmpiwq_20H100465_020426_050000.bin,Pine Island,GTMNERR,0,44.4,0,28.72,0,3.476,0,102.3,0,8.49,0,53.01,17.63,7.81,0,-82.9,5.5,15.939,0,3.17,0,1.193,2.04,0,8.19
2/14/2026,18:30, ,gtmpiwq_20H100465_020426_050000.bin,Pine Island,GTMNERR,0,44.672,0,28.92,0,3.525,0,102.2,0,8.48,0,51.86,17.25,7.81,0,-83.1,5.5,15.907,0,3.29,0,1.192,2.13,0,8.55
2/14/2026,18:45, ,gtmpiwq_20H100465_020426_050000.bin,Pine Island,GTMNERR,0,44.785,0,29,0,3.562,0,102.2,0,8.48,0,51.32,17.07,7.81,0,-83.3,5.49,15.892,0,2.93,0,1.205,2.11,0,8.46
2/14/2026,19:00, ,gtmpiwq_20H100465_020426_050000.bin,Pine Island,GTMNERR,0,44.882,0,29.07,0,3.603,0,102.3,0,8.48,0,50.67,16.85,7.82,0,-83.6,5.49,15.875,0,3.31,0,1.211,2.2,0,8.86
2/14/2026,19:15, ,gtmpiwq_20H100465_020426_050000.bin,Pine Island,GTMNERR,0,45.071,0,29.2,0,3.645,0,102.3,0,8.48,0,49.83,16.57,7.82,0,-84,5.5,15.859,0,3.39,0,1.201,2.06,0,8.29
2/14/2026,19:30, ,gtmpiwq_20H100465_020426_050000.bin,Pine Island,GTMNERR,0,45.244,0,29.33,0,3.672,0,102.3,0,8.47,0,48.87,16.25,7.83,0,-84.2,5.49,15.838,0,2.7,0,1.202,2.19,0,8.78
2/14/2026,19:45, ,gtmpiwq_20H100465_020426_050000.bin,Pine Island,GTMNERR,0,45.384,0,29.43,0,3.695,0,102.4,0,8.48,0,48.35,16.07,7.83,0,-84.5,5.5,15.805,0,2.4,0,1.203,2.16,0,8.68
2/14/2026,20:00, ,gtmpiwq_20H100465_020426_050000.bin,Pine Island,GTMNERR,0,45.4,0,29.44,0,3.705,0,101.7,0,8.43,0,48.09,15.99,7.83,0,-84.4,5.49,15.792,0,2.4,0,1.205,2.47,0,9.91
2/14/2026,20:15, ,gtmpiwq_20H100465_020426_050000.bin,Pine Island,GTMNERR,0,45.498,0,29.51,0,3.703,0,100.7,0,8.34,0,46.27,15.38,7.83,0,-84.4,5.49,15.782,0,1.93,0,1.204,2.22,0,8.91
2/14/2026,20:30, ,gtmpiwq_20H100465_020426_050000.bin,Pine Island,GTMNERR,0,45.486,0,29.5,0,3.68,0,99.8,0,8.27,0,47.32,15.73,7.83,0,-84.4,5.5,15.779,0,2.2,0,1.202,2.45,0,9.84
2/14/2026,20:45, ,gtmpiwq_20H100465_020426_050000.bin,Pine Island,GTMNERR,0,45.361,0,29.41,0,3.638,0,101,0,8.37,0,48.17,16.02,7.83,0,-84.3,5.49,15.794,0,2.58,0,1.2,2.29,0,9.19
2/14/2026,21:00, ,gtmpiwq_20H100465_020426_050000.bin,Pine Island,GTMNERR,0,45.249,0,29.33,0,3.585,0,101.6,0,8.42,0,48.78,16.22,7.83,0,-84.1,5.5,15.81,0,2.21,0,1.199,2.49,0,10
2/14/2026,21:15, ,gtmpiwq_20H100465_020426_050000.bin,Pine Island,GTMNERR,0,44.837,0,29.03,0,3.523,0,101.5,0,8.42,0,50.9,16.93,7.82,0,-83.5,5.49,15.866,0,2.81,0,1.198,2.14,0,8.62
2/14/2026,21:30, ,gtmpiwq_20H100465_020426_050000.bin,Pine Island,GTMNERR,0,44.378,0,28.71,0,3.464,0,101.6,0,8.42,0,52.95,17.61,7.81,0,-82.9,5.49,15.98,0,3.04,0,1.199,2.12,0,8.51
2/14/2026,21:45, ,gtmpiwq_20H100465_020426_050000.bin,Pine Island,GTMNERR,0,44.132,0,28.53,0,3.407,0,101.7,0,8.43,0,54.23,18.04,7.8,0,-82.6,5.5,16.031,0,2.94,0,1.199,2.17,0,8.7
2/14/2026,22:00, ,gtmpiwq_20H100465_020426_050000.bin,Pine Island,GTMNERR,0,43.812,0,28.3,0,3.348,0,101.5,0,8.42,0,55.6,18.49,7.79,0,-82.2,5.49,16.086,0,3.24,0,1.199,2.06,0,8.3
2/14/2026,22:15, ,gtmpiwq_20H100465_020426_050000.bin,Pine Island,GTMNERR,0,43.483,0,28.07,0,3.276,0,101.2,0,8.4,0,57.21,19.03,7.79,0,-81.8,5.5,16.073,0,3.09,0,1.198,1.99,0,8
2/14/2026,22:30, ,gtmpiwq_20H100465_020426_050000.bin,Pine Island,GTMNERR,0,43.336,0,27.96,0,3.209,0,101,0,8.4,0,57.61,19.17,7.78,0,-81.5,5.49,16.096,0,3.22,0,1.199,2.17,0,8.71
2/14/2026,22:45, ,gtmpiwq_20H100465_020426_050000.bin,Pine Island,GTMNERR,0,43.243,0,27.89,0,3.144,0,101,0,8.4,0,58.25,19.38,7.78,0,-81.4,5.49,16.115,0,3.45,0,1.199,2.07,0,8.33
2/14/2026,23:00, ,gtmpiwq_20H100465_020426_050000.bin,Pine Island,GTMNERR,0,43.046,0,27.75,0,3.074,0,100.6,0,8.37,0,58.73,19.54,7.78,0,-81.1,5.5,16.13,0,3.9,0,1.197,2.02,0,8.14
2/14/2026,23:15, ,gtmpiwq_20H100465_020426_050000.bin,Pine Island,GTMNERR,0,42.713,0,27.52,0,3.005,0,100.4,0,8.36,0,60.22,20.03,7.77,0,-80.8,5.49,16.143,0,3.61,0,1.196,2.22,0,8.92
2/14/2026,23:30, ,gtmpiwq_20H100465_020426_050000.bin,Pine Island,GTMNERR,0,42.36,0,27.26,0,2.928,0,100,0,8.34,0,61.66,20.52,7.76,0,-80.4,5.5,16.152,0,4.15,0,1.204,2.3,0,9.24
2/14/2026,23:45, ,gtmpiwq_20H100465_020426_050000.bin,Pine Island,GTMNERR,0,41.965,0,26.98,0,2.85,0,99.6,0,8.32,0,63.41,21.1,7.75,0,-79.8,5.48,16.161,0,3.97,0,1.206,2.17,0,8.71
2/15/2026,0:00, ,gtmpiwq_20H100465_020426_050000.bin,Pine Island,GTMNERR,0,41.541,0,26.68,0,2.768,0,98.9,0,8.27,0,65.04,21.64,7.74,0,-79.1,5.49,16.163,0,4.08,0,1.21,2.28,0,9.14
2/15/2026,0:15, ,gtmpiwq_20H100465_020426_050000.bin,Pine Island,GTMNERR,0,41.163,0,26.41,0,2.692,0,98.4,0,8.24,0,66.48,22.13,7.73,0,-78.5,5.5,16.165,0,4.91,0,1.202,2.39,0,9.62
2/15/2026,0:30, ,gtmpiwq_20H100465_020426_050000.bin,Pine Island,GTMNERR,0,40.859,0,26.2,0,2.617,0,97.9,0,8.21,0,67.64,22.51,7.72,0,-78,5.49,16.164,0,4.58,0,1.198,2.34,0,9.41
2/15/2026,0:45, ,gtmpiwq_20H100465_020426_050000.bin,Pine Island,GTMNERR,0,40.581,0,26,0,2.547,0,97.3,0,8.18,0,68.67,22.86,7.71,0,-77.5,5.49,16.162,0,4.68,0,1.192,2.34,0,9.41
2/15/2026,1:00, ,gtmpiwq_20H100465_020426_050000.bin,Pine Island,GTMNERR,0,40.374,0,25.85,0,2.485,0,97.1,0,8.16,0,69.5,23.13,7.71,0,-77.2,5.48,16.161,0,4.57,0,1.2,2.4,0,9.65
2/15/2026,1:15, ,gtmpiwq_20H100465_020426_050000.bin,Pine Island,GTMNERR,0,40.181,0,25.72,0,2.436,0,96.7,0,8.14,0,70.29,23.4,7.7,0,-76.7,5.49,16.161,0,4.18,0,1.211,2.77,0,11.12
2/15/2026,1:30, ,gtmpiwq_20H100465_020426_050000.bin,Pine Island,GTMNERR,0,40.08,0,25.64,0,2.405,0,96.1,0,8.09,0,70.62,23.51,7.7,0,-76.5,5.49,16.161,0,3.7,0,1.207,2.65,0,10.65
2/15/2026,1:45, ,gtmpiwq_20H100465_020426_050000.bin,Pine Island,GTMNERR,0,40.005,0,25.59,0,2.409,0,94.8,0,7.98,0,70.4,23.43,7.69,0,-76.3,5.49,16.161,0,2.76,0,1.203,2.84,0,11.39
2/15/2026,2:00, ,gtmpiwq_20H100465_020426_050000.bin,Pine Island,GTMNERR,0,39.968,0,25.56,0,2.436,0,94.3,0,7.94,0,70.53,23.47,7.69,0,-76.2,5.49,16.163,0,3.49,0,1.202,2.52,0,10.14
2/15/2026,2:15, ,gtmpiwq_20H100465_020426_050000.bin,Pine Island,GTMNERR,0,40.572,0,25.99,0,2.48,0,96.8,0,8.13,0,69.54,23.15,7.71,0,-77.3,5.49,16.164,0,3.57,0,1.201,2.07,0,8.33
2/15/2026,2:30, ,gtmpiwq_20H100465_020426_050000.bin,Pine Island,GTMNERR,0,41.808,0,26.87,0,2.549,0,97.4,0,8.14,0,64.29,21.4,7.73,0,-78.7,5.5,16.165,0,3.44,0,1.2,2.09,0,8.41
2/15/2026,2:45, ,gtmpiwq_20H100465_020426_050000.bin,Pine Island,GTMNERR,0,41.453,0,26.62,0,2.632,0,97.5,0,8.16,0,65.57,21.82,7.73,0,-78.4,5.48,16.155,0,4.67,0,1.199,2.17,0,8.72
2/15/2026,3:00, ,gtmpiwq_20H100465_020426_050000.bin,Pine Island,GTMNERR,0,41.406,0,26.58,0,2.713,0,97.5,0,8.16,0,65.91,21.93,7.73,0,-78.3,5.49,16.156,0,4.51,0,1.2,2.22,0,8.92
2/15/2026,3:15, ,gtmpiwq_20H100465_020426_050000.bin,Pine Island,GTMNERR,0,41.77,0,26.84,0,2.789,0,97.8,0,8.18,0,64.73,21.54,7.74,0,-78.8,5.5,16.132,0,3.77,0,1.198,1.97,0,7.93
2/15/2026,3:30, ,gtmpiwq_20H100465_020426_050000.bin,Pine Island,GTMNERR,0,42.162,0,27.12,0,2.863,0,97.7,0,8.16,0,62.81,20.9,7.74,0,-79.1,5.48,16.129,0,5.21,0,1.197,1.97,0,7.93
2/15/2026,3:45, ,gtmpiwq_20H100465_020426_050000.bin,Pine Island,GTMNERR,0,42.445,0,27.32,0,2.932,0,98.3,0,8.2,0,61.91,20.6,7.75,0,-79.6,5.49,16.1,0,4.41,0,1.195,1.91,0,7.69
2/15/2026,4:00, ,gtmpiwq_20H100465_020426_050000.bin,Pine Island,GTMNERR,0,42.799,0,27.58,0,2.996,0,98.1,0,8.17,0,60.79,20.23,7.76,0,-79.9,5.49,16.079,0,3.69,0,1.194,1.89,0,7.59
2/15/2026,4:15, ,gtmpiwq_20H100465_020426_050000.bin,Pine Island,GTMNERR,0,42.97,0,27.7,0,3.062,0,98,0,8.17,0,60.23,20.04,7.76,0,-80.1,5.48,16.055,0,3.65,0,1.206,1.85,0,7.43
2/15/2026,4:30, ,gtmpiwq_20H100465_020426_050000.bin,Pine Island,GTMNERR,0,43.328,0,27.95,0,3.126,0,97.9,0,8.14,0,58.42,19.43,7.76,0,-80.1,5.47,16.036,0,3.71,0,1.206,1.85,0,7.46
2/15/2026,4:45, ,gtmpiwq_20H100465_020426_050000.bin,Pine Island,GTMNERR,0,43.577,0,28.13,0,3.192,0,97.5,0,8.11,0,57.88,19.25,7.76,0,-80.4,5.48,16.033,0,3.56,0,1.207,1.8,0,7.26
2/15/2026,5:00, ,gtmpiwq_20H100465_020426_050000.bin,Pine Island,GTMNERR,0,43.69,0,28.21,0,3.254,0,98,0,8.15,0,57.17,19.02,7.77,0,-80.8,5.48,16.002,0,3.64,0,1.202,1.81,0,7.28
2/15/2026,5:15, ,gtmpiwq_20H100465_020426_050000.bin,Pine Island,GTMNERR,0,44.003,0,28.44,0,3.312,0,97.7,0,8.11,0,55.8,18.56,7.77,0,-81,5.49,15.992,0,4.02,0,1.202,1.8,0,7.23
2/15/2026,5:30, ,gtmpiwq_20H100465_020426_050000.bin,Pine Island,GTMNERR,0,44.278,0,28.63,0,3.375,0,97.7,0,8.1,0,54.46,18.11,7.78,0,-81.3,5.49,15.976,0,3.75,0,1.205,1.9,0,7.63
2/15/2026,5:45, ,gtmpiwq_20H100465_020426_050000.bin,Pine Island,GTMNERR,0,44.42,0,28.74,0,3.435,0,97.8,0,8.12,0,53.75,17.88,7.78,0,-81.6,5.49,15.936,0,3.45,0,1.207,1.82,0,7.34
2/15/2026,6:00, ,gtmpiwq_20H100465_020426_050000.bin,Pine Island,GTMNERR,0,44.593,0,28.86,0,3.498,0,97.9,0,8.12,0,52.91,17.6,7.79,0,-81.9,5.48,15.906,0,3.72,0,1.206,1.82,0,7.31
2/15/2026,6:15, ,gtmpiwq_20H100465_020426_050000.bin,Pine Island,GTMNERR,0,44.809,0,29.01,0,3.561,0,97.9,0,8.12,0,51.85,17.24,7.79,0,-82.1,5.49,15.866,0,3.89,0,1.209,1.78,0,7.15
2/15/2026,6:30, ,gtmpiwq_20H100465_020426_050000.bin,Pine Island,GTMNERR,0,45.087,0,29.21,0,3.62,0,97.9,0,8.12,0,50.32,16.73,7.8,0,-82.5,5.49,15.813,0,4.01,0,1.201,1.75,0,7.05
2/15/2026,6:45, ,gtmpiwq_20H100465_020426_050000.bin,Pine Island,GTMNERR,0,45.491,0,29.5,0,3.676,0,98,0,8.12,0,48.4,16.09,7.81,0,-83.1,5.48,15.753,0,3.87,0,1.196,1.68,0,6.77
2/15/2026,7:00, ,gtmpiwq_20H100465_020426_050000.bin,Pine Island,GTMNERR,0,45.665,0,29.63,0,3.724,0,97.9,0,8.11,0,47.64,15.84,7.81,0,-83.3,5.49,15.735,0,3.92,0,1.192,1.72,0,6.94
2/15/2026,7:15, ,gtmpiwq_20H100465_020426_050000.bin,Pine Island,GTMNERR,0,45.843,0,29.76,0,3.767,0,97.8,0,8.1,0,46.6,15.49,7.82,0,-83.5,5.48,15.715,0,3.87,0,1.198,1.63,0,6.57
2/15/2026,7:30, ,gtmpiwq_20H100465_020426_050000.bin,Pine Island,GTMNERR,0,46.047,0,29.9,0,3.805,0,97.7,0,8.09,0,45.63,15.17,7.82,0,-83.7,5.48,15.694,0,3.96,0,1.201,1.64,0,6.61
2/15/2026,7:45, ,gtmpiwq_20H100465_020426_050000.bin,Pine Island,GTMNERR,0,46.305,0,30.09,0,3.835,0,97.8,0,8.09,0,44.28,14.72,7.83,0,-84,5.49,15.67,0,3.91,0,1.203,1.71,0,6.87
2/15/2026,8:00, ,gtmpiwq_20H100465_020426_050000.bin,Pine Island,GTMNERR,0,46.616,0,30.31,0,3.863,0,97.8,0,8.09,0,42.92,14.26,7.83,0,-84.4,5.48,15.653,0,3.64,0,1.21,1.59,0,6.4
2/15/2026,8:15, ,gtmpiwq_20H100465_020426_050000.bin,Pine Island,GTMNERR,0,46.842,0,30.48,0,3.884,0,97.9,0,8.09,0,41.56,13.81,7.84,0,-84.7,5.49,15.639,0,2.95,0,1.201,1.76,0,7.07
2/15/2026,8:30, ,gtmpiwq_20H100465_020426_050000.bin,Pine Island,GTMNERR,0,46.88,0,30.5,0,3.897,0,97.7,0,8.07,0,41.33,13.73,7.84,0,-84.7,5.48,15.638,0,3.15,0,1.194,1.79,0,7.2
2/15/2026,8:45, ,gtmpiwq_20H100465_020426_050000.bin,Pine Island,GTMNERR,0,47.042,0,30.62,0,3.898,0,97.5,0,8.04,0,40.44,13.44,7.84,0,-85,5.48,15.624,0,2.92,0,1.194,1.93,0,7.78
2/15/2026,9:00, ,gtmpiwq_20H100465_020426_050000.bin,Pine Island,GTMNERR,0,47.171,0,30.71,0,3.888,0,96.9,0,8,0,38.84,12.9,7.84,0,-85,5.49,15.616,0,2.62,0,1.205,1.89,0,7.61
2/15/2026,9:15, ,gtmpiwq_20H100465_020426_050000.bin,Pine Island,GTMNERR,0,47.179,0,30.72,0,3.861,0,95.3,0,7.86,0,38.67,12.85,7.84,0,-84.8,5.48,15.617,0,2.43,0,1.21,1.84,0,7.41
2/15/2026,9:30, ,gtmpiwq_20H100465_020426_050000.bin,Pine Island,GTMNERR,0,47.015,0,30.6,0,3.821,0,96.7,0,7.98,0,40.21,13.36,7.84,0,-85,5.49,15.631,0,2.57,0,1.211,1.54,0,6.22
2/15/2026,9:45, ,gtmpiwq_20H100465_020426_050000.bin,Pine Island,GTMNERR,0,46.877,0,30.5,0,3.77,0,96.3,0,7.95,0,41.24,13.7,7.84,0,-84.8,5.48,15.64,0,2.6,0,1.202,1.83,0,7.37
2/15/2026,10:00, ,gtmpiwq_20H100465_020426_050000.bin,Pine Island,GTMNERR,0,46.668,0,30.35,0,3.71,0,96.6,0,7.98,0,42.14,14,7.83,0,-84.4,5.48,15.659,0,3.38,0,1.199,1.73,0,6.97
2/15/2026,10:15, ,gtmpiwq_20H100465_020426_050000.bin,Pine Island,GTMNERR,0,46.248,0,30.05,0,3.648,0,98,0,8.1,0,44.29,14.72,7.83,0,-84.2,5.49,15.746,0,3.32,0,1.194,1.77,0,7.11
2/15/2026,10:30, ,gtmpiwq_20H100465_020426_050000.bin,Pine Island,GTMNERR,0,45.886,0,29.79,0,3.581,0,97.5,0,8.07,0,46.21,15.36,7.82,0,-83.6,5.48,15.751,0,3.35,0,1.197,1.74,0,7.01
2/15/2026,10:45, ,gtmpiwq_20H100465_020426_050000.bin,Pine Island,GTMNERR,0,45.468,0,29.49,0,3.516,0,97.3,0,8.06,0,48.4,16.09,7.81,0,-82.9,5.49,15.803,0,3.42,0,1.198,1.64,0,6.61
2/15/2026,11:00, ,gtmpiwq_20H100465_020426_050000.bin,Pine Island,GTMNERR,0,45.2,0,29.29,0,3.439,0,97.3,0,8.06,0,49.68,16.52,7.8,0,-82.6,5.48,15.868,0,3.39,0,1.202,1.63,0,6.56
2/15/2026,11:15, ,gtmpiwq_20H100465_020426_050000.bin,Pine Island,GTMNERR,0,44.815,0,29.02,0,3.356,0,97.4,0,8.06,0,51.28,17.05,7.79,0,-82.1,5.48,15.941,0,4.12,0,1.205,1.73,0,6.96
2/15/2026,11:30, ,gtmpiwq_20H100465_020426_050000.bin,Pine Island,GTMNERR,0,44.124,0,28.53,0,3.276,0,98.6,0,8.15,0,54.11,18,7.79,0,-81.7,5.49,16.204,0,4.16,0,1.206,1.74,0,7.02
2/15/2026,11:45, ,gtmpiwq_20H100465_020426_050000.bin,Pine Island,GTMNERR,0,43.934,0,28.39,0,3.197,0,98.3,0,8.13,0,55.04,18.31,7.78,0,-81.3,5.48,16.217,0,4.65,0,1.207,1.78,0,7.18
2/15/2026,12:00, ,gtmpiwq_20H100465_020426_050000.bin,Pine Island,GTMNERR,0,43.804,0,28.3,0,3.119,0,98.1,0,8.11,0,55.61,18.5,7.77,0,-81,5.48,16.234,0,5.03,0,1.209,1.77,0,7.14
2/15/2026,12:15, ,gtmpiwq_20H100465_020426_050000.bin,Pine Island,GTMNERR,0,43.596,0,28.15,0,3.033,0,98.3,0,8.13,0,56.47,18.78,7.77,0,-80.9,5.48,16.309,0,4.61,0,1.208,1.63,0,6.58
2/15/2026,12:30, ,gtmpiwq_20H100465_020426_050000.bin,Pine Island,GTMNERR,0,43.375,0,27.99,0,2.953,0,98.6,0,8.15,0,57.52,19.13,7.77,0,-80.7,5.48,16.385,0,4.26,0,1.207,1.76,0,7.09
2/15/2026,12:45, ,gtmpiwq_20H100465_020426_050000.bin,Pine Island,GTMNERR,0,43.127,0,27.81,0,2.864,0,98.6,0,8.14,0,58.51,19.47,7.76,0,-80.4,5.49,16.432,0,4.39,0,1.205,1.77,0,7.14
2/15/2026,13:00, ,gtmpiwq_20H100465_020426_050000.bin,Pine Island,GTMNERR,0,42.917,0,27.66,0,2.775,0,98.8,0,8.16,0,59.27,19.72,7.76,0,-80.2,5.48,16.507,0,4.27,0,1.204,1.75,0,7.06
2/15/2026,13:15, ,gtmpiwq_20H100465_020426_050000.bin,Pine Island,GTMNERR,0,42.698,0,27.51,0,2.689,0,99.3,0,8.19,0,60.21,20.03,7.76,0,-80.1,5.49,16.621,0,4.47,0,1.201,1.84,0,7.42
2/15/2026,13:30, ,gtmpiwq_20H100465_020426_050000.bin,Pine Island,GTMNERR,0,42.418,0,27.31,0,2.604,0,99.2,0,8.18,0,61.11,20.33,7.75,0,-79.8,5.48,16.692,0,4.88,0,1.196,1.8,0,7.26
2/15/2026,13:45, ,gtmpiwq_20H100465_020426_050000.bin,Pine Island,GTMNERR,0,42.185,0,27.14,0,2.534,0,99.3,0,8.19,0,61.95,20.61,7.75,0,-79.5,5.48,16.772,0,4.94,0,1.205,1.92,0,7.71
2/15/2026,14:00, ,gtmpiwq_20H100465_020426_050000.bin,Pine Island,GTMNERR,0,42.02,0,27.03,0,2.467,0,99.5,0,8.19,0,62.52,20.8,7.74,0,-79.4,5.49,16.863,0,5.46,0,1.211,1.94,0,7.81
2/15/2026,14:15, ,gtmpiwq_20H100465_020426_050000.bin,Pine Island,GTMNERR,0,41.841,0,26.9,0,2.433,0,99.7,0,8.2,0,63.25,21.05,7.74,0,-79.2,5.47,16.922,0,5.46,0,1.205,2.08,0,8.37
2/15/2026,14:30, ,gtmpiwq_20H100465_020426_050000.bin,Pine Island,GTMNERR,0,41.718,0,26.81,0,2.413,0,99.5,0,8.19,0,63.53,21.14,7.74,0,-79.2,5.48,16.983,0,4.44,0,1.204,2.48,0,9.95
2/15/2026,14:45, ,gtmpiwq_20H100465_020426_050000.bin,Pine Island,GTMNERR,0,41.646,0,26.76,0,2.413,0,99.7,0,8.2,0,63.87,21.25,7.74,0,-79.2,5.49,17.025,0,4.59,0,1.206,2.39,0,9.59
2/15/2026,15:00, ,gtmpiwq_20H100465_020426_050000.bin,Pine Island,GTMNERR,0,41.748,0,26.83,0,2.44,0,100.3,0,8.23,0,63.5,21.13,7.75,0,-79.6,5.48,17.07,0,4.99,0,1.206,2.65,0,10.64
2/15/2026,15:15, ,gtmpiwq_20H100465_020426_050000.bin,Pine Island,GTMNERR,0,41.827,0,26.89,0,2.492,0,99.9,0,8.19,0,63.71,21.2,7.73,0,-78.6,5.48,17.114,0,3.9,0,1.207,2.09,0,8.42
2/15/2026,15:30, ,gtmpiwq_20H100465_020426_050000.bin,Pine Island,GTMNERR,0,42.45,0,27.34,0,2.548,0,101.2,0,8.25,0,60.92,20.27,7.75,0,-80,5.49,17.25,0,4.48,0,1.209,2.15,0,8.63
2/15/2026,15:45, ,gtmpiwq_20H100465_020426_050000.bin,Pine Island,GTMNERR,0,42.441,0,27.33,0,2.61,0,100.7,0,8.23,0,60.65,20.18,7.75,0,-79.9,5.48,17.124,0,5.19,0,1.209,1.64,0,6.6
2/15/2026,16:00, ,gtmpiwq_20H100465_020426_050000.bin,Pine Island,GTMNERR,0,42.557,0,27.41,0,2.675,0,100.5,0,8.22,0,60.27,20.05,7.75,0,-79.9,5.48,17.08,0,6,0,1.209,2.48,0,9.96
2/15/2026,16:15, ,gtmpiwq_20H100465_020426_050000.bin,Pine Island,GTMNERR,0,42.772,0,27.57,0,2.725,0,100.5,0,8.21,0,58.95,19.61,7.76,0,-80.1,5.47,17.078,0,7.14,0,1.21,2.13,0,8.55
2/15/2026,16:30, ,gtmpiwq_20H100465_020426_050000.bin,Pine Island,GTMNERR,0,43.023,0,27.75,0,2.787,0,100.8,0,8.23,0,58.59,19.49,7.76,0,-80.5,5.48,17.058,0,5.58,0,1.211,2.35,0,9.46
2/15/2026,16:45, ,gtmpiwq_20H100465_020426_050000.bin,Pine Island,GTMNERR,0,43.151,0,27.84,0,2.854,0,100.8,0,8.23,0,57.52,19.14,7.76,0,-80.7,5.49,17.059,0,7.3,0,1.211,2.05,0,8.23
2/15/2026,17:00, ,gtmpiwq_20H100465_020426_050000.bin,Pine Island,GTMNERR,0,43.29,0,27.94,0,2.919,0,101,0,8.26,0,57.04,18.97,7.77,0,-81.1,5.48,16.973,0,5.93,0,1.211,2.77,0,11.12
2/15/2026,17:15, ,gtmpiwq_20H100465_020426_050000.bin,Pine Island,GTMNERR,0,43.634,0,28.18,0,2.998,0,101.2,0,8.26,0,56.33,18.74,7.78,0,-81.4,5.48,16.961,0,4.19,0,1.204,2.79,0,11.2
2/15/2026,17:30, ,gtmpiwq_20H100465_020426_050000.bin,Pine Island,GTMNERR,0,43.704,0,28.23,0,3.073,0,101.2,0,8.26,0,55.5,18.46,7.78,0,-81.6,5.49,16.973,0,4.3,0,1.198,2.32,0,9.31
2/15/2026,17:45, ,gtmpiwq_20H100465_020426_050000.bin,Pine Island,GTMNERR,0,43.824,0,28.32,0,3.126,0,101.2,0,8.24,0,54.44,18.11,7.78,0,-81.7,5.48,17.015,0,5.27,0,1.192,2.63,0,10.57
2/15/2026,18:00, ,gtmpiwq_20H100465_020426_050000.bin,Pine Island,GTMNERR,0,43.964,0,28.42,0,3.188,0,101,0,8.21,0,53.84,17.91,7.78,0,-81.5,5.46,17.052,0,5.63,0,1.192,2.5,0,10.03
2/15/2026,18:15, ,gtmpiwq_20H100465_020426_050000.bin,Pine Island,GTMNERR,0,44.093,0,28.51,0,3.237,0,101,0,8.22,0,53.25,17.71,7.79,0,-82,5.48,17.004,0,5.41,0,1.206,2.91,0,11.7
2/15/2026,18:30, ,gtmpiwq_20H100465_020426_050000.bin,Pine Island,GTMNERR,0,44.245,0,28.62,0,3.286,0,101.1,0,8.23,0,52.61,17.5,7.79,0,-82.3,5.48,16.96,0,4.61,0,1.21,2.77,0,11.1
2/15/2026,18:45, ,gtmpiwq_20H100465_020426_050000.bin,Pine Island,GTMNERR,0,44.455,0,28.77,0,3.338,0,101,0,8.22,0,51.2,17.03,7.8,0,-82.5,5.49,16.941,0,4.96,0,1.208,3.38,0,13.57
2/15/2026,19:00, ,gtmpiwq_20H100465_020426_050000.bin,Pine Island,GTMNERR,0,44.737,0,28.97,0,3.384,0,101.2,0,8.23,0,50.27,16.72,7.8,0,-82.9,5.48,16.891,0,3.56,0,1.207,2.2,0,8.86
2/15/2026,19:15, ,gtmpiwq_20H100465_020426_050000.bin,Pine Island,GTMNERR,0,44.889,0,29.08,0,3.437,0,101.2,0,8.23,0,49.62,16.5,7.81,0,-83.1,5.49,16.846,0,3.37,0,1.208,2.13,0,8.54
2/15/2026,19:30, ,gtmpiwq_20H100465_020426_050000.bin,Pine Island,GTMNERR,0,45.029,0,29.18,0,3.486,0,101.1,0,8.22,0,49.06,16.31,7.81,0,-83.3,5.48,16.812,0,3.4,0,1.207,2.18,0,8.77
2/15/2026,19:45, ,gtmpiwq_20H100465_020426_050000.bin,Pine Island,GTMNERR,0,45.164,0,29.28,0,3.519,0,100.9,0,8.21,0,48.17,16.01,7.81,0,-83.5,5.48,16.78,0,3.34,0,1.207,2.11,0,8.49
2/15/2026,20:00, ,gtmpiwq_20H100465_020426_050000.bin,Pine Island,GTMNERR,0,45.296,0,29.37,0,3.549,0,100.8,0,8.2,0,47.4,15.76,7.82,0,-83.7,5.49,16.758,0,3.25,0,1.21,1.95,0,7.86
2/15/2026,20:15, ,gtmpiwq_20H100465_020426_050000.bin,Pine Island,GTMNERR,0,45.486,0,29.51,0,3.579,0,100.8,0,8.19,0,46.56,15.48,7.82,0,-83.9,5.48,16.738,0,3.93,0,1.209,2.2,0,8.86
2/15/2026,20:30, ,gtmpiwq_20H100465_020426_050000.bin,Pine Island,GTMNERR,0,45.627,0,29.61,0,3.595,0,100.8,0,8.19,0,46.06,15.31,7.82,0,-84.1,5.48,16.734,0,3.83,0,1.209,2.26,0,9.07
2/15/2026,20:45, ,gtmpiwq_20H100465_020426_050000.bin,Pine Island,GTMNERR,0,45.689,0,29.66,0,3.593,0,100.1,0,8.13,0,45.55,15.14,7.82,0,-84.1,5.47,16.73,0,3.08,0,1.209,2.5,0,10.02
2/15/2026,21:00, ,gtmpiwq_20H100465_020426_050000.bin,Pine Island,GTMNERR,0,45.698,0,29.66,0,3.575,0,98.8,0,8.03,0,44.84,14.91,7.82,0,-84,5.48,16.728,0,2.65,0,1.211,2.53,0,10.15
2/15/2026,21:15, ,gtmpiwq_20H100465_020426_050000.bin,Pine Island,GTMNERR,0,45.496,0,29.52,0,3.531,0,99.8,0,8.12,0,46.84,15.57,7.82,0,-83.8,5.48,16.728,0,2.78,0,1.209,2.32,0,9.34
2/15/2026,21:30, ,gtmpiwq_20H100465_020426_050000.bin,Pine Island,GTMNERR,0,45.338,0,29.41,0,3.472,0,100.2,0,8.15,0,47.73,15.87,7.82,0,-83.6,5.48,16.749,0,3.44,0,1.21,2.14,0,8.59
2/15/2026,21:45, ,gtmpiwq_20H100465_020426_050000.bin,Pine Island,GTMNERR,0,45.117,0,29.25,0,3.408,0,100.3,0,8.16,0,48.71,16.2,7.81,0,-83.3,5.48,16.79,0,3.52,0,1.21,2.01,0,8.07
2/15/2026,22:00, ,gtmpiwq_20H100465_020426_050000.bin,Pine Island,GTMNERR,0,44.788,0,29.01,0,3.345,0,100.3,0,8.15,0,50.27,16.72,7.8,0,-82.9,5.47,16.886,0,3.98,0,1.208,2.03,0,8.16
2/15/2026,22:15, ,gtmpiwq_20H100465_020426_050000.bin,Pine Island,GTMNERR,0,44.465,0,28.78,0,3.285,0,100,0,8.13,0,51.61,17.16,7.8,0,-82.5,5.48,16.968,0,4.48,0,1.205,1.94,0,7.82
2/15/2026,22:30, ,gtmpiwq_20H100465_020426_050000.bin,Pine Island,GTMNERR,0,44.173,0,28.57,0,3.223,0,99.6,0,8.1,0,52.6,17.49,7.79,0,-82.1,5.48,17.015,0,4.67,0,1.205,1.91,0,7.69
2/15/2026,22:45, ,gtmpiwq_20H100465_020426_050000.bin,Pine Island,GTMNERR,0,43.925,0,28.39,0,3.16,0,99.4,0,8.09,0,53.61,17.83,7.79,0,-82,5.48,17.063,0,5.2,0,1.204,2.11,0,8.49
2/15/2026,23:00, ,gtmpiwq_20H100465_020426_050000.bin,Pine Island,GTMNERR,0,43.711,0,28.24,0,3.088,0,99.3,0,8.07,0,54.28,18.06,7.78,0,-81.6,5.48,17.134,0,6.54,0,1.2,2.09,0,8.42
2/15/2026,23:15, ,gtmpiwq_20H100465_020426_050000.bin,Pine Island,GTMNERR,0,43.481,0,28.07,0,3.013,0,99.3,0,8.07,0,54.84,18.24,7.78,0,-81.6,5.47,17.19,0,8.02,0,1.196,2.09,0,8.42
2/15/2026,23:30, ,gtmpiwq_20H100465_020426_050000.bin,Pine Island,GTMNERR,0,43.273,0,27.92,0,2.931,0,99.1,0,8.07,0,55.8,18.56,7.78,0,-81.5,5.48,17.186,0,7.45,0,1.204,2.17,0,8.74
2/15/2026,23:45, ,gtmpiwq_20H100465_020426_050000.bin,Pine Island,GTMNERR,0,43.063,0,27.77,0,2.851,0,98.8,0,8.05,0,56.69,18.86,7.77,0,-81.2,5.48,17.199,0,6.63,0,1.209,2.06,0,8.28
2/16/2026,0:00, ,gtmpiwq_20H100465_020426_050000.bin,Pine Island,GTMNERR,0,42.839,0,27.61,0,2.756,0,98.6,0,8.03,0,57.92,19.27,7.77,0,-80.8,5.47,17.262,0,6.51,0,1.203,2.05,0,8.23
2/16/2026,0:15, ,gtmpiwq_20H100465_020426_050000.bin,Pine Island,GTMNERR,0,42.594,0,27.44,0,2.658,0,98.1,0,7.99,0,58.75,19.54,7.76,0,-80.5,5.48,17.324,0,6.43,0,1.199,2.07,0,8.33
2/16/2026,0:30, ,gtmpiwq_20H100465_020426_050000.bin,Pine Island,GTMNERR,0,42.311,0,27.24,0,2.565,0,97.7,0,7.96,0,59.74,19.88,7.75,0,-80.1,5.47,17.307,0,7.41,0,1.197,2.05,0,8.25
2/16/2026,0:45, ,gtmpiwq_20H100465_020426_050000.bin,Pine Island,GTMNERR,0,42.007,0,27.02,0,2.474,0,97.1,0,7.93,0,60.96,20.28,7.75,0,-79.7,5.48,17.261,0,6.57,0,1.193,1.93,0,7.78
2/16/2026,1:00, ,gtmpiwq_20H100465_020426_050000.bin,Pine Island,GTMNERR,0,41.73,0,26.82,0,2.397,0,96.8,0,7.92,0,61.97,20.62,7.74,0,-79.3,5.48,17.242,0,6.87,0,1.201,1.97,0,7.93
2/16/2026,1:15, ,gtmpiwq_20H100465_020426_050000.bin,Pine Island,GTMNERR,0,41.474,0,26.64,0,2.32,0,96.2,0,7.88,0,62.92,20.94,7.73,0,-78.9,5.48,17.234,0,7.2,0,1.212,2.09,0,8.39
2/16/2026,1:30, ,gtmpiwq_20H100465_020426_050000.bin,Pine Island,GTMNERR,0,41.238,0,26.47,0,2.259,0,95.5,0,7.83,0,63.61,21.17,7.73,0,-78.6,5.48,17.228,0,6.97,0,1.204,2.05,0,8.23
2/16/2026,1:45, ,gtmpiwq_20H100465_020426_050000.bin,Pine Island,GTMNERR,0,41.033,0,26.33,0,2.186,0,95.1,0,7.81,0,64.67,21.52,7.72,0,-78.3,5.47,17.232,0,6.22,0,1.195,2.05,0,8.24
2/16/2026,2:00, ,gtmpiwq_20H100465_020426_050000.bin,Pine Island,GTMNERR,0,40.849,0,26.2,0,2.137,0,95.1,0,7.81,0,65.22,21.7,7.72,0,-78,5.47,17.239,0,6.43,0,1.193,2.19,0,8.79
2/16/2026,2:15, ,gtmpiwq_20H100465_020426_050000.bin,Pine Island,GTMNERR,0,40.693,0,26.09,0,2.112,0,94.5,0,7.77,0,66.1,22,7.71,0,-77.7,5.48,17.249,0,6.11,0,1.201,2.3,0,9.25
2/16/2026,2:30, ,gtmpiwq_20H100465_020426_050000.bin,Pine Island,GTMNERR,0,40.614,0,26.03,0,2.119,0,93.1,0,7.65,0,65.89,21.93,7.71,0,-77.4,5.47,17.253,0,4.51,0,1.201,2.22,0,8.91
2/16/2026,2:45, ,gtmpiwq_20H100465_020426_050000.bin,Pine Island,GTMNERR,0,40.594,0,26.02,0,2.177,0,94.2,0,7.74,0,66.95,22.28,7.71,0,-77.4,5.48,17.259,0,3.58,0,1.196,2.11,0,8.47
2/16/2026,3:00, ,gtmpiwq_20H100465_020426_050000.bin,Pine Island,GTMNERR,0,41.007,0,26.31,0,2.242,0,94.5,0,7.76,0,64.8,21.56,7.71,0,-77.6,5.47,17.245,0,4,0,1.201,1.99,0,8.02
2/16/2026,3:15, ,gtmpiwq_20H100465_020426_050000.bin,Pine Island,GTMNERR,0,41.407,0,26.59,0,2.307,0,94.7,0,7.77,0,63.21,21.03,7.73,0,-78.4,5.47,17.199,0,4.65,0,1.204,2.06,0,8.28
2/16/2026,3:30, ,gtmpiwq_20H100465_020426_050000.bin,Pine Island,GTMNERR,0,41.306,0,26.52,0,2.383,0,94.8,0,7.77,0,63.9,21.27,7.72,0,-78.2,5.48,17.21,0,4.53,0,1.208,2.13,0,8.55
2/16/2026,3:45, ,gtmpiwq_20H100465_020426_050000.bin,Pine Island,GTMNERR,0,41.365,0,26.56,0,2.461,0,94.8,0,7.77,0,63.5,21.13,7.72,0,-78,5.47,17.205,0,6.65,0,1.202,2.14,0,8.62
2/16/2026,4:00, ,gtmpiwq_20H100465_020426_050000.bin,Pine Island,GTMNERR,0,41.732,0,26.82,0,2.548,0,94.6,0,7.75,0,62.17,20.69,7.73,0,-78.4,5.48,17.193,0,6.45,0,1.2,1.78,0,7.16
2/16/2026,4:15, ,gtmpiwq_20H100465_020426_050000.bin,Pine Island,GTMNERR,0,41.902,0,26.95,0,2.642,0,94.9,0,7.77,0,62.06,20.65,7.73,0,-78.6,5.47,17.204,0,5.81,0,1.198,2.04,0,8.19
2/16/2026,4:30, ,gtmpiwq_20H100465_020426_050000.bin,Pine Island,GTMNERR,0,42.159,0,27.13,0,2.724,0,95.2,0,7.78,0,60.65,20.18,7.74,0,-79,5.47,17.193,0,6.08,0,1.199,2.34,0,9.41
2/16/2026,4:45, ,gtmpiwq_20H100465_020426_050000.bin,Pine Island,GTMNERR,0,42.592,0,27.44,0,2.805,0,95.2,0,7.78,0,58.49,19.46,7.75,0,-79.5,5.48,17.154,0,6.7,0,1.202,1.93,0,7.76
2/16/2026,5:00, ,gtmpiwq_20H100465_020426_050000.bin,Pine Island,GTMNERR,0,42.799,0,27.59,0,2.881,0,95.7,0,7.81,0,58.06,19.32,7.75,0,-79.9,5.47,17.141,0,5.52,0,1.204,2.43,0,9.75
2/16/2026,5:15, ,gtmpiwq_20H100465_020426_050000.bin,Pine Island,GTMNERR,0,42.929,0,27.68,0,2.957,0,95.4,0,7.79,0,57.25,19.05,7.75,0,-79.8,5.48,17.112,0,5.64,0,1.205,2.21,0,8.88
2/16/2026,5:30, ,gtmpiwq_20H100465_020426_050000.bin,Pine Island,GTMNERR,0,43.114,0,27.81,0,3.029,0,95.7,0,7.81,0,56.9,18.93,7.76,0,-80.1,5.47,17.086,0,6.19,0,1.204,2.15,0,8.65
2/16/2026,5:45, ,gtmpiwq_20H100465_020426_050000.bin,Pine Island,GTMNERR,0,43.273,0,27.92,0,3.095,0,95.6,0,7.8,0,56.38,18.76,7.76,0,-80.3,5.47,17.062,0,5.11,0,1.205,2.06,0,8.3
2/16/2026,6:00, ,gtmpiwq_20H100465_020426_050000.bin,Pine Island,GTMNERR,0,43.422,0,28.03,0,3.165,0,95.5,0,7.79,0,55.36,18.41,7.76,0,-80.3,5.48,17.043,0,5.9,0,1.207,2.05,0,8.25
2/16/2026,6:15, ,gtmpiwq_20H100465_020426_050000.bin,Pine Island,GTMNERR,0,43.727,0,28.25,0,3.233,0,95.6,0,7.79,0,54.38,18.09,7.76,0,-80.6,5.47,16.998,0,4.72,0,1.208,1.84,0,7.4
2/16/2026,6:30, ,gtmpiwq_20H100465_020426_050000.bin,Pine Island,GTMNERR,0,43.906,0,28.38,0,3.302,0,95.6,0,7.79,0,53.74,17.88,7.77,0,-80.9,5.47,16.965,0,4.36,0,1.209,1.94,0,7.79
2/16/2026,6:45, ,gtmpiwq_20H100465_020426_050000.bin,Pine Island,GTMNERR,0,44.142,0,28.55,0,3.369,0,95.8,0,7.81,0,52.75,17.54,7.77,0,-81.2,5.48,16.926,0,4.26,0,1.202,1.93,0,7.78
2/16/2026,7:00, ,gtmpiwq_20H100465_020426_050000.bin,Pine Island,GTMNERR,0,44.244,0,28.62,0,3.437,0,95.7,0,7.79,0,52.18,17.35,7.78,0,-81.3,5.47,16.903,0,4.84,0,1.194,1.97,0,7.93
2/16/2026,7:15, ,gtmpiwq_20H100465_020426_050000.bin,Pine Island,GTMNERR,0,44.67,0,28.93,0,3.498,0,95.9,0,7.81,0,50.28,16.72,7.79,0,-81.8,5.47,16.828,0,4.71,0,1.199,1.89,0,7.59
2/16/2026,7:30, ,gtmpiwq_20H100465_020426_050000.bin,Pine Island,GTMNERR,0,44.976,0,29.14,0,3.557,0,96.1,0,7.82,0,48.3,16.06,7.79,0,-82.3,5.48,16.771,0,4.99,0,1.198,1.56,0,6.28
2/16/2026,7:45, ,gtmpiwq_20H100465_020426_050000.bin,Pine Island,GTMNERR,0,45.189,0,29.3,0,3.614,0,96.1,0,7.82,0,47.61,15.83,7.8,0,-82.6,5.46,16.734,0,4.46,0,1.195,1.72,0,6.94
2/16/2026,8:00, ,gtmpiwq_20H100465_020426_050000.bin,Pine Island,GTMNERR,0,45.314,0,29.39,0,3.664,0,96,0,7.82,0,47.08,15.65,7.8,0,-82.7,5.47,16.721,0,5.22,0,1.197,1.76,0,7.1
2/16/2026,8:15, ,gtmpiwq_20H100465_020426_050000.bin,Pine Island,GTMNERR,0,45.503,0,29.52,0,3.711,0,96.1,0,7.81,0,46.26,15.38,7.8,0,-82.9,5.48,16.703,0,5.14,0,1.197,1.69,0,6.8
2/16/2026,8:30, ,gtmpiwq_20H100465_020426_050000.bin,Pine Island,GTMNERR,0,45.654,0,29.63,0,3.75,0,96.1,0,7.81,0,45.25,15.04,7.81,0,-83.1,5.46,16.686,0,5.8,0,1.196,1.81,0,7.28
2/16/2026,8:45, ,gtmpiwq_20H100465_020426_050000.bin,Pine Island,GTMNERR,0,45.861,0,29.78,0,3.783,0,96.1,0,7.81,0,44.04,14.64,7.81,0,-83.4,5.47,16.671,0,5.14,0,1.205,1.84,0,7.39
2/16/2026,9:00, ,gtmpiwq_20H100465_020426_050000.bin,Pine Island,GTMNERR,0,46.093,0,29.95,0,3.809,0,96.2,0,7.81,0,42.81,14.23,7.82,0,-83.7,5.48,16.661,0,5.76,0,1.209,2.07,0,8.34
2/16/2026,9:15, ,gtmpiwq_20H100465_020426_050000.bin,Pine Island,GTMNERR,0,46.397,0,30.17,0,3.828,0,96.4,0,7.82,0,41.61,13.83,7.82,0,-84,5.46,16.643,0,4.21,0,1.202,1.57,0,6.32
2/16/2026,9:30, ,gtmpiwq_20H100465_020426_050000.bin,Pine Island,GTMNERR,0,46.656,0,30.36,0,3.837,0,96.5,0,7.82,0,40.24,13.37,7.83,0,-84.4,5.47,16.617,0,3.92,0,1.193,1.81,0,7.3
2/16/2026,9:45, ,gtmpiwq_20H100465_020426_050000.bin,Pine Island,GTMNERR,0,46.729,0,30.41,0,3.836,0,96.2,0,7.8,0,39.83,13.23,7.83,0,-84.5,5.48,16.612,0,2.98,0,1.204,2.18,0,8.76
2/16/2026,10:00, ,gtmpiwq_20H100465_020426_050000.bin,Pine Island,GTMNERR,0,46.78,0,30.45,0,3.824,0,94.3,0,7.64,0,38.95,12.94,7.83,0,-84.4,5.47,16.608,0,3,0,1.209,1.86,0,7.48
2/16/2026,10:15, ,gtmpiwq_20H100465_020426_050000.bin,Pine Island,GTMNERR,0,46.748,0,30.42,0,3.79,0,94.2,0,7.64,0,38.62,12.83,7.83,0,-84.5,5.47,16.611,0,3.33,0,1.203,2.06,0,8.29
2/16/2026,10:30, ,gtmpiwq_20H100465_020426_050000.bin,Pine Island,GTMNERR,0,46.555,0,30.28,0,3.742,0,96,0,7.78,0,40.81,13.56,7.82,0,-84.1,5.46,16.627,0,3.24,0,1.2,2.07,0,8.32
2/16/2026,10:45, ,gtmpiwq_20H100465_020426_050000.bin,Pine Island,GTMNERR,0,46.285,0,30.09,0,3.686,0,96.2,0,7.81,0,42.48,14.12,7.82,0,-83.9,5.47,16.658,0,4.29,0,1.195,1.61,0,6.49
2/16/2026,11:00, ,gtmpiwq_20H100465_020426_050000.bin,Pine Island,GTMNERR,0,45.861,0,29.78,0,3.63,0,96.3,0,7.82,0,44.23,14.7,7.81,0,-83.5,5.47,16.696,0,5.45,0,1.194,1.64,0,6.62
2/16/2026,11:15, ,gtmpiwq_20H100465_020426_050000.bin,Pine Island,GTMNERR,0,45.035,0,29.19,0,3.565,0,96,0,7.81,0,48.04,15.97,7.8,0,-82.5,5.47,16.795,0,5.48,0,1.196,1.59,0,6.41
2/16/2026,11:30, ,gtmpiwq_20H100465_020426_050000.bin,Pine Island,GTMNERR,0,44.694,0,28.94,0,3.502,0,95.9,0,7.8,0,49.6,16.49,7.79,0,-82.2,5.47,16.831,0,5.36,0,1.206,1.74,0,7.01
2/16/2026,11:45, ,gtmpiwq_20H100465_020426_050000.bin,Pine Island,GTMNERR,0,44.247,0,28.62,0,3.428,0,95.7,0,7.79,0,51.85,17.24,7.78,0,-81.6,5.46,16.898,0,4.57,0,1.207,1.66,0,6.67
2/16/2026,12:00, ,gtmpiwq_20H100465_020426_050000.bin,Pine Island,GTMNERR,0,44.056,0,28.48,0,3.361,0,95.4,0,7.78,0,52.61,17.5,7.78,0,-81.4,5.47,16.931,0,4.8,0,1.207,1.73,0,6.98
2/16/2026,12:15, ,gtmpiwq_20H100465_020426_050000.bin,Pine Island,GTMNERR,0,43.759,0,28.27,0,3.292,0,95.3,0,7.77,0,53.28,17.72,7.77,0,-81,5.48,16.97,0,7.42,0,1.207,1.85,0,7.44
2/16/2026,12:30, ,gtmpiwq_20H100465_020426_050000.bin,Pine Island,GTMNERR,0,43.594,0,28.15,0,3.217,0,95.2,0,7.76,0,54.38,18.09,7.77,0,-80.8,5.46,16.997,0,6.25,0,1.209,1.93,0,7.75
2/16/2026,12:45, ,gtmpiwq_20H100465_020426_050000.bin,Pine Island,GTMNERR,0,43.25,0,27.91,0,3.137,0,95.1,0,7.76,0,55.78,18.56,7.76,0,-80.4,5.47,17.038,0,6.26,0,1.211,1.99,0,7.99
2/16/2026,13:00, ,gtmpiwq_20H100465_020426_050000.bin,Pine Island,GTMNERR,0,43.006,0,27.73,0,3.062,0,94.7,0,7.73,0,57.01,18.97,7.75,0,-80,5.46,17.06,0,5.94,0,1.21,1.9,0,7.63
2/16/2026,13:15, ,gtmpiwq_20H100465_020426_050000.bin,Pine Island,GTMNERR,0,42.7,0,27.51,0,2.981,0,94.7,0,7.74,0,58.09,19.32,7.75,0,-79.7,5.47,17.087,0,6.14,0,1.207,1.78,0,7.14
2/16/2026,13:30, ,gtmpiwq_20H100465_020426_050000.bin,Pine Island,GTMNERR,0,42.294,0,27.22,0,2.891,0,94.5,0,7.73,0,59.48,19.79,7.74,0,-79.2,5.47,17.123,0,6.56,0,1.205,1.87,0,7.52
2/16/2026,13:45, ,gtmpiwq_20H100465_020426_050000.bin,Pine Island,GTMNERR,0,41.941,0,26.97,0,2.817,0,94.2,0,7.72,0,60.98,20.29,7.73,0,-78.6,5.47,17.146,0,6.8,0,1.202,1.92,0,7.73
2/16/2026,14:00, ,gtmpiwq_20H100465_020426_050000.bin,Pine Island,GTMNERR,0,41.646,0,26.76,0,2.734,0,94.2,0,7.72,0,61.81,20.56,7.73,0,-78.3,5.47,17.159,0,7.05,0,1.202,1.92,0,7.72
2/16/2026,14:15, ,gtmpiwq_20H100465_020426_050000.bin,Pine Island,GTMNERR,0,41.399,0,26.59,0,2.654,0,94,0,7.71,0,62.66,20.85,7.72,0,-77.9,5.46,17.176,0,8.01,0,1.201,2.06,0,8.3
2/16/2026,14:30, ,gtmpiwq_20H100465_020426_050000.bin,Pine Island,GTMNERR,0,41.147,0,26.41,0,2.577,0,93.4,0,7.67,0,63.8,21.23,7.71,0,-77.3,5.47,17.186,0,7.28,0,1.198,2.04,0,8.19
2/16/2026,14:45, ,gtmpiwq_20H100465_020426_050000.bin,Pine Island,GTMNERR,0,40.938,0,26.26,0,2.519,0,93.5,0,7.69,0,64.94,21.61,7.7,0,-77,5.47,17.194,0,7.44,0,1.196,2.21,0,8.9
2/16/2026,15:00, ,gtmpiwq_20H100465_020426_050000.bin,Pine Island,GTMNERR,0,40.724,0,26.11,0,2.474,0,93.2,0,7.67,0,65.55,21.81,7.69,0,-76.5,5.46,17.2,0,7.05,0,1.192,2.27,0,9.12
2/16/2026,15:15, ,gtmpiwq_20H100465_020426_050000.bin,Pine Island,GTMNERR,0,40.584,0,26.01,0,2.467,0,93.1,0,7.66,0,66.22,22.04,7.69,0,-76.5,5.47,17.203,0,7.07,0,1.196,2.09,0,8.42
2/16/2026,15:30, ,gtmpiwq_20H100465_020426_050000.bin,Pine Island,GTMNERR,0,40.502,0,25.95,0,2.483,0,91.6,0,7.54,0,66.12,22.01,7.69,0,-76.1,5.46,17.203,0,4.45,0,1.206,2.71,0,10.9
2/16/2026,15:45, ,gtmpiwq_20H100465_020426_050000.bin,Pine Island,GTMNERR,0,40.441,0,25.91,0,2.535,0,92.5,0,7.61,0,67.33,22.41,7.68,0,-75.5,5.46,17.212,0,3.78,0,1.211,2.73,0,10.95
2/16/2026,16:00, ,gtmpiwq_20H100465_020426_050000.bin,Pine Island,GTMNERR,0,41.124,0,26.39,0,2.603,0,94.1,0,7.73,0,64.19,21.36,7.7,0,-77,5.47,17.152,0,5.49,0,1.201,2.22,0,8.94
2/16/2026,16:15, ,gtmpiwq_20H100465_020426_050000.bin,Pine Island,GTMNERR,0,41.45,0,26.62,0,2.683,0,94.4,0,7.75,0,62.27,20.72,7.72,0,-77.7,5.46,17.124,0,7.43,0,1.195,2.32,0,9.3
2/16/2026,16:30, ,gtmpiwq_20H100465_020426_050000.bin,Pine Island,GTMNERR,0,41.421,0,26.6,0,2.761,0,94.5,0,7.76,0,62.9,20.93,7.71,0,-77.6,5.47,17.123,0,6.47,0,1.198,2.22,0,8.93
2/16/2026,16:45, ,gtmpiwq_20H100465_020426_050000.bin,Pine Island,GTMNERR,0,41.685,0,26.79,0,2.841,0,95,0,7.8,0,61.31,20.4,7.72,0,-78.1,5.46,17.075,0,8.91,0,1.198,2.39,0,9.62
2/16/2026,17:00, ,gtmpiwq_20H100465_020426_050000.bin,Pine Island,GTMNERR,0,41.974,0,27,0,2.917,0,95.4,0,7.82,0,61.02,20.3,7.73,0,-78.7,5.47,17.04,0,6.56,0,1.204,2.72,0,10.92
2/16/2026,17:15, ,gtmpiwq_20H100465_020426_050000.bin,Pine Island,GTMNERR,0,42.262,0,27.2,0,2.993,0,95.5,0,7.83,0,59.9,19.93,7.74,0,-79.1,5.47,17.023,0,6.64,0,1.211,2.84,0,11.42
2/16/2026,17:30, ,gtmpiwq_20H100465_020426_050000.bin,Pine Island,GTMNERR,0,42.744,0,27.54,0,3.069,0,96,0,7.87,0,58.34,19.41,7.75,0,-79.6,5.46,16.927,0,5.4,0,1.206,2.15,0,8.66
2/16/2026,17:45, ,gtmpiwq_20H100465_020426_050000.bin,Pine Island,GTMNERR,0,42.964,0,27.7,0,3.149,0,96.1,0,7.87,0,57.14,19.01,7.75,0,-79.9,5.47,16.909,0,6.27,0,1.2,2.16,0,8.67
2/16/2026,18:00, ,gtmpiwq_20H100465_020426_050000.bin,Pine Island,GTMNERR,0,43.335,0,27.97,0,3.228,0,96.2,0,7.88,0,55.79,18.56,7.76,0,-80.1,5.46,16.853,0,5.57,0,1.194,2.3,0,9.25
2/16/2026,18:15, ,gtmpiwq_20H100465_020426_050000.bin,Pine Island,GTMNERR,0,43.412,0,28.02,0,3.307,0,96.1,0,7.86,0,55.05,18.31,7.76,0,-80.3,5.46,16.865,0,8.25,0,1.193,2.57,0,10.32
2/16/2026,18:30, ,gtmpiwq_20H100465_020426_050000.bin,Pine Island,GTMNERR,0,43.654,0,28.2,0,3.381,0,96.3,0,7.88,0,54.47,18.12,7.76,0,-80.6,5.47,16.822,0,6.25,0,1.192,2.44,0,9.81
2/16/2026,18:45, ,gtmpiwq_20H100465_020426_050000.bin,Pine Island,GTMNERR,0,43.848,0,28.33,0,3.453,0,96.3,0,7.88,0,53.33,17.74,7.77,0,-80.9,5.46,16.806,0,7.03,0,1.195,2.49,0,10.01
2/16/2026,19:00, ,gtmpiwq_20H100465_020426_050000.bin,Pine Island,GTMNERR,0,44.219,0,28.6,0,3.515,0,96.3,0,7.87,0,51.75,17.21,7.77,0,-81.1,5.47,16.771,0,7.19,0,1.205,2.5,0,10.03
2/16/2026,19:15, ,gtmpiwq_20H100465_020426_050000.bin,Pine Island,GTMNERR,0,44.466,0,28.78,0,3.577,0,97,0,7.92,0,51.34,17.07,7.79,0,-81.9,5.46,16.705,0,4.83,0,1.201,2.31,0,9.29
2/16/2026,19:30, ,gtmpiwq_20H100465_020426_050000.bin,Pine Island,GTMNERR,0,44.633,0,28.9,0,3.636,0,97.1,0,7.93,0,50.58,16.82,7.79,0,-82.1,5.48,16.691,0,4.49,0,1.201,2.29,0,9.21
2/16/2026,19:45, ,gtmpiwq_20H100465_020426_050000.bin,Pine Island,GTMNERR,0,44.919,0,29.1,0,3.691,0,97.2,0,7.94,0,49.16,16.34,7.8,0,-82.6,5.46,16.641,0,5.06,0,1.206,2.39,0,9.6
2/16/2026,20:00, ,gtmpiwq_20H100465_020426_050000.bin,Pine Island,GTMNERR,0,45.179,0,29.29,0,3.743,0,97.3,0,7.94,0,47.92,15.93,7.8,0,-82.8,5.47,16.604,0,4.83,0,1.208,2.32,0,9.31
2/16/2026,20:15, ,gtmpiwq_20H100465_020426_050000.bin,Pine Island,GTMNERR,0,45.351,0,29.41,0,3.787,0,97.1,0,7.92,0,46.98,15.62,7.81,0,-83,5.45,16.592,0,5.12,0,1.205,2.46,0,9.9
2/16/2026,20:30, ,gtmpiwq_20H100465_020426_050000.bin,Pine Island,GTMNERR,0,45.58,0,29.58,0,3.826,0,97,0,7.91,0,45.96,15.28,7.81,0,-83.1,5.46,16.57,0,5.04,0,1.206,2.43,0,9.76
2/16/2026,20:45, ,gtmpiwq_20H100465_020426_050000.bin,Pine Island,GTMNERR,0,45.818,0,29.75,0,3.858,0,96.9,0,7.89,0,44.71,14.86,7.81,0,-83.4,5.47,16.553,0,4.91,0,1.207,2.36,0,9.5
2/16/2026,21:00, ,gtmpiwq_20H100465_020426_050000.bin,Pine Island,GTMNERR,0,46.009,0,29.89,0,3.884,0,96.7,0,7.88,0,43.6,14.49,7.82,0,-83.7,5.46,16.536,0,5.95,0,1.21,2.46,0,9.88
2/16/2026,21:15, ,gtmpiwq_20H100465_020426_050000.bin,Pine Island,GTMNERR,0,46.169,0,30,0,3.902,0,97,0,7.89,0,42.83,14.24,7.82,0,-84,5.46,16.51,0,5.27,0,1.207,2.65,0,10.63
2/16/2026,21:30, ,gtmpiwq_20H100465_020426_050000.bin,Pine Island,GTMNERR,0,46.391,0,30.16,0,3.913,0,97,0,7.89,0,41.58,13.82,7.83,0,-84.3,5.47,16.484,0,4.14,0,1.209,2.28,0,9.18
2/16/2026,21:45, ,gtmpiwq_20H100465_020426_050000.bin,Pine Island,GTMNERR,0,46.512,0,30.25,0,3.912,0,96.8,0,7.87,0,41.13,13.67,7.83,0,-84.5,5.45,16.457,0,4.71,0,1.209,2.11,0,8.48
2/16/2026,22:00, ,gtmpiwq_20H100465_020426_050000.bin,Pine Island,GTMNERR,0,46.571,0,30.29,0,3.902,0,95.1,0,7.74,0,39.84,13.23,7.83,0,-84.3,5.46,16.458,0,3.12,0,1.209,2.7,0,10.86
2/16/2026,22:15, ,gtmpiwq_20H100465_020426_050000.bin,Pine Island,GTMNERR,0,46.592,0,30.31,0,3.872,0,93.9,0,7.64,0,39.48,13.12,7.83,0,-84.3,5.46,16.455,0,3.48,0,1.206,2.09,0,8.41
2/16/2026,22:30, ,gtmpiwq_20H100465_020426_050000.bin,Pine Island,GTMNERR,0,46.511,0,30.25,0,3.83,0,95.1,0,7.74,0,40.71,13.53,7.83,0,-84.4,5.47,16.462,0,3.49,0,1.205,2.33,0,9.35
2/16/2026,22:45, ,gtmpiwq_20H100465_020426_050000.bin,Pine Island,GTMNERR,0,46.259,0,30.07,0,3.78,0,96.5,0,7.86,0,42.53,14.13,7.82,0,-84,5.45,16.493,0,3.51,0,1.205,2.31,0,9.3
2/16/2026,23:00, ,gtmpiwq_20H100465_020426_050000.bin,Pine Island,GTMNERR,0,45.865,0,29.78,0,3.73,0,96.5,0,7.87,0,44.67,14.85,7.82,0,-83.6,5.46,16.486,0,4.59,0,1.206,2.01,0,8.1
2/16/2026,23:15, ,gtmpiwq_20H100465_020426_050000.bin,Pine Island,GTMNERR,0,45.602,0,29.59,0,3.677,0,96.4,0,7.87,0,45.71,15.2,7.81,0,-83.2,5.47,16.514,0,6.12,0,1.201,2.17,0,8.71
2/16/2026,23:30, ,gtmpiwq_20H100465_020426_050000.bin,Pine Island,GTMNERR,0,44.904,0,29.09,0,3.618,0,95.9,0,7.85,0,48.98,16.29,7.8,0,-82.4,5.46,16.509,0,5.61,0,1.204,2.02,0,8.11
2/16/2026,23:45, ,gtmpiwq_20H100465_020426_050000.bin,Pine Island,GTMNERR,0,44.405,0,28.73,0,3.556,0,95.5,0,7.84,0,51.36,17.08,7.79,0,-81.8,5.46,16.494,0,6.28,0,1.21,2.18,0,8.77
2/17/2026,0:00, ,gtmpiwq_20H100465_020426_050000.bin,Pine Island,GTMNERR,0,44.031,0,28.46,0,3.487,0,95.2,0,7.83,0,53.69,17.86,7.78,0,-81.2,5.45,16.49,0,4.86,0,1.205,2.05,0,8.26
2/17/2026,0:15, ,gtmpiwq_20H100465_020426_050000.bin,Pine Island,GTMNERR,0,43.849,0,28.33,0,3.419,0,94.9,0,7.81,0,54.29,18.06,7.77,0,-81,5.46,16.487,0,4.88,0,1.197,1.97,0,7.92
2/17/2026,0:30, ,gtmpiwq_20H100465_020426_050000.bin,Pine Island,GTMNERR,0,43.64,0,28.18,0,3.346,0,94.7,0,7.8,0,54.72,18.2,7.77,0,-80.7,5.46,16.494,0,5.99,0,1.196,2.04,0,8.2
2/17/2026,0:45, ,gtmpiwq_20H100465_020426_050000.bin,Pine Island,GTMNERR,0,43.443,0,28.04,0,3.271,0,94.6,0,7.8,0,55.87,18.58,7.76,0,-80.4,5.46,16.499,0,6.43,0,1.204,2,0,8.06
2/17/2026,1:00, ,gtmpiwq_20H100465_020426_050000.bin,Pine Island,GTMNERR,0,43.245,0,27.9,0,3.199,0,94.3,0,7.78,0,56.61,18.83,7.76,0,-80.1,5.46,16.491,0,6.53,0,1.205,2.06,0,8.28
2/17/2026,1:15, ,gtmpiwq_20H100465_020426_050000.bin,Pine Island,GTMNERR,0,43.02,0,27.74,0,3.119,0,94,0,7.76,0,57.67,19.18,7.75,0,-79.8,5.45,16.476,0,6.71,0,1.209,2.02,0,8.13
2/17/2026,1:30, ,gtmpiwq_20H100465_020426_050000.bin,Pine Island,GTMNERR,0,42.764,0,27.55,0,3.042,0,93.6,0,7.74,0,58.65,19.51,7.74,0,-79.4,5.46,16.454,0,6.73,0,1.21,2.05,0,8.23
2/17/2026,1:45, ,gtmpiwq_20H100465_020426_050000.bin,Pine Island,GTMNERR,0,42.467,0,27.34,0,2.96,0,93.1,0,7.71,0,59.9,19.93,7.74,0,-78.9,5.47,16.44,0,7.29,0,1.207,1.96,0,7.89
2/17/2026,2:00, ,gtmpiwq_20H100465_020426_050000.bin,Pine Island,GTMNERR,0,42.12,0,27.09,0,2.874,0,92,0,7.64,0,61.6,20.5,7.72,0,-77.9,5.45,16.366,0,6.6,0,1.207,1.96,0,7.89
2/17/2026,2:15, ,gtmpiwq_20H100465_020426_050000.bin,Pine Island,GTMNERR,0,41.828,0,26.89,0,2.79,0,90.9,0,7.57,0,62.76,20.88,7.7,0,-77,5.46,16.306,0,6.87,0,1.203,1.82,0,7.31
2/17/2026,2:30, ,gtmpiwq_20H100465_020426_050000.bin,Pine Island,GTMNERR,0,41.566,0,26.7,0,2.713,0,90.2,0,7.53,0,63.85,21.25,7.69,0,-76.4,5.45,16.283,0,6.64,0,1.202,1.78,0,7.16
2/17/2026,2:45, ,gtmpiwq_20H100465_020426_050000.bin,Pine Island,GTMNERR,0,41.328,0,26.53,0,2.639,0,89.7,0,7.5,0,64.84,21.58,7.69,0,-75.9,5.46,16.237,0,7.63,0,1.201,1.95,0,7.82
2/17/2026,3:00, ,gtmpiwq_20H100465_020426_050000.bin,Pine Island,GTMNERR,0,41.129,0,26.39,0,2.578,0,89,0,7.45,0,65.85,21.91,7.68,0,-75.3,5.46,16.199,0,6.92,0,1.2,1.92,0,7.74
2/17/2026,3:15, ,gtmpiwq_20H100465_020426_050000.bin,Pine Island,GTMNERR,0,40.973,0,26.28,0,2.532,0,88.7,0,7.43,0,66.56,22.15,7.67,0,-74.9,5.45,16.184,0,7.16,0,1.201,1.83,0,7.35
2/17/2026,3:30, ,gtmpiwq_20H100465_020426_050000.bin,Pine Island,GTMNERR,0,40.858,0,26.2,0,2.515,0,88.3,0,7.41,0,67.34,22.41,7.67,0,-74.7,5.46,16.166,0,5.93,0,1.199,1.94,0,7.81
2/17/2026,3:45, ,gtmpiwq_20H100465_020426_050000.bin,Pine Island,GTMNERR,0,40.804,0,26.16,0,2.538,0,86.3,0,7.24,0,67.46,22.45,7.66,0,-74.4,5.45,16.162,0,3.44,0,1.201,2.02,0,8.13
2/17/2026,4:00, ,gtmpiwq_20H100465_020426_050000.bin,Pine Island,GTMNERR,0,40.874,0,26.21,0,2.592,0,88.4,0,7.42,0,67.62,22.5,7.66,0,-74.3,5.45,16.151,0,3.96,0,1.2,1.84,0,7.39
2/17/2026,4:15, ,gtmpiwq_20H100465_020426_050000.bin,Pine Island,GTMNERR,0,41.839,0,26.89,0,2.666,0,89.2,0,7.47,0,62.99,20.96,7.69,0,-76.1,5.46,16.033,0,6.11,0,1.201,2.07,0,8.32
2/17/2026,4:30, ,gtmpiwq_20H100465_020426_050000.bin,Pine Island,GTMNERR,0,41.877,0,26.92,0,2.746,0,89.7,0,7.5,0,62.39,20.76,7.7,0,-76.5,5.45,16.115,0,7.37,0,1.204,2.19,0,8.82
2/17/2026,4:45, ,gtmpiwq_20H100465_020426_050000.bin,Pine Island,GTMNERR,0,41.957,0,26.98,0,2.83,0,90.2,0,7.53,0,62.28,20.72,7.7,0,-76.7,5.46,16.161,0,7.06,0,1.203,2.04,0,8.2
2/17/2026,5:00, ,gtmpiwq_20H100465_020426_050000.bin,Pine Island,GTMNERR,0,42.213,0,27.16,0,2.913,0,90.4,0,7.55,0,61.79,20.56,7.71,0,-77,5.45,16.122,0,5.98,0,1.202,2.11,0,8.46
2/17/2026,5:15, ,gtmpiwq_20H100465_020426_050000.bin,Pine Island,GTMNERR,0,42.464,0,27.34,0,2.993,0,90.9,0,7.58,0,60.41,20.1,7.71,0,-77.5,5.45,16.142,0,6.66,0,1.202,2.09,0,8.41
2/17/2026,5:30, ,gtmpiwq_20H100465_020426_050000.bin,Pine Island,GTMNERR,0,42.851,0,27.61,0,3.07,0,90.9,0,7.57,0,58.86,19.58,7.72,0,-77.8,5.46,16.067,0,7.26,0,1.203,2.05,0,8.24
2/17/2026,5:45, ,gtmpiwq_20H100465_020426_050000.bin,Pine Island,GTMNERR,0,43.167,0,27.84,0,3.143,0,91.2,0,7.59,0,57.8,19.23,7.73,0,-78.2,5.45,16.062,0,5.85,0,1.208,1.92,0,7.71
2/17/2026,6:00, ,gtmpiwq_20H100465_020426_050000.bin,Pine Island,GTMNERR,0,43.459,0,28.05,0,3.22,0,91,0,7.57,0,56.74,18.87,7.73,0,-78.3,5.45,15.983,0,5.07,0,1.211,1.92,0,7.74
2/17/2026,6:15, ,gtmpiwq_20H100465_020426_050000.bin,Pine Island,GTMNERR,0,43.607,0,28.15,0,3.295,0,91.2,0,7.58,0,55.53,18.47,7.73,0,-78.7,5.45,16.035,0,6.72,0,1.204,2.1,0,8.44
2/17/2026,6:30, ,gtmpiwq_20H100465_020426_050000.bin,Pine Island,GTMNERR,0,43.803,0,28.29,0,3.367,0,91.6,0,7.6,0,55.05,18.31,7.74,0,-79.1,5.45,16.032,0,6.27,0,1.199,1.98,0,7.94
2/17/2026,6:45, ,gtmpiwq_20H100465_020426_050000.bin,Pine Island,GTMNERR,0,44.047,0,28.47,0,3.44,0,91.6,0,7.61,0,54.04,17.97,7.75,0,-79.4,5.46,16.007,0,5.99,0,1.207,1.9,0,7.64
2/17/2026,7:00, ,gtmpiwq_20H100465_020426_050000.bin,Pine Island,GTMNERR,0,44.36,0,28.69,0,3.509,0,91.4,0,7.59,0,52.73,17.54,7.75,0,-79.6,5.45,15.946,0,5.45,0,1.206,1.84,0,7.42
2/17/2026,7:15, ,gtmpiwq_20H100465_020426_050000.bin,Pine Island,GTMNERR,0,44.533,0,28.82,0,3.58,0,92,0,7.62,0,51.82,17.23,7.76,0,-80.1,5.45,15.958,0,5.73,0,1.204,1.87,0,7.53
2/17/2026,7:30, ,gtmpiwq_20H100465_020426_050000.bin,Pine Island,GTMNERR,0,44.604,0,28.87,0,3.65,0,92,0,7.63,0,51.54,17.14,7.76,0,-80.3,5.44,15.956,0,5.77,0,1.194,1.46,0,5.89
2/17/2026,7:45, ,gtmpiwq_20H100465_020426_050000.bin,Pine Island,GTMNERR,0,45.031,0,29.17,0,3.71,0,92.3,0,7.64,0,49.42,16.43,7.77,0,-81,5.45,15.936,0,5.51,0,1.199,1.7,0,6.85
2/17/2026,8:00, ,gtmpiwq_20H100465_020426_050000.bin,Pine Island,GTMNERR,0,45.372,0,29.42,0,3.767,0,92.4,0,7.64,0,47.64,15.84,7.78,0,-81.4,5.45,15.92,0,5.52,0,1.198,1.96,0,7.87
2/17/2026,8:15, ,gtmpiwq_20H100465_020426_050000.bin,Pine Island,GTMNERR,0,45.591,0,29.58,0,3.823,0,92.3,0,7.62,0,46.62,15.5,7.78,0,-81.6,5.45,15.904,0,5.78,0,1.205,1.92,0,7.74
2/17/2026,8:30, ,gtmpiwq_20H100465_020426_050000.bin,Pine Island,GTMNERR,0,45.938,0,29.83,0,3.871,0,92.6,0,7.64,0,44.58,14.82,7.79,0,-82.1,5.45,15.881,0,5.56,0,1.211,1.94,0,7.82
2/17/2026,8:45, ,gtmpiwq_20H100465_020426_050000.bin,Pine Island,GTMNERR,0,46.145,0,29.98,0,3.915,0,92.7,0,7.65,0,43.53,14.47,7.8,0,-82.5,5.44,15.87,0,5.91,0,1.205,1.87,0,7.52
2/17/2026,9:00, ,gtmpiwq_20H100465_020426_050000.bin,Pine Island,GTMNERR,0,46.486,0,30.22,0,3.955,0,93.1,0,7.67,0,41.7,13.86,7.81,0,-83,5.45,15.861,0,5.12,0,1.201,1.76,0,7.07
2/17/2026,9:15, ,gtmpiwq_20H100465_020426_050000.bin,Pine Island,GTMNERR,0,46.716,0,30.39,0,3.995,0,93.2,0,7.67,0,40.45,13.44,7.82,0,-83.4,5.45,15.846,0,5.15,0,1.205,1.8,0,7.26
2/17/2026,9:30, ,gtmpiwq_20H100465_020426_050000.bin,Pine Island,GTMNERR,0,47.045,0,30.63,0,4.023,0,93.6,0,7.69,0,38.84,12.9,7.82,0,-84,5.45,15.837,0,5.01,0,1.201,1.93,0,7.77
2/17/2026,9:45, ,gtmpiwq_20H100465_020426_050000.bin,Pine Island,GTMNERR,0,47.305,0,30.82,0,4.049,0,93.7,0,7.7,0,37.44,12.43,7.83,0,-84.4,5.45,15.817,0,5.19,0,1.196,1.59,0,6.39
2/17/2026,10:00, ,gtmpiwq_20H100465_020426_050000.bin,Pine Island,GTMNERR,0,47.637,0,31.06,0,4.064,0,93.9,0,7.71,0,35.65,11.84,7.84,0,-84.9,5.44,15.786,0,4.55,0,1.198,1.75,0,7.06
2/17/2026,10:15, ,gtmpiwq_20H100465_020426_050000.bin,Pine Island,GTMNERR,0,47.757,0,31.14,0,4.068,0,94.2,0,7.73,0,34.92,11.59,7.85,0,-85.3,5.45,15.794,0,4.33,0,1.202,2.03,0,8.18
2/17/2026,10:30, ,gtmpiwq_20H100465_020426_050000.bin,Pine Island,GTMNERR,0,47.871,0,31.23,0,4.058,0,93.9,0,7.7,0,34.29,11.39,7.85,0,-85.4,5.45,15.783,0,3.54,0,1.206,1.47,0,5.92
2/17/2026,10:45, ,gtmpiwq_20H100465_020426_050000.bin,Pine Island,GTMNERR,0,47.92,0,31.26,0,4.03,0,91.3,0,7.49,0,32.53,10.8,7.84,0,-85.1,5.45,15.783,0,3.32,0,1.209,2.03,0,8.18
2/17/2026,11:00, ,gtmpiwq_20H100465_020426_050000.bin,Pine Island,GTMNERR,0,47.877,0,31.23,0,3.984,0,93,0,7.62,0,33.29,11.05,7.85,0,-85.3,5.45,15.79,0,4.16,0,1.201,1.92,0,7.73
2/17/2026,11:15, ,gtmpiwq_20H100465_020426_050000.bin,Pine Island,GTMNERR,0,47.752,0,31.14,0,3.929,0,94.4,0,7.74,0,34.79,11.55,7.85,0,-85.3,5.44,15.812,0,3.51,0,1.194,1.86,0,7.47
2/17/2026,11:30, ,gtmpiwq_20H100465_020426_050000.bin,Pine Island,GTMNERR,0,47.423,0,30.9,0,3.874,0,94.2,0,7.73,0,36.83,12.23,7.84,0,-84.8,5.45,15.835,0,4.86,0,1.195,1.8,0,7.26
2/17/2026,11:45, ,gtmpiwq_20H100465_020426_050000.bin,Pine Island,GTMNERR,0,46.999,0,30.6,0,3.818,0,94.7,0,7.77,0,39.15,13.01,7.83,0,-84.4,5.45,15.901,0,4.69,0,1.203,1.73,0,6.98
2/17/2026,12:00, ,gtmpiwq_20H100465_020426_050000.bin,Pine Island,GTMNERR,0,46.337,0,30.12,0,3.762,0,94.1,0,7.74,0,42.63,14.17,7.81,0,-83.3,5.44,15.949,0,5.17,0,1.205,1.78,0,7.15
2/17/2026,12:15, ,gtmpiwq_20H100465_020426_050000.bin,Pine Island,GTMNERR,0,45.851,0,29.77,0,3.696,0,93.8,0,7.73,0,45.12,15,7.8,0,-82.6,5.44,15.978,0,5.18,0,1.205,1.73,0,6.98
2/17/2026,12:30, ,gtmpiwq_20H100465_020426_050000.bin,Pine Island,GTMNERR,0,45.01,0,29.16,0,3.627,0,94,0,7.75,0,49,16.29,7.78,0,-81.7,5.45,16.11,0,4.65,0,1.21,1.76,0,7.09
2/17/2026,12:45, ,gtmpiwq_20H100465_020426_050000.bin,Pine Island,GTMNERR,0,44.64,0,28.9,0,3.547,0,94.3,0,7.78,0,50.62,16.83,7.78,0,-81.2,5.44,16.2,0,4.74,0,1.21,1.69,0,6.81
2/17/2026,13:00, ,gtmpiwq_20H100465_020426_050000.bin,Pine Island,GTMNERR,0,44.617,0,28.88,0,3.462,0,93.9,0,7.75,0,50.71,16.86,7.77,0,-81.1,5.44,16.162,0,5.59,0,1.206,1.65,0,6.64
2/17/2026,13:15, ,gtmpiwq_20H100465_020426_050000.bin,Pine Island,GTMNERR,0,44.317,0,28.66,0,3.385,0,93.7,0,7.74,0,51.81,17.23,7.77,0,-80.7,5.45,16.2,0,7.15,0,1.204,1.73,0,6.96
2/17/2026,13:30, ,gtmpiwq_20H100465_020426_050000.bin,Pine Island,GTMNERR,0,43.964,0,28.41,0,3.297,0,94.1,0,7.77,0,53.2,17.69,7.76,0,-80.3,5.44,16.262,0,7.29,0,1.201,1.89,0,7.58
2/17/2026,13:45, ,gtmpiwq_20H100465_020426_050000.bin,Pine Island,GTMNERR,0,43.672,0,28.2,0,3.207,0,94.1,0,7.77,0,54.87,18.25,7.75,0,-79.8,5.44,16.314,0,5.97,0,1.201,1.83,0,7.37
2/17/2026,14:00, ,gtmpiwq_20H100465_020426_050000.bin,Pine Island,GTMNERR,0,43.358,0,27.98,0,3.121,0,94,0,7.77,0,56.15,18.68,7.74,0,-79.4,5.45,16.368,0,5.6,0,1.2,1.87,0,7.53
2/17/2026,14:15, ,gtmpiwq_20H100465_020426_050000.bin,Pine Island,GTMNERR,0,42.987,0,27.71,0,3.031,0,94.1,0,7.78,0,57.67,19.18,7.74,0,-78.9,5.45,16.429,0,5.8,0,1.196,1.87,0,7.54
2/17/2026,14:30, ,gtmpiwq_20H100465_020426_050000.bin,Pine Island,GTMNERR,0,42.675,0,27.49,0,2.935,0,94.5,0,7.81,0,58.84,19.57,7.73,0,-78.6,5.44,16.525,0,5.57,0,1.196,1.9,0,7.64
2/17/2026,14:45, ,gtmpiwq_20H100465_020426_050000.bin,Pine Island,GTMNERR,0,42.423,0,27.31,0,2.843,0,95.2,0,7.86,0,59.87,19.92,7.73,0,-78.4,5.45,16.627,0,5.98,0,1.195,1.9,0,7.66
2/17/2026,15:00, ,gtmpiwq_20H100465_020426_050000.bin,Pine Island,GTMNERR,0,42.214,0,27.16,0,2.75,0,95.2,0,7.86,0,60.51,20.13,7.72,0,-78.2,5.44,16.701,0,5.68,0,1.197,1.79,0,7.21
2/17/2026,15:15, ,gtmpiwq_20H100465_020426_050000.bin,Pine Island,GTMNERR,0,41.971,0,26.99,0,2.661,0,95.8,0,7.9,0,61.55,20.48,7.72,0,-77.8,5.44,16.788,0,5.26,0,1.208,1.91,0,7.7
2/17/2026,15:30, ,gtmpiwq_20H100465_020426_050000.bin,Pine Island,GTMNERR,0,41.764,0,26.85,0,2.582,0,96,0,7.91,0,62.25,20.71,7.71,0,-77.5,5.45,16.878,0,5.09,0,1.21,1.85,0,7.43
2/17/2026,15:45, ,gtmpiwq_20H100465_020426_050000.bin,Pine Island,GTMNERR,0,41.603,0,26.73,0,2.522,0,96.3,0,7.93,0,62.85,20.91,7.71,0,-77.3,5.44,16.975,0,5.32,0,1.201,2.11,0,8.48
2/17/2026,16:00, ,gtmpiwq_20H100465_020426_050000.bin,Pine Island,GTMNERR,0,41.469,0,26.64,0,2.471,0,96.4,0,7.92,0,63.54,21.14,7.71,0,-77.1,5.45,17.067,0,4.87,0,1.193,1.81,0,7.27
2/17/2026,16:15, ,gtmpiwq_20H100465_020426_050000.bin,Pine Island,GTMNERR,0,41.338,0,26.54,0,2.454,0,97.4,0,8,0,64.27,21.39,7.7,0,-76.9,5.44,17.139,0,5.28,0,1.198,1.95,0,7.86
2/17/2026,16:30, ,gtmpiwq_20H100465_020426_050000.bin,Pine Island,GTMNERR,0,41.285,0,26.51,0,2.478,0,96.7,0,7.93,0,64.23,21.37,7.7,0,-76.6,5.44,17.184,0,3.22,0,1.197,1.98,0,7.95
2/17/2026,16:45, ,gtmpiwq_20H100465_020426_050000.bin,Pine Island,GTMNERR,0,41.324,0,26.53,0,2.546,0,97.4,0,7.99,0,64.42,21.44,7.69,0,-76.4,5.45,17.159,0,4.73,0,1.196,2.09,0,8.41
2/17/2026,17:00, ,gtmpiwq_20H100465_020426_050000.bin,Pine Island,GTMNERR,0,41.96,0,26.99,0,2.631,0,99,0,8.1,0,61.45,20.45,7.72,0,-77.9,5.44,17.219,0,4.64,0,1.195,2.66,0,10.7
2/17/2026,17:15, ,gtmpiwq_20H100465_020426_050000.bin,Pine Island,GTMNERR,0,42.077,0,27.07,0,2.721,0,98.6,0,8.07,0,60.7,20.2,7.72,0,-78,5.45,17.157,0,6.02,0,1.196,2.24,0,9
2/17/2026,17:30, ,gtmpiwq_20H100465_020426_050000.bin,Pine Island,GTMNERR,0,42.194,0,27.15,0,2.805,0,98.7,0,8.08,0,59.8,19.9,7.72,0,-78.2,5.44,17.104,0,7.85,0,1.197,2.32,0,9.32
2/17/2026,17:45, ,gtmpiwq_20H100465_020426_050000.bin,Pine Island,GTMNERR,0,42.463,0,27.35,0,2.892,0,99.4,0,8.13,0,59.77,19.89,7.73,0,-78.4,5.44,17.146,0,5.14,0,1.2,2.21,0,8.89
2/17/2026,18:00, ,gtmpiwq_20H100465_020426_050000.bin,Pine Island,GTMNERR,0,42.656,0,27.48,0,2.974,0,98.7,0,8.08,0,58.87,19.58,7.73,0,-78.9,5.45,16.994,0,4.74,0,1.201,2.82,0,11.32
2/17/2026,18:15, ,gtmpiwq_20H100465_020426_050000.bin,Pine Island,GTMNERR,0,43.128,0,27.82,0,3.049,0,99.5,0,8.12,0,56.7,18.86,7.75,0,-79.6,5.44,17.024,0,5.59,0,1.202,1.95,0,7.86
2/17/2026,18:30, ,gtmpiwq_20H100465_020426_050000.bin,Pine Island,GTMNERR,0,43.333,0,27.97,0,3.128,0,99.2,0,8.1,0,56.08,18.65,7.75,0,-79.6,5.45,17.012,0,5.22,0,1.206,2.4,0,9.63
2/17/2026,18:45, ,gtmpiwq_20H100465_020426_050000.bin,Pine Island,GTMNERR,0,43.607,0,28.16,0,3.203,0,99.7,0,8.12,0,54.94,18.27,7.75,0,-79.8,5.44,17.053,0,5.17,0,1.209,2.06,0,8.29
2/17/2026,19:00, ,gtmpiwq_20H100465_020426_050000.bin,Pine Island,GTMNERR,0,43.774,0,28.28,0,3.275,0,99.1,0,8.08,0,54.52,18.14,7.75,0,-80,5.44,16.955,0,4.82,0,1.201,2.31,0,9.27
2/17/2026,19:15, ,gtmpiwq_20H100465_020426_050000.bin,Pine Island,GTMNERR,0,43.961,0,28.42,0,3.349,0,98.7,0,8.06,0,53.43,17.77,7.76,0,-80.3,5.45,16.866,0,4.85,0,1.195,2.31,0,9.29
2/17/2026,19:30, ,gtmpiwq_20H100465_020426_050000.bin,Pine Island,GTMNERR,0,44.151,0,28.55,0,3.421,0,98.8,0,8.06,0,52.29,17.39,7.76,0,-80.5,5.44,16.878,0,5.87,0,1.195,2.36,0,9.49
2/17/2026,19:45, ,gtmpiwq_20H100465_020426_050000.bin,Pine Island,GTMNERR,0,44.427,0,28.75,0,3.487,0,98.7,0,8.05,0,51.21,17.03,7.77,0,-80.8,5.45,16.841,0,6.08,0,1.197,2.35,0,9.44
2/17/2026,20:00, ,gtmpiwq_20H100465_020426_050000.bin,Pine Island,GTMNERR,0,44.723,0,28.96,0,3.552,0,99.5,0,8.09,0,49.94,16.61,7.78,0,-81.4,5.43,16.85,0,4.41,0,1.205,2.54,0,10.18
2/17/2026,20:15, ,gtmpiwq_20H100465_020426_050000.bin,Pine Island,GTMNERR,0,44.863,0,29.06,0,3.611,0,99.6,0,8.1,0,49.37,16.41,7.78,0,-81.7,5.44,16.843,0,4.84,0,1.206,2.39,0,9.61
2/17/2026,20:30, ,gtmpiwq_20H100465_020426_050000.bin,Pine Island,GTMNERR,0,45.209,0,29.31,0,3.666,0,99.8,0,8.11,0,47.49,15.79,7.79,0,-82.3,5.44,16.814,0,4.73,0,1.2,2.34,0,9.39
2/17/2026,20:45, ,gtmpiwq_20H100465_020426_050000.bin,Pine Island,GTMNERR,0,45.443,0,29.48,0,3.713,0,100,0,8.12,0,46.33,15.4,7.8,0,-82.6,5.44,16.815,0,4.73,0,1.192,2.34,0,9.41
2/17/2026,21:00, ,gtmpiwq_20H100465_020426_050000.bin,Pine Island,GTMNERR,0,45.607,0,29.6,0,3.761,0,99.7,0,8.1,0,45.55,15.14,7.8,0,-82.7,5.44,16.778,0,4.87,0,1.199,2.46,0,9.87
2/17/2026,21:15, ,gtmpiwq_20H100465_020426_050000.bin,Pine Island,GTMNERR,0,45.8,0,29.74,0,3.802,0,99.4,0,8.07,0,44.7,14.86,7.81,0,-83,5.43,16.723,0,5.14,0,1.203,2.34,0,9.4
2/17/2026,21:30, ,gtmpiwq_20H100465_020426_050000.bin,Pine Island,GTMNERR,0,45.91,0,29.82,0,3.838,0,99.4,0,8.07,0,43.95,14.61,7.81,0,-83.2,5.44,16.704,0,4.47,0,1.196,2.45,0,9.86
2/17/2026,21:45, ,gtmpiwq_20H100465_020426_050000.bin,Pine Island,GTMNERR,0,46.178,0,30.01,0,3.862,0,99.4,0,8.07,0,42.69,14.19,7.82,0,-83.6,5.45,16.673,0,4.89,0,1.192,2.37,0,9.53
2/17/2026,22:00, ,gtmpiwq_20H100465_020426_050000.bin,Pine Island,GTMNERR,0,46.249,0,30.06,0,3.884,0,99.3,0,8.05,0,42.38,14.09,7.82,0,-83.8,5.44,16.665,0,5.43,0,1.201,2.39,0,9.58
2/17/2026,22:15, ,gtmpiwq_20H100465_020426_050000.bin,Pine Island,GTMNERR,0,46.408,0,30.18,0,3.892,0,98.6,0,8,0,41.72,13.86,7.82,0,-84,5.44,16.64,0,4.93,0,1.203,2.54,0,10.18
2/17/2026,22:30, ,gtmpiwq_20H100465_020426_050000.bin,Pine Island,GTMNERR,0,46.564,0,30.29,0,3.892,0,98.6,0,8,0,40.97,13.61,7.82,0,-84.1,5.44,16.617,0,3.72,0,1.205,2.25,0,9.04
2/17/2026,22:45, ,gtmpiwq_20H100465_020426_050000.bin,Pine Island,GTMNERR,0,46.634,0,30.34,0,3.873,0,98.5,0,7.99,0,40.23,13.37,7.83,0,-84.3,5.44,16.608,0,3.86,0,1.204,2.79,0,11.2
2/17/2026,23:00, ,gtmpiwq_20H100465_020426_050000.bin,Pine Island,GTMNERR,0,46.613,0,30.32,0,3.838,0,95.7,0,7.76,0,40.38,13.42,7.82,0,-84.1,5.45,16.607,0,3.72,0,1.197,2.49,0,9.99
2/17/2026,23:15, ,gtmpiwq_20H100465_020426_050000.bin,Pine Island,GTMNERR,0,46.446,0,30.2,0,3.79,0,97.5,0,7.91,0,41.59,13.82,7.82,0,-83.9,5.44,16.636,0,3.51,0,1.198,3.13,0,12.56
2/17/2026,23:30, ,gtmpiwq_20H100465_020426_050000.bin,Pine Island,GTMNERR,0,46.214,0,30.04,0,3.733,0,99,0,8.04,0,42.52,14.13,7.82,0,-83.6,5.44,16.66,0,5.26,0,1.199,2.49,0,9.99
2/17/2026,23:45, ,gtmpiwq_20H100465_020426_050000.bin,Pine Island,GTMNERR,0,45.854,0,29.78,0,3.672,0,98.8,0,8.02,0,44.69,14.86,7.81,0,-83,5.43,16.685,0,4.91,0,1.198,1.99,0,8
2/18/2026,0:00, ,gtmpiwq_20H100465_020426_050000.bin,Pine Island,GTMNERR,0,45.283,0,29.37,0,3.609,0,98.3,0,8,0,47.41,15.76,7.79,0,-82.1,5.43,16.739,0,4.46,0,1.196,2.1,0,8.46
2/18/2026,0:15, ,gtmpiwq_20H100465_020426_050000.bin,Pine Island,GTMNERR,0,44.956,0,29.13,0,3.541,0,98.1,0,7.99,0,49.08,16.32,7.78,0,-81.6,5.45,16.786,0,4.37,0,1.193,1.96,0,7.87
2/18/2026,0:30, ,gtmpiwq_20H100465_020426_050000.bin,Pine Island,GTMNERR,0,44.469,0,28.78,0,3.469,0,97.8,0,7.97,0,51.35,17.08,7.77,0,-80.8,5.43,16.842,0,4.11,0,1.193,1.93,0,7.75
2/18/2026,0:45, ,gtmpiwq_20H100465_020426_050000.bin,Pine Island,GTMNERR,0,44.373,0,28.71,0,3.384,0,97.6,0,7.96,0,51.7,17.19,7.76,0,-80.6,5.44,16.829,0,4.55,0,1.208,1.95,0,7.84
2/18/2026,1:00, ,gtmpiwq_20H100465_020426_050000.bin,Pine Island,GTMNERR,0,44.167,0,28.56,0,3.309,0,97.5,0,7.95,0,52.53,17.47,7.76,0,-80.2,5.43,16.868,0,5.64,0,1.21,2.03,0,8.16
2/18/2026,1:15, ,gtmpiwq_20H100465_020426_050000.bin,Pine Island,GTMNERR,0,43.897,0,28.37,0,3.227,0,97.4,0,7.95,0,53.87,17.92,7.75,0,-79.9,5.44,16.896,0,6.02,0,1.201,1.97,0,7.92
2/18/2026,1:30, ,gtmpiwq_20H100465_020426_050000.bin,Pine Island,GTMNERR,0,43.633,0,28.18,0,3.148,0,97.3,0,7.94,0,54.89,18.26,7.75,0,-79.5,5.44,16.931,0,6.07,0,1.195,2.04,0,8.2
2/18/2026,1:45, ,gtmpiwq_20H100465_020426_050000.bin,Pine Island,GTMNERR,0,43.415,0,28.02,0,3.056,0,97.2,0,7.94,0,56.12,18.67,7.74,0,-79,5.43,16.952,0,5.08,0,1.192,1.96,0,7.89
2/18/2026,2:00, ,gtmpiwq_20H100465_020426_050000.bin,Pine Island,GTMNERR,0,43.171,0,27.85,0,2.965,0,96.8,0,7.92,0,57.38,19.09,7.73,0,-78.6,5.44,16.944,0,5.33,0,1.203,1.98,0,7.95
2/18/2026,2:15, ,gtmpiwq_20H100465_020426_050000.bin,Pine Island,GTMNERR,0,42.878,0,27.64,0,2.867,0,96.3,0,7.89,0,58.45,19.45,7.72,0,-78,5.43,16.942,0,5.91,0,1.205,1.95,0,7.85
2/18/2026,2:30, ,gtmpiwq_20H100465_020426_050000.bin,Pine Island,GTMNERR,0,42.582,0,27.43,0,2.762,0,95.5,0,7.83,0,59.61,19.83,7.71,0,-77.2,5.43,16.929,0,5.76,0,1.207,1.94,0,7.81
2/18/2026,2:45, ,gtmpiwq_20H100465_020426_050000.bin,Pine Island,GTMNERR,0,42.33,0,27.25,0,2.664,0,94.6,0,7.77,0,60.63,20.17,7.7,0,-76.6,5.44,16.904,0,6.61,0,1.208,1.9,0,7.63
2/18/2026,3:00, ,gtmpiwq_20H100465_020426_050000.bin,Pine Island,GTMNERR,0,42.085,0,27.07,0,2.569,0,94,0,7.73,0,61.73,20.54,7.69,0,-75.9,5.43,16.893,0,6.18,0,1.207,1.91,0,7.68
2/18/2026,3:15, ,gtmpiwq_20H100465_020426_050000.bin,Pine Island,GTMNERR,0,41.916,0,26.95,0,2.491,0,93.1,0,7.66,0,62.84,20.91,7.67,0,-75.3,5.43,16.887,0,6.43,0,1.207,1.94,0,7.8
2/18/2026,3:30, ,gtmpiwq_20H100465_020426_050000.bin,Pine Island,GTMNERR,0,41.753,0,26.84,0,2.419,0,92.4,0,7.62,0,63.51,21.13,7.67,0,-74.8,5.44,16.874,0,5.9,0,1.205,1.8,0,7.26
2/18/2026,3:45, ,gtmpiwq_20H100465_020426_050000.bin,Pine Island,GTMNERR,0,41.616,0,26.74,0,2.363,0,92.3,0,7.61,0,64.08,21.32,7.66,0,-74.5,5.43,16.873,0,5.97,0,1.205,1.79,0,7.2
2/18/2026,4:00, ,gtmpiwq_20H100465_020426_050000.bin,Pine Island,GTMNERR,0,41.515,0,26.67,0,2.341,0,92.1,0,7.6,0,64.99,21.63,7.66,0,-74.2,5.43,16.864,0,5.62,0,1.204,2.01,0,8.1
2/18/2026,4:15, ,gtmpiwq_20H100465_020426_050000.bin,Pine Island,GTMNERR,0,41.447,0,26.62,0,2.349,0,91.3,0,7.54,0,65.21,21.7,7.65,0,-73.7,5.44,16.855,0,5.02,0,1.203,2.08,0,8.38
2/18/2026,4:30, ,gtmpiwq_20H100465_020426_050000.bin,Pine Island,GTMNERR,0,41.392,0,26.58,0,2.407,0,91,0,7.52,0,65.81,21.9,7.64,0,-73.3,5.42,16.841,0,3.23,0,1.202,1.91,0,7.68
2/18/2026,4:45, ,gtmpiwq_20H100465_020426_050000.bin,Pine Island,GTMNERR,0,42.088,0,27.08,0,2.483,0,91.4,0,7.53,0,62.48,20.79,7.66,0,-74.4,5.43,16.783,0,4.74,0,1.199,2.12,0,8.51
2/18/2026,5:00, ,gtmpiwq_20H100465_020426_050000.bin,Pine Island,GTMNERR,0,42.049,0,27.05,0,2.569,0,91.6,0,7.55,0,62.56,20.82,7.66,0,-74.7,5.44,16.793,0,5.31,0,1.199,1.97,0,7.91
2/18/2026,5:15, ,gtmpiwq_20H100465_020426_050000.bin,Pine Island,GTMNERR,0,42.164,0,27.13,0,2.659,0,92.1,0,7.59,0,61.55,20.48,7.67,0,-74.9,5.42,16.791,0,6.18,0,1.2,2,0,8.03
2/18/2026,5:30, ,gtmpiwq_20H100465_020426_050000.bin,Pine Island,GTMNERR,0,42.435,0,27.32,0,2.75,0,92.1,0,7.59,0,60.44,20.11,7.67,0,-75.2,5.43,16.738,0,6.85,0,1.2,2,0,8.05
2/18/2026,5:45, ,gtmpiwq_20H100465_020426_050000.bin,Pine Island,GTMNERR,0,42.534,0,27.39,0,2.835,0,92.5,0,7.62,0,60.4,20.1,7.68,0,-75.6,5.44,16.738,0,5.4,0,1.204,1.89,0,7.62
2/18/2026,6:00, ,gtmpiwq_20H100465_020426_050000.bin,Pine Island,GTMNERR,0,42.913,0,27.66,0,2.912,0,92.6,0,7.62,0,58.04,19.31,7.69,0,-76.2,5.42,16.7,0,7.73,0,1.205,1.96,0,7.88
2/18/2026,6:15, ,gtmpiwq_20H100465_020426_050000.bin,Pine Island,GTMNERR,0,43.304,0,27.94,0,2.99,0,92.7,0,7.62,0,57.37,19.08,7.7,0,-76.7,5.43,16.652,0,5.02,0,1.209,1.95,0,7.84
2/18/2026,6:30, ,gtmpiwq_20H100465_020426_050000.bin,Pine Island,GTMNERR,0,43.557,0,28.12,0,3.067,0,92.8,0,7.63,0,56.3,18.73,7.71,0,-77.1,5.42,16.617,0,4.79,0,1.203,1.81,0,7.26
2/18/2026,6:45, ,gtmpiwq_20H100465_020426_050000.bin,Pine Island,GTMNERR,0,43.74,0,28.25,0,3.146,0,92.6,0,7.61,0,55.13,18.34,7.71,0,-77.2,5.42,16.612,0,6.65,0,1.198,2,0,8.04
2/18/2026,7:00, ,gtmpiwq_20H100465_020426_050000.bin,Pine Island,GTMNERR,0,43.949,0,28.41,0,3.218,0,93,0,7.63,0,54.41,18.1,7.72,0,-77.7,5.43,16.607,0,5.61,0,1.197,2.03,0,8.16
2/18/2026,7:15, ,gtmpiwq_20H100465_020426_050000.bin,Pine Island,GTMNERR,0,44.09,0,28.51,0,3.289,0,93.5,0,7.67,0,53.59,17.82,7.72,0,-78.2,5.42,16.602,0,5.97,0,1.196,1.97,0,7.93
2/18/2026,7:30, ,gtmpiwq_20H100465_020426_050000.bin,Pine Island,GTMNERR,0,44.32,0,28.67,0,3.358,0,93.1,0,7.63,0,52.78,17.55,7.73,0,-78.3,5.43,16.568,0,6.31,0,1.205,1.95,0,7.83
2/18/2026,7:45, ,gtmpiwq_20H100465_020426_050000.bin,Pine Island,GTMNERR,0,44.611,0,28.88,0,3.428,0,93.5,0,7.66,0,51.48,17.12,7.74,0,-78.9,5.42,16.534,0,5.12,0,1.201,1.78,0,7.16
2/18/2026,8:00, ,gtmpiwq_20H100465_020426_050000.bin,Pine Island,GTMNERR,0,44.674,0,28.93,0,3.5,0,93.7,0,7.68,0,51.19,17.02,7.74,0,-79.1,5.42,16.537,0,4.77,0,1.192,1.86,0,7.49
2/18/2026,8:15, ,gtmpiwq_20H100465_020426_050000.bin,Pine Island,GTMNERR,0,44.901,0,29.09,0,3.569,0,93.8,0,7.68,0,49.72,16.53,7.75,0,-79.5,5.43,16.52,0,5.49,0,1.197,1.75,0,7.05
2/18/2026,8:30, ,gtmpiwq_20H100465_020426_050000.bin,Pine Island,GTMNERR,0,45.221,0,29.32,0,3.636,0,94,0,7.69,0,48.28,16.05,7.76,0,-80.1,5.42,16.473,0,5.4,0,1.205,1.65,0,6.64
2/18/2026,8:45, ,gtmpiwq_20H100465_020426_050000.bin,Pine Island,GTMNERR,0,45.54,0,29.55,0,3.698,0,94.1,0,7.69,0,46.82,15.56,7.77,0,-80.6,5.43,16.443,0,5.11,0,1.206,1.79,0,7.19
2/18/2026,9:00, ,gtmpiwq_20H100465_020426_050000.bin,Pine Island,GTMNERR,0,45.687,0,29.65,0,3.757,0,94.1,0,7.69,0,46.06,15.31,7.77,0,-80.9,5.42,16.434,0,5.05,0,1.205,2.04,0,8.21
2/18/2026,9:15, ,gtmpiwq_20H100465_020426_050000.bin,Pine Island,GTMNERR,0,45.905,0,29.81,0,3.801,0,94.4,0,7.71,0,44.69,14.85,7.78,0,-81.3,5.42,16.426,0,4.94,0,1.205,1.76,0,7.08
2/18/2026,9:30, ,gtmpiwq_20H100465_020426_050000.bin,Pine Island,GTMNERR,0,46.117,0,29.96,0,3.844,0,94.7,0,7.73,0,43.62,14.5,7.78,0,-81.7,5.43,16.421,0,5.3,0,1.206,1.78,0,7.16
2/18/2026,9:45, ,gtmpiwq_20H100465_020426_050000.bin,Pine Island,GTMNERR,0,46.478,0,30.22,0,3.881,0,95.2,0,7.75,0,41.66,13.84,7.8,0,-82.4,5.42,16.408,0,4.84,0,1.205,1.79,0,7.19
2/18/2026,10:00, ,gtmpiwq_20H100465_020426_050000.bin,Pine Island,GTMNERR,0,46.725,0,30.4,0,3.912,0,95.2,0,7.75,0,40.25,13.37,7.8,0,-82.9,5.43,16.386,0,5.96,0,1.205,1.98,0,7.97
2/18/2026,10:15, ,gtmpiwq_20H100465_020426_050000.bin,Pine Island,GTMNERR,0,46.957,0,30.57,0,3.94,0,95.8,0,7.79,0,38.86,12.91,7.81,0,-83.4,5.42,16.398,0,4.89,0,1.207,1.64,0,6.62
2/18/2026,10:30, ,gtmpiwq_20H100465_020426_050000.bin,Pine Island,GTMNERR,0,47.255,0,30.79,0,3.956,0,96.2,0,7.82,0,37.37,12.41,7.82,0,-84.1,5.42,16.37,0,4.71,0,1.207,1.84,0,7.41
2/18/2026,10:45, ,gtmpiwq_20H100465_020426_050000.bin,Pine Island,GTMNERR,0,47.426,0,30.91,0,3.962,0,96.3,0,7.82,0,36.44,12.1,7.83,0,-84.4,5.43,16.355,0,3.84,0,1.209,2.04,0,8.19
2/18/2026,11:00, ,gtmpiwq_20H100465_020426_050000.bin,Pine Island,GTMNERR,0,47.482,0,30.95,0,3.952,0,95.7,0,7.77,0,35.99,11.95,7.83,0,-84.4,5.42,16.366,0,3.44,0,1.21,2.39,0,9.6
2/18/2026,11:15, ,gtmpiwq_20H100465_020426_050000.bin,Pine Island,GTMNERR,0,47.541,0,30.99,0,3.93,0,94.2,0,7.64,0,34.68,11.52,7.83,0,-84.3,5.43,16.363,0,3,0,1.21,2.07,0,8.31
2/18/2026,11:30, ,gtmpiwq_20H100465_020426_050000.bin,Pine Island,GTMNERR,0,47.494,0,30.96,0,3.887,0,94.6,0,7.68,0,35.57,11.81,7.83,0,-84.6,5.42,16.371,0,3.3,0,1.208,2,0,8.03
2/18/2026,11:45, ,gtmpiwq_20H100465_020426_050000.bin,Pine Island,GTMNERR,0,47.406,0,30.9,0,3.831,0,96.4,0,7.82,0,36.82,12.23,7.83,0,-84.6,5.42,16.382,0,3.46,0,1.207,1.9,0,7.64
2/18/2026,12:00, ,gtmpiwq_20H100465_020426_050000.bin,Pine Island,GTMNERR,0,47.146,0,30.71,0,3.772,0,96.5,0,7.84,0,37.96,12.61,7.82,0,-84.1,5.43,16.42,0,5.01,0,1.208,1.93,0,7.76
2/18/2026,12:15, ,gtmpiwq_20H100465_020426_050000.bin,Pine Island,GTMNERR,0,46.699,0,30.39,0,3.706,0,97.3,0,7.89,0,40.28,13.38,7.82,0,-83.6,5.42,16.575,0,5.19,0,1.208,2.04,0,8.2
2/18/2026,12:30, ,gtmpiwq_20H100465_020426_050000.bin,Pine Island,GTMNERR,0,46.132,0,29.98,0,3.64,0,96.9,0,7.87,0,43.27,14.38,7.8,0,-82.6,5.42,16.617,0,4.9,0,1.207,2.01,0,8.1
2/18/2026,12:45, ,gtmpiwq_20H100465_020426_050000.bin,Pine Island,GTMNERR,0,45.804,0,29.74,0,3.571,0,96.5,0,7.85,0,45.15,15.01,7.79,0,-82,5.42,16.632,0,4.76,0,1.206,1.87,0,7.54
2/18/2026,13:00, ,gtmpiwq_20H100465_020426_050000.bin,Pine Island,GTMNERR,0,45.476,0,29.5,0,3.489,0,96.1,0,7.81,0,46.73,15.53,7.78,0,-81.3,5.42,16.714,0,4.96,0,1.203,1.78,0,7.15
2/18/2026,13:15, ,gtmpiwq_20H100465_020426_050000.bin,Pine Island,GTMNERR,0,44.895,0,29.09,0,3.409,0,97.5,0,7.92,0,49.18,16.35,7.77,0,-80.9,5.42,16.945,0,4.83,0,1.203,1.9,0,7.64
2/18/2026,13:30, ,gtmpiwq_20H100465_020426_050000.bin,Pine Island,GTMNERR,0,44.587,0,28.87,0,3.311,0,97.2,0,7.9,0,50.52,16.8,7.76,0,-80.2,5.42,16.956,0,5.3,0,1.203,1.9,0,7.64
2/18/2026,13:45, ,gtmpiwq_20H100465_020426_050000.bin,Pine Island,GTMNERR,0,44.37,0,28.71,0,3.233,0,96.9,0,7.88,0,51.48,17.12,7.75,0,-79.8,5.43,16.945,0,6.23,0,1.205,1.94,0,7.8
2/18/2026,14:00, ,gtmpiwq_20H100465_020426_050000.bin,Pine Island,GTMNERR,0,44.056,0,28.49,0,3.137,0,97.6,0,7.93,0,52.86,17.58,7.75,0,-79.5,5.42,17.09,0,5.61,0,1.201,1.95,0,7.84
2/18/2026,14:15, ,gtmpiwq_20H100465_020426_050000.bin,Pine Island,GTMNERR,0,43.849,0,28.34,0,3.044,0,97.8,0,7.94,0,53.93,17.94,7.74,0,-79.1,5.42,17.135,0,5.2,0,1.198,2.04,0,8.18
2/18/2026,14:30, ,gtmpiwq_20H100465_020426_050000.bin,Pine Island,GTMNERR,0,43.66,0,28.2,0,2.947,0,97.6,0,7.92,0,55.05,18.31,7.73,0,-78.6,5.42,17.191,0,5.37,0,1.196,1.95,0,7.84
2/18/2026,14:45, ,gtmpiwq_20H100465_020426_050000.bin,Pine Island,GTMNERR,0,43.423,0,28.03,0,2.842,0,98.2,0,7.97,0,55.83,18.57,7.73,0,-78.6,5.42,17.297,0,5.67,0,1.193,2.16,0,8.69
2/18/2026,15:00, ,gtmpiwq_20H100465_020426_050000.bin,Pine Island,GTMNERR,0,43.154,0,27.84,0,2.738,0,98.7,0,8,0,56.95,18.95,7.72,0,-78.3,5.42,17.375,0,5.4,0,1.194,2.02,0,8.11
2/18/2026,15:15, ,gtmpiwq_20H100465_020426_050000.bin,Pine Island,GTMNERR,0,42.982,0,27.72,0,2.638,0,99.4,0,8.05,0,57.65,19.18,7.72,0,-78.1,5.42,17.514,0,5.47,0,1.202,2.04,0,8.22
2/18/2026,15:30, ,gtmpiwq_20H100465_020426_050000.bin,Pine Island,GTMNERR,0,42.776,0,27.57,0,2.535,0,99.9,0,8.08,0,58.5,19.46,7.72,0,-77.9,5.42,17.597,0,5.36,0,1.205,2.17,0,8.72
2/18/2026,15:45, ,gtmpiwq_20H100465_020426_050000.bin,Pine Island,GTMNERR,0,42.576,0,27.43,0,2.436,0,100.2,0,8.1,0,59.34,19.74,7.71,0,-77.7,5.42,17.691,0,5.52,0,1.207,2.11,0,8.47
2/18/2026,16:00, ,gtmpiwq_20H100465_020426_050000.bin,Pine Island,GTMNERR,0,42.379,0,27.29,0,2.356,0,99.9,0,8.06,0,59.98,19.96,7.71,0,-77.4,5.41,17.78,0,5.57,0,1.201,2.2,0,8.84
2/18/2026,16:15, ,gtmpiwq_20H100465_020426_050000.bin,Pine Island,GTMNERR,0,42.236,0,27.19,0,2.289,0,100.5,0,8.11,0,60.46,20.12,7.7,0,-77,5.39,17.851,0,5.59,0,1.201,2.25,0,9.04
2/18/2026,16:30, ,gtmpiwq_20H100465_020426_050000.bin,Pine Island,GTMNERR,0,42.135,0,27.11,0,2.245,0,101.3,0,8.16,0,61,20.3,7.7,0,-77.2,5.41,17.964,0,5.51,0,1.203,2.26,0,9.1
2/18/2026,16:45, ,gtmpiwq_20H100465_020426_050000.bin,Pine Island,GTMNERR,0,42.077,0,27.07,0,2.24,0,100.9,0,8.12,0,61.25,20.38,7.7,0,-76.9,5.42,18.014,0,4.56,0,1.205,2.46,0,9.87
2/18/2026,17:00, ,gtmpiwq_20H100465_020426_050000.bin,Pine Island,GTMNERR,0,42.055,0,27.06,0,2.287,0,99.5,0,8.01,0,60.72,20.2,7.69,0,-76.5,5.42,18.028,0,4,0,1.204,2.4,0,9.63
2/18/2026,17:15, ,gtmpiwq_20H100465_020426_050000.bin,Pine Island,GTMNERR,0,42.041,0,27.05,0,2.374,0,101.5,0,8.17,0,62.01,20.63,7.69,0,-76.5,5.42,18.004,0,4.27,0,1.208,2.22,0,8.92
2/18/2026,17:30, ,gtmpiwq_20H100465_020426_050000.bin,Pine Island,GTMNERR,0,42.58,0,27.43,0,2.464,0,102,0,8.19,0,59.15,19.68,7.71,0,-77.7,5.41,17.991,0,5.1,0,1.202,3.08,0,12.38
2/18/2026,17:45, ,gtmpiwq_20H100465_020426_050000.bin,Pine Island,GTMNERR,0,42.662,0,27.49,0,2.558,0,101.8,0,8.19,0,58.94,19.61,7.72,0,-77.9,5.41,17.896,0,5.01,0,1.198,2.76,0,11.08
2/18/2026,18:00, ,gtmpiwq_20H100465_020426_050000.bin,Pine Island,GTMNERR,0,42.863,0,27.63,0,2.649,0,101.9,0,8.2,0,58.31,19.4,7.72,0,-78.3,5.42,17.859,0,4.84,0,1.196,2.4,0,9.64
2/18/2026,18:15, ,gtmpiwq_20H100465_020426_050000.bin,Pine Island,GTMNERR,0,43.021,0,27.75,0,2.733,0,101.5,0,8.17,0,57.65,19.18,7.72,0,-78.4,5.42,17.778,0,4.78,0,1.206,2.7,0,10.84
2/18/2026,18:30, ,gtmpiwq_20H100465_020426_050000.bin,Pine Island,GTMNERR,0,43.449,0,28.05,0,2.819,0,102.1,0,8.2,0,55.66,18.52,7.74,0,-79.1,5.42,17.828,0,5.56,0,1.203,2.5,0,10.05
2/18/2026,18:45, ,gtmpiwq_20H100465_020426_050000.bin,Pine Island,GTMNERR,0,43.68,0,28.22,0,2.9,0,102.4,0,8.22,0,54.34,18.08,7.74,0,-79.6,5.42,17.817,0,5.99,0,1.203,2.68,0,10.77
2/18/2026,19:00, ,gtmpiwq_20H100465_020426_050000.bin,Pine Island,GTMNERR,0,43.836,0,28.33,0,2.981,0,102.1,0,8.19,0,53.96,17.95,7.75,0,-79.6,5.41,17.812,0,5.86,0,1.203,2.52,0,10.11
2/18/2026,19:15, ,gtmpiwq_20H100465_020426_050000.bin,Pine Island,GTMNERR,0,43.982,0,28.44,0,3.062,0,101.9,0,8.17,0,53.43,17.77,7.74,0,-79.6,5.42,17.801,0,5.45,0,1.204,2.48,0,9.96
2/18/2026,19:30, ,gtmpiwq_20H100465_020426_050000.bin,Pine Island,GTMNERR,0,44.112,0,28.53,0,3.133,0,101.5,0,8.15,0,53.14,17.67,7.75,0,-79.8,5.42,17.708,0,4.9,0,1.206,2.72,0,10.9
2/18/2026,19:45, ,gtmpiwq_20H100465_020426_050000.bin,Pine Island,GTMNERR,0,44.19,0,28.59,0,3.208,0,101.2,0,8.13,0,52.55,17.48,7.75,0,-80,5.42,17.637,0,5.41,0,1.205,2.5,0,10.05
2/18/2026,20:00, ,gtmpiwq_20H100465_020426_050000.bin,Pine Island,GTMNERR,0,44.4,0,28.74,0,3.275,0,101.2,0,8.12,0,51.63,17.17,7.76,0,-80.3,5.42,17.619,0,6.26,0,1.207,3.04,0,12.18
2/18/2026,20:15, ,gtmpiwq_20H100465_020426_050000.bin,Pine Island,GTMNERR,0,44.729,0,28.97,0,3.34,0,101.8,0,8.16,0,50.31,16.73,7.77,0,-80.9,5.42,17.631,0,4.85,0,1.208,2.51,0,10.07
2/18/2026,20:30, ,gtmpiwq_20H100465_020426_050000.bin,Pine Island,GTMNERR,0,44.905,0,29.1,0,3.404,0,101.9,0,8.17,0,49.36,16.41,7.77,0,-81.3,5.41,17.598,0,4.6,0,1.207,2.5,0,10.04
2/18/2026,20:45, ,gtmpiwq_20H100465_020426_050000.bin,Pine Island,GTMNERR,0,45.069,0,29.22,0,3.468,0,101.7,0,8.15,0,48.47,16.12,7.78,0,-81.6,5.42,17.562,0,5.35,0,1.211,2.55,0,10.25
2/18/2026,21:00, ,gtmpiwq_20H100465_020426_050000.bin,Pine Island,GTMNERR,0,45.301,0,29.38,0,3.53,0,101.7,0,8.15,0,46.94,15.6,7.79,0,-81.9,5.42,17.543,0,5.96,0,1.202,2.46,0,9.87
2/18/2026,21:15, ,gtmpiwq_20H100465_020426_050000.bin,Pine Island,GTMNERR,0,45.663,0,29.65,0,3.589,0,101.8,0,8.15,0,45.36,15.08,7.8,0,-82.6,5.41,17.483,0,5.17,0,1.198,2.5,0,10.06
2/18/2026,21:30, ,gtmpiwq_20H100465_020426_050000.bin,Pine Island,GTMNERR,0,45.787,0,29.73,0,3.641,0,101.5,0,8.13,0,44.81,14.9,7.8,0,-82.7,5.42,17.431,0,5.08,0,1.201,2.51,0,10.08
2/18/2026,21:45, ,gtmpiwq_20H100465_020426_050000.bin,Pine Island,GTMNERR,0,45.954,0,29.85,0,3.69,0,101.3,0,8.11,0,44.05,14.64,7.8,0,-82.9,5.41,17.386,0,5.16,0,1.202,2.37,0,9.54
2/18/2026,22:00, ,gtmpiwq_20H100465_020426_050000.bin,Pine Island,GTMNERR,0,46.126,0,29.98,0,3.731,0,101.2,0,8.11,0,43.05,14.31,7.81,0,-83.2,5.42,17.36,0,5.3,0,1.202,2.51,0,10.1
2/18/2026,22:15, ,gtmpiwq_20H100465_020426_050000.bin,Pine Island,GTMNERR,0,46.289,0,30.1,0,3.764,0,101.2,0,8.1,0,42.1,13.99,7.81,0,-83.3,5.42,17.334,0,6.21,0,1.202,2.4,0,9.64
2/18/2026,22:30, ,gtmpiwq_20H100465_020426_050000.bin,Pine Island,GTMNERR,0,46.502,0,30.25,0,3.79,0,101,0,8.08,0,41.14,13.67,7.82,0,-83.7,5.42,17.288,0,5.57,0,1.2,2.61,0,10.5
2/18/2026,22:45, ,gtmpiwq_20H100465_020426_050000.bin,Pine Island,GTMNERR,0,46.61,0,30.33,0,3.805,0,101.2,0,8.1,0,40.64,13.5,7.82,0,-83.8,5.42,17.272,0,6.68,0,1.204,2.86,0,11.46
2/18/2026,23:00, ,gtmpiwq_20H100465_020426_050000.bin,Pine Island,GTMNERR,0,46.826,0,30.49,0,3.809,0,101.1,0,8.09,0,39.49,13.12,7.82,0,-84.1,5.41,17.218,0,3.67,0,1.207,3.1,0,12.43
2/18/2026,23:15, ,gtmpiwq_20H100465_020426_050000.bin,Pine Island,GTMNERR,0,46.831,0,30.49,0,3.804,0,98.4,0,7.88,0,39.43,13.1,7.82,0,-83.7,5.41,17.218,0,2.86,0,1.21,2.03,0,8.17
2/18/2026,23:30, ,gtmpiwq_20H100465_020426_050000.bin,Pine Island,GTMNERR,0,46.899,0,30.54,0,3.776,0,95.7,0,7.66,0,39.22,13.03,7.82,0,-83.9,5.42,17.208,0,3.01,0,1.209,2.36,0,9.47
2/18/2026,23:45, ,gtmpiwq_20H100465_020426_050000.bin,Pine Island,GTMNERR,0,46.796,0,30.46,0,3.728,0,98.2,0,7.87,0,39.7,13.19,7.82,0,-84,5.41,17.223,0,3.49,0,1.209,2.52,0,10.14
2/19/2026,0:00, ,gtmpiwq_20H100465_020426_050000.bin,Pine Island,GTMNERR,0,46.558,0,30.29,0,3.67,0,100.2,0,8.03,0,40.87,13.58,7.81,0,-83.5,5.42,17.264,0,4.81,0,1.209,2.54,0,10.2
2/19/2026,0:15, ,gtmpiwq_20H100465_020426_050000.bin,Pine Island,GTMNERR,0,46.149,0,30,0,3.601,0,100.5,0,8.05,0,42.74,14.2,7.81,0,-83.1,5.4,17.321,0,6.49,0,1.208,1.91,0,7.68
2/19/2026,0:30, ,gtmpiwq_20H100465_020426_050000.bin,Pine Island,GTMNERR,0,45.676,0,29.65,0,3.535,0,100.2,0,8.04,0,45.41,15.09,7.79,0,-82.3,5.41,17.392,0,5.74,0,1.21,2.15,0,8.63
2/19/2026,0:45, ,gtmpiwq_20H100465_020426_050000.bin,Pine Island,GTMNERR,0,45.302,0,29.38,0,3.465,0,100,0,8.02,0,47.32,15.73,7.78,0,-81.6,5.42,17.465,0,5.23,0,1.206,2.18,0,8.77
2/19/2026,1:00, ,gtmpiwq_20H100465_020426_050000.bin,Pine Island,GTMNERR,0,44.913,0,29.11,0,3.388,0,99.5,0,7.99,0,49.57,16.48,7.77,0,-80.8,5.41,17.527,0,4.35,0,1.196,2,0,8.04
2/19/2026,1:15, ,gtmpiwq_20H100465_020426_050000.bin,Pine Island,GTMNERR,0,44.889,0,29.09,0,3.31,0,99.8,0,8,0,49.51,16.46,7.77,0,-80.8,5.41,17.551,0,5.46,0,1.196,2.14,0,8.6
2/19/2026,1:30, ,gtmpiwq_20H100465_020426_050000.bin,Pine Island,GTMNERR,0,44.551,0,28.84,0,3.228,0,99.5,0,7.99,0,50.83,16.9,7.76,0,-80.2,5.4,17.594,0,6.56,0,1.207,2.2,0,8.86
2/19/2026,1:45, ,gtmpiwq_20H100465_020426_050000.bin,Pine Island,GTMNERR,0,44.303,0,28.67,0,3.143,0,99.4,0,7.98,0,51.89,17.26,7.75,0,-79.7,5.41,17.633,0,6.56,0,1.208,2.21,0,8.87
2/19/2026,2:00, ,gtmpiwq_20H100465_020426_050000.bin,Pine Island,GTMNERR,0,44.09,0,28.51,0,3.055,0,99.1,0,7.96,0,52.96,17.61,7.74,0,-79.4,5.42,17.664,0,6.45,0,1.211,2.17,0,8.73
2/19/2026,2:15, ,gtmpiwq_20H100465_020426_050000.bin,Pine Island,GTMNERR,0,43.954,0,28.42,0,2.955,0,98.9,0,7.95,0,53.91,17.93,7.74,0,-79,5.41,17.688,0,6.1,0,1.202,2.13,0,8.55
2/19/2026,2:30, ,gtmpiwq_20H100465_020426_050000.bin,Pine Island,GTMNERR,0,43.758,0,28.28,0,2.849,0,98.5,0,7.92,0,54.96,18.28,7.73,0,-78.6,5.42,17.697,0,5.61,0,1.193,2.08,0,8.37
2/19/2026,2:45, ,gtmpiwq_20H100465_020426_050000.bin,Pine Island,GTMNERR,0,43.465,0,28.06,0,2.747,0,98.3,0,7.91,0,56.27,18.72,7.72,0,-78,5.4,17.721,0,5.81,0,1.193,2.09,0,8.4
2/19/2026,3:00, ,gtmpiwq_20H100465_020426_050000.bin,Pine Island,GTMNERR,0,43.197,0,27.87,0,2.643,0,97.6,0,7.86,0,57.27,19.05,7.71,0,-77.3,5.41,17.723,0,6.44,0,1.204,2.09,0,8.41
2/19/2026,3:15, ,gtmpiwq_20H100465_020426_050000.bin,Pine Island,GTMNERR,0,42.985,0,27.72,0,2.541,0,96.8,0,7.81,0,58.03,19.31,7.7,0,-76.8,5.42,17.709,0,6.94,0,1.206,2.06,0,8.3
2/19/2026,3:30, ,gtmpiwq_20H100465_020426_050000.bin,Pine Island,GTMNERR,0,42.83,0,27.61,0,2.446,0,96.4,0,7.78,0,59.01,19.63,7.69,0,-76.2,5.41,17.717,0,7.38,0,1.208,2.09,0,8.39
2/19/2026,3:45, ,gtmpiwq_20H100465_020426_050000.bin,Pine Island,GTMNERR,0,42.672,0,27.5,0,2.355,0,95.9,0,7.74,0,59.77,19.88,7.68,0,-75.7,5.41,17.72,0,6.88,0,1.21,2.09,0,8.42
2/19/2026,4:00, ,gtmpiwq_20H100465_020426_050000.bin,Pine Island,GTMNERR,0,42.545,0,27.41,0,2.278,0,94.8,0,7.66,0,60.42,20.1,7.67,0,-75,5.4,17.7,0,6.36,0,1.202,1.94,0,7.8
2/19/2026,4:15, ,gtmpiwq_20H100465_020426_050000.bin,Pine Island,GTMNERR,0,42.408,0,27.31,0,2.217,0,94.5,0,7.64,0,61.34,20.41,7.66,0,-74.5,5.41,17.697,0,5.83,0,1.196,2.09,0,8.42
2/19/2026,4:30, ,gtmpiwq_20H100465_020426_050000.bin,Pine Island,GTMNERR,0,42.302,0,27.23,0,2.176,0,93.3,0,7.55,0,61.93,20.6,7.66,0,-74.3,5.41,17.696,0,5.99,0,1.192,2.27,0,9.11
2/19/2026,4:45, ,gtmpiwq_20H100465_020426_050000.bin,Pine Island,GTMNERR,0,42.268,0,27.21,0,2.171,0,93.4,0,7.55,0,62.36,20.75,7.65,0,-74,5.4,17.686,0,5.31,0,1.201,2.47,0,9.93
2/19/2026,5:00, ,gtmpiwq_20H100465_020426_050000.bin,Pine Island,GTMNERR,0,42.262,0,27.2,0,2.222,0,91,0,7.36,0,62.44,20.78,7.64,0,-73.6,5.41,17.679,0,4.71,0,1.211,2.24,0,9
2/19/2026,5:15, ,gtmpiwq_20H100465_020426_050000.bin,Pine Island,GTMNERR,0,42.425,0,27.32,0,2.3,0,92.5,0,7.49,0,62.4,20.76,7.64,0,-73.4,5.4,17.647,0,4.07,0,1.211,1.94,0,7.82
2/19/2026,5:30, ,gtmpiwq_20H100465_020426_050000.bin,Pine Island,GTMNERR,0,42.684,0,27.51,0,2.384,0,92.9,0,7.51,0,60.27,20.05,7.66,0,-74.5,5.4,17.627,0,6.24,0,1.204,2.07,0,8.31
2/19/2026,5:45, ,gtmpiwq_20H100465_020426_050000.bin,Pine Island,GTMNERR,0,42.735,0,27.54,0,2.472,0,93.5,0,7.56,0,60.13,20.01,7.66,0,-74.5,5.41,17.621,0,6.79,0,1.202,2.05,0,8.26
2/19/2026,6:00, ,gtmpiwq_20H100465_020426_050000.bin,Pine Island,GTMNERR,0,42.87,0,27.64,0,2.564,0,93.7,0,7.58,0,59.62,19.84,7.67,0,-74.9,5.4,17.599,0,6.21,0,1.198,2.04,0,8.21
2/19/2026,6:15, ,gtmpiwq_20H100465_020426_050000.bin,Pine Island,GTMNERR,0,43.106,0,27.81,0,2.652,0,94.2,0,7.61,0,58.74,19.54,7.68,0,-75.5,5.41,17.59,0,5.58,0,1.195,1.99,0,8
2/19/2026,6:30, ,gtmpiwq_20H100465_020426_050000.bin,Pine Island,GTMNERR,0,43.237,0,27.9,0,2.74,0,94.6,0,7.64,0,57.72,19.2,7.68,0,-75.9,5.4,17.593,0,6.18,0,1.193,2.14,0,8.59
2/19/2026,6:45, ,gtmpiwq_20H100465_020426_050000.bin,Pine Island,GTMNERR,0,43.617,0,28.17,0,2.822,0,93.9,0,7.58,0,55.38,18.42,7.69,0,-76.1,5.4,17.513,0,8.8,0,1.196,2.14,0,8.58
2/19/2026,7:00, ,gtmpiwq_20H100465_020426_050000.bin,Pine Island,GTMNERR,0,43.805,0,28.31,0,2.904,0,94.2,0,7.6,0,55.33,18.41,7.69,0,-76.6,5.41,17.503,0,6.07,0,1.209,2.04,0,8.19
2/19/2026,7:15, ,gtmpiwq_20H100465_020426_050000.bin,Pine Island,GTMNERR,0,43.972,0,28.43,0,2.981,0,94.3,0,7.61,0,54.63,18.17,7.7,0,-77,5.4,17.48,0,6.27,0,1.21,2.12,0,8.52
2/19/2026,7:30, ,gtmpiwq_20H100465_020426_050000.bin,Pine Island,GTMNERR,0,44.102,0,28.52,0,3.057,0,94.1,0,7.59,0,53.94,17.94,7.7,0,-77,5.4,17.472,0,6.71,0,1.201,1.94,0,7.81
2/19/2026,7:45, ,gtmpiwq_20H100465_020426_050000.bin,Pine Island,GTMNERR,0,44.286,0,28.65,0,3.128,0,94.4,0,7.6,0,53.11,17.66,7.71,0,-77.5,5.4,17.456,0,5.93,0,1.195,1.99,0,8
2/19/2026,8:00, ,gtmpiwq_20H100465_020426_050000.bin,Pine Island,GTMNERR,0,44.402,0,28.74,0,3.198,0,94.9,0,7.64,0,52.19,17.36,7.72,0,-77.9,5.4,17.447,0,6.62,0,1.194,2.08,0,8.38
2/19/2026,8:15, ,gtmpiwq_20H100465_020426_050000.bin,Pine Island,GTMNERR,0,44.654,0,28.92,0,3.266,0,94.9,0,7.64,0,51.17,17.01,7.72,0,-78.3,5.41,17.416,0,5.87,0,1.208,2.05,0,8.26
2/19/2026,8:30, ,gtmpiwq_20H100465_020426_050000.bin,Pine Island,GTMNERR,0,44.838,0,29.05,0,3.336,0,95.2,0,7.66,0,50.53,16.8,7.73,0,-78.7,5.39,17.396,0,5.32,0,1.201,1.96,0,7.89
2/19/2026,8:45, ,gtmpiwq_20H100465_020426_050000.bin,Pine Island,GTMNERR,0,45.015,0,29.18,0,3.407,0,95.5,0,7.68,0,49.67,16.52,7.74,0,-79.2,5.4,17.375,0,4.91,0,1.199,1.97,0,7.91
2/19/2026,9:00, ,gtmpiwq_20H100465_020426_050000.bin,Pine Island,GTMNERR,0,45.232,0,29.33,0,3.474,0,95.6,0,7.69,0,48.4,16.09,7.75,0,-79.6,5.4,17.345,0,5.39,0,1.197,1.98,0,7.96
2/19/2026,9:15, ,gtmpiwq_20H100465_020426_050000.bin,Pine Island,GTMNERR,0,45.486,0,29.52,0,3.538,0,95.7,0,7.7,0,46.81,15.56,7.75,0,-79.9,5.38,17.307,0,5.95,0,1.197,2,0,8.05
2/19/2026,9:30, ,gtmpiwq_20H100465_020426_050000.bin,Pine Island,GTMNERR,0,45.693,0,29.67,0,3.597,0,95.9,0,7.71,0,45.92,15.27,7.76,0,-80.5,5.4,17.278,0,5.53,0,1.205,1.98,0,7.98
2/19/2026,9:45, ,gtmpiwq_20H100465_020426_050000.bin,Pine Island,GTMNERR,0,45.869,0,29.79,0,3.653,0,95.9,0,7.7,0,44.95,14.94,7.77,0,-80.7,5.41,17.26,0,5.7,0,1.211,2,0,8.05
2/19/2026,10:00, ,gtmpiwq_20H100465_020426_050000.bin,Pine Island,GTMNERR,0,46.025,0,29.91,0,3.703,0,95.9,0,7.7,0,44.44,14.77,7.77,0,-81,5.4,17.24,0,5.19,0,1.202,2,0,8.04
2/19/2026,10:15, ,gtmpiwq_20H100465_020426_050000.bin,Pine Island,GTMNERR,0,46.126,0,29.98,0,3.746,0,95.9,0,7.7,0,43.75,14.54,7.77,0,-81.2,5.4,17.233,0,5.19,0,1.199,1.78,0,7.18
2/19/2026,10:30, ,gtmpiwq_20H100465_020426_050000.bin,Pine Island,GTMNERR,0,46.368,0,30.15,0,3.782,0,96.1,0,7.71,0,42.23,14.03,7.78,0,-81.6,5.39,17.198,0,6.27,0,1.204,2.09,0,8.39
2/19/2026,10:45, ,gtmpiwq_20H100465_020426_050000.bin,Pine Island,GTMNERR,0,46.592,0,30.32,0,3.809,0,96.3,0,7.73,0,41.1,13.66,7.79,0,-82,5.39,17.18,0,5.62,0,1.209,2.05,0,8.26
2/19/2026,11:00, ,gtmpiwq_20H100465_020426_050000.bin,Pine Island,GTMNERR,0,46.806,0,30.47,0,3.828,0,96.7,0,7.75,0,40.1,13.32,7.8,0,-82.6,5.4,17.176,0,5.31,0,1.204,1.93,0,7.77
2/19/2026,11:15, ,gtmpiwq_20H100465_020426_050000.bin,Pine Island,GTMNERR,0,46.985,0,30.6,0,3.836,0,96.8,0,7.76,0,39.31,13.06,7.8,0,-82.9,5.39,17.15,0,5.02,0,1.2,2.15,0,8.63
2/19/2026,11:30, ,gtmpiwq_20H100465_020426_050000.bin,Pine Island,GTMNERR,0,47.083,0,30.67,0,3.827,0,96.1,0,7.69,0,38.59,12.82,7.81,0,-83.2,5.4,17.172,0,3.66,0,1.196,2.21,0,8.88
2/19/2026,11:45, ,gtmpiwq_20H100465_020426_050000.bin,Pine Island,GTMNERR,0,47.122,0,30.7,0,3.804,0,93.1,0,7.45,0,36.89,12.25,7.8,0,-82.7,5.4,17.165,0,3.02,0,1.195,1.81,0,7.28
2/19/2026,12:00, ,gtmpiwq_20H100465_020426_050000.bin,Pine Island,GTMNERR,0,47.106,0,30.69,0,3.76,0,93.7,0,7.5,0,38.24,12.7,7.81,0,-83.3,5.39,17.168,0,3.71,0,1.206,2.19,0,8.8
2/19/2026,12:15, ,gtmpiwq_20H100465_020426_050000.bin,Pine Island,GTMNERR,0,46.948,0,30.57,0,3.702,0,97,0,7.76,0,39.24,13.04,7.8,0,-82.8,5.4,17.198,0,2.99,0,1.206,1.94,0,7.79
2/19/2026,12:30, ,gtmpiwq_20H100465_020426_050000.bin,Pine Island,GTMNERR,0,46.657,0,30.36,0,3.637,0,97.3,0,7.79,0,40.54,13.47,7.8,0,-82.6,5.39,17.283,0,5.75,0,1.207,1.66,0,6.68
2/19/2026,12:45, ,gtmpiwq_20H100465_020426_050000.bin,Pine Island,GTMNERR,0,46.275,0,30.09,0,3.565,0,98.1,0,7.84,0,42.39,14.09,7.79,0,-82.2,5.39,17.451,0,6.11,0,1.206,2.12,0,8.54
2/19/2026,13:00, ,gtmpiwq_20H100465_020426_050000.bin,Pine Island,GTMNERR,0,45.778,0,29.73,0,3.494,0,98.5,0,7.87,0,44.93,14.93,7.78,0,-81.5,5.4,17.558,0,5.91,0,1.207,2.19,0,8.82
2/19/2026,13:15, ,gtmpiwq_20H100465_020426_050000.bin,Pine Island,GTMNERR,0,45.536,0,29.55,0,3.419,0,97.9,0,7.83,0,46.52,15.47,7.77,0,-80.9,5.39,17.594,0,4.97,0,1.206,2.05,0,8.23
2/19/2026,13:30, ,gtmpiwq_20H100465_020426_050000.bin,Pine Island,GTMNERR,0,45.276,0,29.37,0,3.336,0,98.1,0,7.83,0,47.88,15.92,7.76,0,-80.5,5.4,17.718,0,4.52,0,1.199,1.95,0,7.84
2/19/2026,13:45, ,gtmpiwq_20H100465_020426_050000.bin,Pine Island,GTMNERR,0,44.78,0,29.01,0,3.249,0,99,0,7.89,0,49.18,16.35,7.75,0,-80.2,5.39,17.92,0,5.8,0,1.196,2.05,0,8.25
2/19/2026,14:00, ,gtmpiwq_20H100465_020426_050000.bin,Pine Island,GTMNERR,0,44.682,0,28.94,0,3.167,0,98.9,0,7.87,0,50,16.63,7.75,0,-79.8,5.39,17.975,0,7.26,0,1.2,2.02,0,8.13
2/19/2026,14:15, ,gtmpiwq_20H100465_020426_050000.bin,Pine Island,GTMNERR,0,44.488,0,28.8,0,3.074,0,99.3,0,7.9,0,50.73,16.87,7.74,0,-79.4,5.4,18.056,0,7.08,0,1.199,2.13,0,8.55
2/19/2026,14:30, ,gtmpiwq_20H100465_020426_050000.bin,Pine Island,GTMNERR,0,44.266,0,28.64,0,2.989,0,99.5,0,7.91,0,51.89,17.26,7.74,0,-79.1,5.39,18.186,0,6.32,0,1.195,2.01,0,8.07
2/19/2026,14:45, ,gtmpiwq_20H100465_020426_050000.bin,Pine Island,GTMNERR,0,44.112,0,28.53,0,2.886,0,100,0,7.94,0,52.71,17.53,7.73,0,-78.8,5.4,18.279,0,6.2,0,1.193,2.19,0,8.81
2/19/2026,15:00, ,gtmpiwq_20H100465_020426_050000.bin,Pine Island,GTMNERR,0,43.951,0,28.42,0,2.791,0,99.8,0,7.92,0,53.41,17.76,7.72,0,-78.5,5.39,18.35,0,6.12,0,1.196,2.22,0,8.91
2/19/2026,15:15, ,gtmpiwq_20H100465_020426_050000.bin,Pine Island,GTMNERR,0,43.757,0,28.28,0,2.685,0,100.5,0,7.96,0,54.27,18.05,7.72,0,-78.3,5.39,18.469,0,5.98,0,1.207,2.23,0,8.96
2/19/2026,15:30, ,gtmpiwq_20H100465_020426_050000.bin,Pine Island,GTMNERR,0,43.502,0,28.09,0,2.582,0,100.9,0,7.99,0,55.35,18.41,7.72,0,-78,5.4,18.572,0,5.89,0,1.211,2.21,0,8.89
2/19/2026,15:45, ,gtmpiwq_20H100465_020426_050000.bin,Pine Island,GTMNERR,0,43.306,0,27.95,0,2.472,0,101.6,0,8.03,0,56.11,18.66,7.71,0,-77.9,5.39,18.707,0,7.14,0,1.202,2.25,0,9.06
2/19/2026,16:00, ,gtmpiwq_20H100465_020426_050000.bin,Pine Island,GTMNERR,0,43.137,0,27.83,0,2.371,0,102.3,0,8.06,0,56.8,18.89,7.71,0,-77.8,5.39,18.85,0,6.59,0,1.197,2.25,0,9.06
2/19/2026,16:15, ,gtmpiwq_20H100465_020426_050000.bin,Pine Island,GTMNERR,0,42.96,0,27.7,0,2.279,0,103,0,8.11,0,57.38,19.09,7.71,0,-77.7,5.37,18.981,0,6.44,0,1.196,2.37,0,9.51
2/19/2026,16:30, ,gtmpiwq_20H100465_020426_050000.bin,Pine Island,GTMNERR,0,42.849,0,27.62,0,2.193,0,103.6,0,8.13,0,57.67,19.18,7.71,0,-77.7,5.37,19.132,0,6.83,0,1.204,2.77,0,11.12
2/19/2026,16:45, ,gtmpiwq_20H100465_020426_050000.bin,Pine Island,GTMNERR,0,42.755,0,27.56,0,2.128,0,103.7,0,8.13,0,58.01,19.3,7.71,0,-77.5,5.35,19.251,0,5.96,0,1.205,2.36,0,9.49
2/19/2026,17:00, ,gtmpiwq_20H100465_020426_050000.bin,Pine Island,GTMNERR,0,42.698,0,27.52,0,2.083,0,103.5,0,8.1,0,58.56,19.48,7.69,0,-76.6,5.35,19.356,0,4.19,0,1.195,2.22,0,8.93
2/19/2026,17:15, ,gtmpiwq_20H100465_020426_050000.bin,Pine Island,GTMNERR,0,42.648,0,27.48,0,2.071,0,99.4,0,7.77,0,58.91,19.6,7.7,0,-77.3,5.36,19.431,0,5.42,0,1.202,2.45,0,9.84
2/19/2026,17:30, ,gtmpiwq_20H100465_020426_050000.bin,Pine Island,GTMNERR,0,42.651,0,27.48,0,2.102,0,101.8,0,7.95,0,57.89,19.26,7.7,0,-77,5.34,19.468,0,4.63,0,1.201,2.47,0,9.94
2/19/2026,17:45, ,gtmpiwq_20H100465_020426_050000.bin,Pine Island,GTMNERR,0,42.847,0,27.62,0,2.182,0,104,0,8.14,0,58.66,19.52,7.7,0,-77.2,5.35,19.302,0,5.03,0,1.194,2.51,0,10.08
2/19/2026,18:00, ,gtmpiwq_20H100465_020426_050000.bin,Pine Island,GTMNERR,0,43.027,0,27.75,0,2.286,0,103.7,0,8.1,0,57.33,19.07,7.71,0,-77.8,5.36,19.322,0,5.85,0,1.196,2.45,0,9.86
2/19/2026,18:15, ,gtmpiwq_20H100465_020426_050000.bin,Pine Island,GTMNERR,0,43.046,0,27.77,0,2.398,0,103.9,0,8.14,0,56.97,18.95,7.71,0,-77.8,5.35,19.242,0,6.54,0,1.203,2.5,0,10.04
2/19/2026,18:30, ,gtmpiwq_20H100465_020426_050000.bin,Pine Island,GTMNERR,0,43.204,0,27.88,0,2.506,0,104.3,0,8.17,0,56.5,18.8,7.72,0,-78.2,5.36,19.206,0,7.17,0,1.204,2.68,0,10.77
2/19/2026,18:45, ,gtmpiwq_20H100465_020426_050000.bin,Pine Island,GTMNERR,0,43.387,0,28.01,0,2.611,0,103.8,0,8.14,0,56.26,18.71,7.72,0,-78.2,5.35,19.121,0,6.39,0,1.208,2.57,0,10.33
2/19/2026,19:00, ,gtmpiwq_20H100465_020426_050000.bin,Pine Island,GTMNERR,0,43.632,0,28.19,0,2.707,0,103.6,0,8.12,0,54.71,18.2,7.73,0,-78.7,5.36,19.056,0,7.26,0,1.202,2.67,0,10.71
2/19/2026,19:15, ,gtmpiwq_20H100465_020426_050000.bin,Pine Island,GTMNERR,0,44.004,0,28.45,0,2.797,0,104,0,8.14,0,52.75,17.55,7.74,0,-79.3,5.36,19.049,0,8.65,0,1.2,2.74,0,11.02
2/19/2026,19:30, ,gtmpiwq_20H100465_020426_050000.bin,Pine Island,GTMNERR,0,44.138,0,28.55,0,2.883,0,103.3,0,8.1,0,52.62,17.5,7.74,0,-79.4,5.35,18.897,0,6.04,0,1.199,2.72,0,10.9
2/19/2026,19:45, ,gtmpiwq_20H100465_020426_050000.bin,Pine Island,GTMNERR,0,44.279,0,28.65,0,2.968,0,103.4,0,8.1,0,52.04,17.31,7.74,0,-79.6,5.36,18.925,0,6.77,0,1.2,2.65,0,10.64
2/19/2026,20:00, ,gtmpiwq_20H100465_020426_050000.bin,Pine Island,GTMNERR,0,44.348,0,28.7,0,3.04,0,102.6,0,8.06,0,51.81,17.23,7.74,0,-79.6,5.35,18.796,0,5.35,0,1.201,2.49,0,10.02
2/19/2026,20:15, ,gtmpiwq_20H100465_020426_050000.bin,Pine Island,GTMNERR,0,44.474,0,28.79,0,3.108,0,102.6,0,8.05,0,51.15,17.01,7.74,0,-79.7,5.36,18.802,0,6.46,0,1.203,2.6,0,10.46
2/19/2026,20:30, ,gtmpiwq_20H100465_020426_050000.bin,Pine Island,GTMNERR,0,44.669,0,28.93,0,3.178,0,102.5,0,8.04,0,50.21,16.7,7.75,0,-80,5.36,18.777,0,6.65,0,1.204,2.5,0,10.03
2/19/2026,20:45, ,gtmpiwq_20H100465_020426_050000.bin,Pine Island,GTMNERR,0,44.893,0,29.09,0,3.247,0,102.6,0,8.04,0,49.28,16.39,7.76,0,-80.4,5.36,18.748,0,5.73,0,1.203,2.08,0,8.38
2/19/2026,21:00, ,gtmpiwq_20H100465_020426_050000.bin,Pine Island,GTMNERR,0,45.08,0,29.23,0,3.311,0,102.8,0,8.06,0,48.23,16.04,7.76,0,-80.9,5.36,18.711,0,5.71,0,1.205,2.46,0,9.88
2/19/2026,21:15, ,gtmpiwq_20H100465_020426_050000.bin,Pine Island,GTMNERR,0,45.199,0,29.31,0,3.377,0,102.8,0,8.06,0,47.69,15.85,7.77,0,-81.2,5.35,18.667,0,5.06,0,1.207,2.5,0,10.05
2/19/2026,21:30, ,gtmpiwq_20H100465_020426_050000.bin,Pine Island,GTMNERR,0,45.503,0,29.53,0,3.441,0,102.8,0,8.06,0,46.28,15.38,7.78,0,-81.7,5.36,18.636,0,5.13,0,1.21,2.3,0,9.23
2/19/2026,21:45, ,gtmpiwq_20H100465_020426_050000.bin,Pine Island,GTMNERR,0,45.753,0,29.71,0,3.502,0,102.9,0,8.06,0,44.94,14.94,7.79,0,-82.1,5.37,18.612,0,4.98,0,1.21,2.46,0,9.89
2/19/2026,22:00, ,gtmpiwq_20H100465_020426_050000.bin,Pine Island,GTMNERR,0,45.917,0,29.83,0,3.557,0,102.8,0,8.05,0,44.14,14.67,7.79,0,-82.4,5.36,18.573,0,5.73,0,1.211,2.52,0,10.12
2/19/2026,22:15, ,gtmpiwq_20H100465_020426_050000.bin,Pine Island,GTMNERR,0,46.023,0,29.91,0,3.608,0,102.3,0,8.02,0,43.64,14.5,7.79,0,-82.5,5.36,18.505,0,5.89,0,1.203,2.5,0,10.05
2/19/2026,22:30, ,gtmpiwq_20H100465_020426_050000.bin,Pine Island,GTMNERR,0,46.192,0,30.03,0,3.654,0,102.3,0,8.02,0,42.63,14.17,7.8,0,-82.7,5.36,18.466,0,6.26,0,1.196,2.47,0,9.91
2/19/2026,22:45, ,gtmpiwq_20H100465_020426_050000.bin,Pine Island,GTMNERR,0,46.344,0,30.14,0,3.692,0,101.8,0,7.98,0,41.8,13.89,7.8,0,-82.9,5.36,18.422,0,6.24,0,1.195,2.45,0,9.82
2/19/2026,23:00, ,gtmpiwq_20H100465_020426_050000.bin,Pine Island,GTMNERR,0,46.538,0,30.28,0,3.728,0,102.1,0,8.01,0,40.95,13.61,7.8,0,-83.2,5.37,18.378,0,6.32,0,1.203,2.51,0,10.09
2/19/2026,23:15, ,gtmpiwq_20H100465_020426_050000.bin,Pine Island,GTMNERR,0,46.747,0,30.43,0,3.752,0,102.1,0,8,0,39.73,13.2,7.81,0,-83.6,5.36,18.328,0,6.21,0,1.205,2.42,0,9.72
2/19/2026,23:30, ,gtmpiwq_20H100465_020426_050000.bin,Pine Island,GTMNERR,0,46.982,0,30.6,0,3.777,0,102.1,0,8,0,38.74,12.87,7.82,0,-84,5.36,18.279,0,4.76,0,1.208,2.44,0,9.82
2/19/2026,23:45, ,gtmpiwq_20H100465_020426_050000.bin,Pine Island,GTMNERR,0,47.07,0,30.67,0,3.788,0,101.4,0,7.95,0,38.22,12.69,7.82,0,-84.2,5.37,18.26,0,5.02,0,1.21,2.3,0,9.25
2/20/2026,0:00, ,gtmpiwq_20H100465_020426_050000.bin,Pine Island,GTMNERR,0,47.152,0,30.73,0,3.787,0,100,0,7.84,0,37.64,12.5,7.82,0,-83.8,5.36,18.244,0,4.76,0,1.207,2.29,0,9.21
2/20/2026,0:15, ,gtmpiwq_20H100465_020426_050000.bin,Pine Island,GTMNERR,0,47.186,0,30.75,0,3.768,0,97.4,0,7.64,0,36.22,12.03,7.81,0,-83.6,5.36,18.24,0,3.4,0,1.207,1.99,0,8.01
2/20/2026,0:30, ,gtmpiwq_20H100465_020426_050000.bin,Pine Island,GTMNERR,0,47.161,0,30.73,0,3.725,0,98,0,7.68,0,37.59,12.49,7.82,0,-84.2,5.37,18.241,0,3.66,0,1.207,2.66,0,10.67
2/20/2026,0:45, ,gtmpiwq_20H100465_020426_050000.bin,Pine Island,GTMNERR,0,47.062,0,30.66,0,3.668,0,100.6,0,7.89,0,38.39,12.75,7.82,0,-84,5.36,18.259,0,3.69,0,1.209,2.79,0,11.22
2/20/2026,1:00, ,gtmpiwq_20H100465_020426_050000.bin,Pine Island,GTMNERR,0,46.753,0,30.44,0,3.604,0,101.5,0,7.96,0,39.77,13.21,7.81,0,-83.6,5.37,18.309,0,5.7,0,1.211,2.25,0,9.06
2/20/2026,1:15, ,gtmpiwq_20H100465_020426_050000.bin,Pine Island,GTMNERR,0,46.33,0,30.13,0,3.536,0,101.4,0,7.95,0,42.04,13.97,7.8,0,-82.9,5.36,18.395,0,5.62,0,1.207,2.21,0,8.89
2/20/2026,1:30, ,gtmpiwq_20H100465_020426_050000.bin,Pine Island,GTMNERR,0,45.875,0,29.8,0,3.468,0,101,0,7.93,0,44.46,14.78,7.78,0,-82,5.36,18.503,0,6.03,0,1.207,2.2,0,8.84
2/20/2026,1:45, ,gtmpiwq_20H100465_020426_050000.bin,Pine Island,GTMNERR,0,45.562,0,29.58,0,3.393,0,100.7,0,7.9,0,46.27,15.38,7.77,0,-81.4,5.37,18.581,0,5.34,0,1.207,2,0,8.03
2/20/2026,2:00, ,gtmpiwq_20H100465_020426_050000.bin,Pine Island,GTMNERR,0,45.39,0,29.45,0,3.31,0,100.4,0,7.88,0,47.33,15.74,7.77,0,-81,5.36,18.628,0,4.77,0,1.206,2.04,0,8.18
2/20/2026,2:15, ,gtmpiwq_20H100465_020426_050000.bin,Pine Island,GTMNERR,0,45.173,0,29.3,0,3.227,0,100.2,0,7.86,0,47.81,15.89,7.76,0,-80.6,5.36,18.676,0,6.72,0,1.206,2.17,0,8.72
2/20/2026,2:30, ,gtmpiwq_20H100465_020426_050000.bin,Pine Island,GTMNERR,0,44.825,0,29.04,0,3.141,0,99.8,0,7.83,0,49.37,16.42,7.75,0,-79.9,5.36,18.746,0,7.5,0,1.205,2.26,0,9.08
2/20/2026,2:45, ,gtmpiwq_20H100465_020426_050000.bin,Pine Island,GTMNERR,0,44.621,0,28.9,0,3.048,0,99.8,0,7.83,0,50.14,16.67,7.74,0,-79.5,5.36,18.782,0,8.52,0,1.202,2.34,0,9.41
2/20/2026,3:00, ,gtmpiwq_20H100465_020426_050000.bin,Pine Island,GTMNERR,0,44.423,0,28.75,0,2.952,0,99.4,0,7.79,0,51.55,17.14,7.73,0,-79.1,5.37,18.837,0,6.92,0,1.2,2.18,0,8.76
2/20/2026,3:15, ,gtmpiwq_20H100465_020426_050000.bin,Pine Island,GTMNERR,0,44.294,0,28.66,0,2.85,0,99.1,0,7.77,0,52.34,17.41,7.73,0,-78.7,5.36,18.889,0,6.51,0,1.198,2.15,0,8.63
2/20/2026,3:30, ,gtmpiwq_20H100465_020426_050000.bin,Pine Island,GTMNERR,0,44.124,0,28.54,0,2.746,0,98.8,0,7.75,0,53.07,17.65,7.72,0,-78.3,5.36,18.893,0,7.28,0,1.196,2.16,0,8.69
2/20/2026,3:45, ,gtmpiwq_20H100465_020426_050000.bin,Pine Island,GTMNERR,0,43.883,0,28.37,0,2.636,0,98.6,0,7.74,0,54.14,18.01,7.71,0,-77.8,5.37,18.921,0,7.72,0,1.193,2.13,0,8.57
2/20/2026,4:00, ,gtmpiwq_20H100465_020426_050000.bin,Pine Island,GTMNERR,0,43.672,0,28.21,0,2.537,0,97.6,0,7.66,0,54.84,18.24,7.7,0,-77.2,5.36,18.943,0,8.36,0,1.192,2.26,0,9.07
2/20/2026,4:15, ,gtmpiwq_20H100465_020426_050000.bin,Pine Island,GTMNERR,0,43.516,0,28.1,0,2.43,0,97.3,0,7.64,0,55.75,18.54,7.7,0,-76.9,5.36,18.967,0,8.05,0,1.196,2.25,0,9.04
2/20/2026,4:30, ,gtmpiwq_20H100465_020426_050000.bin,Pine Island,GTMNERR,0,43.375,0,28,0,2.338,0,96.3,0,7.57,0,56.41,18.76,7.68,0,-76.1,5.35,18.975,0,7.9,0,1.203,2.78,0,11.16
2/20/2026,4:45, ,gtmpiwq_20H100465_020426_050000.bin,Pine Island,GTMNERR,0,43.268,0,27.93,0,2.255,0,95.5,0,7.5,0,56.95,18.94,7.68,0,-75.7,5.35,18.986,0,7.65,0,1.207,2.13,0,8.57
2/20/2026,5:00, ,gtmpiwq_20H100465_020426_050000.bin,Pine Island,GTMNERR,0,43.141,0,27.83,0,2.184,0,94.3,0,7.41,0,57.87,19.25,7.67,0,-75.1,5.36,18.99,0,7.95,0,1.21,2.18,0,8.77
2/20/2026,5:15, ,gtmpiwq_20H100465_020426_050000.bin,Pine Island,GTMNERR,0,43.055,0,27.77,0,2.133,0,93.8,0,7.38,0,58.53,19.47,7.66,0,-74.6,5.35,18.996,0,7.09,0,1.206,2.28,0,9.18
2/20/2026,5:30, ,gtmpiwq_20H100465_020426_050000.bin,Pine Island,GTMNERR,0,43.003,0,27.73,0,2.113,0,93.5,0,7.36,0,59.06,19.65,7.65,0,-74.2,5.36,18.991,0,6.39,0,1.203,2.25,0,9.02
2/20/2026,5:45, ,gtmpiwq_20H100465_020426_050000.bin,Pine Island,GTMNERR,0,42.982,0,27.72,0,2.151,0,91.3,0,7.18,0,58.62,19.5,7.64,0,-73.4,5.35,18.991,0,3.64,0,1.198,2.49,0,10.01
2/20/2026,6:00, ,gtmpiwq_20H100465_020426_050000.bin,Pine Island,GTMNERR,0,43.122,0,27.82,0,2.224,0,92.9,0,7.31,0,59.03,19.64,7.64,0,-73.7,5.35,18.963,0,5.43,0,1.194,2.04,0,8.22
2/20/2026,6:15, ,gtmpiwq_20H100465_020426_050000.bin,Pine Island,GTMNERR,0,43.341,0,27.98,0,2.324,0,92.9,0,7.31,0,57.64,19.17,7.65,0,-74.3,5.36,18.909,0,6.65,0,1.192,2.11,0,8.46
2/20/2026,6:30, ,gtmpiwq_20H100465_020426_050000.bin,Pine Island,GTMNERR,0,43.322,0,27.96,0,2.423,0,93.7,0,7.37,0,57.73,19.2,7.65,0,-74.4,5.35,18.909,0,6.27,0,1.2,2.02,0,8.1
2/20/2026,6:45, ,gtmpiwq_20H100465_020426_050000.bin,Pine Island,GTMNERR,0,43.509,0,28.1,0,2.519,0,94.2,0,7.41,0,56.66,18.85,7.66,0,-75,5.36,18.865,0,7.04,0,1.206,2.02,0,8.11
2/20/2026,7:00, ,gtmpiwq_20H100465_020426_050000.bin,Pine Island,GTMNERR,0,43.711,0,28.24,0,2.609,0,94.6,0,7.44,0,55.77,18.55,7.67,0,-75.5,5.35,18.835,0,6.26,0,1.202,2.07,0,8.33
2/20/2026,7:15, ,gtmpiwq_20H100465_020426_050000.bin,Pine Island,GTMNERR,0,43.782,0,28.29,0,2.7,0,95.2,0,7.49,0,55.14,18.34,7.68,0,-76,5.35,18.834,0,7.29,0,1.201,2.17,0,8.74
2/20/2026,7:30, ,gtmpiwq_20H100465_020426_050000.bin,Pine Island,GTMNERR,0,44.138,0,28.55,0,2.782,0,94.3,0,7.42,0,52.89,17.59,7.68,0,-76.1,5.36,18.739,0,9.94,0,1.198,2.1,0,8.46
2/20/2026,7:45, ,gtmpiwq_20H100465_020426_050000.bin,Pine Island,GTMNERR,0,44.302,0,28.67,0,2.867,0,94.7,0,7.45,0,52.77,17.55,7.69,0,-76.6,5.35,18.716,0,8.11,0,1.197,2.02,0,8.13
2/20/2026,8:00, ,gtmpiwq_20H100465_020426_050000.bin,Pine Island,GTMNERR,0,44.425,0,28.76,0,2.942,0,95.1,0,7.48,0,51.98,17.29,7.7,0,-77,5.36,18.709,0,7.56,0,1.196,2.04,0,8.19
2/20/2026,8:15, ,gtmpiwq_20H100465_020426_050000.bin,Pine Island,GTMNERR,0,44.597,0,28.88,0,3.019,0,94.7,0,7.44,0,51.77,17.22,7.7,0,-77,5.35,18.69,0,6.22,0,1.197,1.97,0,7.92
2/20/2026,8:30, ,gtmpiwq_20H100465_020426_050000.bin,Pine Island,GTMNERR,0,44.704,0,28.96,0,3.088,0,95.2,0,7.48,0,51.03,16.97,7.7,0,-77.4,5.35,18.677,0,6.32,0,1.198,2.09,0,8.42
2/20/2026,8:45, ,gtmpiwq_20H100465_020426_050000.bin,Pine Island,GTMNERR,0,44.784,0,29.01,0,3.158,0,95.8,0,7.53,0,50.11,16.66,7.71,0,-77.8,5.36,18.674,0,8.39,0,1.197,2,0,8.06
2/20/2026,9:00, ,gtmpiwq_20H100465_020426_050000.bin,Pine Island,GTMNERR,0,44.951,0,29.14,0,3.225,0,95.7,0,7.52,0,49.71,16.53,7.72,0,-78.1,5.35,18.649,0,6.44,0,1.197,2,0,8.05
2/20/2026,9:15, ,gtmpiwq_20H100465_020426_050000.bin,Pine Island,GTMNERR,0,45.182,0,29.3,0,3.29,0,96,0,7.54,0,48.76,16.21,7.73,0,-78.6,5.36,18.609,0,6.06,0,1.197,2.06,0,8.28
2/20/2026,9:30, ,gtmpiwq_20H100465_020426_050000.bin,Pine Island,GTMNERR,0,45.347,0,29.42,0,3.353,0,96.5,0,7.57,0,47.93,15.93,7.74,0,-79.1,5.35,18.589,0,5.65,0,1.198,2.02,0,8.12
2/20/2026,9:45, ,gtmpiwq_20H100465_020426_050000.bin,Pine Island,GTMNERR,0,45.524,0,29.55,0,3.416,0,96.6,0,7.58,0,46.9,15.59,7.74,0,-79.5,5.36,18.565,0,6.02,0,1.199,1.97,0,7.9
2/20/2026,10:00, ,gtmpiwq_20H100465_020426_050000.bin,Pine Island,GTMNERR,0,45.761,0,29.72,0,3.479,0,97.1,0,7.61,0,45.47,15.11,7.75,0,-80.1,5.36,18.54,0,7.12,0,1.201,2,0,8.03
2/20/2026,10:15, ,gtmpiwq_20H100465_020426_050000.bin,Pine Island,GTMNERR,0,46.031,0,29.92,0,3.535,0,97.2,0,7.62,0,44.07,14.65,7.76,0,-80.6,5.35,18.494,0,5.81,0,1.199,2.12,0,8.51
2/20/2026,10:30, ,gtmpiwq_20H100465_020426_050000.bin,Pine Island,GTMNERR,0,46.197,0,30.04,0,3.589,0,97.5,0,7.64,0,43.21,14.36,7.77,0,-81,5.36,18.478,0,5.31,0,1.201,2.02,0,8.13
2/20/2026,10:45, ,gtmpiwq_20H100465_020426_050000.bin,Pine Island,GTMNERR,0,46.267,0,30.09,0,3.638,0,97.5,0,7.64,0,42.94,14.27,7.77,0,-81.1,5.35,18.493,0,5.59,0,1.204,1.98,0,7.96
2/20/2026,11:00, ,gtmpiwq_20H100465_020426_050000.bin,Pine Island,GTMNERR,0,46.418,0,30.2,0,3.68,0,97.5,0,7.64,0,42.08,13.99,7.77,0,-81.3,5.35,18.458,0,5.87,0,1.205,1.98,0,7.98
2/20/2026,11:15, ,gtmpiwq_20H100465_020426_050000.bin,Pine Island,GTMNERR,0,46.561,0,30.3,0,3.711,0,97.6,0,7.64,0,41.29,13.72,7.78,0,-81.6,5.36,18.445,0,6.05,0,1.206,2.05,0,8.25
2/20/2026,11:30, ,gtmpiwq_20H100465_020426_050000.bin,Pine Island,GTMNERR,0,46.791,0,30.47,0,3.735,0,97.8,0,7.65,0,40.15,13.34,7.79,0,-82.2,5.35,18.428,0,6,0,1.208,2.05,0,8.23
2/20/2026,11:45, ,gtmpiwq_20H100465_020426_050000.bin,Pine Island,GTMNERR,0,46.873,0,30.53,0,3.75,0,97.4,0,7.61,0,39.7,13.19,7.79,0,-82.5,5.36,18.473,0,4.86,0,1.207,1.71,0,6.9
2/20/2026,12:00, ,gtmpiwq_20H100465_020426_050000.bin,Pine Island,GTMNERR,0,46.987,0,30.61,0,3.756,0,97.6,0,7.63,0,39.12,13,7.79,0,-82.6,5.35,18.399,0,5.09,0,1.208,1.7,0,6.85
2/20/2026,12:15, ,gtmpiwq_20H100465_020426_050000.bin,Pine Island,GTMNERR,0,46.965,0,30.59,0,3.745,0,96.3,0,7.52,0,38.05,12.64,7.79,0,-82.3,5.35,18.509,0,4.26,0,1.197,2.15,0,8.64
2/20/2026,12:30, ,gtmpiwq_20H100465_020426_050000.bin,Pine Island,GTMNERR,0,46.997,0,30.62,0,3.712,0,93.8,0,7.33,0,37.54,12.47,7.79,0,-82.3,5.36,18.44,0,4.55,0,1.194,2.17,0,8.74
2/20/2026,12:45, ,gtmpiwq_20H100465_020426_050000.bin,Pine Island,GTMNERR,0,46.857,0,30.51,0,3.659,0,98.8,0,7.69,0,38.87,12.91,7.78,0,-82,5.35,18.676,0,3.2,0,1.202,2.22,0,8.91
2/20/2026,13:00, ,gtmpiwq_20H100465_020426_050000.bin,Pine Island,GTMNERR,0,46.827,0,30.49,0,3.597,0,98.8,0,7.71,0,39.7,13.19,7.79,0,-82.4,5.36,18.555,0,4.42,0,1.198,2.12,0,8.5
2/20/2026,13:15, ,gtmpiwq_20H100465_020426_050000.bin,Pine Island,GTMNERR,0,46.499,0,30.25,0,3.526,0,99.9,0,7.77,0,41.32,13.73,7.79,0,-82.3,5.35,18.775,0,4.91,0,1.199,2.14,0,8.58
2/20/2026,13:30, ,gtmpiwq_20H100465_020426_050000.bin,Pine Island,GTMNERR,0,46.144,0,30,0,3.455,0,99.8,0,7.77,0,43.13,14.33,7.78,0,-81.7,5.35,18.836,0,5.87,0,1.197,2.18,0,8.77
2/20/2026,13:45, ,gtmpiwq_20H100465_020426_050000.bin,Pine Island,GTMNERR,0,45.799,0,29.75,0,3.377,0,99.8,0,7.77,0,44.77,14.88,7.77,0,-81.1,5.36,18.913,0,5.4,0,1.196,2.22,0,8.93
2/20/2026,14:00, ,gtmpiwq_20H100465_020426_050000.bin,Pine Island,GTMNERR,0,45.556,0,29.57,0,3.298,0,99.6,0,7.75,0,46.11,15.33,7.76,0,-80.7,5.35,19.05,0,5.04,0,1.197,1.98,0,7.95
2/20/2026,14:15, ,gtmpiwq_20H100465_020426_050000.bin,Pine Island,GTMNERR,0,45.244,0,29.35,0,3.218,0,99.7,0,7.74,0,47.64,15.84,7.75,0,-80.2,5.36,19.195,0,5.51,0,1.195,2.1,0,8.43
2/20/2026,14:30, ,gtmpiwq_20H100465_020426_050000.bin,Pine Island,GTMNERR,0,45.08,0,29.23,0,3.132,0,100.5,0,7.8,0,47.88,15.92,7.75,0,-80.1,5.36,19.304,0,7.11,0,1.196,2.15,0,8.64
2/20/2026,14:45, ,gtmpiwq_20H100465_020426_050000.bin,Pine Island,GTMNERR,0,44.871,0,29.08,0,3.046,0,100.5,0,7.79,0,48.82,16.23,7.74,0,-79.7,5.35,19.401,0,7.3,0,1.194,2.17,0,8.71
2/20/2026,15:00, ,gtmpiwq_20H100465_020426_050000.bin,Pine Island,GTMNERR,0,44.706,0,28.96,0,2.951,0,101.1,0,7.82,0,49.85,16.58,7.74,0,-79.4,5.35,19.511,0,6.7,0,1.196,2.2,0,8.85
2/20/2026,15:15, ,gtmpiwq_20H100465_020426_050000.bin,Pine Island,GTMNERR,0,44.549,0,28.84,0,2.85,0,101.2,0,7.82,0,50.58,16.82,7.73,0,-78.9,5.36,19.624,0,6.4,0,1.206,2.22,0,8.91
2/20/2026,15:30, ,gtmpiwq_20H100465_020426_050000.bin,Pine Island,GTMNERR,0,44.403,0,28.74,0,2.746,0,101.2,0,7.8,0,51.4,17.09,7.73,0,-78.9,5.34,19.739,0,5.91,0,1.211,2.16,0,8.68
2/20/2026,15:45, ,gtmpiwq_20H100465_020426_050000.bin,Pine Island,GTMNERR,0,44.227,0,28.61,0,2.636,0,101.8,0,7.84,0,52.19,17.36,7.73,0,-78.8,5.35,19.875,0,6.25,0,1.201,2.14,0,8.61
2/20/2026,16:00, ,gtmpiwq_20H100465_020426_050000.bin,Pine Island,GTMNERR,0,43.985,0,28.44,0,2.527,0,102.7,0,7.89,0,53.04,17.64,7.72,0,-78.7,5.35,20.056,0,6.28,0,1.196,2.19,0,8.79
2/20/2026,16:15, ,gtmpiwq_20H100465_020426_050000.bin,Pine Island,GTMNERR,0,43.78,0,28.29,0,2.407,0,103.1,0,7.91,0,53.86,17.91,7.72,0,-78.5,5.33,20.201,0,6.84,0,1.195,2.12,0,8.51
2/20/2026,16:30, ,gtmpiwq_20H100465_020426_050000.bin,Pine Island,GTMNERR,0,43.671,0,28.21,0,2.301,0,104.5,0,7.98,0,54.11,18,7.72,0,-78.7,5.33,20.451,0,7.19,0,1.204,2.19,0,8.78
2/20/2026,16:45, ,gtmpiwq_20H100465_020426_050000.bin,Pine Island,GTMNERR,0,43.507,0,28.09,0,2.195,0,104.4,0,7.96,0,54.76,18.21,7.72,0,-78.6,5.29,20.591,0,6.89,0,1.197,2.16,0,8.68
2/20/2026,17:00, ,gtmpiwq_20H100465_020426_050000.bin,Pine Island,GTMNERR,0,43.36,0,27.98,0,2.107,0,104.8,0,7.97,0,55.27,18.38,7.72,0,-78.5,5.28,20.746,0,7.44,0,1.196,2.27,0,9.14
2/20/2026,17:15, ,gtmpiwq_20H100465_020426_050000.bin,Pine Island,GTMNERR,0,43.302,0,27.94,0,2.038,0,105.7,0,8.01,0,55.58,18.49,7.72,0,-78.6,5.28,20.916,0,7.37,0,1.201,1.97,0,7.91
2/20/2026,17:30, ,gtmpiwq_20H100465_020426_050000.bin,Pine Island,GTMNERR,0,43.271,0,27.92,0,1.99,0,105.9,0,8.01,0,55.7,18.53,7.72,0,-78.5,5.25,21.028,0,7.47,0,1.203,2.49,0,10
2/20/2026,17:45, ,gtmpiwq_20H100465_020426_050000.bin,Pine Island,GTMNERR,0,43.22,0,27.88,0,1.967,0,105.1,0,7.95,0,55.94,18.61,7.71,0,-78.2,5.24,21.064,0,7.36,0,1.203,2.61,0,10.47
2/20/2026,18:00, ,gtmpiwq_20H100465_020426_050000.bin,Pine Island,GTMNERR,0,43.187,0,27.85,0,1.993,0,102.3,0,7.74,0,55.64,18.51,7.7,0,-77.7,5.27,21.07,0,3.81,0,1.201,2.31,0,9.29
2/20/2026,18:15, ,gtmpiwq_20H100465_020426_050000.bin,Pine Island,GTMNERR,0,43.21,0,27.87,0,2.067,0,105.2,0,7.98,0,57.33,19.07,7.71,0,-77.8,5.28,20.936,0,5,0,1.2,2.32,0,9.3
2/20/2026,18:30, ,gtmpiwq_20H100465_020426_050000.bin,Pine Island,GTMNERR,0,43.505,0,28.08,0,2.168,0,105.9,0,8.03,0,55.52,18.47,7.72,0,-78.3,5.27,20.909,0,6.03,0,1.201,2.44,0,9.8
2/20/2026,18:45, ,gtmpiwq_20H100465_020426_050000.bin,Pine Island,GTMNERR,0,43.53,0,28.1,0,2.283,0,105.7,0,8.02,0,54.62,18.17,7.72,0,-78.4,5.26,20.848,0,7.94,0,1.201,2.56,0,10.28
2/20/2026,19:00, ,gtmpiwq_20H100465_020426_050000.bin,Pine Island,GTMNERR,0,43.615,0,28.16,0,2.405,0,105.1,0,7.99,0,54.43,18.1,7.72,0,-78.4,5.27,20.702,0,7.69,0,1.202,2.53,0,10.17
2/20/2026,19:15, ,gtmpiwq_20H100465_020426_050000.bin,Pine Island,GTMNERR,0,43.863,0,28.34,0,2.519,0,104.7,0,7.97,0,53.93,17.94,7.72,0,-78.7,5.28,20.597,0,6.78,0,1.203,2.42,0,9.72
2/20/2026,19:30, ,gtmpiwq_20H100465_020426_050000.bin,Pine Island,GTMNERR,0,43.99,0,28.44,0,2.63,0,104.3,0,7.95,0,53.01,17.63,7.73,0,-79,5.27,20.468,0,7.66,0,1.203,2.55,0,10.23
2/20/2026,19:45, ,gtmpiwq_20H100465_020426_050000.bin,Pine Island,GTMNERR,0,44.338,0,28.69,0,2.726,0,104.1,0,7.92,0,50.77,16.88,7.74,0,-79.6,5.28,20.458,0,9.44,0,1.209,2.66,0,10.7
2/20/2026,20:00, ,gtmpiwq_20H100465_020426_050000.bin,Pine Island,GTMNERR,0,44.523,0,28.82,0,2.817,0,103.9,0,7.93,0,50.22,16.7,7.74,0,-79.8,5.28,20.278,0,8.96,0,1.202,2.5,0,10.03
2/20/2026,20:15, ,gtmpiwq_20H100465_020426_050000.bin,Pine Island,GTMNERR,0,44.657,0,28.92,0,2.898,0,103.7,0,7.92,0,49.88,16.59,7.75,0,-80,5.29,20.212,0,7.13,0,1.198,2.5,0,10.05
2/20/2026,20:30, ,gtmpiwq_20H100465_020426_050000.bin,Pine Island,GTMNERR,0,44.738,0,28.98,0,2.974,0,103.2,0,7.89,0,49.93,16.6,7.75,0,-80,5.3,20.132,0,7.33,0,1.198,2.48,0,9.94
2/20/2026,20:45, ,gtmpiwq_20H100465_020426_050000.bin,Pine Island,GTMNERR,0,44.891,0,29.09,0,3.047,0,103.5,0,7.9,0,48.8,16.23,7.75,0,-80.2,5.29,20.15,0,8.14,0,1.196,2.47,0,9.94
2/20/2026,21:00, ,gtmpiwq_20H100465_020426_050000.bin,Pine Island,GTMNERR,0,45.027,0,29.19,0,3.12,0,103,0,7.86,0,48.35,16.08,7.75,0,-80.3,5.29,20.123,0,7.44,0,1.196,2.47,0,9.91
2/20/2026,21:15, ,gtmpiwq_20H100465_020426_050000.bin,Pine Island,GTMNERR,0,45.205,0,29.31,0,3.189,0,103.1,0,7.87,0,47.84,15.91,7.76,0,-80.7,5.28,20.083,0,7.38,0,1.203,2.35,0,9.46
2/20/2026,21:30, ,gtmpiwq_20H100465_020426_050000.bin,Pine Island,GTMNERR,0,45.36,0,29.43,0,3.254,0,103.2,0,7.89,0,47.01,15.63,7.76,0,-81,5.29,19.993,0,6.44,0,1.21,2.34,0,9.41
2/20/2026,21:45, ,gtmpiwq_20H100465_020426_050000.bin,Pine Island,GTMNERR,0,45.54,0,29.56,0,3.32,0,103,0,7.88,0,46.13,15.34,7.77,0,-81.3,5.3,19.914,0,5.91,0,1.205,2.37,0,9.52
2/20/2026,22:00, ,gtmpiwq_20H100465_020426_050000.bin,Pine Island,GTMNERR,0,45.757,0,29.71,0,3.387,0,103.3,0,7.89,0,45.21,15.03,7.78,0,-81.7,5.29,19.909,0,5.98,0,1.2,2.36,0,9.5
2/20/2026,22:15, ,gtmpiwq_20H100465_020426_050000.bin,Pine Island,GTMNERR,0,46.052,0,29.93,0,3.451,0,103.1,0,7.88,0,43.55,14.48,7.78,0,-82.3,5.3,19.838,0,6.34,0,1.197,2.39,0,9.6
2/20/2026,22:30, ,gtmpiwq_20H100465_020426_050000.bin,Pine Island,GTMNERR,0,46.249,0,30.07,0,3.511,0,102.9,0,7.87,0,42.66,14.18,7.79,0,-82.6,5.29,19.787,0,6.23,0,1.193,2.42,0,9.71
2/20/2026,22:45, ,gtmpiwq_20H100465_020426_050000.bin,Pine Island,GTMNERR,0,46.362,0,30.15,0,3.569,0,103.1,0,7.88,0,41.89,13.92,7.79,0,-82.8,5.3,19.765,0,7.14,0,1.196,2.58,0,10.35
2/20/2026,23:00, ,gtmpiwq_20H100465_020426_050000.bin,Pine Island,GTMNERR,0,46.443,0,30.21,0,3.621,0,102.4,0,7.83,0,41.34,13.74,7.8,0,-82.9,5.31,19.72,0,6.91,0,1.209,2.27,0,9.12
2/20/2026,23:15, ,gtmpiwq_20H100465_020426_050000.bin,Pine Island,GTMNERR,0,46.521,0,30.27,0,3.671,0,102.2,0,7.82,0,40.91,13.59,7.8,0,-82.9,5.3,19.674,0,6.9,0,1.202,2.28,0,9.15
2/20/2026,23:30, ,gtmpiwq_20H100465_020426_050000.bin,Pine Island,GTMNERR,0,46.768,0,30.45,0,3.708,0,102.3,0,7.83,0,39.75,13.21,7.8,0,-83.3,5.31,19.586,0,7.26,0,1.198,2.2,0,8.85
2/20/2026,23:45, ,gtmpiwq_20H100465_020426_050000.bin,Pine Island,GTMNERR,0,46.937,0,30.57,0,3.74,0,102.4,0,7.84,0,38.46,12.78,7.81,0,-83.6,5.3,19.536,0,8.52,0,1.197,2.48,0,9.97
2/21/2026,0:00, ,gtmpiwq_20H100465_020426_050000.bin,Pine Island,GTMNERR,0,47.095,0,30.69,0,3.764,0,102,0,7.81,0,37.98,12.62,7.81,0,-83.8,5.3,19.476,0,7.16,0,1.196,2.4,0,9.63
2/21/2026,0:15, ,gtmpiwq_20H100465_020426_050000.bin,Pine Island,GTMNERR,0,47.341,0,30.86,0,3.785,0,102,0,7.82,0,36.8,12.22,7.82,0,-84.1,5.31,19.416,0,5.57,0,1.206,2.81,0,11.28
2/21/2026,0:30, ,gtmpiwq_20H100465_020426_050000.bin,Pine Island,GTMNERR,0,47.451,0,30.94,0,3.79,0,101.5,0,7.78,0,36.26,12.04,7.82,0,-84.3,5.3,19.389,0,4.65,0,1.209,2.58,0,10.37
2/21/2026,0:45, ,gtmpiwq_20H100465_020426_050000.bin,Pine Island,GTMNERR,0,47.482,0,30.97,0,3.784,0,98.9,0,7.58,0,35.6,11.82,7.81,0,-83.7,5.3,19.381,0,3.82,0,1.201,2.1,0,8.43
2/21/2026,1:00, ,gtmpiwq_20H100465_020426_050000.bin,Pine Island,GTMNERR,0,47.524,0,31,0,3.754,0,86.2,0,6.6,0,34.76,11.54,7.76,0,-80.8,5.29,19.377,0,4.19,0,1.194,2.38,0,9.55
2/21/2026,1:15, ,gtmpiwq_20H100465_020426_050000.bin,Pine Island,GTMNERR,0,47.403,0,30.91,0,3.701,0,99.7,0,7.64,0,36.7,12.19,7.82,0,-84,5.3,19.392,0,3.48,0,1.201,2.2,0,8.83
2/21/2026,1:30, ,gtmpiwq_20H100465_020426_050000.bin,Pine Island,GTMNERR,0,47.264,0,30.81,0,3.633,0,101.7,0,7.79,0,37.06,12.31,7.81,0,-83.9,5.31,19.425,0,5.58,0,1.211,2.26,0,9.07
2/21/2026,1:45, ,gtmpiwq_20H100465_020426_050000.bin,Pine Island,GTMNERR,0,46.835,0,30.5,0,3.563,0,101.6,0,7.79,0,39.31,13.06,7.8,0,-83.3,5.3,19.525,0,6.41,0,1.204,2.3,0,9.25
2/21/2026,2:00, ,gtmpiwq_20H100465_020426_050000.bin,Pine Island,GTMNERR,0,46.226,0,30.05,0,3.491,0,100.8,0,7.72,0,42.8,14.22,7.78,0,-82.2,5.3,19.705,0,5.93,0,1.199,2.12,0,8.54
2/21/2026,2:15, ,gtmpiwq_20H100465_020426_050000.bin,Pine Island,GTMNERR,0,45.861,0,29.79,0,3.416,0,100.8,0,7.71,0,44.66,14.84,7.77,0,-81.5,5.3,19.84,0,5.81,0,1.198,2.04,0,8.21
2/21/2026,2:30, ,gtmpiwq_20H100465_020426_050000.bin,Pine Island,GTMNERR,0,45.785,0,29.73,0,3.338,0,100.4,0,7.68,0,45.33,15.07,7.77,0,-81.2,5.3,19.874,0,5.21,0,1.195,1.79,0,7.21
2/21/2026,2:45, ,gtmpiwq_20H100465_020426_050000.bin,Pine Island,GTMNERR,0,45.657,0,29.64,0,3.256,0,100.4,0,7.68,0,45.54,15.14,7.76,0,-81,5.31,19.908,0,6.71,0,1.192,1.99,0,8.02
2/21/2026,3:00, ,gtmpiwq_20H100465_020426_050000.bin,Pine Island,GTMNERR,0,45.404,0,29.46,0,3.168,0,99.9,0,7.64,0,46.43,15.43,7.75,0,-80.4,5.3,19.981,0,8.61,0,1.194,2.04,0,8.21
2/21/2026,3:15, ,gtmpiwq_20H100465_020426_050000.bin,Pine Island,GTMNERR,0,45.182,0,29.3,0,3.083,0,99.9,0,7.63,0,47.53,15.8,7.75,0,-80,5.32,20.041,0,8.87,0,1.204,2.22,0,8.92
2/21/2026,3:30, ,gtmpiwq_20H100465_020426_050000.bin,Pine Island,GTMNERR,0,44.957,0,29.14,0,2.997,0,99.6,0,7.61,0,49.16,16.34,7.74,0,-79.5,5.3,20.111,0,7.81,0,1.201,1.98,0,7.98
2/21/2026,3:45, ,gtmpiwq_20H100465_020426_050000.bin,Pine Island,GTMNERR,0,44.845,0,29.05,0,2.903,0,99.2,0,7.57,0,50.01,16.63,7.73,0,-79.2,5.3,20.185,0,6.42,0,1.212,1.92,0,7.72
2/21/2026,4:00, ,gtmpiwq_20H100465_020426_050000.bin,Pine Island,GTMNERR,0,44.687,0,28.94,0,2.802,0,98.6,0,7.53,0,50.53,16.8,7.72,0,-78.7,5.29,20.222,0,6.97,0,1.203,2.01,0,8.06
2/21/2026,4:15, ,gtmpiwq_20H100465_020426_050000.bin,Pine Island,GTMNERR,0,44.499,0,28.8,0,2.694,0,98.1,0,7.49,0,51.22,17.03,7.72,0,-78.2,5.29,20.247,0,8.87,0,1.199,2.16,0,8.67
2/21/2026,4:30, ,gtmpiwq_20H100465_020426_050000.bin,Pine Island,GTMNERR,0,44.275,0,28.64,0,2.589,0,97.3,0,7.43,0,52.23,17.37,7.71,0,-77.6,5.3,20.29,0,9.41,0,1.196,2.13,0,8.55
2/21/2026,4:45, ,gtmpiwq_20H100465_020426_050000.bin,Pine Island,GTMNERR,0,44.12,0,28.53,0,2.481,0,97,0,7.41,0,52.74,17.54,7.7,0,-77.1,5.28,20.315,0,9.76,0,1.192,2.15,0,8.63
2/21/2026,5:00, ,gtmpiwq_20H100465_020426_050000.bin,Pine Island,GTMNERR,0,44.019,0,28.46,0,2.388,0,96.5,0,7.37,0,53.75,17.88,7.69,0,-76.6,5.29,20.343,0,8.98,0,1.192,2.14,0,8.61
2/21/2026,5:15, ,gtmpiwq_20H100465_020426_050000.bin,Pine Island,GTMNERR,0,43.915,0,28.38,0,2.292,0,95.7,0,7.31,0,54.37,18.09,7.68,0,-75.9,5.29,20.37,0,8.34,0,1.204,2.09,0,8.4
2/21/2026,5:30, ,gtmpiwq_20H100465_020426_050000.bin,Pine Island,GTMNERR,0,43.865,0,28.35,0,2.215,0,94.6,0,7.22,0,55.04,18.31,7.67,0,-75.5,5.29,20.379,0,7.11,0,1.211,2.02,0,8.11
2/21/2026,5:45, ,gtmpiwq_20H100465_020426_050000.bin,Pine Island,GTMNERR,0,43.761,0,28.27,0,2.148,0,94.3,0,7.2,0,55.4,18.43,7.66,0,-75.1,5.28,20.408,0,7.15,0,1.203,2.01,0,8.1
2/21/2026,6:00, ,gtmpiwq_20H100465_020426_050000.bin,Pine Island,GTMNERR,0,43.699,0,28.23,0,2.105,0,93,0,7.1,0,56.22,18.7,7.66,0,-74.8,5.3,20.419,0,6.75,0,1.196,2.09,0,8.41
2/21/2026,6:15, ,gtmpiwq_20H100465_020426_050000.bin,Pine Island,GTMNERR,0,43.654,0,28.2,0,2.098,0,92.8,0,7.09,0,56.72,18.87,7.65,0,-74.4,5.28,20.427,0,5.91,0,1.196,2.08,0,8.38
2/21/2026,6:30, ,gtmpiwq_20H100465_020426_050000.bin,Pine Island,GTMNERR,0,43.669,0,28.21,0,2.145,0,89.7,0,6.85,0,56.81,18.9,7.65,0,-74.1,5.28,20.416,0,8.56,0,1.205,2.22,0,8.91
2/21/2026,6:45, ,gtmpiwq_20H100465_020426_050000.bin,Pine Island,GTMNERR,0,43.653,0,28.19,0,2.218,0,91.8,0,7.02,0,57.76,19.22,7.64,0,-73.8,5.29,20.379,0,4.86,0,1.209,2.39,0,9.59
2/21/2026,7:00, ,gtmpiwq_20H100465_020426_050000.bin,Pine Island,GTMNERR,0,43.93,0,28.39,0,2.314,0,92.1,0,7.04,0,55.42,18.43,7.65,0,-74.5,5.28,20.31,0,6.17,0,1.202,2.26,0,9.08
2/21/2026,7:15, ,gtmpiwq_20H100465_020426_050000.bin,Pine Island,GTMNERR,0,43.955,0,28.41,0,2.412,0,93.1,0,7.12,0,55.14,18.34,7.66,0,-74.6,5.29,20.274,0,7.22,0,1.198,1.95,0,7.86
2/21/2026,7:30, ,gtmpiwq_20H100465_020426_050000.bin,Pine Island,GTMNERR,0,44.078,0,28.5,0,2.508,0,93.4,0,7.15,0,54.71,18.2,7.66,0,-75,5.3,20.22,0,6.5,0,1.195,1.91,0,7.69
2/21/2026,7:45, ,gtmpiwq_20H100465_020426_050000.bin,Pine Island,GTMNERR,0,44.225,0,28.61,0,2.601,0,93.7,0,7.17,0,53.84,17.91,7.67,0,-75.4,5.29,20.187,0,6.87,0,1.195,1.89,0,7.62
2/21/2026,8:00, ,gtmpiwq_20H100465_020426_050000.bin,Pine Island,GTMNERR,0,44.328,0,28.68,0,2.689,0,94.4,0,7.23,0,52.82,17.57,7.68,0,-75.9,5.3,20.168,0,6.95,0,1.205,1.87,0,7.52
2/21/2026,8:15, ,gtmpiwq_20H100465_020426_050000.bin,Pine Island,GTMNERR,0,44.546,0,28.84,0,2.774,0,93.8,0,7.18,0,50.63,16.84,7.68,0,-76.1,5.29,20.101,0,12.22,0,1.211,2.25,0,9.03
2/21/2026,8:30, ,gtmpiwq_20H100465_020426_050000.bin,Pine Island,GTMNERR,0,44.744,0,28.98,0,2.858,0,93.5,0,7.16,0,50.56,16.81,7.69,0,-76.4,5.29,20.042,0,9.32,0,1.205,2.03,0,8.15
2/21/2026,8:45, ,gtmpiwq_20H100465_020426_050000.bin,Pine Island,GTMNERR,0,44.87,0,29.07,0,2.937,0,94.2,0,7.21,0,49.92,16.6,7.69,0,-76.9,5.3,20.036,0,9.36,0,1.201,2.09,0,8.4
2/21/2026,9:00, ,gtmpiwq_20H100465_020426_050000.bin,Pine Island,GTMNERR,0,45.027,0,29.19,0,3.007,0,94.2,0,7.21,0,49.82,16.57,7.7,0,-77,5.3,20.017,0,6.24,0,1.198,1.92,0,7.71
2/21/2026,9:15, ,gtmpiwq_20H100465_020426_050000.bin,Pine Island,GTMNERR,0,45.142,0,29.27,0,3.075,0,94.4,0,7.23,0,49.21,16.36,7.7,0,-77.5,5.3,20.001,0,6.43,0,1.193,2,0,8.04
2/21/2026,9:30, ,gtmpiwq_20H100465_020426_050000.bin,Pine Island,GTMNERR,0,45.222,0,29.33,0,3.137,0,95.5,0,7.31,0,48.09,15.99,7.71,0,-78,5.29,19.985,0,8.39,0,1.196,2.13,0,8.57
2/21/2026,9:45, ,gtmpiwq_20H100465_020426_050000.bin,Pine Island,GTMNERR,0,45.399,0,29.46,0,3.197,0,95.4,0,7.3,0,47.69,15.86,7.72,0,-78.3,5.29,19.958,0,7.09,0,1.206,2.03,0,8.15
2/21/2026,10:00, ,gtmpiwq_20H100465_020426_050000.bin,Pine Island,GTMNERR,0,45.556,0,29.57,0,3.256,0,95.9,0,7.33,0,46.96,15.61,7.72,0,-78.7,5.3,19.934,0,6.68,0,1.209,2.04,0,8.2
2/21/2026,10:15, ,gtmpiwq_20H100465_020426_050000.bin,Pine Island,GTMNERR,0,45.703,0,29.68,0,3.318,0,96.4,0,7.37,0,46.38,15.42,7.73,0,-79.2,5.3,19.908,0,5.54,0,1.202,1.93,0,7.75
2/21/2026,10:30, ,gtmpiwq_20H100465_020426_050000.bin,Pine Island,GTMNERR,0,45.806,0,29.75,0,3.379,0,96.6,0,7.38,0,45.71,15.19,7.74,0,-79.4,5.3,19.91,0,5.42,0,1.196,2,0,8.03
2/21/2026,10:45, ,gtmpiwq_20H100465_020426_050000.bin,Pine Island,GTMNERR,0,46.003,0,29.89,0,3.441,0,97,0,7.41,0,44.7,14.86,7.75,0,-80,5.28,19.887,0,6.2,0,1.197,1.99,0,7.99
2/21/2026,11:00, ,gtmpiwq_20H100465_020426_050000.bin,Pine Island,GTMNERR,0,46.154,0,30,0,3.497,0,97.4,0,7.44,0,43.58,14.48,7.75,0,-80.4,5.29,19.856,0,6.27,0,1.204,2.06,0,8.27
2/21/2026,11:15, ,gtmpiwq_20H100465_020426_050000.bin,Pine Island,GTMNERR,0,46.436,0,30.21,0,3.545,0,97.7,0,7.46,0,42.21,14.03,7.76,0,-81,5.3,19.804,0,5.38,0,1.204,2.03,0,8.16
2/21/2026,11:30, ,gtmpiwq_20H100465_020426_050000.bin,Pine Island,GTMNERR,0,46.553,0,30.29,0,3.59,0,98.1,0,7.49,0,41.32,13.73,7.77,0,-81.2,5.3,19.788,0,5.62,0,1.205,2.09,0,8.42
2/21/2026,11:45, ,gtmpiwq_20H100465_020426_050000.bin,Pine Island,GTMNERR,0,46.634,0,30.35,0,3.624,0,98.3,0,7.5,0,41.02,13.63,7.77,0,-81.2,5.3,19.777,0,5.48,0,1.205,2.04,0,8.19
2/21/2026,12:00, ,gtmpiwq_20H100465_020426_050000.bin,Pine Island,GTMNERR,0,46.695,0,30.39,0,3.653,0,98.2,0,7.5,0,40.59,13.49,7.77,0,-81.5,5.29,19.78,0,6.14,0,1.208,2.17,0,8.71
2/21/2026,12:15, ,gtmpiwq_20H100465_020426_050000.bin,Pine Island,GTMNERR,0,46.751,0,30.43,0,3.675,0,97.6,0,7.44,0,40.45,13.44,7.77,0,-81.4,5.3,19.795,0,5.02,0,1.211,2.28,0,9.17
2/21/2026,12:30, ,gtmpiwq_20H100465_020426_050000.bin,Pine Island,GTMNERR,0,46.843,0,30.5,0,3.686,0,97.3,0,7.42,0,39.98,13.28,7.77,0,-81.7,5.3,19.782,0,4.19,0,1.207,2.23,0,8.98
2/21/2026,12:45, ,gtmpiwq_20H100465_020426_050000.bin,Pine Island,GTMNERR,0,46.92,0,30.56,0,3.681,0,96.8,0,7.36,0,39,12.96,7.77,0,-81.4,5.3,19.912,0,3.04,0,1.205,2.17,0,8.72
2/21/2026,13:00, ,gtmpiwq_20H100465_020426_050000.bin,Pine Island,GTMNERR,0,46.939,0,30.57,0,3.658,0,96.4,0,7.34,0,38.13,12.67,7.77,0,-81.6,5.3,19.882,0,3.42,0,1.204,2.1,0,8.43
2/21/2026,13:15, ,gtmpiwq_20H100465_020426_050000.bin,Pine Island,GTMNERR,0,46.858,0,30.51,0,3.615,0,98.1,0,7.46,0,39.39,13.09,7.78,0,-81.7,5.29,19.934,0,3.77,0,1.205,2.23,0,8.97
2/21/2026,13:30, ,gtmpiwq_20H100465_020426_050000.bin,Pine Island,GTMNERR,0,46.742,0,30.43,0,3.557,0,99,0,7.54,0,40.27,13.38,7.77,0,-81.7,5.3,19.906,0,4.17,0,1.205,2.17,0,8.71
2/21/2026,13:45, ,gtmpiwq_20H100465_020426_050000.bin,Pine Island,GTMNERR,0,46.616,0,30.34,0,3.489,0,99.6,0,7.57,0,40.43,13.43,7.77,0,-81.6,5.31,20.045,0,6.58,0,1.207,2.18,0,8.78
2/21/2026,14:00, ,gtmpiwq_20H100465_020426_050000.bin,Pine Island,GTMNERR,0,46.379,0,30.16,0,3.419,0,99.9,0,7.58,0,41.95,13.94,7.77,0,-81.3,5.3,20.165,0,5.44,0,1.206,1.83,0,7.35
2/21/2026,14:15, ,gtmpiwq_20H100465_020426_050000.bin,Pine Island,GTMNERR,0,46.065,0,29.94,0,3.344,0,100.4,0,7.61,0,43.8,14.56,7.76,0,-80.9,5.3,20.295,0,5.56,0,1.205,2.17,0,8.71
2/21/2026,14:30, ,gtmpiwq_20H100465_020426_050000.bin,Pine Island,GTMNERR,0,45.79,0,29.73,0,3.274,0,99.9,0,7.56,0,45.14,15.01,7.75,0,-80.1,5.29,20.465,0,5.34,0,1.207,2.06,0,8.29
2/21/2026,14:45, ,gtmpiwq_20H100465_020426_050000.bin,Pine Island,GTMNERR,0,45.563,0,29.57,0,3.193,0,100,0,7.55,0,46.31,15.39,7.74,0,-79.6,5.3,20.581,0,5.6,0,1.206,2.13,0,8.54
2/21/2026,15:00, ,gtmpiwq_20H100465_020426_050000.bin,Pine Island,GTMNERR,0,45.405,0,29.45,0,3.114,0,99.9,0,7.55,0,46.71,15.53,7.73,0,-79.4,5.31,20.635,0,7.02,0,1.206,2.2,0,8.86
2/21/2026,15:15, ,gtmpiwq_20H100465_020426_050000.bin,Pine Island,GTMNERR,0,45.227,0,29.32,0,3.034,0,100.8,0,7.59,0,47.58,15.82,7.73,0,-79.2,5.3,20.822,0,6.94,0,1.204,2.23,0,8.95
2/21/2026,15:30, ,gtmpiwq_20H100465_020426_050000.bin,Pine Island,GTMNERR,0,45.113,0,29.24,0,2.942,0,100.9,0,7.59,0,47.61,15.83,7.72,0,-78.6,5.3,20.905,0,7.94,0,1.201,2.29,0,9.2
2/21/2026,15:45, ,gtmpiwq_20H100465_020426_050000.bin,Pine Island,GTMNERR,0,44.982,0,29.15,0,2.846,0,101.3,0,7.61,0,48.42,16.1,7.72,0,-78.5,5.36,21.03,0,7.68,0,1.211,2.3,0,9.26
2/21/2026,16:00, ,gtmpiwq_20H100465_020426_050000.bin,Pine Island,GTMNERR,0,44.842,0,29.04,0,2.746,0,100.8,0,7.56,0,49.17,16.35,7.71,0,-77.8,5.34,21.114,0,6.69,0,1.203,2.27,0,9.13
2/21/2026,16:15, ,gtmpiwq_20H100465_020426_050000.bin,Pine Island,GTMNERR,0,44.639,0,28.9,0,2.639,0,101.2,0,7.58,0,50.33,16.74,7.7,0,-77.5,5.34,21.233,0,6.89,0,1.207,2.15,0,8.62
2/21/2026,16:30, ,gtmpiwq_20H100465_020426_050000.bin,Pine Island,GTMNERR,0,44.412,0,28.73,0,2.53,0,101.5,0,7.6,0,51.26,17.05,7.7,0,-77.3,5.35,21.388,0,7.47,0,1.209,2.18,0,8.78
2/21/2026,16:45, ,gtmpiwq_20H100465_020426_050000.bin,Pine Island,GTMNERR,0,44.211,0,28.59,0,2.422,0,102,0,7.62,0,52.07,17.32,7.7,0,-77.2,5.34,21.545,0,8.03,0,1.205,2.74,0,10.99
2/21/2026,17:00, ,gtmpiwq_20H100465_020426_050000.bin,Pine Island,GTMNERR,0,44.095,0,28.5,0,2.314,0,102.2,0,7.61,0,52.34,17.41,7.7,0,-77.3,5.34,21.732,0,8.88,0,1.203,2.34,0,9.39
2/21/2026,17:15, ,gtmpiwq_20H100465_020426_050000.bin,Pine Island,GTMNERR,0,44.023,0,28.45,0,2.218,0,103.7,0,7.7,0,52.54,17.47,7.7,0,-77.5,5.32,21.936,0,8.79,0,1.2,2.33,0,9.36
2/21/2026,17:30, ,gtmpiwq_20H100465_020426_050000.bin,Pine Island,GTMNERR,0,43.94,0,28.38,0,2.133,0,103.8,0,7.69,0,52.83,17.57,7.7,0,-77.5,5.29,22.054,0,9.72,0,1.201,2.37,0,9.52
2/21/2026,17:45, ,gtmpiwq_20H100465_020426_050000.bin,Pine Island,GTMNERR,0,43.822,0,28.3,0,2.067,0,102.9,0,7.62,0,53.31,17.73,7.69,0,-76.9,5.23,22.108,0,8.85,0,1.2,2.41,0,9.67
2/21/2026,18:00, ,gtmpiwq_20H100465_020426_050000.bin,Pine Island,GTMNERR,0,43.831,0,28.3,0,2.028,0,104.2,0,7.7,0,53.59,17.82,7.7,0,-77.3,5.21,22.247,0,9.89,0,1.199,2.77,0,11.13
2/21/2026,18:15, ,gtmpiwq_20H100465_020426_050000.bin,Pine Island,GTMNERR,0,43.755,0,28.25,0,2.017,0,103.1,0,7.61,0,54.17,18.02,7.69,0,-77.1,5.13,22.315,0,6.6,0,1.196,3.52,0,14.13
2/21/2026,18:30, ,gtmpiwq_20H100465_020426_050000.bin,Pine Island,GTMNERR,0,43.816,0,28.29,0,2.044,0,99.1,0,7.31,0,52.99,17.62,7.67,0,-75.9,5.13,22.355,0,4.44,0,1.195,2.25,0,9.05
2/21/2026,18:45, ,gtmpiwq_20H100465_020426_050000.bin,Pine Island,GTMNERR,0,43.934,0,28.38,0,2.108,0,103.7,0,7.65,0,54.15,18.01,7.7,0,-77.6,5.2,22.296,0,5.87,0,1.192,2.65,0,10.66
2/21/2026,19:00, ,gtmpiwq_20H100465_020426_050000.bin,Pine Island,GTMNERR,0,44.022,0,28.44,0,2.203,0,103,0,7.62,0,53.69,17.86,7.69,0,-77.2,5.19,22.153,0,6.92,0,1.192,2.89,0,11.61
2/21/2026,19:15, ,gtmpiwq_20H100465_020426_050000.bin,Pine Island,GTMNERR,0,44.018,0,28.44,0,2.301,0,102.8,0,7.62,0,53.05,17.64,7.69,0,-77.2,5.2,22.028,0,9.8,0,1.195,2.89,0,11.6
2/21/2026,19:30, ,gtmpiwq_20H100465_020426_050000.bin,Pine Island,GTMNERR,0,44.169,0,28.55,0,2.403,0,103.3,0,7.66,0,52.69,17.52,7.7,0,-77.6,5.21,21.932,0,8.8,0,1.207,2.93,0,11.78
2/21/2026,19:45, ,gtmpiwq_20H100465_020426_050000.bin,Pine Island,GTMNERR,0,44.333,0,28.67,0,2.501,0,102.8,0,7.63,0,52.32,17.4,7.71,0,-77.9,5.22,21.838,0,7.03,0,1.202,2.54,0,10.2
2/21/2026,20:00, ,gtmpiwq_20H100465_020426_050000.bin,Pine Island,GTMNERR,0,44.403,0,28.72,0,2.597,0,102.4,0,7.62,0,51.68,17.19,7.7,0,-77.7,5.23,21.683,0,8.56,0,1.199,2.58,0,10.37
2/21/2026,20:15, ,gtmpiwq_20H100465_020426_050000.bin,Pine Island,GTMNERR,0,44.658,0,28.9,0,2.689,0,102.7,0,7.62,0,49.08,16.32,7.72,0,-78.6,5.22,21.756,0,13.32,0,1.198,2.96,0,11.89
2/21/2026,20:30, ,gtmpiwq_20H100465_020426_050000.bin,Pine Island,GTMNERR,0,44.882,0,29.07,0,2.774,0,102.1,0,7.6,0,48.7,16.19,7.72,0,-78.8,5.23,21.551,0,11.9,0,1.198,2.65,0,10.65
2/21/2026,20:45, ,gtmpiwq_20H100465_020426_050000.bin,Pine Island,GTMNERR,0,45.034,0,29.18,0,2.856,0,101.8,0,7.59,0,48.5,16.12,7.73,0,-79,5.23,21.413,0,8.79,0,1.198,2.75,0,11.04
2/21/2026,21:00, ,gtmpiwq_20H100465_020426_050000.bin,Pine Island,GTMNERR,0,45.06,0,29.2,0,2.931,0,102.2,0,7.63,0,48.39,16.09,7.73,0,-79.1,5.24,21.337,0,8.36,0,1.201,2.49,0,9.99
2/21/2026,21:15, ,gtmpiwq_20H100465_020426_050000.bin,Pine Island,GTMNERR,0,45.138,0,29.26,0,3.005,0,101.7,0,7.6,0,48,15.96,7.73,0,-79,5.25,21.282,0,9.41,0,1.202,2.49,0,10.01
2/21/2026,21:30, ,gtmpiwq_20H100465_020426_050000.bin,Pine Island,GTMNERR,0,45.308,0,29.38,0,3.074,0,102,0,7.61,0,47.11,15.66,7.74,0,-79.6,5.23,21.284,0,10.47,0,1.203,2.51,0,10.08
2/21/2026,21:45, ,gtmpiwq_20H100465_020426_050000.bin,Pine Island,GTMNERR,0,45.568,0,29.57,0,3.148,0,102.1,0,7.62,0,45.98,15.28,7.74,0,-80,5.25,21.251,0,9.29,0,1.205,2.51,0,10.08
2/21/2026,22:00, ,gtmpiwq_20H100465_020426_050000.bin,Pine Island,GTMNERR,0,45.707,0,29.67,0,3.214,0,102.1,0,7.63,0,45.98,15.28,7.75,0,-80.4,5.25,21.171,0,6.73,0,1.207,2.26,0,9.07
2/21/2026,22:15, ,gtmpiwq_20H100465_020426_050000.bin,Pine Island,GTMNERR,0,45.818,0,29.75,0,3.283,0,102.2,0,7.64,0,45.08,14.99,7.75,0,-80.7,5.24,21.104,0,6.93,0,1.208,2.29,0,9.22
2/21/2026,22:30, ,gtmpiwq_20H100465_020426_050000.bin,Pine Island,GTMNERR,0,45.962,0,29.86,0,3.355,0,102,0,7.63,0,44.43,14.77,7.76,0,-80.9,5.25,21.006,0,6.93,0,1.209,2.3,0,9.24
2/21/2026,22:45, ,gtmpiwq_20H100465_020426_050000.bin,Pine Island,GTMNERR,0,46.217,0,30.04,0,3.42,0,102.2,0,7.65,0,43.34,14.41,7.77,0,-81.5,5.25,20.952,0,6.12,0,1.207,2.21,0,8.88
2/21/2026,23:00, ,gtmpiwq_20H100465_020426_050000.bin,Pine Island,GTMNERR,0,46.521,0,30.26,0,3.49,0,102.3,0,7.65,0,41.49,13.79,7.78,0,-82.1,5.28,20.882,0,6.83,0,1.208,2.12,0,8.54
2/21/2026,23:15, ,gtmpiwq_20H100465_020426_050000.bin,Pine Island,GTMNERR,0,46.66,0,30.36,0,3.551,0,102.4,0,7.66,0,40.74,13.54,7.78,0,-82.4,5.27,20.829,0,6.53,0,1.208,2.22,0,8.94
2/21/2026,23:30, ,gtmpiwq_20H100465_020426_050000.bin,Pine Island,GTMNERR,0,46.778,0,30.45,0,3.602,0,102,0,7.65,0,40.13,13.33,7.79,0,-82.6,5.27,20.755,0,6.85,0,1.208,2.27,0,9.1
2/21/2026,23:45, ,gtmpiwq_20H100465_020426_050000.bin,Pine Island,GTMNERR,0,46.878,0,30.52,0,3.653,0,101.6,0,7.62,0,39.65,13.17,7.79,0,-82.7,5.27,20.695,0,6.31,0,1.208,2.36,0,9.47
2/22/2026,0:00, ,gtmpiwq_20H100465_020426_050000.bin,Pine Island,GTMNERR,0,46.975,0,30.59,0,3.693,0,101.3,0,7.6,0,38.58,12.81,7.79,0,-82.8,5.27,20.642,0,8.6,0,1.208,2.37,0,9.51
2/22/2026,0:15, ,gtmpiwq_20H100465_020426_050000.bin,Pine Island,GTMNERR,0,47.144,0,30.72,0,3.73,0,101.5,0,7.62,0,37.88,12.58,7.8,0,-83,5.27,20.557,0,8.41,0,1.21,2.32,0,9.32
2/22/2026,0:30, ,gtmpiwq_20H100465_020426_050000.bin,Pine Island,GTMNERR,0,47.304,0,30.83,0,3.761,0,101.1,0,7.6,0,36.76,12.21,7.8,0,-83.3,5.26,20.502,0,9.06,0,1.201,2.41,0,9.69
2/22/2026,0:45, ,gtmpiwq_20H100465_020426_050000.bin,Pine Island,GTMNERR,0,47.526,0,30.99,0,3.785,0,101.3,0,7.61,0,35.9,11.92,7.81,0,-83.7,5.26,20.43,0,7,0,1.197,2.51,0,10.09
2/22/2026,1:00, ,gtmpiwq_20H100465_020426_050000.bin,Pine Island,GTMNERR,0,47.698,0,31.12,0,3.798,0,101.4,0,7.62,0,34.99,11.62,7.81,0,-84.1,5.27,20.356,0,7.15,0,1.202,2,0,8.03
2/22/2026,1:15, ,gtmpiwq_20H100465_020426_050000.bin,Pine Island,GTMNERR,0,47.808,0,31.2,0,3.804,0,98.7,0,7.43,0,34.42,11.43,7.81,0,-83.9,5.26,20.309,0,4.74,0,1.206,2.43,0,9.75
2/22/2026,1:30, ,gtmpiwq_20H100465_020426_050000.bin,Pine Island,GTMNERR,0,47.871,0,31.25,0,3.792,0,94.4,0,7.1,0,33.28,11.05,7.8,0,-83,5.27,20.289,0,2.97,0,1.209,2.04,0,8.2
2/22/2026,1:45, ,gtmpiwq_20H100465_020426_050000.bin,Pine Island,GTMNERR,0,47.883,0,31.26,0,3.76,0,93.7,0,7.05,0,34.51,11.46,7.82,0,-84.3,5.26,20.27,0,3.54,0,1.201,2.4,0,9.63
2/22/2026,2:00, ,gtmpiwq_20H100465_020426_050000.bin,Pine Island,GTMNERR,0,47.824,0,31.21,0,3.71,0,96.1,0,7.23,0,34.57,11.48,7.81,0,-83.6,5.26,20.289,0,3.68,0,1.196,2.63,0,10.57
2/22/2026,2:15, ,gtmpiwq_20H100465_020426_050000.bin,Pine Island,GTMNERR,0,47.665,0,31.1,0,3.65,0,100.7,0,7.57,0,35.43,11.76,7.81,0,-83.9,5.27,20.354,0,5.47,0,1.193,2.33,0,9.38
2/22/2026,2:30, ,gtmpiwq_20H100465_020426_050000.bin,Pine Island,GTMNERR,0,47.286,0,30.82,0,3.586,0,100.7,0,7.57,0,37.51,12.46,7.8,0,-83.2,5.26,20.473,0,5.73,0,1.192,2.13,0,8.55
2/22/2026,2:45, ,gtmpiwq_20H100465_020426_050000.bin,Pine Island,GTMNERR,0,46.962,0,30.58,0,3.52,0,100.3,0,7.53,0,38.97,12.95,7.79,0,-82.6,5.27,20.594,0,6.9,0,1.209,2.1,0,8.45
2/22/2026,3:00, ,gtmpiwq_20H100465_020426_050000.bin,Pine Island,GTMNERR,0,46.517,0,30.26,0,3.452,0,99.9,0,7.49,0,41.59,13.82,7.77,0,-81.6,5.26,20.748,0,6.4,0,1.209,2.12,0,8.53
2/22/2026,3:15, ,gtmpiwq_20H100465_020426_050000.bin,Pine Island,GTMNERR,0,46.286,0,30.09,0,3.377,0,98.9,0,7.42,0,43.24,14.37,7.76,0,-81,5.26,20.829,0,5.85,0,1.196,1.91,0,7.68
2/22/2026,3:30, ,gtmpiwq_20H100465_020426_050000.bin,Pine Island,GTMNERR,0,46.222,0,30.04,0,3.303,0,98.9,0,7.41,0,43.28,14.39,7.76,0,-80.9,5.26,20.867,0,6.22,0,1.198,1.97,0,7.93
2/22/2026,3:45, ,gtmpiwq_20H100465_020426_050000.bin,Pine Island,GTMNERR,0,45.996,0,29.88,0,3.225,0,98.4,0,7.38,0,43.99,14.62,7.75,0,-80.4,5.26,20.935,0,8.21,0,1.205,2.04,0,8.19
2/22/2026,4:00, ,gtmpiwq_20H100465_020426_050000.bin,Pine Island,GTMNERR,0,45.762,0,29.71,0,3.147,0,98.4,0,7.37,0,45.03,14.97,7.74,0,-79.9,5.26,21.007,0,9.46,0,1.206,2.14,0,8.61
2/22/2026,4:15, ,gtmpiwq_20H100465_020426_050000.bin,Pine Island,GTMNERR,0,45.541,0,29.55,0,3.071,0,98.1,0,7.35,0,46.03,15.3,7.73,0,-79.4,5.25,21.059,0,10.48,0,1.207,2.12,0,8.53
2/22/2026,4:30, ,gtmpiwq_20H100465_020426_050000.bin,Pine Island,GTMNERR,0,45.37,0,29.43,0,2.984,0,97.6,0,7.3,0,47.54,15.81,7.73,0,-79,5.25,21.121,0,8.15,0,1.207,2.02,0,8.14
2/22/2026,4:45, ,gtmpiwq_20H100465_020426_050000.bin,Pine Island,GTMNERR,0,45.265,0,29.35,0,2.897,0,97.2,0,7.27,0,48.54,16.14,7.72,0,-78.6,5.25,21.175,0,7.96,0,1.205,2.07,0,8.34
2/22/2026,5:00, ,gtmpiwq_20H100465_020426_050000.bin,Pine Island,GTMNERR,0,45.118,0,29.24,0,2.805,0,96.6,0,7.23,0,48.81,16.23,7.71,0,-78.1,5.24,21.208,0,8.71,0,1.203,2.14,0,8.61
2/22/2026,5:15, ,gtmpiwq_20H100465_020426_050000.bin,Pine Island,GTMNERR,0,44.925,0,29.1,0,2.716,0,95.5,0,7.15,0,49.89,16.59,7.7,0,-77.5,5.25,21.229,0,8.95,0,1.203,2.15,0,8.65
2/22/2026,5:30, ,gtmpiwq_20H100465_020426_050000.bin,Pine Island,GTMNERR,0,44.745,0,28.97,0,2.621,0,95,0,7.12,0,50.69,16.86,7.69,0,-76.8,5.24,21.245,0,9.71,0,1.201,2.2,0,8.83
2/22/2026,5:45, ,gtmpiwq_20H100465_020426_050000.bin,Pine Island,GTMNERR,0,44.638,0,28.9,0,2.531,0,94.7,0,7.09,0,51.29,17.06,7.68,0,-76.4,5.24,21.254,0,9.64,0,1.199,2.23,0,8.97
2/22/2026,6:00, ,gtmpiwq_20H100465_020426_050000.bin,Pine Island,GTMNERR,0,44.537,0,28.82,0,2.444,0,93.9,0,7.04,0,51.95,17.28,7.67,0,-75.8,5.23,21.273,0,9.13,0,1.198,2.13,0,8.55
2/22/2026,6:15, ,gtmpiwq_20H100465_020426_050000.bin,Pine Island,GTMNERR,0,44.447,0,28.76,0,2.367,0,92.7,0,6.95,0,52.78,17.55,7.66,0,-75.2,5.22,21.277,0,9.07,0,1.197,2.12,0,8.53
2/22/2026,6:30, ,gtmpiwq_20H100465_020426_050000.bin,Pine Island,GTMNERR,0,44.362,0,28.7,0,2.291,0,91.9,0,6.89,0,53.45,17.78,7.65,0,-74.7,5.24,21.279,0,8.94,0,1.196,2.12,0,8.54
2/22/2026,6:45, ,gtmpiwq_20H100465_020426_050000.bin,Pine Island,GTMNERR,0,44.305,0,28.66,0,2.244,0,91.8,0,6.88,0,53.92,17.93,7.65,0,-74.4,5.21,21.303,0,7.46,0,1.21,2.2,0,8.84
2/22/2026,7:00, ,gtmpiwq_20H100465_020426_050000.bin,Pine Island,GTMNERR,0,44.243,0,28.61,0,2.211,0,91.3,0,6.85,0,54.47,18.12,7.64,0,-74,5.22,21.31,0,8.06,0,1.203,2.4,0,9.65
2/22/2026,7:15, ,gtmpiwq_20H100465_020426_050000.bin,Pine Island,GTMNERR,0,44.211,0,28.59,0,2.215,0,89.3,0,6.7,0,55.29,18.39,7.64,0,-73.6,5.21,21.307,0,4.41,0,1.202,2.26,0,9.09
2/22/2026,7:30, ,gtmpiwq_20H100465_020426_050000.bin,Pine Island,GTMNERR,0,44.186,0,28.57,0,2.269,0,88.7,0,6.65,0,56.05,18.64,7.63,0,-73.2,5.21,21.308,0,5.37,0,1.211,2.23,0,8.97
2/22/2026,7:45, ,gtmpiwq_20H100465_020426_050000.bin,Pine Island,GTMNERR,0,44.428,0,28.74,0,2.346,0,88.6,0,6.65,0,54.83,18.24,7.63,0,-73.2,5.2,21.212,0,4.99,0,1.207,1.93,0,7.76
2/22/2026,8:00, ,gtmpiwq_20H100465_020426_050000.bin,Pine Island,GTMNERR,0,44.453,0,28.76,0,2.432,0,90.4,0,6.79,0,53.87,17.92,7.64,0,-73.9,5.21,21.199,0,6.31,0,1.2,2.05,0,8.25
2/22/2026,8:15, ,gtmpiwq_20H100465_020426_050000.bin,Pine Island,GTMNERR,0,44.54,0,28.83,0,2.525,0,91.1,0,6.84,0,52.97,17.62,7.65,0,-74.4,5.22,21.173,0,7.94,0,1.198,1.95,0,7.85
2/22/2026,8:30, ,gtmpiwq_20H100465_020426_050000.bin,Pine Island,GTMNERR,0,44.672,0,28.92,0,2.613,0,91.3,0,6.85,0,52.24,17.37,7.65,0,-74.6,5.21,21.129,0,8.65,0,1.196,1.91,0,7.67
2/22/2026,8:45, ,gtmpiwq_20H100465_020426_050000.bin,Pine Island,GTMNERR,0,44.801,0,29.01,0,2.696,0,92,0,6.91,0,51.87,17.25,7.67,0,-75.4,5.21,21.109,0,7.02,0,1.2,1.86,0,7.48
2/22/2026,9:00, ,gtmpiwq_20H100465_020426_050000.bin,Pine Island,GTMNERR,0,44.945,0,29.12,0,2.783,0,92.9,0,6.97,0,50.46,16.78,7.67,0,-75.9,5.2,21.098,0,7.87,0,1.207,1.96,0,7.88
2/22/2026,9:15, ,gtmpiwq_20H100465_020426_050000.bin,Pine Island,GTMNERR,0,45.23,0,29.33,0,2.861,0,92.2,0,6.92,0,49.29,16.39,7.68,0,-76,5.21,20.982,0,8.41,0,1.201,1.99,0,8.01
2/22/2026,9:30, ,gtmpiwq_20H100465_020426_050000.bin,Pine Island,GTMNERR,0,45.314,0,29.39,0,2.933,0,92.6,0,6.96,0,48.58,16.15,7.68,0,-76.4,5.23,20.978,0,9.32,0,1.199,2.1,0,8.45
2/22/2026,9:45, ,gtmpiwq_20H100465_020426_050000.bin,Pine Island,GTMNERR,0,45.421,0,29.46,0,3.006,0,93.1,0,6.99,0,48.25,16.04,7.69,0,-77,5.23,20.961,0,8.08,0,1.198,2.09,0,8.4
2/22/2026,10:00, ,gtmpiwq_20H100465_020426_050000.bin,Pine Island,GTMNERR,0,45.522,0,29.54,0,3.076,0,92.9,0,6.98,0,47.99,15.96,7.69,0,-77,5.24,20.932,0,7.48,0,1.196,2.07,0,8.31
2/22/2026,10:15, ,gtmpiwq_20H100465_020426_050000.bin,Pine Island,GTMNERR,0,45.634,0,29.62,0,3.137,0,93.3,0,7.01,0,47.2,15.69,7.7,0,-77.3,5.24,20.894,0,8.04,0,1.194,2.04,0,8.21
2/22/2026,10:30, ,gtmpiwq_20H100465_020426_050000.bin,Pine Island,GTMNERR,0,45.726,0,29.69,0,3.195,0,93.8,0,7.05,0,46.49,15.46,7.71,0,-78,5.24,20.862,0,8.06,0,1.201,2.14,0,8.61
2/22/2026,10:45, ,gtmpiwq_20H100465_020426_050000.bin,Pine Island,GTMNERR,0,45.858,0,29.78,0,3.256,0,93.8,0,7.05,0,45.89,15.26,7.71,0,-78.1,5.24,20.812,0,8.52,0,1.207,2.22,0,8.92
2/22/2026,11:00, ,gtmpiwq_20H100465_020426_050000.bin,Pine Island,GTMNERR,0,46.031,0,29.91,0,3.315,0,94.1,0,7.07,0,45.42,15.1,7.72,0,-78.4,5.24,20.748,0,7.41,0,1.202,2.05,0,8.26
2/22/2026,11:15, ,gtmpiwq_20H100465_020426_050000.bin,Pine Island,GTMNERR,0,46.188,0,30.02,0,3.374,0,94.4,0,7.1,0,44.71,14.86,7.73,0,-79,5.22,20.691,0,6.21,0,1.201,2.06,0,8.29
2/22/2026,11:30, ,gtmpiwq_20H100465_020426_050000.bin,Pine Island,GTMNERR,0,46.286,0,30.09,0,3.433,0,94.7,0,7.13,0,44.07,14.65,7.74,0,-79.5,5.22,20.658,0,5.61,0,1.202,1.98,0,7.95
2/22/2026,11:45, ,gtmpiwq_20H100465_020426_050000.bin,Pine Island,GTMNERR,0,46.417,0,30.19,0,3.499,0,95.1,0,7.16,0,43.21,14.36,7.74,0,-79.7,5.24,20.632,0,6.01,0,1.203,2.1,0,8.45
2/22/2026,12:00, ,gtmpiwq_20H100465_020426_050000.bin,Pine Island,GTMNERR,0,46.653,0,30.36,0,3.559,0,95.5,0,7.19,0,41.94,13.94,7.75,0,-80.3,5.22,20.55,0,6.24,0,1.201,2.12,0,8.51
2/22/2026,12:15, ,gtmpiwq_20H100465_020426_050000.bin,Pine Island,GTMNERR,0,46.805,0,30.47,0,3.603,0,96.1,0,7.23,0,41.13,13.67,7.76,0,-80.8,5.22,20.507,0,5.95,0,1.202,2.16,0,8.68
2/22/2026,12:30, ,gtmpiwq_20H100465_020426_050000.bin,Pine Island,GTMNERR,0,46.981,0,30.6,0,3.636,0,96.5,0,7.26,0,39.78,13.22,7.76,0,-81.1,5.23,20.459,0,7.02,0,1.201,2.15,0,8.66
2/22/2026,12:45, ,gtmpiwq_20H100465_020426_050000.bin,Pine Island,GTMNERR,0,47.034,0,30.64,0,3.661,0,96.8,0,7.29,0,39.8,13.22,7.77,0,-81.4,5.23,20.455,0,5.65,0,1.201,2.11,0,8.48
2/22/2026,13:00, ,gtmpiwq_20H100465_020426_050000.bin,Pine Island,GTMNERR,0,47.133,0,30.71,0,3.678,0,95.5,0,7.19,0,38.71,12.86,7.77,0,-81.3,5.23,20.433,0,5.28,0,1.199,2.07,0,8.32
2/22/2026,13:15, ,gtmpiwq_20H100465_020426_050000.bin,Pine Island,GTMNERR,0,47.189,0,30.75,0,3.687,0,95.9,0,7.22,0,39.91,13.26,7.77,0,-81.3,5.24,20.427,0,3.92,0,1.2,2.15,0,8.64
2/22/2026,13:30, ,gtmpiwq_20H100465_020426_050000.bin,Pine Island,GTMNERR,0,47.146,0,30.72,0,3.683,0,95.1,0,7.15,0,38.49,12.79,7.77,0,-81.2,5.23,20.455,0,4.16,0,1.201,2.23,0,8.97
2/22/2026,13:45, ,gtmpiwq_20H100465_020426_050000.bin,Pine Island,GTMNERR,0,47.17,0,30.74,0,3.658,0,92.8,0,6.98,0,37.81,12.56,7.77,0,-81.3,5.24,20.446,0,3.7,0,1.199,2.3,0,9.25
2/22/2026,14:00, ,gtmpiwq_20H100465_020426_050000.bin,Pine Island,GTMNERR,0,47.124,0,30.7,0,3.605,0,97.3,0,7.31,0,38.81,12.89,7.77,0,-81.7,5.23,20.509,0,3.54,0,1.2,2.22,0,8.94
2/22/2026,14:15, ,gtmpiwq_20H100465_020426_050000.bin,Pine Island,GTMNERR,0,46.915,0,30.55,0,3.537,0,98.4,0,7.39,0,40.18,13.35,7.78,0,-81.8,5.23,20.606,0,4.69,0,1.198,2.09,0,8.42
2/22/2026,14:30, ,gtmpiwq_20H100465_020426_050000.bin,Pine Island,GTMNERR,0,46.469,0,30.22,0,3.473,0,98.7,0,7.4,0,42.47,14.11,7.76,0,-81.2,5.24,20.792,0,5.54,0,1.197,2.03,0,8.15
2/22/2026,14:45, ,gtmpiwq_20H100465_020426_050000.bin,Pine Island,GTMNERR,0,46.258,0,30.07,0,3.412,0,98,0,7.35,0,43.66,14.51,7.75,0,-80.2,5.23,20.818,0,5.79,0,1.197,2.42,0,9.72
2/22/2026,15:00, ,gtmpiwq_20H100465_020426_050000.bin,Pine Island,GTMNERR,0,45.983,0,29.87,0,3.342,0,97.4,0,7.3,0,45.29,15.05,7.74,0,-79.6,5.24,20.909,0,5.08,0,1.197,2.15,0,8.64
2/22/2026,15:15, ,gtmpiwq_20H100465_020426_050000.bin,Pine Island,GTMNERR,0,45.911,0,29.82,0,3.272,0,96.9,0,7.27,0,45.89,15.25,7.73,0,-79.3,5.22,20.916,0,5.59,0,1.198,2.26,0,9.08
2/22/2026,15:30, ,gtmpiwq_20H100465_020426_050000.bin,Pine Island,GTMNERR,0,45.728,0,29.69,0,3.202,0,98.1,0,7.35,0,46.34,15.41,7.73,0,-79.3,5.22,21.023,0,7.09,0,1.196,2.42,0,9.71
2/22/2026,15:45, ,gtmpiwq_20H100465_020426_050000.bin,Pine Island,GTMNERR,0,45.522,0,29.54,0,3.128,0,98.1,0,7.35,0,47.19,15.69,7.73,0,-79.1,5.23,21.053,0,7.5,0,1.196,2.39,0,9.6
2/22/2026,16:00, ,gtmpiwq_20H100465_020426_050000.bin,Pine Island,GTMNERR,0,45.398,0,29.45,0,3.048,0,98.3,0,7.37,0,48.11,16,7.73,0,-79,5.22,21.076,0,6.62,0,1.196,2.56,0,10.29
2/22/2026,16:15, ,gtmpiwq_20H100465_020426_050000.bin,Pine Island,GTMNERR,0,45.194,0,29.3,0,2.969,0,98.2,0,7.36,0,49.54,16.47,7.72,0,-78.6,5.23,21.137,0,5.76,0,1.192,2.46,0,9.88
2/22/2026,16:30, ,gtmpiwq_20H100465_020426_050000.bin,Pine Island,GTMNERR,0,44.959,0,29.13,0,2.885,0,98,0,7.34,0,50.52,16.8,7.71,0,-78.1,5.21,21.173,0,6.6,0,1.193,2.43,0,9.77
2/22/2026,16:45, ,gtmpiwq_20H100465_020426_050000.bin,Pine Island,GTMNERR,0,44.712,0,28.95,0,2.796,0,97.8,0,7.33,0,51.58,17.15,7.7,0,-77.5,5.22,21.219,0,7.77,0,1.203,2.43,0,9.75
2/22/2026,17:00, ,gtmpiwq_20H100465_020426_050000.bin,Pine Island,GTMNERR,0,44.475,0,28.78,0,2.699,0,98.2,0,7.36,0,52.56,17.48,7.7,0,-77.3,5.22,21.303,0,8.1,0,1.207,2.8,0,11.23
2/22/2026,17:15, ,gtmpiwq_20H100465_020426_050000.bin,Pine Island,GTMNERR,0,44.283,0,28.64,0,2.597,0,98.3,0,7.37,0,53.27,17.72,7.69,0,-76.8,5.2,21.337,0,10.01,0,1.209,2.72,0,10.91
2/22/2026,17:30, ,gtmpiwq_20H100465_020426_050000.bin,Pine Island,GTMNERR,0,44.164,0,28.55,0,2.504,0,98.5,0,7.39,0,53.98,17.95,7.69,0,-76.9,5.22,21.329,0,10.8,0,1.203,2.88,0,11.57
2/22/2026,17:45, ,gtmpiwq_20H100465_020426_050000.bin,Pine Island,GTMNERR,0,44.062,0,28.48,0,2.402,0,98.8,0,7.41,0,54,17.96,7.69,0,-76.9,5.2,21.305,0,11.93,0,1.194,2.86,0,11.46
2/22/2026,18:00, ,gtmpiwq_20H100465_020426_050000.bin,Pine Island,GTMNERR,0,43.939,0,28.39,0,2.318,0,98.6,0,7.41,0,54.87,18.25,7.69,0,-76.8,5.21,21.281,0,9.67,0,1.194,2.49,0,10.02
2/22/2026,18:15, ,gtmpiwq_20H100465_020426_050000.bin,Pine Island,GTMNERR,0,43.811,0,28.3,0,2.242,0,98.7,0,7.42,0,55.8,18.56,7.69,0,-76.6,5.2,21.278,0,11.04,0,1.192,2.99,0,12.01
2/22/2026,18:30, ,gtmpiwq_20H100465_020426_050000.bin,Pine Island,GTMNERR,0,43.69,0,28.21,0,2.174,0,98.6,0,7.42,0,56.37,18.75,7.68,0,-76.3,5.18,21.231,0,11.26,0,1.195,3.23,0,12.97
2/22/2026,18:45, ,gtmpiwq_20H100465_020426_050000.bin,Pine Island,GTMNERR,0,43.557,0,28.12,0,2.122,0,98.4,0,7.42,0,57.21,19.03,7.68,0,-75.9,5.19,21.172,0,11.38,0,1.207,3.35,0,13.42
2/22/2026,19:00, ,gtmpiwq_20H100465_020426_050000.bin,Pine Island,GTMNERR,0,43.472,0,28.06,0,2.103,0,98,0,7.4,0,58.21,19.36,7.67,0,-75.9,5.18,21.066,0,6.96,0,1.201,3.54,0,14.19
2/22/2026,19:15, ,gtmpiwq_20H100465_020426_050000.bin,Pine Island,GTMNERR,0,43.42,0,28.02,0,2.136,0,96.8,0,7.32,0,58.31,19.4,7.67,0,-75.7,5.18,21.064,0,6.23,0,1.2,3.19,0,12.78
2/22/2026,19:30, ,gtmpiwq_20H100465_020426_050000.bin,Pine Island,GTMNERR,0,43.584,0,28.14,0,2.219,0,98.8,0,7.46,0,59.05,19.65,7.68,0,-75.9,5.19,21.093,0,5.23,0,1.197,2.83,0,11.34
2/22/2026,19:45, ,gtmpiwq_20H100465_020426_050000.bin,Pine Island,GTMNERR,0,43.826,0,28.31,0,2.295,0,98.8,0,7.46,0,57.12,19,7.69,0,-76.9,5.19,20.973,0,9.13,0,1.193,3.54,0,14.18
2/22/2026,20:00, ,gtmpiwq_20H100465_020426_050000.bin,Pine Island,GTMNERR,0,43.913,0,28.38,0,2.379,0,98.8,0,7.47,0,56.58,18.82,7.69,0,-77,5.2,20.938,0,8.03,0,1.197,2.91,0,11.69
2/22/2026,20:15, ,gtmpiwq_20H100465_020426_050000.bin,Pine Island,GTMNERR,0,44.055,0,28.48,0,2.442,0,98.8,0,7.47,0,55.79,18.56,7.7,0,-77.4,5.18,20.912,0,9.63,0,1.202,2.96,0,11.86
2/22/2026,20:30, ,gtmpiwq_20H100465_020426_050000.bin,Pine Island,GTMNERR,0,44.199,0,28.58,0,2.524,0,98.6,0,7.46,0,54.87,18.25,7.71,0,-77.7,5.19,20.833,0,9.43,0,1.201,2.78,0,11.16
2/22/2026,20:45, ,gtmpiwq_20H100465_020426_050000.bin,Pine Island,GTMNERR,0,44.363,0,28.7,0,2.612,0,98.5,0,7.46,0,54.26,18.05,7.71,0,-78.2,5.2,20.731,0,8.53,0,1.2,2.5,0,10.03
2/22/2026,21:00, ,gtmpiwq_20H100465_020426_050000.bin,Pine Island,GTMNERR,0,44.439,0,28.76,0,2.704,0,98.4,0,7.45,0,53.27,17.72,7.71,0,-78.2,5.2,20.741,0,8.43,0,1.201,2.65,0,10.63
2/22/2026,21:15, ,gtmpiwq_20H100465_020426_050000.bin,Pine Island,GTMNERR,0,44.728,0,28.97,0,2.792,0,98.4,0,7.47,0,52.28,17.39,7.73,0,-79,5.21,20.546,0,9.52,0,1.199,2.53,0,10.18
2/22/2026,21:30, ,gtmpiwq_20H100465_020426_050000.bin,Pine Island,GTMNERR,0,44.856,0,29.06,0,2.881,0,98.4,0,7.47,0,51.23,17.04,7.73,0,-79.3,5.21,20.489,0,11.27,0,1.198,2.68,0,10.75
2/22/2026,21:45, ,gtmpiwq_20H100465_020426_050000.bin,Pine Island,GTMNERR,0,45.024,0,29.18,0,2.964,0,98.3,0,7.45,0,49.87,16.58,7.74,0,-79.4,5.21,20.511,0,10.17,0,1.197,2.56,0,10.27
2/22/2026,22:00, ,gtmpiwq_20H100465_020426_050000.bin,Pine Island,GTMNERR,0,45.255,0,29.35,0,3.035,0,98.2,0,7.46,0,49.78,16.55,7.75,0,-80,5.21,20.329,0,8.5,0,1.198,2.61,0,10.49
2/22/2026,22:15, ,gtmpiwq_20H100465_020426_050000.bin,Pine Island,GTMNERR,0,45.362,0,29.43,0,3.103,0,98,0,7.45,0,48.83,16.23,7.75,0,-80.1,5.2,20.298,0,10.76,0,1.2,2.58,0,10.38
2/22/2026,22:30, ,gtmpiwq_20H100465_020426_050000.bin,Pine Island,GTMNERR,0,45.475,0,29.51,0,3.168,0,97.8,0,7.44,0,48.32,16.07,7.75,0,-80.3,5.22,20.207,0,9.9,0,1.202,2.56,0,10.27
2/22/2026,22:45, ,gtmpiwq_20H100465_020426_050000.bin,Pine Island,GTMNERR,0,45.652,0,29.64,0,3.235,0,97.8,0,7.44,0,47.17,15.68,7.76,0,-80.6,5.21,20.21,0,11.57,0,1.204,2.51,0,10.07
2/22/2026,23:00, ,gtmpiwq_20H100465_020426_050000.bin,Pine Island,GTMNERR,0,45.861,0,29.79,0,3.303,0,98.3,0,7.47,0,46.62,15.5,7.76,0,-81.1,5.22,20.172,0,8.77,0,1.206,2.38,0,9.55
2/22/2026,23:15, ,gtmpiwq_20H100465_020426_050000.bin,Pine Island,GTMNERR,0,45.993,0,29.88,0,3.375,0,98.3,0,7.47,0,45.08,14.98,7.77,0,-81.3,5.23,20.17,0,10.9,0,1.207,2.5,0,10.05
2/22/2026,23:30, ,gtmpiwq_20H100465_020426_050000.bin,Pine Island,GTMNERR,0,46.19,0,30.03,0,3.444,0,98.3,0,7.49,0,44.73,14.87,7.78,0,-82,5.22,19.955,0,8.73,0,1.209,2.23,0,8.96
2/22/2026,23:45, ,gtmpiwq_20H100465_020426_050000.bin,Pine Island,GTMNERR,0,46.403,0,30.18,0,3.511,0,98.4,0,7.51,0,43.98,14.62,7.79,0,-82.5,5.24,19.826,0,6.98,0,1.21,2.2,0,8.85
2/23/2026,0:00, ,gtmpiwq_20H100465_020426_050000.bin,Pine Island,GTMNERR,0,46.622,0,30.34,0,3.575,0,98.4,0,7.51,0,42.69,14.19,7.79,0,-82.8,5.24,19.788,0,6.91,0,1.202,2.42,0,9.74
2/23/2026,0:15, ,gtmpiwq_20H100465_020426_050000.bin,Pine Island,GTMNERR,0,46.687,0,30.39,0,3.633,0,98.3,0,7.51,0,42.06,13.98,7.8,0,-83,5.25,19.755,0,7.84,0,1.196,2.39,0,9.62
2/23/2026,0:30, ,gtmpiwq_20H100465_020426_050000.bin,Pine Island,GTMNERR,0,46.826,0,30.49,0,3.685,0,98.3,0,7.51,0,41.01,13.63,7.8,0,-83.2,5.26,19.721,0,8.6,0,1.202,2.27,0,9.11
2/23/2026,0:45, ,gtmpiwq_20H100465_020426_050000.bin,Pine Island,GTMNERR,0,47.05,0,30.65,0,3.735,0,98.4,0,7.52,0,40.13,13.33,7.81,0,-83.5,5.24,19.637,0,8.08,0,1.203,2.3,0,9.24
2/23/2026,1:00, ,gtmpiwq_20H100465_020426_050000.bin,Pine Island,GTMNERR,0,47.269,0,30.81,0,3.78,0,98.3,0,7.52,0,38.86,12.91,7.81,0,-83.9,5.26,19.542,0,7.72,0,1.205,2.3,0,9.23
2/23/2026,1:15, ,gtmpiwq_20H100465_020426_050000.bin,Pine Island,GTMNERR,0,47.406,0,30.91,0,3.817,0,97.6,0,7.47,0,38.13,12.66,7.82,0,-84.1,5.27,19.456,0,7.05,0,1.206,2.37,0,9.51
2/23/2026,1:30, ,gtmpiwq_20H100465_020426_050000.bin,Pine Island,GTMNERR,0,47.529,0,31,0,3.845,0,98,0,7.51,0,37.49,12.45,7.82,0,-84.3,5.27,19.353,0,7.68,0,1.207,2.29,0,9.2
2/23/2026,1:45, ,gtmpiwq_20H100465_020426_050000.bin,Pine Island,GTMNERR,0,47.758,0,31.17,0,3.867,0,98.3,0,7.54,0,36.17,12.01,7.83,0,-84.6,5.25,19.287,0,7.49,0,1.21,2.37,0,9.52
2/23/2026,2:00, ,gtmpiwq_20H100465_020426_050000.bin,Pine Island,GTMNERR,0,47.79,0,31.19,0,3.881,0,97.9,0,7.53,0,36.3,12.06,7.83,0,-84.8,5.26,19.119,0,5.43,0,1.211,2.43,0,9.77
2/23/2026,2:15, ,gtmpiwq_20H100465_020426_050000.bin,Pine Island,GTMNERR,0,48.011,0,31.35,0,3.884,0,98,0,7.52,0,34.75,11.54,7.83,0,-85.1,5.26,19.169,0,6.07,0,1.201,2.84,0,11.41
2/23/2026,2:30, ,gtmpiwq_20H100465_020426_050000.bin,Pine Island,GTMNERR,0,48.076,0,31.4,0,3.869,0,96.4,0,7.42,0,33.8,11.22,7.83,0,-84.6,5.27,19.033,0,3.49,0,1.2,1.82,0,7.34
2/23/2026,2:45, ,gtmpiwq_20H100465_020426_050000.bin,Pine Island,GTMNERR,0,48.097,0,31.42,0,3.831,0,94.4,0,7.27,0,33.24,11.04,7.83,0,-84.7,5.27,18.984,0,3.41,0,1.196,2.21,0,8.89
2/23/2026,3:00, ,gtmpiwq_20H100465_020426_050000.bin,Pine Island,GTMNERR,0,48.004,0,31.35,0,3.775,0,97.3,0,7.49,0,35.02,11.63,7.83,0,-84.7,5.26,19.032,0,3.99,0,1.195,2.38,0,9.55
2/23/2026,3:15, ,gtmpiwq_20H100465_020426_050000.bin,Pine Island,GTMNERR,0,47.676,0,31.11,0,3.715,0,97.2,0,7.5,0,37.98,12.61,7.82,0,-84.3,5.26,19.004,0,5.41,0,1.199,2.26,0,9.07
2/23/2026,3:30, ,gtmpiwq_20H100465_020426_050000.bin,Pine Island,GTMNERR,0,47.261,0,30.81,0,3.658,0,96.5,0,7.44,0,39.56,13.14,7.81,0,-83.6,5.28,19.092,0,5.22,0,1.21,2,0,8.04
2/23/2026,3:45, ,gtmpiwq_20H100465_020426_050000.bin,Pine Island,GTMNERR,0,46.926,0,30.56,0,3.603,0,96.1,0,7.42,0,41.42,13.76,7.8,0,-83,5.26,19.104,0,5.83,0,1.211,2.33,0,9.37
2/23/2026,4:00, ,gtmpiwq_20H100465_020426_050000.bin,Pine Island,GTMNERR,0,46.309,0,30.12,0,3.538,0,95.3,0,7.39,0,45.28,15.05,7.78,0,-82.2,5.27,19.002,0,6.08,0,1.194,2.26,0,9.08
2/23/2026,4:15, ,gtmpiwq_20H100465_020426_050000.bin,Pine Island,GTMNERR,0,46.414,0,30.19,0,3.464,0,95.1,0,7.35,0,44.74,14.87,7.78,0,-82.1,5.27,19.158,0,5.75,0,1.196,2.06,0,8.29
2/23/2026,4:30, ,gtmpiwq_20H100465_020426_050000.bin,Pine Island,GTMNERR,0,46.397,0,30.18,0,3.383,0,95.3,0,7.36,0,44.17,14.68,7.78,0,-82.1,5.26,19.214,0,8.12,0,1.203,2.26,0,9.09
2/23/2026,4:45, ,gtmpiwq_20H100465_020426_050000.bin,Pine Island,GTMNERR,0,46.062,0,29.94,0,3.307,0,94.9,0,7.37,0,45.58,15.15,7.78,0,-81.6,5.27,19.026,0,11.42,0,1.205,2.37,0,9.52
2/23/2026,5:00, ,gtmpiwq_20H100465_020426_050000.bin,Pine Island,GTMNERR,0,45.856,0,29.79,0,3.229,0,94.7,0,7.37,0,46.66,15.51,7.77,0,-81.2,5.26,18.941,0,10.71,0,1.206,2.43,0,9.74
2/23/2026,5:15, ,gtmpiwq_20H100465_020426_050000.bin,Pine Island,GTMNERR,0,45.74,0,29.7,0,3.154,0,94.3,0,7.34,0,47.59,15.82,7.76,0,-80.8,5.27,18.932,0,10.3,0,1.207,2.38,0,9.57
2/23/2026,5:30, ,gtmpiwq_20H100465_020426_050000.bin,Pine Island,GTMNERR,0,45.639,0,29.63,0,3.073,0,94.2,0,7.34,0,48.34,16.07,7.76,0,-80.5,5.27,18.899,0,10.3,0,1.209,2.61,0,10.46
2/23/2026,5:45, ,gtmpiwq_20H100465_020426_050000.bin,Pine Island,GTMNERR,0,45.553,0,29.57,0,2.99,0,93.8,0,7.31,0,48.97,16.28,7.75,0,-80.3,5.26,18.897,0,10.5,0,1.209,2.48,0,9.96
2/23/2026,6:00, ,gtmpiwq_20H100465_020426_050000.bin,Pine Island,GTMNERR,0,45.285,0,29.38,0,2.906,0,92.7,0,7.27,0,50.41,16.76,7.74,0,-79.4,5.27,18.625,0,11.13,0,1.209,2.31,0,9.27
2/23/2026,6:15, ,gtmpiwq_20H100465_020426_050000.bin,Pine Island,GTMNERR,0,45.061,0,29.21,0,2.826,0,91.8,0,7.24,0,52.22,17.37,7.73,0,-78.8,5.26,18.36,0,9.41,0,1.203,2.47,0,9.91
2/23/2026,6:30, ,gtmpiwq_20H100465_020426_050000.bin,Pine Island,GTMNERR,0,44.807,0,29.03,0,2.734,0,90.7,0,7.21,0,53.67,17.85,7.72,0,-77.9,5.27,18.046,0,10.41,0,1.199,2.16,0,8.67
2/23/2026,6:45, ,gtmpiwq_20H100465_020426_050000.bin,Pine Island,GTMNERR,0,44.631,0,28.9,0,2.652,0,89.8,0,7.18,0,54.81,18.23,7.7,0,-77.1,5.27,17.781,0,10.63,0,1.198,2.31,0,9.3
2/23/2026,7:00, ,gtmpiwq_20H100465_020426_050000.bin,Pine Island,GTMNERR,0,44.57,0,28.86,0,2.567,0,89.4,0,7.18,0,55.41,18.43,7.7,0,-76.8,5.26,17.609,0,10.49,0,1.198,2.17,0,8.74
2/23/2026,7:15, ,gtmpiwq_20H100465_020426_050000.bin,Pine Island,GTMNERR,0,44.527,0,28.83,0,2.485,0,89.3,0,7.17,0,55.96,18.61,7.7,0,-76.6,5.27,17.637,0,8.14,0,1.199,2.03,0,8.18
2/23/2026,7:30, ,gtmpiwq_20H100465_020426_050000.bin,Pine Island,GTMNERR,0,44.478,0,28.79,0,2.433,0,89.3,0,7.19,0,57.32,19.07,7.69,0,-76.6,5.25,17.511,0,7.8,0,1.201,2.69,0,10.81
2/23/2026,7:45, ,gtmpiwq_20H100465_020426_050000.bin,Pine Island,GTMNERR,0,44.421,0,28.75,0,2.398,0,88.9,0,7.16,0,57.68,19.19,7.69,0,-76.2,5.25,17.46,0,8.7,0,1.202,2.27,0,9.14
2/23/2026,8:00, ,gtmpiwq_20H100465_020426_050000.bin,Pine Island,GTMNERR,0,44.377,0,28.72,0,2.394,0,88.3,0,7.12,0,57.43,19.1,7.69,0,-76.1,5.26,17.384,0,5.89,0,1.205,2.31,0,9.28
2/23/2026,8:15, ,gtmpiwq_20H100465_020426_050000.bin,Pine Island,GTMNERR,0,44.347,0,28.7,0,2.452,0,85,0,6.87,0,57.22,19.03,7.67,0,-75.1,5.26,17.273,0,4.56,0,1.205,1.94,0,7.8
2/23/2026,8:30, ,gtmpiwq_20H100465_020426_050000.bin,Pine Island,GTMNERR,0,44.513,0,28.82,0,2.524,0,89.2,0,7.2,0,58.14,19.34,7.69,0,-76.3,5.27,17.286,0,5.26,0,1.206,1.72,0,6.93
2/23/2026,8:45, ,gtmpiwq_20H100465_020426_050000.bin,Pine Island,GTMNERR,0,44.682,0,28.94,0,2.601,0,89.8,0,7.25,0,55.89,18.59,7.7,0,-77.1,5.26,17.308,0,7.22,0,1.208,2.62,0,10.52
2/23/2026,9:00, ,gtmpiwq_20H100465_020426_050000.bin,Pine Island,GTMNERR,0,44.739,0,28.98,0,2.671,0,90.4,0,7.28,0,55.53,18.47,7.71,0,-77.5,5.27,17.351,0,7.99,0,1.212,1.88,0,7.56
2/23/2026,9:15, ,gtmpiwq_20H100465_020426_050000.bin,Pine Island,GTMNERR,0,44.759,0,28.99,0,2.732,0,90.7,0,7.3,0,54.57,18.15,7.72,0,-77.8,5.27,17.418,0,9.6,0,1.202,2,0,8.04
2/23/2026,9:30, ,gtmpiwq_20H100465_020426_050000.bin,Pine Island,GTMNERR,0,44.916,0,29.11,0,2.79,0,91.2,0,7.36,0,54.71,18.2,7.72,0,-78.2,5.26,17.183,0,8.05,0,1.197,1.89,0,7.59
2/23/2026,9:45, ,gtmpiwq_20H100465_020426_050000.bin,Pine Island,GTMNERR,0,45.032,0,29.19,0,2.846,0,91.6,0,7.38,0,53.77,17.88,7.73,0,-78.5,5.27,17.344,0,7.82,0,1.193,1.8,0,7.26
2/23/2026,10:00, ,gtmpiwq_20H100465_020426_050000.bin,Pine Island,GTMNERR,0,45.231,0,29.33,0,2.907,0,92.3,0,7.39,0,52.19,17.36,7.74,0,-79.2,5.26,17.599,0,9.29,0,1.196,1.98,0,7.97
2/23/2026,10:15, ,gtmpiwq_20H100465_020426_050000.bin,Pine Island,GTMNERR,0,45.342,0,29.41,0,2.964,0,92.2,0,7.42,0,51.73,17.2,7.74,0,-79.3,5.25,17.301,0,7.81,0,1.201,1.95,0,7.83
2/23/2026,10:30, ,gtmpiwq_20H100465_020426_050000.bin,Pine Island,GTMNERR,0,45.595,0,29.59,0,3.031,0,92.3,0,7.42,0,50.89,16.92,7.74,0,-79.5,5.27,17.275,0,7.07,0,1.205,2.05,0,8.24
2/23/2026,10:45, ,gtmpiwq_20H100465_020426_050000.bin,Pine Island,GTMNERR,0,45.699,0,29.67,0,3.089,0,92.8,0,7.45,0,50.28,16.72,7.75,0,-80,5.25,17.344,0,5.99,0,1.21,2.02,0,8.12
2/23/2026,11:00, ,gtmpiwq_20H100465_020426_050000.bin,Pine Island,GTMNERR,0,45.809,0,29.75,0,3.146,0,93.7,0,7.5,0,48.9,16.26,7.76,0,-80.5,5.27,17.454,0,9.67,0,1.202,2.11,0,8.48
2/23/2026,11:15, ,gtmpiwq_20H100465_020426_050000.bin,Pine Island,GTMNERR,0,45.915,0,29.83,0,3.2,0,94,0,7.54,0,49.08,16.32,7.77,0,-80.8,5.26,17.348,0,5.75,0,1.198,2.11,0,8.48
2/23/2026,11:30, ,gtmpiwq_20H100465_020426_050000.bin,Pine Island,GTMNERR,0,46.007,0,29.89,0,3.251,0,93.9,0,7.54,0,48.3,16.06,7.77,0,-80.9,5.26,17.287,0,7.01,0,1.198,1.91,0,7.68
2/23/2026,11:45, ,gtmpiwq_20H100465_020426_050000.bin,Pine Island,GTMNERR,0,46.077,0,29.94,0,3.305,0,94.2,0,7.55,0,47.25,15.71,7.77,0,-81.1,5.27,17.326,0,8.06,0,1.195,2.08,0,8.37
2/23/2026,12:00, ,gtmpiwq_20H100465_020426_050000.bin,Pine Island,GTMNERR,0,46.179,0,30.02,0,3.361,0,94.7,0,7.58,0,46.08,15.32,7.78,0,-81.4,5.25,17.354,0,14.46,0,1.194,2.16,0,8.66
2/23/2026,12:15, ,gtmpiwq_20H100465_020426_050000.bin,Pine Island,GTMNERR,0,46.376,0,30.16,0,3.419,0,94.8,0,7.59,0,46.02,15.3,7.78,0,-81.8,5.26,17.346,0,9.06,0,1.192,2.11,0,8.49
2/23/2026,12:30, ,gtmpiwq_20H100465_020426_050000.bin,Pine Island,GTMNERR,0,46.554,0,30.29,0,3.467,0,95.4,0,7.62,0,45.14,15,7.79,0,-82.3,5.25,17.403,0,7.34,0,1.193,2.02,0,8.12
2/23/2026,12:45, ,gtmpiwq_20H100465_020426_050000.bin,Pine Island,GTMNERR,0,46.636,0,30.35,0,3.52,0,96,0,7.66,0,44.5,14.79,7.8,0,-82.6,5.25,17.443,0,5.89,0,1.194,2.01,0,8.1
2/23/2026,13:00, ,gtmpiwq_20H100465_020426_050000.bin,Pine Island,GTMNERR,0,46.728,0,30.42,0,3.565,0,96.4,0,7.69,0,44.11,14.66,7.8,0,-82.9,5.26,17.428,0,5.57,0,1.211,2.14,0,8.61
2/23/2026,13:15, ,gtmpiwq_20H100465_020426_050000.bin,Pine Island,GTMNERR,0,46.873,0,30.52,0,3.604,0,97.1,0,7.73,0,43.22,14.37,7.81,0,-83.4,5.26,17.465,0,5.76,0,1.211,1.98,0,7.96
2/23/2026,13:30, ,gtmpiwq_20H100465_020426_050000.bin,Pine Island,GTMNERR,0,46.952,0,30.58,0,3.637,0,97.6,0,7.77,0,42.67,14.18,7.82,0,-83.7,5.27,17.491,0,5.07,0,1.201,2.03,0,8.15
2/23/2026,13:45, ,gtmpiwq_20H100465_020426_050000.bin,Pine Island,GTMNERR,0,47.213,0,30.77,0,3.66,0,97.4,0,7.74,0,41.01,13.63,7.82,0,-84.2,5.24,17.472,0,4.79,0,1.197,2.18,0,8.78
2/23/2026,14:00, ,gtmpiwq_20H100465_020426_050000.bin,Pine Island,GTMNERR,0,47.318,0,30.84,0,3.679,0,97.2,0,7.73,0,40.43,13.43,7.83,0,-84.4,5.25,17.455,0,4.55,0,1.202,2.27,0,9.11
2/23/2026,14:15, ,gtmpiwq_20H100465_020426_050000.bin,Pine Island,GTMNERR,0,47.358,0,30.87,0,3.679,0,97,0,7.71,0,40.1,13.32,7.82,0,-84.2,5.27,17.449,0,3.92,0,1.201,2.03,0,8.18
2/23/2026,14:30, ,gtmpiwq_20H100465_020426_050000.bin,Pine Island,GTMNERR,0,47.336,0,30.86,0,3.675,0,96.1,0,7.64,0,39.03,12.97,7.82,0,-84.1,5.26,17.462,0,3.37,0,1.201,2.27,0,9.12
2/23/2026,14:45, ,gtmpiwq_20H100465_020426_050000.bin,Pine Island,GTMNERR,0,47.329,0,30.85,0,3.649,0,97,0,7.71,0,39.84,13.24,7.83,0,-84.5,5.27,17.467,0,3.84,0,1.201,2.34,0,9.41
2/23/2026,15:00, ,gtmpiwq_20H100465_020426_050000.bin,Pine Island,GTMNERR,0,47.277,0,30.81,0,3.609,0,98.1,0,7.8,0,40.27,13.38,7.83,0,-84.6,5.25,17.484,0,3.71,0,1.204,2.18,0,8.77
2/23/2026,15:15, ,gtmpiwq_20H100465_020426_050000.bin,Pine Island,GTMNERR,0,47.031,0,30.64,0,3.556,0,98.5,0,7.84,0,42.07,13.98,7.83,0,-84.3,5.26,17.524,0,4.13,0,1.202,2.17,0,8.71
2/23/2026,15:30, ,gtmpiwq_20H100465_020426_050000.bin,Pine Island,GTMNERR,0,46.65,0,30.36,0,3.492,0,97.7,0,7.78,0,44.3,14.72,7.81,0,-83.6,5.27,17.522,0,4.39,0,1.201,2.23,0,8.95
2/23/2026,15:45, ,gtmpiwq_20H100465_020426_050000.bin,Pine Island,GTMNERR,0,46.278,0,30.09,0,3.438,0,98.6,0,7.89,0,46.52,15.46,7.8,0,-83,5.26,17.394,0,5.46,0,1.2,2.07,0,8.34
2/23/2026,16:00, ,gtmpiwq_20H100465_020426_050000.bin,Pine Island,GTMNERR,0,46.112,0,29.97,0,3.365,0,98.4,0,7.9,0,47.93,15.94,7.8,0,-82.8,5.27,17.208,0,5.21,0,1.198,2.03,0,8.16
2/23/2026,16:15, ,gtmpiwq_20H100465_020426_050000.bin,Pine Island,GTMNERR,0,46.078,0,29.94,0,3.307,0,97.7,0,7.85,0,48.11,16,7.8,0,-82.5,5.26,17.181,0,5.29,0,1.197,2.49,0,10
2/23/2026,16:30, ,gtmpiwq_20H100465_020426_050000.bin,Pine Island,GTMNERR,0,46.037,0,29.91,0,3.236,0,97.9,0,7.87,0,48.27,16.05,7.79,0,-82.4,5.26,17.213,0,6.66,0,1.196,2.09,0,8.4
2/23/2026,16:45, ,gtmpiwq_20H100465_020426_050000.bin,Pine Island,GTMNERR,0,45.896,0,29.81,0,3.168,0,98.4,0,7.89,0,48.45,16.11,7.79,0,-82.2,5.27,17.338,0,6.9,0,1.204,2.25,0,9.04
2/23/2026,17:00, ,gtmpiwq_20H100465_020426_050000.bin,Pine Island,GTMNERR,0,45.769,0,29.72,0,3.095,0,98.2,0,7.88,0,49.15,16.34,7.79,0,-82.2,5.26,17.379,0,7.58,0,1.207,2.4,0,9.66
2/23/2026,17:15, ,gtmpiwq_20H100465_020426_050000.bin,Pine Island,GTMNERR,0,45.671,0,29.65,0,3.02,0,98.2,0,7.87,0,50.19,16.69,7.79,0,-82.1,5.26,17.424,0,6.86,0,1.201,2.61,0,10.47
2/23/2026,17:30, ,gtmpiwq_20H100465_020426_050000.bin,Pine Island,GTMNERR,0,45.473,0,29.51,0,2.94,0,97.7,0,7.84,0,51.23,17.04,7.78,0,-81.6,5.31,17.381,0,6.78,0,1.203,2.26,0,9.1
2/23/2026,17:45, ,gtmpiwq_20H100465_020426_050000.bin,Pine Island,GTMNERR,0,45.241,0,29.34,0,2.854,0,97.8,0,7.87,0,52.41,17.43,7.78,0,-81.3,5.31,17.312,0,6.13,0,1.206,2.25,0,9.04
2/23/2026,18:00, ,gtmpiwq_20H100465_020426_050000.bin,Pine Island,GTMNERR,0,45.013,0,29.18,0,2.764,0,98,0,7.9,0,53.27,17.72,7.77,0,-81,5.3,17.274,0,7.91,0,1.204,2.47,0,9.93
2/23/2026,18:15, ,gtmpiwq_20H100465_020426_050000.bin,Pine Island,GTMNERR,0,44.776,0,29,0,2.678,0,98.3,0,7.94,0,54.21,18.03,7.77,0,-80.8,5.3,17.232,0,7.98,0,1.206,2.77,0,11.13
2/23/2026,18:30, ,gtmpiwq_20H100465_020426_050000.bin,Pine Island,GTMNERR,0,44.543,0,28.84,0,2.588,0,99.1,0,8.03,0,55.54,18.47,7.77,0,-80.7,5.31,17.154,0,7.58,0,1.207,2.75,0,11.04
2/23/2026,18:45, ,gtmpiwq_20H100465_020426_050000.bin,Pine Island,GTMNERR,0,44.373,0,28.71,0,2.5,0,99.4,0,8.07,0,56.31,18.73,7.77,0,-80.7,5.3,17.064,0,7.27,0,1.207,2.66,0,10.68
2/23/2026,19:00, ,gtmpiwq_20H100465_020426_050000.bin,Pine Island,GTMNERR,0,44.295,0,28.66,0,2.421,0,99.4,0,8.08,0,57.29,19.06,7.76,0,-80.6,5.3,17.002,0,7.17,0,1.207,2.77,0,11.14
2/23/2026,19:15, ,gtmpiwq_20H100465_020426_050000.bin,Pine Island,GTMNERR,0,44.227,0,28.61,0,2.349,0,99.2,0,8.08,0,57.96,19.28,7.76,0,-80.4,5.31,16.945,0,6.98,0,1.207,2.73,0,10.97
2/23/2026,19:30, ,gtmpiwq_20H100465_020426_050000.bin,Pine Island,GTMNERR,0,44.152,0,28.55,0,2.286,0,99.1,0,8.09,0,58.25,19.38,7.76,0,-80.5,5.3,16.835,0,6.18,0,1.21,2.66,0,10.67
2/23/2026,19:45, ,gtmpiwq_20H100465_020426_050000.bin,Pine Island,GTMNERR,0,44.059,0,28.49,0,2.245,0,98.9,0,8.09,0,59.94,19.94,7.76,0,-80.4,5.31,16.774,0,5.64,0,1.209,2.8,0,11.24
2/23/2026,20:00, ,gtmpiwq_20H100465_020426_050000.bin,Pine Island,GTMNERR,0,43.993,0,28.44,0,2.235,0,99.1,0,8.11,0,60.06,19.98,7.76,0,-80.3,5.29,16.727,0,5.33,0,1.206,2.75,0,11.05
2/23/2026,20:15, ,gtmpiwq_20H100465_020426_050000.bin,Pine Island,GTMNERR,0,43.971,0,28.42,0,2.262,0,96.6,0,7.91,0,58.79,19.56,7.75,0,-79.5,5.3,16.707,0,4.1,0,1.205,2.45,0,9.82
2/23/2026,20:30, ,gtmpiwq_20H100465_020426_050000.bin,Pine Island,GTMNERR,0,44.118,0,28.53,0,2.323,0,100.1,0,8.19,0,59.78,19.89,7.76,0,-80.3,5.3,16.757,0,4.53,0,1.206,2.28,0,9.17
2/23/2026,20:45, ,gtmpiwq_20H100465_020426_050000.bin,Pine Island,GTMNERR,0,44.426,0,28.75,0,2.393,0,99.3,0,8.11,0,57.85,19.24,7.78,0,-81.3,5.3,16.728,0,4.8,0,1.207,2.62,0,10.52
2/23/2026,21:00, ,gtmpiwq_20H100465_020426_050000.bin,Pine Island,GTMNERR,0,44.404,0,28.73,0,2.477,0,99.6,0,8.13,0,57.7,19.19,7.77,0,-80.7,5.31,16.779,0,5.05,0,1.207,2.52,0,10.14
2/23/2026,21:15, ,gtmpiwq_20H100465_020426_050000.bin,Pine Island,GTMNERR,0,44.528,0,28.82,0,2.563,0,99.4,0,8.1,0,56.81,18.9,7.77,0,-80.9,5.29,16.858,0,6.43,0,1.207,2.34,0,9.42
2/23/2026,21:30, ,gtmpiwq_20H100465_020426_050000.bin,Pine Island,GTMNERR,0,44.669,0,28.92,0,2.653,0,99.4,0,8.1,0,56.23,18.7,7.77,0,-81.1,5.3,16.792,0,6.58,0,1.207,2.18,0,8.76
2/23/2026,21:45, ,gtmpiwq_20H100465_020426_050000.bin,Pine Island,GTMNERR,0,44.814,0,29.03,0,2.738,0,99.4,0,8.09,0,55.47,18.45,7.78,0,-81.5,5.31,16.797,0,6.55,0,1.21,2.24,0,9.01
2/23/2026,22:00, ,gtmpiwq_20H100465_020426_050000.bin,Pine Island,GTMNERR,0,44.947,0,29.12,0,2.815,0,99,0,8.05,0,54.79,18.22,7.78,0,-81.4,5.3,16.85,0,5.87,0,1.208,2.21,0,8.89
2/23/2026,22:15, ,gtmpiwq_20H100465_020426_050000.bin,Pine Island,GTMNERR,0,45.332,0,29.4,0,2.894,0,98.9,0,8.05,0,52.29,17.39,7.79,0,-82,5.31,16.739,0,8.96,0,1.209,2.27,0,9.11
2/23/2026,22:30, ,gtmpiwq_20H100465_020426_050000.bin,Pine Island,GTMNERR,0,45.489,0,29.51,0,2.969,0,98.8,0,8.04,0,51.74,17.21,7.8,0,-82.4,5.29,16.718,0,7.33,0,1.207,2.3,0,9.24
2/23/2026,22:45, ,gtmpiwq_20H100465_020426_050000.bin,Pine Island,GTMNERR,0,45.601,0,29.6,0,3.039,0,98.5,0,8,0,50.91,16.93,7.79,0,-82.4,5.29,16.766,0,8.79,0,1.208,2.27,0,9.14
2/23/2026,23:00, ,gtmpiwq_20H100465_020426_050000.bin,Pine Island,GTMNERR,0,45.794,0,29.73,0,3.104,0,98.4,0,7.99,0,50.53,16.8,7.8,0,-82.6,5.3,16.698,0,6.66,0,1.206,2.41,0,9.68
2/23/2026,23:15, ,gtmpiwq_20H100465_020426_050000.bin,Pine Island,GTMNERR,0,45.872,0,29.79,0,3.17,0,98.3,0,7.98,0,49.29,16.39,7.8,0,-82.6,5.29,16.75,0,7.64,0,1.206,2.44,0,9.79
2/23/2026,23:30, ,gtmpiwq_20H100465_020426_050000.bin,Pine Island,GTMNERR,0,46.006,0,29.89,0,3.236,0,98.5,0,7.99,0,48.04,15.97,7.8,0,-82.9,5.3,16.74,0,9.15,0,1.207,2.37,0,9.54
2/23/2026,23:45, ,gtmpiwq_20H100465_020426_050000.bin,Pine Island,GTMNERR,0,46.141,0,29.98,0,3.299,0,98.6,0,8,0,47.27,15.72,7.81,0,-83.2,5.3,16.701,0,10.56,0,1.207,2.56,0,10.29
2/24/2026,0:00, ,gtmpiwq_20H100465_020426_050000.bin,Pine Island,GTMNERR,0,46.329,0,30.12,0,3.364,0,98.7,0,8.01,0,47.07,15.65,7.81,0,-83.5,5.3,16.674,0,7.19,0,1.205,2.45,0,9.85
2/24/2026,0:15, ,gtmpiwq_20H100465_020426_050000.bin,Pine Island,GTMNERR,0,46.49,0,30.24,0,3.43,0,98.9,0,8.02,0,46.33,15.4,7.82,0,-83.9,5.28,16.613,0,7.66,0,1.205,2.17,0,8.71
2/24/2026,0:30, ,gtmpiwq_20H100465_020426_050000.bin,Pine Island,GTMNERR,0,46.642,0,30.35,0,3.498,0,98.9,0,8.03,0,45.59,15.16,7.83,0,-84.2,5.29,16.562,0,6.84,0,1.203,1.74,0,7
2/24/2026,0:45, ,gtmpiwq_20H100465_020426_050000.bin,Pine Island,GTMNERR,0,46.883,0,30.52,0,3.564,0,98.9,0,8.02,0,44.56,14.81,7.83,0,-84.6,5.27,16.542,0,5.68,0,1.207,2.01,0,8.07
2/24/2026,1:00, ,gtmpiwq_20H100465_020426_050000.bin,Pine Island,GTMNERR,0,47.107,0,30.68,0,3.624,0,98.9,0,8.01,0,43.08,14.32,7.84,0,-84.9,5.27,16.527,0,6.44,0,1.209,2.09,0,8.39
2/24/2026,1:15, ,gtmpiwq_20H100465_020426_050000.bin,Pine Island,GTMNERR,0,47.334,0,30.85,0,3.679,0,98.9,0,8.01,0,41.65,13.84,7.85,0,-85.3,5.28,16.522,0,6.19,0,1.211,2.12,0,8.53
2/24/2026,1:30, ,gtmpiwq_20H100465_020426_050000.bin,Pine Island,GTMNERR,0,47.429,0,30.92,0,3.726,0,98.9,0,8.01,0,41.12,13.66,7.85,0,-85.5,5.26,16.501,0,6.06,0,1.204,2.05,0,8.24
2/24/2026,1:45, ,gtmpiwq_20H100465_020426_050000.bin,Pine Island,GTMNERR,0,47.532,0,30.99,0,3.77,0,98.7,0,8,0,40.5,13.46,7.85,0,-85.5,5.26,16.464,0,5.51,0,1.198,2.21,0,8.88
2/24/2026,2:00, ,gtmpiwq_20H100465_020426_050000.bin,Pine Island,GTMNERR,0,47.628,0,31.06,0,3.807,0,98.6,0,8,0,39.91,13.26,7.85,0,-85.6,5.26,16.391,0,6.44,0,1.193,2.01,0,8.09
2/24/2026,2:15, ,gtmpiwq_20H100465_020426_050000.bin,Pine Island,GTMNERR,0,47.795,0,31.18,0,3.842,0,98.3,0,7.99,0,39.18,13.02,7.85,0,-85.8,5.26,16.275,0,6.65,0,1.201,2.24,0,8.99
2/24/2026,2:30, ,gtmpiwq_20H100465_020426_050000.bin,Pine Island,GTMNERR,0,47.977,0,31.31,0,3.87,0,98.2,0,7.98,0,38.17,12.68,7.86,0,-86.1,5.27,16.24,0,6.14,0,1.205,2.07,0,8.31
2/24/2026,2:45, ,gtmpiwq_20H100465_020426_050000.bin,Pine Island,GTMNERR,0,48.089,0,31.39,0,3.887,0,98.3,0,7.98,0,37.44,12.43,7.86,0,-86.1,5.27,16.216,0,6.16,0,1.207,1.97,0,7.91
2/24/2026,3:00, ,gtmpiwq_20H100465_020426_050000.bin,Pine Island,GTMNERR,0,48.199,0,31.47,0,3.897,0,97.4,0,7.91,0,36.88,12.25,7.86,0,-86.3,5.28,16.201,0,6.25,0,1.209,2.2,0,8.84
2/24/2026,3:15, ,gtmpiwq_20H100465_020426_050000.bin,Pine Island,GTMNERR,0,48.344,0,31.58,0,3.895,0,97.2,0,7.88,0,36.72,12.19,7.87,0,-86.4,5.26,16.185,0,5.06,0,1.21,2.32,0,9.32
2/24/2026,3:30, ,gtmpiwq_20H100465_020426_050000.bin,Pine Island,GTMNERR,0,48.329,0,31.56,0,3.878,0,92.9,0,7.55,0,35.49,11.78,7.84,0,-85.2,5.27,16.107,0,3.61,0,1.209,1.66,0,6.7
2/24/2026,3:45, ,gtmpiwq_20H100465_020426_050000.bin,Pine Island,GTMNERR,0,48.285,0,31.53,0,3.849,0,96.1,0,7.83,0,36.7,12.19,7.87,0,-86.5,5.28,16.016,0,3.17,0,1.211,2.04,0,8.2
2/24/2026,4:00, ,gtmpiwq_20H100465_020426_050000.bin,Pine Island,GTMNERR,0,48.169,0,31.45,0,3.805,0,97.7,0,7.96,0,37.64,12.5,7.86,0,-86.4,5.27,16.047,0,4.29,0,1.201,2.12,0,8.52
2/24/2026,4:15, ,gtmpiwq_20H100465_020426_050000.bin,Pine Island,GTMNERR,0,47.93,0,31.27,0,3.754,0,97.6,0,7.96,0,38.9,12.92,7.86,0,-85.9,5.28,16.024,0,6.72,0,1.197,2.11,0,8.49
2/24/2026,4:30, ,gtmpiwq_20H100465_020426_050000.bin,Pine Island,GTMNERR,0,47.687,0,31.1,0,3.699,0,97.4,0,7.95,0,41.01,13.63,7.85,0,-85.4,5.27,16.037,0,5.8,0,1.197,2.09,0,8.39
2/24/2026,4:45, ,gtmpiwq_20H100465_020426_050000.bin,Pine Island,GTMNERR,0,47.38,0,30.87,0,3.643,0,97.2,0,7.95,0,42.7,14.19,7.84,0,-85,5.28,16.045,0,5.47,0,1.207,2.01,0,8.1
2/24/2026,5:00, ,gtmpiwq_20H100465_020426_050000.bin,Pine Island,GTMNERR,0,46.946,0,30.56,0,3.584,0,96.7,0,7.94,0,45.8,15.23,7.83,0,-84.4,5.29,15.882,0,6.69,0,1.21,1.9,0,7.66
2/24/2026,5:15, ,gtmpiwq_20H100465_020426_050000.bin,Pine Island,GTMNERR,0,46.834,0,30.48,0,3.519,0,96.3,0,7.91,0,47.08,15.65,7.82,0,-84,5.28,15.885,0,5.07,0,1.211,1.72,0,6.93
2/24/2026,5:30, ,gtmpiwq_20H100465_020426_050000.bin,Pine Island,GTMNERR,0,46.859,0,30.5,0,3.452,0,96.4,0,7.9,0,46.4,15.43,7.82,0,-84,5.28,16.033,0,5.06,0,1.2,1.76,0,7.07
2/24/2026,5:45, ,gtmpiwq_20H100465_020426_050000.bin,Pine Island,GTMNERR,0,46.59,0,30.3,0,3.39,0,96,0,7.91,0,47.61,15.83,7.82,0,-83.6,5.27,15.853,0,6.61,0,1.192,1.96,0,7.9
2/24/2026,6:00, ,gtmpiwq_20H100465_020426_050000.bin,Pine Island,GTMNERR,0,46.338,0,30.11,0,3.32,0,95.8,0,7.93,0,48.86,16.24,7.81,0,-83.1,5.27,15.666,0,7.05,0,1.197,1.91,0,7.69
2/24/2026,6:15, ,gtmpiwq_20H100465_020426_050000.bin,Pine Island,GTMNERR,0,46.217,0,30.03,0,3.25,0,95.9,0,7.94,0,49.34,16.4,7.81,0,-82.9,5.29,15.662,0,7.69,0,1.196,2.09,0,8.41
2/24/2026,6:30, ,gtmpiwq_20H100465_020426_050000.bin,Pine Island,GTMNERR,0,46.115,0,29.95,0,3.178,0,95.8,0,7.95,0,50.75,16.88,7.8,0,-82.8,5.27,15.526,0,7.95,0,1.205,2.13,0,8.56
2/24/2026,6:45, ,gtmpiwq_20H100465_020426_050000.bin,Pine Island,GTMNERR,0,46.1,0,29.94,0,3.102,0,95.6,0,7.93,0,51,16.96,7.8,0,-82.6,5.27,15.567,0,7.07,0,1.208,2.12,0,8.52
2/24/2026,7:00, ,gtmpiwq_20H100465_020426_050000.bin,Pine Island,GTMNERR,0,45.966,0,29.84,0,3.021,0,94.9,0,7.88,0,51.04,16.97,7.79,0,-81.9,5.25,15.542,0,7.79,0,1.208,1.78,0,7.16
2/24/2026,7:15, ,gtmpiwq_20H100465_020426_050000.bin,Pine Island,GTMNERR,0,45.75,0,29.68,0,2.942,0,94.2,0,7.86,0,52.66,17.51,7.78,0,-81.4,5.27,15.341,0,7.44,0,1.205,2.17,0,8.72
2/24/2026,7:30, ,gtmpiwq_20H100465_020426_050000.bin,Pine Island,GTMNERR,0,45.454,0,29.46,0,2.859,0,93.1,0,7.84,0,54.49,18.12,7.77,0,-80.7,5.28,14.987,0,7.46,0,1.203,2.01,0,8.09
2/24/2026,7:45, ,gtmpiwq_20H100465_020426_050000.bin,Pine Island,GTMNERR,0,45.279,0,29.33,0,2.776,0,92.4,0,7.83,0,55.83,18.57,7.76,0,-80,5.27,14.715,0,7.7,0,1.205,1.94,0,7.81
2/24/2026,8:00, ,gtmpiwq_20H100465_020426_050000.bin,Pine Island,GTMNERR,0,45.138,0,29.23,0,2.696,0,91.9,0,7.83,0,56.96,18.95,7.75,0,-79.5,5.27,14.477,0,8.02,0,1.21,1.92,0,7.73
2/24/2026,8:15, ,gtmpiwq_20H100465_020426_050000.bin,Pine Island,GTMNERR,0,45.058,0,29.17,0,2.625,0,91.8,0,7.83,0,57.59,19.16,7.75,0,-79.3,5.28,14.424,0,6.26,0,1.208,1.95,0,7.84
2/24/2026,8:30, ,gtmpiwq_20H100465_020426_050000.bin,Pine Island,GTMNERR,0,44.977,0,29.1,0,2.564,0,91.4,0,7.82,0,58.59,19.49,7.74,0,-78.9,5.28,14.283,0,5.79,0,1.202,1.64,0,6.62
2/24/2026,8:45, ,gtmpiwq_20H100465_020426_050000.bin,Pine Island,GTMNERR,0,44.881,0,29.04,0,2.526,0,91.5,0,7.84,0,59.48,19.79,7.74,0,-79,5.27,14.234,0,5.48,0,1.193,1.77,0,7.12
2/24/2026,9:00, ,gtmpiwq_20H100465_020426_050000.bin,Pine Island,GTMNERR,0,44.798,0,28.97,0,2.508,0,91.3,0,7.83,0,59.43,19.77,7.74,0,-78.7,5.27,14.175,0,4.26,0,1.198,2.25,0,9.02
2/24/2026,9:15, ,gtmpiwq_20H100465_020426_050000.bin,Pine Island,GTMNERR,0,44.798,0,28.98,0,2.524,0,89.8,0,7.7,0,59.62,19.83,7.74,0,-78.8,5.26,14.218,0,3.35,0,1.211,1.9,0,7.64
2/24/2026,9:30, ,gtmpiwq_20H100465_020426_050000.bin,Pine Island,GTMNERR,0,44.857,0,29.02,0,2.566,0,91.1,0,7.82,0,59.54,19.81,7.73,0,-78.1,5.24,14.158,0,4.56,0,1.211,1.8,0,7.23
2/24/2026,9:45, ,gtmpiwq_20H100465_020426_050000.bin,Pine Island,GTMNERR,0,45.131,0,29.21,0,2.629,0,91.2,0,7.82,0,58.08,19.32,7.75,0,-79.3,5.26,14.159,0,4.37,0,1.205,1.88,0,7.58
2/24/2026,10:00, ,gtmpiwq_20H100465_020426_050000.bin,Pine Island,GTMNERR,0,45.187,0,29.25,0,2.703,0,91.9,0,7.87,0,56.93,18.94,7.75,0,-79.6,5.27,14.217,0,5.19,0,1.205,2,0,8.04
2/24/2026,10:15, ,gtmpiwq_20H100465_020426_050000.bin,Pine Island,GTMNERR,0,45.317,0,29.35,0,2.784,0,92.6,0,7.91,0,56.34,18.74,7.76,0,-80,5.28,14.308,0,6.13,0,1.207,1.82,0,7.34
2/24/2026,10:30, ,gtmpiwq_20H100465_020426_050000.bin,Pine Island,GTMNERR,0,45.404,0,29.42,0,2.854,0,93.3,0,7.94,0,55.38,18.42,7.77,0,-80.4,5.27,14.459,0,6.95,0,1.206,1.81,0,7.3
2/24/2026,10:45, ,gtmpiwq_20H100465_020426_050000.bin,Pine Island,GTMNERR,0,45.625,0,29.58,0,2.921,0,93.2,0,7.93,0,54.49,18.12,7.77,0,-80.7,5.27,14.455,0,7.06,0,1.203,1.82,0,7.31
2/24/2026,11:00, ,gtmpiwq_20H100465_020426_050000.bin,Pine Island,GTMNERR,0,45.758,0,29.68,0,2.988,0,93.7,0,7.92,0,53.12,17.67,7.78,0,-81,5.26,14.726,0,6.59,0,1.201,2.14,0,8.59
2/24/2026,11:15, ,gtmpiwq_20H100465_020426_050000.bin,Pine Island,GTMNERR,0,46.037,0,29.88,0,3.049,0,93.9,0,7.95,0,51.58,17.15,7.79,0,-81.5,5.26,14.6,0,7.33,0,1.203,1.86,0,7.48
2/24/2026,11:30, ,gtmpiwq_20H100465_020426_050000.bin,Pine Island,GTMNERR,0,46.206,0,30,0,3.108,0,94.2,0,7.95,0,51.02,16.97,7.79,0,-81.7,5.28,14.756,0,5.73,0,1.205,2.05,0,8.23
2/24/2026,11:45, ,gtmpiwq_20H100465_020426_050000.bin,Pine Island,GTMNERR,0,46.334,0,30.09,0,3.164,0,94.8,0,7.98,0,50.19,16.69,7.8,0,-82.2,5.27,14.827,0,6.57,0,1.208,1.85,0,7.44
2/24/2026,12:00, ,gtmpiwq_20H100465_020426_050000.bin,Pine Island,GTMNERR,0,46.431,0,30.16,0,3.217,0,95.5,0,8.03,0,49.32,16.4,7.8,0,-82.5,5.27,14.84,0,7.1,0,1.208,1.61,0,6.48
2/24/2026,12:15, ,gtmpiwq_20H100465_020426_050000.bin,Pine Island,GTMNERR,0,46.539,0,30.24,0,3.268,0,95.2,0,8.01,0,48.94,16.27,7.8,0,-82.6,5.27,14.778,0,5.92,0,1.211,1.93,0,7.75
2/24/2026,12:30, ,gtmpiwq_20H100465_020426_050000.bin,Pine Island,GTMNERR,0,46.594,0,30.28,0,3.317,0,95.4,0,8.02,0,48.82,16.23,7.81,0,-82.9,5.28,14.837,0,5.82,0,1.209,1.8,0,7.26
2/24/2026,12:45, ,gtmpiwq_20H100465_020426_050000.bin,Pine Island,GTMNERR,0,46.667,0,30.34,0,3.367,0,95.8,0,8.03,0,48.2,16.02,7.81,0,-83.1,5.29,14.916,0,5.49,0,1.201,1.81,0,7.27
2/24/2026,13:00, ,gtmpiwq_20H100465_020426_050000.bin,Pine Island,GTMNERR,0,46.759,0,30.4,0,3.415,0,95.9,0,8.04,0,47.29,15.72,7.82,0,-83.3,5.28,14.925,0,6.22,0,1.193,1.74,0,7.01
2/24/2026,13:15, ,gtmpiwq_20H100465_020426_050000.bin,Pine Island,GTMNERR,0,46.953,0,30.55,0,3.462,0,96.5,0,8.07,0,46.5,15.46,7.82,0,-83.7,5.29,14.983,0,4.52,0,1.193,1.77,0,7.14
2/24/2026,13:30, ,gtmpiwq_20H100465_020426_050000.bin,Pine Island,GTMNERR,0,47.065,0,30.63,0,3.511,0,96.8,0,8.08,0,45.77,15.22,7.83,0,-84,5.28,15.038,0,4.58,0,1.207,1.99,0,7.99
2/24/2026,13:45, ,gtmpiwq_20H100465_020426_050000.bin,Pine Island,GTMNERR,0,47.148,0,30.69,0,3.559,0,97,0,8.09,0,45.02,14.97,7.83,0,-84.3,5.29,15.11,0,4.83,0,1.206,1.85,0,7.46
2/24/2026,14:00, ,gtmpiwq_20H100465_020426_050000.bin,Pine Island,GTMNERR,0,47.224,0,30.74,0,3.602,0,97.4,0,8.11,0,44.57,14.82,7.84,0,-84.6,5.3,15.155,0,4.09,0,1.205,1.79,0,7.19
2/24/2026,14:15, ,gtmpiwq_20H100465_020426_050000.bin,Pine Island,GTMNERR,0,47.341,0,30.83,0,3.636,0,97.7,0,8.11,0,43.39,14.42,7.84,0,-84.9,5.29,15.233,0,5.46,0,1.204,2.07,0,8.33
2/24/2026,14:30, ,gtmpiwq_20H100465_020426_050000.bin,Pine Island,GTMNERR,0,47.463,0,30.92,0,3.661,0,97.4,0,8.09,0,42.42,14.1,7.85,0,-85.2,5.3,15.245,0,4.3,0,1.206,2.38,0,9.58
2/24/2026,14:45, ,gtmpiwq_20H100465_020426_050000.bin,Pine Island,GTMNERR,0,47.601,0,31.02,0,3.676,0,97.6,0,8.1,0,40.85,13.57,7.85,0,-85.2,5.29,15.279,0,4.86,0,1.206,1.91,0,7.68
2/24/2026,15:00, ,gtmpiwq_20H100465_020426_050000.bin,Pine Island,GTMNERR,0,47.705,0,31.1,0,3.682,0,96.8,0,8.01,0,40.75,13.54,7.85,0,-85.6,5.3,15.354,0,3.82,0,1.206,2.05,0,8.23
2/24/2026,15:15, ,gtmpiwq_20H100465_020426_050000.bin,Pine Island,GTMNERR,0,47.737,0,31.12,0,3.671,0,94,0,7.78,0,39.54,13.14,7.84,0,-84.6,5.31,15.379,0,2.56,0,1.206,1.42,0,5.73
2/24/2026,15:30, ,gtmpiwq_20H100465_020426_050000.bin,Pine Island,GTMNERR,0,47.747,0,31.13,0,3.646,0,98.2,0,8.12,0,41.15,13.67,7.86,0,-85.8,5.3,15.387,0,2.82,0,1.207,2.28,0,9.16
2/24/2026,15:45, ,gtmpiwq_20H100465_020426_050000.bin,Pine Island,GTMNERR,0,47.579,0,31.01,0,3.608,0,98.7,0,8.16,0,42.09,13.99,7.85,0,-85.6,5.3,15.384,0,3.54,0,1.205,1.94,0,7.81
2/24/2026,16:00, ,gtmpiwq_20H100465_020426_050000.bin,Pine Island,GTMNERR,0,47.372,0,30.86,0,3.556,0,98.3,0,8.15,0,43.54,14.47,7.85,0,-85.2,5.29,15.332,0,4.24,0,1.207,3.3,0,13.25
2/24/2026,16:15, ,gtmpiwq_20H100465_020426_050000.bin,Pine Island,GTMNERR,0,47.094,0,30.66,0,3.5,0,98.8,0,8.19,0,44.74,14.87,7.84,0,-84.7,5.3,15.384,0,4.41,0,1.198,1.77,0,7.14
2/24/2026,16:30, ,gtmpiwq_20H100465_020426_050000.bin,Pine Island,GTMNERR,0,46.79,0,30.43,0,3.441,0,98.9,0,8.23,0,46.71,15.53,7.83,0,-84.2,5.31,15.291,0,4.67,0,1.193,1.97,0,7.92
2/24/2026,16:45, ,gtmpiwq_20H100465_020426_050000.bin,Pine Island,GTMNERR,0,46.516,0,30.23,0,3.384,0,99.7,0,8.31,0,48.54,16.14,7.83,0,-84,5.3,15.239,0,4.43,0,1.207,2.36,0,9.48
2/24/2026,17:00, ,gtmpiwq_20H100465_020426_050000.bin,Pine Island,GTMNERR,0,46.423,0,30.17,0,3.321,0,99.2,0,8.28,0,49.22,16.37,7.82,0,-83.9,5.3,15.227,0,4.27,0,1.203,1.81,0,7.27
2/24/2026,17:15, ,gtmpiwq_20H100465_020426_050000.bin,Pine Island,GTMNERR,0,46.435,0,30.17,0,3.254,0,98.8,0,8.25,0,49.13,16.34,7.82,0,-83.7,5.29,15.204,0,4.41,0,1.198,1.74,0,7.02
2/24/2026,17:30, ,gtmpiwq_20H100465_020426_050000.bin,Pine Island,GTMNERR,0,46.353,0,30.12,0,3.187,0,98.8,0,8.25,0,49.36,16.41,7.82,0,-83.5,5.3,15.21,0,4.89,0,1.197,1.96,0,7.88
2/24/2026,17:45, ,gtmpiwq_20H100465_020426_050000.bin,Pine Island,GTMNERR,0,46.201,0,30.01,0,3.113,0,98.9,0,8.26,0,50.04,16.64,7.81,0,-83.3,5.31,15.193,0,5.55,0,1.195,1.96,0,7.88
2/24/2026,18:00, ,gtmpiwq_20H100465_020426_050000.bin,Pine Island,GTMNERR,0,46.086,0,29.92,0,3.042,0,98.8,0,8.26,0,50.63,16.84,7.81,0,-83.1,5.3,15.177,0,5.97,0,1.197,1.94,0,7.82
2/24/2026,18:15, ,gtmpiwq_20H100465_020426_050000.bin,Pine Island,GTMNERR,0,45.957,0,29.83,0,2.964,0,98.9,0,8.28,0,51.29,17.06,7.81,0,-83,5.3,15.179,0,6.14,0,1.203,1.99,0,8.01
2/24/2026,18:30, ,gtmpiwq_20H100465_020426_050000.bin,Pine Island,GTMNERR,0,45.805,0,29.72,0,2.887,0,98.6,0,8.26,0,52.22,17.37,7.8,0,-82.5,5.29,15.151,0,6.03,0,1.205,2.15,0,8.64
2/24/2026,18:45, ,gtmpiwq_20H100465_020426_050000.bin,Pine Island,GTMNERR,0,45.641,0,29.6,0,2.806,0,98.1,0,8.23,0,53.26,17.71,7.79,0,-82.1,5.3,15.091,0,5.62,0,1.206,2.1,0,8.44
2/24/2026,19:00, ,gtmpiwq_20H100465_020426_050000.bin,Pine Island,GTMNERR,0,45.443,0,29.46,0,2.715,0,97.7,0,8.22,0,54.55,18.14,7.79,0,-81.7,5.3,15.062,0,5.11,0,1.198,2.05,0,8.23
2/24/2026,19:15, ,gtmpiwq_20H100465_020426_050000.bin,Pine Island,GTMNERR,0,45.211,0,29.29,0,2.627,0,97.9,0,8.24,0,56.12,18.67,7.78,0,-81.5,5.29,15.049,0,5.08,0,1.195,2.08,0,8.35
2/24/2026,19:30, ,gtmpiwq_20H100465_020426_050000.bin,Pine Island,GTMNERR,0,45.006,0,29.14,0,2.542,0,98.2,0,8.28,0,56.61,18.83,7.78,0,-81.5,5.3,15.042,0,5.17,0,1.194,2.3,0,9.23
2/24/2026,19:45, ,gtmpiwq_20H100465_020426_050000.bin,Pine Island,GTMNERR,0,44.815,0,29,0,2.463,0,98.3,0,8.29,0,57.82,19.24,7.78,0,-81.2,5.28,15.025,0,5.1,0,1.201,2.04,0,8.2
2/24/2026,20:00, ,gtmpiwq_20H100465_020426_050000.bin,Pine Island,GTMNERR,0,44.69,0,28.91,0,2.399,0,98.7,0,8.34,0,58.37,19.42,7.78,0,-81.2,5.29,15,0,4.32,0,1.206,2.03,0,8.17
2/24/2026,20:15, ,gtmpiwq_20H100465_020426_050000.bin,Pine Island,GTMNERR,0,44.571,0,28.83,0,2.35,0,98.5,0,8.33,0,59.24,19.71,7.78,0,-81,5.3,14.956,0,4.5,0,1.207,2.32,0,9.32
2/24/2026,20:30, ,gtmpiwq_20H100465_020426_050000.bin,Pine Island,GTMNERR,0,44.505,0,28.78,0,2.321,0,98.2,0,8.31,0,59.71,19.86,7.77,0,-80.9,5.29,14.917,0,4.25,0,1.208,2.46,0,9.86
2/24/2026,20:45, ,gtmpiwq_20H100465_020426_050000.bin,Pine Island,GTMNERR,0,44.448,0,28.74,0,2.318,0,97,0,8.22,0,59.06,19.65,7.77,0,-80.6,5.3,14.881,0,2.83,0,1.204,2.42,0,9.73
2/24/2026,21:00, ,gtmpiwq_20H100465_020426_050000.bin,Pine Island,GTMNERR,0,44.38,0,28.69,0,2.339,0,94.8,0,8.03,0,58.02,19.3,7.76,0,-79.8,5.28,14.891,0,2.71,0,1.198,2.13,0,8.55
2/24/2026,21:15, ,gtmpiwq_20H100465_020426_050000.bin,Pine Island,GTMNERR,0,44.424,0,28.72,0,2.39,0,98.7,0,8.36,0,60.1,19.99,7.77,0,-80.6,5.29,14.932,0,3.41,0,1.196,2.31,0,9.27
2/24/2026,21:30, ,gtmpiwq_20H100465_020426_050000.bin,Pine Island,GTMNERR,0,44.872,0,29.05,0,2.461,0,99.1,0,8.36,0,57.35,19.08,7.78,0,-81.5,5.3,15.001,0,3.48,0,1.203,2.49,0,9.98
2/24/2026,21:45, ,gtmpiwq_20H100465_020426_050000.bin,Pine Island,GTMNERR,0,44.796,0,28.99,0,2.529,0,99.3,0,8.38,0,57.75,19.21,7.78,0,-81.5,5.28,15.009,0,3.49,0,1.206,2.34,0,9.39
2/24/2026,22:00, ,gtmpiwq_20H100465_020426_050000.bin,Pine Island,GTMNERR,0,45.019,0,29.15,0,2.608,0,99.5,0,8.39,0,56.78,18.89,7.79,0,-81.8,5.29,15.028,0,4.16,0,1.211,2.25,0,9.03
2/24/2026,22:15, ,gtmpiwq_20H100465_020426_050000.bin,Pine Island,GTMNERR,0,45.195,0,29.28,0,2.689,0,99.3,0,8.37,0,55.94,18.61,7.79,0,-82,5.3,15.019,0,4.93,0,1.204,2.15,0,8.64
2/24/2026,22:30, ,gtmpiwq_20H100465_020426_050000.bin,Pine Island,GTMNERR,0,45.438,0,29.45,0,2.756,0,99.1,0,8.34,0,54.88,18.26,7.8,0,-82.3,5.3,15.01,0,4.23,0,1.197,2.1,0,8.45
2/24/2026,22:45, ,gtmpiwq_20H100465_020426_050000.bin,Pine Island,GTMNERR,0,45.525,0,29.51,0,2.825,0,98.5,0,8.29,0,54.11,18,7.8,0,-82.2,5.29,14.98,0,4.71,0,1.197,2.07,0,8.33
2/24/2026,23:00, ,gtmpiwq_20H100465_020426_050000.bin,Pine Island,GTMNERR,0,45.73,0,29.66,0,2.891,0,98.5,0,8.28,0,53.18,17.69,7.8,0,-82.5,5.3,14.982,0,5.02,0,1.203,2.17,0,8.73
2/24/2026,23:15, ,gtmpiwq_20H100465_020426_050000.bin,Pine Island,GTMNERR,0,46.031,0,29.88,0,2.953,0,99.1,0,8.32,0,51.85,17.24,7.81,0,-83.2,5.3,15.021,0,4.44,0,1.204,2.09,0,8.41
2/24/2026,23:30, ,gtmpiwq_20H100465_020426_050000.bin,Pine Island,GTMNERR,0,46.135,0,29.95,0,3.009,0,98.9,0,8.3,0,51.22,17.03,7.82,0,-83.3,5.29,15.029,0,4.01,0,1.204,2,0,8.04
2/24/2026,23:45, ,gtmpiwq_20H100465_020426_050000.bin,Pine Island,GTMNERR,0,46.209,0,30.01,0,3.065,0,98.9,0,8.3,0,50.58,16.82,7.82,0,-83.4,5.29,15.004,0,4.66,0,1.207,2.1,0,8.44
2/25/2026,0:00, ,gtmpiwq_20H100465_020426_050000.bin,Pine Island,GTMNERR,0,46.316,0,30.08,0,3.123,0,99,0,8.3,0,50.38,16.75,7.82,0,-83.5,5.3,14.973,0,4.85,0,1.21,2.18,0,8.75
2/25/2026,0:15, ,gtmpiwq_20H100465_020426_050000.bin,Pine Island,GTMNERR,0,46.465,0,30.19,0,3.187,0,99.2,0,8.31,0,49.61,16.49,7.82,0,-83.8,5.29,15.024,0,4.13,0,1.201,1.99,0,8.02
2/25/2026,0:30, ,gtmpiwq_20H100465_020426_050000.bin,Pine Island,GTMNERR,0,46.538,0,30.25,0,3.244,0,99.4,0,8.31,0,49.07,16.31,7.83,0,-84,5.3,15.07,0,4.47,0,1.195,2.31,0,9.27
2/25/2026,0:45, ,gtmpiwq_20H100465_020426_050000.bin,Pine Island,GTMNERR,0,46.712,0,30.37,0,3.307,0,99.6,0,8.33,0,47.99,15.96,7.83,0,-84.2,5.29,15.064,0,3.98,0,1.197,1.95,0,7.84
2/25/2026,1:00, ,gtmpiwq_20H100465_020426_050000.bin,Pine Island,GTMNERR,0,46.824,0,30.45,0,3.369,0,99.7,0,8.32,0,47.4,15.76,7.83,0,-84.4,5.29,15.098,0,4.46,0,1.205,1.91,0,7.67
2/25/2026,1:15, ,gtmpiwq_20H100465_020426_050000.bin,Pine Island,GTMNERR,0,46.942,0,30.54,0,3.431,0,99.6,0,8.32,0,46.69,15.52,7.84,0,-84.7,5.3,15.087,0,4.03,0,1.205,1.77,0,7.14
2/25/2026,1:30, ,gtmpiwq_20H100465_020426_050000.bin,Pine Island,GTMNERR,0,47.041,0,30.61,0,3.49,0,99.6,0,8.31,0,46.17,15.35,7.84,0,-84.8,5.29,15.064,0,3.99,0,1.206,1.9,0,7.64
2/25/2026,1:45, ,gtmpiwq_20H100465_020426_050000.bin,Pine Island,GTMNERR,0,47.193,0,30.72,0,3.548,0,99.6,0,8.3,0,45.07,14.98,7.85,0,-85.1,5.3,15.092,0,4.45,0,1.207,1.9,0,7.65
2/25/2026,2:00, ,gtmpiwq_20H100465_020426_050000.bin,Pine Island,GTMNERR,0,47.447,0,30.9,0,3.602,0,99.4,0,8.28,0,43.58,14.48,7.85,0,-85.5,5.29,15.066,0,4.79,0,1.207,1.91,0,7.67
2/25/2026,2:15, ,gtmpiwq_20H100465_020426_050000.bin,Pine Island,GTMNERR,0,47.677,0,31.07,0,3.655,0,99.3,0,8.27,0,42.31,14.06,7.86,0,-85.7,5.3,15.006,0,4.4,0,1.209,1.91,0,7.68
2/25/2026,2:30, ,gtmpiwq_20H100465_020426_050000.bin,Pine Island,GTMNERR,0,47.831,0,31.18,0,3.697,0,99.1,0,8.25,0,41.34,13.74,7.86,0,-86,5.31,15.004,0,4.17,0,1.202,1.96,0,7.88
2/25/2026,2:45, ,gtmpiwq_20H100465_020426_050000.bin,Pine Island,GTMNERR,0,47.882,0,31.22,0,3.738,0,99.1,0,8.26,0,41.04,13.64,7.86,0,-86,5.3,15.002,0,3.72,0,1.201,1.92,0,7.74
2/25/2026,3:00, ,gtmpiwq_20H100465_020426_050000.bin,Pine Island,GTMNERR,0,47.985,0,31.29,0,3.773,0,98.9,0,8.23,0,40.36,13.41,7.86,0,-86.1,5.31,15.019,0,4.12,0,1.201,2.05,0,8.24
2/25/2026,3:15, ,gtmpiwq_20H100465_020426_050000.bin,Pine Island,GTMNERR,0,48.062,0,31.35,0,3.804,0,98.9,0,8.23,0,39.89,13.25,7.86,0,-86.2,5.29,14.986,0,5.43,0,1.199,2.13,0,8.58
2/25/2026,3:30, ,gtmpiwq_20H100465_020426_050000.bin,Pine Island,GTMNERR,0,48.259,0,31.49,0,3.822,0,98.9,0,8.23,0,38.49,12.79,7.87,0,-86.5,5.3,14.982,0,5.9,0,1.194,1.96,0,7.87
2/25/2026,3:45, ,gtmpiwq_20H100465_020426_050000.bin,Pine Island,GTMNERR,0,48.35,0,31.56,0,3.833,0,98.2,0,8.18,0,38.32,12.73,7.87,0,-86.4,5.31,14.896,0,4.48,0,1.193,2.05,0,8.24
2/25/2026,4:00, ,gtmpiwq_20H100465_020426_050000.bin,Pine Island,GTMNERR,0,48.462,0,31.64,0,3.836,0,97.2,0,8.09,0,37.53,12.46,7.87,0,-86.3,5.3,14.867,0,3.3,0,1.196,2.04,0,8.18
2/25/2026,4:15, ,gtmpiwq_20H100465_020426_050000.bin,Pine Island,GTMNERR,0,48.487,0,31.66,0,3.827,0,93.3,0,7.77,0,36.42,12.1,7.86,0,-85.6,5.31,14.854,0,2.98,0,1.206,1.83,0,7.36
2/25/2026,4:30, ,gtmpiwq_20H100465_020426_050000.bin,Pine Island,GTMNERR,0,48.465,0,31.64,0,3.803,0,87.5,0,7.28,0,35.31,11.73,7.84,0,-84.6,5.29,14.874,0,3.62,0,1.198,1.83,0,7.35
2/25/2026,4:45, ,gtmpiwq_20H100465_020426_050000.bin,Pine Island,GTMNERR,0,48.426,0,31.61,0,3.769,0,98.4,0,8.19,0,37.88,12.58,7.87,0,-86.5,5.3,14.868,0,3.61,0,1.192,2.01,0,8.07
2/25/2026,5:00, ,gtmpiwq_20H100465_020426_050000.bin,Pine Island,GTMNERR,0,48.237,0,31.47,0,3.726,0,98.2,0,8.19,0,39.1,12.99,7.87,0,-86.2,5.31,14.825,0,4.06,0,1.2,2.01,0,8.09
2/25/2026,5:15, ,gtmpiwq_20H100465_020426_050000.bin,Pine Island,GTMNERR,0,47.974,0,31.28,0,3.675,0,98.1,0,8.2,0,40.57,13.48,7.86,0,-85.9,5.3,14.837,0,4.78,0,1.212,2.74,0,11
2/25/2026,5:30, ,gtmpiwq_20H100465_020426_050000.bin,Pine Island,GTMNERR,0,47.712,0,31.09,0,3.618,0,98.1,0,8.2,0,43.74,14.54,7.85,0,-85.4,5.31,14.857,0,4.22,0,1.202,1.95,0,7.85
2/25/2026,5:45, ,gtmpiwq_20H100465_020426_050000.bin,Pine Island,GTMNERR,0,47.447,0,30.9,0,3.553,0,97.8,0,8.2,0,43.97,14.61,7.84,0,-85,5.29,14.796,0,4.96,0,1.2,1.81,0,7.29
2/25/2026,6:00, ,gtmpiwq_20H100465_020426_050000.bin,Pine Island,GTMNERR,0,47.084,0,30.63,0,3.498,0,97.3,0,8.19,0,46.4,15.43,7.83,0,-84.3,5.3,14.628,0,4,0,1.194,1.68,0,6.78
2/25/2026,6:15, ,gtmpiwq_20H100465_020426_050000.bin,Pine Island,GTMNERR,0,46.991,0,30.56,0,3.431,0,96.8,0,8.17,0,47.18,15.68,7.83,0,-84,5.31,14.56,0,3.73,0,1.193,1.53,0,6.15
2/25/2026,6:30, ,gtmpiwq_20H100465_020426_050000.bin,Pine Island,GTMNERR,0,47.015,0,30.58,0,3.364,0,97.2,0,8.16,0,46.88,15.59,7.83,0,-84.1,5.3,14.752,0,5.69,0,1.198,1.54,0,6.22
2/25/2026,6:45, ,gtmpiwq_20H100465_020426_050000.bin,Pine Island,GTMNERR,0,46.789,0,30.42,0,3.298,0,97,0,8.18,0,48.12,16,7.82,0,-83.7,5.31,14.63,0,5,0,1.203,1.7,0,6.83
2/25/2026,7:00, ,gtmpiwq_20H100465_020426_050000.bin,Pine Island,GTMNERR,0,46.538,0,30.23,0,3.228,0,96.7,0,8.18,0,49.51,16.46,7.82,0,-83.2,5.29,14.483,0,5.2,0,1.206,1.75,0,7.06
2/25/2026,7:15, ,gtmpiwq_20H100465_020426_050000.bin,Pine Island,GTMNERR,0,46.501,0,30.21,0,3.154,0,96.7,0,8.19,0,49.99,16.62,7.81,0,-83.1,5.3,14.479,0,5.7,0,1.204,1.64,0,6.59
2/25/2026,7:30, ,gtmpiwq_20H100465_020426_050000.bin,Pine Island,GTMNERR,0,46.395,0,30.13,0,3.078,0,96.5,0,8.19,0,50.88,16.92,7.81,0,-82.9,5.31,14.383,0,5.04,0,1.204,1.58,0,6.37
2/25/2026,7:45, ,gtmpiwq_20H100465_020426_050000.bin,Pine Island,GTMNERR,0,46.354,0,30.1,0,3,0,96.2,0,8.17,0,51.17,17.01,7.81,0,-82.7,5.29,14.359,0,5,0,1.205,1.62,0,6.52
2/25/2026,8:00, ,gtmpiwq_20H100465_020426_050000.bin,Pine Island,GTMNERR,0,46.272,0,30.04,0,2.919,0,95.9,0,8.15,0,51.79,17.22,7.8,0,-82.5,5.3,14.345,0,4.63,0,1.204,1.72,0,6.92
2/25/2026,8:15, ,gtmpiwq_20H100465_020426_050000.bin,Pine Island,GTMNERR,0,46.107,0,29.92,0,2.838,0,95.4,0,8.13,0,52.66,17.51,7.8,0,-82.1,5.29,14.27,0,4.56,0,1.207,1.49,0,5.99
2/25/2026,8:30, ,gtmpiwq_20H100465_020426_050000.bin,Pine Island,GTMNERR,0,45.9,0,29.77,0,2.758,0,94.7,0,8.1,0,53.63,17.84,7.79,0,-81.6,5.29,14.147,0,4.84,0,1.205,1.61,0,6.5
2/25/2026,8:45, ,gtmpiwq_20H100465_020426_050000.bin,Pine Island,GTMNERR,0,45.666,0,29.59,0,2.675,0,93.8,0,8.05,0,54.83,18.24,7.77,0,-80.7,5.3,13.999,0,4.84,0,1.202,1.49,0,6
2/25/2026,9:00, ,gtmpiwq_20H100465_020426_050000.bin,Pine Island,GTMNERR,0,45.481,0,29.46,0,2.599,0,93.4,0,8.04,0,55.9,18.59,7.77,0,-80.4,5.29,13.9,0,4.34,0,1.201,1.57,0,6.32
2/25/2026,9:15, ,gtmpiwq_20H100465_020426_050000.bin,Pine Island,GTMNERR,0,45.304,0,29.33,0,2.534,0,93.1,0,8.03,0,56.93,18.94,7.76,0,-80.1,5.3,13.817,0,4.48,0,1.203,1.66,0,6.67
2/25/2026,9:30, ,gtmpiwq_20H100465_020426_050000.bin,Pine Island,GTMNERR,0,45.175,0,29.23,0,2.475,0,92.8,0,8.02,0,57.91,19.26,7.76,0,-79.7,5.29,13.772,0,3.95,0,1.205,1.6,0,6.44
2/25/2026,9:45, ,gtmpiwq_20H100465_020426_050000.bin,Pine Island,GTMNERR,0,44.747,0,28.93,0,2.443,0,92,0,7.92,0,58.66,19.52,7.75,0,-79.5,5.29,14.038,0,3.54,0,1.204,1.55,0,6.26
2/25/2026,10:00, ,gtmpiwq_20H100465_020426_050000.bin,Pine Island,GTMNERR,0,44.692,0,28.89,0,2.426,0,91.6,0,7.89,0,58.28,19.39,7.75,0,-79.4,5.31,14.044,0,4.1,0,1.204,1.55,0,6.26
2/25/2026,10:15, ,gtmpiwq_20H100465_020426_050000.bin,Pine Island,GTMNERR,0,44.644,0,28.86,0,2.432,0,90.3,0,7.78,0,57.59,19.16,7.74,0,-78.9,5.29,14.042,0,2.69,0,1.202,1.56,0,6.28
2/25/2026,10:30, ,gtmpiwq_20H100465_020426_050000.bin,Pine Island,GTMNERR,0,44.672,0,28.88,0,2.462,0,90.9,0,7.82,0,60.96,20.28,7.75,0,-79.4,5.3,14.082,0,2.99,0,1.205,1.48,0,5.95
2/25/2026,10:45, ,gtmpiwq_20H100465_020426_050000.bin,Pine Island,GTMNERR,0,44.734,0,28.93,0,2.518,0,92,0,7.91,0,58.55,19.48,7.75,0,-79.6,5.28,14.109,0,3.26,0,1.206,1.44,0,5.8
2/25/2026,11:00, ,gtmpiwq_20H100465_020426_050000.bin,Pine Island,GTMNERR,0,45.173,0,29.24,0,2.573,0,92.2,0,7.92,0,55.66,18.52,7.77,0,-80.2,5.29,14.056,0,3.66,0,1.205,1.49,0,6.01
2/25/2026,11:15, ,gtmpiwq_20H100465_020426_050000.bin,Pine Island,GTMNERR,0,45.109,0,29.2,0,2.631,0,93.3,0,8,0,56.35,18.74,7.77,0,-80.3,5.3,14.195,0,3.79,0,1.204,1.45,0,5.84
2/25/2026,11:30, ,gtmpiwq_20H100465_020426_050000.bin,Pine Island,GTMNERR,0,45.221,0,29.28,0,2.689,0,94.4,0,8.06,0,55.33,18.4,7.77,0,-80.2,5.29,14.334,0,3.73,0,1.206,1.46,0,5.88
2/25/2026,11:45, ,gtmpiwq_20H100465_020426_050000.bin,Pine Island,GTMNERR,0,45.309,0,29.35,0,2.754,0,94.3,0,8.04,0,54.39,18.09,7.78,0,-81,5.3,14.381,0,4.36,0,1.206,1.62,0,6.53
2/25/2026,12:00, ,gtmpiwq_20H100465_020426_050000.bin,Pine Island,GTMNERR,0,45.552,0,29.52,0,2.816,0,95.2,0,8.09,0,53.45,17.78,7.79,0,-81.6,5.28,14.51,0,3.67,0,1.2,1.48,0,5.95
2/25/2026,12:15, ,gtmpiwq_20H100465_020426_050000.bin,Pine Island,GTMNERR,0,45.722,0,29.65,0,2.875,0,95.9,0,8.12,0,52.34,17.41,7.8,0,-82.1,5.29,14.64,0,3.7,0,1.205,1.46,0,5.87
2/25/2026,12:30, ,gtmpiwq_20H100465_020426_050000.bin,Pine Island,GTMNERR,0,45.827,0,29.72,0,2.933,0,96,0,8.13,0,51.58,17.15,7.8,0,-82.4,5.3,14.644,0,4.1,0,1.196,1.58,0,6.35
2/25/2026,12:45, ,gtmpiwq_20H100465_020426_050000.bin,Pine Island,GTMNERR,0,46.021,0,29.87,0,2.987,0,96.5,0,8.16,0,50.61,16.83,7.81,0,-82.8,5.28,14.683,0,4.16,0,1.198,1.55,0,6.24
2/25/2026,13:00, ,gtmpiwq_20H100465_020426_050000.bin,Pine Island,GTMNERR,0,46.12,0,29.94,0,3.037,0,96.8,0,8.17,0,50.1,16.66,7.81,0,-83,5.29,14.73,0,4.04,0,1.2,1.51,0,6.09
2/25/2026,13:15, ,gtmpiwq_20H100465_020426_050000.bin,Pine Island,GTMNERR,0,46.19,0,29.99,0,3.079,0,97.4,0,8.21,0,49.74,16.54,7.82,0,-83.3,5.3,14.772,0,4.66,0,1.198,1.48,0,5.98
2/25/2026,13:30, ,gtmpiwq_20H100465_020426_050000.bin,Pine Island,GTMNERR,0,46.269,0,30.05,0,3.127,0,97.6,0,8.22,0,49.06,16.31,7.82,0,-83.4,5.3,14.819,0,4.12,0,1.195,1.58,0,6.38
2/25/2026,13:45, ,gtmpiwq_20H100465_020426_050000.bin,Pine Island,GTMNERR,0,46.368,0,30.12,0,3.175,0,97.7,0,8.22,0,48.71,16.2,7.82,0,-83.5,5.29,14.809,0,3.3,0,1.193,1.65,0,6.63
2/25/2026,14:00, ,gtmpiwq_20H100465_020426_050000.bin,Pine Island,GTMNERR,0,46.419,0,30.16,0,3.224,0,98,0,8.24,0,48.39,16.09,7.82,0,-83.8,5.29,14.86,0,3.22,0,1.195,1.53,0,6.17
2/25/2026,14:15, ,gtmpiwq_20H100465_020426_050000.bin,Pine Island,GTMNERR,0,46.533,0,30.24,0,3.27,0,98.2,0,8.23,0,47.34,15.74,7.83,0,-84,5.3,14.942,0,4.34,0,1.205,1.63,0,6.57
2/25/2026,14:30, ,gtmpiwq_20H100465_020426_050000.bin,Pine Island,GTMNERR,0,46.625,0,30.31,0,3.313,0,98.6,0,8.26,0,46.82,15.57,7.83,0,-84.2,5.29,14.998,0,4.22,0,1.21,1.56,0,6.29
2/25/2026,14:45, ,gtmpiwq_20H100465_020426_050000.bin,Pine Island,GTMNERR,0,46.761,0,30.41,0,3.357,0,98.7,0,8.25,0,46.04,15.3,7.84,0,-84.5,5.29,15.01,0,3.32,0,1.21,1.5,0,6.06
2/25/2026,15:00, ,gtmpiwq_20H100465_020426_050000.bin,Pine Island,GTMNERR,0,46.856,0,30.48,0,3.394,0,98.5,0,8.23,0,45.45,15.11,7.84,0,-84.7,5.3,15.046,0,2.95,0,1.211,1.58,0,6.36
2/25/2026,15:15, ,gtmpiwq_20H100465_020426_050000.bin,Pine Island,GTMNERR,0,46.986,0,30.57,0,3.43,0,98.9,0,8.26,0,44.55,14.81,7.84,0,-84.9,5.29,15.081,0,2.9,0,1.205,2.37,0,9.51
2/25/2026,15:30, ,gtmpiwq_20H100465_020426_050000.bin,Pine Island,GTMNERR,0,47.062,0,30.63,0,3.455,0,98.6,0,8.22,0,44.05,14.64,7.84,0,-85,5.3,15.095,0,3.14,0,1.196,1.75,0,7.03
2/25/2026,15:45, ,gtmpiwq_20H100465_020426_050000.bin,Pine Island,GTMNERR,0,47.153,0,30.69,0,3.479,0,98.5,0,8.21,0,43.51,14.46,7.84,0,-84.9,5.28,15.11,0,2.64,0,1.197,1.72,0,6.92
2/25/2026,16:00, ,gtmpiwq_20H100465_020426_050000.bin,Pine Island,GTMNERR,0,47.165,0,30.7,0,3.492,0,98.3,0,8.2,0,41.98,13.95,7.84,0,-84.9,5.29,15.107,0,3.81,0,1.193,1.69,0,6.82
2/25/2026,16:15, ,gtmpiwq_20H100465_020426_050000.bin,Pine Island,GTMNERR,0,47.155,0,30.69,0,3.496,0,95.6,0,7.97,0,42.07,13.98,7.83,0,-84.1,5.3,15.118,0,2.11,0,1.193,1.44,0,5.79
2/25/2026,16:30, ,gtmpiwq_20H100465_020426_050000.bin,Pine Island,GTMNERR,0,47.168,0,30.7,0,3.485,0,92.6,0,7.71,0,41.36,13.74,7.82,0,-83.7,5.29,15.132,0,2.02,0,1.201,1.36,0,5.5
2/25/2026,16:45, ,gtmpiwq_20H100465_020426_050000.bin,Pine Island,GTMNERR,0,47.125,0,30.67,0,3.459,0,98,0,8.17,0,42.5,14.12,7.85,0,-85.2,5.3,15.138,0,2.92,0,1.207,1.76,0,7.1
2/25/2026,17:00, ,gtmpiwq_20H100465_020426_050000.bin,Pine Island,GTMNERR,0,47.044,0,30.61,0,3.417,0,99.3,0,8.28,0,44.14,14.67,7.85,0,-85.2,5.28,15.124,0,2.63,0,1.203,1.92,0,7.74
2/25/2026,17:15, ,gtmpiwq_20H100465_020426_050000.bin,Pine Island,GTMNERR,0,46.914,0,30.52,0,3.368,0,99.7,0,8.31,0,44.98,14.95,7.84,0,-85.1,5.29,15.134,0,2.94,0,1.193,1.86,0,7.49
2/25/2026,17:30, ,gtmpiwq_20H100465_020426_050000.bin,Pine Island,GTMNERR,0,46.746,0,30.4,0,3.317,0,99.7,0,8.32,0,46.19,15.36,7.84,0,-84.7,5.3,15.111,0,2.87,0,1.193,1.79,0,7.22
2/25/2026,17:45, ,gtmpiwq_20H100465_020426_050000.bin,Pine Island,GTMNERR,0,46.609,0,30.3,0,3.262,0,99.9,0,8.34,0,46.82,15.56,7.84,0,-84.6,5.29,15.174,0,3.32,0,1.199,1.75,0,7.03
2/25/2026,18:00, ,gtmpiwq_20H100465_020426_050000.bin,Pine Island,GTMNERR,0,46.38,0,30.14,0,3.203,0,100.3,0,8.38,0,48.29,16.05,7.83,0,-84.4,5.3,15.192,0,3.27,0,1.21,1.79,0,7.2
2/25/2026,18:15, ,gtmpiwq_20H100465_020426_050000.bin,Pine Island,GTMNERR,0,46.313,0,30.09,0,3.145,0,99.7,0,8.34,0,48.67,16.18,7.83,0,-84.1,5.28,15.143,0,3.44,0,1.206,1.66,0,6.68
2/25/2026,18:30, ,gtmpiwq_20H100465_020426_050000.bin,Pine Island,GTMNERR,0,46.282,0,30.06,0,3.078,0,98.8,0,8.27,0,48.91,16.26,7.82,0,-83.7,5.29,15.086,0,3.87,0,1.197,1.98,0,7.95
2/25/2026,18:45, ,gtmpiwq_20H100465_020426_050000.bin,Pine Island,GTMNERR,0,46.192,0,30,0,3.008,0,99.6,0,8.33,0,49.26,16.38,7.82,0,-83.5,5.3,15.129,0,4.02,0,1.192,1.94,0,7.82
2/25/2026,19:00, ,gtmpiwq_20H100465_020426_050000.bin,Pine Island,GTMNERR,0,46.073,0,29.91,0,2.932,0,99.7,0,8.35,0,49.91,16.6,7.82,0,-83.7,5.29,15.152,0,4.09,0,1.198,1.84,0,7.4
2/25/2026,19:15, ,gtmpiwq_20H100465_020426_050000.bin,Pine Island,GTMNERR,0,45.905,0,29.79,0,2.849,0,99.5,0,8.33,0,50.8,16.89,7.82,0,-83.4,5.3,15.172,0,4.19,0,1.199,1.98,0,7.96
2/25/2026,19:30, ,gtmpiwq_20H100465_020426_050000.bin,Pine Island,GTMNERR,0,45.769,0,29.69,0,2.763,0,99.4,0,8.33,0,51.55,17.14,7.81,0,-83.2,5.28,15.172,0,4.2,0,1.2,2.09,0,8.38
2/25/2026,19:45, ,gtmpiwq_20H100465_020426_050000.bin,Pine Island,GTMNERR,0,45.579,0,29.56,0,2.676,0,99.2,0,8.32,0,52.58,17.49,7.81,0,-82.8,5.29,15.152,0,3.83,0,1.202,2,0,8.06
2/25/2026,20:00, ,gtmpiwq_20H100465_020426_050000.bin,Pine Island,GTMNERR,0,45.382,0,29.41,0,2.588,0,98.7,0,8.29,0,53.66,17.85,7.8,0,-82.3,5.3,15.101,0,3.52,0,1.202,1.98,0,7.96
2/25/2026,20:15, ,gtmpiwq_20H100465_020426_050000.bin,Pine Island,GTMNERR,0,45.198,0,29.28,0,2.504,0,98.2,0,8.26,0,54.84,18.24,7.79,0,-82,5.28,15.074,0,3.77,0,1.198,1.92,0,7.74
2/25/2026,20:30, ,gtmpiwq_20H100465_020426_050000.bin,Pine Island,GTMNERR,0,45.003,0,29.14,0,2.414,0,98,0,8.26,0,55.79,18.56,7.79,0,-81.7,5.29,15.069,0,3.28,0,1.196,2.5,0,10.03
2/25/2026,20:45, ,gtmpiwq_20H100465_020426_050000.bin,Pine Island,GTMNERR,0,44.394,0,28.7,0,2.33,0,97.9,0,8.26,0,56.67,18.85,7.78,0,-81.4,5.28,15.091,0,3.54,0,1.194,2.01,0,8.09
2/25/2026,21:00, ,gtmpiwq_20H100465_020426_050000.bin,Pine Island,GTMNERR,0,44.666,0,28.9,0,2.257,0,97.7,0,8.24,0,57.36,19.08,7.78,0,-81.2,5.28,15.116,0,3.87,0,1.193,1.95,0,7.84
2/25/2026,21:15, ,gtmpiwq_20H100465_020426_050000.bin,Pine Island,GTMNERR,0,44.564,0,28.83,0,2.194,0,98.2,0,8.27,0,57.82,19.24,7.78,0,-81.3,5.29,15.166,0,3.79,0,1.202,2.18,0,8.78
2/25/2026,21:30, ,gtmpiwq_20H100465_020426_050000.bin,Pine Island,GTMNERR,0,44.45,0,28.75,0,2.152,0,96.5,0,8.13,0,58.1,19.33,7.77,0,-81,5.27,15.178,0,3.84,0,1.21,2.05,0,8.26
2/25/2026,21:45, ,gtmpiwq_20H100465_020426_050000.bin,Pine Island,GTMNERR,0,44.406,0,28.71,0,2.135,0,95.7,0,8.06,0,58.58,19.49,7.78,0,-81.1,5.29,15.175,0,3.35,0,1.203,2.06,0,8.3
2/25/2026,22:00, ,gtmpiwq_20H100465_020426_050000.bin,Pine Island,GTMNERR,0,44.361,0,28.68,0,2.143,0,95.2,0,8.02,0,58.78,19.55,7.76,0,-80.3,5.27,15.171,0,2.91,0,1.195,1.99,0,7.99
2/25/2026,22:15, ,gtmpiwq_20H100465_020426_050000.bin,Pine Island,GTMNERR,0,44.374,0,28.69,0,2.176,0,96.9,0,8.17,0,59.24,19.71,7.76,0,-80.2,5.28,15.171,0,2.91,0,1.196,2.06,0,8.3
2/25/2026,22:30, ,gtmpiwq_20H100465_020426_050000.bin,Pine Island,GTMNERR,0,44.519,0,28.79,0,2.217,0,98.2,0,8.28,0,58.71,19.53,7.77,0,-80.9,5.29,15.158,0,2.44,0,1.196,1.96,0,7.88
2/25/2026,22:45, ,gtmpiwq_20H100465_020426_050000.bin,Pine Island,GTMNERR,0,44.702,0,28.93,0,2.289,0,97.9,0,8.23,0,57.2,19.03,7.78,0,-81.1,5.28,15.205,0,3.24,0,1.207,2.19,0,8.79
2/25/2026,23:00, ,gtmpiwq_20H100465_020426_050000.bin,Pine Island,GTMNERR,0,44.685,0,28.91,0,2.374,0,98.4,0,8.28,0,57.61,19.17,7.78,0,-81.1,5.29,15.173,0,2.99,0,1.206,1.96,0,7.9
2/25/2026,23:15, ,gtmpiwq_20H100465_020426_050000.bin,Pine Island,GTMNERR,0,44.913,0,29.08,0,2.465,0,98.7,0,8.3,0,56.32,18.73,7.79,0,-81.6,5.27,15.134,0,3.28,0,1.207,2.13,0,8.56
2/25/2026,23:30, ,gtmpiwq_20H100465_020426_050000.bin,Pine Island,GTMNERR,0,45.104,0,29.21,0,2.556,0,98.7,0,8.3,0,55.51,18.47,7.79,0,-81.9,5.28,15.119,0,3.07,0,1.201,1.82,0,7.32
2/25/2026,23:45, ,gtmpiwq_20H100465_020426_050000.bin,Pine Island,GTMNERR,0,45.345,0,29.39,0,2.639,0,99,0,8.31,0,54.28,18.05,7.8,0,-82.4,5.29,15.176,0,3.51,0,1.201,1.77,0,7.14
2/26/2026,0:00, ,gtmpiwq_20H100465_020426_050000.bin,Pine Island,GTMNERR,0,45.452,0,29.46,0,2.723,0,98.9,0,8.3,0,53.66,17.85,7.8,0,-82.5,5.27,15.138,0,3.95,0,1.2,1.72,0,6.93
2/26/2026,0:15, ,gtmpiwq_20H100465_020426_050000.bin,Pine Island,GTMNERR,0,45.76,0,29.69,0,2.797,0,99.1,0,8.29,0,51.96,17.28,7.81,0,-83.1,5.29,15.222,0,4.7,0,1.197,1.83,0,7.38
2/26/2026,0:30, ,gtmpiwq_20H100465_020426_050000.bin,Pine Island,GTMNERR,0,45.962,0,29.83,0,2.871,0,99.1,0,8.29,0,51.14,17.01,7.82,0,-83.4,5.28,15.234,0,4.13,0,1.194,1.69,0,6.8
2/26/2026,0:45, ,gtmpiwq_20H100465_020426_050000.bin,Pine Island,GTMNERR,0,45.991,0,29.85,0,2.938,0,99,0,8.28,0,50.89,16.92,7.82,0,-83.4,5.28,15.176,0,4.25,0,1.193,1.71,0,6.88
2/26/2026,1:00, ,gtmpiwq_20H100465_020426_050000.bin,Pine Island,GTMNERR,0,46.092,0,29.93,0,3.003,0,99,0,8.28,0,50.43,16.77,7.82,0,-83.5,5.29,15.184,0,4.37,0,1.196,1.72,0,6.93
2/26/2026,1:15, ,gtmpiwq_20H100465_020426_050000.bin,Pine Island,GTMNERR,0,46.228,0,30.03,0,3.065,0,98.9,0,8.26,0,49.78,16.55,7.82,0,-83.7,5.28,15.179,0,4.12,0,1.207,1.73,0,6.96
2/26/2026,1:30, ,gtmpiwq_20H100465_020426_050000.bin,Pine Island,GTMNERR,0,46.357,0,30.12,0,3.128,0,99,0,8.26,0,49.01,16.3,7.82,0,-83.8,5.29,15.198,0,4.03,0,1.198,1.69,0,6.8
2/26/2026,1:45, ,gtmpiwq_20H100465_020426_050000.bin,Pine Island,GTMNERR,0,46.401,0,30.15,0,3.193,0,99,0,8.27,0,48.35,16.08,7.83,0,-83.9,5.27,15.188,0,4.41,0,1.196,1.78,0,7.16
2/26/2026,2:00, ,gtmpiwq_20H100465_020426_050000.bin,Pine Island,GTMNERR,0,46.629,0,30.31,0,3.255,0,99,0,8.25,0,47.27,15.71,7.83,0,-84.2,5.28,15.205,0,3.88,0,1.203,1.77,0,7.12
2/26/2026,2:15, ,gtmpiwq_20H100465_020426_050000.bin,Pine Island,GTMNERR,0,46.766,0,30.41,0,3.314,0,99,0,8.25,0,46.66,15.51,7.84,0,-84.6,5.29,15.194,0,3.7,0,1.205,1.49,0,6
2/26/2026,2:30, ,gtmpiwq_20H100465_020426_050000.bin,Pine Island,GTMNERR,0,46.82,0,30.45,0,3.378,0,99.1,0,8.26,0,46.1,15.32,7.84,0,-84.7,5.28,15.191,0,3.43,0,1.204,1.71,0,6.88
2/26/2026,2:45, ,gtmpiwq_20H100465_020426_050000.bin,Pine Island,GTMNERR,0,46.959,0,30.55,0,3.441,0,98.9,0,8.24,0,45.29,15.05,7.84,0,-84.9,5.29,15.155,0,4.02,0,1.204,1.64,0,6.6
2/26/2026,3:00, ,gtmpiwq_20H100465_020426_050000.bin,Pine Island,GTMNERR,0,47.205,0,30.73,0,3.498,0,98.9,0,8.24,0,43.78,14.55,7.85,0,-85.3,5.27,15.123,0,3.67,0,1.205,1.72,0,6.91
2/26/2026,3:15, ,gtmpiwq_20H100465_020426_050000.bin,Pine Island,GTMNERR,0,47.394,0,30.87,0,3.551,0,98.7,0,8.22,0,42.76,14.21,7.85,0,-85.5,5.27,15.093,0,3.78,0,1.203,1.65,0,6.63
2/26/2026,3:30, ,gtmpiwq_20H100465_020426_050000.bin,Pine Island,GTMNERR,0,47.548,0,30.98,0,3.601,0,98.8,0,8.22,0,41.91,13.93,7.86,0,-85.8,5.29,15.093,0,3.7,0,1.205,1.72,0,6.94
2/26/2026,3:45, ,gtmpiwq_20H100465_020426_050000.bin,Pine Island,GTMNERR,0,47.662,0,31.06,0,3.645,0,98.7,0,8.21,0,40.94,13.6,7.86,0,-85.7,5.25,15.077,0,3.87,0,1.205,1.73,0,6.97
2/26/2026,4:00, ,gtmpiwq_20H100465_020426_050000.bin,Pine Island,GTMNERR,0,47.727,0,31.11,0,3.688,0,98.6,0,8.2,0,40.48,13.45,7.86,0,-85.9,5.28,15.068,0,3.35,0,1.204,1.68,0,6.77
2/26/2026,4:15, ,gtmpiwq_20H100465_020426_050000.bin,Pine Island,GTMNERR,0,47.813,0,31.17,0,3.72,0,98.1,0,8.16,0,40.09,13.32,7.86,0,-86,5.29,15.051,0,2.99,0,1.205,1.8,0,7.23
2/26/2026,4:30, ,gtmpiwq_20H100465_020426_050000.bin,Pine Island,GTMNERR,0,47.905,0,31.24,0,3.751,0,98.5,0,8.2,0,39.4,13.09,7.86,0,-86,5.27,15.042,0,4.18,0,1.205,1.78,0,7.18
2/26/2026,4:45, ,gtmpiwq_20H100465_020426_050000.bin,Pine Island,GTMNERR,0,48.08,0,31.36,0,3.772,0,98.4,0,8.19,0,38.31,12.72,7.87,0,-86.4,5.28,14.992,0,3.48,0,1.204,1.69,0,6.8
2/26/2026,5:00, ,gtmpiwq_20H100465_020426_050000.bin,Pine Island,GTMNERR,0,48.187,0,31.44,0,3.785,0,97.9,0,8.14,0,37.78,12.55,7.87,0,-86.4,5.29,14.975,0,3.4,0,1.203,1.86,0,7.49
2/26/2026,5:15, ,gtmpiwq_20H100465_020426_050000.bin,Pine Island,GTMNERR,0,48.234,0,31.47,0,3.788,0,96.4,0,8.02,0,37.34,12.4,7.87,0,-86.4,5.27,14.952,0,2.95,0,1.205,1.87,0,7.51
2/26/2026,5:30, ,gtmpiwq_20H100465_020426_050000.bin,Pine Island,GTMNERR,0,48.265,0,31.5,0,3.782,0,95,0,7.9,0,36.43,12.1,7.86,0,-86,5.28,14.948,0,2.57,0,1.205,1.54,0,6.21
2/26/2026,5:45, ,gtmpiwq_20H100465_020426_050000.bin,Pine Island,GTMNERR,0,48.277,0,31.5,0,3.759,0,94.5,0,7.87,0,36.89,12.25,7.87,0,-86.2,5.29,14.942,0,2.51,0,1.207,1.79,0,7.22
2/26/2026,6:00, ,gtmpiwq_20H100465_020426_050000.bin,Pine Island,GTMNERR,0,48.174,0,31.43,0,3.715,0,97,0,8.07,0,37.76,12.54,7.87,0,-86.3,5.27,14.941,0,3.18,0,1.207,1.46,0,5.88
2/26/2026,6:15, ,gtmpiwq_20H100465_020426_050000.bin,Pine Island,GTMNERR,0,48.003,0,31.3,0,3.66,0,97.5,0,8.13,0,38.83,12.9,7.86,0,-86.1,5.28,14.928,0,3.28,0,1.208,1.84,0,7.42
2/26/2026,6:30, ,gtmpiwq_20H100465_020426_050000.bin,Pine Island,GTMNERR,0,47.77,0,31.14,0,3.599,0,97.6,0,8.14,0,40.31,13.39,7.86,0,-85.8,5.3,14.956,0,3.89,0,1.21,1.82,0,7.33
2/26/2026,6:45, ,gtmpiwq_20H100465_020426_050000.bin,Pine Island,GTMNERR,0,47.505,0,30.94,0,3.538,0,97.1,0,8.1,0,41.98,13.95,7.85,0,-85.3,5.28,14.98,0,3.91,0,1.208,1.72,0,6.93
2/26/2026,7:00, ,gtmpiwq_20H100465_020426_050000.bin,Pine Island,GTMNERR,0,47.217,0,30.74,0,3.479,0,96.9,0,8.1,0,44.06,14.65,7.84,0,-84.8,5.28,14.983,0,3.76,0,1.201,1.7,0,6.86
2/26/2026,7:15, ,gtmpiwq_20H100465_020426_050000.bin,Pine Island,GTMNERR,0,46.885,0,30.49,0,3.413,0,96.3,0,8.07,0,46.41,15.43,7.83,0,-84.1,5.27,14.907,0,3.84,0,1.197,1.55,0,6.25
2/26/2026,7:30, ,gtmpiwq_20H100465_020426_050000.bin,Pine Island,GTMNERR,0,46.953,0,30.54,0,3.342,0,96.6,0,8.08,0,45.46,15.11,7.83,0,-84.1,5.28,14.969,0,3.41,0,1.202,1.46,0,5.88
2/26/2026,7:45, ,gtmpiwq_20H100465_020426_050000.bin,Pine Island,GTMNERR,0,46.828,0,30.45,0,3.271,0,96.4,0,8.07,0,46.26,15.38,7.83,0,-84,5.29,14.98,0,4.25,0,1.205,1.59,0,6.42
2/26/2026,8:00, ,gtmpiwq_20H100465_020426_050000.bin,Pine Island,GTMNERR,0,46.561,0,30.26,0,3.196,0,96.2,0,8.07,0,47.6,15.83,7.82,0,-83.4,5.28,14.928,0,5.05,0,1.205,1.51,0,6.07
2/26/2026,8:15, ,gtmpiwq_20H100465_020426_050000.bin,Pine Island,GTMNERR,0,46.333,0,30.1,0,3.12,0,96,0,8.06,0,48.88,16.25,7.81,0,-82.8,5.29,14.89,0,5.06,0,1.206,1.56,0,6.3
2/26/2026,8:30, ,gtmpiwq_20H100465_020426_050000.bin,Pine Island,GTMNERR,0,46.208,0,30,0,3.038,0,96,0,8.07,0,49.77,16.55,7.81,0,-82.7,5.27,14.849,0,4.86,0,1.204,1.4,0,5.63
2/26/2026,8:45, ,gtmpiwq_20H100465_020426_050000.bin,Pine Island,GTMNERR,0,46.137,0,29.95,0,2.953,0,95.9,0,8.07,0,50.25,16.71,7.8,0,-82.5,5.28,14.857,0,4.28,0,1.205,1.49,0,6.01
2/26/2026,9:00, ,gtmpiwq_20H100465_020426_050000.bin,Pine Island,GTMNERR,0,46.067,0,29.9,0,2.864,0,95.7,0,8.06,0,50.61,16.83,7.8,0,-82.5,5.29,14.861,0,4.62,0,1.204,1.45,0,5.83
2/26/2026,9:15, ,gtmpiwq_20H100465_020426_050000.bin,Pine Island,GTMNERR,0,45.96,0,29.82,0,2.774,0,95.6,0,8.05,0,51.43,17.1,7.79,0,-82,5.27,14.817,0,4.31,0,1.203,1.42,0,5.74
2/26/2026,9:30, ,gtmpiwq_20H100465_020426_050000.bin,Pine Island,GTMNERR,0,45.807,0,29.71,0,2.682,0,95.3,0,8.05,0,52.26,17.38,7.79,0,-81.8,5.28,14.777,0,4.44,0,1.202,1.43,0,5.76
2/26/2026,9:45, ,gtmpiwq_20H100465_020426_050000.bin,Pine Island,GTMNERR,0,45.611,0,29.57,0,2.591,0,95.1,0,8.04,0,53.29,17.73,7.78,0,-81.4,5.27,14.73,0,4.24,0,1.2,1.28,0,5.17
2/26/2026,10:00, ,gtmpiwq_20H100465_020426_050000.bin,Pine Island,GTMNERR,0,45.39,0,29.41,0,2.505,0,94.1,0,7.98,0,53.79,17.89,7.77,0,-80.4,5.27,14.693,0,4.79,0,1.198,1.35,0,5.44
2/26/2026,10:15, ,gtmpiwq_20H100465_020426_050000.bin,Pine Island,GTMNERR,0,45.301,0,29.35,0,2.431,0,94.4,0,8.01,0,54.97,18.29,7.77,0,-80.5,5.29,14.636,0,3.85,0,1.195,1.31,0,5.27
2/26/2026,10:30, ,gtmpiwq_20H100465_020426_050000.bin,Pine Island,GTMNERR,0,45.193,0,29.27,0,2.368,0,94.4,0,8.01,0,55.49,18.46,7.77,0,-80.4,5.27,14.654,0,3.82,0,1.204,1.26,0,5.08
2/26/2026,10:45, ,gtmpiwq_20H100465_020426_050000.bin,Pine Island,GTMNERR,0,45.11,0,29.21,0,2.32,0,94.5,0,8.02,0,55.39,18.43,7.76,0,-80,5.28,14.679,0,3.9,0,1.203,1.26,0,5.1
2/26/2026,11:00, ,gtmpiwq_20H100465_020426_050000.bin,Pine Island,GTMNERR,0,45.042,0,29.16,0,2.289,0,94.7,0,8.03,0,55.6,18.49,7.76,0,-80,5.27,14.716,0,3.36,0,1.193,1.23,0,4.98
2/26/2026,11:15, ,gtmpiwq_20H100465_020426_050000.bin,Pine Island,GTMNERR,0,44.988,0,29.12,0,2.294,0,94.7,0,8.03,0,55.79,18.56,7.76,0,-79.8,5.27,14.739,0,3.24,0,1.199,1.25,0,5.06
2/26/2026,11:30, ,gtmpiwq_20H100465_020426_050000.bin,Pine Island,GTMNERR,0,44.968,0,29.11,0,2.316,0,94.3,0,7.99,0,55.97,18.62,7.75,0,-79.3,5.29,14.759,0,2.87,0,1.201,1.19,0,4.81
2/26/2026,11:45, ,gtmpiwq_20H100465_020426_050000.bin,Pine Island,GTMNERR,0,44.993,0,29.13,0,2.359,0,94.8,0,8.02,0,56.52,18.8,7.75,0,-79.3,5.27,14.846,0,2.88,0,1.197,1.24,0,5.01
2/26/2026,12:00, ,gtmpiwq_20H100465_020426_050000.bin,Pine Island,GTMNERR,0,45.309,0,29.36,0,2.418,0,95.6,0,8.07,0,55.05,18.31,7.77,0,-80.4,5.28,14.865,0,3.21,0,1.195,1.28,0,5.18
2/26/2026,12:15, ,gtmpiwq_20H100465_020426_050000.bin,Pine Island,GTMNERR,0,45.324,0,29.37,0,2.484,0,95.8,0,8.08,0,54.84,18.24,7.77,0,-80.4,5.27,14.888,0,3.07,0,1.197,1.39,0,5.61
2/26/2026,12:30, ,gtmpiwq_20H100465_020426_050000.bin,Pine Island,GTMNERR,0,45.348,0,29.39,0,2.55,0,96.3,0,8.12,0,53.74,17.88,7.77,0,-80.6,5.24,14.968,0,4.23,0,1.197,1.37,0,5.51
2/26/2026,12:45, ,gtmpiwq_20H100465_020426_050000.bin,Pine Island,GTMNERR,0,45.51,0,29.5,0,2.626,0,96.7,0,8.13,0,53.23,17.7,7.78,0,-81,5.27,15.003,0,3.58,0,1.205,1.35,0,5.47
2/26/2026,13:00, ,gtmpiwq_20H100465_020426_050000.bin,Pine Island,GTMNERR,0,45.75,0,29.68,0,2.688,0,97.2,0,8.16,0,52.26,17.38,7.79,0,-81.6,5.28,15.084,0,3.78,0,1.209,1.37,0,5.53
2/26/2026,13:15, ,gtmpiwq_20H100465_020426_050000.bin,Pine Island,GTMNERR,0,45.875,0,29.77,0,2.754,0,97.9,0,8.2,0,51.4,17.09,7.79,0,-82.1,5.29,15.149,0,3.4,0,1.203,1.47,0,5.91
2/26/2026,13:30, ,gtmpiwq_20H100465_020426_050000.bin,Pine Island,GTMNERR,0,45.975,0,29.84,0,2.817,0,98.2,0,8.21,0,50.7,16.86,7.8,0,-82.4,5.28,15.205,0,4.19,0,1.201,1.45,0,5.85
2/26/2026,13:45, ,gtmpiwq_20H100465_020426_050000.bin,Pine Island,GTMNERR,0,46.167,0,29.98,0,2.875,0,98.6,0,8.23,0,49.49,16.46,7.81,0,-82.8,5.28,15.274,0,3.94,0,1.201,1.56,0,6.27
2/26/2026,14:00, ,gtmpiwq_20H100465_020426_050000.bin,Pine Island,GTMNERR,0,46.288,0,30.07,0,2.935,0,99,0,8.25,0,48.79,16.22,7.81,0,-83.1,5.27,15.33,0,3.93,0,1.2,1.59,0,6.39
2/26/2026,14:15, ,gtmpiwq_20H100465_020426_050000.bin,Pine Island,GTMNERR,0,46.334,0,30.11,0,2.984,0,99.2,0,8.26,0,48.39,16.09,7.81,0,-83.3,5.27,15.374,0,4.5,0,1.199,1.63,0,6.58
2/26/2026,14:30, ,gtmpiwq_20H100465_020426_050000.bin,Pine Island,GTMNERR,0,46.479,0,30.21,0,3.028,0,99.8,0,8.28,0,47.8,15.89,7.82,0,-83.6,5.29,15.459,0,3.84,0,1.2,1.39,0,5.62
2/26/2026,14:45, ,gtmpiwq_20H100465_020426_050000.bin,Pine Island,GTMNERR,0,46.529,0,30.25,0,3.073,0,99.5,0,8.26,0,47.61,15.83,7.82,0,-83.6,5.28,15.459,0,4.28,0,1.208,1.55,0,6.26
2/26/2026,15:00, ,gtmpiwq_20H100465_020426_050000.bin,Pine Island,GTMNERR,0,46.587,0,30.29,0,3.118,0,99.7,0,8.27,0,47.45,15.77,7.82,0,-83.7,5.28,15.475,0,3.12,0,1.203,1.56,0,6.27
2/26/2026,15:15, ,gtmpiwq_20H100465_020426_050000.bin,Pine Island,GTMNERR,0,46.664,0,30.35,0,3.165,0,100,0,8.29,0,46.5,15.46,7.83,0,-84,5.27,15.517,0,3.53,0,1.201,1.48,0,5.97
2/26/2026,15:30, ,gtmpiwq_20H100465_020426_050000.bin,Pine Island,GTMNERR,0,46.837,0,30.47,0,3.21,0,100.3,0,8.29,0,45.68,15.19,7.83,0,-84.3,5.27,15.572,0,3.16,0,1.199,1.53,0,6.16
2/26/2026,15:45, ,gtmpiwq_20H100465_020426_050000.bin,Pine Island,GTMNERR,0,46.943,0,30.55,0,3.25,0,100.5,0,8.31,0,45,14.96,7.84,0,-84.7,5.29,15.597,0,2.88,0,1.196,1.59,0,6.41
2/26/2026,16:00, ,gtmpiwq_20H100465_020426_050000.bin,Pine Island,GTMNERR,0,47.045,0,30.62,0,3.291,0,100.8,0,8.32,0,44.49,14.79,7.84,0,-84.9,5.27,15.615,0,3.25,0,1.197,1.71,0,6.88
2/26/2026,16:15, ,gtmpiwq_20H100465_020426_050000.bin,Pine Island,GTMNERR,0,47.128,0,30.68,0,3.328,0,100.6,0,8.31,0,44.2,14.69,7.84,0,-85,5.28,15.605,0,2.62,0,1.202,1.46,0,5.87
2/26/2026,16:30, ,gtmpiwq_20H100465_020426_050000.bin,Pine Island,GTMNERR,0,47.215,0,30.75,0,3.36,0,100.5,0,8.3,0,43.27,14.38,7.84,0,-85.1,5.27,15.569,0,2.93,0,1.207,1.68,0,6.77
2/26/2026,16:45, ,gtmpiwq_20H100465_020426_050000.bin,Pine Island,GTMNERR,0,47.278,0,30.79,0,3.392,0,100.1,0,8.26,0,42.85,14.24,7.84,0,-84.9,5.28,15.56,0,3.11,0,1.207,1.56,0,6.27
2/26/2026,17:00, ,gtmpiwq_20H100465_020426_050000.bin,Pine Island,GTMNERR,0,47.321,0,30.82,0,3.414,0,99.3,0,8.2,0,42.38,14.08,7.84,0,-85,5.29,15.57,0,2.53,0,1.198,1.75,0,7.03
2/26/2026,17:15, ,gtmpiwq_20H100465_020426_050000.bin,Pine Island,GTMNERR,0,47.34,0,30.84,0,3.424,0,99.4,0,8.2,0,42.61,14.16,7.84,0,-85,5.28,15.593,0,2.58,0,1.194,2.06,0,8.29
2/26/2026,17:30, ,gtmpiwq_20H100465_020426_050000.bin,Pine Island,GTMNERR,0,47.378,0,30.86,0,3.429,0,97.7,0,8.07,0,41.79,13.89,7.83,0,-84.5,5.28,15.559,0,2.18,0,1.195,1.6,0,6.45
2/26/2026,17:45, ,gtmpiwq_20H100465_020426_050000.bin,Pine Island,GTMNERR,0,47.374,0,30.86,0,3.418,0,95.2,0,7.86,0,41.69,13.85,7.84,0,-84.5,5.27,15.552,0,2.22,0,1.203,1.83,0,7.37
2/26/2026,18:00, ,gtmpiwq_20H100465_020426_050000.bin,Pine Island,GTMNERR,0,47.288,0,30.8,0,3.393,0,99.3,0,8.2,0,42.05,13.97,7.84,0,-85.1,5.27,15.547,0,2.74,0,1.205,1.77,0,7.12
2/26/2026,18:15, ,gtmpiwq_20H100465_020426_050000.bin,Pine Island,GTMNERR,0,47.223,0,30.75,0,3.351,0,99.9,0,8.25,0,43.36,14.41,7.84,0,-85.1,5.28,15.546,0,2.75,0,1.207,1.64,0,6.6
2/26/2026,18:30, ,gtmpiwq_20H100465_020426_050000.bin,Pine Island,GTMNERR,0,47.118,0,30.68,0,3.302,0,100.1,0,8.26,0,44.73,14.87,7.84,0,-84.9,5.29,15.581,0,3.01,0,1.209,1.96,0,7.87
2/26/2026,18:45, ,gtmpiwq_20H100465_020426_050000.bin,Pine Island,GTMNERR,0,46.988,0,30.58,0,3.246,0,100.4,0,8.28,0,45.13,15,7.84,0,-84.7,5.28,15.649,0,3.01,0,1.212,1.72,0,6.94
2/26/2026,19:00, ,gtmpiwq_20H100465_020426_050000.bin,Pine Island,GTMNERR,0,46.804,0,30.45,0,3.19,0,100.8,0,8.31,0,45.96,15.28,7.83,0,-84.5,5.27,15.757,0,3.4,0,1.212,1.88,0,7.56
2/26/2026,19:15, ,gtmpiwq_20H100465_020426_050000.bin,Pine Island,GTMNERR,0,46.634,0,30.33,0,3.126,0,100,0,8.24,0,47.26,15.71,7.83,0,-84,5.28,15.784,0,3.29,0,1.21,1.66,0,6.68
2/26/2026,19:30, ,gtmpiwq_20H100465_020426_050000.bin,Pine Island,GTMNERR,0,46.578,0,30.29,0,3.057,0,99.3,0,8.2,0,47.61,15.83,7.82,0,-83.7,5.27,15.711,0,3.34,0,1.211,1.56,0,6.29
2/26/2026,19:45, ,gtmpiwq_20H100465_020426_050000.bin,Pine Island,GTMNERR,0,46.47,0,30.21,0,2.988,0,99.6,0,8.22,0,48.23,16.03,7.82,0,-83.6,5.27,15.748,0,3.43,0,1.212,1.73,0,6.98
2/26/2026,20:00, ,gtmpiwq_20H100465_020426_050000.bin,Pine Island,GTMNERR,0,46.356,0,30.13,0,2.908,0,100,0,8.25,0,48.44,16.1,7.82,0,-83.5,5.28,15.829,0,4.05,0,1.209,1.71,0,6.9
2/26/2026,20:15, ,gtmpiwq_20H100465_020426_050000.bin,Pine Island,GTMNERR,0,46.24,0,30.05,0,2.828,0,100.3,0,8.26,0,49.23,16.37,7.81,0,-83.4,5.26,15.891,0,4.2,0,1.208,1.65,0,6.64
2/26/2026,20:30, ,gtmpiwq_20H100465_020426_050000.bin,Pine Island,GTMNERR,0,46.098,0,29.94,0,2.74,0,100.2,0,8.25,0,49.81,16.56,7.81,0,-83.1,5.27,15.909,0,3.92,0,1.206,1.74,0,7.01
2/26/2026,20:45, ,gtmpiwq_20H100465_020426_050000.bin,Pine Island,GTMNERR,0,45.957,0,29.84,0,2.65,0,99.9,0,8.24,0,50.61,16.83,7.81,0,-82.8,5.27,15.894,0,4.52,0,1.205,1.6,0,6.43
2/26/2026,21:00, ,gtmpiwq_20H100465_020426_050000.bin,Pine Island,GTMNERR,0,45.782,0,29.72,0,2.551,0,99.4,0,8.21,0,51.48,17.12,7.8,0,-82.3,5.26,15.878,0,4.08,0,1.206,1.75,0,7.06
2/26/2026,21:15, ,gtmpiwq_20H100465_020426_050000.bin,Pine Island,GTMNERR,0,45.611,0,29.59,0,2.454,0,98.8,0,8.17,0,52.59,17.49,7.79,0,-81.9,5.26,15.827,0,4.33,0,1.204,1.6,0,6.44
2/26/2026,21:30, ,gtmpiwq_20H100465_020426_050000.bin,Pine Island,GTMNERR,0,45.459,0,29.48,0,2.368,0,98.3,0,8.14,0,53.36,17.75,7.78,0,-81.3,5.27,15.803,0,3.57,0,1.202,1.63,0,6.58
2/26/2026,21:45, ,gtmpiwq_20H100465_020426_050000.bin,Pine Island,GTMNERR,0,45.305,0,29.37,0,2.293,0,98.1,0,8.13,0,54.58,18.16,7.78,0,-81.2,5.26,15.823,0,4.19,0,1.199,1.54,0,6.19
2/26/2026,22:00, ,gtmpiwq_20H100465_020426_050000.bin,Pine Island,GTMNERR,0,45.188,0,29.29,0,2.216,0,97.9,0,8.11,0,55.13,18.34,7.77,0,-80.9,5.27,15.887,0,3.6,0,1.199,1.65,0,6.65
2/26/2026,22:15, ,gtmpiwq_20H100465_020426_050000.bin,Pine Island,GTMNERR,0,45.066,0,29.2,0,2.148,0,97.4,0,8.06,0,55.35,18.41,7.77,0,-80.6,5.25,15.921,0,3.75,0,1.199,1.67,0,6.72
2/26/2026,22:30, ,gtmpiwq_20H100465_020426_050000.bin,Pine Island,GTMNERR,0,44.992,0,29.15,0,2.088,0,96.9,0,8.01,0,56.08,18.66,7.76,0,-79.9,5.26,15.961,0,4,0,1.203,1.7,0,6.84
2/26/2026,22:45, ,gtmpiwq_20H100465_020426_050000.bin,Pine Island,GTMNERR,0,44.893,0,29.08,0,2.053,0,94,0,7.78,0,56.27,18.72,7.76,0,-80,5.27,15.983,0,3.71,0,1.206,1.76,0,7.07
2/26/2026,23:00, ,gtmpiwq_20H100465_020426_050000.bin,Pine Island,GTMNERR,0,44.894,0,29.08,0,2.05,0,94.8,0,7.83,0,56.93,18.94,7.76,0,-80,5.25,16.026,0,3.89,0,1.202,1.72,0,6.94
2/26/2026,23:15, ,gtmpiwq_20H100465_020426_050000.bin,Pine Island,GTMNERR,0,44.897,0,29.08,0,2.099,0,93.9,0,7.76,0,57.04,18.97,7.75,0,-79.7,5.27,16.033,0,2.78,0,1.2,1.69,0,6.81
2/26/2026,23:30, ,gtmpiwq_20H100465_020426_050000.bin,Pine Island,GTMNERR,0,44.876,0,29.06,0,2.142,0,97.6,0,8.08,0,57.21,19.03,7.76,0,-80,5.26,15.922,0,3.43,0,1.203,1.51,0,6.09
2/26/2026,23:45, ,gtmpiwq_20H100465_020426_050000.bin,Pine Island,GTMNERR,0,45.108,0,29.23,0,2.217,0,97.4,0,8.05,0,55.94,18.61,7.77,0,-80.8,5.27,15.997,0,2.99,0,1.205,1.55,0,6.26
2/27/2026,0:00, ,gtmpiwq_20H100465_020426_050000.bin,Pine Island,GTMNERR,0,45.159,0,29.27,0,2.3,0,97.8,0,8.08,0,55.75,18.54,7.77,0,-80.7,5.25,15.965,0,3.48,0,1.203,1.66,0,6.68
2/27/2026,0:15, ,gtmpiwq_20H100465_020426_050000.bin,Pine Island,GTMNERR,0,45.344,0,29.4,0,2.383,0,98.2,0,8.12,0,54.78,18.22,7.78,0,-81.2,5.26,15.925,0,3.34,0,1.205,1.46,0,5.88
2/27/2026,0:30, ,gtmpiwq_20H100465_020426_050000.bin,Pine Island,GTMNERR,0,45.523,0,29.53,0,2.469,0,98.4,0,8.12,0,53.88,17.92,7.78,0,-81.6,5.25,15.935,0,3.5,0,1.21,1.39,0,5.62
2/27/2026,0:45, ,gtmpiwq_20H100465_020426_050000.bin,Pine Island,GTMNERR,0,45.615,0,29.59,0,2.551,0,98.3,0,8.13,0,53.15,17.68,7.79,0,-81.7,5.25,15.884,0,3.86,0,1.202,1.43,0,5.78
2/27/2026,1:00, ,gtmpiwq_20H100465_020426_050000.bin,Pine Island,GTMNERR,0,45.784,0,29.72,0,2.632,0,98.5,0,8.13,0,52.47,17.45,7.79,0,-82,5.27,15.906,0,3.74,0,1.198,1.49,0,5.99
2/27/2026,1:15, ,gtmpiwq_20H100465_020426_050000.bin,Pine Island,GTMNERR,0,45.937,0,29.83,0,2.712,0,98.6,0,8.12,0,51.37,17.08,7.8,0,-82.4,5.25,15.973,0,4.57,0,1.205,1.53,0,6.17
2/27/2026,1:30, ,gtmpiwq_20H100465_020426_050000.bin,Pine Island,GTMNERR,0,46.201,0,30.02,0,2.782,0,98.6,0,8.11,0,50.36,16.75,7.8,0,-82.7,5.26,15.983,0,3.9,0,1.209,1.45,0,5.83
2/27/2026,1:45, ,gtmpiwq_20H100465_020426_050000.bin,Pine Island,GTMNERR,0,46.235,0,30.04,0,2.852,0,98.7,0,8.12,0,49.73,16.54,7.8,0,-82.6,5.25,15.94,0,4.25,0,1.202,1.4,0,5.65
2/27/2026,2:00, ,gtmpiwq_20H100465_020426_050000.bin,Pine Island,GTMNERR,0,46.331,0,30.11,0,2.92,0,98.6,0,8.11,0,49.35,16.41,7.81,0,-83,5.25,15.96,0,4.75,0,1.196,1.42,0,5.72
2/27/2026,2:15, ,gtmpiwq_20H100465_020426_050000.bin,Pine Island,GTMNERR,0,46.418,0,30.18,0,2.983,0,98.6,0,8.11,0,48.92,16.26,7.81,0,-83.1,5.27,15.941,0,4.14,0,1.206,1.47,0,5.95
2/27/2026,2:30, ,gtmpiwq_20H100465_020426_050000.bin,Pine Island,GTMNERR,0,46.534,0,30.26,0,3.046,0,98.5,0,8.1,0,48.26,16.04,7.81,0,-83.3,5.26,15.92,0,4.04,0,1.204,1.5,0,6.05
2/27/2026,2:45, ,gtmpiwq_20H100465_020426_050000.bin,Pine Island,GTMNERR,0,46.61,0,30.31,0,3.108,0,98.4,0,8.1,0,47.72,15.87,7.82,0,-83.4,5.27,15.879,0,4.94,0,1.207,1.54,0,6.19
2/27/2026,3:00, ,gtmpiwq_20H100465_020426_050000.bin,Pine Island,GTMNERR,0,46.781,0,30.44,0,3.173,0,98.2,0,8.07,0,46.96,15.61,7.82,0,-83.7,5.25,15.872,0,3.97,0,1.205,1.45,0,5.85
2/27/2026,3:15, ,gtmpiwq_20H100465_020426_050000.bin,Pine Island,GTMNERR,0,46.907,0,30.53,0,3.238,0,98.3,0,8.08,0,46.25,15.37,7.82,0,-83.9,5.26,15.84,0,3.84,0,1.207,1.49,0,6.03
2/27/2026,3:30, ,gtmpiwq_20H100465_020426_050000.bin,Pine Island,GTMNERR,0,47.046,0,30.63,0,3.303,0,98.4,0,8.09,0,45.48,15.12,7.83,0,-84.2,5.27,15.818,0,3.75,0,1.206,1.38,0,5.58
2/27/2026,3:45, ,gtmpiwq_20H100465_020426_050000.bin,Pine Island,GTMNERR,0,47.182,0,30.73,0,3.369,0,98.5,0,8.1,0,44.32,14.73,7.83,0,-84.4,5.26,15.764,0,3.93,0,1.204,1.38,0,5.57
2/27/2026,4:00, ,gtmpiwq_20H100465_020426_050000.bin,Pine Island,GTMNERR,0,47.436,0,30.91,0,3.43,0,98.4,0,8.1,0,42.83,14.23,7.84,0,-84.9,5.27,15.709,0,3.71,0,1.205,1.43,0,5.77
2/27/2026,4:15, ,gtmpiwq_20H100465_020426_050000.bin,Pine Island,GTMNERR,0,47.648,0,31.06,0,3.488,0,98.2,0,8.08,0,41.66,13.84,7.85,0,-85.2,5.26,15.652,0,3.74,0,1.209,1.43,0,5.76
2/27/2026,4:30, ,gtmpiwq_20H100465_020426_050000.bin,Pine Island,GTMNERR,0,47.805,0,31.18,0,3.544,0,98.2,0,8.07,0,40.55,13.47,7.85,0,-85.4,5.26,15.632,0,3.74,0,1.201,1.49,0,6
2/27/2026,4:45, ,gtmpiwq_20H100465_020426_050000.bin,Pine Island,GTMNERR,0,47.906,0,31.25,0,3.594,0,98,0,8.06,0,39.93,13.27,7.85,0,-85.6,5.28,15.606,0,3.89,0,1.197,1.56,0,6.3
2/27/2026,5:00, ,gtmpiwq_20H100465_020426_050000.bin,Pine Island,GTMNERR,0,47.954,0,31.28,0,3.642,0,98.1,0,8.08,0,39.62,13.16,7.85,0,-85.6,5.26,15.583,0,3.86,0,1.194,1.5,0,6.03
2/27/2026,5:15, ,gtmpiwq_20H100465_020426_050000.bin,Pine Island,GTMNERR,0,48.068,0,31.37,0,3.682,0,98,0,8.06,0,38.93,12.93,7.85,0,-85.7,5.27,15.562,0,4.14,0,1.196,1.56,0,6.27
2/27/2026,5:30, ,gtmpiwq_20H100465_020426_050000.bin,Pine Island,GTMNERR,0,48.138,0,31.42,0,3.721,0,98,0,8.06,0,38.56,12.81,7.86,0,-85.7,5.25,15.544,0,4.11,0,1.203,1.97,0,7.94
2/27/2026,5:45, ,gtmpiwq_20H100465_020426_050000.bin,Pine Island,GTMNERR,0,48.355,0,31.57,0,3.751,0,98,0,8.06,0,37.21,12.36,7.86,0,-86.1,5.27,15.495,0,3.73,0,1.206,1.57,0,6.33
2/27/2026,6:00, ,gtmpiwq_20H100465_020426_050000.bin,Pine Island,GTMNERR,0,48.521,0,31.69,0,3.771,0,98,0,8.06,0,36.18,12.01,7.87,0,-86.4,5.27,15.472,0,3.13,0,1.206,1.56,0,6.29
2/27/2026,6:15, ,gtmpiwq_20H100465_020426_050000.bin,Pine Island,GTMNERR,0,48.634,0,31.78,0,3.783,0,98,0,8.06,0,35.46,11.77,7.87,0,-86.5,5.26,15.458,0,3.62,0,1.206,2.08,0,8.36
2/27/2026,6:30, ,gtmpiwq_20H100465_020426_050000.bin,Pine Island,GTMNERR,0,48.685,0,31.81,0,3.781,0,96.7,0,7.95,0,34.72,11.53,7.87,0,-86.4,5.27,15.446,0,3.59,0,1.207,1.63,0,6.56
2/27/2026,6:45, ,gtmpiwq_20H100465_020426_050000.bin,Pine Island,GTMNERR,0,48.728,0,31.84,0,3.764,0,92.9,0,7.64,0,33.71,11.19,7.85,0,-85.5,5.26,15.437,0,2.75,0,1.21,1.2,0,4.83
2/27/2026,7:00, ,gtmpiwq_20H100465_020426_050000.bin,Pine Island,GTMNERR,0,48.726,0,31.84,0,3.725,0,95,0,7.81,0,34.72,11.53,7.86,0,-86.3,5.26,15.431,0,2.96,0,1.21,1.63,0,6.57
2/27/2026,7:15, ,gtmpiwq_20H100465_020426_050000.bin,Pine Island,GTMNERR,0,48.52,0,31.69,0,3.677,0,96.9,0,7.97,0,36.49,12.12,7.86,0,-86.2,5.27,15.457,0,3.2,0,1.211,1.58,0,6.37
2/27/2026,7:30, ,gtmpiwq_20H100465_020426_050000.bin,Pine Island,GTMNERR,0,48.331,0,31.55,0,3.621,0,97.2,0,8,0,37.81,12.56,7.86,0,-85.8,5.26,15.478,0,3.97,0,1.212,1.63,0,6.58
2/27/2026,7:45, ,gtmpiwq_20H100465_020426_050000.bin,Pine Island,GTMNERR,0,47.995,0,31.31,0,3.561,0,97,0,7.98,0,40.18,13.35,7.85,0,-85.3,5.27,15.535,0,3.68,0,1.212,1.34,0,5.42
2/27/2026,8:00, ,gtmpiwq_20H100465_020426_050000.bin,Pine Island,GTMNERR,0,47.57,0,31,0,3.502,0,96.7,0,7.96,0,42.88,14.25,7.83,0,-84.5,5.25,15.615,0,3.77,0,1.21,1.51,0,6.08
2/27/2026,8:15, ,gtmpiwq_20H100465_020426_050000.bin,Pine Island,GTMNERR,0,47.333,0,30.83,0,3.434,0,96.3,0,7.93,0,44.07,14.65,7.83,0,-84,5.26,15.665,0,3.76,0,1.21,1.24,0,4.99
2/27/2026,8:30, ,gtmpiwq_20H100465_020426_050000.bin,Pine Island,GTMNERR,0,47.297,0,30.81,0,3.363,0,96.1,0,7.91,0,44.4,14.76,7.82,0,-83.9,5.27,15.683,0,3.81,0,1.209,1.21,0,4.88
2/27/2026,8:45, ,gtmpiwq_20H100465_020426_050000.bin,Pine Island,GTMNERR,0,47.238,0,30.77,0,3.287,0,96.1,0,7.91,0,44.62,14.83,7.82,0,-83.8,5.25,15.713,0,3.96,0,1.209,1.09,0,4.41
2/27/2026,9:00, ,gtmpiwq_20H100465_020426_050000.bin,Pine Island,GTMNERR,0,47.021,0,30.61,0,3.218,0,95.9,0,7.9,0,46.06,15.31,7.82,0,-83.4,5.26,15.741,0,4.61,0,1.208,1.3,0,5.24
2/27/2026,9:15, ,gtmpiwq_20H100465_020426_050000.bin,Pine Island,GTMNERR,0,46.777,0,30.43,0,3.144,0,95.7,0,7.88,0,47.08,15.65,7.8,0,-82.8,5.27,15.777,0,5.06,0,1.207,1.3,0,5.24
2/27/2026,9:30, ,gtmpiwq_20H100465_020426_050000.bin,Pine Island,GTMNERR,0,46.61,0,30.31,0,3.066,0,95.7,0,7.89,0,48.44,16.11,7.8,0,-82.7,5.25,15.815,0,4.9,0,1.206,1.32,0,5.34
2/27/2026,9:45, ,gtmpiwq_20H100465_020426_050000.bin,Pine Island,GTMNERR,0,46.487,0,30.22,0,2.985,0,95.5,0,7.87,0,49.05,16.31,7.8,0,-82.2,5.25,15.861,0,4.36,0,1.204,1.31,0,5.27
2/27/2026,10:00, ,gtmpiwq_20H100465_020426_050000.bin,Pine Island,GTMNERR,0,46.408,0,30.17,0,2.898,0,95.5,0,7.86,0,49.68,16.52,7.79,0,-82.2,5.26,15.907,0,4.97,0,1.203,1.28,0,5.17
2/27/2026,10:15, ,gtmpiwq_20H100465_020426_050000.bin,Pine Island,GTMNERR,0,46.299,0,30.09,0,2.808,0,95.6,0,7.87,0,50.08,16.65,7.79,0,-81.9,5.26,15.93,0,4.5,0,1.202,1.26,0,5.07
2/27/2026,10:30, ,gtmpiwq_20H100465_020426_050000.bin,Pine Island,GTMNERR,0,46.173,0,30,0,2.715,0,95.3,0,7.85,0,50.93,16.94,7.78,0,-81.6,5.25,15.935,0,4.41,0,1.199,1.25,0,5.03
2/27/2026,10:45, ,gtmpiwq_20H100465_020426_050000.bin,Pine Island,GTMNERR,0,45.978,0,29.86,0,2.617,0,94.6,0,7.8,0,51.33,17.07,7.77,0,-80.7,5.25,15.931,0,6.74,0,1.198,1.29,0,5.21
2/27/2026,11:00, ,gtmpiwq_20H100465_020426_050000.bin,Pine Island,GTMNERR,0,45.819,0,29.74,0,2.527,0,94.9,0,7.83,0,53.17,17.68,7.77,0,-80.6,5.26,15.959,0,4.63,0,1.197,1.2,0,4.85
2/27/2026,11:15, ,gtmpiwq_20H100465_020426_050000.bin,Pine Island,GTMNERR,0,45.717,0,29.67,0,2.436,0,95.1,0,7.84,0,53.48,17.79,7.76,0,-80.4,5.24,15.986,0,4.84,0,1.195,1.31,0,5.28
2/27/2026,11:30, ,gtmpiwq_20H100465_020426_050000.bin,Pine Island,GTMNERR,0,45.598,0,29.58,0,2.36,0,95.3,0,7.85,0,53.66,17.85,7.76,0,-80.2,5.25,16.034,0,4.21,0,1.194,1.24,0,5.02
2/27/2026,11:45, ,gtmpiwq_20H100465_020426_050000.bin,Pine Island,GTMNERR,0,45.508,0,29.52,0,2.294,0,94.3,0,7.76,0,54.14,18.01,7.75,0,-79.6,5.26,16.088,0,4.08,0,1.193,1.36,0,5.47
2/27/2026,12:00, ,gtmpiwq_20H100465_020426_050000.bin,Pine Island,GTMNERR,0,45.45,0,29.48,0,2.247,0,94.6,0,7.78,0,54.6,18.16,7.75,0,-79.5,5.25,16.164,0,3.95,0,1.196,1.36,0,5.48
2/27/2026,12:15, ,gtmpiwq_20H100465_020426_050000.bin,Pine Island,GTMNERR,0,45.361,0,29.42,0,2.231,0,94.3,0,7.75,0,53.92,17.93,7.73,0,-78.6,5.26,16.219,0,3.47,0,1.208,1.23,0,4.95
2/27/2026,12:30, ,gtmpiwq_20H100465_020426_050000.bin,Pine Island,GTMNERR,0,45.355,0,29.41,0,2.255,0,94,0,7.72,0,54.12,18,7.74,0,-78.9,5.24,16.296,0,3.78,0,1.202,1.46,0,5.9
2/27/2026,12:45, ,gtmpiwq_20H100465_020426_050000.bin,Pine Island,GTMNERR,0,45.389,0,29.44,0,2.308,0,94.5,0,7.75,0,55.06,18.31,7.74,0,-79.2,5.25,16.305,0,2.67,0,1.199,1.29,0,5.22
2/27/2026,13:00, ,gtmpiwq_20H100465_020426_050000.bin,Pine Island,GTMNERR,0,45.598,0,29.59,0,2.38,0,95.1,0,7.79,0,52.87,17.58,7.74,0,-79.4,5.26,16.322,0,3.9,0,1.198,1.37,0,5.54
2/27/2026,13:15, ,gtmpiwq_20H100465_020426_050000.bin,Pine Island,GTMNERR,0,45.619,0,29.61,0,2.46,0,95.9,0,7.83,0,53.47,17.78,7.75,0,-79.6,5.25,16.468,0,4.24,0,1.195,1.32,0,5.31
2/27/2026,13:30, ,gtmpiwq_20H100465_020426_050000.bin,Pine Island,GTMNERR,0,45.722,0,29.68,0,2.544,0,96.5,0,7.88,0,52.49,17.46,7.75,0,-79.9,5.26,16.465,0,4.85,0,1.193,1.34,0,5.41
2/27/2026,13:45, ,gtmpiwq_20H100465_020426_050000.bin,Pine Island,GTMNERR,0,45.892,0,29.8,0,2.623,0,97.1,0,7.92,0,51.83,17.24,7.77,0,-80.6,5.24,16.471,0,3.79,0,1.192,1.32,0,5.32
2/27/2026,14:00, ,gtmpiwq_20H100465_020426_050000.bin,Pine Island,GTMNERR,0,46.083,0,29.94,0,2.7,0,97.4,0,7.93,0,50.84,16.9,7.77,0,-81.1,5.25,16.505,0,4.47,0,1.194,1.34,0,5.41
2/27/2026,14:15, ,gtmpiwq_20H100465_020426_050000.bin,Pine Island,GTMNERR,0,46.229,0,30.05,0,2.768,0,97.8,0,7.96,0,50.02,16.63,7.78,0,-81.7,5.26,16.515,0,4.06,0,1.197,1.55,0,6.26
2/27/2026,14:30, ,gtmpiwq_20H100465_020426_050000.bin,Pine Island,GTMNERR,0,46.352,0,30.13,0,2.84,0,97.8,0,7.96,0,48.97,16.28,7.79,0,-81.9,5.25,16.498,0,4.08,0,1.196,2.27,0,9.11
2/27/2026,14:45, ,gtmpiwq_20H100465_020426_050000.bin,Pine Island,GTMNERR,0,46.536,0,30.27,0,2.902,0,98.5,0,8,0,48.33,16.07,7.8,0,-82.4,5.26,16.529,0,4.23,0,1.198,1.76,0,7.09
2/27/2026,15:00, ,gtmpiwq_20H100465_020426_050000.bin,Pine Island,GTMNERR,0,46.669,0,30.37,0,2.963,0,98.6,0,8,0,47.42,15.77,7.8,0,-82.7,5.24,16.573,0,4.32,0,1.198,1.76,0,7.1
2/27/2026,15:15, ,gtmpiwq_20H100465_020426_050000.bin,Pine Island,GTMNERR,0,46.729,0,30.41,0,3.022,0,98.7,0,8,0,47.27,15.72,7.8,0,-82.8,5.25,16.606,0,3.83,0,1.197,1.8,0,7.24
2/27/2026,15:30, ,gtmpiwq_20H100465_020426_050000.bin,Pine Island,GTMNERR,0,46.803,0,30.46,0,3.08,0,98.5,0,7.99,0,46.37,15.42,7.8,0,-82.7,5.26,16.563,0,3.33,0,1.198,1.86,0,7.49
2/27/2026,15:45, ,gtmpiwq_20H100465_020426_050000.bin,Pine Island,GTMNERR,0,46.861,0,30.5,0,3.145,0,98.7,0,8,0,46.15,15.34,7.8,0,-82.9,5.25,16.545,0,3.72,0,1.198,1.85,0,7.45
2/27/2026,16:00, ,gtmpiwq_20H100465_020426_050000.bin,Pine Island,GTMNERR,0,46.948,0,30.57,0,3.191,0,98.7,0,8,0,45.78,15.22,7.81,0,-83.1,5.26,16.561,0,3.69,0,1.2,1.82,0,7.32
2/27/2026,16:15, ,gtmpiwq_20H100465_020426_050000.bin,Pine Island,GTMNERR,0,47.094,0,30.67,0,3.241,0,98.4,0,7.98,0,44.8,14.89,7.81,0,-83.3,5.25,16.488,0,3.56,0,1.198,1.95,0,7.82
2/27/2026,16:30, ,gtmpiwq_20H100465_020426_050000.bin,Pine Island,GTMNERR,0,47.219,0,30.76,0,3.289,0,98.5,0,7.99,0,43.94,14.6,7.81,0,-83.5,5.25,16.481,0,3.22,0,1.197,1.86,0,7.5
2/27/2026,16:45, ,gtmpiwq_20H100465_020426_050000.bin,Pine Island,GTMNERR,0,47.344,0,30.85,0,3.338,0,98.7,0,8,0,42.9,14.26,7.82,0,-83.8,5.26,16.472,0,3.41,0,1.201,1.84,0,7.42
2/27/2026,17:00, ,gtmpiwq_20H100465_020426_050000.bin,Pine Island,GTMNERR,0,47.432,0,30.92,0,3.39,0,99.1,0,8.04,0,42.92,14.26,7.82,0,-84,5.25,16.397,0,3,0,1.203,1.98,0,7.96
2/27/2026,17:15, ,gtmpiwq_20H100465_020426_050000.bin,Pine Island,GTMNERR,0,47.504,0,30.97,0,3.434,0,98.2,0,7.97,0,42.15,14.01,7.82,0,-84,5.26,16.354,0,2.68,0,1.204,2.58,0,10.38
2/27/2026,17:30, ,gtmpiwq_20H100465_020426_050000.bin,Pine Island,GTMNERR,0,47.625,0,31.06,0,3.474,0,98.5,0,8,0,41.55,13.81,7.83,0,-84.4,5.25,16.351,0,2.71,0,1.205,2.5,0,10.04
2/27/2026,17:45, ,gtmpiwq_20H100465_020426_050000.bin,Pine Island,GTMNERR,0,47.76,0,31.15,0,3.511,0,99.1,0,8.04,0,40.76,13.54,7.84,0,-84.8,5.25,16.354,0,2.47,0,1.205,1.99,0,7.99
2/27/2026,18:00, ,gtmpiwq_20H100465_020426_050000.bin,Pine Island,GTMNERR,0,47.893,0,31.25,0,3.546,0,98.4,0,7.98,0,39.8,13.22,7.84,0,-84.9,5.27,16.335,0,2.56,0,1.207,1.91,0,7.7
2/27/2026,18:15, ,gtmpiwq_20H100465_020426_050000.bin,Pine Island,GTMNERR,0,47.997,0,31.33,0,3.573,0,97.7,0,7.91,0,38.72,12.86,7.84,0,-85.1,5.25,16.334,0,2.82,0,1.209,1.73,0,6.96
2/27/2026,18:30, ,gtmpiwq_20H100465_020426_050000.bin,Pine Island,GTMNERR,0,48.043,0,31.36,0,3.591,0,97.4,0,7.9,0,38.3,12.72,7.84,0,-85.2,5.26,16.316,0,2.07,0,1.206,1.76,0,7.1
2/27/2026,18:45, ,gtmpiwq_20H100465_020426_050000.bin,Pine Island,GTMNERR,0,48.075,0,31.38,0,3.597,0,96.2,0,7.79,0,36.96,12.28,7.84,0,-85,5.25,16.313,0,2.27,0,1.205,1.56,0,6.29
2/27/2026,19:00, ,gtmpiwq_20H100465_020426_050000.bin,Pine Island,GTMNERR,0,48.083,0,31.39,0,3.587,0,90.2,0,7.31,0,36.97,12.28,7.81,0,-83.1,5.25,16.308,0,2.22,0,1.206,1.2,0,4.86
2/27/2026,19:15, ,gtmpiwq_20H100465_020426_050000.bin,Pine Island,GTMNERR,0,48.061,0,31.37,0,3.555,0,98.3,0,7.97,0,38.14,12.67,7.85,0,-85.4,5.27,16.298,0,2.58,0,1.208,1.84,0,7.39
2/27/2026,19:30, ,gtmpiwq_20H100465_020426_050000.bin,Pine Island,GTMNERR,0,47.924,0,31.27,0,3.507,0,98.9,0,8.03,0,39.38,13.08,7.84,0,-85.1,5.25,16.308,0,2.84,0,1.207,1.94,0,7.79
2/27/2026,19:45, ,gtmpiwq_20H100465_020426_050000.bin,Pine Island,GTMNERR,0,47.79,0,31.18,0,3.448,0,98.8,0,8.01,0,40.2,13.36,7.84,0,-84.8,5.26,16.329,0,2.78,0,1.206,1.99,0,7.99
2/27/2026,20:00, ,gtmpiwq_20H100465_020426_050000.bin,Pine Island,GTMNERR,0,47.541,0,31,0,3.376,0,98.5,0,8,0,41.95,13.94,7.83,0,-84.2,5.25,16.373,0,3.01,0,1.209,1.73,0,6.97
2/27/2026,20:15, ,gtmpiwq_20H100465_020426_050000.bin,Pine Island,GTMNERR,0,47.223,0,30.77,0,3.307,0,98.4,0,7.97,0,44.33,14.73,7.82,0,-83.5,5.25,16.541,0,3.66,0,1.208,1.78,0,7.15
2/27/2026,20:30, ,gtmpiwq_20H100465_020426_050000.bin,Pine Island,GTMNERR,0,46.954,0,30.57,0,3.242,0,98.5,0,7.96,0,45.84,15.24,7.81,0,-83.1,5.26,16.718,0,3.41,0,1.205,1.66,0,6.7
2/27/2026,20:45, ,gtmpiwq_20H100465_020426_050000.bin,Pine Island,GTMNERR,0,46.919,0,30.55,0,3.168,0,98.1,0,7.93,0,46,15.29,7.8,0,-82.8,5.25,16.734,0,3.26,0,1.204,1.91,0,7.68
2/27/2026,21:00, ,gtmpiwq_20H100465_020426_050000.bin,Pine Island,GTMNERR,0,46.85,0,30.5,0,3.098,0,97.8,0,7.91,0,46.08,15.32,7.8,0,-82.5,5.26,16.715,0,4.35,0,1.203,1.59,0,6.41
2/27/2026,21:15, ,gtmpiwq_20H100465_020426_050000.bin,Pine Island,GTMNERR,0,46.751,0,30.43,0,3.014,0,97.8,0,7.91,0,46.46,15.45,7.79,0,-82.4,5.24,16.744,0,3.75,0,1.203,1.83,0,7.35
2/27/2026,21:30, ,gtmpiwq_20H100465_020426_050000.bin,Pine Island,GTMNERR,0,46.584,0,30.31,0,2.936,0,97.9,0,7.9,0,47.18,15.69,7.79,0,-82.1,5.25,16.829,0,4.48,0,1.203,1.58,0,6.37
2/27/2026,21:45, ,gtmpiwq_20H100465_020426_050000.bin,Pine Island,GTMNERR,0,46.47,0,30.22,0,2.847,0,97.7,0,7.89,0,48.09,15.99,7.78,0,-81.6,5.26,16.862,0,4.22,0,1.201,1.71,0,6.88
2/27/2026,22:00, ,gtmpiwq_20H100465_020426_050000.bin,Pine Island,GTMNERR,0,46.369,0,30.15,0,2.756,0,97.6,0,7.88,0,49.03,16.3,7.78,0,-81.6,5.25,16.906,0,4.57,0,1.199,1.57,0,6.33
2/27/2026,22:15, ,gtmpiwq_20H100465_020426_050000.bin,Pine Island,GTMNERR,0,46.26,0,30.07,0,2.665,0,97.3,0,7.86,0,49.7,16.53,7.77,0,-81.2,5.25,16.919,0,4.47,0,1.198,1.64,0,6.59
2/27/2026,22:30, ,gtmpiwq_20H100465_020426_050000.bin,Pine Island,GTMNERR,0,46.118,0,29.97,0,2.576,0,96.9,0,7.82,0,50.47,16.78,7.77,0,-80.8,5.24,16.927,0,4.14,0,1.194,1.63,0,6.58
2/27/2026,22:45, ,gtmpiwq_20H100465_020426_050000.bin,Pine Island,GTMNERR,0,45.949,0,29.85,0,2.487,0,96.3,0,7.78,0,51.63,17.17,7.76,0,-80.3,5.24,16.91,0,4.17,0,1.195,1.5,0,6.06
2/27/2026,23:00, ,gtmpiwq_20H100465_020426_050000.bin,Pine Island,GTMNERR,0,45.792,0,29.74,0,2.408,0,95.9,0,7.76,0,52.32,17.4,7.75,0,-79.9,5.25,16.91,0,4.34,0,1.193,1.81,0,7.27
2/27/2026,23:15, ,gtmpiwq_20H100465_020426_050000.bin,Pine Island,GTMNERR,0,45.649,0,29.63,0,2.339,0,95.3,0,7.71,0,52.99,17.62,7.74,0,-79.3,5.24,16.933,0,4.09,0,1.194,1.63,0,6.55
2/27/2026,23:30, ,gtmpiwq_20H100465_020426_050000.bin,Pine Island,GTMNERR,0,45.531,0,29.55,0,2.281,0,94.8,0,7.67,0,53.66,17.85,7.73,0,-78.9,5.25,16.966,0,7.44,0,1.196,1.63,0,6.56
2/27/2026,23:45, ,gtmpiwq_20H100465_020426_050000.bin,Pine Island,GTMNERR,0,45.424,0,29.47,0,2.225,0,94.3,0,7.63,0,53.93,17.94,7.73,0,-78.4,5.23,16.991,0,4.09,0,1.204,1.82,0,7.33
2/28/2026,0:00, ,gtmpiwq_20H100465_020426_050000.bin,Pine Island,GTMNERR,0,45.347,0,29.41,0,2.21,0,93.9,0,7.6,0,54.84,18.24,7.73,0,-78.4,5.24,17.012,0,3.38,0,1.211,1.8,0,7.24
2/28/2026,0:15, ,gtmpiwq_20H100465_020426_050000.bin,Pine Island,GTMNERR,0,45.317,0,29.39,0,2.176,0,93,0,7.52,0,54.99,18.29,7.72,0,-78,5.25,17.02,0,2.98,0,1.205,1.68,0,6.78
2/28/2026,0:30, ,gtmpiwq_20H100465_020426_050000.bin,Pine Island,GTMNERR,0,45.288,0,29.37,0,2.187,0,91,0,7.36,0,55.56,18.48,7.71,0,-77.3,5.23,17.028,0,2.72,0,1.196,1.6,0,6.44
2/28/2026,0:45, ,gtmpiwq_20H100465_020426_050000.bin,Pine Island,GTMNERR,0,45.335,0,29.41,0,2.224,0,93.2,0,7.54,0,55.46,18.45,7.72,0,-78.1,5.23,17.047,0,3.02,0,1.195,1.72,0,6.91
2/28/2026,1:00, ,gtmpiwq_20H100465_020426_050000.bin,Pine Island,GTMNERR,0,45.495,0,29.52,0,2.297,0,93.4,0,7.54,0,54.46,18.11,7.72,0,-78.1,5.24,17.058,0,3.14,0,1.192,1.76,0,7.1
2/28/2026,1:15, ,gtmpiwq_20H100465_020426_050000.bin,Pine Island,GTMNERR,0,45.533,0,29.55,0,2.39,0,93.6,0,7.56,0,54.19,18.02,7.72,0,-78.3,5.25,17.035,0,3.61,0,1.198,1.63,0,6.56
2/28/2026,1:30, ,gtmpiwq_20H100465_020426_050000.bin,Pine Island,GTMNERR,0,45.666,0,29.64,0,2.468,0,94.2,0,7.61,0,53.68,17.85,7.73,0,-78.9,5.24,17.007,0,4.02,0,1.201,1.52,0,6.11
2/28/2026,1:45, ,gtmpiwq_20H100465_020426_050000.bin,Pine Island,GTMNERR,0,45.848,0,29.78,0,2.559,0,94.7,0,7.64,0,52.63,17.5,7.74,0,-79.4,5.24,16.994,0,3.47,0,1.203,1.46,0,5.9
2/28/2026,2:00, ,gtmpiwq_20H100465_020426_050000.bin,Pine Island,GTMNERR,0,46.042,0,29.92,0,2.647,0,95,0,7.67,0,51.47,17.12,7.75,0,-79.9,5.25,16.978,0,4.84,0,1.204,1.58,0,6.38
2/28/2026,2:15, ,gtmpiwq_20H100465_020426_050000.bin,Pine Island,GTMNERR,0,46.113,0,29.97,0,2.731,0,95.6,0,7.72,0,50.94,16.94,7.76,0,-80.3,5.24,16.934,0,4.01,0,1.205,1.46,0,5.88
2/28/2026,2:30, ,gtmpiwq_20H100465_020426_050000.bin,Pine Island,GTMNERR,0,46.313,0,30.11,0,2.817,0,95.6,0,7.72,0,49.4,16.43,7.77,0,-80.7,5.24,16.935,0,4.99,0,1.209,1.6,0,6.43
2/28/2026,2:45, ,gtmpiwq_20H100465_020426_050000.bin,Pine Island,GTMNERR,0,46.472,0,30.23,0,2.9,0,95.7,0,7.72,0,48.41,16.1,7.77,0,-81,5.23,16.909,0,4.3,0,1.208,1.57,0,6.31
2/28/2026,3:00, ,gtmpiwq_20H100465_020426_050000.bin,Pine Island,GTMNERR,0,46.544,0,30.28,0,2.98,0,95.4,0,7.7,0,48.15,16.01,7.77,0,-81.1,5.24,16.894,0,4.27,0,1.21,1.55,0,6.23
2/28/2026,3:15, ,gtmpiwq_20H100465_020426_050000.bin,Pine Island,GTMNERR,0,46.597,0,30.32,0,3.045,0,95.8,0,7.73,0,47.75,15.87,7.78,0,-81.4,5.25,16.867,0,4.85,0,1.212,1.61,0,6.48
2/28/2026,3:30, ,gtmpiwq_20H100465_020426_050000.bin,Pine Island,GTMNERR,0,46.703,0,30.39,0,3.12,0,95.8,0,7.73,0,62.23,20.71,7.78,0,-81.6,5.24,16.837,0,4.74,0,1.202,1.5,0,6.04
2/28/2026,3:45, ,gtmpiwq_20H100465_020426_050000.bin,Pine Island,GTMNERR,0,46.854,0,30.5,0,3.188,0,95.4,0,7.7,0,46.05,15.31,7.78,0,-81.7,5.24,16.804,0,4.26,0,1.197,1.49,0,6.02
2/28/2026,4:00, ,gtmpiwq_20H100465_020426_050000.bin,Pine Island,GTMNERR,0,46.969,0,30.59,0,3.253,0,95.3,0,7.7,0,45.66,15.18,7.79,0,-81.8,5.24,16.768,0,4.13,0,1.196,1.54,0,6.19
2/28/2026,4:15, ,gtmpiwq_20H100465_020426_050000.bin,Pine Island,GTMNERR,0,47.164,0,30.73,0,3.317,0,95.3,0,7.7,0,44.68,14.85,7.79,0,-82.2,5.24,16.708,0,3.73,0,1.203,1.42,0,5.73
2/28/2026,4:30, ,gtmpiwq_20H100465_020426_050000.bin,Pine Island,GTMNERR,0,47.237,0,30.78,0,3.391,0,95.3,0,7.7,0,44.1,14.66,7.8,0,-82.4,5.25,16.685,0,4.22,0,1.204,1.38,0,5.55
2/28/2026,4:45, ,gtmpiwq_20H100465_020426_050000.bin,Pine Island,GTMNERR,0,47.36,0,30.87,0,3.459,0,95.5,0,7.71,0,43.24,14.37,7.8,0,-82.7,5.24,16.636,0,3.7,0,1.204,1.6,0,6.43
2/28/2026,5:00, ,gtmpiwq_20H100465_020426_050000.bin,Pine Island,GTMNERR,0,47.645,0,31.07,0,3.525,0,95.5,0,7.72,0,41.2,13.69,7.81,0,-83.2,5.25,16.544,0,4.02,0,1.208,1.52,0,6.11
2/28/2026,5:15, ,gtmpiwq_20H100465_020426_050000.bin,Pine Island,GTMNERR,0,47.862,0,31.23,0,3.59,0,95.5,0,7.73,0,39.87,13.25,7.82,0,-83.7,5.24,16.463,0,3.74,0,1.202,1.49,0,5.99
2/28/2026,5:30, ,gtmpiwq_20H100465_020426_050000.bin,Pine Island,GTMNERR,0,48.017,0,31.34,0,3.652,0,95.8,0,7.75,0,39.15,13.01,7.82,0,-84.1,5.25,16.403,0,3.78,0,1.192,1.47,0,5.91
2/28/2026,5:45, ,gtmpiwq_20H100465_020426_050000.bin,Pine Island,GTMNERR,0,48.139,0,31.43,0,3.71,0,95.6,0,7.74,0,38.33,12.73,7.83,0,-84.3,5.26,16.372,0,3.95,0,1.193,1.47,0,5.94
2/28/2026,6:00, ,gtmpiwq_20H100465_020426_050000.bin,Pine Island,GTMNERR,0,48.274,0,31.53,0,3.762,0,95.6,0,7.74,0,37.33,12.4,7.83,0,-84.5,5.25,16.329,0,4.4,0,1.203,1.73,0,6.98
2/28/2026,6:15, ,gtmpiwq_20H100465_020426_050000.bin,Pine Island,GTMNERR,0,48.44,0,31.65,0,3.807,0,95.7,0,7.74,0,36,11.96,7.84,0,-84.9,5.25,16.284,0,3.8,0,1.209,1.54,0,6.21
2/28/2026,6:30, ,gtmpiwq_20H100465_020426_050000.bin,Pine Island,GTMNERR,0,48.611,0,31.77,0,3.846,0,95.7,0,7.75,0,35.05,11.64,7.84,0,-85.2,5.24,16.238,0,3.55,0,1.205,1.53,0,6.15
2/28/2026,6:45, ,gtmpiwq_20H100465_020426_050000.bin,Pine Island,GTMNERR,0,48.735,0,31.86,0,3.88,0,95.7,0,7.75,0,34.2,11.35,7.85,0,-85.4,5.25,16.204,0,4.23,0,1.202,1.58,0,6.36
2/28/2026,7:00, ,gtmpiwq_20H100465_020426_050000.bin,Pine Island,GTMNERR,0,49,0,32.05,0,3.91,0,95.8,0,7.76,0,32.61,10.83,7.86,0,-86,5.26,16.133,0,3.17,0,1.202,1.34,0,5.4
2/28/2026,7:15, ,gtmpiwq_20H100465_020426_050000.bin,Pine Island,GTMNERR,0,49.186,0,32.19,0,3.932,0,95.8,0,7.76,0,31.58,10.48,7.86,0,-86.4,5.25,16.084,0,3.62,0,1.202,2.05,0,8.23
2/28/2026,7:30, ,gtmpiwq_20H100465_020426_050000.bin,Pine Island,GTMNERR,0,49.307,0,32.28,0,3.941,0,95.4,0,7.73,0,30.83,10.23,7.87,0,-86.5,5.26,16.039,0,2.54,0,1.199,1.4,0,5.63
2/28/2026,7:45, ,gtmpiwq_20H100465_020426_050000.bin,Pine Island,GTMNERR,0,49.403,0,32.35,0,3.939,0,93.8,0,7.6,0,30.37,10.08,7.87,0,-86.6,5.24,16.009,0,2.78,0,1.201,1.71,0,6.87
2/28/2026,8:00, ,gtmpiwq_20H100465_020426_050000.bin,Pine Island,GTMNERR,0,49.504,0,32.42,0,3.923,0,94.6,0,7.67,0,29.13,9.66,7.87,0,-86.8,5.25,15.983,0,2.63,0,1.202,1.49,0,6.02
2/28/2026,8:15, ,gtmpiwq_20H100465_020426_050000.bin,Pine Island,GTMNERR,0,49.511,0,32.42,0,3.891,0,91.7,0,7.43,0,28.62,9.49,7.86,0,-86.1,5.26,15.981,0,2.56,0,1.195,1.34,0,5.41
2/28/2026,8:30, ,gtmpiwq_20H100465_020426_050000.bin,Pine Island,GTMNERR,0,49.391,0,32.34,0,3.845,0,95.3,0,7.73,0,30.12,9.99,7.87,0,-86.8,5.25,16.008,0,2.03,0,1.197,1.5,0,6.06
2/28/2026,8:45, ,gtmpiwq_20H100465_020426_050000.bin,Pine Island,GTMNERR,0,49.291,0,32.26,0,3.792,0,95.6,0,7.75,0,31.19,10.35,7.87,0,-86.7,5.25,16.04,0,2.79,0,1.192,1.07,0,4.34
2/28/2026,9:00, ,gtmpiwq_20H100465_020426_050000.bin,Pine Island,GTMNERR,0,48.806,0,31.91,0,3.731,0,95.5,0,7.74,0,34.59,11.48,7.85,0,-85.6,5.24,16.146,0,4.45,0,1.199,1.25,0,5.03
2/28/2026,9:15, ,gtmpiwq_20H100465_020426_050000.bin,Pine Island,GTMNERR,0,48.429,0,31.64,0,3.676,0,95.2,0,7.71,0,36.89,12.25,7.84,0,-84.8,5.25,16.256,0,4.07,0,1.205,1.27,0,5.12
2/28/2026,9:30, ,gtmpiwq_20H100465_020426_050000.bin,Pine Island,GTMNERR,0,47.85,0,31.22,0,3.614,0,94.6,0,7.66,0,40.55,13.47,7.82,0,-83.5,5.26,16.395,0,4.31,0,1.21,1.11,0,4.48
2/28/2026,9:45, ,gtmpiwq_20H100465_020426_050000.bin,Pine Island,GTMNERR,0,47.733,0,31.14,0,3.545,0,94.5,0,7.65,0,41.42,13.76,7.81,0,-83.2,5.25,16.443,0,5.06,0,1.205,1.14,0,4.59
2/28/2026,10:00, ,gtmpiwq_20H100465_020426_050000.bin,Pine Island,GTMNERR,0,47.732,0,31.13,0,3.466,0,94.5,0,7.65,0,41.42,13.76,7.81,0,-83.2,5.25,16.449,0,4.72,0,1.192,1.09,0,4.41
2/28/2026,10:15, ,gtmpiwq_20H100465_020426_050000.bin,Pine Island,GTMNERR,0,47.38,0,30.88,0,3.399,0,94.2,0,7.63,0,43.35,14.41,7.8,0,-82.4,5.24,16.525,0,5.13,0,1.195,1.15,0,4.66
2/28/2026,10:30, ,gtmpiwq_20H100465_020426_050000.bin,Pine Island,GTMNERR,0,47.238,0,30.78,0,3.319,0,94.3,0,7.63,0,44.24,14.7,7.79,0,-82.2,5.25,16.583,0,5.52,0,1.211,1.21,0,4.88
2/28/2026,10:45, ,gtmpiwq_20H100465_020426_050000.bin,Pine Island,GTMNERR,0,47,0,30.61,0,3.248,0,94.2,0,7.62,0,45.44,15.1,7.78,0,-81.6,5.25,16.657,0,5.29,0,1.207,1.24,0,5.01
2/28/2026,11:00, ,gtmpiwq_20H100465_020426_050000.bin,Pine Island,GTMNERR,0,46.861,0,30.51,0,3.174,0,94.1,0,7.61,0,46.23,15.37,7.78,0,-81.2,5.24,16.705,0,5.65,0,1.197,1.19,0,4.82
2/28/2026,11:15, ,gtmpiwq_20H100465_020426_050000.bin,Pine Island,GTMNERR,0,46.721,0,30.41,0,3.091,0,93.8,0,7.58,0,47.35,15.74,7.77,0,-80.8,5.25,16.763,0,5.54,0,1.192,1.19,0,4.8
2/28/2026,11:30, ,gtmpiwq_20H100465_020426_050000.bin,Pine Island,GTMNERR,0,46.548,0,30.28,0,3.01,0,93.6,0,7.56,0,48.3,16.06,7.76,0,-80.3,5.23,16.819,0,5.36,0,1.201,1.2,0,4.84
2/28/2026,11:45, ,gtmpiwq_20H100465_020426_050000.bin,Pine Island,GTMNERR,0,46.288,0,30.09,0,2.927,0,93,0,7.51,0,49.66,16.51,7.75,0,-79.5,5.24,16.847,0,6.53,0,1.212,1.3,0,5.24
2/28/2026,12:00, ,gtmpiwq_20H100465_020426_050000.bin,Pine Island,GTMNERR,0,46.138,0,29.98,0,2.841,0,93.1,0,7.53,0,50.71,16.86,7.74,0,-79.3,5.25,16.875,0,6.76,0,1.211,1.35,0,5.45
2/28/2026,12:15, ,gtmpiwq_20H100465_020426_050000.bin,Pine Island,GTMNERR,0,46.057,0,29.93,0,2.754,0,93.2,0,7.53,0,51.37,17.08,7.74,0,-79,5.23,16.894,0,5.82,0,1.2,1.39,0,5.59
2/28/2026,12:30, ,gtmpiwq_20H100465_020426_050000.bin,Pine Island,GTMNERR,0,45.928,0,29.83,0,2.662,0,93,0,7.52,0,52.29,17.39,7.73,0,-78.6,5.24,16.922,0,5.05,0,1.193,1.31,0,5.29
2/28/2026,12:45, ,gtmpiwq_20H100465_020426_050000.bin,Pine Island,GTMNERR,0,45.774,0,29.72,0,2.587,0,92.8,0,7.5,0,53.15,17.68,7.72,0,-78.2,5.23,16.947,0,5.09,0,1.197,1.47,0,5.92
2/28/2026,13:00, ,gtmpiwq_20H100465_020426_050000.bin,Pine Island,GTMNERR,0,45.676,0,29.65,0,2.52,0,92.4,0,7.47,0,53.82,17.9,7.71,0,-77.6,5.24,16.976,0,5.37,0,1.195,1.58,0,6.35
2/28/2026,13:15, ,gtmpiwq_20H100465_020426_050000.bin,Pine Island,GTMNERR,0,45.504,0,29.53,0,2.471,0,91.9,0,7.43,0,53.84,17.91,7.7,0,-76.9,5.25,17.01,0,5.89,0,1.192,1.68,0,6.77
2/28/2026,13:30, ,gtmpiwq_20H100465_020426_050000.bin,Pine Island,GTMNERR,0,45.406,0,29.46,0,2.447,0,91.8,0,7.42,0,55.33,18.41,7.69,0,-76.4,5.23,17.065,0,4.9,0,1.198,1.57,0,6.31
2/28/2026,13:45, ,gtmpiwq_20H100465_020426_050000.bin,Pine Island,GTMNERR,0,45.341,0,29.41,0,2.478,0,90.2,0,7.29,0,54.61,18.16,7.68,0,-75.9,5.24,17.086,0,4.83,0,1.206,1.71,0,6.88
2/28/2026,14:00, ,gtmpiwq_20H100465_020426_050000.bin,Pine Island,GTMNERR,0,45.325,0,29.4,0,2.541,0,90.9,0,7.35,0,55.8,18.56,7.68,0,-75.6,5.22,17.086,0,3.27,0,1.201,1.62,0,6.53
2/28/2026,14:15, ,gtmpiwq_20H100465_020426_050000.bin,Pine Island,GTMNERR,0,45.713,0,29.68,0,2.612,0,92.1,0,7.44,0,53.92,17.94,7.7,0,-76.8,5.24,17.044,0,4.17,0,1.201,1.46,0,5.9
2/28/2026,14:30, ,gtmpiwq_20H100465_020426_050000.bin,Pine Island,GTMNERR,0,45.799,0,29.74,0,2.687,0,92.6,0,7.47,0,53.36,17.75,7.7,0,-76.9,5.25,17.038,0,4.88,0,1.201,1.43,0,5.75
2/28/2026,14:45, ,gtmpiwq_20H100465_020426_050000.bin,Pine Island,GTMNERR,0,45.909,0,29.82,0,2.763,0,93.4,0,7.54,0,52.3,17.39,7.71,0,-77.6,5.23,17.019,0,5.44,0,1.203,1.47,0,5.94
2/28/2026,15:00, ,gtmpiwq_20H100465_020426_050000.bin,Pine Island,GTMNERR,0,46.009,0,29.89,0,2.839,0,94,0,7.58,0,51.43,17.1,7.72,0,-78.3,5.24,17.011,0,6.09,0,1.203,1.56,0,6.27
2/28/2026,15:15, ,gtmpiwq_20H100465_020426_050000.bin,Pine Island,GTMNERR,0,46.253,0,30.07,0,2.91,0,94.7,0,7.63,0,50.4,16.76,7.74,0,-79,5.24,17.002,0,4.97,0,1.201,1.58,0,6.37
2/28/2026,15:30, ,gtmpiwq_20H100465_020426_050000.bin,Pine Island,GTMNERR,0,46.455,0,30.21,0,2.982,0,94.9,0,7.64,0,49.42,16.43,7.74,0,-79.4,5.22,16.991,0,5.99,0,1.201,1.5,0,6.03
2/28/2026,15:45, ,gtmpiwq_20H100465_020426_050000.bin,Pine Island,GTMNERR,0,46.547,0,30.28,0,3.049,0,94.9,0,7.64,0,47.97,15.95,7.75,0,-79.7,5.23,16.973,0,7.01,0,1.202,1.7,0,6.83
2/28/2026,16:00, ,gtmpiwq_20H100465_020426_050000.bin,Pine Island,GTMNERR,0,46.74,0,30.42,0,3.114,0,95.5,0,7.69,0,47.39,15.75,7.76,0,-80.3,5.24,16.962,0,5.57,0,1.202,1.63,0,6.56
2/28/2026,16:15, ,gtmpiwq_20H100465_020426_050000.bin,Pine Island,GTMNERR,0,46.827,0,30.48,0,3.18,0,95.3,0,7.67,0,47.03,15.64,7.76,0,-80.2,5.23,16.966,0,4.73,0,1.203,1.47,0,5.92
2/28/2026,16:30, ,gtmpiwq_20H100465_020426_050000.bin,Pine Island,GTMNERR,0,46.848,0,30.5,0,3.244,0,95.7,0,7.7,0,46.34,15.41,7.76,0,-80.6,5.23,16.94,0,6.04,0,1.203,1.8,0,7.26
2/28/2026,16:45, ,gtmpiwq_20H100465_020426_050000.bin,Pine Island,GTMNERR,0,46.947,0,30.57,0,3.309,0,95.7,0,7.7,0,46.05,15.31,7.76,0,-80.6,5.24,16.936,0,4.96,0,1.202,1.61,0,6.48
2/28/2026,17:00, ,gtmpiwq_20H100465_020426_050000.bin,Pine Island,GTMNERR,0,47.105,0,30.68,0,3.365,0,96.1,0,7.73,0,45.44,15.11,7.77,0,-81.1,5.24,16.912,0,4.65,0,1.202,1.69,0,6.79
2/28/2026,17:15, ,gtmpiwq_20H100465_020426_050000.bin,Pine Island,GTMNERR,0,47.249,0,30.79,0,3.429,0,96.3,0,7.75,0,44.51,14.79,7.78,0,-81.6,5.24,16.855,0,4.77,0,1.203,1.72,0,6.91
2/28/2026,17:30, ,gtmpiwq_20H100465_020426_050000.bin,Pine Island,GTMNERR,0,47.457,0,30.94,0,3.487,0,96.7,0,7.78,0,43.12,14.33,7.79,0,-82,5.25,16.799,0,4.16,0,1.206,1.7,0,6.83
2/28/2026,17:45, ,gtmpiwq_20H100465_020426_050000.bin,Pine Island,GTMNERR,0,47.565,0,31.02,0,3.549,0,96.7,0,7.78,0,42.41,14.09,7.79,0,-82.3,5.23,16.781,0,4.62,0,1.207,1.84,0,7.42
2/28/2026,18:00, ,gtmpiwq_20H100465_020426_050000.bin,Pine Island,GTMNERR,0,47.734,0,31.14,0,3.604,0,97.5,0,7.84,0,41.58,13.82,7.8,0,-82.9,5.24,16.755,0,3.59,0,1.207,1.94,0,7.81
2/28/2026,18:15, ,gtmpiwq_20H100465_020426_050000.bin,Pine Island,GTMNERR,0,47.785,0,31.18,0,3.661,0,97.3,0,7.83,0,40.51,13.46,7.81,0,-83.3,5.25,16.739,0,3.96,0,1.208,2.05,0,8.24
2/28/2026,18:30, ,gtmpiwq_20H100465_020426_050000.bin,Pine Island,GTMNERR,0,48.035,0,31.36,0,3.709,0,98,0,7.88,0,39.63,13.17,7.82,0,-83.7,5.24,16.694,0,3.78,0,1.209,2.36,0,9.5
2/28/2026,18:45, ,gtmpiwq_20H100465_020426_050000.bin,Pine Island,GTMNERR,0,48.107,0,31.41,0,3.75,0,97.2,0,7.82,0,38.95,12.94,7.82,0,-83.7,5.25,16.669,0,4.07,0,1.198,1.89,0,7.6
2/28/2026,19:00, ,gtmpiwq_20H100465_020426_050000.bin,Pine Island,GTMNERR,0,48.112,0,31.41,0,3.784,0,97,0,7.81,0,38.69,12.85,7.82,0,-83.6,5.23,16.624,0,3.73,0,1.194,1.55,0,6.24
2/28/2026,19:15, ,gtmpiwq_20H100465_020426_050000.bin,Pine Island,GTMNERR,0,48.23,0,31.5,0,3.813,0,96.2,0,7.75,0,37.7,12.52,7.82,0,-83.8,5.24,16.565,0,4.46,0,1.197,2.01,0,8.08
2/28/2026,19:30, ,gtmpiwq_20H100465_020426_050000.bin,Pine Island,GTMNERR,0,48.364,0,31.6,0,3.831,0,95.7,0,7.72,0,37.44,12.44,7.82,0,-83.9,5.25,16.519,0,3.65,0,1.204,1.99,0,8
2/28/2026,19:45, ,gtmpiwq_20H100465_020426_050000.bin,Pine Island,GTMNERR,0,48.443,0,31.65,0,3.84,0,95.1,0,7.67,0,36.14,12,7.82,0,-83.8,5.24,16.5,0,3.41,0,1.211,1.66,0,6.69
2/28/2026,20:00, ,gtmpiwq_20H100465_020426_050000.bin,Pine Island,GTMNERR,0,48.488,0,31.69,0,3.839,0,94.5,0,7.62,0,36.17,12.01,7.82,0,-84,5.25,16.49,0,2.4,0,1.207,1.89,0,7.6
2/28/2026,20:15, ,gtmpiwq_20H100465_020426_050000.bin,Pine Island,GTMNERR,0,48.502,0,31.7,0,3.821,0,92.2,0,7.43,0,34.8,11.56,7.81,0,-83.5,5.23,16.482,0,2.76,0,1.193,2.2,0,8.85
2/28/2026,20:30, ,gtmpiwq_20H100465_020426_050000.bin,Pine Island,GTMNERR,0,48.493,0,31.69,0,3.784,0,94.3,0,7.6,0,35.69,11.85,7.83,0,-84.3,5.24,16.481,0,2.81,0,1.194,1.97,0,7.93
2/28/2026,20:45, ,gtmpiwq_20H100465_020426_050000.bin,Pine Island,GTMNERR,0,48.363,0,31.59,0,3.735,0,95.8,0,7.73,0,36.99,12.28,7.82,0,-83.9,5.25,16.512,0,3.42,0,1.196,1.84,0,7.42
2/28/2026,21:00, ,gtmpiwq_20H100465_020426_050000.bin,Pine Island,GTMNERR,0,48.172,0,31.46,0,3.681,0,96.1,0,7.75,0,37.97,12.61,7.82,0,-83.7,5.24,16.544,0,4.09,0,1.202,1.82,0,7.34
2/28/2026,21:15, ,gtmpiwq_20H100465_020426_050000.bin,Pine Island,GTMNERR,0,47.923,0,31.28,0,3.624,0,96.5,0,7.77,0,40,13.29,7.81,0,-83.2,5.25,16.633,0,4.15,0,1.202,1.99,0,7.99
2/28/2026,21:30, ,gtmpiwq_20H100465_020426_050000.bin,Pine Island,GTMNERR,0,47.617,0,31.05,0,3.565,0,96.2,0,7.75,0,42.01,13.96,7.8,0,-82.5,5.23,16.729,0,3.96,0,1.203,2.03,0,8.18
2/28/2026,21:45, ,gtmpiwq_20H100465_020426_050000.bin,Pine Island,GTMNERR,0,47.276,0,30.81,0,3.502,0,96.1,0,7.74,0,44.31,14.73,7.78,0,-81.7,5.24,16.819,0,3.94,0,1.202,1.91,0,7.68
2/28/2026,22:00, ,gtmpiwq_20H100465_020426_050000.bin,Pine Island,GTMNERR,0,47.271,0,30.8,0,3.425,0,95.6,0,7.7,0,44.48,14.78,7.78,0,-81.5,5.25,16.82,0,3.61,0,1.21,1.65,0,6.66
2/28/2026,22:15, ,gtmpiwq_20H100465_020426_050000.bin,Pine Island,GTMNERR,0,47.223,0,30.77,0,3.352,0,95.4,0,7.68,0,44.45,14.78,7.78,0,-81.2,5.24,16.831,0,4.16,0,1.204,1.98,0,7.96
2/28/2026,22:30, ,gtmpiwq_20H100465_020426_050000.bin,Pine Island,GTMNERR,0,46.985,0,30.6,0,3.276,0,95.1,0,7.66,0,45.87,15.25,7.77,0,-80.7,5.25,16.876,0,5,0,1.202,1.9,0,7.65
2/28/2026,22:45, ,gtmpiwq_20H100465_020426_050000.bin,Pine Island,GTMNERR,0,46.846,0,30.5,0,3.198,0,95.3,0,7.67,0,46.63,15.5,7.76,0,-80.4,5.23,16.925,0,5.08,0,1.2,1.85,0,7.46
2/28/2026,23:00, ,gtmpiwq_20H100465_020426_050000.bin,Pine Island,GTMNERR,0,46.64,0,30.35,0,3.113,0,95.1,0,7.66,0,47.61,15.83,7.75,0,-80,5.24,16.956,0,5.44,0,1.199,1.82,0,7.31
2/28/2026,23:15, ,gtmpiwq_20H100465_020426_050000.bin,Pine Island,GTMNERR,0,46.563,0,30.29,0,3.026,0,94.8,0,7.64,0,48.08,15.99,7.74,0,-79.3,5.25,16.958,0,5.24,0,1.195,1.8,0,7.25
2/28/2026,23:30, ,gtmpiwq_20H100465_020426_050000.bin,Pine Island,GTMNERR,0,46.45,0,30.21,0,2.945,0,94.2,0,7.59,0,49.19,16.35,7.74,0,-79.3,5.23,16.973,0,5.45,0,1.194,1.57,0,6.31
2/28/2026,23:45, ,gtmpiwq_20H100465_020426_050000.bin,Pine Island,GTMNERR,0,46.247,0,30.06,0,2.855,0,93.8,0,7.56,0,50.11,16.66,7.73,0,-78.7,5.25,16.987,0,5.3,0,1.195,1.64,0,6.6
3/1/2026,0:00, ,gtmpiwq_20H100465_020426_050000.bin,Pine Island,GTMNERR,0,46.015,0,29.9,0,2.755,0,93.1,0,7.51,0,51.24,17.04,7.72,0,-77.8,5.23,17.004,0,5.21,0,1.194,1.7,0,6.86
3/1/2026,0:15, ,gtmpiwq_20H100465_020426_050000.bin,Pine Island,GTMNERR,0,45.798,0,29.74,0,2.664,0,92.2,0,7.45,0,53.21,17.7,7.7,0,-77,5.24,17.012,0,6.14,0,1.193,1.51,0,6.07
3/1/2026,0:30, ,gtmpiwq_20H100465_020426_050000.bin,Pine Island,GTMNERR,0,45.562,0,29.57,0,2.57,0,91.4,0,7.39,0,54.24,18.04,7.69,0,-76.1,5.24,17.006,0,5.83,0,1.199,1.89,0,7.6
3/1/2026,0:45, ,gtmpiwq_20H100465_020426_050000.bin,Pine Island,GTMNERR,0,45.361,0,29.42,0,2.491,0,90.4,0,7.31,0,55.88,18.59,7.67,0,-75.1,5.23,16.984,0,6.04,0,1.205,1.96,0,7.87
3/1/2026,1:00, ,gtmpiwq_20H100465_020426_050000.bin,Pine Island,GTMNERR,0,45.154,0,29.27,0,2.42,0,89.7,0,7.26,0,57.2,19.03,7.66,0,-74.6,5.24,16.99,0,5.09,0,1.209,1.89,0,7.62
3/1/2026,1:15, ,gtmpiwq_20H100465_020426_050000.bin,Pine Island,GTMNERR,0,44.964,0,29.14,0,2.362,0,89.3,0,7.24,0,58.51,19.47,7.66,0,-74.2,5.22,17.002,0,5.38,0,1.201,1.86,0,7.48
3/1/2026,1:30, ,gtmpiwq_20H100465_020426_050000.bin,Pine Island,GTMNERR,0,44.856,0,29.06,0,2.337,0,88.6,0,7.19,0,59.53,19.81,7.65,0,-73.7,5.23,17.001,0,5.4,0,1.2,1.87,0,7.53
3/1/2026,1:45, ,gtmpiwq_20H100465_020426_050000.bin,Pine Island,GTMNERR,0,44.767,0,29,0,2.336,0,86.2,0,6.99,0,59.68,19.85,7.64,0,-73.2,5.24,17.001,0,3.78,0,1.205,2.04,0,8.19
3/1/2026,2:00, ,gtmpiwq_20H100465_020426_050000.bin,Pine Island,GTMNERR,0,44.681,0,28.93,0,2.381,0,86.6,0,7.03,0,59.89,19.92,7.64,0,-73.1,5.23,17.001,0,3.94,0,1.202,1.8,0,7.26
3/1/2026,2:15, ,gtmpiwq_20H100465_020426_050000.bin,Pine Island,GTMNERR,0,45.156,0,29.28,0,2.458,0,88.6,0,7.18,0,58.34,19.41,7.65,0,-73.8,5.24,16.927,0,3.79,0,1.201,1.76,0,7.1
3/1/2026,2:30, ,gtmpiwq_20H100465_020426_050000.bin,Pine Island,GTMNERR,0,45.334,0,29.4,0,2.538,0,88.3,0,7.16,0,56.52,18.8,7.66,0,-74.6,5.22,16.912,0,4.31,0,1.2,1.92,0,7.71
3/1/2026,2:45, ,gtmpiwq_20H100465_020426_050000.bin,Pine Island,GTMNERR,0,45.445,0,29.48,0,2.62,0,89.6,0,7.26,0,55.91,18.6,7.67,0,-75.1,5.23,16.899,0,5.91,0,1.198,1.78,0,7.15
3/1/2026,3:00, ,gtmpiwq_20H100465_020426_050000.bin,Pine Island,GTMNERR,0,45.677,0,29.65,0,2.707,0,89.9,0,7.29,0,55.11,18.33,7.68,0,-75.6,5.24,16.837,0,5.36,0,1.198,1.73,0,6.97
3/1/2026,3:15, ,gtmpiwq_20H100465_020426_050000.bin,Pine Island,GTMNERR,0,45.896,0,29.81,0,2.795,0,90.5,0,7.33,0,53.85,17.91,7.69,0,-76.3,5.23,16.823,0,4.89,0,1.202,1.54,0,6.2
3/1/2026,3:30, ,gtmpiwq_20H100465_020426_050000.bin,Pine Island,GTMNERR,0,46.158,0,30,0,2.881,0,91.2,0,7.38,0,52.08,17.32,7.71,0,-77.1,5.24,16.808,0,5.23,0,1.203,1.64,0,6.62
3/1/2026,3:45, ,gtmpiwq_20H100465_020426_050000.bin,Pine Island,GTMNERR,0,46.497,0,30.24,0,2.959,0,90.9,0,7.36,0,50.12,16.66,7.71,0,-77.6,5.22,16.721,0,5.52,0,1.203,1.64,0,6.62
3/1/2026,4:00, ,gtmpiwq_20H100465_020426_050000.bin,Pine Island,GTMNERR,0,46.591,0,30.31,0,3.042,0,91.3,0,7.39,0,49.98,16.62,7.72,0,-78.1,5.23,16.712,0,4.95,0,1.203,1.59,0,6.42
3/1/2026,4:15, ,gtmpiwq_20H100465_020426_050000.bin,Pine Island,GTMNERR,0,46.778,0,30.45,0,3.117,0,91.2,0,7.38,0,48.65,16.17,7.73,0,-78.3,5.25,16.667,0,5.29,0,1.205,1.57,0,6.33
3/1/2026,4:30, ,gtmpiwq_20H100465_020426_050000.bin,Pine Island,GTMNERR,0,46.842,0,30.49,0,3.194,0,91.4,0,7.4,0,48.54,16.14,7.73,0,-78.6,5.23,16.669,0,6.04,0,1.205,1.54,0,6.22
3/1/2026,4:45, ,gtmpiwq_20H100465_020426_050000.bin,Pine Island,GTMNERR,0,46.991,0,30.6,0,3.269,0,92,0,7.44,0,47.32,15.73,7.74,0,-79.2,5.24,16.65,0,5.57,0,1.207,1.65,0,6.63
3/1/2026,5:00, ,gtmpiwq_20H100465_020426_050000.bin,Pine Island,GTMNERR,0,47.08,0,30.66,0,3.346,0,91.9,0,7.43,0,46.42,15.43,7.74,0,-79.3,5.22,16.632,0,6.61,0,1.206,1.91,0,7.69
3/1/2026,5:15, ,gtmpiwq_20H100465_020426_050000.bin,Pine Island,GTMNERR,0,47.272,0,30.8,0,3.415,0,92.2,0,7.46,0,45.48,15.12,7.75,0,-79.8,5.24,16.58,0,5.44,0,1.208,1.7,0,6.85
3/1/2026,5:30, ,gtmpiwq_20H100465_020426_050000.bin,Pine Island,GTMNERR,0,47.436,0,30.92,0,3.487,0,92.5,0,7.49,0,44.37,14.75,7.76,0,-80.4,5.25,16.52,0,5.61,0,1.208,1.57,0,6.31
3/1/2026,5:45, ,gtmpiwq_20H100465_020426_050000.bin,Pine Island,GTMNERR,0,47.527,0,30.99,0,3.563,0,92.6,0,7.5,0,43.9,14.59,7.77,0,-80.6,5.23,16.49,0,5.4,0,1.209,1.59,0,6.39
3/1/2026,6:00, ,gtmpiwq_20H100465_020426_050000.bin,Pine Island,GTMNERR,0,47.81,0,31.19,0,3.63,0,92.9,0,7.53,0,42.07,13.98,7.78,0,-81.4,5.26,16.389,0,4.32,0,1.211,1.48,0,5.98
3/1/2026,6:15, ,gtmpiwq_20H100465_020426_050000.bin,Pine Island,GTMNERR,0,47.957,0,31.3,0,3.698,0,92.7,0,7.51,0,40.85,13.57,7.78,0,-81.5,5.23,16.364,0,5.36,0,1.204,1.57,0,6.32
3/1/2026,6:30, ,gtmpiwq_20H100465_020426_050000.bin,Pine Island,GTMNERR,0,48.08,0,31.39,0,3.76,0,92.5,0,7.5,0,40.23,13.37,7.79,0,-81.8,5.24,16.317,0,4.71,0,1.202,1.52,0,6.11
3/1/2026,6:45, ,gtmpiwq_20H100465_020426_050000.bin,Pine Island,GTMNERR,0,48.208,0,31.48,0,3.818,0,92.5,0,7.5,0,39.32,13.06,7.79,0,-82.1,5.25,16.283,0,5.52,0,1.204,1.45,0,5.83
3/1/2026,7:00, ,gtmpiwq_20H100465_020426_050000.bin,Pine Island,GTMNERR,0,48.398,0,31.62,0,3.867,0,92.7,0,7.51,0,38.26,12.71,7.8,0,-82.7,5.23,16.212,0,5.2,0,1.21,1.44,0,5.82
3/1/2026,7:15, ,gtmpiwq_20H100465_020426_050000.bin,Pine Island,GTMNERR,0,48.638,0,31.79,0,3.908,0,93,0,7.54,0,37.32,12.4,7.81,0,-83.3,5.24,16.157,0,5.3,0,1.203,1.34,0,5.41
3/1/2026,7:30, ,gtmpiwq_20H100465_020426_050000.bin,Pine Island,GTMNERR,0,48.882,0,31.97,0,3.948,0,93.1,0,7.55,0,34.69,11.52,7.82,0,-83.9,5.25,16.085,0,4.7,0,1.202,1.24,0,5.02
3/1/2026,7:45, ,gtmpiwq_20H100465_020426_050000.bin,Pine Island,GTMNERR,0,49.036,0,32.08,0,3.982,0,93.2,0,7.56,0,33.67,11.18,7.83,0,-84.2,5.23,16.054,0,5.16,0,1.198,1.29,0,5.22
3/1/2026,8:00, ,gtmpiwq_20H100465_020426_050000.bin,Pine Island,GTMNERR,0,49.299,0,32.27,0,4.012,0,93.4,0,7.58,0,31.9,10.59,7.84,0,-85,5.24,15.983,0,4.21,0,1.205,1.32,0,5.33
3/1/2026,8:15, ,gtmpiwq_20H100465_020426_050000.bin,Pine Island,GTMNERR,0,49.441,0,32.37,0,4.031,0,93.1,0,7.56,0,31.02,10.29,7.85,0,-85.3,5.25,15.944,0,4.02,0,1.209,1.92,0,7.74
3/1/2026,8:30, ,gtmpiwq_20H100465_020426_050000.bin,Pine Island,GTMNERR,0,49.522,0,32.43,0,4.038,0,92.6,0,7.51,0,30.4,10.09,7.85,0,-85.6,5.23,15.925,0,3.77,0,1.201,1.48,0,5.97
3/1/2026,8:45, ,gtmpiwq_20H100465_020426_050000.bin,Pine Island,GTMNERR,0,49.629,0,32.51,0,4.035,0,91.4,0,7.42,0,29.25,9.7,7.85,0,-85.5,5.25,15.9,0,3.44,0,1.199,1.37,0,5.54
3/1/2026,9:00, ,gtmpiwq_20H100465_020426_050000.bin,Pine Island,GTMNERR,0,49.673,0,32.54,0,4.013,0,89.6,0,7.27,0,28.42,9.43,7.85,0,-85.3,5.23,15.89,0,2.84,0,1.201,1.24,0,5
3/1/2026,9:15, ,gtmpiwq_20H100465_020426_050000.bin,Pine Island,GTMNERR,0,49.696,0,32.56,0,3.972,0,88.5,0,7.18,0,28.81,9.56,7.85,0,-85.6,5.24,15.888,0,2.87,0,1.195,1.53,0,6.15
3/1/2026,9:30, ,gtmpiwq_20H100465_020426_050000.bin,Pine Island,GTMNERR,0,49.574,0,32.47,0,3.92,0,93,0,7.55,0,30.01,9.96,7.85,0,-85.6,5.25,15.916,0,2.68,0,1.203,1.42,0,5.74
3/1/2026,9:45, ,gtmpiwq_20H100465_020426_050000.bin,Pine Island,GTMNERR,0,49.422,0,32.36,0,3.865,0,93.5,0,7.59,0,31.42,10.43,7.85,0,-85.3,5.23,15.961,0,4.72,0,1.202,1.29,0,5.19
3/1/2026,10:00, ,gtmpiwq_20H100465_020426_050000.bin,Pine Island,GTMNERR,0,49.047,0,32.09,0,3.808,0,93.8,0,7.6,0,34.46,11.44,7.83,0,-84.5,5.24,16.078,0,4.2,0,1.201,1.23,0,4.97
3/1/2026,10:15, ,gtmpiwq_20H100465_020426_050000.bin,Pine Island,GTMNERR,0,48.665,0,31.81,0,3.753,0,93.3,0,7.56,0,37.18,12.35,7.81,0,-83.4,5.22,16.159,0,5.36,0,1.201,1.24,0,5.02
3/1/2026,10:30, ,gtmpiwq_20H100465_020426_050000.bin,Pine Island,GTMNERR,0,48.082,0,31.39,0,3.689,0,93,0,7.54,0,40.88,13.58,7.79,0,-82.1,5.24,16.303,0,5.27,0,1.202,1.27,0,5.11
3/1/2026,10:45, ,gtmpiwq_20H100465_020426_050000.bin,Pine Island,GTMNERR,0,47.888,0,31.25,0,3.618,0,93.1,0,7.53,0,42.52,14.13,7.78,0,-81.5,5.25,16.43,0,4.5,0,1.202,1.16,0,4.68
3/1/2026,11:00, ,gtmpiwq_20H100465_020426_050000.bin,Pine Island,GTMNERR,0,47.843,0,31.22,0,3.547,0,92.9,0,7.52,0,42.79,14.22,7.78,0,-81.4,5.23,16.439,0,5.2,0,1.2,1.16,0,4.69
3/1/2026,11:15, ,gtmpiwq_20H100465_020426_050000.bin,Pine Island,GTMNERR,0,47.512,0,30.98,0,3.459,0,92.7,0,7.5,0,43.82,14.56,7.76,0,-80.5,5.24,16.511,0,5.69,0,1.199,1.32,0,5.33
3/1/2026,11:30, ,gtmpiwq_20H100465_020426_050000.bin,Pine Island,GTMNERR,0,47.395,0,30.89,0,3.378,0,92.8,0,7.51,0,44.35,14.74,7.76,0,-80.2,5.22,16.584,0,6.03,0,1.197,1.39,0,5.62
3/1/2026,11:45, ,gtmpiwq_20H100465_020426_050000.bin,Pine Island,GTMNERR,0,47.168,0,30.73,0,3.293,0,93,0,7.52,0,45.51,15.13,7.75,0,-79.7,5.23,16.677,0,5.59,0,1.193,1.85,0,7.46
3/1/2026,12:00, ,gtmpiwq_20H100465_020426_050000.bin,Pine Island,GTMNERR,0,47.028,0,30.63,0,3.209,0,92.8,0,7.49,0,46.58,15.48,7.74,0,-79.1,5.24,16.726,0,5.96,0,1.193,1.42,0,5.73
3/1/2026,12:15, ,gtmpiwq_20H100465_020426_050000.bin,Pine Island,GTMNERR,0,46.869,0,30.51,0,3.121,0,92.6,0,7.48,0,47.09,15.65,7.73,0,-78.7,5.22,16.802,0,7.42,0,1.193,1.35,0,5.45
3/1/2026,12:30, ,gtmpiwq_20H100465_020426_050000.bin,Pine Island,GTMNERR,0,46.625,0,30.34,0,3.026,0,92.6,0,7.47,0,48.44,16.11,7.72,0,-78.2,5.24,16.885,0,5.82,0,1.2,1.45,0,5.83
3/1/2026,12:45, ,gtmpiwq_20H100465_020426_050000.bin,Pine Island,GTMNERR,0,46.319,0,30.12,0,2.932,0,92.6,0,7.46,0,50.34,16.74,7.71,0,-77.6,5.22,16.979,0,6.5,0,1.207,1.8,0,7.23
3/1/2026,13:00, ,gtmpiwq_20H100465_020426_050000.bin,Pine Island,GTMNERR,0,46.203,0,30.03,0,2.836,0,93.3,0,7.51,0,51.35,17.08,7.71,0,-77.4,5.22,17.099,0,6.1,0,1.211,1.54,0,6.21
3/1/2026,13:15, ,gtmpiwq_20H100465_020426_050000.bin,Pine Island,GTMNERR,0,46.047,0,29.92,0,2.732,0,93.4,0,7.51,0,51.8,17.23,7.7,0,-76.8,5.24,17.174,0,5.18,0,1.208,1.44,0,5.8
3/1/2026,13:30, ,gtmpiwq_20H100465_020426_050000.bin,Pine Island,GTMNERR,0,45.881,0,29.8,0,2.639,0,93.6,0,7.51,0,52.7,17.53,7.7,0,-76.6,5.22,17.279,0,5.28,0,1.202,1.47,0,5.94
3/1/2026,13:45, ,gtmpiwq_20H100465_020426_050000.bin,Pine Island,GTMNERR,0,45.727,0,29.69,0,2.55,0,93.9,0,7.53,0,53.6,17.83,7.69,0,-76.3,5.23,17.396,0,5.11,0,1.201,1.59,0,6.39
3/1/2026,14:00, ,gtmpiwq_20H100465_020426_050000.bin,Pine Island,GTMNERR,0,45.593,0,29.6,0,2.477,0,94.2,0,7.54,0,54.19,18.02,7.68,0,-75.8,5.21,17.521,0,4.88,0,1.204,1.52,0,6.11
3/1/2026,14:15, ,gtmpiwq_20H100465_020426_050000.bin,Pine Island,GTMNERR,0,45.415,0,29.47,0,2.426,0,94.6,0,7.56,0,55.39,18.43,7.67,0,-75.4,5.22,17.627,0,4.97,0,1.2,1.64,0,6.59
3/1/2026,14:30, ,gtmpiwq_20H100465_020426_050000.bin,Pine Island,GTMNERR,0,45.302,0,29.39,0,2.397,0,94.6,0,7.55,0,55.56,18.48,7.67,0,-75.2,5.23,17.742,0,4.51,0,1.198,1.77,0,7.11
3/1/2026,14:45, ,gtmpiwq_20H100465_020426_050000.bin,Pine Island,GTMNERR,0,45.219,0,29.33,0,2.412,0,92,0,7.33,0,55.2,18.36,7.66,0,-74.3,5.21,17.798,0,4.21,0,1.194,1.81,0,7.27
3/1/2026,15:00, ,gtmpiwq_20H100465_020426_050000.bin,Pine Island,GTMNERR,0,45.143,0,29.27,0,2.474,0,93.9,0,7.49,0,56.59,18.82,7.66,0,-74.5,5.22,17.802,0,2.91,0,1.195,2.03,0,8.16
3/1/2026,15:15, ,gtmpiwq_20H100465_020426_050000.bin,Pine Island,GTMNERR,0,45.613,0,29.61,0,2.548,0,95.9,0,7.63,0,54.55,18.14,7.67,0,-75.3,5.2,17.835,0,4.48,0,1.195,1.5,0,6.03
3/1/2026,15:30, ,gtmpiwq_20H100465_020426_050000.bin,Pine Island,GTMNERR,0,45.718,0,29.69,0,2.634,0,96,0,7.64,0,53.23,17.7,7.68,0,-75.8,5.21,17.779,0,4.94,0,1.201,1.66,0,6.69
3/1/2026,15:45, ,gtmpiwq_20H100465_020426_050000.bin,Pine Island,GTMNERR,0,45.88,0,29.8,0,2.721,0,96.4,0,7.68,0,52.67,17.52,7.7,0,-76.6,5.23,17.67,0,4.67,0,1.207,1.65,0,6.65
3/1/2026,16:00, ,gtmpiwq_20H100465_020426_050000.bin,Pine Island,GTMNERR,0,45.951,0,29.85,0,2.807,0,96.5,0,7.7,0,52.13,17.34,7.7,0,-76.9,5.21,17.62,0,5.9,0,1.204,1.79,0,7.19
3/1/2026,16:15, ,gtmpiwq_20H100465_020426_050000.bin,Pine Island,GTMNERR,0,46.197,0,30.03,0,2.883,0,97.1,0,7.74,0,51.2,17.03,7.71,0,-77.5,5.23,17.624,0,4.79,0,1.201,1.7,0,6.84
3/1/2026,16:30, ,gtmpiwq_20H100465_020426_050000.bin,Pine Island,GTMNERR,0,46.527,0,30.27,0,2.963,0,97.9,0,7.78,0,49.3,16.39,7.73,0,-78.5,5.21,17.647,0,5.08,0,1.198,1.59,0,6.4
3/1/2026,16:45, ,gtmpiwq_20H100465_020426_050000.bin,Pine Island,GTMNERR,0,46.563,0,30.3,0,3.047,0,97.5,0,7.76,0,48.65,16.17,7.73,0,-78.7,5.22,17.557,0,6.91,0,1.195,1.78,0,7.14
3/1/2026,17:00, ,gtmpiwq_20H100465_020426_050000.bin,Pine Island,GTMNERR,0,46.798,0,30.47,0,3.121,0,98,0,7.79,0,47.73,15.87,7.73,0,-78.9,5.23,17.597,0,5.36,0,1.193,1.71,0,6.9
3/1/2026,17:15, ,gtmpiwq_20H100465_020426_050000.bin,Pine Island,GTMNERR,0,46.829,0,30.49,0,3.191,0,97.6,0,7.77,0,47.76,15.88,7.74,0,-79,5.22,17.519,0,4.66,0,1.194,1.83,0,7.37
3/1/2026,17:30, ,gtmpiwq_20H100465_020426_050000.bin,Pine Island,GTMNERR,0,46.854,0,30.51,0,3.261,0,97,0,7.74,0,47.9,15.92,7.74,0,-79.2,5.23,17.369,0,4.63,0,1.206,2.03,0,8.16
3/1/2026,17:45, ,gtmpiwq_20H100465_020426_050000.bin,Pine Island,GTMNERR,0,47.135,0,30.71,0,3.323,0,97.9,0,7.79,0,46.28,15.38,7.74,0,-79.5,5.22,17.507,0,4.56,0,1.202,1.61,0,6.48
3/1/2026,18:00, ,gtmpiwq_20H100465_020426_050000.bin,Pine Island,GTMNERR,0,47.259,0,30.8,0,3.391,0,97.8,0,7.79,0,45.5,15.12,7.75,0,-80,5.22,17.436,0,4.87,0,1.195,1.74,0,7.02
3/1/2026,18:15, ,gtmpiwq_20H100465_020426_050000.bin,Pine Island,GTMNERR,0,47.371,0,30.88,0,3.454,0,97.8,0,7.79,0,44.81,14.89,7.76,0,-80.2,5.24,17.379,0,5.26,0,1.199,2.22,0,8.93
3/1/2026,18:30, ,gtmpiwq_20H100465_020426_050000.bin,Pine Island,GTMNERR,0,47.62,0,31.06,0,3.519,0,98.7,0,7.85,0,43.1,14.32,7.77,0,-81,5.22,17.384,0,4.13,0,1.2,1.66,0,6.68
3/1/2026,18:45, ,gtmpiwq_20H100465_020426_050000.bin,Pine Island,GTMNERR,0,47.691,0,31.11,0,3.583,0,98.7,0,7.85,0,42.22,14.03,7.77,0,-81.2,5.23,17.371,0,6.02,0,1.201,2.04,0,8.2
3/1/2026,19:00, ,gtmpiwq_20H100465_020426_050000.bin,Pine Island,GTMNERR,0,47.936,0,31.29,0,3.64,0,99,0,7.87,0,40.61,13.49,7.79,0,-81.9,5.22,17.332,0,4.07,0,1.2,1.89,0,7.62
3/1/2026,19:15, ,gtmpiwq_20H100465_020426_050000.bin,Pine Island,GTMNERR,0,48.071,0,31.39,0,3.695,0,99.1,0,7.88,0,40.01,13.29,7.79,0,-82.4,5.22,17.307,0,4.16,0,1.201,1.83,0,7.38
3/1/2026,19:30, ,gtmpiwq_20H100465_020426_050000.bin,Pine Island,GTMNERR,0,48.161,0,31.46,0,3.745,0,98.8,0,7.86,0,39.15,13.01,7.8,0,-82.6,5.24,17.267,0,4,0,1.203,1.6,0,6.44
3/1/2026,19:45, ,gtmpiwq_20H100465_020426_050000.bin,Pine Island,GTMNERR,0,48.211,0,31.49,0,3.788,0,98.1,0,7.82,0,38.81,12.89,7.8,0,-82.5,5.22,17.142,0,4,0,1.203,1.93,0,7.77
3/1/2026,20:00, ,gtmpiwq_20H100465_020426_050000.bin,Pine Island,GTMNERR,0,48.294,0,31.55,0,3.822,0,97.9,0,7.81,0,38.08,12.65,7.8,0,-82.7,5.24,17.09,0,4.18,0,1.203,2.39,0,9.62
3/1/2026,20:15, ,gtmpiwq_20H100465_020426_050000.bin,Pine Island,GTMNERR,0,48.411,0,31.64,0,3.848,0,97.6,0,7.78,0,37.37,12.41,7.8,0,-82.7,5.22,17.068,0,3.38,0,1.204,1.9,0,7.65
3/1/2026,20:30, ,gtmpiwq_20H100465_020426_050000.bin,Pine Island,GTMNERR,0,48.515,0,31.71,0,3.863,0,96.5,0,7.7,0,36.99,12.29,7.8,0,-83,5.23,17.044,0,3.49,0,1.205,1.77,0,7.12
3/1/2026,20:45, ,gtmpiwq_20H100465_020426_050000.bin,Pine Island,GTMNERR,0,48.562,0,31.75,0,3.867,0,95,0,7.58,0,36.49,12.12,7.8,0,-82.8,5.24,17.03,0,3.2,0,1.203,1.9,0,7.64
3/1/2026,21:00, ,gtmpiwq_20H100465_020426_050000.bin,Pine Island,GTMNERR,0,48.612,0,31.78,0,3.859,0,93.1,0,7.42,0,35.31,11.72,7.8,0,-82.5,5.22,17.023,0,2.68,0,1.205,2.29,0,9.21
3/1/2026,21:15, ,gtmpiwq_20H100465_020426_050000.bin,Pine Island,GTMNERR,0,48.613,0,31.78,0,3.833,0,90.5,0,7.22,0,35.74,11.87,7.8,0,-82.9,5.22,17.019,0,3.16,0,1.204,2.04,0,8.2
3/1/2026,21:30, ,gtmpiwq_20H100465_020426_050000.bin,Pine Island,GTMNERR,0,48.567,0,31.75,0,3.788,0,96.9,0,7.73,0,37.02,12.29,7.81,0,-83.3,5.23,17.027,0,2.91,0,1.201,2.29,0,9.22
3/1/2026,21:45, ,gtmpiwq_20H100465_020426_050000.bin,Pine Island,GTMNERR,0,48.382,0,31.61,0,3.729,0,97.1,0,7.75,0,38.35,12.74,7.8,0,-82.8,5.24,17.053,0,3.82,0,1.199,1.94,0,7.79
3/1/2026,22:00, ,gtmpiwq_20H100465_020426_050000.bin,Pine Island,GTMNERR,0,48.159,0,31.45,0,3.667,0,97.4,0,7.77,0,39.57,13.15,7.79,0,-82.2,5.22,17.118,0,4.46,0,1.198,1.75,0,7.03
3/1/2026,22:15, ,gtmpiwq_20H100465_020426_050000.bin,Pine Island,GTMNERR,0,47.852,0,31.23,0,3.6,0,97.5,0,7.76,0,41.63,13.83,7.78,0,-81.5,5.24,17.269,0,4.51,0,1.197,2.03,0,8.17
3/1/2026,22:30, ,gtmpiwq_20H100465_020426_050000.bin,Pine Island,GTMNERR,0,47.469,0,30.95,0,3.536,0,97.5,0,7.75,0,44.08,14.65,7.76,0,-80.7,5.22,17.434,0,4.31,0,1.205,2.04,0,8.21
3/1/2026,22:45, ,gtmpiwq_20H100465_020426_050000.bin,Pine Island,GTMNERR,0,47.502,0,30.98,0,3.457,0,97,0,7.71,0,43.55,14.47,7.76,0,-80.5,5.22,17.434,0,3.9,0,1.202,1.56,0,6.3
3/1/2026,23:00, ,gtmpiwq_20H100465_020426_050000.bin,Pine Island,GTMNERR,0,47.417,0,30.92,0,3.381,0,97,0,7.71,0,44.11,14.66,7.76,0,-80.2,5.23,17.454,0,4.02,0,1.203,1.6,0,6.44
3/1/2026,23:15, ,gtmpiwq_20H100465_020426_050000.bin,Pine Island,GTMNERR,0,47.159,0,30.73,0,3.304,0,96.7,0,7.69,0,45.63,15.17,7.74,0,-79.5,5.22,17.512,0,5.34,0,1.202,1.74,0,6.99
3/1/2026,23:30, ,gtmpiwq_20H100465_020426_050000.bin,Pine Island,GTMNERR,0,47.042,0,30.64,0,3.216,0,96.7,0,7.69,0,46.03,15.3,7.74,0,-79.2,5.22,17.573,0,5.79,0,1.201,1.62,0,6.54
3/1/2026,23:45, ,gtmpiwq_20H100465_020426_050000.bin,Pine Island,GTMNERR,0,46.861,0,30.51,0,3.132,0,96.8,0,7.69,0,47.04,15.64,7.73,0,-78.7,5.24,17.641,0,5.44,0,1.201,1.81,0,7.27
3/2/2026,0:00, ,gtmpiwq_20H100465_020426_050000.bin,Pine Island,GTMNERR,0,46.744,0,30.43,0,3.038,0,96.4,0,7.66,0,48,15.96,7.73,0,-78.5,5.22,17.643,0,6.04,0,1.201,1.87,0,7.54
3/2/2026,0:15, ,gtmpiwq_20H100465_020426_050000.bin,Pine Island,GTMNERR,0,46.57,0,30.3,0,2.948,0,95.9,0,7.63,0,49.47,16.45,7.72,0,-77.9,5.23,17.639,0,5.38,0,1.199,1.46,0,5.87
3/2/2026,0:30, ,gtmpiwq_20H100465_020426_050000.bin,Pine Island,GTMNERR,0,46.308,0,30.11,0,2.844,0,95.5,0,7.6,0,51.5,17.13,7.71,0,-77.3,5.21,17.679,0,5.62,0,1.195,1.76,0,7.08
3/2/2026,0:45, ,gtmpiwq_20H100465_020426_050000.bin,Pine Island,GTMNERR,0,46.039,0,29.92,0,2.741,0,94.8,0,7.54,0,53.22,17.7,7.69,0,-76.4,5.22,17.723,0,6.05,0,1.192,1.87,0,7.51
3/2/2026,1:00, ,gtmpiwq_20H100465_020426_050000.bin,Pine Island,GTMNERR,0,45.798,0,29.74,0,2.628,0,94.2,0,7.49,0,54.1,17.99,7.68,0,-75.8,5.23,17.75,0,7.41,0,1.193,1.89,0,7.61
3/2/2026,1:15, ,gtmpiwq_20H100465_020426_050000.bin,Pine Island,GTMNERR,0,45.645,0,29.63,0,2.519,0,93.5,0,7.45,0,55.14,18.34,7.67,0,-75.1,5.22,17.751,0,6.74,0,1.194,1.9,0,7.65
3/2/2026,1:30, ,gtmpiwq_20H100465_020426_050000.bin,Pine Island,GTMNERR,0,45.442,0,29.49,0,2.422,0,92.8,0,7.4,0,55.91,18.6,7.66,0,-74.5,5.23,17.782,0,6.84,0,1.194,1.93,0,7.75
3/2/2026,1:45, ,gtmpiwq_20H100465_020426_050000.bin,Pine Island,GTMNERR,0,45.272,0,29.37,0,2.331,0,92.1,0,7.34,0,57.48,19.12,7.65,0,-73.9,5.21,17.79,0,6.21,0,1.206,1.83,0,7.37
3/2/2026,2:00, ,gtmpiwq_20H100465_020426_050000.bin,Pine Island,GTMNERR,0,45.091,0,29.23,0,2.256,0,91.5,0,7.3,0,58.09,19.33,7.64,0,-73.3,5.21,17.802,0,6.07,0,1.201,1.88,0,7.57
3/2/2026,2:15, ,gtmpiwq_20H100465_020426_050000.bin,Pine Island,GTMNERR,0,44.94,0,29.13,0,2.199,0,90.8,0,7.25,0,58.73,19.54,7.63,0,-72.8,5.23,17.808,0,6.25,0,1.201,2.1,0,8.42
3/2/2026,2:30, ,gtmpiwq_20H100465_020426_050000.bin,Pine Island,GTMNERR,0,44.843,0,29.06,0,2.173,0,90.2,0,7.2,0,59.43,19.77,7.62,0,-72.4,5.21,17.811,0,5.35,0,1.207,1.98,0,7.97
3/2/2026,2:45, ,gtmpiwq_20H100465_020426_050000.bin,Pine Island,GTMNERR,0,44.822,0,29.04,0,2.202,0,86.1,0,6.88,0,59.53,19.81,7.6,0,-71.3,5.22,17.807,0,4.17,0,1.205,1.66,0,6.67
3/2/2026,3:00, ,gtmpiwq_20H100465_020426_050000.bin,Pine Island,GTMNERR,0,44.947,0,29.13,0,2.269,0,89.8,0,7.17,0,59.58,19.82,7.6,0,-71.3,5.2,17.776,0,4.72,0,1.203,1.69,0,6.79
3/2/2026,3:15, ,gtmpiwq_20H100465_020426_050000.bin,Pine Island,GTMNERR,0,45.375,0,29.44,0,2.36,0,89.4,0,7.14,0,57.11,19,7.63,0,-72.8,5.21,17.699,0,5.28,0,1.201,1.87,0,7.53
3/2/2026,3:30, ,gtmpiwq_20H100465_020426_050000.bin,Pine Island,GTMNERR,0,45.387,0,29.45,0,2.46,0,90.8,0,7.25,0,56.08,18.66,7.64,0,-73.3,5.22,17.709,0,5.46,0,1.202,1.89,0,7.59
3/2/2026,3:45, ,gtmpiwq_20H100465_020426_050000.bin,Pine Island,GTMNERR,0,45.581,0,29.59,0,2.57,0,91.1,0,7.27,0,56.22,18.7,7.65,0,-73.9,5.22,17.668,0,5.98,0,1.203,1.78,0,7.15
3/2/2026,4:00, ,gtmpiwq_20H100465_020426_050000.bin,Pine Island,GTMNERR,0,45.863,0,29.79,0,2.677,0,91.8,0,7.32,0,54.48,18.12,7.66,0,-74.7,5.22,17.609,0,5.14,0,1.201,1.58,0,6.36
3/2/2026,4:15, ,gtmpiwq_20H100465_020426_050000.bin,Pine Island,GTMNERR,0,46.006,0,29.89,0,2.784,0,92.1,0,7.35,0,53.73,17.87,7.67,0,-75.1,5.21,17.589,0,5.91,0,1.202,1.73,0,6.95
3/2/2026,4:30, ,gtmpiwq_20H100465_020426_050000.bin,Pine Island,GTMNERR,0,46.37,0,30.16,0,2.877,0,91.6,0,7.31,0,50.39,16.76,7.68,0,-75.6,5.22,17.5,0,8.6,0,1.202,1.78,0,7.16
3/2/2026,4:45, ,gtmpiwq_20H100465_020426_050000.bin,Pine Island,GTMNERR,0,46.57,0,30.3,0,2.966,0,92.2,0,7.36,0,50.41,16.76,7.69,0,-76.3,5.23,17.444,0,5.66,0,1.203,1.43,0,5.76
3/2/2026,5:00, ,gtmpiwq_20H100465_020426_050000.bin,Pine Island,GTMNERR,0,46.763,0,30.44,0,3.053,0,92.1,0,7.35,0,50.01,16.63,7.69,0,-76.5,5.22,17.417,0,6.4,0,1.205,1.63,0,6.55
3/2/2026,5:15, ,gtmpiwq_20H100465_020426_050000.bin,Pine Island,GTMNERR,0,46.92,0,30.55,0,3.131,0,92.3,0,7.36,0,48.59,16.16,7.7,0,-76.9,5.23,17.378,0,5.58,0,1.209,1.65,0,6.63
3/2/2026,5:30, ,gtmpiwq_20H100465_020426_050000.bin,Pine Island,GTMNERR,0,47.024,0,30.63,0,3.209,0,93,0,7.41,0,47.46,15.78,7.71,0,-77.5,5.21,17.367,0,6.3,0,1.21,1.69,0,6.82
3/2/2026,5:45, ,gtmpiwq_20H100465_020426_050000.bin,Pine Island,GTMNERR,0,47.22,0,30.77,0,3.286,0,92.9,0,7.41,0,46.36,15.41,7.72,0,-77.8,5.22,17.334,0,7.1,0,1.211,1.73,0,6.97
3/2/2026,6:00, ,gtmpiwq_20H100465_020426_050000.bin,Pine Island,GTMNERR,0,47.334,0,30.85,0,3.363,0,93,0,7.42,0,45.3,15.06,7.72,0,-78.2,5.24,17.295,0,6.8,0,1.201,1.86,0,7.5
3/2/2026,6:15, ,gtmpiwq_20H100465_020426_050000.bin,Pine Island,GTMNERR,0,47.448,0,30.94,0,3.442,0,93.1,0,7.43,0,44.86,14.91,7.73,0,-78.6,5.22,17.241,0,5.92,0,1.194,1.61,0,6.47
3/2/2026,6:30, ,gtmpiwq_20H100465_020426_050000.bin,Pine Island,GTMNERR,0,47.667,0,31.1,0,3.518,0,93.3,0,7.45,0,43.96,14.61,7.74,0,-79.3,5.23,17.149,0,4.97,0,1.197,2.54,0,10.21
3/2/2026,6:45, ,gtmpiwq_20H100465_020426_050000.bin,Pine Island,GTMNERR,0,47.855,0,31.23,0,3.592,0,93.1,0,7.44,0,42.37,14.08,7.75,0,-79.7,5.21,17.082,0,4.94,0,1.199,1.67,0,6.71
3/2/2026,7:00, ,gtmpiwq_20H100465_020426_050000.bin,Pine Island,GTMNERR,0,48.017,0,31.35,0,3.654,0,93.1,0,7.45,0,41.53,13.8,7.76,0,-80.2,5.22,17.016,0,5.18,0,1.202,1.42,0,5.71
3/2/2026,7:15, ,gtmpiwq_20H100465_020426_050000.bin,Pine Island,GTMNERR,0,48.102,0,31.41,0,3.718,0,93.1,0,7.45,0,40.68,13.52,7.76,0,-80.3,5.24,16.996,0,6,0,1.207,1.46,0,5.9
3/2/2026,7:30, ,gtmpiwq_20H100465_020426_050000.bin,Pine Island,GTMNERR,0,48.134,0,31.43,0,3.774,0,92.9,0,7.43,0,40.53,13.47,7.76,0,-80.4,5.22,16.976,0,6.59,0,1.209,1.43,0,5.77
3/2/2026,7:45, ,gtmpiwq_20H100465_020426_050000.bin,Pine Island,GTMNERR,0,48.306,0,31.56,0,3.829,0,93,0,7.44,0,38.83,12.9,7.77,0,-80.8,5.23,16.915,0,5.33,0,1.211,1.28,0,5.16
3/2/2026,8:00, ,gtmpiwq_20H100465_020426_050000.bin,Pine Island,GTMNERR,0,48.501,0,31.7,0,3.873,0,93.4,0,7.48,0,37.46,12.44,7.78,0,-81.5,5.21,16.839,0,6.17,0,1.202,1.29,0,5.2
3/2/2026,8:15, ,gtmpiwq_20H100465_020426_050000.bin,Pine Island,GTMNERR,0,48.649,0,31.81,0,3.916,0,93.4,0,7.48,0,36.6,12.15,7.79,0,-81.9,5.22,16.802,0,4.71,0,1.198,1.38,0,5.55
3/2/2026,8:30, ,gtmpiwq_20H100465_020426_050000.bin,Pine Island,GTMNERR,0,48.834,0,31.94,0,3.951,0,93.2,0,7.46,0,35.22,11.7,7.8,0,-82.4,5.24,16.755,0,5.17,0,1.193,1.64,0,6.62
3/2/2026,8:45, ,gtmpiwq_20H100465_020426_050000.bin,Pine Island,GTMNERR,0,49.021,0,32.08,0,3.978,0,93.3,0,7.48,0,34.04,11.3,7.81,0,-83,5.22,16.707,0,5.12,0,1.196,1.57,0,6.32
3/2/2026,9:00, ,gtmpiwq_20H100465_020426_050000.bin,Pine Island,GTMNERR,0,49.176,0,32.19,0,4.001,0,93.7,0,7.51,0,32.79,10.89,7.82,0,-83.6,5.23,16.663,0,4.84,0,1.207,1.32,0,5.32
3/2/2026,9:15, ,gtmpiwq_20H100465_020426_050000.bin,Pine Island,GTMNERR,0,49.332,0,32.3,0,4.016,0,93.2,0,7.46,0,31.63,10.5,7.82,0,-83.7,5.21,16.63,0,3.45,0,1.208,1.36,0,5.47
3/2/2026,9:30, ,gtmpiwq_20H100465_020426_050000.bin,Pine Island,GTMNERR,0,49.474,0,32.41,0,4.015,0,92.6,0,7.42,0,30.66,10.18,7.83,0,-84.2,5.22,16.592,0,3.67,0,1.201,1.57,0,6.32
3/2/2026,9:45, ,gtmpiwq_20H100465_020426_050000.bin,Pine Island,GTMNERR,0,49.475,0,32.41,0,3.992,0,92.5,0,7.41,0,30.28,10.05,7.83,0,-84.4,5.24,16.609,0,3.19,0,1.198,1.49,0,6.01
3/2/2026,10:00, ,gtmpiwq_20H100465_020426_050000.bin,Pine Island,GTMNERR,0,49.364,0,32.33,0,3.948,0,83.8,0,6.71,0,29.35,9.74,7.81,0,-83,5.22,16.615,0,3.06,0,1.194,1.03,0,4.16
3/2/2026,10:15, ,gtmpiwq_20H100465_020426_050000.bin,Pine Island,GTMNERR,0,49.379,0,32.34,0,3.892,0,92.4,0,7.4,0,32.26,10.71,7.82,0,-84,5.23,16.633,0,2.81,0,1.195,1.43,0,5.77
3/2/2026,10:30, ,gtmpiwq_20H100465_020426_050000.bin,Pine Island,GTMNERR,0,49.212,0,32.22,0,3.836,0,94.4,0,7.56,0,32.61,10.82,7.82,0,-83.8,5.21,16.695,0,5.75,0,1.208,1.64,0,6.6
3/2/2026,10:45, ,gtmpiwq_20H100465_020426_050000.bin,Pine Island,GTMNERR,0,48.84,0,31.95,0,3.777,0,94.8,0,7.57,0,35.24,11.7,7.8,0,-82.9,5.22,16.857,0,4.62,0,1.209,1.41,0,5.68
3/2/2026,11:00, ,gtmpiwq_20H100465_020426_050000.bin,Pine Island,GTMNERR,0,48.369,0,31.6,0,3.716,0,94.2,0,7.52,0,38.2,12.69,7.78,0,-81.5,5.24,17.009,0,5.59,0,1.195,1.44,0,5.79
3/2/2026,11:15, ,gtmpiwq_20H100465_020426_050000.bin,Pine Island,GTMNERR,0,47.855,0,31.23,0,3.651,0,93.9,0,7.49,0,41.82,13.9,7.75,0,-79.9,5.22,17.2,0,4.62,0,1.193,1.37,0,5.51
3/2/2026,11:30, ,gtmpiwq_20H100465_020426_050000.bin,Pine Island,GTMNERR,0,47.778,0,31.18,0,3.57,0,94.3,0,7.51,0,42.46,14.11,7.75,0,-79.8,5.22,17.313,0,4.55,0,1.192,1.25,0,5.05
3/2/2026,11:45, ,gtmpiwq_20H100465_020426_050000.bin,Pine Island,GTMNERR,0,47.746,0,31.15,0,3.486,0,93.9,0,7.48,0,42.8,14.23,7.75,0,-79.7,5.23,17.297,0,5.8,0,1.211,1.36,0,5.49
3/2/2026,12:00, ,gtmpiwq_20H100465_020426_050000.bin,Pine Island,GTMNERR,0,47.508,0,30.98,0,3.403,0,93.8,0,7.47,0,43.72,14.53,7.73,0,-78.9,5.19,17.367,0,17.41,0,1.211,1.46,0,5.89
3/2/2026,12:15, ,gtmpiwq_20H100465_020426_050000.bin,Pine Island,GTMNERR,0,47.369,0,30.88,0,3.298,0,94.3,0,7.49,0,44.72,14.86,7.73,0,-78.8,5.23,17.482,0,6.33,0,1.203,1.32,0,5.31
3/2/2026,12:30, ,gtmpiwq_20H100465_020426_050000.bin,Pine Island,GTMNERR,0,47.165,0,30.73,0,3.217,0,94.5,0,7.5,0,45.51,15.13,7.72,0,-78.3,5.24,17.593,0,5.43,0,1.201,1.59,0,6.41
3/2/2026,12:45, ,gtmpiwq_20H100465_020426_050000.bin,Pine Island,GTMNERR,0,47.016,0,30.63,0,3.119,0,94.4,0,7.48,0,47.21,15.69,7.72,0,-77.8,5.23,17.683,0,6.09,0,1.202,1.47,0,5.93
3/2/2026,13:00, ,gtmpiwq_20H100465_020426_050000.bin,Pine Island,GTMNERR,0,46.841,0,30.5,0,3.016,0,94.5,0,7.48,0,47.77,15.88,7.71,0,-77.3,5.22,17.79,0,6.78,0,1.209,1.51,0,6.08
3/2/2026,13:15, ,gtmpiwq_20H100465_020426_050000.bin,Pine Island,GTMNERR,0,46.576,0,30.31,0,2.918,0,94.9,0,7.5,0,49.44,16.44,7.7,0,-76.8,5.23,17.931,0,6.09,0,1.204,1.62,0,6.53
3/2/2026,13:30, ,gtmpiwq_20H100465_020426_050000.bin,Pine Island,GTMNERR,0,46.332,0,30.13,0,2.817,0,95.1,0,7.51,0,50.29,16.72,7.69,0,-76.3,5.22,18.042,0,7.06,0,1.199,1.63,0,6.56
3/2/2026,13:45, ,gtmpiwq_20H100465_020426_050000.bin,Pine Island,GTMNERR,0,46.19,0,30.03,0,2.71,0,96,0,7.56,0,51.52,17.13,7.69,0,-76.2,5.23,18.23,0,5.89,0,1.195,1.8,0,7.24
3/2/2026,14:00, ,gtmpiwq_20H100465_020426_050000.bin,Pine Island,GTMNERR,0,46.033,0,29.92,0,2.606,0,96.4,0,7.58,0,52.13,17.34,7.68,0,-75.8,5.21,18.341,0,6.21,0,1.196,1.83,0,7.36
3/2/2026,14:15, ,gtmpiwq_20H100465_020426_050000.bin,Pine Island,GTMNERR,0,45.868,0,29.8,0,2.507,0,96.5,0,7.57,0,53.13,17.67,7.67,0,-75.4,5.21,18.463,0,6.35,0,1.201,1.79,0,7.21
3/2/2026,14:30, ,gtmpiwq_20H100465_020426_050000.bin,Pine Island,GTMNERR,0,45.753,0,29.71,0,2.416,0,97.1,0,7.6,0,53.3,17.73,7.67,0,-75.1,5.22,18.648,0,5.6,0,1.202,1.83,0,7.36
3/2/2026,14:45, ,gtmpiwq_20H100465_020426_050000.bin,Pine Island,GTMNERR,0,45.605,0,29.61,0,2.35,0,97.3,0,7.6,0,53.9,17.93,7.66,0,-74.7,5.2,18.784,0,7.08,0,1.203,1.94,0,7.78
3/2/2026,15:00, ,gtmpiwq_20H100465_020426_050000.bin,Pine Island,GTMNERR,0,45.453,0,29.5,0,2.307,0,97.6,0,7.61,0,54.66,18.18,7.66,0,-74.5,5.2,18.911,0,5.55,0,1.204,2.01,0,8.09
3/2/2026,15:15, ,gtmpiwq_20H100465_020426_050000.bin,Pine Island,GTMNERR,0,45.396,0,29.46,0,2.303,0,97.3,0,7.57,0,55.14,18.34,7.65,0,-74.1,5.18,19.035,0,4.79,0,1.205,2.05,0,8.23
3/2/2026,15:30, ,gtmpiwq_20H100465_020426_050000.bin,Pine Island,GTMNERR,0,45.335,0,29.41,0,2.356,0,91.1,0,7.09,0,54.23,18.04,7.61,0,-72.1,5.18,19.066,0,3.86,0,1.206,1.37,0,5.51
3/2/2026,15:45, ,gtmpiwq_20H100465_020426_050000.bin,Pine Island,GTMNERR,0,45.43,0,29.48,0,2.439,0,96.2,0,7.49,0,57.17,19.02,7.65,0,-73.9,5.2,18.966,0,3.56,0,1.207,2,0,8.04
3/2/2026,16:00, ,gtmpiwq_20H100465_020426_050000.bin,Pine Island,GTMNERR,0,45.761,0,29.72,0,2.526,0,97.3,0,7.56,0,52.94,17.61,7.66,0,-74.7,5.18,19.019,0,5.52,0,1.211,2.05,0,8.25
3/2/2026,16:15, ,gtmpiwq_20H100465_020426_050000.bin,Pine Island,GTMNERR,0,45.879,0,29.81,0,2.611,0,99,0,7.7,0,52.39,17.42,7.67,0,-75.6,5.19,18.896,0,5.27,0,1.202,2.16,0,8.67
3/2/2026,16:30, ,gtmpiwq_20H100465_020426_050000.bin,Pine Island,GTMNERR,0,46.05,0,29.93,0,2.697,0,99.7,0,7.76,0,51.42,17.1,7.69,0,-76.3,5.18,18.885,0,5.18,0,1.198,2.41,0,9.68
3/2/2026,16:45, ,gtmpiwq_20H100465_020426_050000.bin,Pine Island,GTMNERR,0,46.21,0,30.05,0,2.784,0,99.4,0,7.74,0,50.86,16.91,7.69,0,-76.5,5.18,18.791,0,5.02,0,1.197,2.16,0,8.69
3/2/2026,17:00, ,gtmpiwq_20H100465_020426_050000.bin,Pine Island,GTMNERR,0,46.442,0,30.21,0,2.874,0,99.7,0,7.77,0,50.08,16.65,7.7,0,-77,5.2,18.743,0,4.95,0,1.194,2.11,0,8.49
3/2/2026,17:15, ,gtmpiwq_20H100465_020426_050000.bin,Pine Island,GTMNERR,0,46.531,0,30.28,0,2.964,0,99.5,0,7.76,0,48.99,16.29,7.71,0,-77.4,5.2,18.669,0,6.12,0,1.195,1.97,0,7.94
3/2/2026,17:30, ,gtmpiwq_20H100465_020426_050000.bin,Pine Island,GTMNERR,0,46.667,0,30.38,0,3.049,0,99,0,7.73,0,48.35,16.08,7.71,0,-77.4,5.18,18.586,0,5.56,0,1.195,1.78,0,7.18
3/2/2026,17:45, ,gtmpiwq_20H100465_020426_050000.bin,Pine Island,GTMNERR,0,46.852,0,30.51,0,3.134,0,99.6,0,7.75,0,47.82,15.9,7.71,0,-77.8,5.21,18.674,0,5.55,0,1.202,2.07,0,8.32
3/2/2026,18:00, ,gtmpiwq_20H100465_020426_050000.bin,Pine Island,GTMNERR,0,46.836,0,30.5,0,3.209,0,98.4,0,7.7,0,48.01,15.96,7.72,0,-77.9,5.22,18.409,0,5.86,0,1.204,2.12,0,8.52
3/2/2026,18:15, ,gtmpiwq_20H100465_020426_050000.bin,Pine Island,GTMNERR,0,47.206,0,30.77,0,3.282,0,99.7,0,7.76,0,46.22,15.36,7.72,0,-78.5,5.21,18.596,0,5.27,0,1.203,1.57,0,6.32
3/2/2026,18:30, ,gtmpiwq_20H100465_020426_050000.bin,Pine Island,GTMNERR,0,47.277,0,30.82,0,3.356,0,99.3,0,7.74,0,45.27,15.05,7.73,0,-78.7,5.22,18.501,0,4.77,0,1.207,2.03,0,8.16
3/2/2026,18:45, ,gtmpiwq_20H100465_020426_050000.bin,Pine Island,GTMNERR,0,47.391,0,30.9,0,3.43,0,99.2,0,7.74,0,45.03,14.97,7.73,0,-78.9,5.23,18.415,0,5.14,0,1.208,2.2,0,8.83
3/2/2026,19:00, ,gtmpiwq_20H100465_020426_050000.bin,Pine Island,GTMNERR,0,47.625,0,31.07,0,3.496,0,99.9,0,7.79,0,43.25,14.37,7.75,0,-79.7,5.22,18.384,0,4.47,0,1.209,2.09,0,8.42
3/2/2026,19:15, ,gtmpiwq_20H100465_020426_050000.bin,Pine Island,GTMNERR,0,47.742,0,31.16,0,3.568,0,99.9,0,7.79,0,42.51,14.13,7.75,0,-80.2,5.23,18.341,0,4.38,0,1.207,2.03,0,8.16
3/2/2026,19:30, ,gtmpiwq_20H100465_020426_050000.bin,Pine Island,GTMNERR,0,47.9,0,31.27,0,3.641,0,99.8,0,7.79,0,41.18,13.69,7.76,0,-80.6,5.22,18.323,0,4.24,0,1.206,2.58,0,10.35
3/2/2026,19:45, ,gtmpiwq_20H100465_020426_050000.bin,Pine Island,GTMNERR,0,48.134,0,31.44,0,3.7,0,100.1,0,7.81,0,39.95,13.27,7.77,0,-81.2,5.23,18.252,0,4.53,0,1.209,2.02,0,8.12
3/2/2026,20:00, ,gtmpiwq_20H100465_020426_050000.bin,Pine Island,GTMNERR,0,48.209,0,31.5,0,3.762,0,99.9,0,7.81,0,39.38,13.08,7.78,0,-81.6,5.24,18.193,0,4.65,0,1.202,2.44,0,9.79
3/2/2026,20:15, ,gtmpiwq_20H100465_020426_050000.bin,Pine Island,GTMNERR,0,48.253,0,31.53,0,3.811,0,99,0,7.75,0,38.79,12.89,7.77,0,-81.4,5.23,18.091,0,4.04,0,1.194,1.97,0,7.92
3/2/2026,20:30, ,gtmpiwq_20H100465_020426_050000.bin,Pine Island,GTMNERR,0,48.346,0,31.6,0,3.855,0,98.6,0,7.71,0,38.08,12.65,7.78,0,-81.6,5.24,18.051,0,4,0,1.197,1.96,0,7.88
3/2/2026,20:45, ,gtmpiwq_20H100465_020426_050000.bin,Pine Island,GTMNERR,0,48.458,0,31.68,0,3.891,0,98.9,0,7.74,0,37.67,12.51,7.79,0,-82.1,5.23,18.023,0,4.4,0,1.199,2.2,0,8.85
3/2/2026,21:00, ,gtmpiwq_20H100465_020426_050000.bin,Pine Island,GTMNERR,0,48.591,0,31.77,0,3.922,0,98.5,0,7.71,0,38.57,12.81,7.79,0,-82.4,5.24,17.973,0,4.32,0,1.205,2.06,0,8.3
3/2/2026,21:15, ,gtmpiwq_20H100465_020426_050000.bin,Pine Island,GTMNERR,0,48.711,0,31.86,0,3.945,0,97.1,0,7.61,0,35.18,11.68,7.79,0,-82.2,5.24,17.915,0,4.25,0,1.208,1.92,0,7.74
3/2/2026,21:30, ,gtmpiwq_20H100465_020426_050000.bin,Pine Island,GTMNERR,0,48.834,0,31.95,0,3.958,0,96.4,0,7.56,0,34.85,11.57,7.8,0,-82.8,5.23,17.876,0,3.25,0,1.201,2.36,0,9.47
3/2/2026,21:45, ,gtmpiwq_20H100465_020426_050000.bin,Pine Island,GTMNERR,0,48.964,0,32.05,0,3.961,0,96.1,0,7.53,0,34.2,11.35,7.8,0,-82.9,5.24,17.847,0,3.1,0,1.195,1.53,0,6.17
3/2/2026,22:00, ,gtmpiwq_20H100465_020426_050000.bin,Pine Island,GTMNERR,0,49,0,32.07,0,3.948,0,91.8,0,7.19,0,32.85,10.9,7.79,0,-82.2,5.23,17.844,0,2.77,0,1.194,1.22,0,4.91
3/2/2026,22:15, ,gtmpiwq_20H100465_020426_050000.bin,Pine Island,GTMNERR,0,48.932,0,32.02,0,3.916,0,85.3,0,6.69,0,32.54,10.8,7.79,0,-82.1,5.24,17.84,0,3,0,1.205,2.47,0,9.92
3/2/2026,22:30, ,gtmpiwq_20H100465_020426_050000.bin,Pine Island,GTMNERR,0,48.898,0,32,0,3.865,0,96.8,0,7.59,0,34.6,11.49,7.8,0,-83,5.25,17.852,0,2.88,0,1.197,1.9,0,7.64
3/2/2026,22:45, ,gtmpiwq_20H100465_020426_050000.bin,Pine Island,GTMNERR,0,48.732,0,31.88,0,3.811,0,98.5,0,7.72,0,35.79,11.88,7.8,0,-82.7,5.24,17.9,0,4.49,0,1.201,1.74,0,7
3/2/2026,23:00, ,gtmpiwq_20H100465_020426_050000.bin,Pine Island,GTMNERR,0,48.454,0,31.67,0,3.748,0,98.8,0,7.74,0,37.65,12.51,7.79,0,-82.1,5.24,17.999,0,5.13,0,1.208,1.81,0,7.29
3/2/2026,23:15, ,gtmpiwq_20H100465_020426_050000.bin,Pine Island,GTMNERR,0,48.106,0,31.42,0,3.687,0,98.4,0,7.7,0,40,13.29,7.77,0,-81.1,5.23,18.147,0,4.79,0,1.209,1.93,0,7.75
3/2/2026,23:30, ,gtmpiwq_20H100465_020426_050000.bin,Pine Island,GTMNERR,0,47.744,0,31.16,0,3.624,0,98.3,0,7.67,0,42.71,14.19,7.75,0,-80.2,5.24,18.309,0,5.2,0,1.21,1.85,0,7.43
3/2/2026,23:45, ,gtmpiwq_20H100465_020426_050000.bin,Pine Island,GTMNERR,0,47.743,0,31.16,0,3.544,0,97.9,0,7.64,0,43.35,14.41,7.75,0,-79.9,5.25,18.335,0,4.05,0,1.209,1.64,0,6.62
3/3/2026,0:00, ,gtmpiwq_20H100465_020426_050000.bin,Pine Island,GTMNERR,0,47.68,0,31.11,0,3.472,0,98.1,0,7.66,0,43.15,14.34,7.75,0,-79.9,5.25,18.374,0,4.4,0,1.21,2.02,0,8.11
3/3/2026,0:15, ,gtmpiwq_20H100465_020426_050000.bin,Pine Island,GTMNERR,0,47.439,0,30.94,0,3.391,0,98,0,7.64,0,44.54,14.8,7.74,0,-79.1,5.25,18.461,0,6.12,0,1.203,2.07,0,8.33
3/3/2026,0:30, ,gtmpiwq_20H100465_020426_050000.bin,Pine Island,GTMNERR,0,47.304,0,30.84,0,3.311,0,98,0,7.63,0,45.22,15.03,7.73,0,-78.7,5.23,18.527,0,6.39,0,1.201,2.03,0,8.18
3/3/2026,0:45, ,gtmpiwq_20H100465_020426_050000.bin,Pine Island,GTMNERR,0,47.125,0,30.71,0,3.229,0,97.9,0,7.62,0,46.1,15.33,7.72,0,-78.2,5.24,18.597,0,6.25,0,1.202,2.13,0,8.57
3/3/2026,1:00, ,gtmpiwq_20H100465_020426_050000.bin,Pine Island,GTMNERR,0,47.006,0,30.62,0,3.143,0,97.6,0,7.59,0,48.18,16.02,7.71,0,-77.8,5.23,18.67,0,6.26,0,1.206,1.87,0,7.54
3/3/2026,1:15, ,gtmpiwq_20H100465_020426_050000.bin,Pine Island,GTMNERR,0,46.831,0,30.49,0,3.052,0,97.1,0,7.56,0,48.31,16.06,7.7,0,-77.2,5.24,18.693,0,6.67,0,1.21,1.87,0,7.51
3/3/2026,1:30, ,gtmpiwq_20H100465_020426_050000.bin,Pine Island,GTMNERR,0,46.567,0,30.3,0,2.956,0,96.6,0,7.52,0,49.82,16.57,7.69,0,-76.5,5.24,18.715,0,5.51,0,1.201,1.95,0,7.85
3/3/2026,1:45, ,gtmpiwq_20H100465_020426_050000.bin,Pine Island,GTMNERR,0,46.306,0,30.11,0,2.854,0,95.9,0,7.47,0,50.86,16.91,7.68,0,-75.9,5.22,18.749,0,6.99,0,1.198,1.99,0,8.02
3/3/2026,2:00, ,gtmpiwq_20H100465_020426_050000.bin,Pine Island,GTMNERR,0,46.088,0,29.96,0,2.757,0,94.9,0,7.4,0,52.17,17.35,7.67,0,-75,5.24,18.778,0,6.46,0,1.194,1.9,0,7.64
3/3/2026,2:15, ,gtmpiwq_20H100465_020426_050000.bin,Pine Island,GTMNERR,0,45.9,0,29.82,0,2.659,0,94.2,0,7.35,0,53.36,17.75,7.65,0,-74.3,5.22,18.789,0,6.77,0,1.194,2.12,0,8.52
3/3/2026,2:30, ,gtmpiwq_20H100465_020426_050000.bin,Pine Island,GTMNERR,0,45.656,0,29.64,0,2.563,0,93.1,0,7.26,0,55.33,18.4,7.64,0,-73.4,5.22,18.826,0,7.07,0,1.202,2.07,0,8.33
3/3/2026,2:45, ,gtmpiwq_20H100465_020426_050000.bin,Pine Island,GTMNERR,0,45.475,0,29.51,0,2.484,0,92.4,0,7.21,0,55.45,18.45,7.63,0,-72.7,5.23,18.837,0,5.55,0,1.207,2.14,0,8.62
3/3/2026,3:00, ,gtmpiwq_20H100465_020426_050000.bin,Pine Island,GTMNERR,0,45.292,0,29.38,0,2.42,0,91.9,0,7.18,0,56.3,18.73,7.62,0,-72.2,5.2,18.851,0,6.48,0,1.202,2.25,0,9.03
3/3/2026,3:15, ,gtmpiwq_20H100465_020426_050000.bin,Pine Island,GTMNERR,0,45.145,0,29.28,0,2.377,0,91.3,0,7.13,0,57.44,19.11,7.61,0,-71.8,5.21,18.858,0,7.1,0,1.202,2.21,0,8.89
3/3/2026,3:30, ,gtmpiwq_20H100465_020426_050000.bin,Pine Island,GTMNERR,0,45.059,0,29.21,0,2.371,0,90.3,0,7.06,0,58.35,19.41,7.6,0,-71.2,5.18,18.862,0,4.53,0,1.202,2.11,0,8.49
3/3/2026,3:45, ,gtmpiwq_20H100465_020426_050000.bin,Pine Island,GTMNERR,0,44.992,0,29.17,0,2.417,0,85.2,0,6.66,0,57.91,19.26,7.58,0,-69.8,5.22,18.858,0,3.4,0,1.202,1.79,0,7.19
3/3/2026,4:00, ,gtmpiwq_20H100465_020426_050000.bin,Pine Island,GTMNERR,0,45.229,0,29.34,0,2.498,0,89.3,0,6.98,0,58.13,19.34,7.6,0,-70.9,5.21,18.793,0,3.85,0,1.201,1.91,0,7.69
3/3/2026,4:15, ,gtmpiwq_20H100465_020426_050000.bin,Pine Island,GTMNERR,0,45.569,0,29.58,0,2.593,0,89.8,0,7.02,0,55.59,18.49,7.61,0,-71.9,5.23,18.739,0,4.55,0,1.201,2,0,8.03
3/3/2026,4:30, ,gtmpiwq_20H100465_020426_050000.bin,Pine Island,GTMNERR,0,45.741,0,29.71,0,2.695,0,91.2,0,7.13,0,54.22,18.03,7.62,0,-72.6,5.21,18.714,0,6.1,0,1.203,1.82,0,7.32
3/3/2026,4:45, ,gtmpiwq_20H100465_020426_050000.bin,Pine Island,GTMNERR,0,45.881,0,29.81,0,2.789,0,91.4,0,7.15,0,53.1,17.66,7.63,0,-73,5.22,18.661,0,7.3,0,1.205,1.91,0,7.69
3/3/2026,5:00, ,gtmpiwq_20H100465_020426_050000.bin,Pine Island,GTMNERR,0,46.189,0,30.03,0,2.882,0,92.3,0,7.22,0,52.52,17.47,7.65,0,-73.9,5.23,18.6,0,5.38,0,1.205,1.76,0,7.07
3/3/2026,5:15, ,gtmpiwq_20H100465_020426_050000.bin,Pine Island,GTMNERR,0,46.46,0,30.23,0,2.972,0,91.9,0,7.19,0,50.54,16.81,7.65,0,-74.4,5.22,18.518,0,7.3,0,1.211,2.43,0,9.76
3/3/2026,5:30, ,gtmpiwq_20H100465_020426_050000.bin,Pine Island,GTMNERR,0,46.769,0,30.45,0,3.054,0,91.8,0,7.18,0,49.22,16.37,7.66,0,-74.8,5.25,18.418,0,7.43,0,1.203,1.8,0,7.23
3/3/2026,5:45, ,gtmpiwq_20H100465_020426_050000.bin,Pine Island,GTMNERR,0,46.981,0,30.6,0,3.14,0,91.8,0,7.19,0,48.09,15.99,7.67,0,-75.3,5.23,18.35,0,5.68,0,1.203,1.65,0,6.66
3/3/2026,6:00, ,gtmpiwq_20H100465_020426_050000.bin,Pine Island,GTMNERR,0,47.077,0,30.67,0,3.231,0,92.3,0,7.22,0,47.45,15.78,7.68,0,-75.7,5.24,18.366,0,6.21,0,1.201,1.86,0,7.47
3/3/2026,6:15, ,gtmpiwq_20H100465_020426_050000.bin,Pine Island,GTMNERR,0,47.27,0,30.81,0,3.315,0,92.5,0,7.23,0,46.19,15.35,7.69,0,-76.2,5.23,18.312,0,5.82,0,1.202,1.83,0,7.35
3/3/2026,6:30, ,gtmpiwq_20H100465_020426_050000.bin,Pine Island,GTMNERR,0,47.389,0,30.9,0,3.392,0,92.9,0,7.27,0,45.34,15.07,7.7,0,-76.8,5.24,18.276,0,7.46,0,1.208,1.71,0,6.9
3/3/2026,6:45, ,gtmpiwq_20H100465_020426_050000.bin,Pine Island,GTMNERR,0,47.546,0,31.01,0,3.468,0,93.1,0,7.29,0,44.54,14.8,7.7,0,-77.3,5.25,18.213,0,6.34,0,1.21,1.82,0,7.33
3/3/2026,7:00, ,gtmpiwq_20H100465_020426_050000.bin,Pine Island,GTMNERR,0,47.675,0,31.11,0,3.544,0,93.4,0,7.32,0,43.27,14.38,7.71,0,-77.9,5.23,18.149,0,7.22,0,1.203,1.49,0,6.01
3/3/2026,7:15, ,gtmpiwq_20H100465_020426_050000.bin,Pine Island,GTMNERR,0,47.812,0,31.21,0,3.611,0,93.3,0,7.32,0,42.87,14.25,7.72,0,-78.2,5.25,18.076,0,6.3,0,1.199,1.61,0,6.49
3/3/2026,7:30, ,gtmpiwq_20H100465_020426_050000.bin,Pine Island,GTMNERR,0,48.017,0,31.36,0,3.679,0,93.7,0,7.35,0,41.68,13.85,7.73,0,-79,5.24,17.975,0,4.96,0,1.196,1.38,0,5.57
3/3/2026,7:45, ,gtmpiwq_20H100465_020426_050000.bin,Pine Island,GTMNERR,0,48.165,0,31.46,0,3.745,0,93.4,0,7.34,0,40.78,13.55,7.74,0,-79.2,5.24,17.915,0,5.43,0,1.202,1.38,0,5.56
3/3/2026,8:00, ,gtmpiwq_20H100465_020426_050000.bin,Pine Island,GTMNERR,0,48.238,0,31.52,0,3.805,0,93.3,0,7.33,0,40.02,13.29,7.74,0,-79.4,5.25,17.897,0,5.69,0,1.205,1.17,0,4.71
3/3/2026,8:15, ,gtmpiwq_20H100465_020426_050000.bin,Pine Island,GTMNERR,0,48.312,0,31.57,0,3.863,0,93.1,0,7.31,0,39.58,13.15,7.74,0,-79.6,5.24,17.869,0,6.01,0,1.209,2.21,0,8.89
3/3/2026,8:30, ,gtmpiwq_20H100465_020426_050000.bin,Pine Island,GTMNERR,0,48.488,0,31.7,0,3.914,0,93.2,0,7.32,0,38.19,12.69,7.75,0,-80.1,5.25,17.794,0,5.77,0,1.203,1.69,0,6.8
3/3/2026,8:45, ,gtmpiwq_20H100465_020426_050000.bin,Pine Island,GTMNERR,0,48.676,0,31.83,0,3.96,0,93.8,0,7.38,0,37.32,12.39,7.77,0,-80.9,5.24,17.722,0,5.28,0,1.2,1.58,0,6.36
3/3/2026,9:00, ,gtmpiwq_20H100465_020426_050000.bin,Pine Island,GTMNERR,0,48.89,0,31.99,0,3.999,0,94.1,0,7.4,0,35.82,11.89,7.78,0,-81.6,5.24,17.659,0,5.47,0,1.197,1.57,0,6.34
3/3/2026,9:15, ,gtmpiwq_20H100465_020426_050000.bin,Pine Island,GTMNERR,0,49.115,0,32.15,0,4.036,0,94.3,0,7.42,0,34.14,11.33,7.79,0,-82.3,5.25,17.593,0,4.87,0,1.193,1.7,0,6.83
3/3/2026,9:30, ,gtmpiwq_20H100465_020426_050000.bin,Pine Island,GTMNERR,0,49.326,0,32.31,0,4.066,0,94.5,0,7.44,0,32.65,10.84,7.8,0,-83,5.24,17.512,0,4.52,0,1.193,1.65,0,6.63
3/3/2026,9:45, ,gtmpiwq_20H100465_020426_050000.bin,Pine Island,GTMNERR,0,49.514,0,32.45,0,4.089,0,94.8,0,7.47,0,30.7,10.19,7.82,0,-83.7,5.25,17.455,0,4.41,0,1.192,1.54,0,6.2
3/3/2026,10:00, ,gtmpiwq_20H100465_020426_050000.bin,Pine Island,GTMNERR,0,49.672,0,32.56,0,4.102,0,94.7,0,7.46,0,29.56,9.81,7.82,0,-84.2,5.24,17.404,0,3.55,0,1.202,1.94,0,7.82
3/3/2026,10:15, ,gtmpiwq_20H100465_020426_050000.bin,Pine Island,GTMNERR,0,49.799,0,32.65,0,4.107,0,94.2,0,7.42,0,28.46,9.44,7.83,0,-84.6,5.24,17.357,0,3.12,0,1.211,1.43,0,5.75
3/3/2026,10:30, ,gtmpiwq_20H100465_020426_050000.bin,Pine Island,GTMNERR,0,49.79,0,32.65,0,4.095,0,93.8,0,7.39,0,28.34,9.4,7.83,0,-84.5,5.25,17.381,0,2.89,0,1.206,1.47,0,5.91
3/3/2026,10:45, ,gtmpiwq_20H100465_020426_050000.bin,Pine Island,GTMNERR,0,49.875,0,32.71,0,4.062,0,90.3,0,7.12,0,25.61,8.49,7.82,0,-83.9,5.24,17.333,0,2.84,0,1.201,1.26,0,5.08
3/3/2026,11:00, ,gtmpiwq_20H100465_020426_050000.bin,Pine Island,GTMNERR,0,49.818,0,32.67,0,4.014,0,91.5,0,7.21,0,25.92,8.59,7.83,0,-84.4,5.25,17.368,0,2.43,0,1.202,1.45,0,5.84
3/3/2026,11:15, ,gtmpiwq_20H100465_020426_050000.bin,Pine Island,GTMNERR,0,49.767,0,32.63,0,3.958,0,95,0,7.49,0,27.9,9.25,7.83,0,-84.6,5.24,17.377,0,3.3,0,1.194,1.55,0,6.25
3/3/2026,11:30, ,gtmpiwq_20H100465_020426_050000.bin,Pine Island,GTMNERR,0,49.455,0,32.4,0,3.899,0,96,0,7.55,0,30.3,10.06,7.82,0,-83.9,5.24,17.532,0,4.95,0,1.197,1.51,0,6.07
3/3/2026,11:45, ,gtmpiwq_20H100465_020426_050000.bin,Pine Island,GTMNERR,0,49.118,0,32.16,0,3.845,0,95.8,0,7.53,0,32.78,10.88,7.8,0,-82.9,5.25,17.675,0,5.2,0,1.197,1.69,0,6.81
3/3/2026,12:00, ,gtmpiwq_20H100465_020426_050000.bin,Pine Island,GTMNERR,0,48.649,0,31.82,0,3.787,0,95.4,0,7.48,0,35.79,11.89,7.78,0,-81.4,5.24,17.853,0,5.59,0,1.198,2.52,0,10.13
3/3/2026,12:15, ,gtmpiwq_20H100465_020426_050000.bin,Pine Island,GTMNERR,0,47.99,0,31.34,0,3.725,0,94.5,0,7.39,0,40.53,13.47,7.74,0,-79.3,5.25,18.161,0,4.22,0,1.197,1.64,0,6.6
3/3/2026,12:30, ,gtmpiwq_20H100465_020426_050000.bin,Pine Island,GTMNERR,0,48.086,0,31.41,0,3.645,0,95.3,0,7.44,0,40.35,13.41,7.75,0,-79.8,5.24,18.206,0,4.45,0,1.195,1.59,0,6.4
3/3/2026,12:45, ,gtmpiwq_20H100465_020426_050000.bin,Pine Island,GTMNERR,0,47.834,0,31.22,0,3.57,0,95,0,7.42,0,41.87,13.91,7.73,0,-78.9,5.24,18.29,0,5.61,0,1.195,1.74,0,7.01
3/3/2026,13:00, ,gtmpiwq_20H100465_020426_050000.bin,Pine Island,GTMNERR,0,47.662,0,31.1,0,3.484,0,95.4,0,7.44,0,42.95,14.27,7.73,0,-78.6,5.25,18.394,0,6.05,0,1.195,1.79,0,7.19
3/3/2026,13:15, ,gtmpiwq_20H100465_020426_050000.bin,Pine Island,GTMNERR,0,47.477,0,30.96,0,3.4,0,95.9,0,7.47,0,44.06,14.65,7.72,0,-78.2,5.24,18.518,0,6.57,0,1.194,1.47,0,5.91
3/3/2026,13:30, ,gtmpiwq_20H100465_020426_050000.bin,Pine Island,GTMNERR,0,47.332,0,30.86,0,3.317,0,95.9,0,7.47,0,44.87,14.92,7.71,0,-77.8,5.25,18.594,0,6.11,0,1.195,1.6,0,6.44
3/3/2026,13:45, ,gtmpiwq_20H100465_020426_050000.bin,Pine Island,GTMNERR,0,47.174,0,30.74,0,3.233,0,95.7,0,7.44,0,46.07,15.31,7.7,0,-77.2,5.23,18.702,0,5.81,0,1.193,1.71,0,6.88
3/3/2026,14:00, ,gtmpiwq_20H100465_020426_050000.bin,Pine Island,GTMNERR,0,46.881,0,30.53,0,3.138,0,95.9,0,7.44,0,48.01,15.96,7.69,0,-76.6,5.24,18.808,0,6.14,0,1.194,1.78,0,7.16
3/3/2026,14:15, ,gtmpiwq_20H100465_020426_050000.bin,Pine Island,GTMNERR,0,46.596,0,30.32,0,3.049,0,95.9,0,7.44,0,49.21,16.36,7.68,0,-76,5.25,18.914,0,6.81,0,1.193,1.85,0,7.43
3/3/2026,14:30, ,gtmpiwq_20H100465_020426_050000.bin,Pine Island,GTMNERR,0,46.358,0,30.15,0,2.959,0,96.7,0,7.49,0,50.39,16.76,7.68,0,-75.6,5.23,19.063,0,6.11,0,1.197,2,0,8.04
3/3/2026,14:45, ,gtmpiwq_20H100465_020426_050000.bin,Pine Island,GTMNERR,0,46.19,0,30.03,0,2.862,0,97.3,0,7.53,0,51.94,17.27,7.67,0,-75.3,5.24,19.182,0,7.32,0,1.209,1.93,0,7.75
3/3/2026,15:00, ,gtmpiwq_20H100465_020426_050000.bin,Pine Island,GTMNERR,0,46.013,0,29.9,0,2.768,0,97.8,0,7.55,0,52.33,17.4,7.67,0,-75.2,5.21,19.266,0,5.11,0,1.201,2.21,0,8.87
3/3/2026,15:15, ,gtmpiwq_20H100465_020426_050000.bin,Pine Island,GTMNERR,0,45.818,0,29.76,0,2.677,0,98.4,0,7.59,0,53.61,17.83,7.66,0,-75,5.21,19.396,0,5.81,0,1.194,2.1,0,8.46
3/3/2026,15:30, ,gtmpiwq_20H100465_020426_050000.bin,Pine Island,GTMNERR,0,45.563,0,29.58,0,2.597,0,98.4,0,7.58,0,54.94,18.27,7.65,0,-74.4,5.22,19.513,0,5.49,0,1.204,2.03,0,8.17
3/3/2026,15:45, ,gtmpiwq_20H100465_020426_050000.bin,Pine Island,GTMNERR,0,45.368,0,29.43,0,2.537,0,99,0,7.62,0,55.27,18.38,7.65,0,-74.3,5.2,19.628,0,5.77,0,1.208,2.39,0,9.61
3/3/2026,16:00, ,gtmpiwq_20H100465_020426_050000.bin,Pine Island,GTMNERR,0,45.222,0,29.33,0,2.492,0,99,0,7.62,0,59.43,19.77,7.64,0,-73.8,5.2,19.716,0,5.9,0,1.207,2.22,0,8.94
3/3/2026,16:15, ,gtmpiwq_20H100465_020426_050000.bin,Pine Island,GTMNERR,0,45.091,0,29.23,0,2.479,0,98.1,0,7.54,0,55.42,18.43,7.63,0,-73.1,5.18,19.787,0,4.46,0,1.208,2.46,0,9.88
3/3/2026,16:30, ,gtmpiwq_20H100465_020426_050000.bin,Pine Island,GTMNERR,0,45.065,0,29.21,0,2.517,0,94.8,0,7.28,0,54.98,18.29,7.62,0,-72.6,5.19,19.817,0,3.69,0,1.211,2.22,0,8.9
3/3/2026,16:45, ,gtmpiwq_20H100465_020426_050000.bin,Pine Island,GTMNERR,0,45.305,0,29.39,0,2.582,0,100,0,7.67,0,56.28,18.72,7.63,0,-73.2,5.19,19.87,0,3.69,0,1.201,2.35,0,9.44
3/3/2026,17:00, ,gtmpiwq_20H100465_020426_050000.bin,Pine Island,GTMNERR,0,45.623,0,29.62,0,2.669,0,100.1,0,7.67,0,53.51,17.8,7.66,0,-74.7,5.25,19.81,0,4.4,0,1.202,2.56,0,10.27
3/3/2026,17:15, ,gtmpiwq_20H100465_020426_050000.bin,Pine Island,GTMNERR,0,45.79,0,29.74,0,2.753,0,100.3,0,7.69,0,52.42,17.43,7.66,0,-75,5.25,19.734,0,4.75,0,1.204,2.62,0,10.51
3/3/2026,17:30, ,gtmpiwq_20H100465_020426_050000.bin,Pine Island,GTMNERR,0,45.904,0,29.82,0,2.842,0,100,0,7.68,0,52.08,17.32,7.67,0,-75.3,5.27,19.617,0,5.71,0,1.202,2.49,0,10.01
3/3/2026,17:45, ,gtmpiwq_20H100465_020426_050000.bin,Pine Island,GTMNERR,0,46.251,0,30.07,0,2.932,0,99.8,0,7.68,0,50.98,16.95,7.68,0,-76,5.27,19.483,0,5.12,0,1.204,2.4,0,9.66
3/3/2026,18:00, ,gtmpiwq_20H100465_020426_050000.bin,Pine Island,GTMNERR,0,46.576,0,30.31,0,3.016,0,100,0,7.69,0,49.22,16.37,7.69,0,-76.6,5.26,19.407,0,5.18,0,1.204,2.35,0,9.44
3/3/2026,18:15, ,gtmpiwq_20H100465_020426_050000.bin,Pine Island,GTMNERR,0,46.759,0,30.44,0,3.1,0,100,0,7.67,0,47.93,15.94,7.7,0,-76.9,5.26,19.458,0,5.95,0,1.205,2.61,0,10.47
3/3/2026,18:30, ,gtmpiwq_20H100465_020426_050000.bin,Pine Island,GTMNERR,0,46.954,0,30.58,0,3.18,0,99.7,0,7.66,0,47.61,15.83,7.7,0,-77.1,5.27,19.386,0,6.17,0,1.207,2.16,0,8.68
3/3/2026,18:45, ,gtmpiwq_20H100465_020426_050000.bin,Pine Island,GTMNERR,0,47.041,0,30.65,0,3.259,0,99.3,0,7.63,0,46.09,15.32,7.7,0,-77.1,5.25,19.299,0,6.22,0,1.207,2.49,0,10.02
3/3/2026,19:00, ,gtmpiwq_20H100465_020426_050000.bin,Pine Island,GTMNERR,0,47.068,0,30.67,0,3.341,0,98.6,0,7.6,0,46.6,15.49,7.7,0,-77.2,5.26,19.176,0,5.11,0,1.208,2.74,0,11.01
3/3/2026,19:15, ,gtmpiwq_20H100465_020426_050000.bin,Pine Island,GTMNERR,0,47.402,0,30.91,0,3.414,0,99.4,0,7.63,0,44.34,14.74,7.71,0,-77.5,5.23,19.301,0,6,0,1.208,2.11,0,8.47
3/3/2026,19:30, ,gtmpiwq_20H100465_020426_050000.bin,Pine Island,GTMNERR,0,47.534,0,31.01,0,3.485,0,99.2,0,7.63,0,43.81,14.56,7.72,0,-78.2,5.26,19.178,0,5.43,0,1.203,2.08,0,8.38
3/3/2026,19:45, ,gtmpiwq_20H100465_020426_050000.bin,Pine Island,GTMNERR,0,47.758,0,31.17,0,3.553,0,99.5,0,7.65,0,42.23,14.03,7.73,0,-78.9,5.27,19.129,0,5.78,0,1.203,2.43,0,9.75
3/3/2026,20:00, ,gtmpiwq_20H100465_020426_050000.bin,Pine Island,GTMNERR,0,47.943,0,31.3,0,3.625,0,100.3,0,7.71,0,41.19,13.69,7.74,0,-79.6,5.26,19.096,0,4.91,0,1.203,2.19,0,8.79
3/3/2026,20:15, ,gtmpiwq_20H100465_020426_050000.bin,Pine Island,GTMNERR,0,48.106,0,31.42,0,3.688,0,100.2,0,7.71,0,39.71,13.19,7.75,0,-80.1,5.27,19.005,0,4.89,0,1.21,2.32,0,9.33
3/3/2026,20:30, ,gtmpiwq_20H100465_020426_050000.bin,Pine Island,GTMNERR,0,48.286,0,31.55,0,3.749,0,100.3,0,7.72,0,38.78,12.88,7.76,0,-80.7,5.25,18.912,0,4.14,0,1.205,2.1,0,8.46
3/3/2026,20:45, ,gtmpiwq_20H100465_020426_050000.bin,Pine Island,GTMNERR,0,48.336,0,31.59,0,3.807,0,99.8,0,7.69,0,38.83,12.9,7.76,0,-80.6,5.26,18.884,0,4.69,0,1.2,2.11,0,8.49
3/3/2026,21:00, ,gtmpiwq_20H100465_020426_050000.bin,Pine Island,GTMNERR,0,48.373,0,31.62,0,3.852,0,99,0,7.63,0,37.86,12.57,7.76,0,-80.7,5.27,18.808,0,4.94,0,1.196,2.17,0,8.73
3/3/2026,21:15, ,gtmpiwq_20H100465_020426_050000.bin,Pine Island,GTMNERR,0,48.488,0,31.7,0,3.898,0,98.8,0,7.63,0,37.23,12.37,7.77,0,-81,5.26,18.724,0,5.04,0,1.203,2.03,0,8.15
3/3/2026,21:30, ,gtmpiwq_20H100465_020426_050000.bin,Pine Island,GTMNERR,0,48.645,0,31.82,0,3.933,0,99.2,0,7.66,0,36.34,12.07,7.78,0,-81.5,5.27,18.662,0,4.48,0,1.208,2.18,0,8.77
3/3/2026,21:45, ,gtmpiwq_20H100465_020426_050000.bin,Pine Island,GTMNERR,0,48.791,0,31.92,0,3.965,0,98.9,0,7.65,0,34.42,11.43,7.79,0,-82.1,5.25,18.592,0,4.41,0,1.21,2.43,0,9.78
3/3/2026,22:00, ,gtmpiwq_20H100465_020426_050000.bin,Pine Island,GTMNERR,0,48.876,0,31.98,0,3.992,0,97.9,0,7.58,0,33.93,11.26,7.79,0,-82.3,5.26,18.529,0,4.54,0,1.203,2.11,0,8.47
3/3/2026,22:15, ,gtmpiwq_20H100465_020426_050000.bin,Pine Island,GTMNERR,0,49.072,0,32.13,0,4.008,0,97.8,0,7.57,0,32.76,10.88,7.79,0,-82.3,5.27,18.449,0,4.78,0,1.199,1.97,0,7.91
3/3/2026,22:30, ,gtmpiwq_20H100465_020426_050000.bin,Pine Island,GTMNERR,0,49.178,0,32.2,0,4.017,0,96.5,0,7.48,0,31.75,10.54,7.79,0,-82.5,5.25,18.41,0,3.23,0,1.198,1.63,0,6.56
3/3/2026,22:45, ,gtmpiwq_20H100465_020426_050000.bin,Pine Island,GTMNERR,0,49.26,0,32.26,0,4.009,0,96.4,0,7.47,0,31.16,10.34,7.8,0,-82.8,5.26,18.379,0,4.04,0,1.193,1.91,0,7.68
3/3/2026,23:00, ,gtmpiwq_20H100465_020426_050000.bin,Pine Island,GTMNERR,0,49.303,0,32.3,0,3.982,0,92.2,0,7.15,0,30.03,9.96,7.78,0,-81.8,5.25,18.357,0,2.92,0,1.194,1.47,0,5.94
3/3/2026,23:15, ,gtmpiwq_20H100465_020426_050000.bin,Pine Island,GTMNERR,0,49.263,0,32.27,0,3.936,0,94.2,0,7.3,0,30.94,10.27,7.8,0,-83.2,5.26,18.367,0,2.89,0,1.205,2.03,0,8.15
3/3/2026,23:30, ,gtmpiwq_20H100465_020426_050000.bin,Pine Island,GTMNERR,0,49.137,0,32.17,0,3.881,0,99.1,0,7.67,0,32.55,10.81,7.81,0,-83.3,5.27,18.405,0,3.39,0,1.204,2.03,0,8.16
3/3/2026,23:45, ,gtmpiwq_20H100465_020426_050000.bin,Pine Island,GTMNERR,0,48.925,0,32.02,0,3.824,0,99.2,0,7.68,0,33.99,11.28,7.8,0,-82.7,5.25,18.469,0,5.27,0,1.205,2.09,0,8.4
3/4/2026,0:00, ,gtmpiwq_20H100465_020426_050000.bin,Pine Island,GTMNERR,0,48.535,0,31.74,0,3.767,0,98.8,0,7.65,0,36.38,12.08,7.78,0,-81.5,5.26,18.611,0,5.56,0,1.206,1.9,0,7.63
3/4/2026,0:15, ,gtmpiwq_20H100465_020426_050000.bin,Pine Island,GTMNERR,0,48.117,0,31.43,0,3.706,0,98.2,0,7.59,0,39.6,13.16,7.75,0,-80.3,5.25,18.763,0,5.55,0,1.198,1.98,0,7.95
3/4/2026,0:30, ,gtmpiwq_20H100465_020426_050000.bin,Pine Island,GTMNERR,0,47.757,0,31.17,0,3.64,0,97.5,0,7.53,0,42.46,14.11,7.74,0,-79.3,5.25,18.903,0,4.43,0,1.192,1.78,0,7.17
3/4/2026,0:45, ,gtmpiwq_20H100465_020426_050000.bin,Pine Island,GTMNERR,0,47.851,0,31.24,0,3.562,0,97.8,0,7.55,0,41.94,13.94,7.74,0,-79.4,5.27,18.907,0,4.39,0,1.192,1.61,0,6.5
3/4/2026,1:00, ,gtmpiwq_20H100465_020426_050000.bin,Pine Island,GTMNERR,0,47.733,0,31.15,0,3.476,0,97.8,0,7.55,0,42.43,14.1,7.73,0,-79.1,5.25,18.947,0,5.54,0,1.202,1.67,0,6.74
3/4/2026,1:15, ,gtmpiwq_20H100465_020426_050000.bin,Pine Island,GTMNERR,0,47.471,0,30.96,0,3.391,0,97.6,0,7.53,0,45.19,15.02,7.72,0,-78.4,5.26,19.021,0,6.86,0,1.206,1.81,0,7.27
3/4/2026,1:30, ,gtmpiwq_20H100465_020426_050000.bin,Pine Island,GTMNERR,0,47.348,0,30.87,0,3.3,0,97.6,0,7.53,0,45.4,15.09,7.72,0,-78.2,5.25,19.071,0,6.99,0,1.211,1.78,0,7.16
3/4/2026,1:45, ,gtmpiwq_20H100465_020426_050000.bin,Pine Island,GTMNERR,0,47.169,0,30.74,0,3.207,0,97.1,0,7.49,0,47.37,15.75,7.71,0,-77.5,5.25,19.11,0,6.71,0,1.211,2.06,0,8.27
3/4/2026,2:00, ,gtmpiwq_20H100465_020426_050000.bin,Pine Island,GTMNERR,0,47.037,0,30.64,0,3.113,0,96.7,0,7.46,0,47.72,15.87,7.7,0,-77.1,5.26,19.136,0,6.87,0,1.203,1.88,0,7.55
3/4/2026,2:15, ,gtmpiwq_20H100465_020426_050000.bin,Pine Island,GTMNERR,0,46.805,0,30.48,0,3.011,0,96.5,0,7.45,0,49.15,16.34,7.69,0,-76.7,5.25,19.148,0,6.25,0,1.202,1.72,0,6.94
3/4/2026,2:30, ,gtmpiwq_20H100465_020426_050000.bin,Pine Island,GTMNERR,0,46.49,0,30.25,0,2.91,0,95.9,0,7.41,0,51.66,17.18,7.68,0,-75.9,5.26,19.157,0,6.47,0,1.204,1.78,0,7.15
3/4/2026,2:45, ,gtmpiwq_20H100465_020426_050000.bin,Pine Island,GTMNERR,0,46.196,0,30.03,0,2.804,0,95.1,0,7.36,0,51.32,17.07,7.67,0,-75.2,5.25,19.151,0,6.83,0,1.199,2,0,8.04
3/4/2026,3:00, ,gtmpiwq_20H100465_020426_050000.bin,Pine Island,GTMNERR,0,45.98,0,29.88,0,2.698,0,94.3,0,7.31,0,52.69,17.52,7.65,0,-74.4,5.25,19.137,0,7.24,0,1.196,1.88,0,7.55
3/4/2026,3:15, ,gtmpiwq_20H100465_020426_050000.bin,Pine Island,GTMNERR,0,45.795,0,29.74,0,2.597,0,93.3,0,7.24,0,54.03,17.97,7.64,0,-73.7,5.27,19.13,0,6.85,0,1.192,1.91,0,7.67
3/4/2026,3:30, ,gtmpiwq_20H100465_020426_050000.bin,Pine Island,GTMNERR,0,45.589,0,29.6,0,2.498,0,92.7,0,7.19,0,56.06,18.65,7.63,0,-73.2,5.27,19.133,0,5.85,0,1.194,1.94,0,7.79
3/4/2026,3:45, ,gtmpiwq_20H100465_020426_050000.bin,Pine Island,GTMNERR,0,45.397,0,29.46,0,2.419,0,92.1,0,7.15,0,57.26,19.05,7.62,0,-72.6,5.26,19.123,0,6.32,0,1.202,1.93,0,7.76
3/4/2026,4:00, ,gtmpiwq_20H100465_020426_050000.bin,Pine Island,GTMNERR,0,45.208,0,29.32,0,2.358,0,91.2,0,7.09,0,58.26,19.38,7.61,0,-71.8,5.25,19.109,0,6.4,0,1.207,2.02,0,8.12
3/4/2026,4:15, ,gtmpiwq_20H100465_020426_050000.bin,Pine Island,GTMNERR,0,45.071,0,29.22,0,2.331,0,90.6,0,7.05,0,59.91,19.93,7.61,0,-71.5,5.26,19.099,0,4.72,0,1.203,2.01,0,8.09
3/4/2026,4:30, ,gtmpiwq_20H100465_020426_050000.bin,Pine Island,GTMNERR,0,44.99,0,29.16,0,2.348,0,88.5,0,6.89,0,58.96,19.61,7.59,0,-70.8,5.25,19.084,0,3.93,0,1.198,2.08,0,8.37
3/4/2026,4:45, ,gtmpiwq_20H100465_020426_050000.bin,Pine Island,GTMNERR,0,44.951,0,29.14,0,2.415,0,84.4,0,6.57,0,59.35,19.75,7.57,0,-69.7,5.25,19.063,0,4.87,0,1.194,2.25,0,9.05
3/4/2026,5:00, ,gtmpiwq_20H100465_020426_050000.bin,Pine Island,GTMNERR,0,45.546,0,29.57,0,2.507,0,88.2,0,6.87,0,56.24,18.71,7.6,0,-71.1,5.26,18.991,0,4.36,0,1.196,2.05,0,8.22
3/4/2026,5:15, ,gtmpiwq_20H100465_020426_050000.bin,Pine Island,GTMNERR,0,45.548,0,29.57,0,2.606,0,89.7,0,6.98,0,55.11,18.33,7.6,0,-71.4,5.25,19.005,0,4.89,0,1.203,2.09,0,8.42
3/4/2026,5:30, ,gtmpiwq_20H100465_020426_050000.bin,Pine Island,GTMNERR,0,45.808,0,29.75,0,2.708,0,90.5,0,7.03,0,53.86,17.91,7.62,0,-72.3,5.26,18.979,0,7.55,0,1.204,1.91,0,7.69
3/4/2026,5:45, ,gtmpiwq_20H100465_020426_050000.bin,Pine Island,GTMNERR,0,46.15,0,30,0,2.799,0,90.8,0,7.06,0,52.69,17.52,7.63,0,-73,5.27,18.927,0,5.24,0,1.202,1.9,0,7.66
3/4/2026,6:00, ,gtmpiwq_20H100465_020426_050000.bin,Pine Island,GTMNERR,0,46.29,0,30.1,0,2.889,0,91.5,0,7.11,0,51.81,17.23,7.64,0,-73.5,5.25,18.932,0,5.87,0,1.204,1.95,0,7.84
3/4/2026,6:15, ,gtmpiwq_20H100465_020426_050000.bin,Pine Island,GTMNERR,0,46.651,0,30.36,0,2.973,0,90.4,0,7.03,0,49,16.29,7.64,0,-73.6,5.26,18.82,0,9.21,0,1.208,1.87,0,7.53
3/4/2026,6:30, ,gtmpiwq_20H100465_020426_050000.bin,Pine Island,GTMNERR,0,46.826,0,30.49,0,3.06,0,91,0,7.07,0,49.08,16.32,7.65,0,-74.2,5.25,18.814,0,6.96,0,1.21,1.72,0,6.94
3/4/2026,6:45, ,gtmpiwq_20H100465_020426_050000.bin,Pine Island,GTMNERR,0,47.048,0,30.65,0,3.139,0,90.9,0,7.06,0,47.97,15.95,7.65,0,-74.4,5.26,18.767,0,6.62,0,1.21,1.64,0,6.61
3/4/2026,7:00, ,gtmpiwq_20H100465_020426_050000.bin,Pine Island,GTMNERR,0,47.189,0,30.76,0,3.217,0,91.1,0,7.07,0,47.2,15.69,7.66,0,-74.8,5.27,18.766,0,6.07,0,1.207,1.6,0,6.43
3/4/2026,7:15, ,gtmpiwq_20H100465_020426_050000.bin,Pine Island,GTMNERR,0,47.34,0,30.87,0,3.296,0,91.8,0,7.12,0,45.92,15.27,7.67,0,-75.4,5.25,18.755,0,7.03,0,1.206,1.83,0,7.35
3/4/2026,7:30, ,gtmpiwq_20H100465_020426_050000.bin,Pine Island,GTMNERR,0,47.491,0,30.98,0,3.367,0,91.4,0,7.09,0,44.88,14.92,7.67,0,-75.6,5.26,18.708,0,7.54,0,1.208,1.72,0,6.92
3/4/2026,7:45, ,gtmpiwq_20H100465_020426_050000.bin,Pine Island,GTMNERR,0,47.63,0,31.08,0,3.435,0,91.7,0,7.12,0,44.06,14.65,7.68,0,-76.1,5.26,18.681,0,6.68,0,1.209,1.78,0,7.18
3/4/2026,8:00, ,gtmpiwq_20H100465_020426_050000.bin,Pine Island,GTMNERR,0,47.802,0,31.2,0,3.506,0,92.4,0,7.17,0,42.64,14.17,7.7,0,-76.8,5.25,18.616,0,6.74,0,1.211,1.72,0,6.91
3/4/2026,8:15, ,gtmpiwq_20H100465_020426_050000.bin,Pine Island,GTMNERR,0,47.91,0,31.28,0,3.578,0,92.4,0,7.17,0,42.19,14.02,7.7,0,-77.2,5.25,18.576,0,6.25,0,1.202,1.82,0,7.33
3/4/2026,8:30, ,gtmpiwq_20H100465_020426_050000.bin,Pine Island,GTMNERR,0,48.067,0,31.39,0,3.645,0,92.4,0,7.18,0,41.43,13.77,7.71,0,-77.8,5.26,18.512,0,5.35,0,1.198,1.61,0,6.5
3/4/2026,8:45, ,gtmpiwq_20H100465_020426_050000.bin,Pine Island,GTMNERR,0,48.207,0,31.5,0,3.709,0,92.2,0,7.17,0,40.36,13.41,7.72,0,-78.1,5.24,18.456,0,5.49,0,1.203,1.61,0,6.5
3/4/2026,9:00, ,gtmpiwq_20H100465_020426_050000.bin,Pine Island,GTMNERR,0,48.339,0,31.59,0,3.766,0,92.4,0,7.18,0,39.12,13,7.72,0,-78.3,5.25,18.428,0,6.29,0,1.208,1.62,0,6.54
3/4/2026,9:15, ,gtmpiwq_20H100465_020426_050000.bin,Pine Island,GTMNERR,0,48.363,0,31.61,0,3.823,0,91.9,0,7.14,0,39.23,13.03,7.72,0,-78.4,5.26,18.427,0,6.2,0,1.211,1.82,0,7.34
3/4/2026,9:30, ,gtmpiwq_20H100465_020426_050000.bin,Pine Island,GTMNERR,0,48.526,0,31.73,0,3.867,0,92.5,0,7.19,0,38.1,12.66,7.73,0,-78.9,5.25,18.375,0,5.7,0,1.204,1.71,0,6.9
3/4/2026,9:45, ,gtmpiwq_20H100465_020426_050000.bin,Pine Island,GTMNERR,0,48.671,0,31.83,0,3.908,0,92.6,0,7.2,0,36.67,12.18,7.74,0,-79.6,5.25,18.33,0,5.23,0,1.199,1.64,0,6.6
3/4/2026,10:00, ,gtmpiwq_20H100465_020426_050000.bin,Pine Island,GTMNERR,0,48.846,0,31.96,0,3.941,0,92.6,0,7.2,0,35.54,11.8,7.75,0,-80,5.26,18.279,0,5.28,0,1.193,1.88,0,7.58
3/4/2026,10:15, ,gtmpiwq_20H100465_020426_050000.bin,Pine Island,GTMNERR,0,48.991,0,32.07,0,3.967,0,92.3,0,7.18,0,34.44,11.43,7.76,0,-80.6,5.25,18.238,0,5.38,0,1.202,1.83,0,7.36
3/4/2026,10:30, ,gtmpiwq_20H100465_020426_050000.bin,Pine Island,GTMNERR,0,49.154,0,32.19,0,3.981,0,92.4,0,7.19,0,33.35,11.07,7.77,0,-80.9,5.25,18.197,0,4.43,0,1.205,1.58,0,6.36
3/4/2026,10:45, ,gtmpiwq_20H100465_020426_050000.bin,Pine Island,GTMNERR,0,49.27,0,32.27,0,3.987,0,91.1,0,7.08,0,33.43,11.1,7.77,0,-81.2,5.25,18.18,0,3.58,0,1.211,1.46,0,5.89
3/4/2026,11:00, ,gtmpiwq_20H100465_020426_050000.bin,Pine Island,GTMNERR,0,49.272,0,32.27,0,3.976,0,91.7,0,7.13,0,30.07,9.98,7.77,0,-81.4,5.25,18.201,0,10.72,0,1.204,1.57,0,6.32
3/4/2026,11:15, ,gtmpiwq_20H100465_020426_050000.bin,Pine Island,GTMNERR,0,49.346,0,32.33,0,3.947,0,88,0,6.84,0,34.35,11.4,7.77,0,-81,5.26,18.192,0,3.25,0,1.192,1.5,0,6.06
3/4/2026,11:30, ,gtmpiwq_20H100465_020426_050000.bin,Pine Island,GTMNERR,0,49.271,0,32.27,0,3.897,0,93.3,0,7.25,0,31.81,10.56,7.78,0,-81.6,5.25,18.195,0,3.75,0,1.193,1.73,0,6.98
3/4/2026,11:45, ,gtmpiwq_20H100465_020426_050000.bin,Pine Island,GTMNERR,0,49.091,0,32.14,0,3.838,0,94.7,0,7.35,0,33.32,11.06,7.78,0,-81.5,5.25,18.267,0,4.93,0,1.195,1.66,0,6.67
3/4/2026,12:00, ,gtmpiwq_20H100465_020426_050000.bin,Pine Island,GTMNERR,0,48.877,0,31.98,0,3.773,0,95,0,7.36,0,35.59,11.82,7.76,0,-80.6,5.24,18.426,0,4.78,0,1.198,1.57,0,6.33
3/4/2026,12:15, ,gtmpiwq_20H100465_020426_050000.bin,Pine Island,GTMNERR,0,48.45,0,31.67,0,3.708,0,94.5,0,7.31,0,38.24,12.7,7.74,0,-79.4,5.25,18.62,0,5.57,0,1.201,1.71,0,6.88
3/4/2026,12:30, ,gtmpiwq_20H100465_020426_050000.bin,Pine Island,GTMNERR,0,48.089,0,31.41,0,3.641,0,94.5,0,7.3,0,40.5,13.46,7.72,0,-78.5,5.26,18.81,0,5.28,0,1.205,1.7,0,6.85
3/4/2026,12:45, ,gtmpiwq_20H100465_020426_050000.bin,Pine Island,GTMNERR,0,47.832,0,31.22,0,3.563,0,94.5,0,7.28,0,42.08,13.98,7.71,0,-77.8,5.25,18.99,0,4.96,0,1.206,1.61,0,6.5
