Date,Time,F_Record,FILENAME,SITENAME,USERID,FAULTCODE,SpCond,F_SpCond,Sal,F_Sal,Level,F_Level,DO_pct,F_DO_pct,DO_mgl,F_DO_mgl,fDOMQSU,fDOMRFU,pH,F_pH,pHmV,BATTERY,Temp,F_Temp,Turb,F_Turb,WIPERPOSITIONVOLT,ChlFluor,F_ChlFluor,Chlorophyllug/L
1/7/2026,11:00, ,gtmpcwq_24G103008_010726_050000.bin,Pellicer Creek,GTMNERR,0,22.826,<0> (CND),13.83,<0> (CND),-0.124,<0> (CND),81,<0> (CND),7.16,<0> (CND),64.58,21.62,7.44,<0> (CND),-49,5.79,17.267,<0> (CND),4.54,<0> (CND),1.198,1.57,<0> (CND),6.29
1/7/2026,11:15, ,gtmpcwq_24G103008_010726_050000.bin,Pellicer Creek,GTMNERR,0,23.528,0,14.29,0,-0.1,0,83.2,0,7.3,0,63.08,21.12,7.46,0,-50.5,5.81,17.529,0,5.21,0,1.191,1.86,0,7.47
1/7/2026,11:30, ,gtmpcwq_24G103008_010726_050000.bin,Pellicer Creek,GTMNERR,0,24.661,0,15.04,0,-0.075,0,87,0,7.53,0,60.82,20.36,7.5,0,-52.8,5.8,17.999,0,5.03,0,1.192,1.44,0,5.78
1/7/2026,11:45, ,gtmpcwq_24G103008_010726_050000.bin,Pellicer Creek,GTMNERR,0,25.736,0,15.76,0,-0.044,0,88,0,7.56,0,59.47,19.91,7.52,0,-54.1,5.81,18.156,0,5.75,0,1.184,1.67,0,6.68
1/7/2026,12:00, ,gtmpcwq_24G103008_010726_050000.bin,Pellicer Creek,GTMNERR,0,26.238,0,16.1,0,-0.012,0,88.2,0,7.55,0,58.82,19.69,7.53,0,-54.6,5.8,18.23,0,6.33,0,1.192,1.49,0,5.95
1/7/2026,12:15, ,gtmpcwq_24G103008_010726_050000.bin,Pellicer Creek,GTMNERR,0,28.087,0,17.34,0,0.019,0,87.8,0,7.46,0,59.15,19.8,7.55,0,-55.7,5.8,18.216,0,7.64,0,1.193,1.4,0,5.58
1/7/2026,12:30, ,gtmpcwq_24G103008_010726_050000.bin,Pellicer Creek,GTMNERR,0,30.853,0,19.23,0,0.052,0,85.9,0,7.24,0,53.69,17.97,7.57,0,-57,5.81,18.069,0,9.44,0,1.186,1.27,0,5.07
1/7/2026,12:45, ,gtmpcwq_24G103008_010726_050000.bin,Pellicer Creek,GTMNERR,0,31.652,0,19.77,0,0.091,0,86.9,0,7.28,0,52.32,17.51,7.6,0,-58.4,5.8,18.185,0,9.49,0,1.202,1.29,0,5.16
1/7/2026,13:00, ,gtmpcwq_24G103008_010726_050000.bin,Pellicer Creek,GTMNERR,0,32.566,0,20.4,0,0.128,0,89.3,0,7.41,0,52,17.41,7.62,0,-59.6,5.81,18.497,0,9.17,0,1.194,1.41,0,5.63
1/7/2026,13:15, ,gtmpcwq_24G103008_010726_050000.bin,Pellicer Creek,GTMNERR,0,33.39,0,20.97,0,0.162,0,91.1,0,7.5,0,50.51,16.91,7.64,0,-61,5.8,18.762,0,10.01,0,1.193,1.23,0,4.92
1/7/2026,13:30, ,gtmpcwq_24G103008_010726_050000.bin,Pellicer Creek,GTMNERR,0,33.995,0,21.39,0,0.195,0,91.6,0,7.5,0,49.49,16.56,7.66,0,-61.9,5.8,18.89,0,9,0,1.2,1.39,0,5.57
1/7/2026,13:45, ,gtmpcwq_24G103008_010726_050000.bin,Pellicer Creek,GTMNERR,0,35.158,0,22.19,0,0.219,0,95.1,0,7.68,0,45.97,15.39,7.7,0,-64.7,5.81,19.317,0,11.23,0,1.197,1.34,0,5.34
1/7/2026,14:00, ,gtmpcwq_24G103008_010726_050000.bin,Pellicer Creek,GTMNERR,0,36.028,0,22.8,0,0.237,0,96.8,0,7.75,0,44.16,14.78,7.74,0,-66.7,5.8,19.669,0,10.14,0,1.2,1.34,0,5.36
1/7/2026,14:15, ,gtmpcwq_24G103008_010726_050000.bin,Pellicer Creek,GTMNERR,0,36.466,0,23.1,0,0.244,0,97.1,0,7.74,0,42.98,14.39,7.75,0,-67.3,5.81,19.73,0,9.9,0,1.188,1.49,0,5.96
1/7/2026,14:30, ,gtmpcwq_24G103008_010726_050000.bin,Pellicer Creek,GTMNERR,0,36.787,0,23.33,0,0.246,0,96.9,0,7.71,0,41.87,14.01,7.75,0,-67.3,5.8,19.784,0,9.26,0,1.188,1.41,0,5.64
1/7/2026,14:45, ,gtmpcwq_24G103008_010726_050000.bin,Pellicer Creek,GTMNERR,0,37.145,0,23.58,0,0.235,0,92.2,0,7.32,0,40.14,13.44,7.71,0,-65.3,5.8,19.793,0,10.4,0,1.197,1.06,0,4.21
1/7/2026,15:00, ,gtmpcwq_24G103008_010726_050000.bin,Pellicer Creek,GTMNERR,0,37.724,0,23.99,0,0.214,0,91,0,7.21,0,39.15,13.11,7.73,0,-66.1,5.81,19.791,0,7.24,0,1.194,1.06,0,4.23
1/7/2026,15:15, ,gtmpcwq_24G103008_010726_050000.bin,Pellicer Creek,GTMNERR,0,37.225,0,23.64,0,0.196,0,94.4,0,7.5,0,40.98,13.72,7.74,0,-67.2,5.8,19.748,0,9.78,0,1.186,1.25,0,4.99
1/7/2026,15:30, ,gtmpcwq_24G103008_010726_050000.bin,Pellicer Creek,GTMNERR,0,36.531,0,23.15,0,0.179,0,95.3,0,7.6,0,43.1,14.43,7.74,0,-66.8,5.81,19.665,0,8.97,0,1.186,1.49,0,5.95
1/7/2026,15:45, ,gtmpcwq_24G103008_010726_050000.bin,Pellicer Creek,GTMNERR,0,35.615,0,22.51,0,0.16,0,95.2,0,7.64,0,45.23,15.14,7.73,0,-66.2,5.8,19.59,0,9.39,0,1.197,1.57,0,6.29
1/7/2026,16:00, ,gtmpcwq_24G103008_010726_050000.bin,Pellicer Creek,GTMNERR,0,35.051,0,22.12,0,0.136,0,93.8,0,7.57,0,46.19,15.46,7.71,0,-64.9,5.8,19.429,0,9.57,0,1.189,1.63,0,6.52
1/7/2026,16:15, ,gtmpcwq_24G103008_010726_050000.bin,Pellicer Creek,GTMNERR,0,34.164,0,21.5,0,0.117,0,94,0,7.62,0,47.31,15.84,7.7,0,-64.8,5.81,19.381,0,6.63,0,1.202,1.8,0,7.19
1/7/2026,16:30, ,gtmpcwq_24G103008_010726_050000.bin,Pellicer Creek,GTMNERR,0,33.207,0,20.84,0,0.094,0,93.3,0,7.61,0,48.58,16.26,7.69,0,-63.8,5.8,19.257,0,6.96,0,1.2,1.64,0,6.58
1/7/2026,16:45, ,gtmpcwq_24G103008_010726_050000.bin,Pellicer Creek,GTMNERR,0,33.306,0,20.91,0,0.072,0,91.8,0,7.5,0,49.15,16.45,7.67,0,-62.9,5.8,19.144,0,6.96,0,1.193,1.95,0,7.83
1/7/2026,17:00, ,gtmpcwq_24G103008_010726_050000.bin,Pellicer Creek,GTMNERR,0,34.179,0,21.51,0,0.054,0,90.9,0,7.4,0,48.13,16.11,7.68,0,-63.1,5.8,19.127,0,8.29,0,1.192,1.78,0,7.15
1/7/2026,17:15, ,gtmpcwq_24G103008_010726_050000.bin,Pellicer Creek,GTMNERR,0,33.47,0,21.02,0,0.035,0,90.1,0,7.38,0,48.83,16.34,7.67,0,-62.8,5.8,19.028,0,7.03,0,1.193,1.79,0,7.17
1/7/2026,17:30, ,gtmpcwq_24G103008_010726_050000.bin,Pellicer Creek,GTMNERR,0,32.823,0,20.58,0,0.016,0,89.5,0,7.36,0,50.99,17.07,7.66,0,-61.9,5.8,18.914,0,6.9,0,1.191,2.03,0,8.15
1/7/2026,17:45, ,gtmpcwq_24G103008_010726_050000.bin,Pellicer Creek,GTMNERR,0,31.413,0,19.61,0,-0.002,0,88.7,0,7.36,0,53.17,17.8,7.63,0,-60.4,5.8,18.75,0,6.98,0,1.194,2.22,0,8.92
1/7/2026,18:00, ,gtmpcwq_24G103008_010726_050000.bin,Pellicer Creek,GTMNERR,0,32.201,0,20.15,0,-0.021,0,88.5,0,7.32,0,52.43,17.55,7.63,0,-60.6,5.81,18.782,0,6.75,0,1.193,2.15,0,8.63
1/7/2026,18:15, ,gtmpcwq_24G103008_010726_050000.bin,Pellicer Creek,GTMNERR,0,30.958,0,19.3,0,-0.039,0,87.7,0,7.3,0,53.65,17.96,7.62,0,-59.6,5.79,18.677,0,7.58,0,1.198,2.25,0,9.02
1/7/2026,18:30, ,gtmpcwq_24G103008_010726_050000.bin,Pellicer Creek,GTMNERR,0,31.182,0,19.45,0,-0.056,0,88.8,0,7.37,0,53.2,17.81,7.62,0,-59.9,5.8,18.8,0,6.59,0,1.196,2.29,0,9.16
1/7/2026,18:45, ,gtmpcwq_24G103008_010726_050000.bin,Pellicer Creek,GTMNERR,0,33.024,0,20.72,0,-0.074,0,88.3,0,7.26,0,50.81,17.01,7.63,0,-60.5,5.81,18.91,0,6.84,0,1.189,2.59,0,10.38
1/7/2026,19:00, ,gtmpcwq_24G103008_010726_050000.bin,Pellicer Creek,GTMNERR,0,32.794,0,20.56,0,-0.089,0,87.1,0,7.16,0,50.04,16.75,7.63,0,-60.4,5.79,18.906,0,5.72,0,1.184,2.59,0,10.41
1/7/2026,19:15, ,gtmpcwq_24G103008_010726_050000.bin,Pellicer Creek,GTMNERR,0,31.699,0,19.8,0,-0.105,0,85.8,0,7.1,0,50.25,16.82,7.61,0,-59.4,5.8,18.816,0,5.78,0,1.19,2.38,0,9.56
1/7/2026,19:30, ,gtmpcwq_24G103008_010726_050000.bin,Pellicer Creek,GTMNERR,0,31.843,0,19.9,0,-0.118,0,86.2,0,7.13,0,49.73,16.65,7.61,0,-59.5,5.8,18.8,0,5.73,0,1.191,2.04,0,8.18
1/7/2026,19:45, ,gtmpcwq_24G103008_010726_050000.bin,Pellicer Creek,GTMNERR,0,32.188,0,20.14,0,-0.132,0,82.9,0,6.85,0,49.68,16.63,7.59,0,-57.9,5.8,18.775,0,5.44,0,1.197,2.65,0,10.63
1/7/2026,20:00, ,gtmpcwq_24G103008_010726_050000.bin,Pellicer Creek,GTMNERR,0,31.748,0,19.84,0,-0.145,0,82.1,0,6.8,0,50.17,16.79,7.59,0,-58.1,5.8,18.735,0,4.83,0,1.202,2.05,0,8.22
1/7/2026,20:15, ,gtmpcwq_24G103008_010726_050000.bin,Pellicer Creek,GTMNERR,0,31.094,0,19.39,0,-0.157,0,80.5,0,6.7,0,50.11,16.77,7.57,0,-56.7,5.79,18.677,0,4.52,0,1.194,2.39,0,9.57
1/7/2026,20:30, ,gtmpcwq_24G103008_010726_050000.bin,Pellicer Creek,GTMNERR,0,30.788,0,19.18,0,-0.167,0,80.5,0,6.71,0,50.48,16.9,7.55,0,-55.5,5.79,18.625,0,4.22,0,1.189,1.95,0,7.81
1/7/2026,20:45, ,gtmpcwq_24G103008_010726_050000.bin,Pellicer Creek,GTMNERR,0,29.963,0,18.62,0,-0.177,0,81.5,0,6.82,0,51.26,17.16,7.57,0,-56.6,5.8,18.597,0,4.3,0,1.187,1.99,0,7.97
1/7/2026,21:00, ,gtmpcwq_24G103008_010726_050000.bin,Pellicer Creek,GTMNERR,0,29.575,0,18.35,0,-0.186,0,78.5,0,6.58,0,52.8,17.67,7.52,0,-53.9,5.79,18.585,0,3.68,0,1.184,1.48,0,5.93
1/7/2026,21:15, ,gtmpcwq_24G103008_010726_050000.bin,Pellicer Creek,GTMNERR,0,29.022,0,17.98,0,-0.194,0,79.3,0,6.67,0,54.6,18.28,7.54,0,-55.3,5.8,18.58,0,2.09,0,1.191,1.77,0,7.08
1/7/2026,21:30, ,gtmpcwq_24G103008_010726_050000.bin,Pellicer Creek,GTMNERR,0,27.862,0,17.19,0,-0.202,0,81.3,0,6.87,0,54.1,18.11,7.54,0,-55.2,5.79,18.57,0,3.06,0,1.191,1.69,0,6.77
1/7/2026,21:45, ,gtmpcwq_24G103008_010726_050000.bin,Pellicer Creek,GTMNERR,0,27.682,0,17.07,0,-0.21,0,83.3,0,7.04,0,54.22,18.15,7.55,0,-55.5,5.79,18.557,0,4.75,0,1.192,2.13,0,8.52
1/7/2026,22:00, ,gtmpcwq_24G103008_010726_050000.bin,Pellicer Creek,GTMNERR,0,27.5,0,16.95,0,-0.217,0,80.2,0,6.79,0,53.44,17.89,7.52,0,-54.1,5.8,18.54,0,4.1,0,1.202,1.95,0,7.81
1/7/2026,22:15, ,gtmpcwq_24G103008_010726_050000.bin,Pellicer Creek,GTMNERR,0,26.791,0,16.47,0,-0.22,0,81.8,0,6.94,0,55.89,18.71,7.53,0,-54.3,5.79,18.522,0,4.32,0,1.191,1.97,0,7.88
1/7/2026,22:30, ,gtmpcwq_24G103008_010726_050000.bin,Pellicer Creek,GTMNERR,0,26.177,0,16.06,0,-0.219,0,83.7,0,7.13,0,56.49,18.91,7.53,0,-54.4,5.8,18.51,0,5,0,1.184,2.4,0,9.61
1/7/2026,22:45, ,gtmpcwq_24G103008_010726_050000.bin,Pellicer Creek,GTMNERR,0,25.07,0,15.32,0,-0.209,0,85.5,0,7.31,0,59.31,19.85,7.54,0,-54.8,5.78,18.529,0,5.24,0,1.187,2.25,0,9.03
1/7/2026,23:00, ,gtmpcwq_24G103008_010726_050000.bin,Pellicer Creek,GTMNERR,0,23.434,0,14.23,0,-0.196,0,85.8,0,7.39,0,60.79,20.35,7.52,0,-53.7,5.79,18.53,0,5.92,0,1.193,2.05,0,8.21
1/7/2026,23:15, ,gtmpcwq_24G103008_010726_050000.bin,Pellicer Creek,GTMNERR,0,21.797,0,13.15,0,-0.184,0,84.5,0,7.33,0,63.49,21.25,7.49,0,-52.3,5.8,18.454,0,5.59,0,1.191,2.65,0,10.61
1/7/2026,23:30, ,gtmpcwq_24G103008_010726_050000.bin,Pellicer Creek,GTMNERR,0,21.499,0,12.95,0,-0.17,0,85.1,0,7.4,0,64.02,21.43,7.5,0,-52.4,5.79,18.415,0,5.32,0,1.202,2.23,0,8.93
1/7/2026,23:45, ,gtmpcwq_24G103008_010726_050000.bin,Pellicer Creek,GTMNERR,0,21.406,0,12.89,0,-0.15,0,84.9,0,7.39,0,64.3,21.52,7.49,0,-52.2,5.79,18.356,0,5.36,0,1.194,2.38,0,9.53
1/8/2026,0:00, ,gtmpcwq_24G103008_010726_050000.bin,Pellicer Creek,GTMNERR,0,22.357,0,13.52,0,-0.129,0,85,0,7.36,0,63.13,21.13,7.5,0,-52.9,5.78,18.405,0,5.95,0,1.186,2.02,0,8.08
1/8/2026,0:15, ,gtmpcwq_24G103008_010726_050000.bin,Pellicer Creek,GTMNERR,0,23.282,0,14.13,0,-0.103,0,85.5,0,7.41,0,62.41,20.89,7.53,0,-54.3,5.79,18.236,0,5.71,0,1.191,1.9,0,7.6
1/8/2026,0:30, ,gtmpcwq_24G103008_010726_050000.bin,Pellicer Creek,GTMNERR,0,24.834,0,15.16,0,-0.079,0,86.5,0,7.41,0,60.88,20.38,7.54,0,-55.3,5.79,18.511,0,5.45,0,1.199,2.09,0,8.37
1/8/2026,0:45, ,gtmpcwq_24G103008_010726_050000.bin,Pellicer Creek,GTMNERR,0,25.158,0,15.37,0,-0.053,0,86.7,0,7.41,0,60.44,20.23,7.55,0,-55.7,5.78,18.489,0,5.38,0,1.188,2.22,0,8.91
1/8/2026,1:00, ,gtmpcwq_24G103008_010726_050000.bin,Pellicer Creek,GTMNERR,0,25.726,0,15.75,0,-0.023,0,86.5,0,7.39,0,59.75,20,7.56,0,-56.1,5.79,18.464,0,5.43,0,1.195,2.04,0,8.16
1/8/2026,1:15, ,gtmpcwq_24G103008_010726_050000.bin,Pellicer Creek,GTMNERR,0,27.384,0,16.87,0,0.007,0,86.1,0,7.3,0,57.61,19.28,7.58,0,-57.2,5.78,18.486,0,5.9,0,1.187,2.17,0,8.71
1/8/2026,1:30, ,gtmpcwq_24G103008_010726_050000.bin,Pellicer Creek,GTMNERR,0,28.341,0,17.51,0,0.038,0,86,0,7.26,0,56.67,18.97,7.59,0,-57.9,5.78,18.466,0,6.01,0,1.185,2,0,8
1/8/2026,1:45, ,gtmpcwq_24G103008_010726_050000.bin,Pellicer Creek,GTMNERR,0,29.433,0,18.26,0,0.069,0,85.6,0,7.19,0,55.47,18.57,7.6,0,-58.4,5.79,18.524,0,5.81,0,1.191,1.9,0,7.62
1/8/2026,2:00, ,gtmpcwq_24G103008_010726_050000.bin,Pellicer Creek,GTMNERR,0,32.099,0,20.08,0,0.097,0,84.6,0,6.98,0,51.89,17.37,7.62,0,-59.5,5.78,18.842,0,6,0,1.203,1.68,0,6.73
1/8/2026,2:15, ,gtmpcwq_24G103008_010726_050000.bin,Pellicer Creek,GTMNERR,0,32.25,0,20.18,0,0.123,0,83.5,0,6.91,0,52.46,17.56,7.62,0,-59.6,5.79,18.697,0,5.87,0,1.191,1.74,0,6.96
1/8/2026,2:30, ,gtmpcwq_24G103008_010726_050000.bin,Pellicer Creek,GTMNERR,0,33.236,0,20.86,0,0.144,0,82.6,0,6.81,0,50.91,17.04,7.62,0,-60,5.78,18.695,0,5.86,0,1.193,1.68,0,6.74
1/8/2026,2:45, ,gtmpcwq_24G103008_010726_050000.bin,Pellicer Creek,GTMNERR,0,34.928,0,22.03,0,0.154,0,81.8,0,6.68,0,48.03,16.08,7.64,0,-60.9,5.78,18.861,0,5.99,0,1.192,1.49,0,5.98
1/8/2026,3:00, ,gtmpcwq_24G103008_010726_050000.bin,Pellicer Creek,GTMNERR,0,36.693,0,23.27,0,0.152,0,79.8,0,6.42,0,43.06,14.41,7.64,0,-61,5.79,19.21,0,5.32,0,1.199,1.19,0,4.76
1/8/2026,3:15, ,gtmpcwq_24G103008_010726_050000.bin,Pellicer Creek,GTMNERR,0,36.972,0,23.46,0,0.138,0,77.9,0,6.26,0,42.56,14.25,7.64,0,-61.1,5.78,19.223,0,5.26,0,1.184,1.28,0,5.1
1/8/2026,3:30, ,gtmpcwq_24G103008_010726_050000.bin,Pellicer Creek,GTMNERR,0,37.663,0,23.94,0,0.121,0,77.8,0,6.22,0,41.4,13.86,7.65,0,-61.4,5.79,19.347,0,5.33,0,1.192,1.09,0,4.34
1/8/2026,3:45, ,gtmpcwq_24G103008_010726_050000.bin,Pellicer Creek,GTMNERR,0,36.758,0,23.31,0,0.106,0,80.3,0,6.45,0,44.3,14.83,7.65,0,-61.7,5.78,19.252,0,5.97,0,1.194,1.31,0,5.22
1/8/2026,4:00, ,gtmpcwq_24G103008_010726_050000.bin,Pellicer Creek,GTMNERR,0,35.895,0,22.71,0,0.091,0,81.2,0,6.56,0,45.29,15.16,7.65,0,-61.4,5.78,19.233,0,6.67,0,1.203,1.52,0,6.08
1/8/2026,4:15, ,gtmpcwq_24G103008_010726_050000.bin,Pellicer Creek,GTMNERR,0,35.911,0,22.72,0,0.071,0,80.4,0,6.49,0,45.64,15.28,7.64,0,-61,5.79,19.222,0,6.09,0,1.184,1.38,0,5.5
1/8/2026,4:30, ,gtmpcwq_24G103008_010726_050000.bin,Pellicer Creek,GTMNERR,0,35.329,0,22.31,0,0.053,0,79.9,0,6.47,0,45.3,15.16,7.63,0,-60.5,5.78,19.188,0,5.77,0,1.19,1.39,0,5.54
1/8/2026,4:45, ,gtmpcwq_24G103008_010726_050000.bin,Pellicer Creek,GTMNERR,0,35.744,0,22.6,0,0.035,0,80.7,0,6.52,0,46.31,15.5,7.63,0,-60.6,5.79,19.24,0,6.93,0,1.195,1.36,0,5.43
1/8/2026,5:00, ,gtmpcwq_24G103008_010726_050000.bin,Pellicer Creek,GTMNERR,0,35.862,0,22.68,0,0.017,0,80.4,0,6.49,0,45.56,15.25,7.63,0,-60.6,5.78,19.287,0,7,0,1.184,1.32,0,5.26
1/8/2026,5:15, ,gtmpcwq_24G103008_010726_050000.bin,Pellicer Creek,GTMNERR,0,35.261,0,22.27,0,0.003,0,79.8,0,6.46,0,45.23,15.14,7.63,0,-60.5,5.78,19.194,0,6.06,0,1.202,1.45,0,5.81
1/8/2026,5:30, ,gtmpcwq_24G103008_010726_050000.bin,Pellicer Creek,GTMNERR,0,36.063,0,22.82,0,-0.012,0,75.9,0,6.12,0,43.22,14.47,7.61,0,-59.5,5.78,19.257,0,5.86,0,1.201,1.43,0,5.71
1/8/2026,5:45, ,gtmpcwq_24G103008_010726_050000.bin,Pellicer Creek,GTMNERR,0,35.407,0,22.37,0,-0.029,0,76.3,0,6.17,0,44.64,14.94,7.6,0,-58.9,5.78,19.216,0,4.48,0,1.191,1.27,0,5.08
1/8/2026,6:00, ,gtmpcwq_24G103008_010726_050000.bin,Pellicer Creek,GTMNERR,0,35.165,0,22.2,0,-0.043,0,74.1,0,6,0,45.47,15.22,7.59,0,-58,5.78,19.211,0,5.69,0,1.195,1.14,0,4.54
1/8/2026,6:15, ,gtmpcwq_24G103008_010726_050000.bin,Pellicer Creek,GTMNERR,0,34.731,0,21.9,0,-0.058,0,75.2,0,6.1,0,44.97,15.05,7.6,0,-58.6,5.77,19.177,0,6.28,0,1.191,1.33,0,5.31
1/8/2026,6:30, ,gtmpcwq_24G103008_010726_050000.bin,Pellicer Creek,GTMNERR,0,35.266,0,22.27,0,-0.073,0,71.4,0,5.78,0,42.89,14.36,7.58,0,-57.4,5.77,19.207,0,5.16,0,1.195,1.17,0,4.66
1/8/2026,6:45, ,gtmpcwq_24G103008_010726_050000.bin,Pellicer Creek,GTMNERR,0,34.761,0,21.92,0,-0.087,0,73.6,0,5.98,0,43.91,14.7,7.57,0,-56.7,5.79,19.174,0,4.18,0,1.191,1.29,0,5.17
1/8/2026,7:00, ,gtmpcwq_24G103008_010726_050000.bin,Pellicer Creek,GTMNERR,0,34.519,0,21.75,0,-0.1,0,71.5,0,5.81,0,43.37,14.52,7.58,0,-57.7,5.77,19.156,0,5.3,0,1.185,1.36,0,5.44
1/8/2026,7:15, ,gtmpcwq_24G103008_010726_050000.bin,Pellicer Creek,GTMNERR,0,34.316,0,21.61,0,-0.111,0,75.5,0,6.14,0,44.05,14.74,7.6,0,-58.8,5.78,19.131,0,5,0,1.194,1.34,0,5.36
1/8/2026,7:30, ,gtmpcwq_24G103008_010726_050000.bin,Pellicer Creek,GTMNERR,0,34.012,0,21.4,0,-0.122,0,73.9,0,6.02,0,44.39,14.86,7.58,0,-57.4,5.78,19.106,0,5.61,0,1.187,1.42,0,5.67
1/8/2026,7:45, ,gtmpcwq_24G103008_010726_050000.bin,Pellicer Creek,GTMNERR,0,33.547,0,21.08,0,-0.134,0,72.6,0,5.94,0,44.44,14.88,7.58,0,-57.3,5.77,19.058,0,5.23,0,1.191,1.47,0,5.88
1/8/2026,8:00, ,gtmpcwq_24G103008_010726_050000.bin,Pellicer Creek,GTMNERR,0,32.888,0,20.62,0,-0.142,0,73.4,0,6.02,0,46.15,15.45,7.54,0,-54.9,5.77,18.991,0,4.81,0,1.201,1.35,0,5.38
1/8/2026,8:15, ,gtmpcwq_24G103008_010726_050000.bin,Pellicer Creek,GTMNERR,0,32.46,0,20.33,0,-0.152,0,77.7,0,6.39,0,48.01,16.07,7.58,0,-57.5,5.78,18.946,0,5.82,0,1.192,1.38,0,5.53
1/8/2026,8:30, ,gtmpcwq_24G103008_010726_050000.bin,Pellicer Creek,GTMNERR,0,31.988,0,20,0,-0.161,0,77,0,6.35,0,49.72,16.64,7.56,0,-56.5,5.78,18.9,0,5.47,0,1.192,1.27,0,5.07
1/8/2026,8:45, ,gtmpcwq_24G103008_010726_050000.bin,Pellicer Creek,GTMNERR,0,31.433,0,19.62,0,-0.17,0,76.1,0,6.3,0,48.68,16.29,7.56,0,-56.2,5.77,18.861,0,5.45,0,1.187,1.27,0,5.09
1/8/2026,9:00, ,gtmpcwq_24G103008_010726_050000.bin,Pellicer Creek,GTMNERR,0,31.412,0,19.61,0,-0.179,0,74.6,0,6.18,0,48.94,16.38,7.54,0,-55.2,5.77,18.853,0,5.15,0,1.201,1.37,0,5.48
1/8/2026,9:15, ,gtmpcwq_24G103008_010726_050000.bin,Pellicer Creek,GTMNERR,0,30.77,0,19.17,0,-0.183,0,74,0,6.15,0,49.74,16.65,7.51,0,-53.6,5.77,18.793,0,5.03,0,1.192,1.47,0,5.9
1/8/2026,9:30, ,gtmpcwq_24G103008_010726_050000.bin,Pellicer Creek,GTMNERR,0,30.634,0,19.07,0,-0.189,0,73.8,0,6.14,0,48.9,16.37,7.53,0,-54.5,5.77,18.773,0,5.59,0,1.186,1.44,0,5.74
1/8/2026,9:45, ,gtmpcwq_24G103008_010726_050000.bin,Pellicer Creek,GTMNERR,0,30.39,0,18.91,0,-0.196,0,74.4,0,6.19,0,49.12,16.44,7.53,0,-54.2,5.77,18.764,0,5.09,0,1.184,1.42,0,5.7
1/8/2026,10:00, ,gtmpcwq_24G103008_010726_050000.bin,Pellicer Creek,GTMNERR,0,29.959,0,18.61,0,-0.202,0,74.2,0,6.2,0,50.08,16.76,7.52,0,-53.9,5.78,18.716,0,5.44,0,1.201,1.4,0,5.59
1/8/2026,10:15, ,gtmpcwq_24G103008_010726_050000.bin,Pellicer Creek,GTMNERR,0,29.37,0,18.21,0,-0.204,0,75,0,6.29,0,51.71,17.31,7.52,0,-53.9,5.76,18.66,0,5.92,0,1.197,1.31,0,5.22
1/8/2026,10:30, ,gtmpcwq_24G103008_010726_050000.bin,Pellicer Creek,GTMNERR,0,28.583,0,17.68,0,-0.206,0,76.1,0,6.41,0,53,17.74,7.51,0,-53.3,5.78,18.578,0,6.72,0,1.191,1.3,0,5.19
1/8/2026,10:45, ,gtmpcwq_24G103008_010726_050000.bin,Pellicer Creek,GTMNERR,0,27.034,0,16.63,0,-0.199,0,76.2,0,6.47,0,55.62,18.62,7.5,0,-52.4,5.76,18.44,0,5.44,0,1.186,1.62,0,6.5
1/8/2026,11:00, ,gtmpcwq_24G103008_010726_050000.bin,Pellicer Creek,GTMNERR,0,26.162,0,16.05,0,-0.188,0,77.6,0,6.63,0,58.98,19.74,7.49,0,-52.1,5.77,18.382,0,5.12,0,1.183,2.37,0,9.5
1/8/2026,11:15, ,gtmpcwq_24G103008_010726_050000.bin,Pellicer Creek,GTMNERR,0,23.077,0,13.99,0,-0.175,0,76.4,0,6.64,0,62.09,20.79,7.45,0,-49.7,5.77,18.099,0,5.84,0,1.185,1.64,0,6.55
1/8/2026,11:30, ,gtmpcwq_24G103008_010726_050000.bin,Pellicer Creek,GTMNERR,0,20.757,0,12.47,0,-0.161,0,79.6,0,7,0,64.82,21.7,7.45,0,-49.9,5.76,17.947,0,5.86,0,1.191,1.96,0,7.84
1/8/2026,11:45, ,gtmpcwq_24G103008_010726_050000.bin,Pellicer Creek,GTMNERR,0,21.497,0,12.95,0,-0.144,0,84.6,0,7.39,0,63.83,21.37,7.49,0,-52.3,5.77,18.19,0,7.34,0,1.201,1.97,0,7.88
1/8/2026,12:00, ,gtmpcwq_24G103008_010726_050000.bin,Pellicer Creek,GTMNERR,0,20.247,0,12.13,0,-0.123,0,85.5,0,7.48,0,64.28,21.52,7.48,0,-51.6,5.76,18.28,0,6.15,0,1.19,1.98,0,7.92
1/8/2026,12:15, ,gtmpcwq_24G103008_010726_050000.bin,Pellicer Creek,GTMNERR,0,23.203,0,14.07,0,-0.104,0,87,0,7.51,0,60.36,20.2,7.52,0,-54.1,5.77,18.422,0,7.24,0,1.193,1.81,0,7.26
1/8/2026,12:30, ,gtmpcwq_24G103008_010726_050000.bin,Pellicer Creek,GTMNERR,0,26.49,0,16.27,0,-0.085,0,84.2,0,7.14,0,56.64,18.96,7.54,0,-54.8,5.77,18.65,0,8.6,0,1.192,1.84,0,7.37
1/8/2026,12:45, ,gtmpcwq_24G103008_010726_050000.bin,Pellicer Creek,GTMNERR,0,26.937,0,16.57,0,-0.06,0,87.8,0,7.39,0,55.75,18.66,7.56,0,-56.1,5.76,18.874,0,8.52,0,1.203,1.68,0,6.71
1/8/2026,13:00, ,gtmpcwq_24G103008_010726_050000.bin,Pellicer Creek,GTMNERR,0,24.393,0,14.86,0,-0.031,0,91.5,0,7.71,0,56.99,19.08,7.57,0,-57.2,5.77,19.401,0,8.09,0,1.2,1.83,0,7.34
1/8/2026,13:15, ,gtmpcwq_24G103008_010726_050000.bin,Pellicer Creek,GTMNERR,0,25.105,0,15.33,0,-0.001,0,93.5,0,7.8,0,55.47,18.57,7.59,0,-58.1,5.76,19.764,0,8.92,0,1.2,2.08,0,8.35
1/8/2026,13:30, ,gtmpcwq_24G103008_010726_050000.bin,Pellicer Creek,GTMNERR,0,26.261,0,16.11,0,0.03,0,94.1,0,7.81,0,54.46,18.23,7.6,0,-59,5.77,19.779,0,9.43,0,1.198,2.36,0,9.46
1/8/2026,13:45, ,gtmpcwq_24G103008_010726_050000.bin,Pellicer Creek,GTMNERR,0,27.118,0,16.68,0,0.063,0,95.5,0,7.86,0,51.45,17.22,7.63,0,-60.3,5.77,20.088,0,14.12,0,1.193,1.68,0,6.74
1/8/2026,14:00, ,gtmpcwq_24G103008_010726_050000.bin,Pellicer Creek,GTMNERR,0,29.279,0,18.14,0,0.097,0,95.4,0,7.76,0,50.17,16.79,7.65,0,-61.5,5.77,20.255,0,9.9,0,1.192,1.97,0,7.91
1/8/2026,14:15, ,gtmpcwq_24G103008_010726_050000.bin,Pellicer Creek,GTMNERR,0,30.907,0,19.25,0,0.129,0,95.4,0,7.7,0,48.62,16.28,7.66,0,-62.4,5.77,20.299,0,10.7,0,1.184,1.71,0,6.85
1/8/2026,14:30, ,gtmpcwq_24G103008_010726_050000.bin,Pellicer Creek,GTMNERR,0,34.628,0,21.82,0,0.155,0,88.8,0,7.12,0,45.4,15.2,7.67,0,-62.6,5.76,19.838,0,11.94,0,1.192,1.57,0,6.27
1/8/2026,14:45, ,gtmpcwq_24G103008_010726_050000.bin,Pellicer Creek,GTMNERR,0,34.97,0,22.06,0,0.179,0,91.8,0,7.3,0,44.68,14.96,7.69,0,-64,5.76,20.232,0,11.22,0,1.196,1.72,0,6.89
1/8/2026,15:00, ,gtmpcwq_24G103008_010726_050000.bin,Pellicer Creek,GTMNERR,0,35.601,0,22.49,0,0.195,0,94.7,0,7.45,0,42.25,14.14,7.72,0,-65.9,5.77,20.667,0,10.69,0,1.191,1.78,0,7.13
1/8/2026,15:15, ,gtmpcwq_24G103008_010726_050000.bin,Pellicer Creek,GTMNERR,0,35.686,0,22.55,0,0.204,0,94.6,0,7.42,0,41.93,14.03,7.72,0,-65.8,5.76,20.757,0,9.99,0,1.193,1.7,0,6.8
1/8/2026,15:30, ,gtmpcwq_24G103008_010726_050000.bin,Pellicer Creek,GTMNERR,0,35.475,0,22.4,0,0.203,0,96.1,0,7.53,0,41.1,13.76,7.73,0,-66.3,5.77,20.9,0,7.91,0,1.193,1.59,0,6.35
1/8/2026,15:45, ,gtmpcwq_24G103008_010726_050000.bin,Pellicer Creek,GTMNERR,0,35.846,0,22.66,0,0.189,0,90,0,7.05,0,40.7,13.62,7.69,0,-64.2,5.76,20.813,0,7.7,0,1.19,1.33,0,5.3
1/8/2026,16:00, ,gtmpcwq_24G103008_010726_050000.bin,Pellicer Creek,GTMNERR,0,35.807,0,22.64,0,0.172,0,92,0,7.23,0,42.03,14.07,7.71,0,-65.1,5.76,20.693,0,8.32,0,1.2,1.77,0,7.08
1/8/2026,16:15, ,gtmpcwq_24G103008_010726_050000.bin,Pellicer Creek,GTMNERR,0,35.161,0,22.19,0,0.153,0,90.7,0,7.19,0,43.79,14.66,7.7,0,-64.4,5.77,20.323,0,8.99,0,1.186,1.99,0,7.98
1/8/2026,16:30, ,gtmpcwq_24G103008_010726_050000.bin,Pellicer Creek,GTMNERR,0,34.725,0,21.88,0,0.134,0,91.3,0,7.25,0,44.9,15.03,7.69,0,-64.1,5.76,20.349,0,8.74,0,1.192,2.23,0,8.95
1/8/2026,16:45, ,gtmpcwq_24G103008_010726_050000.bin,Pellicer Creek,GTMNERR,0,34.004,0,21.39,0,0.114,0,90.1,0,7.19,0,45.78,15.32,7.68,0,-63.4,5.77,20.229,0,8.4,0,1.194,2.09,0,8.38
1/8/2026,17:00, ,gtmpcwq_24G103008_010726_050000.bin,Pellicer Creek,GTMNERR,0,32.931,0,20.64,0,0.093,0,90.1,0,7.23,0,46.49,15.56,7.67,0,-62.8,5.76,20.193,0,8.16,0,1.192,2.29,0,9.19
1/8/2026,17:15, ,gtmpcwq_24G103008_010726_050000.bin,Pellicer Creek,GTMNERR,0,33.288,0,20.89,0,0.073,0,90,0,7.21,0,47.14,15.78,7.67,0,-62.6,5.76,20.151,0,8.47,0,1.194,2.57,0,10.31
1/8/2026,17:30, ,gtmpcwq_24G103008_010726_050000.bin,Pellicer Creek,GTMNERR,0,32.832,0,20.58,0,0.057,0,88.9,0,7.15,0,47.95,16.05,7.66,0,-62.2,5.77,20.056,0,9.21,0,1.192,2.66,0,10.67
1/8/2026,17:45, ,gtmpcwq_24G103008_010726_050000.bin,Pellicer Creek,GTMNERR,0,32.488,0,20.34,0,0.04,0,88.2,0,7.12,0,48.85,16.35,7.65,0,-61.5,5.76,19.918,0,8.56,0,1.189,2.65,0,10.64
1/8/2026,18:00, ,gtmpcwq_24G103008_010726_050000.bin,Pellicer Creek,GTMNERR,0,33.474,0,21.02,0,0.024,0,86.8,0,6.98,0,47.31,15.84,7.64,0,-61.3,5.77,19.951,0,8.76,0,1.201,2.56,0,10.29
1/8/2026,18:15, ,gtmpcwq_24G103008_010726_050000.bin,Pellicer Creek,GTMNERR,0,33.659,0,21.15,0,0.007,0,85.8,0,6.9,0,47.12,15.77,7.64,0,-61.3,5.75,19.87,0,7.03,0,1.201,2.46,0,9.89
1/8/2026,18:30, ,gtmpcwq_24G103008_010726_050000.bin,Pellicer Creek,GTMNERR,0,32.42,0,20.29,0,-0.009,0,84.8,0,6.88,0,49.13,16.45,7.63,0,-60.3,5.76,19.76,0,7.67,0,1.19,2.51,0,10.06
1/8/2026,18:45, ,gtmpcwq_24G103008_010726_050000.bin,Pellicer Creek,GTMNERR,0,32.649,0,20.45,0,-0.026,0,84.2,0,6.82,0,48.89,16.37,7.62,0,-60,5.77,19.731,0,7.64,0,1.191,2.64,0,10.61
1/8/2026,19:00, ,gtmpcwq_24G103008_010726_050000.bin,Pellicer Creek,GTMNERR,0,32.89,0,20.62,0,-0.043,0,83.9,0,6.79,0,48.51,16.24,7.62,0,-59.8,5.76,19.736,0,8.11,0,1.195,2.75,0,11.05
1/8/2026,19:15, ,gtmpcwq_24G103008_010726_050000.bin,Pellicer Creek,GTMNERR,0,33.308,0,20.91,0,-0.059,0,82.8,0,6.69,0,47.84,16.01,7.61,0,-59.5,5.76,19.739,0,7.74,0,1.191,2.47,0,9.91
1/8/2026,19:30, ,gtmpcwq_24G103008_010726_050000.bin,Pellicer Creek,GTMNERR,0,33.324,0,20.92,0,-0.076,0,80.1,0,6.47,0,46.2,15.46,7.61,0,-59,5.75,19.729,0,6.44,0,1.184,2.35,0,9.41
1/8/2026,19:45, ,gtmpcwq_24G103008_010726_050000.bin,Pellicer Creek,GTMNERR,0,33.035,0,20.72,0,-0.089,0,77.5,0,6.27,0,44.66,14.95,7.59,0,-58,5.76,19.696,0,5.84,0,1.185,2.23,0,8.96
1/8/2026,20:00, ,gtmpcwq_24G103008_010726_050000.bin,Pellicer Creek,GTMNERR,0,32.941,0,20.65,0,-0.101,0,73,0,5.91,0,45.45,15.22,7.54,0,-55.3,5.76,19.683,0,4.93,0,1.197,1.24,0,4.97
1/8/2026,20:15, ,gtmpcwq_24G103008_010726_050000.bin,Pellicer Creek,GTMNERR,0,32.809,0,20.56,0,-0.114,0,70.2,0,5.69,0,46.49,15.56,7.51,0,-53.2,5.75,19.669,0,3.01,0,1.198,1.06,0,4.24
1/8/2026,20:30, ,gtmpcwq_24G103008_010726_050000.bin,Pellicer Creek,GTMNERR,0,31.954,0,19.97,0,-0.126,0,74.6,0,6.07,0,46.82,15.67,7.56,0,-56.2,5.76,19.652,0,6.28,0,1.2,2.37,0,9.5
1/8/2026,20:45, ,gtmpcwq_24G103008_010726_050000.bin,Pellicer Creek,GTMNERR,0,32.136,0,20.1,0,-0.138,0,68.3,0,5.55,0,47.24,15.81,7.48,0,-51.8,5.75,19.645,0,3.14,0,1.192,1.17,0,4.65
1/8/2026,21:00, ,gtmpcwq_24G103008_010726_050000.bin,Pellicer Creek,GTMNERR,0,31.014,0,19.33,0,-0.148,0,75,0,6.13,0,47.94,16.05,7.53,0,-54.8,5.75,19.606,0,4.84,0,1.191,1.97,0,7.88
1/8/2026,21:15, ,gtmpcwq_24G103008_010726_050000.bin,Pellicer Creek,GTMNERR,0,30.778,0,19.17,0,-0.158,0,75.3,0,6.17,0,49.02,16.41,7.51,0,-53.4,5.76,19.581,0,6,0,1.191,2.17,0,8.69
1/8/2026,21:30, ,gtmpcwq_24G103008_010726_050000.bin,Pellicer Creek,GTMNERR,0,30.487,0,18.97,0,-0.165,0,74.5,0,6.11,0,48.98,16.4,7.51,0,-53.3,5.75,19.562,0,4.95,0,1.187,1.9,0,7.61
1/8/2026,21:45, ,gtmpcwq_24G103008_010726_050000.bin,Pellicer Creek,GTMNERR,0,30.52,0,18.99,0,-0.175,0,74.8,0,6.13,0,49.68,16.63,7.53,0,-54.4,5.76,19.528,0,5.11,0,1.183,2.37,0,9.49
1/8/2026,22:00, ,gtmpcwq_24G103008_010726_050000.bin,Pellicer Creek,GTMNERR,0,29.816,0,18.51,0,-0.182,0,73,0,6.01,0,50.69,16.97,7.48,0,-51.6,5.76,19.52,0,3.92,0,1.186,1.56,0,6.25
1/8/2026,22:15, ,gtmpcwq_24G103008_010726_050000.bin,Pellicer Creek,GTMNERR,0,30.008,0,18.64,0,-0.19,0,70.6,0,5.81,0,50.33,16.85,7.49,0,-52,5.76,19.488,0,4.06,0,1.184,1.62,0,6.49
1/8/2026,22:30, ,gtmpcwq_24G103008_010726_050000.bin,Pellicer Creek,GTMNERR,0,29.481,0,18.28,0,-0.197,0,71.3,0,5.87,0,51.03,17.08,7.48,0,-51.4,5.75,19.485,0,3.72,0,1.187,1.86,0,7.46
1/8/2026,22:45, ,gtmpcwq_24G103008_010726_050000.bin,Pellicer Creek,GTMNERR,0,28.915,0,17.9,0,-0.204,0,69.3,0,5.73,0,51.35,17.19,7.47,0,-51.2,5.76,19.49,0,3.58,0,1.192,1.56,0,6.24
1/8/2026,23:00, ,gtmpcwq_24G103008_010726_050000.bin,Pellicer Creek,GTMNERR,0,28.038,0,17.3,0,-0.206,0,71.1,0,5.9,0,51.63,17.28,7.47,0,-51,5.75,19.487,0,3.02,0,1.191,2.05,0,8.22
1/8/2026,23:15, ,gtmpcwq_24G103008_010726_050000.bin,Pellicer Creek,GTMNERR,0,26.94,0,16.56,0,-0.199,0,76.6,0,6.38,0,54.19,18.14,7.48,0,-51.6,5.75,19.482,0,5.06,0,1.184,2.23,0,8.93
1/8/2026,23:30, ,gtmpcwq_24G103008_010726_050000.bin,Pellicer Creek,GTMNERR,0,24.547,0,14.96,0,-0.189,0,82.2,0,6.91,0,57.5,19.25,7.51,0,-53.3,5.76,19.504,0,6.53,0,1.187,2.82,0,11.3
1/8/2026,23:45, ,gtmpcwq_24G103008_010726_050000.bin,Pellicer Creek,GTMNERR,0,22.128,0,13.36,0,-0.179,0,85.6,0,7.25,0,60.27,20.17,7.52,0,-53.8,5.75,19.567,0,7.06,0,1.199,2.32,0,9.29
1/9/2026,0:00, ,gtmpcwq_24G103008_010726_050000.bin,Pellicer Creek,GTMNERR,0,20.614,0,12.37,0,-0.168,0,85.9,0,7.32,0,61.85,20.7,7.51,0,-53.4,5.75,19.604,0,7.58,0,1.2,2.49,0,9.98
1/9/2026,0:15, ,gtmpcwq_24G103008_010726_050000.bin,Pellicer Creek,GTMNERR,0,20.356,0,12.2,0,-0.153,0,87.8,0,7.48,0,62.72,20.99,7.51,0,-53.7,5.76,19.595,0,6.34,0,1.201,2.53,0,10.17
1/9/2026,0:30, ,gtmpcwq_24G103008_010726_050000.bin,Pellicer Creek,GTMNERR,0,20.868,0,12.53,0,-0.134,0,86.6,0,7.38,0,62.46,20.91,7.52,0,-53.7,5.74,19.534,0,7.39,0,1.198,2.05,0,8.23
1/9/2026,0:45, ,gtmpcwq_24G103008_010726_050000.bin,Pellicer Creek,GTMNERR,0,22.06,0,13.32,0,-0.113,0,86.7,0,7.35,0,60.97,20.41,7.53,0,-54.4,5.75,19.536,0,7.8,0,1.185,1.98,0,7.94
1/9/2026,1:00, ,gtmpcwq_24G103008_010726_050000.bin,Pellicer Creek,GTMNERR,0,24.991,0,15.26,0,-0.092,0,85,0,7.12,0,57.97,19.4,7.54,0,-55.2,5.75,19.623,0,7.07,0,1.189,1.99,0,7.97
1/9/2026,1:15, ,gtmpcwq_24G103008_010726_050000.bin,Pellicer Creek,GTMNERR,0,23.99,0,14.59,0,-0.067,0,87.2,0,7.34,0,59.25,19.83,7.55,0,-55.9,5.75,19.556,0,7.04,0,1.202,2.01,0,8.04
1/9/2026,1:30, ,gtmpcwq_24G103008_010726_050000.bin,Pellicer Creek,GTMNERR,0,23.359,0,14.17,0,-0.039,0,87.1,0,7.36,0,59.55,19.93,7.56,0,-56.1,5.74,19.459,0,7.4,0,1.191,2.14,0,8.56
1/9/2026,1:45, ,gtmpcwq_24G103008_010726_050000.bin,Pellicer Creek,GTMNERR,0,24.075,0,14.65,0,-0.01,0,87.7,0,7.38,0,58.93,19.73,7.56,0,-56.6,5.75,19.563,0,6.51,0,1.188,2.07,0,8.31
1/9/2026,2:00, ,gtmpcwq_24G103008_010726_050000.bin,Pellicer Creek,GTMNERR,0,25.488,0,15.59,0,0.022,0,86.8,0,7.27,0,57.3,19.18,7.58,0,-57.5,5.74,19.49,0,7.09,0,1.193,2.03,0,8.12
1/9/2026,2:15, ,gtmpcwq_24G103008_010726_050000.bin,Pellicer Creek,GTMNERR,0,26.875,0,16.52,0,0.053,0,86.7,0,7.2,0,55.57,18.6,7.59,0,-58.4,5.75,19.627,0,7.02,0,1.194,2.14,0,8.58
1/9/2026,2:30, ,gtmpcwq_24G103008_010726_050000.bin,Pellicer Creek,GTMNERR,0,28.523,0,17.63,0,0.085,0,86,0,7.09,0,53.52,17.92,7.61,0,-59,5.75,19.704,0,7.64,0,1.197,1.9,0,7.61
1/9/2026,2:45, ,gtmpcwq_24G103008_010726_050000.bin,Pellicer Creek,GTMNERR,0,30.176,0,18.76,0,0.116,0,85,0,6.94,0,51.7,17.31,7.62,0,-59.6,5.74,19.799,0,7.73,0,1.202,1.86,0,7.45
1/9/2026,3:00, ,gtmpcwq_24G103008_010726_050000.bin,Pellicer Creek,GTMNERR,0,31.645,0,19.76,0,0.143,0,83.5,0,6.76,0,50.06,16.76,7.62,0,-60,5.75,19.927,0,8.3,0,1.201,1.8,0,7.21
1/9/2026,3:15, ,gtmpcwq_24G103008_010726_050000.bin,Pellicer Creek,GTMNERR,0,31.629,0,19.75,0,0.168,0,83,0,6.75,0,50.44,16.89,7.62,0,-60.1,5.74,19.744,0,7.52,0,1.188,1.78,0,7.13
1/9/2026,3:30, ,gtmpcwq_24G103008_010726_050000.bin,Pellicer Creek,GTMNERR,0,32.381,0,20.27,0,0.186,0,81.8,0,6.62,0,49.49,16.57,7.62,0,-60.2,5.74,19.842,0,7.97,0,1.193,1.72,0,6.89
1/9/2026,3:45, ,gtmpcwq_24G103008_010726_050000.bin,Pellicer Creek,GTMNERR,0,32.872,0,20.61,0,0.195,0,81.2,0,6.56,0,48.38,16.19,7.63,0,-60.5,5.75,19.835,0,7.12,0,1.194,1.69,0,6.77
1/9/2026,4:00, ,gtmpcwq_24G103008_010726_050000.bin,Pellicer Creek,GTMNERR,0,34.5,0,21.73,0,0.194,0,78.9,0,6.3,0,44.92,15.03,7.63,0,-60.5,5.74,20.138,0,6.67,0,1.185,1.42,0,5.68
1/9/2026,4:15, ,gtmpcwq_24G103008_010726_050000.bin,Pellicer Creek,GTMNERR,0,34.283,0,21.58,0,0.181,0,75,0,5.99,0,43.33,14.5,7.6,0,-58.5,5.75,20.12,0,6.36,0,1.197,1.29,0,5.16
1/9/2026,4:30, ,gtmpcwq_24G103008_010726_050000.bin,Pellicer Creek,GTMNERR,0,34.006,0,21.39,0,0.165,0,79.2,0,6.33,0,45.77,15.32,7.62,0,-59.9,5.74,20.112,0,6.77,0,1.191,1.4,0,5.59
1/9/2026,4:45, ,gtmpcwq_24G103008_010726_050000.bin,Pellicer Creek,GTMNERR,0,33.947,0,21.35,0,0.146,0,79.9,0,6.39,0,46.8,15.67,7.62,0,-59.9,5.74,20.175,0,8.06,0,1.189,1.59,0,6.35
1/9/2026,5:00, ,gtmpcwq_24G103008_010726_050000.bin,Pellicer Creek,GTMNERR,0,33.509,0,21.04,0,0.13,0,80.5,0,6.45,0,47.49,15.9,7.62,0,-59.9,5.75,20.084,0,7.43,0,1.187,1.6,0,6.42
1/9/2026,5:15, ,gtmpcwq_24G103008_010726_050000.bin,Pellicer Creek,GTMNERR,0,32.838,0,20.58,0,0.112,0,79.8,0,6.42,0,47.89,16.03,7.61,0,-59.5,5.74,20.048,0,7.52,0,1.186,1.59,0,6.38
1/9/2026,5:30, ,gtmpcwq_24G103008_010726_050000.bin,Pellicer Creek,GTMNERR,0,32.806,0,20.56,0,0.092,0,79,0,6.35,0,47.8,16,7.6,0,-58.6,5.75,20.065,0,7.6,0,1.184,1.6,0,6.39
1/9/2026,5:45, ,gtmpcwq_24G103008_010726_050000.bin,Pellicer Creek,GTMNERR,0,32.804,0,20.56,0,0.074,0,78.4,0,6.3,0,46.92,15.7,7.6,0,-58.7,5.74,20.095,0,7.61,0,1.194,1.5,0,6.01
1/9/2026,6:00, ,gtmpcwq_24G103008_010726_050000.bin,Pellicer Creek,GTMNERR,0,33.321,0,20.91,0,0.058,0,77.4,0,6.2,0,45.81,15.33,7.59,0,-58.2,5.74,20.194,0,6.74,0,1.197,1.42,0,5.67
1/9/2026,6:15, ,gtmpcwq_24G103008_010726_050000.bin,Pellicer Creek,GTMNERR,0,31.572,0,19.71,0,0.044,0,79.6,0,6.44,0,49.71,16.64,7.59,0,-58.1,5.74,20.015,0,7.76,0,1.2,1.63,0,6.51
1/9/2026,6:30, ,gtmpcwq_24G103008_010726_050000.bin,Pellicer Creek,GTMNERR,0,32.284,0,20.2,0,0.027,0,79.5,0,6.4,0,48.47,16.22,7.59,0,-58.4,5.74,20.106,0,7.67,0,1.189,1.71,0,6.84
1/9/2026,6:45, ,gtmpcwq_24G103008_010726_050000.bin,Pellicer Creek,GTMNERR,0,32.474,0,20.33,0,0.011,0,79.3,0,6.38,0,48.18,16.13,7.59,0,-58.2,5.74,20.121,0,8.73,0,1.184,1.7,0,6.8
1/9/2026,7:00, ,gtmpcwq_24G103008_010726_050000.bin,Pellicer Creek,GTMNERR,0,32.787,0,20.54,0,-0.005,0,78,0,6.26,0,47.28,15.83,7.58,0,-57.8,5.74,20.153,0,10.29,0,1.184,1.72,0,6.87
1/9/2026,7:15, ,gtmpcwq_24G103008_010726_050000.bin,Pellicer Creek,GTMNERR,0,32.517,0,20.36,0,-0.019,0,77.5,0,6.23,0,47.98,16.06,7.57,0,-57.2,5.74,20.141,0,9.41,0,1.187,1.66,0,6.64
1/9/2026,7:30, ,gtmpcwq_24G103008_010726_050000.bin,Pellicer Creek,GTMNERR,0,32.542,0,20.38,0,-0.034,0,77,0,6.19,0,46.72,15.64,7.57,0,-56.8,5.74,20.142,0,9.3,0,1.196,1.67,0,6.69
1/9/2026,7:45, ,gtmpcwq_24G103008_010726_050000.bin,Pellicer Creek,GTMNERR,0,32.544,0,20.38,0,-0.05,0,75,0,6.03,0,45.55,15.25,7.57,0,-56.7,5.74,20.144,0,8.08,0,1.193,1.56,0,6.24
1/9/2026,8:00, ,gtmpcwq_24G103008_010726_050000.bin,Pellicer Creek,GTMNERR,0,32.701,0,20.49,0,-0.065,0,72.2,0,5.8,0,44.11,14.77,7.55,0,-56,5.74,20.161,0,9.55,0,1.188,1.46,0,5.83
1/9/2026,8:15, ,gtmpcwq_24G103008_010726_050000.bin,Pellicer Creek,GTMNERR,0,32.23,0,20.16,0,-0.077,0,73.5,0,5.92,0,45.87,15.36,7.55,0,-55.8,5.73,20.124,0,6.99,0,1.19,1.37,0,5.49
1/9/2026,8:30, ,gtmpcwq_24G103008_010726_050000.bin,Pellicer Creek,GTMNERR,0,32.283,0,20.2,0,-0.088,0,68.7,0,5.53,0,44.1,14.76,7.53,0,-54.6,5.73,20.123,0,7.03,0,1.194,1.4,0,5.58
1/9/2026,8:45, ,gtmpcwq_24G103008_010726_050000.bin,Pellicer Creek,GTMNERR,0,32.235,0,20.16,0,-0.099,0,68,0,5.48,0,44.02,14.74,7.53,0,-54.7,5.74,20.121,0,7.02,0,1.184,1.31,0,5.23
1/9/2026,9:00, ,gtmpcwq_24G103008_010726_050000.bin,Pellicer Creek,GTMNERR,0,32.059,0,20.04,0,-0.11,0,69.1,0,5.57,0,44.67,14.95,7.54,0,-55.3,5.73,20.099,0,7.59,0,1.19,1.28,0,5.12
1/9/2026,9:15, ,gtmpcwq_24G103008_010726_050000.bin,Pellicer Creek,GTMNERR,0,31.776,0,19.85,0,-0.12,0,71.7,0,5.79,0,45.95,15.38,7.54,0,-55.2,5.74,20.054,0,6.63,0,1.196,1.35,0,5.41
1/9/2026,9:30, ,gtmpcwq_24G103008_010726_050000.bin,Pellicer Creek,GTMNERR,0,31.488,0,19.65,0,-0.129,0,72.9,0,5.9,0,46.4,15.53,7.54,0,-55.5,5.73,20.033,0,6.49,0,1.187,1.39,0,5.55
1/9/2026,9:45, ,gtmpcwq_24G103008_010726_050000.bin,Pellicer Creek,GTMNERR,0,30.71,0,19.12,0,-0.137,0,74.2,0,6.03,0,48.37,16.19,7.53,0,-54.7,5.73,19.941,0,6.42,0,1.191,1.42,0,5.67
1/9/2026,10:00, ,gtmpcwq_24G103008_010726_050000.bin,Pellicer Creek,GTMNERR,0,30.063,0,18.68,0,-0.146,0,74.2,0,6.06,0,49.14,16.45,7.53,0,-54.3,5.74,19.854,0,6.15,0,1.184,1.6,0,6.41
1/9/2026,10:15, ,gtmpcwq_24G103008_010726_050000.bin,Pellicer Creek,GTMNERR,0,29.746,0,18.46,0,-0.154,0,73.7,0,6.03,0,49.98,16.73,7.52,0,-54.2,5.73,19.8,0,6.62,0,1.193,1.69,0,6.76
1/9/2026,10:30, ,gtmpcwq_24G103008_010726_050000.bin,Pellicer Creek,GTMNERR,0,29.36,0,18.2,0,-0.161,0,74.3,0,6.1,0,50.32,16.84,7.52,0,-54,5.74,19.736,0,6.08,0,1.194,1.67,0,6.69
1/9/2026,10:45, ,gtmpcwq_24G103008_010726_050000.bin,Pellicer Creek,GTMNERR,0,29.157,0,18.06,0,-0.168,0,71.4,0,5.87,0,50.51,16.91,7.5,0,-52.6,5.73,19.717,0,6.05,0,1.186,1.5,0,6.02
1/9/2026,11:00, ,gtmpcwq_24G103008_010726_050000.bin,Pellicer Creek,GTMNERR,0,28.653,0,17.72,0,-0.174,0,71.4,0,5.89,0,51.1,17.11,7.5,0,-52.6,5.73,19.64,0,5.74,0,1.197,1.48,0,5.92
1/9/2026,11:15, ,gtmpcwq_24G103008_010726_050000.bin,Pellicer Creek,GTMNERR,0,28.317,0,17.49,0,-0.174,0,71.3,0,5.89,0,50.37,16.86,7.5,0,-52.7,5.73,19.582,0,5.96,0,1.195,1.56,0,6.23
1/9/2026,11:30, ,gtmpcwq_24G103008_010726_050000.bin,Pellicer Creek,GTMNERR,0,26.121,0,16.01,0,-0.166,0,72.7,0,6.08,0,55.76,18.66,7.48,0,-51.6,5.73,19.403,0,7.06,0,1.192,1.87,0,7.48
1/9/2026,11:45, ,gtmpcwq_24G103008_010726_050000.bin,Pellicer Creek,GTMNERR,0,24.857,0,15.17,0,-0.153,0,76.6,0,6.45,0,57.81,19.35,7.48,0,-51.4,5.73,19.361,0,7.07,0,1.196,2.24,0,8.96
1/9/2026,12:00, ,gtmpcwq_24G103008_010726_050000.bin,Pellicer Creek,GTMNERR,0,21.863,0,13.19,0,-0.14,0,85.4,0,7.24,0,59.8,20.02,7.52,0,-53.8,5.73,19.571,0,7.69,0,1.193,1.99,0,7.96
1/9/2026,12:15, ,gtmpcwq_24G103008_010726_050000.bin,Pellicer Creek,GTMNERR,0,20.767,0,12.47,0,-0.126,0,88.2,0,7.5,0,62.02,20.76,7.52,0,-53.8,5.73,19.694,0,8,0,1.193,2.23,0,8.92
1/9/2026,12:30, ,gtmpcwq_24G103008_010726_050000.bin,Pellicer Creek,GTMNERR,0,22.491,0,13.6,0,-0.109,0,89,0,7.49,0,58.88,19.71,7.52,0,-54,5.73,19.874,0,8.61,0,1.2,2.48,0,9.96
1/9/2026,12:45, ,gtmpcwq_24G103008_010726_050000.bin,Pellicer Creek,GTMNERR,0,23.878,0,14.51,0,-0.092,0,88.3,0,7.35,0,56.57,18.94,7.54,0,-55.2,5.73,20.154,0,8.85,0,1.197,2.26,0,9.06
1/9/2026,13:00, ,gtmpcwq_24G103008_010726_050000.bin,Pellicer Creek,GTMNERR,0,25.345,0,15.49,0,-0.073,0,90.5,0,7.49,0,55.08,18.44,7.55,0,-55.8,5.73,20.189,0,9.05,0,1.185,1.93,0,7.75
1/9/2026,13:15, ,gtmpcwq_24G103008_010726_050000.bin,Pellicer Creek,GTMNERR,0,23.942,0,14.55,0,-0.049,0,90.8,0,7.48,0,55.11,18.45,7.58,0,-57.4,5.74,20.631,0,10.1,0,1.185,2.04,0,8.16
1/9/2026,13:30, ,gtmpcwq_24G103008_010726_050000.bin,Pellicer Creek,GTMNERR,0,23.718,0,14.4,0,-0.025,0,95.2,0,7.81,0,54.6,18.28,7.6,0,-59.1,5.73,20.95,0,10.94,0,1.2,2.43,0,9.74
1/9/2026,13:45, ,gtmpcwq_24G103008_010726_050000.bin,Pellicer Creek,GTMNERR,0,24.687,0,15.04,0,-0.001,0,94.6,0,7.71,0,53.12,17.78,7.61,0,-59.6,5.73,21.128,0,12.59,0,1.194,2.25,0,9.01
1/9/2026,14:00, ,gtmpcwq_24G103008_010726_050000.bin,Pellicer Creek,GTMNERR,0,25.069,0,15.29,0,0.027,0,97.4,0,7.87,0,52.46,17.56,7.64,0,-61.1,5.74,21.469,0,11.95,0,1.183,2.31,0,9.27
1/9/2026,14:15, ,gtmpcwq_24G103008_010726_050000.bin,Pellicer Creek,GTMNERR,0,26.142,0,16.01,0,0.057,0,97.4,0,7.81,0,51.06,17.09,7.65,0,-61.9,5.73,21.645,0,11.75,0,1.192,2.46,0,9.88
1/9/2026,14:30, ,gtmpcwq_24G103008_010726_050000.bin,Pellicer Creek,GTMNERR,0,27.388,0,16.85,0,0.087,0,98.5,0,7.84,0,49.74,16.65,7.67,0,-63.3,5.73,21.762,0,12.79,0,1.192,2.76,0,11.08
1/9/2026,14:45, ,gtmpcwq_24G103008_010726_050000.bin,Pellicer Creek,GTMNERR,0,29.338,0,18.17,0,0.116,0,97.6,0,7.7,0,47.94,16.05,7.68,0,-63.5,5.73,21.816,0,13.05,0,1.198,2.49,0,10
1/9/2026,15:00, ,gtmpcwq_24G103008_010726_050000.bin,Pellicer Creek,GTMNERR,0,31.246,0,19.47,0,0.142,0,95.4,0,7.5,0,46.4,15.53,7.68,0,-63.6,5.74,21.618,0,12.67,0,1.19,2.31,0,9.28
1/9/2026,15:15, ,gtmpcwq_24G103008_010726_050000.bin,Pellicer Creek,GTMNERR,0,32.022,0,20,0,0.168,0,96.3,0,7.51,0,45.49,15.23,7.69,0,-64.4,5.73,21.936,0,12.12,0,1.187,2.24,0,8.97
1/9/2026,15:30, ,gtmpcwq_24G103008_010726_050000.bin,Pellicer Creek,GTMNERR,0,33.734,0,21.19,0,0.186,0,90.6,0,7.07,0,43.09,14.42,7.66,0,-62.7,5.73,21.461,0,14.19,0,1.203,2.14,0,8.6
1/9/2026,15:45, ,gtmpcwq_24G103008_010726_050000.bin,Pellicer Creek,GTMNERR,0,33.734,0,21.18,0,0.198,0,92.5,0,7.18,0,43.17,14.45,7.69,0,-64.3,5.74,21.801,0,10.73,0,1.185,2.13,0,8.54
1/9/2026,16:00, ,gtmpcwq_24G103008_010726_050000.bin,Pellicer Creek,GTMNERR,0,34.05,0,21.4,0,0.2,0,88.7,0,6.88,0,42.78,14.32,7.67,0,-63,5.73,21.742,0,7.88,0,1.184,1.82,0,7.29
1/9/2026,16:15, ,gtmpcwq_24G103008_010726_050000.bin,Pellicer Creek,GTMNERR,0,33.854,0,21.27,0,0.192,0,87.9,0,6.81,0,42.57,14.25,7.66,0,-62.4,5.73,21.858,0,11.25,0,1.197,1.9,0,7.61
1/9/2026,16:30, ,gtmpcwq_24G103008_010726_050000.bin,Pellicer Creek,GTMNERR,0,34.099,0,21.44,0,0.177,0,89.4,0,6.92,0,40.69,13.62,7.67,0,-63.1,5.73,21.853,0,12.12,0,1.198,1.83,0,7.32
1/9/2026,16:45, ,gtmpcwq_24G103008_010726_050000.bin,Pellicer Creek,GTMNERR,0,33.488,0,21.02,0,0.161,0,89.5,0,6.98,0,44.21,14.8,7.67,0,-63,5.73,21.586,0,10.68,0,1.194,2.3,0,9.21
1/9/2026,17:00, ,gtmpcwq_24G103008_010726_050000.bin,Pellicer Creek,GTMNERR,0,33.073,0,20.73,0,0.142,0,90,0,7.03,0,45.14,15.11,7.67,0,-63,5.74,21.598,0,10.39,0,1.186,2.52,0,10.11
1/9/2026,17:15, ,gtmpcwq_24G103008_010726_050000.bin,Pellicer Creek,GTMNERR,0,32.424,0,20.28,0,0.123,0,90.1,0,7.06,0,45.91,15.37,7.67,0,-63.1,5.73,21.587,0,10.6,0,1.185,2.63,0,10.57
1/9/2026,17:30, ,gtmpcwq_24G103008_010726_050000.bin,Pellicer Creek,GTMNERR,0,30.54,0,18.99,0,0.103,0,92.7,0,7.31,0,47.49,15.9,7.67,0,-63,5.73,21.632,0,9.85,0,1.188,2.63,0,10.56
1/9/2026,17:45, ,gtmpcwq_24G103008_010726_050000.bin,Pellicer Creek,GTMNERR,0,30.94,0,19.26,0,0.084,0,90.6,0,7.14,0,47.27,15.82,7.65,0,-62.1,5.72,21.525,0,8.86,0,1.197,2.69,0,10.8
1/9/2026,18:00, ,gtmpcwq_24G103008_010726_050000.bin,Pellicer Creek,GTMNERR,0,30.944,0,19.27,0,0.066,0,89.4,0,7.07,0,48,16.07,7.65,0,-61.6,5.73,21.407,0,9.56,0,1.184,2.75,0,11.04
1/9/2026,18:15, ,gtmpcwq_24G103008_010726_050000.bin,Pellicer Creek,GTMNERR,0,31.133,0,19.4,0,0.048,0,88.6,0,7.01,0,48.26,16.15,7.64,0,-61.1,5.74,21.349,0,10.78,0,1.193,3.41,0,13.69
1/9/2026,18:30, ,gtmpcwq_24G103008_010726_050000.bin,Pellicer Creek,GTMNERR,0,30.633,0,19.05,0,0.032,0,88.3,0,7,0,48.81,16.34,7.63,0,-60.8,5.73,21.312,0,9.29,0,1.194,2.63,0,10.54
1/9/2026,18:45, ,gtmpcwq_24G103008_010726_050000.bin,Pellicer Creek,GTMNERR,0,30.596,0,19.03,0,0.016,0,86.4,0,6.87,0,49.06,16.42,7.62,0,-59.8,5.73,21.176,0,9.09,0,1.192,2.72,0,10.92
1/9/2026,19:00, ,gtmpcwq_24G103008_010726_050000.bin,Pellicer Creek,GTMNERR,0,30.623,0,19.05,0,0.001,0,85.6,0,6.81,0,49.14,16.45,7.61,0,-59.5,5.72,21.143,0,9.18,0,1.198,2.62,0,10.53
1/9/2026,19:15, ,gtmpcwq_24G103008_010726_050000.bin,Pellicer Creek,GTMNERR,0,31.024,0,19.32,0,-0.016,0,83.8,0,6.66,0,48.72,16.31,7.6,0,-58.7,5.72,21.077,0,8.99,0,1.194,2.48,0,9.96
1/9/2026,19:30, ,gtmpcwq_24G103008_010726_050000.bin,Pellicer Creek,GTMNERR,0,30.792,0,19.17,0,-0.031,0,82.9,0,6.61,0,49.11,16.44,7.59,0,-58.4,5.73,21.009,0,9.42,0,1.192,2.56,0,10.27
1/9/2026,19:45, ,gtmpcwq_24G103008_010726_050000.bin,Pellicer Creek,GTMNERR,0,30.752,0,19.14,0,-0.045,0,82.2,0,6.55,0,49.08,16.43,7.58,0,-57.7,5.73,20.992,0,8.94,0,1.188,2.51,0,10.05
1/9/2026,20:00, ,gtmpcwq_24G103008_010726_050000.bin,Pellicer Creek,GTMNERR,0,31.241,0,19.47,0,-0.059,0,79.1,0,6.29,0,46.61,15.6,7.58,0,-57.7,5.73,21.078,0,7.84,0,1.19,2.17,0,8.7
1/9/2026,20:15, ,gtmpcwq_24G103008_010726_050000.bin,Pellicer Creek,GTMNERR,0,31.185,0,19.43,0,-0.073,0,75.3,0,5.98,0,45.49,15.23,7.56,0,-56.8,5.72,21.076,0,7.93,0,1.197,2.18,0,8.73
1/9/2026,20:30, ,gtmpcwq_24G103008_010726_050000.bin,Pellicer Creek,GTMNERR,0,30.869,0,19.22,0,-0.086,0,73.9,0,5.88,0,46.6,15.6,7.53,0,-54.5,5.72,21.074,0,4.99,0,1.189,1.59,0,6.37
1/9/2026,20:45, ,gtmpcwq_24G103008_010726_050000.bin,Pellicer Creek,GTMNERR,0,30.541,0,18.99,0,-0.098,0,73,0,5.82,0,46.63,15.61,7.5,0,-52.8,5.73,21.02,0,4.05,0,1.199,1.53,0,6.13
1/9/2026,21:00, ,gtmpcwq_24G103008_010726_050000.bin,Pellicer Creek,GTMNERR,0,30.382,0,18.89,0,-0.11,0,73,0,5.83,0,46.89,15.7,7.54,0,-55.1,5.72,20.966,0,8.83,0,1.187,1.66,0,6.65
1/9/2026,21:15, ,gtmpcwq_24G103008_010726_050000.bin,Pellicer Creek,GTMNERR,0,30.139,0,18.72,0,-0.12,0,73.6,0,5.89,0,47.39,15.86,7.53,0,-54.4,5.73,20.932,0,7.07,0,1.191,1.84,0,7.38
1/9/2026,21:30, ,gtmpcwq_24G103008_010726_050000.bin,Pellicer Creek,GTMNERR,0,29.68,0,18.41,0,-0.131,0,72,0,5.78,0,48.83,16.35,7.51,0,-53.3,5.72,20.812,0,6.1,0,1.198,1.33,0,5.33
1/9/2026,21:45, ,gtmpcwq_24G103008_010726_050000.bin,Pellicer Creek,GTMNERR,0,29.353,0,18.19,0,-0.14,0,70.1,0,5.65,0,47.79,16,7.48,0,-52,5.72,20.77,0,6.13,0,1.2,1.73,0,6.92
1/9/2026,22:00, ,gtmpcwq_24G103008_010726_050000.bin,Pellicer Creek,GTMNERR,0,29.045,0,17.98,0,-0.149,0,75.1,0,6.05,0,49.93,16.71,7.51,0,-53.6,5.72,20.784,0,6.74,0,1.196,2.11,0,8.46
1/9/2026,22:15, ,gtmpcwq_24G103008_010726_050000.bin,Pellicer Creek,GTMNERR,0,28.456,0,17.58,0,-0.159,0,77.1,0,6.23,0,51.76,17.33,7.52,0,-53.9,5.72,20.789,0,6.98,0,1.192,2,0,8.02
1/9/2026,22:30, ,gtmpcwq_24G103008_010726_050000.bin,Pellicer Creek,GTMNERR,0,28.289,0,17.46,0,-0.167,0,75.3,0,6.08,0,50.29,16.83,7.5,0,-53,5.72,20.807,0,6.58,0,1.193,1.93,0,7.72
1/9/2026,22:45, ,gtmpcwq_24G103008_010726_050000.bin,Pellicer Creek,GTMNERR,0,28.12,0,17.35,0,-0.175,0,73.7,0,5.96,0,52.72,17.65,7.48,0,-51.9,5.71,20.787,0,5.31,0,1.19,1.92,0,7.7
1/9/2026,23:00, ,gtmpcwq_24G103008_010726_050000.bin,Pellicer Creek,GTMNERR,0,27.649,0,17.03,0,-0.183,0,76.2,0,6.18,0,52.56,17.6,7.5,0,-53.1,5.72,20.775,0,5.72,0,1.191,2.05,0,8.2
1/9/2026,23:15, ,gtmpcwq_24G103008_010726_050000.bin,Pellicer Creek,GTMNERR,0,27.894,0,17.2,0,-0.192,0,72.4,0,5.86,0,52.73,17.65,7.47,0,-51.1,5.73,20.752,0,4.8,0,1.2,1.6,0,6.41
1/9/2026,23:30, ,gtmpcwq_24G103008_010726_050000.bin,Pellicer Creek,GTMNERR,0,27.807,0,17.14,0,-0.198,0,70.8,0,5.74,0,51.21,17.14,7.47,0,-50.9,5.72,20.742,0,4.47,0,1.188,1.54,0,6.16
1/9/2026,23:45, ,gtmpcwq_24G103008_010726_050000.bin,Pellicer Creek,GTMNERR,0,27.286,0,16.79,0,-0.202,0,69.4,0,5.64,0,51.72,17.31,7.44,0,-49.7,5.72,20.73,0,4.63,0,1.193,1.79,0,7.18
1/10/2026,0:00, ,gtmpcwq_24G103008_010726_050000.bin,Pellicer Creek,GTMNERR,0,25.987,0,15.91,0,-0.197,0,74.5,0,6.09,0,53.36,17.86,7.48,0,-51.8,5.71,20.693,0,5.07,0,1.191,2.4,0,9.61
1/10/2026,0:15, ,gtmpcwq_24G103008_010726_050000.bin,Pellicer Creek,GTMNERR,0,24.927,0,15.21,0,-0.187,0,80.4,0,6.59,0,55.19,18.47,7.49,0,-52.1,5.71,20.703,0,6.56,0,1.186,2.23,0,8.94
1/10/2026,0:30, ,gtmpcwq_24G103008_010726_050000.bin,Pellicer Creek,GTMNERR,0,23.004,0,13.93,0,-0.176,0,83.7,0,6.91,0,56.77,19,7.51,0,-53.7,5.72,20.769,0,6.61,0,1.184,2.44,0,9.8
1/10/2026,0:45, ,gtmpcwq_24G103008_010726_050000.bin,Pellicer Creek,GTMNERR,0,20.092,0,12.02,0,-0.163,0,82.6,0,6.9,0,61.08,20.45,7.54,0,-55.3,5.71,20.714,0,10.35,0,1.186,2.36,0,9.48
1/10/2026,1:00, ,gtmpcwq_24G103008_010726_050000.bin,Pellicer Creek,GTMNERR,0,18.917,0,11.26,0,-0.147,0,87.8,0,7.39,0,62.7,20.99,7.52,0,-54.4,5.72,20.603,0,6.65,0,1.192,2.27,0,9.11
1/10/2026,1:15, ,gtmpcwq_24G103008_010726_050000.bin,Pellicer Creek,GTMNERR,0,20.105,0,12.03,0,-0.128,0,86.3,0,7.23,0,61.71,20.66,7.53,0,-54.6,5.71,20.617,0,8.17,0,1.196,1.99,0,7.99
1/10/2026,1:30, ,gtmpcwq_24G103008_010726_050000.bin,Pellicer Creek,GTMNERR,0,20.701,0,12.42,0,-0.107,0,85.8,0,7.17,0,60.83,20.36,7.54,0,-55.1,5.71,20.595,0,7.73,0,1.188,1.81,0,7.23
1/10/2026,1:45, ,gtmpcwq_24G103008_010726_050000.bin,Pellicer Creek,GTMNERR,0,23.274,0,14.11,0,-0.086,0,85.4,0,7.05,0,57.98,19.41,7.55,0,-55.9,5.72,20.673,0,7.79,0,1.2,1.84,0,7.35
1/10/2026,2:00, ,gtmpcwq_24G103008_010726_050000.bin,Pellicer Creek,GTMNERR,0,23.497,0,14.25,0,-0.063,0,86.3,0,7.1,0,57.27,19.17,7.55,0,-56.1,5.71,20.807,0,7.96,0,1.198,1.72,0,6.87
1/10/2026,2:15, ,gtmpcwq_24G103008_010726_050000.bin,Pellicer Creek,GTMNERR,0,23.489,0,14.25,0,-0.037,0,85.4,0,7.04,0,57.77,19.34,7.55,0,-56.1,5.72,20.727,0,7.72,0,1.189,1.8,0,7.2
1/10/2026,2:30, ,gtmpcwq_24G103008_010726_050000.bin,Pellicer Creek,GTMNERR,0,24.801,0,15.12,0,-0.01,0,84.9,0,6.95,0,56.18,18.8,7.57,0,-56.8,5.71,20.864,0,7.83,0,1.194,1.87,0,7.5
1/10/2026,2:45, ,gtmpcwq_24G103008_010726_050000.bin,Pellicer Creek,GTMNERR,0,23.844,0,14.49,0,0.021,0,85.5,0,7.07,0,57.42,19.22,7.58,0,-57.4,5.71,20.514,0,7.66,0,1.191,1.92,0,7.69
1/10/2026,3:00, ,gtmpcwq_24G103008_010726_050000.bin,Pellicer Creek,GTMNERR,0,25.929,0,15.87,0,0.051,0,83.9,0,6.85,0,54.8,18.35,7.58,0,-57.5,5.71,20.782,0,8.11,0,1.199,2.01,0,8.04
1/10/2026,3:15, ,gtmpcwq_24G103008_010726_050000.bin,Pellicer Creek,GTMNERR,0,27.218,0,16.74,0,0.082,0,83.1,0,6.73,0,53.13,17.79,7.58,0,-57.8,5.71,20.883,0,8.23,0,1.199,2.01,0,8.04
1/10/2026,3:30, ,gtmpcwq_24G103008_010726_050000.bin,Pellicer Creek,GTMNERR,0,28.513,0,17.62,0,0.113,0,82,0,6.62,0,52.24,17.49,7.59,0,-58.1,5.71,20.808,0,8.11,0,1.196,1.79,0,7.17
1/10/2026,3:45, ,gtmpcwq_24G103008_010726_050000.bin,Pellicer Creek,GTMNERR,0,30.453,0,18.93,0,0.14,0,79.8,0,6.38,0,50.05,16.75,7.59,0,-58.2,5.71,20.954,0,8.46,0,1.191,2.26,0,9.04
1/10/2026,4:00, ,gtmpcwq_24G103008_010726_050000.bin,Pellicer Creek,GTMNERR,0,30.772,0,19.16,0,0.163,0,79.2,0,6.35,0,50.31,16.84,7.6,0,-58.9,5.71,20.705,0,8.03,0,1.201,1.76,0,7.06
1/10/2026,4:15, ,gtmpcwq_24G103008_010726_050000.bin,Pellicer Creek,GTMNERR,0,32.071,0,20.05,0,0.181,0,78.7,0,6.26,0,48.34,16.18,7.61,0,-59.2,5.71,20.816,0,7.95,0,1.199,1.56,0,6.25
1/10/2026,4:30, ,gtmpcwq_24G103008_010726_050000.bin,Pellicer Creek,GTMNERR,0,33.383,0,20.95,0,0.192,0,76.8,0,6.04,0,46.01,15.4,7.61,0,-59.6,5.71,21.12,0,8.49,0,1.196,1.6,0,6.38
1/10/2026,4:45, ,gtmpcwq_24G103008_010726_050000.bin,Pellicer Creek,GTMNERR,0,34.581,0,21.78,0,0.197,0,72.4,0,5.67,0,42.11,14.1,7.6,0,-58.9,5.71,21.188,0,7.22,0,1.196,1.19,0,4.76
1/10/2026,5:00, ,gtmpcwq_24G103008_010726_050000.bin,Pellicer Creek,GTMNERR,0,35.145,0,22.17,0,0.187,0,70.6,0,5.5,0,41.72,13.97,7.58,0,-58,5.71,21.311,0,6.3,0,1.197,1.1,0,4.37
1/10/2026,5:15, ,gtmpcwq_24G103008_010726_050000.bin,Pellicer Creek,GTMNERR,0,35.723,0,22.57,0,0.17,0,71.6,0,5.55,0,41.32,13.83,7.6,0,-59.2,5.71,21.413,0,6.7,0,1.191,1.14,0,4.53
1/10/2026,5:30, ,gtmpcwq_24G103008_010726_050000.bin,Pellicer Creek,GTMNERR,0,35.07,0,22.12,0,0.153,0,74.4,0,5.79,0,43.78,14.65,7.61,0,-59.4,5.7,21.336,0,9.59,0,1.19,1.25,0,5
1/10/2026,5:45, ,gtmpcwq_24G103008_010726_050000.bin,Pellicer Creek,GTMNERR,0,33.794,0,21.23,0,0.138,0,74.8,0,5.86,0,45.34,15.18,7.6,0,-58.9,5.71,21.234,0,9.2,0,1.197,1.38,0,5.54
1/10/2026,6:00, ,gtmpcwq_24G103008_010726_050000.bin,Pellicer Creek,GTMNERR,0,33.531,0,21.05,0,0.12,0,74.8,0,5.87,0,45.42,15.2,7.59,0,-58.5,5.71,21.192,0,9.82,0,1.198,1.46,0,5.84
1/10/2026,6:15, ,gtmpcwq_24G103008_010726_050000.bin,Pellicer Creek,GTMNERR,0,33.244,0,20.85,0,0.099,0,73.9,0,5.81,0,45.27,15.15,7.58,0,-57.7,5.7,21.259,0,8.94,0,1.193,1.43,0,5.72
1/10/2026,6:30, ,gtmpcwq_24G103008_010726_050000.bin,Pellicer Creek,GTMNERR,0,33.374,0,20.94,0,0.08,0,75.1,0,5.9,0,46.01,15.4,7.58,0,-57.8,5.71,21.272,0,10.48,0,1.198,1.41,0,5.63
1/10/2026,6:45, ,gtmpcwq_24G103008_010726_050000.bin,Pellicer Creek,GTMNERR,0,33.745,0,21.2,0,0.064,0,74.2,0,5.81,0,45.5,15.23,7.58,0,-57.7,5.71,21.31,0,9.6,0,1.195,1.45,0,5.81
1/10/2026,7:00, ,gtmpcwq_24G103008_010726_050000.bin,Pellicer Creek,GTMNERR,0,33.791,0,21.23,0,0.047,0,72.7,0,5.69,0,45.3,15.16,7.57,0,-57.2,5.7,21.353,0,9.56,0,1.2,1.41,0,5.62
1/10/2026,7:15, ,gtmpcwq_24G103008_010726_050000.bin,Pellicer Creek,GTMNERR,0,33.336,0,20.91,0,0.029,0,73.8,0,5.78,0,45.46,15.22,7.58,0,-57.5,5.71,21.308,0,11.31,0,1.192,1.36,0,5.44
1/10/2026,7:30, ,gtmpcwq_24G103008_010726_050000.bin,Pellicer Creek,GTMNERR,0,33.792,0,21.23,0,0.011,0,71.6,0,5.6,0,44.59,14.92,7.57,0,-57.1,5.71,21.352,0,8.73,0,1.192,1.41,0,5.64
1/10/2026,7:45, ,gtmpcwq_24G103008_010726_050000.bin,Pellicer Creek,GTMNERR,0,32.851,0,20.58,0,-0.006,0,71,0,5.58,0,45.77,15.32,7.56,0,-56.5,5.71,21.31,0,10.11,0,1.194,1.41,0,5.63
1/10/2026,8:00, ,gtmpcwq_24G103008_010726_050000.bin,Pellicer Creek,GTMNERR,0,32.963,0,20.66,0,-0.021,0,72.6,0,5.7,0,46.13,15.44,7.56,0,-56.4,5.71,21.305,0,9.35,0,1.189,1.42,0,5.67
1/10/2026,8:15, ,gtmpcwq_24G103008_010726_050000.bin,Pellicer Creek,GTMNERR,0,32.797,0,20.54,0,-0.038,0,71.6,0,5.63,0,46.15,15.45,7.56,0,-56.4,5.7,21.316,0,9.48,0,1.185,1.44,0,5.78
1/10/2026,8:30, ,gtmpcwq_24G103008_010726_050000.bin,Pellicer Creek,GTMNERR,0,32.448,0,20.3,0,-0.053,0,70.3,0,5.54,0,45.29,15.16,7.54,0,-55.4,5.71,21.277,0,8.48,0,1.191,1.3,0,5.19
1/10/2026,8:45, ,gtmpcwq_24G103008_010726_050000.bin,Pellicer Creek,GTMNERR,0,32.627,0,20.42,0,-0.066,0,68.6,0,5.39,0,44.33,14.84,7.54,0,-55.5,5.71,21.293,0,7.85,0,1.192,1.29,0,5.15
1/10/2026,9:00, ,gtmpcwq_24G103008_010726_050000.bin,Pellicer Creek,GTMNERR,0,32.558,0,20.38,0,-0.079,0,67,0,5.27,0,43.95,14.71,7.53,0,-54.7,5.7,21.298,0,7.27,0,1.191,1.11,0,4.42
1/10/2026,9:15, ,gtmpcwq_24G103008_010726_050000.bin,Pellicer Creek,GTMNERR,0,32.119,0,20.07,0,-0.091,0,66.1,0,5.21,0,44.5,14.9,7.53,0,-54.8,5.7,21.276,0,7.73,0,1.196,1.33,0,5.29
1/10/2026,9:30, ,gtmpcwq_24G103008_010726_050000.bin,Pellicer Creek,GTMNERR,0,31.718,0,19.8,0,-0.1,0,68.5,0,5.41,0,44.61,14.93,7.52,0,-54.3,5.7,21.245,0,8.12,0,1.187,1.2,0,4.8
1/10/2026,9:45, ,gtmpcwq_24G103008_010726_050000.bin,Pellicer Creek,GTMNERR,0,31.38,0,19.57,0,-0.112,0,65.9,0,5.22,0,44.95,15.05,7.52,0,-53.9,5.7,21.221,0,6.11,0,1.188,1.27,0,5.07
1/10/2026,10:00, ,gtmpcwq_24G103008_010726_050000.bin,Pellicer Creek,GTMNERR,0,30.733,0,19.12,0,-0.123,0,70.1,0,5.57,0,47.21,15.8,7.52,0,-54.1,5.71,21.146,0,8.14,0,1.191,1.4,0,5.6
1/10/2026,10:15, ,gtmpcwq_24G103008_010726_050000.bin,Pellicer Creek,GTMNERR,0,29.675,0,18.4,0,-0.136,0,67.8,0,5.42,0,48.51,16.24,7.49,0,-52.1,5.7,21.045,0,6.86,0,1.199,1.08,0,4.32
1/10/2026,10:30, ,gtmpcwq_24G103008_010726_050000.bin,Pellicer Creek,GTMNERR,0,28.28,0,17.46,0,-0.149,0,69.8,0,5.63,0,50.85,17.02,7.49,0,-52.1,5.71,20.884,0,6.4,0,1.202,1.31,0,5.24
1/10/2026,10:45, ,gtmpcwq_24G103008_010726_050000.bin,Pellicer Creek,GTMNERR,0,25.977,0,15.91,0,-0.159,0,71.4,0,5.84,0,51.96,17.39,7.48,0,-51.7,5.7,20.563,0,7.68,0,1.201,1.46,0,5.84
1/10/2026,11:00, ,gtmpcwq_24G103008_010726_050000.bin,Pellicer Creek,GTMNERR,0,23.294,0,14.12,0,-0.169,0,73.2,0,6.09,0,55.11,18.45,7.48,0,-51.7,5.7,20.313,0,5.88,0,1.198,1.7,0,6.82
1/10/2026,11:15, ,gtmpcwq_24G103008_010726_050000.bin,Pellicer Creek,GTMNERR,0,21.843,0,13.17,0,-0.175,0,72.7,0,6.1,0,56.22,18.82,7.48,0,-51.8,5.7,20.182,0,6.05,0,1.199,1.49,0,5.97
1/10/2026,11:30, ,gtmpcwq_24G103008_010726_050000.bin,Pellicer Creek,GTMNERR,0,23.831,0,14.48,0,-0.185,0,71.5,0,5.93,0,53.5,17.91,7.47,0,-51.1,5.7,20.33,0,6.78,0,1.201,1.54,0,6.16
1/10/2026,11:45, ,gtmpcwq_24G103008_010726_050000.bin,Pellicer Creek,GTMNERR,0,21.243,0,12.77,0,-0.195,0,76.1,0,6.38,0,55.87,18.7,7.49,0,-52.3,5.7,20.271,0,6.46,0,1.201,1.53,0,6.12
1/10/2026,12:00, ,gtmpcwq_24G103008_010726_050000.bin,Pellicer Creek,GTMNERR,0,20.376,0,12.21,0,-0.2,0,74.4,0,6.27,0,55.19,18.48,7.47,0,-51.2,5.69,20.254,0,6.77,0,1.2,1.4,0,5.59
1/10/2026,12:15, ,gtmpcwq_24G103008_010726_050000.bin,Pellicer Creek,GTMNERR,0,18.48,0,10.98,0,-0.203,0,78.6,0,6.67,0,58.78,19.68,7.48,0,-51.6,5.7,20.223,0,6.23,0,1.198,1.3,0,5.19
1/10/2026,12:30, ,gtmpcwq_24G103008_010726_050000.bin,Pellicer Creek,GTMNERR,0,16.531,0,9.73,0,-0.196,0,84.4,0,7.19,0,60.27,20.18,7.5,0,-52.8,5.71,20.397,0,6.88,0,1.194,1.34,0,5.34
1/10/2026,12:45, ,gtmpcwq_24G103008_010726_050000.bin,Pellicer Creek,GTMNERR,0,16.163,0,9.49,0,-0.191,0,85.8,0,7.24,0,59.77,20.01,7.48,0,-51.8,5.7,20.961,0,6.9,0,1.201,1.52,0,6.07
1/10/2026,13:00, ,gtmpcwq_24G103008_010726_050000.bin,Pellicer Creek,GTMNERR,0,18.219,0,10.81,0,-0.184,0,85.8,0,7.27,0,62.12,20.8,7.48,0,-51.9,5.7,20.362,0,8.29,0,1.195,1.83,0,7.34
1/10/2026,13:15, ,gtmpcwq_24G103008_010726_050000.bin,Pellicer Creek,GTMNERR,0,18.386,0,10.9,0,-0.173,0,98.6,0,8.08,0,58.57,19.61,7.6,0,-58.9,5.69,22.054,0,10.94,0,1.194,1.61,0,6.46
1/10/2026,13:30, ,gtmpcwq_24G103008_010726_050000.bin,Pellicer Creek,GTMNERR,0,19.352,0,11.53,0,-0.162,0,93.5,0,7.73,0,59.13,19.79,7.54,0,-55.3,5.7,21.414,0,10.06,0,1.185,2.21,0,8.86
1/10/2026,13:45, ,gtmpcwq_24G103008_010726_050000.bin,Pellicer Creek,GTMNERR,0,19.868,0,11.87,0,-0.141,0,93.7,0,7.75,0,59.58,19.94,7.55,0,-55.9,5.7,21.269,0,10.25,0,1.189,2.18,0,8.73
1/10/2026,14:00, ,gtmpcwq_24G103008_010726_050000.bin,Pellicer Creek,GTMNERR,0,23.855,0,14.49,0,-0.121,0,89.4,0,7.27,0,55.03,18.42,7.55,0,-55.7,5.7,21.42,0,12.33,0,1.191,2.15,0,8.63
1/10/2026,14:15, ,gtmpcwq_24G103008_010726_050000.bin,Pellicer Creek,GTMNERR,0,20.808,0,12.47,0,-0.098,0,100.7,0,8.11,0,55.07,18.44,7.64,0,-61.3,5.7,22.514,0,9.99,0,1.192,2.16,0,8.66
1/10/2026,14:30, ,gtmpcwq_24G103008_010726_050000.bin,Pellicer Creek,GTMNERR,0,22.818,0,13.79,0,-0.081,0,98,0,7.87,0,54.78,18.34,7.63,0,-60.9,5.69,22.247,0,10.87,0,1.192,1.96,0,7.85
1/10/2026,14:45, ,gtmpcwq_24G103008_010726_050000.bin,Pellicer Creek,GTMNERR,0,23.683,0,14.36,0,-0.05,0,99.3,0,7.93,0,53.32,17.85,7.65,0,-62.1,5.7,22.404,0,11.24,0,1.19,2.24,0,8.96
1/10/2026,15:00, ,gtmpcwq_24G103008_010726_050000.bin,Pellicer Creek,GTMNERR,0,23.74,0,14.4,0,-0.025,0,101,0,8.01,0,52.42,17.55,7.67,0,-63.2,5.71,22.766,0,11.7,0,1.198,2.25,0,9.01
1/10/2026,15:15, ,gtmpcwq_24G103008_010726_050000.bin,Pellicer Creek,GTMNERR,0,25.468,0,15.55,0,-0.002,0,97.3,0,7.69,0,51.35,17.19,7.66,0,-62.8,5.7,22.579,0,11.6,0,1.193,2.21,0,8.87
1/10/2026,15:30, ,gtmpcwq_24G103008_010726_050000.bin,Pellicer Creek,GTMNERR,0,24.984,0,15.22,0,0.024,0,101.2,0,7.95,0,50.99,17.07,7.7,0,-64.8,5.7,23.025,0,10.63,0,1.195,2.43,0,9.76
1/10/2026,15:45, ,gtmpcwq_24G103008_010726_050000.bin,Pellicer Creek,GTMNERR,0,27.563,0,16.95,0,0.048,0,96.3,0,7.53,0,48.93,16.38,7.69,0,-64.2,5.69,22.756,0,12.61,0,1.192,2.23,0,8.95
1/10/2026,16:00, ,gtmpcwq_24G103008_010726_050000.bin,Pellicer Creek,GTMNERR,0,27.285,0,16.76,0,0.073,0,101.9,0,7.92,0,48.51,16.24,7.72,0,-66.4,5.7,23.11,0,10.44,0,1.201,2.64,0,10.58
1/10/2026,16:15, ,gtmpcwq_24G103008_010726_050000.bin,Pellicer Creek,GTMNERR,0,29.546,0,18.29,0,0.09,0,97.4,0,7.53,0,46.42,15.54,7.71,0,-65.7,5.7,22.959,0,16.14,0,1.186,2.25,0,9.01
1/10/2026,16:30, ,gtmpcwq_24G103008_010726_050000.bin,Pellicer Creek,GTMNERR,0,32.977,0,20.65,0,0.098,0,85,0,6.55,0,44.19,14.79,7.62,0,-60.4,5.7,22.332,0,10.7,0,1.186,1.94,0,7.76
1/10/2026,16:45, ,gtmpcwq_24G103008_010726_050000.bin,Pellicer Creek,GTMNERR,0,31.921,0,19.92,0,0.104,0,93.5,0,7.16,0,42.88,14.35,7.7,0,-64.8,5.7,22.878,0,10.91,0,1.197,2.3,0,9.22
1/10/2026,17:00, ,gtmpcwq_24G103008_010726_050000.bin,Pellicer Creek,GTMNERR,0,34.082,0,21.42,0,0.094,0,80.1,0,6.15,0,41.67,13.95,7.61,0,-59.5,5.69,22.315,0,8.86,0,1.198,1.57,0,6.3
1/10/2026,17:15, ,gtmpcwq_24G103008_010726_050000.bin,Pellicer Creek,GTMNERR,0,34.706,0,21.85,0,0.081,0,79.3,0,6.08,0,41.26,13.81,7.62,0,-60.4,5.69,22.188,0,9.6,0,1.194,1.57,0,6.27
1/10/2026,17:30, ,gtmpcwq_24G103008_010726_050000.bin,Pellicer Creek,GTMNERR,0,34.671,0,21.83,0,0.063,0,79.2,0,6.09,0,42.29,14.16,7.63,0,-60.6,5.7,22.103,0,10.5,0,1.189,1.86,0,7.43
1/10/2026,17:45, ,gtmpcwq_24G103008_010726_050000.bin,Pellicer Creek,GTMNERR,0,34.209,0,21.51,0,0.048,0,80.6,0,6.2,0,42.91,14.36,7.62,0,-60.3,5.69,22.132,0,11.15,0,1.186,1.94,0,7.78
1/10/2026,18:00, ,gtmpcwq_24G103008_010726_050000.bin,Pellicer Creek,GTMNERR,0,33.912,0,21.3,0,0.029,0,79.9,0,6.16,0,42.44,14.21,7.62,0,-60.4,5.7,22.145,0,8.6,0,1.189,2.11,0,8.45
1/10/2026,18:15, ,gtmpcwq_24G103008_010726_050000.bin,Pellicer Creek,GTMNERR,0,33.542,0,21.05,0,0.012,0,80.4,0,6.21,0,44.32,14.84,7.62,0,-60.2,5.69,22.089,0,10.02,0,1.193,2.43,0,9.76
1/10/2026,18:30, ,gtmpcwq_24G103008_010726_050000.bin,Pellicer Creek,GTMNERR,0,33.485,0,21.01,0,-0.004,0,79.2,0,6.12,0,44.26,14.81,7.62,0,-60,5.69,22.027,0,10.24,0,1.19,2.54,0,10.17
1/10/2026,18:45, ,gtmpcwq_24G103008_010726_050000.bin,Pellicer Creek,GTMNERR,0,33.783,0,21.22,0,-0.021,0,78.2,0,6.05,0,43.96,14.72,7.61,0,-59.7,5.7,21.952,0,8.54,0,1.191,2.5,0,10.05
1/10/2026,19:00, ,gtmpcwq_24G103008_010726_050000.bin,Pellicer Creek,GTMNERR,0,33.686,0,21.15,0,-0.036,0,76.3,0,5.91,0,43.09,14.42,7.6,0,-59.1,5.7,21.942,0,8.14,0,1.192,2.19,0,8.78
1/10/2026,19:15, ,gtmpcwq_24G103008_010726_050000.bin,Pellicer Creek,GTMNERR,0,33.521,0,21.03,0,-0.049,0,74.5,0,5.77,0,41.95,14.04,7.6,0,-59,5.69,21.954,0,8.77,0,1.19,2.03,0,8.14
1/10/2026,19:30, ,gtmpcwq_24G103008_010726_050000.bin,Pellicer Creek,GTMNERR,0,32.965,0,20.65,0,-0.064,0,72.4,0,5.62,0,43.29,14.49,7.57,0,-57.3,5.69,21.978,0,7.21,0,1.192,1.91,0,7.65
1/10/2026,19:45, ,gtmpcwq_24G103008_010726_050000.bin,Pellicer Creek,GTMNERR,0,32.558,0,20.37,0,-0.078,0,72.4,0,5.63,0,43.73,14.64,7.56,0,-56.4,5.7,21.975,0,6.73,0,1.188,1.41,0,5.65
1/10/2026,20:00, ,gtmpcwq_24G103008_010726_050000.bin,Pellicer Creek,GTMNERR,0,32.546,0,20.36,0,-0.092,0,72.6,0,5.64,0,44.08,14.76,7.56,0,-56.5,5.69,21.941,0,8.04,0,1.201,1.69,0,6.76
1/10/2026,20:15, ,gtmpcwq_24G103008_010726_050000.bin,Pellicer Creek,GTMNERR,0,32.406,0,20.26,0,-0.105,0,72,0,5.6,0,45.21,15.13,7.55,0,-56,5.69,21.912,0,7.86,0,1.2,1.4,0,5.6
1/10/2026,20:30, ,gtmpcwq_24G103008_010726_050000.bin,Pellicer Creek,GTMNERR,0,32.496,0,20.33,0,-0.119,0,71.1,0,5.54,0,44.79,14.99,7.57,0,-57,5.7,21.872,0,7.73,0,1.191,1.77,0,7.07
1/10/2026,20:45, ,gtmpcwq_24G103008_010726_050000.bin,Pellicer Creek,GTMNERR,0,31.791,0,19.84,0,-0.129,0,73.1,0,5.71,0,46.16,15.45,7.56,0,-56.7,5.68,21.877,0,8.72,0,1.199,2.07,0,8.28
1/10/2026,21:00, ,gtmpcwq_24G103008_010726_050000.bin,Pellicer Creek,GTMNERR,0,31.657,0,19.75,0,-0.141,0,69.2,0,5.41,0,45.17,15.12,7.52,0,-54,5.69,21.837,0,5.2,0,1.199,1.4,0,5.61
1/10/2026,21:15, ,gtmpcwq_24G103008_010726_050000.bin,Pellicer Creek,GTMNERR,0,30.841,0,19.19,0,-0.152,0,72.4,0,5.67,0,46.39,15.53,7.54,0,-55.5,5.69,21.876,0,8.69,0,1.198,1.68,0,6.71
1/10/2026,21:30, ,gtmpcwq_24G103008_010726_050000.bin,Pellicer Creek,GTMNERR,0,30.665,0,19.07,0,-0.163,0,66.7,0,5.24,0,46.11,15.44,7.49,0,-52.2,5.68,21.835,0,5.58,0,1.187,1.43,0,5.73
1/10/2026,21:45, ,gtmpcwq_24G103008_010726_050000.bin,Pellicer Creek,GTMNERR,0,30.529,0,18.98,0,-0.173,0,68.9,0,5.41,0,46.34,15.51,7.49,0,-52.2,5.69,21.831,0,6.37,0,1.197,1.66,0,6.65
1/10/2026,22:00, ,gtmpcwq_24G103008_010726_050000.bin,Pellicer Creek,GTMNERR,0,29.598,0,18.34,0,-0.182,0,74.6,0,5.88,0,49.54,16.58,7.54,0,-55.4,5.7,21.886,0,8.03,0,1.192,2.11,0,8.44
1/10/2026,22:15, ,gtmpcwq_24G103008_010726_050000.bin,Pellicer Creek,GTMNERR,0,29.856,0,18.52,0,-0.19,0,70.6,0,5.56,0,47.76,15.99,7.5,0,-53.2,5.69,21.879,0,6.88,0,1.184,1.8,0,7.19
1/10/2026,22:30, ,gtmpcwq_24G103008_010726_050000.bin,Pellicer Creek,GTMNERR,0,29.527,0,18.29,0,-0.199,0,72.3,0,5.69,0,47.14,15.78,7.5,0,-53.3,5.69,21.884,0,7.48,0,1.189,1.79,0,7.15
1/10/2026,22:45, ,gtmpcwq_24G103008_010726_050000.bin,Pellicer Creek,GTMNERR,0,29.108,0,18.01,0,-0.207,0,68.2,0,5.39,0,47.51,15.9,7.49,0,-52.5,5.68,21.876,0,6.27,0,1.193,1.52,0,6.07
1/10/2026,23:00, ,gtmpcwq_24G103008_010726_050000.bin,Pellicer Creek,GTMNERR,0,28.771,0,17.78,0,-0.215,0,70,0,5.53,0,49.09,16.43,7.49,0,-52.3,5.68,21.868,0,7.28,0,1.184,1.58,0,6.32
1/10/2026,23:15, ,gtmpcwq_24G103008_010726_050000.bin,Pellicer Creek,GTMNERR,0,28.625,0,17.68,0,-0.22,0,68.8,0,5.44,0,48.45,16.22,7.47,0,-51.4,5.69,21.869,0,6.84,0,1.193,1.5,0,6.02
1/10/2026,23:30, ,gtmpcwq_24G103008_010726_050000.bin,Pellicer Creek,GTMNERR,0,28.222,0,17.41,0,-0.229,0,67.5,0,5.35,0,47.94,16.05,7.46,0,-50.7,5.68,21.859,0,5.77,0,1.194,1.4,0,5.6
1/10/2026,23:45, ,gtmpcwq_24G103008_010726_050000.bin,Pellicer Creek,GTMNERR,0,28.194,0,17.39,0,-0.236,0,67.6,0,5.36,0,48.83,16.35,7.46,0,-50.8,5.69,21.839,0,6.72,0,1.187,1.41,0,5.63
1/11/2026,0:00, ,gtmpcwq_24G103008_010726_050000.bin,Pellicer Creek,GTMNERR,0,27.988,0,17.25,0,-0.244,0,68.4,0,5.43,0,47.38,15.86,7.47,0,-51.1,5.68,21.821,0,6.49,0,1.186,1.51,0,6.03
1/11/2026,0:15, ,gtmpcwq_24G103008_010726_050000.bin,Pellicer Creek,GTMNERR,0,28.582,0,17.65,0,-0.248,0,58.8,0,4.66,0,45.96,15.39,7.45,0,-50.3,5.69,21.799,0,5.55,0,1.192,1.49,0,5.94
1/11/2026,0:30, ,gtmpcwq_24G103008_010726_050000.bin,Pellicer Creek,GTMNERR,0,28.926,0,17.89,0,-0.255,0,64.9,0,5.14,0,47.74,15.98,7.49,0,-52.4,5.69,21.766,0,6.9,0,1.192,1.71,0,6.86
1/11/2026,0:45, ,gtmpcwq_24G103008_010726_050000.bin,Pellicer Creek,GTMNERR,0,28.129,0,17.35,0,-0.253,0,73.3,0,5.82,0,49.67,16.63,7.49,0,-52.3,5.68,21.765,0,6.74,0,1.191,2.13,0,8.53
1/11/2026,1:00, ,gtmpcwq_24G103008_010726_050000.bin,Pellicer Creek,GTMNERR,0,26.349,0,16.15,0,-0.245,0,74.4,0,5.95,0,53.04,17.75,7.5,0,-52.9,5.69,21.729,0,7.15,0,1.202,2.64,0,10.61
1/11/2026,1:15, ,gtmpcwq_24G103008_010726_050000.bin,Pellicer Creek,GTMNERR,0,26.226,0,16.07,0,-0.236,0,76.3,0,6.1,0,53.7,17.97,7.51,0,-53.3,5.68,21.775,0,7.21,0,1.195,2.91,0,11.69
1/11/2026,1:30, ,gtmpcwq_24G103008_010726_050000.bin,Pellicer Creek,GTMNERR,0,20.852,0,12.51,0,-0.223,0,83.4,0,6.82,0,58.77,19.67,7.53,0,-54.8,5.68,21.702,0,8.3,0,1.183,2.31,0,9.28
1/11/2026,1:45, ,gtmpcwq_24G103008_010726_050000.bin,Pellicer Creek,GTMNERR,0,22.303,0,13.46,0,-0.208,0,83.9,0,6.83,0,57.94,19.4,7.53,0,-54.8,5.69,21.649,0,8.21,0,1.195,1.78,0,7.11
1/11/2026,2:00, ,gtmpcwq_24G103008_010726_050000.bin,Pellicer Creek,GTMNERR,0,20.05,0,11.99,0,-0.191,0,83.6,0,6.88,0,60.15,20.13,7.54,0,-55.2,5.68,21.548,0,8.4,0,1.2,2.9,0,11.66
1/11/2026,2:15, ,gtmpcwq_24G103008_010726_050000.bin,Pellicer Creek,GTMNERR,0,24.97,0,15.23,0,-0.175,0,81.9,0,6.59,0,54.23,18.15,7.54,0,-55.1,5.69,21.658,0,8.52,0,1.201,2.06,0,8.24
1/11/2026,2:30, ,gtmpcwq_24G103008_010726_050000.bin,Pellicer Creek,GTMNERR,0,23.81,0,14.45,0,-0.153,0,82.6,0,6.67,0,55.36,18.53,7.56,0,-56.8,5.68,21.748,0,8.62,0,1.198,1.57,0,6.3
1/11/2026,2:45, ,gtmpcwq_24G103008_010726_050000.bin,Pellicer Creek,GTMNERR,0,27.05,0,16.62,0,-0.134,0,81.9,0,6.53,0,52.06,17.43,7.54,0,-55.5,5.68,21.758,0,8.28,0,1.2,1.61,0,6.44
1/11/2026,3:00, ,gtmpcwq_24G103008_010726_050000.bin,Pellicer Creek,GTMNERR,0,30.041,0,18.64,0,-0.113,0,77.1,0,6.04,0,48.84,16.35,7.55,0,-56.1,5.68,22.159,0,8.92,0,1.197,1.79,0,7.17
1/11/2026,3:15, ,gtmpcwq_24G103008_010726_050000.bin,Pellicer Creek,GTMNERR,0,28.264,0,17.44,0,-0.086,0,80.3,0,6.36,0,51.15,17.12,7.56,0,-56.8,5.68,21.939,0,9.19,0,1.198,1.65,0,6.59
1/11/2026,3:30, ,gtmpcwq_24G103008_010726_050000.bin,Pellicer Creek,GTMNERR,0,26.323,0,16.13,0,-0.059,0,81.6,0,6.51,0,53.11,17.78,7.58,0,-57.6,5.68,21.841,0,8.62,0,1.201,1.92,0,7.69
1/11/2026,3:45, ,gtmpcwq_24G103008_010726_050000.bin,Pellicer Creek,GTMNERR,0,25.284,0,15.44,0,-0.032,0,81.7,0,6.58,0,54.4,18.21,7.58,0,-57.6,5.68,21.641,0,8.66,0,1.194,1.52,0,6.07
1/11/2026,4:00, ,gtmpcwq_24G103008_010726_050000.bin,Pellicer Creek,GTMNERR,0,23.246,0,14.09,0,-0.003,0,83.2,0,6.81,0,57.31,19.18,7.6,0,-58.7,5.68,21.164,0,7.73,0,1.193,2.14,0,8.57
1/11/2026,4:15, ,gtmpcwq_24G103008_010726_050000.bin,Pellicer Creek,GTMNERR,0,25.419,0,15.53,0,0.025,0,81.7,0,6.61,0,55.17,18.47,7.59,0,-58.2,5.69,21.382,0,8.07,0,1.201,1.71,0,6.86
1/11/2026,4:30, ,gtmpcwq_24G103008_010726_050000.bin,Pellicer Creek,GTMNERR,0,25.672,0,15.7,0,0.053,0,81.1,0,6.56,0,55.13,18.45,7.6,0,-58.7,5.68,21.262,0,7.81,0,1.191,1.84,0,7.38
1/11/2026,4:45, ,gtmpcwq_24G103008_010726_050000.bin,Pellicer Creek,GTMNERR,0,28.59,0,17.66,0,0.076,0,79.1,0,6.3,0,51.48,17.23,7.6,0,-58.9,5.68,21.442,0,8.39,0,1.186,1.72,0,6.9
1/11/2026,5:00, ,gtmpcwq_24G103008_010726_050000.bin,Pellicer Creek,GTMNERR,0,31.271,0,19.49,0,0.098,0,76.8,0,6.04,0,48.66,16.29,7.6,0,-59.2,5.67,21.603,0,8.51,0,1.202,2.02,0,8.1
1/11/2026,5:15, ,gtmpcwq_24G103008_010726_050000.bin,Pellicer Creek,GTMNERR,0,32.718,0,20.48,0,0.113,0,75.6,0,5.89,0,46.74,15.65,7.62,0,-59.9,5.68,21.735,0,8.71,0,1.197,1.48,0,5.92
1/11/2026,5:30, ,gtmpcwq_24G103008_010726_050000.bin,Pellicer Creek,GTMNERR,0,35.112,0,22.14,0,0.121,0,73.6,0,5.65,0,43.27,14.48,7.62,0,-60.2,5.68,22.092,0,8.46,0,1.188,1.42,0,5.67
1/11/2026,5:45, ,gtmpcwq_24G103008_010726_050000.bin,Pellicer Creek,GTMNERR,0,35.805,0,22.62,0,0.121,0,69.9,0,5.34,0,41.76,13.98,7.6,0,-58.8,5.67,22.252,0,6.99,0,1.188,0.98,0,3.9
1/11/2026,6:00, ,gtmpcwq_24G103008_010726_050000.bin,Pellicer Creek,GTMNERR,0,36.07,0,22.8,0,0.111,0,64,0,4.88,0,40.34,13.5,7.58,0,-57.8,5.68,22.294,0,7.28,0,1.192,0.95,0,3.78
1/11/2026,6:15, ,gtmpcwq_24G103008_010726_050000.bin,Pellicer Creek,GTMNERR,0,36.584,0,23.16,0,0.097,0,69.8,0,5.31,0,39.98,13.38,7.61,0,-59.9,5.67,22.307,0,8.8,0,1.187,1.14,0,4.54
1/11/2026,6:30, ,gtmpcwq_24G103008_010726_050000.bin,Pellicer Creek,GTMNERR,0,35.951,0,22.72,0,0.082,0,70.8,0,5.4,0,41.53,13.9,7.61,0,-59.6,5.68,22.315,0,8.31,0,1.193,1.15,0,4.57
1/11/2026,6:45, ,gtmpcwq_24G103008_010726_050000.bin,Pellicer Creek,GTMNERR,0,34.384,0,21.63,0,0.065,0,72.2,0,5.55,0,43.42,14.53,7.61,0,-59.3,5.68,22.176,0,10.23,0,1.191,1.12,0,4.49
1/11/2026,7:00, ,gtmpcwq_24G103008_010726_050000.bin,Pellicer Creek,GTMNERR,0,35.186,0,22.19,0,0.044,0,70.2,0,5.37,0,41.43,13.87,7.6,0,-59,5.67,22.261,0,10.03,0,1.194,1.12,0,4.46
1/11/2026,7:15, ,gtmpcwq_24G103008_010726_050000.bin,Pellicer Creek,GTMNERR,0,34.371,0,21.62,0,0.029,0,72.4,0,5.55,0,44.15,14.78,7.6,0,-58.8,5.68,22.32,0,13.2,0,1.184,1.28,0,5.12
1/11/2026,7:30, ,gtmpcwq_24G103008_010726_050000.bin,Pellicer Creek,GTMNERR,0,35.238,0,22.22,0,0.013,0,71.4,0,5.45,0,43.14,14.44,7.59,0,-58.7,5.67,22.394,0,9.38,0,1.189,1.23,0,4.89
1/11/2026,7:45, ,gtmpcwq_24G103008_010726_050000.bin,Pellicer Creek,GTMNERR,0,35.196,0,22.19,0,-0.003,0,68.9,0,5.26,0,41.12,13.77,7.58,0,-57.9,5.67,22.389,0,9.16,0,1.202,1.17,0,4.65
1/11/2026,8:00, ,gtmpcwq_24G103008_010726_050000.bin,Pellicer Creek,GTMNERR,0,34.969,0,22.03,0,-0.018,0,69.5,0,5.3,0,42.25,14.14,7.58,0,-57.9,5.68,22.423,0,10,0,1.192,1.22,0,4.85
1/11/2026,8:15, ,gtmpcwq_24G103008_010726_050000.bin,Pellicer Creek,GTMNERR,0,34.51,0,21.71,0,-0.033,0,67.9,0,5.19,0,41.39,13.86,7.57,0,-57.2,5.68,22.443,0,9.65,0,1.186,1.15,0,4.6
1/11/2026,8:30, ,gtmpcwq_24G103008_010726_050000.bin,Pellicer Creek,GTMNERR,0,34.516,0,21.72,0,-0.047,0,67.9,0,5.19,0,42.96,14.38,7.57,0,-57.1,5.68,22.471,0,8.2,0,1.193,1.08,0,4.31
1/11/2026,8:45, ,gtmpcwq_24G103008_010726_050000.bin,Pellicer Creek,GTMNERR,0,34.411,0,21.64,0,-0.06,0,68.2,0,5.21,0,42.55,14.24,7.56,0,-56.6,5.67,22.501,0,8.9,0,1.195,1.11,0,4.42
1/11/2026,9:00, ,gtmpcwq_24G103008_010726_050000.bin,Pellicer Creek,GTMNERR,0,34.237,0,21.52,0,-0.075,0,67.6,0,5.17,0,42.2,14.12,7.56,0,-56.8,5.67,22.499,0,7.95,0,1.188,1.2,0,4.8
1/11/2026,9:15, ,gtmpcwq_24G103008_010726_050000.bin,Pellicer Creek,GTMNERR,0,33.703,0,21.15,0,-0.089,0,68.3,0,5.23,0,43.88,14.69,7.56,0,-56.7,5.68,22.494,0,8.29,0,1.193,1.13,0,4.49
1/11/2026,9:30, ,gtmpcwq_24G103008_010726_050000.bin,Pellicer Creek,GTMNERR,0,33.745,0,21.18,0,-0.102,0,67.5,0,5.18,0,43.56,14.58,7.55,0,-56.1,5.67,22.456,0,8.34,0,1.186,0.76,0,3
1/11/2026,9:45, ,gtmpcwq_24G103008_010726_050000.bin,Pellicer Creek,GTMNERR,0,33.776,0,21.2,0,-0.113,0,63.9,0,4.9,0,42.5,14.23,7.53,0,-55.1,5.67,22.461,0,6.58,0,1.183,1.01,0,4.01
1/11/2026,10:00, ,gtmpcwq_24G103008_010726_050000.bin,Pellicer Creek,GTMNERR,0,33.429,0,20.96,0,-0.125,0,65.4,0,5.03,0,42.78,14.32,7.54,0,-55.2,5.67,22.424,0,9.34,0,1.185,0.99,0,3.95
1/11/2026,10:15, ,gtmpcwq_24G103008_010726_050000.bin,Pellicer Creek,GTMNERR,0,33.172,0,20.79,0,-0.135,0,64.4,0,4.96,0,41.56,13.91,7.53,0,-54.9,5.68,22.39,0,9.82,0,1.194,1.08,0,4.31
1/11/2026,10:30, ,gtmpcwq_24G103008_010726_050000.bin,Pellicer Creek,GTMNERR,0,32.6,0,20.39,0,-0.146,0,64.4,0,4.97,0,43.03,14.4,7.53,0,-54.7,5.67,22.319,0,8.33,0,1.194,1.1,0,4.39
1/11/2026,10:45, ,gtmpcwq_24G103008_010726_050000.bin,Pellicer Creek,GTMNERR,0,32.126,0,20.07,0,-0.154,0,62.9,0,4.87,0,43.03,14.41,7.52,0,-54,5.67,22.248,0,7.35,0,1.185,1.03,0,4.12
1/11/2026,11:00, ,gtmpcwq_24G103008_010726_050000.bin,Pellicer Creek,GTMNERR,0,32.596,0,20.39,0,-0.163,0,62.2,0,4.8,0,43.47,14.55,7.53,0,-54.6,5.68,22.312,0,6.63,0,1.184,1.02,0,4.08
1/11/2026,11:15, ,gtmpcwq_24G103008_010726_050000.bin,Pellicer Creek,GTMNERR,0,31.609,0,19.71,0,-0.17,0,65.9,0,5.12,0,44.99,15.06,7.52,0,-54.2,5.66,22.166,0,7.99,0,1.195,1.11,0,4.43
1/11/2026,11:30, ,gtmpcwq_24G103008_010726_050000.bin,Pellicer Creek,GTMNERR,0,32.503,0,20.33,0,-0.181,0,65.1,0,5.03,0,44.8,15,7.54,0,-55.2,5.67,22.278,0,8.04,0,1.199,1.19,0,4.77
1/11/2026,11:45, ,gtmpcwq_24G103008_010726_050000.bin,Pellicer Creek,GTMNERR,0,32.524,0,20.34,0,-0.19,0,65.8,0,5.08,0,43.82,14.67,7.53,0,-54.9,5.67,22.313,0,8.45,0,1.197,1.12,0,4.48
1/11/2026,12:00, ,gtmpcwq_24G103008_010726_050000.bin,Pellicer Creek,GTMNERR,0,32.41,0,20.26,0,-0.197,0,68.5,0,5.3,0,46.12,15.44,7.53,0,-55.1,5.66,22.287,0,7.29,0,1.199,1.13,0,4.5
1/11/2026,12:15, ,gtmpcwq_24G103008_010726_050000.bin,Pellicer Creek,GTMNERR,0,32.225,0,20.14,0,-0.204,0,63.5,0,4.92,0,43.63,14.6,7.52,0,-54.3,5.66,22.245,0,8.42,0,1.196,1.12,0,4.46
1/11/2026,12:30, ,gtmpcwq_24G103008_010726_050000.bin,Pellicer Creek,GTMNERR,0,32.006,0,19.99,0,-0.218,0,64.5,0,5,0,44.85,15.01,7.52,0,-54.4,5.67,22.211,0,8.54,0,1.193,1.07,0,4.25
1/11/2026,12:45, ,gtmpcwq_24G103008_010726_050000.bin,Pellicer Creek,GTMNERR,0,31.916,0,19.92,0,-0.224,0,67.6,0,5.24,0,47.15,15.78,7.52,0,-54.5,5.66,22.179,0,8.4,0,1.197,1.12,0,4.46
1/11/2026,13:00, ,gtmpcwq_24G103008_010726_050000.bin,Pellicer Creek,GTMNERR,0,31.45,0,19.61,0,-0.235,0,68,0,5.29,0,45.78,15.33,7.53,0,-54.7,5.66,22.091,0,9.04,0,1.195,1.33,0,5.32
1/11/2026,13:15, ,gtmpcwq_24G103008_010726_050000.bin,Pellicer Creek,GTMNERR,0,31.458,0,19.61,0,-0.243,0,66.4,0,5.17,0,45.92,15.37,7.52,0,-54.4,5.67,22.08,0,7.83,0,1.191,1.2,0,4.78
1/11/2026,13:30, ,gtmpcwq_24G103008_010726_050000.bin,Pellicer Creek,GTMNERR,0,30.795,0,19.16,0,-0.244,0,67.4,0,5.28,0,46.78,15.66,7.53,0,-54.7,5.66,21.975,0,7.68,0,1.194,1.43,0,5.7
1/11/2026,13:45, ,gtmpcwq_24G103008_010726_050000.bin,Pellicer Creek,GTMNERR,0,30.205,0,18.76,0,-0.242,0,68.8,0,5.41,0,48.84,16.35,7.52,0,-54.1,5.67,21.931,0,7.9,0,1.19,1.48,0,5.91
1/11/2026,14:00, ,gtmpcwq_24G103008_010726_050000.bin,Pellicer Creek,GTMNERR,0,29.403,0,18.21,0,-0.242,0,69.1,0,5.46,0,49.43,16.55,7.52,0,-54.1,5.66,21.806,0,7.74,0,1.199,1.43,0,5.74
1/11/2026,14:15, ,gtmpcwq_24G103008_010726_050000.bin,Pellicer Creek,GTMNERR,0,25.563,0,15.62,0,-0.236,0,73.4,0,5.93,0,55.35,18.53,7.52,0,-54,5.66,21.401,0,7.75,0,1.2,2.02,0,8.08
1/11/2026,14:30, ,gtmpcwq_24G103008_010726_050000.bin,Pellicer Creek,GTMNERR,0,20.166,0,12.07,0,-0.221,0,83.8,0,6.99,0,59.18,19.81,7.6,0,-58.6,5.67,20.774,0,10.31,0,1.191,2.31,0,9.28
1/11/2026,14:45, ,gtmpcwq_24G103008_010726_050000.bin,Pellicer Creek,GTMNERR,0,18.775,0,11.17,0,-0.207,0,88.9,0,7.48,0,60.44,20.23,7.65,0,-61.8,5.66,20.596,0,9.43,0,1.188,2.44,0,9.8
1/11/2026,15:00, ,gtmpcwq_24G103008_010726_050000.bin,Pellicer Creek,GTMNERR,0,20.355,0,12.19,0,-0.196,0,89.3,0,7.45,0,58.77,19.67,7.64,0,-61.2,5.67,20.759,0,9.46,0,1.187,1.85,0,7.41
1/11/2026,15:15, ,gtmpcwq_24G103008_010726_050000.bin,Pellicer Creek,GTMNERR,0,19.968,0,11.94,0,-0.179,0,89.4,0,7.48,0,59.13,19.79,7.65,0,-61.8,5.66,20.717,0,9.55,0,1.189,1.81,0,7.23
1/11/2026,15:30, ,gtmpcwq_24G103008_010726_050000.bin,Pellicer Creek,GTMNERR,0,23.305,0,14.13,0,-0.163,0,87.4,0,7.19,0,55.58,18.6,7.65,0,-61.8,5.66,20.934,0,10.41,0,1.192,2.05,0,8.21
1/11/2026,15:45, ,gtmpcwq_24G103008_010726_050000.bin,Pellicer Creek,GTMNERR,0,25.707,0,15.72,0,-0.149,0,87.2,0,7.08,0,52.83,17.69,7.66,0,-62.6,5.66,21.069,0,10.78,0,1.192,1.81,0,7.26
1/11/2026,16:00, ,gtmpcwq_24G103008_010726_050000.bin,Pellicer Creek,GTMNERR,0,23.523,0,14.27,0,-0.133,0,90.2,0,7.41,0,54.11,18.11,7.69,0,-64.3,5.66,20.906,0,12.89,0,1.191,2.3,0,9.22
1/11/2026,16:15, ,gtmpcwq_24G103008_010726_050000.bin,Pellicer Creek,GTMNERR,0,23.593,0,14.32,0,-0.117,0,90.5,0,7.44,0,54.15,18.13,7.69,0,-64.4,5.67,20.913,0,12.78,0,1.187,2.32,0,9.32
1/11/2026,16:30, ,gtmpcwq_24G103008_010726_050000.bin,Pellicer Creek,GTMNERR,0,28.072,0,17.31,0,-0.102,0,90.9,0,7.31,0,50.11,16.77,7.65,0,-61.8,5.65,21.123,0,11.95,0,1.189,1.94,0,7.79
1/11/2026,16:45, ,gtmpcwq_24G103008_010726_050000.bin,Pellicer Creek,GTMNERR,0,26.115,0,16,0,-0.085,0,85.7,0,6.95,0,52.47,17.56,7.66,0,-62.2,5.66,21.043,0,11.63,0,1.195,3.22,0,12.92
1/11/2026,17:00, ,gtmpcwq_24G103008_010726_050000.bin,Pellicer Creek,GTMNERR,0,27.275,0,16.78,0,-0.067,0,82.8,0,6.68,0,51.22,17.15,7.64,0,-61.1,5.66,21.108,0,11.74,0,1.203,2.43,0,9.73
1/11/2026,17:15, ,gtmpcwq_24G103008_010726_050000.bin,Pellicer Creek,GTMNERR,0,27.372,0,16.84,0,-0.052,0,83,0,6.7,0,50.58,16.93,7.63,0,-60.8,5.66,21.095,0,11.37,0,1.194,2.21,0,8.87
1/11/2026,17:30, ,gtmpcwq_24G103008_010726_050000.bin,Pellicer Creek,GTMNERR,0,27.58,0,16.98,0,-0.041,0,84.3,0,6.79,0,50.93,17.05,7.66,0,-62.3,5.67,21.082,0,11.72,0,1.191,3.81,0,15.32
1/11/2026,17:45, ,gtmpcwq_24G103008_010726_050000.bin,Pellicer Creek,GTMNERR,0,28.257,0,17.44,0,-0.037,0,83.4,0,6.7,0,50.21,16.81,7.65,0,-61.8,5.65,21.114,0,11.59,0,1.198,3.55,0,14.28
1/11/2026,18:00, ,gtmpcwq_24G103008_010726_050000.bin,Pellicer Creek,GTMNERR,0,29.367,0,18.19,0,-0.038,0,78.6,0,6.28,0,46.3,15.5,7.63,0,-60.7,5.66,21.171,0,11.23,0,1.188,3.67,0,14.74
1/11/2026,18:15, ,gtmpcwq_24G103008_010726_050000.bin,Pellicer Creek,GTMNERR,0,32.061,0,20.03,0,-0.048,0,68.7,0,5.41,0,44.68,14.95,7.59,0,-58.2,5.66,21.336,0,9.64,0,1.183,1.49,0,5.97
1/11/2026,18:30, ,gtmpcwq_24G103008_010726_050000.bin,Pellicer Creek,GTMNERR,0,33.837,0,21.26,0,-0.058,0,66.4,0,5.17,0,42.45,14.21,7.58,0,-57.5,5.66,21.543,0,11.18,0,1.192,1.54,0,6.17
1/11/2026,18:45, ,gtmpcwq_24G103008_010726_050000.bin,Pellicer Creek,GTMNERR,0,34.648,0,21.82,0,-0.066,0,64.3,0,4.98,0,42.57,14.25,7.56,0,-56.3,5.66,21.709,0,12.11,0,1.192,1.95,0,7.81
1/11/2026,19:00, ,gtmpcwq_24G103008_010726_050000.bin,Pellicer Creek,GTMNERR,0,33.763,0,21.21,0,-0.076,0,66.6,0,5.19,0,44.33,14.84,7.56,0,-56.7,5.65,21.608,0,11.02,0,1.187,2.44,0,9.78
1/11/2026,19:15, ,gtmpcwq_24G103008_010726_050000.bin,Pellicer Creek,GTMNERR,0,33.682,0,21.15,0,-0.086,0,64.9,0,5.05,0,43.96,14.71,7.56,0,-56.5,5.65,21.61,0,11.17,0,1.184,2.7,0,10.85
1/11/2026,19:30, ,gtmpcwq_24G103008_010726_050000.bin,Pellicer Creek,GTMNERR,0,33.347,0,20.92,0,-0.095,0,64.4,0,5.02,0,43.53,14.57,7.56,0,-56.5,5.66,21.57,0,8.14,0,1.189,1.65,0,6.58
1/11/2026,19:45, ,gtmpcwq_24G103008_010726_050000.bin,Pellicer Creek,GTMNERR,0,33.337,0,20.91,0,-0.102,0,62.4,0,4.87,0,41.99,14.06,7.56,0,-56.4,5.65,21.538,0,7.62,0,1.194,1.41,0,5.64
1/11/2026,20:00, ,gtmpcwq_24G103008_010726_050000.bin,Pellicer Creek,GTMNERR,0,32.962,0,20.65,0,-0.11,0,62.9,0,4.92,0,43.72,14.63,7.55,0,-55.9,5.66,21.529,0,6.54,0,1.187,1.5,0,5.99
1/11/2026,20:15, ,gtmpcwq_24G103008_010726_050000.bin,Pellicer Creek,GTMNERR,0,32.313,0,20.21,0,-0.118,0,65.8,0,5.17,0,45.69,15.29,7.56,0,-56.7,5.65,21.459,0,7.64,0,1.19,1.65,0,6.59
1/11/2026,20:30, ,gtmpcwq_24G103008_010726_050000.bin,Pellicer Creek,GTMNERR,0,32.96,0,20.65,0,-0.125,0,63.3,0,4.96,0,43.03,14.4,7.54,0,-55.4,5.66,21.503,0,7.93,0,1.183,2.64,0,10.6
1/11/2026,20:45, ,gtmpcwq_24G103008_010726_050000.bin,Pellicer Creek,GTMNERR,0,32.875,0,20.59,0,-0.131,0,57.9,0,4.53,0,42.95,14.38,7.54,0,-55.6,5.66,21.511,0,6.77,0,1.196,1.26,0,5.04
1/11/2026,21:00, ,gtmpcwq_24G103008_010726_050000.bin,Pellicer Creek,GTMNERR,0,32.813,0,20.55,0,-0.14,0,54.5,0,4.27,0,42.85,14.34,7.51,0,-53.6,5.65,21.51,0,5.13,0,1.196,1.44,0,5.77
1/11/2026,21:15, ,gtmpcwq_24G103008_010726_050000.bin,Pellicer Creek,GTMNERR,0,32.645,0,20.43,0,-0.148,0,57.9,0,4.54,0,42.79,14.32,7.52,0,-54.1,5.66,21.515,0,6.18,0,1.191,1.28,0,5.1
1/11/2026,21:30, ,gtmpcwq_24G103008_010726_050000.bin,Pellicer Creek,GTMNERR,0,32.474,0,20.32,0,-0.155,0,55.2,0,4.33,0,43.87,14.69,7.48,0,-51.7,5.65,21.519,0,5.36,0,1.196,1.25,0,4.98
1/11/2026,21:45, ,gtmpcwq_24G103008_010726_050000.bin,Pellicer Creek,GTMNERR,0,32.28,0,20.18,0,-0.165,0,56.9,0,4.47,0,44.39,14.86,7.48,0,-51.7,5.65,21.504,0,4.71,0,1.192,1.14,0,4.55
1/11/2026,22:00, ,gtmpcwq_24G103008_010726_050000.bin,Pellicer Creek,GTMNERR,0,31.977,0,19.97,0,-0.171,0,57.2,0,4.49,0,45.32,15.17,7.5,0,-52.8,5.66,21.534,0,5.23,0,1.189,1.39,0,5.57
1/11/2026,22:15, ,gtmpcwq_24G103008_010726_050000.bin,Pellicer Creek,GTMNERR,0,31.677,0,19.77,0,-0.177,0,57.3,0,4.51,0,43.41,14.53,7.49,0,-52.4,5.65,21.494,0,6.43,0,1.19,1.68,0,6.72
1/11/2026,22:30, ,gtmpcwq_24G103008_010726_050000.bin,Pellicer Creek,GTMNERR,0,31.534,0,19.67,0,-0.184,0,55.4,0,4.37,0,44.48,14.89,7.47,0,-51.5,5.66,21.441,0,5.69,0,1.189,1.21,0,4.83
1/11/2026,22:45, ,gtmpcwq_24G103008_010726_050000.bin,Pellicer Creek,GTMNERR,0,31.216,0,19.45,0,-0.191,0,59.1,0,4.67,0,42.7,14.29,7.5,0,-53.2,5.65,21.416,0,6.67,0,1.189,1.87,0,7.48
1/11/2026,23:00, ,gtmpcwq_24G103008_010726_050000.bin,Pellicer Creek,GTMNERR,0,31.635,0,19.74,0,-0.196,0,50.2,0,3.96,0,41.99,14.05,7.48,0,-51.7,5.65,21.419,0,5.97,0,1.197,1.37,0,5.48
1/11/2026,23:15, ,gtmpcwq_24G103008_010726_050000.bin,Pellicer Creek,GTMNERR,0,30.736,0,19.12,0,-0.201,0,56.9,0,4.5,0,46.31,15.5,7.47,0,-51.3,5.65,21.415,0,6.43,0,1.193,1.37,0,5.46
1/11/2026,23:30, ,gtmpcwq_24G103008_010726_050000.bin,Pellicer Creek,GTMNERR,0,31.138,0,19.4,0,-0.201,0,50.8,0,4,0,44.64,14.94,7.46,0,-50.5,5.65,21.488,0,4.64,0,1.188,1.19,0,4.77
1/11/2026,23:45, ,gtmpcwq_24G103008_010726_050000.bin,Pellicer Creek,GTMNERR,0,31.04,0,19.33,0,-0.198,0,52.3,0,4.13,0,45.97,15.39,7.44,0,-49.5,5.65,21.512,0,4.68,0,1.186,1.26,0,5.05
1/12/2026,0:00, ,gtmpcwq_24G103008_010726_050000.bin,Pellicer Creek,GTMNERR,0,30.744,0,19.13,0,-0.203,0,62.4,0,4.93,0,47.28,15.83,7.49,0,-52.7,5.65,21.502,0,6.31,0,1.202,2.64,0,10.57
1/12/2026,0:15, ,gtmpcwq_24G103008_010726_050000.bin,Pellicer Creek,GTMNERR,0,30.232,0,18.78,0,-0.207,0,64.9,0,5.14,0,49.58,16.6,7.51,0,-53.8,5.65,21.475,0,8.22,0,1.191,2.43,0,9.74
1/12/2026,0:30, ,gtmpcwq_24G103008_010726_050000.bin,Pellicer Creek,GTMNERR,0,28.522,0,17.62,0,-0.208,0,66.3,0,5.29,0,51.61,17.28,7.5,0,-53.2,5.65,21.418,0,8.06,0,1.189,2.99,0,12
1/12/2026,0:45, ,gtmpcwq_24G103008_010726_050000.bin,Pellicer Creek,GTMNERR,0,28.096,0,17.33,0,-0.214,0,63.5,0,5.09,0,48.52,16.24,7.5,0,-52.8,5.65,21.344,0,7.29,0,1.191,2.09,0,8.37
1/12/2026,1:00, ,gtmpcwq_24G103008_010726_050000.bin,Pellicer Creek,GTMNERR,0,30.092,0,18.68,0,-0.217,0,58.3,0,4.63,0,46.28,15.49,7.46,0,-50.4,5.65,21.409,0,6.98,0,1.188,1.65,0,6.61
1/12/2026,1:15, ,gtmpcwq_24G103008_010726_050000.bin,Pellicer Creek,GTMNERR,0,30.659,0,19.07,0,-0.213,0,52,0,4.11,0,45.64,15.28,7.42,0,-48.3,5.65,21.447,0,4.14,0,1.191,1.2,0,4.78
1/12/2026,1:30, ,gtmpcwq_24G103008_010726_050000.bin,Pellicer Creek,GTMNERR,0,30.652,0,19.07,0,-0.211,0,63.6,0,5.04,0,47.66,15.95,7.52,0,-53.9,5.65,21.365,0,9.75,0,1.191,1.93,0,7.73
1/12/2026,1:45, ,gtmpcwq_24G103008_010726_050000.bin,Pellicer Creek,GTMNERR,0,31.382,0,19.57,0,-0.203,0,61,0,4.82,0,45.89,15.36,7.51,0,-53.7,5.65,21.378,0,8.29,0,1.198,1.62,0,6.47
1/12/2026,2:00, ,gtmpcwq_24G103008_010726_050000.bin,Pellicer Creek,GTMNERR,0,29.49,0,18.28,0,-0.198,0,68.6,0,5.48,0,49.53,16.58,7.55,0,-55.7,5.65,21.107,0,10.46,0,1.196,2.92,0,11.72
1/12/2026,2:15, ,gtmpcwq_24G103008_010726_050000.bin,Pellicer Creek,GTMNERR,0,27.407,0,16.87,0,-0.186,0,75.5,0,6.15,0,51.94,17.39,7.6,0,-58.8,5.65,20.576,0,9.04,0,1.188,3.66,0,14.69
1/12/2026,2:30, ,gtmpcwq_24G103008_010726_050000.bin,Pellicer Creek,GTMNERR,0,24.022,0,14.61,0,-0.165,0,77.4,0,6.47,0,56.24,18.82,7.61,0,-59.5,5.65,19.892,0,10.08,0,1.191,2.02,0,8.1
1/12/2026,2:45, ,gtmpcwq_24G103008_010726_050000.bin,Pellicer Creek,GTMNERR,0,26.723,0,16.41,0,-0.153,0,74.1,0,6.11,0,53.18,17.8,7.6,0,-59,5.65,20.076,0,9.84,0,1.196,2.82,0,11.3
1/12/2026,3:00, ,gtmpcwq_24G103008_010726_050000.bin,Pellicer Creek,GTMNERR,0,26.073,0,15.98,0,-0.133,0,79.1,0,6.6,0,53.78,18,7.64,0,-60.8,5.65,19.534,0,9.45,0,1.191,2.09,0,8.39
1/12/2026,3:15, ,gtmpcwq_24G103008_010726_050000.bin,Pellicer Creek,GTMNERR,0,20.149,0,12.07,0,-0.107,0,83.2,0,7.36,0,61.62,20.63,7.7,0,-64.5,5.65,17.752,0,8.71,0,1.196,2.14,0,8.59
1/12/2026,3:30, ,gtmpcwq_24G103008_010726_050000.bin,Pellicer Creek,GTMNERR,0,21.419,0,12.9,0,-0.082,0,83.8,0,7.41,0,61.15,20.47,7.71,0,-65.1,5.65,17.533,0,8.13,0,1.185,1.82,0,7.27
1/12/2026,3:45, ,gtmpcwq_24G103008_010726_050000.bin,Pellicer Creek,GTMNERR,0,25.503,0,15.6,0,-0.054,0,81.5,0,6.94,0,55.29,18.51,7.67,0,-62.4,5.65,18.637,0,9.39,0,1.194,2.21,0,8.84
1/12/2026,4:00, ,gtmpcwq_24G103008_010726_050000.bin,Pellicer Creek,GTMNERR,0,20.365,0,12.21,0,-0.021,0,86.2,0,7.82,0,62.27,20.84,7.76,0,-67.6,5.65,16.456,0,8.33,0,1.202,2.09,0,8.39
1/12/2026,4:15, ,gtmpcwq_24G103008_010726_050000.bin,Pellicer Creek,GTMNERR,0,22.354,0,13.52,0,0.013,0,84.1,0,7.52,0,59.78,20.01,7.74,0,-66.3,5.65,16.83,0,8.64,0,1.192,1.99,0,7.99
1/12/2026,4:30, ,gtmpcwq_24G103008_010726_050000.bin,Pellicer Creek,GTMNERR,0,24.413,0,14.88,0,0.047,0,83.1,0,7.3,0,56.79,19.01,7.72,0,-65.6,5.64,17.29,0,10.42,0,1.188,2.07,0,8.28
1/12/2026,4:45, ,gtmpcwq_24G103008_010726_050000.bin,Pellicer Creek,GTMNERR,0,26.929,0,16.56,0,0.084,0,82.4,0,7.15,0,53.71,17.98,7.72,0,-65.2,5.65,17.424,0,12.39,0,1.193,1.7,0,6.81
1/12/2026,5:00, ,gtmpcwq_24G103008_010726_050000.bin,Pellicer Creek,GTMNERR,0,27.589,0,17.01,0,0.123,0,81.3,0,7.06,0,53.14,17.79,7.71,0,-65.1,5.65,17.235,0,12.58,0,1.194,1.9,0,7.61
1/12/2026,5:15, ,gtmpcwq_24G103008_010726_050000.bin,Pellicer Creek,GTMNERR,0,28.596,0,17.69,0,0.163,0,80.7,0,6.96,0,51.47,17.23,7.71,0,-65,5.65,17.345,0,14.29,0,1.193,1.82,0,7.28
1/12/2026,5:30, ,gtmpcwq_24G103008_010726_050000.bin,Pellicer Creek,GTMNERR,0,29.165,0,18.08,0,0.199,0,80.9,0,7.03,0,50.32,16.84,7.73,0,-65.9,5.65,16.816,0,16.07,0,1.192,1.85,0,7.4
1/12/2026,5:45, ,gtmpcwq_24G103008_010726_050000.bin,Pellicer Creek,GTMNERR,0,30.191,0,18.77,0,0.231,0,81.7,0,7.19,0,49.15,16.45,7.76,0,-67.7,5.64,16.028,0,15.78,0,1.189,1.86,0,7.46
1/12/2026,6:00, ,gtmpcwq_24G103008_010726_050000.bin,Pellicer Creek,GTMNERR,0,31.052,0,19.36,0,0.261,0,82.6,0,7.27,0,47.45,15.88,7.78,0,-68.7,5.65,15.825,0,18.66,0,1.191,1.93,0,7.71
1/12/2026,6:15, ,gtmpcwq_24G103008_010726_050000.bin,Pellicer Creek,GTMNERR,0,31.677,0,19.79,0,0.285,0,82.8,0,7.3,0,46.78,15.66,7.79,0,-69.4,5.65,15.613,0,17.22,0,1.192,1.7,0,6.79
1/12/2026,6:30, ,gtmpcwq_24G103008_010726_050000.bin,Pellicer Creek,GTMNERR,0,32.241,0,20.17,0,0.303,0,82.9,0,7.31,0,46.26,15.49,7.8,0,-69.6,5.65,15.51,0,16.26,0,1.184,1.88,0,7.51
1/12/2026,6:45, ,gtmpcwq_24G103008_010726_050000.bin,Pellicer Creek,GTMNERR,0,32.798,0,20.55,0,0.315,0,83,0,7.31,0,45.56,15.25,7.8,0,-70,5.65,15.436,0,16.99,0,1.191,1.85,0,7.42
1/12/2026,7:00, ,gtmpcwq_24G103008_010726_050000.bin,Pellicer Creek,GTMNERR,0,33.106,0,20.77,0,0.321,0,83.2,0,7.33,0,45.36,15.18,7.81,0,-70.3,5.64,15.347,0,16.99,0,1.188,2.1,0,8.42
1/12/2026,7:15, ,gtmpcwq_24G103008_010726_050000.bin,Pellicer Creek,GTMNERR,0,32.899,0,20.62,0,0.319,0,82.5,0,7.28,0,44.65,14.95,7.8,0,-70,5.65,15.319,0,14.87,0,1.191,1.53,0,6.1
1/12/2026,7:30, ,gtmpcwq_24G103008_010726_050000.bin,Pellicer Creek,GTMNERR,0,33.799,0,21.24,0,0.307,0,81.5,0,7.17,0,43.86,14.68,7.8,0,-69.6,5.65,15.331,0,14.43,0,1.197,1.53,0,6.12
1/12/2026,7:45, ,gtmpcwq_24G103008_010726_050000.bin,Pellicer Creek,GTMNERR,0,33.599,0,21.11,0,0.288,0,82.5,0,7.26,0,44.08,14.76,7.81,0,-70.2,5.65,15.33,0,15.63,0,1.183,1.68,0,6.72
1/12/2026,8:00, ,gtmpcwq_24G103008_010726_050000.bin,Pellicer Creek,GTMNERR,0,33.183,0,20.82,0,0.275,0,82.6,0,7.27,0,45.28,15.16,7.8,0,-69.9,5.65,15.416,0,15.25,0,1.191,1.73,0,6.91
1/12/2026,8:15, ,gtmpcwq_24G103008_010726_050000.bin,Pellicer Creek,GTMNERR,0,32.5,0,20.35,0,0.258,0,82.2,0,7.25,0,46.29,15.5,7.79,0,-69.4,5.62,15.498,0,15.52,0,1.195,1.75,0,7.01
1/12/2026,8:30, ,gtmpcwq_24G103008_010726_050000.bin,Pellicer Creek,GTMNERR,0,31.961,0,19.98,0,0.238,0,81.9,0,7.21,0,47.06,15.75,7.79,0,-68.9,5.64,15.608,0,14.02,0,1.192,1.8,0,7.21
1/12/2026,8:45, ,gtmpcwq_24G103008_010726_050000.bin,Pellicer Creek,GTMNERR,0,30.98,0,19.31,0,0.217,0,81,0,7.13,0,48.27,16.16,7.77,0,-68,5.65,15.86,0,13.39,0,1.194,1.87,0,7.48
1/12/2026,9:00, ,gtmpcwq_24G103008_010726_050000.bin,Pellicer Creek,GTMNERR,0,30.306,0,18.85,0,0.201,0,80.2,0,7.03,0,49.99,16.74,7.75,0,-66.9,5.64,16.249,0,12.98,0,1.189,1.57,0,6.3
1/12/2026,9:15, ,gtmpcwq_24G103008_010726_050000.bin,Pellicer Creek,GTMNERR,0,31.357,0,19.57,0,0.18,0,80.8,0,7.09,0,48.33,16.18,7.76,0,-67.7,5.65,15.987,0,13.27,0,1.192,1.78,0,7.12
1/12/2026,9:30, ,gtmpcwq_24G103008_010726_050000.bin,Pellicer Creek,GTMNERR,0,31.272,0,19.51,0,0.162,0,80.6,0,7.05,0,47.41,15.87,7.76,0,-67.3,5.63,16.051,0,14.68,0,1.193,1.69,0,6.76
1/12/2026,9:45, ,gtmpcwq_24G103008_010726_050000.bin,Pellicer Creek,GTMNERR,0,30.379,0,18.9,0,0.146,0,79.8,0,6.96,0,50.14,16.78,7.74,0,-66.2,5.65,16.435,0,11.82,0,1.185,1.58,0,6.33
1/12/2026,10:00, ,gtmpcwq_24G103008_010726_050000.bin,Pellicer Creek,GTMNERR,0,31.052,0,19.36,0,0.127,0,80,0,6.98,0,49.23,16.48,7.74,0,-66.6,5.65,16.293,0,12.07,0,1.187,1.86,0,7.44
1/12/2026,10:15, ,gtmpcwq_24G103008_010726_050000.bin,Pellicer Creek,GTMNERR,0,31.142,0,19.42,0,0.113,0,79.7,0,6.94,0,49.04,16.42,7.74,0,-66.3,5.64,16.355,0,11.63,0,1.201,1.66,0,6.65
1/12/2026,10:30, ,gtmpcwq_24G103008_010726_050000.bin,Pellicer Creek,GTMNERR,0,30.57,0,19.03,0,0.092,0,78.5,0,6.79,0,49.72,16.64,7.72,0,-65.2,5.65,16.771,0,11.52,0,1.189,1.61,0,6.45
1/12/2026,10:45, ,gtmpcwq_24G103008_010726_050000.bin,Pellicer Creek,GTMNERR,0,30.823,0,19.21,0,0.076,0,77.4,0,6.68,0,49.49,16.56,7.71,0,-64.6,5.64,16.863,0,11.43,0,1.19,1.56,0,6.25
1/12/2026,11:00, ,gtmpcwq_24G103008_010726_050000.bin,Pellicer Creek,GTMNERR,0,30.41,0,18.92,0,0.059,0,76.6,0,6.58,0,49.22,16.48,7.69,0,-63.5,5.65,17.22,0,13.95,0,1.2,1.67,0,6.7
1/12/2026,11:15, ,gtmpcwq_24G103008_010726_050000.bin,Pellicer Creek,GTMNERR,0,30.448,0,18.95,0,0.041,0,76.5,0,6.57,0,49.58,16.6,7.69,0,-63.5,5.65,17.151,0,11.49,0,1.192,1.56,0,6.23
1/12/2026,11:30, ,gtmpcwq_24G103008_010726_050000.bin,Pellicer Creek,GTMNERR,0,29.881,0,18.56,0,0.025,0,74.1,0,6.3,0,50.91,17.04,7.65,0,-61.5,5.65,17.76,0,10.2,0,1.189,1.55,0,6.19
1/12/2026,11:45, ,gtmpcwq_24G103008_010726_050000.bin,Pellicer Creek,GTMNERR,0,29.272,0,18.15,0,0.008,0,73.1,0,6.21,0,51.17,17.13,7.63,0,-60.3,5.65,18.033,0,12.18,0,1.187,1.5,0,5.99
1/12/2026,12:00, ,gtmpcwq_24G103008_010726_050000.bin,Pellicer Creek,GTMNERR,0,29.361,0,18.21,0,-0.009,0,72.7,0,6.17,0,51.12,17.11,7.63,0,-60.1,5.63,17.994,0,10.2,0,1.188,1.49,0,5.95
1/12/2026,12:15, ,gtmpcwq_24G103008_010726_050000.bin,Pellicer Creek,GTMNERR,0,29.963,0,18.62,0,-0.024,0,74.1,0,6.33,0,50.42,16.88,7.65,0,-61.2,5.65,17.568,0,10.46,0,1.192,1.54,0,6.17
1/12/2026,12:30, ,gtmpcwq_24G103008_010726_050000.bin,Pellicer Creek,GTMNERR,0,29.472,0,18.28,0,-0.037,0,72,0,6.13,0,49.28,16.5,7.64,0,-60.6,5.65,17.83,0,10.46,0,1.189,1.42,0,5.68
1/12/2026,12:45, ,gtmpcwq_24G103008_010726_050000.bin,Pellicer Creek,GTMNERR,0,29.813,0,18.52,0,-0.049,0,73.6,0,6.29,0,49.02,16.41,7.66,0,-62.1,5.65,17.519,0,9.72,0,1.191,1.37,0,5.48
1/12/2026,13:00, ,gtmpcwq_24G103008_010726_050000.bin,Pellicer Creek,GTMNERR,0,29.828,0,18.53,0,-0.06,0,73.1,0,6.25,0,48.71,16.31,7.66,0,-62.2,5.65,17.561,0,8.42,0,1.199,1.54,0,6.15
1/12/2026,13:15, ,gtmpcwq_24G103008_010726_050000.bin,Pellicer Creek,GTMNERR,0,29.804,0,18.51,0,-0.065,0,74.4,0,6.35,0,51.2,17.14,7.66,0,-62,5.63,17.652,0,9.3,0,1.192,1.52,0,6.1
1/12/2026,13:30, ,gtmpcwq_24G103008_010726_050000.bin,Pellicer Creek,GTMNERR,0,29.36,0,18.21,0,-0.07,0,73.6,0,6.26,0,51.8,17.34,7.64,0,-60.9,5.64,17.917,0,8.85,0,1.191,1.57,0,6.28
1/12/2026,13:45, ,gtmpcwq_24G103008_010726_050000.bin,Pellicer Creek,GTMNERR,0,28.501,0,17.62,0,-0.065,0,73.6,0,6.24,0,52.39,17.54,7.62,0,-59.8,5.65,18.217,0,9.18,0,1.192,1.66,0,6.65
1/12/2026,14:00, ,gtmpcwq_24G103008_010726_050000.bin,Pellicer Creek,GTMNERR,0,26.834,0,16.5,0,-0.059,0,81.8,0,7.02,0,53.43,17.89,7.69,0,-63.8,5.64,18.015,0,9.97,0,1.196,1.93,0,7.74
1/12/2026,14:15, ,gtmpcwq_24G103008_010726_050000.bin,Pellicer Creek,GTMNERR,0,25.634,0,15.69,0,-0.044,0,88.5,0,7.64,0,54.44,18.22,7.74,0,-66.6,5.65,17.913,0,9.9,0,1.196,2.63,0,10.53
1/12/2026,14:30, ,gtmpcwq_24G103008_010726_050000.bin,Pellicer Creek,GTMNERR,0,25.69,0,15.73,0,-0.027,0,90.2,0,7.78,0,54.21,18.15,7.75,0,-67.5,5.62,17.919,0,10.24,0,1.192,2.88,0,11.57
1/12/2026,14:45, ,gtmpcwq_24G103008_010726_050000.bin,Pellicer Creek,GTMNERR,0,26.497,0,16.27,0,-0.018,0,91,0,7.85,0,53.07,17.77,7.77,0,-68.6,5.64,17.788,0,11.16,0,1.192,3.24,0,13.01
1/12/2026,15:00, ,gtmpcwq_24G103008_010726_050000.bin,Pellicer Creek,GTMNERR,0,26.577,0,16.33,0,-0.001,0,92.7,0,8,0,52.71,17.64,7.8,0,-69.9,5.65,17.708,0,11.64,0,1.192,3.61,0,14.51
1/12/2026,15:15, ,gtmpcwq_24G103008_010726_050000.bin,Pellicer Creek,GTMNERR,0,27.057,0,16.65,0,0.019,0,94.4,0,8.19,0,51.66,17.29,7.83,0,-71.6,5.62,17.375,0,13.38,0,1.194,2.97,0,11.9
1/12/2026,15:30, ,gtmpcwq_24G103008_010726_050000.bin,Pellicer Creek,GTMNERR,0,27.659,0,17.06,0,0.04,0,94.8,0,8.22,0,51.2,17.14,7.83,0,-72,5.63,17.241,0,12.77,0,1.19,3.39,0,13.63
1/12/2026,15:45, ,gtmpcwq_24G103008_010726_050000.bin,Pellicer Creek,GTMNERR,0,27.947,0,17.25,0,0.062,0,95.7,0,8.31,0,50.84,17.02,7.85,0,-72.8,5.64,17.138,0,12.79,0,1.193,3.42,0,13.74
1/12/2026,16:00, ,gtmpcwq_24G103008_010726_050000.bin,Pellicer Creek,GTMNERR,0,27.932,0,17.24,0,0.085,0,96.1,0,8.36,0,50.71,16.97,7.85,0,-73.2,5.62,17.078,0,13.44,0,1.188,3.34,0,13.41
1/12/2026,16:15, ,gtmpcwq_24G103008_010726_050000.bin,Pellicer Creek,GTMNERR,0,28.239,0,17.45,0,0.106,0,96.4,0,8.39,0,50.74,16.98,7.86,0,-73.6,5.62,16.99,0,12.06,0,1.184,3.54,0,14.22
1/12/2026,16:30, ,gtmpcwq_24G103008_010726_050000.bin,Pellicer Creek,GTMNERR,0,29.274,0,18.15,0,0.131,0,95.5,0,8.29,0,49.74,16.65,7.85,0,-72.9,5.64,16.893,0,12.53,0,1.187,2.86,0,11.47
1/12/2026,16:45, ,gtmpcwq_24G103008_010726_050000.bin,Pellicer Creek,GTMNERR,0,29.777,0,18.49,0,0.154,0,96.1,0,8.35,0,49.29,16.5,7.87,0,-73.8,5.64,16.725,0,11.74,0,1.185,3.56,0,14.32
1/12/2026,17:00, ,gtmpcwq_24G103008_010726_050000.bin,Pellicer Creek,GTMNERR,0,29.613,0,18.38,0,0.177,0,96.9,0,8.45,0,49.25,16.49,7.88,0,-74.8,5.63,16.629,0,11.98,0,1.183,3.56,0,14.31
1/12/2026,17:15, ,gtmpcwq_24G103008_010726_050000.bin,Pellicer Creek,GTMNERR,0,31.037,0,19.35,0,0.198,0,96.5,0,8.39,0,47.56,15.92,7.88,0,-74.6,5.61,16.484,0,12.63,0,1.192,3.76,0,15.1
1/12/2026,17:30, ,gtmpcwq_24G103008_010726_050000.bin,Pellicer Creek,GTMNERR,0,31.241,0,19.49,0,0.215,0,97.1,0,8.45,0,47.32,15.84,7.89,0,-75.1,5.63,16.384,0,12.58,0,1.195,3.75,0,15.06
1/12/2026,17:45, ,gtmpcwq_24G103008_010726_050000.bin,Pellicer Creek,GTMNERR,0,31.957,0,19.98,0,0.231,0,97,0,8.43,0,46.61,15.6,7.89,0,-75.3,5.62,16.3,0,12.34,0,1.192,3.74,0,15.04
1/12/2026,18:00, ,gtmpcwq_24G103008_010726_050000.bin,Pellicer Creek,GTMNERR,0,32.604,0,20.43,0,0.239,0,97.2,0,8.44,0,45.89,15.36,7.9,0,-75.5,5.61,16.219,0,11.76,0,1.19,3.59,0,14.42
1/12/2026,18:15, ,gtmpcwq_24G103008_010726_050000.bin,Pellicer Creek,GTMNERR,0,33.135,0,20.79,0,0.244,0,96.2,0,8.33,0,45.38,15.19,7.89,0,-75.1,5.62,16.179,0,10.83,0,1.186,2.28,0,9.14
1/12/2026,18:30, ,gtmpcwq_24G103008_010726_050000.bin,Pellicer Creek,GTMNERR,0,34.662,0,21.85,0,0.245,0,95.3,0,8.23,0,42.9,14.36,7.89,0,-75.3,5.6,16.058,0,10.51,0,1.183,2,0,8
1/12/2026,18:45, ,gtmpcwq_24G103008_010726_050000.bin,Pellicer Creek,GTMNERR,0,35.079,0,22.14,0,0.238,0,94.9,0,8.19,0,41.45,13.87,7.89,0,-75.1,5.61,16.013,0,10.52,0,1.191,1.92,0,7.67
1/12/2026,19:00, ,gtmpcwq_24G103008_010726_050000.bin,Pellicer Creek,GTMNERR,0,35.406,0,22.36,0,0.231,0,94.4,0,8.13,0,41.13,13.77,7.89,0,-75,5.61,15.983,0,11.27,0,1.201,1.89,0,7.57
1/12/2026,19:15, ,gtmpcwq_24G103008_010726_050000.bin,Pellicer Creek,GTMNERR,0,36.092,0,22.84,0,0.217,0,91.9,0,7.89,0,41.51,13.89,7.87,0,-73.6,5.6,16.016,0,11.58,0,1.186,1.53,0,6.13
1/12/2026,19:30, ,gtmpcwq_24G103008_010726_050000.bin,Pellicer Creek,GTMNERR,0,35.282,0,22.28,0,0.202,0,92.3,0,7.94,0,42.67,14.28,7.86,0,-73.4,5.62,16.133,0,9.74,0,1.192,2.21,0,8.87
1/12/2026,19:45, ,gtmpcwq_24G103008_010726_050000.bin,Pellicer Creek,GTMNERR,0,34.573,0,21.79,0,0.188,0,92.8,0,7.99,0,43.83,14.67,7.86,0,-73.4,5.6,16.181,0,11.24,0,1.201,2.37,0,9.52
1/12/2026,20:00, ,gtmpcwq_24G103008_010726_050000.bin,Pellicer Creek,GTMNERR,0,34.35,0,21.63,0,0.169,0,93.4,0,8.05,0,44.07,14.75,7.86,0,-73.6,5.6,16.197,0,10.34,0,1.185,2.22,0,8.92
1/12/2026,20:15, ,gtmpcwq_24G103008_010726_050000.bin,Pellicer Creek,GTMNERR,0,34.32,0,21.61,0,0.152,0,91.9,0,7.91,0,44.47,14.89,7.85,0,-72.7,5.61,16.274,0,10.39,0,1.199,2.34,0,9.38
1/12/2026,20:30, ,gtmpcwq_24G103008_010726_050000.bin,Pellicer Creek,GTMNERR,0,33.25,0,20.87,0,0.135,0,91.2,0,7.87,0,46.17,15.45,7.84,0,-72.1,5.6,16.383,0,10.21,0,1.193,2.35,0,9.42
1/12/2026,20:45, ,gtmpcwq_24G103008_010726_050000.bin,Pellicer Creek,GTMNERR,0,33.534,0,21.07,0,0.12,0,91,0,7.85,0,45.78,15.32,7.84,0,-72.1,5.61,16.33,0,9.89,0,1.183,2.26,0,9.05
1/12/2026,21:00, ,gtmpcwq_24G103008_010726_050000.bin,Pellicer Creek,GTMNERR,0,33.623,0,21.13,0,0.104,0,90,0,7.77,0,45.29,15.16,7.83,0,-71.7,5.6,16.312,0,9.97,0,1.19,2.18,0,8.75
1/12/2026,21:15, ,gtmpcwq_24G103008_010726_050000.bin,Pellicer Creek,GTMNERR,0,33.721,0,21.2,0,0.085,0,89.6,0,7.72,0,44.83,15.01,7.83,0,-71.6,5.61,16.353,0,9.26,0,1.192,2.57,0,10.3
1/12/2026,21:30, ,gtmpcwq_24G103008_010726_050000.bin,Pellicer Creek,GTMNERR,0,34.126,0,21.48,0,0.07,0,88.3,0,7.6,0,43.28,14.49,7.83,0,-71.4,5.62,16.3,0,9.07,0,1.195,2.38,0,9.56
1/12/2026,21:45, ,gtmpcwq_24G103008_010726_050000.bin,Pellicer Creek,GTMNERR,0,33.758,0,21.22,0,0.055,0,88.5,0,7.62,0,44.18,14.79,7.82,0,-71.1,5.6,16.379,0,8.74,0,1.184,2.6,0,10.44
1/12/2026,22:00, ,gtmpcwq_24G103008_010726_050000.bin,Pellicer Creek,GTMNERR,0,33.392,0,20.97,0,0.038,0,88.2,0,7.6,0,44.67,14.95,7.82,0,-71,5.61,16.41,0,9.51,0,1.192,2.27,0,9.11
1/12/2026,22:15, ,gtmpcwq_24G103008_010726_050000.bin,Pellicer Creek,GTMNERR,0,33.316,0,20.92,0,0.022,0,88.5,0,7.62,0,45.48,15.22,7.82,0,-70.9,5.6,16.433,0,8.69,0,1.193,2.37,0,9.49
1/12/2026,22:30, ,gtmpcwq_24G103008_010726_050000.bin,Pellicer Creek,GTMNERR,0,33.171,0,20.82,0,0.005,0,87.9,0,7.57,0,45.33,15.17,7.81,0,-70.6,5.6,16.456,0,8.62,0,1.184,2.63,0,10.56
1/12/2026,22:45, ,gtmpcwq_24G103008_010726_050000.bin,Pellicer Creek,GTMNERR,0,32.843,0,20.59,0,-0.01,0,87.3,0,7.53,0,45.76,15.32,7.8,0,-69.9,5.61,16.516,0,8.28,0,1.197,2.42,0,9.69
1/12/2026,23:00, ,gtmpcwq_24G103008_010726_050000.bin,Pellicer Creek,GTMNERR,0,32.534,0,20.38,0,-0.021,0,86.8,0,7.48,0,45.87,15.35,7.79,0,-69.6,5.6,16.555,0,8.12,0,1.191,2.73,0,10.96
1/12/2026,23:15, ,gtmpcwq_24G103008_010726_050000.bin,Pellicer Creek,GTMNERR,0,32.471,0,20.34,0,-0.034,0,86.9,0,7.49,0,45.7,15.3,7.79,0,-69.6,5.61,16.572,0,8.36,0,1.191,2.75,0,11.05
1/12/2026,23:30, ,gtmpcwq_24G103008_010726_050000.bin,Pellicer Creek,GTMNERR,0,31.915,0,19.95,0,-0.051,0,85.8,0,7.4,0,47.14,15.78,7.78,0,-68.9,5.6,16.658,0,7.81,0,1.196,2.75,0,11.03
1/12/2026,23:45, ,gtmpcwq_24G103008_010726_050000.bin,Pellicer Creek,GTMNERR,0,32.163,0,20.12,0,-0.068,0,84.9,0,7.32,0,46.37,15.52,7.78,0,-68.8,5.6,16.647,0,7.96,0,1.201,2.44,0,9.77
1/13/2026,0:00, ,gtmpcwq_24G103008_010726_050000.bin,Pellicer Creek,GTMNERR,0,32.277,0,20.2,0,-0.08,0,85.3,0,7.35,0,47.21,15.8,7.78,0,-68.8,5.61,16.64,0,8.03,0,1.189,3.03,0,12.15
1/13/2026,0:15, ,gtmpcwq_24G103008_010726_050000.bin,Pellicer Creek,GTMNERR,0,31.496,0,19.67,0,-0.094,0,82.9,0,7.15,0,47.28,15.83,7.75,0,-66.8,5.6,16.767,0,7.62,0,1.183,2,0,8.02
1/13/2026,0:30, ,gtmpcwq_24G103008_010726_050000.bin,Pellicer Creek,GTMNERR,0,31.524,0,19.69,0,-0.105,0,82.3,0,7.09,0,48.51,16.24,7.73,0,-66,5.61,16.816,0,8.89,0,1.194,1.91,0,7.63
1/13/2026,0:45, ,gtmpcwq_24G103008_010726_050000.bin,Pellicer Creek,GTMNERR,0,30.391,0,18.91,0,-0.119,0,79.1,0,6.83,0,48.69,16.3,7.7,0,-64.1,5.6,16.959,0,5.72,0,1.192,1.81,0,7.23
1/13/2026,1:00, ,gtmpcwq_24G103008_010726_050000.bin,Pellicer Creek,GTMNERR,0,30.254,0,18.82,0,-0.124,0,81.4,0,7.01,0,49.77,16.66,7.73,0,-65.8,5.6,17.064,0,9.1,0,1.194,3.04,0,12.2
1/13/2026,1:15, ,gtmpcwq_24G103008_010726_050000.bin,Pellicer Creek,GTMNERR,0,29.398,0,18.23,0,-0.133,0,80.9,0,6.98,0,51.38,17.2,7.71,0,-64.8,5.61,17.178,0,8.68,0,1.192,2.87,0,11.52
1/13/2026,1:30, ,gtmpcwq_24G103008_010726_050000.bin,Pellicer Creek,GTMNERR,0,28.903,0,17.9,0,-0.139,0,79.6,0,6.88,0,51.8,17.34,7.7,0,-64.1,5.6,17.234,0,7.48,0,1.197,2.76,0,11.08
1/13/2026,1:45, ,gtmpcwq_24G103008_010726_050000.bin,Pellicer Creek,GTMNERR,0,28.552,0,17.66,0,-0.142,0,80,0,6.91,0,52.31,17.51,7.69,0,-63.8,5.61,17.256,0,8.03,0,1.198,3.38,0,13.57
1/13/2026,2:00, ,gtmpcwq_24G103008_010726_050000.bin,Pellicer Creek,GTMNERR,0,28.135,0,17.38,0,-0.139,0,79.5,0,6.89,0,52.98,17.73,7.69,0,-63.5,5.59,17.225,0,7.65,0,1.199,2.96,0,11.87
1/13/2026,2:15, ,gtmpcwq_24G103008_010726_050000.bin,Pellicer Creek,GTMNERR,0,27.294,0,16.81,0,-0.133,0,80.5,0,7.05,0,54.31,18.18,7.71,0,-64.6,5.6,16.892,0,8.89,0,1.2,2.4,0,9.64
1/13/2026,2:30, ,gtmpcwq_24G103008_010726_050000.bin,Pellicer Creek,GTMNERR,0,26.024,0,15.96,0,-0.121,0,81.2,0,7.19,0,55.81,18.68,7.72,0,-65.3,5.61,16.601,0,9.38,0,1.2,3.05,0,12.24
1/13/2026,2:45, ,gtmpcwq_24G103008_010726_050000.bin,Pellicer Creek,GTMNERR,0,24.998,0,15.27,0,-0.11,0,82.7,0,7.35,0,57.54,19.26,7.72,0,-65.4,5.6,16.558,0,8.29,0,1.195,2.96,0,11.88
1/13/2026,3:00, ,gtmpcwq_24G103008_010726_050000.bin,Pellicer Creek,GTMNERR,0,24.39,0,14.87,0,-0.092,0,83.1,0,7.41,0,58.72,19.66,7.72,0,-65.1,5.6,16.497,0,7.33,0,1.194,2.46,0,9.87
1/13/2026,3:15, ,gtmpcwq_24G103008_010726_050000.bin,Pellicer Creek,GTMNERR,0,24.726,0,15.09,0,-0.076,0,82.8,0,7.4,0,58.29,19.51,7.72,0,-65.2,5.59,16.341,0,8.07,0,1.196,2.61,0,10.46
1/13/2026,3:30, ,gtmpcwq_24G103008_010726_050000.bin,Pellicer Creek,GTMNERR,0,25.405,0,15.54,0,-0.055,0,82.8,0,7.39,0,57.12,19.12,7.73,0,-65.5,5.59,16.299,0,8.8,0,1.195,3.07,0,12.31
1/13/2026,3:45, ,gtmpcwq_24G103008_010726_050000.bin,Pellicer Creek,GTMNERR,0,26.44,0,16.23,0,-0.033,0,83.8,0,7.51,0,55.54,18.59,7.75,0,-67.1,5.6,15.91,0,9.75,0,1.192,2.28,0,9.15
1/13/2026,4:00, ,gtmpcwq_24G103008_010726_050000.bin,Pellicer Creek,GTMNERR,0,26.858,0,16.51,0,-0.007,0,85.1,0,7.63,0,55.45,18.56,7.77,0,-67.8,5.59,15.753,0,8.67,0,1.191,2.7,0,10.85
1/13/2026,4:15, ,gtmpcwq_24G103008_010726_050000.bin,Pellicer Creek,GTMNERR,0,26.912,0,16.55,0,0.02,0,85,0,7.64,0,55.96,18.73,7.77,0,-68,5.6,15.665,0,7.84,0,1.198,2.2,0,8.81
1/13/2026,4:30, ,gtmpcwq_24G103008_010726_050000.bin,Pellicer Creek,GTMNERR,0,27.783,0,17.14,0,0.047,0,85.3,0,7.64,0,54.73,18.32,7.78,0,-68.4,5.59,15.626,0,7.98,0,1.192,2.17,0,8.69
1/13/2026,4:45, ,gtmpcwq_24G103008_010726_050000.bin,Pellicer Creek,GTMNERR,0,29.148,0,18.06,0,0.076,0,86.1,0,7.67,0,52.96,17.73,7.79,0,-69.1,5.59,15.636,0,8.06,0,1.187,2.7,0,10.83
1/13/2026,5:00, ,gtmpcwq_24G103008_010726_050000.bin,Pellicer Creek,GTMNERR,0,29.764,0,18.48,0,0.111,0,86.2,0,7.69,0,52.25,17.49,7.8,0,-69.6,5.6,15.46,0,8.28,0,1.196,1.88,0,7.54
1/13/2026,5:15, ,gtmpcwq_24G103008_010726_050000.bin,Pellicer Creek,GTMNERR,0,31.109,0,19.39,0,0.143,0,87.1,0,7.75,0,50.47,16.9,7.81,0,-70.2,5.59,15.302,0,8.83,0,1.196,2.05,0,8.22
1/13/2026,5:30, ,gtmpcwq_24G103008_010726_050000.bin,Pellicer Creek,GTMNERR,0,31.987,0,19.99,0,0.18,0,87.1,0,7.75,0,49.4,16.54,7.81,0,-70.6,5.59,15.154,0,9.47,0,1.198,1.63,0,6.54
1/13/2026,5:45, ,gtmpcwq_24G103008_010726_050000.bin,Pellicer Creek,GTMNERR,0,32.545,0,20.38,0,0.218,0,87,0,7.75,0,48.8,16.34,7.82,0,-70.8,5.58,14.969,0,9.83,0,1.191,1.57,0,6.3
1/13/2026,6:00, ,gtmpcwq_24G103008_010726_050000.bin,Pellicer Creek,GTMNERR,0,32.805,0,20.55,0,0.254,0,87.1,0,7.79,0,48.72,16.31,7.83,0,-71.2,5.59,14.722,0,9.99,0,1.185,1.6,0,6.39
1/13/2026,6:15, ,gtmpcwq_24G103008_010726_050000.bin,Pellicer Creek,GTMNERR,0,33.323,0,20.91,0,0.284,0,86.9,0,7.75,0,47.72,15.97,7.83,0,-71.2,5.59,14.759,0,10.39,0,1.199,1.63,0,6.53
1/13/2026,6:30, ,gtmpcwq_24G103008_010726_050000.bin,Pellicer Creek,GTMNERR,0,34.35,0,21.62,0,0.309,0,87.4,0,7.8,0,45.99,15.4,7.85,0,-72.2,5.58,14.523,0,10.96,0,1.193,1.59,0,6.37
1/13/2026,6:45, ,gtmpcwq_24G103008_010726_050000.bin,Pellicer Creek,GTMNERR,0,35.055,0,22.1,0,0.329,0,87.9,0,7.85,0,45.2,15.13,7.86,0,-73.2,5.59,14.326,0,9.66,0,1.188,1.46,0,5.84
1/13/2026,7:00, ,gtmpcwq_24G103008_010726_050000.bin,Pellicer Creek,GTMNERR,0,35.728,0,22.57,0,0.342,0,88.1,0,7.85,0,44.03,14.74,7.87,0,-73.5,5.59,14.282,0,9.96,0,1.194,1.63,0,6.52
1/13/2026,7:15, ,gtmpcwq_24G103008_010726_050000.bin,Pellicer Creek,GTMNERR,0,36.023,0,22.77,0,0.351,0,88.2,0,7.85,0,43.68,14.62,7.87,0,-73.8,5.58,14.257,0,9.42,0,1.19,1.57,0,6.29
1/13/2026,7:30, ,gtmpcwq_24G103008_010726_050000.bin,Pellicer Creek,GTMNERR,0,36.423,0,23.05,0,0.351,0,88.1,0,7.84,0,43.1,14.43,7.88,0,-74.1,5.58,14.22,0,9.17,0,1.189,1.54,0,6.15
1/13/2026,7:45, ,gtmpcwq_24G103008_010726_050000.bin,Pellicer Creek,GTMNERR,0,36.591,0,23.17,0,0.347,0,87.7,0,7.8,0,41.83,14,7.88,0,-74.1,5.59,14.223,0,8.29,0,1.186,1.53,0,6.14
1/13/2026,8:00, ,gtmpcwq_24G103008_010726_050000.bin,Pellicer Creek,GTMNERR,0,36.59,0,23.17,0,0.337,0,86.2,0,7.66,0,41.57,13.92,7.86,0,-73,5.57,14.245,0,8.03,0,1.199,1.13,0,4.49
1/13/2026,8:15, ,gtmpcwq_24G103008_010726_050000.bin,Pellicer Creek,GTMNERR,0,36.52,0,23.12,0,0.319,0,87.3,0,7.76,0,42.7,14.29,7.87,0,-73.5,5.58,14.244,0,8.28,0,1.197,1.33,0,5.33
1/13/2026,8:30, ,gtmpcwq_24G103008_010726_050000.bin,Pellicer Creek,GTMNERR,0,36.081,0,22.81,0,0.298,0,87.4,0,7.78,0,43.37,14.52,7.87,0,-73.6,5.58,14.284,0,9.86,0,1.192,1.4,0,5.6
1/13/2026,8:45, ,gtmpcwq_24G103008_010726_050000.bin,Pellicer Creek,GTMNERR,0,35.769,0,22.6,0,0.274,0,87.4,0,7.78,0,44.02,14.73,7.87,0,-73.3,5.58,14.328,0,9.47,0,1.197,1.41,0,5.63
1/13/2026,9:00, ,gtmpcwq_24G103008_010726_050000.bin,Pellicer Creek,GTMNERR,0,34.583,0,21.78,0,0.254,0,87.1,0,7.76,0,45.06,15.08,7.85,0,-72.3,5.58,14.517,0,11.16,0,1.196,1.46,0,5.85
1/13/2026,9:15, ,gtmpcwq_24G103008_010726_050000.bin,Pellicer Creek,GTMNERR,0,33.912,0,21.31,0,0.235,0,86.7,0,7.72,0,46.92,15.7,7.83,0,-71.5,5.58,14.662,0,9.04,0,1.193,1.52,0,6.07
1/13/2026,9:30, ,gtmpcwq_24G103008_010726_050000.bin,Pellicer Creek,GTMNERR,0,33.291,0,20.89,0,0.214,0,86.5,0,7.7,0,47.28,15.83,7.82,0,-70.9,5.59,14.828,0,9.46,0,1.184,1.66,0,6.62
1/13/2026,9:45, ,gtmpcwq_24G103008_010726_050000.bin,Pellicer Creek,GTMNERR,0,32.605,0,20.42,0,0.19,0,86.4,0,7.69,0,48.59,16.27,7.81,0,-70.4,5.58,15.021,0,8.44,0,1.191,1.54,0,6.15
1/13/2026,10:00, ,gtmpcwq_24G103008_010726_050000.bin,Pellicer Creek,GTMNERR,0,32.003,0,20.01,0,0.171,0,86.2,0,7.67,0,49.39,16.53,7.8,0,-69.9,5.59,15.138,0,8.77,0,1.198,1.74,0,6.98
1/13/2026,10:15, ,gtmpcwq_24G103008_010726_050000.bin,Pellicer Creek,GTMNERR,0,31.26,0,19.5,0,0.151,0,85.9,0,7.64,0,50.44,16.88,7.79,0,-69.3,5.57,15.295,0,8.37,0,1.199,1.82,0,7.29
1/13/2026,10:30, ,gtmpcwq_24G103008_010726_050000.bin,Pellicer Creek,GTMNERR,0,30.861,0,19.23,0,0.128,0,85.9,0,7.64,0,50.46,16.89,7.78,0,-68.9,5.58,15.406,0,8.35,0,1.184,1.74,0,6.97
1/13/2026,10:45, ,gtmpcwq_24G103008_010726_050000.bin,Pellicer Creek,GTMNERR,0,30.771,0,19.16,0,0.104,0,85.6,0,7.6,0,50.53,16.91,7.78,0,-68.8,5.59,15.442,0,7.98,0,1.189,1.68,0,6.74
1/13/2026,11:00, ,gtmpcwq_24G103008_010726_050000.bin,Pellicer Creek,GTMNERR,0,30.923,0,19.27,0,0.083,0,85.3,0,7.56,0,50.88,17.03,7.78,0,-68.5,5.58,15.504,0,8.03,0,1.187,1.78,0,7.11
1/13/2026,11:15, ,gtmpcwq_24G103008_010726_050000.bin,Pellicer Creek,GTMNERR,0,29.932,0,18.59,0,0.064,0,86.2,0,7.64,0,51.92,17.38,7.77,0,-68.1,5.59,15.745,0,8.02,0,1.195,1.7,0,6.81
1/13/2026,11:30, ,gtmpcwq_24G103008_010726_050000.bin,Pellicer Creek,GTMNERR,0,30.62,0,19.06,0,0.045,0,85.4,0,7.57,0,50.85,17.02,7.77,0,-68.3,5.58,15.584,0,7.73,0,1.19,1.73,0,6.91
1/13/2026,11:45, ,gtmpcwq_24G103008_010726_050000.bin,Pellicer Creek,GTMNERR,0,30.39,0,18.91,0,0.022,0,85.2,0,7.54,0,51.7,17.3,7.77,0,-67.8,5.58,15.704,0,7.45,0,1.196,1.75,0,7.01
1/13/2026,12:00, ,gtmpcwq_24G103008_010726_050000.bin,Pellicer Creek,GTMNERR,0,30.088,0,18.7,0,0.001,0,85.5,0,7.57,0,51.78,17.33,7.76,0,-67.8,5.58,15.716,0,7.81,0,1.187,1.8,0,7.23
1/13/2026,12:15, ,gtmpcwq_24G103008_010726_050000.bin,Pellicer Creek,GTMNERR,0,29.73,0,18.46,0,-0.013,0,85.7,0,7.59,0,52.31,17.51,7.76,0,-67.5,5.58,15.811,0,7.93,0,1.201,1.84,0,7.37
1/13/2026,12:30, ,gtmpcwq_24G103008_010726_050000.bin,Pellicer Creek,GTMNERR,0,30.658,0,19.09,0,-0.03,0,85.1,0,7.54,0,50.97,17.06,7.76,0,-67.7,5.59,15.636,0,7.53,0,1.2,1.79,0,7.16
1/13/2026,12:45, ,gtmpcwq_24G103008_010726_050000.bin,Pellicer Creek,GTMNERR,0,30.94,0,19.28,0,-0.047,0,84.1,0,7.45,0,48.77,16.33,7.77,0,-67.8,5.58,15.573,0,9.01,0,1.195,1.82,0,7.28
1/13/2026,13:00, ,gtmpcwq_24G103008_010726_050000.bin,Pellicer Creek,GTMNERR,0,30.693,0,19.11,0,-0.066,0,83.6,0,7.4,0,49.74,16.65,7.76,0,-67.3,5.58,15.64,0,7.16,0,1.184,1.63,0,6.51
1/13/2026,13:15, ,gtmpcwq_24G103008_010726_050000.bin,Pellicer Creek,GTMNERR,0,30.49,0,18.97,0,-0.081,0,84.4,0,7.46,0,49.93,16.71,7.77,0,-68,5.59,15.74,0,6.8,0,1.199,1.5,0,6.02
1/13/2026,13:30, ,gtmpcwq_24G103008_010726_050000.bin,Pellicer Creek,GTMNERR,0,30.534,0,19,0,-0.092,0,85.2,0,7.53,0,50.57,16.93,7.77,0,-68.1,5.58,15.74,0,6.12,0,1.197,1.62,0,6.49
1/13/2026,13:45, ,gtmpcwq_24G103008_010726_050000.bin,Pellicer Creek,GTMNERR,0,30.062,0,18.68,0,-0.105,0,85.4,0,7.55,0,50.57,16.93,7.77,0,-68,5.59,15.831,0,7.99,0,1.192,1.56,0,6.26
1/13/2026,14:00, ,gtmpcwq_24G103008_010726_050000.bin,Pellicer Creek,GTMNERR,0,29.583,0,18.36,0,-0.121,0,85.3,0,7.53,0,51.15,17.12,7.76,0,-67.4,5.58,15.964,0,7.55,0,1.194,1.53,0,6.11
1/13/2026,14:15, ,gtmpcwq_24G103008_010726_050000.bin,Pellicer Creek,GTMNERR,0,29.504,0,18.3,0,-0.131,0,86.6,0,7.65,0,51.12,17.11,7.77,0,-68,5.58,16.006,0,7.56,0,1.2,1.54,0,6.16
1/13/2026,14:30, ,gtmpcwq_24G103008_010726_050000.bin,Pellicer Creek,GTMNERR,0,29.236,0,18.12,0,-0.143,0,87.4,0,7.71,0,51.91,17.38,7.77,0,-68.3,5.59,16.078,0,8.16,0,1.192,1.94,0,7.77
1/13/2026,14:45, ,gtmpcwq_24G103008_010726_050000.bin,Pellicer Creek,GTMNERR,0,29.188,0,18.09,0,-0.153,0,88,0,7.76,0,52.64,17.62,7.78,0,-68.5,5.58,16.099,0,8.31,0,1.192,2.1,0,8.41
1/13/2026,15:00, ,gtmpcwq_24G103008_010726_050000.bin,Pellicer Creek,GTMNERR,0,28.861,0,17.87,0,-0.155,0,88.9,0,7.84,0,53.05,17.76,7.78,0,-68.6,5.59,16.212,0,7.84,0,1.202,2.03,0,8.14
1/13/2026,15:15, ,gtmpcwq_24G103008_010726_050000.bin,Pellicer Creek,GTMNERR,0,28.212,0,17.43,0,-0.148,0,90.2,0,7.94,0,53.77,18,7.78,0,-68.6,5.57,16.389,0,8.12,0,1.199,2.12,0,8.5
1/13/2026,15:30, ,gtmpcwq_24G103008_010726_050000.bin,Pellicer Creek,GTMNERR,0,27.238,0,16.77,0,-0.142,0,91.3,0,8.03,0,54.64,18.29,7.77,0,-68.4,5.58,16.65,0,7.95,0,1.189,2.41,0,9.67
1/13/2026,15:45, ,gtmpcwq_24G103008_010726_050000.bin,Pellicer Creek,GTMNERR,0,26.413,0,16.22,0,-0.13,0,101.5,0,8.8,0,53.24,17.82,7.84,0,-72.3,5.58,17.547,0,11,0,1.185,3.07,0,12.34
1/13/2026,16:00, ,gtmpcwq_24G103008_010726_050000.bin,Pellicer Creek,GTMNERR,0,25.599,0,15.67,0,-0.118,0,104.9,0,9.06,0,53.56,17.93,7.86,0,-73.8,5.58,17.894,0,10.45,0,1.183,2.91,0,11.69
1/13/2026,16:15, ,gtmpcwq_24G103008_010726_050000.bin,Pellicer Creek,GTMNERR,0,25.223,0,15.42,0,-0.104,0,105.4,0,9.09,0,53.94,18.06,7.87,0,-74.1,5.58,18.007,0,9.14,0,1.183,3.07,0,12.32
1/13/2026,16:30, ,gtmpcwq_24G103008_010726_050000.bin,Pellicer Creek,GTMNERR,0,25.633,0,15.69,0,-0.09,0,107.1,0,9.22,0,53.51,17.91,7.88,0,-75,5.57,18.046,0,9.43,0,1.202,3.75,0,15.06
1/13/2026,16:45, ,gtmpcwq_24G103008_010726_050000.bin,Pellicer Creek,GTMNERR,0,26.23,0,16.09,0,-0.072,0,106.2,0,9.13,0,52.59,17.61,7.87,0,-74.5,5.58,17.982,0,9.8,0,1.196,3.7,0,14.85
1/13/2026,17:00, ,gtmpcwq_24G103008_010726_050000.bin,Pellicer Creek,GTMNERR,0,27.201,0,16.75,0,-0.055,0,105.3,0,9.06,0,51.29,17.17,7.88,0,-74.7,5.59,17.759,0,10.17,0,1.202,3.9,0,15.66
1/13/2026,17:15, ,gtmpcwq_24G103008_010726_050000.bin,Pellicer Creek,GTMNERR,0,27.388,0,16.87,0,-0.036,0,106.4,0,9.14,0,50.76,16.99,7.9,0,-75.7,5.58,17.772,0,10.21,0,1.198,2.51,0,10.07
1/13/2026,17:30, ,gtmpcwq_24G103008_010726_050000.bin,Pellicer Creek,GTMNERR,0,27.521,0,16.96,0,-0.018,0,106.3,0,9.13,0,50.39,16.87,7.9,0,-76.1,5.58,17.753,0,10.92,0,1.195,3.64,0,14.63
1/13/2026,17:45, ,gtmpcwq_24G103008_010726_050000.bin,Pellicer Creek,GTMNERR,0,27.848,0,17.18,0,0.002,0,106.5,0,9.15,0,50.21,16.81,7.91,0,-76.4,5.57,17.661,0,10.44,0,1.192,3.52,0,14.13
1/13/2026,18:00, ,gtmpcwq_24G103008_010726_050000.bin,Pellicer Creek,GTMNERR,0,27.955,0,17.26,0,0.023,0,105.8,0,9.11,0,50.18,16.8,7.91,0,-76.4,5.58,17.552,0,10.12,0,1.192,3.33,0,13.35
1/13/2026,18:15, ,gtmpcwq_24G103008_010726_050000.bin,Pellicer Creek,GTMNERR,0,28.415,0,17.57,0,0.041,0,105.3,0,9.09,0,49.97,16.73,7.91,0,-76.7,5.58,17.385,0,9.21,0,1.191,4.02,0,16.17
1/13/2026,18:30, ,gtmpcwq_24G103008_010726_050000.bin,Pellicer Creek,GTMNERR,0,29.232,0,18.12,0,0.06,0,104.2,0,8.98,0,49.44,16.55,7.91,0,-76.3,5.57,17.258,0,8.88,0,1.184,3.65,0,14.65
1/13/2026,18:45, ,gtmpcwq_24G103008_010726_050000.bin,Pellicer Creek,GTMNERR,0,29.615,0,18.38,0,0.073,0,104.1,0,8.97,0,49.07,16.43,7.91,0,-76.4,5.58,17.201,0,9.08,0,1.188,5.97,0,24
1/13/2026,19:00, ,gtmpcwq_24G103008_010726_050000.bin,Pellicer Creek,GTMNERR,0,30.396,0,18.91,0,0.086,0,103.4,0,8.9,0,48.04,16.08,7.9,0,-75.8,5.57,17.096,0,11.81,0,1.194,2.51,0,10.08
1/13/2026,19:15, ,gtmpcwq_24G103008_010726_050000.bin,Pellicer Creek,GTMNERR,0,31.704,0,19.81,0,0.096,0,100.5,0,8.65,0,46.63,15.61,7.89,0,-74.9,5.57,16.788,0,10.12,0,1.192,1.98,0,7.92
1/13/2026,19:30, ,gtmpcwq_24G103008_010726_050000.bin,Pellicer Creek,GTMNERR,0,31.491,0,19.66,0,0.098,0,102,0,8.77,0,46.01,15.4,7.9,0,-75.8,5.58,16.958,0,8.88,0,1.185,2.17,0,8.69
1/13/2026,19:45, ,gtmpcwq_24G103008_010726_050000.bin,Pellicer Creek,GTMNERR,0,32.034,0,20.04,0,0.093,0,99.9,0,8.58,0,45.58,15.26,7.88,0,-74.4,5.57,16.843,0,7.05,0,1.197,1.77,0,7.08
1/13/2026,20:00, ,gtmpcwq_24G103008_010726_050000.bin,Pellicer Creek,GTMNERR,0,32.761,0,20.53,0,0.078,0,96.9,0,8.36,0,45.7,15.3,7.87,0,-73.7,5.58,16.484,0,7.85,0,1.196,2.01,0,8.05
1/13/2026,20:15, ,gtmpcwq_24G103008_010726_050000.bin,Pellicer Creek,GTMNERR,0,32.768,0,20.54,0,0.063,0,97.8,0,8.45,0,46.43,15.54,7.87,0,-74.2,5.57,16.408,0,7.08,0,1.192,2.6,0,10.41
1/13/2026,20:30, ,gtmpcwq_24G103008_010726_050000.bin,Pellicer Creek,GTMNERR,0,31.72,0,19.82,0,0.048,0,99.2,0,8.57,0,47.43,15.88,7.88,0,-74.5,5.57,16.657,0,7.74,0,1.191,2.22,0,8.9
1/13/2026,20:45, ,gtmpcwq_24G103008_010726_050000.bin,Pellicer Creek,GTMNERR,0,31.422,0,19.62,0,0.032,0,98.1,0,8.47,0,46.88,15.69,7.86,0,-73.4,5.58,16.707,0,7.71,0,1.189,2.13,0,8.55
1/13/2026,21:00, ,gtmpcwq_24G103008_010726_050000.bin,Pellicer Creek,GTMNERR,0,31.338,0,19.56,0,0.016,0,98.3,0,8.5,0,47.87,16.02,7.86,0,-73.7,5.58,16.677,0,7.6,0,1.201,2.3,0,9.22
1/13/2026,21:15, ,gtmpcwq_24G103008_010726_050000.bin,Pellicer Creek,GTMNERR,0,32.103,0,20.08,0,-0.003,0,96.2,0,8.32,0,46.6,15.6,7.85,0,-72.9,5.57,16.512,0,7.88,0,1.193,2.24,0,8.99
1/13/2026,21:30, ,gtmpcwq_24G103008_010726_050000.bin,Pellicer Creek,GTMNERR,0,31.507,0,19.67,0,-0.021,0,96.8,0,8.38,0,48.5,16.23,7.86,0,-73.2,5.58,16.573,0,7.88,0,1.189,2.19,0,8.77
1/13/2026,21:45, ,gtmpcwq_24G103008_010726_050000.bin,Pellicer Creek,GTMNERR,0,32.153,0,20.12,0,-0.037,0,93.7,0,8.1,0,46.29,15.5,7.84,0,-72,5.57,16.477,0,6.85,0,1.194,2.61,0,10.47
1/13/2026,22:00, ,gtmpcwq_24G103008_010726_050000.bin,Pellicer Creek,GTMNERR,0,32.034,0,20.03,0,-0.053,0,94.7,0,8.19,0,46.87,15.69,7.83,0,-71.9,5.57,16.512,0,7.61,0,1.189,2.21,0,8.87
1/13/2026,22:15, ,gtmpcwq_24G103008_010726_050000.bin,Pellicer Creek,GTMNERR,0,32.217,0,20.16,0,-0.07,0,92.2,0,7.98,0,45.55,15.25,7.83,0,-71.8,5.57,16.481,0,7.01,0,1.19,2.23,0,8.95
1/13/2026,22:30, ,gtmpcwq_24G103008_010726_050000.bin,Pellicer Creek,GTMNERR,0,32.172,0,20.13,0,-0.084,0,93.5,0,8.09,0,46.27,15.49,7.84,0,-72,5.57,16.486,0,7.46,0,1.195,3.38,0,13.57
1/13/2026,22:45, ,gtmpcwq_24G103008_010726_050000.bin,Pellicer Creek,GTMNERR,0,31.47,0,19.65,0,-0.101,0,90.8,0,7.86,0,47.74,15.98,7.82,0,-71.4,5.57,16.615,0,6.55,0,1.191,1.89,0,7.57
1/13/2026,23:00, ,gtmpcwq_24G103008_010726_050000.bin,Pellicer Creek,GTMNERR,0,31.279,0,19.52,0,-0.119,0,91.8,0,7.94,0,47.2,15.8,7.81,0,-70.8,5.58,16.645,0,6.34,0,1.19,2.05,0,8.22
1/13/2026,23:15, ,gtmpcwq_24G103008_010726_050000.bin,Pellicer Creek,GTMNERR,0,31.708,0,19.81,0,-0.133,0,89.3,0,7.72,0,44.58,14.92,7.8,0,-70.2,5.57,16.611,0,7.55,0,1.187,2.38,0,9.55
1/13/2026,23:30, ,gtmpcwq_24G103008_010726_050000.bin,Pellicer Creek,GTMNERR,0,31.342,0,19.56,0,-0.149,0,91.6,0,7.92,0,46.2,15.46,7.81,0,-70.4,5.57,16.636,0,6.39,0,1.188,2.11,0,8.44
1/13/2026,23:45, ,gtmpcwq_24G103008_010726_050000.bin,Pellicer Creek,GTMNERR,0,31.177,0,19.45,0,-0.164,0,91.9,0,7.95,0,47.68,15.96,7.81,0,-70.8,5.57,16.658,0,6.29,0,1.191,2.18,0,8.74
1/14/2026,0:00, ,gtmpcwq_24G103008_010726_050000.bin,Pellicer Creek,GTMNERR,0,30.853,0,19.23,0,-0.178,0,90.1,0,7.8,0,45.77,15.32,7.8,0,-69.8,5.57,16.728,0,5.51,0,1.188,2.28,0,9.14
1/14/2026,0:15, ,gtmpcwq_24G103008_010726_050000.bin,Pellicer Creek,GTMNERR,0,30.944,0,19.29,0,-0.192,0,87,0,7.52,0,46.14,15.45,7.77,0,-68.3,5.57,16.729,0,4.62,0,1.187,1.85,0,7.39
1/14/2026,0:30, ,gtmpcwq_24G103008_010726_050000.bin,Pellicer Creek,GTMNERR,0,30.739,0,19.15,0,-0.205,0,88.3,0,7.64,0,46.94,15.71,7.8,0,-69.8,5.56,16.761,0,5.38,0,1.184,1.79,0,7.19
1/14/2026,0:45, ,gtmpcwq_24G103008_010726_050000.bin,Pellicer Creek,GTMNERR,0,30.306,0,18.85,0,-0.215,0,88.4,0,7.65,0,46.65,15.62,7.77,0,-68.5,5.57,16.82,0,5.52,0,1.19,1.87,0,7.51
1/14/2026,1:00, ,gtmpcwq_24G103008_010726_050000.bin,Pellicer Creek,GTMNERR,0,30.199,0,18.78,0,-0.225,0,86,0,7.44,0,47.29,15.83,7.74,0,-66.3,5.57,16.85,0,4.21,0,1.198,1.14,0,4.54
1/14/2026,1:15, ,gtmpcwq_24G103008_010726_050000.bin,Pellicer Creek,GTMNERR,0,29.854,0,18.54,0,-0.237,0,87.2,0,7.55,0,48.64,16.28,7.77,0,-68.5,5.57,16.902,0,5.72,0,1.197,1.5,0,6.01
1/14/2026,1:30, ,gtmpcwq_24G103008_010726_050000.bin,Pellicer Creek,GTMNERR,0,29.272,0,18.15,0,-0.248,0,88.6,0,7.68,0,48.3,16.17,7.77,0,-68.4,5.56,16.987,0,5.95,0,1.191,2.09,0,8.37
1/14/2026,1:45, ,gtmpcwq_24G103008_010726_050000.bin,Pellicer Creek,GTMNERR,0,29.433,0,18.26,0,-0.257,0,90.8,0,7.86,0,48.4,16.2,7.78,0,-69.1,5.57,16.998,0,5.82,0,1.195,2.02,0,8.08
1/14/2026,2:00, ,gtmpcwq_24G103008_010726_050000.bin,Pellicer Creek,GTMNERR,0,28.945,0,17.93,0,-0.264,0,91.8,0,7.96,0,50.13,16.78,7.79,0,-69.6,5.57,17.068,0,6.49,0,1.19,1.86,0,7.46
1/14/2026,2:15, ,gtmpcwq_24G103008_010726_050000.bin,Pellicer Creek,GTMNERR,0,28.568,0,17.67,0,-0.273,0,92,0,7.97,0,51.19,17.13,7.79,0,-69.5,5.56,17.116,0,6.47,0,1.19,2.18,0,8.72
1/14/2026,2:30, ,gtmpcwq_24G103008_010726_050000.bin,Pellicer Creek,GTMNERR,0,28.514,0,17.63,0,-0.281,0,90.5,0,7.85,0,49.72,16.64,7.79,0,-69.2,5.57,17.129,0,5.84,0,1.198,2.05,0,8.2
1/14/2026,2:45, ,gtmpcwq_24G103008_010726_050000.bin,Pellicer Creek,GTMNERR,0,28.248,0,17.45,0,-0.28,0,89,0,7.71,0,51.96,17.39,7.77,0,-68.5,5.56,17.172,0,6.13,0,1.202,1.9,0,7.59
1/14/2026,3:00, ,gtmpcwq_24G103008_010726_050000.bin,Pellicer Creek,GTMNERR,0,26.917,0,16.56,0,-0.272,0,91.8,0,7.99,0,54.06,18.1,7.77,0,-68.5,5.56,17.273,0,6.82,0,1.183,2.35,0,9.43
1/14/2026,3:15, ,gtmpcwq_24G103008_010726_050000.bin,Pellicer Creek,GTMNERR,0,25.705,0,15.74,0,-0.263,0,91.7,0,8,0,55.7,18.64,7.76,0,-67.9,5.57,17.339,0,6.68,0,1.192,2.29,0,9.17
1/14/2026,3:30, ,gtmpcwq_24G103008_010726_050000.bin,Pellicer Creek,GTMNERR,0,22.574,0,13.66,0,-0.252,0,90.8,0,8.04,0,58.83,19.69,7.75,0,-67.1,5.56,17.249,0,7.67,0,1.202,2.66,0,10.69
1/14/2026,3:45, ,gtmpcwq_24G103008_010726_050000.bin,Pellicer Creek,GTMNERR,0,22.144,0,13.38,0,-0.237,0,90.7,0,8.07,0,60.06,20.1,7.74,0,-66.6,5.57,17.122,0,6.8,0,1.202,2.42,0,9.72
1/14/2026,4:00, ,gtmpcwq_24G103008_010726_050000.bin,Pellicer Creek,GTMNERR,0,21.127,0,12.71,0,-0.218,0,90.7,0,8.12,0,61.46,20.57,7.74,0,-66.6,5.56,17.012,0,6.24,0,1.189,2.28,0,9.15
1/14/2026,4:15, ,gtmpcwq_24G103008_010726_050000.bin,Pellicer Creek,GTMNERR,0,21.747,0,13.12,0,-0.197,0,90.4,0,8.09,0,60.82,20.36,7.75,0,-67.1,5.56,16.882,0,6.97,0,1.183,2.47,0,9.92
1/14/2026,4:30, ,gtmpcwq_24G103008_010726_050000.bin,Pellicer Creek,GTMNERR,0,22.676,0,13.73,0,-0.177,0,90.8,0,8.13,0,59.61,19.95,7.77,0,-68.1,5.57,16.697,0,6.7,0,1.191,2.31,0,9.26
1/14/2026,4:45, ,gtmpcwq_24G103008_010726_050000.bin,Pellicer Creek,GTMNERR,0,23.77,0,14.45,0,-0.153,0,91.7,0,8.18,0,58.37,19.54,7.79,0,-69.3,5.56,16.66,0,6.41,0,1.192,2.5,0,10.02
1/14/2026,5:00, ,gtmpcwq_24G103008_010726_050000.bin,Pellicer Creek,GTMNERR,0,24.444,0,14.9,0,-0.126,0,91.5,0,8.14,0,57.71,19.32,7.79,0,-69.2,5.57,16.673,0,6.75,0,1.191,2.69,0,10.78
1/14/2026,5:15, ,gtmpcwq_24G103008_010726_050000.bin,Pellicer Creek,GTMNERR,0,24.736,0,15.1,0,-0.098,0,91.8,0,8.16,0,57.4,19.21,7.79,0,-69.4,5.56,16.654,0,6.46,0,1.198,2.22,0,8.91
1/14/2026,5:30, ,gtmpcwq_24G103008_010726_050000.bin,Pellicer Creek,GTMNERR,0,26.637,0,16.37,0,-0.067,0,91.8,0,8.1,0,55.13,18.45,7.8,0,-70,5.56,16.615,0,6.86,0,1.194,2.06,0,8.25
1/14/2026,5:45, ,gtmpcwq_24G103008_010726_050000.bin,Pellicer Creek,GTMNERR,0,27.62,0,17.03,0,-0.032,0,92.4,0,8.14,0,53.94,18.05,7.82,0,-70.8,5.57,16.529,0,7.01,0,1.185,2.01,0,8.04
1/14/2026,6:00, ,gtmpcwq_24G103008_010726_050000.bin,Pellicer Creek,GTMNERR,0,30.221,0,18.79,0,0.003,0,93.4,0,8.12,0,50.59,16.94,7.83,0,-71.9,5.56,16.624,0,7.56,0,1.189,1.75,0,7.02
1/14/2026,6:15, ,gtmpcwq_24G103008_010726_050000.bin,Pellicer Creek,GTMNERR,0,31.444,0,19.63,0,0.039,0,92.7,0,8.03,0,49.31,16.51,7.83,0,-71.9,5.56,16.56,0,8.83,0,1.192,1.6,0,6.4
1/14/2026,6:30, ,gtmpcwq_24G103008_010726_050000.bin,Pellicer Creek,GTMNERR,0,31.707,0,19.81,0,0.077,0,90.3,0,7.85,0,49.7,16.64,7.83,0,-71.6,5.55,16.333,0,7.63,0,1.192,1.48,0,5.93
1/14/2026,6:45, ,gtmpcwq_24G103008_010726_050000.bin,Pellicer Creek,GTMNERR,0,33.037,0,20.72,0,0.115,0,89.7,0,7.76,0,47.42,15.87,7.85,0,-72.6,5.55,16.238,0,8.96,0,1.193,1.44,0,5.75
1/14/2026,7:00, ,gtmpcwq_24G103008_010726_050000.bin,Pellicer Creek,GTMNERR,0,34.448,0,21.7,0,0.152,0,89.9,0,7.74,0,45.1,15.1,7.87,0,-73.9,5.56,16.211,0,8.43,0,1.192,1.51,0,6.03
1/14/2026,7:15, ,gtmpcwq_24G103008_010726_050000.bin,Pellicer Creek,GTMNERR,0,35.128,0,22.17,0,0.18,0,90.4,0,7.78,0,44.1,14.76,7.89,0,-74.9,5.55,16.142,0,8.08,0,1.201,1.48,0,5.91
1/14/2026,7:30, ,gtmpcwq_24G103008_010726_050000.bin,Pellicer Creek,GTMNERR,0,35.805,0,22.64,0,0.206,0,90.9,0,7.81,0,42.98,14.39,7.9,0,-75.8,5.56,16.046,0,7.72,0,1.187,1.46,0,5.83
1/14/2026,7:45, ,gtmpcwq_24G103008_010726_050000.bin,Pellicer Creek,GTMNERR,0,36.254,0,22.95,0,0.225,0,90.7,0,7.78,0,42.46,14.21,7.91,0,-76,5.55,16.03,0,7.11,0,1.196,1.34,0,5.36
1/14/2026,8:00, ,gtmpcwq_24G103008_010726_050000.bin,Pellicer Creek,GTMNERR,0,37.226,0,23.63,0,0.237,0,90.6,0,7.75,0,40.87,13.68,7.92,0,-76.7,5.56,15.996,0,7.14,0,1.186,1.27,0,5.06
1/14/2026,8:15, ,gtmpcwq_24G103008_010726_050000.bin,Pellicer Creek,GTMNERR,0,37.666,0,23.94,0,0.242,0,90.6,0,7.73,0,40.14,13.44,7.92,0,-76.9,5.56,15.981,0,6.83,0,1.193,1.32,0,5.26
1/14/2026,8:30, ,gtmpcwq_24G103008_010726_050000.bin,Pellicer Creek,GTMNERR,0,37.445,0,23.79,0,0.238,0,90.1,0,7.7,0,39.79,13.32,7.92,0,-76.7,5.55,15.979,0,6.12,0,1.19,1.14,0,4.56
1/14/2026,8:45, ,gtmpcwq_24G103008_010726_050000.bin,Pellicer Creek,GTMNERR,0,38.222,0,24.33,0,0.227,0,88.2,0,7.52,0,38.51,12.89,7.91,0,-76.2,5.56,15.98,0,7.47,0,1.192,1.24,0,4.95
1/14/2026,9:00, ,gtmpcwq_24G103008_010726_050000.bin,Pellicer Creek,GTMNERR,0,38.031,0,24.2,0,0.208,0,89.3,0,7.61,0,38.61,12.93,7.92,0,-76.8,5.55,15.983,0,6.28,0,1.198,1.25,0,5
1/14/2026,9:15, ,gtmpcwq_24G103008_010726_050000.bin,Pellicer Creek,GTMNERR,0,37.22,0,23.63,0,0.188,0,89.9,0,7.68,0,40.75,13.64,7.92,0,-76.5,5.55,16.016,0,7.59,0,1.196,1.34,0,5.35
1/14/2026,9:30, ,gtmpcwq_24G103008_010726_050000.bin,Pellicer Creek,GTMNERR,0,36.889,0,23.4,0,0.17,0,90,0,7.7,0,41.37,13.85,7.91,0,-76.3,5.56,16.031,0,7.13,0,1.191,1.28,0,5.1
1/14/2026,9:45, ,gtmpcwq_24G103008_010726_050000.bin,Pellicer Creek,GTMNERR,0,36.156,0,22.89,0,0.147,0,89.8,0,7.7,0,42.58,14.25,7.9,0,-75.7,5.55,16.059,0,7.44,0,1.192,1.44,0,5.75
1/14/2026,10:00, ,gtmpcwq_24G103008_010726_050000.bin,Pellicer Creek,GTMNERR,0,35.588,0,22.49,0,0.123,0,89.3,0,7.67,0,43.49,14.56,7.89,0,-75.1,5.56,16.116,0,6.78,0,1.193,1.48,0,5.93
1/14/2026,10:15, ,gtmpcwq_24G103008_010726_050000.bin,Pellicer Creek,GTMNERR,0,33.889,0,21.31,0,0.096,0,89.6,0,7.73,0,45.02,15.07,7.87,0,-74.2,5.55,16.219,0,7.79,0,1.191,1.8,0,7.19
1/14/2026,10:30, ,gtmpcwq_24G103008_010726_050000.bin,Pellicer Creek,GTMNERR,0,32.502,0,20.36,0,0.079,0,89.9,0,7.79,0,47.35,15.85,7.86,0,-73.3,5.55,16.319,0,7.02,0,1.193,1.74,0,6.95
1/14/2026,10:45, ,gtmpcwq_24G103008_010726_050000.bin,Pellicer Creek,GTMNERR,0,34.489,0,21.73,0,0.052,0,89,0,7.66,0,44.96,15.05,7.87,0,-73.7,5.56,16.239,0,6.74,0,1.189,1.58,0,6.32
1/14/2026,11:00, ,gtmpcwq_24G103008_010726_050000.bin,Pellicer Creek,GTMNERR,0,33.703,0,21.18,0,0.031,0,89.1,0,7.68,0,45.62,15.27,7.86,0,-73.4,5.55,16.302,0,7.47,0,1.189,1.56,0,6.25
1/14/2026,11:15, ,gtmpcwq_24G103008_010726_050000.bin,Pellicer Creek,GTMNERR,0,33.163,0,20.81,0,0.005,0,89.5,0,7.73,0,47.28,15.83,7.85,0,-72.9,5.56,16.362,0,7.37,0,1.192,1.57,0,6.29
1/14/2026,11:30, ,gtmpcwq_24G103008_010726_050000.bin,Pellicer Creek,GTMNERR,0,32.71,0,20.5,0,-0.014,0,89.4,0,7.73,0,47.65,15.95,7.84,0,-72.5,5.55,16.386,0,7.35,0,1.195,2.27,0,9.12
1/14/2026,11:45, ,gtmpcwq_24G103008_010726_050000.bin,Pellicer Creek,GTMNERR,0,31.746,0,19.84,0,-0.041,0,89.8,0,7.78,0,49.02,16.41,7.84,0,-72,5.55,16.466,0,7.66,0,1.185,1.73,0,6.92
1/14/2026,12:00, ,gtmpcwq_24G103008_010726_050000.bin,Pellicer Creek,GTMNERR,0,31.713,0,19.81,0,-0.065,0,89.8,0,7.78,0,49.24,16.48,7.83,0,-71.8,5.56,16.499,0,7.09,0,1.191,1.78,0,7.11
1/14/2026,12:15, ,gtmpcwq_24G103008_010726_050000.bin,Pellicer Creek,GTMNERR,0,31.162,0,19.44,0,-0.09,0,90.6,0,7.85,0,49.53,16.58,7.83,0,-71.8,5.55,16.578,0,6.69,0,1.193,1.79,0,7.19
1/14/2026,12:30, ,gtmpcwq_24G103008_010726_050000.bin,Pellicer Creek,GTMNERR,0,30.486,0,18.97,0,-0.11,0,91.6,0,7.93,0,50.2,16.8,7.83,0,-71.6,5.56,16.738,0,7.14,0,1.192,1.8,0,7.23
1/14/2026,12:45, ,gtmpcwq_24G103008_010726_050000.bin,Pellicer Creek,GTMNERR,0,31.908,0,19.95,0,-0.13,0,90.7,0,7.83,0,47.7,15.97,7.83,0,-71.7,5.56,16.619,0,6.93,0,1.198,1.95,0,7.81
1/14/2026,13:00, ,gtmpcwq_24G103008_010726_050000.bin,Pellicer Creek,GTMNERR,0,31.248,0,19.5,0,-0.156,0,90.1,0,7.8,0,48.49,16.23,7.82,0,-71.4,5.55,16.633,0,6.19,0,1.187,1.94,0,7.76
1/14/2026,13:15, ,gtmpcwq_24G103008_010726_050000.bin,Pellicer Creek,GTMNERR,0,30.949,0,19.29,0,-0.166,0,89.8,0,7.78,0,48.21,16.14,7.82,0,-71.2,5.55,16.654,0,6.61,0,1.192,1.75,0,7
1/14/2026,13:30, ,gtmpcwq_24G103008_010726_050000.bin,Pellicer Creek,GTMNERR,0,30.589,0,19.05,0,-0.182,0,90.3,0,7.82,0,48.07,16.09,7.83,0,-71.4,5.56,16.714,0,6.11,0,1.196,1.73,0,6.93
1/14/2026,13:45, ,gtmpcwq_24G103008_010726_050000.bin,Pellicer Creek,GTMNERR,0,31.403,0,19.6,0,-0.198,0,90.4,0,7.81,0,47.64,15.95,7.83,0,-71.7,5.55,16.66,0,6.12,0,1.185,1.79,0,7.16
1/14/2026,14:00, ,gtmpcwq_24G103008_010726_050000.bin,Pellicer Creek,GTMNERR,0,29.07,0,18.01,0,-0.215,0,92.2,0,8.01,0,50.83,17.02,7.83,0,-71.7,5.55,16.859,0,7.03,0,1.184,1.87,0,7.49
1/14/2026,14:15, ,gtmpcwq_24G103008_010726_050000.bin,Pellicer Creek,GTMNERR,0,27.728,0,17.1,0,-0.231,0,93.6,0,8.16,0,52.28,17.5,7.82,0,-71.2,5.56,17.041,0,7.8,0,1.197,2.2,0,8.83
1/14/2026,14:30, ,gtmpcwq_24G103008_010726_050000.bin,Pellicer Creek,GTMNERR,0,25.374,0,15.52,0,-0.24,0,95.4,0,8.37,0,54.74,18.32,7.81,0,-70.8,5.56,17.174,0,7.3,0,1.191,2.3,0,9.24
1/14/2026,14:45, ,gtmpcwq_24G103008_010726_050000.bin,Pellicer Creek,GTMNERR,0,26.304,0,16.14,0,-0.247,0,93.5,0,8.18,0,53.04,17.76,7.8,0,-70.1,5.55,17.106,0,6.33,0,1.189,2.2,0,8.83
1/14/2026,15:00, ,gtmpcwq_24G103008_010726_050000.bin,Pellicer Creek,GTMNERR,0,26.263,0,16.12,0,-0.26,0,92.5,0,8.09,0,51.47,17.23,7.8,0,-70,5.56,17.145,0,7.12,0,1.186,2.09,0,8.38
1/14/2026,15:15, ,gtmpcwq_24G103008_010726_050000.bin,Pellicer Creek,GTMNERR,0,24.452,0,14.91,0,-0.262,0,94.1,0,8.26,0,52.66,17.63,7.79,0,-69.6,5.55,17.303,0,8.08,0,1.191,2.25,0,9.01
1/14/2026,15:30, ,gtmpcwq_24G103008_010726_050000.bin,Pellicer Creek,GTMNERR,0,24.267,0,14.78,0,-0.278,0,94.5,0,8.3,0,53.06,17.76,7.79,0,-69.7,5.55,17.356,0,5.66,0,1.2,1.83,0,7.35
1/14/2026,15:45, ,gtmpcwq_24G103008_010726_050000.bin,Pellicer Creek,GTMNERR,0,24.884,0,15.19,0,-0.295,0,93.9,0,8.22,0,52.3,17.51,7.79,0,-69.5,5.56,17.356,0,5.32,0,1.189,2.07,0,8.3
1/14/2026,16:00, ,gtmpcwq_24G103008_010726_050000.bin,Pellicer Creek,GTMNERR,0,25.12,0,15.35,0,-0.284,0,96.4,0,8.42,0,53.45,17.89,7.83,0,-71.5,5.55,17.416,0,6.23,0,1.184,1.95,0,7.81
1/14/2026,16:15, ,gtmpcwq_24G103008_010726_050000.bin,Pellicer Creek,GTMNERR,0,25.272,0,15.45,0,-0.279,0,98.9,0,8.63,0,53.99,18.07,7.84,0,-72.5,5.56,17.467,0,8.5,0,1.191,2.14,0,8.57
1/14/2026,16:30, ,gtmpcwq_24G103008_010726_050000.bin,Pellicer Creek,GTMNERR,0,25.195,0,15.4,0,-0.278,0,99.9,0,8.72,0,53.23,17.82,7.84,0,-72.2,5.54,17.474,0,7.87,0,1.184,2.81,0,11.26
1/14/2026,16:45, ,gtmpcwq_24G103008_010726_050000.bin,Pellicer Creek,GTMNERR,0,24.155,0,14.71,0,-0.275,0,98.7,0,8.64,0,55.66,18.63,7.82,0,-71.3,5.55,17.497,0,7.91,0,1.187,2.7,0,10.85
1/14/2026,17:00, ,gtmpcwq_24G103008_010726_050000.bin,Pellicer Creek,GTMNERR,0,23.246,0,14.11,0,-0.259,0,97.2,0,8.54,0,56.48,18.91,7.78,0,-69,5.56,17.482,0,7.74,0,1.194,3.13,0,12.58
1/14/2026,17:15, ,gtmpcwq_24G103008_010726_050000.bin,Pellicer Creek,GTMNERR,0,23.16,0,14.05,0,-0.248,0,98,0,8.61,0,56.73,18.99,7.78,0,-69.2,5.55,17.529,0,7.7,0,1.202,3.67,0,14.73
1/14/2026,17:30, ,gtmpcwq_24G103008_010726_050000.bin,Pellicer Creek,GTMNERR,0,23.142,0,14.04,0,-0.23,0,101.1,0,8.88,0,56.79,19.01,7.83,0,-71.8,5.56,17.517,0,7.51,0,1.194,3.81,0,15.32
1/14/2026,17:45, ,gtmpcwq_24G103008_010726_050000.bin,Pellicer Creek,GTMNERR,0,24.089,0,14.67,0,-0.215,0,100.6,0,8.84,0,55.65,18.63,7.85,0,-72.7,5.54,17.327,0,7.77,0,1.192,3.73,0,15
1/14/2026,18:00, ,gtmpcwq_24G103008_010726_050000.bin,Pellicer Creek,GTMNERR,0,24.715,0,15.08,0,-0.196,0,100.7,0,8.84,0,54.85,18.36,7.85,0,-73.2,5.55,17.276,0,8.15,0,1.19,3.54,0,14.23
1/14/2026,18:15, ,gtmpcwq_24G103008_010726_050000.bin,Pellicer Creek,GTMNERR,0,26.761,0,16.45,0,-0.176,0,99.2,0,8.64,0,52.18,17.47,7.86,0,-73.3,5.56,17.247,0,9.18,0,1.194,2.63,0,10.54
1/14/2026,18:30, ,gtmpcwq_24G103008_010726_050000.bin,Pellicer Creek,GTMNERR,0,26.236,0,16.1,0,-0.156,0,100.2,0,8.77,0,52.63,17.62,7.88,0,-74.5,5.55,17.112,0,8.75,0,1.183,3.43,0,13.79
1/14/2026,18:45, ,gtmpcwq_24G103008_010726_050000.bin,Pellicer Creek,GTMNERR,0,26.067,0,15.99,0,-0.137,0,100.3,0,8.79,0,53.39,17.87,7.88,0,-74.5,5.55,17.064,0,8.34,0,1.188,4.05,0,16.29
1/14/2026,19:00, ,gtmpcwq_24G103008_010726_050000.bin,Pellicer Creek,GTMNERR,0,26.607,0,16.35,0,-0.118,0,99.8,0,8.72,0,52.76,17.66,7.88,0,-74.4,5.54,17.1,0,8.59,0,1.193,5.02,0,20.19
1/14/2026,19:15, ,gtmpcwq_24G103008_010726_050000.bin,Pellicer Creek,GTMNERR,0,26.946,0,16.58,0,-0.096,0,98.9,0,8.65,0,52.48,17.57,7.88,0,-74.5,5.55,16.983,0,8.52,0,1.201,3.27,0,13.15
1/14/2026,19:30, ,gtmpcwq_24G103008_010726_050000.bin,Pellicer Creek,GTMNERR,0,27.336,0,16.84,0,-0.078,0,98.3,0,8.61,0,52.16,17.46,7.88,0,-74.6,5.56,16.837,0,8.2,0,1.192,4.23,0,16.99
1/14/2026,19:45, ,gtmpcwq_24G103008_010726_050000.bin,Pellicer Creek,GTMNERR,0,28.47,0,17.6,0,-0.064,0,97.8,0,8.51,0,50.83,17.01,7.88,0,-74.4,5.55,16.938,0,8.13,0,1.189,2.72,0,10.92
1/14/2026,20:00, ,gtmpcwq_24G103008_010726_050000.bin,Pellicer Creek,GTMNERR,0,30.246,0,18.81,0,-0.057,0,96.1,0,8.3,0,47.61,15.94,7.87,0,-74,5.55,16.977,0,8.1,0,1.195,2.19,0,8.78
1/14/2026,20:15, ,gtmpcwq_24G103008_010726_050000.bin,Pellicer Creek,GTMNERR,0,30.254,0,18.82,0,-0.048,0,93.7,0,8.09,0,46.35,15.52,7.86,0,-73.5,5.54,16.967,0,7.11,0,1.192,2,0,8.01
1/14/2026,20:30, ,gtmpcwq_24G103008_010726_050000.bin,Pellicer Creek,GTMNERR,0,30.834,0,19.21,0,-0.049,0,93.4,0,8.04,0,47.31,15.84,7.86,0,-73.7,5.54,16.965,0,7.19,0,1.192,1.69,0,6.77
1/14/2026,20:45, ,gtmpcwq_24G103008_010726_050000.bin,Pellicer Creek,GTMNERR,0,32.588,0,20.42,0,-0.061,0,92.2,0,7.88,0,45.76,15.32,7.85,0,-72.9,5.55,16.978,0,6.6,0,1.192,1.66,0,6.64
1/14/2026,21:00, ,gtmpcwq_24G103008_010726_050000.bin,Pellicer Creek,GTMNERR,0,33.584,0,21.1,0,-0.073,0,93.4,0,7.96,0,43.96,14.72,7.87,0,-73.9,5.54,16.938,0,6.36,0,1.191,1.94,0,7.75
1/14/2026,21:15, ,gtmpcwq_24G103008_010726_050000.bin,Pellicer Creek,GTMNERR,0,33.402,0,20.98,0,-0.086,0,93.9,0,8.01,0,45.05,15.08,7.88,0,-74.4,5.55,16.933,0,7.17,0,1.194,2.23,0,8.95
1/14/2026,21:30, ,gtmpcwq_24G103008_010726_050000.bin,Pellicer Creek,GTMNERR,0,33.161,0,20.81,0,-0.101,0,93.2,0,7.96,0,44.96,15.05,7.87,0,-74,5.54,16.944,0,6.99,0,1.19,2.36,0,9.47
1/14/2026,21:45, ,gtmpcwq_24G103008_010726_050000.bin,Pellicer Creek,GTMNERR,0,32.956,0,20.67,0,-0.118,0,93.7,0,8,0,46,15.4,7.87,0,-74.2,5.54,16.952,0,6.24,0,1.189,2.17,0,8.7
1/14/2026,22:00, ,gtmpcwq_24G103008_010726_050000.bin,Pellicer Creek,GTMNERR,0,33.124,0,20.79,0,-0.133,0,91.8,0,7.83,0,44.62,14.94,7.87,0,-73.8,5.55,16.928,0,6.21,0,1.19,1.9,0,7.62
1/14/2026,22:15, ,gtmpcwq_24G103008_010726_050000.bin,Pellicer Creek,GTMNERR,0,33.236,0,20.86,0,-0.148,0,91.9,0,7.84,0,44.27,14.82,7.87,0,-73.9,5.54,16.934,0,6.1,0,1.187,1.94,0,7.76
1/14/2026,22:30, ,gtmpcwq_24G103008_010726_050000.bin,Pellicer Creek,GTMNERR,0,33.097,0,20.77,0,-0.162,0,90.7,0,7.74,0,42.82,14.33,7.86,0,-73.5,5.55,16.949,0,6.73,0,1.194,1.77,0,7.09
1/14/2026,22:45, ,gtmpcwq_24G103008_010726_050000.bin,Pellicer Creek,GTMNERR,0,32.556,0,20.4,0,-0.175,0,90,0,7.7,0,43.74,14.64,7.86,0,-73.5,5.54,16.974,0,5.51,0,1.202,1.65,0,6.62
1/14/2026,23:00, ,gtmpcwq_24G103008_010726_050000.bin,Pellicer Creek,GTMNERR,0,32.109,0,20.09,0,-0.189,0,88.8,0,7.6,0,43.37,14.52,7.85,0,-73.1,5.54,17,0,4.83,0,1.197,1.46,0,5.85
1/14/2026,23:15, ,gtmpcwq_24G103008_010726_050000.bin,Pellicer Creek,GTMNERR,0,32.373,0,20.27,0,-0.202,0,85.2,0,7.28,0,43.22,14.47,7.83,0,-71.5,5.55,16.992,0,5.28,0,1.196,1.93,0,7.74
1/14/2026,23:30, ,gtmpcwq_24G103008_010726_050000.bin,Pellicer Creek,GTMNERR,0,32.45,0,20.32,0,-0.221,0,82.7,0,7.07,0,43.24,14.48,7.82,0,-70.9,5.54,16.988,0,4.51,0,1.19,1.43,0,5.73
1/14/2026,23:45, ,gtmpcwq_24G103008_010726_050000.bin,Pellicer Creek,GTMNERR,0,32.391,0,20.28,0,-0.235,0,82.5,0,7.06,0,44.71,14.97,7.82,0,-71.1,5.55,16.992,0,4.25,0,1.185,1.24,0,4.97
1/15/2026,0:00, ,gtmpcwq_24G103008_010726_050000.bin,Pellicer Creek,GTMNERR,0,32.201,0,20.15,0,-0.247,0,88.8,0,7.6,0,43.91,14.7,7.84,0,-72.2,5.54,17.003,0,5.82,0,1.19,1.72,0,6.87
1/15/2026,0:15, ,gtmpcwq_24G103008_010726_050000.bin,Pellicer Creek,GTMNERR,0,31.952,0,19.98,0,-0.261,0,86.6,0,7.42,0,43.87,14.69,7.81,0,-70.6,5.54,17.017,0,5.38,0,1.187,1.73,0,6.94
1/15/2026,0:30, ,gtmpcwq_24G103008_010726_050000.bin,Pellicer Creek,GTMNERR,0,31.579,0,19.72,0,-0.275,0,87.1,0,7.46,0,43.98,14.72,7.83,0,-71.7,5.55,17.035,0,5.26,0,1.186,1.67,0,6.7
1/15/2026,0:45, ,gtmpcwq_24G103008_010726_050000.bin,Pellicer Creek,GTMNERR,0,31.623,0,19.75,0,-0.289,0,81.9,0,7.02,0,44.27,14.82,7.78,0,-68.9,5.54,17.04,0,3.41,0,1.183,1.26,0,5.03
1/15/2026,1:00, ,gtmpcwq_24G103008_010726_050000.bin,Pellicer Creek,GTMNERR,0,31.482,0,19.66,0,-0.302,0,80,0,6.86,0,44.38,14.86,7.78,0,-69,5.55,17.046,0,5.22,0,1.198,1.64,0,6.55
1/15/2026,1:15, ,gtmpcwq_24G103008_010726_050000.bin,Pellicer Creek,GTMNERR,0,31.246,0,19.5,0,-0.308,0,80.7,0,6.92,0,44.08,14.75,7.77,0,-68.3,5.54,17.059,0,4.06,0,1.197,1.44,0,5.75
1/15/2026,1:30, ,gtmpcwq_24G103008_010726_050000.bin,Pellicer Creek,GTMNERR,0,31.155,0,19.43,0,-0.317,0,79.6,0,6.83,0,45.33,15.17,7.77,0,-68,5.54,17.067,0,2.82,0,1.2,1.12,0,4.47
1/15/2026,1:45, ,gtmpcwq_24G103008_010726_050000.bin,Pellicer Creek,GTMNERR,0,30.829,0,19.21,0,-0.329,0,83.1,0,7.14,0,46.11,15.44,7.79,0,-69.4,5.55,17.079,0,4.88,0,1.203,1.58,0,6.31
1/15/2026,2:00, ,gtmpcwq_24G103008_010726_050000.bin,Pellicer Creek,GTMNERR,0,30.274,0,18.83,0,-0.338,0,86.4,0,7.44,0,47.19,15.79,7.8,0,-69.8,5.54,17.091,0,5.52,0,1.191,1.91,0,7.66
1/15/2026,2:15, ,gtmpcwq_24G103008_010726_050000.bin,Pellicer Creek,GTMNERR,0,29.59,0,18.36,0,-0.343,0,87.5,0,7.55,0,48.02,16.07,7.79,0,-69.7,5.54,17.094,0,5.54,0,1.19,1.92,0,7.7
1/15/2026,2:30, ,gtmpcwq_24G103008_010726_050000.bin,Pellicer Creek,GTMNERR,0,29.529,0,18.32,0,-0.346,0,88.5,0,7.64,0,48.71,16.31,7.81,0,-70.8,5.53,17.1,0,4.88,0,1.187,2.03,0,8.15
1/15/2026,2:45, ,gtmpcwq_24G103008_010726_050000.bin,Pellicer Creek,GTMNERR,0,29.362,0,18.21,0,-0.353,0,88,0,7.6,0,48.8,16.33,7.8,0,-70,5.54,17.117,0,2.65,0,1.185,2.15,0,8.6
1/15/2026,3:00, ,gtmpcwq_24G103008_010726_050000.bin,Pellicer Creek,GTMNERR,0,29.345,0,18.2,0,-0.359,0,87.7,0,7.58,0,49,16.4,7.79,0,-69.2,5.54,17.122,0,5.41,0,1.194,1.81,0,7.23
1/15/2026,3:15, ,gtmpcwq_24G103008_010726_050000.bin,Pellicer Creek,GTMNERR,0,29.249,0,18.13,0,-0.369,0,88.9,0,7.68,0,49.11,16.44,7.8,0,-70,5.54,17.124,0,5.58,0,1.194,1.95,0,7.81
1/15/2026,3:30, ,gtmpcwq_24G103008_010726_050000.bin,Pellicer Creek,GTMNERR,0,29.359,0,18.21,0,-0.376,0,87.4,0,7.55,0,47.48,15.9,7.8,0,-70.1,5.54,17.131,0,5.18,0,1.186,1.8,0,7.19
1/15/2026,3:45, ,gtmpcwq_24G103008_010726_050000.bin,Pellicer Creek,GTMNERR,0,29.084,0,18.02,0,-0.382,0,87.2,0,7.54,0,48.37,16.19,7.79,0,-69.2,5.53,17.13,0,4.81,0,1.197,2,0,8.01
1/15/2026,4:00, ,gtmpcwq_24G103008_010726_050000.bin,Pellicer Creek,GTMNERR,0,28.747,0,17.79,0,-0.385,0,88.2,0,7.64,0,48.89,16.37,7.79,0,-69.3,5.54,17.142,0,5.18,0,1.192,1.98,0,7.94
1/15/2026,4:15, ,gtmpcwq_24G103008_010726_050000.bin,Pellicer Creek,GTMNERR,0,28.781,0,17.82,0,-0.375,0,89.5,0,7.75,0,48.75,16.32,7.8,0,-70,5.53,17.15,0,6.5,0,1.191,2.03,0,8.15
1/15/2026,4:30, ,gtmpcwq_24G103008_010726_050000.bin,Pellicer Creek,GTMNERR,0,27.863,0,17.19,0,-0.374,0,90.6,0,7.87,0,51.5,17.24,7.8,0,-70.2,5.53,17.176,0,6.72,0,1.187,2.24,0,8.97
1/15/2026,4:45, ,gtmpcwq_24G103008_010726_050000.bin,Pellicer Creek,GTMNERR,0,27.28,0,16.8,0,-0.365,0,91,0,7.93,0,53.32,17.85,7.8,0,-69.9,5.54,17.16,0,5.85,0,1.187,2.65,0,10.65
1/15/2026,5:00, ,gtmpcwq_24G103008_010726_050000.bin,Pellicer Creek,GTMNERR,0,24.838,0,15.16,0,-0.349,0,90.1,0,7.94,0,56.3,18.84,7.75,0,-67.4,5.53,17.07,0,6.72,0,1.191,3.42,0,13.74
1/15/2026,5:15, ,gtmpcwq_24G103008_010726_050000.bin,Pellicer Creek,GTMNERR,0,23.662,0,14.38,0,-0.335,0,86.6,0,7.69,0,57.64,19.29,7.71,0,-64.9,5.53,16.843,0,6.77,0,1.193,2.01,0,8.04
1/15/2026,5:30, ,gtmpcwq_24G103008_010726_050000.bin,Pellicer Creek,GTMNERR,0,22.303,0,13.48,0,-0.317,0,85.7,0,7.69,0,58.99,19.75,7.7,0,-64,5.54,16.629,0,6.9,0,1.192,2.31,0,9.27
1/15/2026,5:45, ,gtmpcwq_24G103008_010726_050000.bin,Pellicer Creek,GTMNERR,0,22.323,0,13.5,0,-0.298,0,85.8,0,7.72,0,59.62,19.96,7.69,0,-63.3,5.53,16.505,0,5.79,0,1.202,2,0,8.03
1/15/2026,6:00, ,gtmpcwq_24G103008_010726_050000.bin,Pellicer Creek,GTMNERR,0,25.96,0,15.91,0,-0.279,0,85.6,0,7.6,0,54.51,18.25,7.74,0,-66.4,5.53,16.485,0,6.7,0,1.183,2.11,0,8.47
1/15/2026,6:15, ,gtmpcwq_24G103008_010726_050000.bin,Pellicer Creek,GTMNERR,0,26.172,0,16.06,0,-0.251,0,85.7,0,7.62,0,54.81,18.35,7.73,0,-65.6,5.54,16.32,0,6.71,0,1.192,1.79,0,7.16
1/15/2026,6:30, ,gtmpcwq_24G103008_010726_050000.bin,Pellicer Creek,GTMNERR,0,23.387,0,14.2,0,-0.22,0,87.7,0,7.93,0,58.51,19.59,7.76,0,-67.6,5.53,16.05,0,6.04,0,1.195,2.47,0,9.91
1/15/2026,6:45, ,gtmpcwq_24G103008_010726_050000.bin,Pellicer Creek,GTMNERR,0,25.747,0,15.77,0,-0.193,0,87,0,7.78,0,56.23,18.82,7.76,0,-67.4,5.54,16.095,0,6.23,0,1.191,2.11,0,8.44
1/15/2026,7:00, ,gtmpcwq_24G103008_010726_050000.bin,Pellicer Creek,GTMNERR,0,23.313,0,14.15,0,-0.159,0,86.9,0,7.91,0,59.1,19.78,7.76,0,-67.3,5.52,15.736,0,5.77,0,1.197,2.11,0,8.46
1/15/2026,7:15, ,gtmpcwq_24G103008_010726_050000.bin,Pellicer Creek,GTMNERR,0,24.094,0,14.67,0,-0.123,0,87.1,0,7.93,0,58.41,19.55,7.78,0,-68.5,5.53,15.614,0,5.26,0,1.197,2.38,0,9.55
1/15/2026,7:30, ,gtmpcwq_24G103008_010726_050000.bin,Pellicer Creek,GTMNERR,0,25.637,0,15.7,0,-0.086,0,86.8,0,7.84,0,56.79,19.01,7.79,0,-69,5.54,15.644,0,5.53,0,1.199,1.77,0,7.1
1/15/2026,7:45, ,gtmpcwq_24G103008_010726_050000.bin,Pellicer Creek,GTMNERR,0,28.337,0,17.51,0,-0.056,0,86.2,0,7.7,0,53.24,17.82,7.8,0,-69.7,5.53,15.724,0,6.63,0,1.184,2.1,0,8.4
1/15/2026,8:00, ,gtmpcwq_24G103008_010726_050000.bin,Pellicer Creek,GTMNERR,0,30.116,0,18.72,0,-0.024,0,85.2,0,7.55,0,51.5,17.24,7.81,0,-70.2,5.53,15.754,0,6.16,0,1.184,1.68,0,6.71
1/15/2026,8:15, ,gtmpcwq_24G103008_010726_050000.bin,Pellicer Creek,GTMNERR,0,31.512,0,19.67,0,0.008,0,84.4,0,7.43,0,49.38,16.53,7.82,0,-71.2,5.52,15.743,0,6.83,0,1.198,1.67,0,6.69
1/15/2026,8:30, ,gtmpcwq_24G103008_010726_050000.bin,Pellicer Creek,GTMNERR,0,32.832,0,20.58,0,0.038,0,83.4,0,7.31,0,47.62,15.94,7.84,0,-71.9,5.53,15.681,0,6.71,0,1.198,1.48,0,5.92
1/15/2026,8:45, ,gtmpcwq_24G103008_010726_050000.bin,Pellicer Creek,GTMNERR,0,34.502,0,21.73,0,0.057,0,82.6,0,7.19,0,44.85,15.01,7.86,0,-73.1,5.53,15.657,0,7.2,0,1.201,1.38,0,5.54
1/15/2026,9:00, ,gtmpcwq_24G103008_010726_050000.bin,Pellicer Creek,GTMNERR,0,34.408,0,21.67,0,0.07,0,82.9,0,7.24,0,44.92,15.04,7.87,0,-73.6,5.53,15.507,0,6.64,0,1.201,1.56,0,6.25
1/15/2026,9:15, ,gtmpcwq_24G103008_010726_050000.bin,Pellicer Creek,GTMNERR,0,34.603,0,21.8,0,0.072,0,82.3,0,7.19,0,44.18,14.79,7.87,0,-73.8,5.53,15.472,0,6.45,0,1.202,1.3,0,5.19
1/15/2026,9:30, ,gtmpcwq_24G103008_010726_050000.bin,Pellicer Creek,GTMNERR,0,34.773,0,21.92,0,0.063,0,80.2,0,7.01,0,43.25,14.48,7.86,0,-73.5,5.52,15.471,0,5.7,0,1.194,1.12,0,4.45
1/15/2026,9:45, ,gtmpcwq_24G103008_010726_050000.bin,Pellicer Creek,GTMNERR,0,34.977,0,22.06,0,0.046,0,80.8,0,7.05,0,42.69,14.29,7.86,0,-73.4,5.52,15.42,0,6.89,0,1.183,1.33,0,5.3
1/15/2026,10:00, ,gtmpcwq_24G103008_010726_050000.bin,Pellicer Creek,GTMNERR,0,34.53,0,21.75,0,0.031,0,82.2,0,7.18,0,44.06,14.75,7.86,0,-73.5,5.53,15.533,0,7.68,0,1.203,1.61,0,6.43
1/15/2026,10:15, ,gtmpcwq_24G103008_010726_050000.bin,Pellicer Creek,GTMNERR,0,33.965,0,21.36,0,0.013,0,82.7,0,7.21,0,45.27,15.15,7.85,0,-73,5.52,15.713,0,7.82,0,1.198,1.79,0,7.17
1/15/2026,10:30, ,gtmpcwq_24G103008_010726_050000.bin,Pellicer Creek,GTMNERR,0,34.005,0,21.39,0,-0.003,0,82.7,0,7.21,0,45.07,15.09,7.85,0,-72.9,5.53,15.732,0,7.08,0,1.188,1.61,0,6.46
1/15/2026,10:45, ,gtmpcwq_24G103008_010726_050000.bin,Pellicer Creek,GTMNERR,0,34.162,0,21.5,0,-0.022,0,82,0,7.14,0,44.38,14.86,7.85,0,-72.8,5.52,15.751,0,6.22,0,1.188,1.41,0,5.65
1/15/2026,11:00, ,gtmpcwq_24G103008_010726_050000.bin,Pellicer Creek,GTMNERR,0,34.218,0,21.54,0,-0.045,0,83.1,0,7.22,0,45.48,15.22,7.85,0,-72.6,5.52,15.861,0,6.55,0,1.191,1.56,0,6.25
1/15/2026,11:15, ,gtmpcwq_24G103008_010726_050000.bin,Pellicer Creek,GTMNERR,0,34.221,0,21.54,0,-0.065,0,82.8,0,7.19,0,45.48,15.22,7.85,0,-72.7,5.53,15.837,0,6.31,0,1.188,1.51,0,6.04
1/15/2026,11:30, ,gtmpcwq_24G103008_010726_050000.bin,Pellicer Creek,GTMNERR,0,34.516,0,21.74,0,-0.083,0,82.2,0,7.13,0,45.03,15.07,7.85,0,-72.6,5.52,15.844,0,5.92,0,1.189,1.45,0,5.79
1/15/2026,11:45, ,gtmpcwq_24G103008_010726_050000.bin,Pellicer Creek,GTMNERR,0,33.742,0,21.21,0,-0.104,0,83,0,7.21,0,46.35,15.52,7.84,0,-72.2,5.53,15.96,0,6.89,0,1.191,1.81,0,7.24
1/15/2026,12:00, ,gtmpcwq_24G103008_010726_050000.bin,Pellicer Creek,GTMNERR,0,33.629,0,21.13,0,-0.128,0,83.9,0,7.28,0,46.5,15.56,7.84,0,-72.3,5.52,16.025,0,6.27,0,1.187,1.82,0,7.29
1/15/2026,12:15, ,gtmpcwq_24G103008_010726_050000.bin,Pellicer Creek,GTMNERR,0,33.947,0,21.35,0,-0.149,0,83.1,0,7.2,0,45.69,15.3,7.84,0,-72.4,5.52,16,0,5.51,0,1.191,1.79,0,7.18
1/15/2026,12:30, ,gtmpcwq_24G103008_010726_050000.bin,Pellicer Creek,GTMNERR,0,33.933,0,21.34,0,-0.167,0,82.8,0,7.18,0,45.68,15.29,7.84,0,-72.1,5.53,16.002,0,5.76,0,1.184,1.51,0,6.05
1/15/2026,12:45, ,gtmpcwq_24G103008_010726_050000.bin,Pellicer Creek,GTMNERR,0,33.702,0,21.18,0,-0.195,0,83,0,7.21,0,44.76,14.98,7.84,0,-72.4,5.52,15.985,0,8.34,0,1.189,1.95,0,7.82
1/15/2026,13:00, ,gtmpcwq_24G103008_010726_050000.bin,Pellicer Creek,GTMNERR,0,30.767,0,19.17,0,-0.209,0,86.2,0,7.55,0,48.42,16.21,7.84,0,-71.9,5.53,16.116,0,6.87,0,1.196,1.75,0,7.02
1/15/2026,13:15, ,gtmpcwq_24G103008_010726_050000.bin,Pellicer Creek,GTMNERR,0,31.962,0,19.98,0,-0.229,0,84.8,0,7.39,0,47.82,16.01,7.84,0,-72,5.52,16.125,0,6.17,0,1.196,1.94,0,7.78
1/15/2026,13:30, ,gtmpcwq_24G103008_010726_050000.bin,Pellicer Creek,GTMNERR,0,33.12,0,20.78,0,-0.235,0,84.8,0,7.35,0,46.61,15.6,7.83,0,-71.6,5.52,16.155,0,6.48,0,1.193,1.87,0,7.51
1/15/2026,13:45, ,gtmpcwq_24G103008_010726_050000.bin,Pellicer Creek,GTMNERR,0,29.759,0,18.48,0,-0.26,0,87.4,0,7.65,0,49.48,16.56,7.83,0,-71.5,5.53,16.372,0,11.65,0,1.191,1.97,0,7.9
1/15/2026,14:00, ,gtmpcwq_24G103008_010726_050000.bin,Pellicer Creek,GTMNERR,0,29.596,0,18.37,0,-0.283,0,89.5,0,7.82,0,49.59,16.6,7.83,0,-71.5,5.53,16.452,0,8.24,0,1.193,2.13,0,8.52
1/15/2026,14:15, ,gtmpcwq_24G103008_010726_050000.bin,Pellicer Creek,GTMNERR,0,29.667,0,18.42,0,-0.302,0,88.7,0,7.76,0,48.93,16.38,7.83,0,-71.4,5.53,16.436,0,8.3,0,1.196,2.13,0,8.55
1/15/2026,14:30, ,gtmpcwq_24G103008_010726_050000.bin,Pellicer Creek,GTMNERR,0,27.376,0,16.87,0,-0.312,0,92.2,0,8.1,0,51.43,17.21,7.82,0,-71.3,5.52,16.647,0,9.3,0,1.203,2.27,0,9.12
1/15/2026,14:45, ,gtmpcwq_24G103008_010726_050000.bin,Pellicer Creek,GTMNERR,0,25,0,15.27,0,-0.313,0,94.5,0,8.36,0,52.68,17.63,7.81,0,-70.5,5.52,16.808,0,12.39,0,1.199,2.27,0,9.09
1/15/2026,15:00, ,gtmpcwq_24G103008_010726_050000.bin,Pellicer Creek,GTMNERR,0,24.948,0,15.24,0,-0.33,0,94.2,0,8.34,0,54.21,18.15,7.81,0,-70.5,5.53,16.796,0,8.46,0,1.192,2.42,0,9.72
1/15/2026,15:15, ,gtmpcwq_24G103008_010726_050000.bin,Pellicer Creek,GTMNERR,0,23.737,0,14.43,0,-0.339,0,94.8,0,8.43,0,54.56,18.26,7.81,0,-70.5,5.53,16.815,0,10.54,0,1.194,2.3,0,9.21
1/15/2026,15:30, ,gtmpcwq_24G103008_010726_050000.bin,Pellicer Creek,GTMNERR,0,21.647,0,13.05,0,-0.346,0,96.9,0,8.69,0,56.22,18.82,7.82,0,-70.9,5.53,16.834,0,11.09,0,1.185,2.52,0,10.12
1/15/2026,15:45, ,gtmpcwq_24G103008_010726_050000.bin,Pellicer Creek,GTMNERR,0,21.632,0,13.04,0,-0.346,0,96.8,0,8.68,0,56.5,18.91,7.82,0,-71.2,5.51,16.815,0,10.28,0,1.19,2.72,0,10.91
1/15/2026,16:00, ,gtmpcwq_24G103008_010726_050000.bin,Pellicer Creek,GTMNERR,0,21.543,0,12.99,0,-0.358,0,96.9,0,8.7,0,55.97,18.73,7.81,0,-70.7,5.53,16.777,0,13.38,0,1.195,2.7,0,10.84
1/15/2026,16:15, ,gtmpcwq_24G103008_010726_050000.bin,Pellicer Creek,GTMNERR,0,22.407,0,13.55,0,-0.348,0,95.8,0,8.57,0,55.09,18.44,7.81,0,-70.4,5.53,16.782,0,8.86,0,1.194,3.02,0,12.11
1/15/2026,16:30, ,gtmpcwq_24G103008_010726_050000.bin,Pellicer Creek,GTMNERR,0,22.08,0,13.34,0,-0.346,0,95.3,0,8.52,0,54.44,18.22,7.8,0,-70.2,5.52,16.843,0,8.61,0,1.19,2.38,0,9.55
1/15/2026,16:45, ,gtmpcwq_24G103008_010726_050000.bin,Pellicer Creek,GTMNERR,0,21.302,0,12.83,0,-0.36,0,95.5,0,8.59,0,55.22,18.49,7.81,0,-70.7,5.53,16.683,0,10.52,0,1.19,2.43,0,9.76
1/15/2026,17:00, ,gtmpcwq_24G103008_010726_050000.bin,Pellicer Creek,GTMNERR,0,21.79,0,13.15,0,-0.368,0,96.8,0,8.69,0,54.72,18.32,7.84,0,-72,5.52,16.694,0,11.21,0,1.192,2.59,0,10.39
1/15/2026,17:15, ,gtmpcwq_24G103008_010726_050000.bin,Pellicer Creek,GTMNERR,0,21.473,0,12.94,0,-0.363,0,95.6,0,8.61,0,54.38,18.2,7.82,0,-71.2,5.52,16.64,0,7.87,0,1.185,2.32,0,9.29
1/15/2026,17:30, ,gtmpcwq_24G103008_010726_050000.bin,Pellicer Creek,GTMNERR,0,21.581,0,13.01,0,-0.353,0,96.5,0,8.67,0,56.64,18.96,7.81,0,-70.6,5.53,16.774,0,8.35,0,1.188,2.68,0,10.75
1/15/2026,17:45, ,gtmpcwq_24G103008_010726_050000.bin,Pellicer Creek,GTMNERR,0,21.046,0,12.66,0,-0.347,0,97.4,0,8.76,0,57.61,19.28,7.82,0,-70.9,5.51,16.753,0,9.25,0,1.188,3.1,0,12.44
1/15/2026,18:00, ,gtmpcwq_24G103008_010726_050000.bin,Pellicer Creek,GTMNERR,0,20.981,0,12.62,0,-0.344,0,96.1,0,8.66,0,56.79,19.01,7.8,0,-69.9,5.52,16.681,0,7.86,0,1.2,2.69,0,10.78
1/15/2026,18:15, ,gtmpcwq_24G103008_010726_050000.bin,Pellicer Creek,GTMNERR,0,20.706,0,12.44,0,-0.337,0,95.5,0,8.64,0,56.87,19.04,7.8,0,-69.8,5.52,16.594,0,8.69,0,1.188,2.4,0,9.64
1/15/2026,18:30, ,gtmpcwq_24G103008_010726_050000.bin,Pellicer Creek,GTMNERR,0,20.282,0,12.16,0,-0.315,0,97.4,0,8.88,0,58.54,19.6,7.84,0,-72.1,5.51,16.229,0,9.67,0,1.184,3.46,0,13.91
1/15/2026,18:45, ,gtmpcwq_24G103008_010726_050000.bin,Pellicer Creek,GTMNERR,0,21.075,0,12.68,0,-0.3,0,97.1,0,8.89,0,57.71,19.32,7.86,0,-73.2,5.52,15.902,0,9.7,0,1.196,3.65,0,14.67
1/15/2026,19:00, ,gtmpcwq_24G103008_010726_050000.bin,Pellicer Creek,GTMNERR,0,21.459,0,12.93,0,-0.283,0,97.8,0,8.94,0,57.63,19.29,7.87,0,-74,5.52,15.9,0,8.55,0,1.198,4.19,0,16.84
1/15/2026,19:15, ,gtmpcwq_24G103008_010726_050000.bin,Pellicer Creek,GTMNERR,0,22.066,0,13.33,0,-0.267,0,97.3,0,8.96,0,56.78,19.01,7.89,0,-75,5.53,15.436,0,9.36,0,1.194,3.87,0,15.54
1/15/2026,19:30, ,gtmpcwq_24G103008_010726_050000.bin,Pellicer Creek,GTMNERR,0,22.264,0,13.46,0,-0.247,0,96.9,0,8.93,0,56.74,18.99,7.89,0,-75.1,5.51,15.364,0,9.16,0,1.194,4,0,16.07
1/15/2026,19:45, ,gtmpcwq_24G103008_010726_050000.bin,Pellicer Creek,GTMNERR,0,22.957,0,13.91,0,-0.223,0,95.8,0,8.87,0,55.86,18.7,7.9,0,-75.7,5.52,15.01,0,9.66,0,1.2,5.2,0,20.91
1/15/2026,20:00, ,gtmpcwq_24G103008_010726_050000.bin,Pellicer Creek,GTMNERR,0,23.783,0,14.46,0,-0.202,0,95,0,8.79,0,54.85,18.36,7.91,0,-76,5.52,14.859,0,10.05,0,1.203,5.45,0,21.92
1/15/2026,20:15, ,gtmpcwq_24G103008_010726_050000.bin,Pellicer Creek,GTMNERR,0,24.248,0,14.77,0,-0.179,0,94.7,0,8.8,0,54.32,18.18,7.92,0,-76.6,5.51,14.585,0,10.45,0,1.191,3.1,0,12.46
1/15/2026,20:30, ,gtmpcwq_24G103008_010726_050000.bin,Pellicer Creek,GTMNERR,0,24.742,0,15.09,0,-0.157,0,94,0,8.74,0,53.79,18,7.92,0,-76.5,5.51,14.496,0,10.94,0,1.186,3.18,0,12.75
1/15/2026,20:45, ,gtmpcwq_24G103008_010726_050000.bin,Pellicer Creek,GTMNERR,0,25.113,0,15.34,0,-0.139,0,93.3,0,8.67,0,53.38,17.87,7.91,0,-76.1,5.52,14.446,0,11.03,0,1.196,2.78,0,11.15
1/15/2026,21:00, ,gtmpcwq_24G103008_010726_050000.bin,Pellicer Creek,GTMNERR,0,25.317,0,15.48,0,-0.123,0,92.9,0,8.61,0,53.34,17.86,7.91,0,-75.7,5.51,14.531,0,10.83,0,1.2,2.87,0,11.52
1/15/2026,21:15, ,gtmpcwq_24G103008_010726_050000.bin,Pellicer Creek,GTMNERR,0,25.898,0,15.86,0,-0.116,0,92.6,0,8.56,0,52.81,17.68,7.9,0,-75.6,5.51,14.502,0,10.98,0,1.201,3.52,0,14.15
1/15/2026,21:30, ,gtmpcwq_24G103008_010726_050000.bin,Pellicer Creek,GTMNERR,0,26.208,0,16.07,0,-0.11,0,92.1,0,8.49,0,52.1,17.44,7.9,0,-75.1,5.5,14.585,0,10.53,0,1.191,2.21,0,8.84
1/15/2026,21:45, ,gtmpcwq_24G103008_010726_050000.bin,Pellicer Creek,GTMNERR,0,27.126,0,16.69,0,-0.113,0,87.4,0,7.99,0,48.56,16.26,7.87,0,-73.4,5.5,14.778,0,7.81,0,1.192,1.87,0,7.49
1/15/2026,22:00, ,gtmpcwq_24G103008_010726_050000.bin,Pellicer Creek,GTMNERR,0,27.258,0,16.78,0,-0.122,0,89.6,0,8.17,0,50.58,16.93,7.88,0,-74.1,5.51,14.914,0,9.9,0,1.189,2.18,0,8.76
1/15/2026,22:15, ,gtmpcwq_24G103008_010726_050000.bin,Pellicer Creek,GTMNERR,0,28.64,0,17.71,0,-0.136,0,88.3,0,7.95,0,48.96,16.39,7.86,0,-73.2,5.5,15.19,0,8.95,0,1.199,2.23,0,8.92
1/15/2026,22:30, ,gtmpcwq_24G103008_010726_050000.bin,Pellicer Creek,GTMNERR,0,27.599,0,17.01,0,-0.149,0,90.2,0,8.17,0,51.09,17.1,7.87,0,-74,5.51,15.133,0,10.17,0,1.184,2.41,0,9.67
1/15/2026,22:45, ,gtmpcwq_24G103008_010726_050000.bin,Pellicer Creek,GTMNERR,0,27.704,0,17.08,0,-0.161,0,90.3,0,8.18,0,51.5,17.24,7.87,0,-73.8,5.5,15.106,0,9.73,0,1.193,2.45,0,9.82
1/15/2026,23:00, ,gtmpcwq_24G103008_010726_050000.bin,Pellicer Creek,GTMNERR,0,28.235,0,17.44,0,-0.176,0,87.9,0,7.91,0,49.42,16.54,7.86,0,-73,5.5,15.323,0,7.45,0,1.194,2.07,0,8.3
1/15/2026,23:15, ,gtmpcwq_24G103008_010726_050000.bin,Pellicer Creek,GTMNERR,0,29.42,0,18.24,0,-0.19,0,85.7,0,7.65,0,48.45,16.22,7.84,0,-72,5.51,15.5,0,7.7,0,1.186,1.98,0,7.94
1/15/2026,23:30, ,gtmpcwq_24G103008_010726_050000.bin,Pellicer Creek,GTMNERR,0,29.024,0,17.98,0,-0.2,0,86,0,7.7,0,46.96,15.72,7.85,0,-72.8,5.5,15.411,0,7.47,0,1.199,1.8,0,7.2
1/15/2026,23:45, ,gtmpcwq_24G103008_010726_050000.bin,Pellicer Creek,GTMNERR,0,28.678,0,17.74,0,-0.209,0,87.1,0,7.82,0,48.03,16.08,7.86,0,-73.1,5.51,15.345,0,7.57,0,1.202,2.02,0,8.11
1/16/2026,0:00, ,gtmpcwq_24G103008_010726_050000.bin,Pellicer Creek,GTMNERR,0,28.009,0,17.29,0,-0.216,0,84.9,0,7.66,0,48.71,16.3,7.85,0,-72.5,5.5,15.268,0,7.39,0,1.192,1.58,0,6.33
1/16/2026,0:15, ,gtmpcwq_24G103008_010726_050000.bin,Pellicer Creek,GTMNERR,0,27.583,0,17,0,-0.22,0,86,0,7.78,0,49.3,16.5,7.84,0,-71.9,5.5,15.202,0,7.03,0,1.184,1.79,0,7.15
1/16/2026,0:30, ,gtmpcwq_24G103008_010726_050000.bin,Pellicer Creek,GTMNERR,0,27.607,0,17.02,0,-0.225,0,82.4,0,7.45,0,48.4,16.2,7.82,0,-70.7,5.51,15.214,0,4.94,0,1.188,1.39,0,5.55
1/16/2026,0:45, ,gtmpcwq_24G103008_010726_050000.bin,Pellicer Creek,GTMNERR,0,27.731,0,17.1,0,-0.231,0,78.7,0,7.11,0,48.07,16.09,7.79,0,-69.4,5.5,15.235,0,6.01,0,1.199,1.76,0,7.06
1/16/2026,1:00, ,gtmpcwq_24G103008_010726_050000.bin,Pellicer Creek,GTMNERR,0,27.676,0,17.06,0,-0.239,0,73,0,6.6,0,47.35,15.85,7.76,0,-67.3,5.51,15.241,0,4.95,0,1.184,1.28,0,5.12
1/16/2026,1:15, ,gtmpcwq_24G103008_010726_050000.bin,Pellicer Creek,GTMNERR,0,27.468,0,16.92,0,-0.248,0,83.7,0,7.58,0,49.8,16.67,7.83,0,-71.4,5.5,15.194,0,6.77,0,1.198,2,0,8.02
1/16/2026,1:30, ,gtmpcwq_24G103008_010726_050000.bin,Pellicer Creek,GTMNERR,0,27.295,0,16.81,0,-0.248,0,85.7,0,7.77,0,48.95,16.39,7.85,0,-72.4,5.5,15.144,0,7.12,0,1.192,2.04,0,8.19
1/16/2026,1:45, ,gtmpcwq_24G103008_010726_050000.bin,Pellicer Creek,GTMNERR,0,27.239,0,16.77,0,-0.245,0,85.4,0,7.76,0,48.06,16.09,7.84,0,-72,5.51,15.099,0,7.39,0,1.19,1.99,0,7.99
1/16/2026,2:00, ,gtmpcwq_24G103008_010726_050000.bin,Pellicer Creek,GTMNERR,0,27.025,0,16.62,0,-0.255,0,85.9,0,7.81,0,49.27,16.49,7.84,0,-71.9,5.5,15.096,0,5.87,0,1.186,1.52,0,6.06
1/16/2026,2:15, ,gtmpcwq_24G103008_010726_050000.bin,Pellicer Creek,GTMNERR,0,26.987,0,16.6,0,-0.258,0,82.9,0,7.54,0,48.97,16.39,7.85,0,-72.6,5.51,15.101,0,6.22,0,1.199,1.56,0,6.24
1/16/2026,2:30, ,gtmpcwq_24G103008_010726_050000.bin,Pellicer Creek,GTMNERR,0,27.048,0,16.64,0,-0.261,0,82.1,0,7.46,0,48.76,16.32,7.82,0,-71.1,5.5,15.107,0,7.14,0,1.183,1.68,0,6.73
1/16/2026,2:45, ,gtmpcwq_24G103008_010726_050000.bin,Pellicer Creek,GTMNERR,0,26.957,0,16.58,0,-0.265,0,84.7,0,7.7,0,48.75,16.32,7.83,0,-71.7,5.5,15.114,0,5.93,0,1.188,1.65,0,6.62
1/16/2026,3:00, ,gtmpcwq_24G103008_010726_050000.bin,Pellicer Creek,GTMNERR,0,26.763,0,16.45,0,-0.27,0,84.1,0,7.65,0,49.45,16.55,7.84,0,-72,5.51,15.112,0,6.87,0,1.196,2.09,0,8.38
1/16/2026,3:15, ,gtmpcwq_24G103008_010726_050000.bin,Pellicer Creek,GTMNERR,0,26.882,0,16.53,0,-0.277,0,84.4,0,7.67,0,49.18,16.46,7.84,0,-71.7,5.5,15.117,0,7.31,0,1.197,1.91,0,7.66
1/16/2026,3:30, ,gtmpcwq_24G103008_010726_050000.bin,Pellicer Creek,GTMNERR,0,26.611,0,16.35,0,-0.28,0,82.6,0,7.52,0,49.33,16.51,7.8,0,-69.5,5.5,15.1,0,4.48,0,1.193,1.39,0,5.55
1/16/2026,3:45, ,gtmpcwq_24G103008_010726_050000.bin,Pellicer Creek,GTMNERR,0,26.555,0,16.31,0,-0.282,0,81.2,0,7.39,0,48.73,16.31,7.81,0,-70.5,5.5,15.096,0,5.91,0,1.192,1.62,0,6.47
1/16/2026,4:00, ,gtmpcwq_24G103008_010726_050000.bin,Pellicer Creek,GTMNERR,0,26.814,0,16.48,0,-0.287,0,82.2,0,7.47,0,50.76,16.99,7.8,0,-69.6,5.5,15.117,0,7.19,0,1.191,1.74,0,6.98
1/16/2026,4:15, ,gtmpcwq_24G103008_010726_050000.bin,Pellicer Creek,GTMNERR,0,26.743,0,16.43,0,-0.292,0,84.8,0,7.72,0,50.01,16.74,7.82,0,-71.1,5.51,15.098,0,7.49,0,1.191,2.04,0,8.19
1/16/2026,4:30, ,gtmpcwq_24G103008_010726_050000.bin,Pellicer Creek,GTMNERR,0,26.445,0,16.23,0,-0.292,0,87.1,0,7.93,0,50.85,17.02,7.85,0,-72.5,5.5,15.091,0,8.87,0,1.194,2.31,0,9.25
1/16/2026,4:45, ,gtmpcwq_24G103008_010726_050000.bin,Pellicer Creek,GTMNERR,0,26.153,0,16.04,0,-0.288,0,87.3,0,7.97,0,52.71,17.64,7.84,0,-72.2,5.5,15.059,0,7.48,0,1.195,2.24,0,8.99
1/16/2026,5:00, ,gtmpcwq_24G103008_010726_050000.bin,Pellicer Creek,GTMNERR,0,25.944,0,15.9,0,-0.28,0,87.6,0,8.01,0,53.06,17.76,7.85,0,-72.4,5.49,14.998,0,7.55,0,1.201,2.29,0,9.19
1/16/2026,5:15, ,gtmpcwq_24G103008_010726_050000.bin,Pellicer Creek,GTMNERR,0,25.23,0,15.42,0,-0.272,0,87.7,0,8.04,0,54.3,18.18,7.84,0,-72,5.5,15.01,0,8.21,0,1.201,2.73,0,10.96
1/16/2026,5:30, ,gtmpcwq_24G103008_010726_050000.bin,Pellicer Creek,GTMNERR,0,23.575,0,14.32,0,-0.26,0,87.6,0,8.11,0,56.64,18.96,7.82,0,-70.6,5.5,14.901,0,7.39,0,1.187,2.29,0,9.2
1/16/2026,5:45, ,gtmpcwq_24G103008_010726_050000.bin,Pellicer Creek,GTMNERR,0,22.591,0,13.67,0,-0.242,0,85.4,0,8.03,0,58.33,19.52,7.8,0,-69.8,5.49,14.325,0,7.27,0,1.183,3.08,0,12.37
1/16/2026,6:00, ,gtmpcwq_24G103008_010726_050000.bin,Pellicer Creek,GTMNERR,0,22.321,0,13.49,0,-0.221,0,85.5,0,8.13,0,58.87,19.71,7.81,0,-69.9,5.5,13.902,0,7.36,0,1.199,2.97,0,11.92
1/16/2026,6:15, ,gtmpcwq_24G103008_010726_050000.bin,Pellicer Creek,GTMNERR,0,21.255,0,12.78,0,-0.201,0,84.4,0,8.17,0,60.17,20.14,7.81,0,-70.3,5.49,13.217,0,7.19,0,1.202,2.3,0,9.22
1/16/2026,6:30, ,gtmpcwq_24G103008_010726_050000.bin,Pellicer Creek,GTMNERR,0,22.606,0,13.67,0,-0.176,0,84,0,8.16,0,58.7,19.65,7.83,0,-71,5.49,12.81,0,7.31,0,1.201,2.31,0,9.26
1/16/2026,6:45, ,gtmpcwq_24G103008_010726_050000.bin,Pellicer Creek,GTMNERR,0,21.044,0,12.63,0,-0.146,0,84.4,0,8.47,0,61.68,20.65,7.85,0,-72,5.49,11.652,0,7.56,0,1.191,2.42,0,9.72
1/16/2026,7:00, ,gtmpcwq_24G103008_010726_050000.bin,Pellicer Creek,GTMNERR,0,23.241,0,14.08,0,-0.116,0,84.2,0,8.23,0,58.57,19.6,7.84,0,-71.5,5.48,12.388,0,7.09,0,1.189,2.58,0,10.36
1/16/2026,7:15, ,gtmpcwq_24G103008_010726_050000.bin,Pellicer Creek,GTMNERR,0,22.222,0,13.39,0,-0.081,0,84.2,0,8.48,0,60.68,20.31,7.86,0,-72.5,5.49,11.241,0,6.13,0,1.185,2.36,0,9.47
1/16/2026,7:30, ,gtmpcwq_24G103008_010726_050000.bin,Pellicer Creek,GTMNERR,0,24.85,0,15.14,0,-0.042,0,83.7,0,8.23,0,57.23,19.16,7.86,0,-72.6,5.48,11.842,0,6.9,0,1.196,2.03,0,8.12
1/16/2026,7:45, ,gtmpcwq_24G103008_010726_050000.bin,Pellicer Creek,GTMNERR,0,27.528,0,16.93,0,-0.001,0,83.6,0,8.06,0,53.37,17.87,7.87,0,-73.4,5.48,12.221,0,8.3,0,1.192,1.85,0,7.4
1/16/2026,8:00, ,gtmpcwq_24G103008_010726_050000.bin,Pellicer Creek,GTMNERR,0,29.386,0,18.18,0,0.041,0,82.7,0,7.92,0,50.69,16.97,7.89,0,-74.2,5.49,12.164,0,10.01,0,1.184,1.79,0,7.19
1/16/2026,8:15, ,gtmpcwq_24G103008_010726_050000.bin,Pellicer Creek,GTMNERR,0,31.374,0,19.52,0,0.084,0,80.9,0,7.74,0,48.41,16.21,7.91,0,-75.2,5.48,11.826,0,9.45,0,1.194,1.74,0,6.95
1/16/2026,8:30, ,gtmpcwq_24G103008_010726_050000.bin,Pellicer Creek,GTMNERR,0,32.414,0,20.22,0,0.127,0,79.7,0,7.69,0,47.09,15.76,7.92,0,-76.2,5.48,11.279,0,10.34,0,1.193,1.7,0,6.8
1/16/2026,8:45, ,gtmpcwq_24G103008_010726_050000.bin,Pellicer Creek,GTMNERR,0,33.586,0,21.01,0,0.168,0,79.2,0,7.69,0,44.99,15.06,7.95,0,-77.3,5.47,10.76,0,12.14,0,1.189,1.63,0,6.53
1/16/2026,9:00, ,gtmpcwq_24G103008_010726_050000.bin,Pellicer Creek,GTMNERR,0,34.619,0,21.7,0,0.205,0,79.8,0,7.8,0,44.11,14.76,7.97,0,-78.5,5.47,10.273,0,9.9,0,1.196,1.37,0,5.46
1/16/2026,9:15, ,gtmpcwq_24G103008_010726_050000.bin,Pellicer Creek,GTMNERR,0,35.613,0,22.37,0,0.238,0,80.2,0,7.88,0,42.67,14.28,7.99,0,-79.5,5.48,9.817,0,8.75,0,1.184,1.38,0,5.5
1/16/2026,9:30, ,gtmpcwq_24G103008_010726_050000.bin,Pellicer Creek,GTMNERR,0,36.989,0,23.31,0,0.262,0,80.3,0,7.88,0,40.53,13.57,8,0,-80.1,5.48,9.612,0,8.67,0,1.186,1.26,0,5.04
1/16/2026,9:45, ,gtmpcwq_24G103008_010726_050000.bin,Pellicer Creek,GTMNERR,0,37.587,0,23.72,0,0.28,0,80.4,0,7.87,0,39.62,13.26,8,0,-80.3,5.47,9.58,0,7.98,0,1.195,1.35,0,5.41
1/16/2026,10:00, ,gtmpcwq_24G103008_010726_050000.bin,Pellicer Creek,GTMNERR,0,37.758,0,23.84,0,0.288,0,80.5,0,7.88,0,39.23,13.13,8,0,-80.4,5.47,9.578,0,7.07,0,1.197,1.11,0,4.44
1/16/2026,10:15, ,gtmpcwq_24G103008_010726_050000.bin,Pellicer Creek,GTMNERR,0,37.967,0,23.98,0,0.283,0,80.6,0,7.89,0,38.84,13,8.01,0,-80.6,5.48,9.547,0,7.42,0,1.198,0.95,0,3.77
1/16/2026,10:30, ,gtmpcwq_24G103008_010726_050000.bin,Pellicer Creek,GTMNERR,0,38.033,0,24.03,0,0.265,0,79.5,0,7.77,0,37.49,12.55,8,0,-80,5.46,9.555,0,6.02,0,1.201,0.91,0,3.63
1/16/2026,10:45, ,gtmpcwq_24G103008_010726_050000.bin,Pellicer Creek,GTMNERR,0,37.507,0,23.67,0,0.247,0,80.5,0,7.87,0,39.38,13.18,8,0,-80.3,5.47,9.662,0,7.17,0,1.193,1.03,0,4.09
1/16/2026,11:00, ,gtmpcwq_24G103008_010726_050000.bin,Pellicer Creek,GTMNERR,0,37.217,0,23.47,0,0.228,0,80.9,0,7.9,0,40.22,13.46,8,0,-80.1,5.48,9.766,0,7.96,0,1.19,1.29,0,5.16
1/16/2026,11:15, ,gtmpcwq_24G103008_010726_050000.bin,Pellicer Creek,GTMNERR,0,37.038,0,23.35,0,0.21,0,80.8,0,7.89,0,40.52,13.57,8,0,-80,5.46,9.798,0,7.25,0,1.192,1.31,0,5.23
1/16/2026,11:30, ,gtmpcwq_24G103008_010726_050000.bin,Pellicer Creek,GTMNERR,0,36.332,0,22.87,0,0.185,0,81.2,0,7.92,0,41.75,13.97,7.99,0,-79.6,5.47,9.978,0,7.2,0,1.203,1.38,0,5.51
1/16/2026,11:45, ,gtmpcwq_24G103008_010726_050000.bin,Pellicer Creek,GTMNERR,0,34.425,0,21.57,0,0.165,0,82.1,0,7.99,0,43.92,14.7,7.97,0,-78.8,5.48,10.476,0,6.99,0,1.2,1.51,0,6.05
1/16/2026,12:00, ,gtmpcwq_24G103008_010726_050000.bin,Pellicer Creek,GTMNERR,0,35.332,0,22.19,0,0.143,0,81.4,0,7.93,0,42.99,14.39,7.98,0,-79,5.47,10.248,0,6.5,0,1.194,1.41,0,5.64
1/16/2026,12:15, ,gtmpcwq_24G103008_010726_050000.bin,Pellicer Creek,GTMNERR,0,36.077,0,22.7,0,0.119,0,81.2,0,7.91,0,42.2,14.12,7.98,0,-79.1,5.47,10.115,0,6.92,0,1.191,1.34,0,5.36
1/16/2026,12:30, ,gtmpcwq_24G103008_010726_050000.bin,Pellicer Creek,GTMNERR,0,34.92,0,21.91,0,0.1,0,81.9,0,7.96,0,44.47,14.89,7.97,0,-78.8,5.48,10.455,0,7,0,1.192,1.46,0,5.84
1/16/2026,12:45, ,gtmpcwq_24G103008_010726_050000.bin,Pellicer Creek,GTMNERR,0,35.727,0,22.46,0,0.077,0,81.4,0,7.92,0,42.69,14.29,7.98,0,-79.1,5.47,10.24,0,6.73,0,1.191,1.43,0,5.72
1/16/2026,13:00, ,gtmpcwq_24G103008_010726_050000.bin,Pellicer Creek,GTMNERR,0,34.972,0,21.95,0,0.055,0,82,0,7.95,0,43.88,14.69,7.97,0,-78.8,5.48,10.533,0,6.82,0,1.185,1.66,0,6.65
1/16/2026,13:15, ,gtmpcwq_24G103008_010726_050000.bin,Pellicer Creek,GTMNERR,0,35.222,0,22.12,0,0.034,0,81.9,0,7.93,0,43.59,14.59,7.97,0,-78.7,5.47,10.537,0,6.36,0,1.192,1.68,0,6.72
1/16/2026,13:30, ,gtmpcwq_24G103008_010726_050000.bin,Pellicer Creek,GTMNERR,0,35.481,0,22.3,0,0.013,0,81.7,0,7.92,0,42.12,14.1,7.98,0,-79,5.48,10.456,0,6.16,0,1.199,1.47,0,5.87
1/16/2026,13:45, ,gtmpcwq_24G103008_010726_050000.bin,Pellicer Creek,GTMNERR,0,35.506,0,22.32,0,-0.004,0,81.4,0,7.88,0,41.54,13.9,7.97,0,-78.9,5.48,10.469,0,6.48,0,1.194,1.42,0,5.68
1/16/2026,14:00, ,gtmpcwq_24G103008_010726_050000.bin,Pellicer Creek,GTMNERR,0,35.835,0,22.54,0,-0.022,0,81.4,0,7.88,0,41.83,14,7.98,0,-79,5.47,10.403,0,7.53,0,1.193,1.43,0,5.72
1/16/2026,14:15, ,gtmpcwq_24G103008_010726_050000.bin,Pellicer Creek,GTMNERR,0,35.02,0,21.99,0,-0.038,0,82,0,7.93,0,41.82,14,7.97,0,-78.8,5.48,10.659,0,7.89,0,1.187,1.65,0,6.59
1/16/2026,14:30, ,gtmpcwq_24G103008_010726_050000.bin,Pellicer Creek,GTMNERR,0,33.648,0,21.06,0,-0.054,0,83.1,0,7.99,0,45.13,15.11,7.96,0,-78.2,5.47,11.161,0,6.13,0,1.189,1.58,0,6.31
1/16/2026,14:45, ,gtmpcwq_24G103008_010726_050000.bin,Pellicer Creek,GTMNERR,0,33.363,0,20.87,0,-0.068,0,83.7,0,8.03,0,45.21,15.13,7.96,0,-78.1,5.48,11.326,0,6.37,0,1.191,1.61,0,6.43
1/16/2026,15:00, ,gtmpcwq_24G103008_010726_050000.bin,Pellicer Creek,GTMNERR,0,32.669,0,20.4,0,-0.08,0,84.3,0,8.06,0,46.05,15.41,7.95,0,-77.6,5.48,11.626,0,6.41,0,1.187,1.91,0,7.66
1/16/2026,15:15, ,gtmpcwq_24G103008_010726_050000.bin,Pellicer Creek,GTMNERR,0,32.253,0,20.12,0,-0.092,0,84.4,0,8.05,0,45.86,15.35,7.94,0,-77.2,5.48,11.797,0,6.04,0,1.186,1.79,0,7.15
1/16/2026,15:30, ,gtmpcwq_24G103008_010726_050000.bin,Pellicer Creek,GTMNERR,0,31.8,0,19.82,0,-0.103,0,84.8,0,8.06,0,46.03,15.41,7.93,0,-76.8,5.49,12.039,0,6.25,0,1.19,1.7,0,6.8
1/16/2026,15:45, ,gtmpcwq_24G103008_010726_050000.bin,Pellicer Creek,GTMNERR,0,31.148,0,19.38,0,-0.116,0,85,0,8.05,0,47.2,15.8,7.92,0,-76.2,5.47,12.328,0,6.74,0,1.202,1.94,0,7.76
1/16/2026,16:00, ,gtmpcwq_24G103008_010726_050000.bin,Pellicer Creek,GTMNERR,0,30.4,0,18.88,0,-0.124,0,84.8,0,8.01,0,47.54,15.91,7.91,0,-75.4,5.48,12.609,0,6.03,0,1.189,1.63,0,6.54
1/16/2026,16:15, ,gtmpcwq_24G103008_010726_050000.bin,Pellicer Creek,GTMNERR,0,30.51,0,18.95,0,-0.136,0,84.2,0,7.95,0,47.11,15.77,7.9,0,-75.1,5.49,12.65,0,6.06,0,1.19,1.43,0,5.71
1/16/2026,16:30, ,gtmpcwq_24G103008_010726_050000.bin,Pellicer Creek,GTMNERR,0,30.472,0,18.93,0,-0.145,0,82.8,0,7.8,0,45.82,15.34,7.9,0,-75.1,5.48,12.694,0,6.68,0,1.192,1.58,0,6.33
1/16/2026,16:45, ,gtmpcwq_24G103008_010726_050000.bin,Pellicer Creek,GTMNERR,0,30.409,0,18.88,0,-0.156,0,83.9,0,7.91,0,47,15.73,7.91,0,-75.4,5.49,12.653,0,5.59,0,1.191,1.47,0,5.86
1/16/2026,17:00, ,gtmpcwq_24G103008_010726_050000.bin,Pellicer Creek,GTMNERR,0,30.269,0,18.79,0,-0.162,0,85.1,0,8.03,0,48.21,16.14,7.91,0,-75.6,5.48,12.677,0,7.84,0,1.201,1.65,0,6.61
1/16/2026,17:15, ,gtmpcwq_24G103008_010726_050000.bin,Pellicer Creek,GTMNERR,0,29.72,0,18.42,0,-0.169,0,86.1,0,8.1,0,48.95,16.39,7.9,0,-75.3,5.48,12.888,0,4.92,0,1.198,1.9,0,7.6
1/16/2026,17:30, ,gtmpcwq_24G103008_010726_050000.bin,Pellicer Creek,GTMNERR,0,28.969,0,17.92,0,-0.18,0,86.2,0,8.09,0,49.89,16.7,7.89,0,-74.6,5.49,13.204,0,5.45,0,1.196,2.15,0,8.6
1/16/2026,17:45, ,gtmpcwq_24G103008_010726_050000.bin,Pellicer Creek,GTMNERR,0,28.724,0,17.75,0,-0.186,0,86.1,0,8.06,0,49.36,16.52,7.88,0,-74.1,5.48,13.327,0,5.83,0,1.194,2.01,0,8.04
1/16/2026,18:00, ,gtmpcwq_24G103008_010726_050000.bin,Pellicer Creek,GTMNERR,0,28.035,0,17.29,0,-0.185,0,86.8,0,8.11,0,52.02,17.41,7.86,0,-73.2,5.49,13.585,0,6.34,0,1.193,2.37,0,9.51
1/16/2026,18:15, ,gtmpcwq_24G103008_010726_050000.bin,Pellicer Creek,GTMNERR,0,26.858,0,16.5,0,-0.174,0,89.6,0,8.34,0,53.22,17.81,7.86,0,-72.8,5.48,13.994,0,7.18,0,1.187,2.37,0,9.5
1/16/2026,18:30, ,gtmpcwq_24G103008_010726_050000.bin,Pellicer Creek,GTMNERR,0,26.376,0,16.18,0,-0.165,0,89.3,0,8.29,0,53.73,17.98,7.84,0,-71.9,5.48,14.21,0,7.07,0,1.187,2.82,0,11.31
1/16/2026,18:45, ,gtmpcwq_24G103008_010726_050000.bin,Pellicer Creek,GTMNERR,0,25.117,0,15.34,0,-0.153,0,93.4,0,8.67,0,54.12,18.12,7.85,0,-72.6,5.49,14.469,0,6.92,0,1.19,2.84,0,11.42
1/16/2026,19:00, ,gtmpcwq_24G103008_010726_050000.bin,Pellicer Creek,GTMNERR,0,24.152,0,14.7,0,-0.14,0,94.5,0,8.75,0,55.06,18.43,7.84,0,-72.2,5.48,14.766,0,7.05,0,1.185,2.98,0,11.98
1/16/2026,19:15, ,gtmpcwq_24G103008_010726_050000.bin,Pellicer Creek,GTMNERR,0,24.251,0,14.77,0,-0.124,0,95.6,0,8.89,0,54.92,18.38,7.86,0,-73.1,5.49,14.535,0,6.38,0,1.19,3.24,0,13.03
1/16/2026,19:30, ,gtmpcwq_24G103008_010726_050000.bin,Pellicer Creek,GTMNERR,0,24.729,0,15.08,0,-0.105,0,95.6,0,8.9,0,53.75,17.99,7.88,0,-74.3,5.48,14.405,0,7.01,0,1.189,2.89,0,11.59
1/16/2026,19:45, ,gtmpcwq_24G103008_010726_050000.bin,Pellicer Creek,GTMNERR,0,25.258,0,15.43,0,-0.086,0,95.8,0,8.97,0,52.17,17.46,7.9,0,-75.2,5.48,14.034,0,7.51,0,1.197,2.36,0,9.46
1/16/2026,20:00, ,gtmpcwq_24G103008_010726_050000.bin,Pellicer Creek,GTMNERR,0,25.723,0,15.74,0,-0.067,0,96.1,0,9.03,0,52.01,17.41,7.92,0,-76.3,5.49,13.769,0,6.75,0,1.199,2.44,0,9.8
1/16/2026,20:15, ,gtmpcwq_24G103008_010726_050000.bin,Pellicer Creek,GTMNERR,0,26.146,0,16.02,0,-0.045,0,96,0,8.99,0,51.77,17.33,7.92,0,-76.2,5.48,13.834,0,6.55,0,1.193,2.61,0,10.45
1/16/2026,20:30, ,gtmpcwq_24G103008_010726_050000.bin,Pellicer Creek,GTMNERR,0,27.64,0,17.02,0,-0.024,0,95.1,0,8.94,0,50.57,16.93,7.92,0,-76.5,5.49,13.369,0,6.46,0,1.192,2.25,0,9.04
1/16/2026,20:45, ,gtmpcwq_24G103008_010726_050000.bin,Pellicer Creek,GTMNERR,0,26.337,0,16.15,0,0,0,95.5,0,9.03,0,51.8,17.34,7.93,0,-77,5.47,13.338,0,6.25,0,1.196,2.4,0,9.61
1/16/2026,21:00, ,gtmpcwq_24G103008_010726_050000.bin,Pellicer Creek,GTMNERR,0,26.589,0,16.32,0,0.016,0,95.3,0,9.02,0,51.68,17.3,7.93,0,-77.1,5.47,13.308,0,6.16,0,1.196,2.39,0,9.59
1/16/2026,21:15, ,gtmpcwq_24G103008_010726_050000.bin,Pellicer Creek,GTMNERR,0,27.181,0,16.71,0,0.031,0,94.6,0,8.98,0,51.25,17.16,7.94,0,-77.4,5.48,13.009,0,5.63,0,1.198,2.25,0,9.02
1/16/2026,21:30, ,gtmpcwq_24G103008_010726_050000.bin,Pellicer Creek,GTMNERR,0,31.172,0,19.4,0,0.043,0,93.1,0,8.75,0,46.77,15.66,7.95,0,-78,5.47,12.688,0,5.58,0,1.194,2.23,0,8.94
1/16/2026,21:45, ,gtmpcwq_24G103008_010726_050000.bin,Pellicer Creek,GTMNERR,0,31.575,0,19.68,0,0.05,0,92.6,0,8.71,0,46.79,15.66,7.96,0,-78.6,5.48,12.534,0,5.48,0,1.187,2.27,0,9.1
1/16/2026,22:00, ,gtmpcwq_24G103008_010726_050000.bin,Pellicer Creek,GTMNERR,0,31.316,0,19.5,0,0.052,0,93.5,0,8.81,0,46.7,15.63,7.97,0,-79.1,5.47,12.502,0,5.13,0,1.191,2.01,0,8.05
1/16/2026,22:15, ,gtmpcwq_24G103008_010726_050000.bin,Pellicer Creek,GTMNERR,0,33.13,0,20.74,0,0.042,0,91.1,0,8.57,0,43.2,14.46,7.97,0,-78.9,5.47,12.252,0,4.35,0,1.192,1.79,0,7.16
1/16/2026,22:30, ,gtmpcwq_24G103008_010726_050000.bin,Pellicer Creek,GTMNERR,0,34.598,0,21.74,0,0.028,0,87.7,0,8.26,0,42.03,14.07,7.96,0,-78.2,5.48,11.92,0,4.94,0,1.194,1.78,0,7.13
1/16/2026,22:45, ,gtmpcwq_24G103008_010726_050000.bin,Pellicer Creek,GTMNERR,0,35.202,0,22.15,0,0.014,0,85.8,0,8.11,0,42.78,14.32,7.96,0,-78.2,5.46,11.654,0,5.29,0,1.186,3.44,0,13.81
1/16/2026,23:00, ,gtmpcwq_24G103008_010726_050000.bin,Pellicer Creek,GTMNERR,0,34.674,0,21.79,0,0.001,0,86.7,0,8.18,0,43.56,14.58,7.96,0,-78.2,5.47,11.782,0,6.06,0,1.188,1.82,0,7.29
1/16/2026,23:15, ,gtmpcwq_24G103008_010726_050000.bin,Pellicer Creek,GTMNERR,0,35.023,0,22.03,0,-0.017,0,85.7,0,8.09,0,42.91,14.37,7.94,0,-77.4,5.46,11.741,0,4.89,0,1.193,1.73,0,6.93
1/16/2026,23:30, ,gtmpcwq_24G103008_010726_050000.bin,Pellicer Creek,GTMNERR,0,35.196,0,22.14,0,-0.034,0,84.3,0,7.98,0,42.28,14.15,7.96,0,-78.1,5.47,11.573,0,4.81,0,1.186,3.85,0,15.45
1/16/2026,23:45, ,gtmpcwq_24G103008_010726_050000.bin,Pellicer Creek,GTMNERR,0,34.267,0,21.51,0,-0.049,0,86,0,8.12,0,42.03,14.07,7.96,0,-78.4,5.47,11.837,0,5.41,0,1.186,1.96,0,7.83
1/17/2026,0:00, ,gtmpcwq_24G103008_010726_050000.bin,Pellicer Creek,GTMNERR,0,32.215,0,20.11,0,-0.061,0,89.1,0,8.41,0,44.39,14.86,7.96,0,-78.2,5.46,12.283,0,4.93,0,1.196,1.84,0,7.37
1/17/2026,0:15, ,gtmpcwq_24G103008_010726_050000.bin,Pellicer Creek,GTMNERR,0,31.66,0,19.73,0,-0.073,0,89.2,0,8.41,0,45.08,15.09,7.95,0,-77.7,5.46,12.443,0,4.74,0,1.187,1.95,0,7.83
1/17/2026,0:30, ,gtmpcwq_24G103008_010726_050000.bin,Pellicer Creek,GTMNERR,0,31.793,0,19.82,0,-0.088,0,87.5,0,8.24,0,43.84,14.67,7.94,0,-77.4,5.47,12.457,0,3.1,0,1.19,1.59,0,6.36
1/17/2026,0:45, ,gtmpcwq_24G103008_010726_050000.bin,Pellicer Creek,GTMNERR,0,32.052,0,20,0,-0.103,0,86.9,0,8.18,0,43.36,14.51,7.94,0,-77.2,5.47,12.428,0,4.7,0,1.197,1.73,0,6.92
1/17/2026,1:00, ,gtmpcwq_24G103008_010726_050000.bin,Pellicer Creek,GTMNERR,0,32.4,0,20.24,0,-0.116,0,84.4,0,7.94,0,43.12,14.43,7.91,0,-75.4,5.47,12.391,0,4.17,0,1.202,1.7,0,6.79
1/17/2026,1:15, ,gtmpcwq_24G103008_010726_050000.bin,Pellicer Creek,GTMNERR,0,32.425,0,20.26,0,-0.129,0,84.7,0,7.97,0,42.85,14.34,7.91,0,-75.8,5.46,12.426,0,4.66,0,1.195,1.82,0,7.27
1/17/2026,1:30, ,gtmpcwq_24G103008_010726_050000.bin,Pellicer Creek,GTMNERR,0,32.198,0,20.1,0,-0.138,0,84.1,0,7.91,0,43.61,14.6,7.9,0,-75.1,5.48,12.454,0,3.08,0,1.186,1.72,0,6.9
1/17/2026,1:45, ,gtmpcwq_24G103008_010726_050000.bin,Pellicer Creek,GTMNERR,0,31.265,0,19.47,0,-0.151,0,86.1,0,8.1,0,44.41,14.86,7.92,0,-76,5.46,12.645,0,4.16,0,1.191,1.78,0,7.12
1/17/2026,2:00, ,gtmpcwq_24G103008_010726_050000.bin,Pellicer Creek,GTMNERR,0,30.322,0,18.83,0,-0.16,0,84.4,0,7.93,0,45.1,15.1,7.89,0,-74.2,5.47,12.839,0,3.97,0,1.199,1.58,0,6.33
1/17/2026,2:15, ,gtmpcwq_24G103008_010726_050000.bin,Pellicer Creek,GTMNERR,0,29.553,0,18.31,0,-0.168,0,83.2,0,7.82,0,45.71,15.3,7.88,0,-73.9,5.48,12.976,0,4.57,0,1.185,1.64,0,6.55
1/17/2026,2:30, ,gtmpcwq_24G103008_010726_050000.bin,Pellicer Creek,GTMNERR,0,28.847,0,17.83,0,-0.174,0,81.1,0,7.64,0,47.69,15.96,7.84,0,-71.7,5.46,13.081,0,3.4,0,1.194,1.24,0,4.97
1/17/2026,2:45, ,gtmpcwq_24G103008_010726_050000.bin,Pellicer Creek,GTMNERR,0,28.82,0,17.81,0,-0.183,0,82.9,0,7.8,0,47,15.73,7.86,0,-73,5.47,13.109,0,4.41,0,1.188,1.53,0,6.13
1/17/2026,3:00, ,gtmpcwq_24G103008_010726_050000.bin,Pellicer Creek,GTMNERR,0,28.429,0,17.55,0,-0.193,0,81.9,0,7.72,0,48.01,16.07,7.83,0,-71.1,5.48,13.126,0,4.8,0,1.183,1.5,0,5.98
1/17/2026,3:15, ,gtmpcwq_24G103008_010726_050000.bin,Pellicer Creek,GTMNERR,0,27.851,0,17.16,0,-0.197,0,81.7,0,7.71,0,49.17,16.46,7.82,0,-70.8,5.47,13.161,0,4.53,0,1.198,1.79,0,7.18
1/17/2026,3:30, ,gtmpcwq_24G103008_010726_050000.bin,Pellicer Creek,GTMNERR,0,27.377,0,16.84,0,-0.205,0,83.2,0,7.87,0,50.18,16.8,7.82,0,-70.5,5.47,13.151,0,5.84,0,1.201,1.63,0,6.52
1/17/2026,3:45, ,gtmpcwq_24G103008_010726_050000.bin,Pellicer Creek,GTMNERR,0,27.593,0,16.99,0,-0.213,0,78.8,0,7.44,0,49.04,16.41,7.77,0,-67.6,5.46,13.143,0,2.42,0,1.193,1.35,0,5.4
1/17/2026,4:00, ,gtmpcwq_24G103008_010726_050000.bin,Pellicer Creek,GTMNERR,0,27.269,0,16.77,0,-0.219,0,78.4,0,7.41,0,49.26,16.49,7.77,0,-67.6,5.47,13.206,0,4.1,0,1.198,1.41,0,5.62
1/17/2026,4:15, ,gtmpcwq_24G103008_010726_050000.bin,Pellicer Creek,GTMNERR,0,27.043,0,16.62,0,-0.225,0,78.1,0,7.38,0,48.15,16.12,7.8,0,-69.2,5.47,13.256,0,4.22,0,1.184,1.37,0,5.46
1/17/2026,4:30, ,gtmpcwq_24G103008_010726_050000.bin,Pellicer Creek,GTMNERR,0,26.839,0,16.48,0,-0.231,0,79,0,7.46,0,48.84,16.35,7.78,0,-68.5,5.46,13.304,0,4.59,0,1.192,1.42,0,5.69
1/17/2026,4:45, ,gtmpcwq_24G103008_010726_050000.bin,Pellicer Creek,GTMNERR,0,26.767,0,16.43,0,-0.237,0,79.3,0,7.49,0,48.55,16.25,7.8,0,-69.2,5.47,13.334,0,4.3,0,1.201,1.46,0,5.83
1/17/2026,5:00, ,gtmpcwq_24G103008_010726_050000.bin,Pellicer Creek,GTMNERR,0,26.469,0,16.24,0,-0.244,0,78.4,0,7.41,0,49.38,16.53,7.77,0,-67.6,5.46,13.378,0,4.18,0,1.194,1.47,0,5.88
1/17/2026,5:15, ,gtmpcwq_24G103008_010726_050000.bin,Pellicer Creek,GTMNERR,0,26.908,0,16.53,0,-0.249,0,73,0,6.89,0,45.94,15.38,7.75,0,-66.6,5.46,13.349,0,4.15,0,1.191,1.44,0,5.77
1/17/2026,5:30, ,gtmpcwq_24G103008_010726_050000.bin,Pellicer Creek,GTMNERR,0,26.795,0,16.45,0,-0.248,0,71.4,0,6.73,0,47.45,15.88,7.72,0,-64.5,5.47,13.371,0,2.9,0,1.201,1.03,0,4.1
1/17/2026,5:45, ,gtmpcwq_24G103008_010726_050000.bin,Pellicer Creek,GTMNERR,0,27.194,0,16.72,0,-0.248,0,71.3,0,6.72,0,48.85,16.35,7.72,0,-65.1,5.46,13.337,0,3.79,0,1.191,1.12,0,4.45
1/17/2026,6:00, ,gtmpcwq_24G103008_010726_050000.bin,Pellicer Creek,GTMNERR,0,26.562,0,16.3,0,-0.243,0,81.5,0,7.69,0,52.41,17.54,7.76,0,-67.4,5.47,13.439,0,5.18,0,1.186,1.58,0,6.34
1/17/2026,6:15, ,gtmpcwq_24G103008_010726_050000.bin,Pellicer Creek,GTMNERR,0,26.616,0,16.34,0,-0.236,0,82.1,0,7.74,0,52.72,17.65,7.79,0,-68.9,5.46,13.466,0,5.52,0,1.186,1.88,0,7.52
1/17/2026,6:30, ,gtmpcwq_24G103008_010726_050000.bin,Pellicer Creek,GTMNERR,0,25.836,0,15.82,0,-0.227,0,83.1,0,7.83,0,54.16,18.13,7.79,0,-68.7,5.46,13.621,0,5.26,0,1.198,2.62,0,10.51
1/17/2026,6:45, ,gtmpcwq_24G103008_010726_050000.bin,Pellicer Creek,GTMNERR,0,25.541,0,15.62,0,-0.212,0,83.3,0,7.88,0,54.31,18.18,7.79,0,-68.6,5.47,13.446,0,5.49,0,1.202,2.37,0,9.52
1/17/2026,7:00, ,gtmpcwq_24G103008_010726_050000.bin,Pellicer Creek,GTMNERR,0,24.753,0,15.09,0,-0.193,0,84.2,0,8.05,0,55.27,18.5,7.8,0,-69.5,5.45,13.133,0,5.47,0,1.192,2.05,0,8.22
1/17/2026,7:15, ,gtmpcwq_24G103008_010726_050000.bin,Pellicer Creek,GTMNERR,0,24.017,0,14.6,0,-0.174,0,83.8,0,8.12,0,55.85,18.69,7.82,0,-70.4,5.46,12.696,0,5.79,0,1.191,2.21,0,8.86
1/17/2026,7:30, ,gtmpcwq_24G103008_010726_050000.bin,Pellicer Creek,GTMNERR,0,25.85,0,15.81,0,-0.152,0,85.1,0,8.24,0,54.14,18.12,7.84,0,-71.5,5.45,12.322,0,5.45,0,1.198,1.86,0,7.45
1/17/2026,7:45, ,gtmpcwq_24G103008_010726_050000.bin,Pellicer Creek,GTMNERR,0,23.824,0,14.46,0,-0.128,0,85.4,0,8.44,0,56.3,18.85,7.85,0,-72.3,5.45,11.811,0,5.03,0,1.191,1.8,0,7.21
1/17/2026,8:00, ,gtmpcwq_24G103008_010726_050000.bin,Pellicer Creek,GTMNERR,0,24.65,0,15.01,0,-0.101,0,86.2,0,8.46,0,55.6,18.61,7.86,0,-72.5,5.46,11.937,0,5.02,0,1.186,2.03,0,8.15
1/17/2026,8:15, ,gtmpcwq_24G103008_010726_050000.bin,Pellicer Creek,GTMNERR,0,23.542,0,14.26,0,-0.072,0,86.4,0,8.64,0,57.06,19.1,7.87,0,-73.1,5.45,11.308,0,5.05,0,1.184,1.82,0,7.3
1/17/2026,8:30, ,gtmpcwq_24G103008_010726_050000.bin,Pellicer Creek,GTMNERR,0,25.064,0,15.27,0,-0.042,0,86.6,0,8.57,0,55.05,18.43,7.88,0,-73.6,5.46,11.515,0,5.62,0,1.201,1.65,0,6.61
1/17/2026,8:45, ,gtmpcwq_24G103008_010726_050000.bin,Pellicer Creek,GTMNERR,0,26.966,0,16.54,0,-0.011,0,86.8,0,8.53,0,53.09,17.77,7.89,0,-74.4,5.45,11.466,0,5.04,0,1.195,1.66,0,6.66
1/17/2026,9:00, ,gtmpcwq_24G103008_010726_050000.bin,Pellicer Creek,GTMNERR,0,26.189,0,16.01,0,0.026,0,87.7,0,8.76,0,54.12,18.12,7.91,0,-75.1,5.45,10.917,0,4.76,0,1.191,1.52,0,6.09
1/17/2026,9:15, ,gtmpcwq_24G103008_010726_050000.bin,Pellicer Creek,GTMNERR,0,28.269,0,17.4,0,0.062,0,87.7,0,8.69,0,51.9,17.37,7.92,0,-75.6,5.45,10.859,0,4.76,0,1.199,1.41,0,5.62
1/17/2026,9:30, ,gtmpcwq_24G103008_010726_050000.bin,Pellicer Creek,GTMNERR,0,29.801,0,18.43,0,0.095,0,87.6,0,8.63,0,49.56,16.59,7.93,0,-76.3,5.44,10.809,0,4.92,0,1.192,1.43,0,5.71
1/17/2026,9:45, ,gtmpcwq_24G103008_010726_050000.bin,Pellicer Creek,GTMNERR,0,32.873,0,20.52,0,0.123,0,87.3,0,8.48,0,45.81,15.33,7.94,0,-77,5.45,10.841,0,4.82,0,1.19,1.31,0,5.25
1/17/2026,10:00, ,gtmpcwq_24G103008_010726_050000.bin,Pellicer Creek,GTMNERR,0,34.775,0,21.82,0,0.148,0,86.3,0,8.34,0,43.26,14.48,7.96,0,-77.9,5.43,10.723,0,4.96,0,1.195,1.16,0,4.62
1/17/2026,10:15, ,gtmpcwq_24G103008_010726_050000.bin,Pellicer Creek,GTMNERR,0,35.559,0,22.36,0,0.167,0,86.7,0,8.38,0,41.99,14.06,7.97,0,-78.7,5.44,10.56,0,4.78,0,1.183,1.03,0,4.09
1/17/2026,10:30, ,gtmpcwq_24G103008_010726_050000.bin,Pellicer Creek,GTMNERR,0,35.887,0,22.58,0,0.179,0,87.1,0,8.42,0,41.24,13.8,7.97,0,-78.9,5.45,10.502,0,4.01,0,1.197,1.18,0,4.69
1/17/2026,10:45, ,gtmpcwq_24G103008_010726_050000.bin,Pellicer Creek,GTMNERR,0,34.995,0,21.97,0,0.18,0,86.6,0,8.39,0,41.12,13.76,7.97,0,-78.5,5.44,10.573,0,4.44,0,1.196,0.89,0,3.55
1/17/2026,11:00, ,gtmpcwq_24G103008_010726_050000.bin,Pellicer Creek,GTMNERR,0,35.807,0,22.53,0,0.164,0,85.9,0,8.3,0,40.01,13.39,7.97,0,-78.6,5.45,10.485,0,4.32,0,1.198,0.95,0,3.79
1/17/2026,11:15, ,gtmpcwq_24G103008_010726_050000.bin,Pellicer Creek,GTMNERR,0,35.038,0,22,0,0.144,0,86.8,0,8.39,0,42.06,14.08,7.97,0,-78.9,5.43,10.667,0,4.22,0,1.196,0.97,0,3.88
1/17/2026,11:30, ,gtmpcwq_24G103008_010726_050000.bin,Pellicer Creek,GTMNERR,0,34.92,0,21.93,0,0.123,0,87,0,8.39,0,42.43,14.2,7.97,0,-78.6,5.44,10.781,0,4.82,0,1.187,1.16,0,4.64
1/17/2026,11:45, ,gtmpcwq_24G103008_010726_050000.bin,Pellicer Creek,GTMNERR,0,33.552,0,20.99,0,0.103,0,88.4,0,8.54,0,44.11,14.77,7.96,0,-78.3,5.45,10.958,0,4.68,0,1.19,1.31,0,5.25
1/17/2026,12:00, ,gtmpcwq_24G103008_010726_050000.bin,Pellicer Creek,GTMNERR,0,33.215,0,20.76,0,0.081,0,88.4,0,8.52,0,45.21,15.13,7.95,0,-77.7,5.44,11.135,0,4.48,0,1.192,1.56,0,6.24
1/17/2026,12:15, ,gtmpcwq_24G103008_010726_050000.bin,Pellicer Creek,GTMNERR,0,33.032,0,20.64,0,0.064,0,88.6,0,8.54,0,45.56,15.25,7.96,0,-77.9,5.45,11.215,0,4.84,0,1.187,1.49,0,5.94
1/17/2026,12:30, ,gtmpcwq_24G103008_010726_050000.bin,Pellicer Creek,GTMNERR,0,33.867,0,21.21,0,0.04,0,88.3,0,8.47,0,44.76,14.98,7.95,0,-77.9,5.44,11.223,0,4.36,0,1.19,1.58,0,6.31
1/17/2026,12:45, ,gtmpcwq_24G103008_010726_050000.bin,Pellicer Creek,GTMNERR,0,34.271,0,21.49,0,0.02,0,86.6,0,8.31,0,42.42,14.2,7.95,0,-77.8,5.44,11.121,0,5.83,0,1.197,1.18,0,4.69
1/17/2026,13:00, ,gtmpcwq_24G103008_010726_050000.bin,Pellicer Creek,GTMNERR,0,34.036,0,21.33,0,0.005,0,86.6,0,8.31,0,42.59,14.26,7.95,0,-77.7,5.45,11.185,0,4.21,0,1.188,1.22,0,4.85
1/17/2026,13:15, ,gtmpcwq_24G103008_010726_050000.bin,Pellicer Creek,GTMNERR,0,33.867,0,21.21,0,-0.017,0,86.4,0,8.29,0,40.91,13.7,7.95,0,-77.9,5.44,11.198,0,9.14,0,1.189,1.63,0,6.54
1/17/2026,13:30, ,gtmpcwq_24G103008_010726_050000.bin,Pellicer Creek,GTMNERR,0,33.528,0,20.98,0,-0.033,0,88.8,0,8.52,0,44.4,14.86,7.96,0,-77.9,5.45,11.288,0,5.08,0,1.202,1.46,0,5.86
1/17/2026,13:45, ,gtmpcwq_24G103008_010726_050000.bin,Pellicer Creek,GTMNERR,0,33.732,0,21.12,0,-0.05,0,88.6,0,8.49,0,43.98,14.72,7.96,0,-78.1,5.44,11.306,0,4.27,0,1.194,1.31,0,5.22
1/17/2026,14:00, ,gtmpcwq_24G103008_010726_050000.bin,Pellicer Creek,GTMNERR,0,33.368,0,20.88,0,-0.065,0,89.2,0,8.54,0,45.01,15.07,7.95,0,-77.9,5.44,11.453,0,4.01,0,1.186,1.63,0,6.53
1/17/2026,14:15, ,gtmpcwq_24G103008_010726_050000.bin,Pellicer Creek,GTMNERR,0,33.162,0,20.74,0,-0.077,0,88.9,0,8.5,0,44.39,14.86,7.95,0,-77.8,5.45,11.494,0,4.69,0,1.2,1.22,0,4.86
1/17/2026,14:30, ,gtmpcwq_24G103008_010726_050000.bin,Pellicer Creek,GTMNERR,0,33.044,0,20.66,0,-0.094,0,88.4,0,8.45,0,43.69,14.63,7.95,0,-77.7,5.45,11.555,0,4.19,0,1.197,1.21,0,4.84
1/17/2026,14:45, ,gtmpcwq_24G103008_010726_050000.bin,Pellicer Creek,GTMNERR,0,31.768,0,19.79,0,-0.106,0,89.5,0,8.55,0,45.27,15.15,7.95,0,-77.6,5.44,11.821,0,4.43,0,1.193,1.21,0,4.84
1/17/2026,15:00, ,gtmpcwq_24G103008_010726_050000.bin,Pellicer Creek,GTMNERR,0,31.626,0,19.7,0,-0.122,0,90.3,0,8.61,0,45.3,15.16,7.95,0,-77.7,5.46,11.932,0,4.93,0,1.189,1.8,0,7.21
1/17/2026,15:15, ,gtmpcwq_24G103008_010726_050000.bin,Pellicer Creek,GTMNERR,0,31.835,0,19.84,0,-0.136,0,90.1,0,8.58,0,45.59,15.26,7.94,0,-77.4,5.44,11.913,0,3.94,0,1.191,1.47,0,5.88
1/17/2026,15:30, ,gtmpcwq_24G103008_010726_050000.bin,Pellicer Creek,GTMNERR,0,32.047,0,19.98,0,-0.149,0,89.6,0,8.54,0,45.26,15.15,7.94,0,-77.4,5.45,11.873,0,4.31,0,1.188,1.74,0,6.96
1/17/2026,15:45, ,gtmpcwq_24G103008_010726_050000.bin,Pellicer Creek,GTMNERR,0,32.046,0,19.99,0,-0.157,0,89,0,8.48,0,44.83,15.01,7.94,0,-77,5.45,11.911,0,5.67,0,1.191,1.91,0,7.63
1/17/2026,16:00, ,gtmpcwq_24G103008_010726_050000.bin,Pellicer Creek,GTMNERR,0,30.894,0,19.2,0,-0.169,0,90.1,0,8.58,0,45.58,15.26,7.93,0,-76.5,5.44,12.163,0,4.09,0,1.2,1.69,0,6.78
1/17/2026,16:15, ,gtmpcwq_24G103008_010726_050000.bin,Pellicer Creek,GTMNERR,0,30.679,0,19.06,0,-0.178,0,89.9,0,8.55,0,45.87,15.35,7.93,0,-76.4,5.45,12.231,0,3.27,0,1.183,1.32,0,5.28
1/17/2026,16:30, ,gtmpcwq_24G103008_010726_050000.bin,Pellicer Creek,GTMNERR,0,29.517,0,18.28,0,-0.185,0,90.3,0,8.59,0,47.6,15.93,7.91,0,-75.5,5.45,12.497,0,5.38,0,1.2,1.65,0,6.59
1/17/2026,16:45, ,gtmpcwq_24G103008_010726_050000.bin,Pellicer Creek,GTMNERR,0,28.639,0,17.69,0,-0.196,0,90.9,0,8.62,0,48.35,16.18,7.91,0,-75.5,5.44,12.754,0,4.92,0,1.194,1.51,0,6.06
1/17/2026,17:00, ,gtmpcwq_24G103008_010726_050000.bin,Pellicer Creek,GTMNERR,0,28.667,0,17.71,0,-0.205,0,89.7,0,8.5,0,47.71,15.97,7.91,0,-75.4,5.45,12.791,0,4.18,0,1.19,1.47,0,5.89
1/17/2026,17:15, ,gtmpcwq_24G103008_010726_050000.bin,Pellicer Creek,GTMNERR,0,28.083,0,17.31,0,-0.212,0,90.3,0,8.56,0,48.19,16.13,7.9,0,-75.1,5.46,12.939,0,4.06,0,1.185,1.79,0,7.18
1/17/2026,17:30, ,gtmpcwq_24G103008_010726_050000.bin,Pellicer Creek,GTMNERR,0,28.582,0,17.65,0,-0.22,0,88.4,0,8.37,0,46.89,15.7,7.88,0,-73.9,5.46,12.878,0,4.25,0,1.188,1.77,0,7.1
1/17/2026,17:45, ,gtmpcwq_24G103008_010726_050000.bin,Pellicer Creek,GTMNERR,0,28.638,0,17.69,0,-0.23,0,85.4,0,8.08,0,46.39,15.53,7.88,0,-73.7,5.45,12.901,0,3.54,0,1.196,1.31,0,5.22
1/17/2026,18:00, ,gtmpcwq_24G103008_010726_050000.bin,Pellicer Creek,GTMNERR,0,29.501,0,18.27,0,-0.239,0,85.8,0,8.1,0,46.32,15.51,7.88,0,-74.2,5.46,12.771,0,3.97,0,1.201,1.74,0,6.98
1/17/2026,18:15, ,gtmpcwq_24G103008_010726_050000.bin,Pellicer Creek,GTMNERR,0,29.088,0,17.99,0,-0.247,0,89.4,0,8.45,0,47.57,15.92,7.9,0,-75,5.45,12.829,0,4.72,0,1.202,2.3,0,9.22
1/17/2026,18:30, ,gtmpcwq_24G103008_010726_050000.bin,Pellicer Creek,GTMNERR,0,28.854,0,17.83,0,-0.256,0,88.5,0,8.36,0,46.66,15.62,7.89,0,-74.6,5.45,12.906,0,3.47,0,1.198,1.7,0,6.79
1/17/2026,18:45, ,gtmpcwq_24G103008_010726_050000.bin,Pellicer Creek,GTMNERR,0,28.261,0,17.44,0,-0.259,0,87.8,0,8.3,0,48.51,16.24,7.88,0,-73.8,5.46,13.026,0,4.24,0,1.185,1.85,0,7.4
1/17/2026,19:00, ,gtmpcwq_24G103008_010726_050000.bin,Pellicer Creek,GTMNERR,0,26.863,0,16.5,0,-0.263,0,91.7,0,8.66,0,50.27,16.83,7.88,0,-74.2,5.45,13.28,0,5.03,0,1.184,1.98,0,7.92
1/17/2026,19:15, ,gtmpcwq_24G103008_010726_050000.bin,Pellicer Creek,GTMNERR,0,26.568,0,16.3,0,-0.258,0,93,0,8.77,0,51.66,17.29,7.87,0,-73.7,5.46,13.455,0,6.36,0,1.194,2.8,0,11.25
1/17/2026,19:30, ,gtmpcwq_24G103008_010726_050000.bin,Pellicer Creek,GTMNERR,0,25.79,0,15.79,0,-0.251,0,92.2,0,8.69,0,51.67,17.3,7.86,0,-72.6,5.45,13.633,0,5.79,0,1.195,2.37,0,9.52
1/17/2026,19:45, ,gtmpcwq_24G103008_010726_050000.bin,Pellicer Creek,GTMNERR,0,24.035,0,14.62,0,-0.24,0,95.3,0,8.95,0,54.08,18.1,7.86,0,-73,5.45,14.122,0,8.35,0,1.2,3.09,0,12.41
1/17/2026,20:00, ,gtmpcwq_24G103008_010726_050000.bin,Pellicer Creek,GTMNERR,0,21.954,0,13.25,0,-0.227,0,100.5,0,9.41,0,54.7,18.31,7.86,0,-72.9,5.46,14.666,0,7.91,0,1.195,3.31,0,13.29
1/17/2026,20:15, ,gtmpcwq_24G103008_010726_050000.bin,Pellicer Creek,GTMNERR,0,21.227,0,12.78,0,-0.215,0,102,0,9.48,0,54.19,18.14,7.87,0,-74,5.45,15.15,0,8.97,0,1.189,2.83,0,11.35
1/17/2026,20:30, ,gtmpcwq_24G103008_010726_050000.bin,Pellicer Creek,GTMNERR,0,22.716,0,13.75,0,-0.2,0,100,0,9.33,0,53.53,17.92,7.86,0,-73.2,5.46,14.687,0,8.14,0,1.196,2.13,0,8.53
1/17/2026,20:45, ,gtmpcwq_24G103008_010726_050000.bin,Pellicer Creek,GTMNERR,0,24.899,0,15.2,0,-0.186,0,97.9,0,9.13,0,51.63,17.28,7.89,0,-74.8,5.45,14.274,0,7.24,0,1.193,2.28,0,9.16
1/17/2026,21:00, ,gtmpcwq_24G103008_010726_050000.bin,Pellicer Creek,GTMNERR,0,25.233,0,15.42,0,-0.17,0,98.8,0,9.2,0,50.96,17.06,7.9,0,-75.4,5.45,14.296,0,6.45,0,1.184,2.1,0,8.41
1/17/2026,21:15, ,gtmpcwq_24G103008_010726_050000.bin,Pellicer Creek,GTMNERR,0,26.394,0,16.19,0,-0.156,0,99.1,0,9.22,0,50.39,16.87,7.92,0,-76.3,5.46,14.074,0,6.73,0,1.19,2.06,0,8.25
1/17/2026,21:30, ,gtmpcwq_24G103008_010726_050000.bin,Pellicer Creek,GTMNERR,0,27.149,0,16.7,0,-0.141,0,98,0,9.14,0,49.98,16.73,7.91,0,-75.9,5.45,13.85,0,6.39,0,1.202,1.91,0,7.64
1/17/2026,21:45, ,gtmpcwq_24G103008_010726_050000.bin,Pellicer Creek,GTMNERR,0,27.367,0,16.84,0,-0.127,0,97.7,0,9.1,0,49.71,16.64,7.92,0,-76.3,5.46,13.818,0,6.77,0,1.192,2.35,0,9.43
1/17/2026,22:00, ,gtmpcwq_24G103008_010726_050000.bin,Pellicer Creek,GTMNERR,0,28.485,0,17.59,0,-0.114,0,95.9,0,8.96,0,49.11,16.44,7.91,0,-75.6,5.45,13.504,0,6.33,0,1.186,1.79,0,7.16
1/17/2026,22:15, ,gtmpcwq_24G103008_010726_050000.bin,Pellicer Creek,GTMNERR,0,28.806,0,17.81,0,-0.101,0,95.9,0,8.95,0,48.45,16.22,7.92,0,-76.2,5.45,13.467,0,6.36,0,1.196,2.29,0,9.17
1/17/2026,22:30, ,gtmpcwq_24G103008_010726_050000.bin,Pellicer Creek,GTMNERR,0,27.966,0,17.24,0,-0.091,0,95.9,0,8.95,0,48.89,16.36,7.91,0,-76,5.46,13.635,0,6.01,0,1.202,1.84,0,7.39
1/17/2026,22:45, ,gtmpcwq_24G103008_010726_050000.bin,Pellicer Creek,GTMNERR,0,27.533,0,16.96,0,-0.083,0,97.9,0,9.1,0,48.58,16.26,7.92,0,-76.4,5.45,13.922,0,5.98,0,1.198,2.03,0,8.13
1/17/2026,23:00, ,gtmpcwq_24G103008_010726_050000.bin,Pellicer Creek,GTMNERR,0,30.377,0,18.87,0,-0.091,0,94.5,0,8.81,0,45.75,15.31,7.92,0,-76.3,5.45,13.222,0,4.26,0,1.191,1.56,0,6.26
1/17/2026,23:15, ,gtmpcwq_24G103008_010726_050000.bin,Pellicer Creek,GTMNERR,0,31.244,0,19.46,0,-0.105,0,90.9,0,8.51,0,45.55,15.25,7.9,0,-74.8,5.44,12.853,0,4.27,0,1.198,1.87,0,7.5
1/17/2026,23:30, ,gtmpcwq_24G103008_010726_050000.bin,Pellicer Creek,GTMNERR,0,32.343,0,20.2,0,-0.119,0,90.3,0,8.51,0,44.78,14.99,7.92,0,-76.1,5.45,12.339,0,4.79,0,1.189,1.84,0,7.36
1/17/2026,23:45, ,gtmpcwq_24G103008_010726_050000.bin,Pellicer Creek,GTMNERR,0,31.809,0,19.84,0,-0.132,0,90.3,0,8.49,0,46.76,15.65,7.91,0,-75.4,5.45,12.521,0,4.97,0,1.189,2.52,0,10.1
1/18/2026,0:00, ,gtmpcwq_24G103008_010726_050000.bin,Pellicer Creek,GTMNERR,0,32.067,0,20.01,0,-0.146,0,89.5,0,8.44,0,45.31,15.17,7.91,0,-75.7,5.45,12.373,0,4.47,0,1.189,2.03,0,8.12
1/18/2026,0:15, ,gtmpcwq_24G103008_010726_050000.bin,Pellicer Creek,GTMNERR,0,31.869,0,19.88,0,-0.163,0,89.1,0,8.39,0,44.36,14.85,7.9,0,-74.9,5.45,12.429,0,4.3,0,1.187,1.65,0,6.59
1/18/2026,0:30, ,gtmpcwq_24G103008_010726_050000.bin,Pellicer Creek,GTMNERR,0,32.131,0,20.05,0,-0.177,0,88.8,0,8.37,0,44.12,14.77,7.92,0,-75.9,5.44,12.363,0,3.88,0,1.199,1.76,0,7.06
1/18/2026,0:45, ,gtmpcwq_24G103008_010726_050000.bin,Pellicer Creek,GTMNERR,0,32.13,0,20.05,0,-0.191,0,88.3,0,8.33,0,43.96,14.72,7.92,0,-76,5.44,12.332,0,3.69,0,1.2,1.87,0,7.49
1/18/2026,1:00, ,gtmpcwq_24G103008_010726_050000.bin,Pellicer Creek,GTMNERR,0,30.785,0,19.14,0,-0.201,0,88.7,0,8.35,0,44.59,14.93,7.89,0,-74.7,5.45,12.686,0,4.04,0,1.184,1.73,0,6.93
1/18/2026,1:15, ,gtmpcwq_24G103008_010726_050000.bin,Pellicer Creek,GTMNERR,0,30.716,0,19.1,0,-0.212,0,84.9,0,7.97,0,42.25,14.14,7.88,0,-74,5.44,12.805,0,3.49,0,1.187,1.33,0,5.31
1/18/2026,1:30, ,gtmpcwq_24G103008_010726_050000.bin,Pellicer Creek,GTMNERR,0,30.562,0,18.99,0,-0.221,0,84,0,7.88,0,44.01,14.73,7.84,0,-71.5,5.45,12.879,0,2.67,0,1.192,1.21,0,4.83
1/18/2026,1:45, ,gtmpcwq_24G103008_010726_050000.bin,Pellicer Creek,GTMNERR,0,31.274,0,19.47,0,-0.233,0,86.1,0,8.08,0,44.57,14.92,7.88,0,-74.1,5.44,12.734,0,3.84,0,1.188,2.14,0,8.59
1/18/2026,2:00, ,gtmpcwq_24G103008_010726_050000.bin,Pellicer Creek,GTMNERR,0,31.42,0,19.57,0,-0.242,0,85.5,0,8.03,0,43.08,14.42,7.88,0,-74,5.44,12.695,0,3.33,0,1.19,1.99,0,7.95
1/18/2026,2:15, ,gtmpcwq_24G103008_010726_050000.bin,Pellicer Creek,GTMNERR,0,31.203,0,19.43,0,-0.25,0,82,0,7.7,0,42.89,14.36,7.86,0,-72.8,5.45,12.718,0,2.99,0,1.202,1.28,0,5.11
1/18/2026,2:30, ,gtmpcwq_24G103008_010726_050000.bin,Pellicer Creek,GTMNERR,0,30.958,0,19.26,0,-0.259,0,84.9,0,7.97,0,44.09,14.76,7.9,0,-74.9,5.44,12.78,0,3.46,0,1.198,1.51,0,6.04
1/18/2026,2:45, ,gtmpcwq_24G103008_010726_050000.bin,Pellicer Creek,GTMNERR,0,30.652,0,19.05,0,-0.269,0,88.8,0,8.34,0,45.93,15.38,7.91,0,-75.4,5.45,12.864,0,4.49,0,1.184,1.85,0,7.4
1/18/2026,3:00, ,gtmpcwq_24G103008_010726_050000.bin,Pellicer Creek,GTMNERR,0,30.262,0,18.79,0,-0.277,0,89.3,0,8.36,0,46.08,15.43,7.89,0,-74.6,5.44,13.025,0,4.01,0,1.191,2.06,0,8.24
1/18/2026,3:15, ,gtmpcwq_24G103008_010726_050000.bin,Pellicer Creek,GTMNERR,0,29.767,0,18.46,0,-0.287,0,89.7,0,8.39,0,46.67,15.62,7.88,0,-74.1,5.44,13.198,0,4.26,0,1.198,2.35,0,9.43
1/18/2026,3:30, ,gtmpcwq_24G103008_010726_050000.bin,Pellicer Creek,GTMNERR,0,29.468,0,18.26,0,-0.294,0,89,0,8.32,0,47.47,15.89,7.86,0,-72.8,5.45,13.298,0,4.8,0,1.191,1.56,0,6.25
1/18/2026,3:45, ,gtmpcwq_24G103008_010726_050000.bin,Pellicer Creek,GTMNERR,0,28.514,0,17.61,0,-0.3,0,90.5,0,8.45,0,48.01,16.07,7.87,0,-73.3,5.44,13.515,0,4.52,0,1.202,1.67,0,6.7
1/18/2026,4:00, ,gtmpcwq_24G103008_010726_050000.bin,Pellicer Creek,GTMNERR,0,29.024,0,17.96,0,-0.309,0,85.7,0,8.01,0,46.85,15.68,7.85,0,-72,5.45,13.361,0,3.9,0,1.187,2.09,0,8.36
1/18/2026,4:15, ,gtmpcwq_24G103008_010726_050000.bin,Pellicer Creek,GTMNERR,0,29.064,0,17.98,0,-0.315,0,84.9,0,7.93,0,46.08,15.42,7.84,0,-71.7,5.44,13.406,0,4.41,0,1.196,1.37,0,5.46
1/18/2026,4:30, ,gtmpcwq_24G103008_010726_050000.bin,Pellicer Creek,GTMNERR,0,29.012,0,17.95,0,-0.321,0,81.2,0,7.58,0,44.94,15.04,7.8,0,-69.3,5.44,13.439,0,3.02,0,1.189,0.99,0,3.94
1/18/2026,4:45, ,gtmpcwq_24G103008_010726_050000.bin,Pellicer Creek,GTMNERR,0,28.869,0,17.85,0,-0.327,0,78.8,0,7.35,0,44.08,14.76,7.79,0,-68.6,5.45,13.488,0,3.49,0,1.183,0.98,0,3.92
1/18/2026,5:00, ,gtmpcwq_24G103008_010726_050000.bin,Pellicer Creek,GTMNERR,0,28.614,0,17.68,0,-0.334,0,85.6,0,7.99,0,46.25,15.48,7.84,0,-71.6,5.44,13.517,0,4.49,0,1.198,1.38,0,5.53
1/18/2026,5:15, ,gtmpcwq_24G103008_010726_050000.bin,Pellicer Creek,GTMNERR,0,28.943,0,17.9,0,-0.339,0,87.9,0,8.2,0,47.17,15.79,7.86,0,-72.7,5.45,13.463,0,3.99,0,1.201,1.62,0,6.47
1/18/2026,5:30, ,gtmpcwq_24G103008_010726_050000.bin,Pellicer Creek,GTMNERR,0,28.698,0,17.74,0,-0.344,0,87.5,0,8.16,0,47.14,15.78,7.85,0,-72.5,5.45,13.53,0,3.89,0,1.199,1.54,0,6.17
1/18/2026,5:45, ,gtmpcwq_24G103008_010726_050000.bin,Pellicer Creek,GTMNERR,0,28.689,0,17.73,0,-0.349,0,87,0,8.12,0,46.5,15.57,7.85,0,-72.2,5.45,13.529,0,4.03,0,1.189,1.47,0,5.87
1/18/2026,6:00, ,gtmpcwq_24G103008_010726_050000.bin,Pellicer Creek,GTMNERR,0,28.186,0,17.39,0,-0.355,0,86.6,0,8.08,0,46.76,15.65,7.84,0,-72,5.44,13.631,0,4.55,0,1.192,1.48,0,5.91
1/18/2026,6:15, ,gtmpcwq_24G103008_010726_050000.bin,Pellicer Creek,GTMNERR,0,27.799,0,17.13,0,-0.359,0,87.1,0,8.12,0,47.19,15.8,7.84,0,-71.5,5.45,13.715,0,3.69,0,1.192,1.44,0,5.78
1/18/2026,6:30, ,gtmpcwq_24G103008_010726_050000.bin,Pellicer Creek,GTMNERR,0,26.95,0,16.56,0,-0.355,0,87.8,0,8.19,0,49.03,16.41,7.83,0,-71.2,5.44,13.854,0,4.67,0,1.19,1.49,0,5.98
1/18/2026,6:45, ,gtmpcwq_24G103008_010726_050000.bin,Pellicer Creek,GTMNERR,0,26.461,0,16.24,0,-0.348,0,89.8,0,8.39,0,50.69,16.97,7.83,0,-71.3,5.45,13.907,0,5.53,0,1.187,1.67,0,6.7
1/18/2026,7:00, ,gtmpcwq_24G103008_010726_050000.bin,Pellicer Creek,GTMNERR,0,24.851,0,15.16,0,-0.336,0,89.1,0,8.34,0,51.92,17.38,7.8,0,-69.5,5.45,14.133,0,5.25,0,1.192,1.88,0,7.52
1/18/2026,7:15, ,gtmpcwq_24G103008_010726_050000.bin,Pellicer Creek,GTMNERR,0,23.22,0,14.08,0,-0.324,0,89.6,0,8.4,0,55.17,18.47,7.78,0,-68.3,5.44,14.378,0,5.09,0,1.187,2.23,0,8.93
1/18/2026,7:30, ,gtmpcwq_24G103008_010726_050000.bin,Pellicer Creek,GTMNERR,0,22.306,0,13.48,0,-0.308,0,89.8,0,8.42,0,55.47,18.57,7.77,0,-68,5.44,14.521,0,6.08,0,1.185,1.82,0,7.29
1/18/2026,7:45, ,gtmpcwq_24G103008_010726_050000.bin,Pellicer Creek,GTMNERR,0,22.549,0,13.64,0,-0.281,0,89.3,0,8.37,0,54.91,18.38,7.77,0,-67.6,5.45,14.488,0,6.45,0,1.197,1.76,0,7.07
1/18/2026,8:00, ,gtmpcwq_24G103008_010726_050000.bin,Pellicer Creek,GTMNERR,0,22.332,0,13.5,0,-0.262,0,89.7,0,8.42,0,55.55,18.59,7.76,0,-67.1,5.45,14.467,0,6.12,0,1.184,1.62,0,6.47
1/18/2026,8:15, ,gtmpcwq_24G103008_010726_050000.bin,Pellicer Creek,GTMNERR,0,22.718,0,13.75,0,-0.236,0,90.2,0,8.48,0,54.93,18.39,7.78,0,-68.4,5.44,14.329,0,5.62,0,1.185,1.73,0,6.92
1/18/2026,8:30, ,gtmpcwq_24G103008_010726_050000.bin,Pellicer Creek,GTMNERR,0,26.215,0,16.07,0,-0.211,0,92,0,8.59,0,51.3,17.17,7.83,0,-71.4,5.45,13.967,0,5.73,0,1.195,1.71,0,6.83
1/18/2026,8:45, ,gtmpcwq_24G103008_010726_050000.bin,Pellicer Creek,GTMNERR,0,26.336,0,16.15,0,-0.186,0,90.8,0,8.49,0,51.26,17.16,7.83,0,-71.1,5.44,13.862,0,5.54,0,1.191,1.69,0,6.78
1/18/2026,9:00, ,gtmpcwq_24G103008_010726_050000.bin,Pellicer Creek,GTMNERR,0,24.379,0,14.85,0,-0.147,0,91.5,0,8.59,0,53.04,17.75,7.82,0,-70.7,5.44,14.093,0,5.83,0,1.195,1.99,0,7.98
1/18/2026,9:15, ,gtmpcwq_24G103008_010726_050000.bin,Pellicer Creek,GTMNERR,0,24.945,0,15.23,0,-0.111,0,91.9,0,8.61,0,52.72,17.65,7.83,0,-71,5.45,14.053,0,5.25,0,1.192,1.68,0,6.74
1/18/2026,9:30, ,gtmpcwq_24G103008_010726_050000.bin,Pellicer Creek,GTMNERR,0,25.3,0,15.46,0,-0.068,0,92.4,0,8.65,0,52.24,17.49,7.83,0,-71.5,5.44,14.048,0,5.3,0,1.186,1.66,0,6.64
1/18/2026,9:45, ,gtmpcwq_24G103008_010726_050000.bin,Pellicer Creek,GTMNERR,0,29.443,0,18.25,0,-0.03,0,92.1,0,8.5,0,47.82,16.01,7.87,0,-73.4,5.45,13.882,0,5.85,0,1.187,1.3,0,5.19
1/18/2026,10:00, ,gtmpcwq_24G103008_010726_050000.bin,Pellicer Creek,GTMNERR,0,31.444,0,19.61,0,0.013,0,91.4,0,8.37,0,45.11,15.1,7.88,0,-74.3,5.43,13.826,0,6.27,0,1.188,1.29,0,5.16
1/18/2026,10:15, ,gtmpcwq_24G103008_010726_050000.bin,Pellicer Creek,GTMNERR,0,32.369,0,20.24,0,0.055,0,90.9,0,8.3,0,43.92,14.7,7.89,0,-75,5.43,13.818,0,5.98,0,1.184,1.24,0,4.96
1/18/2026,10:30, ,gtmpcwq_24G103008_010726_050000.bin,Pellicer Creek,GTMNERR,0,32.884,0,20.6,0,0.093,0,90.5,0,8.23,0,42.88,14.35,7.9,0,-75.3,5.44,13.895,0,6.23,0,1.19,1.24,0,4.95
1/18/2026,10:45, ,gtmpcwq_24G103008_010726_050000.bin,Pellicer Creek,GTMNERR,0,34.071,0,21.42,0,0.127,0,90.7,0,8.19,0,41,13.72,7.91,0,-76.1,5.43,13.984,0,6.05,0,1.19,1.16,0,4.61
1/18/2026,11:00, ,gtmpcwq_24G103008_010726_050000.bin,Pellicer Creek,GTMNERR,0,35.148,0,22.16,0,0.148,0,90.9,0,8.16,0,39.51,13.23,7.92,0,-76.7,5.44,14.066,0,5.95,0,1.188,1.22,0,4.86
1/18/2026,11:15, ,gtmpcwq_24G103008_010726_050000.bin,Pellicer Creek,GTMNERR,0,36.157,0,22.86,0,0.165,0,90.9,0,8.11,0,37.93,12.7,7.93,0,-77.1,5.43,14.141,0,5.21,0,1.193,1.2,0,4.78
1/18/2026,11:30, ,gtmpcwq_24G103008_010726_050000.bin,Pellicer Creek,GTMNERR,0,35.995,0,22.75,0,0.169,0,90.9,0,8.11,0,37.9,12.69,7.93,0,-77.1,5.43,14.161,0,4.93,0,1.191,1.15,0,4.6
1/18/2026,11:45, ,gtmpcwq_24G103008_010726_050000.bin,Pellicer Creek,GTMNERR,0,36.247,0,22.93,0,0.158,0,89.6,0,7.99,0,36.62,12.26,7.93,0,-76.9,5.44,14.171,0,4.29,0,1.192,1.02,0,4.05
1/18/2026,12:00, ,gtmpcwq_24G103008_010726_050000.bin,Pellicer Creek,GTMNERR,0,36.521,0,23.12,0,0.149,0,88.4,0,7.87,0,35.86,12,7.92,0,-76.5,5.43,14.161,0,4.71,0,1.195,0.97,0,3.88
1/18/2026,12:15, ,gtmpcwq_24G103008_010726_050000.bin,Pellicer Creek,GTMNERR,0,35.927,0,22.7,0,0.134,0,90.1,0,8.05,0,37.81,12.66,7.93,0,-77,5.44,14.142,0,5.25,0,1.197,1.22,0,4.86
1/18/2026,12:30, ,gtmpcwq_24G103008_010726_050000.bin,Pellicer Creek,GTMNERR,0,34.095,0,21.43,0,0.12,0,90.8,0,8.19,0,40.94,13.7,7.92,0,-76.5,5.43,13.992,0,5.72,0,1.191,1.41,0,5.63
1/18/2026,12:45, ,gtmpcwq_24G103008_010726_050000.bin,Pellicer Creek,GTMNERR,0,34.402,0,21.64,0,0.107,0,90.6,0,8.17,0,40.36,13.51,7.92,0,-76.5,5.43,14.01,0,5.53,0,1.186,1.31,0,5.24
1/18/2026,13:00, ,gtmpcwq_24G103008_010726_050000.bin,Pellicer Creek,GTMNERR,0,33.649,0,21.12,0,0.09,0,90.1,0,8.16,0,41.92,14.03,7.91,0,-76,5.44,13.953,0,5.6,0,1.196,1.34,0,5.36
1/18/2026,13:15, ,gtmpcwq_24G103008_010726_050000.bin,Pellicer Creek,GTMNERR,0,35.073,0,22.11,0,0.067,0,88.7,0,7.97,0,37.49,12.55,7.91,0,-76.1,5.43,14.051,0,7.28,0,1.203,1.19,0,4.76
1/18/2026,13:30, ,gtmpcwq_24G103008_010726_050000.bin,Pellicer Creek,GTMNERR,0,35.215,0,22.21,0,0.047,0,87.7,0,7.86,0,36.76,12.3,7.92,0,-76.3,5.44,14.065,0,5.23,0,1.19,0.95,0,3.79
1/18/2026,13:45, ,gtmpcwq_24G103008_010726_050000.bin,Pellicer Creek,GTMNERR,0,34.733,0,21.87,0,0.027,0,88.7,0,7.98,0,38.76,12.98,7.92,0,-76.4,5.42,14.043,0,4.31,0,1.191,1.44,0,5.76
1/18/2026,14:00, ,gtmpcwq_24G103008_010726_050000.bin,Pellicer Creek,GTMNERR,0,34.533,0,21.74,0,0.005,0,86.4,0,7.78,0,38.44,12.87,7.91,0,-75.7,5.43,14.028,0,4.61,0,1.193,1.18,0,4.73
1/18/2026,14:15, ,gtmpcwq_24G103008_010726_050000.bin,Pellicer Creek,GTMNERR,0,34.188,0,21.5,0,-0.011,0,89,0,8.03,0,40.79,13.66,7.91,0,-76,5.44,14.001,0,4.83,0,1.184,1.32,0,5.29
1/18/2026,14:30, ,gtmpcwq_24G103008_010726_050000.bin,Pellicer Creek,GTMNERR,0,33.046,0,20.71,0,-0.036,0,89.9,0,8.16,0,43.01,14.4,7.9,0,-75.2,5.43,13.947,0,4.94,0,1.192,1.4,0,5.58
1/18/2026,14:45, ,gtmpcwq_24G103008_010726_050000.bin,Pellicer Creek,GTMNERR,0,31.715,0,19.79,0,-0.055,0,89.9,0,8.23,0,44.92,15.04,7.89,0,-74.6,5.43,13.858,0,5.32,0,1.196,1.65,0,6.62
1/18/2026,15:00, ,gtmpcwq_24G103008_010726_050000.bin,Pellicer Creek,GTMNERR,0,33.364,0,20.93,0,-0.07,0,89.3,0,8.09,0,41.34,13.84,7.9,0,-75.5,5.42,13.944,0,4.86,0,1.192,1.29,0,5.16
1/18/2026,15:15, ,gtmpcwq_24G103008_010726_050000.bin,Pellicer Creek,GTMNERR,0,32.869,0,20.59,0,-0.092,0,89.6,0,8.15,0,43.32,14.5,7.89,0,-74.7,5.43,13.899,0,4.66,0,1.19,1.43,0,5.71
1/18/2026,15:30, ,gtmpcwq_24G103008_010726_050000.bin,Pellicer Creek,GTMNERR,0,33.928,0,21.32,0,-0.108,0,88.6,0,8,0,41.18,13.78,7.9,0,-75.2,5.44,13.996,0,4.73,0,1.193,1.32,0,5.26
1/18/2026,15:45, ,gtmpcwq_24G103008_010726_050000.bin,Pellicer Creek,GTMNERR,0,33.431,0,20.97,0,-0.119,0,87.9,0,7.96,0,40.68,13.62,7.9,0,-75.2,5.42,13.981,0,4.24,0,1.183,1.4,0,5.6
1/18/2026,16:00, ,gtmpcwq_24G103008_010726_050000.bin,Pellicer Creek,GTMNERR,0,33.726,0,21.18,0,-0.139,0,87.5,0,7.92,0,41.9,14.02,7.89,0,-74.9,5.44,13.979,0,4.92,0,1.184,1.33,0,5.31
1/18/2026,16:15, ,gtmpcwq_24G103008_010726_050000.bin,Pellicer Creek,GTMNERR,0,33.445,0,20.98,0,-0.157,0,87.5,0,7.93,0,40.44,13.54,7.9,0,-75.1,5.42,13.953,0,4.34,0,1.197,1.38,0,5.52
1/18/2026,16:30, ,gtmpcwq_24G103008_010726_050000.bin,Pellicer Creek,GTMNERR,0,33.13,0,20.77,0,-0.169,0,88.5,0,8.03,0,42.33,14.17,7.9,0,-75.1,5.43,13.928,0,4.76,0,1.2,1.87,0,7.49
1/18/2026,16:45, ,gtmpcwq_24G103008_010726_050000.bin,Pellicer Creek,GTMNERR,0,32.787,0,20.53,0,-0.181,0,88.6,0,8.06,0,42.41,14.2,7.9,0,-75.1,5.44,13.9,0,4.41,0,1.195,1.98,0,7.94
1/18/2026,17:00, ,gtmpcwq_24G103008_010726_050000.bin,Pellicer Creek,GTMNERR,0,32.601,0,20.4,0,-0.189,0,88.6,0,8.07,0,43.16,14.45,7.89,0,-74.8,5.42,13.869,0,4.37,0,1.183,2.06,0,8.26
1/18/2026,17:15, ,gtmpcwq_24G103008_010726_050000.bin,Pellicer Creek,GTMNERR,0,32.135,0,20.08,0,-0.197,0,88.7,0,8.1,0,43.93,14.7,7.89,0,-74.5,5.43,13.848,0,4.35,0,1.191,2.07,0,8.29
1/18/2026,17:30, ,gtmpcwq_24G103008_010726_050000.bin,Pellicer Creek,GTMNERR,0,31.488,0,19.64,0,-0.203,0,88.3,0,8.09,0,44.99,15.06,7.88,0,-73.8,5.42,13.832,0,4.41,0,1.195,2.99,0,12.02
1/18/2026,17:45, ,gtmpcwq_24G103008_010726_050000.bin,Pellicer Creek,GTMNERR,0,31.132,0,19.39,0,-0.208,0,88.5,0,8.12,0,45.57,15.25,7.87,0,-73.7,5.43,13.808,0,4.37,0,1.192,4.29,0,17.23
1/18/2026,18:00, ,gtmpcwq_24G103008_010726_050000.bin,Pellicer Creek,GTMNERR,0,30.925,0,19.25,0,-0.214,0,88.3,0,8.12,0,45.44,15.21,7.87,0,-73.5,5.43,13.807,0,4.6,0,1.195,3.59,0,14.42
1/18/2026,18:15, ,gtmpcwq_24G103008_010726_050000.bin,Pellicer Creek,GTMNERR,0,30.685,0,19.09,0,-0.221,0,88,0,8.09,0,45.2,15.13,7.87,0,-73.3,5.42,13.805,0,4.32,0,1.191,2.7,0,10.83
1/18/2026,18:30, ,gtmpcwq_24G103008_010726_050000.bin,Pellicer Creek,GTMNERR,0,30.559,0,19,0,-0.227,0,88,0,8.09,0,45.33,15.17,7.87,0,-73.3,5.43,13.815,0,4.68,0,1.192,2.6,0,10.43
1/18/2026,18:45, ,gtmpcwq_24G103008_010726_050000.bin,Pellicer Creek,GTMNERR,0,30.147,0,18.72,0,-0.228,0,87.6,0,8.07,0,46.02,15.4,7.86,0,-72.9,5.42,13.816,0,4.27,0,1.194,2.31,0,9.27
1/18/2026,19:00, ,gtmpcwq_24G103008_010726_050000.bin,Pellicer Creek,GTMNERR,0,29.253,0,18.12,0,-0.221,0,88.2,0,8.16,0,47.81,16,7.85,0,-72.5,5.43,13.836,0,4.46,0,1.19,3.44,0,13.83
1/18/2026,19:15, ,gtmpcwq_24G103008_010726_050000.bin,Pellicer Creek,GTMNERR,0,26.906,0,16.53,0,-0.212,0,88.5,0,8.27,0,50.14,16.78,7.83,0,-71.3,5.43,13.845,0,6.01,0,1.186,2.79,0,11.21
1/18/2026,19:30, ,gtmpcwq_24G103008_010726_050000.bin,Pellicer Creek,GTMNERR,0,24.521,0,14.94,0,-0.2,0,89.1,0,8.42,0,53.23,17.82,7.82,0,-70.6,5.42,13.729,0,7.58,0,1.199,2.98,0,11.97
1/18/2026,19:45, ,gtmpcwq_24G103008_010726_050000.bin,Pellicer Creek,GTMNERR,0,23.286,0,14.12,0,-0.179,0,89.1,0,8.49,0,54.77,18.33,7.8,0,-69.7,5.44,13.606,0,6.26,0,1.2,3.24,0,13.01
1/18/2026,20:00, ,gtmpcwq_24G103008_010726_050000.bin,Pellicer Creek,GTMNERR,0,23.292,0,14.12,0,-0.16,0,89.6,0,8.58,0,54.85,18.36,7.81,0,-70.1,5.42,13.363,0,5.46,0,1.197,2.96,0,11.9
1/18/2026,20:15, ,gtmpcwq_24G103008_010726_050000.bin,Pellicer Creek,GTMNERR,0,23.823,0,14.47,0,-0.143,0,89.7,0,8.58,0,54.38,18.2,7.82,0,-70.6,5.42,13.309,0,6.16,0,1.196,3.61,0,14.52
1/18/2026,20:30, ,gtmpcwq_24G103008_010726_050000.bin,Pellicer Creek,GTMNERR,0,24.912,0,15.2,0,-0.124,0,89.7,0,8.55,0,52.79,17.67,7.84,0,-71.5,5.43,13.295,0,6.26,0,1.193,5.13,0,20.61
1/18/2026,20:45, ,gtmpcwq_24G103008_010726_050000.bin,Pellicer Creek,GTMNERR,0,25.844,0,15.81,0,-0.1,0,91.2,0,8.73,0,51.89,17.37,7.88,0,-73.9,5.43,12.851,0,5.71,0,1.191,2.91,0,11.67
1/18/2026,21:00, ,gtmpcwq_24G103008_010726_050000.bin,Pellicer Creek,GTMNERR,0,26.046,0,15.95,0,-0.074,0,90.8,0,8.7,0,51.94,17.39,7.88,0,-73.9,5.42,12.83,0,5.54,0,1.196,3.35,0,13.43
1/18/2026,21:15, ,gtmpcwq_24G103008_010726_050000.bin,Pellicer Creek,GTMNERR,0,26.294,0,16.11,0,-0.049,0,90.8,0,8.71,0,51.81,17.34,7.88,0,-74.1,5.42,12.726,0,5.29,0,1.183,2.87,0,11.53
1/18/2026,21:30, ,gtmpcwq_24G103008_010726_050000.bin,Pellicer Creek,GTMNERR,0,27.1,0,16.65,0,-0.021,0,90.6,0,8.64,0,50.64,16.95,7.88,0,-74.1,5.43,12.834,0,5.51,0,1.191,2.7,0,10.84
1/18/2026,21:45, ,gtmpcwq_24G103008_010726_050000.bin,Pellicer Creek,GTMNERR,0,27.752,0,17.09,0,0.005,0,90.7,0,8.62,0,49.92,16.71,7.89,0,-74.5,5.41,12.83,0,5.18,0,1.201,2.33,0,9.35
1/18/2026,22:00, ,gtmpcwq_24G103008_010726_050000.bin,Pellicer Creek,GTMNERR,0,28.28,0,17.44,0,0.028,0,90.6,0,8.61,0,49.17,16.46,7.89,0,-74.7,5.42,12.718,0,5.35,0,1.184,2.53,0,10.15
1/18/2026,22:15, ,gtmpcwq_24G103008_010726_050000.bin,Pellicer Creek,GTMNERR,0,28.779,0,17.78,0,0.051,0,90.2,0,8.56,0,48.6,16.27,7.9,0,-75,5.42,12.699,0,5.41,0,1.191,2.58,0,10.34
1/18/2026,22:30, ,gtmpcwq_24G103008_010726_050000.bin,Pellicer Creek,GTMNERR,0,29.249,0,18.1,0,0.073,0,90.2,0,8.55,0,48.17,16.12,7.9,0,-75.3,5.41,12.654,0,5.18,0,1.195,2.38,0,9.53
1/18/2026,22:45, ,gtmpcwq_24G103008_010726_050000.bin,Pellicer Creek,GTMNERR,0,29.572,0,18.31,0,0.088,0,89.9,0,8.54,0,47.7,15.97,7.91,0,-75.3,5.42,12.524,0,5.29,0,1.191,2.25,0,9.04
1/18/2026,23:00, ,gtmpcwq_24G103008_010726_050000.bin,Pellicer Creek,GTMNERR,0,32.598,0,20.39,0,0.094,0,88,0,8.16,0,43.35,14.51,7.9,0,-75.1,5.42,13.005,0,4.87,0,1.198,1.73,0,6.92
1/18/2026,23:15, ,gtmpcwq_24G103008_010726_050000.bin,Pellicer Creek,GTMNERR,0,33.093,0,20.72,0,0.09,0,87.9,0,8.15,0,42.89,14.36,7.9,0,-75.3,5.41,12.942,0,4.9,0,1.196,2,0,8.01
1/18/2026,23:30, ,gtmpcwq_24G103008_010726_050000.bin,Pellicer Creek,GTMNERR,0,33.988,0,21.34,0,0.079,0,86,0,7.92,0,40.06,13.41,7.89,0,-74.5,5.42,13.071,0,4.46,0,1.185,1.69,0,6.78
1/18/2026,23:45, ,gtmpcwq_24G103008_010726_050000.bin,Pellicer Creek,GTMNERR,0,35.05,0,22.09,0,0.064,0,85.8,0,7.78,0,39.24,13.13,7.9,0,-75.1,5.42,13.585,0,4.87,0,1.188,1.5,0,5.98
1/19/2026,0:00, ,gtmpcwq_24G103008_010726_050000.bin,Pellicer Creek,GTMNERR,0,33.458,0,20.98,0,0.051,0,86.7,0,7.95,0,41.7,13.96,7.89,0,-74.9,5.42,13.413,0,5.12,0,1.199,1.75,0,6.99
1/19/2026,0:15, ,gtmpcwq_24G103008_010726_050000.bin,Pellicer Creek,GTMNERR,0,32.659,0,20.43,0,0.036,0,86.7,0,7.99,0,42.34,14.17,7.89,0,-74.5,5.42,13.306,0,5.88,0,1.195,1.95,0,7.82
1/19/2026,0:30, ,gtmpcwq_24G103008_010726_050000.bin,Pellicer Creek,GTMNERR,0,32.656,0,20.43,0,0.017,0,87.1,0,8.02,0,43.23,14.47,7.89,0,-74.7,5.41,13.383,0,5.01,0,1.185,2.07,0,8.29
1/19/2026,0:45, ,gtmpcwq_24G103008_010726_050000.bin,Pellicer Creek,GTMNERR,0,32.745,0,20.49,0,0,0,88,0,8.1,0,43.59,14.59,7.89,0,-74.4,5.42,13.353,0,4.9,0,1.196,1.93,0,7.71
1/19/2026,1:00, ,gtmpcwq_24G103008_010726_050000.bin,Pellicer Creek,GTMNERR,0,33.657,0,21.12,0,-0.017,0,86.6,0,7.9,0,41.77,13.98,7.89,0,-74.4,5.42,13.607,0,4.67,0,1.2,2.17,0,8.68
1/19/2026,1:15, ,gtmpcwq_24G103008_010726_050000.bin,Pellicer Creek,GTMNERR,0,33.564,0,21.06,0,-0.031,0,85,0,7.76,0,40.29,13.49,7.88,0,-74,5.42,13.59,0,4.77,0,1.191,1.92,0,7.68
1/19/2026,1:30, ,gtmpcwq_24G103008_010726_050000.bin,Pellicer Creek,GTMNERR,0,33.615,0,21.1,0,-0.043,0,84.2,0,7.68,0,39.43,13.2,7.88,0,-74,5.42,13.615,0,3.83,0,1.184,2.23,0,8.95
1/19/2026,1:45, ,gtmpcwq_24G103008_010726_050000.bin,Pellicer Creek,GTMNERR,0,32.865,0,20.58,0,-0.058,0,83.8,0,7.68,0,41.02,13.73,7.87,0,-73.6,5.41,13.529,0,4.7,0,1.189,1.77,0,7.08
1/19/2026,2:00, ,gtmpcwq_24G103008_010726_050000.bin,Pellicer Creek,GTMNERR,0,32.617,0,20.41,0,-0.069,0,84.4,0,7.75,0,42.33,14.17,7.87,0,-73.7,5.42,13.515,0,4.87,0,1.184,2.29,0,9.2
1/19/2026,2:15, ,gtmpcwq_24G103008_010726_050000.bin,Pellicer Creek,GTMNERR,0,32.531,0,20.35,0,-0.082,0,83.5,0,7.67,0,42.25,14.14,7.86,0,-73.1,5.43,13.498,0,4.89,0,1.187,2.08,0,8.33
1/19/2026,2:30, ,gtmpcwq_24G103008_010726_050000.bin,Pellicer Creek,GTMNERR,0,32.637,0,20.42,0,-0.095,0,83,0,7.61,0,41.8,13.99,7.85,0,-72.4,5.41,13.543,0,4.14,0,1.198,2.03,0,8.13
1/19/2026,2:45, ,gtmpcwq_24G103008_010726_050000.bin,Pellicer Creek,GTMNERR,0,32.603,0,20.4,0,-0.107,0,83.2,0,7.63,0,41.69,13.96,7.85,0,-72.5,5.42,13.549,0,4.3,0,1.192,2.17,0,8.71
1/19/2026,3:00, ,gtmpcwq_24G103008_010726_050000.bin,Pellicer Creek,GTMNERR,0,32.586,0,20.39,0,-0.119,0,80.9,0,7.42,0,39.95,13.37,7.84,0,-71.9,5.41,13.543,0,3.62,0,1.19,1.7,0,6.82
1/19/2026,3:15, ,gtmpcwq_24G103008_010726_050000.bin,Pellicer Creek,GTMNERR,0,32.527,0,20.35,0,-0.131,0,81,0,7.43,0,40.39,13.52,7.84,0,-72,5.42,13.55,0,4.94,0,1.19,1.87,0,7.48
1/19/2026,3:30, ,gtmpcwq_24G103008_010726_050000.bin,Pellicer Creek,GTMNERR,0,32.447,0,20.29,0,-0.142,0,81.2,0,7.45,0,41.67,13.95,7.85,0,-72.3,5.42,13.551,0,3.93,0,1.198,1.8,0,7.22
1/19/2026,3:45, ,gtmpcwq_24G103008_010726_050000.bin,Pellicer Creek,GTMNERR,0,32.07,0,20.03,0,-0.151,0,79.3,0,7.29,0,41.72,13.97,7.83,0,-71.4,5.41,13.528,0,3.92,0,1.193,2.04,0,8.18
1/19/2026,4:00, ,gtmpcwq_24G103008_010726_050000.bin,Pellicer Creek,GTMNERR,0,31.95,0,19.95,0,-0.156,0,78.1,0,7.19,0,41.59,13.92,7.83,0,-71.4,5.42,13.526,0,3.81,0,1.192,1.85,0,7.41
1/19/2026,4:15, ,gtmpcwq_24G103008_010726_050000.bin,Pellicer Creek,GTMNERR,0,31.223,0,19.45,0,-0.165,0,82.5,0,7.63,0,43.01,14.4,7.84,0,-71.8,5.4,13.479,0,4.67,0,1.197,2.09,0,8.38
1/19/2026,4:30, ,gtmpcwq_24G103008_010726_050000.bin,Pellicer Creek,GTMNERR,0,31.395,0,19.57,0,-0.173,0,81.9,0,7.56,0,43.43,14.54,7.83,0,-71.3,5.41,13.503,0,3.72,0,1.19,1.84,0,7.36
1/19/2026,4:45, ,gtmpcwq_24G103008_010726_050000.bin,Pellicer Creek,GTMNERR,0,31.437,0,19.6,0,-0.181,0,77.5,0,7.15,0,41.99,14.06,7.83,0,-71.2,5.42,13.53,0,4.03,0,1.201,1.95,0,7.82
1/19/2026,5:00, ,gtmpcwq_24G103008_010726_050000.bin,Pellicer Creek,GTMNERR,0,31.285,0,19.5,0,-0.184,0,81.3,0,7.5,0,44.38,14.86,7.81,0,-70.2,5.41,13.54,0,4.02,0,1.197,1.94,0,7.77
1/19/2026,5:15, ,gtmpcwq_24G103008_010726_050000.bin,Pellicer Creek,GTMNERR,0,31.25,0,19.47,0,-0.188,0,79.5,0,7.34,0,41.83,14,7.82,0,-70.7,5.42,13.535,0,3.96,0,1.2,1.78,0,7.12
1/19/2026,5:30, ,gtmpcwq_24G103008_010726_050000.bin,Pellicer Creek,GTMNERR,0,30.805,0,19.17,0,-0.191,0,80.1,0,7.41,0,43.25,14.48,7.82,0,-70.7,5.41,13.506,0,3.91,0,1.198,2.47,0,9.92
1/19/2026,5:45, ,gtmpcwq_24G103008_010726_050000.bin,Pellicer Creek,GTMNERR,0,30.098,0,18.68,0,-0.196,0,83.1,0,7.73,0,46.29,15.49,7.83,0,-71.4,5.41,13.395,0,4.42,0,1.191,2.33,0,9.35
1/19/2026,6:00, ,gtmpcwq_24G103008_010726_050000.bin,Pellicer Creek,GTMNERR,0,29.984,0,18.61,0,-0.199,0,83.6,0,7.78,0,46.21,15.47,7.83,0,-71.4,5.42,13.403,0,4.74,0,1.195,2.17,0,8.69
1/19/2026,6:15, ,gtmpcwq_24G103008_010726_050000.bin,Pellicer Creek,GTMNERR,0,30.146,0,18.72,0,-0.204,0,81,0,7.52,0,43.87,14.68,7.81,0,-70,5.41,13.426,0,3.85,0,1.191,1.88,0,7.51
1/19/2026,6:30, ,gtmpcwq_24G103008_010726_050000.bin,Pellicer Creek,GTMNERR,0,30.031,0,18.64,0,-0.205,0,78.7,0,7.32,0,44.45,14.88,7.81,0,-70,5.42,13.42,0,3.64,0,1.19,1.75,0,7
1/19/2026,6:45, ,gtmpcwq_24G103008_010726_050000.bin,Pellicer Creek,GTMNERR,0,30.032,0,18.64,0,-0.204,0,81.1,0,7.54,0,44.61,14.93,7.82,0,-70.6,5.4,13.427,0,3.88,0,1.184,1.85,0,7.42
1/19/2026,7:00, ,gtmpcwq_24G103008_010726_050000.bin,Pellicer Creek,GTMNERR,0,29.302,0,18.14,0,-0.197,0,82.9,0,7.74,0,47.61,15.94,7.82,0,-70.5,5.41,13.385,0,4.41,0,1.191,2.23,0,8.93
1/19/2026,7:15, ,gtmpcwq_24G103008_010726_050000.bin,Pellicer Creek,GTMNERR,0,28.145,0,17.36,0,-0.187,0,83.3,0,7.82,0,48.81,16.34,7.81,0,-69.9,5.42,13.317,0,4.04,0,1.193,2.59,0,10.39
1/19/2026,7:30, ,gtmpcwq_24G103008_010726_050000.bin,Pellicer Creek,GTMNERR,0,26.733,0,16.41,0,-0.179,0,82.4,0,7.83,0,51.59,17.27,7.78,0,-68.4,5.41,13.103,0,4.55,0,1.186,2.52,0,10.1
1/19/2026,7:45, ,gtmpcwq_24G103008_010726_050000.bin,Pellicer Creek,GTMNERR,0,24.796,0,15.11,0,-0.163,0,80.5,0,7.81,0,54.73,18.32,7.75,0,-66.6,5.41,12.48,0,4.45,0,1.188,2.51,0,10.05
1/19/2026,8:00, ,gtmpcwq_24G103008_010726_050000.bin,Pellicer Creek,GTMNERR,0,23.628,0,14.33,0,-0.141,0,79.5,0,7.82,0,56.67,18.97,7.73,0,-65.4,5.4,12.042,0,4.47,0,1.193,2.38,0,9.56
1/19/2026,8:15, ,gtmpcwq_24G103008_010726_050000.bin,Pellicer Creek,GTMNERR,0,22.829,0,13.8,0,-0.118,0,79,0,7.89,0,57.71,19.32,7.73,0,-64.9,5.4,11.506,0,4.54,0,1.193,2.11,0,8.46
1/19/2026,8:30, ,gtmpcwq_24G103008_010726_050000.bin,Pellicer Creek,GTMNERR,0,26.166,0,16.01,0,-0.099,0,79.4,0,7.8,0,52.19,17.47,7.77,0,-67.2,5.41,11.668,0,4.72,0,1.188,1.86,0,7.46
1/19/2026,8:45, ,gtmpcwq_24G103008_010726_050000.bin,Pellicer Creek,GTMNERR,0,25.449,0,15.52,0,-0.076,0,79.9,0,7.97,0,54.97,18.4,7.77,0,-67.6,5.4,11.089,0,4.23,0,1.196,1.97,0,7.89
1/19/2026,9:00, ,gtmpcwq_24G103008_010726_050000.bin,Pellicer Creek,GTMNERR,0,25.035,0,15.24,0,-0.054,0,81.7,0,8.23,0,54.89,18.37,7.81,0,-69.3,5.4,10.766,0,4.35,0,1.201,1.89,0,7.55
1/19/2026,9:15, ,gtmpcwq_24G103008_010726_050000.bin,Pellicer Creek,GTMNERR,0,24.594,0,14.94,0,-0.023,0,83,0,8.42,0,55.27,18.5,7.81,0,-69.7,5.39,10.482,0,4.25,0,1.188,1.68,0,6.74
1/19/2026,9:30, ,gtmpcwq_24G103008_010726_050000.bin,Pellicer Creek,GTMNERR,0,24.569,0,14.92,0,0.013,0,83.6,0,8.53,0,55,18.41,7.83,0,-70.4,5.4,10.251,0,3.98,0,1.185,1.46,0,5.83
1/19/2026,9:45, ,gtmpcwq_24G103008_010726_050000.bin,Pellicer Creek,GTMNERR,0,28.829,0,17.79,0,0.043,0,84.4,0,8.25,0,49.77,16.66,7.85,0,-71.7,5.4,11.321,0,4.12,0,1.185,1.65,0,6.62
1/19/2026,10:00, ,gtmpcwq_24G103008_010726_050000.bin,Pellicer Creek,GTMNERR,0,30.435,0,18.88,0,0.08,0,84.6,0,8.21,0,47.83,16.01,7.86,0,-72.4,5.39,11.378,0,4.53,0,1.199,1.44,0,5.75
1/19/2026,10:15, ,gtmpcwq_24G103008_010726_050000.bin,Pellicer Creek,GTMNERR,0,34.249,0,21.5,0,0.118,0,84,0,7.92,0,42.6,14.26,7.87,0,-73.4,5.4,11.914,0,5.57,0,1.198,1.21,0,4.85
1/19/2026,10:30, ,gtmpcwq_24G103008_010726_050000.bin,Pellicer Creek,GTMNERR,0,33.173,0,20.74,0,0.158,0,83.8,0,8.05,0,43.96,14.72,7.88,0,-73.6,5.39,11.284,0,5.19,0,1.203,1.13,0,4.49
1/19/2026,10:45, ,gtmpcwq_24G103008_010726_050000.bin,Pellicer Creek,GTMNERR,0,34.426,0,21.58,0,0.196,0,83.9,0,8.13,0,42.37,14.18,7.9,0,-74.7,5.39,10.659,0,4.54,0,1.184,1.04,0,4.14
1/19/2026,11:00, ,gtmpcwq_24G103008_010726_050000.bin,Pellicer Creek,GTMNERR,0,35.384,0,22.24,0,0.228,0,84.6,0,8.18,0,40.74,13.64,7.92,0,-75.5,5.4,10.544,0,4.77,0,1.189,0.98,0,3.92
1/19/2026,11:15, ,gtmpcwq_24G103008_010726_050000.bin,Pellicer Creek,GTMNERR,0,36.347,0,22.9,0,0.254,0,85.9,0,8.29,0,38.87,13.01,7.94,0,-76.6,5.39,10.431,0,5.36,0,1.197,1.02,0,4.06
1/19/2026,11:30, ,gtmpcwq_24G103008_010726_050000.bin,Pellicer Creek,GTMNERR,0,37.339,0,23.59,0,0.277,0,86.7,0,8.32,0,37.08,12.41,7.95,0,-77.3,5.39,10.54,0,5.08,0,1.193,0.91,0,3.61
1/19/2026,11:45, ,gtmpcwq_24G103008_010726_050000.bin,Pellicer Creek,GTMNERR,0,37.594,0,23.77,0,0.289,0,87.7,0,8.37,0,36.59,12.25,7.95,0,-77.6,5.4,10.71,0,4.36,0,1.193,0.87,0,3.48
1/19/2026,12:00, ,gtmpcwq_24G103008_010726_050000.bin,Pellicer Creek,GTMNERR,0,38.321,0,24.28,0,0.29,0,87.8,0,8.35,0,35.48,11.88,7.96,0,-77.9,5.4,10.754,0,4.56,0,1.193,0.82,0,3.25
1/19/2026,12:15, ,gtmpcwq_24G103008_010726_050000.bin,Pellicer Creek,GTMNERR,0,39.115,0,24.84,0,0.282,0,87.5,0,8.28,0,33.66,11.27,7.96,0,-78.2,5.39,10.782,0,4.13,0,1.19,0.75,0,2.99
1/19/2026,12:30, ,gtmpcwq_24G103008_010726_050000.bin,Pellicer Creek,GTMNERR,0,39.198,0,24.9,0,0.262,0,86.4,0,8.17,0,32.95,11.03,7.95,0,-77.5,5.39,10.809,0,3.54,0,1.197,0.6,0,2.37
1/19/2026,12:45, ,gtmpcwq_24G103008_010726_050000.bin,Pellicer Creek,GTMNERR,0,38.883,0,24.68,0,0.24,0,87.4,0,8.27,0,33.99,11.38,7.96,0,-78.1,5.4,10.835,0,3.78,0,1.194,0.81,0,3.23
1/19/2026,13:00, ,gtmpcwq_24G103008_010726_050000.bin,Pellicer Creek,GTMNERR,0,38.003,0,24.06,0,0.219,0,88.1,0,8.38,0,36.1,12.08,7.95,0,-77.8,5.38,10.832,0,4.61,0,1.197,1,0,3.97
1/19/2026,13:15, ,gtmpcwq_24G103008_010726_050000.bin,Pellicer Creek,GTMNERR,0,37.484,0,23.7,0,0.199,0,87.8,0,8.36,0,36.51,12.22,7.95,0,-77.7,5.39,10.835,0,3.85,0,1.193,1.03,0,4.13
1/19/2026,13:30, ,gtmpcwq_24G103008_010726_050000.bin,Pellicer Creek,GTMNERR,0,36.772,0,23.21,0,0.174,0,87.5,0,8.36,0,38.12,12.76,7.94,0,-77.2,5.4,10.802,0,4.63,0,1.188,1.16,0,4.65
1/19/2026,13:45, ,gtmpcwq_24G103008_010726_050000.bin,Pellicer Creek,GTMNERR,0,36.786,0,23.22,0,0.15,0,87.5,0,8.35,0,38.09,12.75,7.94,0,-77.2,5.39,10.874,0,4.04,0,1.184,1.16,0,4.61
1/19/2026,14:00, ,gtmpcwq_24G103008_010726_050000.bin,Pellicer Creek,GTMNERR,0,36.299,0,22.88,0,0.129,0,87.8,0,8.39,0,38.44,12.87,7.94,0,-77.1,5.4,10.961,0,4.14,0,1.19,1.11,0,4.44
1/19/2026,14:15, ,gtmpcwq_24G103008_010726_050000.bin,Pellicer Creek,GTMNERR,0,36.789,0,23.22,0,0.111,0,87.9,0,8.37,0,38.08,12.75,7.94,0,-77.2,5.4,10.975,0,4.03,0,1.201,1.13,0,4.51
1/19/2026,14:30, ,gtmpcwq_24G103008_010726_050000.bin,Pellicer Creek,GTMNERR,0,36.15,0,22.79,0,0.087,0,88.1,0,8.39,0,39.31,13.16,7.94,0,-77.1,5.4,11.082,0,4.31,0,1.194,1.26,0,5.03
1/19/2026,14:45, ,gtmpcwq_24G103008_010726_050000.bin,Pellicer Creek,GTMNERR,0,36.177,0,22.81,0,0.062,0,88.2,0,8.4,0,39.16,13.11,7.94,0,-77.1,5.4,11.11,0,4.12,0,1.191,1.36,0,5.45
1/19/2026,15:00, ,gtmpcwq_24G103008_010726_050000.bin,Pellicer Creek,GTMNERR,0,35.142,0,22.1,0,0.047,0,88.9,0,8.45,0,40.6,13.59,7.93,0,-76.7,5.39,11.4,0,4.34,0,1.196,1.52,0,6.08
1/19/2026,15:15, ,gtmpcwq_24G103008_010726_050000.bin,Pellicer Creek,GTMNERR,0,34.708,0,21.8,0,0.027,0,88.8,0,8.46,0,41.75,13.98,7.93,0,-76.8,5.4,11.362,0,4.43,0,1.189,1.44,0,5.74
1/19/2026,15:30, ,gtmpcwq_24G103008_010726_050000.bin,Pellicer Creek,GTMNERR,0,35.481,0,22.33,0,0.009,0,88.4,0,8.4,0,40.46,13.54,7.93,0,-76.7,5.41,11.298,0,4.26,0,1.19,1.65,0,6.62
1/19/2026,15:45, ,gtmpcwq_24G103008_010726_050000.bin,Pellicer Creek,GTMNERR,0,34.828,0,21.88,0,-0.012,0,89.1,0,8.47,0,40.13,13.43,7.94,0,-77.2,5.4,11.42,0,4.27,0,1.201,1.72,0,6.9
1/19/2026,16:00, ,gtmpcwq_24G103008_010726_050000.bin,Pellicer Creek,GTMNERR,0,35.442,0,22.3,0,-0.03,0,88.6,0,8.42,0,40.17,13.45,7.94,0,-76.9,5.4,11.338,0,4.22,0,1.194,1.97,0,7.89
1/19/2026,16:15, ,gtmpcwq_24G103008_010726_050000.bin,Pellicer Creek,GTMNERR,0,34.701,0,21.8,0,-0.046,0,87.9,0,8.36,0,37.08,12.41,7.93,0,-76.7,5.39,11.449,0,7.37,0,1.186,1.88,0,7.52
1/19/2026,16:30, ,gtmpcwq_24G103008_010726_050000.bin,Pellicer Creek,GTMNERR,0,34.692,0,21.79,0,-0.061,0,87.9,0,8.36,0,38.84,13,7.93,0,-76.7,5.4,11.49,0,4.01,0,1.188,1.47,0,5.88
1/19/2026,16:45, ,gtmpcwq_24G103008_010726_050000.bin,Pellicer Creek,GTMNERR,0,35.165,0,22.11,0,-0.075,0,88.3,0,8.4,0,40.06,13.41,7.94,0,-76.8,5.41,11.381,0,3.97,0,1.2,1.57,0,6.27
1/19/2026,17:00, ,gtmpcwq_24G103008_010726_050000.bin,Pellicer Creek,GTMNERR,0,34.163,0,21.43,0,-0.09,0,88.2,0,8.37,0,40.56,13.58,7.93,0,-76.3,5.4,11.666,0,4.04,0,1.196,1.75,0,6.99
1/19/2026,17:15, ,gtmpcwq_24G103008_010726_050000.bin,Pellicer Creek,GTMNERR,0,33.935,0,21.28,0,-0.102,0,88.5,0,8.39,0,41.53,13.9,7.92,0,-76.3,5.4,11.739,0,3.86,0,1.191,1.98,0,7.94
1/19/2026,17:30, ,gtmpcwq_24G103008_010726_050000.bin,Pellicer Creek,GTMNERR,0,33.279,0,20.83,0,-0.113,0,88.2,0,8.36,0,41.96,14.04,7.91,0,-75.8,5.39,11.902,0,3.79,0,1.187,2.01,0,8.07
1/19/2026,17:45, ,gtmpcwq_24G103008_010726_050000.bin,Pellicer Creek,GTMNERR,0,32.502,0,20.3,0,-0.122,0,89.7,0,8.49,0,43.64,14.61,7.92,0,-75.8,5.4,12.108,0,3.67,0,1.203,1.66,0,6.64
1/19/2026,18:00, ,gtmpcwq_24G103008_010726_050000.bin,Pellicer Creek,GTMNERR,0,32.125,0,20.05,0,-0.134,0,89.7,0,8.49,0,44.02,14.73,7.91,0,-75.4,5.41,12.214,0,4.03,0,1.184,2.35,0,9.42
1/19/2026,18:15, ,gtmpcwq_24G103008_010726_050000.bin,Pellicer Creek,GTMNERR,0,31.61,0,19.7,0,-0.142,0,90.2,0,8.53,0,44.74,14.98,7.91,0,-75.4,5.4,12.341,0,3.92,0,1.193,2.24,0,8.96
1/19/2026,18:30, ,gtmpcwq_24G103008_010726_050000.bin,Pellicer Creek,GTMNERR,0,31.478,0,19.61,0,-0.15,0,89.3,0,8.44,0,45.04,15.08,7.9,0,-74.9,5.4,12.398,0,4.26,0,1.199,2.45,0,9.84
1/19/2026,18:45, ,gtmpcwq_24G103008_010726_050000.bin,Pellicer Creek,GTMNERR,0,31.677,0,19.74,0,-0.159,0,88.5,0,8.36,0,42.31,14.16,7.89,0,-74.5,5.39,12.369,0,4.71,0,1.188,2.42,0,9.7
1/19/2026,19:00, ,gtmpcwq_24G103008_010726_050000.bin,Pellicer Creek,GTMNERR,0,31.822,0,19.84,0,-0.164,0,88.7,0,8.38,0,43.17,14.45,7.9,0,-74.8,5.4,12.332,0,4.17,0,1.187,2.08,0,8.33
1/19/2026,19:15, ,gtmpcwq_24G103008_010726_050000.bin,Pellicer Creek,GTMNERR,0,31.136,0,19.38,0,-0.17,0,88.9,0,8.4,0,45.72,15.3,7.89,0,-74.5,5.41,12.486,0,4.19,0,1.183,2.17,0,8.69
1/19/2026,19:30, ,gtmpcwq_24G103008_010726_050000.bin,Pellicer Creek,GTMNERR,0,31.143,0,19.38,0,-0.175,0,88.6,0,8.37,0,45.44,15.21,7.89,0,-74.2,5.4,12.491,0,4.12,0,1.186,2.64,0,10.59
1/19/2026,19:45, ,gtmpcwq_24G103008_010726_050000.bin,Pellicer Creek,GTMNERR,0,30.695,0,19.08,0,-0.177,0,88.6,0,8.36,0,45.88,15.36,7.88,0,-73.9,5.41,12.597,0,3.95,0,1.192,2.26,0,9.08
1/19/2026,20:00, ,gtmpcwq_24G103008_010726_050000.bin,Pellicer Creek,GTMNERR,0,29.818,0,18.49,0,-0.176,0,89.4,0,8.43,0,47.58,15.93,7.87,0,-73.2,5.39,12.797,0,3.98,0,1.194,3.02,0,12.14
1/19/2026,20:15, ,gtmpcwq_24G103008_010726_050000.bin,Pellicer Creek,GTMNERR,0,29.234,0,18.09,0,-0.166,0,89.3,0,8.42,0,47.82,16.01,7.86,0,-72.6,5.4,12.921,0,4.19,0,1.185,2.13,0,8.53
1/19/2026,20:30, ,gtmpcwq_24G103008_010726_050000.bin,Pellicer Creek,GTMNERR,0,27.872,0,17.18,0,-0.154,0,91.3,0,8.61,0,49.32,16.51,7.85,0,-72.4,5.41,13.192,0,4.82,0,1.184,2.33,0,9.36
1/19/2026,20:45, ,gtmpcwq_24G103008_010726_050000.bin,Pellicer Creek,GTMNERR,0,26.801,0,16.46,0,-0.141,0,93.6,0,8.84,0,50.13,16.78,7.85,0,-72.4,5.39,13.327,0,4.83,0,1.192,2.61,0,10.48
1/19/2026,21:00, ,gtmpcwq_24G103008_010726_050000.bin,Pellicer Creek,GTMNERR,0,25.81,0,15.8,0,-0.126,0,96,0,9.09,0,50.81,17.01,7.87,0,-73.2,5.4,13.366,0,5.29,0,1.201,3.15,0,12.66
1/19/2026,21:15, ,gtmpcwq_24G103008_010726_050000.bin,Pellicer Creek,GTMNERR,0,25.238,0,15.41,0,-0.107,0,97,0,9.24,0,51.31,17.18,7.88,0,-73.9,5.39,13.213,0,4.92,0,1.202,2.32,0,9.29
1/19/2026,21:30, ,gtmpcwq_24G103008_010726_050000.bin,Pellicer Creek,GTMNERR,0,25.169,0,15.36,0,-0.087,0,96.2,0,9.23,0,51.24,17.15,7.88,0,-73.9,5.4,12.864,0,4.75,0,1.186,2.06,0,8.25
1/19/2026,21:45, ,gtmpcwq_24G103008_010726_050000.bin,Pellicer Creek,GTMNERR,0,29.493,0,18.26,0,-0.068,0,94.7,0,8.97,0,46.24,15.48,7.89,0,-74.3,5.4,12.616,0,4.85,0,1.191,1.8,0,7.22
1/19/2026,22:00, ,gtmpcwq_24G103008_010726_050000.bin,Pellicer Creek,GTMNERR,0,30.566,0,18.99,0,-0.047,0,94.5,0,8.95,0,44.08,14.76,7.9,0,-75.3,5.4,12.437,0,4.48,0,1.195,1.77,0,7.07
1/19/2026,22:15, ,gtmpcwq_24G103008_010726_050000.bin,Pellicer Creek,GTMNERR,0,27.673,0,17.03,0,-0.02,0,95.2,0,9.1,0,48.01,16.07,7.9,0,-75,5.4,12.606,0,4.25,0,1.189,1.93,0,7.75
1/19/2026,22:30, ,gtmpcwq_24G103008_010726_050000.bin,Pellicer Creek,GTMNERR,0,27.238,0,16.74,0,0.004,0,95.5,0,9.17,0,48.77,16.33,7.91,0,-75.3,5.39,12.455,0,4.36,0,1.187,2.26,0,9.05
1/19/2026,22:45, ,gtmpcwq_24G103008_010726_050000.bin,Pellicer Creek,GTMNERR,0,28.619,0,17.67,0,0.027,0,94.3,0,9.04,0,46.84,15.68,7.91,0,-75.7,5.39,12.272,0,4.25,0,1.186,1.69,0,6.77
1/19/2026,23:00, ,gtmpcwq_24G103008_010726_050000.bin,Pellicer Creek,GTMNERR,0,30.969,0,19.26,0,0.049,0,93.9,0,8.93,0,44.81,15,7.92,0,-76,5.4,12.217,0,4.28,0,1.195,1.67,0,6.69
1/19/2026,23:15, ,gtmpcwq_24G103008_010726_050000.bin,Pellicer Creek,GTMNERR,0,34.088,0,21.39,0,0.064,0,93.9,0,8.8,0,40.21,13.46,7.94,0,-77,5.39,12.264,0,3.79,0,1.189,1.34,0,5.37
1/19/2026,23:30, ,gtmpcwq_24G103008_010726_050000.bin,Pellicer Creek,GTMNERR,0,34.555,0,21.71,0,0.079,0,93.4,0,8.75,0,39.78,13.31,7.94,0,-77,5.39,12.153,0,3.81,0,1.201,1.54,0,6.16
1/19/2026,23:45, ,gtmpcwq_24G103008_010726_050000.bin,Pellicer Creek,GTMNERR,0,34.617,0,21.75,0,0.089,0,93.1,0,8.73,0,39.62,13.26,7.94,0,-77.1,5.38,12.082,0,3.38,0,1.183,1.3,0,5.18
1/20/2026,0:00, ,gtmpcwq_24G103008_010726_050000.bin,Pellicer Creek,GTMNERR,0,34.643,0,21.77,0,0.092,0,93.6,0,8.79,0,39.75,13.3,7.95,0,-77.5,5.39,12.036,0,3.64,0,1.19,1.18,0,4.7
1/20/2026,0:15, ,gtmpcwq_24G103008_010726_050000.bin,Pellicer Creek,GTMNERR,0,36.216,0,22.86,0,0.083,0,91.6,0,8.53,0,36.23,12.13,7.93,0,-76.9,5.4,12.109,0,3.2,0,1.197,1.24,0,4.95
1/20/2026,0:30, ,gtmpcwq_24G103008_010726_050000.bin,Pellicer Creek,GTMNERR,0,37.652,0,23.86,0,0.068,0,91.7,0,8.47,0,35.01,11.72,7.94,0,-77.4,5.39,12.191,0,3.66,0,1.196,1.08,0,4.31
1/20/2026,0:45, ,gtmpcwq_24G103008_010726_050000.bin,Pellicer Creek,GTMNERR,0,37.774,0,23.95,0,0.054,0,92.2,0,8.5,0,34.99,11.71,7.95,0,-77.8,5.39,12.216,0,3.69,0,1.198,1.2,0,4.78
1/20/2026,1:00, ,gtmpcwq_24G103008_010726_050000.bin,Pellicer Creek,GTMNERR,0,37.254,0,23.59,0,0.041,0,91,0,8.42,0,35.48,11.88,7.94,0,-77.3,5.38,12.215,0,3.7,0,1.202,1.23,0,4.9
1/20/2026,1:15, ,gtmpcwq_24G103008_010726_050000.bin,Pellicer Creek,GTMNERR,0,36.967,0,23.39,0,0.024,0,92,0,8.52,0,35.9,12.02,7.94,0,-77.5,5.39,12.219,0,4.04,0,1.196,1.48,0,5.93
1/20/2026,1:30, ,gtmpcwq_24G103008_010726_050000.bin,Pellicer Creek,GTMNERR,0,37.164,0,23.52,0,0.009,0,91.1,0,8.43,0,36.22,12.12,7.94,0,-77.2,5.39,12.186,0,4.1,0,1.185,1.62,0,6.47
1/20/2026,1:45, ,gtmpcwq_24G103008_010726_050000.bin,Pellicer Creek,GTMNERR,0,37.503,0,23.76,0,-0.006,0,90.7,0,8.38,0,34.5,11.55,7.94,0,-77.4,5.39,12.196,0,3.75,0,1.192,1.36,0,5.44
1/20/2026,2:00, ,gtmpcwq_24G103008_010726_050000.bin,Pellicer Creek,GTMNERR,0,36.523,0,23.08,0,-0.018,0,90.5,0,8.4,0,35.36,11.84,7.94,0,-77.2,5.39,12.21,0,3.47,0,1.187,1.33,0,5.3
1/20/2026,2:15, ,gtmpcwq_24G103008_010726_050000.bin,Pellicer Creek,GTMNERR,0,35.814,0,22.59,0,-0.029,0,89.3,0,8.31,0,35.73,11.96,7.91,0,-75.8,5.39,12.226,0,3.05,0,1.188,1.21,0,4.83
1/20/2026,2:30, ,gtmpcwq_24G103008_010726_050000.bin,Pellicer Creek,GTMNERR,0,36.1,0,22.79,0,-0.039,0,86.4,0,8.03,0,35.05,11.73,7.91,0,-75.3,5.38,12.231,0,3.26,0,1.198,1.63,0,6.53
1/20/2026,2:45, ,gtmpcwq_24G103008_010726_050000.bin,Pellicer Creek,GTMNERR,0,36.459,0,23.03,0,-0.051,0,86.4,0,8.02,0,34.74,11.63,7.91,0,-75.5,5.38,12.229,0,3.14,0,1.202,1.76,0,7.06
1/20/2026,3:00, ,gtmpcwq_24G103008_010726_050000.bin,Pellicer Creek,GTMNERR,0,35.717,0,22.52,0,-0.061,0,87.9,0,8.18,0,35.31,11.82,7.91,0,-75.6,5.39,12.239,0,3.46,0,1.193,1.4,0,5.58
1/20/2026,3:15, ,gtmpcwq_24G103008_010726_050000.bin,Pellicer Creek,GTMNERR,0,35.585,0,22.43,0,-0.073,0,86.4,0,8.04,0,35.8,11.98,7.9,0,-75.2,5.38,12.246,0,3.35,0,1.185,1.26,0,5.04
1/20/2026,3:30, ,gtmpcwq_24G103008_010726_050000.bin,Pellicer Creek,GTMNERR,0,35.749,0,22.54,0,-0.084,0,84.8,0,7.89,0,34.94,11.69,7.9,0,-75,5.38,12.246,0,3.23,0,1.191,1.45,0,5.8
1/20/2026,3:45, ,gtmpcwq_24G103008_010726_050000.bin,Pellicer Creek,GTMNERR,0,35.49,0,22.36,0,-0.093,0,85.7,0,7.98,0,37.4,12.52,7.9,0,-74.9,5.39,12.252,0,3.65,0,1.194,1.96,0,7.87
1/20/2026,4:00, ,gtmpcwq_24G103008_010726_050000.bin,Pellicer Creek,GTMNERR,0,35.243,0,22.19,0,-0.102,0,87.6,0,8.17,0,36.64,12.27,7.91,0,-75.5,5.39,12.257,0,3.79,0,1.189,1.82,0,7.27
1/20/2026,4:15, ,gtmpcwq_24G103008_010726_050000.bin,Pellicer Creek,GTMNERR,0,34.758,0,21.86,0,-0.112,0,86.7,0,8.1,0,37.23,12.46,7.9,0,-75.2,5.38,12.284,0,4.06,0,1.198,1.79,0,7.17
1/20/2026,4:30, ,gtmpcwq_24G103008_010726_050000.bin,Pellicer Creek,GTMNERR,0,33.723,0,21.14,0,-0.117,0,87,0,8.15,0,38.85,13,7.89,0,-74.5,5.39,12.335,0,3.69,0,1.195,1.79,0,7.17
1/20/2026,4:45, ,gtmpcwq_24G103008_010726_050000.bin,Pellicer Creek,GTMNERR,0,33.572,0,21.04,0,-0.123,0,86.1,0,8.07,0,39.49,13.22,7.89,0,-74.2,5.39,12.337,0,3.58,0,1.185,1.72,0,6.87
1/20/2026,5:00, ,gtmpcwq_24G103008_010726_050000.bin,Pellicer Creek,GTMNERR,0,33.305,0,20.86,0,-0.133,0,87.1,0,8.18,0,40.53,13.57,7.88,0,-74,5.39,12.337,0,3.74,0,1.185,2.05,0,8.23
1/20/2026,5:15, ,gtmpcwq_24G103008_010726_050000.bin,Pellicer Creek,GTMNERR,0,33.082,0,20.7,0,-0.142,0,86.6,0,8.13,0,39.89,13.35,7.87,0,-73.3,5.39,12.355,0,3.56,0,1.201,1.28,0,5.13
1/20/2026,5:30, ,gtmpcwq_24G103008_010726_050000.bin,Pellicer Creek,GTMNERR,0,32.58,0,20.36,0,-0.15,0,87.3,0,8.21,0,42.12,14.1,7.87,0,-73.3,5.39,12.393,0,3.91,0,1.202,1.94,0,7.78
1/20/2026,5:45, ,gtmpcwq_24G103008_010726_050000.bin,Pellicer Creek,GTMNERR,0,33.015,0,20.66,0,-0.154,0,84.6,0,7.94,0,39.5,13.22,7.86,0,-72.6,5.39,12.368,0,3.14,0,1.201,1.39,0,5.55
1/20/2026,6:00, ,gtmpcwq_24G103008_010726_050000.bin,Pellicer Creek,GTMNERR,0,32.149,0,20.07,0,-0.16,0,86.5,0,8.14,0,41.73,13.97,7.87,0,-73,5.39,12.408,0,4.07,0,1.188,1.89,0,7.56
1/20/2026,6:15, ,gtmpcwq_24G103008_010726_050000.bin,Pellicer Creek,GTMNERR,0,31.375,0,19.54,0,-0.164,0,85.6,0,8.08,0,42.65,14.28,7.83,0,-71.1,5.38,12.468,0,3.72,0,1.186,1.38,0,5.5
1/20/2026,6:30, ,gtmpcwq_24G103008_010726_050000.bin,Pellicer Creek,GTMNERR,0,31.22,0,19.43,0,-0.169,0,84.9,0,8.01,0,42.3,14.16,7.84,0,-71.4,5.38,12.496,0,3.35,0,1.191,1.49,0,5.97
1/20/2026,6:45, ,gtmpcwq_24G103008_010726_050000.bin,Pellicer Creek,GTMNERR,0,30.885,0,19.21,0,-0.173,0,83.9,0,7.93,0,41.67,13.95,7.83,0,-71.3,5.39,12.526,0,3.55,0,1.187,1.31,0,5.23
1/20/2026,7:00, ,gtmpcwq_24G103008_010726_050000.bin,Pellicer Creek,GTMNERR,0,31.1,0,19.35,0,-0.177,0,77.5,0,7.31,0,40.26,13.48,7.8,0,-69,5.38,12.524,0,3.03,0,1.196,0.94,0,3.76
1/20/2026,7:15, ,gtmpcwq_24G103008_010726_050000.bin,Pellicer Creek,GTMNERR,0,31.219,0,19.43,0,-0.178,0,77,0,7.26,0,40.15,13.44,7.82,0,-70.3,5.39,12.529,0,3.8,0,1.198,1.12,0,4.48
1/20/2026,7:30, ,gtmpcwq_24G103008_010726_050000.bin,Pellicer Creek,GTMNERR,0,31.389,0,19.55,0,-0.182,0,78.8,0,7.42,0,40.52,13.56,7.82,0,-70.7,5.38,12.535,0,2.91,0,1.19,1.24,0,4.94
1/20/2026,7:45, ,gtmpcwq_24G103008_010726_050000.bin,Pellicer Creek,GTMNERR,0,30.712,0,19.09,0,-0.18,0,82.8,0,7.82,0,43.51,14.57,7.84,0,-71.8,5.38,12.585,0,3.92,0,1.186,1.67,0,6.69
1/20/2026,8:00, ,gtmpcwq_24G103008_010726_050000.bin,Pellicer Creek,GTMNERR,0,30.417,0,18.89,0,-0.175,0,87,0,8.21,0,45.45,15.21,7.84,0,-71.8,5.39,12.635,0,3.97,0,1.187,1.89,0,7.59
1/20/2026,8:15, ,gtmpcwq_24G103008_010726_050000.bin,Pellicer Creek,GTMNERR,0,29.887,0,18.53,0,-0.166,0,86.4,0,8.17,0,45.69,15.3,7.85,0,-71.9,5.38,12.664,0,4.25,0,1.196,1.77,0,7.08
1/20/2026,8:30, ,gtmpcwq_24G103008_010726_050000.bin,Pellicer Creek,GTMNERR,0,28.327,0,17.48,0,-0.155,0,86.8,0,8.24,0,48.83,16.34,7.82,0,-70.5,5.39,12.788,0,4.23,0,1.187,2.13,0,8.53
1/20/2026,8:45, ,gtmpcwq_24G103008_010726_050000.bin,Pellicer Creek,GTMNERR,0,26.759,0,16.42,0,-0.139,0,86.7,0,8.33,0,50.8,17.01,7.81,0,-70.1,5.38,12.56,0,4.19,0,1.193,2.89,0,11.59
1/20/2026,9:00, ,gtmpcwq_24G103008_010726_050000.bin,Pellicer Creek,GTMNERR,0,26.888,0,16.5,0,-0.12,0,86.9,0,8.4,0,50.77,16.99,7.82,0,-70.7,5.38,12.207,0,4.29,0,1.184,1.65,0,6.61
1/20/2026,9:15, ,gtmpcwq_24G103008_010726_050000.bin,Pellicer Creek,GTMNERR,0,28.261,0,17.42,0,-0.099,0,86.9,0,8.39,0,49.26,16.49,7.84,0,-71.5,5.39,12.05,0,4.19,0,1.184,1.6,0,6.39
1/20/2026,9:30, ,gtmpcwq_24G103008_010726_050000.bin,Pellicer Creek,GTMNERR,0,29.369,0,18.15,0,-0.073,0,88.8,0,8.64,0,46.71,15.63,7.88,0,-73.6,5.38,11.398,0,4.15,0,1.197,1.64,0,6.57
1/20/2026,9:45, ,gtmpcwq_24G103008_010726_050000.bin,Pellicer Creek,GTMNERR,0,27.151,0,16.65,0,-0.044,0,90.1,0,8.95,0,50.38,16.86,7.88,0,-73.7,5.38,10.957,0,3.93,0,1.192,1.65,0,6.61
1/20/2026,10:00, ,gtmpcwq_24G103008_010726_050000.bin,Pellicer Creek,GTMNERR,0,28.903,0,17.83,0,-0.016,0,91,0,8.95,0,45.75,15.31,7.89,0,-74.4,5.36,11.121,0,3.84,0,1.19,1.52,0,6.1
1/20/2026,10:15, ,gtmpcwq_24G103008_010726_050000.bin,Pellicer Creek,GTMNERR,0,26.371,0,16.12,0,0.014,0,93,0,9.34,0,50.24,16.82,7.91,0,-75,5.37,10.624,0,4.08,0,1.189,1.61,0,6.44
1/20/2026,10:30, ,gtmpcwq_24G103008_010726_050000.bin,Pellicer Creek,GTMNERR,0,27.23,0,16.7,0,0.05,0,93,0,9.27,0,48.88,16.36,7.92,0,-75.6,5.38,10.747,0,3.95,0,1.184,1.29,0,5.16
1/20/2026,10:45, ,gtmpcwq_24G103008_010726_050000.bin,Pellicer Creek,GTMNERR,0,28.416,0,17.49,0,0.089,0,93.6,0,9.3,0,48.08,16.09,7.93,0,-76.3,5.36,10.669,0,3.83,0,1.187,1.13,0,4.52
1/20/2026,11:00, ,gtmpcwq_24G103008_010726_050000.bin,Pellicer Creek,GTMNERR,0,28.924,0,17.83,0,0.128,0,94.4,0,9.37,0,47.27,15.82,7.94,0,-76.7,5.38,10.64,0,3.79,0,1.183,1.04,0,4.16
1/20/2026,11:15, ,gtmpcwq_24G103008_010726_050000.bin,Pellicer Creek,GTMNERR,0,32.479,0,20.25,0,0.159,0,94.4,0,9.17,0,42.3,14.16,7.95,0,-77.7,5.36,10.902,0,4.78,0,1.186,0.97,0,3.86
1/20/2026,11:30, ,gtmpcwq_24G103008_010726_050000.bin,Pellicer Creek,GTMNERR,0,32.762,0,20.44,0,0.194,0,95.1,0,9.28,0,42.32,14.17,7.97,0,-78.4,5.36,10.66,0,3.84,0,1.201,0.95,0,3.77
1/20/2026,11:45, ,gtmpcwq_24G103008_010726_050000.bin,Pellicer Creek,GTMNERR,0,34.533,0,21.65,0,0.229,0,95.8,0,9.29,0,39.62,13.26,7.98,0,-79.4,5.37,10.643,0,4.2,0,1.185,0.84,0,3.33
1/20/2026,12:00, ,gtmpcwq_24G103008_010726_050000.bin,Pellicer Creek,GTMNERR,0,35.978,0,22.65,0,0.253,0,96.3,0,9.28,0,37.53,12.56,8,0,-80.1,5.36,10.599,0,4.27,0,1.187,0.84,0,3.32
1/20/2026,12:15, ,gtmpcwq_24G103008_010726_050000.bin,Pellicer Creek,GTMNERR,0,36.9,0,23.29,0,0.276,0,97,0,9.29,0,36.1,12.08,8.01,0,-80.7,5.37,10.669,0,4.34,0,1.194,0.77,0,3.06
1/20/2026,12:30, ,gtmpcwq_24G103008_010726_050000.bin,Pellicer Creek,GTMNERR,0,38.026,0,24.08,0,0.286,0,97.6,0,9.29,0,34.05,11.4,8.02,0,-81.3,5.36,10.744,0,3.88,0,1.192,0.71,0,2.82
1/20/2026,12:45, ,gtmpcwq_24G103008_010726_050000.bin,Pellicer Creek,GTMNERR,0,38.017,0,24.08,0,0.294,0,98.6,0,9.35,0,34.09,11.41,8.02,0,-81.5,5.36,10.932,0,3.75,0,1.183,0.77,0,3.05
1/20/2026,13:00, ,gtmpcwq_24G103008_010726_050000.bin,Pellicer Creek,GTMNERR,0,38.703,0,24.56,0,0.291,0,98.4,0,9.29,0,32.09,10.74,8.02,0,-81.7,5.38,10.988,0,3.25,0,1.189,0.66,0,2.6
1/20/2026,13:15, ,gtmpcwq_24G103008_010726_050000.bin,Pellicer Creek,GTMNERR,0,38.843,0,24.66,0,0.275,0,97.6,0,9.21,0,31.86,10.66,8.02,0,-81.3,5.36,11.01,0,3.73,0,1.184,0.6,0,2.39
1/20/2026,13:30, ,gtmpcwq_24G103008_010726_050000.bin,Pellicer Creek,GTMNERR,0,38.605,0,24.49,0,0.261,0,97.8,0,9.23,0,32.54,10.89,8.02,0,-81.5,5.37,11.027,0,3.61,0,1.187,0.67,0,2.66
1/20/2026,13:45, ,gtmpcwq_24G103008_010726_050000.bin,Pellicer Creek,GTMNERR,0,37.962,0,24.04,0,0.242,0,98.8,0,9.36,0,34.4,11.51,8.02,0,-81.6,5.36,10.966,0,3.82,0,1.189,0.84,0,3.33
1/20/2026,14:00, ,gtmpcwq_24G103008_010726_050000.bin,Pellicer Creek,GTMNERR,0,37.224,0,23.52,0,0.225,0,98.5,0,9.37,0,35.63,11.93,8.02,0,-81.3,5.37,10.91,0,3.85,0,1.195,0.86,0,3.42
1/20/2026,14:15, ,gtmpcwq_24G103008_010726_050000.bin,Pellicer Creek,GTMNERR,0,37.057,0,23.41,0,0.204,0,97.9,0,9.33,0,35.86,12,8.01,0,-81.2,5.38,10.901,0,3.64,0,1.194,0.96,0,3.81
1/20/2026,14:30, ,gtmpcwq_24G103008_010726_050000.bin,Pellicer Creek,GTMNERR,0,36.341,0,22.92,0,0.186,0,97.7,0,9.31,0,36.93,12.36,8.01,0,-80.8,5.36,11.049,0,3.67,0,1.202,1,0,3.98
1/20/2026,14:45, ,gtmpcwq_24G103008_010726_050000.bin,Pellicer Creek,GTMNERR,0,34.485,0,21.65,0,0.166,0,98.9,0,9.37,0,39.24,13.14,7.99,0,-80,5.37,11.636,0,4.01,0,1.192,1.04,0,4.16
1/20/2026,15:00, ,gtmpcwq_24G103008_010726_050000.bin,Pellicer Creek,GTMNERR,0,35.715,0,22.5,0,0.147,0,98.5,0,9.33,0,37.02,12.39,8,0,-80.4,5.36,11.427,0,3.73,0,1.19,1.06,0,4.24
1/20/2026,15:15, ,gtmpcwq_24G103008_010726_050000.bin,Pellicer Creek,GTMNERR,0,35.663,0,22.46,0,0.128,0,98.2,0,9.32,0,37.78,12.65,8,0,-80.3,5.37,11.366,0,3.61,0,1.19,1.16,0,4.63
1/20/2026,15:30, ,gtmpcwq_24G103008_010726_050000.bin,Pellicer Creek,GTMNERR,0,34.883,0,21.92,0,0.111,0,97.3,0,9.23,0,39.63,13.27,7.98,0,-79.3,5.38,11.573,0,3.86,0,1.187,1.51,0,6.03
1/20/2026,15:45, ,gtmpcwq_24G103008_010726_050000.bin,Pellicer Creek,GTMNERR,0,36.06,0,22.73,0,0.091,0,96.9,0,9.16,0,37.24,12.47,7.98,0,-79.6,5.37,11.447,0,3.5,0,1.187,1.28,0,5.11
1/20/2026,16:00, ,gtmpcwq_24G103008_010726_050000.bin,Pellicer Creek,GTMNERR,0,34.84,0,21.9,0,0.073,0,96.2,0,9.07,0,39.77,13.31,7.96,0,-78.5,5.38,11.803,0,3.7,0,1.199,1.52,0,6.09
1/20/2026,16:15, ,gtmpcwq_24G103008_010726_050000.bin,Pellicer Creek,GTMNERR,0,34.11,0,21.4,0,0.058,0,96.6,0,9.11,0,40.81,13.66,7.96,0,-78.3,5.36,11.938,0,4.03,0,1.19,1.7,0,6.79
1/20/2026,16:30, ,gtmpcwq_24G103008_010726_050000.bin,Pellicer Creek,GTMNERR,0,34.195,0,21.46,0,0.043,0,96.1,0,9.08,0,40.37,13.51,7.96,0,-78.3,5.37,11.872,0,3.76,0,1.195,1.69,0,6.77
1/20/2026,16:45, ,gtmpcwq_24G103008_010726_050000.bin,Pellicer Creek,GTMNERR,0,33.888,0,21.25,0,0.025,0,96.9,0,9.17,0,40.49,13.55,7.96,0,-78.3,5.38,11.856,0,3.98,0,1.191,1.76,0,7.03
1/20/2026,17:00, ,gtmpcwq_24G103008_010726_050000.bin,Pellicer Creek,GTMNERR,0,34.786,0,21.86,0,0.012,0,96.2,0,9.09,0,37.95,12.7,7.97,0,-78.6,5.37,11.74,0,4.64,0,1.195,1.61,0,6.44
1/20/2026,17:15, ,gtmpcwq_24G103008_010726_050000.bin,Pellicer Creek,GTMNERR,0,34.874,0,21.92,0,-0.003,0,96,0,9.08,0,38.03,12.73,7.97,0,-79,5.37,11.698,0,3.23,0,1.191,1.7,0,6.8
1/20/2026,17:30, ,gtmpcwq_24G103008_010726_050000.bin,Pellicer Creek,GTMNERR,0,34.711,0,21.81,0,-0.016,0,94.9,0,8.97,0,38,12.72,7.96,0,-78.6,5.38,11.764,0,3.28,0,1.192,1.57,0,6.28
1/20/2026,17:45, ,gtmpcwq_24G103008_010726_050000.bin,Pellicer Creek,GTMNERR,0,34.806,0,21.88,0,-0.029,0,95.5,0,9.01,0,38.62,12.93,7.96,0,-78.6,5.37,11.808,0,4.17,0,1.193,2.36,0,9.46
1/20/2026,18:00, ,gtmpcwq_24G103008_010726_050000.bin,Pellicer Creek,GTMNERR,0,34.593,0,21.73,0,-0.039,0,94.4,0,8.9,0,39.37,13.18,7.95,0,-78,5.37,11.86,0,3.74,0,1.187,2.06,0,8.25
1/20/2026,18:15, ,gtmpcwq_24G103008_010726_050000.bin,Pellicer Creek,GTMNERR,0,34.069,0,21.37,0,-0.05,0,94.6,0,8.92,0,39.59,13.25,7.95,0,-77.8,5.38,11.961,0,3.5,0,1.2,2.35,0,9.42
1/20/2026,18:30, ,gtmpcwq_24G103008_010726_050000.bin,Pellicer Creek,GTMNERR,0,33.408,0,20.92,0,-0.061,0,95.4,0,9,0,40.39,13.52,7.94,0,-77.1,5.37,12.056,0,3.56,0,1.198,1.94,0,7.76
1/20/2026,18:45, ,gtmpcwq_24G103008_010726_050000.bin,Pellicer Creek,GTMNERR,0,32.601,0,20.37,0,-0.07,0,94.2,0,8.9,0,40.2,13.46,7.93,0,-76.5,5.37,12.166,0,3.73,0,1.19,1.61,0,6.46
1/20/2026,19:00, ,gtmpcwq_24G103008_010726_050000.bin,Pellicer Creek,GTMNERR,0,32.193,0,20.09,0,-0.078,0,94.2,0,8.9,0,40.63,13.6,7.93,0,-76.8,5.37,12.243,0,3.6,0,1.183,1.76,0,7.03
1/20/2026,19:15, ,gtmpcwq_24G103008_010726_050000.bin,Pellicer Creek,GTMNERR,0,31.928,0,19.91,0,-0.087,0,94,0,8.88,0,39.92,13.36,7.93,0,-76.6,5.38,12.294,0,3.43,0,1.201,1.9,0,7.61
1/20/2026,19:30, ,gtmpcwq_24G103008_010726_050000.bin,Pellicer Creek,GTMNERR,0,31.781,0,19.81,0,-0.094,0,93.4,0,8.83,0,41.43,13.87,7.92,0,-76.2,5.37,12.322,0,3.68,0,1.201,1.82,0,7.28
1/20/2026,19:45, ,gtmpcwq_24G103008_010726_050000.bin,Pellicer Creek,GTMNERR,0,31.708,0,19.76,0,-0.103,0,93.9,0,8.87,0,42.1,14.09,7.92,0,-76,5.38,12.34,0,3.58,0,1.193,1.73,0,6.93
1/20/2026,20:00, ,gtmpcwq_24G103008_010726_050000.bin,Pellicer Creek,GTMNERR,0,31.719,0,19.77,0,-0.109,0,91.6,0,8.65,0,41.23,13.8,7.91,0,-75.3,5.38,12.351,0,3.51,0,1.198,1.88,0,7.54
1/20/2026,20:15, ,gtmpcwq_24G103008_010726_050000.bin,Pellicer Creek,GTMNERR,0,31.252,0,19.45,0,-0.111,0,92.3,0,8.72,0,44.01,14.73,7.9,0,-75,5.37,12.397,0,4.05,0,1.2,2.49,0,9.97
1/20/2026,20:30, ,gtmpcwq_24G103008_010726_050000.bin,Pellicer Creek,GTMNERR,0,30.185,0,18.73,0,-0.107,0,94.8,0,8.98,0,45.01,15.07,7.9,0,-75.2,5.38,12.547,0,4.54,0,1.191,2.28,0,9.13
1/20/2026,20:45, ,gtmpcwq_24G103008_010726_050000.bin,Pellicer Creek,GTMNERR,0,28.997,0,17.93,0,-0.097,0,95.2,0,9.03,0,46.52,15.57,7.89,0,-74.7,5.36,12.668,0,4.66,0,1.185,3.2,0,12.85
1/20/2026,21:00, ,gtmpcwq_24G103008_010726_050000.bin,Pellicer Creek,GTMNERR,0,27.468,0,16.9,0,-0.086,0,98.3,0,9.37,0,47.7,15.97,7.92,0,-76.3,5.37,12.784,0,5.08,0,1.196,2.27,0,9.09
1/20/2026,21:15, ,gtmpcwq_24G103008_010726_050000.bin,Pellicer Creek,GTMNERR,0,25.61,0,15.66,0,-0.072,0,101.1,0,9.7,0,49.66,16.62,7.94,0,-77.3,5.38,12.832,0,4.9,0,1.196,2.92,0,11.71
1/20/2026,21:30, ,gtmpcwq_24G103008_010726_050000.bin,Pellicer Creek,GTMNERR,0,25.691,0,15.71,0,-0.057,0,102,0,9.81,0,49.23,16.48,7.95,0,-77.9,5.37,12.658,0,5.17,0,1.193,2.65,0,10.65
1/20/2026,21:45, ,gtmpcwq_24G103008_010726_050000.bin,Pellicer Creek,GTMNERR,0,25.722,0,15.72,0,-0.039,0,101.7,0,9.88,0,49.28,16.5,7.97,0,-78.9,5.38,12.219,0,4.92,0,1.19,2.33,0,9.33
1/20/2026,22:00, ,gtmpcwq_24G103008_010726_050000.bin,Pellicer Creek,GTMNERR,0,27.24,0,16.74,0,-0.019,0,101.5,0,9.76,0,47.18,15.79,7.96,0,-78.5,5.36,12.376,0,4.67,0,1.195,1.69,0,6.78
1/20/2026,22:15, ,gtmpcwq_24G103008_010726_050000.bin,Pellicer Creek,GTMNERR,0,29.175,0,18.04,0,0.001,0,100.4,0,9.63,0,44.6,14.93,7.97,0,-79,5.37,12.134,0,4.34,0,1.201,2.07,0,8.29
1/20/2026,22:30, ,gtmpcwq_24G103008_010726_050000.bin,Pellicer Creek,GTMNERR,0,28.992,0,17.91,0,0.026,0,100.4,0,9.66,0,45.1,15.1,7.98,0,-79.3,5.37,12.037,0,4.63,0,1.193,1.81,0,7.24
1/20/2026,22:45, ,gtmpcwq_24G103008_010726_050000.bin,Pellicer Creek,GTMNERR,0,28.575,0,17.63,0,0.05,0,100.7,0,9.74,0,46.02,15.4,7.98,0,-79.6,5.36,11.879,0,4.31,0,1.191,2.12,0,8.49
1/20/2026,23:00, ,gtmpcwq_24G103008_010726_050000.bin,Pellicer Creek,GTMNERR,0,28.592,0,17.64,0,0.075,0,100.8,0,9.76,0,46.02,15.41,7.99,0,-79.8,5.37,11.796,0,4.15,0,1.192,1.92,0,7.67
1/20/2026,23:15, ,gtmpcwq_24G103008_010726_050000.bin,Pellicer Creek,GTMNERR,0,29.152,0,18.01,0,0.1,0,99.9,0,9.7,0,45.38,15.19,7.99,0,-79.9,5.36,11.577,0,4.27,0,1.199,1.74,0,6.97
1/20/2026,23:30, ,gtmpcwq_24G103008_010726_050000.bin,Pellicer Creek,GTMNERR,0,30.604,0,18.99,0,0.123,0,99.5,0,9.65,0,43.79,14.66,8,0,-80.3,5.36,11.378,0,4.1,0,1.199,1.53,0,6.1
1/20/2026,23:45, ,gtmpcwq_24G103008_010726_050000.bin,Pellicer Creek,GTMNERR,0,31.173,0,19.37,0,0.15,0,99,0,9.62,0,43.18,14.45,8,0,-80.4,5.37,11.148,0,3.73,0,1.192,1.75,0,7.01
1/21/2026,0:00, ,gtmpcwq_24G103008_010726_050000.bin,Pellicer Creek,GTMNERR,0,32.574,0,20.33,0,0.173,0,98.8,0,9.55,0,41.47,13.88,8,0,-80.5,5.36,11.144,0,3.69,0,1.192,1.35,0,5.4
1/21/2026,0:15, ,gtmpcwq_24G103008_010726_050000.bin,Pellicer Creek,GTMNERR,0,32.518,0,20.28,0,0.188,0,98.4,0,9.53,0,41.7,13.96,8,0,-80.4,5.36,11.046,0,3.69,0,1.191,1.44,0,5.74
1/21/2026,0:30, ,gtmpcwq_24G103008_010726_050000.bin,Pellicer Creek,GTMNERR,0,33.418,0,20.9,0,0.202,0,98.5,0,9.5,0,40.41,13.53,8,0,-80.5,5.35,11.085,0,3.51,0,1.202,1.36,0,5.43
1/21/2026,0:45, ,gtmpcwq_24G103008_010726_050000.bin,Pellicer Creek,GTMNERR,0,35.587,0,22.4,0,0.205,0,98.4,0,9.35,0,36.88,12.34,8,0,-80.7,5.36,11.295,0,3.31,0,1.201,0.99,0,3.96
1/21/2026,1:00, ,gtmpcwq_24G103008_010726_050000.bin,Pellicer Creek,GTMNERR,0,35.905,0,22.62,0,0.2,0,98.1,0,9.31,0,36.14,12.1,8.01,0,-80.9,5.36,11.28,0,3.88,0,1.198,1.02,0,4.05
1/21/2026,1:15, ,gtmpcwq_24G103008_010726_050000.bin,Pellicer Creek,GTMNERR,0,36.584,0,23.1,0,0.181,0,97.6,0,9.2,0,35.06,11.74,8,0,-80.6,5.35,11.482,0,3.46,0,1.202,1.03,0,4.09
1/21/2026,1:30, ,gtmpcwq_24G103008_010726_050000.bin,Pellicer Creek,GTMNERR,0,36.416,0,22.98,0,0.164,0,98.7,0,9.3,0,35.61,11.92,8,0,-80.8,5.36,11.52,0,3.49,0,1.197,1.05,0,4.2
1/21/2026,1:45, ,gtmpcwq_24G103008_010726_050000.bin,Pellicer Creek,GTMNERR,0,35.297,0,22.21,0,0.147,0,98.5,0,9.33,0,36.94,12.37,8,0,-80.7,5.35,11.549,0,3.89,0,1.191,1.24,0,4.97
1/21/2026,2:00, ,gtmpcwq_24G103008_010726_050000.bin,Pellicer Creek,GTMNERR,0,34.764,0,21.84,0,0.129,0,98.2,0,9.33,0,37.67,12.61,7.99,0,-80.2,5.35,11.494,0,3.5,0,1.201,1.31,0,5.22
1/21/2026,2:15, ,gtmpcwq_24G103008_010726_050000.bin,Pellicer Creek,GTMNERR,0,34.358,0,21.56,0,0.108,0,97.6,0,9.28,0,37.72,12.63,7.99,0,-80,5.36,11.527,0,3.53,0,1.184,1.3,0,5.18
1/21/2026,2:30, ,gtmpcwq_24G103008_010726_050000.bin,Pellicer Creek,GTMNERR,0,36.052,0,22.74,0,0.089,0,97.8,0,9.18,0,35.94,12.03,7.99,0,-79.8,5.35,11.785,0,3.56,0,1.19,1.23,0,4.9
1/21/2026,2:45, ,gtmpcwq_24G103008_010726_050000.bin,Pellicer Creek,GTMNERR,0,35.717,0,22.51,0,0.072,0,98,0,9.21,0,37.07,12.41,7.99,0,-79.8,5.36,11.773,0,4.29,0,1.202,1.38,0,5.52
1/21/2026,3:00, ,gtmpcwq_24G103008_010726_050000.bin,Pellicer Creek,GTMNERR,0,35.497,0,22.35,0,0.056,0,98,0,9.22,0,37.27,12.48,7.99,0,-79.8,5.35,11.775,0,3.96,0,1.192,1.52,0,6.07
1/21/2026,3:15, ,gtmpcwq_24G103008_010726_050000.bin,Pellicer Creek,GTMNERR,0,35.602,0,22.43,0,0.041,0,97.5,0,9.17,0,36.74,12.3,7.98,0,-79.7,5.36,11.771,0,3.96,0,1.19,1.59,0,6.35
1/21/2026,3:30, ,gtmpcwq_24G103008_010726_050000.bin,Pellicer Creek,GTMNERR,0,35.884,0,22.62,0,0.025,0,95.8,0,9,0,34.63,11.59,7.98,0,-79.5,5.36,11.781,0,4.22,0,1.191,1.4,0,5.61
1/21/2026,3:45, ,gtmpcwq_24G103008_010726_050000.bin,Pellicer Creek,GTMNERR,0,35.871,0,22.61,0,0.011,0,94.7,0,8.9,0,34.49,11.55,7.97,0,-79.1,5.35,11.795,0,3.19,0,1.189,1.4,0,5.59
1/21/2026,4:00, ,gtmpcwq_24G103008_010726_050000.bin,Pellicer Creek,GTMNERR,0,35.27,0,22.2,0,-0.003,0,95.6,0,9,0,35.51,11.89,7.97,0,-78.6,5.36,11.795,0,3.65,0,1.191,1.39,0,5.55
1/21/2026,4:15, ,gtmpcwq_24G103008_010726_050000.bin,Pellicer Creek,GTMNERR,0,35.268,0,22.2,0,-0.018,0,96,0,9.04,0,37.06,12.4,7.97,0,-78.9,5.35,11.791,0,4.2,0,1.196,1.79,0,7.19
1/21/2026,4:30, ,gtmpcwq_24G103008_010726_050000.bin,Pellicer Creek,GTMNERR,0,35.288,0,22.21,0,-0.033,0,94.9,0,8.93,0,35.46,11.87,7.97,0,-78.8,5.36,11.801,0,3.26,0,1.19,1.6,0,6.4
1/21/2026,4:45, ,gtmpcwq_24G103008_010726_050000.bin,Pellicer Creek,GTMNERR,0,35.211,0,22.16,0,-0.047,0,91.9,0,8.65,0,34.65,11.6,7.96,0,-78.4,5.36,11.806,0,3.07,0,1.19,1.13,0,4.49
1/21/2026,5:00, ,gtmpcwq_24G103008_010726_050000.bin,Pellicer Creek,GTMNERR,0,35.125,0,22.1,0,-0.059,0,91.7,0,8.63,0,35.24,11.8,7.95,0,-77.9,5.35,11.815,0,2.82,0,1.19,1.21,0,4.82
1/21/2026,5:15, ,gtmpcwq_24G103008_010726_050000.bin,Pellicer Creek,GTMNERR,0,34.903,0,21.95,0,-0.068,0,93.9,0,8.84,0,35.49,11.88,7.96,0,-78.4,5.36,11.827,0,4.1,0,1.188,1.82,0,7.29
1/21/2026,5:30, ,gtmpcwq_24G103008_010726_050000.bin,Pellicer Creek,GTMNERR,0,34.546,0,21.7,0,-0.079,0,93.8,0,8.85,0,36.35,12.17,7.96,0,-78.2,5.35,11.843,0,4.07,0,1.201,1.53,0,6.12
1/21/2026,5:45, ,gtmpcwq_24G103008_010726_050000.bin,Pellicer Creek,GTMNERR,0,34.4,0,21.6,0,-0.09,0,92.4,0,8.72,0,36.04,12.06,7.96,0,-78.1,5.35,11.857,0,3.73,0,1.193,1.43,0,5.73
1/21/2026,6:00, ,gtmpcwq_24G103008_010726_050000.bin,Pellicer Creek,GTMNERR,0,34.146,0,21.42,0,-0.098,0,90.5,0,8.55,0,36.18,12.11,7.93,0,-76.6,5.36,11.873,0,3.29,0,1.183,1.51,0,6.04
1/21/2026,6:15, ,gtmpcwq_24G103008_010726_050000.bin,Pellicer Creek,GTMNERR,0,33.71,0,21.13,0,-0.106,0,93.5,0,8.84,0,38.26,12.81,7.95,0,-77.7,5.35,11.898,0,3.58,0,1.2,1.6,0,6.39
1/21/2026,6:30, ,gtmpcwq_24G103008_010726_050000.bin,Pellicer Creek,GTMNERR,0,33.073,0,20.69,0,-0.112,0,94,0,8.92,0,39.63,13.27,7.94,0,-77.1,5.36,11.911,0,4,0,1.202,1.37,0,5.46
1/21/2026,6:45, ,gtmpcwq_24G103008_010726_050000.bin,Pellicer Creek,GTMNERR,0,32.59,0,20.36,0,-0.118,0,93.9,0,8.93,0,40.48,13.55,7.94,0,-77.5,5.35,11.886,0,3.81,0,1.187,1.64,0,6.57
1/21/2026,7:00, ,gtmpcwq_24G103008_010726_050000.bin,Pellicer Creek,GTMNERR,0,32.723,0,20.45,0,-0.125,0,92.3,0,8.77,0,39.23,13.13,7.92,0,-76.3,5.36,11.898,0,3.77,0,1.197,1.63,0,6.51
1/21/2026,7:15, ,gtmpcwq_24G103008_010726_050000.bin,Pellicer Creek,GTMNERR,0,32.654,0,20.4,0,-0.132,0,92.2,0,8.76,0,40.12,13.43,7.93,0,-76.4,5.36,11.903,0,4.06,0,1.186,1.35,0,5.38
1/21/2026,7:30, ,gtmpcwq_24G103008_010726_050000.bin,Pellicer Creek,GTMNERR,0,32.559,0,20.34,0,-0.138,0,91.4,0,8.68,0,39.32,13.16,7.92,0,-76.1,5.35,11.917,0,3.92,0,1.184,1.36,0,5.42
1/21/2026,7:45, ,gtmpcwq_24G103008_010726_050000.bin,Pellicer Creek,GTMNERR,0,32.39,0,20.22,0,-0.143,0,91.6,0,8.71,0,39.02,13.06,7.92,0,-75.9,5.36,11.933,0,4.29,0,1.191,1.31,0,5.25
1/21/2026,8:00, ,gtmpcwq_24G103008_010726_050000.bin,Pellicer Creek,GTMNERR,0,32.528,0,20.32,0,-0.149,0,92.8,0,8.81,0,39.32,13.16,7.92,0,-76.3,5.36,11.967,0,4.07,0,1.194,1.59,0,6.37
1/21/2026,8:15, ,gtmpcwq_24G103008_010726_050000.bin,Pellicer Creek,GTMNERR,0,32.355,0,20.2,0,-0.145,0,93,0,8.84,0,41.03,13.73,7.93,0,-76.4,5.35,11.971,0,3.91,0,1.194,1.86,0,7.44
1/21/2026,8:30, ,gtmpcwq_24G103008_010726_050000.bin,Pellicer Creek,GTMNERR,0,31.455,0,19.58,0,-0.139,0,93.2,0,8.87,0,42.67,14.28,7.9,0,-75.2,5.35,12.05,0,4.27,0,1.193,1.94,0,7.76
1/21/2026,8:45, ,gtmpcwq_24G103008_010726_050000.bin,Pellicer Creek,GTMNERR,0,30.233,0,18.75,0,-0.127,0,92.1,0,8.81,0,43.18,14.45,7.9,0,-74.9,5.36,12.062,0,4.1,0,1.195,1.76,0,7.05
1/21/2026,9:00, ,gtmpcwq_24G103008_010726_050000.bin,Pellicer Creek,GTMNERR,0,27.269,0,16.75,0,-0.11,0,91.7,0,8.94,0,48.76,16.32,7.88,0,-73.8,5.34,11.764,0,4.19,0,1.196,1.94,0,7.76
1/21/2026,9:15, ,gtmpcwq_24G103008_010726_050000.bin,Pellicer Creek,GTMNERR,0,27.173,0,16.68,0,-0.095,0,92.5,0,9.09,0,49.01,16.41,7.9,0,-74.6,5.35,11.447,0,4.15,0,1.189,2.28,0,9.12
1/21/2026,9:30, ,gtmpcwq_24G103008_010726_050000.bin,Pellicer Creek,GTMNERR,0,27.193,0,16.69,0,-0.076,0,92.7,0,9.12,0,48.66,16.29,7.9,0,-74.8,5.36,11.393,0,4.2,0,1.189,1.63,0,6.53
1/21/2026,9:45, ,gtmpcwq_24G103008_010726_050000.bin,Pellicer Creek,GTMNERR,0,28.139,0,17.32,0,-0.055,0,93.3,0,9.19,0,46.98,15.73,7.91,0,-75.3,5.34,11.167,0,4.09,0,1.189,1.46,0,5.84
1/21/2026,10:00, ,gtmpcwq_24G103008_010726_050000.bin,Pellicer Creek,GTMNERR,0,27.15,0,16.65,0,-0.03,0,94,0,9.32,0,47.35,15.85,7.92,0,-76.1,5.35,11.024,0,3.91,0,1.194,1.39,0,5.54
1/21/2026,10:15, ,gtmpcwq_24G103008_010726_050000.bin,Pellicer Creek,GTMNERR,0,28.098,0,17.29,0,-0.004,0,95.6,0,9.42,0,46.94,15.71,7.94,0,-77.2,5.35,11.119,0,3.81,0,1.184,1.41,0,5.63
1/21/2026,10:30, ,gtmpcwq_24G103008_010726_050000.bin,Pellicer Creek,GTMNERR,0,28.988,0,17.89,0,0.024,0,97,0,9.49,0,45.54,15.25,7.95,0,-77.7,5.34,11.298,0,3.88,0,1.194,1.34,0,5.37
1/21/2026,10:45, ,gtmpcwq_24G103008_010726_050000.bin,Pellicer Creek,GTMNERR,0,26.67,0,16.34,0,0.056,0,98.5,0,9.71,0,47.84,16.01,7.95,0,-77.6,5.35,11.413,0,3.62,0,1.193,1.39,0,5.57
1/21/2026,11:00, ,gtmpcwq_24G103008_010726_050000.bin,Pellicer Creek,GTMNERR,0,26.714,0,16.37,0,0.09,0,99,0,9.75,0,47.49,15.9,7.95,0,-77.8,5.35,11.401,0,3.67,0,1.19,1.29,0,5.15
1/21/2026,11:15, ,gtmpcwq_24G103008_010726_050000.bin,Pellicer Creek,GTMNERR,0,29.295,0,18.1,0,0.121,0,100,0,9.76,0,44.64,14.94,7.98,0,-79.1,5.34,11.341,0,3.64,0,1.19,1.22,0,4.87
1/21/2026,11:30, ,gtmpcwq_24G103008_010726_050000.bin,Pellicer Creek,GTMNERR,0,30.862,0,19.16,0,0.157,0,100.2,0,9.72,0,43.03,14.4,7.99,0,-79.7,5.35,11.337,0,3.69,0,1.189,1.08,0,4.29
1/21/2026,11:45, ,gtmpcwq_24G103008_010726_050000.bin,Pellicer Creek,GTMNERR,0,31.78,0,19.79,0,0.193,0,101,0,9.74,0,41.65,13.94,7.99,0,-80.1,5.36,11.413,0,3.67,0,1.186,0.97,0,3.88
1/21/2026,12:00, ,gtmpcwq_24G103008_010726_050000.bin,Pellicer Creek,GTMNERR,0,33.526,0,20.98,0,0.225,0,101.4,0,9.72,0,39.57,13.25,8.01,0,-81,5.35,11.304,0,4.02,0,1.184,0.89,0,3.56
1/21/2026,12:15, ,gtmpcwq_24G103008_010726_050000.bin,Pellicer Creek,GTMNERR,0,33.883,0,21.23,0,0.258,0,102.5,0,9.79,0,38.76,12.97,8.02,0,-81.6,5.36,11.428,0,3.95,0,1.192,0.83,0,3.31
1/21/2026,12:30, ,gtmpcwq_24G103008_010726_050000.bin,Pellicer Creek,GTMNERR,0,34.273,0,21.5,0,0.285,0,103.7,0,9.84,0,37.87,12.68,8.02,0,-82,5.34,11.609,0,4.02,0,1.199,0.83,0,3.31
1/21/2026,12:45, ,gtmpcwq_24G103008_010726_050000.bin,Pellicer Creek,GTMNERR,0,34.655,0,21.77,0,0.303,0,104.6,0,9.88,0,37.03,12.4,8.03,0,-82.3,5.35,11.806,0,3.95,0,1.197,0.77,0,3.08
1/21/2026,13:00, ,gtmpcwq_24G103008_010726_050000.bin,Pellicer Creek,GTMNERR,0,35.253,0,22.19,0,0.314,0,105.5,0,9.89,0,35.89,12.01,8.03,0,-82.6,5.36,12.024,0,3.79,0,1.188,0.79,0,3.13
1/21/2026,13:15, ,gtmpcwq_24G103008_010726_050000.bin,Pellicer Creek,GTMNERR,0,35.639,0,22.46,0,0.314,0,106,0,9.9,0,35.01,11.72,8.04,0,-82.9,5.35,12.052,0,3.79,0,1.197,0.72,0,2.86
1/21/2026,13:30, ,gtmpcwq_24G103008_010726_050000.bin,Pellicer Creek,GTMNERR,0,35.551,0,22.4,0,0.304,0,105.4,0,9.83,0,34.31,11.48,8.03,0,-82.5,5.35,12.2,0,3.8,0,1.191,0.63,0,2.48
1/21/2026,13:45, ,gtmpcwq_24G103008_010726_050000.bin,Pellicer Creek,GTMNERR,0,35.922,0,22.66,0,0.286,0,105.5,0,9.83,0,34.62,11.59,8.03,0,-82.6,5.34,12.134,0,3.73,0,1.184,0.83,0,3.3
1/21/2026,14:00, ,gtmpcwq_24G103008_010726_050000.bin,Pellicer Creek,GTMNERR,0,35.803,0,22.58,0,0.266,0,105.5,0,9.84,0,34.52,11.55,8.04,0,-82.7,5.35,12.103,0,4.31,0,1.186,0.79,0,3.16
