Date,Time,F_Record,FILENAME,SITENAME,USERID,FAULTCODE,SpCond,F_SpCond,Sal,F_Sal,Level,F_Level,DO_pct,F_DO_pct,DO_mgl,F_DO_mgl,fDOMQSU,fDOMRFU,pH,F_pH,pHmV,BATTERY,Temp,F_Temp,Turb,F_Turb,WIPERPOSITIONVOLT,ChlFluor,F_ChlFluor,ChlorophylluG/L
3/17/2026,10:00, ,gtmpcwq_24G103007_031726_050000.bin,Pellicer Creek,GTMNERR,0,26.856,<0> (CND),16.52,<0> (CND),0.288,<0> (CND),78.3,<0> (CND),6.83,<0> (CND),90.9,30.6,7.66,<0> (CND),-73.7,6.23,17.152,<0> (CND),11.46,<0> (CND),1.189,2.74,<0> (CND),11.13
3/17/2026,10:15, ,gtmpcwq_24G103007_031726_050000.bin,Pellicer Creek,GTMNERR,0,27.234,0,16.77,0,0.289,0,76.7,0,6.65,0,88.83,29.91,7.65,0,-73.2,6.23,17.382,0,10.75,0,1.196,2.81,0,11.4
3/17/2026,10:30, ,gtmpcwq_24G103007_031726_050000.bin,Pellicer Creek,GTMNERR,0,27.683,0,17.07,0,0.277,0,72.9,0,6.32,0,87.07,29.33,7.62,0,-71.3,6.23,17.323,0,11.21,0,1.183,2.52,0,10.23
3/17/2026,10:45, ,gtmpcwq_24G103007_031726_050000.bin,Pellicer Creek,GTMNERR,0,28.434,0,17.58,0,0.258,0,70.1,0,6.06,0,84.55,28.49,7.59,0,-69.8,6.24,17.255,0,11.67,0,1.189,2.09,0,8.48
3/17/2026,11:00, ,gtmpcwq_24G103007_031726_050000.bin,Pellicer Creek,GTMNERR,0,27.917,0,17.23,0,0.238,0,72,0,6.24,0,86,28.97,7.62,0,-71.6,6.24,17.305,0,11.4,0,1.193,2.28,0,9.24
3/17/2026,11:15, ,gtmpcwq_24G103007_031726_050000.bin,Pellicer Creek,GTMNERR,0,27.593,0,17.01,0,0.217,0,73.2,0,6.34,0,88.87,29.92,7.62,0,-71.6,6.24,17.354,0,10.23,0,1.192,2.26,0,9.17
3/17/2026,11:30, ,gtmpcwq_24G103007_031726_050000.bin,Pellicer Creek,GTMNERR,0,26.305,0,16.14,0,0.197,0,74.4,0,6.45,0,92.13,31.01,7.63,0,-71.9,6.24,17.548,0,10.37,0,1.182,2.51,0,10.2
3/17/2026,11:45, ,gtmpcwq_24G103007_031726_050000.bin,Pellicer Creek,GTMNERR,0,24.946,0,15.23,0,0.17,0,75.4,0,6.52,0,94.89,31.92,7.62,0,-71.4,6.24,17.984,0,9.81,0,1.2,2.48,0,10.06
3/17/2026,12:00, ,gtmpcwq_24G103007_031726_050000.bin,Pellicer Creek,GTMNERR,0,24.471,0,14.92,0,0.143,0,75.8,0,6.53,0,94.58,31.82,7.63,0,-72,6.24,18.251,0,10.54,0,1.184,2.6,0,10.54
3/17/2026,12:15, ,gtmpcwq_24G103007_031726_050000.bin,Pellicer Creek,GTMNERR,0,24.334,0,14.83,0,0.121,0,75.6,0,6.53,0,97.19,32.69,7.62,0,-71.7,6.24,18.196,0,8.93,0,1.186,2.6,0,10.55
3/17/2026,12:30, ,gtmpcwq_24G103007_031726_050000.bin,Pellicer Creek,GTMNERR,0,24.117,0,14.68,0,0.099,0,74.8,0,6.45,0,97.55,32.81,7.61,0,-71.1,6.24,18.317,0,8.79,0,1.199,2.76,0,11.19
3/17/2026,12:45, ,gtmpcwq_24G103007_031726_050000.bin,Pellicer Creek,GTMNERR,0,22.397,0,13.54,0,0.082,0,78.2,0,6.69,0,99.01,33.29,7.62,0,-71.8,6.24,19.065,0,8.95,0,1.183,2.78,0,11.26
3/17/2026,13:00, ,gtmpcwq_24G103007_031726_050000.bin,Pellicer Creek,GTMNERR,0,23.129,0,14.02,0,0.062,0,74.9,0,6.42,0,99.06,33.31,7.59,0,-69.7,6.24,18.778,0,8.38,0,1.201,2.67,0,10.83
3/17/2026,13:15, ,gtmpcwq_24G103007_031726_050000.bin,Pellicer Creek,GTMNERR,0,22.516,0,13.62,0,0.045,0,75.8,0,6.48,0,99.27,33.38,7.6,0,-70.6,6.24,19.05,0,8.48,0,1.19,2.66,0,10.79
3/17/2026,13:30, ,gtmpcwq_24G103007_031726_050000.bin,Pellicer Creek,GTMNERR,0,22.813,0,13.81,0,0.028,0,75.3,0,6.44,0,98.5,33.12,7.59,0,-70.2,6.24,18.934,0,8.45,0,1.184,2.64,0,10.72
3/17/2026,13:45, ,gtmpcwq_24G103007_031726_050000.bin,Pellicer Creek,GTMNERR,0,22.379,0,13.53,0,0.009,0,75.7,0,6.47,0,99.08,33.31,7.59,0,-70.1,6.24,19.107,0,8.51,0,1.192,2.6,0,10.56
3/17/2026,14:00, ,gtmpcwq_24G103007_031726_050000.bin,Pellicer Creek,GTMNERR,0,23.046,0,13.97,0,-0.013,0,81.1,0,6.9,0,96.17,32.35,7.63,0,-72.5,6.24,19.163,0,8.12,0,1.189,2.88,0,11.7
3/17/2026,14:15, ,gtmpcwq_24G103007_031726_050000.bin,Pellicer Creek,GTMNERR,0,22.452,0,13.58,0,-0.027,0,77.1,0,6.57,0,99.1,33.32,7.6,0,-70.4,6.25,19.219,0,7.84,0,1.19,2.66,0,10.81
3/17/2026,14:30, ,gtmpcwq_24G103007_031726_050000.bin,Pellicer Creek,GTMNERR,0,21.763,0,13.12,0,-0.042,0,78.8,0,6.7,0,98.87,33.25,7.61,0,-71.4,6.24,19.441,0,8.66,0,1.189,2.91,0,11.79
3/17/2026,14:45, ,gtmpcwq_24G103007_031726_050000.bin,Pellicer Creek,GTMNERR,0,23.021,0,13.95,0,-0.064,0,75.5,0,6.45,0,97.73,32.87,7.59,0,-69.9,6.24,18.981,0,7.17,0,1.192,2.51,0,10.21
3/17/2026,15:00, ,gtmpcwq_24G103007_031726_050000.bin,Pellicer Creek,GTMNERR,0,22.5,0,13.61,0,-0.081,0,72.8,0,6.22,0,98.08,32.98,7.57,0,-68.5,6.24,19.115,0,7.63,0,1.189,2.59,0,10.51
3/17/2026,15:15, ,gtmpcwq_24G103007_031726_050000.bin,Pellicer Creek,GTMNERR,0,22.438,0,13.57,0,-0.094,0,76,0,6.47,0,98.65,33.17,7.58,0,-69.1,6.25,19.279,0,7.72,0,1.183,2.86,0,11.59
3/17/2026,15:30, ,gtmpcwq_24G103007_031726_050000.bin,Pellicer Creek,GTMNERR,0,22.632,0,13.69,0,-0.1,0,71.5,0,6.11,0,97.87,32.91,7.55,0,-67.9,6.25,19.068,0,6.93,0,1.198,2.42,0,9.83
3/17/2026,15:45, ,gtmpcwq_24G103007_031726_050000.bin,Pellicer Creek,GTMNERR,0,22.282,0,13.46,0,-0.117,0,73.5,0,6.27,0,99.67,33.51,7.56,0,-68.3,6.24,19.245,0,6.42,0,1.187,2.83,0,11.5
3/17/2026,16:00, ,gtmpcwq_24G103007_031726_050000.bin,Pellicer Creek,GTMNERR,0,22.032,0,13.3,0,-0.132,0,76.7,0,6.52,0,98.92,33.26,7.59,0,-69.7,6.24,19.401,0,7.06,0,1.182,3.89,0,15.76
3/17/2026,16:15, ,gtmpcwq_24G103007_031726_050000.bin,Pellicer Creek,GTMNERR,0,21.969,0,13.26,0,-0.145,0,71.4,0,6.07,0,96.78,32.55,7.54,0,-66.8,6.25,19.403,0,6.07,0,1.191,3.76,0,15.26
3/17/2026,16:30, ,gtmpcwq_24G103007_031726_050000.bin,Pellicer Creek,GTMNERR,0,21.635,0,13.04,0,-0.153,0,69.2,0,5.88,0,97.72,32.86,7.51,0,-65.4,6.25,19.561,0,6.81,0,1.192,3.47,0,14.05
3/17/2026,16:45, ,gtmpcwq_24G103007_031726_050000.bin,Pellicer Creek,GTMNERR,0,21.509,0,12.95,0,-0.163,0,69.5,0,5.9,0,96.39,32.42,7.51,0,-65.1,6.25,19.638,0,7.34,0,1.197,4.97,0,20.13
3/17/2026,17:00, ,gtmpcwq_24G103007_031726_050000.bin,Pellicer Creek,GTMNERR,0,21.01,0,12.62,0,-0.171,0,73,0,6.17,0,97.59,32.82,7.53,0,-66.4,6.24,19.909,0,7.02,0,1.186,3.5,0,14.17
3/17/2026,17:15, ,gtmpcwq_24G103007_031726_050000.bin,Pellicer Creek,GTMNERR,0,20.534,0,12.31,0,-0.182,0,77.6,0,6.56,0,101.96,34.27,7.58,0,-69.3,6.25,20.058,0,6.6,0,1.2,2.43,0,9.87
3/17/2026,17:30, ,gtmpcwq_24G103007_031726_050000.bin,Pellicer Creek,GTMNERR,0,19.792,0,11.83,0,-0.182,0,81.4,0,6.86,0,99.23,33.36,7.6,0,-71,6.25,20.337,0,8,0,1.19,3.03,0,12.28
3/17/2026,17:45, ,gtmpcwq_24G103007_031726_050000.bin,Pellicer Creek,GTMNERR,0,19.828,0,11.85,0,-0.18,0,77.9,0,6.56,0,101.47,34.11,7.55,0,-67.7,6.25,20.349,0,6.22,0,1.193,3.71,0,15.05
3/17/2026,18:00, ,gtmpcwq_24G103007_031726_050000.bin,Pellicer Creek,GTMNERR,0,18.72,0,11.13,0,-0.172,0,82.8,0,6.95,0,101.44,34.1,7.59,0,-70.1,6.24,20.686,0,7.69,0,1.185,3.88,0,15.73
3/17/2026,18:15, ,gtmpcwq_24G103007_031726_050000.bin,Pellicer Creek,GTMNERR,0,17.289,0,10.2,0,-0.161,0,94.1,0,7.85,0,102.53,34.46,7.71,0,-77.5,6.25,21.348,0,7.88,0,1.19,4.23,0,17.14
3/17/2026,18:30, ,gtmpcwq_24G103007_031726_050000.bin,Pellicer Creek,GTMNERR,0,16.609,0,9.77,0,-0.143,0,100.2,0,8.33,0,102.98,34.61,7.77,0,-81.1,6.25,21.657,0,8.38,0,1.184,3.45,0,13.98
3/17/2026,18:45, ,gtmpcwq_24G103007_031726_050000.bin,Pellicer Creek,GTMNERR,0,15.941,0,9.34,0,-0.126,0,112.1,0,9.31,0,99.69,33.52,7.93,0,-90.3,6.25,21.831,0,10.86,0,1.183,2.81,0,11.42
3/17/2026,19:00, ,gtmpcwq_24G103007_031726_050000.bin,Pellicer Creek,GTMNERR,0,15.6,0,9.13,0,-0.107,0,113.4,0,9.47,0,101.43,34.1,7.96,0,-92.1,6.25,21.641,0,9.4,0,1.188,2.63,0,10.67
3/17/2026,19:15, ,gtmpcwq_24G103007_031726_050000.bin,Pellicer Creek,GTMNERR,0,16.202,0,9.51,0,-0.083,0,109.7,0,9.18,0,101.51,34.13,7.92,0,-89.5,6.25,21.422,0,9.14,0,1.191,2.72,0,11.04
3/17/2026,19:30, ,gtmpcwq_24G103007_031726_050000.bin,Pellicer Creek,GTMNERR,0,16.836,0,9.92,0,-0.058,0,107.2,0,9.04,0,100.67,33.84,7.91,0,-89,6.25,20.882,0,9.11,0,1.19,2.79,0,11.31
3/17/2026,19:45, ,gtmpcwq_24G103007_031726_050000.bin,Pellicer Creek,GTMNERR,0,17.513,0,10.35,0,-0.033,0,104.7,0,8.85,0,99.17,33.35,7.89,0,-88.2,6.25,20.573,0,9.61,0,1.193,2.71,0,10.98
3/17/2026,20:00, ,gtmpcwq_24G103007_031726_050000.bin,Pellicer Creek,GTMNERR,0,17.973,0,10.65,0,-0.003,0,103.7,0,8.8,0,99.09,33.32,7.89,0,-87.5,6.25,20.337,0,9.71,0,1.197,2.85,0,11.55
3/17/2026,20:15, ,gtmpcwq_24G103007_031726_050000.bin,Pellicer Creek,GTMNERR,0,18.8,0,11.18,0,0.029,0,101.9,0,8.63,0,97.97,32.95,7.87,0,-86.5,6.25,20.273,0,9.02,0,1.19,2.82,0,11.43
3/17/2026,20:30, ,gtmpcwq_24G103007_031726_050000.bin,Pellicer Creek,GTMNERR,0,19.135,0,11.4,0,0.061,0,99.8,0,8.49,0,97.59,32.82,7.85,0,-85.3,6.25,19.971,0,8.97,0,1.19,2.74,0,11.14
3/17/2026,20:45, ,gtmpcwq_24G103007_031726_050000.bin,Pellicer Creek,GTMNERR,0,20.845,0,12.52,0,0.095,0,96.9,0,8.22,0,95,31.96,7.82,0,-83.6,6.25,19.76,0,9.78,0,1.186,3.14,0,12.76
3/17/2026,21:00, ,gtmpcwq_24G103007_031726_050000.bin,Pellicer Creek,GTMNERR,0,21.657,0,13.05,0,0.13,0,95.2,0,8.1,0,93.87,31.59,7.8,0,-82.5,6.25,19.502,0,9.69,0,1.185,3.5,0,14.2
3/17/2026,21:15, ,gtmpcwq_24G103007_031726_050000.bin,Pellicer Creek,GTMNERR,0,22.434,0,13.56,0,0.165,0,93.8,0,7.99,0,93.25,31.38,7.79,0,-81.8,6.25,19.229,0,9.63,0,1.197,4.18,0,16.92
3/17/2026,21:30, ,gtmpcwq_24G103007_031726_050000.bin,Pellicer Creek,GTMNERR,0,23.998,0,14.6,0,0.19,0,92.5,0,7.86,0,90.69,30.53,7.78,0,-81.1,6.25,19.045,0,11.13,0,1.185,4.82,0,19.55
3/17/2026,21:45, ,gtmpcwq_24G103007_031726_050000.bin,Pellicer Creek,GTMNERR,0,24.514,0,14.94,0,0.213,0,91.8,0,7.82,0,89.94,30.28,7.78,0,-81.3,6.25,18.858,0,10.52,0,1.184,4.78,0,19.36
3/17/2026,22:00, ,gtmpcwq_24G103007_031726_050000.bin,Pellicer Creek,GTMNERR,0,24.917,0,15.21,0,0.229,0,91,0,7.74,0,89.22,30.04,7.78,0,-80.9,6.25,18.8,0,10.07,0,1.189,5.18,0,21
3/17/2026,22:15, ,gtmpcwq_24G103007_031726_050000.bin,Pellicer Creek,GTMNERR,0,24.973,0,15.25,0,0.239,0,89.4,0,7.61,0,89.11,30,7.76,0,-79.8,6.25,18.704,0,10.24,0,1.183,5.03,0,20.39
3/17/2026,22:30, ,gtmpcwq_24G103007_031726_050000.bin,Pellicer Creek,GTMNERR,0,25.611,0,15.68,0,0.238,0,83,0,7.05,0,86.62,29.18,7.68,0,-75.2,6.25,18.733,0,7.8,0,1.198,3.07,0,12.45
3/17/2026,22:45, ,gtmpcwq_24G103007_031726_050000.bin,Pellicer Creek,GTMNERR,0,25.809,0,15.81,0,0.223,0,83.3,0,7.08,0,85.86,28.92,7.67,0,-74.7,6.25,18.712,0,9.43,0,1.192,3.39,0,13.76
3/17/2026,23:00, ,gtmpcwq_24G103007_031726_050000.bin,Pellicer Creek,GTMNERR,0,25.688,0,15.73,0,0.205,0,85.8,0,7.29,0,86.44,29.12,7.72,0,-77.8,6.25,18.712,0,9.33,0,1.19,3.98,0,16.15
3/17/2026,23:15, ,gtmpcwq_24G103007_031726_050000.bin,Pellicer Creek,GTMNERR,0,25.048,0,15.3,0,0.188,0,87.9,0,7.47,0,89.11,30,7.74,0,-78.9,6.25,18.831,0,9.39,0,1.181,4.78,0,19.39
3/17/2026,23:30, ,gtmpcwq_24G103007_031726_050000.bin,Pellicer Creek,GTMNERR,0,24.819,0,15.15,0,0.17,0,86.8,0,7.37,0,89.46,30.12,7.72,0,-77.3,6.25,18.936,0,9.07,0,1.196,6.66,0,26.99
3/17/2026,23:45, ,gtmpcwq_24G103007_031726_050000.bin,Pellicer Creek,GTMNERR,0,23.218,0,14.08,0,0.148,0,88.1,0,7.53,0,92.45,31.11,7.74,0,-79,6.25,18.924,0,9.31,0,1.199,6.14,0,24.89
3/18/2026,00:00, ,gtmpcwq_24G103007_031726_050000.bin,Pellicer Creek,GTMNERR,0,22.139,0,13.37,0,0.126,0,87.7,0,7.5,0,93.85,31.58,7.73,0,-78.2,6.25,19.14,0,8.69,0,1.182,4.99,0,20.23
3/18/2026,00:15, ,gtmpcwq_24G103007_031726_050000.bin,Pellicer Creek,GTMNERR,0,23.025,0,13.95,0,0.104,0,84.1,0,7.16,0,91.08,30.66,7.69,0,-75.8,6.25,19.155,0,10.36,0,1.192,6.78,0,27.46
3/18/2026,00:30, ,gtmpcwq_24G103007_031726_050000.bin,Pellicer Creek,GTMNERR,0,22.313,0,13.48,0,0.086,0,88.3,0,7.51,0,94,31.63,7.74,0,-78.5,6.25,19.304,0,9.26,0,1.197,5.26,0,21.31
3/18/2026,00:45, ,gtmpcwq_24G103007_031726_050000.bin,Pellicer Creek,GTMNERR,0,23.292,0,14.13,0,0.065,0,83.8,0,7.12,0,88.39,29.76,7.69,0,-75.8,6.25,19.24,0,9.92,0,1.191,10.15,0,41.1
3/18/2026,01:00, ,gtmpcwq_24G103007_031726_050000.bin,Pellicer Creek,GTMNERR,0,23.186,0,14.06,0,0.045,0,85,0,7.21,0,90.24,30.38,7.69,0,-75.7,6.25,19.303,0,10.38,0,1.201,8.11,0,32.85
3/18/2026,01:15, ,gtmpcwq_24G103007_031726_050000.bin,Pellicer Creek,GTMNERR,0,21.736,0,13.1,0,0.024,0,87.2,0,7.41,0,94.76,31.88,7.71,0,-77,6.25,19.492,0,10.12,0,1.187,6.01,0,24.34
3/18/2026,01:30, ,gtmpcwq_24G103007_031726_050000.bin,Pellicer Creek,GTMNERR,0,21.388,0,12.87,0,0.006,0,87,0,7.39,0,95.98,32.29,7.71,0,-76.9,6.25,19.6,0,8.65,0,1.198,7.16,0,28.99
3/18/2026,01:45, ,gtmpcwq_24G103007_031726_050000.bin,Pellicer Creek,GTMNERR,0,20.154,0,12.07,0,-0.012,0,87.7,0,7.49,0,97.72,32.86,7.71,0,-77.1,6.26,19.601,0,8.39,0,1.189,3.03,0,12.31
3/18/2026,02:00, ,gtmpcwq_24G103007_031726_050000.bin,Pellicer Creek,GTMNERR,0,21.491,0,12.94,0,-0.032,0,84.8,0,7.2,0,95.55,32.14,7.68,0,-75.3,6.25,19.599,0,8.63,0,1.189,4.77,0,19.32
3/18/2026,02:15, ,gtmpcwq_24G103007_031726_050000.bin,Pellicer Creek,GTMNERR,0,20.747,0,12.45,0,-0.048,0,84.7,0,7.2,0,96.98,32.62,7.68,0,-75.2,6.25,19.718,0,7.84,0,1.196,4.15,0,16.84
3/18/2026,02:30, ,gtmpcwq_24G103007_031726_050000.bin,Pellicer Creek,GTMNERR,0,20.559,0,12.33,0,-0.066,0,83.2,0,7.08,0,96.49,32.46,7.65,0,-73.3,6.25,19.644,0,8.51,0,1.192,4.62,0,18.71
3/18/2026,02:45, ,gtmpcwq_24G103007_031726_050000.bin,Pellicer Creek,GTMNERR,0,21.328,0,12.84,0,-0.086,0,81.7,0,6.97,0,95.03,31.97,7.63,0,-72.3,6.26,19.45,0,8.59,0,1.192,6.17,0,25
3/18/2026,03:00, ,gtmpcwq_24G103007_031726_050000.bin,Pellicer Creek,GTMNERR,0,22.02,0,13.29,0,-0.101,0,80.8,0,6.88,0,92.81,31.23,7.62,0,-72,6.26,19.357,0,8.93,0,1.19,8.15,0,32.99
3/18/2026,03:15, ,gtmpcwq_24G103007_031726_050000.bin,Pellicer Creek,GTMNERR,0,21.74,0,13.11,0,-0.116,0,79.6,0,6.78,0,93.17,31.35,7.61,0,-71.3,6.25,19.356,0,9.26,0,1.185,9.94,0,40.25
3/18/2026,03:30, ,gtmpcwq_24G103007_031726_050000.bin,Pellicer Creek,GTMNERR,0,21.619,0,13.03,0,-0.131,0,78.1,0,6.65,0,93.9,31.59,7.6,0,-70.3,6.25,19.406,0,7.67,0,1.192,6,0,24.3
3/18/2026,03:45, ,gtmpcwq_24G103007_031726_050000.bin,Pellicer Creek,GTMNERR,0,20.836,0,12.51,0,-0.143,0,76.6,0,6.55,0,94.66,31.85,7.58,0,-69.5,6.26,19.42,0,7.85,0,1.186,5.2,0,21.08
3/18/2026,04:00, ,gtmpcwq_24G103007_031726_050000.bin,Pellicer Creek,GTMNERR,0,20.451,0,12.26,0,-0.153,0,76.2,0,6.51,0,95.02,31.97,7.55,0,-67.8,6.25,19.467,0,7.88,0,1.192,4.7,0,19.06
3/18/2026,04:15, ,gtmpcwq_24G103007_031726_050000.bin,Pellicer Creek,GTMNERR,0,19.886,0,11.89,0,-0.165,0,77.9,0,6.67,0,95.6,32.16,7.58,0,-69.3,6.26,19.468,0,7.33,0,1.183,5.26,0,21.3
3/18/2026,04:30, ,gtmpcwq_24G103007_031726_050000.bin,Pellicer Creek,GTMNERR,0,19.397,0,11.58,0,-0.176,0,76.3,0,6.55,0,96.95,32.61,7.56,0,-68.1,6.26,19.447,0,6.91,0,1.182,4.52,0,18.3
3/18/2026,04:45, ,gtmpcwq_24G103007_031726_050000.bin,Pellicer Creek,GTMNERR,0,19.133,0,11.4,0,-0.181,0,77.7,0,6.68,0,97.57,32.82,7.57,0,-68.8,6.25,19.43,0,6.91,0,1.194,4.82,0,19.54
3/18/2026,05:00, ,gtmpcwq_24G103007_031726_050000.bin,Pellicer Creek,GTMNERR,0,18.8,0,11.19,0,-0.19,0,76.8,0,6.61,0,98.44,33.1,7.58,0,-69.7,6.26,19.439,0,6.36,0,1.187,4.81,0,19.49
3/18/2026,05:15, ,gtmpcwq_24G103007_031726_050000.bin,Pellicer Creek,GTMNERR,0,18.5,0,11,0,-0.195,0,78.2,0,6.73,0,95.84,32.24,7.56,0,-68,6.26,19.476,0,11.71,0,1.183,5,0,20.26
3/18/2026,05:30, ,gtmpcwq_24G103007_031726_050000.bin,Pellicer Creek,GTMNERR,0,18.264,0,10.84,0,-0.2,0,77.9,0,6.71,0,100.98,33.95,7.57,0,-68.6,6.25,19.516,0,6.26,0,1.186,4.74,0,19.2
3/18/2026,05:45, ,gtmpcwq_24G103007_031726_050000.bin,Pellicer Creek,GTMNERR,0,18.27,0,10.85,0,-0.203,0,78.7,0,6.77,0,99.13,33.33,7.59,0,-69.7,6.25,19.588,0,6.42,0,1.193,5.25,0,21.28
3/18/2026,06:00, ,gtmpcwq_24G103007_031726_050000.bin,Pellicer Creek,GTMNERR,0,18.124,0,10.75,0,-0.204,0,80.3,0,6.9,0,101.5,34.12,7.6,0,-70.7,6.26,19.655,0,6.39,0,1.195,7.59,0,30.75
3/18/2026,06:15, ,gtmpcwq_24G103007_031726_050000.bin,Pellicer Creek,GTMNERR,0,17.134,0,10.12,0,-0.191,0,83.2,0,7.19,0,104.72,35.19,7.64,0,-72.8,6.25,19.535,0,5.89,0,1.185,5.09,0,20.64
3/18/2026,06:30, ,gtmpcwq_24G103007_031726_050000.bin,Pellicer Creek,GTMNERR,0,15.309,0,8.96,0,-0.176,0,83.6,0,7.33,0,107.79,36.21,7.64,0,-72.7,6.26,19.162,0,5.65,0,1.187,2.83,0,11.49
3/18/2026,06:45, ,gtmpcwq_24G103007_031726_050000.bin,Pellicer Creek,GTMNERR,0,14.063,0,8.17,0,-0.159,0,83.5,0,7.41,0,109.7,36.84,7.62,0,-71.9,6.26,18.813,0,6.3,0,1.189,2.89,0,11.74
3/18/2026,07:00, ,gtmpcwq_24G103007_031726_050000.bin,Pellicer Creek,GTMNERR,0,13.533,0,7.84,0,-0.14,0,83.7,0,7.57,0,111.19,37.34,7.64,0,-72.7,6.26,17.977,0,5.88,0,1.185,2.12,0,8.61
3/18/2026,07:15, ,gtmpcwq_24G103007_031726_050000.bin,Pellicer Creek,GTMNERR,0,13.751,0,7.98,0,-0.119,0,83,0,7.59,0,110.96,37.27,7.65,0,-73.3,6.26,17.306,0,5.74,0,1.181,1.97,0,8.01
3/18/2026,07:30, ,gtmpcwq_24G103007_031726_050000.bin,Pellicer Creek,GTMNERR,0,15.15,0,8.86,0,-0.093,0,82.9,0,7.52,0,108.85,36.56,7.65,0,-73,6.26,17.529,0,6.63,0,1.196,3.15,0,12.78
3/18/2026,07:45, ,gtmpcwq_24G103007_031726_050000.bin,Pellicer Creek,GTMNERR,0,16.687,0,9.84,0,-0.061,0,84.5,0,7.69,0,106.17,35.67,7.7,0,-75.9,6.25,16.984,0,6.09,0,1.19,2.81,0,11.41
3/18/2026,08:00, ,gtmpcwq_24G103007_031726_050000.bin,Pellicer Creek,GTMNERR,0,17.027,0,10.06,0,-0.031,0,85.3,0,7.76,0,106.05,35.63,7.71,0,-76.9,6.26,16.939,0,6.02,0,1.189,2.56,0,10.37
3/18/2026,08:15, ,gtmpcwq_24G103007_031726_050000.bin,Pellicer Creek,GTMNERR,0,17.284,0,10.22,0,0.001,0,85.6,0,7.79,0,104.94,35.26,7.72,0,-77.1,6.26,16.925,0,6.14,0,1.189,2.9,0,11.76
3/18/2026,08:30, ,gtmpcwq_24G103007_031726_050000.bin,Pellicer Creek,GTMNERR,0,19.49,0,11.64,0,0.037,0,84.6,0,7.61,0,100.89,33.92,7.71,0,-76.6,6.25,17.074,0,7.04,0,1.189,4.17,0,16.92
3/18/2026,08:45, ,gtmpcwq_24G103007_031726_050000.bin,Pellicer Creek,GTMNERR,0,20.5,0,12.3,0,0.076,0,84.3,0,7.57,0,98.71,33.19,7.71,0,-76.9,6.26,16.955,0,7.28,0,1.182,4.02,0,16.28
3/18/2026,09:00, ,gtmpcwq_24G103007_031726_050000.bin,Pellicer Creek,GTMNERR,0,22.716,0,13.76,0,0.115,0,83.5,0,7.44,0,95,31.96,7.71,0,-76.7,6.25,16.901,0,8.56,0,1.201,3.6,0,14.6
3/18/2026,09:15, ,gtmpcwq_24G103007_031726_050000.bin,Pellicer Creek,GTMNERR,0,24.507,0,14.94,0,0.159,0,82,0,7.31,0,92.08,30.99,7.7,0,-76.1,6.26,16.542,0,9.86,0,1.183,2.91,0,11.8
3/18/2026,09:30, ,gtmpcwq_24G103007_031726_050000.bin,Pellicer Creek,GTMNERR,0,26.1,0,16.01,0,0.202,0,82.8,0,7.4,0,89.44,30.11,7.72,0,-77.5,6.26,16.1,0,9.56,0,1.199,2.88,0,11.7
3/18/2026,09:45, ,gtmpcwq_24G103007_031726_050000.bin,Pellicer Creek,GTMNERR,0,27.393,0,16.88,0,0.242,0,83,0,7.4,0,85.64,28.85,7.74,0,-78.2,6.26,15.963,0,9.86,0,1.186,3.09,0,12.55
3/18/2026,10:00, ,gtmpcwq_24G103007_031726_050000.bin,Pellicer Creek,GTMNERR,0,28.631,0,17.71,0,0.277,0,83.3,0,7.4,0,82.64,27.85,7.75,0,-78.8,6.26,15.905,0,9.07,0,1.198,2.54,0,10.32
3/18/2026,10:15, ,gtmpcwq_24G103007_031726_050000.bin,Pellicer Creek,GTMNERR,0,30.167,0,18.75,0,0.303,0,84.2,0,7.44,0,79.2,26.71,7.76,0,-79.7,6.26,15.836,0,9.83,0,1.186,2.43,0,9.85
3/18/2026,10:30, ,gtmpcwq_24G103007_031726_050000.bin,Pellicer Creek,GTMNERR,0,31.275,0,19.51,0,0.324,0,85,0,7.47,0,76.1,25.68,7.78,0,-80.4,6.26,15.895,0,9.78,0,1.2,2.51,0,10.18
3/18/2026,10:45, ,gtmpcwq_24G103007_031726_050000.bin,Pellicer Creek,GTMNERR,0,31.911,0,19.95,0,0.335,0,85.5,0,7.48,0,74.63,25.19,7.78,0,-80.7,6.26,15.955,0,8.66,0,1.185,2.48,0,10.08
3/18/2026,11:00, ,gtmpcwq_24G103007_031726_050000.bin,Pellicer Creek,GTMNERR,0,32.545,0,20.38,0,0.34,0,85.7,0,7.48,0,73.24,24.73,7.79,0,-81,6.26,15.989,0,9.18,0,1.186,2.21,0,8.99
3/18/2026,11:15, ,gtmpcwq_24G103007_031726_050000.bin,Pellicer Creek,GTMNERR,0,32.783,0,20.55,0,0.335,0,84.7,0,7.38,0,72.33,24.42,7.78,0,-80.5,6.26,15.98,0,7.96,0,1.188,2.2,0,8.93
3/18/2026,11:30, ,gtmpcwq_24G103007_031726_050000.bin,Pellicer Creek,GTMNERR,0,33.063,0,20.74,0,0.322,0,80.5,0,7,0,69.14,23.36,7.72,0,-77.2,6.26,16.001,0,7.34,0,1.187,1.79,0,7.27
3/18/2026,11:45, ,gtmpcwq_24G103007_031726_050000.bin,Pellicer Creek,GTMNERR,0,33.109,0,20.77,0,0.307,0,81.2,0,7.07,0,69,23.32,7.75,0,-78.7,6.26,15.993,0,8.37,0,1.183,1.88,0,7.65
3/18/2026,12:00, ,gtmpcwq_24G103007_031726_050000.bin,Pellicer Creek,GTMNERR,0,32.425,0,20.3,0,0.285,0,84.5,0,7.36,0,72.85,24.6,7.78,0,-80.4,6.26,16.039,0,9.52,0,1.193,2.22,0,9.01
3/18/2026,12:15, ,gtmpcwq_24G103007_031726_050000.bin,Pellicer Creek,GTMNERR,0,31.418,0,19.61,0,0.261,0,86,0,7.52,0,76.03,25.66,7.79,0,-81.4,6.26,16.068,0,8.71,0,1.192,2.82,0,11.44
3/18/2026,12:30, ,gtmpcwq_24G103007_031726_050000.bin,Pellicer Creek,GTMNERR,0,30.772,0,19.17,0,0.244,0,85.4,0,7.48,0,77.4,26.11,7.79,0,-81,6.26,16.118,0,7.73,0,1.184,2.63,0,10.68
3/18/2026,12:45, ,gtmpcwq_24G103007_031726_050000.bin,Pellicer Creek,GTMNERR,0,29.038,0,17.99,0,0.217,0,88.5,0,7.73,0,80.3,27.07,7.8,0,-81.7,6.26,16.656,0,8.03,0,1.186,2.89,0,11.73
3/18/2026,13:00, ,gtmpcwq_24G103007_031726_050000.bin,Pellicer Creek,GTMNERR,0,27.795,0,17.15,0,0.189,0,89.2,0,7.8,0,82.76,27.89,7.8,0,-82.2,6.26,16.85,0,8.64,0,1.183,3.21,0,13.03
3/18/2026,13:15, ,gtmpcwq_24G103007_031726_050000.bin,Pellicer Creek,GTMNERR,0,28.685,0,17.75,0,0.162,0,87,0,7.63,0,82.5,27.8,7.79,0,-81.2,6.26,16.546,0,8.57,0,1.185,2.97,0,12.06
3/18/2026,13:30, ,gtmpcwq_24G103007_031726_050000.bin,Pellicer Creek,GTMNERR,0,27.645,0,17.05,0,0.142,0,88.4,0,7.74,0,83.64,28.18,7.79,0,-81.4,6.26,16.808,0,8.73,0,1.185,3.05,0,12.35
3/18/2026,13:45, ,gtmpcwq_24G103007_031726_050000.bin,Pellicer Creek,GTMNERR,0,25.841,0,15.83,0,0.119,0,90.5,0,7.93,0,87.11,29.34,7.8,0,-82.3,6.26,17.189,0,8.8,0,1.196,3.32,0,13.45
3/18/2026,14:00, ,gtmpcwq_24G103007_031726_050000.bin,Pellicer Creek,GTMNERR,0,25.448,0,15.57,0,0.1,0,89.6,0,7.84,0,87.39,29.43,7.79,0,-81.2,6.26,17.287,0,8.92,0,1.186,3.36,0,13.63
3/18/2026,14:15, ,gtmpcwq_24G103007_031726_050000.bin,Pellicer Creek,GTMNERR,0,26.096,0,16,0,0.074,0,89.6,0,7.82,0,86.81,29.24,7.78,0,-81.1,6.26,17.291,0,8.46,0,1.19,3.1,0,12.57
3/18/2026,14:30, ,gtmpcwq_24G103007_031726_050000.bin,Pellicer Creek,GTMNERR,0,26.383,0,16.2,0,0.057,0,87.7,0,7.68,0,86.26,29.06,7.77,0,-80,6.26,17.042,0,7.99,0,1.198,3.19,0,12.95
3/18/2026,14:45, ,gtmpcwq_24G103007_031726_050000.bin,Pellicer Creek,GTMNERR,0,24.547,0,14.97,0,0.032,0,90.4,0,7.9,0,89.15,30.01,7.78,0,-80.7,6.26,17.568,0,8.54,0,1.182,3.43,0,13.89
3/18/2026,15:00, ,gtmpcwq_24G103007_031726_050000.bin,Pellicer Creek,GTMNERR,0,25.471,0,15.59,0,0.016,0,90,0,7.85,0,87.97,29.62,7.78,0,-80.8,6.26,17.399,0,7.84,0,1.197,3.56,0,14.42
3/18/2026,15:15, ,gtmpcwq_24G103007_031726_050000.bin,Pellicer Creek,GTMNERR,0,24.525,0,14.95,0,-0.002,0,93.8,0,8.17,0,88.58,29.83,7.81,0,-82.8,6.26,17.675,0,8.88,0,1.181,4.62,0,18.74
3/18/2026,15:30, ,gtmpcwq_24G103007_031726_050000.bin,Pellicer Creek,GTMNERR,0,24.069,0,14.65,0,-0.023,0,92.4,0,8.05,0,89.84,30.25,7.79,0,-81.8,6.26,17.751,0,8.09,0,1.192,4.28,0,17.36
3/18/2026,15:45, ,gtmpcwq_24G103007_031726_050000.bin,Pellicer Creek,GTMNERR,0,23.337,0,14.16,0,-0.041,0,95.8,0,8.31,0,90.47,30.45,7.82,0,-83.3,6.26,18.103,0,8.44,0,1.2,5.28,0,21.4
3/18/2026,16:00, ,gtmpcwq_24G103007_031726_050000.bin,Pellicer Creek,GTMNERR,0,23.292,0,14.13,0,-0.051,0,94.8,0,8.22,0,90.15,30.35,7.81,0,-82.7,6.26,18.128,0,7.95,0,1.189,5.27,0,21.35
3/18/2026,16:15, ,gtmpcwq_24G103007_031726_050000.bin,Pellicer Creek,GTMNERR,0,23.49,0,14.27,0,-0.07,0,91.4,0,7.94,0,89.98,30.29,7.78,0,-80.8,6.26,18.009,0,7.88,0,1.182,5.62,0,22.77
3/18/2026,16:30, ,gtmpcwq_24G103007_031726_050000.bin,Pellicer Creek,GTMNERR,0,22.842,0,13.84,0,-0.085,0,92.9,0,8.06,0,90.37,30.42,7.78,0,-80.8,6.26,18.243,0,7.01,0,1.19,6.29,0,25.46
3/18/2026,16:45, ,gtmpcwq_24G103007_031726_050000.bin,Pellicer Creek,GTMNERR,0,22.778,0,13.79,0,-0.096,0,91.8,0,7.97,0,91.1,30.66,7.77,0,-80.5,6.26,18.215,0,6.34,0,1.192,6.03,0,24.43
3/18/2026,17:00, ,gtmpcwq_24G103007_031726_050000.bin,Pellicer Creek,GTMNERR,0,22.202,0,13.41,0,-0.105,0,93.7,0,8.13,0,91.1,30.66,7.77,0,-80.5,6.26,18.352,0,7.53,0,1.195,5.53,0,22.41
3/18/2026,17:15, ,gtmpcwq_24G103007_031726_050000.bin,Pellicer Creek,GTMNERR,0,22.204,0,13.42,0,-0.114,0,93.7,0,8.13,0,91.98,30.96,7.79,0,-81.4,6.26,18.365,0,6.82,0,1.198,4.86,0,19.71
3/18/2026,17:30, ,gtmpcwq_24G103007_031726_050000.bin,Pellicer Creek,GTMNERR,0,21.871,0,13.2,0,-0.129,0,93.1,0,8.07,0,92.65,31.18,7.78,0,-80.9,6.26,18.45,0,6.94,0,1.194,6.25,0,25.3
3/18/2026,17:45, ,gtmpcwq_24G103007_031726_050000.bin,Pellicer Creek,GTMNERR,0,21.625,0,13.03,0,-0.133,0,95.2,0,8.23,0,91.99,30.96,7.8,0,-82.5,6.26,18.692,0,7.08,0,1.192,3.92,0,15.89
3/18/2026,18:00, ,gtmpcwq_24G103007_031726_050000.bin,Pellicer Creek,GTMNERR,0,21.526,0,12.97,0,-0.135,0,99.6,0,8.55,0,91.52,30.8,7.86,0,-85.8,6.26,19.022,0,7.59,0,1.183,7.09,0,28.73
3/18/2026,18:15, ,gtmpcwq_24G103007_031726_050000.bin,Pellicer Creek,GTMNERR,0,19.896,0,11.9,0,-0.122,0,97,0,8.37,0,96.17,32.35,7.83,0,-83.9,6.26,19.088,0,8.47,0,1.189,6.22,0,25.18
3/18/2026,18:30, ,gtmpcwq_24G103007_031726_050000.bin,Pellicer Creek,GTMNERR,0,18.124,0,10.75,0,-0.11,0,102,0,8.79,0,97.72,32.86,7.86,0,-86.1,6.26,19.457,0,7.74,0,1.183,5.23,0,21.2
3/18/2026,18:45, ,gtmpcwq_24G103007_031726_050000.bin,Pellicer Creek,GTMNERR,0,17.413,0,10.3,0,-0.097,0,106.8,0,9.23,0,97.17,32.68,7.95,0,-91,6.26,19.537,0,9.18,0,1.196,4.55,0,18.43
3/18/2026,19:00, ,gtmpcwq_24G103007_031726_050000.bin,Pellicer Creek,GTMNERR,0,17.047,0,10.06,0,-0.08,0,106.7,0,9.25,0,99.01,33.29,7.95,0,-91.2,6.26,19.382,0,8.42,0,1.191,3.26,0,13.22
3/18/2026,19:15, ,gtmpcwq_24G103007_031726_050000.bin,Pellicer Creek,GTMNERR,0,17.533,0,10.37,0,-0.058,0,105.8,0,9.22,0,98.24,33.04,7.95,0,-91.2,6.26,19.082,0,8.69,0,1.192,3.23,0,13.12
3/18/2026,19:30, ,gtmpcwq_24G103007_031726_050000.bin,Pellicer Creek,GTMNERR,0,18.79,0,11.19,0,-0.032,0,104.6,0,9.1,0,95.2,32.03,7.94,0,-90.6,6.26,18.916,0,9.68,0,1.185,3.83,0,15.54
3/18/2026,19:45, ,gtmpcwq_24G103007_031726_050000.bin,Pellicer Creek,GTMNERR,0,20.181,0,12.09,0,-0.002,0,104.8,0,9.15,0,92.95,31.28,7.97,0,-92,6.26,18.425,0,9.21,0,1.199,3.56,0,14.44
3/18/2026,20:00, ,gtmpcwq_24G103007_031726_050000.bin,Pellicer Creek,GTMNERR,0,20.246,0,12.13,0,0.03,0,104.8,0,9.18,0,94.21,31.7,7.97,0,-92.3,6.26,18.298,0,8.69,0,1.181,3.06,0,12.39
3/18/2026,20:15, ,gtmpcwq_24G103007_031726_050000.bin,Pellicer Creek,GTMNERR,0,20.926,0,12.58,0,0.066,0,104,0,9.1,0,93.02,31.3,7.96,0,-91.6,6.26,18.175,0,8.91,0,1.192,3.16,0,12.81
3/18/2026,20:30, ,gtmpcwq_24G103007_031726_050000.bin,Pellicer Creek,GTMNERR,0,22.589,0,13.67,0,0.104,0,103.4,0,9.01,0,90.27,30.39,7.95,0,-90.7,6.26,18.071,0,8.92,0,1.181,3.44,0,13.95
3/18/2026,20:45, ,gtmpcwq_24G103007_031726_050000.bin,Pellicer Creek,GTMNERR,0,23.85,0,14.51,0,0.146,0,102,0,8.88,0,87.63,29.51,7.94,0,-90.1,6.26,17.838,0,9.39,0,1.192,3.79,0,15.38
3/18/2026,21:00, ,gtmpcwq_24G103007_031726_050000.bin,Pellicer Creek,GTMNERR,0,25.857,0,15.84,0,0.187,0,100.1,0,8.68,0,83.72,28.21,7.92,0,-88.8,6.26,17.622,0,10.21,0,1.189,4.44,0,17.98
3/18/2026,21:15, ,gtmpcwq_24G103007_031726_050000.bin,Pellicer Creek,GTMNERR,0,26.843,0,16.51,0,0.232,0,99.2,0,8.61,0,81.59,27.5,7.92,0,-88.9,6.26,17.388,0,11.54,0,1.19,4.47,0,18.13
3/18/2026,21:30, ,gtmpcwq_24G103007_031726_050000.bin,Pellicer Creek,GTMNERR,0,27.455,0,16.92,0,0.276,0,98.2,0,8.55,0,80.61,27.18,7.91,0,-88.6,6.27,17.133,0,11.62,0,1.184,3.91,0,15.84
3/18/2026,21:45, ,gtmpcwq_24G103007_031726_050000.bin,Pellicer Creek,GTMNERR,0,28.707,0,17.76,0,0.315,0,97.4,0,8.46,0,77.75,26.23,7.91,0,-88.5,6.26,16.949,0,12.08,0,1.198,3.66,0,14.84
3/18/2026,22:00, ,gtmpcwq_24G103007_031726_050000.bin,Pellicer Creek,GTMNERR,0,29.392,0,18.23,0,0.347,0,96.7,0,8.4,0,76.3,25.75,7.91,0,-88.5,6.27,16.859,0,12.01,0,1.187,3.94,0,15.96
3/18/2026,22:15, ,gtmpcwq_24G103007_031726_050000.bin,Pellicer Creek,GTMNERR,0,30.786,0,19.18,0,0.371,0,95.8,0,8.3,0,72.81,24.58,7.91,0,-88.2,6.26,16.674,0,12.45,0,1.184,3.59,0,14.54
3/18/2026,22:30, ,gtmpcwq_24G103007_031726_050000.bin,Pellicer Creek,GTMNERR,0,31.758,0,19.85,0,0.39,0,95.3,0,8.24,0,70.34,23.76,7.91,0,-88.2,6.27,16.58,0,12.97,0,1.184,3.17,0,12.86
3/18/2026,22:45, ,gtmpcwq_24G103007_031726_050000.bin,Pellicer Creek,GTMNERR,0,32.544,0,20.39,0,0.404,0,94.7,0,8.17,0,67.24,22.73,7.91,0,-88.1,6.26,16.518,0,15.69,0,1.192,3.11,0,12.63
3/18/2026,23:00, ,gtmpcwq_24G103007_031726_050000.bin,Pellicer Creek,GTMNERR,0,32.858,0,20.6,0,0.414,0,94.4,0,8.15,0,67.84,22.93,7.91,0,-88.4,6.27,16.392,0,12.44,0,1.195,3.03,0,12.29
3/18/2026,23:15, ,gtmpcwq_24G103007_031726_050000.bin,Pellicer Creek,GTMNERR,0,33.4,0,20.97,0,0.418,0,94.3,0,8.14,0,66.51,22.49,7.92,0,-88.7,6.26,16.297,0,11.51,0,1.189,2.96,0,12
3/18/2026,23:30, ,gtmpcwq_24G103007_031726_050000.bin,Pellicer Creek,GTMNERR,0,33.688,0,21.17,0,0.417,0,94,0,8.12,0,66.3,22.42,7.92,0,-88.7,6.27,16.237,0,10.35,0,1.189,2.81,0,11.41
3/18/2026,23:45, ,gtmpcwq_24G103007_031726_050000.bin,Pellicer Creek,GTMNERR,0,33.671,0,21.16,0,0.409,0,92.7,0,8.01,0,66.66,22.54,7.9,0,-87.8,6.26,16.218,0,9.64,0,1.184,2.44,0,9.9
3/19/2026,00:00, ,gtmpcwq_24G103007_031726_050000.bin,Pellicer Creek,GTMNERR,0,34.022,0,21.4,0,0.391,0,89.7,0,7.73,0,65.59,22.19,7.87,0,-85.9,6.27,16.275,0,10.05,0,1.182,2.08,0,8.46
3/19/2026,00:15, ,gtmpcwq_24G103007_031726_050000.bin,Pellicer Creek,GTMNERR,0,33.617,0,21.12,0,0.368,0,91.6,0,7.91,0,66.67,22.54,7.89,0,-87.2,6.27,16.285,0,10.62,0,1.198,2.43,0,9.85
3/19/2026,00:30, ,gtmpcwq_24G103007_031726_050000.bin,Pellicer Creek,GTMNERR,0,33.216,0,20.85,0,0.346,0,92.5,0,7.99,0,67.97,22.98,7.91,0,-88,6.26,16.312,0,10.72,0,1.185,2.83,0,11.5
3/19/2026,00:45, ,gtmpcwq_24G103007_031726_050000.bin,Pellicer Creek,GTMNERR,0,32.175,0,20.13,0,0.324,0,92.3,0,7.99,0,69.86,23.6,7.9,0,-87.5,6.26,16.469,0,11.49,0,1.189,3.1,0,12.58
3/19/2026,01:00, ,gtmpcwq_24G103007_031726_050000.bin,Pellicer Creek,GTMNERR,0,30.966,0,19.3,0,0.3,0,92.7,0,8.06,0,72.94,24.63,7.9,0,-87.5,6.26,16.458,0,11.94,0,1.197,3.08,0,12.5
3/19/2026,01:15, ,gtmpcwq_24G103007_031726_050000.bin,Pellicer Creek,GTMNERR,0,29.504,0,18.31,0,0.276,0,92.8,0,8.1,0,76.49,25.81,7.89,0,-87.2,6.26,16.596,0,11.72,0,1.184,3.22,0,13.06
3/19/2026,01:30, ,gtmpcwq_24G103007_031726_050000.bin,Pellicer Creek,GTMNERR,0,28.894,0,17.89,0,0.249,0,92.5,0,8.08,0,78.25,26.39,7.88,0,-86.6,6.27,16.636,0,12.21,0,1.189,3.35,0,13.58
3/19/2026,01:45, ,gtmpcwq_24G103007_031726_050000.bin,Pellicer Creek,GTMNERR,0,27.386,0,16.87,0,0.225,0,92.4,0,8.11,0,82.11,27.67,7.87,0,-86,6.26,16.778,0,10.64,0,1.19,3.91,0,15.84
3/19/2026,02:00, ,gtmpcwq_24G103007_031726_050000.bin,Pellicer Creek,GTMNERR,0,26.468,0,16.25,0,0.198,0,92.3,0,8.12,0,84.4,28.44,7.86,0,-85.5,6.27,16.854,0,9.21,0,1.192,3.98,0,16.12
3/19/2026,02:15, ,gtmpcwq_24G103007_031726_050000.bin,Pellicer Creek,GTMNERR,0,25.867,0,15.85,0,0.17,0,91.6,0,8.06,0,85.77,28.89,7.85,0,-84.7,6.26,16.9,0,9.57,0,1.19,4.36,0,17.67
3/19/2026,02:30, ,gtmpcwq_24G103007_031726_050000.bin,Pellicer Creek,GTMNERR,0,25.06,0,15.31,0,0.146,0,91.7,0,8.08,0,87.37,29.43,7.85,0,-84.7,6.27,17.011,0,8.85,0,1.184,4.47,0,18.11
3/19/2026,02:45, ,gtmpcwq_24G103007_031726_050000.bin,Pellicer Creek,GTMNERR,0,24.78,0,15.13,0,0.121,0,91.1,0,8.03,0,87.58,29.49,7.84,0,-84.1,6.26,17.05,0,8.74,0,1.188,4.51,0,18.28
3/19/2026,03:00, ,gtmpcwq_24G103007_031726_050000.bin,Pellicer Creek,GTMNERR,0,24.39,0,14.87,0,0.095,0,90.5,0,7.99,0,88.86,29.92,7.83,0,-83.5,6.26,17.038,0,7.76,0,1.192,4.34,0,17.61
3/19/2026,03:15, ,gtmpcwq_24G103007_031726_050000.bin,Pellicer Creek,GTMNERR,0,23.614,0,14.35,0,0.072,0,89.9,0,7.96,0,90.8,30.56,7.81,0,-82.7,6.26,17.059,0,7.74,0,1.186,3.93,0,15.92
3/19/2026,03:30, ,gtmpcwq_24G103007_031726_050000.bin,Pellicer Creek,GTMNERR,0,23.124,0,14.03,0,0.051,0,89.5,0,7.93,0,91.75,30.88,7.8,0,-82,6.26,17.091,0,7.26,0,1.192,3.97,0,16.11
3/19/2026,03:45, ,gtmpcwq_24G103007_031726_050000.bin,Pellicer Creek,GTMNERR,0,23.51,0,14.28,0,0.031,0,89.5,0,7.92,0,90.59,30.49,7.8,0,-82,6.26,17.11,0,7.67,0,1.182,4.82,0,19.54
3/19/2026,04:00, ,gtmpcwq_24G103007_031726_050000.bin,Pellicer Creek,GTMNERR,0,23.132,0,14.03,0,0.012,0,89.4,0,7.92,0,91.8,30.9,7.8,0,-82,6.27,17.144,0,8.1,0,1.193,4.54,0,18.41
3/19/2026,04:15, ,gtmpcwq_24G103007_031726_050000.bin,Pellicer Creek,GTMNERR,0,22.713,0,13.75,0,-0.005,0,89.2,0,7.91,0,92.72,31.2,7.79,0,-81.4,6.26,17.147,0,7.55,0,1.195,5.47,0,22.17
3/19/2026,04:30, ,gtmpcwq_24G103007_031726_050000.bin,Pellicer Creek,GTMNERR,0,22.134,0,13.37,0,-0.024,0,89.1,0,7.91,0,94.38,31.75,7.79,0,-81.2,6.26,17.201,0,7.43,0,1.191,4.37,0,17.72
3/19/2026,04:45, ,gtmpcwq_24G103007_031726_050000.bin,Pellicer Creek,GTMNERR,0,22.284,0,13.47,0,-0.036,0,88.7,0,7.87,0,93.67,31.52,7.78,0,-80.8,6.27,17.234,0,7.36,0,1.189,4.53,0,18.38
3/19/2026,05:00, ,gtmpcwq_24G103007_031726_050000.bin,Pellicer Creek,GTMNERR,0,21.971,0,13.27,0,-0.05,0,88.1,0,7.82,0,93.88,31.59,7.77,0,-80.3,6.27,17.205,0,7.22,0,1.184,4.15,0,16.83
3/19/2026,05:15, ,gtmpcwq_24G103007_031726_050000.bin,Pellicer Creek,GTMNERR,0,22.103,0,13.35,0,-0.062,0,87.5,0,7.76,0,93.79,31.56,7.76,0,-79.4,6.27,17.233,0,7.23,0,1.191,6.04,0,24.48
3/19/2026,05:30, ,gtmpcwq_24G103007_031726_050000.bin,Pellicer Creek,GTMNERR,0,22.267,0,13.46,0,-0.071,0,86,0,7.63,0,92.47,31.12,7.72,0,-77.5,6.27,17.229,0,6.68,0,1.188,6.47,0,26.2
3/19/2026,05:45, ,gtmpcwq_24G103007_031726_050000.bin,Pellicer Creek,GTMNERR,0,22.04,0,13.31,0,-0.082,0,84.1,0,7.46,0,92.82,31.24,7.71,0,-76.6,6.27,17.232,0,6.37,0,1.186,5.12,0,20.73
3/19/2026,06:00, ,gtmpcwq_24G103007_031726_050000.bin,Pellicer Creek,GTMNERR,0,21.749,0,13.12,0,-0.09,0,82,0,7.29,0,93.41,31.43,7.69,0,-75.7,6.27,17.237,0,6.59,0,1.183,5.92,0,23.96
3/19/2026,06:15, ,gtmpcwq_24G103007_031726_050000.bin,Pellicer Creek,GTMNERR,0,21.248,0,12.79,0,-0.088,0,82.6,0,7.36,0,95.4,32.09,7.7,0,-76.2,6.27,17.237,0,6.84,0,1.183,5.45,0,22.1
3/19/2026,06:30, ,gtmpcwq_24G103007_031726_050000.bin,Pellicer Creek,GTMNERR,0,20.2,0,12.11,0,-0.073,0,85.4,0,7.63,0,98.93,33.27,7.73,0,-77.8,6.26,17.275,0,5.73,0,1.194,3.21,0,13.04
3/19/2026,06:45, ,gtmpcwq_24G103007_031726_050000.bin,Pellicer Creek,GTMNERR,0,18.954,0,11.3,0,-0.059,0,86,0,7.73,0,101.41,34.09,7.71,0,-76.6,6.27,17.221,0,5.9,0,1.19,3.38,0,13.73
3/19/2026,07:00, ,gtmpcwq_24G103007_031726_050000.bin,Pellicer Creek,GTMNERR,0,18.801,0,11.2,0,-0.044,0,86,0,7.78,0,102.34,34.4,7.72,0,-77.1,6.27,16.891,0,5.67,0,1.182,2.29,0,9.31
3/19/2026,07:15, ,gtmpcwq_24G103007_031726_050000.bin,Pellicer Creek,GTMNERR,0,18.513,0,11.01,0,-0.021,0,86.7,0,7.89,0,102.88,34.58,7.73,0,-77.7,6.27,16.735,0,5.6,0,1.191,2.36,0,9.59
3/19/2026,07:30, ,gtmpcwq_24G103007_031726_050000.bin,Pellicer Creek,GTMNERR,0,20.666,0,12.41,0,0.004,0,86.7,0,7.86,0,98.95,33.27,7.74,0,-78.6,6.27,16.442,0,5.99,0,1.189,2.82,0,11.43
3/19/2026,07:45, ,gtmpcwq_24G103007_031726_050000.bin,Pellicer Creek,GTMNERR,0,21.57,0,13,0,0.035,0,86.9,0,7.87,0,96.93,32.6,7.75,0,-79.2,6.27,16.321,0,5.92,0,1.186,3.4,0,13.79
3/19/2026,08:00, ,gtmpcwq_24G103007_031726_050000.bin,Pellicer Creek,GTMNERR,0,22.458,0,13.59,0,0.069,0,87.8,0,7.95,0,94.81,31.9,7.77,0,-80.2,6.27,16.194,0,6.65,0,1.183,3.55,0,14.4
3/19/2026,08:15, ,gtmpcwq_24G103007_031726_050000.bin,Pellicer Creek,GTMNERR,0,22.249,0,13.45,0,0.103,0,89.7,0,8.14,0,95.48,32.12,7.79,0,-81.4,6.27,16.11,0,6,0,1.188,2.75,0,11.16
3/19/2026,08:30, ,gtmpcwq_24G103007_031726_050000.bin,Pellicer Creek,GTMNERR,0,23.758,0,14.45,0,0.14,0,89.7,0,8.1,0,92.33,31.07,7.8,0,-82,6.27,16.105,0,6.49,0,1.185,3.19,0,12.93
3/19/2026,08:45, ,gtmpcwq_24G103007_031726_050000.bin,Pellicer Creek,GTMNERR,0,25.823,0,15.82,0,0.176,0,88.8,0,7.95,0,87.89,29.6,7.8,0,-81.9,6.27,16.122,0,7.28,0,1.181,3.4,0,13.79
3/19/2026,09:00, ,gtmpcwq_24G103007_031726_050000.bin,Pellicer Creek,GTMNERR,0,26.429,0,16.23,0,0.218,0,89.1,0,7.96,0,85.98,28.96,7.81,0,-82.4,6.27,16.053,0,7.9,0,1.192,3.76,0,15.24
3/19/2026,09:15, ,gtmpcwq_24G103007_031726_050000.bin,Pellicer Creek,GTMNERR,0,28.235,0,17.44,0,0.261,0,89.1,0,7.93,0,82.43,27.78,7.81,0,-82.4,6.27,15.886,0,9.92,0,1.193,3.44,0,13.97
3/19/2026,09:30, ,gtmpcwq_24G103007_031726_050000.bin,Pellicer Creek,GTMNERR,0,29.232,0,18.12,0,0.304,0,90.5,0,8.06,0,81.25,27.39,7.82,0,-83.1,6.27,15.612,0,8.39,0,1.192,2.4,0,9.74
3/19/2026,09:45, ,gtmpcwq_24G103007_031726_050000.bin,Pellicer Creek,GTMNERR,0,30.613,0,19.06,0,0.346,0,90.4,0,8.03,0,78.46,26.46,7.83,0,-83.3,6.27,15.472,0,9.38,0,1.193,2.35,0,9.54
3/19/2026,10:00, ,gtmpcwq_24G103007_031726_050000.bin,Pellicer Creek,GTMNERR,0,31.333,0,19.55,0,0.377,0,91.7,0,8.14,0,76.22,25.72,7.85,0,-84.5,6.27,15.359,0,9.15,0,1.182,2.12,0,8.61
3/19/2026,10:15, ,gtmpcwq_24G103007_031726_050000.bin,Pellicer Creek,GTMNERR,0,32.36,0,20.25,0,0.405,0,92.6,0,8.19,0,72.72,24.55,7.86,0,-85.2,6.27,15.334,0,10.02,0,1.189,2.12,0,8.6
3/19/2026,10:30, ,gtmpcwq_24G103007_031726_050000.bin,Pellicer Creek,GTMNERR,0,33.619,0,21.12,0,0.43,0,93.8,0,8.25,0,69.15,23.37,7.88,0,-86.2,6.27,15.358,0,9.67,0,1.192,1.85,0,7.51
3/19/2026,10:45, ,gtmpcwq_24G103007_031726_050000.bin,Pellicer Creek,GTMNERR,0,34.649,0,21.83,0,0.446,0,94.3,0,8.26,0,66.35,22.44,7.89,0,-86.7,6.26,15.354,0,10.04,0,1.183,1.84,0,7.48
3/19/2026,11:00, ,gtmpcwq_24G103007_031726_050000.bin,Pellicer Creek,GTMNERR,0,35.716,0,22.57,0,0.458,0,95.2,0,8.29,0,63.75,21.57,7.89,0,-87.2,6.27,15.399,0,9.52,0,1.201,1.77,0,7.18
3/19/2026,11:15, ,gtmpcwq_24G103007_031726_050000.bin,Pellicer Creek,GTMNERR,0,36.496,0,23.12,0,0.47,0,96.4,0,8.36,0,61.38,20.79,7.91,0,-87.9,6.27,15.425,0,9.17,0,1.192,1.72,0,6.98
3/19/2026,11:30, ,gtmpcwq_24G103007_031726_050000.bin,Pellicer Creek,GTMNERR,0,37.179,0,23.6,0,0.479,0,96.9,0,8.38,0,59.43,20.14,7.91,0,-88.3,6.27,15.46,0,9.1,0,1.183,1.78,0,7.22
3/19/2026,11:45, ,gtmpcwq_24G103007_031726_050000.bin,Pellicer Creek,GTMNERR,0,37.855,0,24.07,0,0.48,0,97.6,0,8.41,0,57.8,19.6,7.92,0,-88.7,6.27,15.483,0,8.95,0,1.189,1.82,0,7.4
3/19/2026,12:00, ,gtmpcwq_24G103007_031726_050000.bin,Pellicer Creek,GTMNERR,0,38.325,0,24.4,0,0.481,0,98.2,0,8.43,0,56.43,19.14,7.93,0,-89.1,6.27,15.534,0,9.23,0,1.195,1.85,0,7.51
3/19/2026,12:15, ,gtmpcwq_24G103007_031726_050000.bin,Pellicer Creek,GTMNERR,0,38.589,0,24.59,0,0.474,0,98.3,0,8.42,0,55.98,18.99,7.93,0,-89.1,6.27,15.604,0,7.63,0,1.194,1.75,0,7.11
3/19/2026,12:30, ,gtmpcwq_24G103007_031726_050000.bin,Pellicer Creek,GTMNERR,0,38.903,0,24.81,0,0.461,0,93.5,0,8,0,54.51,18.5,7.88,0,-86.1,6.27,15.613,0,9.47,0,1.189,1.53,0,6.22
3/19/2026,12:45, ,gtmpcwq_24G103007_031726_050000.bin,Pellicer Creek,GTMNERR,0,38.6,0,24.59,0,0.448,0,96.9,0,8.3,0,55.65,18.88,7.92,0,-88.6,6.27,15.622,0,8.79,0,1.182,1.81,0,7.34
3/19/2026,13:00, ,gtmpcwq_24G103007_031726_050000.bin,Pellicer Creek,GTMNERR,0,38.357,0,24.42,0,0.429,0,97.1,0,8.33,0,56.61,19.2,7.91,0,-88.4,6.27,15.601,0,8.15,0,1.19,1.75,0,7.13
3/19/2026,13:15, ,gtmpcwq_24G103007_031726_050000.bin,Pellicer Creek,GTMNERR,0,37.573,0,23.87,0,0.406,0,98.1,0,8.43,0,58.85,19.95,7.92,0,-88.9,6.27,15.672,0,8.18,0,1.183,2.05,0,8.34
3/19/2026,13:30, ,gtmpcwq_24G103007_031726_050000.bin,Pellicer Creek,GTMNERR,0,36.166,0,22.89,0,0.387,0,100.1,0,8.57,0,61.5,20.83,7.92,0,-88.9,6.27,16.194,0,10.21,0,1.189,2.02,0,8.19
3/19/2026,13:45, ,gtmpcwq_24G103007_031726_050000.bin,Pellicer Creek,GTMNERR,0,34.393,0,21.66,0,0.365,0,101.2,0,8.66,0,65.28,22.08,7.92,0,-89.1,6.27,16.544,0,9.65,0,1.192,2.04,0,8.27
3/19/2026,14:00, ,gtmpcwq_24G103007_031726_050000.bin,Pellicer Creek,GTMNERR,0,32.965,0,20.68,0,0.343,0,101.3,0,8.7,0,68.91,23.29,7.92,0,-88.7,6.27,16.696,0,9.72,0,1.182,2.21,0,8.99
3/19/2026,14:15, ,gtmpcwq_24G103007_031726_050000.bin,Pellicer Creek,GTMNERR,0,31.989,0,20,0,0.311,0,100.7,0,8.69,0,71.68,24.21,7.91,0,-88.2,6.27,16.649,0,9.42,0,1.186,2.34,0,9.5
3/19/2026,14:30, ,gtmpcwq_24G103007_031726_050000.bin,Pellicer Creek,GTMNERR,0,30.847,0,19.22,0,0.284,0,101.4,0,8.75,0,74.87,25.27,7.9,0,-87.9,6.27,16.866,0,9.25,0,1.186,2.57,0,10.43
3/19/2026,14:45, ,gtmpcwq_24G103007_031726_050000.bin,Pellicer Creek,GTMNERR,0,29.703,0,18.44,0,0.262,0,101.6,0,8.77,0,77.68,26.2,7.9,0,-87.7,6.27,17.046,0,9.41,0,1.183,2.72,0,11.05
3/19/2026,15:00, ,gtmpcwq_24G103007_031726_050000.bin,Pellicer Creek,GTMNERR,0,28.732,0,17.78,0,0.233,0,101.5,0,8.78,0,79.36,26.76,7.9,0,-87.6,6.27,17.172,0,9.08,0,1.19,3.49,0,14.15
3/19/2026,15:15, ,gtmpcwq_24G103007_031726_050000.bin,Pellicer Creek,GTMNERR,0,27.8,0,17.15,0,0.206,0,102,0,8.83,0,81.33,27.42,7.89,0,-87.5,6.27,17.361,0,8.46,0,1.183,3.86,0,15.66
3/19/2026,15:30, ,gtmpcwq_24G103007_031726_050000.bin,Pellicer Creek,GTMNERR,0,26.936,0,16.57,0,0.177,0,102.9,0,8.9,0,82.7,27.87,7.9,0,-87.8,6.27,17.568,0,8.91,0,1.191,3.64,0,14.74
3/19/2026,15:45, ,gtmpcwq_24G103007_031726_050000.bin,Pellicer Creek,GTMNERR,0,26.088,0,16,0,0.155,0,103.5,0,8.96,0,84.62,28.51,7.9,0,-88.1,6.27,17.682,0,7.99,0,1.189,4.28,0,17.33
3/19/2026,16:00, ,gtmpcwq_24G103007_031726_050000.bin,Pellicer Creek,GTMNERR,0,25.565,0,15.65,0,0.129,0,103.5,0,8.98,0,85.36,28.76,7.9,0,-87.9,6.27,17.713,0,8.56,0,1.187,4.95,0,20.04
3/19/2026,16:15, ,gtmpcwq_24G103007_031726_050000.bin,Pellicer Creek,GTMNERR,0,24.746,0,15.1,0,0.105,0,105.2,0,9.11,0,87.45,29.45,7.91,0,-88.4,6.27,17.927,0,8.11,0,1.186,4.72,0,19.13
3/19/2026,16:30, ,gtmpcwq_24G103007_031726_050000.bin,Pellicer Creek,GTMNERR,0,24.249,0,14.77,0,0.085,0,104.9,0,9.1,0,88.06,29.65,7.91,0,-88.4,6.27,17.979,0,8.26,0,1.192,5.05,0,20.45
3/19/2026,16:45, ,gtmpcwq_24G103007_031726_050000.bin,Pellicer Creek,GTMNERR,0,23.767,0,14.45,0,0.061,0,105.2,0,9.12,0,88.48,29.79,7.9,0,-88.2,6.27,18.044,0,9.32,0,1.187,5.03,0,20.37
3/19/2026,17:00, ,gtmpcwq_24G103007_031726_050000.bin,Pellicer Creek,GTMNERR,0,23.643,0,14.37,0,0.04,0,104,0,9.03,0,89.28,30.06,7.89,0,-87.4,6.27,18.031,0,8.02,0,1.189,5.94,0,24.05
3/19/2026,17:15, ,gtmpcwq_24G103007_031726_050000.bin,Pellicer Creek,GTMNERR,0,22.608,0,13.68,0,0.021,0,105.2,0,9.14,0,91.15,30.68,7.9,0,-87.9,6.27,18.207,0,7.85,0,1.196,4.91,0,19.92
3/19/2026,17:30, ,gtmpcwq_24G103007_031726_050000.bin,Pellicer Creek,GTMNERR,0,21.813,0,13.16,0,0.006,0,105,0,9.15,0,91.56,30.82,7.9,0,-88.1,6.27,18.203,0,10.26,0,1.198,4.66,0,18.89
3/19/2026,17:45, ,gtmpcwq_24G103007_031726_050000.bin,Pellicer Creek,GTMNERR,0,22.414,0,13.56,0,-0.009,0,103.6,0,9.02,0,91.72,30.87,7.88,0,-86.9,6.27,18.106,0,8.44,0,1.189,5.54,0,22.46
3/19/2026,18:00, ,gtmpcwq_24G103007_031726_050000.bin,Pellicer Creek,GTMNERR,0,22.154,0,13.38,0,-0.022,0,103.5,0,9.04,0,92.41,31.1,7.88,0,-86.8,6.27,18.054,0,8.14,0,1.188,5.75,0,23.29
3/19/2026,18:15, ,gtmpcwq_24G103007_031726_050000.bin,Pellicer Creek,GTMNERR,0,20.845,0,12.52,0,-0.034,0,104.7,0,9.16,0,94.36,31.75,7.9,0,-87.8,6.27,18.171,0,9.25,0,1.189,5.23,0,21.19
3/19/2026,18:30, ,gtmpcwq_24G103007_031726_050000.bin,Pellicer Creek,GTMNERR,0,21.608,0,13.02,0,-0.04,0,102.6,0,8.97,0,93.55,31.48,7.87,0,-86.4,6.27,18.098,0,7.07,0,1.189,4.96,0,20.11
3/19/2026,18:45, ,gtmpcwq_24G103007_031726_050000.bin,Pellicer Creek,GTMNERR,0,21.81,0,13.16,0,-0.035,0,98.3,0,8.59,0,91.64,30.84,7.8,0,-82,6.27,18.094,0,6.38,0,1.184,4.14,0,16.78
3/19/2026,19:00, ,gtmpcwq_24G103007_031726_050000.bin,Pellicer Creek,GTMNERR,0,21.532,0,12.97,0,-0.018,0,101.8,0,8.89,0,94.18,31.69,7.86,0,-85.8,6.27,18.139,0,6.2,0,1.182,4.03,0,16.33
3/19/2026,19:15, ,gtmpcwq_24G103007_031726_050000.bin,Pellicer Creek,GTMNERR,0,20.862,0,12.54,0,0.002,0,104.2,0,9.13,0,95.8,32.23,7.89,0,-87.5,6.27,18.091,0,6.37,0,1.192,3.51,0,14.22
3/19/2026,19:30, ,gtmpcwq_24G103007_031726_050000.bin,Pellicer Creek,GTMNERR,0,21.204,0,12.76,0,0.022,0,104.2,0,9.15,0,95.67,32.18,7.9,0,-88.2,6.27,17.955,0,6.77,0,1.185,3.62,0,14.69
3/19/2026,19:45, ,gtmpcwq_24G103007_031726_050000.bin,Pellicer Creek,GTMNERR,0,23.756,0,14.44,0,0.046,0,103.9,0,9.04,0,90.31,30.4,7.89,0,-87.7,6.27,17.882,0,7.7,0,1.198,6.1,0,24.73
3/19/2026,20:00, ,gtmpcwq_24G103007_031726_050000.bin,Pellicer Creek,GTMNERR,0,25.311,0,15.48,0,0.077,0,103.3,0,8.98,0,87.12,29.34,7.89,0,-87.4,6.27,17.613,0,8.67,0,1.184,5.31,0,21.52
3/19/2026,20:15, ,gtmpcwq_24G103007_031726_050000.bin,Pellicer Creek,GTMNERR,0,25.423,0,15.55,0,0.11,0,103.7,0,9.03,0,87.08,29.33,7.91,0,-88.3,6.27,17.515,0,7.37,0,1.191,4.4,0,17.82
3/19/2026,20:30, ,gtmpcwq_24G103007_031726_050000.bin,Pellicer Creek,GTMNERR,0,25.581,0,15.66,0,0.147,0,103.6,0,9.03,0,86.83,29.24,7.91,0,-88.3,6.27,17.452,0,7.47,0,1.189,3.96,0,16.04
3/19/2026,20:45, ,gtmpcwq_24G103007_031726_050000.bin,Pellicer Creek,GTMNERR,0,26.294,0,16.14,0,0.184,0,103.3,0,8.99,0,85.8,28.9,7.9,0,-88.1,6.27,17.385,0,7.55,0,1.182,3.42,0,13.89
3/19/2026,21:00, ,gtmpcwq_24G103007_031726_050000.bin,Pellicer Creek,GTMNERR,0,27.567,0,16.99,0,0.224,0,102,0,8.84,0,83.05,27.99,7.89,0,-87.4,6.27,17.276,0,7.88,0,1.189,3.32,0,13.46
3/19/2026,21:15, ,gtmpcwq_24G103007_031726_050000.bin,Pellicer Creek,GTMNERR,0,28.073,0,17.34,0,0.264,0,101.6,0,8.82,0,81.74,27.55,7.89,0,-87.5,6.27,17.131,0,7.55,0,1.184,3.6,0,14.61
3/19/2026,21:30, ,gtmpcwq_24G103007_031726_050000.bin,Pellicer Creek,GTMNERR,0,28.804,0,17.83,0,0.303,0,101,0,8.77,0,80.4,27.11,7.89,0,-87.5,6.27,16.978,0,8.95,0,1.197,3.35,0,13.59
3/19/2026,21:45, ,gtmpcwq_24G103007_031726_050000.bin,Pellicer Creek,GTMNERR,0,30.97,0,19.31,0,0.339,0,101.6,0,8.77,0,76.97,25.97,7.9,0,-87.5,6.27,16.828,0,9.56,0,1.186,2.9,0,11.75
3/19/2026,22:00, ,gtmpcwq_24G103007_031726_050000.bin,Pellicer Creek,GTMNERR,0,32.327,0,20.24,0,0.37,0,102,0,8.77,0,74.49,25.14,7.9,0,-87.6,6.28,16.753,0,10.32,0,1.189,2.73,0,11.07
3/19/2026,22:15, ,gtmpcwq_24G103007_031726_050000.bin,Pellicer Creek,GTMNERR,0,33.242,0,20.87,0,0.396,0,102,0,8.75,0,72.15,24.37,7.9,0,-87.9,6.27,16.653,0,10.12,0,1.188,2.73,0,11.09
3/19/2026,22:30, ,gtmpcwq_24G103007_031726_050000.bin,Pellicer Creek,GTMNERR,0,34.391,0,21.66,0,0.42,0,101.4,0,8.68,0,69.76,23.57,7.91,0,-88.1,6.27,16.543,0,9.46,0,1.186,2.37,0,9.63
3/19/2026,22:45, ,gtmpcwq_24G103007_031726_050000.bin,Pellicer Creek,GTMNERR,0,35.325,0,22.31,0,0.441,0,100.5,0,8.59,0,67.02,22.66,7.91,0,-88.4,6.27,16.448,0,9.96,0,1.191,2.33,0,9.45
3/19/2026,23:00, ,gtmpcwq_24G103007_031726_050000.bin,Pellicer Creek,GTMNERR,0,36.458,0,23.1,0,0.456,0,99.9,0,8.5,0,63.25,21.41,7.92,0,-88.6,6.27,16.404,0,10.41,0,1.193,2.14,0,8.71
3/19/2026,23:15, ,gtmpcwq_24G103007_031726_050000.bin,Pellicer Creek,GTMNERR,0,37.213,0,23.63,0,0.471,0,99.2,0,8.42,0,60.7,20.56,7.92,0,-88.9,6.27,16.327,0,11.48,0,1.185,2.2,0,8.95
3/19/2026,23:30, ,gtmpcwq_24G103007_031726_050000.bin,Pellicer Creek,GTMNERR,0,38.083,0,24.24,0,0.48,0,98.7,0,8.37,0,58.55,19.84,7.93,0,-89.3,6.27,16.21,0,10.98,0,1.192,2.13,0,8.67
3/19/2026,23:45, ,gtmpcwq_24G103007_031726_050000.bin,Pellicer Creek,GTMNERR,0,38.687,0,24.66,0,0.487,0,98.5,0,8.34,0,57.2,19.4,7.93,0,-89.6,6.27,16.158,0,8.89,0,1.189,2.06,0,8.36
3/20/2026,00:00, ,gtmpcwq_24G103007_031726_050000.bin,Pellicer Creek,GTMNERR,0,39.162,0,25,0,0.489,0,98.3,0,8.31,0,56.06,19.02,7.94,0,-89.8,6.27,16.153,0,8.89,0,1.187,1.99,0,8.07
3/20/2026,00:15, ,gtmpcwq_24G103007_031726_050000.bin,Pellicer Creek,GTMNERR,0,39.668,0,25.35,0,0.488,0,97.9,0,8.26,0,54.81,18.6,7.94,0,-90,6.27,16.114,0,7.54,0,1.187,2.02,0,8.21
3/20/2026,00:30, ,gtmpcwq_24G103007_031726_050000.bin,Pellicer Creek,GTMNERR,0,39.703,0,25.38,0,0.477,0,96.5,0,8.14,0,54.35,18.45,7.93,0,-89.2,6.27,16.108,0,6.88,0,1.187,1.72,0,6.99
3/20/2026,00:45, ,gtmpcwq_24G103007_031726_050000.bin,Pellicer Creek,GTMNERR,0,39.817,0,25.46,0,0.459,0,92.7,0,7.82,0,53.99,18.33,7.92,0,-88.8,6.27,16.126,0,7.51,0,1.185,1.53,0,6.24
3/20/2026,01:00, ,gtmpcwq_24G103007_031726_050000.bin,Pellicer Creek,GTMNERR,0,39.5,0,25.23,0,0.439,0,96.1,0,8.12,0,54.93,18.64,7.93,0,-89.3,6.27,16.135,0,7.82,0,1.197,1.77,0,7.2
3/20/2026,01:15, ,gtmpcwq_24G103007_031726_050000.bin,Pellicer Creek,GTMNERR,0,38.765,0,24.72,0,0.418,0,97,0,8.21,0,57.13,19.37,7.93,0,-89.4,6.27,16.165,0,8.51,0,1.182,2.05,0,8.31
3/20/2026,01:30, ,gtmpcwq_24G103007_031726_050000.bin,Pellicer Creek,GTMNERR,0,37.947,0,24.14,0,0.397,0,97.1,0,8.24,0,59.52,20.17,7.92,0,-89,6.27,16.221,0,8.8,0,1.187,2.25,0,9.13
3/20/2026,01:45, ,gtmpcwq_24G103007_031726_050000.bin,Pellicer Creek,GTMNERR,0,37.272,0,23.67,0,0.376,0,96.9,0,8.24,0,60.2,20.39,7.92,0,-88.6,6.27,16.245,0,12.8,0,1.182,2.09,0,8.48
3/20/2026,02:00, ,gtmpcwq_24G103007_031726_050000.bin,Pellicer Creek,GTMNERR,0,35.405,0,22.36,0,0.356,0,96.9,0,8.3,0,65.22,22.06,7.9,0,-87.7,6.27,16.278,0,12.03,0,1.191,2.32,0,9.42
3/20/2026,02:15, ,gtmpcwq_24G103007_031726_050000.bin,Pellicer Creek,GTMNERR,0,34.112,0,21.47,0,0.329,0,96.5,0,8.31,0,69.82,23.59,7.88,0,-86.7,6.27,16.298,0,11.92,0,1.188,2.32,0,9.41
3/20/2026,02:30, ,gtmpcwq_24G103007_031726_050000.bin,Pellicer Creek,GTMNERR,0,32.248,0,20.18,0,0.303,0,96.2,0,8.34,0,74.93,25.29,7.87,0,-85.7,6.27,16.338,0,10.48,0,1.187,2.38,0,9.65
3/20/2026,02:45, ,gtmpcwq_24G103007_031726_050000.bin,Pellicer Creek,GTMNERR,0,31.502,0,19.67,0,0.276,0,95.5,0,8.3,0,76.7,25.88,7.85,0,-84.9,6.27,16.361,0,10.53,0,1.182,2.55,0,10.36
3/20/2026,03:00, ,gtmpcwq_24G103007_031726_050000.bin,Pellicer Creek,GTMNERR,0,30.372,0,18.9,0,0.248,0,95.1,0,8.29,0,79.22,26.72,7.84,0,-84.3,6.27,16.412,0,10.25,0,1.189,2.69,0,10.92
3/20/2026,03:15, ,gtmpcwq_24G103007_031726_050000.bin,Pellicer Creek,GTMNERR,0,29.452,0,18.27,0,0.221,0,94.4,0,8.26,0,81.17,27.36,7.83,0,-83.6,6.27,16.423,0,10.46,0,1.186,2.89,0,11.73
3/20/2026,03:30, ,gtmpcwq_24G103007_031726_050000.bin,Pellicer Creek,GTMNERR,0,28.231,0,17.44,0,0.194,0,93.8,0,8.24,0,84.16,28.36,7.82,0,-82.8,6.27,16.477,0,9.54,0,1.184,3.08,0,12.48
3/20/2026,03:45, ,gtmpcwq_24G103007_031726_050000.bin,Pellicer Creek,GTMNERR,0,27.049,0,16.64,0,0.168,0,93.5,0,8.24,0,86.4,29.1,7.81,0,-82.4,6.27,16.574,0,8.86,0,1.193,3.24,0,13.15
3/20/2026,04:00, ,gtmpcwq_24G103007_031726_050000.bin,Pellicer Creek,GTMNERR,0,26.23,0,16.09,0,0.143,0,92.6,0,8.19,0,88.01,29.64,7.8,0,-81.6,6.27,16.578,0,8.36,0,1.181,3.45,0,14
3/20/2026,04:15, ,gtmpcwq_24G103007_031726_050000.bin,Pellicer Creek,GTMNERR,0,25.366,0,15.52,0,0.121,0,92.4,0,8.19,0,89.98,30.29,7.79,0,-81.1,6.27,16.642,0,7.79,0,1.196,3.45,0,13.98
3/20/2026,04:30, ,gtmpcwq_24G103007_031726_050000.bin,Pellicer Creek,GTMNERR,0,24.686,0,15.06,0,0.099,0,91.7,0,8.14,0,91.55,30.81,7.77,0,-80.4,6.27,16.679,0,7.66,0,1.187,3.36,0,13.61
3/20/2026,04:45, ,gtmpcwq_24G103007_031726_050000.bin,Pellicer Creek,GTMNERR,0,23.924,0,14.56,0,0.077,0,91.2,0,8.12,0,93.23,31.37,7.76,0,-79.5,6.27,16.692,0,6.8,0,1.189,3.4,0,13.79
3/20/2026,05:00, ,gtmpcwq_24G103007_031726_050000.bin,Pellicer Creek,GTMNERR,0,23.561,0,14.32,0,0.058,0,90.5,0,8.06,0,93.76,31.55,7.75,0,-78.9,6.27,16.727,0,6.78,0,1.185,3.47,0,14.06
3/20/2026,05:15, ,gtmpcwq_24G103007_031726_050000.bin,Pellicer Creek,GTMNERR,0,22.841,0,13.84,0,0.04,0,89.7,0,8.02,0,95.13,32,7.74,0,-78.4,6.27,16.75,0,6.57,0,1.183,3.49,0,14.13
3/20/2026,05:30, ,gtmpcwq_24G103007_031726_050000.bin,Pellicer Creek,GTMNERR,0,22.326,0,13.5,0,0.022,0,89.6,0,8.01,0,96.3,32.39,7.73,0,-77.9,6.27,16.795,0,6.62,0,1.192,3.15,0,12.76
3/20/2026,05:45, ,gtmpcwq_24G103007_031726_050000.bin,Pellicer Creek,GTMNERR,0,22.571,0,13.66,0,0.003,0,88.5,0,7.91,0,95.76,32.21,7.71,0,-76.8,6.27,16.767,0,6.12,0,1.187,3.55,0,14.39
3/20/2026,06:00, ,gtmpcwq_24G103007_031726_050000.bin,Pellicer Creek,GTMNERR,0,22.72,0,13.76,0,-0.012,0,89.4,0,7.99,0,95.78,32.22,7.72,0,-77.5,6.27,16.772,0,6.21,0,1.186,4.29,0,17.38
3/20/2026,06:15, ,gtmpcwq_24G103007_031726_050000.bin,Pellicer Creek,GTMNERR,0,22.184,0,13.41,0,-0.028,0,89.2,0,7.98,0,97.19,32.69,7.72,0,-77,6.27,16.784,0,6.37,0,1.192,3.74,0,15.17
3/20/2026,06:30, ,gtmpcwq_24G103007_031726_050000.bin,Pellicer Creek,GTMNERR,0,21.305,0,12.83,0,-0.041,0,88,0,7.92,0,99.77,33.55,7.68,0,-75,6.27,16.696,0,6.02,0,1.192,3.81,0,15.44
3/20/2026,06:45, ,gtmpcwq_24G103007_031726_050000.bin,Pellicer Creek,GTMNERR,0,22.435,0,13.57,0,-0.053,0,87.1,0,7.8,0,96.47,32.45,7.68,0,-74.9,6.27,16.723,0,5.95,0,1.182,5.34,0,21.62
3/20/2026,07:00, ,gtmpcwq_24G103007_031726_050000.bin,Pellicer Creek,GTMNERR,0,22.316,0,13.49,0,-0.059,0,85.3,0,7.63,0,94.73,31.87,7.66,0,-73.5,6.27,16.771,0,5.63,0,1.183,4.6,0,18.64
3/20/2026,07:15, ,gtmpcwq_24G103007_031726_050000.bin,Pellicer Creek,GTMNERR,0,21.896,0,13.22,0,-0.059,0,81.5,0,7.31,0,94.38,31.75,7.61,0,-70.9,6.27,16.793,0,6.08,0,1.196,3.89,0,15.76
3/20/2026,07:30, ,gtmpcwq_24G103007_031726_050000.bin,Pellicer Creek,GTMNERR,0,21.509,0,12.96,0,-0.045,0,86,0,7.72,0,98.34,33.07,7.67,0,-74.4,6.27,16.776,0,5.41,0,1.182,3.8,0,15.41
3/20/2026,07:45, ,gtmpcwq_24G103007_031726_050000.bin,Pellicer Creek,GTMNERR,0,19.919,0,11.92,0,-0.026,0,86.5,0,7.8,0,101.86,34.24,7.66,0,-73.7,6.27,16.822,0,4.86,0,1.189,3.79,0,15.36
3/20/2026,08:00, ,gtmpcwq_24G103007_031726_050000.bin,Pellicer Creek,GTMNERR,0,19.982,0,11.97,0,-0.004,0,87.2,0,7.93,0,102.17,34.34,7.67,0,-74.3,6.27,16.465,0,5.02,0,1.197,2.66,0,10.79
3/20/2026,08:15, ,gtmpcwq_24G103007_031726_050000.bin,Pellicer Creek,GTMNERR,0,22.851,0,13.85,0,0.019,0,88.8,0,7.98,0,96.94,32.61,7.7,0,-76.2,6.27,16.444,0,5.98,0,1.183,3.26,0,13.21
3/20/2026,08:30, ,gtmpcwq_24G103007_031726_050000.bin,Pellicer Creek,GTMNERR,0,23.128,0,14.03,0,0.047,0,89.4,0,8.03,0,96.32,32.4,7.71,0,-76.7,6.27,16.414,0,5.4,0,1.181,3.79,0,15.37
3/20/2026,08:45, ,gtmpcwq_24G103007_031726_050000.bin,Pellicer Creek,GTMNERR,0,25.107,0,15.34,0,0.078,0,90.4,0,8.08,0,92.63,31.17,7.74,0,-78.1,6.27,16.315,0,5.8,0,1.188,3.64,0,14.76
3/20/2026,09:00, ,gtmpcwq_24G103007_031726_050000.bin,Pellicer Creek,GTMNERR,0,25.302,0,15.47,0,0.115,0,91.7,0,8.17,0,91.99,30.96,7.75,0,-79.1,6.27,16.387,0,5.68,0,1.189,3.47,0,14.08
3/20/2026,09:15, ,gtmpcwq_24G103007_031726_050000.bin,Pellicer Creek,GTMNERR,0,25.529,0,15.63,0,0.15,0,92.4,0,8.22,0,91.4,30.76,7.76,0,-79.6,6.27,16.438,0,5.82,0,1.187,3.65,0,14.78
3/20/2026,09:30, ,gtmpcwq_24G103007_031726_050000.bin,Pellicer Creek,GTMNERR,0,27.48,0,16.93,0,0.187,0,92.3,0,8.15,0,87.57,29.49,7.77,0,-80,6.27,16.36,0,6.22,0,1.196,3.51,0,14.24
3/20/2026,09:45, ,gtmpcwq_24G103007_031726_050000.bin,Pellicer Creek,GTMNERR,0,27.809,0,17.16,0,0.223,0,92.4,0,8.16,0,86.74,29.21,7.77,0,-80.2,6.27,16.356,0,6.3,0,1.193,2.63,0,10.69
3/20/2026,10:00, ,gtmpcwq_24G103007_031726_050000.bin,Pellicer Creek,GTMNERR,0,29.097,0,18.03,0,0.26,0,93.3,0,8.19,0,84.32,28.41,7.78,0,-80.8,6.27,16.336,0,6.85,0,1.181,2.81,0,11.41
3/20/2026,10:15, ,gtmpcwq_24G103007_031726_050000.bin,Pellicer Creek,GTMNERR,0,31.243,0,19.49,0,0.292,0,92.3,0,8.06,0,81.16,27.36,7.77,0,-80.1,6.27,16.206,0,7.2,0,1.182,2.22,0,9.01
3/20/2026,10:30, ,gtmpcwq_24G103007_031726_050000.bin,Pellicer Creek,GTMNERR,0,32.695,0,20.49,0,0.327,0,91.8,0,7.99,0,79.14,26.69,7.76,0,-79.5,6.27,16.101,0,7.15,0,1.189,2.24,0,9.09
3/20/2026,10:45, ,gtmpcwq_24G103007_031726_050000.bin,Pellicer Creek,GTMNERR,0,33.579,0,21.1,0,0.355,0,93.9,0,8.12,0,76.13,25.69,7.79,0,-81.2,6.28,16.22,0,6.6,0,1.185,2.14,0,8.69
3/20/2026,11:00, ,gtmpcwq_24G103007_031726_050000.bin,Pellicer Creek,GTMNERR,0,34.543,0,21.77,0,0.381,0,95.7,0,8.22,0,72.88,24.61,7.82,0,-82.8,6.27,16.354,0,6.53,0,1.192,2.06,0,8.36
3/20/2026,11:15, ,gtmpcwq_24G103007_031726_050000.bin,Pellicer Creek,GTMNERR,0,35.872,0,22.69,0,0.396,0,96.5,0,8.24,0,68.82,23.26,7.84,0,-83.9,6.27,16.329,0,7.2,0,1.187,2,0,8.13
3/20/2026,11:30, ,gtmpcwq_24G103007_031726_050000.bin,Pellicer Creek,GTMNERR,0,36.712,0,23.28,0,0.411,0,98.3,0,8.33,0,65.12,22.03,7.86,0,-85.6,6.27,16.58,0,6.86,0,1.186,1.85,0,7.52
3/20/2026,11:45, ,gtmpcwq_24G103007_031726_050000.bin,Pellicer Creek,GTMNERR,0,37.308,0,23.7,0,0.418,0,99.1,0,8.35,0,63.11,21.36,7.88,0,-86.3,6.27,16.711,0,7.07,0,1.189,1.81,0,7.36
3/20/2026,12:00, ,gtmpcwq_24G103007_031726_050000.bin,Pellicer Creek,GTMNERR,0,38.082,0,24.24,0,0.427,0,99.6,0,8.34,0,60.5,20.49,7.88,0,-86.8,6.27,16.843,0,7.37,0,1.191,1.59,0,6.48
3/20/2026,12:15, ,gtmpcwq_24G103007_031726_050000.bin,Pellicer Creek,GTMNERR,0,38.83,0,24.77,0,0.426,0,100,0,8.33,0,58.19,19.72,7.89,0,-87.3,6.27,16.962,0,6.85,0,1.192,1.73,0,7.02
3/20/2026,12:30, ,gtmpcwq_24G103007_031726_050000.bin,Pellicer Creek,GTMNERR,0,39.08,0,24.94,0,0.422,0,100.7,0,8.36,0,57.23,19.4,7.9,0,-87.7,6.27,17.058,0,6.4,0,1.198,1.65,0,6.72
3/20/2026,12:45, ,gtmpcwq_24G103007_031726_050000.bin,Pellicer Creek,GTMNERR,0,39.73,0,25.4,0,0.411,0,99.2,0,8.22,0,54.8,18.6,7.89,0,-87.2,6.28,17.021,0,7.14,0,1.189,1.65,0,6.69
3/20/2026,13:00, ,gtmpcwq_24G103007_031726_050000.bin,Pellicer Creek,GTMNERR,0,39.541,0,25.27,0,0.392,0,96.3,0,7.99,0,55.09,18.69,7.86,0,-85.6,6.27,17.032,0,6.14,0,1.182,1.54,0,6.26
3/20/2026,13:15, ,gtmpcwq_24G103007_031726_050000.bin,Pellicer Creek,GTMNERR,0,39.101,0,24.96,0,0.372,0,99.4,0,8.25,0,56.76,19.25,7.89,0,-87.2,6.28,17.057,0,7.55,0,1.187,1.73,0,7.02
3/20/2026,13:30, ,gtmpcwq_24G103007_031726_050000.bin,Pellicer Creek,GTMNERR,0,38.555,0,24.57,0,0.35,0,99.7,0,8.3,0,58.7,19.89,7.89,0,-87.1,6.27,17.005,0,7.51,0,1.193,2.02,0,8.19
3/20/2026,13:45, ,gtmpcwq_24G103007_031726_050000.bin,Pellicer Creek,GTMNERR,0,37.382,0,23.75,0,0.326,0,100.6,0,8.43,0,62.01,20.99,7.89,0,-87.1,6.27,16.988,0,8.91,0,1.189,2.14,0,8.67
3/20/2026,14:00, ,gtmpcwq_24G103007_031726_050000.bin,Pellicer Creek,GTMNERR,0,35.525,0,22.45,0,0.303,0,102.4,0,8.55,0,66.33,22.43,7.88,0,-86.6,6.27,17.528,0,9.06,0,1.183,2.41,0,9.8
3/20/2026,14:15, ,gtmpcwq_24G103007_031726_050000.bin,Pellicer Creek,GTMNERR,0,33.597,0,21.11,0,0.278,0,102.4,0,8.59,0,71.11,24.02,7.86,0,-85.7,6.27,17.721,0,8.61,0,1.185,2.57,0,10.44
3/20/2026,14:30, ,gtmpcwq_24G103007_031726_050000.bin,Pellicer Creek,GTMNERR,0,31.903,0,19.95,0,0.253,0,102.3,0,8.62,0,75.12,25.35,7.85,0,-85.1,6.27,17.869,0,8.75,0,1.2,2.9,0,11.77
3/20/2026,14:45, ,gtmpcwq_24G103007_031726_050000.bin,Pellicer Creek,GTMNERR,0,30.684,0,19.11,0,0.227,0,102.5,0,8.64,0,77.44,26.12,7.84,0,-84.8,6.28,18.068,0,8.34,0,1.183,3.22,0,13.08
3/20/2026,15:00, ,gtmpcwq_24G103007_031726_050000.bin,Pellicer Creek,GTMNERR,0,29.323,0,18.18,0,0.203,0,103.6,0,8.75,0,79.87,26.93,7.84,0,-84.8,6.27,18.27,0,8.73,0,1.182,3,0,12.16
3/20/2026,15:15, ,gtmpcwq_24G103007_031726_050000.bin,Pellicer Creek,GTMNERR,0,28.725,0,17.77,0,0.18,0,103.6,0,8.75,0,81,27.31,7.84,0,-84.5,6.27,18.379,0,9.78,0,1.184,3.55,0,14.38
3/20/2026,15:30, ,gtmpcwq_24G103007_031726_050000.bin,Pellicer Creek,GTMNERR,0,27.842,0,17.18,0,0.154,0,104,0,8.8,0,82.57,27.83,7.84,0,-84.3,6.27,18.496,0,8.12,0,1.189,3.79,0,15.37
3/20/2026,15:45, ,gtmpcwq_24G103007_031726_050000.bin,Pellicer Creek,GTMNERR,0,27.037,0,16.63,0,0.13,0,103.7,0,8.8,0,83.95,28.29,7.84,0,-84.6,6.27,18.481,0,7.84,0,1.183,4.13,0,16.73
3/20/2026,16:00, ,gtmpcwq_24G103007_031726_050000.bin,Pellicer Creek,GTMNERR,0,26.109,0,16.01,0,0.108,0,105,0,8.9,0,85.67,28.86,7.84,0,-84.5,6.27,18.772,0,8,0,1.186,3.9,0,15.8
3/20/2026,16:15, ,gtmpcwq_24G103007_031726_050000.bin,Pellicer Creek,GTMNERR,0,25.683,0,15.72,0,0.083,0,104.6,0,8.87,0,86.51,29.14,7.84,0,-84.3,6.27,18.788,0,7.14,0,1.183,3.72,0,15.1
3/20/2026,16:30, ,gtmpcwq_24G103007_031726_050000.bin,Pellicer Creek,GTMNERR,0,26.049,0,15.97,0,0.06,0,102.7,0,8.74,0,86.14,29.01,7.82,0,-83.4,6.28,18.576,0,7.29,0,1.188,4.62,0,18.73
3/20/2026,16:45, ,gtmpcwq_24G103007_031726_050000.bin,Pellicer Creek,GTMNERR,0,24.907,0,15.21,0,0.039,0,104.7,0,8.92,0,88.36,29.75,7.84,0,-84.3,6.27,18.722,0,7.43,0,1.184,4.48,0,18.15
3/20/2026,17:00, ,gtmpcwq_24G103007_031726_050000.bin,Pellicer Creek,GTMNERR,0,24.72,0,15.08,0,0.018,0,104.3,0,8.89,0,88.21,29.7,7.83,0,-83.8,6.27,18.794,0,8.16,0,1.192,4.59,0,18.58
3/20/2026,17:15, ,gtmpcwq_24G103007_031726_050000.bin,Pellicer Creek,GTMNERR,0,24.555,0,14.97,0,0.001,0,103.8,0,8.83,0,89.17,30.02,7.82,0,-83.4,6.27,18.849,0,7.64,0,1.192,4.72,0,19.14
3/20/2026,17:30, ,gtmpcwq_24G103007_031726_050000.bin,Pellicer Creek,GTMNERR,0,23.917,0,14.55,0,-0.018,0,104.3,0,8.91,0,89.83,30.24,7.82,0,-83.6,6.27,18.803,0,7.51,0,1.193,4.46,0,18.09
3/20/2026,17:45, ,gtmpcwq_24G103007_031726_050000.bin,Pellicer Creek,GTMNERR,0,22.727,0,13.76,0,-0.034,0,105.9,0,9.03,0,92.15,31.01,7.83,0,-84.4,6.27,19.114,0,7.36,0,1.192,4.54,0,18.42
3/20/2026,18:00, ,gtmpcwq_24G103007_031726_050000.bin,Pellicer Creek,GTMNERR,0,22.09,0,13.34,0,-0.049,0,105.4,0,9.02,0,92.78,31.22,7.83,0,-83.8,6.28,19.1,0,7.28,0,1.183,3.88,0,15.75
3/20/2026,18:15, ,gtmpcwq_24G103007_031726_050000.bin,Pellicer Creek,GTMNERR,0,22.653,0,13.71,0,-0.063,0,104,0,8.89,0,92.21,31.03,7.81,0,-82.8,6.27,19.027,0,7.23,0,1.184,4.91,0,19.89
3/20/2026,18:30, ,gtmpcwq_24G103007_031726_050000.bin,Pellicer Creek,GTMNERR,0,21.961,0,13.25,0,-0.077,0,103.7,0,8.88,0,92.83,31.24,7.8,0,-82.2,6.27,19.064,0,7.36,0,1.198,4.79,0,19.41
3/20/2026,18:45, ,gtmpcwq_24G103007_031726_050000.bin,Pellicer Creek,GTMNERR,0,20.985,0,12.61,0,-0.09,0,105.1,0,9.01,0,94.94,31.94,7.81,0,-82.6,6.27,19.167,0,6.94,0,1.194,3.88,0,15.74
3/20/2026,19:00, ,gtmpcwq_24G103007_031726_050000.bin,Pellicer Creek,GTMNERR,0,21.972,0,13.26,0,-0.101,0,103,0,8.83,0,92.88,31.26,7.79,0,-81.7,6.28,19.004,0,7.85,0,1.197,6.17,0,24.98
3/20/2026,19:15, ,gtmpcwq_24G103007_031726_050000.bin,Pellicer Creek,GTMNERR,0,21.887,0,13.2,0,-0.107,0,100.1,0,8.58,0,93.09,31.33,7.74,0,-79,6.27,18.995,0,6.69,0,1.182,5.45,0,22.06
3/20/2026,19:30, ,gtmpcwq_24G103007_031726_050000.bin,Pellicer Creek,GTMNERR,0,21.704,0,13.08,0,-0.099,0,97.7,0,8.38,0,89.13,30.01,7.74,0,-78.5,6.27,19.03,0,5.85,0,1.194,4.3,0,17.41
3/20/2026,19:45, ,gtmpcwq_24G103007_031726_050000.bin,Pellicer Creek,GTMNERR,0,20.642,0,12.39,0,-0.08,0,102.5,0,8.8,0,96.93,32.6,7.8,0,-82.1,6.28,19.181,0,5.64,0,1.187,3.64,0,14.78
3/20/2026,20:00, ,gtmpcwq_24G103007_031726_050000.bin,Pellicer Creek,GTMNERR,0,19.62,0,11.72,0,-0.063,0,104.7,0,9.04,0,98.27,33.05,7.83,0,-83.8,6.27,19.127,0,6.77,0,1.181,3.01,0,12.21
3/20/2026,20:15, ,gtmpcwq_24G103007_031726_050000.bin,Pellicer Creek,GTMNERR,0,19.795,0,11.84,0,-0.043,0,105.6,0,9.1,0,97.83,32.9,7.83,0,-84.4,6.28,19.176,0,7.42,0,1.189,2.74,0,11.12
3/20/2026,20:30, ,gtmpcwq_24G103007_031726_050000.bin,Pellicer Creek,GTMNERR,0,22.823,0,13.82,0,-0.021,0,104.4,0,8.9,0,92.47,31.12,7.82,0,-83.4,6.27,19.108,0,7.83,0,1.198,3.4,0,13.79
3/20/2026,20:45, ,gtmpcwq_24G103007_031726_050000.bin,Pellicer Creek,GTMNERR,0,23.175,0,14.05,0,0.007,0,103.9,0,8.88,0,92.07,30.99,7.82,0,-83.5,6.27,18.89,0,6.43,0,1.188,3.29,0,13.35
3/20/2026,21:00, ,gtmpcwq_24G103007_031726_050000.bin,Pellicer Creek,GTMNERR,0,23.516,0,14.28,0,0.038,0,104.1,0,8.89,0,91.63,30.84,7.83,0,-84.1,6.27,18.917,0,6.55,0,1.189,3.06,0,12.43
3/20/2026,21:15, ,gtmpcwq_24G103007_031726_050000.bin,Pellicer Creek,GTMNERR,0,23.747,0,14.43,0,0.072,0,103.7,0,8.87,0,91.37,30.75,7.83,0,-84.3,6.28,18.736,0,6.6,0,1.19,2.97,0,12.05
3/20/2026,21:30, ,gtmpcwq_24G103007_031726_050000.bin,Pellicer Creek,GTMNERR,0,25.37,0,15.51,0,0.107,0,102.8,0,8.73,0,87.9,29.6,7.82,0,-83.7,6.27,18.794,0,6.99,0,1.188,3.3,0,13.37
3/20/2026,21:45, ,gtmpcwq_24G103007_031726_050000.bin,Pellicer Creek,GTMNERR,0,26.971,0,16.59,0,0.145,0,101.7,0,8.61,0,85.32,28.74,7.82,0,-83.3,6.27,18.646,0,7.64,0,1.187,3.22,0,13.05
3/20/2026,22:00, ,gtmpcwq_24G103007_031726_050000.bin,Pellicer Creek,GTMNERR,0,28.932,0,17.91,0,0.186,0,101.3,0,8.5,0,80.41,27.11,7.82,0,-83.1,6.27,18.668,0,9.52,0,1.183,3.57,0,14.48
3/20/2026,22:15, ,gtmpcwq_24G103007_031726_050000.bin,Pellicer Creek,GTMNERR,0,29.612,0,18.38,0,0.228,0,100.7,0,8.47,0,80.05,26.99,7.82,0,-83.6,6.27,18.451,0,8.16,0,1.194,3.3,0,13.4
3/20/2026,22:30, ,gtmpcwq_24G103007_031726_050000.bin,Pellicer Creek,GTMNERR,0,30.162,0,18.75,0,0.269,0,100.8,0,8.48,0,80.56,27.16,7.82,0,-83.5,6.28,18.31,0,7.54,0,1.184,2.58,0,10.47
3/20/2026,22:45, ,gtmpcwq_24G103007_031726_050000.bin,Pellicer Creek,GTMNERR,0,31.367,0,19.58,0,0.306,0,100.4,0,8.4,0,77.34,26.09,7.82,0,-83.3,6.27,18.323,0,10.39,0,1.189,2.52,0,10.25
3/20/2026,23:00, ,gtmpcwq_24G103007_031726_050000.bin,Pellicer Creek,GTMNERR,0,32.326,0,20.24,0,0.338,0,99.8,0,8.32,0,74.57,25.17,7.82,0,-83.6,6.28,18.283,0,11.78,0,1.193,2.41,0,9.77
3/20/2026,23:15, ,gtmpcwq_24G103007_031726_050000.bin,Pellicer Creek,GTMNERR,0,33.284,0,20.9,0,0.366,0,99.6,0,8.29,0,73.04,24.66,7.83,0,-84.2,6.27,18.185,0,9.4,0,1.182,2.32,0,9.44
3/20/2026,23:30, ,gtmpcwq_24G103007_031726_050000.bin,Pellicer Creek,GTMNERR,0,34.335,0,21.62,0,0.387,0,98.9,0,8.21,0,69.97,23.64,7.84,0,-84.7,6.27,18.117,0,10.21,0,1.188,2.21,0,8.96
3/20/2026,23:45, ,gtmpcwq_24G103007_031726_050000.bin,Pellicer Creek,GTMNERR,0,35.416,0,22.38,0,0.403,0,98.3,0,8.14,0,67.57,22.84,7.85,0,-85.3,6.28,18.01,0,8.94,0,1.195,2.03,0,8.25
3/21/2026,00:00, ,gtmpcwq_24G103007_031726_050000.bin,Pellicer Creek,GTMNERR,0,36.699,0,23.27,0,0.416,0,97.7,0,8.06,0,63.58,21.52,7.86,0,-85.9,6.27,17.893,0,9.75,0,1.189,2.09,0,8.48
3/21/2026,00:15, ,gtmpcwq_24G103007_031726_050000.bin,Pellicer Creek,GTMNERR,0,37.629,0,23.92,0,0.427,0,97.2,0,8,0,61.03,20.67,7.87,0,-86.4,6.28,17.824,0,9.37,0,1.186,1.88,0,7.66
3/21/2026,00:30, ,gtmpcwq_24G103007_031726_050000.bin,Pellicer Creek,GTMNERR,0,38.396,0,24.46,0,0.435,0,96.5,0,7.92,0,58.7,19.89,7.88,0,-86.9,6.28,17.803,0,9.57,0,1.189,1.83,0,7.42
3/21/2026,00:45, ,gtmpcwq_24G103007_031726_050000.bin,Pellicer Creek,GTMNERR,0,38.773,0,24.73,0,0.439,0,96.2,0,7.88,0,57.63,19.54,7.89,0,-87.1,6.27,17.781,0,9.01,0,1.185,1.87,0,7.61
3/21/2026,01:00, ,gtmpcwq_24G103007_031726_050000.bin,Pellicer Creek,GTMNERR,0,39.011,0,24.9,0,0.436,0,95.8,0,7.85,0,57.05,19.34,7.88,0,-87,6.28,17.748,0,8.2,0,1.182,2.07,0,8.39
3/21/2026,01:15, ,gtmpcwq_24G103007_031726_050000.bin,Pellicer Creek,GTMNERR,0,39.389,0,25.16,0,0.429,0,93.8,0,7.67,0,55.8,18.93,7.87,0,-86.1,6.28,17.811,0,7.41,0,1.194,1.42,0,5.77
3/21/2026,01:30, ,gtmpcwq_24G103007_031726_050000.bin,Pellicer Creek,GTMNERR,0,39.255,0,25.07,0,0.411,0,91.1,0,7.45,0,55.16,18.72,7.86,0,-85.4,6.27,17.81,0,9.36,0,1.193,1.48,0,6.03
3/21/2026,01:45, ,gtmpcwq_24G103007_031726_050000.bin,Pellicer Creek,GTMNERR,0,39.007,0,24.89,0,0.39,0,94.2,0,7.71,0,56.67,19.22,7.88,0,-86.5,6.28,17.788,0,8.92,0,1.186,1.65,0,6.72
3/21/2026,02:00, ,gtmpcwq_24G103007_031726_050000.bin,Pellicer Creek,GTMNERR,0,38.848,0,24.78,0,0.368,0,94.7,0,7.76,0,57.12,19.37,7.88,0,-86.9,6.28,17.8,0,8.92,0,1.192,1.74,0,7.07
3/21/2026,02:15, ,gtmpcwq_24G103007_031726_050000.bin,Pellicer Creek,GTMNERR,0,37.813,0,24.05,0,0.348,0,94.9,0,7.81,0,60.22,20.4,7.87,0,-86.1,6.27,17.816,0,9.59,0,1.201,1.84,0,7.48
3/21/2026,02:30, ,gtmpcwq_24G103007_031726_050000.bin,Pellicer Creek,GTMNERR,0,37.232,0,23.65,0,0.326,0,94.8,0,7.82,0,61.35,20.78,7.86,0,-85.8,6.27,17.801,0,12.16,0,1.192,2.05,0,8.31
3/21/2026,02:45, ,gtmpcwq_24G103007_031726_050000.bin,Pellicer Creek,GTMNERR,0,35.6,0,22.5,0,0.302,0,95,0,7.89,0,64.8,21.92,7.85,0,-84.8,6.27,17.821,0,14.64,0,1.182,2.13,0,8.64
3/21/2026,03:00, ,gtmpcwq_24G103007_031726_050000.bin,Pellicer Creek,GTMNERR,0,33.326,0,20.93,0,0.28,0,94.3,0,7.93,0,72.02,24.32,7.82,0,-83,6.28,17.664,0,13.33,0,1.185,2.18,0,8.87
3/21/2026,03:15, ,gtmpcwq_24G103007_031726_050000.bin,Pellicer Creek,GTMNERR,0,31.991,0,20.01,0,0.255,0,94.1,0,7.96,0,75.86,25.6,7.8,0,-82,6.27,17.623,0,10.69,0,1.193,2.32,0,9.44
3/21/2026,03:30, ,gtmpcwq_24G103007_031726_050000.bin,Pellicer Creek,GTMNERR,0,30.984,0,19.32,0,0.228,0,93.4,0,7.94,0,78.03,26.32,7.78,0,-81.1,6.28,17.594,0,11.92,0,1.183,2.53,0,10.26
3/21/2026,03:45, ,gtmpcwq_24G103007_031726_050000.bin,Pellicer Creek,GTMNERR,0,30.249,0,18.81,0,0.203,0,93,0,7.93,0,79.84,26.92,7.77,0,-80.5,6.28,17.573,0,10.86,0,1.193,2.56,0,10.38
3/21/2026,04:00, ,gtmpcwq_24G103007_031726_050000.bin,Pellicer Creek,GTMNERR,0,29.374,0,18.22,0,0.177,0,92.6,0,7.93,0,81.37,27.43,7.76,0,-79.9,6.27,17.538,0,10.14,0,1.187,2.78,0,11.28
3/21/2026,04:15, ,gtmpcwq_24G103007_031726_050000.bin,Pellicer Creek,GTMNERR,0,28.151,0,17.39,0,0.151,0,92.4,0,7.96,0,84.54,28.48,7.75,0,-79.3,6.28,17.495,0,8.98,0,1.193,2.87,0,11.64
3/21/2026,04:30, ,gtmpcwq_24G103007_031726_050000.bin,Pellicer Creek,GTMNERR,0,27.475,0,16.93,0,0.127,0,91.9,0,7.94,0,85.76,28.89,7.74,0,-78.8,6.28,17.495,0,8.4,0,1.19,3.09,0,12.52
3/21/2026,04:45, ,gtmpcwq_24G103007_031726_050000.bin,Pellicer Creek,GTMNERR,0,26.606,0,16.35,0,0.103,0,91.3,0,7.91,0,87.47,29.46,7.73,0,-78.2,6.28,17.532,0,8.35,0,1.192,2.98,0,12.07
3/21/2026,05:00, ,gtmpcwq_24G103007_031726_050000.bin,Pellicer Creek,GTMNERR,0,26.045,0,15.97,0,0.082,0,91.5,0,7.94,0,88.44,29.78,7.73,0,-77.9,6.27,17.558,0,7.65,0,1.186,3.17,0,12.86
3/21/2026,05:15, ,gtmpcwq_24G103007_031726_050000.bin,Pellicer Creek,GTMNERR,0,25.604,0,15.67,0,0.06,0,90.8,0,7.9,0,89.54,30.14,7.72,0,-77.1,6.28,17.512,0,7.52,0,1.182,3.34,0,13.56
3/21/2026,05:30, ,gtmpcwq_24G103007_031726_050000.bin,Pellicer Creek,GTMNERR,0,24.692,0,15.07,0,0.041,0,90.1,0,7.88,0,91.58,30.82,7.71,0,-76.6,6.28,17.44,0,7.1,0,1.192,3.11,0,12.6
3/21/2026,05:45, ,gtmpcwq_24G103007_031726_050000.bin,Pellicer Creek,GTMNERR,0,24.137,0,14.7,0,0.021,0,89.8,0,7.87,0,92.41,31.1,7.7,0,-76.1,6.28,17.439,0,6.97,0,1.187,3.01,0,12.22
3/21/2026,06:00, ,gtmpcwq_24G103007_031726_050000.bin,Pellicer Creek,GTMNERR,0,23.873,0,14.52,0,0.002,0,89.5,0,7.86,0,93.64,31.51,7.68,0,-75.1,6.28,17.418,0,6.84,0,1.188,3.24,0,13.12
3/21/2026,06:15, ,gtmpcwq_24G103007_031726_050000.bin,Pellicer Creek,GTMNERR,0,23.811,0,14.48,0,-0.018,0,88.7,0,7.78,0,93.31,31.4,7.67,0,-74.6,6.27,17.44,0,6.64,0,1.188,3.07,0,12.47
3/21/2026,06:30, ,gtmpcwq_24G103007_031726_050000.bin,Pellicer Creek,GTMNERR,0,23.946,0,14.57,0,-0.036,0,87.3,0,7.65,0,92.6,31.16,7.67,0,-74.2,6.27,17.461,0,6.97,0,1.192,3.7,0,15
3/21/2026,06:45, ,gtmpcwq_24G103007_031726_050000.bin,Pellicer Creek,GTMNERR,0,22.946,0,13.91,0,-0.051,0,89.2,0,7.86,0,95.32,32.07,7.68,0,-74.9,6.28,17.439,0,6.47,0,1.193,3.94,0,15.98
3/21/2026,07:00, ,gtmpcwq_24G103007_031726_050000.bin,Pellicer Creek,GTMNERR,0,22.879,0,13.86,0,-0.066,0,88.6,0,7.81,0,95.68,32.19,7.66,0,-74.1,6.27,17.394,0,7.18,0,1.182,4.01,0,16.26
3/21/2026,07:15, ,gtmpcwq_24G103007_031726_050000.bin,Pellicer Creek,GTMNERR,0,22.09,0,13.34,0,-0.079,0,88.1,0,7.8,0,97.49,32.79,7.65,0,-73.5,6.28,17.347,0,6.06,0,1.195,3.86,0,15.64
3/21/2026,07:30, ,gtmpcwq_24G103007_031726_050000.bin,Pellicer Creek,GTMNERR,0,22.173,0,13.4,0,-0.093,0,87.6,0,7.75,0,97.09,32.65,7.65,0,-73.1,6.28,17.403,0,6.09,0,1.193,4.25,0,17.24
3/21/2026,07:45, ,gtmpcwq_24G103007_031726_050000.bin,Pellicer Creek,GTMNERR,0,22.717,0,13.76,0,-0.105,0,85.8,0,7.56,0,95.47,32.12,7.63,0,-72,6.28,17.449,0,5.83,0,1.182,5.16,0,20.9
3/21/2026,08:00, ,gtmpcwq_24G103007_031726_050000.bin,Pellicer Creek,GTMNERR,0,22.887,0,13.87,0,-0.114,0,81.7,0,7.19,0,93.71,31.53,7.58,0,-69.4,6.28,17.456,0,6.07,0,1.187,5.28,0,21.39
3/21/2026,08:15, ,gtmpcwq_24G103007_031726_050000.bin,Pellicer Creek,GTMNERR,0,22.639,0,13.71,0,-0.121,0,84.4,0,7.45,0,94.1,31.66,7.6,0,-70.2,6.27,17.435,0,6.04,0,1.186,4.04,0,16.36
3/21/2026,08:30, ,gtmpcwq_24G103007_031726_050000.bin,Pellicer Creek,GTMNERR,0,22.237,0,13.44,0,-0.12,0,82.7,0,7.31,0,94.93,31.94,7.58,0,-69,6.27,17.428,0,5.79,0,1.189,3.91,0,15.87
3/21/2026,08:45, ,gtmpcwq_24G103007_031726_050000.bin,Pellicer Creek,GTMNERR,0,21.523,0,12.97,0,-0.103,0,86.7,0,7.68,0,98.62,33.16,7.64,0,-72.6,6.28,17.4,0,5.72,0,1.182,4.29,0,17.38
3/21/2026,09:00, ,gtmpcwq_24G103007_031726_050000.bin,Pellicer Creek,GTMNERR,0,19.801,0,11.85,0,-0.084,0,87.1,0,7.78,0,102.06,34.31,7.62,0,-71.6,6.28,17.38,0,5.41,0,1.182,4.29,0,17.4
3/21/2026,09:15, ,gtmpcwq_24G103007_031726_050000.bin,Pellicer Creek,GTMNERR,0,19.461,0,11.63,0,-0.067,0,89.4,0,7.99,0,102.71,34.52,7.65,0,-73,6.28,17.407,0,5.24,0,1.195,2.99,0,12.14
3/21/2026,09:30, ,gtmpcwq_24G103007_031726_050000.bin,Pellicer Creek,GTMNERR,0,20.678,0,12.42,0,-0.05,0,91,0,8.08,0,99.55,33.47,7.66,0,-73.9,6.28,17.494,0,5.73,0,1.197,2.68,0,10.86
3/21/2026,09:45, ,gtmpcwq_24G103007_031726_050000.bin,Pellicer Creek,GTMNERR,0,21.996,0,13.28,0,-0.025,0,91.8,0,8.11,0,96.61,32.5,7.68,0,-74.8,6.28,17.496,0,5.9,0,1.181,3.79,0,15.36
3/21/2026,10:00, ,gtmpcwq_24G103007_031726_050000.bin,Pellicer Creek,GTMNERR,0,23.732,0,14.43,0,0.007,0,93,0,8.14,0,93.08,31.32,7.7,0,-76,6.28,17.597,0,6.36,0,1.187,2.93,0,11.87
3/21/2026,10:15, ,gtmpcwq_24G103007_031726_050000.bin,Pellicer Creek,GTMNERR,0,24.32,0,14.82,0,0.037,0,94.3,0,8.21,0,91.7,30.86,7.72,0,-77.2,6.28,17.704,0,6.04,0,1.185,3.05,0,12.37
3/21/2026,10:30, ,gtmpcwq_24G103007_031726_050000.bin,Pellicer Creek,GTMNERR,0,24.723,0,15.09,0,0.065,0,95.2,0,8.26,0,90.88,30.59,7.73,0,-78.1,6.28,17.806,0,6.71,0,1.194,3.65,0,14.79
3/21/2026,10:45, ,gtmpcwq_24G103007_031726_050000.bin,Pellicer Creek,GTMNERR,0,25.786,0,15.8,0,0.095,0,96,0,8.28,0,88.08,29.66,7.74,0,-78.7,6.28,17.923,0,7.68,0,1.201,3.46,0,14.05
3/21/2026,11:00, ,gtmpcwq_24G103007_031726_050000.bin,Pellicer Creek,GTMNERR,0,27.907,0,17.22,0,0.129,0,94.5,0,8.11,0,84.72,28.54,7.74,0,-78.6,6.27,17.714,0,8.49,0,1.189,3.47,0,14.08
3/21/2026,11:15, ,gtmpcwq_24G103007_031726_050000.bin,Pellicer Creek,GTMNERR,0,28.701,0,17.76,0,0.159,0,94.3,0,8.07,0,82.87,27.93,7.74,0,-78.6,6.28,17.721,0,9.3,0,1.183,3.24,0,13.16
3/21/2026,11:30, ,gtmpcwq_24G103007_031726_050000.bin,Pellicer Creek,GTMNERR,0,29.589,0,18.36,0,0.189,0,94.1,0,8.02,0,81.26,27.39,7.74,0,-78.6,6.28,17.788,0,8.92,0,1.189,3.08,0,12.48
3/21/2026,11:45, ,gtmpcwq_24G103007_031726_050000.bin,Pellicer Creek,GTMNERR,0,31.169,0,19.44,0,0.216,0,93.4,0,7.91,0,79.5,26.81,7.73,0,-78.2,6.27,17.743,0,9.11,0,1.189,2.78,0,11.3
3/21/2026,12:00, ,gtmpcwq_24G103007_031726_050000.bin,Pellicer Creek,GTMNERR,0,32.43,0,20.31,0,0.241,0,93.5,0,7.87,0,76.02,25.65,7.74,0,-78.6,6.28,17.793,0,10.32,0,1.193,2.66,0,10.81
3/21/2026,12:15, ,gtmpcwq_24G103007_031726_050000.bin,Pellicer Creek,GTMNERR,0,32.969,0,20.68,0,0.257,0,96.3,0,8.03,0,74.71,25.22,7.76,0,-79.9,6.28,18.164,0,7.91,0,1.192,2.71,0,10.99
3/21/2026,12:30, ,gtmpcwq_24G103007_031726_050000.bin,Pellicer Creek,GTMNERR,0,33.07,0,20.75,0,0.265,0,95.7,0,7.95,0,73.99,24.98,7.76,0,-79.8,6.28,18.29,0,8.37,0,1.193,2.54,0,10.3
3/21/2026,12:45, ,gtmpcwq_24G103007_031726_050000.bin,Pellicer Creek,GTMNERR,0,33.844,0,21.28,0,0.265,0,95.9,0,7.95,0,72.12,24.36,7.76,0,-79.8,6.28,18.329,0,8.85,0,1.192,2.56,0,10.37
3/21/2026,13:00, ,gtmpcwq_24G103007_031726_050000.bin,Pellicer Creek,GTMNERR,0,35.16,0,22.2,0,0.253,0,92.5,0,7.65,0,68.34,23.1,7.75,0,-79.1,6.28,18.137,0,8.06,0,1.193,2.85,0,11.55
3/21/2026,13:15, ,gtmpcwq_24G103007_031726_050000.bin,Pellicer Creek,GTMNERR,0,35.86,0,22.69,0,0.235,0,88.2,0,7.27,0,66.57,22.51,7.68,0,-75,6.28,18.139,0,7.86,0,1.193,1.88,0,7.63
3/21/2026,13:30, ,gtmpcwq_24G103007_031726_050000.bin,Pellicer Creek,GTMNERR,0,36.662,0,23.25,0,0.221,0,88.8,0,7.31,0,65.1,22.02,7.72,0,-77.5,6.28,18.016,0,9.05,0,1.192,1.93,0,7.85
3/21/2026,13:45, ,gtmpcwq_24G103007_031726_050000.bin,Pellicer Creek,GTMNERR,0,35.577,0,22.49,0,0.201,0,93,0,7.69,0,68.37,23.11,7.77,0,-80.2,6.28,18.021,0,8.25,0,1.193,2.65,0,10.76
3/21/2026,14:00, ,gtmpcwq_24G103007_031726_050000.bin,Pellicer Creek,GTMNERR,0,34.982,0,22.07,0,0.176,0,92.7,0,7.68,0,69.54,23.5,7.75,0,-79.5,6.28,18.1,0,8.59,0,1.193,2.68,0,10.89
3/21/2026,14:15, ,gtmpcwq_24G103007_031726_050000.bin,Pellicer Creek,GTMNERR,0,33.198,0,20.84,0,0.154,0,94.8,0,7.88,0,74.26,25.07,7.76,0,-79.9,6.28,18.259,0,7.72,0,1.186,2.76,0,11.21
3/21/2026,14:30, ,gtmpcwq_24G103007_031726_050000.bin,Pellicer Creek,GTMNERR,0,33.966,0,21.37,0,0.128,0,91.9,0,7.65,0,71.7,24.22,7.74,0,-78.9,6.27,18.029,0,8.92,0,1.189,3.04,0,12.33
3/21/2026,14:45, ,gtmpcwq_24G103007_031726_050000.bin,Pellicer Creek,GTMNERR,0,33.779,0,21.24,0,0.104,0,91.7,0,7.63,0,72.79,24.58,7.73,0,-78,6.28,18.081,0,8.16,0,1.188,2.99,0,12.12
3/21/2026,15:00, ,gtmpcwq_24G103007_031726_050000.bin,Pellicer Creek,GTMNERR,0,31.771,0,19.85,0,0.083,0,95.7,0,8.02,0,76.81,25.91,7.77,0,-80.3,6.28,18.172,0,8.49,0,1.189,3.28,0,13.28
3/21/2026,15:15, ,gtmpcwq_24G103007_031726_050000.bin,Pellicer Creek,GTMNERR,0,31.518,0,19.68,0,0.062,0,97.5,0,8.17,0,78,26.31,7.77,0,-80.7,6.28,18.202,0,8.39,0,1.189,4.18,0,16.96
3/21/2026,15:30, ,gtmpcwq_24G103007_031726_050000.bin,Pellicer Creek,GTMNERR,0,30.915,0,19.27,0,0.039,0,97.5,0,8.19,0,78.87,26.6,7.78,0,-80.7,6.28,18.219,0,7.64,0,1.186,4.57,0,18.5
3/21/2026,15:45, ,gtmpcwq_24G103007_031726_050000.bin,Pellicer Creek,GTMNERR,0,30.271,0,18.83,0,0.015,0,98.1,0,8.25,0,79.8,26.91,7.78,0,-80.8,6.28,18.344,0,7.86,0,1.186,4.24,0,17.2
3/21/2026,16:00, ,gtmpcwq_24G103007_031726_050000.bin,Pellicer Creek,GTMNERR,0,29.879,0,18.56,0,-0.001,0,97.4,0,8.21,0,80.78,27.23,7.77,0,-80.7,6.28,18.263,0,8.01,0,1.191,5.27,0,21.37
3/21/2026,16:15, ,gtmpcwq_24G103007_031726_050000.bin,Pellicer Creek,GTMNERR,0,31.661,0,19.78,0,-0.024,0,94.4,0,7.9,0,77.28,26.07,7.73,0,-77.9,6.28,18.239,0,7.26,0,1.188,5.04,0,20.43
3/21/2026,16:30, ,gtmpcwq_24G103007_031726_050000.bin,Pellicer Creek,GTMNERR,0,28.847,0,17.86,0,-0.047,0,97.3,0,8.2,0,80.38,27.1,7.77,0,-80.2,6.28,18.489,0,8.04,0,1.193,4.23,0,17.17
3/21/2026,16:45, ,gtmpcwq_24G103007_031726_050000.bin,Pellicer Creek,GTMNERR,0,31.845,0,19.91,0,-0.064,0,90.6,0,7.58,0,76.86,25.93,7.69,0,-75.8,6.28,18.192,0,6.83,0,1.186,1.8,0,7.31
3/21/2026,17:00, ,gtmpcwq_24G103007_031726_050000.bin,Pellicer Creek,GTMNERR,0,31.086,0,19.39,0,-0.081,0,93,0,7.8,0,77.86,26.26,7.73,0,-78.2,6.28,18.233,0,7.35,0,1.19,3.89,0,15.76
3/21/2026,17:15, ,gtmpcwq_24G103007_031726_050000.bin,Pellicer Creek,GTMNERR,0,30.089,0,18.7,0,-0.1,0,95.4,0,8.01,0,81.29,27.4,7.75,0,-79.3,6.28,18.399,0,7.1,0,1.193,4.58,0,18.54
3/21/2026,17:30, ,gtmpcwq_24G103007_031726_050000.bin,Pellicer Creek,GTMNERR,0,29.618,0,18.38,0,-0.115,0,95.4,0,8.01,0,81.05,27.32,7.74,0,-78.6,6.28,18.52,0,8.18,0,1.189,3.44,0,13.96
3/21/2026,17:45, ,gtmpcwq_24G103007_031726_050000.bin,Pellicer Creek,GTMNERR,0,28.745,0,17.79,0,-0.131,0,95.7,0,8.06,0,83.85,28.25,7.74,0,-79,6.27,18.533,0,7.29,0,1.189,3.14,0,12.74
3/21/2026,18:00, ,gtmpcwq_24G103007_031726_050000.bin,Pellicer Creek,GTMNERR,0,27.587,0,17,0,-0.143,0,95.3,0,8.03,0,83.47,28.13,7.72,0,-77.8,6.28,18.765,0,6.51,0,1.182,3.66,0,14.82
3/21/2026,18:15, ,gtmpcwq_24G103007_031726_050000.bin,Pellicer Creek,GTMNERR,0,27.247,0,16.77,0,-0.155,0,94.5,0,7.95,0,83.14,28.02,7.72,0,-77.5,6.28,18.867,0,5.62,0,1.189,2.56,0,10.38
3/21/2026,18:30, ,gtmpcwq_24G103007_031726_050000.bin,Pellicer Creek,GTMNERR,0,25.618,0,15.68,0,-0.166,0,95.7,0,8.05,0,84.63,28.51,7.7,0,-76.5,6.28,19.258,0,6.81,0,1.189,2.41,0,9.8
3/21/2026,18:45, ,gtmpcwq_24G103007_031726_050000.bin,Pellicer Creek,GTMNERR,0,26.286,0,16.13,0,-0.178,0,96.6,0,8.12,0,86.28,29.06,7.73,0,-78,6.28,19.149,0,5.68,0,1.186,2.67,0,10.82
3/21/2026,19:00, ,gtmpcwq_24G103007_031726_050000.bin,Pellicer Creek,GTMNERR,0,25.764,0,15.78,0,-0.188,0,95,0,7.99,0,87.27,29.39,7.69,0,-76,6.28,19.205,0,6.25,0,1.185,2.31,0,9.39
3/21/2026,19:15, ,gtmpcwq_24G103007_031726_050000.bin,Pellicer Creek,GTMNERR,0,25.677,0,15.72,0,-0.198,0,95.2,0,8.02,0,88.12,29.67,7.7,0,-76.6,6.28,19.116,0,6.23,0,1.184,2.41,0,9.8
3/21/2026,19:30, ,gtmpcwq_24G103007_031726_050000.bin,Pellicer Creek,GTMNERR,0,25.757,0,15.77,0,-0.206,0,95,0,8.01,0,88.34,29.75,7.71,0,-76.7,6.28,19.093,0,6.12,0,1.183,2.51,0,10.18
3/21/2026,19:45, ,gtmpcwq_24G103007_031726_050000.bin,Pellicer Creek,GTMNERR,0,24.504,0,14.93,0,-0.213,0,96.3,0,8.13,0,90.24,30.38,7.72,0,-77.4,6.28,19.268,0,6.23,0,1.184,2.94,0,11.92
3/21/2026,20:00, ,gtmpcwq_24G103007_031726_050000.bin,Pellicer Creek,GTMNERR,0,24.279,0,14.78,0,-0.222,0,97.5,0,8.24,0,91.33,30.74,7.72,0,-77.7,6.28,19.264,0,6.29,0,1.189,2.42,0,9.83
3/21/2026,20:15, ,gtmpcwq_24G103007_031726_050000.bin,Pellicer Creek,GTMNERR,0,23.562,0,14.31,0,-0.229,0,98,0,8.28,0,92.36,31.08,7.72,0,-77.4,6.28,19.404,0,5.35,0,1.181,2.58,0,10.48
3/21/2026,20:30, ,gtmpcwq_24G103007_031726_050000.bin,Pellicer Creek,GTMNERR,0,22.335,0,13.5,0,-0.217,0,101.1,0,8.54,0,94.72,31.87,7.74,0,-79.1,6.28,19.681,0,5.85,0,1.182,3.05,0,12.36
3/21/2026,20:45, ,gtmpcwq_24G103007_031726_050000.bin,Pellicer Creek,GTMNERR,0,19.959,0,11.94,0,-0.2,0,104.5,0,8.84,0,98.42,33.1,7.77,0,-80.9,6.28,20.075,0,5.85,0,1.181,2.73,0,11.07
3/21/2026,21:00, ,gtmpcwq_24G103007_031726_050000.bin,Pellicer Creek,GTMNERR,0,18.138,0,10.76,0,-0.186,0,106.5,0,9.02,0,100.77,33.88,7.79,0,-81.6,6.28,20.399,0,6.54,0,1.195,2.55,0,10.34
3/21/2026,21:15, ,gtmpcwq_24G103007_031726_050000.bin,Pellicer Creek,GTMNERR,0,17.515,0,10.36,0,-0.175,0,106.5,0,9.03,0,102.68,34.51,7.79,0,-82.1,6.28,20.48,0,5.67,0,1.19,2.37,0,9.62
3/21/2026,21:30, ,gtmpcwq_24G103007_031726_050000.bin,Pellicer Creek,GTMNERR,0,18.333,0,10.88,0,-0.15,0,107.8,0,9.1,0,100.7,33.85,7.8,0,-82.4,6.28,20.495,0,6.5,0,1.186,2.42,0,9.84
3/21/2026,21:45, ,gtmpcwq_24G103007_031726_050000.bin,Pellicer Creek,GTMNERR,0,19.339,0,11.53,0,-0.115,0,106.3,0,8.98,0,98.42,33.1,7.79,0,-82,6.27,20.313,0,7.22,0,1.189,2.27,0,9.23
3/21/2026,22:00, ,gtmpcwq_24G103007_031726_050000.bin,Pellicer Creek,GTMNERR,0,20.74,0,12.45,0,-0.084,0,105,0,8.85,0,95.81,32.23,7.79,0,-82.1,6.28,20.115,0,12.59,0,1.186,2.66,0,10.79
3/21/2026,22:15, ,gtmpcwq_24G103007_031726_050000.bin,Pellicer Creek,GTMNERR,0,22.091,0,13.33,0,-0.055,0,104.1,0,8.72,0,93.31,31.4,7.79,0,-81.9,6.28,20.189,0,7.23,0,1.188,2.79,0,11.31
3/21/2026,22:30, ,gtmpcwq_24G103007_031726_050000.bin,Pellicer Creek,GTMNERR,0,22.084,0,13.33,0,-0.019,0,103.4,0,8.72,0,93.54,31.47,7.79,0,-81.9,6.27,19.846,0,7.65,0,1.189,2.69,0,10.9
3/21/2026,22:45, ,gtmpcwq_24G103007_031726_050000.bin,Pellicer Creek,GTMNERR,0,26.166,0,16.04,0,0.023,0,99.8,0,8.29,0,85.83,28.91,7.76,0,-80.2,6.28,19.77,0,8.79,0,1.187,3.1,0,12.56
3/21/2026,23:00, ,gtmpcwq_24G103007_031726_050000.bin,Pellicer Creek,GTMNERR,0,27.73,0,17.1,0,0.065,0,98.5,0,8.14,0,83,27.97,7.76,0,-80,6.28,19.679,0,9.04,0,1.192,3.22,0,13.05
3/21/2026,23:15, ,gtmpcwq_24G103007_031726_050000.bin,Pellicer Creek,GTMNERR,0,30.636,0,19.07,0,0.109,0,96,0,7.84,0,78.09,26.34,7.74,0,-78.9,6.28,19.735,0,9.6,0,1.192,2.91,0,11.8
3/21/2026,23:30, ,gtmpcwq_24G103007_031726_050000.bin,Pellicer Creek,GTMNERR,0,32.598,0,20.42,0,0.155,0,93.6,0,7.59,0,72.81,24.58,7.75,0,-79.4,6.28,19.637,0,10.14,0,1.192,2.91,0,11.79
3/21/2026,23:45, ,gtmpcwq_24G103007_031726_050000.bin,Pellicer Creek,GTMNERR,0,34.069,0,21.44,0,0.199,0,94.1,0,7.61,0,69.76,23.57,7.78,0,-81.2,6.28,19.535,0,9.35,0,1.181,2.41,0,9.78
3/22/2026,00:00, ,gtmpcwq_24G103007_031726_050000.bin,Pellicer Creek,GTMNERR,0,34.928,0,22.03,0,0.24,0,93.5,0,7.53,0,65.74,22.24,7.79,0,-81.9,6.28,19.542,0,12.89,0,1.192,2.21,0,8.97
3/22/2026,00:15, ,gtmpcwq_24G103007_031726_050000.bin,Pellicer Creek,GTMNERR,0,35.216,0,22.23,0,0.275,0,93.4,0,7.54,0,65.67,22.21,7.8,0,-82.6,6.28,19.367,0,11.33,0,1.193,2.01,0,8.17
3/22/2026,00:30, ,gtmpcwq_24G103007_031726_050000.bin,Pellicer Creek,GTMNERR,0,36.863,0,23.38,0,0.303,0,92.5,0,7.41,0,60.13,20.37,7.81,0,-82.9,6.27,19.428,0,15.71,0,1.19,2.17,0,8.82
3/22/2026,00:45, ,gtmpcwq_24G103007_031726_050000.bin,Pellicer Creek,GTMNERR,0,37.504,0,23.83,0,0.323,0,92.8,0,7.43,0,59.44,20.14,7.82,0,-83.6,6.28,19.318,0,12.77,0,1.185,1.97,0,8
3/22/2026,01:00, ,gtmpcwq_24G103007_031726_050000.bin,Pellicer Creek,GTMNERR,0,38.151,0,24.29,0,0.336,0,91.6,0,7.32,0,57.74,19.58,7.83,0,-84.2,6.28,19.24,0,12.62,0,1.198,1.82,0,7.38
3/22/2026,01:15, ,gtmpcwq_24G103007_031726_050000.bin,Pellicer Creek,GTMNERR,0,38.806,0,24.75,0,0.345,0,92.4,0,7.37,0,56.44,19.14,7.84,0,-84.8,6.28,19.168,0,11.05,0,1.185,1.75,0,7.13
3/22/2026,01:30, ,gtmpcwq_24G103007_031726_050000.bin,Pellicer Creek,GTMNERR,0,39.638,0,25.34,0,0.347,0,92.8,0,7.39,0,54.47,18.49,7.85,0,-85.1,6.28,19.138,0,10.48,0,1.187,2.28,0,9.24
3/22/2026,01:45, ,gtmpcwq_24G103007_031726_050000.bin,Pellicer Creek,GTMNERR,0,40.098,0,25.66,0,0.343,0,92.5,0,7.35,0,52.78,17.93,7.85,0,-85.1,6.28,19.131,0,10.28,0,1.192,1.8,0,7.33
3/22/2026,02:00, ,gtmpcwq_24G103007_031726_050000.bin,Pellicer Creek,GTMNERR,0,40.072,0,25.65,0,0.328,0,88.6,0,7.04,0,52.61,17.87,7.8,0,-82.5,6.28,19.134,0,10.75,0,1.182,1.17,0,4.75
3/22/2026,02:15, ,gtmpcwq_24G103007_031726_050000.bin,Pellicer Creek,GTMNERR,0,39.967,0,25.57,0,0.306,0,87.4,0,6.95,0,53.18,18.06,7.81,0,-82.8,6.28,19.125,0,9.5,0,1.193,1.34,0,5.45
3/22/2026,02:30, ,gtmpcwq_24G103007_031726_050000.bin,Pellicer Creek,GTMNERR,0,39.325,0,25.12,0,0.281,0,91.3,0,7.28,0,54.88,18.62,7.84,0,-84.5,6.28,19.119,0,9.97,0,1.198,1.57,0,6.4
3/22/2026,02:45, ,gtmpcwq_24G103007_031726_050000.bin,Pellicer Creek,GTMNERR,0,38.584,0,24.59,0,0.258,0,91.6,0,7.32,0,56.85,19.28,7.84,0,-84.4,6.28,19.136,0,9.8,0,1.191,1.68,0,6.83
3/22/2026,03:00, ,gtmpcwq_24G103007_031726_050000.bin,Pellicer Creek,GTMNERR,0,37.93,0,24.13,0,0.235,0,90.9,0,7.28,0,58.15,19.71,7.83,0,-83.9,6.28,19.159,0,10.57,0,1.186,1.76,0,7.14
3/22/2026,03:15, ,gtmpcwq_24G103007_031726_050000.bin,Pellicer Creek,GTMNERR,0,36.912,0,23.42,0,0.215,0,90.3,0,7.26,0,61.61,20.86,7.81,0,-83,6.28,19.179,0,10.35,0,1.188,1.77,0,7.19
3/22/2026,03:30, ,gtmpcwq_24G103007_031726_050000.bin,Pellicer Creek,GTMNERR,0,35.997,0,22.78,0,0.19,0,89.6,0,7.24,0,63.71,21.56,7.8,0,-82.2,6.28,19.188,0,11.5,0,1.188,2.11,0,8.56
3/22/2026,03:45, ,gtmpcwq_24G103007_031726_050000.bin,Pellicer Creek,GTMNERR,0,35.053,0,22.12,0,0.166,0,89.2,0,7.23,0,66.4,22.45,7.78,0,-81.3,6.28,19.18,0,10.32,0,1.189,2.26,0,9.18
3/22/2026,04:00, ,gtmpcwq_24G103007_031726_050000.bin,Pellicer Creek,GTMNERR,0,31.503,0,19.67,0,0.144,0,90,0,7.43,0,75.84,25.59,7.76,0,-80,6.28,19.025,0,8.12,0,1.185,2.19,0,8.88
3/22/2026,04:15, ,gtmpcwq_24G103007_031726_050000.bin,Pellicer Creek,GTMNERR,0,30.937,0,19.28,0,0.122,0,89.5,0,7.4,0,76.72,25.89,7.75,0,-79.1,6.28,19.015,0,9.47,0,1.193,2.43,0,9.86
3/22/2026,04:30, ,gtmpcwq_24G103007_031726_050000.bin,Pellicer Creek,GTMNERR,0,30.273,0,18.83,0,0.099,0,89.3,0,7.4,0,78.44,26.46,7.74,0,-78.6,6.28,19.058,0,8.35,0,1.19,2.5,0,10.15
3/22/2026,04:45, ,gtmpcwq_24G103007_031726_050000.bin,Pellicer Creek,GTMNERR,0,31.369,0,19.58,0,0.077,0,88.3,0,7.28,0,75.39,25.44,7.73,0,-78.3,6.28,19.107,0,9.75,0,1.183,2.76,0,11.2
3/22/2026,05:00, ,gtmpcwq_24G103007_031726_050000.bin,Pellicer Creek,GTMNERR,0,31.756,0,19.84,0,0.056,0,88.7,0,7.29,0,74.59,25.18,7.74,0,-79,6.28,19.138,0,10.04,0,1.181,3.14,0,12.74
3/22/2026,05:15, ,gtmpcwq_24G103007_031726_050000.bin,Pellicer Creek,GTMNERR,0,30.221,0,18.79,0,0.038,0,88.8,0,7.35,0,77.58,26.17,7.73,0,-78.2,6.28,19.095,0,11.05,0,1.198,3.3,0,13.37
3/22/2026,05:30, ,gtmpcwq_24G103007_031726_050000.bin,Pellicer Creek,GTMNERR,0,27.767,0,17.12,0,0.018,0,89.1,0,7.47,0,83.7,28.2,7.72,0,-77.4,6.28,18.979,0,9.05,0,1.189,3.11,0,12.61
3/22/2026,05:45, ,gtmpcwq_24G103007_031726_050000.bin,Pellicer Creek,GTMNERR,0,28.088,0,17.34,0,-0.002,0,89.1,0,7.46,0,83.31,28.07,7.71,0,-77.1,6.28,19.015,0,8.42,0,1.182,3.03,0,12.3
3/22/2026,06:00, ,gtmpcwq_24G103007_031726_050000.bin,Pellicer Creek,GTMNERR,0,28.189,0,17.41,0,-0.021,0,88.6,0,7.42,0,83.49,28.13,7.7,0,-76.7,6.28,18.996,0,8.65,0,1.196,4.13,0,16.74
3/22/2026,06:15, ,gtmpcwq_24G103007_031726_050000.bin,Pellicer Creek,GTMNERR,0,28.657,0,17.73,0,-0.039,0,87.7,0,7.32,0,82.2,27.7,7.7,0,-76.4,6.28,18.998,0,8.42,0,1.184,3.4,0,13.81
3/22/2026,06:30, ,gtmpcwq_24G103007_031726_050000.bin,Pellicer Creek,GTMNERR,0,27.416,0,16.89,0,-0.056,0,87.5,0,7.35,0,85.1,28.67,7.69,0,-75.6,6.27,18.955,0,8.13,0,1.195,3.48,0,14.11
3/22/2026,06:45, ,gtmpcwq_24G103007_031726_050000.bin,Pellicer Creek,GTMNERR,0,27.358,0,16.85,0,-0.072,0,86.3,0,7.24,0,84.96,28.62,7.68,0,-74.9,6.28,18.973,0,8.43,0,1.199,3.56,0,14.45
3/22/2026,07:00, ,gtmpcwq_24G103007_031726_050000.bin,Pellicer Creek,GTMNERR,0,28.903,0,17.89,0,-0.087,0,84.4,0,7.04,0,80.77,27.23,7.66,0,-73.8,6.28,19.005,0,9.02,0,1.185,4.35,0,17.62
3/22/2026,07:15, ,gtmpcwq_24G103007_031726_050000.bin,Pellicer Creek,GTMNERR,0,27.41,0,16.88,0,-0.1,0,84.8,0,7.13,0,84.78,28.56,7.65,0,-73.3,6.28,18.906,0,7.87,0,1.192,3.44,0,13.93
3/22/2026,07:30, ,gtmpcwq_24G103007_031726_050000.bin,Pellicer Creek,GTMNERR,0,27.6,0,17.01,0,-0.114,0,83.4,0,7,0,84.42,28.44,7.63,0,-72.6,6.28,18.932,0,7.34,0,1.189,4.33,0,17.55
3/22/2026,07:45, ,gtmpcwq_24G103007_031726_050000.bin,Pellicer Creek,GTMNERR,0,27.043,0,16.64,0,-0.125,0,82.2,0,6.92,0,84.45,28.45,7.62,0,-71.6,6.28,18.911,0,7.15,0,1.181,4.32,0,17.5
3/22/2026,08:00, ,gtmpcwq_24G103007_031726_050000.bin,Pellicer Creek,GTMNERR,0,26.33,0,16.16,0,-0.136,0,81.9,0,6.91,0,86.39,29.1,7.62,0,-71.7,6.28,18.901,0,7.43,0,1.184,4.27,0,17.29
3/22/2026,08:15, ,gtmpcwq_24G103007_031726_050000.bin,Pellicer Creek,GTMNERR,0,26.212,0,16.08,0,-0.149,0,83.6,0,7.06,0,87.8,29.57,7.62,0,-72,6.28,18.894,0,6.8,0,1.186,4.44,0,18
3/22/2026,08:30, ,gtmpcwq_24G103007_031726_050000.bin,Pellicer Creek,GTMNERR,0,26.63,0,16.36,0,-0.162,0,83.2,0,7.01,0,87.04,29.31,7.63,0,-72.2,6.28,18.915,0,7.08,0,1.181,4.82,0,19.55
3/22/2026,08:45, ,gtmpcwq_24G103007_031726_050000.bin,Pellicer Creek,GTMNERR,0,25.6,0,15.67,0,-0.173,0,84.2,0,7.13,0,87.73,29.54,7.63,0,-72.2,6.28,18.897,0,7.05,0,1.187,5.16,0,20.93
3/22/2026,09:00, ,gtmpcwq_24G103007_031726_050000.bin,Pellicer Creek,GTMNERR,0,25.349,0,15.5,0,-0.185,0,84.4,0,7.15,0,88.99,29.96,7.63,0,-72.2,6.28,18.889,0,6.12,0,1.199,4.86,0,19.69
3/22/2026,09:15, ,gtmpcwq_24G103007_031726_050000.bin,Pellicer Creek,GTMNERR,0,24.8,0,15.13,0,-0.193,0,85,0,7.23,0,90.24,30.38,7.63,0,-72.1,6.28,18.879,0,6.35,0,1.189,4.94,0,20.01
3/22/2026,09:30, ,gtmpcwq_24G103007_031726_050000.bin,Pellicer Creek,GTMNERR,0,24.346,0,14.83,0,-0.193,0,85.2,0,7.25,0,92.16,31.01,7.63,0,-72.1,6.28,18.878,0,7.52,0,1.184,4.6,0,18.65
3/22/2026,09:45, ,gtmpcwq_24G103007_031726_050000.bin,Pellicer Creek,GTMNERR,0,21.849,0,13.18,0,-0.178,0,85.8,0,7.39,0,96.78,32.55,7.62,0,-71.5,6.28,18.759,0,6.98,0,1.186,4.21,0,17.05
3/22/2026,10:00, ,gtmpcwq_24G103007_031726_050000.bin,Pellicer Creek,GTMNERR,0,19.272,0,11.5,0,-0.163,0,88,0,7.66,0,102.93,34.59,7.61,0,-71.1,6.28,18.761,0,6.51,0,1.182,3.87,0,15.68
3/22/2026,10:15, ,gtmpcwq_24G103007_031726_050000.bin,Pellicer Creek,GTMNERR,0,20.061,0,12.01,0,-0.151,0,89.7,0,7.7,0,98.8,33.22,7.62,0,-71.7,6.28,19.311,0,8.82,0,1.19,3.77,0,15.31
3/22/2026,10:30, ,gtmpcwq_24G103007_031726_050000.bin,Pellicer Creek,GTMNERR,0,20.315,0,12.17,0,-0.135,0,93.5,0,8,0,98.2,33.02,7.66,0,-74,6.28,19.394,0,6.75,0,1.193,2.65,0,10.74
3/22/2026,10:45, ,gtmpcwq_24G103007_031726_050000.bin,Pellicer Creek,GTMNERR,0,21.413,0,12.89,0,-0.109,0,93.3,0,7.95,0,95.4,32.09,7.66,0,-74.1,6.28,19.402,0,8.86,0,1.193,4.08,0,16.56
3/22/2026,11:00, ,gtmpcwq_24G103007_031726_050000.bin,Pellicer Creek,GTMNERR,0,22.466,0,13.58,0,-0.08,0,94.9,0,7.99,0,92.15,31.01,7.69,0,-75.9,6.28,19.875,0,8.01,0,1.193,2.81,0,11.39
3/22/2026,11:15, ,gtmpcwq_24G103007_031726_050000.bin,Pellicer Creek,GTMNERR,0,24.245,0,14.76,0,-0.056,0,96.1,0,7.98,0,87.54,29.48,7.72,0,-77.5,6.28,20.165,0,8.59,0,1.193,2.66,0,10.8
3/22/2026,11:30, ,gtmpcwq_24G103007_031726_050000.bin,Pellicer Creek,GTMNERR,0,24.487,0,14.91,0,-0.03,0,97.6,0,8.05,0,86.39,29.1,7.73,0,-78.2,6.28,20.471,0,8.66,0,1.193,2.57,0,10.43
3/22/2026,11:45, ,gtmpcwq_24G103007_031726_050000.bin,Pellicer Creek,GTMNERR,0,25.469,0,15.57,0,0.007,0,98.1,0,8.09,0,84.7,28.54,7.73,0,-78.3,6.28,20.324,0,9.84,0,1.182,2.76,0,11.22
3/22/2026,12:00, ,gtmpcwq_24G103007_031726_050000.bin,Pellicer Creek,GTMNERR,0,26.637,0,16.35,0,0.035,0,98.4,0,8.05,0,81.5,27.47,7.74,0,-78.8,6.28,20.481,0,11.06,0,1.189,2.83,0,11.47
3/22/2026,12:15, ,gtmpcwq_24G103007_031726_050000.bin,Pellicer Creek,GTMNERR,0,27.98,0,17.26,0,0.067,0,98.1,0,7.97,0,78.97,26.63,7.74,0,-79.3,6.28,20.547,0,10.68,0,1.186,2.81,0,11.39
3/22/2026,12:30, ,gtmpcwq_24G103007_031726_050000.bin,Pellicer Creek,GTMNERR,0,29.001,0,17.95,0,0.094,0,98.7,0,7.96,0,76.77,25.9,7.75,0,-79.8,6.28,20.79,0,10.87,0,1.189,2.74,0,11.14
3/22/2026,12:45, ,gtmpcwq_24G103007_031726_050000.bin,Pellicer Creek,GTMNERR,0,30.348,0,18.86,0,0.12,0,98.5,0,7.89,0,73.9,24.95,7.75,0,-79.5,6.28,20.857,0,12.25,0,1.193,2.38,0,9.68
3/22/2026,13:00, ,gtmpcwq_24G103007_031726_050000.bin,Pellicer Creek,GTMNERR,0,31.471,0,19.63,0,0.14,0,97.8,0,7.79,0,72.31,24.42,7.74,0,-79.2,6.28,20.885,0,12.07,0,1.185,2.66,0,10.81
3/22/2026,13:15, ,gtmpcwq_24G103007_031726_050000.bin,Pellicer Creek,GTMNERR,0,31.413,0,19.59,0,0.159,0,99.4,0,7.86,0,72.29,24.41,7.75,0,-79.7,6.28,21.253,0,11.23,0,1.2,2.77,0,11.25
3/22/2026,13:30, ,gtmpcwq_24G103007_031726_050000.bin,Pellicer Creek,GTMNERR,0,32.641,0,20.43,0,0.166,0,96.4,0,7.58,0,69.69,23.55,7.73,0,-78.3,6.27,21.336,0,11.97,0,1.193,2.32,0,9.42
3/22/2026,13:45, ,gtmpcwq_24G103007_031726_050000.bin,Pellicer Creek,GTMNERR,0,34.23,0,21.54,0,0.157,0,93.1,0,7.32,0,66.45,22.47,7.71,0,-77,6.28,20.998,0,11.17,0,1.181,2.15,0,8.72
3/22/2026,14:00, ,gtmpcwq_24G103007_031726_050000.bin,Pellicer Creek,GTMNERR,0,34.456,0,21.69,0,0.143,0,86.5,0,6.77,0,64.91,21.96,7.63,0,-72.7,6.28,21.171,0,10.51,0,1.192,1.81,0,7.36
3/22/2026,14:15, ,gtmpcwq_24G103007_031726_050000.bin,Pellicer Creek,GTMNERR,0,35.585,0,22.48,0,0.129,0,91.1,0,7.13,0,63.53,21.5,7.68,0,-75.7,6.28,20.986,0,10.81,0,1.193,2.03,0,8.26
3/22/2026,14:30, ,gtmpcwq_24G103007_031726_050000.bin,Pellicer Creek,GTMNERR,0,35.591,0,22.48,0,0.112,0,91.3,0,7.14,0,62.51,21.16,7.7,0,-76.9,6.28,20.982,0,12.01,0,1.194,2.07,0,8.42
3/22/2026,14:45, ,gtmpcwq_24G103007_031726_050000.bin,Pellicer Creek,GTMNERR,0,34.434,0,21.68,0,0.096,0,94.3,0,7.46,0,67.38,22.78,7.74,0,-79,6.28,20.656,0,10.89,0,1.196,2.71,0,10.98
3/22/2026,15:00, ,gtmpcwq_24G103007_031726_050000.bin,Pellicer Creek,GTMNERR,0,34.025,0,21.4,0,0.076,0,93.4,0,7.38,0,67.05,22.67,7.72,0,-78,6.28,20.774,0,11.87,0,1.197,2.59,0,10.52
3/22/2026,15:15, ,gtmpcwq_24G103007_031726_050000.bin,Pellicer Creek,GTMNERR,0,33.773,0,21.22,0,0.052,0,94.9,0,7.51,0,68.51,23.15,7.73,0,-78.5,6.28,20.733,0,11.47,0,1.199,2.94,0,11.92
3/22/2026,15:30, ,gtmpcwq_24G103007_031726_050000.bin,Pellicer Creek,GTMNERR,0,33.526,0,21.05,0,0.036,0,93.6,0,7.4,0,67.34,22.77,7.73,0,-78.2,6.28,20.849,0,9.67,0,1.193,2.97,0,12.06
3/22/2026,15:45, ,gtmpcwq_24G103007_031726_050000.bin,Pellicer Creek,GTMNERR,0,32.906,0,20.62,0,0.019,0,93.8,0,7.48,0,72.05,24.33,7.74,0,-78.8,6.28,20.469,0,9.16,0,1.185,3.22,0,13.06
3/22/2026,16:00, ,gtmpcwq_24G103007_031726_050000.bin,Pellicer Creek,GTMNERR,0,32.409,0,20.28,0,-0.003,0,94.6,0,7.56,0,72.37,24.44,7.74,0,-78.9,6.28,20.538,0,10.33,0,1.183,3.61,0,14.64
3/22/2026,16:15, ,gtmpcwq_24G103007_031726_050000.bin,Pellicer Creek,GTMNERR,0,30.996,0,19.31,0,-0.024,0,97,0,7.77,0,74.4,25.11,7.75,0,-79.6,6.28,20.695,0,9.89,0,1.187,3.65,0,14.82
3/22/2026,16:30, ,gtmpcwq_24G103007_031726_050000.bin,Pellicer Creek,GTMNERR,0,30.771,0,19.15,0,-0.047,0,97.9,0,7.85,0,75.53,25.49,7.76,0,-80.1,6.28,20.682,0,9.99,0,1.188,3.85,0,15.62
3/22/2026,16:45, ,gtmpcwq_24G103007_031726_050000.bin,Pellicer Creek,GTMNERR,0,31.997,0,20,0,-0.065,0,95.4,0,7.61,0,72.33,24.43,7.74,0,-78.8,6.28,20.713,0,9.66,0,1.193,3.71,0,15.06
3/22/2026,17:00, ,gtmpcwq_24G103007_031726_050000.bin,Pellicer Creek,GTMNERR,0,32.391,0,20.27,0,-0.081,0,88.3,0,7.05,0,71.46,24.14,7.68,0,-75.7,6.28,20.516,0,7.93,0,1.191,2.89,0,11.74
3/22/2026,17:15, ,gtmpcwq_24G103007_031726_050000.bin,Pellicer Creek,GTMNERR,0,30.915,0,19.26,0,-0.103,0,95.2,0,7.65,0,74.45,25.13,7.74,0,-79.2,6.28,20.519,0,8.53,0,1.184,4.41,0,17.89
3/22/2026,17:30, ,gtmpcwq_24G103007_031726_050000.bin,Pellicer Creek,GTMNERR,0,32.238,0,20.16,0,-0.115,0,93,0,7.42,0,72.38,24.44,7.73,0,-78.3,6.28,20.623,0,11.93,0,1.189,4.7,0,19.06
3/22/2026,17:45, ,gtmpcwq_24G103007_031726_050000.bin,Pellicer Creek,GTMNERR,0,31.293,0,19.51,0,-0.133,0,86.9,0,6.96,0,73.61,24.85,7.66,0,-74.2,6.28,20.63,0,8.07,0,1.189,3.26,0,13.21
3/22/2026,18:00, ,gtmpcwq_24G103007_031726_050000.bin,Pellicer Creek,GTMNERR,0,30.584,0,19.03,0,-0.145,0,91.1,0,7.32,0,74.98,25.31,7.7,0,-76.3,6.28,20.626,0,9.29,0,1.192,3.62,0,14.68
3/22/2026,18:15, ,gtmpcwq_24G103007_031726_050000.bin,Pellicer Creek,GTMNERR,0,30.531,0,18.99,0,-0.156,0,87.9,0,7.06,0,74.88,25.27,7.66,0,-74,6.27,20.61,0,7.41,0,1.186,2.36,0,9.58
3/22/2026,18:30, ,gtmpcwq_24G103007_031726_050000.bin,Pellicer Creek,GTMNERR,0,30.148,0,18.73,0,-0.165,0,87.4,0,7.03,0,75.47,25.47,7.67,0,-74.8,6.28,20.682,0,7.58,0,1.198,2.18,0,8.87
3/22/2026,18:45, ,gtmpcwq_24G103007_031726_050000.bin,Pellicer Creek,GTMNERR,0,29.415,0,18.23,0,-0.176,0,90.1,0,7.25,0,78.84,26.59,7.68,0,-75.4,6.28,20.784,0,7.75,0,1.198,2.31,0,9.37
3/22/2026,19:00, ,gtmpcwq_24G103007_031726_050000.bin,Pellicer Creek,GTMNERR,0,29.479,0,18.27,0,-0.19,0,91.3,0,7.35,0,78.55,26.49,7.68,0,-75.5,6.28,20.712,0,7.07,0,1.195,2.47,0,10.01
3/22/2026,19:15, ,gtmpcwq_24G103007_031726_050000.bin,Pellicer Creek,GTMNERR,0,29.624,0,18.37,0,-0.2,0,84.9,0,6.84,0,76.39,25.77,7.64,0,-72.8,6.28,20.693,0,7.09,0,1.192,2.1,0,8.51
3/22/2026,19:30, ,gtmpcwq_24G103007_031726_050000.bin,Pellicer Creek,GTMNERR,0,30.101,0,18.7,0,-0.207,0,78.9,0,6.35,0,76.24,25.73,7.6,0,-70.7,6.28,20.609,0,7.71,0,1.189,2.33,0,9.46
3/22/2026,19:45, ,gtmpcwq_24G103007_031726_050000.bin,Pellicer Creek,GTMNERR,0,30.548,0,19,0,-0.216,0,85.1,0,6.85,0,74.03,24.99,7.62,0,-72,6.28,20.506,0,7.5,0,1.2,2.82,0,11.46
3/22/2026,20:00, ,gtmpcwq_24G103007_031726_050000.bin,Pellicer Creek,GTMNERR,0,29.819,0,18.51,0,-0.226,0,87.7,0,7.08,0,78.84,26.59,7.66,0,-74.5,6.28,20.518,0,7.27,0,1.182,2.83,0,11.5
3/22/2026,20:15, ,gtmpcwq_24G103007_031726_050000.bin,Pellicer Creek,GTMNERR,0,29.275,0,18.14,0,-0.234,0,87.8,0,7.09,0,79.54,26.82,7.67,0,-75.1,6.28,20.59,0,7.4,0,1.199,2.74,0,11.12
3/22/2026,20:30, ,gtmpcwq_24G103007_031726_050000.bin,Pellicer Creek,GTMNERR,0,29.181,0,18.07,0,-0.242,0,85.2,0,6.88,0,79.95,26.96,7.64,0,-73.3,6.28,20.656,0,6.29,0,1.192,2.41,0,9.79
3/22/2026,20:45, ,gtmpcwq_24G103007_031726_050000.bin,Pellicer Creek,GTMNERR,0,29.448,0,18.25,0,-0.249,0,85.5,0,6.91,0,77.9,26.28,7.63,0,-72.3,6.28,20.589,0,6.99,0,1.193,2.57,0,10.41
3/22/2026,21:00, ,gtmpcwq_24G103007_031726_050000.bin,Pellicer Creek,GTMNERR,0,27.945,0,17.23,0,-0.251,0,89.6,0,7.24,0,82.74,27.89,7.67,0,-74.6,6.28,20.841,0,7.46,0,1.185,2.54,0,10.31
3/22/2026,21:15, ,gtmpcwq_24G103007_031726_050000.bin,Pellicer Creek,GTMNERR,0,26.419,0,16.2,0,-0.25,0,88,0,7.11,0,84.89,28.6,7.64,0,-73.3,6.28,21.188,0,6.15,0,1.189,2.36,0,9.58
3/22/2026,21:30, ,gtmpcwq_24G103007_031726_050000.bin,Pellicer Creek,GTMNERR,0,20.341,0,12.18,0,-0.234,0,99.8,0,8.22,0,97.64,32.84,7.73,0,-78.5,6.28,21.412,0,6.47,0,1.183,3.03,0,12.31
3/22/2026,21:45, ,gtmpcwq_24G103007_031726_050000.bin,Pellicer Creek,GTMNERR,0,18.243,0,10.81,0,-0.221,0,102.7,0,8.48,0,100.72,33.86,7.75,0,-79.8,6.28,21.739,0,7.12,0,1.192,2.24,0,9.09
3/22/2026,22:00, ,gtmpcwq_24G103007_031726_050000.bin,Pellicer Creek,GTMNERR,0,17.865,0,10.57,0,-0.207,0,101.8,0,8.43,0,100.59,33.82,7.75,0,-79.8,6.28,21.607,0,8.43,0,1.189,2.57,0,10.42
3/22/2026,22:15, ,gtmpcwq_24G103007_031726_050000.bin,Pellicer Creek,GTMNERR,0,18.023,0,10.67,0,-0.19,0,102.5,0,8.47,0,100.79,33.88,7.76,0,-80.4,6.28,21.732,0,7.77,0,1.185,2.47,0,10.01
3/22/2026,22:30, ,gtmpcwq_24G103007_031726_050000.bin,Pellicer Creek,GTMNERR,0,19.131,0,11.39,0,-0.17,0,101.7,0,8.37,0,98.82,33.23,7.75,0,-79.9,6.28,21.704,0,8.39,0,1.193,2.82,0,11.45
3/22/2026,22:45, ,gtmpcwq_24G103007_031726_050000.bin,Pellicer Creek,GTMNERR,0,20.124,0,12.03,0,-0.146,0,99.5,0,8.18,0,96.32,32.4,7.74,0,-79.4,6.28,21.561,0,8.61,0,1.181,2.7,0,10.95
3/22/2026,23:00, ,gtmpcwq_24G103007_031726_050000.bin,Pellicer Creek,GTMNERR,0,20.476,0,12.27,0,-0.12,0,99.8,0,8.24,0,96.46,32.45,7.76,0,-80.4,6.28,21.216,0,7.75,0,1.195,2.43,0,9.85
3/22/2026,23:15, ,gtmpcwq_24G103007_031726_050000.bin,Pellicer Creek,GTMNERR,0,22.258,0,13.43,0,-0.091,0,98.4,0,8.04,0,92.38,31.09,7.75,0,-79.5,6.28,21.408,0,8.41,0,1.192,2.64,0,10.7
3/22/2026,23:30, ,gtmpcwq_24G103007_031726_050000.bin,Pellicer Creek,GTMNERR,0,22.024,0,13.28,0,-0.055,0,98.2,0,8.08,0,93.62,31.5,7.76,0,-80.1,6.28,21.148,0,8.23,0,1.185,2.54,0,10.31
3/22/2026,23:45, ,gtmpcwq_24G103007_031726_050000.bin,Pellicer Creek,GTMNERR,0,24.322,0,14.8,0,-0.016,0,96.5,0,7.85,0,88.36,29.75,7.74,0,-79.1,6.28,21.285,0,9.31,0,1.187,2.59,0,10.53
3/23/2026,00:00, ,gtmpcwq_24G103007_031726_050000.bin,Pellicer Creek,GTMNERR,0,26.4,0,16.19,0,0.024,0,94.2,0,7.6,0,83.7,28.2,7.73,0,-78.2,6.28,21.283,0,10.78,0,1.189,2.73,0,11.1
3/23/2026,00:15, ,gtmpcwq_24G103007_031726_050000.bin,Pellicer Creek,GTMNERR,0,28.792,0,17.8,0,0.065,0,91.8,0,7.33,0,78.53,26.49,7.71,0,-77.2,6.28,21.371,0,11.33,0,1.192,2.62,0,10.62
3/23/2026,00:30, ,gtmpcwq_24G103007_031726_050000.bin,Pellicer Creek,GTMNERR,0,30.422,0,18.91,0,0.109,0,89.6,0,7.12,0,75.46,25.47,7.69,0,-76.4,6.28,21.29,0,13.82,0,1.184,2.64,0,10.71
3/23/2026,00:45, ,gtmpcwq_24G103007_031726_050000.bin,Pellicer Creek,GTMNERR,0,30.244,0,18.79,0,0.155,0,88.7,0,7.09,0,76.65,25.86,7.7,0,-76.9,6.28,20.964,0,12.29,0,1.184,2.61,0,10.61
3/23/2026,01:00, ,gtmpcwq_24G103007_031726_050000.bin,Pellicer Creek,GTMNERR,0,32.094,0,20.06,0,0.195,0,86.9,0,6.91,0,69.16,23.37,7.72,0,-77.7,6.28,20.876,0,17.94,0,1.19,2.25,0,9.12
3/23/2026,01:15, ,gtmpcwq_24G103007_031726_050000.bin,Pellicer Creek,GTMNERR,0,32.646,0,20.44,0,0.231,0,86.4,0,6.88,0,69.77,23.58,7.73,0,-78.5,6.28,20.643,0,14.83,0,1.181,2.2,0,8.93
3/23/2026,01:30, ,gtmpcwq_24G103007_031726_050000.bin,Pellicer Creek,GTMNERR,0,33.928,0,21.33,0,0.257,0,86.1,0,6.82,0,65.63,22.2,7.74,0,-79.1,6.28,20.642,0,16.22,0,1.193,2.04,0,8.3
3/23/2026,01:45, ,gtmpcwq_24G103007_031726_050000.bin,Pellicer Creek,GTMNERR,0,34.798,0,21.93,0,0.278,0,84.6,0,6.69,0,63.6,21.52,7.74,0,-79.1,6.28,20.613,0,15.58,0,1.189,1.99,0,8.08
3/23/2026,02:00, ,gtmpcwq_24G103007_031726_050000.bin,Pellicer Creek,GTMNERR,0,35.12,0,22.16,0,0.292,0,85.1,0,6.72,0,63.49,21.49,7.75,0,-79.5,6.28,20.555,0,13.48,0,1.185,2.29,0,9.32
3/23/2026,02:15, ,gtmpcwq_24G103007_031726_050000.bin,Pellicer Creek,GTMNERR,0,35.577,0,22.48,0,0.297,0,84,0,6.63,0,63.06,21.34,7.74,0,-79.1,6.28,20.486,0,13.53,0,1.189,2.72,0,11.06
3/23/2026,02:30, ,gtmpcwq_24G103007_031726_050000.bin,Pellicer Creek,GTMNERR,0,35.832,0,22.65,0,0.293,0,83.7,0,6.6,0,62.39,21.12,7.74,0,-79.2,6.28,20.486,0,13.11,0,1.182,1.76,0,7.14
3/23/2026,02:45, ,gtmpcwq_24G103007_031726_050000.bin,Pellicer Creek,GTMNERR,0,35.772,0,22.61,0,0.277,0,79.6,0,6.28,0,61.13,20.7,7.7,0,-76.7,6.28,20.478,0,12.38,0,1.182,1.36,0,5.55
3/23/2026,03:00, ,gtmpcwq_24G103007_031726_050000.bin,Pellicer Creek,GTMNERR,0,35.783,0,22.62,0,0.254,0,80.5,0,6.35,0,62.44,21.14,7.71,0,-77,6.28,20.477,0,11.18,0,1.189,1.48,0,6.01
3/23/2026,03:15, ,gtmpcwq_24G103007_031726_050000.bin,Pellicer Creek,GTMNERR,0,35.337,0,22.31,0,0.231,0,82.9,0,6.55,0,63.75,21.57,7.73,0,-78.4,6.28,20.486,0,11.72,0,1.186,1.8,0,7.32
3/23/2026,03:30, ,gtmpcwq_24G103007_031726_050000.bin,Pellicer Creek,GTMNERR,0,34.965,0,22.05,0,0.209,0,83.2,0,6.58,0,64.85,21.94,7.73,0,-78.4,6.28,20.551,0,11.37,0,1.194,1.85,0,7.5
3/23/2026,03:45, ,gtmpcwq_24G103007_031726_050000.bin,Pellicer Creek,GTMNERR,0,34.739,0,21.89,0,0.187,0,82.4,0,6.52,0,65.12,22.03,7.73,0,-78.1,6.28,20.582,0,12.03,0,1.198,1.92,0,7.81
3/23/2026,04:00, ,gtmpcwq_24G103007_031726_050000.bin,Pellicer Creek,GTMNERR,0,33.863,0,21.28,0,0.162,0,83.2,0,6.6,0,67.06,22.67,7.72,0,-77.8,6.28,20.591,0,12.4,0,1.183,1.8,0,7.3
3/23/2026,04:15, ,gtmpcwq_24G103007_031726_050000.bin,Pellicer Creek,GTMNERR,0,31.66,0,19.77,0,0.14,0,84,0,6.73,0,73.03,24.66,7.71,0,-76.9,6.28,20.571,0,11.04,0,1.191,2.07,0,8.39
3/23/2026,04:30, ,gtmpcwq_24G103007_031726_050000.bin,Pellicer Creek,GTMNERR,0,30.595,0,19.04,0,0.121,0,83.3,0,6.71,0,75.91,25.62,7.7,0,-76.5,6.28,20.486,0,9.67,0,1.182,2.07,0,8.39
3/23/2026,04:45, ,gtmpcwq_24G103007_031726_050000.bin,Pellicer Creek,GTMNERR,0,29.522,0,18.3,0,0.101,0,83.8,0,6.78,0,78.66,26.53,7.69,0,-76,6.28,20.472,0,9.17,0,1.182,2.04,0,8.31
3/23/2026,05:00, ,gtmpcwq_24G103007_031726_050000.bin,Pellicer Creek,GTMNERR,0,29.277,0,18.14,0,0.076,0,83.3,0,6.74,0,79.58,26.83,7.67,0,-74.8,6.28,20.531,0,9.37,0,1.186,2.29,0,9.28
3/23/2026,05:15, ,gtmpcwq_24G103007_031726_050000.bin,Pellicer Creek,GTMNERR,0,30.066,0,18.67,0,0.052,0,81.4,0,6.55,0,76.76,25.9,7.66,0,-74.5,6.28,20.632,0,10.86,0,1.192,2.34,0,9.51
3/23/2026,05:30, ,gtmpcwq_24G103007_031726_050000.bin,Pellicer Creek,GTMNERR,0,29.597,0,18.35,0,0.033,0,80.8,0,6.52,0,77.81,26.25,7.66,0,-74.2,6.28,20.647,0,10.69,0,1.194,2.46,0,9.97
3/23/2026,05:45, ,gtmpcwq_24G103007_031726_050000.bin,Pellicer Creek,GTMNERR,0,30.367,0,18.88,0,0.014,0,79.9,0,6.42,0,75.11,25.35,7.65,0,-73.8,6.28,20.706,0,8.98,0,1.197,2.53,0,10.25
3/23/2026,06:00, ,gtmpcwq_24G103007_031726_050000.bin,Pellicer Creek,GTMNERR,0,29.945,0,18.59,0,-0.005,0,81.3,0,6.54,0,77.21,26.05,7.66,0,-74.2,6.28,20.703,0,11.09,0,1.187,2.6,0,10.57
3/23/2026,06:15, ,gtmpcwq_24G103007_031726_050000.bin,Pellicer Creek,GTMNERR,0,28.337,0,17.5,0,-0.024,0,83.1,0,6.73,0,81.28,27.4,7.66,0,-74.3,6.28,20.63,0,9.56,0,1.189,2.66,0,10.8
3/23/2026,06:30, ,gtmpcwq_24G103007_031726_050000.bin,Pellicer Creek,GTMNERR,0,29.115,0,18.03,0,-0.041,0,82.5,0,6.66,0,79.38,26.77,7.65,0,-73.8,6.28,20.659,0,10.53,0,1.185,2.89,0,11.73
3/23/2026,06:45, ,gtmpcwq_24G103007_031726_050000.bin,Pellicer Creek,GTMNERR,0,28.468,0,17.59,0,-0.059,0,82.8,0,6.71,0,81.06,27.33,7.65,0,-73.5,6.28,20.62,0,9.73,0,1.188,3.1,0,12.57
3/23/2026,07:00, ,gtmpcwq_24G103007_031726_050000.bin,Pellicer Creek,GTMNERR,0,28.319,0,17.49,0,-0.074,0,82.3,0,6.68,0,81.31,27.41,7.64,0,-73.1,6.28,20.55,0,9.8,0,1.181,3.04,0,12.34
3/23/2026,07:15, ,gtmpcwq_24G103007_031726_050000.bin,Pellicer Creek,GTMNERR,0,27.475,0,16.92,0,-0.09,0,81.9,0,6.67,0,83.1,28.01,7.63,0,-72.6,6.28,20.526,0,9.41,0,1.198,3.1,0,12.57
3/23/2026,07:30, ,gtmpcwq_24G103007_031726_050000.bin,Pellicer Creek,GTMNERR,0,27.83,0,17.16,0,-0.107,0,81,0,6.59,0,82.45,27.79,7.62,0,-72,6.28,20.516,0,8.95,0,1.192,2.88,0,11.67
3/23/2026,07:45, ,gtmpcwq_24G103007_031726_050000.bin,Pellicer Creek,GTMNERR,0,28.003,0,17.27,0,-0.123,0,79.2,0,6.44,0,81.2,27.37,7.61,0,-71.2,6.28,20.505,0,9.77,0,1.185,2.52,0,10.21
3/23/2026,08:00, ,gtmpcwq_24G103007_031726_050000.bin,Pellicer Creek,GTMNERR,0,27.761,0,17.11,0,-0.137,0,80.3,0,6.54,0,82.66,27.86,7.62,0,-72,6.28,20.5,0,8.77,0,1.191,3.02,0,12.24
3/23/2026,08:15, ,gtmpcwq_24G103007_031726_050000.bin,Pellicer Creek,GTMNERR,0,27.553,0,16.97,0,-0.15,0,79.9,0,6.52,0,82.6,27.84,7.61,0,-71.2,6.28,20.411,0,7.98,0,1.181,2.99,0,12.14
3/23/2026,08:30, ,gtmpcwq_24G103007_031726_050000.bin,Pellicer Creek,GTMNERR,0,26.473,0,16.24,0,-0.163,0,82.3,0,6.77,0,85.81,28.91,7.62,0,-72,6.28,20.259,0,8.47,0,1.198,3.11,0,12.6
3/23/2026,08:45, ,gtmpcwq_24G103007_031726_050000.bin,Pellicer Creek,GTMNERR,0,23.158,0,14.04,0,-0.176,0,84.7,0,7.09,0,93.51,31.46,7.62,0,-72.1,6.28,20.028,0,8.08,0,1.192,2.78,0,11.27
3/23/2026,09:00, ,gtmpcwq_24G103007_031726_050000.bin,Pellicer Creek,GTMNERR,0,21.678,0,13.06,0,-0.192,0,86,0,7.24,0,95.5,32.13,7.62,0,-71.9,6.28,19.985,0,8.38,0,1.192,2.64,0,10.72
3/23/2026,09:15, ,gtmpcwq_24G103007_031726_050000.bin,Pellicer Creek,GTMNERR,0,21.226,0,12.76,0,-0.204,0,87.3,0,7.36,0,94.48,31.79,7.62,0,-71.9,6.28,20.027,0,9.75,0,1.193,2.79,0,11.32
3/23/2026,09:30, ,gtmpcwq_24G103007_031726_050000.bin,Pellicer Creek,GTMNERR,0,22.247,0,13.43,0,-0.212,0,85.4,0,7.15,0,94.46,31.78,7.61,0,-71,6.28,20.172,0,8.46,0,1.192,3.1,0,12.57
3/23/2026,09:45, ,gtmpcwq_24G103007_031726_050000.bin,Pellicer Creek,GTMNERR,0,21.709,0,13.08,0,-0.221,0,84.6,0,7.09,0,94.26,31.71,7.59,0,-70.3,6.28,20.183,0,8.78,0,1.193,3.17,0,12.87
3/23/2026,10:00, ,gtmpcwq_24G103007_031726_050000.bin,Pellicer Creek,GTMNERR,0,21.021,0,12.63,0,-0.231,0,86.6,0,7.29,0,97.19,32.69,7.61,0,-71,6.28,20.179,0,8.08,0,1.192,3.22,0,13.05
3/23/2026,10:15, ,gtmpcwq_24G103007_031726_050000.bin,Pellicer Creek,GTMNERR,0,20.748,0,12.45,0,-0.239,0,85.4,0,7.18,0,96.47,32.45,7.59,0,-70.2,6.28,20.213,0,8.22,0,1.192,3.18,0,12.88
3/23/2026,10:30, ,gtmpcwq_24G103007_031726_050000.bin,Pellicer Creek,GTMNERR,0,20.187,0,12.08,0,-0.242,0,86.7,0,7.31,0,96.75,32.54,7.6,0,-70.6,6.28,20.225,0,8.22,0,1.192,3.18,0,12.91
3/23/2026,10:45, ,gtmpcwq_24G103007_031726_050000.bin,Pellicer Creek,GTMNERR,0,19.656,0,11.74,0,-0.228,0,84.2,0,7.12,0,101.11,33.99,7.59,0,-70.1,6.28,20.152,0,7.45,0,1.193,2.69,0,10.93
3/23/2026,11:00, ,gtmpcwq_24G103007_031726_050000.bin,Pellicer Creek,GTMNERR,0,19.053,0,11.35,0,-0.217,0,85.6,0,7.24,0,100.49,33.78,7.6,0,-70.8,6.28,20.326,0,8.97,0,1.193,2.71,0,11.01
3/23/2026,11:15, ,gtmpcwq_24G103007_031726_050000.bin,Pellicer Creek,GTMNERR,0,18.942,0,11.27,0,-0.206,0,90.6,0,7.61,0,100.22,33.69,7.62,0,-72.1,6.28,20.634,0,8.34,0,1.193,3.18,0,12.89
3/23/2026,11:30, ,gtmpcwq_24G103007_031726_050000.bin,Pellicer Creek,GTMNERR,0,20.003,0,11.96,0,-0.188,0,96.3,0,7.95,0,95.3,32.06,7.68,0,-75.6,6.28,21.405,0,10.54,0,1.189,3.02,0,12.26
3/23/2026,11:45, ,gtmpcwq_24G103007_031726_050000.bin,Pellicer Creek,GTMNERR,0,21.618,0,13.01,0,-0.173,0,96.1,0,7.88,0,92.13,31.01,7.69,0,-76.2,6.28,21.403,0,10.11,0,1.192,3.62,0,14.68
3/23/2026,12:00, ,gtmpcwq_24G103007_031726_050000.bin,Pellicer Creek,GTMNERR,0,21.839,0,13.15,0,-0.144,0,97.7,0,7.94,0,91.14,30.68,7.72,0,-77.8,6.28,21.817,0,8.96,0,1.183,2.49,0,10.12
3/23/2026,12:15, ,gtmpcwq_24G103007_031726_050000.bin,Pellicer Creek,GTMNERR,0,24.088,0,14.64,0,-0.12,0,99.4,0,7.98,0,84.63,28.51,7.73,0,-78.8,6.28,22.02,0,12.41,0,1.186,3.11,0,12.6
3/23/2026,12:30, ,gtmpcwq_24G103007_031726_050000.bin,Pellicer Creek,GTMNERR,0,24.493,0,14.9,0,-0.099,0,98.6,0,7.89,0,83.69,28.2,7.73,0,-78.5,6.28,22.114,0,12.84,0,1.186,3,0,12.15
3/23/2026,12:45, ,gtmpcwq_24G103007_031726_050000.bin,Pellicer Creek,GTMNERR,0,24.655,0,15.01,0,-0.07,0,101.1,0,8.03,0,82.27,27.73,7.75,0,-79.9,6.28,22.504,0,13.68,0,1.189,2.78,0,11.26
3/23/2026,13:00, ,gtmpcwq_24G103007_031726_050000.bin,Pellicer Creek,GTMNERR,0,25.651,0,15.67,0,-0.038,0,101.3,0,7.98,0,80.38,27.1,7.76,0,-80.4,6.28,22.717,0,12.66,0,1.186,2.65,0,10.77
3/23/2026,13:15, ,gtmpcwq_24G103007_031726_050000.bin,Pellicer Creek,GTMNERR,0,26.883,0,16.49,0,-0.013,0,101.7,0,7.96,0,77.98,26.3,7.76,0,-80.6,6.28,22.859,0,12.89,0,1.194,2.76,0,11.21
3/23/2026,13:30, ,gtmpcwq_24G103007_031726_050000.bin,Pellicer Creek,GTMNERR,0,27.588,0,16.97,0,0.009,0,101.4,0,7.9,0,76.44,25.79,7.76,0,-80.8,6.28,22.947,0,13.29,0,1.192,3.08,0,12.51
3/23/2026,13:45, ,gtmpcwq_24G103007_031726_050000.bin,Pellicer Creek,GTMNERR,0,27.966,0,17.22,0,0.029,0,102.1,0,7.89,0,75.31,25.42,7.77,0,-81,6.28,23.269,0,13.53,0,1.189,2.81,0,11.42
3/23/2026,14:00, ,gtmpcwq_24G103007_031726_050000.bin,Pellicer Creek,GTMNERR,0,28.497,0,17.58,0,0.046,0,101.6,0,7.83,0,75.13,25.36,7.77,0,-80.9,6.28,23.294,0,13.45,0,1.185,3.2,0,12.99
3/23/2026,14:15, ,gtmpcwq_24G103007_031726_050000.bin,Pellicer Creek,GTMNERR,0,28.952,0,17.88,0,0.056,0,101.3,0,7.77,0,74.19,25.04,7.75,0,-80.3,6.28,23.486,0,12.05,0,1.189,3.43,0,13.92
3/23/2026,14:30, ,gtmpcwq_24G103007_031726_050000.bin,Pellicer Creek,GTMNERR,0,29.629,0,18.35,0,0.066,0,97.3,0,7.47,0,73.43,24.79,7.72,0,-78.5,6.28,23.338,0,13.14,0,1.192,3.06,0,12.41
3/23/2026,14:45, ,gtmpcwq_24G103007_031726_050000.bin,Pellicer Creek,GTMNERR,0,30.067,0,18.65,0,0.051,0,88.9,0,6.84,0,70.87,23.94,7.64,0,-73.4,6.28,23.088,0,12.52,0,1.192,2.23,0,9.06
3/23/2026,15:00, ,gtmpcwq_24G103007_031726_050000.bin,Pellicer Creek,GTMNERR,0,30.739,0,19.11,0,0.033,0,89.5,0,6.94,0,72.23,24.39,7.68,0,-75.9,6.28,22.537,0,11.19,0,1.184,2.41,0,9.78
3/23/2026,15:15, ,gtmpcwq_24G103007_031726_050000.bin,Pellicer Creek,GTMNERR,0,31.042,0,19.32,0,0.012,0,86.8,0,6.73,0,72.23,24.39,7.66,0,-74.4,6.28,22.411,0,12.21,0,1.192,2.67,0,10.85
3/23/2026,15:30, ,gtmpcwq_24G103007_031726_050000.bin,Pellicer Creek,GTMNERR,0,30.362,0,18.86,0,0,0,91,0,7.07,0,72.6,24.52,7.68,0,-75.6,6.28,22.507,0,12.42,0,1.195,2.56,0,10.39
3/23/2026,15:45, ,gtmpcwq_24G103007_031726_050000.bin,Pellicer Creek,GTMNERR,0,30.358,0,18.85,0,-0.018,0,87.4,0,6.78,0,71.19,24.05,7.65,0,-74.1,6.28,22.525,0,14.03,0,1.189,2.79,0,11.33
3/23/2026,16:00, ,gtmpcwq_24G103007_031726_050000.bin,Pellicer Creek,GTMNERR,0,26.392,0,16.16,0,-0.035,0,93.2,0,7.21,0,72.2,24.38,7.72,0,-78,6.28,23.544,0,20.5,0,1.187,3.44,0,13.94
3/23/2026,16:15, ,gtmpcwq_24G103007_031726_050000.bin,Pellicer Creek,GTMNERR,0,29.936,0,18.57,0,-0.058,0,94.7,0,7.36,0,74.74,25.23,7.72,0,-77.9,6.28,22.515,0,10.46,0,1.188,3.5,0,14.18
3/23/2026,16:30, ,gtmpcwq_24G103007_031726_050000.bin,Pellicer Creek,GTMNERR,0,30.034,0,18.63,0,-0.074,0,92.8,0,7.22,0,74.49,25.14,7.7,0,-77,6.28,22.472,0,9.7,0,1.185,3.15,0,12.78
3/23/2026,16:45, ,gtmpcwq_24G103007_031726_050000.bin,Pellicer Creek,GTMNERR,0,30.118,0,18.69,0,-0.089,0,88.2,0,6.87,0,72.9,24.62,7.66,0,-74.7,6.28,22.357,0,8.59,0,1.189,2.84,0,11.52
3/23/2026,17:00, ,gtmpcwq_24G103007_031726_050000.bin,Pellicer Creek,GTMNERR,0,30.182,0,18.73,0,-0.104,0,85.5,0,6.65,0,72.27,24.41,7.63,0,-72.9,6.28,22.423,0,9.08,0,1.181,2.7,0,10.94
3/23/2026,17:15, ,gtmpcwq_24G103007_031726_050000.bin,Pellicer Creek,GTMNERR,0,29.916,0,18.55,0,-0.121,0,87,0,6.76,0,72.27,24.4,7.65,0,-73.8,6.28,22.516,0,11.17,0,1.189,3.16,0,12.81
3/23/2026,17:30, ,gtmpcwq_24G103007_031726_050000.bin,Pellicer Creek,GTMNERR,0,30.244,0,18.78,0,-0.135,0,84.6,0,6.59,0,74.2,25.05,7.65,0,-73.6,6.28,22.384,0,8.33,0,1.196,3.45,0,14
3/23/2026,17:45, ,gtmpcwq_24G103007_031726_050000.bin,Pellicer Creek,GTMNERR,0,29.672,0,18.39,0,-0.149,0,89,0,6.93,0,75.62,25.52,7.69,0,-76.4,6.28,22.501,0,7.95,0,1.188,2.87,0,11.63
3/23/2026,18:00, ,gtmpcwq_24G103007_031726_050000.bin,Pellicer Creek,GTMNERR,0,29.387,0,18.19,0,-0.159,0,90.4,0,7.04,0,76.39,25.77,7.69,0,-76.3,6.28,22.565,0,8.35,0,1.189,2.79,0,11.32
3/23/2026,18:15, ,gtmpcwq_24G103007_031726_050000.bin,Pellicer Creek,GTMNERR,0,28.808,0,17.8,0,-0.172,0,90.7,0,7.07,0,75.31,25.42,7.69,0,-76.3,6.28,22.663,0,7.44,0,1.192,2.27,0,9.22
3/23/2026,18:30, ,gtmpcwq_24G103007_031726_050000.bin,Pellicer Creek,GTMNERR,0,28.962,0,17.9,0,-0.184,0,88.8,0,6.91,0,75.14,25.36,7.67,0,-75.3,6.28,22.697,0,7.84,0,1.193,2.19,0,8.89
3/23/2026,18:45, ,gtmpcwq_24G103007_031726_050000.bin,Pellicer Creek,GTMNERR,0,28.75,0,17.76,0,-0.193,0,89.2,0,6.94,0,74.67,25.2,7.67,0,-75.3,6.28,22.748,0,8.86,0,1.187,2.33,0,9.46
3/23/2026,19:00, ,gtmpcwq_24G103007_031726_050000.bin,Pellicer Creek,GTMNERR,0,29.358,0,18.17,0,-0.208,0,84.9,0,6.61,0,74.67,25.2,7.61,0,-71.7,6.28,22.613,0,8.08,0,1.192,2.63,0,10.68
3/23/2026,19:15, ,gtmpcwq_24G103007_031726_050000.bin,Pellicer Creek,GTMNERR,0,29.244,0,18.09,0,-0.216,0,85.1,0,6.64,0,75.37,25.43,7.62,0,-72.2,6.28,22.481,0,8.61,0,1.193,3.17,0,12.86
3/23/2026,19:30, ,gtmpcwq_24G103007_031726_050000.bin,Pellicer Creek,GTMNERR,0,29.465,0,18.25,0,-0.223,0,80.1,0,6.25,0,73.36,24.77,7.6,0,-70.8,6.28,22.44,0,7.76,0,1.181,2.5,0,10.16
3/23/2026,19:45, ,gtmpcwq_24G103007_031726_050000.bin,Pellicer Creek,GTMNERR,0,29.327,0,18.15,0,-0.233,0,83.8,0,6.54,0,73.91,24.95,7.63,0,-72.8,6.28,22.432,0,7.31,0,1.189,2.4,0,9.74
3/23/2026,20:00, ,gtmpcwq_24G103007_031726_050000.bin,Pellicer Creek,GTMNERR,0,28.537,0,17.61,0,-0.24,0,87.4,0,6.83,0,77.61,26.18,7.66,0,-74.4,6.28,22.521,0,8.15,0,1.19,2.5,0,10.14
3/23/2026,20:15, ,gtmpcwq_24G103007_031726_050000.bin,Pellicer Creek,GTMNERR,0,26.117,0,15.98,0,-0.248,0,89.4,0,7.04,0,81.78,27.57,7.67,0,-75.1,6.28,22.637,0,7.32,0,1.192,2.05,0,8.34
3/23/2026,20:30, ,gtmpcwq_24G103007_031726_050000.bin,Pellicer Creek,GTMNERR,0,25.351,0,15.47,0,-0.253,0,89.6,0,7.07,0,83.92,28.28,7.65,0,-74,6.28,22.716,0,8.54,0,1.192,2.54,0,10.3
3/23/2026,20:45, ,gtmpcwq_24G103007_031726_050000.bin,Pellicer Creek,GTMNERR,0,19.611,0,11.69,0,-0.26,0,93.5,0,7.54,0,94.71,31.86,7.68,0,-75.7,6.28,22.694,0,7.46,0,1.194,2.1,0,8.53
3/23/2026,21:00, ,gtmpcwq_24G103007_031726_050000.bin,Pellicer Creek,GTMNERR,0,20.611,0,12.34,0,-0.269,0,95.4,0,7.68,0,93.08,31.32,7.69,0,-76.2,6.28,22.603,0,7.68,0,1.193,2.31,0,9.36
3/23/2026,21:15, ,gtmpcwq_24G103007_031726_050000.bin,Pellicer Creek,GTMNERR,0,18.368,0,10.89,0,-0.266,0,91.6,0,7.43,0,96.39,32.42,7.66,0,-74.3,6.28,22.571,0,7.37,0,1.189,1.79,0,7.28
3/23/2026,21:30, ,gtmpcwq_24G103007_031726_050000.bin,Pellicer Creek,GTMNERR,0,20.307,0,12.14,0,-0.27,0,92.2,0,7.42,0,93.33,31.4,7.64,0,-73.6,6.28,22.65,0,7.91,0,1.192,2.06,0,8.35
3/23/2026,21:45, ,gtmpcwq_24G103007_031726_050000.bin,Pellicer Creek,GTMNERR,0,22.249,0,13.41,0,-0.278,0,90.7,0,7.23,0,88.63,29.84,7.63,0,-72.8,6.28,22.779,0,7.48,0,1.189,2.31,0,9.37
3/23/2026,22:00, ,gtmpcwq_24G103007_031726_050000.bin,Pellicer Creek,GTMNERR,0,21.755,0,13.09,0,-0.286,0,91,0,7.27,0,89.92,30.27,7.64,0,-73.6,6.28,22.781,0,7.65,0,1.191,2.32,0,9.42
3/23/2026,22:15, ,gtmpcwq_24G103007_031726_050000.bin,Pellicer Creek,GTMNERR,0,21.962,0,13.22,0,-0.286,0,92.1,0,7.34,0,91.32,30.74,7.68,0,-76,6.28,22.864,0,8.87,0,1.186,2.45,0,9.96
3/23/2026,22:30, ,gtmpcwq_24G103007_031726_050000.bin,Pellicer Creek,GTMNERR,0,20.524,0,12.28,0,-0.279,0,90.2,0,7.23,0,94.3,31.73,7.64,0,-73.6,6.28,22.818,0,7.1,0,1.185,2.24,0,9.1
3/23/2026,22:45, ,gtmpcwq_24G103007_031726_050000.bin,Pellicer Creek,GTMNERR,0,18.989,0,11.29,0,-0.271,0,91.5,0,7.4,0,98.72,33.2,7.64,0,-73.4,6.28,22.723,0,6.65,0,1.182,2.2,0,8.93
3/23/2026,23:00, ,gtmpcwq_24G103007_031726_050000.bin,Pellicer Creek,GTMNERR,0,17.791,0,10.52,0,-0.263,0,91.6,0,7.44,0,100.86,33.91,7.66,0,-74.4,6.28,22.649,0,7.14,0,1.2,2.14,0,8.7
3/23/2026,23:15, ,gtmpcwq_24G103007_031726_050000.bin,Pellicer Creek,GTMNERR,0,16.72,0,9.83,0,-0.252,0,89.4,0,7.33,0,101.86,34.24,7.63,0,-72.9,6.28,22.345,0,8.05,0,1.188,2.07,0,8.41
3/23/2026,23:30, ,gtmpcwq_24G103007_031726_050000.bin,Pellicer Creek,GTMNERR,0,17.023,0,10.03,0,-0.235,0,91.8,0,7.56,0,101.12,33.99,7.69,0,-76.5,6.28,22.107,0,9.8,0,1.186,2.29,0,9.32
3/23/2026,23:45, ,gtmpcwq_24G103007_031726_050000.bin,Pellicer Creek,GTMNERR,0,17.66,0,10.44,0,-0.215,0,94.7,0,7.78,0,101.7,34.19,7.72,0,-78.2,6.28,22.134,0,7.97,0,1.189,2.24,0,9.09
3/24/2026,00:00, ,gtmpcwq_24G103007_031726_050000.bin,Pellicer Creek,GTMNERR,0,18.908,0,11.24,0,-0.192,0,93.4,0,7.63,0,98.87,33.25,7.71,0,-77.2,6.28,22.193,0,8.73,0,1.192,2.58,0,10.47
3/24/2026,00:15, ,gtmpcwq_24G103007_031726_050000.bin,Pellicer Creek,GTMNERR,0,20.096,0,12.01,0,-0.165,0,92.4,0,7.52,0,96.44,32.44,7.71,0,-77.5,6.28,22.085,0,9.1,0,1.189,2.79,0,11.32
3/24/2026,00:30, ,gtmpcwq_24G103007_031726_050000.bin,Pellicer Creek,GTMNERR,0,21.184,0,12.72,0,-0.136,0,92.6,0,7.54,0,94.48,31.79,7.73,0,-78.5,6.29,21.889,0,9.46,0,1.182,2.95,0,11.95
3/24/2026,00:45, ,gtmpcwq_24G103007_031726_050000.bin,Pellicer Creek,GTMNERR,0,22.143,0,13.35,0,-0.103,0,92.3,0,7.47,0,92.19,31.03,7.73,0,-78.6,6.28,21.998,0,10.51,0,1.192,2.35,0,9.54
3/24/2026,01:00, ,gtmpcwq_24G103007_031726_050000.bin,Pellicer Creek,GTMNERR,0,23.661,0,14.35,0,-0.067,0,91.8,0,7.37,0,88.45,29.78,7.72,0,-78.1,6.28,22.066,0,11.53,0,1.193,2.61,0,10.61
3/24/2026,01:15, ,gtmpcwq_24G103007_031726_050000.bin,Pellicer Creek,GTMNERR,0,24.85,0,15.14,0,-0.028,0,89.4,0,7.15,0,86.08,28.99,7.72,0,-78,6.28,22.099,0,11.48,0,1.195,2.64,0,10.71
3/24/2026,01:30, ,gtmpcwq_24G103007_031726_050000.bin,Pellicer Creek,GTMNERR,0,26.793,0,16.44,0,0.011,0,87.4,0,6.92,0,81.88,27.6,7.69,0,-76.4,6.28,22.235,0,13.56,0,1.195,2.69,0,10.93
3/24/2026,01:45, ,gtmpcwq_24G103007_031726_050000.bin,Pellicer Creek,GTMNERR,0,27.305,0,16.79,0,0.052,0,86.5,0,6.86,0,81.49,27.47,7.69,0,-76.2,6.28,22.024,0,13.36,0,1.198,2.62,0,10.62
3/24/2026,02:00, ,gtmpcwq_24G103007_031726_050000.bin,Pellicer Creek,GTMNERR,0,28.597,0,17.66,0,0.09,0,85.5,0,6.75,0,78.32,26.42,7.68,0,-75.8,6.28,22.011,0,15.71,0,1.189,2.83,0,11.5
3/24/2026,02:15, ,gtmpcwq_24G103007_031726_050000.bin,Pellicer Creek,GTMNERR,0,28.844,0,17.83,0,0.125,0,84.2,0,6.67,0,77.41,26.11,7.69,0,-76.4,6.28,21.697,0,16.17,0,1.189,2.47,0,10.02
3/24/2026,02:30, ,gtmpcwq_24G103007_031726_050000.bin,Pellicer Creek,GTMNERR,0,30.193,0,18.75,0,0.155,0,83.7,0,6.63,0,74.78,25.24,7.71,0,-77.3,6.28,21.503,0,16.66,0,1.192,2.28,0,9.27
3/24/2026,02:45, ,gtmpcwq_24G103007_031726_050000.bin,Pellicer Creek,GTMNERR,0,31.542,0,19.68,0,0.174,0,82.9,0,6.54,0,69.79,23.58,7.72,0,-77.8,6.28,21.382,0,20.92,0,1.186,2.95,0,11.95
3/24/2026,03:00, ,gtmpcwq_24G103007_031726_050000.bin,Pellicer Creek,GTMNERR,0,32.09,0,20.05,0,0.191,0,82.5,0,6.5,0,69.61,23.52,7.72,0,-78.1,6.28,21.305,0,18.88,0,1.184,2.47,0,10.02
3/24/2026,03:15, ,gtmpcwq_24G103007_031726_050000.bin,Pellicer Creek,GTMNERR,0,32.328,0,20.22,0,0.2,0,82.8,0,6.52,0,69.99,23.65,7.72,0,-77.7,6.28,21.289,0,16.88,0,1.189,3.72,0,15.1
3/24/2026,03:30, ,gtmpcwq_24G103007_031726_050000.bin,Pellicer Creek,GTMNERR,0,32.174,0,20.11,0,0.195,0,80.3,0,6.33,0,69.71,23.56,7.69,0,-76.3,6.28,21.279,0,15.21,0,1.196,2.01,0,8.18
3/24/2026,03:45, ,gtmpcwq_24G103007_031726_050000.bin,Pellicer Creek,GTMNERR,0,32.92,0,20.63,0,0.177,0,76.9,0,6.04,0,68.22,23.06,7.68,0,-75.4,6.28,21.336,0,15.76,0,1.196,1.79,0,7.27
3/24/2026,04:00, ,gtmpcwq_24G103007_031726_050000.bin,Pellicer Creek,GTMNERR,0,32.143,0,20.09,0,0.159,0,75.9,0,5.98,0,70.46,23.8,7.66,0,-74.5,6.28,21.324,0,14.77,0,1.189,2.05,0,8.31
3/24/2026,04:15, ,gtmpcwq_24G103007_031726_050000.bin,Pellicer Creek,GTMNERR,0,31.912,0,19.93,0,0.144,0,80.8,0,6.37,0,71.6,24.18,7.7,0,-76.5,6.28,21.332,0,14.8,0,1.187,2.08,0,8.43
3/24/2026,04:30, ,gtmpcwq_24G103007_031726_050000.bin,Pellicer Creek,GTMNERR,0,31.341,0,19.54,0,0.13,0,80.9,0,6.39,0,72.71,24.55,7.7,0,-76.6,6.28,21.356,0,13.3,0,1.185,2.45,0,9.93
3/24/2026,04:45, ,gtmpcwq_24G103007_031726_050000.bin,Pellicer Creek,GTMNERR,0,30.198,0,18.76,0,0.111,0,80.5,0,6.39,0,75.8,25.58,7.69,0,-76.2,6.29,21.374,0,12.64,0,1.192,1.99,0,8.09
3/24/2026,05:00, ,gtmpcwq_24G103007_031726_050000.bin,Pellicer Creek,GTMNERR,0,29.717,0,18.43,0,0.089,0,80.3,0,6.37,0,76.75,25.89,7.68,0,-75.3,6.29,21.468,0,12.25,0,1.189,2.16,0,8.77
3/24/2026,05:15, ,gtmpcwq_24G103007_031726_050000.bin,Pellicer Creek,GTMNERR,0,28.952,0,17.91,0,0.069,0,79.1,0,6.29,0,78.67,26.53,7.66,0,-74.6,6.28,21.474,0,11.9,0,1.189,2.13,0,8.63
3/24/2026,05:30, ,gtmpcwq_24G103007_031726_050000.bin,Pellicer Creek,GTMNERR,0,30.595,0,19.03,0,0.05,0,77.8,0,6.15,0,74.37,25.1,7.67,0,-74.7,6.28,21.483,0,13.53,0,1.19,2.35,0,9.54
3/24/2026,05:45, ,gtmpcwq_24G103007_031726_050000.bin,Pellicer Creek,GTMNERR,0,29.926,0,18.57,0,0.031,0,75.6,0,5.98,0,76.51,25.81,7.63,0,-72.7,6.28,21.592,0,12.53,0,1.192,2.15,0,8.75
3/24/2026,06:00, ,gtmpcwq_24G103007_031726_050000.bin,Pellicer Creek,GTMNERR,0,30.144,0,18.72,0,0.011,0,74.8,0,5.91,0,74.54,25.16,7.63,0,-72.5,6.28,21.591,0,12.08,0,1.193,2.03,0,8.25
3/24/2026,06:15, ,gtmpcwq_24G103007_031726_050000.bin,Pellicer Creek,GTMNERR,0,29.869,0,18.53,0,-0.006,0,73.2,0,5.79,0,74.52,25.15,7.62,0,-71.9,6.29,21.629,0,11.85,0,1.192,2.05,0,8.33
3/24/2026,06:30, ,gtmpcwq_24G103007_031726_050000.bin,Pellicer Creek,GTMNERR,0,28.173,0,17.37,0,-0.016,0,79.6,0,6.3,0,80.62,27.18,7.64,0,-73.5,6.28,21.98,0,11.16,0,1.192,2.82,0,11.43
3/24/2026,06:45, ,gtmpcwq_24G103007_031726_050000.bin,Pellicer Creek,GTMNERR,0,28.232,0,17.41,0,-0.034,0,79.1,0,6.27,0,80.63,27.19,7.64,0,-73.3,6.28,21.883,0,11.47,0,1.192,2.59,0,10.53
3/24/2026,07:00, ,gtmpcwq_24G103007_031726_050000.bin,Pellicer Creek,GTMNERR,0,27.548,0,16.95,0,-0.05,0,79.3,0,6.29,0,82.2,27.71,7.63,0,-72.9,6.28,21.978,0,10.92,0,1.192,2.81,0,11.4
3/24/2026,07:15, ,gtmpcwq_24G103007_031726_050000.bin,Pellicer Creek,GTMNERR,0,29.275,0,18.12,0,-0.065,0,77,0,6.08,0,78.06,26.33,7.63,0,-72.8,6.28,21.839,0,12.19,0,1.193,2.68,0,10.88
3/24/2026,07:30, ,gtmpcwq_24G103007_031726_050000.bin,Pellicer Creek,GTMNERR,0,28.56,0,17.64,0,-0.075,0,76.9,0,6.09,0,79.43,26.78,7.62,0,-71.9,6.28,21.86,0,12,0,1.193,2.57,0,10.44
3/24/2026,07:45, ,gtmpcwq_24G103007_031726_050000.bin,Pellicer Creek,GTMNERR,0,28.52,0,17.61,0,-0.088,0,76.9,0,6.08,0,79.83,26.92,7.62,0,-72,6.28,21.908,0,11.51,0,1.193,2.74,0,11.13
3/24/2026,08:00, ,gtmpcwq_24G103007_031726_050000.bin,Pellicer Creek,GTMNERR,0,28.821,0,17.81,0,-0.103,0,74.8,0,5.91,0,78.19,26.37,7.61,0,-71.2,6.28,21.853,0,12.31,0,1.193,2.63,0,10.67
3/24/2026,08:15, ,gtmpcwq_24G103007_031726_050000.bin,Pellicer Creek,GTMNERR,0,28.395,0,17.53,0,-0.115,0,74.5,0,5.9,0,79.69,26.87,7.6,0,-70.7,6.28,21.886,0,11.59,0,1.192,2.65,0,10.77
3/24/2026,08:30, ,gtmpcwq_24G103007_031726_050000.bin,Pellicer Creek,GTMNERR,0,28.931,0,17.89,0,-0.126,0,72.8,0,5.76,0,78.24,26.39,7.57,0,-69.4,6.28,21.848,0,10.51,0,1.192,2.43,0,9.86
3/24/2026,08:45, ,gtmpcwq_24G103007_031726_050000.bin,Pellicer Creek,GTMNERR,0,29.073,0,17.99,0,-0.139,0,69.5,0,5.49,0,77.08,26,7.56,0,-68.6,6.28,21.831,0,10.87,0,1.183,2.06,0,8.36
3/24/2026,09:00, ,gtmpcwq_24G103007_031726_050000.bin,Pellicer Creek,GTMNERR,0,29.177,0,18.06,0,-0.148,0,67.5,0,5.33,0,76.58,25.84,7.56,0,-68.3,6.29,21.832,0,11.55,0,1.196,1.91,0,7.76
3/24/2026,09:15, ,gtmpcwq_24G103007_031726_050000.bin,Pellicer Creek,GTMNERR,0,28.962,0,17.91,0,-0.156,0,69.3,0,5.48,0,76.97,25.97,7.58,0,-69.5,6.28,21.866,0,9.98,0,1.193,2.02,0,8.19
3/24/2026,09:30, ,gtmpcwq_24G103007_031726_050000.bin,Pellicer Creek,GTMNERR,0,28.713,0,17.74,0,-0.162,0,69.4,0,5.49,0,76.85,25.93,7.58,0,-69.4,6.28,21.881,0,9.39,0,1.192,2.38,0,9.66
3/24/2026,09:45, ,gtmpcwq_24G103007_031726_050000.bin,Pellicer Creek,GTMNERR,0,28.831,0,17.82,0,-0.169,0,68.9,0,5.44,0,77.83,26.25,7.57,0,-68.9,6.28,21.904,0,8.93,0,1.192,1.99,0,8.08
3/24/2026,10:00, ,gtmpcwq_24G103007_031726_050000.bin,Pellicer Creek,GTMNERR,0,28.853,0,17.84,0,-0.175,0,69.5,0,5.48,0,79.84,26.92,7.57,0,-68.8,6.28,21.94,0,9.52,0,1.192,1.83,0,7.42
3/24/2026,10:15, ,gtmpcwq_24G103007_031726_050000.bin,Pellicer Creek,GTMNERR,0,28.688,0,17.72,0,-0.174,0,69.2,0,5.46,0,80.5,27.14,7.57,0,-68.9,6.28,21.958,0,9.11,0,1.193,1.74,0,7.09
3/24/2026,10:30, ,gtmpcwq_24G103007_031726_050000.bin,Pellicer Creek,GTMNERR,0,28.317,0,17.47,0,-0.168,0,71,0,5.61,0,81.38,27.43,7.57,0,-69.3,6.28,21.959,0,9.41,0,1.192,1.82,0,7.4
3/24/2026,10:45, ,gtmpcwq_24G103007_031726_050000.bin,Pellicer Creek,GTMNERR,0,25.537,0,15.6,0,-0.159,0,76.4,0,6.12,0,86.47,29.12,7.58,0,-69.8,6.29,21.867,0,10.01,0,1.193,4.95,0,20.06
3/24/2026,11:00, ,gtmpcwq_24G103007_031726_050000.bin,Pellicer Creek,GTMNERR,0,22.744,0,13.75,0,-0.143,0,83.3,0,6.81,0,92.88,31.26,7.64,0,-73.2,6.28,21.369,0,9.77,0,1.189,4.27,0,17.29
3/24/2026,11:15, ,gtmpcwq_24G103007_031726_050000.bin,Pellicer Creek,GTMNERR,0,22.69,0,13.72,0,-0.128,0,86.5,0,7.07,0,92.79,31.23,7.67,0,-74.9,6.28,21.354,0,9.73,0,1.189,3.69,0,14.97
3/24/2026,11:30, ,gtmpcwq_24G103007_031726_050000.bin,Pellicer Creek,GTMNERR,0,23.433,0,14.21,0,-0.109,0,88,0,7.16,0,90.46,30.45,7.69,0,-75.9,6.28,21.437,0,10.43,0,1.181,4.28,0,17.36
3/24/2026,11:45, ,gtmpcwq_24G103007_031726_050000.bin,Pellicer Creek,GTMNERR,0,23.5,0,14.25,0,-0.085,0,89.8,0,7.3,0,90.07,30.32,7.7,0,-77,6.28,21.434,0,10.69,0,1.181,3.46,0,14.02
3/24/2026,12:00, ,gtmpcwq_24G103007_031726_050000.bin,Pellicer Creek,GTMNERR,0,24.434,0,14.87,0,-0.062,0,91,0,7.38,0,86.81,29.24,7.72,0,-78.1,6.28,21.399,0,11.7,0,1.196,3.48,0,14.1
3/24/2026,12:15, ,gtmpcwq_24G103007_031726_050000.bin,Pellicer Creek,GTMNERR,0,24.651,0,15.02,0,-0.029,0,91.2,0,7.39,0,85.59,28.83,7.72,0,-78,6.28,21.43,0,14.17,0,1.183,4.74,0,19.2
3/24/2026,12:30, ,gtmpcwq_24G103007_031726_050000.bin,Pellicer Creek,GTMNERR,0,24.991,0,15.24,0,-0.003,0,93.1,0,7.53,0,85.01,28.64,7.74,0,-79.4,6.28,21.438,0,12.87,0,1.197,3.91,0,15.84
3/24/2026,12:45, ,gtmpcwq_24G103007_031726_050000.bin,Pellicer Creek,GTMNERR,0,25.874,0,15.83,0,0.033,0,93.3,0,7.52,0,83.33,28.08,7.74,0,-79.4,6.28,21.432,0,13.41,0,1.2,3.62,0,14.68
3/24/2026,13:00, ,gtmpcwq_24G103007_031726_050000.bin,Pellicer Creek,GTMNERR,0,27.913,0,17.2,0,0.065,0,90.8,0,7.27,0,78.9,26.61,7.74,0,-79,6.28,21.373,0,15.41,0,1.192,3.41,0,13.82
3/24/2026,13:15, ,gtmpcwq_24G103007_031726_050000.bin,Pellicer Creek,GTMNERR,0,28.994,0,17.94,0,0.106,0,90.3,0,7.2,0,75.49,25.48,7.74,0,-78.9,6.28,21.339,0,16.86,0,1.192,3.13,0,12.71
3/24/2026,13:30, ,gtmpcwq_24G103007_031726_050000.bin,Pellicer Creek,GTMNERR,0,29.698,0,18.42,0,0.148,0,90.8,0,7.23,0,74.08,25.01,7.74,0,-79.3,6.28,21.304,0,17.56,0,1.189,3.47,0,14.09
3/24/2026,13:45, ,gtmpcwq_24G103007_031726_050000.bin,Pellicer Creek,GTMNERR,0,30.996,0,19.3,0,0.185,0,89.8,0,7.12,0,70.42,23.79,7.74,0,-78.9,6.28,21.253,0,16.72,0,1.186,2.9,0,11.76
3/24/2026,14:00, ,gtmpcwq_24G103007_031726_050000.bin,Pellicer Creek,GTMNERR,0,31.506,0,19.65,0,0.227,0,89.3,0,7.06,0,69.76,23.57,7.73,0,-78.7,6.28,21.247,0,18.44,0,1.191,3.05,0,12.39
3/24/2026,14:15, ,gtmpcwq_24G103007_031726_050000.bin,Pellicer Creek,GTMNERR,0,32.649,0,20.44,0,0.26,0,90,0,7.09,0,66.22,22.39,7.74,0,-79.3,6.29,21.229,0,24.67,0,1.191,3.21,0,13
3/24/2026,14:30, ,gtmpcwq_24G103007_031726_050000.bin,Pellicer Creek,GTMNERR,0,33.489,0,21.02,0,0.295,0,90.3,0,7.09,0,63.31,21.43,7.75,0,-79.7,6.28,21.191,0,25.4,0,1.196,3.3,0,13.4
3/24/2026,14:45, ,gtmpcwq_24G103007_031726_050000.bin,Pellicer Creek,GTMNERR,0,34.188,0,21.5,0,0.322,0,91.3,0,7.16,0,63.03,21.33,7.76,0,-80.2,6.28,21.15,0,22.33,0,1.192,3.16,0,12.83
3/24/2026,15:00, ,gtmpcwq_24G103007_031726_050000.bin,Pellicer Creek,GTMNERR,0,35.023,0,22.09,0,0.338,0,91.2,0,7.13,0,60.99,20.65,7.76,0,-80.2,6.28,21.114,0,23.88,0,1.192,3.31,0,13.43
3/24/2026,15:15, ,gtmpcwq_24G103007_031726_050000.bin,Pellicer Creek,GTMNERR,0,35.785,0,22.62,0,0.352,0,90.9,0,7.09,0,60.22,20.4,7.76,0,-80.3,6.28,21.081,0,21.92,0,1.192,3.22,0,13.06
3/24/2026,15:30, ,gtmpcwq_24G103007_031726_050000.bin,Pellicer Creek,GTMNERR,0,36.991,0,23.46,0,0.363,0,90.8,0,7.05,0,57.62,19.54,7.77,0,-80.7,6.28,21.049,0,22.75,0,1.187,2.95,0,11.97
3/24/2026,15:45, ,gtmpcwq_24G103007_031726_050000.bin,Pellicer Creek,GTMNERR,0,38.675,0,24.65,0,0.369,0,90.3,0,6.97,0,53.9,18.3,7.76,0,-80.5,6.29,21.018,0,23.01,0,1.191,2.75,0,11.17
3/24/2026,16:00, ,gtmpcwq_24G103007_031726_050000.bin,Pellicer Creek,GTMNERR,0,39.485,0,25.22,0,0.377,0,89.9,0,6.91,0,51.47,17.49,7.76,0,-80.5,6.28,20.99,0,20.37,0,1.186,2.74,0,11.11
3/24/2026,16:15, ,gtmpcwq_24G103007_031726_050000.bin,Pellicer Creek,GTMNERR,0,39.735,0,25.4,0,0.378,0,89.1,0,6.85,0,52.6,17.87,7.77,0,-80.6,6.28,20.963,0,19.31,0,1.186,2.68,0,10.86
3/24/2026,16:30, ,gtmpcwq_24G103007_031726_050000.bin,Pellicer Creek,GTMNERR,0,41.754,0,26.83,0,0.378,0,89.7,0,6.84,0,46.83,15.95,7.77,0,-80.7,6.29,20.896,0,19.73,0,1.195,2.18,0,8.84
3/24/2026,16:45, ,gtmpcwq_24G103007_031726_050000.bin,Pellicer Creek,GTMNERR,0,41.705,0,26.8,0,0.372,0,87,0,6.64,0,47.36,16.13,7.75,0,-79.6,6.28,20.888,0,16.23,0,1.186,2,0,8.14
3/24/2026,17:00, ,gtmpcwq_24G103007_031726_050000.bin,Pellicer Creek,GTMNERR,0,41.584,0,26.71,0,0.36,0,82.9,0,6.33,0,47.46,16.16,7.72,0,-78.1,6.28,20.891,0,18.44,0,1.192,2.03,0,8.25
3/24/2026,17:15, ,gtmpcwq_24G103007_031726_050000.bin,Pellicer Creek,GTMNERR,0,41.522,0,26.67,0,0.342,0,84.7,0,6.47,0,48.07,16.36,7.74,0,-79,6.28,20.869,0,14.59,0,1.192,1.88,0,7.66
3/24/2026,17:30, ,gtmpcwq_24G103007_031726_050000.bin,Pellicer Creek,GTMNERR,0,40.808,0,26.16,0,0.328,0,89,0,6.81,0,50.26,17.09,7.76,0,-80.5,6.29,20.921,0,16.08,0,1.192,2.18,0,8.86
3/24/2026,17:45, ,gtmpcwq_24G103007_031726_050000.bin,Pellicer Creek,GTMNERR,0,39.673,0,25.35,0,0.316,0,89.4,0,6.88,0,53.54,18.18,7.77,0,-80.6,6.29,20.974,0,18.44,0,1.192,2.43,0,9.87
3/24/2026,18:00, ,gtmpcwq_24G103007_031726_050000.bin,Pellicer Creek,GTMNERR,0,37.905,0,24.1,0,0.296,0,89.1,0,6.9,0,58.22,19.73,7.76,0,-80.2,6.28,20.973,0,15.15,0,1.192,2.45,0,9.95
3/24/2026,18:15, ,gtmpcwq_24G103007_031726_050000.bin,Pellicer Creek,GTMNERR,0,35.764,0,22.6,0,0.279,0,90.6,0,7.09,0,62.19,21.05,7.77,0,-80.7,6.28,20.902,0,16.17,0,1.192,2.88,0,11.67
3/24/2026,18:30, ,gtmpcwq_24G103007_031726_050000.bin,Pellicer Creek,GTMNERR,0,33.6,0,21.1,0,0.259,0,89.7,0,7.08,0,67.51,22.82,7.76,0,-80.3,6.28,20.921,0,15.97,0,1.192,2.76,0,11.2
3/24/2026,18:45, ,gtmpcwq_24G103007_031726_050000.bin,Pellicer Creek,GTMNERR,0,33.749,0,21.2,0,0.238,0,88.9,0,7.01,0,68.14,23.03,7.75,0,-79.7,6.28,20.926,0,15.61,0,1.193,3.05,0,12.39
3/24/2026,19:00, ,gtmpcwq_24G103007_031726_050000.bin,Pellicer Creek,GTMNERR,0,32.436,0,20.3,0,0.218,0,88.3,0,7,0,71.18,24.04,7.74,0,-79.2,6.29,20.888,0,14.64,0,1.192,2.97,0,12.04
3/24/2026,19:15, ,gtmpcwq_24G103007_031726_050000.bin,Pellicer Creek,GTMNERR,0,31.574,0,19.7,0,0.196,0,87.5,0,6.97,0,73.86,24.93,7.73,0,-78.7,6.28,20.874,0,14.13,0,1.192,3.13,0,12.7
3/24/2026,19:30, ,gtmpcwq_24G103007_031726_050000.bin,Pellicer Creek,GTMNERR,0,32.548,0,20.37,0,0.172,0,86.4,0,6.85,0,72,24.32,7.72,0,-78.1,6.29,20.901,0,13.21,0,1.192,2.94,0,11.93
3/24/2026,19:45, ,gtmpcwq_24G103007_031726_050000.bin,Pellicer Creek,GTMNERR,0,31.557,0,19.69,0,0.152,0,86.1,0,6.85,0,74.32,25.09,7.72,0,-77.6,6.29,20.92,0,12.2,0,1.182,3.03,0,12.29
3/24/2026,20:00, ,gtmpcwq_24G103007_031726_050000.bin,Pellicer Creek,GTMNERR,0,30.834,0,19.2,0,0.136,0,85.6,0,6.83,0,76.09,25.68,7.71,0,-77.3,6.28,20.899,0,12.86,0,1.195,3.02,0,12.24
3/24/2026,20:15, ,gtmpcwq_24G103007_031726_050000.bin,Pellicer Creek,GTMNERR,0,30.364,0,18.87,0,0.115,0,85.5,0,6.84,0,77.68,26.2,7.71,0,-77.2,6.28,20.894,0,12.96,0,1.191,3.13,0,12.69
3/24/2026,20:30, ,gtmpcwq_24G103007_031726_050000.bin,Pellicer Creek,GTMNERR,0,29.898,0,18.56,0,0.095,0,84.8,0,6.8,0,78.94,26.62,7.69,0,-76.3,6.28,20.885,0,11.98,0,1.183,2.94,0,11.92
3/24/2026,20:45, ,gtmpcwq_24G103007_031726_050000.bin,Pellicer Creek,GTMNERR,0,29.858,0,18.53,0,0.079,0,84.1,0,6.74,0,79.16,26.69,7.69,0,-76.1,6.28,20.887,0,11.69,0,1.191,3.24,0,13.13
3/24/2026,21:00, ,gtmpcwq_24G103007_031726_050000.bin,Pellicer Creek,GTMNERR,0,29.833,0,18.51,0,0.065,0,83,0,6.65,0,78.8,26.58,7.67,0,-74.9,6.28,20.9,0,10.73,0,1.192,3.11,0,12.61
3/24/2026,21:15, ,gtmpcwq_24G103007_031726_050000.bin,Pellicer Creek,GTMNERR,0,29.572,0,18.33,0,0.053,0,82.9,0,6.65,0,79.56,26.83,7.67,0,-74.9,6.28,20.901,0,8.44,0,1.189,3.39,0,13.75
3/24/2026,21:30, ,gtmpcwq_24G103007_031726_050000.bin,Pellicer Creek,GTMNERR,0,28.945,0,17.91,0,0.044,0,82.3,0,6.63,0,81.66,27.53,7.66,0,-74.5,6.28,20.877,0,10.23,0,1.189,3.17,0,12.87
3/24/2026,21:45, ,gtmpcwq_24G103007_031726_050000.bin,Pellicer Creek,GTMNERR,0,28.826,0,17.83,0,0.038,0,80,0,6.44,0,81.18,27.37,7.64,0,-73.3,6.28,20.879,0,10.8,0,1.182,3.48,0,14.1
3/24/2026,22:00, ,gtmpcwq_24G103007_031726_050000.bin,Pellicer Creek,GTMNERR,0,29.263,0,18.12,0,0.036,0,77,0,6.18,0,79.21,26.71,7.62,0,-72.1,6.29,20.885,0,9.47,0,1.194,3.49,0,14.13
3/24/2026,22:15, ,gtmpcwq_24G103007_031726_050000.bin,Pellicer Creek,GTMNERR,0,29.089,0,18.01,0,0.052,0,76.2,0,6.12,0,81.89,27.6,7.64,0,-73.3,6.28,20.895,0,9.81,0,1.189,3.37,0,13.67
3/24/2026,22:30, ,gtmpcwq_24G103007_031726_050000.bin,Pellicer Creek,GTMNERR,0,28.584,0,17.66,0,0.068,0,79.1,0,6.39,0,83.77,28.23,7.64,0,-72.8,6.28,20.759,0,10.24,0,1.184,4.16,0,16.86
3/24/2026,22:45, ,gtmpcwq_24G103007_031726_050000.bin,Pellicer Creek,GTMNERR,0,28.246,0,17.44,0,0.088,0,80.9,0,6.59,0,85.57,28.83,7.65,0,-73.8,6.29,20.414,0,8.92,0,1.192,5.08,0,20.6
3/24/2026,23:00, ,gtmpcwq_24G103007_031726_050000.bin,Pellicer Creek,GTMNERR,0,29.072,0,18,0,0.109,0,80.7,0,6.54,0,83.6,28.17,7.65,0,-73.6,6.29,20.423,0,10.65,0,1.192,4.35,0,17.64
3/24/2026,23:15, ,gtmpcwq_24G103007_031726_050000.bin,Pellicer Creek,GTMNERR,0,29.929,0,18.58,0,0.133,0,80.8,0,6.52,0,82.67,27.86,7.66,0,-74.1,6.28,20.482,0,10.44,0,1.192,4.01,0,16.25
3/24/2026,23:30, ,gtmpcwq_24G103007_031726_050000.bin,Pellicer Creek,GTMNERR,0,30.691,0,19.1,0,0.158,0,81.9,0,6.6,0,80.1,27.01,7.67,0,-74.8,6.29,20.41,0,10.14,0,1.192,3.69,0,14.96
3/24/2026,23:45, ,gtmpcwq_24G103007_031726_050000.bin,Pellicer Creek,GTMNERR,0,31.353,0,19.56,0,0.187,0,84.4,0,6.8,0,77.7,26.21,7.7,0,-76.5,6.28,20.309,0,10.48,0,1.192,2.79,0,11.31
3/25/2026,00:00, ,gtmpcwq_24G103007_031726_050000.bin,Pellicer Creek,GTMNERR,0,31.84,0,19.89,0,0.219,0,84.4,0,6.78,0,76.79,25.91,7.7,0,-76.6,6.29,20.33,0,9.81,0,1.192,2.94,0,11.92
3/25/2026,00:15, ,gtmpcwq_24G103007_031726_050000.bin,Pellicer Creek,GTMNERR,0,32.896,0,20.62,0,0.253,0,84.4,0,6.75,0,74.13,25.02,7.7,0,-76.8,6.28,20.377,0,10.24,0,1.193,2.61,0,10.6
3/25/2026,00:30, ,gtmpcwq_24G103007_031726_050000.bin,Pellicer Creek,GTMNERR,0,34.681,0,21.85,0,0.289,0,83.8,0,6.65,0,69.18,23.38,7.71,0,-77,6.28,20.399,0,12.87,0,1.189,2.09,0,8.5
3/25/2026,00:45, ,gtmpcwq_24G103007_031726_050000.bin,Pellicer Creek,GTMNERR,0,35.436,0,22.38,0,0.324,0,83.8,0,6.64,0,67.1,22.69,7.71,0,-77.2,6.29,20.328,0,13.92,0,1.185,2.13,0,8.65
3/25/2026,01:00, ,gtmpcwq_24G103007_031726_050000.bin,Pellicer Creek,GTMNERR,0,35.681,0,22.55,0,0.356,0,84.6,0,6.71,0,63.54,21.5,7.72,0,-77.8,6.29,20.155,0,12.78,0,1.195,1.95,0,7.92
3/25/2026,01:15, ,gtmpcwq_24G103007_031726_050000.bin,Pellicer Creek,GTMNERR,0,37.166,0,23.59,0,0.383,0,85,0,6.72,0,62.3,21.09,7.72,0,-78,6.29,19.997,0,15.9,0,1.184,1.89,0,7.68
3/25/2026,01:30, ,gtmpcwq_24G103007_031726_050000.bin,Pellicer Creek,GTMNERR,0,36.993,0,23.47,0,0.408,0,85.4,0,6.78,0,63.43,21.47,7.73,0,-78.1,6.29,19.915,0,14.23,0,1.186,1.72,0,7.01
3/25/2026,01:45, ,gtmpcwq_24G103007_031726_050000.bin,Pellicer Creek,GTMNERR,0,38.511,0,24.54,0,0.431,0,85.7,0,6.77,0,58.19,19.73,7.73,0,-78.4,6.29,19.81,0,21.25,0,1.182,1.76,0,7.14
3/25/2026,02:00, ,gtmpcwq_24G103007_031726_050000.bin,Pellicer Creek,GTMNERR,0,39.328,0,25.12,0,0.454,0,86.1,0,6.78,0,57.66,19.55,7.74,0,-78.7,6.28,19.764,0,16.48,0,1.193,1.53,0,6.22
3/25/2026,02:15, ,gtmpcwq_24G103007_031726_050000.bin,Pellicer Creek,GTMNERR,0,40.776,0,26.14,0,0.479,0,86.7,0,6.8,0,50.77,17.26,7.76,0,-79.8,6.28,19.662,0,24.03,0,1.187,1.59,0,6.45
3/25/2026,02:30, ,gtmpcwq_24G103007_031726_050000.bin,Pellicer Creek,GTMNERR,0,41.702,0,26.8,0,0.504,0,87,0,6.81,0,48.93,16.65,7.76,0,-80.3,6.28,19.601,0,19.79,0,1.192,1.44,0,5.87
3/25/2026,02:45, ,gtmpcwq_24G103007_031726_050000.bin,Pellicer Creek,GTMNERR,0,43.051,0,27.77,0,0.524,0,87,0,6.78,0,44.1,15.04,7.77,0,-80.7,6.29,19.535,0,20.6,0,1.192,1.41,0,5.74
3/25/2026,03:00, ,gtmpcwq_24G103007_031726_050000.bin,Pellicer Creek,GTMNERR,0,44.031,0,28.47,0,0.545,0,87.9,0,6.82,0,41.69,14.24,7.78,0,-81.5,6.29,19.45,0,19.89,0,1.192,1.31,0,5.34
3/25/2026,03:15, ,gtmpcwq_24G103007_031726_050000.bin,Pellicer Creek,GTMNERR,0,45.004,0,29.17,0,0.567,0,88.3,0,6.84,0,38,13.01,7.8,0,-82.4,6.29,19.374,0,21.48,0,1.192,1.26,0,5.14
3/25/2026,03:30, ,gtmpcwq_24G103007_031726_050000.bin,Pellicer Creek,GTMNERR,0,45.983,0,29.88,0,0.583,0,89,0,6.88,0,35.55,12.2,7.81,0,-83,6.29,19.281,0,19.28,0,1.193,1.27,0,5.19
3/25/2026,03:45, ,gtmpcwq_24G103007_031726_050000.bin,Pellicer Creek,GTMNERR,0,47.047,0,30.65,0,0.598,0,89.2,0,6.87,0,32.11,11.06,7.82,0,-83.6,6.29,19.189,0,17.74,0,1.192,1.16,0,4.73
3/25/2026,04:00, ,gtmpcwq_24G103007_031726_050000.bin,Pellicer Creek,GTMNERR,0,47.888,0,31.26,0,0.609,0,89.5,0,6.88,0,29.21,10.09,7.83,0,-84,6.29,19.115,0,17.76,0,1.192,1.07,0,4.36
3/25/2026,04:15, ,gtmpcwq_24G103007_031726_050000.bin,Pellicer Creek,GTMNERR,0,48.393,0,31.63,0,0.62,0,89.4,0,6.87,0,27.53,9.53,7.83,0,-84.1,6.29,19.042,0,16.5,0,1.192,1.02,0,4.17
3/25/2026,04:30, ,gtmpcwq_24G103007_031726_050000.bin,Pellicer Creek,GTMNERR,0,48.542,0,31.74,0,0.626,0,88.8,0,6.83,0,27.61,9.56,7.83,0,-84,6.29,18.973,0,12.75,0,1.192,0.96,0,3.93
3/25/2026,04:45, ,gtmpcwq_24G103007_031726_050000.bin,Pellicer Creek,GTMNERR,0,48.939,0,32.03,0,0.626,0,88.7,0,6.81,0,26.01,9.03,7.83,0,-84.2,6.29,18.946,0,13.73,0,1.192,0.91,0,3.73
3/25/2026,05:00, ,gtmpcwq_24G103007_031726_050000.bin,Pellicer Creek,GTMNERR,0,49.346,0,32.33,0,0.621,0,87.9,0,6.75,0,24.38,8.49,7.84,0,-84.4,6.29,18.874,0,12.33,0,1.192,0.77,0,3.14
3/25/2026,05:15, ,gtmpcwq_24G103007_031726_050000.bin,Pellicer Creek,GTMNERR,0,49.312,0,32.3,0,0.613,0,86.9,0,6.67,0,24.83,8.64,7.82,0,-83.7,6.29,18.875,0,10.38,0,1.192,0.78,0,3.2
3/25/2026,05:30, ,gtmpcwq_24G103007_031726_050000.bin,Pellicer Creek,GTMNERR,0,49.396,0,32.37,0,0.599,0,84.5,0,6.48,0,23.6,8.23,7.82,0,-83.5,6.28,18.884,0,10.36,0,1.192,0.67,0,2.75
3/25/2026,05:45, ,gtmpcwq_24G103007_031726_050000.bin,Pellicer Creek,GTMNERR,0,49.252,0,32.26,0,0.583,0,87,0,6.67,0,25.22,8.77,7.83,0,-83.9,6.29,18.901,0,10.95,0,1.192,0.82,0,3.35
3/25/2026,06:00, ,gtmpcwq_24G103007_031726_050000.bin,Pellicer Creek,GTMNERR,0,49.017,0,32.09,0,0.567,0,88.1,0,6.76,0,25.85,8.98,7.83,0,-84,6.28,18.934,0,11.82,0,1.182,0.82,0,3.36
3/25/2026,06:15, ,gtmpcwq_24G103007_031726_050000.bin,Pellicer Creek,GTMNERR,0,48.329,0,31.59,0,0.553,0,88.5,0,6.8,0,28.57,9.88,7.83,0,-83.9,6.29,19.058,0,12.91,0,1.195,0.94,0,3.84
3/25/2026,06:30, ,gtmpcwq_24G103007_031726_050000.bin,Pellicer Creek,GTMNERR,0,47.702,0,31.13,0,0.537,0,88.2,0,6.79,0,31.97,11.01,7.82,0,-83.5,6.29,19.098,0,12.26,0,1.186,0.98,0,3.99
3/25/2026,06:45, ,gtmpcwq_24G103007_031726_050000.bin,Pellicer Creek,GTMNERR,0,46.818,0,30.49,0,0.522,0,87.3,0,6.73,0,34.52,11.86,7.81,0,-82.7,6.29,19.189,0,15.35,0,1.197,1.07,0,4.38
3/25/2026,07:00, ,gtmpcwq_24G103007_031726_050000.bin,Pellicer Creek,GTMNERR,0,45.445,0,29.49,0,0.505,0,86.1,0,6.67,0,40.77,13.94,7.78,0,-81.1,6.28,19.232,0,15.28,0,1.197,1.15,0,4.71
3/25/2026,07:15, ,gtmpcwq_24G103007_031726_050000.bin,Pellicer Creek,GTMNERR,0,44.184,0,28.58,0,0.488,0,85,0,6.62,0,46.57,15.86,7.75,0,-79.5,6.29,19.279,0,13.42,0,1.201,1.16,0,4.74
3/25/2026,07:30, ,gtmpcwq_24G103007_031726_050000.bin,Pellicer Creek,GTMNERR,0,43.429,0,28.04,0,0.47,0,84.2,0,6.57,0,48.98,16.66,7.74,0,-78.7,6.29,19.328,0,13.95,0,1.189,1.23,0,5.03
3/25/2026,07:45, ,gtmpcwq_24G103007_031726_050000.bin,Pellicer Creek,GTMNERR,0,42.806,0,27.59,0,0.451,0,83.5,0,6.53,0,51.05,17.35,7.72,0,-77.7,6.29,19.374,0,14.51,0,1.187,1.31,0,5.35
3/25/2026,08:00, ,gtmpcwq_24G103007_031726_050000.bin,Pellicer Creek,GTMNERR,0,41.797,0,26.87,0,0.433,0,82.8,0,6.5,0,55.07,18.69,7.7,0,-76.5,6.29,19.441,0,14.39,0,1.189,1.39,0,5.66
3/25/2026,08:15, ,gtmpcwq_24G103007_031726_050000.bin,Pellicer Creek,GTMNERR,0,40.954,0,26.27,0,0.414,0,81.6,0,6.42,0,58.43,19.8,7.67,0,-74.8,6.29,19.497,0,13.61,0,1.193,1.38,0,5.63
3/25/2026,08:30, ,gtmpcwq_24G103007_031726_050000.bin,Pellicer Creek,GTMNERR,0,39.838,0,25.48,0,0.393,0,80.8,0,6.38,0,62.3,21.09,7.65,0,-73.5,6.29,19.57,0,13.27,0,1.192,1.43,0,5.83
3/25/2026,08:45, ,gtmpcwq_24G103007_031726_050000.bin,Pellicer Creek,GTMNERR,0,38.782,0,24.73,0,0.373,0,80.3,0,6.35,0,65.31,22.09,7.63,0,-72.2,6.29,19.639,0,14.5,0,1.192,1.62,0,6.6
3/25/2026,09:00, ,gtmpcwq_24G103007_031726_050000.bin,Pellicer Creek,GTMNERR,0,37.778,0,24.02,0,0.349,0,79.5,0,6.31,0,68.23,23.06,7.61,0,-71,6.29,19.72,0,13.52,0,1.192,1.65,0,6.72
3/25/2026,09:15, ,gtmpcwq_24G103007_031726_050000.bin,Pellicer Creek,GTMNERR,0,36.614,0,23.21,0,0.327,0,78.7,0,6.26,0,71.89,24.28,7.58,0,-69.5,6.28,19.806,0,13.96,0,1.192,1.56,0,6.34
3/25/2026,09:30, ,gtmpcwq_24G103007_031726_050000.bin,Pellicer Creek,GTMNERR,0,35.637,0,22.52,0,0.305,0,78,0,6.22,0,74.8,25.25,7.56,0,-68.3,6.28,19.904,0,13.47,0,1.192,1.72,0,6.98
3/25/2026,09:45, ,gtmpcwq_24G103007_031726_050000.bin,Pellicer Creek,GTMNERR,0,34.616,0,21.81,0,0.284,0,77.5,0,6.19,0,77.74,26.22,7.54,0,-67.1,6.28,20.007,0,13.31,0,1.192,1.84,0,7.49
3/25/2026,10:00, ,gtmpcwq_24G103007_031726_050000.bin,Pellicer Creek,GTMNERR,0,33.63,0,21.13,0,0.261,0,77,0,6.17,0,80.34,27.09,7.52,0,-65.8,6.28,20.104,0,12.37,0,1.187,1.89,0,7.69
3/25/2026,10:15, ,gtmpcwq_24G103007_031726_050000.bin,Pellicer Creek,GTMNERR,0,32.482,0,20.33,0,0.24,0,77.6,0,6.22,0,82.66,27.86,7.51,0,-65.6,6.29,20.283,0,11.05,0,1.181,2.02,0,8.19
3/25/2026,10:30, ,gtmpcwq_24G103007_031726_050000.bin,Pellicer Creek,GTMNERR,0,31.449,0,19.62,0,0.217,0,77.9,0,6.25,0,84.27,28.39,7.51,0,-65.4,6.29,20.456,0,10.36,0,1.193,2.25,0,9.15
3/25/2026,10:45, ,gtmpcwq_24G103007_031726_050000.bin,Pellicer Creek,GTMNERR,0,30.601,0,19.04,0,0.198,0,77.7,0,6.25,0,86.52,29.14,7.49,0,-64.4,6.29,20.554,0,10.35,0,1.186,2.38,0,9.67
3/25/2026,11:00, ,gtmpcwq_24G103007_031726_050000.bin,Pellicer Creek,GTMNERR,0,29.962,0,18.6,0,0.18,0,78,0,6.28,0,87.4,29.43,7.49,0,-64.1,6.29,20.627,0,9.55,0,1.188,2.51,0,10.19
3/25/2026,11:15, ,gtmpcwq_24G103007_031726_050000.bin,Pellicer Creek,GTMNERR,0,30.008,0,18.63,0,0.166,0,76.7,0,6.18,0,87.73,29.55,7.48,0,-63.8,6.29,20.553,0,8.83,0,1.192,2.24,0,9.1
3/25/2026,11:30, ,gtmpcwq_24G103007_031726_050000.bin,Pellicer Creek,GTMNERR,0,29.598,0,18.36,0,0.159,0,77.2,0,6.22,0,88.17,29.69,7.48,0,-63.8,6.28,20.639,0,9.76,0,1.192,2.55,0,10.34
3/25/2026,11:45, ,gtmpcwq_24G103007_031726_050000.bin,Pellicer Creek,GTMNERR,0,29.626,0,18.37,0,0.159,0,70.2,0,5.66,0,86.31,29.07,7.44,0,-61,6.29,20.621,0,7.64,0,1.192,1.59,0,6.46
3/25/2026,12:00, ,gtmpcwq_24G103007_031726_050000.bin,Pellicer Creek,GTMNERR,0,29.348,0,18.18,0,0.17,0,72.6,0,5.85,0,87.6,29.5,7.46,0,-62.4,6.28,20.675,0,7.68,0,1.192,2.18,0,8.86
3/25/2026,12:15, ,gtmpcwq_24G103007_031726_050000.bin,Pellicer Creek,GTMNERR,0,29.581,0,18.34,0,0.185,0,77,0,6.2,0,89.64,30.18,7.48,0,-63.8,6.29,20.732,0,8.1,0,1.184,2.62,0,10.62
3/25/2026,12:30, ,gtmpcwq_24G103007_031726_050000.bin,Pellicer Creek,GTMNERR,0,30.455,0,18.94,0,0.204,0,81,0,6.45,0,86.37,29.09,7.51,0,-65.5,6.29,21.085,0,9.3,0,1.187,2.48,0,10.05
3/25/2026,12:45, ,gtmpcwq_24G103007_031726_050000.bin,Pellicer Creek,GTMNERR,0,31.93,0,19.95,0,0.233,0,83.6,0,6.61,0,82.91,27.94,7.52,0,-65.8,6.29,21.141,0,11.37,0,1.189,2.1,0,8.53
3/25/2026,13:00, ,gtmpcwq_24G103007_031726_050000.bin,Pellicer Creek,GTMNERR,0,32.006,0,20,0,0.26,0,83.9,0,6.62,0,82.7,27.87,7.52,0,-66.2,6.29,21.233,0,11.1,0,1.183,2.31,0,9.37
3/25/2026,13:15, ,gtmpcwq_24G103007_031726_050000.bin,Pellicer Creek,GTMNERR,0,34.213,0,21.52,0,0.285,0,84.9,0,6.62,0,77.98,26.3,7.53,0,-66.9,6.29,21.381,0,11.16,0,1.188,1.96,0,7.98
3/25/2026,13:30, ,gtmpcwq_24G103007_031726_050000.bin,Pellicer Creek,GTMNERR,0,34.542,0,21.75,0,0.304,0,84.7,0,6.63,0,78.05,26.33,7.55,0,-67.8,6.28,21.166,0,11.15,0,1.186,1.87,0,7.61
3/25/2026,13:45, ,gtmpcwq_24G103007_031726_050000.bin,Pellicer Creek,GTMNERR,0,34.683,0,21.84,0,0.327,0,86.7,0,6.75,0,76.45,25.8,7.56,0,-68.4,6.29,21.441,0,11.03,0,1.187,2.1,0,8.55
3/25/2026,14:00, ,gtmpcwq_24G103007_031726_050000.bin,Pellicer Creek,GTMNERR,0,35.663,0,22.53,0,0.345,0,86.3,0,6.7,0,74.13,25.02,7.57,0,-69.1,6.28,21.42,0,10.69,0,1.193,2,0,8.15
3/25/2026,14:15, ,gtmpcwq_24G103007_031726_050000.bin,Pellicer Creek,GTMNERR,0,36.328,0,22.99,0,0.364,0,86,0,6.65,0,72.6,24.51,7.58,0,-69.6,6.28,21.391,0,11.7,0,1.189,1.93,0,7.83
3/25/2026,14:30, ,gtmpcwq_24G103007_031726_050000.bin,Pellicer Creek,GTMNERR,0,37.004,0,23.47,0,0.382,0,86.7,0,6.69,0,70.16,23.7,7.58,0,-69.5,6.29,21.417,0,11.77,0,1.185,1.88,0,7.65
3/25/2026,14:45, ,gtmpcwq_24G103007_031726_050000.bin,Pellicer Creek,GTMNERR,0,37.848,0,24.06,0,0.398,0,87.9,0,6.74,0,68.3,23.09,7.59,0,-70.3,6.29,21.563,0,12.42,0,1.189,1.95,0,7.94
3/25/2026,15:00, ,gtmpcwq_24G103007_031726_050000.bin,Pellicer Creek,GTMNERR,0,38.987,0,24.86,0,0.412,0,90.4,0,6.85,0,64.46,21.81,7.62,0,-72,6.29,21.927,0,12.29,0,1.187,1.82,0,7.38
3/25/2026,15:15, ,gtmpcwq_24G103007_031726_050000.bin,Pellicer Creek,GTMNERR,0,40.451,0,25.89,0,0.424,0,90.2,0,6.79,0,61.03,20.67,7.61,0,-71.7,6.28,21.989,0,12.89,0,1.189,1.67,0,6.8
3/25/2026,15:30, ,gtmpcwq_24G103007_031726_050000.bin,Pellicer Creek,GTMNERR,0,41.013,0,26.29,0,0.436,0,91,0,6.82,0,59.81,20.26,7.62,0,-71.9,6.29,22.07,0,12.25,0,1.191,1.66,0,6.77
3/25/2026,15:45, ,gtmpcwq_24G103007_031726_050000.bin,Pellicer Creek,GTMNERR,0,41.556,0,26.68,0,0.446,0,90.7,0,6.77,0,57.65,19.55,7.61,0,-71.7,6.29,22.175,0,12.62,0,1.192,1.77,0,7.18
3/25/2026,16:00, ,gtmpcwq_24G103007_031726_050000.bin,Pellicer Creek,GTMNERR,0,42.051,0,27.03,0,0.452,0,91.2,0,6.78,0,56.81,19.27,7.61,0,-71.8,6.29,22.236,0,11.67,0,1.189,1.65,0,6.72
3/25/2026,16:15, ,gtmpcwq_24G103007_031726_050000.bin,Pellicer Creek,GTMNERR,0,42.298,0,27.2,0,0.454,0,93.8,0,6.95,0,55.93,18.97,7.63,0,-72.5,6.29,22.39,0,10.9,0,1.189,1.77,0,7.19
3/25/2026,16:30, ,gtmpcwq_24G103007_031726_050000.bin,Pellicer Creek,GTMNERR,0,42.537,0,27.37,0,0.453,0,92,0,6.81,0,55.56,18.85,7.62,0,-72.2,6.29,22.388,0,11.3,0,1.194,1.75,0,7.1
3/25/2026,16:45, ,gtmpcwq_24G103007_031726_050000.bin,Pellicer Creek,GTMNERR,0,42.344,0,27.24,0,0.448,0,90.7,0,6.72,0,55.1,18.7,7.61,0,-71.3,6.28,22.382,0,10.83,0,1.188,1.81,0,7.37
3/25/2026,17:00, ,gtmpcwq_24G103007_031726_050000.bin,Pellicer Creek,GTMNERR,0,42.711,0,27.5,0,0.435,0,85.2,0,6.31,0,53.71,18.24,7.57,0,-69,6.29,22.365,0,10.36,0,1.182,1.28,0,5.2
3/25/2026,17:15, ,gtmpcwq_24G103007_031726_050000.bin,Pellicer Creek,GTMNERR,0,42.374,0,27.26,0,0.419,0,91.6,0,6.79,0,54.78,18.59,7.61,0,-71.8,6.28,22.363,0,11.99,0,1.182,1.85,0,7.51
3/25/2026,17:30, ,gtmpcwq_24G103007_031726_050000.bin,Pellicer Creek,GTMNERR,0,42.14,0,27.09,0,0.403,0,91.3,0,6.78,0,56.52,19.17,7.61,0,-71.7,6.28,22.306,0,9.85,0,1.192,1.9,0,7.72
3/25/2026,17:45, ,gtmpcwq_24G103007_031726_050000.bin,Pellicer Creek,GTMNERR,0,41.192,0,26.42,0,0.387,0,91,0,6.81,0,58.94,19.97,7.61,0,-71.5,6.28,22.172,0,11.62,0,1.191,2.05,0,8.34
3/25/2026,18:00, ,gtmpcwq_24G103007_031726_050000.bin,Pellicer Creek,GTMNERR,0,40.611,0,26,0,0.371,0,90.9,0,6.82,0,60.48,20.49,7.61,0,-71.5,6.29,22.163,0,13.99,0,1.189,2.13,0,8.67
3/25/2026,18:15, ,gtmpcwq_24G103007_031726_050000.bin,Pellicer Creek,GTMNERR,0,38.67,0,24.63,0,0.353,0,92.1,0,6.96,0,64.87,21.94,7.62,0,-72,6.28,22.18,0,12.34,0,1.187,2.34,0,9.52
3/25/2026,18:30, ,gtmpcwq_24G103007_031726_050000.bin,Pellicer Creek,GTMNERR,0,37.369,0,23.71,0,0.333,0,90.7,0,6.9,0,68.2,23.05,7.6,0,-71.1,6.29,22.079,0,12.48,0,1.188,2.51,0,10.21
3/25/2026,18:45, ,gtmpcwq_24G103007_031726_050000.bin,Pellicer Creek,GTMNERR,0,35.477,0,22.39,0,0.313,0,91.1,0,6.98,0,72.53,24.49,7.6,0,-71.1,6.28,22.118,0,12.78,0,1.185,2.6,0,10.56
3/25/2026,19:00, ,gtmpcwq_24G103007_031726_050000.bin,Pellicer Creek,GTMNERR,0,34.294,0,21.57,0,0.291,0,90.4,0,6.95,0,75.93,25.62,7.59,0,-70.3,6.29,22.141,0,11.36,0,1.189,2.66,0,10.8
3/25/2026,19:15, ,gtmpcwq_24G103007_031726_050000.bin,Pellicer Creek,GTMNERR,0,34.242,0,21.53,0,0.27,0,88.9,0,6.85,0,75.47,25.47,7.57,0,-69.3,6.28,22.062,0,12.76,0,1.192,2.7,0,10.94
3/25/2026,19:30, ,gtmpcwq_24G103007_031726_050000.bin,Pellicer Creek,GTMNERR,0,32.709,0,20.47,0,0.248,0,88.8,0,6.88,0,80.14,27.02,7.57,0,-69,6.29,22.088,0,11.43,0,1.186,2.58,0,10.48
3/25/2026,19:45, ,gtmpcwq_24G103007_031726_050000.bin,Pellicer Creek,GTMNERR,0,31.679,0,19.76,0,0.23,0,88.8,0,6.92,0,82.67,27.86,7.56,0,-68.6,6.28,22.061,0,10.75,0,1.192,2.65,0,10.75
3/25/2026,20:00, ,gtmpcwq_24G103007_031726_050000.bin,Pellicer Creek,GTMNERR,0,31.31,0,19.51,0,0.208,0,87.6,0,6.83,0,82.83,27.92,7.55,0,-67.9,6.28,22.041,0,10.39,0,1.188,2.86,0,11.6
3/25/2026,20:15, ,gtmpcwq_24G103007_031726_050000.bin,Pellicer Creek,GTMNERR,0,30.129,0,18.7,0,0.188,0,87.2,0,6.84,0,85.91,28.94,7.54,0,-67.3,6.29,22.041,0,9.79,0,1.193,2.61,0,10.6
3/25/2026,20:30, ,gtmpcwq_24G103007_031726_050000.bin,Pellicer Creek,GTMNERR,0,29.679,0,18.4,0,0.171,0,86.9,0,6.82,0,86.57,29.16,7.54,0,-67,6.29,22.013,0,9.08,0,1.192,2.66,0,10.8
3/25/2026,20:45, ,gtmpcwq_24G103007_031726_050000.bin,Pellicer Creek,GTMNERR,0,29.367,0,18.18,0,0.149,0,86.2,0,6.78,0,87.03,29.31,7.53,0,-66.5,6.28,22.01,0,9.34,0,1.192,2.81,0,11.38
3/25/2026,21:00, ,gtmpcwq_24G103007_031726_050000.bin,Pellicer Creek,GTMNERR,0,28.726,0,17.75,0,0.129,0,85.2,0,6.72,0,88.53,29.81,7.52,0,-65.9,6.28,22.007,0,8.63,0,1.184,2.77,0,11.24
3/25/2026,21:15, ,gtmpcwq_24G103007_031726_050000.bin,Pellicer Creek,GTMNERR,0,28.739,0,17.76,0,0.109,0,84.9,0,6.69,0,88.36,29.75,7.51,0,-65.6,6.28,22.001,0,8.95,0,1.193,2.8,0,11.36
3/25/2026,21:30, ,gtmpcwq_24G103007_031726_050000.bin,Pellicer Creek,GTMNERR,0,29.015,0,17.95,0,0.092,0,83.1,0,6.55,0,87.52,29.48,7.49,0,-64.6,6.29,21.989,0,9.71,0,1.19,3.07,0,12.45
3/25/2026,21:45, ,gtmpcwq_24G103007_031726_050000.bin,Pellicer Creek,GTMNERR,0,28.471,0,17.58,0,0.071,0,83.2,0,6.57,0,88.62,29.84,7.5,0,-64.6,6.29,21.981,0,8.78,0,1.183,2.94,0,11.91
3/25/2026,22:00, ,gtmpcwq_24G103007_031726_050000.bin,Pellicer Creek,GTMNERR,0,28.162,0,17.37,0,0.053,0,82.9,0,6.56,0,89.82,30.24,7.48,0,-64,6.29,21.957,0,8.54,0,1.186,2.85,0,11.56
3/25/2026,22:15, ,gtmpcwq_24G103007_031726_050000.bin,Pellicer Creek,GTMNERR,0,27.758,0,17.09,0,0.037,0,83.2,0,6.59,0,90.97,30.62,7.49,0,-64.3,6.29,21.964,0,8.44,0,1.192,3.17,0,12.85
3/25/2026,22:30, ,gtmpcwq_24G103007_031726_050000.bin,Pellicer Creek,GTMNERR,0,27.385,0,16.84,0,0.024,0,82.7,0,6.56,0,92.11,31,7.48,0,-63.5,6.29,21.969,0,8.86,0,1.192,3.35,0,13.6
3/25/2026,22:45, ,gtmpcwq_24G103007_031726_050000.bin,Pellicer Creek,GTMNERR,0,26.685,0,16.37,0,0.014,0,83,0,6.61,0,93.77,31.55,7.47,0,-63.4,6.28,21.926,0,8.68,0,1.192,3.65,0,14.79
3/25/2026,23:00, ,gtmpcwq_24G103007_031726_050000.bin,Pellicer Creek,GTMNERR,0,26.724,0,16.4,0,0.002,0,81.3,0,6.48,0,93.54,31.48,7.46,0,-62.5,6.29,21.922,0,7.83,0,1.183,3.13,0,12.69
3/25/2026,23:15, ,gtmpcwq_24G103007_031726_050000.bin,Pellicer Creek,GTMNERR,0,26.659,0,16.35,0,-0.006,0,77.9,0,6.2,0,92.49,31.13,7.44,0,-61.1,6.29,21.919,0,7.62,0,1.184,2.82,0,11.45
3/25/2026,23:30, ,gtmpcwq_24G103007_031726_050000.bin,Pellicer Creek,GTMNERR,0,26.791,0,16.44,0,-0.008,0,66.2,0,5.27,0,88.8,29.9,7.37,0,-57.2,6.29,21.921,0,7.07,0,1.195,1.97,0,8.02
3/25/2026,23:45, ,gtmpcwq_24G103007_031726_050000.bin,Pellicer Creek,GTMNERR,0,26.78,0,16.44,0,0.004,0,72.8,0,5.8,0,92.98,31.29,7.43,0,-60.7,6.29,21.92,0,7.7,0,1.184,3.98,0,16.12
3/26/2026,00:00, ,gtmpcwq_24G103007_031726_050000.bin,Pellicer Creek,GTMNERR,0,25.348,0,15.48,0,0.023,0,78.2,0,6.27,0,96.55,32.48,7.44,0,-61.3,6.29,21.851,0,7.24,0,1.193,3.06,0,12.42
3/26/2026,00:15, ,gtmpcwq_24G103007_031726_050000.bin,Pellicer Creek,GTMNERR,0,25.671,0,15.69,0,0.043,0,79.1,0,6.35,0,96.13,32.33,7.45,0,-62.2,6.29,21.719,0,7.8,0,1.192,3.47,0,14.07
3/26/2026,00:30, ,gtmpcwq_24G103007_031726_050000.bin,Pellicer Creek,GTMNERR,0,27.791,0,17.12,0,0.065,0,79.3,0,6.31,0,91.76,30.88,7.44,0,-61.6,6.29,21.745,0,9.44,0,1.187,5.15,0,20.88
3/26/2026,00:45, ,gtmpcwq_24G103007_031726_050000.bin,Pellicer Creek,GTMNERR,0,28.468,0,17.58,0,0.092,0,79.6,0,6.31,0,90.73,30.54,7.46,0,-62.2,6.29,21.761,0,8.61,0,1.2,3.12,0,12.66
3/26/2026,01:00, ,gtmpcwq_24G103007_031726_050000.bin,Pellicer Creek,GTMNERR,0,28.991,0,17.93,0,0.123,0,80.2,0,6.36,0,90.28,30.39,7.48,0,-63.4,6.29,21.647,0,8.16,0,1.188,3.73,0,15.14
3/26/2026,01:15, ,gtmpcwq_24G103007_031726_050000.bin,Pellicer Creek,GTMNERR,0,29.507,0,18.28,0,0.154,0,81.4,0,6.43,0,88.87,29.92,7.48,0,-63.9,6.28,21.699,0,7.9,0,1.184,3.69,0,14.97
3/26/2026,01:30, ,gtmpcwq_24G103007_031726_050000.bin,Pellicer Creek,GTMNERR,0,30.958,0,19.27,0,0.185,0,80.9,0,6.36,0,86.16,29.02,7.48,0,-63.8,6.29,21.74,0,8.7,0,1.183,2.7,0,10.96
3/26/2026,01:45, ,gtmpcwq_24G103007_031726_050000.bin,Pellicer Creek,GTMNERR,0,31.893,0,19.91,0,0.217,0,79.9,0,6.25,0,83.95,28.29,7.48,0,-63.5,6.29,21.767,0,9.09,0,1.195,2.47,0,10.01
3/26/2026,02:00, ,gtmpcwq_24G103007_031726_050000.bin,Pellicer Creek,GTMNERR,0,32.934,0,20.63,0,0.252,0,78.6,0,6.12,0,81.7,27.54,7.48,0,-63.7,6.29,21.75,0,10.16,0,1.201,2.12,0,8.61
3/26/2026,02:15, ,gtmpcwq_24G103007_031726_050000.bin,Pellicer Creek,GTMNERR,0,33.641,0,21.12,0,0.285,0,80.2,0,6.24,0,79.97,26.96,7.49,0,-64.5,6.28,21.661,0,10.3,0,1.181,2.06,0,8.35
3/26/2026,02:30, ,gtmpcwq_24G103007_031726_050000.bin,Pellicer Creek,GTMNERR,0,34.648,0,21.82,0,0.317,0,77.2,0,6,0,80.93,27.28,7.47,0,-63,6.29,21.584,0,8.94,0,1.192,1.76,0,7.16
3/26/2026,02:45, ,gtmpcwq_24G103007_031726_050000.bin,Pellicer Creek,GTMNERR,0,35.547,0,22.45,0,0.346,0,76,0,5.89,0,81.22,27.38,7.45,0,-62,6.29,21.512,0,9.43,0,1.193,1.75,0,7.1
3/26/2026,03:00, ,gtmpcwq_24G103007_031726_050000.bin,Pellicer Creek,GTMNERR,0,35.827,0,22.64,0,0.372,0,76.2,0,5.9,0,80.45,27.12,7.45,0,-61.9,6.29,21.443,0,9.9,0,1.192,1.63,0,6.62
3/26/2026,03:15, ,gtmpcwq_24G103007_031726_050000.bin,Pellicer Creek,GTMNERR,0,36.62,0,23.2,0,0.395,0,77,0,5.95,0,78.33,26.42,7.45,0,-61.8,6.29,21.415,0,13.9,0,1.196,1.64,0,6.66
3/26/2026,03:30, ,gtmpcwq_24G103007_031726_050000.bin,Pellicer Creek,GTMNERR,0,37.73,0,23.98,0,0.415,0,76.1,0,5.86,0,74.92,25.28,7.46,0,-62.6,6.28,21.392,0,12.94,0,1.185,1.57,0,6.37
3/26/2026,03:45, ,gtmpcwq_24G103007_031726_050000.bin,Pellicer Creek,GTMNERR,0,38.865,0,24.78,0,0.434,0,76.7,0,5.88,0,70.84,23.93,7.48,0,-63.9,6.29,21.351,0,14.86,0,1.19,1.5,0,6.1
3/26/2026,04:00, ,gtmpcwq_24G103007_031726_050000.bin,Pellicer Creek,GTMNERR,0,39.843,0,25.47,0,0.453,0,78,0,5.96,0,67.08,22.68,7.52,0,-65.8,6.29,21.275,0,14.87,0,1.182,1.51,0,6.12
3/26/2026,04:15, ,gtmpcwq_24G103007_031726_050000.bin,Pellicer Creek,GTMNERR,0,40.416,0,25.88,0,0.469,0,78.6,0,6,0,65.82,22.26,7.54,0,-67.1,6.29,21.214,0,12.77,0,1.184,1.49,0,6.05
3/26/2026,04:30, ,gtmpcwq_24G103007_031726_050000.bin,Pellicer Creek,GTMNERR,0,41.124,0,26.38,0,0.485,0,78.8,0,6,0,63.19,21.39,7.56,0,-68.4,6.28,21.189,0,11.85,0,1.2,1.35,0,5.51
3/26/2026,04:45, ,gtmpcwq_24G103007_031726_050000.bin,Pellicer Creek,GTMNERR,0,42.084,0,27.06,0,0.496,0,78.8,0,5.98,0,58.78,19.92,7.58,0,-69.5,6.29,21.139,0,13.2,0,1.19,1.36,0,5.53
3/26/2026,05:00, ,gtmpcwq_24G103007_031726_050000.bin,Pellicer Creek,GTMNERR,0,42.547,0,27.4,0,0.507,0,78.5,0,5.95,0,57.29,19.43,7.59,0,-70.1,6.29,21.116,0,12.53,0,1.19,1.29,0,5.23
3/26/2026,05:15, ,gtmpcwq_24G103007_031726_050000.bin,Pellicer Creek,GTMNERR,0,43.086,0,27.78,0,0.513,0,79.1,0,5.98,0,54.96,18.65,7.6,0,-71,6.29,21.109,0,13.18,0,1.182,1.28,0,5.22
3/26/2026,05:30, ,gtmpcwq_24G103007_031726_050000.bin,Pellicer Creek,GTMNERR,0,43.459,0,28.05,0,0.515,0,78.6,0,5.94,0,53.37,18.12,7.61,0,-71.4,6.29,21.086,0,10.97,0,1.182,1.23,0,5.03
3/26/2026,05:45, ,gtmpcwq_24G103007_031726_050000.bin,Pellicer Creek,GTMNERR,0,43.835,0,28.32,0,0.51,0,77.2,0,5.83,0,52.09,17.7,7.61,0,-71.7,6.29,21.088,0,10.85,0,1.189,1.21,0,4.95
3/26/2026,06:00, ,gtmpcwq_24G103007_031726_050000.bin,Pellicer Creek,GTMNERR,0,43.776,0,28.28,0,0.501,0,74.5,0,5.62,0,50.62,17.21,7.59,0,-70.1,6.29,21.088,0,10.83,0,1.188,1.1,0,4.49
3/26/2026,06:15, ,gtmpcwq_24G103007_031726_050000.bin,Pellicer Creek,GTMNERR,0,43.682,0,28.21,0,0.486,0,77.6,0,5.85,0,51.93,17.64,7.6,0,-71.1,6.29,21.086,0,11.92,0,1.183,1.13,0,4.62
3/26/2026,06:30, ,gtmpcwq_24G103007_031726_050000.bin,Pellicer Creek,GTMNERR,0,43.335,0,27.96,0,0.468,0,78.9,0,5.96,0,53.95,18.32,7.61,0,-71.2,6.29,21.088,0,11.42,0,1.182,1.18,0,4.8
3/26/2026,06:45, ,gtmpcwq_24G103007_031726_050000.bin,Pellicer Creek,GTMNERR,0,42.702,0,27.51,0,0.454,0,78.7,0,5.96,0,56.17,19.05,7.59,0,-70.4,6.29,21.109,0,13.14,0,1.181,1.2,0,4.9
3/26/2026,07:00, ,gtmpcwq_24G103007_031726_050000.bin,Pellicer Creek,GTMNERR,0,41.725,0,26.81,0,0.437,0,77.9,0,5.92,0,60.29,20.42,7.56,0,-68.6,6.29,21.117,0,13.07,0,1.184,1.33,0,5.4
3/26/2026,07:15, ,gtmpcwq_24G103007_031726_050000.bin,Pellicer Creek,GTMNERR,0,40.927,0,26.24,0,0.421,0,77.1,0,5.88,0,61.35,20.77,7.55,0,-67.5,6.28,21.114,0,17.38,0,1.192,1.46,0,5.94
3/26/2026,07:30, ,gtmpcwq_24G103007_031726_050000.bin,Pellicer Creek,GTMNERR,0,39.135,0,24.97,0,0.404,0,75.2,0,5.78,0,70.25,23.73,7.49,0,-64.2,6.29,21.064,0,12.19,0,1.182,1.44,0,5.87
3/26/2026,07:45, ,gtmpcwq_24G103007_031726_050000.bin,Pellicer Creek,GTMNERR,0,38.448,0,24.48,0,0.386,0,74.2,0,5.72,0,72.04,24.33,7.47,0,-63.1,6.29,21.081,0,12.61,0,1.198,1.48,0,6.02
3/26/2026,08:00, ,gtmpcwq_24G103007_031726_050000.bin,Pellicer Creek,GTMNERR,0,37.506,0,23.82,0,0.365,0,73.9,0,5.72,0,74.78,25.24,7.46,0,-62.2,6.29,21.106,0,12.79,0,1.189,1.47,0,5.98
3/26/2026,08:15, ,gtmpcwq_24G103007_031726_050000.bin,Pellicer Creek,GTMNERR,0,36.437,0,23.07,0,0.343,0,73.6,0,5.72,0,77.49,26.14,7.44,0,-61.5,6.29,21.131,0,11.7,0,1.189,1.6,0,6.5
3/26/2026,08:30, ,gtmpcwq_24G103007_031726_050000.bin,Pellicer Creek,GTMNERR,0,35.708,0,22.56,0,0.321,0,73.2,0,5.7,0,78.88,26.6,7.43,0,-60.7,6.29,21.142,0,11.08,0,1.2,1.74,0,7.07
3/26/2026,08:45, ,gtmpcwq_24G103007_031726_050000.bin,Pellicer Creek,GTMNERR,0,34.695,0,21.86,0,0.297,0,73.2,0,5.73,0,80.79,27.24,7.42,0,-60.3,6.29,21.17,0,11.83,0,1.189,1.83,0,7.43
3/26/2026,09:00, ,gtmpcwq_24G103007_031726_050000.bin,Pellicer Creek,GTMNERR,0,33.631,0,21.12,0,0.273,0,73.4,0,5.76,0,83.45,28.12,7.41,0,-59.8,6.29,21.205,0,10.65,0,1.183,1.86,0,7.55
3/26/2026,09:15, ,gtmpcwq_24G103007_031726_050000.bin,Pellicer Creek,GTMNERR,0,32.856,0,20.58,0,0.255,0,73.7,0,5.79,0,84.33,28.41,7.41,0,-59.6,6.29,21.29,0,10.19,0,1.19,2.1,0,8.54
3/26/2026,09:30, ,gtmpcwq_24G103007_031726_050000.bin,Pellicer Creek,GTMNERR,0,32.059,0,20.03,0,0.232,0,74.1,0,5.84,0,85.43,28.78,7.41,0,-59.5,6.29,21.363,0,10.08,0,1.185,2.03,0,8.26
3/26/2026,09:45, ,gtmpcwq_24G103007_031726_050000.bin,Pellicer Creek,GTMNERR,0,31.199,0,19.44,0,0.21,0,74.7,0,5.9,0,87.13,29.34,7.41,0,-59.3,6.29,21.408,0,9.42,0,1.192,1.84,0,7.47
3/26/2026,10:00, ,gtmpcwq_24G103007_031726_050000.bin,Pellicer Creek,GTMNERR,0,30.35,0,18.86,0,0.187,0,75.3,0,5.96,0,88.28,29.73,7.4,0,-59.2,6.29,21.478,0,9.98,0,1.192,2.9,0,11.76
3/26/2026,10:15, ,gtmpcwq_24G103007_031726_050000.bin,Pellicer Creek,GTMNERR,0,29.856,0,18.52,0,0.166,0,75.5,0,5.98,0,89.14,30.01,7.4,0,-59.1,6.29,21.505,0,9.04,0,1.186,2.54,0,10.3
3/26/2026,10:30, ,gtmpcwq_24G103007_031726_050000.bin,Pellicer Creek,GTMNERR,0,28.939,0,17.9,0,0.145,0,76.3,0,6.06,0,91.02,30.64,7.4,0,-58.9,6.29,21.552,0,8.55,0,1.194,2.5,0,10.14
3/26/2026,10:45, ,gtmpcwq_24G103007_031726_050000.bin,Pellicer Creek,GTMNERR,0,28.369,0,17.51,0,0.124,0,76.6,0,6.09,0,91.24,30.71,7.4,0,-58.9,6.29,21.588,0,9.28,0,1.192,2.74,0,11.12
3/26/2026,11:00, ,gtmpcwq_24G103007_031726_050000.bin,Pellicer Creek,GTMNERR,0,28.344,0,17.49,0,0.104,0,75.5,0,6.01,0,91.94,30.94,7.39,0,-58.4,6.29,21.575,0,8.49,0,1.189,2.69,0,10.93
3/26/2026,11:15, ,gtmpcwq_24G103007_031726_050000.bin,Pellicer Creek,GTMNERR,0,27.603,0,16.99,0,0.085,0,76.6,0,6.11,0,93.09,31.32,7.39,0,-58.3,6.29,21.612,0,8.38,0,1.186,2.77,0,11.26
3/26/2026,11:30, ,gtmpcwq_24G103007_031726_050000.bin,Pellicer Creek,GTMNERR,0,27.516,0,16.93,0,0.068,0,77.2,0,6.15,0,93.56,31.48,7.4,0,-58.7,6.29,21.657,0,8.72,0,1.186,2.75,0,11.14
3/26/2026,11:45, ,gtmpcwq_24G103007_031726_050000.bin,Pellicer Creek,GTMNERR,0,27.58,0,16.98,0,0.051,0,75.7,0,6.04,0,92.81,31.23,7.38,0,-57.9,6.28,21.616,0,8.03,0,1.189,2.58,0,10.47
3/26/2026,12:00, ,gtmpcwq_24G103007_031726_050000.bin,Pellicer Creek,GTMNERR,0,27.717,0,17.07,0,0.036,0,76.2,0,6.07,0,93.29,31.39,7.39,0,-58.3,6.29,21.65,0,8.38,0,1.187,2.44,0,9.91
3/26/2026,12:15, ,gtmpcwq_24G103007_031726_050000.bin,Pellicer Creek,GTMNERR,0,27.606,0,17,0,0.025,0,73.7,0,5.88,0,92.52,31.14,7.37,0,-57.3,6.29,21.613,0,7.44,0,1.188,2.22,0,9.03
3/26/2026,12:30, ,gtmpcwq_24G103007_031726_050000.bin,Pellicer Creek,GTMNERR,0,27.037,0,16.61,0,0.018,0,74.4,0,5.94,0,93.79,31.56,7.37,0,-57.4,6.29,21.664,0,7.65,0,1.194,2.34,0,9.49
3/26/2026,12:45, ,gtmpcwq_24G103007_031726_050000.bin,Pellicer Creek,GTMNERR,0,27.344,0,16.82,0,0.009,0,70.2,0,5.6,0,91.06,30.65,7.35,0,-56.2,6.29,21.659,0,6.37,0,1.188,1.84,0,7.49
3/26/2026,13:00, ,gtmpcwq_24G103007_031726_050000.bin,Pellicer Creek,GTMNERR,0,27.431,0,16.88,0,0.006,0,68.2,0,5.44,0,92.71,31.2,7.35,0,-56,6.29,21.69,0,7.03,0,1.182,2.12,0,8.6
3/26/2026,13:15, ,gtmpcwq_24G103007_031726_050000.bin,Pellicer Creek,GTMNERR,0,27.121,0,16.67,0,0.015,0,74.1,0,5.9,0,94.75,31.88,7.38,0,-58,6.29,21.779,0,7.52,0,1.194,2.42,0,9.81
3/26/2026,13:30, ,gtmpcwq_24G103007_031726_050000.bin,Pellicer Creek,GTMNERR,0,27.11,0,16.66,0,0.03,0,79.1,0,6.28,0,93.23,31.37,7.4,0,-59.2,6.29,21.981,0,9.83,0,1.19,3.29,0,13.35
3/26/2026,13:45, ,gtmpcwq_24G103007_031726_050000.bin,Pellicer Creek,GTMNERR,0,25.87,0,15.82,0,0.053,0,87,0,6.87,0,94.87,31.92,7.45,0,-62,6.29,22.599,0,7.62,0,1.185,3.88,0,15.72
3/26/2026,14:00, ,gtmpcwq_24G103007_031726_050000.bin,Pellicer Creek,GTMNERR,0,27.269,0,16.75,0,0.07,0,92.8,0,7.21,0,90.07,30.32,7.48,0,-64,6.29,23.13,0,10.62,0,1.194,5.03,0,20.37
3/26/2026,14:15, ,gtmpcwq_24G103007_031726_050000.bin,Pellicer Creek,GTMNERR,0,26.816,0,16.44,0,0.094,0,95.3,0,7.34,0,89.07,29.99,7.52,0,-66.4,6.29,23.719,0,9.07,0,1.191,5.24,0,21.22
3/26/2026,14:30, ,gtmpcwq_24G103007_031726_050000.bin,Pellicer Creek,GTMNERR,0,27.765,0,17.07,0,0.116,0,95.6,0,7.32,0,86.68,29.19,7.51,0,-65.7,6.29,23.847,0,11.13,0,1.183,4.39,0,17.78
3/26/2026,14:45, ,gtmpcwq_24G103007_031726_050000.bin,Pellicer Creek,GTMNERR,0,29.027,0,17.93,0,0.14,0,96.9,0,7.37,0,83.77,28.23,7.52,0,-66.6,6.29,23.935,0,13.37,0,1.188,3.72,0,15.07
3/26/2026,15:00, ,gtmpcwq_24G103007_031726_050000.bin,Pellicer Creek,GTMNERR,0,29.58,0,18.3,0,0.165,0,96.3,0,7.31,0,83.1,28,7.53,0,-66.9,6.29,23.891,0,12.1,0,1.185,4.24,0,17.19
3/26/2026,15:15, ,gtmpcwq_24G103007_031726_050000.bin,Pellicer Creek,GTMNERR,0,30.439,0,18.89,0,0.191,0,95.5,0,7.26,0,83.14,28.02,7.51,0,-65.9,6.29,23.64,0,11.61,0,1.191,3.68,0,14.92
3/26/2026,15:30, ,gtmpcwq_24G103007_031726_050000.bin,Pellicer Creek,GTMNERR,0,31.171,0,19.39,0,0.214,0,95.7,0,7.23,0,81.89,27.6,7.52,0,-66.5,6.29,23.834,0,11.03,0,1.183,3.31,0,13.44
3/26/2026,15:45, ,gtmpcwq_24G103007_031726_050000.bin,Pellicer Creek,GTMNERR,0,31.754,0,19.79,0,0.24,0,98.6,0,7.41,0,80.63,27.18,7.54,0,-67.8,6.28,23.974,0,11.47,0,1.2,3.56,0,14.44
3/26/2026,16:00, ,gtmpcwq_24G103007_031726_050000.bin,Pellicer Creek,GTMNERR,0,32.762,0,20.49,0,0.262,0,91.6,0,6.93,0,80.57,27.16,7.5,0,-65.3,6.29,23.42,0,11.47,0,1.182,3.82,0,15.49
3/26/2026,16:15, ,gtmpcwq_24G103007_031726_050000.bin,Pellicer Creek,GTMNERR,0,33.267,0,20.84,0,0.283,0,91.3,0,6.9,0,80.03,26.98,7.49,0,-64.6,6.29,23.343,0,11.51,0,1.191,2.64,0,10.71
3/26/2026,16:30, ,gtmpcwq_24G103007_031726_050000.bin,Pellicer Creek,GTMNERR,0,33.819,0,21.22,0,0.3,0,91.5,0,6.88,0,78.9,26.61,7.5,0,-64.9,6.29,23.493,0,10.54,0,1.198,2.6,0,10.57
3/26/2026,16:45, ,gtmpcwq_24G103007_031726_050000.bin,Pellicer Creek,GTMNERR,0,34.271,0,21.53,0,0.309,0,92,0,6.9,0,78.08,26.34,7.51,0,-65.4,6.29,23.627,0,10.32,0,1.188,2.85,0,11.57
3/26/2026,17:00, ,gtmpcwq_24G103007_031726_050000.bin,Pellicer Creek,GTMNERR,0,35.073,0,22.08,0,0.313,0,90.7,0,6.74,0,76.11,25.68,7.5,0,-65,6.28,23.904,0,11.02,0,1.192,2.35,0,9.55
3/26/2026,17:15, ,gtmpcwq_24G103007_031726_050000.bin,Pellicer Creek,GTMNERR,0,34.394,0,21.61,0,0.312,0,91,0,6.76,0,74.91,25.28,7.51,0,-65.6,6.29,24.092,0,10.34,0,1.182,2.52,0,10.22
3/26/2026,17:30, ,gtmpcwq_24G103007_031726_050000.bin,Pellicer Creek,GTMNERR,0,35.349,0,22.27,0,0.304,0,83.5,0,6.18,0,72.44,24.46,7.44,0,-61.5,6.28,24.018,0,11.1,0,1.189,1.93,0,7.86
3/26/2026,17:45, ,gtmpcwq_24G103007_031726_050000.bin,Pellicer Creek,GTMNERR,0,35.42,0,22.32,0,0.29,0,86,0,6.37,0,73.96,24.97,7.46,0,-62.6,6.29,24.055,0,10.5,0,1.192,2.29,0,9.31
3/26/2026,18:00, ,gtmpcwq_24G103007_031726_050000.bin,Pellicer Creek,GTMNERR,0,34.974,0,22.01,0,0.275,0,91.6,0,6.81,0,75.76,25.56,7.49,0,-64.6,6.28,23.917,0,11.14,0,1.186,2.66,0,10.81
3/26/2026,18:15, ,gtmpcwq_24G103007_031726_050000.bin,Pellicer Creek,GTMNERR,0,34.277,0,21.54,0,0.257,0,89.3,0,6.7,0,77.44,26.12,7.49,0,-64.2,6.28,23.518,0,11.46,0,1.187,2.92,0,11.84
3/26/2026,18:30, ,gtmpcwq_24G103007_031726_050000.bin,Pellicer Creek,GTMNERR,0,34.025,0,21.36,0,0.239,0,90.7,0,6.81,0,76.87,25.93,7.49,0,-64.5,6.29,23.56,0,11.41,0,1.201,2.85,0,11.56
3/26/2026,18:45, ,gtmpcwq_24G103007_031726_050000.bin,Pellicer Creek,GTMNERR,0,32.357,0,20.21,0,0.217,0,94,0,7.09,0,81.18,27.37,7.51,0,-65.4,6.29,23.648,0,11.28,0,1.189,3.1,0,12.59
3/26/2026,19:00, ,gtmpcwq_24G103007_031726_050000.bin,Pellicer Creek,GTMNERR,0,32.043,0,19.99,0,0.197,0,91.7,0,6.94,0,81.43,27.45,7.5,0,-65.1,6.29,23.547,0,10.92,0,1.184,3.19,0,12.94
3/26/2026,19:15, ,gtmpcwq_24G103007_031726_050000.bin,Pellicer Creek,GTMNERR,0,31.239,0,19.44,0,0.174,0,92.7,0,7.03,0,82.89,27.93,7.49,0,-64.6,6.29,23.592,0,9.97,0,1.192,3.44,0,13.97
3/26/2026,19:30, ,gtmpcwq_24G103007_031726_050000.bin,Pellicer Creek,GTMNERR,0,29.411,0,18.19,0,0.156,0,95.2,0,7.27,0,85.93,28.94,7.53,0,-66.6,6.29,23.634,0,9.92,0,1.188,3.11,0,12.6
3/26/2026,19:45, ,gtmpcwq_24G103007_031726_050000.bin,Pellicer Creek,GTMNERR,0,30.177,0,18.72,0,0.136,0,88.7,0,6.77,0,83.72,28.21,7.47,0,-63.4,6.29,23.464,0,9.81,0,1.193,3.25,0,13.19
3/26/2026,20:00, ,gtmpcwq_24G103007_031726_050000.bin,Pellicer Creek,GTMNERR,0,30.918,0,19.22,0,0.116,0,84.8,0,6.47,0,83.05,27.99,7.45,0,-62,6.29,23.375,0,9.77,0,1.192,3.39,0,13.74
3/26/2026,20:15, ,gtmpcwq_24G103007_031726_050000.bin,Pellicer Creek,GTMNERR,0,30.804,0,19.15,0,0.096,0,87,0,6.64,0,84.26,28.39,7.46,0,-62.6,6.29,23.33,0,11.06,0,1.192,3.89,0,15.79
3/26/2026,20:30, ,gtmpcwq_24G103007_031726_050000.bin,Pellicer Creek,GTMNERR,0,31.476,0,19.61,0,0.079,0,84.1,0,6.41,0,82.41,27.78,7.43,0,-61.2,6.29,23.291,0,10.15,0,1.191,3.92,0,15.91
3/26/2026,20:45, ,gtmpcwq_24G103007_031726_050000.bin,Pellicer Creek,GTMNERR,0,30.926,0,19.23,0,0.062,0,80.7,0,6.16,0,83.34,28.09,7.41,0,-59.9,6.29,23.264,0,9.45,0,1.191,3.46,0,14.02
3/26/2026,21:00, ,gtmpcwq_24G103007_031726_050000.bin,Pellicer Creek,GTMNERR,0,30.726,0,19.09,0,0.044,0,81.7,0,6.25,0,83.52,28.14,7.42,0,-60.3,6.28,23.249,0,9.68,0,1.187,4.67,0,18.94
3/26/2026,21:15, ,gtmpcwq_24G103007_031726_050000.bin,Pellicer Creek,GTMNERR,0,29.496,0,18.26,0,0.029,0,84.8,0,6.52,0,86.9,29.27,7.44,0,-61.4,6.29,23.217,0,10.4,0,1.195,4.54,0,18.38
3/26/2026,21:30, ,gtmpcwq_24G103007_031726_050000.bin,Pellicer Creek,GTMNERR,0,27.915,0,17.18,0,0.011,0,87,0,6.73,0,90.01,30.3,7.46,0,-62.4,6.28,23.207,0,9.73,0,1.199,3.6,0,14.58
3/26/2026,21:45, ,gtmpcwq_24G103007_031726_050000.bin,Pellicer Creek,GTMNERR,0,27.704,0,17.04,0,-0.007,0,86.1,0,6.67,0,89.86,30.25,7.44,0,-61.5,6.29,23.181,0,9.5,0,1.2,3.92,0,15.9
3/26/2026,22:00, ,gtmpcwq_24G103007_031726_050000.bin,Pellicer Creek,GTMNERR,0,29.951,0,18.57,0,-0.025,0,83.9,0,6.44,0,85.79,28.9,7.43,0,-60.9,6.29,23.193,0,10,0,1.201,4.33,0,17.53
3/26/2026,22:15, ,gtmpcwq_24G103007_031726_050000.bin,Pellicer Creek,GTMNERR,0,29.771,0,18.44,0,-0.041,0,82.2,0,6.32,0,86.44,29.11,7.41,0,-59.6,6.29,23.198,0,9.65,0,1.181,4.18,0,16.95
3/26/2026,22:30, ,gtmpcwq_24G103007_031726_050000.bin,Pellicer Creek,GTMNERR,0,29.365,0,18.17,0,-0.056,0,81,0,6.24,0,86.5,29.14,7.4,0,-59.2,6.29,23.183,0,9.83,0,1.2,3.51,0,14.23
3/26/2026,22:45, ,gtmpcwq_24G103007_031726_050000.bin,Pellicer Creek,GTMNERR,0,28.075,0,17.29,0,-0.069,0,79.8,0,6.18,0,88.17,29.69,7.4,0,-59.2,6.29,23.157,0,9,0,1.183,3.63,0,14.72
3/26/2026,23:00, ,gtmpcwq_24G103007_031726_050000.bin,Pellicer Creek,GTMNERR,0,28.487,0,17.57,0,-0.084,0,79,0,6.1,0,88.9,29.93,7.38,0,-58.2,6.29,23.144,0,8.48,0,1.183,3.2,0,12.98
3/26/2026,23:15, ,gtmpcwq_24G103007_031726_050000.bin,Pellicer Creek,GTMNERR,0,27.535,0,16.93,0,-0.097,0,77.6,0,6.03,0,89.54,30.15,7.36,0,-56.7,6.29,23.108,0,8.73,0,1.2,2.86,0,11.59
3/26/2026,23:30, ,gtmpcwq_24G103007_031726_050000.bin,Pellicer Creek,GTMNERR,0,27.48,0,16.89,0,-0.111,0,74.9,0,5.82,0,89.5,30.13,7.36,0,-56.9,6.29,23.097,0,7.93,0,1.183,3.15,0,12.79
3/26/2026,23:45, ,gtmpcwq_24G103007_031726_050000.bin,Pellicer Creek,GTMNERR,0,26.769,0,16.41,0,-0.123,0,77.2,0,6.02,0,91.07,30.65,7.37,0,-57.3,6.28,23.06,0,8.42,0,1.192,3.27,0,13.28
3/27/2026,00:00, ,gtmpcwq_24G103007_031726_050000.bin,Pellicer Creek,GTMNERR,0,26.558,0,16.27,0,-0.134,0,75.9,0,5.92,0,91.1,30.67,7.37,0,-57,6.29,23.052,0,7.94,0,1.19,2.89,0,11.74
3/27/2026,00:15, ,gtmpcwq_24G103007_031726_050000.bin,Pellicer Creek,GTMNERR,0,26.507,0,16.24,0,-0.145,0,77.1,0,6.01,0,90.03,30.31,7.38,0,-57.6,6.29,23.065,0,7.74,0,1.192,2.99,0,12.13
3/27/2026,00:30, ,gtmpcwq_24G103007_031726_050000.bin,Pellicer Creek,GTMNERR,0,25.811,0,15.77,0,-0.154,0,76.3,0,5.97,0,92.34,31.08,7.37,0,-57.4,6.29,23.065,0,7.31,0,1.189,3.41,0,13.84
3/27/2026,00:45, ,gtmpcwq_24G103007_031726_050000.bin,Pellicer Creek,GTMNERR,0,25.736,0,15.72,0,-0.161,0,76,0,5.94,0,92.4,31.1,7.38,0,-58.1,6.28,23.076,0,7.19,0,1.186,3.79,0,15.35
3/27/2026,01:00, ,gtmpcwq_24G103007_031726_050000.bin,Pellicer Creek,GTMNERR,0,25.195,0,15.36,0,-0.159,0,76.8,0,6.03,0,94.75,31.88,7.39,0,-58.6,6.29,23.051,0,6.95,0,1.188,3.93,0,15.94
3/27/2026,01:15, ,gtmpcwq_24G103007_031726_050000.bin,Pellicer Creek,GTMNERR,0,23.951,0,14.53,0,-0.148,0,80.3,0,6.34,0,97.65,32.84,7.41,0,-59.4,6.29,22.982,0,7.64,0,1.189,3.07,0,12.45
3/27/2026,01:30, ,gtmpcwq_24G103007_031726_050000.bin,Pellicer Creek,GTMNERR,0,22.007,0,13.25,0,-0.134,0,83.3,0,6.64,0,100.68,33.85,7.42,0,-60.2,6.29,22.822,0,7.61,0,1.191,3.05,0,12.38
3/27/2026,01:45, ,gtmpcwq_24G103007_031726_050000.bin,Pellicer Creek,GTMNERR,0,21.456,0,12.89,0,-0.12,0,84.2,0,6.76,0,101.35,34.07,7.43,0,-60.9,6.29,22.567,0,7.76,0,1.191,2.36,0,9.6
3/27/2026,02:00, ,gtmpcwq_24G103007_031726_050000.bin,Pellicer Creek,GTMNERR,0,21.384,0,12.85,0,-0.1,0,85.3,0,6.85,0,102.4,34.42,7.44,0,-61.2,6.29,22.568,0,7.1,0,1.193,2.21,0,8.96
3/27/2026,02:15, ,gtmpcwq_24G103007_031726_050000.bin,Pellicer Creek,GTMNERR,0,23.21,0,14.05,0,-0.076,0,82.6,0,6.6,0,99.34,33.4,7.43,0,-60.6,6.29,22.449,0,7.68,0,1.193,2.77,0,11.24
3/27/2026,02:30, ,gtmpcwq_24G103007_031726_050000.bin,Pellicer Creek,GTMNERR,0,23.784,0,14.43,0,-0.049,0,82.8,0,6.61,0,98.47,33.11,7.43,0,-60.7,6.29,22.369,0,8.3,0,1.193,2.99,0,12.11
3/27/2026,02:45, ,gtmpcwq_24G103007_031726_050000.bin,Pellicer Creek,GTMNERR,0,25.098,0,15.3,0,-0.022,0,82.2,0,6.52,0,95.83,32.24,7.44,0,-61.2,6.29,22.449,0,8.76,0,1.189,3.05,0,12.38
3/27/2026,03:00, ,gtmpcwq_24G103007_031726_050000.bin,Pellicer Creek,GTMNERR,0,25.196,0,15.37,0,0.009,0,82.3,0,6.55,0,96.1,32.33,7.44,0,-61.5,6.29,22.326,0,8,0,1.188,3.03,0,12.28
3/27/2026,03:15, ,gtmpcwq_24G103007_031726_050000.bin,Pellicer Creek,GTMNERR,0,25.474,0,15.56,0,0.042,0,80.4,0,6.39,0,95.82,32.23,7.43,0,-61,6.29,22.329,0,7.87,0,1.189,2.97,0,12.06
3/27/2026,03:30, ,gtmpcwq_24G103007_031726_050000.bin,Pellicer Creek,GTMNERR,0,28.493,0,17.58,0,0.076,0,79.4,0,6.19,0,89.68,30.19,7.42,0,-60.2,6.29,22.689,0,10.19,0,1.188,2.59,0,10.51
3/27/2026,03:45, ,gtmpcwq_24G103007_031726_050000.bin,Pellicer Creek,GTMNERR,0,30.151,0,18.71,0,0.113,0,78.1,0,6.03,0,86.15,29.02,7.41,0,-59.7,6.29,22.878,0,12.39,0,1.187,2.63,0,10.68
3/27/2026,04:00, ,gtmpcwq_24G103007_031726_050000.bin,Pellicer Creek,GTMNERR,0,32.266,0,20.15,0,0.153,0,75.4,0,5.77,0,84.02,28.31,7.39,0,-58.5,6.29,22.967,0,12.43,0,1.195,2.54,0,10.32
3/27/2026,04:15, ,gtmpcwq_24G103007_031726_050000.bin,Pellicer Creek,GTMNERR,0,32.41,0,20.26,0,0.193,0,72.4,0,5.56,0,87.44,29.45,7.37,0,-57.1,6.29,22.646,0,10.72,0,1.186,2.35,0,9.54
3/27/2026,04:30, ,gtmpcwq_24G103007_031726_050000.bin,Pellicer Creek,GTMNERR,0,33.355,0,20.91,0,0.232,0,71,0,5.45,0,85.18,28.69,7.36,0,-56.8,6.29,22.499,0,13.24,0,1.182,1.95,0,7.91
3/27/2026,04:45, ,gtmpcwq_24G103007_031726_050000.bin,Pellicer Creek,GTMNERR,0,33.994,0,21.36,0,0.268,0,73.4,0,5.63,0,83.21,28.04,7.39,0,-58.6,6.29,22.36,0,11.87,0,1.199,2.19,0,8.89
3/27/2026,05:00, ,gtmpcwq_24G103007_031726_050000.bin,Pellicer Creek,GTMNERR,0,35.292,0,22.26,0,0.298,0,69.7,0,5.31,0,79.17,26.7,7.41,0,-59.6,6.29,22.43,0,13.21,0,1.182,2.03,0,8.27
3/27/2026,05:15, ,gtmpcwq_24G103007_031726_050000.bin,Pellicer Creek,GTMNERR,0,36.083,0,22.81,0,0.325,0,73.4,0,5.59,0,75.95,25.63,7.44,0,-61.1,6.29,22.359,0,13.67,0,1.186,1.95,0,7.92
3/27/2026,05:30, ,gtmpcwq_24G103007_031726_050000.bin,Pellicer Creek,GTMNERR,0,36.626,0,23.19,0,0.346,0,75.1,0,5.71,0,74.15,25.03,7.47,0,-63.1,6.29,22.256,0,13.57,0,1.191,1.77,0,7.2
3/27/2026,05:45, ,gtmpcwq_24G103007_031726_050000.bin,Pellicer Creek,GTMNERR,0,37.332,0,23.69,0,0.362,0,75.3,0,5.71,0,71.69,24.21,7.48,0,-63.9,6.29,22.218,0,12.68,0,1.195,1.72,0,7.01
3/27/2026,06:00, ,gtmpcwq_24G103007_031726_050000.bin,Pellicer Creek,GTMNERR,0,37.989,0,24.15,0,0.374,0,74.1,0,5.61,0,70.13,23.69,7.5,0,-64.8,6.29,22.187,0,13.02,0,1.192,1.69,0,6.86
3/27/2026,06:15, ,gtmpcwq_24G103007_031726_050000.bin,Pellicer Creek,GTMNERR,0,38.63,0,24.6,0,0.382,0,73.6,0,5.56,0,67.93,22.96,7.5,0,-65.2,6.28,22.144,0,11.78,0,1.182,1.74,0,7.09
3/27/2026,06:30, ,gtmpcwq_24G103007_031726_050000.bin,Pellicer Creek,GTMNERR,0,39.628,0,25.31,0,0.384,0,73.3,0,5.52,0,64.23,21.73,7.52,0,-66.4,6.29,22.148,0,12.09,0,1.193,1.67,0,6.78
3/27/2026,06:45, ,gtmpcwq_24G103007_031726_050000.bin,Pellicer Creek,GTMNERR,0,39.188,0,25,0,0.379,0,70.3,0,5.31,0,66.02,22.33,7.49,0,-64.6,6.29,22.118,0,12.15,0,1.193,1.61,0,6.55
3/27/2026,07:00, ,gtmpcwq_24G103007_031726_050000.bin,Pellicer Creek,GTMNERR,0,40.014,0,25.58,0,0.364,0,69,0,5.19,0,61.31,20.76,7.49,0,-64.3,6.29,22.125,0,12.55,0,1.189,1.35,0,5.51
3/27/2026,07:15, ,gtmpcwq_24G103007_031726_050000.bin,Pellicer Creek,GTMNERR,0,39.8,0,25.43,0,0.344,0,71.9,0,5.41,0,63.6,21.52,7.51,0,-65.7,6.28,22.13,0,11.87,0,1.182,1.38,0,5.62
3/27/2026,07:30, ,gtmpcwq_24G103007_031726_050000.bin,Pellicer Creek,GTMNERR,0,38.517,0,24.52,0,0.325,0,74,0,5.6,0,68.77,23.24,7.51,0,-65.3,6.28,22.134,0,11.75,0,1.193,1.43,0,5.81
3/27/2026,07:45, ,gtmpcwq_24G103007_031726_050000.bin,Pellicer Creek,GTMNERR,0,38.068,0,24.2,0,0.306,0,73.9,0,5.6,0,69.97,23.64,7.5,0,-64.7,6.29,22.172,0,11.69,0,1.182,1.47,0,5.98
3/27/2026,08:00, ,gtmpcwq_24G103007_031726_050000.bin,Pellicer Creek,GTMNERR,0,37.737,0,23.97,0,0.287,0,73.6,0,5.58,0,71.03,23.99,7.49,0,-64.4,6.29,22.173,0,13.01,0,1.198,1.58,0,6.44
3/27/2026,08:15, ,gtmpcwq_24G103007_031726_050000.bin,Pellicer Creek,GTMNERR,0,35.527,0,22.42,0,0.265,0,72.8,0,5.57,0,76.15,25.7,7.46,0,-62.3,6.29,22.169,0,13.1,0,1.184,1.86,0,7.54
3/27/2026,08:30, ,gtmpcwq_24G103007_031726_050000.bin,Pellicer Creek,GTMNERR,0,34.962,0,22.03,0,0.241,0,72.7,0,5.58,0,77.57,26.17,7.44,0,-61.2,6.29,22.21,0,13.11,0,1.188,2.15,0,8.73
3/27/2026,08:45, ,gtmpcwq_24G103007_031726_050000.bin,Pellicer Creek,GTMNERR,0,32.637,0,20.42,0,0.219,0,73.7,0,5.7,0,83.12,28.01,7.42,0,-60.4,6.29,22.237,0,11.51,0,1.192,2.53,0,10.28
3/27/2026,09:00, ,gtmpcwq_24G103007_031726_050000.bin,Pellicer Creek,GTMNERR,0,31.396,0,19.57,0,0.196,0,74,0,5.75,0,85.7,28.87,7.41,0,-59.5,6.29,22.267,0,10.47,0,1.189,2.33,0,9.45
3/27/2026,09:15, ,gtmpcwq_24G103007_031726_050000.bin,Pellicer Creek,GTMNERR,0,30.792,0,19.15,0,0.173,0,74.5,0,5.79,0,86.91,29.27,7.4,0,-59.3,6.29,22.337,0,10.11,0,1.188,2.47,0,10.04
3/27/2026,09:30, ,gtmpcwq_24G103007_031726_050000.bin,Pellicer Creek,GTMNERR,0,30.518,0,18.96,0,0.149,0,73.7,0,5.73,0,86.81,29.24,7.4,0,-59,6.29,22.391,0,9.78,0,1.186,2.83,0,11.47
3/27/2026,09:45, ,gtmpcwq_24G103007_031726_050000.bin,Pellicer Creek,GTMNERR,0,29.895,0,18.54,0,0.127,0,74.7,0,5.82,0,87.87,29.59,7.4,0,-59.2,6.29,22.477,0,10.24,0,1.192,2.54,0,10.31
3/27/2026,10:00, ,gtmpcwq_24G103007_031726_050000.bin,Pellicer Creek,GTMNERR,0,30.291,0,18.81,0,0.107,0,73.8,0,5.74,0,87.43,29.44,7.39,0,-58.6,6.29,22.468,0,9.74,0,1.192,2.36,0,9.56
3/27/2026,10:15, ,gtmpcwq_24G103007_031726_050000.bin,Pellicer Creek,GTMNERR,0,29.685,0,18.39,0,0.086,0,75,0,5.83,0,87.54,29.48,7.4,0,-59,6.29,22.593,0,10.07,0,1.192,2.33,0,9.48
3/27/2026,10:30, ,gtmpcwq_24G103007_031726_050000.bin,Pellicer Creek,GTMNERR,0,29.346,0,18.16,0,0.066,0,76.2,0,5.94,0,89.32,30.07,7.41,0,-59.4,6.29,22.522,0,9.98,0,1.192,2.68,0,10.86
3/27/2026,10:45, ,gtmpcwq_24G103007_031726_050000.bin,Pellicer Creek,GTMNERR,0,29.064,0,17.97,0,0.046,0,77,0,6,0,89.73,30.21,7.41,0,-59.4,6.29,22.583,0,9.93,0,1.181,2.52,0,10.23
3/27/2026,11:00, ,gtmpcwq_24G103007_031726_050000.bin,Pellicer Creek,GTMNERR,0,28.637,0,17.68,0,0.027,0,76.3,0,5.96,0,90.56,30.49,7.4,0,-59.1,6.29,22.505,0,9.31,0,1.19,2.57,0,10.43
3/27/2026,11:15, ,gtmpcwq_24G103007_031726_050000.bin,Pellicer Creek,GTMNERR,0,27.786,0,17.1,0,0.006,0,79.7,0,6.24,0,91.83,30.91,7.41,0,-59.7,6.29,22.658,0,9.2,0,1.189,2.79,0,11.32
3/27/2026,11:30, ,gtmpcwq_24G103007_031726_050000.bin,Pellicer Creek,GTMNERR,0,27.909,0,17.19,0,-0.013,0,78.9,0,6.17,0,91.72,30.87,7.41,0,-59.4,6.29,22.638,0,9.09,0,1.19,2.66,0,10.78
3/27/2026,11:45, ,gtmpcwq_24G103007_031726_050000.bin,Pellicer Creek,GTMNERR,0,27.882,0,17.17,0,-0.03,0,78.4,0,6.13,0,91.79,30.89,7.4,0,-59.2,6.29,22.672,0,8.57,0,1.192,2.68,0,10.89
3/27/2026,12:00, ,gtmpcwq_24G103007_031726_050000.bin,Pellicer Creek,GTMNERR,0,27.254,0,16.74,0,-0.038,0,76.3,0,5.96,0,91.04,30.64,7.38,0,-57.7,6.29,22.778,0,9.18,0,1.186,2.57,0,10.43
3/27/2026,12:15, ,gtmpcwq_24G103007_031726_050000.bin,Pellicer Creek,GTMNERR,0,27.259,0,16.75,0,-0.049,0,72.9,0,5.7,0,91.32,30.74,7.35,0,-56.1,6.29,22.814,0,8.73,0,1.192,2.26,0,9.18
3/27/2026,12:30, ,gtmpcwq_24G103007_031726_050000.bin,Pellicer Creek,GTMNERR,0,27.007,0,16.58,0,-0.066,0,75,0,5.86,0,91.88,30.92,7.37,0,-57.4,6.29,22.857,0,7.43,0,1.193,2.81,0,11.41
3/27/2026,12:45, ,gtmpcwq_24G103007_031726_050000.bin,Pellicer Creek,GTMNERR,0,27.372,0,16.82,0,-0.085,0,74.5,0,5.83,0,90.47,30.45,7.37,0,-57.1,6.29,22.776,0,7.4,0,1.193,2.76,0,11.2
3/27/2026,13:00, ,gtmpcwq_24G103007_031726_050000.bin,Pellicer Creek,GTMNERR,0,27.665,0,17.02,0,-0.096,0,70.2,0,5.48,0,88.82,29.9,7.33,0,-54.6,6.29,22.733,0,9.66,0,1.189,2.53,0,10.29
3/27/2026,13:15, ,gtmpcwq_24G103007_031726_050000.bin,Pellicer Creek,GTMNERR,0,28.07,0,17.29,0,-0.107,0,69.9,0,5.45,0,88.93,29.94,7.33,0,-55.1,6.29,22.83,0,7.18,0,1.182,2.3,0,9.32
3/27/2026,13:30, ,gtmpcwq_24G103007_031726_050000.bin,Pellicer Creek,GTMNERR,0,28.012,0,17.25,0,-0.118,0,72.8,0,5.67,0,88.26,29.72,7.36,0,-56.5,6.29,22.859,0,6.96,0,1.189,2.52,0,10.24
3/27/2026,13:45, ,gtmpcwq_24G103007_031726_050000.bin,Pellicer Creek,GTMNERR,0,27.393,0,16.84,0,-0.133,0,71.9,0,5.61,0,91.6,30.83,7.35,0,-55.9,6.29,22.867,0,7.6,0,1.186,2.39,0,9.69
3/27/2026,14:00, ,gtmpcwq_24G103007_031726_050000.bin,Pellicer Creek,GTMNERR,0,26.952,0,16.54,0,-0.139,0,75.2,0,5.87,0,91.3,30.73,7.38,0,-57.8,6.29,22.934,0,7.34,0,1.19,2.87,0,11.64
3/27/2026,14:15, ,gtmpcwq_24G103007_031726_050000.bin,Pellicer Creek,GTMNERR,0,26.161,0,16.01,0,-0.141,0,80.7,0,6.31,0,92.77,31.22,7.41,0,-59.6,6.29,23.045,0,7.77,0,1.189,3.43,0,13.89
3/27/2026,14:30, ,gtmpcwq_24G103007_031726_050000.bin,Pellicer Creek,GTMNERR,0,24.937,0,15.18,0,-0.129,0,84.4,0,6.59,0,95.17,32.02,7.43,0,-60.7,6.29,23.378,0,8.39,0,1.188,3.85,0,15.59
3/27/2026,14:45, ,gtmpcwq_24G103007_031726_050000.bin,Pellicer Creek,GTMNERR,0,23.585,0,14.28,0,-0.118,0,93.5,0,7.3,0,97.56,32.81,7.48,0,-63.9,6.29,23.638,0,8.62,0,1.187,5.5,0,22.28
3/27/2026,15:00, ,gtmpcwq_24G103007_031726_050000.bin,Pellicer Creek,GTMNERR,0,22.629,0,13.62,0,-0.102,0,109.1,0,8.2,0,91.93,30.94,7.57,0,-69.8,6.29,26.021,0,10.94,0,1.192,4.49,0,18.21
3/27/2026,15:15, ,gtmpcwq_24G103007_031726_050000.bin,Pellicer Creek,GTMNERR,0,22.906,0,13.8,0,-0.089,0,109.3,0,8.18,0,91.07,30.65,7.58,0,-70.4,6.29,26.197,0,11.41,0,1.181,4.27,0,17.3
3/27/2026,15:30, ,gtmpcwq_24G103007_031726_050000.bin,Pellicer Creek,GTMNERR,0,24.028,0,14.54,0,-0.069,0,108.2,0,8.08,0,88.55,29.82,7.6,0,-71.3,6.29,26.041,0,13.24,0,1.192,3.79,0,15.37
3/27/2026,15:45, ,gtmpcwq_24G103007_031726_050000.bin,Pellicer Creek,GTMNERR,0,25.001,0,15.19,0,-0.048,0,107.8,0,8.03,0,87.07,29.32,7.59,0,-70.9,6.29,25.969,0,13.89,0,1.193,4.23,0,17.13
3/27/2026,16:00, ,gtmpcwq_24G103007_031726_050000.bin,Pellicer Creek,GTMNERR,0,25.997,0,15.85,0,-0.025,0,109,0,8.06,0,84.94,28.62,7.61,0,-71.8,6.29,26.15,0,13.41,0,1.192,6.34,0,25.69
3/27/2026,16:15, ,gtmpcwq_24G103007_031726_050000.bin,Pellicer Creek,GTMNERR,0,26.735,0,16.35,0,0,0,108.1,0,7.97,0,83.68,28.2,7.62,0,-72.4,6.29,26.198,0,14.52,0,1.192,5.86,0,23.75
3/27/2026,16:30, ,gtmpcwq_24G103007_031726_050000.bin,Pellicer Creek,GTMNERR,0,27.374,0,16.78,0,0.026,0,108.4,0,7.99,0,83.18,28.03,7.62,0,-72.8,6.29,26.124,0,13.35,0,1.185,5.27,0,21.37
3/27/2026,16:45, ,gtmpcwq_24G103007_031726_050000.bin,Pellicer Creek,GTMNERR,0,28.256,0,17.37,0,0.054,0,105.8,0,7.78,0,82.14,27.69,7.62,0,-72.8,6.29,26.045,0,13.48,0,1.187,4.99,0,20.21
3/27/2026,17:00, ,gtmpcwq_24G103007_031726_050000.bin,Pellicer Creek,GTMNERR,0,29.19,0,18,0,0.08,0,104.4,0,7.65,0,80.89,27.27,7.62,0,-72.4,6.29,26.013,0,17.3,0,1.189,5.51,0,22.31
3/27/2026,17:15, ,gtmpcwq_24G103007_031726_050000.bin,Pellicer Creek,GTMNERR,0,29.904,0,18.49,0,0.11,0,104.7,0,7.66,0,79.36,26.76,7.62,0,-72.8,6.29,25.961,0,14.49,0,1.189,5.3,0,21.48
3/27/2026,17:30, ,gtmpcwq_24G103007_031726_050000.bin,Pellicer Creek,GTMNERR,0,30.682,0,19.02,0,0.136,0,103.4,0,7.55,0,78.67,26.53,7.62,0,-72.7,6.29,25.896,0,13.59,0,1.189,5.28,0,21.38
3/27/2026,17:45, ,gtmpcwq_24G103007_031726_050000.bin,Pellicer Creek,GTMNERR,0,31.557,0,19.62,0,0.161,0,102.6,0,7.46,0,77.34,26.09,7.63,0,-73.3,6.29,25.963,0,13.83,0,1.189,4.52,0,18.33
3/27/2026,18:00, ,gtmpcwq_24G103007_031726_050000.bin,Pellicer Creek,GTMNERR,0,32.382,0,20.18,0,0.18,0,102.5,0,7.42,0,75.79,25.58,7.64,0,-73.7,6.29,26.049,0,13.25,0,1.192,5.4,0,21.89
3/27/2026,18:15, ,gtmpcwq_24G103007_031726_050000.bin,Pellicer Creek,GTMNERR,0,32.884,0,20.53,0,0.194,0,103.4,0,7.47,0,75.93,25.62,7.63,0,-73.1,6.29,25.992,0,12.67,0,1.198,4.68,0,18.99
3/27/2026,18:30, ,gtmpcwq_24G103007_031726_050000.bin,Pellicer Creek,GTMNERR,0,32.952,0,20.58,0,0.201,0,99.7,0,7.21,0,75.46,25.46,7.58,0,-70.3,6.29,25.887,0,12.64,0,1.201,3.43,0,13.89
3/27/2026,18:45, ,gtmpcwq_24G103007_031726_050000.bin,Pellicer Creek,GTMNERR,0,33.777,0,21.15,0,0.197,0,91.5,0,6.61,0,72.24,24.4,7.51,0,-65.7,6.29,25.874,0,12.79,0,1.191,2.59,0,10.5
3/27/2026,19:00, ,gtmpcwq_24G103007_031726_050000.bin,Pellicer Creek,GTMNERR,0,33.595,0,21.03,0,0.182,0,94.9,0,6.88,0,71.31,24.09,7.56,0,-68.7,6.29,25.612,0,16.29,0,1.183,2.97,0,12.06
3/27/2026,19:15, ,gtmpcwq_24G103007_031726_050000.bin,Pellicer Creek,GTMNERR,0,33.64,0,21.06,0,0.169,0,90.6,0,6.57,0,73.66,24.87,7.52,0,-66.7,6.29,25.644,0,12.18,0,1.184,3.03,0,12.31
3/27/2026,19:30, ,gtmpcwq_24G103007_031726_050000.bin,Pellicer Creek,GTMNERR,0,33.201,0,20.75,0,0.155,0,97.8,0,7.09,0,75.26,25.4,7.58,0,-70.3,6.29,25.768,0,12.22,0,1.189,3.31,0,13.44
3/27/2026,19:45, ,gtmpcwq_24G103007_031726_050000.bin,Pellicer Creek,GTMNERR,0,32.687,0,20.4,0,0.137,0,98.5,0,7.15,0,76.59,25.84,7.58,0,-70.3,6.29,25.788,0,11.66,0,1.194,3.04,0,12.35
3/27/2026,20:00, ,gtmpcwq_24G103007_031726_050000.bin,Pellicer Creek,GTMNERR,0,31.727,0,19.74,0,0.12,0,97.3,0,7.11,0,78.73,26.55,7.57,0,-69.5,6.28,25.638,0,11.23,0,1.193,3,0,12.16
3/27/2026,20:15, ,gtmpcwq_24G103007_031726_050000.bin,Pellicer Creek,GTMNERR,0,30.544,0,18.93,0,0.103,0,96.8,0,7.11,0,80.17,27.03,7.57,0,-69.5,6.29,25.575,0,10.59,0,1.192,3.14,0,12.73
3/27/2026,20:30, ,gtmpcwq_24G103007_031726_050000.bin,Pellicer Creek,GTMNERR,0,32.2,0,20.07,0,0.083,0,88.7,0,6.5,0,77.69,26.21,7.5,0,-65.4,6.28,25.402,0,10.69,0,1.186,3.53,0,14.3
3/27/2026,20:45, ,gtmpcwq_24G103007_031726_050000.bin,Pellicer Creek,GTMNERR,0,31.757,0,19.76,0,0.066,0,95.3,0,6.98,0,79.24,26.72,7.54,0,-68,6.29,25.485,0,11.47,0,1.189,3.13,0,12.71
3/27/2026,21:00, ,gtmpcwq_24G103007_031726_050000.bin,Pellicer Creek,GTMNERR,0,31.588,0,19.65,0,0.052,0,92.5,0,6.79,0,79.64,26.85,7.53,0,-66.8,6.29,25.45,0,10.69,0,1.185,3.09,0,12.55
3/27/2026,21:15, ,gtmpcwq_24G103007_031726_050000.bin,Pellicer Creek,GTMNERR,0,30.354,0,18.81,0,0.035,0,95.1,0,7.01,0,82.07,27.66,7.55,0,-68.1,6.29,25.442,0,10.87,0,1.182,3.39,0,13.74
3/27/2026,21:30, ,gtmpcwq_24G103007_031726_050000.bin,Pellicer Creek,GTMNERR,0,30.434,0,18.86,0,0.017,0,93.3,0,6.88,0,82.36,27.76,7.53,0,-67,6.29,25.362,0,10.99,0,1.188,3.78,0,15.33
3/27/2026,21:45, ,gtmpcwq_24G103007_031726_050000.bin,Pellicer Creek,GTMNERR,0,29.643,0,18.32,0,0.001,0,93,0,6.89,0,83.59,28.17,7.52,0,-66.4,6.29,25.334,0,11.26,0,1.198,3.93,0,15.94
3/27/2026,22:00, ,gtmpcwq_24G103007_031726_050000.bin,Pellicer Creek,GTMNERR,0,28.774,0,17.73,0,-0.016,0,93,0,6.91,0,85.46,28.79,7.51,0,-66.1,6.29,25.302,0,10.54,0,1.189,4.31,0,17.45
3/27/2026,22:15, ,gtmpcwq_24G103007_031726_050000.bin,Pellicer Creek,GTMNERR,0,29.531,0,18.25,0,-0.033,0,90.7,0,6.73,0,84.57,28.49,7.49,0,-64.8,6.29,25.263,0,10.05,0,1.184,3.96,0,16.07
3/27/2026,22:30, ,gtmpcwq_24G103007_031726_050000.bin,Pellicer Creek,GTMNERR,0,29.838,0,18.46,0,-0.049,0,88.3,0,6.54,0,83.48,28.13,7.48,0,-63.8,6.29,25.242,0,10.77,0,1.189,3.96,0,16.07
3/27/2026,22:45, ,gtmpcwq_24G103007_031726_050000.bin,Pellicer Creek,GTMNERR,0,30.847,0,19.15,0,-0.064,0,84.3,0,6.22,0,81.81,27.58,7.43,0,-61.2,6.29,25.281,0,9.26,0,1.193,4.17,0,16.89
3/27/2026,23:00, ,gtmpcwq_24G103007_031726_050000.bin,Pellicer Creek,GTMNERR,0,30.744,0,19.07,0,-0.078,0,85.3,0,6.29,0,81.44,27.45,7.46,0,-63.1,6.29,25.282,0,10.17,0,1.189,3.72,0,15.08
3/27/2026,23:15, ,gtmpcwq_24G103007_031726_050000.bin,Pellicer Creek,GTMNERR,0,30.401,0,18.84,0,-0.093,0,82.4,0,6.09,0,82.02,27.64,7.43,0,-61.1,6.29,25.26,0,9.28,0,1.184,3.32,0,13.47
3/27/2026,23:30, ,gtmpcwq_24G103007_031726_050000.bin,Pellicer Creek,GTMNERR,0,30.655,0,19.01,0,-0.108,0,82.7,0,6.11,0,81.12,27.35,7.44,0,-61.8,6.29,25.249,0,9.47,0,1.192,3.81,0,15.46
3/27/2026,23:45, ,gtmpcwq_24G103007_031726_050000.bin,Pellicer Creek,GTMNERR,0,30.639,0,19,0,-0.122,0,78.7,0,5.81,0,80.1,27.01,7.4,0,-59.2,6.29,25.237,0,9.58,0,1.186,3.88,0,15.72
3/28/2026,00:00, ,gtmpcwq_24G103007_031726_050000.bin,Pellicer Creek,GTMNERR,0,30.538,0,18.94,0,-0.135,0,74.7,0,5.52,0,80.67,27.2,7.38,0,-58.2,6.29,25.218,0,8.38,0,1.188,3.94,0,15.97
3/28/2026,00:15, ,gtmpcwq_24G103007_031726_050000.bin,Pellicer Creek,GTMNERR,0,30.289,0,18.77,0,-0.146,0,74.3,0,5.5,0,80.63,27.18,7.38,0,-58.1,6.29,25.184,0,8.21,0,1.186,3.34,0,13.56
3/28/2026,00:30, ,gtmpcwq_24G103007_031726_050000.bin,Pellicer Creek,GTMNERR,0,29.598,0,18.3,0,-0.158,0,78.7,0,5.84,0,84.56,28.49,7.41,0,-60,6.29,25.165,0,8.81,0,1.192,3.46,0,14.03
3/28/2026,00:45, ,gtmpcwq_24G103007_031726_050000.bin,Pellicer Creek,GTMNERR,0,27.934,0,17.17,0,-0.17,0,77.6,0,5.8,0,85.17,28.69,7.39,0,-58.6,6.29,25.118,0,8.47,0,1.187,3.02,0,12.25
3/28/2026,01:00, ,gtmpcwq_24G103007_031726_050000.bin,Pellicer Creek,GTMNERR,0,27.575,0,16.93,0,-0.179,0,78,0,5.85,0,87.13,29.34,7.4,0,-59.5,6.29,25.051,0,8.77,0,1.192,3.16,0,12.81
3/28/2026,01:15, ,gtmpcwq_24G103007_031726_050000.bin,Pellicer Creek,GTMNERR,0,26.843,0,16.44,0,-0.187,0,78.4,0,5.9,0,86.84,29.25,7.39,0,-58.4,6.29,25.01,0,8.44,0,1.189,3.22,0,13.06
3/28/2026,01:30, ,gtmpcwq_24G103007_031726_050000.bin,Pellicer Creek,GTMNERR,0,26.877,0,16.46,0,-0.196,0,77.3,0,5.82,0,85.56,28.82,7.38,0,-58,6.29,24.983,0,8.22,0,1.185,2.61,0,10.59
3/28/2026,01:45, ,gtmpcwq_24G103007_031726_050000.bin,Pellicer Creek,GTMNERR,0,27.316,0,16.75,0,-0.205,0,75.7,0,5.68,0,87.21,29.37,7.36,0,-56.9,6.29,25.039,0,7.89,0,1.199,3.34,0,13.54
3/28/2026,02:00, ,gtmpcwq_24G103007_031726_050000.bin,Pellicer Creek,GTMNERR,0,26.96,0,16.51,0,-0.211,0,75.2,0,5.66,0,86.85,29.25,7.35,0,-56.5,6.29,25.041,0,7.37,0,1.192,3.16,0,12.82
3/28/2026,02:15, ,gtmpcwq_24G103007_031726_050000.bin,Pellicer Creek,GTMNERR,0,26.062,0,15.91,0,-0.216,0,77.3,0,5.83,0,90.26,30.38,7.37,0,-57.7,6.29,25.023,0,7.63,0,1.183,3.24,0,13.14
3/28/2026,02:30, ,gtmpcwq_24G103007_031726_050000.bin,Pellicer Creek,GTMNERR,0,25.483,0,15.53,0,-0.214,0,82,0,6.2,0,93.01,31.3,7.4,0,-59.2,6.29,25.003,0,6.8,0,1.19,2.91,0,11.79
3/28/2026,02:45, ,gtmpcwq_24G103007_031726_050000.bin,Pellicer Creek,GTMNERR,0,23.741,0,14.37,0,-0.205,0,86.1,0,6.57,0,95.39,32.09,7.44,0,-61.3,6.29,24.861,0,6.98,0,1.191,2.83,0,11.49
3/28/2026,03:00, ,gtmpcwq_24G103007_031726_050000.bin,Pellicer Creek,GTMNERR,0,21.526,0,12.92,0,-0.192,0,87.1,0,6.74,0,96.06,32.31,7.44,0,-61.6,6.29,24.615,0,6.84,0,1.186,2.44,0,9.89
3/28/2026,03:15, ,gtmpcwq_24G103007_031726_050000.bin,Pellicer Creek,GTMNERR,0,19.653,0,11.7,0,-0.177,0,87.3,0,6.88,0,100.46,33.78,7.46,0,-62.8,6.29,23.912,0,8.88,0,1.189,2.41,0,9.8
3/28/2026,03:30, ,gtmpcwq_24G103007_031726_050000.bin,Pellicer Creek,GTMNERR,0,19.506,0,11.61,0,-0.158,0,89.2,0,7.04,0,102,34.29,7.49,0,-64.3,6.29,23.893,0,7.93,0,1.183,1.94,0,7.89
3/28/2026,03:45, ,gtmpcwq_24G103007_031726_050000.bin,Pellicer Creek,GTMNERR,0,20.29,0,12.12,0,-0.137,0,88.6,0,6.98,0,101.51,34.12,7.48,0,-64.1,6.29,23.849,0,7.96,0,1.184,2.21,0,8.97
3/28/2026,04:00, ,gtmpcwq_24G103007_031726_050000.bin,Pellicer Creek,GTMNERR,0,21.046,0,12.61,0,-0.111,0,88.3,0,6.94,0,100.22,33.69,7.48,0,-64,6.29,23.786,0,8.63,0,1.194,2.51,0,10.21
3/28/2026,04:15, ,gtmpcwq_24G103007_031726_050000.bin,Pellicer Creek,GTMNERR,0,21.926,0,13.19,0,-0.083,0,87.9,0,6.92,0,98.78,33.22,7.5,0,-65.1,6.29,23.515,0,8.71,0,1.184,2.18,0,8.84
3/28/2026,04:30, ,gtmpcwq_24G103007_031726_050000.bin,Pellicer Creek,GTMNERR,0,22.555,0,13.61,0,-0.057,0,88,0,6.92,0,98.25,33.04,7.5,0,-65.3,6.3,23.482,0,8.2,0,1.181,2.43,0,9.88
3/28/2026,04:45, ,gtmpcwq_24G103007_031726_050000.bin,Pellicer Creek,GTMNERR,0,23.775,0,14.41,0,-0.027,0,87.3,0,6.81,0,96,32.29,7.5,0,-65.1,6.29,23.64,0,9.06,0,1.192,2.32,0,9.42
3/28/2026,05:00, ,gtmpcwq_24G103007_031726_050000.bin,Pellicer Creek,GTMNERR,0,24.946,0,15.19,0,0.005,0,85.1,0,6.62,0,94.02,31.63,7.49,0,-64.8,6.29,23.598,0,9.7,0,1.193,2.48,0,10.06
3/28/2026,05:15, ,gtmpcwq_24G103007_031726_050000.bin,Pellicer Creek,GTMNERR,0,27.193,0,16.69,0,0.04,0,81.9,0,6.28,0,89.73,30.21,7.47,0,-63.6,6.29,23.897,0,10.64,0,1.186,3.04,0,12.35
3/28/2026,05:30, ,gtmpcwq_24G103007_031726_050000.bin,Pellicer Creek,GTMNERR,0,28.268,0,17.41,0,0.077,0,77.7,0,5.93,0,88.25,29.72,7.47,0,-63.1,6.29,23.92,0,11.22,0,1.194,3.01,0,12.2
3/28/2026,05:45, ,gtmpcwq_24G103007_031726_050000.bin,Pellicer Creek,GTMNERR,0,31.789,0,19.81,0,0.115,0,73.1,0,5.47,0,82.06,27.66,7.43,0,-61.1,6.29,24.23,0,11.77,0,1.188,2.87,0,11.66
3/28/2026,06:00, ,gtmpcwq_24G103007_031726_050000.bin,Pellicer Creek,GTMNERR,0,32.355,0,20.2,0,0.154,0,71.2,0,5.34,0,82.33,27.75,7.43,0,-61.2,6.29,23.94,0,11.51,0,1.188,2.83,0,11.47
3/28/2026,06:15, ,gtmpcwq_24G103007_031726_050000.bin,Pellicer Creek,GTMNERR,0,34.389,0,21.61,0,0.189,0,69,0,5.14,0,77.72,26.22,7.44,0,-61.6,6.29,23.841,0,12.88,0,1.184,2.65,0,10.76
3/28/2026,06:30, ,gtmpcwq_24G103007_031726_050000.bin,Pellicer Creek,GTMNERR,0,34.895,0,21.96,0,0.223,0,68.9,0,5.16,0,75,25.31,7.46,0,-62.9,6.29,23.526,0,14.41,0,1.192,2.59,0,10.52
3/28/2026,06:45, ,gtmpcwq_24G103007_031726_050000.bin,Pellicer Creek,GTMNERR,0,35.385,0,22.31,0,0.253,0,67.7,0,5.07,0,73.68,24.87,7.47,0,-63.4,6.29,23.384,0,13.62,0,1.187,2.18,0,8.87
3/28/2026,07:00, ,gtmpcwq_24G103007_031726_050000.bin,Pellicer Creek,GTMNERR,0,35.68,0,22.51,0,0.274,0,67.8,0,5.07,0,73.23,24.72,7.47,0,-63.5,6.29,23.326,0,12.1,0,1.199,2.75,0,11.17
3/28/2026,07:15, ,gtmpcwq_24G103007_031726_050000.bin,Pellicer Creek,GTMNERR,0,35.96,0,22.71,0,0.287,0,68.5,0,5.14,0,72.36,24.44,7.49,0,-64.6,6.29,23.182,0,11.32,0,1.197,2.7,0,10.94
3/28/2026,07:30, ,gtmpcwq_24G103007_031726_050000.bin,Pellicer Creek,GTMNERR,0,36.553,0,23.13,0,0.293,0,67.9,0,5.08,0,70.5,23.82,7.49,0,-64.5,6.29,23.173,0,12.08,0,1.194,2.5,0,10.14
3/28/2026,07:45, ,gtmpcwq_24G103007_031726_050000.bin,Pellicer Creek,GTMNERR,0,36.974,0,23.42,0,0.289,0,68.1,0,5.09,0,69.99,23.65,7.5,0,-64.9,6.29,23.147,0,11.58,0,1.191,1.92,0,7.79
3/28/2026,08:00, ,gtmpcwq_24G103007_031726_050000.bin,Pellicer Creek,GTMNERR,0,37.177,0,23.56,0,0.277,0,62.2,0,4.65,0,66.95,22.64,7.45,0,-61.9,6.29,23.149,0,14.18,0,1.188,1.71,0,6.96
3/28/2026,08:15, ,gtmpcwq_24G103007_031726_050000.bin,Pellicer Creek,GTMNERR,0,37.029,0,23.46,0,0.257,0,62.9,0,4.7,0,68.64,23.2,7.46,0,-62.7,6.29,23.147,0,11.41,0,1.188,1.94,0,7.89
3/28/2026,08:30, ,gtmpcwq_24G103007_031726_050000.bin,Pellicer Creek,GTMNERR,0,36.275,0,22.93,0,0.238,0,68.6,0,5.14,0,71.77,24.24,7.5,0,-64.8,6.29,23.169,0,11.84,0,1.188,1.8,0,7.31
3/28/2026,08:45, ,gtmpcwq_24G103007_031726_050000.bin,Pellicer Creek,GTMNERR,0,35.741,0,22.56,0,0.221,0,68.5,0,5.14,0,73.8,24.91,7.49,0,-64.5,6.29,23.222,0,10.82,0,1.192,2.04,0,8.28
3/28/2026,09:00, ,gtmpcwq_24G103007_031726_050000.bin,Pellicer Creek,GTMNERR,0,35.389,0,22.31,0,0.204,0,66.5,0,4.98,0,74.46,25.13,7.47,0,-63.1,6.29,23.345,0,10.66,0,1.19,2.3,0,9.36
3/28/2026,09:15, ,gtmpcwq_24G103007_031726_050000.bin,Pellicer Creek,GTMNERR,0,33.914,0,21.29,0,0.189,0,68.5,0,5.16,0,77.22,26.05,7.47,0,-63.1,6.29,23.393,0,10.97,0,1.192,2.5,0,10.14
3/28/2026,09:30, ,gtmpcwq_24G103007_031726_050000.bin,Pellicer Creek,GTMNERR,0,33.369,0,20.91,0,0.168,0,68.8,0,5.19,0,79.62,26.85,7.46,0,-62.4,6.29,23.485,0,10.08,0,1.182,2.52,0,10.24
3/28/2026,09:45, ,gtmpcwq_24G103007_031726_050000.bin,Pellicer Creek,GTMNERR,0,34.526,0,21.71,0,0.152,0,64.5,0,4.84,0,75.74,25.56,7.43,0,-61.1,6.3,23.453,0,10.94,0,1.183,1.99,0,8.08
3/28/2026,10:00, ,gtmpcwq_24G103007_031726_050000.bin,Pellicer Creek,GTMNERR,0,34.662,0,21.8,0,0.131,0,64,0,4.8,0,74.91,25.28,7.44,0,-61.4,6.29,23.467,0,12.31,0,1.189,2.39,0,9.71
3/28/2026,10:15, ,gtmpcwq_24G103007_031726_050000.bin,Pellicer Creek,GTMNERR,0,34.385,0,21.61,0,0.115,0,66.7,0,5,0,77.75,26.23,7.45,0,-62.1,6.3,23.545,0,11.94,0,1.192,2.47,0,10.01
3/28/2026,10:30, ,gtmpcwq_24G103007_031726_050000.bin,Pellicer Creek,GTMNERR,0,34.711,0,21.84,0,0.094,0,62.6,0,4.69,0,75.81,25.58,7.43,0,-60.7,6.29,23.55,0,10.76,0,1.185,1.95,0,7.94
3/28/2026,10:45, ,gtmpcwq_24G103007_031726_050000.bin,Pellicer Creek,GTMNERR,0,34.381,0,21.61,0,0.08,0,61.2,0,4.59,0,74.88,25.27,7.41,0,-59.9,6.29,23.581,0,13.08,0,1.194,1.97,0,8.02
3/28/2026,11:00, ,gtmpcwq_24G103007_031726_050000.bin,Pellicer Creek,GTMNERR,0,33.311,0,20.86,0,0.059,0,67.2,0,5.04,0,79.62,26.85,7.43,0,-60.8,6.29,23.851,0,11.44,0,1.188,2.2,0,8.93
3/28/2026,11:15, ,gtmpcwq_24G103007_031726_050000.bin,Pellicer Creek,GTMNERR,0,31.586,0,19.67,0,0.039,0,70.7,0,5.31,0,83.26,28.06,7.43,0,-61.1,6.29,24.041,0,9.24,0,1.192,2.86,0,11.6
3/28/2026,11:30, ,gtmpcwq_24G103007_031726_050000.bin,Pellicer Creek,GTMNERR,0,32.882,0,20.57,0,0.025,0,66.7,0,5,0,80.43,27.12,7.42,0,-60.1,6.29,23.91,0,10.31,0,1.192,2.3,0,9.34
3/28/2026,11:45, ,gtmpcwq_24G103007_031726_050000.bin,Pellicer Creek,GTMNERR,0,32.805,0,20.51,0,0.006,0,66.4,0,4.98,0,80.68,27.2,7.41,0,-59.8,6.29,23.889,0,9.91,0,1.186,2.19,0,8.88
3/28/2026,12:00, ,gtmpcwq_24G103007_031726_050000.bin,Pellicer Creek,GTMNERR,0,31.79,0,19.81,0,-0.009,0,67.3,0,5.06,0,82.57,27.83,7.41,0,-59.7,6.29,23.973,0,9.82,0,1.194,2.24,0,9.09
3/28/2026,12:15, ,gtmpcwq_24G103007_031726_050000.bin,Pellicer Creek,GTMNERR,0,32.718,0,20.45,0,-0.023,0,66.1,0,4.96,0,80.48,27.13,7.4,0,-59.4,6.29,23.889,0,9.3,0,1.189,2.16,0,8.76
3/28/2026,12:30, ,gtmpcwq_24G103007_031726_050000.bin,Pellicer Creek,GTMNERR,0,32.608,0,20.38,0,-0.041,0,65.2,0,4.89,0,81.23,27.38,7.4,0,-58.9,6.3,23.912,0,9.68,0,1.196,2.08,0,8.43
3/28/2026,12:45, ,gtmpcwq_24G103007_031726_050000.bin,Pellicer Creek,GTMNERR,0,32.55,0,20.34,0,-0.056,0,65.3,0,4.91,0,79.56,26.83,7.39,0,-58.7,6.29,23.874,0,8.35,0,1.189,2.07,0,8.41
3/28/2026,13:00, ,gtmpcwq_24G103007_031726_050000.bin,Pellicer Creek,GTMNERR,0,32.593,0,20.37,0,-0.066,0,61.2,0,4.6,0,79.14,26.69,7.38,0,-58,6.29,23.881,0,8.98,0,1.185,2.01,0,8.19
3/28/2026,13:15, ,gtmpcwq_24G103007_031726_050000.bin,Pellicer Creek,GTMNERR,0,32.285,0,20.15,0,-0.076,0,61.7,0,4.63,0,79.58,26.84,7.39,0,-58.4,6.29,23.95,0,8.83,0,1.183,1.94,0,7.87
3/28/2026,13:30, ,gtmpcwq_24G103007_031726_050000.bin,Pellicer Creek,GTMNERR,0,32.184,0,20.08,0,-0.086,0,62.9,0,4.72,0,83.13,28.02,7.39,0,-58.5,6.29,24.001,0,8.11,0,1.186,2.37,0,9.63
3/28/2026,13:45, ,gtmpcwq_24G103007_031726_050000.bin,Pellicer Creek,GTMNERR,0,31.661,0,19.72,0,-0.098,0,63,0,4.73,0,82.9,27.94,7.38,0,-57.9,6.29,24.047,0,8.28,0,1.192,2.15,0,8.73
3/28/2026,14:00, ,gtmpcwq_24G103007_031726_050000.bin,Pellicer Creek,GTMNERR,0,30.521,0,18.94,0,-0.098,0,65.2,0,4.92,0,85.45,28.79,7.38,0,-58.2,6.29,24.109,0,8.26,0,1.192,2.37,0,9.62
3/28/2026,14:15, ,gtmpcwq_24G103007_031726_050000.bin,Pellicer Creek,GTMNERR,0,29.536,0,18.27,0,-0.095,0,70,0,5.29,0,86.02,28.98,7.41,0,-59.6,6.3,24.167,0,9.71,0,1.185,3.2,0,12.98
3/28/2026,14:30, ,gtmpcwq_24G103007_031726_050000.bin,Pellicer Creek,GTMNERR,0,27.629,0,16.98,0,-0.081,0,75.6,0,5.76,0,87.24,29.38,7.45,0,-62.3,6.29,24.181,0,12.16,0,1.189,3.59,0,14.58
3/28/2026,14:45, ,gtmpcwq_24G103007_031726_050000.bin,Pellicer Creek,GTMNERR,0,24.719,0,15.03,0,-0.069,0,84.1,0,6.5,0,90.35,30.41,7.52,0,-66.6,6.29,24.009,0,11.86,0,1.185,5.23,0,21.2
3/28/2026,15:00, ,gtmpcwq_24G103007_031726_050000.bin,Pellicer Creek,GTMNERR,0,24.342,0,14.78,0,-0.05,0,87.8,0,6.8,0,91.99,30.96,7.54,0,-67.5,6.29,23.925,0,10.88,0,1.182,4.58,0,18.54
3/28/2026,15:15, ,gtmpcwq_24G103007_031726_050000.bin,Pellicer Creek,GTMNERR,0,24.681,0,15.01,0,-0.036,0,89.5,0,6.94,0,91.94,30.94,7.57,0,-69.1,6.3,23.752,0,11.35,0,1.199,4.72,0,19.12
3/28/2026,15:30, ,gtmpcwq_24G103007_031726_050000.bin,Pellicer Creek,GTMNERR,0,25.431,0,15.51,0,-0.008,0,89.3,0,6.93,0,90.25,30.38,7.58,0,-69.8,6.29,23.589,0,12.36,0,1.195,4.91,0,19.88
3/28/2026,15:45, ,gtmpcwq_24G103007_031726_050000.bin,Pellicer Creek,GTMNERR,0,27.032,0,16.59,0,0.022,0,87.4,0,6.76,0,87.61,29.5,7.58,0,-70.1,6.29,23.422,0,12.88,0,1.19,4.64,0,18.8
3/28/2026,16:00, ,gtmpcwq_24G103007_031726_050000.bin,Pellicer Creek,GTMNERR,0,27.516,0,16.91,0,0.05,0,87.4,0,6.77,0,86.21,29.04,7.6,0,-70.9,6.3,23.301,0,13.46,0,1.184,4.42,0,17.89
3/28/2026,16:15, ,gtmpcwq_24G103007_031726_050000.bin,Pellicer Creek,GTMNERR,0,27.94,0,17.2,0,0.087,0,87.3,0,6.76,0,85.87,28.93,7.61,0,-71.4,6.29,23.153,0,13.37,0,1.189,4.64,0,18.8
3/28/2026,16:30, ,gtmpcwq_24G103007_031726_050000.bin,Pellicer Creek,GTMNERR,0,29.623,0,18.34,0,0.126,0,86.3,0,6.62,0,83.16,28.02,7.58,0,-70,6.3,23.331,0,12.82,0,1.189,4.82,0,19.54
3/28/2026,16:45, ,gtmpcwq_24G103007_031726_050000.bin,Pellicer Creek,GTMNERR,0,29.851,0,18.5,0,0.167,0,86.3,0,6.64,0,83.09,28,7.6,0,-70.8,6.3,23.118,0,12.54,0,1.182,5.6,0,22.7
3/28/2026,17:00, ,gtmpcwq_24G103007_031726_050000.bin,Pellicer Creek,GTMNERR,0,31.507,0,19.63,0,0.207,0,83,0,6.34,0,78.59,26.51,7.58,0,-69.6,6.29,23.114,0,15.72,0,1.197,4.01,0,16.28
3/28/2026,17:15, ,gtmpcwq_24G103007_031726_050000.bin,Pellicer Creek,GTMNERR,0,32.038,0,20,0,0.257,0,85.6,0,6.56,0,76.98,25.97,7.61,0,-71.4,6.29,22.807,0,17.43,0,1.189,4.41,0,17.88
3/28/2026,17:30, ,gtmpcwq_24G103007_031726_050000.bin,Pellicer Creek,GTMNERR,0,33.131,0,20.76,0,0.307,0,85.9,0,6.59,0,75.65,25.53,7.62,0,-72.2,6.29,22.613,0,16.56,0,1.181,3.8,0,15.4
3/28/2026,17:45, ,gtmpcwq_24G103007_031726_050000.bin,Pellicer Creek,GTMNERR,0,34.263,0,21.54,0,0.356,0,86.1,0,6.59,0,73.29,24.74,7.64,0,-73.1,6.3,22.428,0,17.03,0,1.186,3.74,0,15.18
3/28/2026,18:00, ,gtmpcwq_24G103007_031726_050000.bin,Pellicer Creek,GTMNERR,0,35.844,0,22.64,0,0.394,0,87.2,0,6.64,0,67.33,22.76,7.66,0,-74.3,6.29,22.303,0,22.24,0,1.198,3.52,0,14.27
3/28/2026,18:15, ,gtmpcwq_24G103007_031726_050000.bin,Pellicer Creek,GTMNERR,0,37.632,0,23.9,0,0.427,0,86.5,0,6.55,0,55.83,18.94,7.67,0,-74.8,6.29,22.232,0,46.6,0,1.183,3.35,0,13.59
3/28/2026,18:30, ,gtmpcwq_24G103007_031726_050000.bin,Pellicer Creek,GTMNERR,0,38.181,0,24.29,0,0.455,0,88,0,6.68,0,61.72,20.9,7.68,0,-75.5,6.29,22.019,0,22.59,0,1.184,2.93,0,11.89
3/28/2026,18:45, ,gtmpcwq_24G103007_031726_050000.bin,Pellicer Creek,GTMNERR,0,39.028,0,24.89,0,0.482,0,87.1,0,6.61,0,59.8,20.26,7.69,0,-76.3,6.29,21.89,0,23.36,0,1.192,2.74,0,11.12
3/28/2026,19:00, ,gtmpcwq_24G103007_031726_050000.bin,Pellicer Creek,GTMNERR,0,40.589,0,25.99,0,0.505,0,88.1,0,6.66,0,48.89,16.64,7.71,0,-77.2,6.29,21.76,0,49.16,0,1.192,2.78,0,11.28
3/28/2026,19:15, ,gtmpcwq_24G103007_031726_050000.bin,Pellicer Creek,GTMNERR,0,41.656,0,26.75,0,0.528,0,89.3,0,6.73,0,46.78,15.93,7.72,0,-77.7,6.29,21.63,0,52.48,0,1.188,2.71,0,11.02
3/28/2026,19:30, ,gtmpcwq_24G103007_031726_050000.bin,Pellicer Creek,GTMNERR,0,42.627,0,27.45,0,0.548,0,89.8,0,6.76,0,45.83,15.62,7.73,0,-78.5,6.29,21.517,0,41.6,0,1.183,2.31,0,9.39
3/28/2026,19:45, ,gtmpcwq_24G103007_031726_050000.bin,Pellicer Creek,GTMNERR,0,43.662,0,28.19,0,0.568,0,90.4,0,6.79,0,45.19,15.4,7.73,0,-78.8,6.29,21.357,0,38.89,0,1.192,2.1,0,8.52
3/28/2026,20:00, ,gtmpcwq_24G103007_031726_050000.bin,Pellicer Creek,GTMNERR,0,44.747,0,28.98,0,0.584,0,90.1,0,6.75,0,42.51,14.51,7.74,0,-79.3,6.29,21.243,0,30.22,0,1.195,1.85,0,7.54
3/28/2026,20:15, ,gtmpcwq_24G103007_031726_050000.bin,Pellicer Creek,GTMNERR,0,46.005,0,29.88,0,0.598,0,90.4,0,6.75,0,36.08,12.37,7.75,0,-79.5,6.29,21.164,0,58.19,0,1.191,1.86,0,7.57
3/28/2026,20:30, ,gtmpcwq_24G103007_031726_050000.bin,Pellicer Creek,GTMNERR,0,46.958,0,30.58,0,0.609,0,90.6,0,6.75,0,35.35,12.13,7.76,0,-80,6.3,21.056,0,34.53,0,1.188,1.51,0,6.14
3/28/2026,20:45, ,gtmpcwq_24G103007_031726_050000.bin,Pellicer Creek,GTMNERR,0,47.628,0,31.07,0,0.618,0,90.7,0,6.74,0,34.17,11.74,7.76,0,-80.5,6.29,21.017,0,24.64,0,1.19,1.43,0,5.83
3/28/2026,21:00, ,gtmpcwq_24G103007_031726_050000.bin,Pellicer Creek,GTMNERR,0,47.895,0,31.26,0,0.622,0,90.7,0,6.74,0,33.63,11.56,7.76,0,-80.5,6.29,20.968,0,22.93,0,1.192,1.36,0,5.52
3/28/2026,21:15, ,gtmpcwq_24G103007_031726_050000.bin,Pellicer Creek,GTMNERR,0,48.053,0,31.38,0,0.619,0,90.7,0,6.73,0,33.65,11.57,7.77,0,-80.6,6.29,20.953,0,20.24,0,1.192,1.34,0,5.46
3/28/2026,21:30, ,gtmpcwq_24G103007_031726_050000.bin,Pellicer Creek,GTMNERR,0,48.325,0,31.57,0,0.621,0,89.6,0,6.65,0,32.81,11.29,7.76,0,-80.5,6.29,20.946,0,18.01,0,1.192,1.32,0,5.39
3/28/2026,21:45, ,gtmpcwq_24G103007_031726_050000.bin,Pellicer Creek,GTMNERR,0,48.357,0,31.6,0,0.607,0,89.6,0,6.64,0,32.43,11.16,7.76,0,-80.2,6.3,20.946,0,13.92,0,1.182,1.33,0,5.41
3/28/2026,22:00, ,gtmpcwq_24G103007_031726_050000.bin,Pellicer Creek,GTMNERR,0,48.349,0,31.59,0,0.59,0,89.7,0,6.65,0,32.66,11.24,7.76,0,-80,6.3,20.951,0,16.85,0,1.186,1.22,0,4.97
3/28/2026,22:15, ,gtmpcwq_24G103007_031726_050000.bin,Pellicer Creek,GTMNERR,0,47.967,0,31.31,0,0.572,0,90.3,0,6.71,0,34.52,11.86,7.76,0,-80.3,6.3,20.964,0,15.62,0,1.193,1.21,0,4.93
3/28/2026,22:30, ,gtmpcwq_24G103007_031726_050000.bin,Pellicer Creek,GTMNERR,0,47.523,0,30.99,0,0.558,0,90.4,0,6.72,0,36.04,12.36,7.76,0,-80.1,6.29,21.013,0,18.7,0,1.185,1.43,0,5.81
3/28/2026,22:45, ,gtmpcwq_24G103007_031726_050000.bin,Pellicer Creek,GTMNERR,0,46.763,0,30.44,0,0.543,0,90.3,0,6.73,0,38.98,13.34,7.75,0,-79.9,6.3,21.048,0,18.57,0,1.186,1.45,0,5.92
3/28/2026,23:00, ,gtmpcwq_24G103007_031726_050000.bin,Pellicer Creek,GTMNERR,0,45.664,0,29.64,0,0.527,0,89.1,0,6.67,0,42.83,14.62,7.74,0,-79,6.29,21.098,0,19.55,0,1.189,1.6,0,6.5
3/28/2026,23:15, ,gtmpcwq_24G103007_031726_050000.bin,Pellicer Creek,GTMNERR,0,44.131,0,28.53,0,0.51,0,88.6,0,6.68,0,47.41,16.14,7.72,0,-78.1,6.29,21.039,0,20.34,0,1.186,1.77,0,7.21
3/28/2026,23:30, ,gtmpcwq_24G103007_031726_050000.bin,Pellicer Creek,GTMNERR,0,42.959,0,27.69,0,0.493,0,87.8,0,6.64,0,51.94,17.65,7.71,0,-77.4,6.29,21.114,0,22.07,0,1.189,1.85,0,7.53
3/28/2026,23:45, ,gtmpcwq_24G103007_031726_050000.bin,Pellicer Creek,GTMNERR,0,41.92,0,26.95,0,0.473,0,87.2,0,6.63,0,55.34,18.78,7.69,0,-76.4,6.29,21.124,0,22.52,0,1.186,1.93,0,7.84
3/29/2026,00:00, ,gtmpcwq_24G103007_031726_050000.bin,Pellicer Creek,GTMNERR,0,40.922,0,26.24,0,0.453,0,86.6,0,6.6,0,58.79,19.93,7.68,0,-75.6,6.29,21.169,0,19.47,0,1.192,2.04,0,8.27
3/29/2026,00:15, ,gtmpcwq_24G103007_031726_050000.bin,Pellicer Creek,GTMNERR,0,40.122,0,25.67,0,0.429,0,85.3,0,6.52,0,60.84,20.61,7.66,0,-74.3,6.3,21.206,0,20.33,0,1.192,2.19,0,8.89
3/29/2026,00:30, ,gtmpcwq_24G103007_031726_050000.bin,Pellicer Creek,GTMNERR,0,39.499,0,25.23,0,0.411,0,84.3,0,6.46,0,62.17,21.05,7.64,0,-73.4,6.3,21.229,0,21.62,0,1.192,2.29,0,9.31
3/29/2026,00:45, ,gtmpcwq_24G103007_031726_050000.bin,Pellicer Creek,GTMNERR,0,38.394,0,24.44,0,0.385,0,83.5,0,6.42,0,66.18,22.38,7.63,0,-72.3,6.29,21.248,0,19.85,0,1.192,2.25,0,9.14
3/29/2026,01:00, ,gtmpcwq_24G103007_031726_050000.bin,Pellicer Creek,GTMNERR,0,37.194,0,23.6,0,0.36,0,82.3,0,6.35,0,69.93,23.63,7.6,0,-70.7,6.29,21.292,0,18.92,0,1.192,2.36,0,9.58
3/29/2026,01:15, ,gtmpcwq_24G103007_031726_050000.bin,Pellicer Creek,GTMNERR,0,36.104,0,22.84,0,0.339,0,80.6,0,6.25,0,73.28,24.74,7.56,0,-68.7,6.3,21.307,0,19.2,0,1.192,2.34,0,9.48
3/29/2026,01:30, ,gtmpcwq_24G103007_031726_050000.bin,Pellicer Creek,GTMNERR,0,35.185,0,22.19,0,0.325,0,79.8,0,6.21,0,76.18,25.71,7.55,0,-68,6.29,21.398,0,15.81,0,1.192,2.42,0,9.84
3/29/2026,01:45, ,gtmpcwq_24G103007_031726_050000.bin,Pellicer Creek,GTMNERR,0,34.392,0,21.64,0,0.303,0,78.5,0,6.12,0,79.25,26.73,7.53,0,-66.5,6.29,21.4,0,13.55,0,1.182,2.43,0,9.87
3/29/2026,02:00, ,gtmpcwq_24G103007_031726_050000.bin,Pellicer Creek,GTMNERR,0,33.765,0,21.21,0,0.287,0,77.6,0,6.06,0,81.48,27.47,7.51,0,-65.6,6.3,21.463,0,11.75,0,1.183,2.61,0,10.59
3/29/2026,02:15, ,gtmpcwq_24G103007_031726_050000.bin,Pellicer Creek,GTMNERR,0,33.166,0,20.79,0,0.281,0,76.2,0,5.96,0,83.41,28.11,7.49,0,-64.5,6.29,21.486,0,11.23,0,1.192,2.48,0,10.05
3/29/2026,02:30, ,gtmpcwq_24G103007_031726_050000.bin,Pellicer Creek,GTMNERR,0,33.069,0,20.73,0,0.272,0,75,0,5.87,0,84.02,28.31,7.48,0,-63.7,6.29,21.481,0,10.26,0,1.192,2.43,0,9.87
3/29/2026,02:45, ,gtmpcwq_24G103007_031726_050000.bin,Pellicer Creek,GTMNERR,0,32.88,0,20.6,0,0.263,0,73.5,0,5.75,0,84.04,28.32,7.47,0,-63,6.29,21.507,0,9.92,0,1.192,2.72,0,11.03
3/29/2026,03:00, ,gtmpcwq_24G103007_031726_050000.bin,Pellicer Creek,GTMNERR,0,32.992,0,20.67,0,0.27,0,71,0,5.56,0,81.65,27.52,7.46,0,-62.4,6.29,21.525,0,8.68,0,1.183,2.99,0,12.14
3/29/2026,03:15, ,gtmpcwq_24G103007_031726_050000.bin,Pellicer Creek,GTMNERR,0,33.29,0,20.88,0,0.288,0,74.4,0,5.81,0,83.71,28.21,7.48,0,-63.6,6.3,21.503,0,10.81,0,1.184,3.01,0,12.23
3/29/2026,03:30, ,gtmpcwq_24G103007_031726_050000.bin,Pellicer Creek,GTMNERR,0,33.586,0,21.08,0,0.314,0,74.5,0,5.82,0,82.8,27.91,7.49,0,-64.1,6.3,21.452,0,10.98,0,1.198,2.98,0,12.11
3/29/2026,03:45, ,gtmpcwq_24G103007_031726_050000.bin,Pellicer Creek,GTMNERR,0,34.207,0,21.52,0,0.333,0,76.5,0,5.99,0,81.91,27.61,7.5,0,-64.9,6.29,21.221,0,10.96,0,1.19,2.92,0,11.85
3/29/2026,04:00, ,gtmpcwq_24G103007_031726_050000.bin,Pellicer Creek,GTMNERR,0,34.423,0,21.67,0,0.35,0,74.4,0,5.83,0,82.08,27.67,7.51,0,-65.6,6.29,21.156,0,9.63,0,1.186,2.72,0,11.06
3/29/2026,04:15, ,gtmpcwq_24G103007_031726_050000.bin,Pellicer Creek,GTMNERR,0,35.984,0,22.76,0,0.373,0,79.1,0,6.18,0,78.45,26.46,7.52,0,-66.3,6.3,20.881,0,11.2,0,1.187,2.29,0,9.32
3/29/2026,04:30, ,gtmpcwq_24G103007_031726_050000.bin,Pellicer Creek,GTMNERR,0,36.06,0,22.81,0,0.401,0,78.1,0,6.11,0,78.57,26.5,7.54,0,-67.4,6.3,20.812,0,10.23,0,1.188,2.36,0,9.59
3/29/2026,04:45, ,gtmpcwq_24G103007_031726_050000.bin,Pellicer Creek,GTMNERR,0,37.113,0,23.55,0,0.422,0,78.6,0,6.13,0,74.64,25.19,7.56,0,-68.5,6.3,20.792,0,11.59,0,1.186,2.33,0,9.46
3/29/2026,05:00, ,gtmpcwq_24G103007_031726_050000.bin,Pellicer Creek,GTMNERR,0,38.095,0,24.24,0,0.447,0,78.6,0,6.11,0,71.84,24.26,7.58,0,-69.3,6.3,20.732,0,12.88,0,1.188,2.13,0,8.64
3/29/2026,05:15, ,gtmpcwq_24G103007_031726_050000.bin,Pellicer Creek,GTMNERR,0,38.918,0,24.82,0,0.468,0,80.2,0,6.22,0,69.37,23.44,7.59,0,-70,6.3,20.648,0,14.25,0,1.192,2.06,0,8.35
3/29/2026,05:30, ,gtmpcwq_24G103007_031726_050000.bin,Pellicer Creek,GTMNERR,0,39.726,0,25.39,0,0.489,0,81.5,0,6.32,0,66.17,22.38,7.6,0,-70.9,6.29,20.542,0,18.42,0,1.192,2.04,0,8.31
3/29/2026,05:45, ,gtmpcwq_24G103007_031726_050000.bin,Pellicer Creek,GTMNERR,0,41.019,0,26.31,0,0.512,0,83.2,0,6.43,0,61.93,20.97,7.62,0,-71.9,6.29,20.339,0,19.78,0,1.192,1.71,0,6.96
3/29/2026,06:00, ,gtmpcwq_24G103007_031726_050000.bin,Pellicer Creek,GTMNERR,0,42.087,0,27.07,0,0.532,0,84.7,0,6.54,0,58.16,19.72,7.63,0,-72.7,6.3,20.191,0,22.46,0,1.192,1.84,0,7.47
3/29/2026,06:15, ,gtmpcwq_24G103007_031726_050000.bin,Pellicer Creek,GTMNERR,0,43.667,0,28.21,0,0.554,0,85.5,0,6.57,0,50.17,17.06,7.65,0,-73.6,6.3,20.049,0,33.46,0,1.192,1.77,0,7.22
3/29/2026,06:30, ,gtmpcwq_24G103007_031726_050000.bin,Pellicer Creek,GTMNERR,0,44.692,0,28.95,0,0.577,0,86.4,0,6.63,0,49.17,16.73,7.66,0,-74.3,6.29,19.922,0,28.79,0,1.192,1.6,0,6.5
3/29/2026,06:45, ,gtmpcwq_24G103007_031726_050000.bin,Pellicer Creek,GTMNERR,0,45.659,0,29.64,0,0.602,0,88.1,0,6.74,0,39.08,13.37,7.69,0,-75.9,6.3,19.858,0,55.61,0,1.192,1.81,0,7.35
3/29/2026,07:00, ,gtmpcwq_24G103007_031726_050000.bin,Pellicer Creek,GTMNERR,0,46.334,0,30.13,0,0.624,0,89.1,0,6.81,0,36.6,12.55,7.71,0,-77.1,6.29,19.79,0,51.7,0,1.192,1.68,0,6.84
3/29/2026,07:15, ,gtmpcwq_24G103007_031726_050000.bin,Pellicer Creek,GTMNERR,0,46.939,0,30.57,0,0.646,0,89.6,0,6.84,0,34.8,11.95,7.72,0,-77.9,6.3,19.724,0,60.81,0,1.192,1.69,0,6.88
3/29/2026,07:30, ,gtmpcwq_24G103007_031726_050000.bin,Pellicer Creek,GTMNERR,0,47.495,0,30.98,0,0.668,0,90.1,0,6.87,0,33.18,11.41,7.73,0,-78.5,6.3,19.649,0,56.6,0,1.192,1.58,0,6.43
3/29/2026,07:45, ,gtmpcwq_24G103007_031726_050000.bin,Pellicer Creek,GTMNERR,0,47.908,0,31.28,0,0.685,0,91.5,0,6.97,0,30.67,10.58,7.75,0,-79.4,6.3,19.64,0,61.47,0,1.192,1.68,0,6.81
3/29/2026,08:00, ,gtmpcwq_24G103007_031726_050000.bin,Pellicer Creek,GTMNERR,0,48.174,0,31.47,0,0.703,0,91.2,0,6.94,0,31.01,10.69,7.75,0,-79.7,6.3,19.63,0,47.06,0,1.192,1.49,0,6.05
3/29/2026,08:15, ,gtmpcwq_24G103007_031726_050000.bin,Pellicer Creek,GTMNERR,0,48.537,0,31.74,0,0.717,0,91.9,0,6.98,0,30.26,10.44,7.77,0,-80.4,6.29,19.631,0,39.03,0,1.192,1.39,0,5.67
3/29/2026,08:30, ,gtmpcwq_24G103007_031726_050000.bin,Pellicer Creek,GTMNERR,0,48.902,0,32,0,0.726,0,92.2,0,6.99,0,28.82,9.96,7.77,0,-80.8,6.3,19.632,0,38.69,0,1.192,1.41,0,5.72
3/29/2026,08:45, ,gtmpcwq_24G103007_031726_050000.bin,Pellicer Creek,GTMNERR,0,49.093,0,32.14,0,0.734,0,92.1,0,6.98,0,29.17,10.08,7.78,0,-81.3,6.3,19.641,0,30.48,0,1.192,1.25,0,5.1
3/29/2026,09:00, ,gtmpcwq_24G103007_031726_050000.bin,Pellicer Creek,GTMNERR,0,49.036,0,32.1,0,0.741,0,92.4,0,6.99,0,31.29,10.78,7.78,0,-81.5,6.29,19.719,0,19.06,0,1.192,1.22,0,4.98
3/29/2026,09:15, ,gtmpcwq_24G103007_031726_050000.bin,Pellicer Creek,GTMNERR,0,49.317,0,32.31,0,0.739,0,92.2,0,6.97,0,29.8,10.29,7.79,0,-81.5,6.3,19.702,0,17.92,0,1.192,1.18,0,4.82
3/29/2026,09:30, ,gtmpcwq_24G103007_031726_050000.bin,Pellicer Creek,GTMNERR,0,49.346,0,32.33,0,0.73,0,93.4,0,7.05,0,30.19,10.42,7.78,0,-81.4,6.29,19.714,0,16.83,0,1.192,1.18,0,4.8
3/29/2026,09:45, ,gtmpcwq_24G103007_031726_050000.bin,Pellicer Creek,GTMNERR,0,49.441,0,32.4,0,0.719,0,89.9,0,6.79,0,28.56,9.88,7.75,0,-79.5,6.29,19.669,0,18.81,0,1.192,1.21,0,4.95
3/29/2026,10:00, ,gtmpcwq_24G103007_031726_050000.bin,Pellicer Creek,GTMNERR,0,49.439,0,32.4,0,0.7,0,92.5,0,6.99,0,29.22,10.1,7.78,0,-81.2,6.3,19.658,0,15.29,0,1.192,1.15,0,4.7
3/29/2026,10:15, ,gtmpcwq_24G103007_031726_050000.bin,Pellicer Creek,GTMNERR,0,48.752,0,31.89,0,0.682,0,94,0,7.1,0,32.71,11.26,7.77,0,-80.6,6.3,19.877,0,18.66,0,1.193,1.28,0,5.2
3/29/2026,10:30, ,gtmpcwq_24G103007_031726_050000.bin,Pellicer Creek,GTMNERR,0,48.584,0,31.77,0,0.665,0,94,0,7.11,0,34.32,11.79,7.77,0,-80.7,6.3,19.857,0,15.52,0,1.192,1.26,0,5.15
3/29/2026,10:45, ,gtmpcwq_24G103007_031726_050000.bin,Pellicer Creek,GTMNERR,0,48.535,0,31.73,0,0.65,0,93.4,0,7.07,0,33.46,11.51,7.77,0,-80.4,6.3,19.833,0,21.03,0,1.192,1.4,0,5.71
3/29/2026,11:00, ,gtmpcwq_24G103007_031726_050000.bin,Pellicer Creek,GTMNERR,0,47.504,0,30.98,0,0.635,0,93.2,0,7.06,0,38.44,13.16,7.74,0,-79,6.3,20.013,0,17.78,0,1.192,1.58,0,6.42
3/29/2026,11:15, ,gtmpcwq_24G103007_031726_050000.bin,Pellicer Creek,GTMNERR,0,46.336,0,30.13,0,0.613,0,93.8,0,7.11,0,44.31,15.11,7.72,0,-77.6,6.3,20.245,0,17.72,0,1.192,1.5,0,6.1
3/29/2026,11:30, ,gtmpcwq_24G103007_031726_050000.bin,Pellicer Creek,GTMNERR,0,46.172,0,30.01,0,0.593,0,92.8,0,7.05,0,44.41,15.14,7.71,0,-77.3,6.3,20.201,0,18.97,0,1.192,1.58,0,6.42
3/29/2026,11:45, ,gtmpcwq_24G103007_031726_050000.bin,Pellicer Creek,GTMNERR,0,45.677,0,29.65,0,0.571,0,92.4,0,7.01,0,46.72,15.91,7.69,0,-76.3,6.3,20.282,0,18.84,0,1.192,1.53,0,6.21
3/29/2026,12:00, ,gtmpcwq_24G103007_031726_050000.bin,Pellicer Creek,GTMNERR,0,45.084,0,29.23,0,0.551,0,91.4,0,6.95,0,48.03,16.35,7.68,0,-75.6,6.3,20.298,0,21.13,0,1.192,1.57,0,6.39
3/29/2026,12:15, ,gtmpcwq_24G103007_031726_050000.bin,Pellicer Creek,GTMNERR,0,44.333,0,28.68,0,0.53,0,91,0,6.93,0,50.98,17.33,7.66,0,-74.3,6.3,20.427,0,22.22,0,1.192,1.76,0,7.17
3/29/2026,12:30, ,gtmpcwq_24G103007_031726_050000.bin,Pellicer Creek,GTMNERR,0,43.228,0,27.89,0,0.508,0,90.9,0,6.94,0,55.35,18.78,7.64,0,-73.2,6.3,20.553,0,19.67,0,1.192,1.8,0,7.3
3/29/2026,12:45, ,gtmpcwq_24G103007_031726_050000.bin,Pellicer Creek,GTMNERR,0,41.92,0,26.95,0,0.486,0,90.1,0,6.89,0,59.39,20.13,7.62,0,-71.7,6.3,20.721,0,20.26,0,1.192,1.83,0,7.42
3/29/2026,13:00, ,gtmpcwq_24G103007_031726_050000.bin,Pellicer Creek,GTMNERR,0,40.966,0,26.27,0,0.464,0,89,0,6.83,0,63.03,21.33,7.59,0,-69.9,6.3,20.82,0,17.68,0,1.192,2.04,0,8.29
3/29/2026,13:15, ,gtmpcwq_24G103007_031726_050000.bin,Pellicer Creek,GTMNERR,0,40.06,0,25.63,0,0.438,0,88.4,0,6.8,0,65.32,22.09,7.57,0,-68.8,6.3,20.901,0,19.34,0,1.187,2.02,0,8.19
3/29/2026,13:30, ,gtmpcwq_24G103007_031726_050000.bin,Pellicer Creek,GTMNERR,0,38.714,0,24.67,0,0.414,0,88.3,0,6.81,0,69.28,23.41,7.54,0,-67.4,6.3,21.049,0,18.62,0,1.19,2.35,0,9.56
3/29/2026,13:45, ,gtmpcwq_24G103007_031726_050000.bin,Pellicer Creek,GTMNERR,0,37.644,0,23.92,0,0.392,0,86.9,0,6.72,0,71.04,24,7.53,0,-66.4,6.29,21.117,0,19.08,0,1.183,2.2,0,8.95
3/29/2026,14:00, ,gtmpcwq_24G103007_031726_050000.bin,Pellicer Creek,GTMNERR,0,36.913,0,23.4,0,0.366,0,87,0,6.73,0,73.75,24.9,7.51,0,-65.5,6.3,21.231,0,16.57,0,1.2,2.41,0,9.79
3/29/2026,14:15, ,gtmpcwq_24G103007_031726_050000.bin,Pellicer Creek,GTMNERR,0,35.942,0,22.72,0,0.342,0,86.3,0,6.7,0,76.4,25.78,7.49,0,-64.4,6.3,21.307,0,17.62,0,1.188,2.79,0,11.32
3/29/2026,14:30, ,gtmpcwq_24G103007_031726_050000.bin,Pellicer Creek,GTMNERR,0,34.768,0,21.9,0,0.317,0,86.3,0,6.72,0,79.64,26.85,7.48,0,-63.6,6.3,21.405,0,15.79,0,1.192,2.95,0,11.95
3/29/2026,14:45, ,gtmpcwq_24G103007_031726_050000.bin,Pellicer Creek,GTMNERR,0,33.757,0,21.2,0,0.297,0,86.2,0,6.73,0,82.1,27.67,7.46,0,-62.7,6.3,21.488,0,14.39,0,1.19,3.05,0,12.37
3/29/2026,15:00, ,gtmpcwq_24G103007_031726_050000.bin,Pellicer Creek,GTMNERR,0,32.675,0,20.45,0,0.278,0,85.9,0,6.72,0,84.65,28.52,7.45,0,-62.2,6.3,21.549,0,12.73,0,1.188,3.13,0,12.71
3/29/2026,15:15, ,gtmpcwq_24G103007_031726_050000.bin,Pellicer Creek,GTMNERR,0,31.735,0,19.81,0,0.26,0,85.5,0,6.71,0,87.36,29.42,7.44,0,-61.5,6.29,21.612,0,11.3,0,1.191,3.56,0,14.43
3/29/2026,15:30, ,gtmpcwq_24G103007_031726_050000.bin,Pellicer Creek,GTMNERR,0,31.056,0,19.34,0,0.246,0,84.8,0,6.67,0,88.61,29.84,7.43,0,-60.9,6.3,21.651,0,10.41,0,1.192,3.41,0,13.83
3/29/2026,15:45, ,gtmpcwq_24G103007_031726_050000.bin,Pellicer Creek,GTMNERR,0,30.591,0,19.02,0,0.237,0,83.9,0,6.61,0,90.13,30.34,7.42,0,-60.4,6.3,21.673,0,9.61,0,1.188,2.84,0,11.51
3/29/2026,16:00, ,gtmpcwq_24G103007_031726_050000.bin,Pellicer Creek,GTMNERR,0,30.723,0,19.11,0,0.232,0,82.9,0,6.53,0,90,30.3,7.41,0,-59.8,6.29,21.66,0,9.73,0,1.189,3.01,0,12.2
3/29/2026,16:15, ,gtmpcwq_24G103007_031726_050000.bin,Pellicer Creek,GTMNERR,0,30.736,0,19.12,0,0.238,0,77.5,0,6.1,0,88.33,29.74,7.4,0,-58.8,6.29,21.666,0,7.94,0,1.192,2.83,0,11.48
3/29/2026,16:30, ,gtmpcwq_24G103007_031726_050000.bin,Pellicer Creek,GTMNERR,0,30.939,0,19.26,0,0.259,0,83.5,0,6.57,0,90.18,30.36,7.42,0,-60.3,6.29,21.656,0,8.71,0,1.192,2.89,0,11.71
3/29/2026,16:45, ,gtmpcwq_24G103007_031726_050000.bin,Pellicer Creek,GTMNERR,0,31.581,0,19.7,0,0.282,0,84.1,0,6.6,0,88.64,29.85,7.43,0,-60.8,6.3,21.644,0,9.48,0,1.192,3.3,0,13.37
3/29/2026,17:00, ,gtmpcwq_24G103007_031726_050000.bin,Pellicer Creek,GTMNERR,0,33.722,0,21.18,0,0.31,0,86.2,0,6.72,0,84.06,28.32,7.45,0,-62,6.3,21.555,0,11.21,0,1.192,3.01,0,12.19
3/29/2026,17:15, ,gtmpcwq_24G103007_031726_050000.bin,Pellicer Creek,GTMNERR,0,33.944,0,21.33,0,0.336,0,87.5,0,6.82,0,83.96,28.29,7.46,0,-62.6,6.3,21.517,0,10.76,0,1.181,3.17,0,12.87
3/29/2026,17:30, ,gtmpcwq_24G103007_031726_050000.bin,Pellicer Creek,GTMNERR,0,34.993,0,22.06,0,0.363,0,91.2,0,7.09,0,81.13,27.35,7.5,0,-65.1,6.3,21.426,0,11.32,0,1.193,3.09,0,12.52
3/29/2026,17:45, ,gtmpcwq_24G103007_031726_050000.bin,Pellicer Creek,GTMNERR,0,35.021,0,22.08,0,0.39,0,90.9,0,7.07,0,81.71,27.54,7.51,0,-65.7,6.29,21.392,0,10.37,0,1.196,5.21,0,21.12
3/29/2026,18:00, ,gtmpcwq_24G103007_031726_050000.bin,Pellicer Creek,GTMNERR,0,35.759,0,22.6,0,0.415,0,91.8,0,7.12,0,80.11,27.01,7.53,0,-66.6,6.3,21.328,0,9.59,0,1.193,4.09,0,16.56
3/29/2026,18:15, ,gtmpcwq_24G103007_031726_050000.bin,Pellicer Creek,GTMNERR,0,36.491,0,23.11,0,0.437,0,89.8,0,6.95,0,78.03,26.32,7.53,0,-66.5,6.3,21.292,0,10.24,0,1.183,3.57,0,14.47
3/29/2026,18:30, ,gtmpcwq_24G103007_031726_050000.bin,Pellicer Creek,GTMNERR,0,37.791,0,24.02,0,0.458,0,90.6,0,6.99,0,74.41,25.12,7.53,0,-66.5,6.29,21.23,0,12.55,0,1.187,2.85,0,11.58
3/29/2026,18:45, ,gtmpcwq_24G103007_031726_050000.bin,Pellicer Creek,GTMNERR,0,38.743,0,24.69,0,0.477,0,91.6,0,7.05,0,70.4,23.78,7.54,0,-67.5,6.3,21.171,0,18.25,0,1.189,2.8,0,11.37
3/29/2026,19:00, ,gtmpcwq_24G103007_031726_050000.bin,Pellicer Creek,GTMNERR,0,39.804,0,25.44,0,0.494,0,90.9,0,6.97,0,67.2,22.72,7.56,0,-68.2,6.3,21.133,0,19.5,0,1.196,2.93,0,11.9
3/29/2026,19:15, ,gtmpcwq_24G103007_031726_050000.bin,Pellicer Creek,GTMNERR,0,40.984,0,26.28,0,0.509,0,91.8,0,7.01,0,65.04,22,7.57,0,-69.1,6.29,21.08,0,15.58,0,1.191,2.52,0,10.21
3/29/2026,19:30, ,gtmpcwq_24G103007_031726_050000.bin,Pellicer Creek,GTMNERR,0,42.059,0,27.05,0,0.526,0,92.3,0,7.03,0,63.24,21.4,7.59,0,-69.9,6.29,20.949,0,12.95,0,1.188,2.5,0,10.15
3/29/2026,19:45, ,gtmpcwq_24G103007_031726_050000.bin,Pellicer Creek,GTMNERR,0,43.251,0,27.9,0,0.541,0,92.1,0,6.98,0,58.8,19.93,7.59,0,-70.5,6.3,20.944,0,16.78,0,1.192,2.26,0,9.17
3/29/2026,20:00, ,gtmpcwq_24G103007_031726_050000.bin,Pellicer Creek,GTMNERR,0,43.858,0,28.34,0,0.555,0,91.7,0,6.93,0,56.45,19.15,7.59,0,-70.4,6.3,20.934,0,18.94,0,1.192,2.11,0,8.59
3/29/2026,20:15, ,gtmpcwq_24G103007_031726_050000.bin,Pellicer Creek,GTMNERR,0,44.214,0,28.59,0,0.567,0,90.9,0,6.87,0,55.86,18.95,7.6,0,-70.9,6.29,20.872,0,17.11,0,1.192,2.11,0,8.59
3/29/2026,20:30, ,gtmpcwq_24G103007_031726_050000.bin,Pellicer Creek,GTMNERR,0,44.516,0,28.81,0,0.577,0,91.1,0,6.88,0,54.83,18.61,7.61,0,-71.3,6.29,20.82,0,17.15,0,1.189,2.12,0,8.62
3/29/2026,20:45, ,gtmpcwq_24G103007_031726_050000.bin,Pellicer Creek,GTMNERR,0,44.812,0,29.03,0,0.583,0,90.8,0,6.86,0,54.1,18.37,7.62,0,-71.7,6.3,20.752,0,15.19,0,1.184,2.23,0,9.04
3/29/2026,21:00, ,gtmpcwq_24G103007_031726_050000.bin,Pellicer Creek,GTMNERR,0,44.909,0,29.1,0,0.583,0,91.4,0,6.91,0,54.47,18.49,7.62,0,-72.1,6.3,20.709,0,12.66,0,1.189,2.2,0,8.92
3/29/2026,21:15, ,gtmpcwq_24G103007_031726_050000.bin,Pellicer Creek,GTMNERR,0,44.969,0,29.14,0,0.576,0,90.1,0,6.81,0,54.4,18.47,7.61,0,-71.4,6.3,20.691,0,12.3,0,1.187,1.84,0,7.46
3/29/2026,21:30, ,gtmpcwq_24G103007_031726_050000.bin,Pellicer Creek,GTMNERR,0,45.036,0,29.19,0,0.563,0,87.7,0,6.62,0,53.58,18.19,7.59,0,-70.1,6.3,20.706,0,12.5,0,1.184,1.51,0,6.15
3/29/2026,21:45, ,gtmpcwq_24G103007_031726_050000.bin,Pellicer Creek,GTMNERR,0,44.955,0,29.13,0,0.547,0,90.2,0,6.81,0,53.42,18.14,7.61,0,-71.3,6.3,20.712,0,12.45,0,1.184,1.91,0,7.76
3/29/2026,22:00, ,gtmpcwq_24G103007_031726_050000.bin,Pellicer Creek,GTMNERR,0,44.759,0,28.99,0,0.53,0,91.4,0,6.91,0,54.91,18.63,7.61,0,-71.5,6.29,20.74,0,12.72,0,1.189,1.95,0,7.93
3/29/2026,22:15, ,gtmpcwq_24G103007_031726_050000.bin,Pellicer Creek,GTMNERR,0,43.952,0,28.41,0,0.514,0,92,0,6.97,0,58.29,19.76,7.6,0,-70.7,6.29,20.807,0,13.07,0,1.185,2.05,0,8.35
3/29/2026,22:30, ,gtmpcwq_24G103007_031726_050000.bin,Pellicer Creek,GTMNERR,0,43.494,0,28.08,0,0.495,0,91.2,0,6.92,0,59.44,20.14,7.59,0,-70,6.3,20.828,0,12.69,0,1.192,1.92,0,7.79
3/29/2026,22:45, ,gtmpcwq_24G103007_031726_050000.bin,Pellicer Creek,GTMNERR,0,42.78,0,27.57,0,0.477,0,90.8,0,6.91,0,60.19,20.39,7.58,0,-69.5,6.29,20.811,0,13.39,0,1.192,2.18,0,8.85
3/29/2026,23:00, ,gtmpcwq_24G103007_031726_050000.bin,Pellicer Creek,GTMNERR,0,41.518,0,26.66,0,0.459,0,89.4,0,6.85,0,64.03,21.67,7.56,0,-68.6,6.29,20.774,0,15.87,0,1.192,2.21,0,8.96
3/29/2026,23:15, ,gtmpcwq_24G103007_031726_050000.bin,Pellicer Creek,GTMNERR,0,39.905,0,25.52,0,0.438,0,88,0,6.78,0,68.65,23.2,7.54,0,-67.2,6.29,20.774,0,16.15,0,1.187,2.35,0,9.54
3/29/2026,23:30, ,gtmpcwq_24G103007_031726_050000.bin,Pellicer Creek,GTMNERR,0,38.515,0,24.53,0,0.416,0,86.5,0,6.71,0,72.78,24.57,7.51,0,-65.5,6.3,20.768,0,13.71,0,1.197,2.39,0,9.71
3/29/2026,23:45, ,gtmpcwq_24G103007_031726_050000.bin,Pellicer Creek,GTMNERR,0,37.154,0,23.58,0,0.394,0,85.4,0,6.65,0,76.37,25.77,7.49,0,-64.3,6.29,20.826,0,13.27,0,1.188,2.43,0,9.86
3/30/2026,00:00, ,gtmpcwq_24G103007_031726_050000.bin,Pellicer Creek,GTMNERR,0,36.506,0,23.12,0,0.371,0,84.3,0,6.59,0,78.23,26.39,7.48,0,-63.5,6.29,20.812,0,13.28,0,1.194,2.56,0,10.37
3/30/2026,00:15, ,gtmpcwq_24G103007_031726_050000.bin,Pellicer Creek,GTMNERR,0,35.43,0,22.37,0,0.346,0,82.3,0,6.47,0,81.02,27.31,7.45,0,-61.8,6.29,20.757,0,12.1,0,1.189,2.52,0,10.22
3/30/2026,00:30, ,gtmpcwq_24G103007_031726_050000.bin,Pellicer Creek,GTMNERR,0,34.255,0,21.55,0,0.319,0,81.4,0,6.42,0,83.94,28.28,7.43,0,-60.9,6.3,20.786,0,11.63,0,1.192,2.41,0,9.8
3/30/2026,00:45, ,gtmpcwq_24G103007_031726_050000.bin,Pellicer Creek,GTMNERR,0,33.38,0,20.95,0,0.295,0,80.3,0,6.35,0,85.78,28.89,7.42,0,-60.1,6.3,20.831,0,11.36,0,1.192,2.56,0,10.38
3/30/2026,01:00, ,gtmpcwq_24G103007_031726_050000.bin,Pellicer Creek,GTMNERR,0,32.738,0,20.51,0,0.27,0,79.2,0,6.28,0,87.6,29.5,7.41,0,-59.3,6.3,20.824,0,10.21,0,1.192,2.61,0,10.6
3/30/2026,01:15, ,gtmpcwq_24G103007_031726_050000.bin,Pellicer Creek,GTMNERR,0,31.911,0,19.94,0,0.244,0,78.4,0,6.24,0,89.42,30.11,7.39,0,-58.3,6.29,20.832,0,9.8,0,1.192,2.55,0,10.37
3/30/2026,01:30, ,gtmpcwq_24G103007_031726_050000.bin,Pellicer Creek,GTMNERR,0,30.739,0,19.13,0,0.218,0,77.2,0,6.17,0,92,30.96,7.38,0,-57.4,6.29,20.854,0,8.88,0,1.192,2.42,0,9.81
3/30/2026,01:45, ,gtmpcwq_24G103007_031726_050000.bin,Pellicer Creek,GTMNERR,0,30.498,0,18.97,0,0.195,0,76,0,6.08,0,92.24,31.04,7.37,0,-56.9,6.3,20.873,0,8.69,0,1.192,2.57,0,10.41
3/30/2026,02:00, ,gtmpcwq_24G103007_031726_050000.bin,Pellicer Creek,GTMNERR,0,29.791,0,18.48,0,0.174,0,75.3,0,6.04,0,93.81,31.56,7.36,0,-56.4,6.3,20.882,0,8.79,0,1.193,2.64,0,10.71
3/30/2026,02:15, ,gtmpcwq_24G103007_031726_050000.bin,Pellicer Creek,GTMNERR,0,29.339,0,18.18,0,0.151,0,74.4,0,5.98,0,94.32,31.73,7.35,0,-55.7,6.3,20.891,0,7.84,0,1.192,2.7,0,10.96
3/30/2026,02:30, ,gtmpcwq_24G103007_031726_050000.bin,Pellicer Creek,GTMNERR,0,28.846,0,17.84,0,0.127,0,73.8,0,5.94,0,95.72,32.2,7.34,0,-55.3,6.3,20.899,0,7.68,0,1.192,2.6,0,10.54
3/30/2026,02:45, ,gtmpcwq_24G103007_031726_050000.bin,Pellicer Creek,GTMNERR,0,28.549,0,17.64,0,0.108,0,73.5,0,5.92,0,96.24,32.37,7.33,0,-54.9,6.29,20.901,0,9.14,0,1.192,2.72,0,11.02
3/30/2026,03:00, ,gtmpcwq_24G103007_031726_050000.bin,Pellicer Creek,GTMNERR,0,28.412,0,17.55,0,0.092,0,72.5,0,5.85,0,96.34,32.4,7.33,0,-54.5,6.29,20.891,0,7.63,0,1.187,2.87,0,11.66
3/30/2026,03:15, ,gtmpcwq_24G103007_031726_050000.bin,Pellicer Creek,GTMNERR,0,28.312,0,17.48,0,0.076,0,71.8,0,5.79,0,97.11,32.66,7.32,0,-54.1,6.3,20.894,0,7.32,0,1.186,2.86,0,11.59
3/30/2026,03:30, ,gtmpcwq_24G103007_031726_050000.bin,Pellicer Creek,GTMNERR,0,28.761,0,17.78,0,0.061,0,72.2,0,5.82,0,96.27,32.38,7.32,0,-54.2,6.3,20.893,0,7.25,0,1.184,2.88,0,11.7
3/30/2026,03:45, ,gtmpcwq_24G103007_031726_050000.bin,Pellicer Creek,GTMNERR,0,28.082,0,17.32,0,0.05,0,72,0,5.82,0,97.89,32.92,7.32,0,-53.9,6.3,20.879,0,7.12,0,1.183,3.2,0,12.98
3/30/2026,04:00, ,gtmpcwq_24G103007_031726_050000.bin,Pellicer Creek,GTMNERR,0,27.848,0,17.17,0,0.044,0,69.4,0,5.61,0,98.11,32.99,7.3,0,-52.7,6.3,20.866,0,7.16,0,1.192,2.54,0,10.32
3/30/2026,04:15, ,gtmpcwq_24G103007_031726_050000.bin,Pellicer Creek,GTMNERR,0,27.783,0,17.12,0,0.046,0,64.4,0,5.21,0,96.31,32.4,7.26,0,-50.9,6.3,20.867,0,6.87,0,1.189,2.39,0,9.71
3/30/2026,04:30, ,gtmpcwq_24G103007_031726_050000.bin,Pellicer Creek,GTMNERR,0,27.746,0,17.1,0,0.063,0,66.8,0,5.4,0,98.79,33.22,7.3,0,-53,6.3,20.865,0,7.59,0,1.184,2.7,0,10.95
3/30/2026,04:45, ,gtmpcwq_24G103007_031726_050000.bin,Pellicer Creek,GTMNERR,0,27.015,0,16.6,0,0.084,0,67.7,0,5.49,0,100.27,33.71,7.3,0,-52.8,6.29,20.824,0,6.28,0,1.185,2.48,0,10.06
3/30/2026,05:00, ,gtmpcwq_24G103007_031726_050000.bin,Pellicer Creek,GTMNERR,0,27.523,0,16.95,0,0.109,0,69.9,0,5.69,0,99.11,33.33,7.31,0,-53.5,6.3,20.565,0,6.96,0,1.189,2.58,0,10.48
3/30/2026,05:15, ,gtmpcwq_24G103007_031726_050000.bin,Pellicer Creek,GTMNERR,0,28.703,0,17.75,0,0.133,0,70.5,0,5.71,0,97.07,32.65,7.32,0,-54.2,6.3,20.589,0,7.46,0,1.192,3.04,0,12.34
3/30/2026,05:30, ,gtmpcwq_24G103007_031726_050000.bin,Pellicer Creek,GTMNERR,0,30.638,0,19.07,0,0.163,0,72.7,0,5.87,0,93.63,31.5,7.33,0,-54.9,6.3,20.362,0,8.35,0,1.192,2.5,0,10.13
3/30/2026,05:45, ,gtmpcwq_24G103007_031726_050000.bin,Pellicer Creek,GTMNERR,0,31.99,0,19.99,0,0.195,0,73.5,0,5.89,0,91.12,30.67,7.34,0,-55.6,6.3,20.387,0,8.3,0,1.19,2.58,0,10.46
3/30/2026,06:00, ,gtmpcwq_24G103007_031726_050000.bin,Pellicer Creek,GTMNERR,0,32.279,0,20.19,0,0.229,0,73.9,0,5.92,0,90.18,30.36,7.36,0,-56.3,6.3,20.359,0,7.8,0,1.189,2.74,0,11.14
3/30/2026,06:15, ,gtmpcwq_24G103007_031726_050000.bin,Pellicer Creek,GTMNERR,0,32.426,0,20.29,0,0.265,0,72.3,0,5.79,0,90.02,30.3,7.36,0,-56.3,6.3,20.369,0,7.65,0,1.189,2.58,0,10.45
3/30/2026,06:30, ,gtmpcwq_24G103007_031726_050000.bin,Pellicer Creek,GTMNERR,0,34.147,0,21.48,0,0.302,0,73.5,0,5.85,0,85.95,28.95,7.36,0,-56.8,6.3,20.338,0,10.05,0,1.185,2.39,0,9.72
3/30/2026,06:45, ,gtmpcwq_24G103007_031726_050000.bin,Pellicer Creek,GTMNERR,0,34.382,0,21.65,0,0.339,0,73.8,0,5.87,0,84.81,28.57,7.37,0,-57.3,6.3,20.287,0,10.07,0,1.201,2.25,0,9.15
3/30/2026,07:00, ,gtmpcwq_24G103007_031726_050000.bin,Pellicer Creek,GTMNERR,0,34.52,0,21.74,0,0.373,0,74.7,0,5.96,0,85.64,28.85,7.38,0,-57.9,6.3,20.112,0,9.42,0,1.19,2.17,0,8.81
3/30/2026,07:15, ,gtmpcwq_24G103007_031726_050000.bin,Pellicer Creek,GTMNERR,0,36.806,0,23.34,0,0.403,0,73.8,0,5.86,0,81.65,27.52,7.38,0,-57.8,6.3,19.902,0,10.83,0,1.192,1.83,0,7.44
3/30/2026,07:30, ,gtmpcwq_24G103007_031726_050000.bin,Pellicer Creek,GTMNERR,0,37.78,0,24.02,0,0.429,0,73.9,0,5.86,0,80.97,27.3,7.38,0,-57.6,6.3,19.753,0,10.03,0,1.192,1.97,0,8.02
3/30/2026,07:45, ,gtmpcwq_24G103007_031726_050000.bin,Pellicer Creek,GTMNERR,0,38.781,0,24.73,0,0.454,0,73.5,0,5.81,0,79.4,26.78,7.37,0,-57,6.3,19.688,0,10.32,0,1.192,1.96,0,7.98
3/30/2026,08:00, ,gtmpcwq_24G103007_031726_050000.bin,Pellicer Creek,GTMNERR,0,39.341,0,25.13,0,0.474,0,73.1,0,5.76,0,78.04,26.32,7.36,0,-56.6,6.3,19.77,0,11.43,0,1.192,2.01,0,8.19
3/30/2026,08:15, ,gtmpcwq_24G103007_031726_050000.bin,Pellicer Creek,GTMNERR,0,40.783,0,26.15,0,0.494,0,72.1,0,5.64,0,72.3,24.42,7.39,0,-58.2,6.29,19.75,0,13.69,0,1.192,1.88,0,7.64
3/30/2026,08:30, ,gtmpcwq_24G103007_031726_050000.bin,Pellicer Creek,GTMNERR,0,41.367,0,26.56,0,0.51,0,74.3,0,5.8,0,69.76,23.57,7.42,0,-60.1,6.3,19.777,0,14.04,0,1.192,1.92,0,7.81
3/30/2026,08:45, ,gtmpcwq_24G103007_031726_050000.bin,Pellicer Creek,GTMNERR,0,41.555,0,26.7,0,0.524,0,75.8,0,5.91,0,68.11,23.02,7.45,0,-61.5,6.3,19.788,0,14.59,0,1.192,1.76,0,7.17
3/30/2026,09:00, ,gtmpcwq_24G103007_031726_050000.bin,Pellicer Creek,GTMNERR,0,42.121,0,27.1,0,0.535,0,77.2,0,6,0,66.08,22.35,7.47,0,-63.1,6.3,19.804,0,14.16,0,1.192,1.88,0,7.64
3/30/2026,09:15, ,gtmpcwq_24G103007_031726_050000.bin,Pellicer Creek,GTMNERR,0,42.38,0,27.29,0,0.543,0,78.6,0,6.09,0,65.55,22.17,7.48,0,-63.8,6.3,19.959,0,12.03,0,1.192,2.02,0,8.22
3/30/2026,09:30, ,gtmpcwq_24G103007_031726_050000.bin,Pellicer Creek,GTMNERR,0,42.551,0,27.41,0,0.547,0,79,0,6.1,0,64.86,21.94,7.49,0,-64.4,6.3,20.074,0,11.49,0,1.192,1.87,0,7.61
3/30/2026,09:45, ,gtmpcwq_24G103007_031726_050000.bin,Pellicer Creek,GTMNERR,0,42.849,0,27.62,0,0.544,0,79.2,0,6.12,0,63.7,21.56,7.5,0,-64.5,6.3,20.012,0,11.72,0,1.192,1.82,0,7.41
3/30/2026,10:00, ,gtmpcwq_24G103007_031726_050000.bin,Pellicer Creek,GTMNERR,0,42.946,0,27.69,0,0.532,0,75,0,5.79,0,62.82,21.26,7.46,0,-62.5,6.3,19.999,0,11.66,0,1.192,1.5,0,6.11
3/30/2026,10:15, ,gtmpcwq_24G103007_031726_050000.bin,Pellicer Creek,GTMNERR,0,42.704,0,27.52,0,0.517,0,79.3,0,6.13,0,64.39,21.78,7.49,0,-64.1,6.3,20.003,0,10.53,0,1.192,1.82,0,7.4
3/30/2026,10:30, ,gtmpcwq_24G103007_031726_050000.bin,Pellicer Creek,GTMNERR,0,42.281,0,27.21,0,0.498,0,79.8,0,6.18,0,65.81,22.26,7.48,0,-63.6,6.3,20.05,0,11.42,0,1.192,1.87,0,7.61
3/30/2026,10:45, ,gtmpcwq_24G103007_031726_050000.bin,Pellicer Creek,GTMNERR,0,41.74,0,26.83,0,0.48,0,80.9,0,6.26,0,68.35,23.1,7.48,0,-63.3,6.3,20.158,0,11.05,0,1.192,1.93,0,7.86
3/30/2026,11:00, ,gtmpcwq_24G103007_031726_050000.bin,Pellicer Creek,GTMNERR,0,41.6,0,26.73,0,0.461,0,80.7,0,6.25,0,68.51,23.15,7.47,0,-63.2,6.3,20.18,0,11.29,0,1.184,2.03,0,8.24
3/30/2026,11:15, ,gtmpcwq_24G103007_031726_050000.bin,Pellicer Creek,GTMNERR,0,40.681,0,26.07,0,0.442,0,82,0,6.34,0,70.83,23.93,7.46,0,-62.3,6.3,20.514,0,12.08,0,1.182,2.1,0,8.51
3/30/2026,11:30, ,gtmpcwq_24G103007_031726_050000.bin,Pellicer Creek,GTMNERR,0,39.104,0,24.95,0,0.423,0,84.2,0,6.49,0,74.06,25,7.45,0,-61.8,6.3,20.982,0,12.12,0,1.189,2.17,0,8.82
3/30/2026,11:45, ,gtmpcwq_24G103007_031726_050000.bin,Pellicer Creek,GTMNERR,0,38.193,0,24.3,0,0.399,0,85.6,0,6.61,0,76.11,25.68,7.45,0,-61.9,6.29,21.098,0,12.12,0,1.189,2.46,0,10
3/30/2026,12:00, ,gtmpcwq_24G103007_031726_050000.bin,Pellicer Creek,GTMNERR,0,37.649,0,23.92,0,0.377,0,85.4,0,6.62,0,76.78,25.91,7.45,0,-61.9,6.3,21.026,0,13.52,0,1.192,2.62,0,10.61
3/30/2026,12:15, ,gtmpcwq_24G103007_031726_050000.bin,Pellicer Creek,GTMNERR,0,36.163,0,22.88,0,0.354,0,87.3,0,6.77,0,79.22,26.72,7.46,0,-62.3,6.3,21.278,0,12.7,0,1.192,2.65,0,10.74
3/30/2026,12:30, ,gtmpcwq_24G103007_031726_050000.bin,Pellicer Creek,GTMNERR,0,35.674,0,22.54,0,0.329,0,87.1,0,6.76,0,79.97,26.97,7.45,0,-61.8,6.3,21.364,0,13.15,0,1.192,2.65,0,10.75
3/30/2026,12:45, ,gtmpcwq_24G103007_031726_050000.bin,Pellicer Creek,GTMNERR,0,34.304,0,21.58,0,0.304,0,89.5,0,6.95,0,82.31,27.74,7.46,0,-62.4,6.3,21.671,0,10.91,0,1.192,2.67,0,10.82
3/30/2026,13:00, ,gtmpcwq_24G103007_031726_050000.bin,Pellicer Creek,GTMNERR,0,33.457,0,20.99,0,0.279,0,91.6,0,7.09,0,83.34,28.08,7.46,0,-62.6,6.29,21.95,0,11.51,0,1.192,3.04,0,12.33
3/30/2026,13:15, ,gtmpcwq_24G103007_031726_050000.bin,Pellicer Creek,GTMNERR,0,32.563,0,20.37,0,0.257,0,91,0,7.08,0,85.13,28.68,7.46,0,-62.3,6.3,21.907,0,10.97,0,1.192,2.8,0,11.35
3/30/2026,13:30, ,gtmpcwq_24G103007_031726_050000.bin,Pellicer Creek,GTMNERR,0,32.028,0,20,0,0.234,0,90.5,0,7.05,0,86.06,28.99,7.45,0,-61.8,6.3,21.973,0,10.45,0,1.19,3.65,0,14.79
3/30/2026,13:45, ,gtmpcwq_24G103007_031726_050000.bin,Pellicer Creek,GTMNERR,0,31.448,0,19.61,0,0.209,0,89.6,0,6.99,0,87.24,29.38,7.44,0,-61.2,6.3,22.02,0,10.14,0,1.191,3.35,0,13.58
3/30/2026,14:00, ,gtmpcwq_24G103007_031726_050000.bin,Pellicer Creek,GTMNERR,0,30.925,0,19.24,0,0.184,0,91,0,7.08,0,87.7,29.53,7.44,0,-61.3,6.3,22.263,0,9.91,0,1.192,3.18,0,12.88
3/30/2026,14:15, ,gtmpcwq_24G103007_031726_050000.bin,Pellicer Creek,GTMNERR,0,30.279,0,18.8,0,0.164,0,91.6,0,7.13,0,88.2,29.7,7.43,0,-61,6.29,22.421,0,9.61,0,1.192,3.28,0,13.29
3/30/2026,14:30, ,gtmpcwq_24G103007_031726_050000.bin,Pellicer Creek,GTMNERR,0,29.71,0,18.41,0,0.144,0,90.8,0,7.07,0,89.39,30.09,7.42,0,-60.3,6.29,22.447,0,9.95,0,1.192,3.97,0,16.1
3/30/2026,14:45, ,gtmpcwq_24G103007_031726_050000.bin,Pellicer Creek,GTMNERR,0,29.63,0,18.36,0,0.124,0,90.3,0,7.02,0,89.14,30.01,7.42,0,-60,6.29,22.544,0,10.06,0,1.192,3.07,0,12.46
3/30/2026,15:00, ,gtmpcwq_24G103007_031726_050000.bin,Pellicer Creek,GTMNERR,0,29.349,0,18.17,0,0.106,0,89.6,0,6.99,0,89.88,30.26,7.41,0,-59.8,6.3,22.45,0,9.62,0,1.192,3.23,0,13.11
3/30/2026,15:15, ,gtmpcwq_24G103007_031726_050000.bin,Pellicer Creek,GTMNERR,0,29.203,0,18.07,0,0.086,0,89.9,0,7.02,0,90.78,30.56,7.42,0,-60,6.3,22.459,0,9.18,0,1.184,2.99,0,12.14
3/30/2026,15:30, ,gtmpcwq_24G103007_031726_050000.bin,Pellicer Creek,GTMNERR,0,28.925,0,17.88,0,0.069,0,88.1,0,6.9,0,91.68,30.86,7.41,0,-59.3,6.3,22.384,0,10.88,0,1.19,3.21,0,13.04
3/30/2026,15:45, ,gtmpcwq_24G103007_031726_050000.bin,Pellicer Creek,GTMNERR,0,28.132,0,17.34,0,0.054,0,90.9,0,7.09,0,92.35,31.08,7.42,0,-60,6.29,22.732,0,8.98,0,1.186,3.42,0,13.85
3/30/2026,16:00, ,gtmpcwq_24G103007_031726_050000.bin,Pellicer Creek,GTMNERR,0,28.141,0,17.35,0,0.042,0,88.3,0,6.91,0,92.82,31.23,7.4,0,-58.9,6.3,22.557,0,8.69,0,1.198,3.13,0,12.72
3/30/2026,16:15, ,gtmpcwq_24G103007_031726_050000.bin,Pellicer Creek,GTMNERR,0,27.378,0,16.83,0,0.035,0,87.9,0,6.89,0,93.85,31.58,7.39,0,-58.5,6.3,22.62,0,8.66,0,1.189,3.23,0,13.1
3/30/2026,16:30, ,gtmpcwq_24G103007_031726_050000.bin,Pellicer Creek,GTMNERR,0,28.223,0,17.4,0,0.024,0,84,0,6.57,0,91.06,30.65,7.36,0,-56.8,6.3,22.53,0,8.43,0,1.181,3.03,0,12.3
3/30/2026,16:45, ,gtmpcwq_24G103007_031726_050000.bin,Pellicer Creek,GTMNERR,0,27.774,0,17.1,0,0.023,0,82,0,6.41,0,90.02,30.3,7.36,0,-56.4,6.3,22.681,0,7.31,0,1.187,2.86,0,11.62
3/30/2026,17:00, ,gtmpcwq_24G103007_031726_050000.bin,Pellicer Creek,GTMNERR,0,27.301,0,16.77,0,0.029,0,82.1,0,6.41,0,90.71,30.53,7.36,0,-56.8,6.3,22.918,0,8.34,0,1.2,2.74,0,11.14
3/30/2026,17:15, ,gtmpcwq_24G103007_031726_050000.bin,Pellicer Creek,GTMNERR,0,26.523,0,16.24,0,0.047,0,90.7,0,7.03,0,93.64,31.51,7.41,0,-59.8,6.29,23.466,0,8.31,0,1.185,3.54,0,14.36
3/30/2026,17:30, ,gtmpcwq_24G103007_031726_050000.bin,Pellicer Creek,GTMNERR,0,26.606,0,16.3,0,0.061,0,97,0,7.47,0,92.08,30.99,7.48,0,-64.2,6.29,23.792,0,9.92,0,1.189,3.68,0,14.9
3/30/2026,17:45, ,gtmpcwq_24G103007_031726_050000.bin,Pellicer Creek,GTMNERR,0,27.122,0,16.64,0,0.082,0,98,0,7.53,0,90.36,30.42,7.49,0,-64.6,6.3,23.782,0,11.57,0,1.189,4.62,0,18.71
3/30/2026,18:00, ,gtmpcwq_24G103007_031726_050000.bin,Pellicer Creek,GTMNERR,0,28.054,0,17.27,0,0.104,0,100,0,7.67,0,89.6,30.17,7.52,0,-66.3,6.3,23.673,0,10.87,0,1.186,4.12,0,16.69
3/30/2026,18:15, ,gtmpcwq_24G103007_031726_050000.bin,Pellicer Creek,GTMNERR,0,28.971,0,17.9,0,0.133,0,102.7,0,7.88,0,88.42,29.77,7.55,0,-68.3,6.29,23.479,0,11.27,0,1.197,3.71,0,15.02
3/30/2026,18:30, ,gtmpcwq_24G103007_031726_050000.bin,Pellicer Creek,GTMNERR,0,29.816,0,18.47,0,0.162,0,102.4,0,7.83,0,86.72,29.21,7.57,0,-69,6.3,23.44,0,11.19,0,1.19,4.68,0,18.95
3/30/2026,18:45, ,gtmpcwq_24G103007_031726_050000.bin,Pellicer Creek,GTMNERR,0,30.713,0,19.08,0,0.193,0,100.4,0,7.67,0,85.94,28.95,7.55,0,-68,6.29,23.312,0,10.74,0,1.183,4.73,0,19.18
3/30/2026,19:00, ,gtmpcwq_24G103007_031726_050000.bin,Pellicer Creek,GTMNERR,0,31.183,0,19.41,0,0.227,0,102.6,0,7.82,0,85.16,28.69,7.58,0,-70,6.3,23.312,0,10.89,0,1.192,4.77,0,19.33
3/30/2026,19:15, ,gtmpcwq_24G103007_031726_050000.bin,Pellicer Creek,GTMNERR,0,32.255,0,20.14,0,0.261,0,102.4,0,7.79,0,83.32,28.08,7.57,0,-69.4,6.29,23.186,0,11.29,0,1.185,4.34,0,17.6
3/30/2026,19:30, ,gtmpcwq_24G103007_031726_050000.bin,Pellicer Creek,GTMNERR,0,33,0,20.66,0,0.294,0,101.5,0,7.71,0,82.41,27.77,7.56,0,-68.7,6.29,23.145,0,11.01,0,1.191,4.68,0,18.97
3/30/2026,19:45, ,gtmpcwq_24G103007_031726_050000.bin,Pellicer Creek,GTMNERR,0,33.999,0,21.35,0,0.328,0,100.3,0,7.59,0,79,26.64,7.56,0,-68.5,6.3,23.092,0,14.51,0,1.189,3.67,0,14.87
3/30/2026,20:00, ,gtmpcwq_24G103007_031726_050000.bin,Pellicer Creek,GTMNERR,0,34.829,0,21.92,0,0.361,0,102.7,0,7.75,0,78.59,26.5,7.58,0,-70.1,6.29,23.126,0,12.86,0,1.192,3.77,0,15.28
3/30/2026,20:15, ,gtmpcwq_24G103007_031726_050000.bin,Pellicer Creek,GTMNERR,0,36.47,0,23.07,0,0.388,0,102.2,0,7.64,0,72.86,24.6,7.58,0,-69.9,6.3,23.263,0,20.12,0,1.192,3.27,0,13.27
3/30/2026,20:30, ,gtmpcwq_24G103007_031726_050000.bin,Pellicer Creek,GTMNERR,0,37.172,0,23.56,0,0.413,0,102.2,0,7.62,0,74.74,25.22,7.58,0,-70,6.3,23.241,0,13.98,0,1.192,3.24,0,13.16
3/30/2026,20:45, ,gtmpcwq_24G103007_031726_050000.bin,Pellicer Creek,GTMNERR,0,38.576,0,24.54,0,0.434,0,101.5,0,7.51,0,71.47,24.14,7.58,0,-69.6,6.3,23.37,0,19.08,0,1.192,3.05,0,12.39
3/30/2026,21:00, ,gtmpcwq_24G103007_031726_050000.bin,Pellicer Creek,GTMNERR,0,39.202,0,24.99,0,0.45,0,99.4,0,7.35,0,70.52,23.82,7.58,0,-70.1,6.3,23.263,0,15.58,0,1.192,3.15,0,12.79
3/30/2026,21:15, ,gtmpcwq_24G103007_031726_050000.bin,Pellicer Creek,GTMNERR,0,39.652,0,25.31,0,0.463,0,99.3,0,7.33,0,69.11,23.36,7.58,0,-70.1,6.29,23.232,0,17.05,0,1.192,3.03,0,12.3
3/30/2026,21:30, ,gtmpcwq_24G103007_031726_050000.bin,Pellicer Creek,GTMNERR,0,40.234,0,25.72,0,0.471,0,98.8,0,7.28,0,67.53,22.83,7.59,0,-70.5,6.3,23.178,0,15.98,0,1.192,2.9,0,11.76
3/30/2026,21:45, ,gtmpcwq_24G103007_031726_050000.bin,Pellicer Creek,GTMNERR,0,40.647,0,26.01,0,0.475,0,97.4,0,7.17,0,66.22,22.39,7.61,0,-71.5,6.29,23.118,0,15.53,0,1.192,3.01,0,12.19
3/30/2026,22:00, ,gtmpcwq_24G103007_031726_050000.bin,Pellicer Creek,GTMNERR,0,40.787,0,26.11,0,0.474,0,96.3,0,7.09,0,67.13,22.69,7.6,0,-71.1,6.3,23.101,0,13,0,1.192,3.04,0,12.35
3/30/2026,22:15, ,gtmpcwq_24G103007_031726_050000.bin,Pellicer Creek,GTMNERR,0,40.846,0,26.16,0,0.465,0,92.7,0,6.83,0,65.29,22.09,7.55,0,-68.1,6.3,23.087,0,11.97,0,1.192,2.27,0,9.23
3/30/2026,22:30, ,gtmpcwq_24G103007_031726_050000.bin,Pellicer Creek,GTMNERR,0,40.903,0,26.2,0,0.447,0,94.3,0,6.94,0,66.09,22.35,7.58,0,-69.9,6.29,23.089,0,11.75,0,1.183,2.47,0,10.02
3/30/2026,22:45, ,gtmpcwq_24G103007_031726_050000.bin,Pellicer Creek,GTMNERR,0,40.701,0,26.05,0,0.425,0,96.7,0,7.13,0,66.88,22.61,7.6,0,-70.9,6.3,23.088,0,13.75,0,1.189,2.57,0,10.41
3/30/2026,23:00, ,gtmpcwq_24G103007_031726_050000.bin,Pellicer Creek,GTMNERR,0,40.326,0,25.79,0,0.406,0,97.5,0,7.19,0,68.03,22.99,7.6,0,-70.8,6.29,23.108,0,12.68,0,1.189,2.82,0,11.43
3/30/2026,23:15, ,gtmpcwq_24G103007_031726_050000.bin,Pellicer Creek,GTMNERR,0,39.472,0,25.18,0,0.385,0,97.5,0,7.21,0,70.75,23.9,7.57,0,-69.5,6.3,23.137,0,13.23,0,1.189,2.94,0,11.94
3/30/2026,23:30, ,gtmpcwq_24G103007_031726_050000.bin,Pellicer Creek,GTMNERR,0,38.526,0,24.51,0,0.365,0,97.6,0,7.26,0,70.92,23.95,7.57,0,-69.1,6.3,23.061,0,18.85,0,1.187,3.03,0,12.29
3/30/2026,23:45, ,gtmpcwq_24G103007_031726_050000.bin,Pellicer Creek,GTMNERR,0,37.358,0,23.69,0,0.341,0,97.1,0,7.27,0,73.14,24.69,7.56,0,-68.6,6.3,22.998,0,18.15,0,1.189,3.25,0,13.18
3/31/2026,00:00, ,gtmpcwq_24G103007_031726_050000.bin,Pellicer Creek,GTMNERR,0,36.23,0,22.91,0,0.316,0,95.7,0,7.21,0,75.77,25.57,7.55,0,-67.8,6.3,22.869,0,15.42,0,1.192,3.41,0,13.83
3/31/2026,00:15, ,gtmpcwq_24G103007_031726_050000.bin,Pellicer Creek,GTMNERR,0,34.126,0,21.44,0,0.293,0,94.1,0,7.17,0,80.59,27.17,7.53,0,-66.8,6.3,22.734,0,14.11,0,1.192,3.31,0,13.44
3/31/2026,00:30, ,gtmpcwq_24G103007_031726_050000.bin,Pellicer Creek,GTMNERR,0,33.261,0,20.84,0,0.267,0,93.1,0,7.12,0,82.7,27.87,7.52,0,-66,6.3,22.722,0,11.65,0,1.192,3.46,0,14.04
3/31/2026,00:45, ,gtmpcwq_24G103007_031726_050000.bin,Pellicer Creek,GTMNERR,0,32.437,0,20.28,0,0.241,0,92.1,0,7.07,0,84.39,28.43,7.5,0,-65.2,6.3,22.714,0,12.04,0,1.192,3.44,0,13.96
3/31/2026,01:00, ,gtmpcwq_24G103007_031726_050000.bin,Pellicer Creek,GTMNERR,0,32.002,0,19.98,0,0.215,0,91.2,0,7.01,0,85.38,28.76,7.49,0,-64.6,6.29,22.7,0,11.53,0,1.192,3.45,0,13.99
3/31/2026,01:15, ,gtmpcwq_24G103007_031726_050000.bin,Pellicer Creek,GTMNERR,0,30.88,0,19.21,0,0.19,0,89.6,0,6.93,0,87.69,29.53,7.48,0,-63.5,6.29,22.634,0,10.17,0,1.187,3.13,0,12.68
3/31/2026,01:30, ,gtmpcwq_24G103007_031726_050000.bin,Pellicer Creek,GTMNERR,0,30.402,0,18.88,0,0.166,0,88.7,0,6.87,0,88.81,29.9,7.47,0,-62.9,6.3,22.628,0,9.38,0,1.19,3.25,0,13.2
3/31/2026,01:45, ,gtmpcwq_24G103007_031726_050000.bin,Pellicer Creek,GTMNERR,0,29.983,0,18.6,0,0.144,0,87.9,0,6.82,0,89.66,30.19,7.45,0,-62.3,6.3,22.606,0,9.23,0,1.181,3.26,0,13.23
3/31/2026,02:00, ,gtmpcwq_24G103007_031726_050000.bin,Pellicer Creek,GTMNERR,0,29.064,0,17.97,0,0.12,0,86.4,0,6.74,0,91.18,30.69,7.44,0,-61.3,6.3,22.555,0,8.63,0,1.188,3.03,0,12.3
3/31/2026,02:15, ,gtmpcwq_24G103007_031726_050000.bin,Pellicer Creek,GTMNERR,0,28.994,0,17.92,0,0.101,0,85.2,0,6.65,0,91.67,30.85,7.43,0,-60.7,6.3,22.547,0,8.6,0,1.19,3.34,0,13.55
3/31/2026,02:30, ,gtmpcwq_24G103007_031726_050000.bin,Pellicer Creek,GTMNERR,0,28.442,0,17.55,0,0.08,0,84.3,0,6.59,0,92.76,31.22,7.41,0,-59.9,6.3,22.51,0,7.81,0,1.194,2.99,0,12.11
3/31/2026,02:45, ,gtmpcwq_24G103007_031726_050000.bin,Pellicer Creek,GTMNERR,0,28.974,0,17.91,0,0.06,0,82.9,0,6.47,0,91.77,30.89,7.4,0,-58.9,6.3,22.5,0,8.08,0,1.196,3.24,0,13.12
3/31/2026,03:00, ,gtmpcwq_24G103007_031726_050000.bin,Pellicer Creek,GTMNERR,0,28.816,0,17.8,0,0.04,0,83.8,0,6.54,0,92.13,31.01,7.41,0,-59.8,6.3,22.538,0,8.97,0,1.192,3.31,0,13.43
3/31/2026,03:15, ,gtmpcwq_24G103007_031726_050000.bin,Pellicer Creek,GTMNERR,0,28.443,0,17.55,0,0.023,0,83,0,6.49,0,92.68,31.19,7.4,0,-59,6.3,22.519,0,8.13,0,1.194,3.5,0,14.18
3/31/2026,03:30, ,gtmpcwq_24G103007_031726_050000.bin,Pellicer Creek,GTMNERR,0,28.738,0,17.75,0,0.007,0,82.1,0,6.42,0,92.35,31.08,7.4,0,-58.8,6.3,22.506,0,8.34,0,1.196,3.39,0,13.76
3/31/2026,03:45, ,gtmpcwq_24G103007_031726_050000.bin,Pellicer Creek,GTMNERR,0,27.287,0,16.77,0,-0.007,0,81.8,0,6.44,0,95.28,32.05,7.39,0,-58.4,6.3,22.438,0,8.77,0,1.197,3.38,0,13.69
3/31/2026,04:00, ,gtmpcwq_24G103007_031726_050000.bin,Pellicer Creek,GTMNERR,0,26.855,0,16.48,0,-0.022,0,80.5,0,6.35,0,96.61,32.49,7.38,0,-57.7,6.3,22.412,0,7.5,0,1.2,3.19,0,12.95
3/31/2026,04:15, ,gtmpcwq_24G103007_031726_050000.bin,Pellicer Creek,GTMNERR,0,26.709,0,16.38,0,-0.034,0,79.6,0,6.28,0,96.77,32.55,7.36,0,-56.9,6.29,22.398,0,7.56,0,1.19,2.98,0,12.08
3/31/2026,04:30, ,gtmpcwq_24G103007_031726_050000.bin,Pellicer Creek,GTMNERR,0,26.804,0,16.45,0,-0.046,0,78.1,0,6.16,0,96.2,32.36,7.35,0,-56.2,6.29,22.361,0,7.19,0,1.182,3.02,0,12.25
3/31/2026,04:45, ,gtmpcwq_24G103007_031726_050000.bin,Pellicer Creek,GTMNERR,0,26.83,0,16.46,0,-0.055,0,75.9,0,5.99,0,95.88,32.25,7.33,0,-54.5,6.3,22.321,0,7.05,0,1.187,2.92,0,11.86
3/31/2026,05:00, ,gtmpcwq_24G103007_031726_050000.bin,Pellicer Creek,GTMNERR,0,27.025,0,16.59,0,-0.061,0,71.8,0,5.66,0,94.39,31.76,7.3,0,-53.2,6.3,22.379,0,7.35,0,1.182,2.76,0,11.19
3/31/2026,05:15, ,gtmpcwq_24G103007_031726_050000.bin,Pellicer Creek,GTMNERR,0,26.867,0,16.49,0,-0.061,0,72.5,0,5.72,0,96.18,32.35,7.31,0,-53.7,6.3,22.367,0,6.91,0,1.189,3.04,0,12.32
3/31/2026,05:30, ,gtmpcwq_24G103007_031726_050000.bin,Pellicer Creek,GTMNERR,0,26.266,0,16.09,0,-0.046,0,69.3,0,5.49,0,98.21,33.03,7.32,0,-54.5,6.3,22.316,0,6.09,0,1.193,2.76,0,11.19
3/31/2026,05:45, ,gtmpcwq_24G103007_031726_050000.bin,Pellicer Creek,GTMNERR,0,24.415,0,14.85,0,-0.027,0,73.3,0,5.87,0,101.22,34.03,7.31,0,-53.7,6.3,22.122,0,6.37,0,1.186,3.05,0,12.39
3/31/2026,06:00, ,gtmpcwq_24G103007_031726_050000.bin,Pellicer Creek,GTMNERR,0,24.3,0,14.78,0,-0.007,0,72.1,0,5.79,0,101.37,34.08,7.32,0,-54.1,6.3,21.905,0,6.51,0,1.19,2.77,0,11.24
3/31/2026,06:15, ,gtmpcwq_24G103007_031726_050000.bin,Pellicer Creek,GTMNERR,0,25.405,0,15.51,0,0.013,0,74.8,0,5.99,0,99.75,33.54,7.33,0,-54.7,6.3,21.876,0,7.16,0,1.192,3.23,0,13.09
3/31/2026,06:30, ,gtmpcwq_24G103007_031726_050000.bin,Pellicer Creek,GTMNERR,0,27.706,0,17.06,0,0.039,0,76.1,0,6.04,0,95.36,32.08,7.35,0,-56,6.3,21.92,0,8.79,0,1.183,3.34,0,13.53
3/31/2026,06:45, ,gtmpcwq_24G103007_031726_050000.bin,Pellicer Creek,GTMNERR,0,28.355,0,17.5,0,0.069,0,77.6,0,6.15,0,94.22,31.7,7.37,0,-57.1,6.3,21.813,0,8.94,0,1.196,3.16,0,12.82
3/31/2026,07:00, ,gtmpcwq_24G103007_031726_050000.bin,Pellicer Creek,GTMNERR,0,28.53,0,17.62,0,0.102,0,76.1,0,6.03,0,93.64,31.51,7.38,0,-57.5,6.3,21.798,0,8.76,0,1.192,3.25,0,13.18
3/31/2026,07:15, ,gtmpcwq_24G103007_031726_050000.bin,Pellicer Creek,GTMNERR,0,29.214,0,18.08,0,0.135,0,77.7,0,6.13,0,92.24,31.04,7.39,0,-58.3,6.3,21.863,0,9.85,0,1.195,3.17,0,12.87
3/31/2026,07:30, ,gtmpcwq_24G103007_031726_050000.bin,Pellicer Creek,GTMNERR,0,30.332,0,18.84,0,0.169,0,78.5,0,6.16,0,90.76,30.55,7.4,0,-58.7,6.3,21.948,0,9.74,0,1.198,3.07,0,12.47
3/31/2026,07:45, ,gtmpcwq_24G103007_031726_050000.bin,Pellicer Creek,GTMNERR,0,31.809,0,19.85,0,0.206,0,78.1,0,6.08,0,87.85,29.58,7.4,0,-59.2,6.3,22.001,0,10.25,0,1.194,2.88,0,11.68
3/31/2026,08:00, ,gtmpcwq_24G103007_031726_050000.bin,Pellicer Creek,GTMNERR,0,31.992,0,19.98,0,0.246,0,77.9,0,6.07,0,87.35,29.42,7.42,0,-59.9,6.3,21.971,0,10.65,0,1.197,2.85,0,11.58
3/31/2026,08:15, ,gtmpcwq_24G103007_031726_050000.bin,Pellicer Creek,GTMNERR,0,34.46,0,21.68,0,0.284,0,78.9,0,6.09,0,83.03,27.98,7.41,0,-59.5,6.29,21.985,0,14.58,0,1.19,3.06,0,12.43
3/31/2026,08:30, ,gtmpcwq_24G103007_031726_050000.bin,Pellicer Creek,GTMNERR,0,35.073,0,22.11,0,0.321,0,78.6,0,6.08,0,85.05,28.65,7.41,0,-59.8,6.3,21.704,0,9.91,0,1.186,2.46,0,9.97
3/31/2026,08:45, ,gtmpcwq_24G103007_031726_050000.bin,Pellicer Creek,GTMNERR,0,36.315,0,22.98,0,0.353,0,77.1,0,5.92,0,81.9,27.61,7.41,0,-59.8,6.3,21.79,0,11.24,0,1.192,2.43,0,9.87
3/31/2026,09:00, ,gtmpcwq_24G103007_031726_050000.bin,Pellicer Creek,GTMNERR,0,37.819,0,24.03,0,0.383,0,75.1,0,5.73,0,78.62,26.52,7.43,0,-60.9,6.3,21.847,0,11.45,0,1.192,2.61,0,10.6
3/31/2026,09:15, ,gtmpcwq_24G103007_031726_050000.bin,Pellicer Creek,GTMNERR,0,38.338,0,24.4,0,0.406,0,78.6,0,5.96,0,76.38,25.77,7.46,0,-62.6,6.3,21.992,0,11.65,0,1.192,2.51,0,10.18
3/31/2026,09:30, ,gtmpcwq_24G103007_031726_050000.bin,Pellicer Creek,GTMNERR,0,39.117,0,24.95,0,0.424,0,76.1,0,5.76,0,72.37,24.44,7.49,0,-64,6.3,22.008,0,12.98,0,1.192,2.47,0,10.04
3/31/2026,09:45, ,gtmpcwq_24G103007_031726_050000.bin,Pellicer Creek,GTMNERR,0,39.437,0,25.17,0,0.437,0,82,0,6.19,0,70.82,23.92,7.52,0,-65.9,6.3,22.09,0,11.9,0,1.192,2.76,0,11.2
3/31/2026,10:00, ,gtmpcwq_24G103007_031726_050000.bin,Pellicer Creek,GTMNERR,0,39.713,0,25.37,0,0.448,0,82.3,0,6.19,0,70.31,23.75,7.53,0,-67,6.3,22.193,0,11.71,0,1.192,2.57,0,10.43
3/31/2026,10:15, ,gtmpcwq_24G103007_031726_050000.bin,Pellicer Creek,GTMNERR,0,39.969,0,25.55,0,0.45,0,82.3,0,6.17,0,68.75,23.23,7.53,0,-66.9,6.3,22.236,0,12.05,0,1.192,2.59,0,10.5
3/31/2026,10:30, ,gtmpcwq_24G103007_031726_050000.bin,Pellicer Creek,GTMNERR,0,40.244,0,25.74,0,0.446,0,82.3,0,6.16,0,68.14,23.03,7.53,0,-66.6,6.3,22.3,0,10.67,0,1.192,2.43,0,9.88
3/31/2026,10:45, ,gtmpcwq_24G103007_031726_050000.bin,Pellicer Creek,GTMNERR,0,40.349,0,25.82,0,0.432,0,77.2,0,5.79,0,66.01,22.33,7.49,0,-64.6,6.3,22.213,0,10.28,0,1.184,2.02,0,8.22
3/31/2026,11:00, ,gtmpcwq_24G103007_031726_050000.bin,Pellicer Creek,GTMNERR,0,40.274,0,25.76,0,0.412,0,81.1,0,6.08,0,67.73,22.9,7.53,0,-66.6,6.3,22.25,0,11.65,0,1.194,2.47,0,10.01
3/31/2026,11:15, ,gtmpcwq_24G103007_031726_050000.bin,Pellicer Creek,GTMNERR,0,39.788,0,25.42,0,0.388,0,84,0,6.31,0,69.83,23.59,7.53,0,-66.6,6.29,22.203,0,10.78,0,1.189,2.67,0,10.82
3/31/2026,11:30, ,gtmpcwq_24G103007_031726_050000.bin,Pellicer Creek,GTMNERR,0,39.553,0,25.25,0,0.37,0,84.3,0,6.35,0,71.28,24.08,7.53,0,-66.9,6.3,22.176,0,10.58,0,1.196,2.78,0,11.3
3/31/2026,11:45, ,gtmpcwq_24G103007_031726_050000.bin,Pellicer Creek,GTMNERR,0,38.835,0,24.74,0,0.351,0,87.9,0,6.6,0,73.19,24.71,7.54,0,-67.4,6.3,22.47,0,11.28,0,1.196,3.21,0,13.02
3/31/2026,12:00, ,gtmpcwq_24G103007_031726_050000.bin,Pellicer Creek,GTMNERR,0,38.187,0,24.28,0,0.328,0,87.6,0,6.59,0,74.59,25.17,7.53,0,-66.6,6.29,22.49,0,12.73,0,1.188,3.35,0,13.59
3/31/2026,12:15, ,gtmpcwq_24G103007_031726_050000.bin,Pellicer Creek,GTMNERR,0,36.524,0,23.11,0,0.305,0,91.9,0,6.94,0,78.07,26.33,7.54,0,-67.1,6.3,22.653,0,11.03,0,1.192,3.53,0,14.33
3/31/2026,12:30, ,gtmpcwq_24G103007_031726_050000.bin,Pellicer Creek,GTMNERR,0,35.553,0,22.43,0,0.279,0,92.1,0,6.96,0,79.72,26.88,7.54,0,-67.5,6.3,22.853,0,11.25,0,1.192,3.57,0,14.46
3/31/2026,12:45, ,gtmpcwq_24G103007_031726_050000.bin,Pellicer Creek,GTMNERR,0,33.619,0,21.08,0,0.256,0,97.7,0,7.39,0,82.68,27.87,7.54,0,-67.7,6.3,23.285,0,10.87,0,1.187,3.84,0,15.58
3/31/2026,13:00, ,gtmpcwq_24G103007_031726_050000.bin,Pellicer Creek,GTMNERR,0,32.546,0,20.34,0,0.232,0,97.5,0,7.39,0,84.31,28.41,7.53,0,-67.2,6.3,23.35,0,10.22,0,1.184,3.81,0,15.45
3/31/2026,13:15, ,gtmpcwq_24G103007_031726_050000.bin,Pellicer Creek,GTMNERR,0,32.288,0,20.17,0,0.207,0,95.2,0,7.25,0,85.59,28.83,7.52,0,-66.3,6.3,23.175,0,10.32,0,1.19,3.73,0,15.14
3/31/2026,13:30, ,gtmpcwq_24G103007_031726_050000.bin,Pellicer Creek,GTMNERR,0,31.949,0,19.93,0,0.182,0,96,0,7.31,0,86.04,28.98,7.51,0,-65.6,6.3,23.209,0,9.89,0,1.192,3.77,0,15.27
3/31/2026,13:45, ,gtmpcwq_24G103007_031726_050000.bin,Pellicer Creek,GTMNERR,0,32.208,0,20.11,0,0.162,0,93,0,7.09,0,85.97,28.96,7.5,0,-64.8,6.3,23.093,0,9.79,0,1.192,3.91,0,15.84
3/31/2026,14:00, ,gtmpcwq_24G103007_031726_050000.bin,Pellicer Creek,GTMNERR,0,32.592,0,20.38,0,0.137,0,91.6,0,6.99,0,85.52,28.81,7.49,0,-64.2,6.3,22.986,0,9.8,0,1.193,3.67,0,14.88
3/31/2026,14:15, ,gtmpcwq_24G103007_031726_050000.bin,Pellicer Creek,GTMNERR,0,32.233,0,20.13,0,0.116,0,92.5,0,7.05,0,85.9,28.94,7.49,0,-64.5,6.3,23.14,0,9.02,0,1.192,3.9,0,15.83
3/31/2026,14:30, ,gtmpcwq_24G103007_031726_050000.bin,Pellicer Creek,GTMNERR,0,31.12,0,19.36,0,0.098,0,93.4,0,7.13,0,87.92,29.61,7.49,0,-64.7,6.3,23.243,0,9.3,0,1.183,3.99,0,16.16
3/31/2026,14:45, ,gtmpcwq_24G103007_031726_050000.bin,Pellicer Creek,GTMNERR,0,29.78,0,18.45,0,0.079,0,95.7,0,7.33,0,89.55,30.15,7.5,0,-65.1,6.3,23.371,0,9.13,0,1.183,3.96,0,16.04
3/31/2026,15:00, ,gtmpcwq_24G103007_031726_050000.bin,Pellicer Creek,GTMNERR,0,30.507,0,18.95,0,0.058,0,92.8,0,7.11,0,88.89,29.93,7.48,0,-63.8,6.3,23.216,0,9.7,0,1.188,4.26,0,17.25
3/31/2026,15:15, ,gtmpcwq_24G103007_031726_050000.bin,Pellicer Creek,GTMNERR,0,31.36,0,19.53,0,0.036,0,89.4,0,6.84,0,87.3,29.4,7.45,0,-62.1,6.3,23.05,0,7.82,0,1.196,3.84,0,15.55
3/31/2026,15:30, ,gtmpcwq_24G103007_031726_050000.bin,Pellicer Creek,GTMNERR,0,27.856,0,17.14,0,0.022,0,97.4,0,7.49,0,91.88,30.92,7.5,0,-64.8,6.3,23.618,0,9.62,0,1.182,3.86,0,15.66
3/31/2026,15:45, ,gtmpcwq_24G103007_031726_050000.bin,Pellicer Creek,GTMNERR,0,27.271,0,16.74,0,0.003,0,99.6,0,7.64,0,91.65,30.85,7.5,0,-65,6.3,23.869,0,10.02,0,1.192,4.06,0,16.47
3/31/2026,16:00, ,gtmpcwq_24G103007_031726_050000.bin,Pellicer Creek,GTMNERR,0,27.379,0,16.82,0,-0.013,0,96.3,0,7.39,0,91.66,30.85,7.48,0,-63.7,6.29,23.76,0,9.18,0,1.189,3.99,0,16.17
3/31/2026,16:15, ,gtmpcwq_24G103007_031726_050000.bin,Pellicer Creek,GTMNERR,0,28.953,0,17.88,0,-0.028,0,91.8,0,7.04,0,90.57,30.49,7.44,0,-61.5,6.29,23.493,0,8.44,0,1.194,3.93,0,15.93
3/31/2026,16:30, ,gtmpcwq_24G103007_031726_050000.bin,Pellicer Creek,GTMNERR,0,28.544,0,17.61,0,-0.042,0,93.5,0,7.17,0,91.05,30.65,7.42,0,-60.2,6.3,23.577,0,8.17,0,1.196,3.92,0,15.89
3/31/2026,16:45, ,gtmpcwq_24G103007_031726_050000.bin,Pellicer Creek,GTMNERR,0,27.709,0,17.04,0,-0.056,0,94.3,0,7.24,0,92.12,31,7.44,0,-61.8,6.29,23.698,0,8.84,0,1.193,4.2,0,17.01
3/31/2026,17:00, ,gtmpcwq_24G103007_031726_050000.bin,Pellicer Creek,GTMNERR,0,27.371,0,16.81,0,-0.067,0,93,0,7.15,0,91.22,30.7,7.42,0,-60.5,6.3,23.73,0,10.79,0,1.19,4.32,0,17.51
3/31/2026,17:15, ,gtmpcwq_24G103007_031726_050000.bin,Pellicer Creek,GTMNERR,0,27.605,0,16.97,0,-0.076,0,92.7,0,7.12,0,92.21,31.03,7.44,0,-61.5,6.3,23.698,0,8.49,0,1.195,4.02,0,16.29
3/31/2026,17:30, ,gtmpcwq_24G103007_031726_050000.bin,Pellicer Creek,GTMNERR,0,27.777,0,17.09,0,-0.087,0,89.4,0,6.87,0,91.01,30.63,7.42,0,-60.6,6.3,23.674,0,8.71,0,1.189,3.84,0,15.55
3/31/2026,17:45, ,gtmpcwq_24G103007_031726_050000.bin,Pellicer Creek,GTMNERR,0,27.366,0,16.81,0,-0.088,0,86.7,0,6.66,0,90.97,30.62,7.39,0,-58.6,6.3,23.778,0,10.65,0,1.185,4.06,0,16.44
3/31/2026,18:00, ,gtmpcwq_24G103007_031726_050000.bin,Pellicer Creek,GTMNERR,0,26.258,0,16.06,0,-0.073,0,91.8,0,7.03,0,93.48,31.46,7.45,0,-62,6.3,24.156,0,10.69,0,1.185,4.27,0,17.31
3/31/2026,18:15, ,gtmpcwq_24G103007_031726_050000.bin,Pellicer Creek,GTMNERR,0,25.516,0,15.56,0,-0.056,0,95.9,0,7.33,0,92.73,31.2,7.48,0,-63.7,6.3,24.406,0,11.27,0,1.186,4.65,0,18.86
3/31/2026,18:30, ,gtmpcwq_24G103007_031726_050000.bin,Pellicer Creek,GTMNERR,0,24.94,0,15.16,0,-0.042,0,107,0,8.08,0,91.83,30.91,7.57,0,-69.6,6.3,25.192,0,11.75,0,1.184,4.52,0,18.31
3/31/2026,18:45, ,gtmpcwq_24G103007_031726_050000.bin,Pellicer Creek,GTMNERR,0,24.678,0,14.99,0,-0.026,0,107.3,0,8.16,0,93.96,31.62,7.6,0,-71.1,6.3,24.87,0,9.05,0,1.196,4.64,0,18.81
3/31/2026,19:00, ,gtmpcwq_24G103007_031726_050000.bin,Pellicer Creek,GTMNERR,0,26.145,0,15.97,0,-0.002,0,107.6,0,8.15,0,91.21,30.7,7.63,0,-72.9,6.3,24.795,0,11.01,0,1.19,4.57,0,18.51
3/31/2026,19:15, ,gtmpcwq_24G103007_031726_050000.bin,Pellicer Creek,GTMNERR,0,27.291,0,16.74,0,0.026,0,107.3,0,8.12,0,88.05,29.65,7.65,0,-74,6.29,24.656,0,12.63,0,1.189,4.7,0,19.03
3/31/2026,19:30, ,gtmpcwq_24G103007_031726_050000.bin,Pellicer Creek,GTMNERR,0,27.857,0,17.13,0,0.058,0,105.4,0,7.96,0,87.38,29.43,7.63,0,-73.1,6.3,24.602,0,12.87,0,1.193,4.85,0,19.63
3/31/2026,19:45, ,gtmpcwq_24G103007_031726_050000.bin,Pellicer Creek,GTMNERR,0,28.628,0,17.65,0,0.09,0,105.4,0,7.94,0,86.27,29.06,7.63,0,-73,6.3,24.525,0,13.83,0,1.192,4.75,0,19.27
3/31/2026,20:00, ,gtmpcwq_24G103007_031726_050000.bin,Pellicer Creek,GTMNERR,0,29.359,0,18.14,0,0.125,0,102.7,0,7.73,0,85.41,28.77,7.61,0,-72,6.3,24.465,0,13.43,0,1.189,4.48,0,18.14
3/31/2026,20:15, ,gtmpcwq_24G103007_031726_050000.bin,Pellicer Creek,GTMNERR,0,30.278,0,18.77,0,0.162,0,101.9,0,7.66,0,84.31,28.41,7.62,0,-72.1,6.29,24.336,0,14.06,0,1.19,4.49,0,18.21
3/31/2026,20:30, ,gtmpcwq_24G103007_031726_050000.bin,Pellicer Creek,GTMNERR,0,30.695,0,19.06,0,0.199,0,101,0,7.59,0,84.67,28.53,7.62,0,-72.2,6.3,24.257,0,12.81,0,1.191,5.05,0,20.46
3/31/2026,20:45, ,gtmpcwq_24G103007_031726_050000.bin,Pellicer Creek,GTMNERR,0,31.63,0,19.7,0,0.238,0,102.8,0,7.7,0,82.54,27.82,7.62,0,-72.4,6.29,24.232,0,12.27,0,1.192,5.31,0,21.52
3/31/2026,21:00, ,gtmpcwq_24G103007_031726_050000.bin,Pellicer Creek,GTMNERR,0,33.181,0,20.77,0,0.273,0,102.2,0,7.6,0,78.98,26.63,7.63,0,-72.9,6.3,24.307,0,15.49,0,1.192,4.2,0,17.02
3/31/2026,21:15, ,gtmpcwq_24G103007_031726_050000.bin,Pellicer Creek,GTMNERR,0,34.634,0,21.77,0,0.307,0,99.8,0,7.37,0,75.86,25.6,7.63,0,-73.2,6.3,24.404,0,17.15,0,1.192,4.22,0,17.09
3/31/2026,21:30, ,gtmpcwq_24G103007_031726_050000.bin,Pellicer Creek,GTMNERR,0,35.791,0,22.57,0,0.336,0,99.5,0,7.31,0,73.83,24.92,7.63,0,-72.9,6.29,24.42,0,21.13,0,1.181,3.99,0,16.18
3/31/2026,21:45, ,gtmpcwq_24G103007_031726_050000.bin,Pellicer Creek,GTMNERR,0,36.645,0,23.17,0,0.36,0,100.3,0,7.34,0,73.52,24.82,7.64,0,-73.9,6.3,24.4,0,16.86,0,1.19,3.96,0,16.05
3/31/2026,22:00, ,gtmpcwq_24G103007_031726_050000.bin,Pellicer Creek,GTMNERR,0,37.466,0,23.75,0,0.376,0,98.4,0,7.18,0,72.23,24.39,7.64,0,-73.9,6.3,24.377,0,15.94,0,1.193,3.81,0,15.45
3/31/2026,22:15, ,gtmpcwq_24G103007_031726_050000.bin,Pellicer Creek,GTMNERR,0,37.881,0,24.04,0,0.386,0,97.4,0,7.11,0,71.61,24.19,7.64,0,-73.8,6.3,24.316,0,15.37,0,1.184,3.89,0,15.78
3/31/2026,22:30, ,gtmpcwq_24G103007_031726_050000.bin,Pellicer Creek,GTMNERR,0,38.382,0,24.39,0,0.392,0,96.2,0,7.01,0,69.92,23.62,7.64,0,-73.5,6.29,24.272,0,15.35,0,1.2,3.7,0,15.01
3/31/2026,22:45, ,gtmpcwq_24G103007_031726_050000.bin,Pellicer Creek,GTMNERR,0,38.733,0,24.64,0,0.39,0,95,0,6.92,0,69.32,23.42,7.65,0,-73.9,6.3,24.256,0,14.51,0,1.191,3.51,0,14.25
3/31/2026,23:00, ,gtmpcwq_24G103007_031726_050000.bin,Pellicer Creek,GTMNERR,0,38.643,0,24.58,0,0.378,0,89.8,0,6.54,0,68.73,23.23,7.59,0,-70.3,6.29,24.239,0,12.8,0,1.185,3.09,0,12.52
3/31/2026,23:15, ,gtmpcwq_24G103007_031726_050000.bin,Pellicer Creek,GTMNERR,0,38.752,0,24.65,0,0.358,0,91.4,0,6.65,0,68.67,23.21,7.62,0,-72.1,6.3,24.25,0,14.97,0,1.186,3.44,0,13.94
3/31/2026,23:30, ,gtmpcwq_24G103007_031726_050000.bin,Pellicer Creek,GTMNERR,0,38.34,0,24.36,0,0.334,0,93.6,0,6.82,0,70.62,23.86,7.63,0,-72.8,6.3,24.246,0,13.81,0,1.183,3.29,0,13.36
3/31/2026,23:45, ,gtmpcwq_24G103007_031726_050000.bin,Pellicer Creek,GTMNERR,0,37.973,0,24.1,0,0.311,0,96.2,0,7.02,0,71.67,24.21,7.64,0,-73.3,6.29,24.284,0,13.87,0,1.189,3.68,0,14.91
4/1/2026,00:00, ,gtmpcwq_24G103007_031726_050000.bin,Pellicer Creek,GTMNERR,0,37.204,0,23.57,0,0.292,0,95.8,0,7.02,0,73.01,24.65,7.63,0,-72.9,6.3,24.239,0,14.44,0,1.186,3.62,0,14.67
4/1/2026,00:15, ,gtmpcwq_24G103007_031726_050000.bin,Pellicer Creek,GTMNERR,0,36.307,0,22.94,0,0.268,0,95.8,0,7.05,0,74.8,25.25,7.62,0,-72.1,6.3,24.186,0,14.28,0,1.186,3.83,0,15.54
4/1/2026,00:30, ,gtmpcwq_24G103007_031726_050000.bin,Pellicer Creek,GTMNERR,0,34.793,0,21.89,0,0.244,0,95.5,0,7.09,0,77.76,26.23,7.6,0,-71,6.3,24.046,0,14.29,0,1.188,3.81,0,15.46
4/1/2026,00:45, ,gtmpcwq_24G103007_031726_050000.bin,Pellicer Creek,GTMNERR,0,33.622,0,21.08,0,0.222,0,94.7,0,7.07,0,80.74,27.22,7.58,0,-69.9,6.3,23.961,0,12.35,0,1.186,3.9,0,15.81
4/1/2026,01:00, ,gtmpcwq_24G103007_031726_050000.bin,Pellicer Creek,GTMNERR,0,31.675,0,19.74,0,0.199,0,93.8,0,7.08,0,84.31,28.41,7.57,0,-69.2,6.3,23.832,0,11.87,0,1.185,3.83,0,15.53
4/1/2026,01:15, ,gtmpcwq_24G103007_031726_050000.bin,Pellicer Creek,GTMNERR,0,30.467,0,18.91,0,0.175,0,93.2,0,7.07,0,86.7,29.2,7.55,0,-68.3,6.3,23.755,0,10.84,0,1.19,3.64,0,14.78
4/1/2026,01:30, ,gtmpcwq_24G103007_031726_050000.bin,Pellicer Creek,GTMNERR,0,30.386,0,18.85,0,0.149,0,92.7,0,7.03,0,86.75,29.22,7.54,0,-67.6,6.3,23.77,0,10.74,0,1.185,3.64,0,14.76
4/1/2026,01:45, ,gtmpcwq_24G103007_031726_050000.bin,Pellicer Creek,GTMNERR,0,30.3,0,18.8,0,0.125,0,91.1,0,6.92,0,87.03,29.31,7.53,0,-66.8,6.3,23.767,0,10.72,0,1.201,3.74,0,15.15
4/1/2026,02:00, ,gtmpcwq_24G103007_031726_050000.bin,Pellicer Creek,GTMNERR,0,30.799,0,19.14,0,0.103,0,90.6,0,6.86,0,85.8,28.9,7.53,0,-66.7,6.3,23.81,0,11.25,0,1.182,3.49,0,14.14
4/1/2026,02:15, ,gtmpcwq_24G103007_031726_050000.bin,Pellicer Creek,GTMNERR,0,31.313,0,19.49,0,0.081,0,90.7,0,6.85,0,85.61,28.84,7.53,0,-66.6,6.3,23.817,0,9.9,0,1.183,3.63,0,14.71
4/1/2026,02:30, ,gtmpcwq_24G103007_031726_050000.bin,Pellicer Creek,GTMNERR,0,31.075,0,19.32,0,0.06,0,90.1,0,6.81,0,86.44,29.11,7.52,0,-66.4,6.3,23.817,0,10.46,0,1.192,3.47,0,14.08
4/1/2026,02:45, ,gtmpcwq_24G103007_031726_050000.bin,Pellicer Creek,GTMNERR,0,30.085,0,18.65,0,0.039,0,89.7,0,6.82,0,88.02,29.64,7.52,0,-66,6.29,23.731,0,10.01,0,1.192,3.5,0,14.2
4/1/2026,03:00, ,gtmpcwq_24G103007_031726_050000.bin,Pellicer Creek,GTMNERR,0,30.559,0,18.97,0,0.019,0,89,0,6.75,0,87.59,29.5,7.51,0,-65.8,6.3,23.741,0,10.19,0,1.192,3.45,0,13.99
4/1/2026,03:15, ,gtmpcwq_24G103007_031726_050000.bin,Pellicer Creek,GTMNERR,0,29.441,0,18.21,0,-0.001,0,88.5,0,6.75,0,89.32,30.07,7.5,0,-65.2,6.3,23.71,0,9.63,0,1.192,3.53,0,14.32
4/1/2026,03:30, ,gtmpcwq_24G103007_031726_050000.bin,Pellicer Creek,GTMNERR,0,28.809,0,17.79,0,-0.019,0,88.9,0,6.81,0,91.49,30.79,7.5,0,-65,6.3,23.554,0,8.88,0,1.181,3.36,0,13.63
4/1/2026,03:45, ,gtmpcwq_24G103007_031726_050000.bin,Pellicer Creek,GTMNERR,0,27.911,0,17.18,0,-0.035,0,87.9,0,6.76,0,92.1,31,7.48,0,-64,6.3,23.539,0,8.56,0,1.187,3.21,0,13.03
4/1/2026,04:00, ,gtmpcwq_24G103007_031726_050000.bin,Pellicer Creek,GTMNERR,0,28.292,0,17.44,0,-0.052,0,86.5,0,6.65,0,91.2,30.7,7.47,0,-63.4,6.3,23.531,0,8.34,0,1.189,3.23,0,13.11
4/1/2026,04:15, ,gtmpcwq_24G103007_031726_050000.bin,Pellicer Creek,GTMNERR,0,27.656,0,17.01,0,-0.067,0,85,0,6.55,0,92.08,30.99,7.46,0,-62.4,6.3,23.481,0,8.58,0,1.188,3.2,0,12.99
4/1/2026,04:30, ,gtmpcwq_24G103007_031726_050000.bin,Pellicer Creek,GTMNERR,0,26.495,0,16.23,0,-0.08,0,83.6,0,6.48,0,94.19,31.69,7.44,0,-61.3,6.3,23.391,0,8.55,0,1.184,3.25,0,13.18
4/1/2026,04:45, ,gtmpcwq_24G103007_031726_050000.bin,Pellicer Creek,GTMNERR,0,27.263,0,16.74,0,-0.092,0,83.2,0,6.43,0,92.9,31.26,7.43,0,-61.1,6.3,23.389,0,8.38,0,1.197,3.24,0,13.14
4/1/2026,05:00, ,gtmpcwq_24G103007_031726_050000.bin,Pellicer Creek,GTMNERR,0,27.689,0,17.03,0,-0.104,0,81.4,0,6.28,0,91.54,30.81,7.42,0,-60.3,6.3,23.444,0,7.96,0,1.189,3.29,0,13.33
4/1/2026,05:15, ,gtmpcwq_24G103007_031726_050000.bin,Pellicer Creek,GTMNERR,0,27.865,0,17.15,0,-0.116,0,77.4,0,5.96,0,89.83,30.24,7.39,0,-58.5,6.3,23.459,0,9.06,0,1.182,3.09,0,12.53
4/1/2026,05:30, ,gtmpcwq_24G103007_031726_050000.bin,Pellicer Creek,GTMNERR,0,27.504,0,16.9,0,-0.125,0,75.6,0,5.84,0,91.88,30.92,7.37,0,-57.2,6.3,23.406,0,7.86,0,1.186,2.9,0,11.76
4/1/2026,05:45, ,gtmpcwq_24G103007_031726_050000.bin,Pellicer Creek,GTMNERR,0,27.029,0,16.59,0,-0.133,0,76.7,0,5.93,0,92.37,31.08,7.37,0,-57.4,6.3,23.382,0,8.15,0,1.192,2.95,0,11.99
4/1/2026,06:00, ,gtmpcwq_24G103007_031726_050000.bin,Pellicer Creek,GTMNERR,0,26.722,0,16.38,0,-0.137,0,76.7,0,5.95,0,92.8,31.23,7.38,0,-57.8,6.29,23.308,0,7.88,0,1.192,2.89,0,11.74
4/1/2026,06:15, ,gtmpcwq_24G103007_031726_050000.bin,Pellicer Creek,GTMNERR,0,26.683,0,16.35,0,-0.136,0,75,0,5.82,0,93.42,31.43,7.38,0,-58.2,6.3,23.323,0,7.8,0,1.192,3.16,0,12.82
4/1/2026,06:30, ,gtmpcwq_24G103007_031726_050000.bin,Pellicer Creek,GTMNERR,0,24.995,0,15.23,0,-0.12,0,76.8,0,6.03,0,98.09,32.99,7.39,0,-58.3,6.29,23.115,0,6.63,0,1.192,3.21,0,13.03
4/1/2026,06:45, ,gtmpcwq_24G103007_031726_050000.bin,Pellicer Creek,GTMNERR,0,23.527,0,14.25,0,-0.104,0,77.1,0,6.1,0,100.42,33.76,7.36,0,-56.9,6.3,22.866,0,6.7,0,1.184,2.87,0,11.63
4/1/2026,07:00, ,gtmpcwq_24G103007_031726_050000.bin,Pellicer Creek,GTMNERR,0,22.707,0,13.72,0,-0.087,0,76.3,0,6.1,0,101.53,34.13,7.36,0,-56.7,6.3,22.513,0,7.23,0,1.2,2.74,0,11.1
4/1/2026,07:15, ,gtmpcwq_24G103007_031726_050000.bin,Pellicer Creek,GTMNERR,0,23.032,0,13.93,0,-0.066,0,77.9,0,6.24,0,101.85,34.24,7.37,0,-57.3,6.3,22.371,0,6.58,0,1.187,2.59,0,10.5
4/1/2026,07:30, ,gtmpcwq_24G103007_031726_050000.bin,Pellicer Creek,GTMNERR,0,24.301,0,14.77,0,-0.041,0,79.4,0,6.33,0,99.15,33.34,7.4,0,-58.7,6.3,22.369,0,7.24,0,1.199,2.96,0,12.01
4/1/2026,07:45, ,gtmpcwq_24G103007_031726_050000.bin,Pellicer Creek,GTMNERR,0,25.966,0,15.88,0,-0.012,0,78.9,0,6.25,0,96.09,32.32,7.41,0,-59.8,6.3,22.397,0,8.62,0,1.198,3.8,0,15.42
4/1/2026,08:00, ,gtmpcwq_24G103007_031726_050000.bin,Pellicer Creek,GTMNERR,0,27.3,0,16.78,0,0.019,0,80.7,0,6.33,0,93.68,31.52,7.44,0,-61.5,6.29,22.592,0,9.25,0,1.189,3.73,0,15.1
4/1/2026,08:15, ,gtmpcwq_24G103007_031726_050000.bin,Pellicer Creek,GTMNERR,0,27.399,0,16.84,0,0.052,0,82.8,0,6.49,0,92.82,31.23,7.46,0,-62.6,6.3,22.579,0,9.41,0,1.185,3.28,0,13.32
4/1/2026,08:30, ,gtmpcwq_24G103007_031726_050000.bin,Pellicer Creek,GTMNERR,0,27.862,0,17.16,0,0.085,0,82.3,0,6.43,0,91.39,30.76,7.47,0,-63.1,6.3,22.72,0,10.16,0,1.184,3.71,0,15.04
4/1/2026,08:45, ,gtmpcwq_24G103007_031726_050000.bin,Pellicer Creek,GTMNERR,0,29.465,0,18.24,0,0.121,0,81.3,0,6.29,0,88.09,29.66,7.47,0,-63.1,6.3,22.883,0,11.62,0,1.198,3.38,0,13.71
4/1/2026,09:00, ,gtmpcwq_24G103007_031726_050000.bin,Pellicer Creek,GTMNERR,0,31.246,0,19.45,0,0.159,0,81.1,0,6.21,0,84.68,28.53,7.48,0,-63.9,6.3,23.066,0,13.38,0,1.198,3.33,0,13.49
4/1/2026,09:15, ,gtmpcwq_24G103007_031726_050000.bin,Pellicer Creek,GTMNERR,0,32.01,0,19.98,0,0.197,0,81.5,0,6.22,0,83.28,28.06,7.49,0,-64.2,6.3,23.07,0,13.99,0,1.184,3.31,0,13.43
4/1/2026,09:30, ,gtmpcwq_24G103007_031726_050000.bin,Pellicer Creek,GTMNERR,0,34.461,0,21.67,0,0.233,0,77.1,0,5.84,0,79.62,26.85,7.47,0,-63,6.3,23.032,0,16.24,0,1.196,3.32,0,13.47
4/1/2026,09:45, ,gtmpcwq_24G103007_031726_050000.bin,Pellicer Creek,GTMNERR,0,35.391,0,22.32,0,0.268,0,74.4,0,5.63,0,78.76,26.56,7.46,0,-62.5,6.3,22.856,0,19.14,0,1.191,3.18,0,12.88
4/1/2026,10:00, ,gtmpcwq_24G103007_031726_050000.bin,Pellicer Creek,GTMNERR,0,36.753,0,23.27,0,0.3,0,74.3,0,5.59,0,75.23,25.39,7.48,0,-63.5,6.3,22.847,0,17.69,0,1.185,3.18,0,12.91
4/1/2026,10:15, ,gtmpcwq_24G103007_031726_050000.bin,Pellicer Creek,GTMNERR,0,36.747,0,23.26,0,0.325,0,80.4,0,6.01,0,75.12,25.35,7.52,0,-66.3,6.3,23.165,0,14.12,0,1.193,3.55,0,14.38
4/1/2026,10:30, ,gtmpcwq_24G103007_031726_050000.bin,Pellicer Creek,GTMNERR,0,37.575,0,23.84,0,0.342,0,80,0,5.94,0,71.91,24.29,7.53,0,-66.9,6.3,23.378,0,14.39,0,1.192,3.73,0,15.14
4/1/2026,10:45, ,gtmpcwq_24G103007_031726_050000.bin,Pellicer Creek,GTMNERR,0,38.086,0,24.2,0,0.353,0,78.9,0,5.84,0,70.44,23.8,7.54,0,-67.4,6.3,23.463,0,13.85,0,1.185,3.65,0,14.81
4/1/2026,11:00, ,gtmpcwq_24G103007_031726_050000.bin,Pellicer Creek,GTMNERR,0,38.192,0,24.27,0,0.355,0,80.6,0,5.96,0,70.54,23.83,7.55,0,-68,6.3,23.468,0,12.21,0,1.192,3.55,0,14.4
4/1/2026,11:15, ,gtmpcwq_24G103007_031726_050000.bin,Pellicer Creek,GTMNERR,0,38.865,0,24.75,0,0.346,0,73.8,0,5.45,0,66.67,22.54,7.5,0,-64.9,6.29,23.346,0,13.01,0,1.181,2.83,0,11.5
4/1/2026,11:30, ,gtmpcwq_24G103007_031726_050000.bin,Pellicer Creek,GTMNERR,0,38.854,0,24.74,0,0.328,0,73.5,0,5.43,0,67.74,22.9,7.49,0,-64.6,6.3,23.337,0,12.58,0,1.187,2.93,0,11.9
4/1/2026,11:45, ,gtmpcwq_24G103007_031726_050000.bin,Pellicer Creek,GTMNERR,0,38.549,0,24.53,0,0.306,0,79,0,5.84,0,69.45,23.47,7.53,0,-67,6.3,23.389,0,12.63,0,1.189,3.61,0,14.63
4/1/2026,12:00, ,gtmpcwq_24G103007_031726_050000.bin,Pellicer Creek,GTMNERR,0,37.898,0,24.07,0,0.286,0,81.2,0,6.02,0,71.94,24.3,7.53,0,-66.9,6.3,23.386,0,12.06,0,1.189,4.3,0,17.41
4/1/2026,12:15, ,gtmpcwq_24G103007_031726_050000.bin,Pellicer Creek,GTMNERR,0,37.602,0,23.86,0,0.267,0,81.2,0,6.03,0,73.28,24.74,7.55,0,-67.9,6.3,23.377,0,11.75,0,1.192,4.02,0,16.3
4/1/2026,12:30, ,gtmpcwq_24G103007_031726_050000.bin,Pellicer Creek,GTMNERR,0,36.029,0,22.76,0,0.246,0,85.1,0,6.35,0,76.78,25.91,7.54,0,-67.7,6.3,23.454,0,11.44,0,1.194,3.9,0,15.8
4/1/2026,12:45, ,gtmpcwq_24G103007_031726_050000.bin,Pellicer Creek,GTMNERR,0,35.12,0,22.12,0,0.219,0,85.9,0,6.43,0,79.2,26.71,7.54,0,-67.2,6.3,23.531,0,11.46,0,1.186,4.49,0,18.18
4/1/2026,13:00, ,gtmpcwq_24G103007_031726_050000.bin,Pellicer Creek,GTMNERR,0,33.641,0,21.09,0,0.196,0,90.4,0,6.78,0,81.48,27.47,7.57,0,-69,6.3,23.731,0,10.82,0,1.192,4.31,0,17.45
4/1/2026,13:15, ,gtmpcwq_24G103007_031726_050000.bin,Pellicer Creek,GTMNERR,0,35.032,0,22.06,0,0.173,0,83,0,6.23,0,80.1,27.01,7.51,0,-65.9,6.3,23.383,0,11.44,0,1.184,4.04,0,16.39
4/1/2026,13:30, ,gtmpcwq_24G103007_031726_050000.bin,Pellicer Creek,GTMNERR,0,34.303,0,21.55,0,0.15,0,84.7,0,6.36,0,80.77,27.23,7.52,0,-66.5,6.3,23.48,0,12.36,0,1.186,3.85,0,15.63
4/1/2026,13:45, ,gtmpcwq_24G103007_031726_050000.bin,Pellicer Creek,GTMNERR,0,34.809,0,21.91,0,0.127,0,80.5,0,6.04,0,79.87,26.93,7.5,0,-64.8,6.3,23.368,0,10.11,0,1.188,4.03,0,16.33
4/1/2026,14:00, ,gtmpcwq_24G103007_031726_050000.bin,Pellicer Creek,GTMNERR,0,33.389,0,20.92,0,0.107,0,85.1,0,6.4,0,82.64,27.85,7.51,0,-65.9,6.3,23.574,0,9.96,0,1.187,3.88,0,15.73
4/1/2026,14:15, ,gtmpcwq_24G103007_031726_050000.bin,Pellicer Creek,GTMNERR,0,32.3,0,20.17,0,0.089,0,86.2,0,6.5,0,84.19,28.37,7.51,0,-65.5,6.3,23.647,0,10.46,0,1.189,3.98,0,16.13
4/1/2026,14:30, ,gtmpcwq_24G103007_031726_050000.bin,Pellicer Creek,GTMNERR,0,33.762,0,21.18,0,0.067,0,84.9,0,6.38,0,82.11,27.68,7.5,0,-64.9,6.3,23.579,0,9.58,0,1.183,4.18,0,16.95
4/1/2026,14:45, ,gtmpcwq_24G103007_031726_050000.bin,Pellicer Creek,GTMNERR,0,31.032,0,19.29,0,0.048,0,91,0,6.87,0,86.63,29.18,7.53,0,-67.1,6.3,23.914,0,10.25,0,1.189,4.24,0,17.18
4/1/2026,15:00, ,gtmpcwq_24G103007_031726_050000.bin,Pellicer Creek,GTMNERR,0,31.792,0,19.82,0,0.03,0,88.3,0,6.68,0,85.71,28.87,7.52,0,-66.2,6.3,23.677,0,9.81,0,1.192,4.55,0,18.44
4/1/2026,15:15, ,gtmpcwq_24G103007_031726_050000.bin,Pellicer Creek,GTMNERR,0,31.675,0,19.74,0,0.014,0,87.6,0,6.61,0,85.09,28.67,7.5,0,-65.2,6.3,23.802,0,10.45,0,1.192,4.34,0,17.58
4/1/2026,15:30, ,gtmpcwq_24G103007_031726_050000.bin,Pellicer Creek,GTMNERR,0,31.714,0,19.76,0,-0.005,0,86.5,0,6.53,0,85.78,28.89,7.5,0,-64.9,6.3,23.77,0,9.59,0,1.198,4.46,0,18.07
4/1/2026,15:45, ,gtmpcwq_24G103007_031726_050000.bin,Pellicer Creek,GTMNERR,0,32.337,0,20.19,0,-0.02,0,79.9,0,6.03,0,84.12,28.34,7.44,0,-61.4,6.3,23.705,0,10.04,0,1.193,4.04,0,16.39
4/1/2026,16:00, ,gtmpcwq_24G103007_031726_050000.bin,Pellicer Creek,GTMNERR,0,31.847,0,19.85,0,-0.035,0,81.8,0,6.17,0,84.03,28.31,7.45,0,-62.2,6.3,23.796,0,8.79,0,1.192,4.04,0,16.36
4/1/2026,16:15, ,gtmpcwq_24G103007_031726_050000.bin,Pellicer Creek,GTMNERR,0,31.133,0,19.36,0,-0.051,0,83.4,0,6.29,0,85,28.64,7.47,0,-63.6,6.29,23.94,0,8.28,0,1.192,4.4,0,17.83
4/1/2026,16:30, ,gtmpcwq_24G103007_031726_050000.bin,Pellicer Creek,GTMNERR,0,30.489,0,18.92,0,-0.064,0,84.1,0,6.35,0,85.88,28.93,7.46,0,-62.8,6.3,24.044,0,9.26,0,1.192,4.48,0,18.17
4/1/2026,16:45, ,gtmpcwq_24G103007_031726_050000.bin,Pellicer Creek,GTMNERR,0,30.161,0,18.7,0,-0.077,0,78.4,0,5.94,0,85.69,28.87,7.43,0,-60.7,6.3,23.971,0,8.91,0,1.189,4.26,0,17.25
4/1/2026,17:00, ,gtmpcwq_24G103007_031726_050000.bin,Pellicer Creek,GTMNERR,0,30.148,0,18.69,0,-0.091,0,84.9,0,6.43,0,86.98,29.29,7.47,0,-63.2,6.3,23.937,0,10.21,0,1.198,4.67,0,18.94
4/1/2026,17:15, ,gtmpcwq_24G103007_031726_050000.bin,Pellicer Creek,GTMNERR,0,30.623,0,19.02,0,-0.105,0,79.2,0,6,0,87.28,29.39,7.42,0,-60.6,6.29,23.779,0,7.91,0,1.195,4.61,0,18.7
4/1/2026,17:30, ,gtmpcwq_24G103007_031726_050000.bin,Pellicer Creek,GTMNERR,0,29.937,0,18.55,0,-0.113,0,78.1,0,5.92,0,88.28,29.73,7.43,0,-61.1,6.3,23.909,0,8.76,0,1.194,4.62,0,18.72
4/1/2026,17:45, ,gtmpcwq_24G103007_031726_050000.bin,Pellicer Creek,GTMNERR,0,29.83,0,18.47,0,-0.122,0,83.5,0,6.34,0,88.59,29.83,7.46,0,-63,6.3,23.914,0,8.24,0,1.19,4.22,0,17.09
4/1/2026,18:00, ,gtmpcwq_24G103007_031726_050000.bin,Pellicer Creek,GTMNERR,0,28.909,0,17.85,0,-0.132,0,80.4,0,6.1,0,89.01,29.97,7.44,0,-61.3,6.3,24.061,0,7.99,0,1.183,4.11,0,16.65
4/1/2026,18:15, ,gtmpcwq_24G103007_031726_050000.bin,Pellicer Creek,GTMNERR,0,28.284,0,17.42,0,-0.141,0,83.3,0,6.34,0,91.41,30.77,7.45,0,-62.1,6.3,24.09,0,7.58,0,1.199,4.69,0,19.02
4/1/2026,18:30, ,gtmpcwq_24G103007_031726_050000.bin,Pellicer Creek,GTMNERR,0,27.751,0,17.06,0,-0.14,0,84.3,0,6.41,0,92.18,31.02,7.46,0,-62.8,6.3,24.178,0,7.66,0,1.192,4.75,0,19.23
4/1/2026,18:45, ,gtmpcwq_24G103007_031726_050000.bin,Pellicer Creek,GTMNERR,0,26.313,0,16.09,0,-0.127,0,88.5,0,6.74,0,93.47,31.45,7.47,0,-63.2,6.3,24.498,0,7.71,0,1.189,4.8,0,19.47
4/1/2026,19:00, ,gtmpcwq_24G103007_031726_050000.bin,Pellicer Creek,GTMNERR,0,24.893,0,15.13,0,-0.113,0,92.2,0,6.99,0,92.93,31.27,7.49,0,-64.8,6.29,25.014,0,9.49,0,1.189,4.61,0,18.68
4/1/2026,19:15, ,gtmpcwq_24G103007_031726_050000.bin,Pellicer Creek,GTMNERR,0,23.722,0,14.34,0,-0.096,0,102.9,0,7.71,0,90.43,30.44,7.61,0,-72,6.3,25.952,0,12.33,0,1.181,3.93,0,15.93
4/1/2026,19:30, ,gtmpcwq_24G103007_031726_050000.bin,Pellicer Creek,GTMNERR,0,23.533,0,14.22,0,-0.078,0,103.5,0,7.81,0,92.04,30.97,7.6,0,-71.4,6.3,25.624,0,10.59,0,1.196,3.97,0,16.09
4/1/2026,19:45, ,gtmpcwq_24G103007_031726_050000.bin,Pellicer Creek,GTMNERR,0,24.275,0,14.71,0,-0.053,0,106.3,0,8,0,90.83,30.57,7.65,0,-74.3,6.3,25.555,0,11.01,0,1.194,3.87,0,15.67
4/1/2026,20:00, ,gtmpcwq_24G103007_031726_050000.bin,Pellicer Creek,GTMNERR,0,26.002,0,15.87,0,-0.029,0,104.6,0,7.83,0,87.9,29.6,7.66,0,-74.8,6.29,25.459,0,11.96,0,1.194,4.23,0,17.16
4/1/2026,20:15, ,gtmpcwq_24G103007_031726_050000.bin,Pellicer Creek,GTMNERR,0,26.667,0,16.31,0,0.002,0,104.3,0,7.77,0,86.83,29.25,7.65,0,-74.5,6.29,25.616,0,12.12,0,1.189,3.9,0,15.81
4/1/2026,20:30, ,gtmpcwq_24G103007_031726_050000.bin,Pellicer Creek,GTMNERR,0,27.263,0,16.71,0,0.035,0,101.9,0,7.62,0,86.33,29.08,7.65,0,-74.5,6.3,25.32,0,12.31,0,1.2,4.06,0,16.48
4/1/2026,20:45, ,gtmpcwq_24G103007_031726_050000.bin,Pellicer Creek,GTMNERR,0,28.718,0,17.7,0,0.07,0,100.7,0,7.49,0,83.83,28.25,7.64,0,-73.7,6.3,25.231,0,13.48,0,1.189,4.26,0,17.26
4/1/2026,21:00, ,gtmpcwq_24G103007_031726_050000.bin,Pellicer Creek,GTMNERR,0,29.396,0,18.16,0,0.108,0,97.8,0,7.27,0,81.65,27.52,7.62,0,-72.6,6.3,25.147,0,14.94,0,1.189,4.02,0,16.3
4/1/2026,21:15, ,gtmpcwq_24G103007_031726_050000.bin,Pellicer Creek,GTMNERR,0,31.065,0,19.3,0,0.146,0,94.6,0,7,0,80.06,26.99,7.61,0,-72.1,6.3,25.064,0,15.56,0,1.183,4.18,0,16.94
4/1/2026,21:30, ,gtmpcwq_24G103007_031726_050000.bin,Pellicer Creek,GTMNERR,0,32.317,0,20.16,0,0.188,0,94.2,0,6.95,0,77.44,26.12,7.6,0,-71.1,6.3,24.916,0,18.61,0,1.183,4.17,0,16.92
4/1/2026,21:45, ,gtmpcwq_24G103007_031726_050000.bin,Pellicer Creek,GTMNERR,0,33.394,0,20.9,0,0.228,0,92.2,0,6.79,0,75.43,25.46,7.62,0,-72.4,6.3,24.819,0,17.16,0,1.194,4.12,0,16.71
4/1/2026,22:00, ,gtmpcwq_24G103007_031726_050000.bin,Pellicer Creek,GTMNERR,0,34.846,0,21.91,0,0.265,0,91,0,6.65,0,68.73,23.23,7.62,0,-72.5,6.3,24.879,0,30.98,0,1.189,4.07,0,16.51
4/1/2026,22:15, ,gtmpcwq_24G103007_031726_050000.bin,Pellicer Creek,GTMNERR,0,35.689,0,22.49,0,0.3,0,90.4,0,6.59,0,70.51,23.82,7.63,0,-73,6.3,24.868,0,20.3,0,1.192,3.97,0,16.1
4/1/2026,22:30, ,gtmpcwq_24G103007_031726_050000.bin,Pellicer Creek,GTMNERR,0,36.584,0,23.12,0,0.326,0,89.2,0,6.49,0,69.63,23.53,7.63,0,-73.1,6.3,24.788,0,19.02,0,1.196,3.79,0,15.36
4/1/2026,22:45, ,gtmpcwq_24G103007_031726_050000.bin,Pellicer Creek,GTMNERR,0,37.044,0,23.44,0,0.346,0,87.5,0,6.36,0,69.55,23.5,7.63,0,-72.9,6.3,24.734,0,17.32,0,1.186,3.94,0,15.98
4/1/2026,23:00, ,gtmpcwq_24G103007_031726_050000.bin,Pellicer Creek,GTMNERR,0,37.899,0,24.05,0,0.359,0,87.4,0,6.34,0,66.43,22.46,7.63,0,-73.2,6.3,24.68,0,18.94,0,1.188,4.27,0,17.32
4/1/2026,23:15, ,gtmpcwq_24G103007_031726_050000.bin,Pellicer Creek,GTMNERR,0,38.806,0,24.68,0,0.367,0,84.5,0,6.1,0,64.96,21.98,7.63,0,-73.3,6.3,24.642,0,16.58,0,1.186,3.84,0,15.56
4/1/2026,23:30, ,gtmpcwq_24G103007_031726_050000.bin,Pellicer Creek,GTMNERR,0,39.57,0,25.22,0,0.368,0,84,0,6.05,0,62.73,21.23,7.64,0,-73.5,6.29,24.642,0,17.95,0,1.182,3.77,0,15.29
4/1/2026,23:45, ,gtmpcwq_24G103007_031726_050000.bin,Pellicer Creek,GTMNERR,0,39.081,0,24.88,0,0.36,0,83.1,0,6,0,64.53,21.83,7.61,0,-71.6,6.3,24.58,0,13.72,0,1.189,3.31,0,13.44
4/2/2026,00:00, ,gtmpcwq_24G103007_031726_050000.bin,Pellicer Creek,GTMNERR,0,40.083,0,25.59,0,0.339,0,77.5,0,5.57,0,60.69,20.55,7.58,0,-70,6.3,24.641,0,16.43,0,1.192,2.96,0,12.01
4/2/2026,00:15, ,gtmpcwq_24G103007_031726_050000.bin,Pellicer Creek,GTMNERR,0,39.675,0,25.3,0,0.318,0,82.7,0,5.96,0,62.8,21.26,7.61,0,-72.1,6.3,24.633,0,15.83,0,1.185,3.32,0,13.46
4/2/2026,00:30, ,gtmpcwq_24G103007_031726_050000.bin,Pellicer Creek,GTMNERR,0,38.572,0,24.52,0,0.295,0,85.4,0,6.18,0,66.4,22.45,7.63,0,-72.8,6.3,24.623,0,15.32,0,1.188,3.6,0,14.61
4/2/2026,00:45, ,gtmpcwq_24G103007_031726_050000.bin,Pellicer Creek,GTMNERR,0,37.786,0,23.97,0,0.274,0,85.5,0,6.2,0,67.7,22.89,7.62,0,-72.6,6.3,24.655,0,16.11,0,1.187,3.48,0,14.13
4/2/2026,01:00, ,gtmpcwq_24G103007_031726_050000.bin,Pellicer Creek,GTMNERR,0,35.819,0,22.59,0,0.253,0,86.4,0,6.32,0,72.35,24.43,7.61,0,-72,6.3,24.57,0,15.75,0,1.182,3.6,0,14.61
4/2/2026,01:15, ,gtmpcwq_24G103007_031726_050000.bin,Pellicer Creek,GTMNERR,0,35.183,0,22.15,0,0.229,0,86.2,0,6.33,0,73.58,24.84,7.6,0,-71.3,6.3,24.54,0,15.56,0,1.194,3.62,0,14.68
4/2/2026,01:30, ,gtmpcwq_24G103007_031726_050000.bin,Pellicer Creek,GTMNERR,0,33.816,0,21.2,0,0.204,0,85.9,0,6.36,0,76.72,25.88,7.59,0,-70.4,6.3,24.433,0,14.26,0,1.184,3.64,0,14.77
4/2/2026,01:45, ,gtmpcwq_24G103007_031726_050000.bin,Pellicer Creek,GTMNERR,0,32.567,0,20.34,0,0.181,0,86.2,0,6.41,0,79.43,26.78,7.57,0,-69.7,6.3,24.383,0,13.49,0,1.193,3.57,0,14.49
4/2/2026,02:00, ,gtmpcwq_24G103007_031726_050000.bin,Pellicer Creek,GTMNERR,0,30.649,0,19.03,0,0.158,0,86.8,0,6.52,0,83.19,28.04,7.56,0,-69,6.3,24.354,0,12.43,0,1.188,3.51,0,14.23
4/2/2026,02:15, ,gtmpcwq_24G103007_031726_050000.bin,Pellicer Creek,GTMNERR,0,30.82,0,19.14,0,0.131,0,86,0,6.45,0,82.98,27.96,7.55,0,-68.4,6.3,24.332,0,11.83,0,1.19,3.52,0,14.26
4/2/2026,02:30, ,gtmpcwq_24G103007_031726_050000.bin,Pellicer Creek,GTMNERR,0,31.825,0,19.83,0,0.108,0,84.7,0,6.31,0,80.85,27.26,7.56,0,-68.7,6.3,24.448,0,12.42,0,1.192,3.46,0,14.05
4/2/2026,02:45, ,gtmpcwq_24G103007_031726_050000.bin,Pellicer Creek,GTMNERR,0,32.063,0,19.99,0,0.086,0,83.8,0,6.24,0,80.6,27.17,7.54,0,-67.9,6.3,24.462,0,12.67,0,1.193,3.41,0,13.82
4/2/2026,03:00, ,gtmpcwq_24G103007_031726_050000.bin,Pellicer Creek,GTMNERR,0,32.425,0,20.24,0,0.064,0,83.3,0,6.2,0,79.96,26.96,7.54,0,-67.6,6.3,24.445,0,12.72,0,1.192,3.4,0,13.78
4/2/2026,03:15, ,gtmpcwq_24G103007_031726_050000.bin,Pellicer Creek,GTMNERR,0,31.407,0,19.54,0,0.044,0,83.2,0,6.21,0,82.27,27.73,7.54,0,-67.4,6.3,24.432,0,12.3,0,1.192,3.43,0,13.93
4/2/2026,03:30, ,gtmpcwq_24G103007_031726_050000.bin,Pellicer Creek,GTMNERR,0,31.435,0,19.56,0,0.023,0,81.9,0,6.12,0,82.54,27.82,7.52,0,-66.7,6.3,24.413,0,11.33,0,1.192,3.35,0,13.6
4/2/2026,03:45, ,gtmpcwq_24G103007_031726_050000.bin,Pellicer Creek,GTMNERR,0,30.936,0,19.22,0,0.003,0,83,0,6.23,0,83.6,28.17,7.53,0,-66.7,6.3,24.309,0,11.69,0,1.19,3.29,0,13.33
4/2/2026,04:00, ,gtmpcwq_24G103007_031726_050000.bin,Pellicer Creek,GTMNERR,0,30.041,0,18.61,0,-0.016,0,83.1,0,6.26,0,85.49,28.8,7.52,0,-66.4,6.3,24.256,0,11.65,0,1.182,3.25,0,13.18
4/2/2026,04:15, ,gtmpcwq_24G103007_031726_050000.bin,Pellicer Creek,GTMNERR,0,28.686,0,17.69,0,-0.033,0,83.2,0,6.3,0,87.55,29.48,7.51,0,-66,6.29,24.198,0,10.25,0,1.19,3.23,0,13.08
4/2/2026,04:30, ,gtmpcwq_24G103007_031726_050000.bin,Pellicer Creek,GTMNERR,0,28.614,0,17.64,0,-0.049,0,82.1,0,6.23,0,87.59,29.5,7.5,0,-65.2,6.3,24.198,0,10.52,0,1.182,3.16,0,12.82
4/2/2026,04:45, ,gtmpcwq_24G103007_031726_050000.bin,Pellicer Creek,GTMNERR,0,28.292,0,17.43,0,-0.064,0,80.7,0,6.14,0,88.59,29.83,7.48,0,-63.9,6.3,24.08,0,9.97,0,1.195,2.99,0,12.13
4/2/2026,05:00, ,gtmpcwq_24G103007_031726_050000.bin,Pellicer Creek,GTMNERR,0,28.459,0,17.54,0,-0.077,0,79.6,0,6.05,0,88.3,29.73,7.47,0,-63.2,6.3,24.093,0,10.02,0,1.192,3.03,0,12.31
4/2/2026,05:15, ,gtmpcwq_24G103007_031726_050000.bin,Pellicer Creek,GTMNERR,0,28.78,0,17.76,0,-0.092,0,78.3,0,5.94,0,87.52,29.48,7.45,0,-62,6.3,24.125,0,10.09,0,1.184,2.99,0,12.13
4/2/2026,05:30, ,gtmpcwq_24G103007_031726_050000.bin,Pellicer Creek,GTMNERR,0,29.101,0,17.97,0,-0.103,0,76.6,0,5.8,0,86.48,29.13,7.44,0,-61.7,6.3,24.185,0,9.76,0,1.199,3,0,12.15
4/2/2026,05:45, ,gtmpcwq_24G103007_031726_050000.bin,Pellicer Creek,GTMNERR,0,29.2,0,18.04,0,-0.115,0,74.1,0,5.61,0,85.99,28.97,7.42,0,-60.2,6.3,24.186,0,9.74,0,1.198,3.11,0,12.63
4/2/2026,06:00, ,gtmpcwq_24G103007_031726_050000.bin,Pellicer Creek,GTMNERR,0,28.357,0,17.47,0,-0.124,0,72.2,0,5.49,0,87.7,29.53,7.41,0,-59.6,6.3,24.094,0,10.14,0,1.192,2.95,0,11.96
4/2/2026,06:15, ,gtmpcwq_24G103007_031726_050000.bin,Pellicer Creek,GTMNERR,0,28.376,0,17.48,0,-0.133,0,72.2,0,5.49,0,86.61,29.17,7.4,0,-59,6.3,24.107,0,11.61,0,1.192,3.16,0,12.81
4/2/2026,06:30, ,gtmpcwq_24G103007_031726_050000.bin,Pellicer Creek,GTMNERR,0,27.461,0,16.87,0,-0.139,0,69.7,0,5.33,0,87.6,29.5,7.38,0,-57.8,6.3,23.997,0,10.97,0,1.192,3,0,12.16
4/2/2026,06:45, ,gtmpcwq_24G103007_031726_050000.bin,Pellicer Creek,GTMNERR,0,27.258,0,16.73,0,-0.143,0,71.8,0,5.5,0,88.15,29.68,7.38,0,-58.2,6.3,23.931,0,10.48,0,1.192,2.92,0,11.83
4/2/2026,07:00, ,gtmpcwq_24G103007_031726_050000.bin,Pellicer Creek,GTMNERR,0,27.138,0,16.65,0,-0.14,0,69.2,0,5.3,0,90.35,30.41,7.39,0,-58.4,6.3,23.913,0,9.95,0,1.182,3,0,12.15
4/2/2026,07:15, ,gtmpcwq_24G103007_031726_050000.bin,Pellicer Creek,GTMNERR,0,26.127,0,15.97,0,-0.127,0,76,0,5.85,0,93.01,31.3,7.42,0,-60.4,6.3,23.892,0,7.98,0,1.184,2.91,0,11.8
4/2/2026,07:30, ,gtmpcwq_24G103007_031726_050000.bin,Pellicer Creek,GTMNERR,0,24.447,0,14.86,0,-0.11,0,75.1,0,5.85,0,95.79,32.22,7.4,0,-59,6.3,23.558,0,8.57,0,1.2,3.35,0,13.59
4/2/2026,07:45, ,gtmpcwq_24G103007_031726_050000.bin,Pellicer Creek,GTMNERR,0,23.455,0,14.21,0,-0.093,0,73.8,0,5.84,0,97.21,32.69,7.4,0,-58.9,6.3,22.958,0,8.76,0,1.181,2.78,0,11.3
4/2/2026,08:00, ,gtmpcwq_24G103007_031726_050000.bin,Pellicer Creek,GTMNERR,0,23.246,0,14.07,0,-0.073,0,76.1,0,6.01,0,97.79,32.89,7.41,0,-59.7,6.3,23.082,0,7.82,0,1.193,2.57,0,10.41
4/2/2026,08:15, ,gtmpcwq_24G103007_031726_050000.bin,Pellicer Creek,GTMNERR,0,24.561,0,14.94,0,-0.048,0,77.6,0,6.08,0,95.58,32.15,7.44,0,-61.2,6.3,23.171,0,8.53,0,1.192,2.8,0,11.35
4/2/2026,08:30, ,gtmpcwq_24G103007_031726_050000.bin,Pellicer Creek,GTMNERR,0,25.986,0,15.89,0,-0.018,0,77.2,0,6.02,0,91.97,30.95,7.45,0,-62.2,6.3,23.207,0,10.02,0,1.19,3.34,0,13.56
4/2/2026,08:45, ,gtmpcwq_24G103007_031726_050000.bin,Pellicer Creek,GTMNERR,0,27.355,0,16.8,0,0.012,0,80.1,0,6.19,0,89.94,30.28,7.48,0,-64.1,6.3,23.402,0,10,0,1.195,3.21,0,13.01
4/2/2026,09:00, ,gtmpcwq_24G103007_031726_050000.bin,Pellicer Creek,GTMNERR,0,27.164,0,16.67,0,0.04,0,81,0,6.26,0,88.58,29.83,7.49,0,-64.5,6.3,23.479,0,10.98,0,1.198,3.12,0,12.67
4/2/2026,09:15, ,gtmpcwq_24G103007_031726_050000.bin,Pellicer Creek,GTMNERR,0,27.917,0,17.18,0,0.072,0,80.7,0,6.2,0,86.57,29.16,7.5,0,-65.2,6.3,23.635,0,12.36,0,1.184,3.37,0,13.67
4/2/2026,09:30, ,gtmpcwq_24G103007_031726_050000.bin,Pellicer Creek,GTMNERR,0,29.502,0,18.25,0,0.106,0,81.2,0,6.18,0,83.51,28.14,7.51,0,-65.6,6.3,23.787,0,13.53,0,1.185,3.25,0,13.19
4/2/2026,09:45, ,gtmpcwq_24G103007_031726_050000.bin,Pellicer Creek,GTMNERR,0,30.911,0,19.21,0,0.14,0,81.3,0,6.14,0,80.61,27.18,7.52,0,-66.3,6.3,23.968,0,14.41,0,1.194,3.33,0,13.51
4/2/2026,10:00, ,gtmpcwq_24G103007_031726_050000.bin,Pellicer Creek,GTMNERR,0,32.301,0,20.16,0,0.173,0,80.7,0,6.05,0,78.79,26.57,7.53,0,-66.7,6.3,23.99,0,14.79,0,1.182,3.34,0,13.54
4/2/2026,10:15, ,gtmpcwq_24G103007_031726_050000.bin,Pellicer Creek,GTMNERR,0,33.624,0,21.08,0,0.207,0,79.2,0,5.91,0,76.1,25.68,7.53,0,-66.8,6.3,24.036,0,16.01,0,1.198,3.39,0,13.75
4/2/2026,10:30, ,gtmpcwq_24G103007_031726_050000.bin,Pellicer Creek,GTMNERR,0,34.564,0,21.73,0,0.241,0,79.3,0,5.89,0,75.18,25.37,7.52,0,-66.6,6.3,24.077,0,14.82,0,1.196,3.18,0,12.91
4/2/2026,10:45, ,gtmpcwq_24G103007_031726_050000.bin,Pellicer Creek,GTMNERR,0,35.677,0,22.5,0,0.267,0,77,0,5.69,0,73.7,24.88,7.51,0,-65.5,6.3,24.079,0,15.75,0,1.2,3.62,0,14.66
4/2/2026,11:00, ,gtmpcwq_24G103007_031726_050000.bin,Pellicer Creek,GTMNERR,0,36.392,0,23,0,0.286,0,78.8,0,5.79,0,69.22,23.39,7.53,0,-67.1,6.3,24.221,0,14.31,0,1.184,3.57,0,14.47
4/2/2026,11:15, ,gtmpcwq_24G103007_031726_050000.bin,Pellicer Creek,GTMNERR,0,37.625,0,23.86,0,0.3,0,76.8,0,5.63,0,68.89,23.28,7.53,0,-67.1,6.3,24.129,0,15.08,0,1.183,3.35,0,13.59
4/2/2026,11:30, ,gtmpcwq_24G103007_031726_050000.bin,Pellicer Creek,GTMNERR,0,38.204,0,24.27,0,0.307,0,75.8,0,5.53,0,67.03,22.66,7.54,0,-67.8,6.3,24.27,0,14.66,0,1.191,3.35,0,13.57
4/2/2026,11:45, ,gtmpcwq_24G103007_031726_050000.bin,Pellicer Creek,GTMNERR,0,38.681,0,24.6,0,0.299,0,75.2,0,5.47,0,65.2,22.05,7.54,0,-67.5,6.3,24.353,0,14.92,0,1.192,3.43,0,13.92
4/2/2026,12:00, ,gtmpcwq_24G103007_031726_050000.bin,Pellicer Creek,GTMNERR,0,38.342,0,24.36,0,0.283,0,71.9,0,5.23,0,65.83,22.26,7.5,0,-65,6.3,24.359,0,14.46,0,1.199,3.26,0,13.23
4/2/2026,12:15, ,gtmpcwq_24G103007_031726_050000.bin,Pellicer Creek,GTMNERR,0,37.985,0,24.11,0,0.264,0,72.7,0,5.29,0,67.42,22.79,7.51,0,-66,6.3,24.425,0,12.37,0,1.201,3.21,0,13.02
4/2/2026,12:30, ,gtmpcwq_24G103007_031726_050000.bin,Pellicer Creek,GTMNERR,0,37.216,0,23.57,0,0.247,0,79.6,0,5.83,0,70.24,23.73,7.54,0,-67.7,6.3,24.292,0,12.81,0,1.193,4.17,0,16.89
4/2/2026,12:45, ,gtmpcwq_24G103007_031726_050000.bin,Pellicer Creek,GTMNERR,0,35.907,0,22.66,0,0.227,0,81.4,0,5.98,0,73.86,24.93,7.55,0,-68.1,6.29,24.317,0,12.59,0,1.184,4.14,0,16.8
4/2/2026,13:00, ,gtmpcwq_24G103007_031726_050000.bin,Pellicer Creek,GTMNERR,0,35.834,0,22.6,0,0.203,0,82.7,0,6.08,0,73.74,24.89,7.54,0,-67.8,6.3,24.385,0,12.47,0,1.181,4.32,0,17.53
4/2/2026,13:15, ,gtmpcwq_24G103007_031726_050000.bin,Pellicer Creek,GTMNERR,0,34.249,0,21.5,0,0.18,0,86.4,0,6.37,0,76.02,25.65,7.56,0,-69,6.3,24.557,0,11.67,0,1.193,4.35,0,17.63
4/2/2026,13:30, ,gtmpcwq_24G103007_031726_050000.bin,Pellicer Creek,GTMNERR,0,34.234,0,21.49,0,0.159,0,81.8,0,6.03,0,76.64,25.86,7.54,0,-67.3,6.29,24.525,0,11.27,0,1.189,4.37,0,17.71
4/2/2026,13:45, ,gtmpcwq_24G103007_031726_050000.bin,Pellicer Creek,GTMNERR,0,33.981,0,21.32,0,0.136,0,82.6,0,6.12,0,74.88,25.27,7.55,0,-68.1,6.3,24.311,0,15.78,0,1.184,4.34,0,17.6
4/2/2026,14:00, ,gtmpcwq_24G103007_031726_050000.bin,Pellicer Creek,GTMNERR,0,33.773,0,21.18,0,0.117,0,81.3,0,6.04,0,78.64,26.52,7.54,0,-67.7,6.3,24.225,0,11.65,0,1.191,4.7,0,19.04
4/2/2026,14:15, ,gtmpcwq_24G103007_031726_050000.bin,Pellicer Creek,GTMNERR,0,34.483,0,21.67,0,0.094,0,76.2,0,5.65,0,76.21,25.72,7.5,0,-65.4,6.3,24.189,0,12.71,0,1.192,4.21,0,17.05
4/2/2026,14:30, ,gtmpcwq_24G103007_031726_050000.bin,Pellicer Creek,GTMNERR,0,32.623,0,20.38,0,0.077,0,80.6,0,6.01,0,80.79,27.24,7.53,0,-66.8,6.3,24.241,0,11.54,0,1.185,4.68,0,18.96
4/2/2026,14:45, ,gtmpcwq_24G103007_031726_050000.bin,Pellicer Creek,GTMNERR,0,33.81,0,21.2,0,0.057,0,78.2,0,5.8,0,77.89,26.27,7.49,0,-64.7,6.3,24.312,0,11.12,0,1.2,4.44,0,17.98
4/2/2026,15:00, ,gtmpcwq_24G103007_031726_050000.bin,Pellicer Creek,GTMNERR,0,33.199,0,20.78,0,0.038,0,81.3,0,6.04,0,79.5,26.81,7.51,0,-66,6.3,24.363,0,10.94,0,1.201,4.33,0,17.56
4/2/2026,15:15, ,gtmpcwq_24G103007_031726_050000.bin,Pellicer Creek,GTMNERR,0,32.952,0,20.61,0,0.024,0,79,0,5.88,0,79.17,26.7,7.49,0,-64.7,6.3,24.282,0,10.56,0,1.192,4.61,0,18.67
4/2/2026,15:30, ,gtmpcwq_24G103007_031726_050000.bin,Pellicer Creek,GTMNERR,0,32.656,0,20.4,0,0.006,0,78.5,0,5.85,0,80.22,27.05,7.49,0,-64.7,6.3,24.326,0,11.26,0,1.192,4.77,0,19.31
4/2/2026,15:45, ,gtmpcwq_24G103007_031726_050000.bin,Pellicer Creek,GTMNERR,0,31.923,0,19.9,0,-0.011,0,78.8,0,5.89,0,81.39,27.44,7.48,0,-64.2,6.3,24.303,0,10.95,0,1.191,4.86,0,19.69
4/2/2026,16:00, ,gtmpcwq_24G103007_031726_050000.bin,Pellicer Creek,GTMNERR,0,32.995,0,20.64,0,-0.028,0,74.2,0,5.52,0,79.24,26.72,7.42,0,-60.6,6.3,24.3,0,10.75,0,1.182,4.49,0,18.21
4/2/2026,16:15, ,gtmpcwq_24G103007_031726_050000.bin,Pellicer Creek,GTMNERR,0,32.629,0,20.38,0,-0.043,0,71.4,0,5.32,0,58.69,19.89,7.43,0,-61.3,6.3,24.307,0,10.44,0,1.196,4.33,0,17.55
4/2/2026,16:30, ,gtmpcwq_24G103007_031726_050000.bin,Pellicer Creek,GTMNERR,0,32.028,0,19.97,0,-0.057,0,74.6,0,5.57,0,81.04,27.32,7.45,0,-62.2,6.3,24.312,0,10.58,0,1.192,4.57,0,18.5
4/2/2026,16:45, ,gtmpcwq_24G103007_031726_050000.bin,Pellicer Creek,GTMNERR,0,31.954,0,19.92,0,-0.073,0,71.1,0,5.31,0,81.13,27.35,7.42,0,-60.7,6.3,24.296,0,10.28,0,1.182,4.48,0,18.14
4/2/2026,17:00, ,gtmpcwq_24G103007_031726_050000.bin,Pellicer Creek,GTMNERR,0,31.803,0,19.82,0,-0.084,0,71.3,0,5.33,0,80.58,27.17,7.42,0,-60.4,6.3,24.315,0,9.9,0,1.198,4.24,0,17.19
4/2/2026,17:15, ,gtmpcwq_24G103007_031726_050000.bin,Pellicer Creek,GTMNERR,0,31.338,0,19.5,0,-0.098,0,69,0,5.16,0,80.32,27.08,7.42,0,-60.6,6.3,24.395,0,9.64,0,1.184,4.03,0,16.33
4/2/2026,17:30, ,gtmpcwq_24G103007_031726_050000.bin,Pellicer Creek,GTMNERR,0,31.085,0,19.32,0,-0.111,0,71.6,0,5.36,0,81.65,27.52,7.43,0,-61,6.3,24.366,0,9.17,0,1.187,4.05,0,16.42
4/2/2026,17:45, ,gtmpcwq_24G103007_031726_050000.bin,Pellicer Creek,GTMNERR,0,31.036,0,19.29,0,-0.128,0,71.5,0,5.36,0,82.91,27.94,7.41,0,-60.1,6.3,24.348,0,9.8,0,1.19,3.95,0,16.03
4/2/2026,18:00, ,gtmpcwq_24G103007_031726_050000.bin,Pellicer Creek,GTMNERR,0,31.141,0,19.36,0,-0.139,0,73.4,0,5.5,0,84.19,28.37,7.46,0,-62.6,6.3,24.305,0,9.12,0,1.192,4.5,0,18.23
4/2/2026,18:15, ,gtmpcwq_24G103007_031726_050000.bin,Pellicer Creek,GTMNERR,0,30.533,0,18.95,0,-0.144,0,68.8,0,5.16,0,85.04,28.65,7.41,0,-60.1,6.3,24.37,0,9.35,0,1.188,3.9,0,15.81
4/2/2026,18:30, ,gtmpcwq_24G103007_031726_050000.bin,Pellicer Creek,GTMNERR,0,29.585,0,18.3,0,-0.144,0,72.3,0,5.44,0,85.85,28.92,7.42,0,-60.5,6.3,24.43,0,9.87,0,1.187,3.68,0,14.94
4/2/2026,18:45, ,gtmpcwq_24G103007_031726_050000.bin,Pellicer Creek,GTMNERR,0,28.09,0,17.28,0,-0.151,0,77,0,5.8,0,88.77,29.89,7.45,0,-62.4,6.3,24.678,0,8.49,0,1.185,4.76,0,19.29
4/2/2026,19:00, ,gtmpcwq_24G103007_031726_050000.bin,Pellicer Creek,GTMNERR,0,27.015,0,16.55,0,-0.153,0,78.3,0,5.9,0,89.43,30.11,7.46,0,-62.6,6.3,24.87,0,8.78,0,1.184,4.51,0,18.3
4/2/2026,19:15, ,gtmpcwq_24G103007_031726_050000.bin,Pellicer Creek,GTMNERR,0,25.974,0,15.85,0,-0.142,0,83.2,0,6.26,0,90.37,30.42,7.48,0,-63.9,6.3,25.161,0,8.89,0,1.191,4.12,0,16.68
4/2/2026,19:30, ,gtmpcwq_24G103007_031726_050000.bin,Pellicer Creek,GTMNERR,0,24.657,0,14.96,0,-0.127,0,94.5,0,7.07,0,88.3,29.73,7.59,0,-70.9,6.3,25.808,0,12.54,0,1.192,4.27,0,17.29
4/2/2026,19:45, ,gtmpcwq_24G103007_031726_050000.bin,Pellicer Creek,GTMNERR,0,23.829,0,14.42,0,-0.114,0,94.6,0,7.1,0,90.35,30.41,7.57,0,-69.8,6.3,25.807,0,10.82,0,1.182,3.96,0,16.04
4/2/2026,20:00, ,gtmpcwq_24G103007_031726_050000.bin,Pellicer Creek,GTMNERR,0,23.157,0,13.97,0,-0.097,0,97.3,0,7.35,0,91.24,30.71,7.6,0,-71.4,6.3,25.604,0,11.12,0,1.192,3.8,0,15.42
4/2/2026,20:15, ,gtmpcwq_24G103007_031726_050000.bin,Pellicer Creek,GTMNERR,0,23.445,0,14.17,0,-0.078,0,99,0,7.48,0,90.78,30.56,7.62,0,-72.6,6.3,25.508,0,11.18,0,1.193,3.7,0,14.98
4/2/2026,20:30, ,gtmpcwq_24G103007_031726_050000.bin,Pellicer Creek,GTMNERR,0,24.582,0,14.92,0,-0.051,0,98.9,0,7.43,0,89.55,30.15,7.63,0,-73.3,6.3,25.603,0,11.7,0,1.193,3.78,0,15.34
4/2/2026,20:45, ,gtmpcwq_24G103007_031726_050000.bin,Pellicer Creek,GTMNERR,0,25.646,0,15.63,0,-0.022,0,98.1,0,7.39,0,88.09,29.66,7.66,0,-74.6,6.3,25.233,0,11.57,0,1.196,3.89,0,15.76
4/2/2026,21:00, ,gtmpcwq_24G103007_031726_050000.bin,Pellicer Creek,GTMNERR,0,26.217,0,16.01,0,0.01,0,98.5,0,7.4,0,86.91,29.27,7.66,0,-75,6.3,25.206,0,12.41,0,1.189,4.25,0,17.24
4/2/2026,21:15, ,gtmpcwq_24G103007_031726_050000.bin,Pellicer Creek,GTMNERR,0,27.441,0,16.84,0,0.041,0,95.7,0,7.15,0,84.49,28.47,7.64,0,-73.9,6.3,25.242,0,13.69,0,1.182,4.15,0,16.83
4/2/2026,21:30, ,gtmpcwq_24G103007_031726_050000.bin,Pellicer Creek,GTMNERR,0,29.266,0,18.07,0,0.08,0,93.3,0,6.94,0,80.1,27.01,7.62,0,-72.7,6.3,25.187,0,13.23,0,1.193,3.85,0,15.62
4/2/2026,21:45, ,gtmpcwq_24G103007_031726_050000.bin,Pellicer Creek,GTMNERR,0,29.688,0,18.36,0,0.121,0,91.7,0,6.8,0,80.73,27.22,7.62,0,-72.5,6.3,25.172,0,15.71,0,1.199,3.97,0,16.1
4/2/2026,22:00, ,gtmpcwq_24G103007_031726_050000.bin,Pellicer Creek,GTMNERR,0,31.314,0,19.47,0,0.165,0,90,0,6.65,0,77.35,26.09,7.61,0,-71.8,6.3,25.067,0,19.79,0,1.188,4.07,0,16.49
4/2/2026,22:15, ,gtmpcwq_24G103007_031726_050000.bin,Pellicer Creek,GTMNERR,0,33.054,0,20.67,0,0.204,0,87,0,6.4,0,74.25,25.06,7.6,0,-71,6.3,24.966,0,18.64,0,1.188,3.98,0,16.12
4/2/2026,22:30, ,gtmpcwq_24G103007_031726_050000.bin,Pellicer Creek,GTMNERR,0,33.985,0,21.31,0,0.245,0,86,0,6.31,0,74.29,25.08,7.6,0,-71.2,6.3,24.862,0,15.74,0,1.188,4.06,0,16.47
4/2/2026,22:45, ,gtmpcwq_24G103007_031726_050000.bin,Pellicer Creek,GTMNERR,0,35.584,0,22.42,0,0.282,0,83.8,0,6.11,0,67.93,22.96,7.6,0,-71,6.3,24.893,0,26.82,0,1.184,3.87,0,15.7
4/2/2026,23:00, ,gtmpcwq_24G103007_031726_050000.bin,Pellicer Creek,GTMNERR,0,36.675,0,23.18,0,0.317,0,83.8,0,6.08,0,67.74,22.9,7.6,0,-71.2,6.3,24.863,0,20.42,0,1.189,4.06,0,16.47
4/2/2026,23:15, ,gtmpcwq_24G103007_031726_050000.bin,Pellicer Creek,GTMNERR,0,37.586,0,23.82,0,0.341,0,83.3,0,6.04,0,66.65,22.54,7.61,0,-71.8,6.3,24.745,0,19.36,0,1.2,3.99,0,16.17
4/2/2026,23:30, ,gtmpcwq_24G103007_031726_050000.bin,Pellicer Creek,GTMNERR,0,38.293,0,24.32,0,0.359,0,82,0,5.93,0,65.07,22.01,7.61,0,-72.1,6.3,24.661,0,19.12,0,1.182,3.83,0,15.55
4/2/2026,23:45, ,gtmpcwq_24G103007_031726_050000.bin,Pellicer Creek,GTMNERR,0,39.006,0,24.83,0,0.372,0,82.1,0,5.93,0,41.12,14.05,7.62,0,-72.5,6.3,24.609,0,18.72,0,1.198,3.87,0,15.7
4/3/2026,00:00, ,gtmpcwq_24G103007_031726_050000.bin,Pellicer Creek,GTMNERR,0,39.527,0,25.2,0,0.379,0,80.7,0,5.82,0,62.42,21.13,7.62,0,-72.2,6.3,24.572,0,18.31,0,1.194,3.58,0,14.53
4/3/2026,00:15, ,gtmpcwq_24G103007_031726_050000.bin,Pellicer Creek,GTMNERR,0,39.798,0,25.39,0,0.377,0,80,0,5.77,0,62.17,21.05,7.62,0,-72.1,6.3,24.529,0,15.78,0,1.191,4.42,0,17.93
4/3/2026,00:30, ,gtmpcwq_24G103007_031726_050000.bin,Pellicer Creek,GTMNERR,0,39.902,0,25.46,0,0.364,0,76.7,0,5.53,0,60.84,20.61,7.59,0,-70.5,6.3,24.505,0,15.55,0,1.182,3.28,0,13.31
4/3/2026,00:45, ,gtmpcwq_24G103007_031726_050000.bin,Pellicer Creek,GTMNERR,0,39.772,0,25.37,0,0.342,0,77.2,0,5.57,0,61.86,20.94,7.59,0,-70.7,6.3,24.532,0,15.82,0,1.187,3.33,0,13.52
4/3/2026,01:00, ,gtmpcwq_24G103007_031726_050000.bin,Pellicer Creek,GTMNERR,0,39.655,0,25.29,0,0.318,0,78.9,0,5.69,0,62.1,21.02,7.61,0,-71.6,6.3,24.549,0,15.49,0,1.189,3.19,0,12.94
4/3/2026,01:15, ,gtmpcwq_24G103007_031726_050000.bin,Pellicer Creek,GTMNERR,0,39.062,0,24.87,0,0.296,0,80.1,0,5.79,0,64.37,21.78,7.61,0,-71.8,6.3,24.574,0,14.87,0,1.193,3.63,0,14.73
4/3/2026,01:30, ,gtmpcwq_24G103007_031726_050000.bin,Pellicer Creek,GTMNERR,0,38.842,0,24.71,0,0.273,0,80,0,5.79,0,64.38,21.78,7.61,0,-71.9,6.3,24.599,0,16.13,0,1.186,3.66,0,14.84
4/3/2026,01:45, ,gtmpcwq_24G103007_031726_050000.bin,Pellicer Creek,GTMNERR,0,37.624,0,23.85,0,0.251,0,79.9,0,5.8,0,66.84,22.6,7.59,0,-70.7,6.3,24.587,0,16.71,0,1.185,3.64,0,14.74
4/3/2026,02:00, ,gtmpcwq_24G103007_031726_050000.bin,Pellicer Creek,GTMNERR,0,35.348,0,22.26,0,0.228,0,80.2,0,5.88,0,72.01,24.32,7.59,0,-70.3,6.3,24.603,0,16.21,0,1.189,3.7,0,15
4/3/2026,02:15, ,gtmpcwq_24G103007_031726_050000.bin,Pellicer Creek,GTMNERR,0,33.535,0,21,0,0.204,0,80.5,0,5.95,0,75.9,25.61,7.57,0,-69.6,6.3,24.566,0,14.76,0,1.192,3.65,0,14.8
4/3/2026,02:30, ,gtmpcwq_24G103007_031726_050000.bin,Pellicer Creek,GTMNERR,0,32.417,0,20.23,0,0.182,0,80.4,0,5.97,0,78.08,26.34,7.56,0,-69,6.3,24.568,0,13.49,0,1.183,3.66,0,14.85
4/3/2026,02:45, ,gtmpcwq_24G103007_031726_050000.bin,Pellicer Creek,GTMNERR,0,31.247,0,19.43,0,0.16,0,80.2,0,5.98,0,80.65,27.19,7.55,0,-68.5,6.3,24.573,0,13.02,0,1.195,3.42,0,13.87
4/3/2026,03:00, ,gtmpcwq_24G103007_031726_050000.bin,Pellicer Creek,GTMNERR,0,33.203,0,20.77,0,0.132,0,79.1,0,5.84,0,77.05,25.99,7.55,0,-68.4,6.3,24.639,0,14.06,0,1.188,3.59,0,14.54
4/3/2026,03:15, ,gtmpcwq_24G103007_031726_050000.bin,Pellicer Creek,GTMNERR,0,33.737,0,21.14,0,0.111,0,76.9,0,5.67,0,75.65,25.53,7.53,0,-66.8,6.3,24.637,0,14.56,0,1.182,3.46,0,14.05
4/3/2026,03:30, ,gtmpcwq_24G103007_031726_050000.bin,Pellicer Creek,GTMNERR,0,33.625,0,21.07,0,0.089,0,77,0,5.68,0,76.52,25.82,7.53,0,-67.1,6.3,24.632,0,13.84,0,1.192,3.61,0,14.63
4/3/2026,03:45, ,gtmpcwq_24G103007_031726_050000.bin,Pellicer Creek,GTMNERR,0,32.882,0,20.55,0,0.069,0,78.2,0,5.79,0,78.03,26.32,7.54,0,-67.7,6.3,24.667,0,13.18,0,1.192,3.56,0,14.44
4/3/2026,04:00, ,gtmpcwq_24G103007_031726_050000.bin,Pellicer Creek,GTMNERR,0,32.619,0,20.37,0,0.048,0,76.2,0,5.65,0,77.97,26.3,7.52,0,-66.2,6.3,24.609,0,13.36,0,1.192,3.43,0,13.91
4/3/2026,04:15, ,gtmpcwq_24G103007_031726_050000.bin,Pellicer Creek,GTMNERR,0,31.812,0,19.82,0,0.028,0,77.6,0,5.77,0,79.93,26.95,7.52,0,-66.4,6.3,24.577,0,12.3,0,1.192,3.39,0,13.75
4/3/2026,04:30, ,gtmpcwq_24G103007_031726_050000.bin,Pellicer Creek,GTMNERR,0,29.712,0,18.38,0,0.011,0,79,0,5.93,0,84.22,28.38,7.52,0,-66.6,6.3,24.53,0,11.81,0,1.187,3.39,0,13.75
4/3/2026,04:45, ,gtmpcwq_24G103007_031726_050000.bin,Pellicer Creek,GTMNERR,0,29.153,0,18.01,0,-0.004,0,77.9,0,5.86,0,84.25,28.39,7.51,0,-65.5,6.3,24.458,0,13.42,0,1.19,3.31,0,13.44
4/3/2026,05:00, ,gtmpcwq_24G103007_031726_050000.bin,Pellicer Creek,GTMNERR,0,29.466,0,18.22,0,-0.022,0,76.6,0,5.76,0,84.15,28.35,7.49,0,-64.5,6.3,24.512,0,11.6,0,1.183,3.25,0,13.18
4/3/2026,05:15, ,gtmpcwq_24G103007_031726_050000.bin,Pellicer Creek,GTMNERR,0,29.224,0,18.05,0,-0.038,0,75.7,0,5.7,0,84.45,28.45,7.48,0,-64.2,6.3,24.502,0,11.53,0,1.191,3.11,0,12.62
4/3/2026,05:30, ,gtmpcwq_24G103007_031726_050000.bin,Pellicer Creek,GTMNERR,0,28.73,0,17.72,0,-0.05,0,75.2,0,5.67,0,85.82,28.91,7.47,0,-63.4,6.3,24.435,0,10.88,0,1.189,3.08,0,12.51
4/3/2026,05:45, ,gtmpcwq_24G103007_031726_050000.bin,Pellicer Creek,GTMNERR,0,29.744,0,18.41,0,-0.064,0,74.1,0,5.56,0,83.19,28.03,7.47,0,-63.2,6.3,24.507,0,10.71,0,1.192,3.16,0,12.81
4/3/2026,06:00, ,gtmpcwq_24G103007_031726_050000.bin,Pellicer Creek,GTMNERR,0,29.33,0,18.13,0,-0.077,0,73.3,0,5.52,0,83.9,28.27,7.46,0,-62.6,6.3,24.437,0,10.69,0,1.182,3.18,0,12.89
4/3/2026,06:15, ,gtmpcwq_24G103007_031726_050000.bin,Pellicer Creek,GTMNERR,0,29.333,0,18.13,0,-0.088,0,71.1,0,5.35,0,82.44,27.78,7.44,0,-61.4,6.3,24.473,0,12.58,0,1.182,3.48,0,14.11
4/3/2026,06:30, ,gtmpcwq_24G103007_031726_050000.bin,Pellicer Creek,GTMNERR,0,28.855,0,17.8,0,-0.096,0,67.6,0,5.1,0,83.96,28.29,7.42,0,-60.6,6.3,24.453,0,10.57,0,1.189,3.18,0,12.89
4/3/2026,06:45, ,gtmpcwq_24G103007_031726_050000.bin,Pellicer Creek,GTMNERR,0,28.332,0,17.45,0,-0.104,0,67.9,0,5.13,0,82.77,27.9,7.41,0,-59.6,6.3,24.384,0,13.28,0,1.195,3.21,0,13.01
4/3/2026,07:00, ,gtmpcwq_24G103007_031726_050000.bin,Pellicer Creek,GTMNERR,0,28.243,0,17.39,0,-0.113,0,67.2,0,5.08,0,85.05,28.65,7.41,0,-59.6,6.3,24.41,0,10.23,0,1.198,3.16,0,12.82
4/3/2026,07:15, ,gtmpcwq_24G103007_031726_050000.bin,Pellicer Creek,GTMNERR,0,27.963,0,17.2,0,-0.12,0,67.8,0,5.14,0,85.18,28.7,7.41,0,-59.6,6.3,24.388,0,10.83,0,1.185,3.27,0,13.26
4/3/2026,07:30, ,gtmpcwq_24G103007_031726_050000.bin,Pellicer Creek,GTMNERR,0,27.567,0,16.93,0,-0.125,0,65.6,0,4.98,0,85.52,28.81,7.39,0,-58.8,6.3,24.361,0,9.98,0,1.193,3.11,0,12.64
4/3/2026,07:45, ,gtmpcwq_24G103007_031726_050000.bin,Pellicer Creek,GTMNERR,0,27.259,0,16.73,0,-0.124,0,62.9,0,4.78,0,88.47,29.79,7.38,0,-58.2,6.3,24.353,0,9.08,0,1.185,2.78,0,11.29
4/3/2026,08:00, ,gtmpcwq_24G103007_031726_050000.bin,Pellicer Creek,GTMNERR,0,26.554,0,16.25,0,-0.115,0,69.5,0,5.31,0,90.65,30.51,7.42,0,-60.3,6.3,24.305,0,8.62,0,1.186,3,0,12.18
4/3/2026,08:15, ,gtmpcwq_24G103007_031726_050000.bin,Pellicer Creek,GTMNERR,0,25.563,0,15.59,0,-0.098,0,69.5,0,5.33,0,92.01,30.97,7.4,0,-59.4,6.3,24.198,0,9.18,0,1.193,3.15,0,12.77
4/3/2026,08:30, ,gtmpcwq_24G103007_031726_050000.bin,Pellicer Creek,GTMNERR,0,23.562,0,14.27,0,-0.079,0,73.9,0,5.75,0,92.71,31.2,7.42,0,-60.5,6.3,23.862,0,9.64,0,1.182,3.04,0,12.35
4/3/2026,08:45, ,gtmpcwq_24G103007_031726_050000.bin,Pellicer Creek,GTMNERR,0,23.14,0,13.98,0,-0.061,0,77.5,0,6.02,0,95.19,32.02,7.44,0,-61.5,6.3,24.002,0,8.23,0,1.19,2.82,0,11.44
4/3/2026,09:00, ,gtmpcwq_24G103007_031726_050000.bin,Pellicer Creek,GTMNERR,0,24.368,0,14.8,0,-0.041,0,81.7,0,6.3,0,91.76,30.88,7.49,0,-64.5,6.3,24.15,0,10.61,0,1.196,2.91,0,11.8
4/3/2026,09:15, ,gtmpcwq_24G103007_031726_050000.bin,Pellicer Creek,GTMNERR,0,25.462,0,15.52,0,-0.017,0,82.8,0,6.35,0,89.27,30.06,7.51,0,-65.5,6.3,24.278,0,11.8,0,1.188,3.3,0,13.38
4/3/2026,09:30, ,gtmpcwq_24G103007_031726_050000.bin,Pellicer Creek,GTMNERR,0,26.319,0,16.09,0,0.008,0,84.9,0,6.47,0,87.21,29.37,7.53,0,-67,6.3,24.44,0,12.44,0,1.195,3.26,0,13.23
4/3/2026,09:45, ,gtmpcwq_24G103007_031726_050000.bin,Pellicer Creek,GTMNERR,0,27.271,0,16.73,0,0.038,0,85.7,0,6.49,0,85.1,28.67,7.55,0,-68.1,6.3,24.603,0,14.08,0,1.188,3.24,0,13.13
4/3/2026,10:00, ,gtmpcwq_24G103007_031726_050000.bin,Pellicer Creek,GTMNERR,0,28.303,0,17.43,0,0.069,0,85.8,0,6.45,0,82.73,27.88,7.56,0,-68.8,6.3,24.731,0,14.48,0,1.19,3.35,0,13.61
4/3/2026,10:15, ,gtmpcwq_24G103007_031726_050000.bin,Pellicer Creek,GTMNERR,0,29.26,0,18.07,0,0.099,0,85.8,0,6.42,0,80.75,27.22,7.56,0,-68.7,6.3,24.844,0,15.53,0,1.187,3.56,0,14.42
4/3/2026,10:30, ,gtmpcwq_24G103007_031726_050000.bin,Pellicer Creek,GTMNERR,0,30.177,0,18.69,0,0.131,0,85.9,0,6.38,0,79.08,26.67,7.57,0,-69.2,6.3,25.003,0,15.88,0,1.186,3.42,0,13.89
4/3/2026,10:45, ,gtmpcwq_24G103007_031726_050000.bin,Pellicer Creek,GTMNERR,0,31.207,0,19.39,0,0.164,0,85.4,0,6.31,0,77.04,25.99,7.57,0,-69.5,6.3,25.115,0,16.82,0,1.184,3.63,0,14.71
4/3/2026,11:00, ,gtmpcwq_24G103007_031726_050000.bin,Pellicer Creek,GTMNERR,0,32.257,0,20.11,0,0.192,0,84,0,6.16,0,74.88,25.27,7.58,0,-70.2,6.3,25.333,0,17.13,0,1.198,3.76,0,15.25
4/3/2026,11:15, ,gtmpcwq_24G103007_031726_050000.bin,Pellicer Creek,GTMNERR,0,33.415,0,20.91,0,0.223,0,86.2,0,6.3,0,72.85,24.6,7.58,0,-70.2,6.3,25.262,0,17.5,0,1.195,3.88,0,15.72
4/3/2026,11:30, ,gtmpcwq_24G103007_031726_050000.bin,Pellicer Creek,GTMNERR,0,34.264,0,21.49,0,0.246,0,85.9,0,6.23,0,72.19,24.38,7.57,0,-69.8,6.3,25.411,0,16.04,0,1.193,3.71,0,15.04
4/3/2026,11:45, ,gtmpcwq_24G103007_031726_050000.bin,Pellicer Creek,GTMNERR,0,34.936,0,21.96,0,0.262,0,83.5,0,6.04,0,70.63,23.86,7.56,0,-69,6.3,25.476,0,16.38,0,1.185,4.14,0,16.79
4/3/2026,12:00, ,gtmpcwq_24G103007_031726_050000.bin,Pellicer Creek,GTMNERR,0,35.698,0,22.49,0,0.27,0,81.9,0,5.92,0,70.29,23.75,7.55,0,-68.1,6.3,25.392,0,15.99,0,1.193,3.36,0,13.61
4/3/2026,12:15, ,gtmpcwq_24G103007_031726_050000.bin,Pellicer Creek,GTMNERR,0,36.086,0,22.76,0,0.273,0,84.6,0,6.09,0,69.58,23.51,7.55,0,-68.5,6.29,25.499,0,15.13,0,1.192,3.88,0,15.74
4/3/2026,12:30, ,gtmpcwq_24G103007_031726_050000.bin,Pellicer Creek,GTMNERR,0,36.055,0,22.74,0,0.261,0,75.3,0,5.43,0,66.58,22.51,7.47,0,-63.4,6.3,25.39,0,19.07,0,1.182,3.31,0,13.44
4/3/2026,12:45, ,gtmpcwq_24G103007_031726_050000.bin,Pellicer Creek,GTMNERR,0,35.924,0,22.65,0,0.243,0,79.6,0,5.75,0,69.26,23.41,7.51,0,-65.9,6.3,25.353,0,15.15,0,1.189,3.9,0,15.81
4/3/2026,13:00, ,gtmpcwq_24G103007_031726_050000.bin,Pellicer Creek,GTMNERR,0,35.249,0,22.18,0,0.226,0,83,0,6.01,0,71.45,24.13,7.54,0,-67.9,6.3,25.352,0,14,0,1.182,4.09,0,16.57
4/3/2026,13:15, ,gtmpcwq_24G103007_031726_050000.bin,Pellicer Creek,GTMNERR,0,34.718,0,21.81,0,0.208,0,83.8,0,6.09,0,72.74,24.56,7.56,0,-68.6,6.3,25.323,0,15.05,0,1.197,4.55,0,18.45
4/3/2026,13:30, ,gtmpcwq_24G103007_031726_050000.bin,Pellicer Creek,GTMNERR,0,34.03,0,21.33,0,0.188,0,84.3,0,6.13,0,73.03,24.66,7.56,0,-69,6.3,25.428,0,14.74,0,1.182,4.6,0,18.65
4/3/2026,13:45, ,gtmpcwq_24G103007_031726_050000.bin,Pellicer Creek,GTMNERR,0,32.669,0,20.38,0,0.166,0,92.6,0,6.71,0,74.71,25.22,7.59,0,-71,6.3,25.851,0,14.28,0,1.195,4.76,0,19.29
4/3/2026,14:00, ,gtmpcwq_24G103007_031726_050000.bin,Pellicer Creek,GTMNERR,0,31.87,0,19.83,0,0.148,0,91.6,0,6.65,0,76.16,25.7,7.6,0,-71.1,6.3,25.95,0,14.86,0,1.184,4.62,0,18.74
4/3/2026,14:15, ,gtmpcwq_24G103007_031726_050000.bin,Pellicer Creek,GTMNERR,0,32.932,0,20.57,0,0.125,0,83.9,0,6.12,0,74.78,25.24,7.54,0,-67.9,6.3,25.495,0,13.81,0,1.196,4.65,0,18.83
4/3/2026,14:30, ,gtmpcwq_24G103007_031726_050000.bin,Pellicer Creek,GTMNERR,0,32.97,0,20.6,0,0.104,0,84,0,6.13,0,75.33,25.42,7.54,0,-68,6.3,25.386,0,14.32,0,1.191,4.98,0,20.19
4/3/2026,14:45, ,gtmpcwq_24G103007_031726_050000.bin,Pellicer Creek,GTMNERR,0,32.154,0,20.04,0,0.083,0,86.1,0,6.3,0,77.25,26.06,7.55,0,-68.4,6.3,25.458,0,14.27,0,1.182,4.85,0,19.65
4/3/2026,15:00, ,gtmpcwq_24G103007_031726_050000.bin,Pellicer Creek,GTMNERR,0,32.402,0,20.21,0,0.066,0,84.2,0,6.17,0,77.09,26.01,7.55,0,-68.4,6.3,25.3,0,14.49,0,1.192,5.25,0,21.28
4/3/2026,15:15, ,gtmpcwq_24G103007_031726_050000.bin,Pellicer Creek,GTMNERR,0,31.774,0,19.78,0,0.051,0,83.3,0,6.12,0,77.54,26.16,7.54,0,-67.8,6.3,25.263,0,14.82,0,1.193,5.04,0,20.42
4/3/2026,15:30, ,gtmpcwq_24G103007_031726_050000.bin,Pellicer Creek,GTMNERR,0,31.22,0,19.4,0,0.032,0,85.1,0,6.27,0,79.01,26.65,7.54,0,-67.6,6.3,25.252,0,14.08,0,1.196,5.2,0,21.06
4/3/2026,15:45, ,gtmpcwq_24G103007_031726_050000.bin,Pellicer Creek,GTMNERR,0,30.841,0,19.14,0,0.015,0,86.2,0,6.35,0,79.79,26.9,7.54,0,-67.8,6.3,25.348,0,13.45,0,1.192,5.29,0,21.43
4/3/2026,16:00, ,gtmpcwq_24G103007_031726_050000.bin,Pellicer Creek,GTMNERR,0,30.882,0,19.17,0,-0.001,0,83.6,0,6.16,0,80.04,26.99,7.52,0,-66.5,6.3,25.276,0,12.71,0,1.185,5.13,0,20.77
4/3/2026,16:15, ,gtmpcwq_24G103007_031726_050000.bin,Pellicer Creek,GTMNERR,0,31.184,0,19.37,0,-0.017,0,80.7,0,5.94,0,78.37,26.43,7.51,0,-65.7,6.3,25.345,0,13.22,0,1.189,5.07,0,20.54
4/3/2026,16:30, ,gtmpcwq_24G103007_031726_050000.bin,Pellicer Creek,GTMNERR,0,30.377,0,18.82,0,-0.031,0,83.5,0,6.16,0,80.96,27.29,7.51,0,-65.9,6.3,25.344,0,12.58,0,1.188,5.2,0,21.08
4/3/2026,16:45, ,gtmpcwq_24G103007_031726_050000.bin,Pellicer Creek,GTMNERR,0,29.386,0,18.15,0,-0.044,0,84.8,0,6.27,0,82.44,27.79,7.51,0,-66,6.3,25.398,0,12.83,0,1.191,5.29,0,21.45
4/3/2026,17:00, ,gtmpcwq_24G103007_031726_050000.bin,Pellicer Creek,GTMNERR,0,30.621,0,18.99,0,-0.061,0,83.9,0,6.18,0,80.27,27.06,7.52,0,-66.6,6.3,25.417,0,11.93,0,1.185,5.11,0,20.72
4/3/2026,17:15, ,gtmpcwq_24G103007_031726_050000.bin,Pellicer Creek,GTMNERR,0,30.538,0,18.93,0,-0.075,0,81.8,0,6.03,0,80.62,27.18,7.49,0,-64.8,6.3,25.384,0,12.32,0,1.195,5.14,0,20.82
4/3/2026,17:30, ,gtmpcwq_24G103007_031726_050000.bin,Pellicer Creek,GTMNERR,0,30.217,0,18.71,0,-0.086,0,80,0,5.9,0,80.82,27.25,7.5,0,-65,6.3,25.355,0,13,0,1.192,5.07,0,20.54
4/3/2026,17:45, ,gtmpcwq_24G103007_031726_050000.bin,Pellicer Creek,GTMNERR,0,30.036,0,18.59,0,-0.098,0,76.9,0,5.68,0,80.61,27.18,7.46,0,-62.8,6.3,25.397,0,13.93,0,1.185,4.74,0,19.2
4/3/2026,18:00, ,gtmpcwq_24G103007_031726_050000.bin,Pellicer Creek,GTMNERR,0,29.355,0,18.13,0,-0.113,0,76.7,0,5.67,0,81.09,27.34,7.45,0,-62.5,6.3,25.468,0,13.12,0,1.187,4.99,0,20.23
4/3/2026,18:15, ,gtmpcwq_24G103007_031726_050000.bin,Pellicer Creek,GTMNERR,0,29.518,0,18.24,0,-0.126,0,75.2,0,5.56,0,80.5,27.14,7.43,0,-61.1,6.3,25.441,0,12.08,0,1.186,4.63,0,18.76
4/3/2026,18:30, ,gtmpcwq_24G103007_031726_050000.bin,Pellicer Creek,GTMNERR,0,28.892,0,17.81,0,-0.135,0,72.9,0,5.39,0,81.5,27.47,7.42,0,-60.5,6.3,25.541,0,11.5,0,1.198,4.65,0,18.86
4/3/2026,18:45, ,gtmpcwq_24G103007_031726_050000.bin,Pellicer Creek,GTMNERR,0,28.18,0,17.33,0,-0.141,0,77,0,5.7,0,82.19,27.7,7.43,0,-60.9,6.3,25.703,0,11.18,0,1.192,4.53,0,18.37
4/3/2026,19:00, ,gtmpcwq_24G103007_031726_050000.bin,Pellicer Creek,GTMNERR,0,27.421,0,16.81,0,-0.151,0,77.5,0,5.73,0,84.49,28.47,7.47,0,-63.3,6.3,25.904,0,11.35,0,1.192,4.63,0,18.77
4/3/2026,19:15, ,gtmpcwq_24G103007_031726_050000.bin,Pellicer Creek,GTMNERR,0,26.98,0,16.51,0,-0.16,0,75.6,0,5.59,0,83.19,28.03,7.44,0,-61.5,6.3,26.02,0,11.72,0,1.183,4.52,0,18.31
4/3/2026,19:30, ,gtmpcwq_24G103007_031726_050000.bin,Pellicer Creek,GTMNERR,0,26.033,0,15.88,0,-0.163,0,82.9,0,6.12,0,87.3,29.4,7.51,0,-65.7,6.3,26.203,0,11.44,0,1.19,4.59,0,18.62
4/3/2026,19:45, ,gtmpcwq_24G103007_031726_050000.bin,Pellicer Creek,GTMNERR,0,25.539,0,15.54,0,-0.159,0,77.7,0,5.74,0,85.81,28.91,7.46,0,-63.1,6.3,26.335,0,9.9,0,1.182,3.56,0,14.45
4/3/2026,20:00, ,gtmpcwq_24G103007_031726_050000.bin,Pellicer Creek,GTMNERR,0,24.554,0,14.89,0,-0.148,0,89.5,0,6.64,0,89.63,30.18,7.52,0,-66.8,6.3,26.364,0,10.58,0,1.185,4.34,0,17.6
4/3/2026,20:15, ,gtmpcwq_24G103007_031726_050000.bin,Pellicer Creek,GTMNERR,0,23.11,0,13.93,0,-0.134,0,91.8,0,6.8,0,90.42,30.44,7.55,0,-68.3,6.3,26.713,0,10.72,0,1.184,4.37,0,17.71
4/3/2026,20:30, ,gtmpcwq_24G103007_031726_050000.bin,Pellicer Creek,GTMNERR,0,21.361,0,12.78,0,-0.112,0,100,0,7.43,0,90.34,30.41,7.67,0,-75.4,6.3,26.872,0,13.23,0,1.19,3.77,0,15.27
4/3/2026,20:45, ,gtmpcwq_24G103007_031726_050000.bin,Pellicer Creek,GTMNERR,0,21.168,0,12.65,0,-0.096,0,102.4,0,7.61,0,91.16,30.68,7.65,0,-74.6,6.3,26.909,0,12.14,0,1.201,3.57,0,14.48
4/3/2026,21:00, ,gtmpcwq_24G103007_031726_050000.bin,Pellicer Creek,GTMNERR,0,22.182,0,13.32,0,-0.076,0,102.1,0,7.59,0,90.51,30.47,7.68,0,-76.5,6.3,26.712,0,11.59,0,1.193,3.63,0,14.7
4/3/2026,21:15, ,gtmpcwq_24G103007_031726_050000.bin,Pellicer Creek,GTMNERR,0,24.119,0,14.6,0,-0.052,0,101.4,0,7.51,0,88.03,29.64,7.7,0,-77.4,6.3,26.464,0,11.88,0,1.182,3.89,0,15.79
4/3/2026,21:30, ,gtmpcwq_24G103007_031726_050000.bin,Pellicer Creek,GTMNERR,0,24.216,0,14.66,0,-0.023,0,99.8,0,7.4,0,87.58,29.5,7.69,0,-77.1,6.3,26.406,0,12.64,0,1.194,3.77,0,15.27
4/3/2026,21:45, ,gtmpcwq_24G103007_031726_050000.bin,Pellicer Creek,GTMNERR,0,25.183,0,15.31,0,0.009,0,99.4,0,7.36,0,86.01,28.97,7.69,0,-76.9,6.3,26.3,0,13.79,0,1.188,3.99,0,16.19
4/3/2026,22:00, ,gtmpcwq_24G103007_031726_050000.bin,Pellicer Creek,GTMNERR,0,27.367,0,16.77,0,0.04,0,95.4,0,6.99,0,82,27.64,7.65,0,-74.3,6.3,26.456,0,15.8,0,1.186,4.1,0,16.64
4/3/2026,22:15, ,gtmpcwq_24G103007_031726_050000.bin,Pellicer Creek,GTMNERR,0,28.51,0,17.54,0,0.076,0,93.2,0,6.81,0,79.39,26.77,7.65,0,-74.4,6.3,26.373,0,18.57,0,1.186,4.04,0,16.39
4/3/2026,22:30, ,gtmpcwq_24G103007_031726_050000.bin,Pellicer Creek,GTMNERR,0,29.72,0,18.36,0,0.116,0,92,0,6.68,0,76.05,25.66,7.63,0,-73.5,6.3,26.388,0,22.17,0,1.2,4.04,0,16.39
4/3/2026,22:45, ,gtmpcwq_24G103007_031726_050000.bin,Pellicer Creek,GTMNERR,0,30.187,0,18.68,0,0.158,0,91.4,0,6.65,0,75.7,25.54,7.64,0,-73.8,6.3,26.206,0,18.03,0,1.192,4.09,0,16.57
4/3/2026,23:00, ,gtmpcwq_24G103007_031726_050000.bin,Pellicer Creek,GTMNERR,0,31.625,0,19.66,0,0.199,0,89.9,0,6.53,0,75.02,25.32,7.64,0,-73.9,6.3,26,0,19.84,0,1.192,4.01,0,16.27
4/3/2026,23:15, ,gtmpcwq_24G103007_031726_050000.bin,Pellicer Creek,GTMNERR,0,33.431,0,20.91,0,0.236,0,88.2,0,6.37,0,74.2,25.05,7.62,0,-72.7,6.3,25.896,0,17.69,0,1.191,3.9,0,15.81
4/3/2026,23:30, ,gtmpcwq_24G103007_031726_050000.bin,Pellicer Creek,GTMNERR,0,34.958,0,21.97,0,0.272,0,85.9,0,6.16,0,68.31,23.09,7.62,0,-72.7,6.3,25.944,0,24.03,0,1.189,3.93,0,15.91
4/3/2026,23:45, ,gtmpcwq_24G103007_031726_050000.bin,Pellicer Creek,GTMNERR,0,36.651,0,23.15,0,0.302,0,83.7,0,5.97,0,65.3,22.09,7.62,0,-72.5,6.3,25.929,0,24.54,0,1.192,3.85,0,15.59
4/4/2026,00:00, ,gtmpcwq_24G103007_031726_050000.bin,Pellicer Creek,GTMNERR,0,37.158,0,23.5,0,0.325,0,82.1,0,5.85,0,66.92,22.63,7.62,0,-72.5,6.3,25.851,0,19.05,0,1.192,3.9,0,15.8
4/4/2026,00:15, ,gtmpcwq_24G103007_031726_050000.bin,Pellicer Creek,GTMNERR,0,37.843,0,23.98,0,0.341,0,82.4,0,5.86,0,65.3,22.09,7.62,0,-72.8,6.3,25.787,0,19.6,0,1.192,3.93,0,15.94
4/4/2026,00:30, ,gtmpcwq_24G103007_031726_050000.bin,Pellicer Creek,GTMNERR,0,38.439,0,24.4,0,0.351,0,82.2,0,5.84,0,64.56,21.84,7.62,0,-72.8,6.3,25.743,0,18.71,0,1.182,3.81,0,15.46
4/4/2026,00:45, ,gtmpcwq_24G103007_031726_050000.bin,Pellicer Creek,GTMNERR,0,38.988,0,24.79,0,0.352,0,81,0,5.75,0,62.99,21.32,7.63,0,-72.9,6.3,25.718,0,18.78,0,1.193,3.64,0,14.77
4/4/2026,01:00, ,gtmpcwq_24G103007_031726_050000.bin,Pellicer Creek,GTMNERR,0,38.692,0,24.58,0,0.342,0,76.8,0,5.45,0,64.12,21.7,7.6,0,-71.1,6.3,25.695,0,17.09,0,1.192,3.07,0,12.45
4/4/2026,01:15, ,gtmpcwq_24G103007_031726_050000.bin,Pellicer Creek,GTMNERR,0,39.29,0,25,0,0.322,0,72.1,0,5.11,0,60.94,20.64,7.55,0,-68.4,6.3,25.712,0,17.05,0,1.198,2.72,0,11.02
4/4/2026,01:30, ,gtmpcwq_24G103007_031726_050000.bin,Pellicer Creek,GTMNERR,0,38.739,0,24.62,0,0.3,0,76.6,0,5.44,0,63.27,21.41,7.6,0,-71.1,6.3,25.705,0,16.95,0,1.184,3.18,0,12.91
4/4/2026,01:45, ,gtmpcwq_24G103007_031726_050000.bin,Pellicer Creek,GTMNERR,0,38.029,0,24.12,0,0.277,0,79.7,0,5.67,0,66.02,22.33,7.61,0,-71.8,6.3,25.739,0,16.97,0,1.193,3.49,0,14.17
4/4/2026,02:00, ,gtmpcwq_24G103007_031726_050000.bin,Pellicer Creek,GTMNERR,0,38.148,0,24.2,0,0.254,0,80,0,5.69,0,65.71,22.22,7.61,0,-71.6,6.3,25.76,0,15.94,0,1.195,3.37,0,13.65
4/4/2026,02:15, ,gtmpcwq_24G103007_031726_050000.bin,Pellicer Creek,GTMNERR,0,37.016,0,23.4,0,0.23,0,80.5,0,5.75,0,67.97,22.98,7.6,0,-71.4,6.3,25.779,0,16.88,0,1.182,3.51,0,14.23
4/4/2026,02:30, ,gtmpcwq_24G103007_031726_050000.bin,Pellicer Creek,GTMNERR,0,34.269,0,21.49,0,0.206,0,81.6,0,5.89,0,72.54,24.49,7.6,0,-71.2,6.3,25.72,0,16.75,0,1.192,3.57,0,14.46
4/4/2026,02:45, ,gtmpcwq_24G103007_031726_050000.bin,Pellicer Creek,GTMNERR,0,32.916,0,20.56,0,0.182,0,81.2,0,5.9,0,75.03,25.32,7.59,0,-70.6,6.3,25.653,0,15.36,0,1.201,3.54,0,14.36
4/4/2026,03:00, ,gtmpcwq_24G103007_031726_050000.bin,Pellicer Creek,GTMNERR,0,31.638,0,19.68,0,0.159,0,81.7,0,5.96,0,77.44,26.12,7.58,0,-69.9,6.3,25.684,0,14.89,0,1.193,3.52,0,14.28
4/4/2026,03:15, ,gtmpcwq_24G103007_031726_050000.bin,Pellicer Creek,GTMNERR,0,34.339,0,21.54,0,0.135,0,79,0,5.7,0,72.8,24.58,7.58,0,-70,6.3,25.789,0,17.23,0,1.182,3.55,0,14.4
4/4/2026,03:30, ,gtmpcwq_24G103007_031726_050000.bin,Pellicer Creek,GTMNERR,0,34.098,0,21.37,0,0.114,0,79.7,0,5.75,0,73.64,24.86,7.58,0,-70,6.3,25.793,0,15.99,0,1.201,3.6,0,14.6
4/4/2026,03:45, ,gtmpcwq_24G103007_031726_050000.bin,Pellicer Creek,GTMNERR,0,34.123,0,21.39,0,0.093,0,79.1,0,5.71,0,73.68,24.87,7.58,0,-69.9,6.3,25.793,0,15.16,0,1.186,3.57,0,14.48
4/4/2026,04:00, ,gtmpcwq_24G103007_031726_050000.bin,Pellicer Creek,GTMNERR,0,31.265,0,19.42,0,0.075,0,80.8,0,5.9,0,78.84,26.59,7.58,0,-70,6.3,25.814,0,14.46,0,1.198,3.47,0,14.08
4/4/2026,04:15, ,gtmpcwq_24G103007_031726_050000.bin,Pellicer Creek,GTMNERR,0,31.613,0,19.66,0,0.056,0,80.5,0,5.86,0,77.97,26.3,7.57,0,-69.8,6.3,25.833,0,14.68,0,1.196,3.65,0,14.8
4/4/2026,04:30, ,gtmpcwq_24G103007_031726_050000.bin,Pellicer Creek,GTMNERR,0,31.329,0,19.46,0,0.037,0,79.9,0,5.83,0,78.88,26.6,7.56,0,-69.1,6.3,25.833,0,14,0,1.185,3.52,0,14.28
4/4/2026,04:45, ,gtmpcwq_24G103007_031726_050000.bin,Pellicer Creek,GTMNERR,0,30.451,0,18.87,0,0.019,0,79.4,0,5.82,0,80.36,27.09,7.55,0,-68.6,6.3,25.75,0,13.57,0,1.19,3.44,0,13.95
4/4/2026,05:00, ,gtmpcwq_24G103007_031726_050000.bin,Pellicer Creek,GTMNERR,0,30.11,0,18.64,0,0.001,0,78.5,0,5.77,0,80.72,27.21,7.54,0,-67.7,6.3,25.681,0,13.33,0,1.188,3.45,0,13.98
4/4/2026,05:15, ,gtmpcwq_24G103007_031726_050000.bin,Pellicer Creek,GTMNERR,0,31.263,0,19.42,0,-0.016,0,77.5,0,5.68,0,79.74,26.89,7.53,0,-67.4,6.3,25.617,0,12.52,0,1.186,3.5,0,14.19
4/4/2026,05:30, ,gtmpcwq_24G103007_031726_050000.bin,Pellicer Creek,GTMNERR,0,30.794,0,19.1,0,-0.032,0,76.5,0,5.61,0,79.97,26.96,7.53,0,-66.9,6.3,25.631,0,12.89,0,1.184,3.56,0,14.43
4/4/2026,05:45, ,gtmpcwq_24G103007_031726_050000.bin,Pellicer Creek,GTMNERR,0,29.965,0,18.54,0,-0.046,0,75.8,0,5.58,0,79.62,26.85,7.52,0,-66.3,6.3,25.662,0,12.88,0,1.192,3.4,0,13.8
4/4/2026,06:00, ,gtmpcwq_24G103007_031726_050000.bin,Pellicer Creek,GTMNERR,0,30.142,0,18.66,0,-0.06,0,74.1,0,5.45,0,80.16,27.03,7.5,0,-65.3,6.3,25.589,0,13.03,0,1.192,3.35,0,13.58
4/4/2026,06:15, ,gtmpcwq_24G103007_031726_050000.bin,Pellicer Creek,GTMNERR,0,29.849,0,18.46,0,-0.072,0,72.2,0,5.32,0,80.64,27.19,7.47,0,-63.5,6.3,25.569,0,12.64,0,1.187,3.35,0,13.61
4/4/2026,06:30, ,gtmpcwq_24G103007_031726_050000.bin,Pellicer Creek,GTMNERR,0,29.628,0,18.31,0,-0.084,0,69.1,0,5.1,0,81.49,27.47,7.45,0,-62.3,6.3,25.58,0,11.6,0,1.182,3.57,0,14.48
4/4/2026,06:45, ,gtmpcwq_24G103007_031726_050000.bin,Pellicer Creek,GTMNERR,0,29.32,0,18.1,0,-0.094,0,66.8,0,4.93,0,81.52,27.48,7.43,0,-61.2,6.3,25.574,0,12.14,0,1.201,3.42,0,13.85
4/4/2026,07:00, ,gtmpcwq_24G103007_031726_050000.bin,Pellicer Creek,GTMNERR,0,28.763,0,17.72,0,-0.106,0,68.6,0,5.08,0,82.7,27.87,7.45,0,-62.4,6.3,25.53,0,11.81,0,1.182,3.46,0,14.03
4/4/2026,07:15, ,gtmpcwq_24G103007_031726_050000.bin,Pellicer Creek,GTMNERR,0,28.685,0,17.67,0,-0.115,0,67.3,0,4.99,0,82.69,27.87,7.44,0,-61.6,6.3,25.52,0,12.04,0,1.19,3.54,0,14.35
4/4/2026,07:30, ,gtmpcwq_24G103007_031726_050000.bin,Pellicer Creek,GTMNERR,0,28.032,0,17.23,0,-0.122,0,65.6,0,4.88,0,82.8,27.91,7.4,0,-59.6,6.3,25.463,0,11.39,0,1.196,3.59,0,14.56
4/4/2026,07:45, ,gtmpcwq_24G103007_031726_050000.bin,Pellicer Creek,GTMNERR,0,27.893,0,17.14,0,-0.131,0,67,0,4.98,0,84.54,28.48,7.42,0,-60.7,6.3,25.473,0,11.63,0,1.183,3.59,0,14.57
4/4/2026,08:00, ,gtmpcwq_24G103007_031726_050000.bin,Pellicer Creek,GTMNERR,0,27.594,0,16.94,0,-0.135,0,63.7,0,4.74,0,83.98,28.3,7.42,0,-60.4,6.3,25.47,0,10.52,0,1.188,3.62,0,14.67
4/4/2026,08:15, ,gtmpcwq_24G103007_031726_050000.bin,Pellicer Creek,GTMNERR,0,26.862,0,16.44,0,-0.138,0,66.6,0,4.98,0,86.07,28.99,7.44,0,-61.5,6.3,25.401,0,9.93,0,1.195,3.68,0,14.93
4/4/2026,08:30, ,gtmpcwq_24G103007_031726_050000.bin,Pellicer Creek,GTMNERR,0,25.838,0,15.76,0,-0.134,0,70.7,0,5.31,0,89.01,29.97,7.45,0,-62.1,6.3,25.321,0,9.9,0,1.19,3.73,0,15.14
4/4/2026,08:45, ,gtmpcwq_24G103007_031726_050000.bin,Pellicer Creek,GTMNERR,0,25.255,0,15.37,0,-0.122,0,70.9,0,5.35,0,89.64,30.18,7.44,0,-61.5,6.3,25.204,0,10.71,0,1.181,3.86,0,15.65
4/4/2026,09:00, ,gtmpcwq_24G103007_031726_050000.bin,Pellicer Creek,GTMNERR,0,23.418,0,14.16,0,-0.108,0,74.4,0,5.69,0,90.26,30.38,7.44,0,-61.7,6.3,24.83,0,12.42,0,1.195,3.77,0,15.29
4/4/2026,09:15, ,gtmpcwq_24G103007_031726_050000.bin,Pellicer Creek,GTMNERR,0,22.343,0,13.45,0,-0.095,0,80.9,0,6.21,0,91.16,30.68,7.47,0,-63.6,6.3,24.841,0,12.52,0,1.199,3.36,0,13.61
4/4/2026,09:30, ,gtmpcwq_24G103007_031726_050000.bin,Pellicer Creek,GTMNERR,0,23.023,0,13.89,0,-0.078,0,82.1,0,6.27,0,90.53,30.47,7.5,0,-65.3,6.3,24.975,0,12.11,0,1.183,3.34,0,13.55
4/4/2026,09:45, ,gtmpcwq_24G103007_031726_050000.bin,Pellicer Creek,GTMNERR,0,23.798,0,14.4,0,-0.06,0,87.6,0,6.65,0,88.33,29.74,7.55,0,-68.3,6.3,25.149,0,13.05,0,1.194,3.44,0,13.96
4/4/2026,10:00, ,gtmpcwq_24G103007_031726_050000.bin,Pellicer Creek,GTMNERR,0,24.83,0,15.09,0,-0.04,0,84.5,0,6.38,0,85.89,28.93,7.53,0,-67.3,6.3,25.252,0,16.51,0,1.192,3.68,0,14.91
4/4/2026,10:15, ,gtmpcwq_24G103007_031726_050000.bin,Pellicer Creek,GTMNERR,0,25.748,0,15.7,0,-0.015,0,88.4,0,6.63,0,84.19,28.37,7.58,0,-69.8,6.3,25.434,0,16.21,0,1.193,3.84,0,15.59
4/4/2026,10:30, ,gtmpcwq_24G103007_031726_050000.bin,Pellicer Creek,GTMNERR,0,26.504,0,16.2,0,0.009,0,91,0,6.77,0,81.44,27.45,7.6,0,-71.6,6.3,25.779,0,17.84,0,1.182,3.49,0,14.15
4/4/2026,10:45, ,gtmpcwq_24G103007_031726_050000.bin,Pellicer Creek,GTMNERR,0,27.263,0,16.71,0,0.036,0,91.4,0,6.76,0,80.23,27.05,7.61,0,-72.2,6.3,25.895,0,17.93,0,1.2,3.59,0,14.57
4/4/2026,11:00, ,gtmpcwq_24G103007_031726_050000.bin,Pellicer Creek,GTMNERR,0,28.223,0,17.35,0,0.061,0,91.6,0,6.74,0,78.37,26.43,7.61,0,-72,6.3,26.018,0,18.32,0,1.189,3.95,0,16.02
4/4/2026,11:15, ,gtmpcwq_24G103007_031726_050000.bin,Pellicer Creek,GTMNERR,0,29.286,0,18.07,0,0.091,0,90.6,0,6.63,0,77.64,26.19,7.61,0,-72,6.3,26.131,0,17.59,0,1.189,4.01,0,16.25
4/4/2026,11:30, ,gtmpcwq_24G103007_031726_050000.bin,Pellicer Creek,GTMNERR,0,29.977,0,18.53,0,0.12,0,91.6,0,6.66,0,76.09,25.67,7.62,0,-72.5,6.3,26.283,0,18.52,0,1.19,3.98,0,16.12
4/4/2026,11:45, ,gtmpcwq_24G103007_031726_050000.bin,Pellicer Creek,GTMNERR,0,30.922,0,19.17,0,0.147,0,92.9,0,6.7,0,74.42,25.12,7.64,0,-73.6,6.3,26.54,0,19.26,0,1.185,3.95,0,15.99
4/4/2026,12:00, ,gtmpcwq_24G103007_031726_050000.bin,Pellicer Creek,GTMNERR,0,31.879,0,19.83,0,0.173,0,92,0,6.61,0,72.95,24.63,7.63,0,-73.2,6.3,26.6,0,17.96,0,1.19,4.15,0,16.82
4/4/2026,12:15, ,gtmpcwq_24G103007_031726_050000.bin,Pellicer Creek,GTMNERR,0,32.989,0,20.59,0,0.196,0,91.1,0,6.5,0,71.13,24.02,7.62,0,-72.5,6.3,26.74,0,18.54,0,1.184,4.17,0,16.89
4/4/2026,12:30, ,gtmpcwq_24G103007_031726_050000.bin,Pellicer Creek,GTMNERR,0,34.986,0,21.98,0,0.207,0,78.3,0,5.61,0,69.37,23.44,7.54,0,-68,6.3,26.08,0,20.5,0,1.196,3.86,0,15.64
4/4/2026,12:45, ,gtmpcwq_24G103007_031726_050000.bin,Pellicer Creek,GTMNERR,0,34.849,0,21.88,0,0.217,0,87.3,0,6.19,0,69.92,23.63,7.58,0,-70.1,6.3,26.637,0,17.09,0,1.182,4.24,0,17.21
4/4/2026,13:00, ,gtmpcwq_24G103007_031726_050000.bin,Pellicer Creek,GTMNERR,0,35.144,0,22.08,0,0.213,0,79.7,0,5.66,0,68.35,23.1,7.53,0,-67.4,6.3,26.538,0,17.23,0,1.192,3.87,0,15.69
4/4/2026,13:15, ,gtmpcwq_24G103007_031726_050000.bin,Pellicer Creek,GTMNERR,0,35.356,0,22.23,0,0.2,0,74.1,0,5.28,0,67.75,22.9,7.48,0,-64.3,6.3,26.311,0,17.96,0,1.183,3.82,0,15.47
4/4/2026,13:30, ,gtmpcwq_24G103007_031726_050000.bin,Pellicer Creek,GTMNERR,0,34.935,0,21.94,0,0.181,0,78.8,0,5.62,0,70.09,23.68,7.54,0,-67.8,6.3,26.317,0,16.97,0,1.193,4.33,0,17.54
4/4/2026,13:45, ,gtmpcwq_24G103007_031726_050000.bin,Pellicer Creek,GTMNERR,0,34.614,0,21.72,0,0.162,0,78.5,0,5.61,0,70.95,23.97,7.54,0,-67.7,6.3,26.174,0,16.24,0,1.183,4.56,0,18.47
4/4/2026,14:00, ,gtmpcwq_24G103007_031726_050000.bin,Pellicer Creek,GTMNERR,0,33.631,0,21.04,0,0.145,0,85.4,0,6.1,0,72.64,24.53,7.57,0,-69.7,6.3,26.442,0,18.27,0,1.191,4.98,0,20.18
4/4/2026,14:15, ,gtmpcwq_24G103007_031726_050000.bin,Pellicer Creek,GTMNERR,0,33.02,0,20.62,0,0.126,0,83.8,0,6.01,0,73.52,24.82,7.56,0,-69.2,6.3,26.398,0,15.51,0,1.184,4.75,0,19.26
4/4/2026,14:30, ,gtmpcwq_24G103007_031726_050000.bin,Pellicer Creek,GTMNERR,0,32.836,0,20.49,0,0.104,0,83.4,0,5.98,0,73.81,24.92,7.56,0,-69.3,6.3,26.428,0,13.92,0,1.193,4.6,0,18.63
4/4/2026,14:45, ,gtmpcwq_24G103007_031726_050000.bin,Pellicer Creek,GTMNERR,0,32.472,0,20.24,0,0.083,0,78.1,0,5.63,0,75.37,25.44,7.53,0,-67.5,6.3,26.308,0,13.55,0,1.198,4.72,0,19.11
4/4/2026,15:00, ,gtmpcwq_24G103007_031726_050000.bin,Pellicer Creek,GTMNERR,0,31.871,0,19.82,0,0.064,0,90.4,0,6.5,0,76.12,25.69,7.62,0,-72.6,6.3,26.515,0,15.3,0,1.189,5.05,0,20.45
4/4/2026,15:15, ,gtmpcwq_24G103007_031726_050000.bin,Pellicer Creek,GTMNERR,0,31.981,0,19.9,0,0.047,0,86.1,0,6.21,0,76.45,25.8,7.59,0,-70.8,6.3,26.321,0,14.61,0,1.189,5.26,0,21.31
4/4/2026,15:30, ,gtmpcwq_24G103007_031726_050000.bin,Pellicer Creek,GTMNERR,0,32.042,0,19.94,0,0.032,0,83.1,0,5.99,0,76.3,25.74,7.55,0,-68.6,6.3,26.316,0,14.68,0,1.186,5.25,0,21.29
4/4/2026,15:45, ,gtmpcwq_24G103007_031726_050000.bin,Pellicer Creek,GTMNERR,0,31.918,0,19.86,0,0.015,0,82.4,0,5.96,0,77.02,25.98,7.55,0,-68.4,6.3,26.168,0,13.93,0,1.189,5.36,0,21.71
4/4/2026,16:00, ,gtmpcwq_24G103007_031726_050000.bin,Pellicer Creek,GTMNERR,0,30.734,0,19.05,0,-0.001,0,83.8,0,6.08,0,78.71,26.55,7.56,0,-68.8,6.3,26.203,0,13.96,0,1.2,5.45,0,22.07
4/4/2026,16:15, ,gtmpcwq_24G103007_031726_050000.bin,Pellicer Creek,GTMNERR,0,30.808,0,19.1,0,-0.019,0,80.5,0,5.85,0,78.87,26.6,7.53,0,-67.4,6.3,26.09,0,13.52,0,1.187,5.29,0,21.45
4/4/2026,16:30, ,gtmpcwq_24G103007_031726_050000.bin,Pellicer Creek,GTMNERR,0,30.639,0,18.99,0,-0.032,0,81.5,0,5.94,0,79.12,26.68,7.54,0,-67.5,6.3,26.06,0,14.24,0,1.188,5.36,0,21.71
4/4/2026,16:45, ,gtmpcwq_24G103007_031726_050000.bin,Pellicer Creek,GTMNERR,0,29.901,0,18.49,0,-0.048,0,82.1,0,5.99,0,80.31,27.08,7.53,0,-67.4,6.31,26.088,0,13.89,0,1.181,5.37,0,21.75
4/4/2026,17:00, ,gtmpcwq_24G103007_031726_050000.bin,Pellicer Creek,GTMNERR,0,30.247,0,18.72,0,-0.064,0,79,0,5.76,0,79.64,26.85,7.51,0,-66.2,6.3,26.13,0,14.03,0,1.192,5.17,0,20.96
4/4/2026,17:15, ,gtmpcwq_24G103007_031726_050000.bin,Pellicer Creek,GTMNERR,0,31.076,0,19.29,0,-0.079,0,74.1,0,5.38,0,78.2,26.37,7.49,0,-64.5,6.3,26.071,0,13.01,0,1.192,5.09,0,20.62
4/4/2026,17:30, ,gtmpcwq_24G103007_031726_050000.bin,Pellicer Creek,GTMNERR,0,30.961,0,19.21,0,-0.091,0,72.5,0,5.27,0,78.25,26.39,7.46,0,-62.8,6.3,26.103,0,13.64,0,1.194,4.77,0,19.34
4/4/2026,17:45, ,gtmpcwq_24G103007_031726_050000.bin,Pellicer Creek,GTMNERR,0,30.788,0,19.09,0,-0.105,0,70.5,0,5.13,0,78.14,26.36,7.44,0,-62,6.3,26.096,0,12.08,0,1.198,4.61,0,18.69
4/4/2026,18:00, ,gtmpcwq_24G103007_031726_050000.bin,Pellicer Creek,GTMNERR,0,30.698,0,19.03,0,-0.118,0,68.5,0,4.98,0,78.57,26.5,7.44,0,-61.7,6.3,26.079,0,12.05,0,1.191,4.59,0,18.62
4/4/2026,18:15, ,gtmpcwq_24G103007_031726_050000.bin,Pellicer Creek,GTMNERR,0,30.274,0,18.74,0,-0.13,0,72,0,5.25,0,78.4,26.44,7.45,0,-62.6,6.3,26.11,0,12.13,0,1.182,4.42,0,17.9
4/4/2026,18:30, ,gtmpcwq_24G103007_031726_050000.bin,Pellicer Creek,GTMNERR,0,29.607,0,18.28,0,-0.141,0,69.9,0,5.1,0,75.61,25.51,7.44,0,-61.5,6.3,26.144,0,20.43,0,1.189,4.72,0,19.13
4/4/2026,18:45, ,gtmpcwq_24G103007_031726_050000.bin,Pellicer Creek,GTMNERR,0,28.852,0,17.77,0,-0.154,0,71.3,0,5.21,0,78.7,26.54,7.44,0,-61.9,6.3,26.27,0,15.82,0,1.198,4.5,0,18.23
4/4/2026,19:00, ,gtmpcwq_24G103007_031726_050000.bin,Pellicer Creek,GTMNERR,0,26.496,0,16.18,0,-0.162,0,81.9,0,6,0,82.33,27.75,7.51,0,-65.7,6.3,26.603,0,13.41,0,1.189,4.63,0,18.76
4/4/2026,19:15, ,gtmpcwq_24G103007_031726_050000.bin,Pellicer Creek,GTMNERR,0,26.804,0,16.38,0,-0.172,0,78.3,0,5.73,0,82.75,27.89,7.48,0,-64,6.3,26.607,0,13.95,0,1.182,4.52,0,18.32
4/4/2026,19:30, ,gtmpcwq_24G103007_031726_050000.bin,Pellicer Creek,GTMNERR,0,14.741,0,8.54,0,-0.176,0,74.4,0,5.68,0,81.81,27.58,7.47,0,-63.7,6.3,26.71,0,15.32,0,1.192,4.42,0,17.92
4/4/2026,19:45, ,gtmpcwq_24G103007_031726_050000.bin,Pellicer Creek,GTMNERR,0,25.82,0,15.72,0,-0.188,0,79.1,0,5.78,0,82.93,27.95,7.51,0,-66,6.3,26.839,0,11.97,0,1.187,4.38,0,17.74
4/4/2026,20:00, ,gtmpcwq_24G103007_031726_050000.bin,Pellicer Creek,GTMNERR,0,24.776,0,15.03,0,-0.192,0,81.9,0,6,0,84.88,28.6,7.51,0,-65.9,6.3,26.958,0,11.08,0,1.193,4.01,0,16.27
4/4/2026,20:15, ,gtmpcwq_24G103007_031726_050000.bin,Pellicer Creek,GTMNERR,0,23.409,0,14.12,0,-0.184,0,83.5,0,6.14,0,87.7,29.53,7.52,0,-66.5,6.3,27.071,0,11.51,0,1.193,4.19,0,17
4/4/2026,20:30, ,gtmpcwq_24G103007_031726_050000.bin,Pellicer Creek,GTMNERR,0,22.937,0,13.81,0,-0.171,0,94.5,0,6.95,0,88.9,29.93,7.6,0,-71.8,6.3,27.182,0,11.17,0,1.19,4.49,0,18.19
4/4/2026,20:45, ,gtmpcwq_24G103007_031726_050000.bin,Pellicer Creek,GTMNERR,0,21.136,0,12.63,0,-0.157,0,101,0,7.49,0,88.14,29.68,7.7,0,-77.5,6.3,27.026,0,12.99,0,1.185,4.1,0,16.61
4/4/2026,21:00, ,gtmpcwq_24G103007_031726_050000.bin,Pellicer Creek,GTMNERR,0,20.492,0,12.21,0,-0.143,0,103.5,0,7.72,0,90.12,30.34,7.73,0,-79.5,6.3,26.909,0,12.28,0,1.192,3.93,0,15.94
4/4/2026,21:15, ,gtmpcwq_24G103007_031726_050000.bin,Pellicer Creek,GTMNERR,0,21.173,0,12.65,0,-0.127,0,102.8,0,7.64,0,89.92,30.27,7.73,0,-79.1,6.3,26.92,0,12.1,0,1.192,3.98,0,16.15
4/4/2026,21:30, ,gtmpcwq_24G103007_031726_050000.bin,Pellicer Creek,GTMNERR,0,21.7,0,13,0,-0.105,0,102.6,0,7.66,0,89.75,30.21,7.76,0,-81,6.3,26.608,0,13.04,0,1.193,3.9,0,15.83
4/4/2026,21:45, ,gtmpcwq_24G103007_031726_050000.bin,Pellicer Creek,GTMNERR,0,22.934,0,13.81,0,-0.084,0,98.8,0,7.35,0,87.76,29.55,7.75,0,-80.5,6.3,26.523,0,13.83,0,1.196,4.12,0,16.68
4/4/2026,22:00, ,gtmpcwq_24G103007_031726_050000.bin,Pellicer Creek,GTMNERR,0,23.943,0,14.48,0,-0.06,0,99.9,0,7.4,0,86.44,29.12,7.75,0,-80.6,6.3,26.538,0,13.82,0,1.189,4.1,0,16.63
4/4/2026,22:15, ,gtmpcwq_24G103007_031726_050000.bin,Pellicer Creek,GTMNERR,0,25.12,0,15.26,0,-0.03,0,99,0,7.3,0,85.02,28.64,7.74,0,-79.8,6.3,26.523,0,14.63,0,1.185,4.16,0,16.87
4/4/2026,22:30, ,gtmpcwq_24G103007_031726_050000.bin,Pellicer Creek,GTMNERR,0,26.741,0,16.34,0,0.001,0,95.7,0,6.99,0,82.19,27.7,7.71,0,-78.2,6.3,26.737,0,16.23,0,1.189,4.18,0,16.92
4/4/2026,22:45, ,gtmpcwq_24G103007_031726_050000.bin,Pellicer Creek,GTMNERR,0,28.243,0,17.35,0,0.035,0,91.9,0,6.67,0,79.47,26.8,7.67,0,-75.6,6.3,26.757,0,17.04,0,1.192,4.13,0,16.72
4/4/2026,23:00, ,gtmpcwq_24G103007_031726_050000.bin,Pellicer Creek,GTMNERR,0,29.658,0,18.31,0,0.073,0,90.4,0,6.54,0,77.55,26.16,7.66,0,-75,6.3,26.66,0,18.22,0,1.186,3.9,0,15.8
4/4/2026,23:15, ,gtmpcwq_24G103007_031726_050000.bin,Pellicer Creek,GTMNERR,0,30.58,0,18.94,0,0.114,0,86.7,0,6.26,0,76.59,25.84,7.62,0,-72.7,6.3,26.546,0,17.97,0,1.186,3.97,0,16.08
4/4/2026,23:30, ,gtmpcwq_24G103007_031726_050000.bin,Pellicer Creek,GTMNERR,0,32.273,0,20.1,0,0.157,0,86.5,0,6.21,0,70.31,23.75,7.63,0,-73.5,6.3,26.507,0,24.87,0,1.182,3.82,0,15.47
4/4/2026,23:45, ,gtmpcwq_24G103007_031726_050000.bin,Pellicer Creek,GTMNERR,0,33.854,0,21.19,0,0.199,0,84.7,0,6.07,0,70.63,23.86,7.63,0,-73.1,6.3,26.289,0,23.33,0,1.19,3.69,0,14.95
4/5/2026,00:00, ,gtmpcwq_24G103007_031726_050000.bin,Pellicer Creek,GTMNERR,0,35.426,0,22.28,0,0.238,0,82.4,0,5.87,0,68.17,23.04,7.63,0,-73,6.31,26.24,0,22.54,0,1.194,3.66,0,14.85
4/5/2026,00:15, ,gtmpcwq_24G103007_031726_050000.bin,Pellicer Creek,GTMNERR,0,36.749,0,23.21,0,0.272,0,81.1,0,5.76,0,65.21,22.06,7.62,0,-72.7,6.3,26.211,0,29.32,0,1.19,3.62,0,14.67
4/5/2026,00:30, ,gtmpcwq_24G103007_031726_050000.bin,Pellicer Creek,GTMNERR,0,37.728,0,23.9,0,0.299,0,79.7,0,5.64,0,63.56,21.51,7.63,0,-73,6.3,26.129,0,22.87,0,1.192,3.53,0,14.3
4/5/2026,00:45, ,gtmpcwq_24G103007_031726_050000.bin,Pellicer Creek,GTMNERR,0,38.533,0,24.46,0,0.318,0,78.6,0,5.55,0,60.1,20.36,7.63,0,-72.9,6.3,26.073,0,24.07,0,1.193,3.45,0,14
4/5/2026,01:00, ,gtmpcwq_24G103007_031726_050000.bin,Pellicer Creek,GTMNERR,0,38.943,0,24.75,0,0.328,0,77.9,0,5.5,0,62.14,21.04,7.63,0,-73.2,6.3,26,0,18.17,0,1.192,3.3,0,13.39
4/5/2026,01:15, ,gtmpcwq_24G103007_031726_050000.bin,Pellicer Creek,GTMNERR,0,39.534,0,25.17,0,0.334,0,76.6,0,5.4,0,61.1,20.69,7.63,0,-73.2,6.3,25.962,0,19.81,0,1.193,3.22,0,13.05
4/5/2026,01:30, ,gtmpcwq_24G103007_031726_050000.bin,Pellicer Creek,GTMNERR,0,39.914,0,25.44,0,0.333,0,76.5,0,5.38,0,60.95,20.64,7.64,0,-73.5,6.3,25.924,0,16.3,0,1.191,3.05,0,12.39
4/5/2026,01:45, ,gtmpcwq_24G103007_031726_050000.bin,Pellicer Creek,GTMNERR,0,39.438,0,25.11,0,0.322,0,68.8,0,4.85,0,60.59,20.52,7.55,0,-68.3,6.31,25.874,0,14.58,0,1.19,2.52,0,10.21
4/5/2026,02:00, ,gtmpcwq_24G103007_031726_050000.bin,Pellicer Creek,GTMNERR,0,40.064,0,25.55,0,0.3,0,70.2,0,4.94,0,59.72,20.23,7.57,0,-69.7,6.3,25.92,0,17.44,0,1.192,2.53,0,10.26
4/5/2026,02:15, ,gtmpcwq_24G103007_031726_050000.bin,Pellicer Creek,GTMNERR,0,39.576,0,25.2,0,0.276,0,75,0,5.29,0,61.37,20.78,7.61,0,-71.8,6.3,25.923,0,16.96,0,1.192,2.96,0,12.02
4/5/2026,02:30, ,gtmpcwq_24G103007_031726_050000.bin,Pellicer Creek,GTMNERR,0,39.166,0,24.91,0,0.254,0,76.2,0,5.38,0,62.36,21.11,7.62,0,-72.3,6.3,25.954,0,18.47,0,1.192,3.06,0,12.41
4/5/2026,02:45, ,gtmpcwq_24G103007_031726_050000.bin,Pellicer Creek,GTMNERR,0,38.874,0,24.71,0,0.232,0,76.1,0,5.37,0,62.95,21.31,7.62,0,-72.6,6.3,25.991,0,18.71,0,1.193,3.13,0,12.69
4/5/2026,03:00, ,gtmpcwq_24G103007_031726_050000.bin,Pellicer Creek,GTMNERR,0,37.331,0,23.62,0,0.209,0,76.4,0,5.43,0,65.46,22.14,7.61,0,-72.1,6.3,25.972,0,19.65,0,1.181,3.26,0,13.22
4/5/2026,03:15, ,gtmpcwq_24G103007_031726_050000.bin,Pellicer Creek,GTMNERR,0,35.306,0,22.21,0,0.185,0,78.4,0,5.62,0,69.9,23.62,7.61,0,-71.8,6.3,25.943,0,17.17,0,1.189,3.41,0,13.81
4/5/2026,03:30, ,gtmpcwq_24G103007_031726_050000.bin,Pellicer Creek,GTMNERR,0,34.02,0,21.32,0,0.162,0,78,0,5.62,0,72.44,24.46,7.6,0,-71.3,6.3,25.892,0,17.17,0,1.191,3.53,0,14.33
4/5/2026,03:45, ,gtmpcwq_24G103007_031726_050000.bin,Pellicer Creek,GTMNERR,0,32.286,0,20.12,0,0.141,0,79.9,0,5.8,0,75.04,25.33,7.59,0,-71,6.31,25.874,0,16.52,0,1.19,3.48,0,14.11
4/5/2026,04:00, ,gtmpcwq_24G103007_031726_050000.bin,Pellicer Creek,GTMNERR,0,34.141,0,21.4,0,0.116,0,76.4,0,5.5,0,72.1,24.35,7.58,0,-70.3,6.3,25.986,0,17.35,0,1.186,3.47,0,14.08
4/5/2026,04:15, ,gtmpcwq_24G103007_031726_050000.bin,Pellicer Creek,GTMNERR,0,34.515,0,21.66,0,0.095,0,76,0,5.46,0,71.82,24.25,7.59,0,-70.9,6.3,26.033,0,17.45,0,1.187,3.41,0,13.84
4/5/2026,04:30, ,gtmpcwq_24G103007_031726_050000.bin,Pellicer Creek,GTMNERR,0,33.431,0,20.91,0,0.076,0,76.6,0,5.52,0,73.84,24.93,7.59,0,-70.8,6.3,26.001,0,15.64,0,1.193,3.41,0,13.85
4/5/2026,04:45, ,gtmpcwq_24G103007_031726_050000.bin,Pellicer Creek,GTMNERR,0,32.912,0,20.55,0,0.054,0,76.9,0,5.55,0,74.65,25.19,7.59,0,-70.7,6.3,26.037,0,15.9,0,1.193,3.45,0,14
4/5/2026,05:00, ,gtmpcwq_24G103007_031726_050000.bin,Pellicer Creek,GTMNERR,0,31.378,0,19.5,0,0.036,0,77.1,0,5.61,0,77.74,26.22,7.58,0,-70.2,6.3,25.972,0,14.8,0,1.182,3.44,0,13.94
4/5/2026,05:15, ,gtmpcwq_24G103007_031726_050000.bin,Pellicer Creek,GTMNERR,0,31.753,0,19.75,0,0.018,0,76.9,0,5.57,0,77.37,26.1,7.58,0,-70.1,6.3,26.055,0,14.69,0,1.189,3.55,0,14.4
4/5/2026,05:30, ,gtmpcwq_24G103007_031726_050000.bin,Pellicer Creek,GTMNERR,0,31.706,0,19.72,0,0,0,76,0,5.52,0,77.15,26.03,7.56,0,-69.1,6.3,25.942,0,14.51,0,1.198,3.44,0,13.94
4/5/2026,05:45, ,gtmpcwq_24G103007_031726_050000.bin,Pellicer Creek,GTMNERR,0,32.035,0,19.95,0,-0.018,0,74.8,0,5.43,0,76.44,25.79,7.55,0,-68.6,6.31,25.877,0,14.6,0,1.189,3.47,0,14.06
4/5/2026,06:00, ,gtmpcwq_24G103007_031726_050000.bin,Pellicer Creek,GTMNERR,0,31.802,0,19.79,0,-0.035,0,73.9,0,5.37,0,76.85,25.93,7.54,0,-68,6.3,25.881,0,14.2,0,1.181,3.42,0,13.87
4/5/2026,06:15, ,gtmpcwq_24G103007_031726_050000.bin,Pellicer Creek,GTMNERR,0,32.564,0,20.31,0,-0.051,0,71.5,0,5.18,0,74.89,25.28,7.52,0,-66.7,6.3,25.891,0,14.36,0,1.198,3.55,0,14.41
4/5/2026,06:30, ,gtmpcwq_24G103007_031726_050000.bin,Pellicer Creek,GTMNERR,0,32.316,0,20.14,0,-0.066,0,71.2,0,5.17,0,75.82,25.59,7.52,0,-66.6,6.3,25.888,0,14.29,0,1.191,3.71,0,15.06
4/5/2026,06:45, ,gtmpcwq_24G103007_031726_050000.bin,Pellicer Creek,GTMNERR,0,31.291,0,19.44,0,-0.08,0,70.7,0,5.16,0,77.5,26.14,7.52,0,-66.6,6.3,25.846,0,12.82,0,1.189,3.57,0,14.49
4/5/2026,07:00, ,gtmpcwq_24G103007_031726_050000.bin,Pellicer Creek,GTMNERR,0,30.816,0,19.11,0,-0.092,0,66.6,0,4.86,0,77.54,26.16,7.47,0,-63.5,6.3,25.847,0,14.27,0,1.19,3.67,0,14.88
4/5/2026,07:15, ,gtmpcwq_24G103007_031726_050000.bin,Pellicer Creek,GTMNERR,0,29.281,0,18.07,0,-0.104,0,68.8,0,5.06,0,80.49,27.14,7.5,0,-65.1,6.3,25.776,0,13.04,0,1.181,3.65,0,14.81
4/5/2026,07:30, ,gtmpcwq_24G103007_031726_050000.bin,Pellicer Creek,GTMNERR,0,29.134,0,17.97,0,-0.117,0,68.4,0,5.04,0,80.82,27.25,7.46,0,-62.9,6.3,25.749,0,12.77,0,1.19,3.77,0,15.29
4/5/2026,07:45, ,gtmpcwq_24G103007_031726_050000.bin,Pellicer Creek,GTMNERR,0,28.251,0,17.37,0,-0.13,0,66.8,0,4.94,0,81.46,27.46,7.47,0,-63.2,6.3,25.693,0,12.47,0,1.201,3.7,0,15
4/5/2026,08:00, ,gtmpcwq_24G103007_031726_050000.bin,Pellicer Creek,GTMNERR,0,28.304,0,17.41,0,-0.14,0,64.8,0,4.79,0,80.92,27.28,7.45,0,-62.2,6.3,25.686,0,12.48,0,1.19,3.8,0,15.39
4/5/2026,08:15, ,gtmpcwq_24G103007_031726_050000.bin,Pellicer Creek,GTMNERR,0,28.088,0,17.26,0,-0.15,0,66.9,0,4.95,0,81.85,27.59,7.45,0,-62.5,6.3,25.671,0,13.23,0,1.189,3.99,0,16.16
4/5/2026,08:30, ,gtmpcwq_24G103007_031726_050000.bin,Pellicer Creek,GTMNERR,0,27.43,0,16.82,0,-0.157,0,63.7,0,4.73,0,82.16,27.69,7.43,0,-61.1,6.3,25.645,0,11.6,0,1.188,3.92,0,15.9
4/5/2026,08:45, ,gtmpcwq_24G103007_031726_050000.bin,Pellicer Creek,GTMNERR,0,26.218,0,16.01,0,-0.164,0,57.3,0,4.28,0,84.15,28.35,7.4,0,-59.1,6.3,25.572,0,11.43,0,1.189,3.49,0,14.17
4/5/2026,09:00, ,gtmpcwq_24G103007_031726_050000.bin,Pellicer Creek,GTMNERR,0,23.65,0,14.3,0,-0.164,0,62.9,0,4.77,0,88.21,29.7,7.4,0,-59.3,6.3,25.307,0,10.04,0,1.19,3.77,0,15.28
4/5/2026,09:15, ,gtmpcwq_24G103007_031726_050000.bin,Pellicer Creek,GTMNERR,0,25.217,0,15.34,0,-0.152,0,62.8,0,4.73,0,85.89,28.93,7.42,0,-60.3,6.3,25.356,0,11.9,0,1.191,3.72,0,15.09
4/5/2026,09:30, ,gtmpcwq_24G103007_031726_050000.bin,Pellicer Creek,GTMNERR,0,23.726,0,14.35,0,-0.137,0,70.8,0,5.37,0,90.69,30.53,7.47,0,-63.4,6.3,25.289,0,10.14,0,1.197,4.15,0,16.82
4/5/2026,09:45, ,gtmpcwq_24G103007_031726_050000.bin,Pellicer Creek,GTMNERR,0,23.406,0,14.14,0,-0.122,0,85.7,0,6.45,0,84.33,28.41,7.56,0,-68.7,6.3,25.75,0,17.03,0,1.184,3.89,0,15.79
4/5/2026,10:00, ,gtmpcwq_24G103007_031726_050000.bin,Pellicer Creek,GTMNERR,0,23.052,0,13.9,0,-0.103,0,88.1,0,6.64,0,87.78,29.56,7.58,0,-70.2,6.3,25.721,0,12.3,0,1.192,3.63,0,14.73
4/5/2026,10:15, ,gtmpcwq_24G103007_031726_050000.bin,Pellicer Creek,GTMNERR,0,24.101,0,14.59,0,-0.085,0,91.5,0,6.83,0,85.12,28.68,7.62,0,-72.7,6.3,26.103,0,13.8,0,1.193,3.68,0,14.93
4/5/2026,10:30, ,gtmpcwq_24G103007_031726_050000.bin,Pellicer Creek,GTMNERR,0,25.266,0,15.36,0,-0.065,0,92,0,6.83,0,83.01,27.98,7.63,0,-72.9,6.3,26.128,0,16.6,0,1.185,3.93,0,15.92
4/5/2026,10:45, ,gtmpcwq_24G103007_031726_050000.bin,Pellicer Creek,GTMNERR,0,26.37,0,16.1,0,-0.044,0,93.1,0,6.86,0,82.15,27.69,7.63,0,-73.5,6.3,26.349,0,15.06,0,1.197,4.14,0,16.8
4/5/2026,11:00, ,gtmpcwq_24G103007_031726_050000.bin,Pellicer Creek,GTMNERR,0,26.963,0,16.49,0,-0.016,0,94.4,0,6.92,0,80.61,27.18,7.65,0,-74.7,6.3,26.506,0,15.92,0,1.193,3.98,0,16.12
4/5/2026,11:15, ,gtmpcwq_24G103007_031726_050000.bin,Pellicer Creek,GTMNERR,0,27.698,0,16.99,0,0.008,0,93.8,0,6.85,0,79.42,26.78,7.65,0,-74.7,6.3,26.588,0,16.53,0,1.187,4.22,0,17.11
4/5/2026,11:30, ,gtmpcwq_24G103007_031726_050000.bin,Pellicer Creek,GTMNERR,0,28.064,0,17.23,0,0.032,0,96.1,0,6.98,0,77.51,26.15,7.66,0,-75.2,6.3,26.817,0,19.61,0,1.189,4.37,0,17.72
4/5/2026,11:45, ,gtmpcwq_24G103007_031726_050000.bin,Pellicer Creek,GTMNERR,0,28.98,0,17.84,0,0.059,0,96.5,0,6.96,0,76.42,25.79,7.67,0,-76,6.3,26.982,0,18.86,0,1.184,4.26,0,17.26
4/5/2026,12:00, ,gtmpcwq_24G103007_031726_050000.bin,Pellicer Creek,GTMNERR,0,30.345,0,18.77,0,0.087,0,94.6,0,6.8,0,74.33,25.09,7.66,0,-75.3,6.3,26.94,0,19.31,0,1.182,4.08,0,16.55
4/5/2026,12:15, ,gtmpcwq_24G103007_031726_050000.bin,Pellicer Creek,GTMNERR,0,31.828,0,19.78,0,0.116,0,94.1,0,6.71,0,72.46,24.47,7.67,0,-75.5,6.3,27.077,0,17.78,0,1.184,4.2,0,17.03
4/5/2026,12:30, ,gtmpcwq_24G103007_031726_050000.bin,Pellicer Creek,GTMNERR,0,33.227,0,20.74,0,0.14,0,92.4,0,6.54,0,70.24,23.73,7.65,0,-74.4,6.3,27.115,0,19.04,0,1.201,4.14,0,16.79
4/5/2026,12:45, ,gtmpcwq_24G103007_031726_050000.bin,Pellicer Creek,GTMNERR,0,34.035,0,21.3,0,0.158,0,92.5,0,6.51,0,69.73,23.56,7.65,0,-74.4,6.3,27.256,0,17.48,0,1.181,4.39,0,17.81
4/5/2026,13:00, ,gtmpcwq_24G103007_031726_050000.bin,Pellicer Creek,GTMNERR,0,35.091,0,22.03,0,0.175,0,93.3,0,6.53,0,68.28,23.08,7.66,0,-75.1,6.3,27.35,0,18.32,0,1.189,4.57,0,18.52
4/5/2026,13:15, ,gtmpcwq_24G103007_031726_050000.bin,Pellicer Creek,GTMNERR,0,35.579,0,22.37,0,0.183,0,91.1,0,6.37,0,67.84,22.93,7.64,0,-73.9,6.31,27.333,0,17.62,0,1.192,4.03,0,16.32
4/5/2026,13:30, ,gtmpcwq_24G103007_031726_050000.bin,Pellicer Creek,GTMNERR,0,36.275,0,22.86,0,0.181,0,84.3,0,5.89,0,66.76,22.57,7.56,0,-69,6.3,27.141,0,17.22,0,1.186,4.06,0,16.47
4/5/2026,13:45, ,gtmpcwq_24G103007_031726_050000.bin,Pellicer Creek,GTMNERR,0,36.258,0,22.85,0,0.169,0,76.4,0,5.35,0,66.15,22.37,7.5,0,-65.2,6.3,27.046,0,17,0,1.193,3.71,0,15.04
4/5/2026,14:00, ,gtmpcwq_24G103007_031726_050000.bin,Pellicer Creek,GTMNERR,0,36.272,0,22.86,0,0.152,0,76.1,0,5.35,0,66.81,22.59,7.53,0,-67.2,6.3,26.862,0,18.11,0,1.192,3.98,0,16.12
4/5/2026,14:15, ,gtmpcwq_24G103007_031726_050000.bin,Pellicer Creek,GTMNERR,0,36.042,0,22.7,0,0.138,0,78.5,0,5.54,0,67.88,22.95,7.56,0,-69.1,6.3,26.667,0,17.82,0,1.192,4.22,0,17.09
4/5/2026,14:30, ,gtmpcwq_24G103007_031726_050000.bin,Pellicer Creek,GTMNERR,0,35.519,0,22.34,0,0.12,0,82.1,0,5.79,0,69.24,23.4,7.58,0,-70.3,6.3,26.805,0,16.61,0,1.189,4.59,0,18.58
4/5/2026,14:45, ,gtmpcwq_24G103007_031726_050000.bin,Pellicer Creek,GTMNERR,0,34.375,0,21.54,0,0.098,0,86.9,0,6.13,0,70.21,23.72,7.61,0,-72.2,6.3,27.079,0,17.07,0,1.186,4.7,0,19.03
4/5/2026,15:00, ,gtmpcwq_24G103007_031726_050000.bin,Pellicer Creek,GTMNERR,0,33.143,0,20.68,0,0.08,0,90.4,0,6.38,0,71.31,24.09,7.64,0,-73.9,6.3,27.362,0,15.9,0,1.195,4.74,0,19.21
4/5/2026,15:15, ,gtmpcwq_24G103007_031726_050000.bin,Pellicer Creek,GTMNERR,0,33.395,0,20.86,0,0.059,0,82.9,0,5.86,0,71.07,24.01,7.58,0,-70.2,6.3,27.184,0,16.19,0,1.188,4.43,0,17.94
4/5/2026,15:30, ,gtmpcwq_24G103007_031726_050000.bin,Pellicer Creek,GTMNERR,0,32.136,0,19.99,0,0.042,0,93,0,6.6,0,72.8,24.58,7.66,0,-75.1,6.3,27.244,0,16.91,0,1.196,4.7,0,19.04
4/5/2026,15:45, ,gtmpcwq_24G103007_031726_050000.bin,Pellicer Creek,GTMNERR,0,34.189,0,21.41,0,0.025,0,80.5,0,5.7,0,71.08,24.01,7.55,0,-68.7,6.3,26.849,0,16.34,0,1.195,4.63,0,18.75
4/5/2026,16:00, ,gtmpcwq_24G103007_031726_050000.bin,Pellicer Creek,GTMNERR,0,33.323,0,20.82,0,0.008,0,81,0,5.77,0,71.83,24.26,7.57,0,-69.4,6.3,26.764,0,15.67,0,1.199,5.09,0,20.61
4/5/2026,16:15, ,gtmpcwq_24G103007_031726_050000.bin,Pellicer Creek,GTMNERR,0,33.044,0,20.63,0,-0.012,0,81.6,0,5.83,0,73.4,24.78,7.58,0,-70.5,6.3,26.662,0,16.57,0,1.198,5.19,0,21.03
4/5/2026,16:30, ,gtmpcwq_24G103007_031726_050000.bin,Pellicer Creek,GTMNERR,0,32.325,0,20.13,0,-0.03,0,83.5,0,5.97,0,74.54,25.16,7.59,0,-70.7,6.3,26.695,0,15.76,0,1.198,5.53,0,22.39
4/5/2026,16:45, ,gtmpcwq_24G103007_031726_050000.bin,Pellicer Creek,GTMNERR,0,31.446,0,19.53,0,-0.04,0,85.2,0,6.11,0,74.51,25.15,7.58,0,-70.4,6.31,26.77,0,16.62,0,1.193,5.64,0,22.85
4/5/2026,17:00, ,gtmpcwq_24G103007_031726_050000.bin,Pellicer Creek,GTMNERR,0,31.219,0,19.37,0,-0.059,0,83.6,0,6,0,74.67,25.2,7.58,0,-70.4,6.31,26.823,0,16.8,0,1.189,5.66,0,22.93
4/5/2026,17:15, ,gtmpcwq_24G103007_031726_050000.bin,Pellicer Creek,GTMNERR,0,28.332,0,17.4,0,-0.078,0,100,0,7.17,0,78.28,26.4,7.7,0,-77.4,6.3,27.429,0,17.16,0,1.189,5.5,0,22.28
4/5/2026,17:30, ,gtmpcwq_24G103007_031726_050000.bin,Pellicer Creek,GTMNERR,0,29.778,0,18.38,0,-0.094,0,88.8,0,6.38,0,76.31,25.75,7.6,0,-71.6,6.31,27.01,0,17.19,0,1.186,5.87,0,23.79
4/5/2026,17:45, ,gtmpcwq_24G103007_031726_050000.bin,Pellicer Creek,GTMNERR,0,28.985,0,17.84,0,-0.105,0,94.5,0,6.79,0,78.58,26.5,7.66,0,-74.9,6.3,27.216,0,16.06,0,1.189,5.92,0,23.99
4/5/2026,18:00, ,gtmpcwq_24G103007_031726_050000.bin,Pellicer Creek,GTMNERR,0,27.409,0,16.78,0,-0.118,0,98.6,0,7.1,0,80.44,27.12,7.69,0,-77.1,6.3,27.437,0,15.93,0,1.188,5.59,0,22.65
4/5/2026,18:15, ,gtmpcwq_24G103007_031726_050000.bin,Pellicer Creek,GTMNERR,0,26.734,0,16.32,0,-0.134,0,97.8,0,7.07,0,80.94,27.29,7.68,0,-76.1,6.3,27.369,0,15.66,0,1.186,5.71,0,23.15
4/5/2026,18:30, ,gtmpcwq_24G103007_031726_050000.bin,Pellicer Creek,GTMNERR,0,27.104,0,16.57,0,-0.149,0,93.7,0,6.76,0,80.75,27.22,7.64,0,-74.2,6.3,27.388,0,15.12,0,1.181,5.62,0,22.75
4/5/2026,18:45, ,gtmpcwq_24G103007_031726_050000.bin,Pellicer Creek,GTMNERR,0,26.594,0,16.23,0,-0.157,0,95.8,0,6.91,0,80.62,27.18,7.66,0,-75.3,6.3,27.479,0,16.22,0,1.199,5.36,0,21.7
4/5/2026,19:00, ,gtmpcwq_24G103007_031726_050000.bin,Pellicer Creek,GTMNERR,0,25.762,0,15.67,0,-0.168,0,94,0,6.81,0,81.17,27.36,7.65,0,-74.6,6.3,27.446,0,15.51,0,1.188,5.34,0,21.63
4/5/2026,19:15, ,gtmpcwq_24G103007_031726_050000.bin,Pellicer Creek,GTMNERR,0,25.191,0,15.29,0,-0.177,0,92,0,6.67,0,81.91,27.61,7.65,0,-74.8,6.3,27.456,0,14.1,0,1.195,5.05,0,20.48
4/5/2026,19:30, ,gtmpcwq_24G103007_031726_050000.bin,Pellicer Creek,GTMNERR,0,24.932,0,15.12,0,-0.186,0,94.8,0,6.88,0,82.95,27.96,7.64,0,-74.2,6.3,27.471,0,14.01,0,1.186,4.89,0,19.83
4/5/2026,19:45, ,gtmpcwq_24G103007_031726_050000.bin,Pellicer Creek,GTMNERR,0,24.394,0,14.76,0,-0.195,0,96.5,0,7.02,0,83.9,28.27,7.64,0,-74.3,6.3,27.468,0,13.98,0,1.199,4.65,0,18.85
4/5/2026,20:00, ,gtmpcwq_24G103007_031726_050000.bin,Pellicer Creek,GTMNERR,0,23.783,0,14.36,0,-0.204,0,94.3,0,6.89,0,83.44,28.12,7.63,0,-73.5,6.3,27.339,0,13.12,0,1.188,4.47,0,18.1
4/5/2026,20:15, ,gtmpcwq_24G103007_031726_050000.bin,Pellicer Creek,GTMNERR,0,23.988,0,14.5,0,-0.211,0,89.8,0,6.57,0,84.15,28.35,7.59,0,-71.2,6.31,27.259,0,11.78,0,1.19,4.36,0,17.66
4/5/2026,20:30, ,gtmpcwq_24G103007_031726_050000.bin,Pellicer Creek,GTMNERR,0,24.717,0,14.98,0,-0.214,0,87.5,0,6.39,0,84.44,28.45,7.56,0,-69.1,6.3,27.243,0,11.81,0,1.192,4.34,0,17.58
4/5/2026,20:45, ,gtmpcwq_24G103007_031726_050000.bin,Pellicer Creek,GTMNERR,0,25.302,0,15.37,0,-0.217,0,82.6,0,6.02,0,82.65,27.86,7.52,0,-66.6,6.3,27.206,0,11.75,0,1.186,4.16,0,16.88
4/5/2026,21:00, ,gtmpcwq_24G103007_031726_050000.bin,Pellicer Creek,GTMNERR,0,26.167,0,15.95,0,-0.212,0,77.9,0,5.66,0,82.57,27.83,7.49,0,-65,6.3,27.199,0,11.57,0,1.192,4.13,0,16.75
4/5/2026,21:15, ,gtmpcwq_24G103007_031726_050000.bin,Pellicer Creek,GTMNERR,0,25.047,0,15.2,0,-0.198,0,91.2,0,6.64,0,85.65,28.85,7.61,0,-72.3,6.3,27.298,0,12.95,0,1.186,4.86,0,19.69
4/5/2026,21:30, ,gtmpcwq_24G103007_031726_050000.bin,Pellicer Creek,GTMNERR,0,20.647,0,12.31,0,-0.18,0,102.6,0,7.58,0,89.61,30.17,7.72,0,-79.1,6.3,27.35,0,12.25,0,1.189,4.17,0,16.91
4/5/2026,21:45, ,gtmpcwq_24G103007_031726_050000.bin,Pellicer Creek,GTMNERR,0,20.714,0,12.35,0,-0.162,0,100.7,0,7.47,0,88.12,29.67,7.73,0,-79.7,6.3,27.121,0,15.32,0,1.189,4.11,0,16.67
4/5/2026,22:00, ,gtmpcwq_24G103007_031726_050000.bin,Pellicer Creek,GTMNERR,0,22.106,0,13.26,0,-0.145,0,100,0,7.38,0,87.94,29.61,7.75,0,-80.5,6.3,27.171,0,13.5,0,1.188,4.26,0,17.26
4/5/2026,22:15, ,gtmpcwq_24G103007_031726_050000.bin,Pellicer Creek,GTMNERR,0,22.624,0,13.6,0,-0.12,0,100.4,0,7.4,0,86.83,29.24,7.75,0,-80.7,6.31,27.062,0,13.93,0,1.193,4.05,0,16.43
4/5/2026,22:30, ,gtmpcwq_24G103007_031726_050000.bin,Pellicer Creek,GTMNERR,0,23.857,0,14.42,0,-0.092,0,100.7,0,7.41,0,85.6,28.84,7.77,0,-81.5,6.3,26.98,0,13.73,0,1.186,4.16,0,16.85
4/5/2026,22:45, ,gtmpcwq_24G103007_031726_050000.bin,Pellicer Creek,GTMNERR,0,23.778,0,14.37,0,-0.068,0,99.3,0,7.32,0,85.09,28.66,7.76,0,-80.8,6.3,26.837,0,14.42,0,1.187,4.08,0,16.54
4/5/2026,23:00, ,gtmpcwq_24G103007_031726_050000.bin,Pellicer Creek,GTMNERR,0,25.046,0,15.21,0,-0.039,0,98.2,0,7.2,0,83.53,28.15,7.75,0,-80.6,6.3,26.922,0,14.8,0,1.186,4.11,0,16.64
4/5/2026,23:15, ,gtmpcwq_24G103007_031726_050000.bin,Pellicer Creek,GTMNERR,0,26.377,0,16.09,0,-0.008,0,95.4,0,6.95,0,81.39,27.44,7.73,0,-79.5,6.3,26.964,0,16.47,0,1.188,4.37,0,17.73
4/5/2026,23:30, ,gtmpcwq_24G103007_031726_050000.bin,Pellicer Creek,GTMNERR,0,29.184,0,17.98,0,0.027,0,91.2,0,6.55,0,77.77,26.23,7.69,0,-77.2,6.3,27.134,0,17.66,0,1.188,4.16,0,16.87
4/5/2026,23:45, ,gtmpcwq_24G103007_031726_050000.bin,Pellicer Creek,GTMNERR,0,30.445,0,18.84,0,0.062,0,88.9,0,6.36,0,76.02,25.65,7.68,0,-76.3,6.3,27.116,0,18.03,0,1.19,4.02,0,16.28
4/6/2026,00:00, ,gtmpcwq_24G103007_031726_050000.bin,Pellicer Creek,GTMNERR,0,32.293,0,20.1,0,0.098,0,87,0,6.19,0,72.24,24.39,7.67,0,-75.7,6.31,27.069,0,20.55,0,1.187,3.87,0,15.7
4/6/2026,00:15, ,gtmpcwq_24G103007_031726_050000.bin,Pellicer Creek,GTMNERR,0,33.92,0,21.23,0,0.134,0,85.6,0,6.08,0,71.09,24.01,7.66,0,-74.9,6.3,26.734,0,22.11,0,1.194,3.52,0,14.27
4/6/2026,00:30, ,gtmpcwq_24G103007_031726_050000.bin,Pellicer Creek,GTMNERR,0,35.628,0,22.42,0,0.168,0,82.7,0,5.85,0,66.77,22.58,7.64,0,-73.6,6.3,26.637,0,28.64,0,1.197,3.53,0,14.32
4/6/2026,00:45, ,gtmpcwq_24G103007_031726_050000.bin,Pellicer Creek,GTMNERR,0,36.365,0,22.93,0,0.198,0,80.1,0,5.66,0,64.8,21.92,7.62,0,-72.7,6.3,26.539,0,27.56,0,1.201,3.53,0,14.33
4/6/2026,01:00, ,gtmpcwq_24G103007_031726_050000.bin,Pellicer Creek,GTMNERR,0,36.668,0,23.15,0,0.22,0,80,0,5.65,0,65.9,22.29,7.63,0,-73.2,6.3,26.439,0,22.09,0,1.188,3.43,0,13.91
4/6/2026,01:15, ,gtmpcwq_24G103007_031726_050000.bin,Pellicer Creek,GTMNERR,0,38.116,0,24.16,0,0.234,0,79.1,0,5.56,0,62.86,21.28,7.63,0,-73.2,6.31,26.352,0,25.74,0,1.186,3.4,0,13.79
4/6/2026,01:30, ,gtmpcwq_24G103007_031726_050000.bin,Pellicer Creek,GTMNERR,0,38.648,0,24.54,0,0.243,0,78,0,5.48,0,60.06,20.35,7.63,0,-73.4,6.3,26.326,0,22.75,0,1.199,3.38,0,13.72
4/6/2026,01:45, ,gtmpcwq_24G103007_031726_050000.bin,Pellicer Creek,GTMNERR,0,39.167,0,24.91,0,0.243,0,76,0,5.33,0,60.97,20.65,7.62,0,-72.8,6.31,26.279,0,16.65,0,1.189,2.97,0,12.03
4/6/2026,02:00, ,gtmpcwq_24G103007_031726_050000.bin,Pellicer Creek,GTMNERR,0,39.133,0,24.88,0,0.234,0,74.9,0,5.25,0,62.44,21.14,7.62,0,-72.7,6.3,26.274,0,16.73,0,1.189,2.7,0,10.97
4/6/2026,02:15, ,gtmpcwq_24G103007_031726_050000.bin,Pellicer Creek,GTMNERR,0,39.756,0,25.32,0,0.218,0,68.8,0,4.82,0,60.87,20.62,7.57,0,-69.8,6.3,26.262,0,17.77,0,1.184,2.38,0,9.66
4/6/2026,02:30, ,gtmpcwq_24G103007_031726_050000.bin,Pellicer Creek,GTMNERR,0,39.311,0,25.01,0,0.198,0,67.8,0,4.75,0,62.05,21.01,7.58,0,-70.2,6.3,26.269,0,16.25,0,1.191,2.77,0,11.24
4/6/2026,02:45, ,gtmpcwq_24G103007_031726_050000.bin,Pellicer Creek,GTMNERR,0,37.907,0,24.02,0,0.179,0,75.5,0,5.33,0,64.66,21.88,7.62,0,-72.7,6.31,26.297,0,16.48,0,1.195,3.07,0,12.47
4/6/2026,03:00, ,gtmpcwq_24G103007_031726_050000.bin,Pellicer Creek,GTMNERR,0,37.703,0,23.87,0,0.158,0,75.9,0,5.35,0,66.31,22.42,7.62,0,-72.5,6.31,26.331,0,16.53,0,1.189,3.08,0,12.48
4/6/2026,03:15, ,gtmpcwq_24G103007_031726_050000.bin,Pellicer Creek,GTMNERR,0,36.05,0,22.72,0,0.137,0,76.2,0,5.4,0,69.46,23.47,7.62,0,-72.9,6.31,26.376,0,15.82,0,1.189,3.28,0,13.29
4/6/2026,03:30, ,gtmpcwq_24G103007_031726_050000.bin,Pellicer Creek,GTMNERR,0,34.894,0,21.91,0,0.112,0,75.8,0,5.4,0,70.81,23.92,7.62,0,-72.3,6.31,26.362,0,15.81,0,1.185,3.31,0,13.42
4/6/2026,03:45, ,gtmpcwq_24G103007_031726_050000.bin,Pellicer Creek,GTMNERR,0,36.21,0,22.83,0,0.087,0,73.5,0,5.2,0,69,23.32,7.59,0,-70.8,6.3,26.404,0,16.49,0,1.189,3.23,0,13.12
4/6/2026,04:00, ,gtmpcwq_24G103007_031726_050000.bin,Pellicer Creek,GTMNERR,0,36.208,0,22.83,0,0.065,0,69.8,0,4.95,0,67.65,22.87,7.57,0,-69.7,6.3,26.42,0,17.52,0,1.186,3.01,0,12.2
4/6/2026,04:15, ,gtmpcwq_24G103007_031726_050000.bin,Pellicer Creek,GTMNERR,0,37.029,0,23.4,0,0.043,0,73.6,0,5.19,0,67.15,22.7,7.59,0,-70.8,6.3,26.436,0,16.54,0,1.201,3.2,0,12.96
4/6/2026,04:30, ,gtmpcwq_24G103007_031726_050000.bin,Pellicer Creek,GTMNERR,0,32.792,0,20.45,0,0.026,0,77.3,0,5.52,0,75.23,25.39,7.61,0,-71.9,6.3,26.673,0,15.1,0,1.182,3.52,0,14.28
4/6/2026,04:45, ,gtmpcwq_24G103007_031726_050000.bin,Pellicer Creek,GTMNERR,0,33.403,0,20.88,0,0.006,0,76.1,0,5.43,0,73.42,24.79,7.6,0,-71.2,6.3,26.612,0,14.89,0,1.193,3.52,0,14.29
4/6/2026,05:00, ,gtmpcwq_24G103007_031726_050000.bin,Pellicer Creek,GTMNERR,0,33.171,0,20.72,0,-0.012,0,75.4,0,5.39,0,73.57,24.84,7.58,0,-70.3,6.3,26.596,0,14.94,0,1.196,3.55,0,14.4
4/6/2026,05:15, ,gtmpcwq_24G103007_031726_050000.bin,Pellicer Creek,GTMNERR,0,32.879,0,20.51,0,-0.03,0,73.8,0,5.28,0,74.4,25.11,7.57,0,-69.9,6.3,26.57,0,15.22,0,1.188,3.57,0,14.5
4/6/2026,05:30, ,gtmpcwq_24G103007_031726_050000.bin,Pellicer Creek,GTMNERR,0,32.827,0,20.48,0,-0.05,0,74.2,0,5.32,0,74.89,25.27,7.57,0,-69.6,6.3,26.528,0,14.57,0,1.191,3.52,0,14.29
4/6/2026,05:45, ,gtmpcwq_24G103007_031726_050000.bin,Pellicer Creek,GTMNERR,0,33.308,0,20.81,0,-0.066,0,72.1,0,5.16,0,74.3,25.08,7.55,0,-68.4,6.3,26.523,0,14.82,0,1.185,3.47,0,14.08
4/6/2026,06:00, ,gtmpcwq_24G103007_031726_050000.bin,Pellicer Creek,GTMNERR,0,33.8,0,21.15,0,-0.081,0,70.1,0,5,0,73.01,24.65,7.54,0,-68.1,6.3,26.478,0,14.54,0,1.181,3.44,0,13.94
4/6/2026,06:15, ,gtmpcwq_24G103007_031726_050000.bin,Pellicer Creek,GTMNERR,0,33.813,0,21.16,0,-0.096,0,69.3,0,4.95,0,72.61,24.52,7.53,0,-67.1,6.31,26.482,0,14.38,0,1.189,3.59,0,14.54
4/6/2026,06:30, ,gtmpcwq_24G103007_031726_050000.bin,Pellicer Creek,GTMNERR,0,33.997,0,21.29,0,-0.11,0,68,0,4.85,0,73.06,24.67,7.53,0,-67.1,6.31,26.512,0,15.14,0,1.186,3.65,0,14.8
4/6/2026,06:45, ,gtmpcwq_24G103007_031726_050000.bin,Pellicer Creek,GTMNERR,0,32.914,0,20.54,0,-0.123,0,64.7,0,4.63,0,73.64,24.86,7.5,0,-65.3,6.31,26.516,0,15.1,0,1.183,3.7,0,14.99
4/6/2026,07:00, ,gtmpcwq_24G103007_031726_050000.bin,Pellicer Creek,GTMNERR,0,33.315,0,20.82,0,-0.135,0,65,0,4.65,0,74.24,25.06,7.49,0,-64.8,6.3,26.527,0,15.24,0,1.189,3.82,0,15.49
4/6/2026,07:15, ,gtmpcwq_24G103007_031726_050000.bin,Pellicer Creek,GTMNERR,0,32.542,0,20.28,0,-0.146,0,66.1,0,4.74,0,73.71,24.88,7.52,0,-66.5,6.3,26.539,0,13.58,0,1.189,4.01,0,16.25
4/6/2026,07:30, ,gtmpcwq_24G103007_031726_050000.bin,Pellicer Creek,GTMNERR,0,31.854,0,19.81,0,-0.158,0,64.9,0,4.67,0,75.94,25.62,7.49,0,-64.9,6.3,26.494,0,14.63,0,1.187,4.12,0,16.71
4/6/2026,07:45, ,gtmpcwq_24G103007_031726_050000.bin,Pellicer Creek,GTMNERR,0,31.26,0,19.41,0,-0.166,0,63.4,0,4.57,0,75.75,25.56,7.5,0,-65.2,6.31,26.474,0,14.35,0,1.189,4.11,0,16.65
4/6/2026,08:00, ,gtmpcwq_24G103007_031726_050000.bin,Pellicer Creek,GTMNERR,0,30.902,0,19.16,0,-0.175,0,63.1,0,4.56,0,78.22,26.38,7.49,0,-65,6.3,26.484,0,12.51,0,1.188,3.88,0,15.74
4/6/2026,08:15, ,gtmpcwq_24G103007_031726_050000.bin,Pellicer Creek,GTMNERR,0,29.819,0,18.42,0,-0.184,0,63.7,0,4.62,0,80.2,27.04,7.5,0,-65.1,6.3,26.442,0,11.97,0,1.186,4.12,0,16.69
4/6/2026,08:30, ,gtmpcwq_24G103007_031726_050000.bin,Pellicer Creek,GTMNERR,0,30.306,0,18.75,0,-0.197,0,65.9,0,4.77,0,78.21,26.38,7.48,0,-64.4,6.3,26.535,0,12.42,0,1.182,4.55,0,18.43
4/6/2026,08:45, ,gtmpcwq_24G103007_031726_050000.bin,Pellicer Creek,GTMNERR,0,29.842,0,18.44,0,-0.199,0,66.5,0,4.82,0,79.78,26.9,7.49,0,-64.8,6.31,26.544,0,12.19,0,1.186,4.66,0,18.9
4/6/2026,09:00, ,gtmpcwq_24G103007_031726_050000.bin,Pellicer Creek,GTMNERR,0,28.87,0,17.78,0,-0.205,0,66.9,0,4.87,0,80.69,27.2,7.46,0,-62.8,6.3,26.475,0,12.01,0,1.193,4.58,0,18.57
4/6/2026,09:15, ,gtmpcwq_24G103007_031726_050000.bin,Pellicer Creek,GTMNERR,0,28.642,0,17.63,0,-0.208,0,64.1,0,4.68,0,80.18,27.03,7.44,0,-61.7,6.3,26.367,0,13.19,0,1.189,4.61,0,18.67
4/6/2026,09:30, ,gtmpcwq_24G103007_031726_050000.bin,Pellicer Creek,GTMNERR,0,27.422,0,16.81,0,-0.209,0,65,0,4.78,0,82.22,27.71,7.44,0,-61.6,6.31,26.16,0,12.66,0,1.188,4.52,0,18.32
4/6/2026,09:45, ,gtmpcwq_24G103007_031726_050000.bin,Pellicer Creek,GTMNERR,0,27.506,0,16.87,0,-0.201,0,67.1,0,4.95,0,81.99,27.64,7.45,0,-62.6,6.3,26.033,0,14.64,0,1.185,4.58,0,18.54
4/6/2026,10:00, ,gtmpcwq_24G103007_031726_050000.bin,Pellicer Creek,GTMNERR,0,25.282,0,15.38,0,-0.187,0,73.4,0,5.47,0,86.56,29.15,7.51,0,-66.1,6.31,25.944,0,11.61,0,1.188,4.75,0,19.23
4/6/2026,10:15, ,gtmpcwq_24G103007_031726_050000.bin,Pellicer Creek,GTMNERR,0,23.956,0,14.5,0,-0.17,0,80.6,0,6.06,0,84.9,28.6,7.56,0,-68.8,6.31,25.682,0,15.14,0,1.192,4.72,0,19.11
4/6/2026,10:30, ,gtmpcwq_24G103007_031726_050000.bin,Pellicer Creek,GTMNERR,0,22.599,0,13.61,0,-0.155,0,87.5,0,6.61,0,88.56,29.82,7.6,0,-71.3,6.3,25.684,0,11.53,0,1.192,4.24,0,17.19
4/6/2026,10:45, ,gtmpcwq_24G103007_031726_050000.bin,Pellicer Creek,GTMNERR,0,23.26,0,14.04,0,-0.137,0,89.7,0,6.75,0,86.62,29.18,7.62,0,-72.4,6.31,25.719,0,13.91,0,1.192,4.41,0,17.89
4/6/2026,11:00, ,gtmpcwq_24G103007_031726_050000.bin,Pellicer Creek,GTMNERR,0,23.46,0,14.17,0,-0.115,0,88.5,0,6.66,0,86,28.97,7.61,0,-72.2,6.3,25.737,0,13.98,0,1.192,4.35,0,17.64
4/6/2026,11:15, ,gtmpcwq_24G103007_031726_050000.bin,Pellicer Creek,GTMNERR,0,25.038,0,15.22,0,-0.093,0,93.5,0,6.99,0,83.55,28.16,7.67,0,-75.9,6.3,25.787,0,14.74,0,1.192,4.47,0,18.13
4/6/2026,11:30, ,gtmpcwq_24G103007_031726_050000.bin,Pellicer Creek,GTMNERR,0,25.861,0,15.77,0,-0.074,0,93.9,0,6.99,0,81.91,27.61,7.68,0,-76.3,6.3,25.87,0,15.91,0,1.188,4.67,0,18.93
4/6/2026,11:45, ,gtmpcwq_24G103007_031726_050000.bin,Pellicer Creek,GTMNERR,0,25.94,0,15.82,0,-0.042,0,99,0,7.35,0,81.39,27.44,7.74,0,-79.6,6.31,25.982,0,15.9,0,1.182,4.4,0,17.83
4/6/2026,12:00, ,gtmpcwq_24G103007_031726_050000.bin,Pellicer Creek,GTMNERR,0,26.925,0,16.47,0,-0.019,0,97.5,0,7.2,0,79.18,26.7,7.72,0,-78.8,6.31,26.081,0,18.32,0,1.182,4.53,0,18.35
4/6/2026,12:15, ,gtmpcwq_24G103007_031726_050000.bin,Pellicer Creek,GTMNERR,0,28.073,0,17.25,0,0.007,0,99.3,0,7.3,0,78.84,26.59,7.74,0,-79.7,6.3,26.119,0,15.53,0,1.184,4.51,0,18.29
4/6/2026,12:30, ,gtmpcwq_24G103007_031726_050000.bin,Pellicer Creek,GTMNERR,0,29.242,0,18.04,0,0.038,0,97.7,0,7.13,0,76.43,25.79,7.73,0,-79.3,6.3,26.239,0,17.57,0,1.186,4.72,0,19.14
4/6/2026,12:45, ,gtmpcwq_24G103007_031726_050000.bin,Pellicer Creek,GTMNERR,0,30.027,0,18.57,0,0.069,0,97.5,0,7.08,0,75.07,25.34,7.74,0,-79.6,6.3,26.307,0,18.2,0,1.195,4.49,0,18.21
4/6/2026,13:00, ,gtmpcwq_24G103007_031726_050000.bin,Pellicer Creek,GTMNERR,0,32.124,0,20,0,0.096,0,96.4,0,6.96,0,72.28,24.41,7.71,0,-78.1,6.3,26.225,0,19.6,0,1.192,4.44,0,18
4/6/2026,13:15, ,gtmpcwq_24G103007_031726_050000.bin,Pellicer Creek,GTMNERR,0,33.036,0,20.63,0,0.123,0,96.1,0,6.92,0,70.83,23.93,7.71,0,-78,6.31,26.212,0,19.92,0,1.184,4.32,0,17.52
4/6/2026,13:30, ,gtmpcwq_24G103007_031726_050000.bin,Pellicer Creek,GTMNERR,0,33.487,0,20.94,0,0.146,0,98.2,0,7.05,0,70.21,23.72,7.72,0,-78.8,6.3,26.283,0,19.79,0,1.19,4.59,0,18.6
4/6/2026,13:45, ,gtmpcwq_24G103007_031726_050000.bin,Pellicer Creek,GTMNERR,0,34.392,0,21.57,0,0.162,0,98,0,7.01,0,69.31,23.42,7.73,0,-79,6.3,26.25,0,18.87,0,1.184,4.63,0,18.77
4/6/2026,14:00, ,gtmpcwq_24G103007_031726_050000.bin,Pellicer Creek,GTMNERR,0,34.74,0,21.81,0,0.173,0,98.1,0,7.01,0,68.69,23.22,7.73,0,-79.1,6.3,26.206,0,17.61,0,1.186,4.61,0,18.7
4/6/2026,14:15, ,gtmpcwq_24G103007_031726_050000.bin,Pellicer Creek,GTMNERR,0,35.146,0,22.09,0,0.177,0,98.3,0,7.02,0,68.25,23.07,7.74,0,-79.8,6.31,26.204,0,17.22,0,1.183,4.89,0,19.81
4/6/2026,14:30, ,gtmpcwq_24G103007_031726_050000.bin,Pellicer Creek,GTMNERR,0,35.755,0,22.51,0,0.18,0,93.8,0,6.68,0,65.96,22.31,7.68,0,-76.1,6.3,26.259,0,20.01,0,1.185,4.81,0,19.48
4/6/2026,14:45, ,gtmpcwq_24G103007_031726_050000.bin,Pellicer Creek,GTMNERR,0,36.634,0,23.13,0,0.173,0,87.8,0,6.23,0,64.94,21.97,7.64,0,-73.9,6.3,26.242,0,17.28,0,1.189,4.68,0,18.99
4/6/2026,15:00, ,gtmpcwq_24G103007_031726_050000.bin,Pellicer Creek,GTMNERR,0,38.121,0,24.17,0,0.167,0,83.9,0,5.92,0,61.12,20.7,7.59,0,-71,6.3,26.184,0,21.26,0,1.186,4.32,0,17.5
4/6/2026,15:15, ,gtmpcwq_24G103007_031726_050000.bin,Pellicer Creek,GTMNERR,0,38.569,0,24.49,0,0.16,0,81.5,0,5.74,0,59.9,20.29,7.58,0,-70.4,6.31,26.226,0,20.49,0,1.184,4.21,0,17.06
4/6/2026,15:30, ,gtmpcwq_24G103007_031726_050000.bin,Pellicer Creek,GTMNERR,0,38.867,0,24.7,0,0.143,0,79.9,0,5.62,0,58.84,19.94,7.59,0,-71,6.3,26.217,0,20.71,0,1.182,4.04,0,16.39
4/6/2026,15:45, ,gtmpcwq_24G103007_031726_050000.bin,Pellicer Creek,GTMNERR,0,38.261,0,24.27,0,0.13,0,80.6,0,5.69,0,61.56,20.85,7.61,0,-71.9,6.3,26.16,0,17.81,0,1.196,4.22,0,17.11
4/6/2026,16:00, ,gtmpcwq_24G103007_031726_050000.bin,Pellicer Creek,GTMNERR,0,37.148,0,23.49,0,0.113,0,83.7,0,5.93,0,65.23,22.07,7.65,0,-74.1,6.3,26.122,0,18.47,0,1.19,4.75,0,19.24
4/6/2026,16:15, ,gtmpcwq_24G103007_031726_050000.bin,Pellicer Creek,GTMNERR,0,37.131,0,23.48,0,0.096,0,81.9,0,5.81,0,65.92,22.29,7.64,0,-73.6,6.31,26.13,0,18.08,0,1.194,4.52,0,18.31
4/6/2026,16:30, ,gtmpcwq_24G103007_031726_050000.bin,Pellicer Creek,GTMNERR,0,36.198,0,22.83,0,0.076,0,79.7,0,5.68,0,67.74,22.9,7.62,0,-72.7,6.3,26.118,0,17.26,0,1.193,4.53,0,18.35
4/6/2026,16:45, ,gtmpcwq_24G103007_031726_050000.bin,Pellicer Creek,GTMNERR,0,34.884,0,21.91,0,0.061,0,87.5,0,6.26,0,70.77,23.91,7.67,0,-75.6,6.31,26.155,0,16,0,1.183,5.49,0,22.22
4/6/2026,17:00, ,gtmpcwq_24G103007_031726_050000.bin,Pellicer Creek,GTMNERR,0,34.69,0,21.77,0,0.045,0,88.5,0,6.33,0,70.31,23.75,7.67,0,-75.7,6.3,26.167,0,15.79,0,1.199,5.42,0,21.98
4/6/2026,17:15, ,gtmpcwq_24G103007_031726_050000.bin,Pellicer Creek,GTMNERR,0,34.348,0,21.54,0,0.026,0,84.8,0,6.07,0,70.86,23.93,7.64,0,-73.9,6.3,26.158,0,15.22,0,1.187,5.2,0,21.07
4/6/2026,17:30, ,gtmpcwq_24G103007_031726_050000.bin,Pellicer Creek,GTMNERR,0,34.157,0,21.41,0,0.01,0,78.2,0,5.61,0,71.95,24.3,7.61,0,-71.7,6.31,26.154,0,14.79,0,1.189,4.92,0,19.94
4/6/2026,17:45, ,gtmpcwq_24G103007_031726_050000.bin,Pellicer Creek,GTMNERR,0,34.627,0,21.73,0,-0.007,0,74.5,0,5.33,0,71.54,24.16,7.58,0,-69.9,6.3,26.138,0,15.14,0,1.186,4.88,0,19.77
4/6/2026,18:00, ,gtmpcwq_24G103007_031726_050000.bin,Pellicer Creek,GTMNERR,0,34.504,0,21.65,0,-0.021,0,71.5,0,5.12,0,71.64,24.2,7.55,0,-68.3,6.31,26.142,0,15.17,0,1.185,4.74,0,19.2
4/6/2026,18:15, ,gtmpcwq_24G103007_031726_050000.bin,Pellicer Creek,GTMNERR,0,34.552,0,21.68,0,-0.037,0,72.4,0,5.19,0,71.5,24.15,7.55,0,-68.4,6.31,26.144,0,14.62,0,1.181,4.76,0,19.28
4/6/2026,18:30, ,gtmpcwq_24G103007_031726_050000.bin,Pellicer Creek,GTMNERR,0,33.968,0,21.27,0,-0.054,0,72.3,0,5.19,0,72.48,24.48,7.55,0,-68.5,6.3,26.137,0,14.55,0,1.199,4.81,0,19.49
4/6/2026,18:45, ,gtmpcwq_24G103007_031726_050000.bin,Pellicer Creek,GTMNERR,0,35.196,0,22.13,0,-0.071,0,68.5,0,4.9,0,67.91,22.96,7.51,0,-65.7,6.3,26.132,0,17.69,0,1.186,4.59,0,18.59
4/6/2026,19:00, ,gtmpcwq_24G103007_031726_050000.bin,Pellicer Creek,GTMNERR,0,35.028,0,22.01,0,-0.084,0,68.7,0,4.92,0,68.33,23.1,7.51,0,-66.1,6.3,26.121,0,15.67,0,1.192,4.17,0,16.9
4/6/2026,19:15, ,gtmpcwq_24G103007_031726_050000.bin,Pellicer Creek,GTMNERR,0,35.201,0,22.13,0,-0.099,0,67.5,0,4.82,0,70.13,23.69,7.52,0,-66.6,6.31,26.117,0,14.35,0,1.184,4.32,0,17.51
4/6/2026,19:30, ,gtmpcwq_24G103007_031726_050000.bin,Pellicer Creek,GTMNERR,0,34.685,0,21.77,0,-0.105,0,66.9,0,4.79,0,71.29,24.08,7.54,0,-67.5,6.3,26.105,0,13.36,0,1.189,4.42,0,17.91
4/6/2026,19:45, ,gtmpcwq_24G103007_031726_050000.bin,Pellicer Creek,GTMNERR,0,34.329,0,21.53,0,-0.107,0,67.9,0,4.87,0,72.96,24.63,7.54,0,-67.5,6.31,26.121,0,13.14,0,1.196,4.71,0,19.08
4/6/2026,20:00, ,gtmpcwq_24G103007_031726_050000.bin,Pellicer Creek,GTMNERR,0,32.988,0,20.6,0,-0.108,0,65.3,0,4.71,0,75.41,25.45,7.51,0,-66.2,6.31,26.109,0,12.95,0,1.186,4.68,0,18.96
4/6/2026,20:15, ,gtmpcwq_24G103007_031726_050000.bin,Pellicer Creek,GTMNERR,0,31.197,0,19.37,0,-0.1,0,75.6,0,5.5,0,76.97,25.97,7.6,0,-71.3,6.3,25.962,0,14.19,0,1.191,4.85,0,19.64
4/6/2026,20:30, ,gtmpcwq_24G103007_031726_050000.bin,Pellicer Creek,GTMNERR,0,28.892,0,17.81,0,-0.087,0,84.8,0,6.27,0,79.47,26.8,7.68,0,-76.1,6.3,25.554,0,14.72,0,1.196,5.22,0,21.15
4/6/2026,20:45, ,gtmpcwq_24G103007_031726_050000.bin,Pellicer Creek,GTMNERR,0,27.846,0,17.11,0,-0.072,0,90.3,0,6.74,0,82.01,27.64,7.73,0,-79,6.3,25.253,0,12.88,0,1.19,5.53,0,22.42
4/6/2026,21:00, ,gtmpcwq_24G103007_031726_050000.bin,Pellicer Creek,GTMNERR,0,27.212,0,16.68,0,-0.052,0,93.4,0,7.01,0,82.99,27.97,7.74,0,-79.8,6.3,25.091,0,12.64,0,1.19,5.22,0,21.15
4/6/2026,21:15, ,gtmpcwq_24G103007_031726_050000.bin,Pellicer Creek,GTMNERR,0,27.827,0,17.1,0,-0.034,0,93.1,0,6.99,0,83.01,27.97,7.75,0,-80.3,6.3,24.919,0,12.22,0,1.192,5.18,0,20.98
4/6/2026,21:30, ,gtmpcwq_24G103007_031726_050000.bin,Pellicer Creek,GTMNERR,0,28.753,0,17.73,0,-0.009,0,92.3,0,6.92,0,81.39,27.44,7.74,0,-79.5,6.3,24.823,0,12.91,0,1.192,5.16,0,20.91
4/6/2026,21:45, ,gtmpcwq_24G103007_031726_050000.bin,Pellicer Creek,GTMNERR,0,29.881,0,18.5,0,0.015,0,92.9,0,6.98,0,79.94,26.96,7.75,0,-80.3,6.31,24.456,0,13.14,0,1.192,5.04,0,20.44
4/6/2026,22:00, ,gtmpcwq_24G103007_031726_050000.bin,Pellicer Creek,GTMNERR,0,30.424,0,18.87,0,0.042,0,91.7,0,6.87,0,79.67,26.87,7.73,0,-79.2,6.31,24.441,0,12.24,0,1.192,4.78,0,19.38
4/6/2026,22:15, ,gtmpcwq_24G103007_031726_050000.bin,Pellicer Creek,GTMNERR,0,30.795,0,19.13,0,0.069,0,91.9,0,6.89,0,78.87,26.6,7.75,0,-79.9,6.31,24.343,0,12.61,0,1.193,4.92,0,19.95
4/6/2026,22:30, ,gtmpcwq_24G103007_031726_050000.bin,Pellicer Creek,GTMNERR,0,33,0,20.63,0,0.1,0,89.8,0,6.63,0,74.43,25.12,7.72,0,-78.2,6.31,24.756,0,14.37,0,1.181,4.71,0,19.08
4/6/2026,22:45, ,gtmpcwq_24G103007_031726_050000.bin,Pellicer Creek,GTMNERR,0,34.454,0,21.64,0,0.135,0,87.8,0,6.44,0,71.18,24.04,7.71,0,-77.6,6.31,24.819,0,15.08,0,1.193,4.4,0,17.85
4/6/2026,23:00, ,gtmpcwq_24G103007_031726_050000.bin,Pellicer Creek,GTMNERR,0,33.538,0,21.01,0,0.171,0,88.9,0,6.58,0,74.07,25,7.71,0,-77.9,6.3,24.436,0,13.89,0,1.189,4.41,0,17.86
4/6/2026,23:15, ,gtmpcwq_24G103007_031726_050000.bin,Pellicer Creek,GTMNERR,0,36.016,0,22.72,0,0.208,0,86.1,0,6.28,0,67.6,22.85,7.68,0,-76.1,6.31,24.741,0,17.63,0,1.192,4.14,0,16.79
4/6/2026,23:30, ,gtmpcwq_24G103007_031726_050000.bin,Pellicer Creek,GTMNERR,0,36.8,0,23.28,0,0.244,0,85.9,0,6.3,0,62.44,21.14,7.69,0,-76.8,6.31,24.319,0,28.02,0,1.192,4.03,0,16.32
4/6/2026,23:45, ,gtmpcwq_24G103007_031726_050000.bin,Pellicer Creek,GTMNERR,0,37.328,0,23.66,0,0.278,0,86.4,0,6.35,0,65.92,22.29,7.7,0,-76.9,6.3,24.009,0,18.94,0,1.193,3.84,0,15.57
4/7/2026,00:00, ,gtmpcwq_24G103007_031726_050000.bin,Pellicer Creek,GTMNERR,0,38.256,0,24.31,0,0.308,0,86.9,0,6.4,0,64.42,21.8,7.71,0,-77.7,6.3,23.762,0,19.65,0,1.192,3.61,0,14.64
4/7/2026,00:15, ,gtmpcwq_24G103007_031726_050000.bin,Pellicer Creek,GTMNERR,0,39.112,0,24.92,0,0.331,0,87,0,6.39,0,61.53,20.84,7.72,0,-78.2,6.31,23.645,0,21.29,0,1.192,3.4,0,13.77
4/7/2026,00:30, ,gtmpcwq_24G103007_031726_050000.bin,Pellicer Creek,GTMNERR,0,40.342,0,25.79,0,0.354,0,86,0,6.31,0,58.92,19.97,7.73,0,-78.6,6.3,23.454,0,22.03,0,1.192,3.33,0,13.49
4/7/2026,00:45, ,gtmpcwq_24G103007_031726_050000.bin,Pellicer Creek,GTMNERR,0,41.954,0,26.94,0,0.376,0,86.2,0,6.29,0,53.61,18.2,7.73,0,-79.1,6.31,23.359,0,27.7,0,1.192,3.11,0,12.6
4/7/2026,01:00, ,gtmpcwq_24G103007_031726_050000.bin,Pellicer Creek,GTMNERR,0,42.679,0,27.46,0,0.397,0,86.2,0,6.29,0,53.54,18.18,7.74,0,-79.6,6.31,23.183,0,23.93,0,1.192,2.85,0,11.58
4/7/2026,01:15, ,gtmpcwq_24G103007_031726_050000.bin,Pellicer Creek,GTMNERR,0,43.812,0,28.28,0,0.417,0,87.1,0,6.34,0,46.14,15.72,7.75,0,-80.2,6.31,23.09,0,40.75,0,1.192,2.81,0,11.39
4/7/2026,01:30, ,gtmpcwq_24G103007_031726_050000.bin,Pellicer Creek,GTMNERR,0,44.44,0,28.73,0,0.432,0,87.4,0,6.36,0,44.98,15.33,7.76,0,-80.7,6.31,22.971,0,38.27,0,1.192,2.71,0,11
4/7/2026,01:45, ,gtmpcwq_24G103007_031726_050000.bin,Pellicer Creek,GTMNERR,0,44.904,0,29.07,0,0.451,0,87.3,0,6.35,0,47.41,16.14,7.77,0,-81.3,6.31,22.847,0,28.51,0,1.192,2.58,0,10.48
4/7/2026,02:00, ,gtmpcwq_24G103007_031726_050000.bin,Pellicer Creek,GTMNERR,0,45.721,0,29.66,0,0.467,0,87.5,0,6.36,0,44.26,15.1,7.78,0,-81.5,6.31,22.72,0,32.33,0,1.192,2.59,0,10.52
4/7/2026,02:15, ,gtmpcwq_24G103007_031726_050000.bin,Pellicer Creek,GTMNERR,0,46.337,0,30.11,0,0.483,0,88.6,0,6.43,0,42.18,14.4,7.78,0,-81.7,6.31,22.588,0,27.67,0,1.192,2.67,0,10.85
4/7/2026,02:30, ,gtmpcwq_24G103007_031726_050000.bin,Pellicer Creek,GTMNERR,0,47.003,0,30.59,0,0.495,0,89.3,0,6.48,0,41.03,14.02,7.79,0,-82.1,6.3,22.462,0,27.79,0,1.192,2.68,0,10.87
4/7/2026,02:45, ,gtmpcwq_24G103007_031726_050000.bin,Pellicer Creek,GTMNERR,0,47.638,0,31.06,0,0.502,0,88.8,0,6.44,0,39.92,13.65,7.79,0,-82.3,6.31,22.34,0,24.69,0,1.192,2.34,0,9.52
4/7/2026,03:00, ,gtmpcwq_24G103007_031726_050000.bin,Pellicer Creek,GTMNERR,0,48.253,0,31.51,0,0.508,0,88.5,0,6.42,0,37.69,12.91,7.79,0,-82.3,6.31,22.264,0,24.16,0,1.192,2.16,0,8.75
4/7/2026,03:15, ,gtmpcwq_24G103007_031726_050000.bin,Pellicer Creek,GTMNERR,0,48.724,0,31.85,0,0.509,0,88.5,0,6.4,0,36.24,12.43,7.8,0,-82.6,6.31,22.227,0,24.1,0,1.193,2.03,0,8.26
4/7/2026,03:30, ,gtmpcwq_24G103007_031726_050000.bin,Pellicer Creek,GTMNERR,0,48.957,0,32.02,0,0.511,0,88.1,0,6.38,0,35.8,12.28,7.8,0,-82.8,6.31,22.175,0,20.35,0,1.192,2.01,0,8.18
4/7/2026,03:45, ,gtmpcwq_24G103007_031726_050000.bin,Pellicer Creek,GTMNERR,0,49.045,0,32.09,0,0.509,0,86.7,0,6.27,0,36.13,12.39,7.8,0,-82.6,6.31,22.146,0,16.66,0,1.192,1.92,0,7.8
4/7/2026,04:00, ,gtmpcwq_24G103007_031726_050000.bin,Pellicer Creek,GTMNERR,0,49.08,0,32.11,0,0.5,0,87.9,0,6.36,0,36.1,12.38,7.8,0,-83,6.31,22.102,0,13.77,0,1.193,1.98,0,8.03
4/7/2026,04:15, ,gtmpcwq_24G103007_031726_050000.bin,Pellicer Creek,GTMNERR,0,49.108,0,32.13,0,0.49,0,81.8,0,5.92,0,35.86,12.3,7.75,0,-80,6.31,22.138,0,15.07,0,1.192,1.73,0,7.04
4/7/2026,04:30, ,gtmpcwq_24G103007_031726_050000.bin,Pellicer Creek,GTMNERR,0,49.082,0,32.11,0,0.475,0,84.5,0,6.11,0,35.54,12.2,7.77,0,-81.2,6.31,22.159,0,14.3,0,1.192,1.78,0,7.22
4/7/2026,04:45, ,gtmpcwq_24G103007_031726_050000.bin,Pellicer Creek,GTMNERR,0,48.738,0,31.86,0,0.462,0,87.1,0,6.31,0,37.32,12.79,7.79,0,-82.3,6.31,22.186,0,16.06,0,1.192,1.95,0,7.91
4/7/2026,05:00, ,gtmpcwq_24G103007_031726_050000.bin,Pellicer Creek,GTMNERR,0,48.169,0,31.45,0,0.449,0,87.2,0,6.33,0,39.7,13.58,7.79,0,-82.3,6.31,22.252,0,15.97,0,1.192,2.11,0,8.58
4/7/2026,05:15, ,gtmpcwq_24G103007_031726_050000.bin,Pellicer Creek,GTMNERR,0,47.543,0,30.99,0,0.437,0,86.6,0,6.29,0,42.9,14.64,7.78,0,-81.7,6.31,22.26,0,16.56,0,1.192,2.17,0,8.82
4/7/2026,05:30, ,gtmpcwq_24G103007_031726_050000.bin,Pellicer Creek,GTMNERR,0,46.106,0,29.95,0,0.424,0,86.9,0,6.37,0,48.54,16.52,7.77,0,-80.8,6.31,22.154,0,17.2,0,1.192,2.5,0,10.16
4/7/2026,05:45, ,gtmpcwq_24G103007_031726_050000.bin,Pellicer Creek,GTMNERR,0,45.197,0,29.29,0,0.407,0,87.5,0,6.43,0,51.06,17.35,7.76,0,-80.7,6.31,22.198,0,15.93,0,1.192,2.5,0,10.13
4/7/2026,06:00, ,gtmpcwq_24G103007_031726_050000.bin,Pellicer Creek,GTMNERR,0,44.864,0,29.05,0,0.388,0,86.6,0,6.36,0,50.86,17.29,7.76,0,-80.2,6.31,22.302,0,19.89,0,1.193,2.58,0,10.46
4/7/2026,06:15, ,gtmpcwq_24G103007_031726_050000.bin,Pellicer Creek,GTMNERR,0,44.225,0,28.59,0,0.374,0,85.6,0,6.3,0,53.33,18.11,7.74,0,-79.2,6.31,22.336,0,17.07,0,1.192,2.74,0,11.14
4/7/2026,06:30, ,gtmpcwq_24G103007_031726_050000.bin,Pellicer Creek,GTMNERR,0,43.698,0,28.21,0,0.365,0,84.5,0,6.23,0,54.71,18.57,7.73,0,-78.5,6.31,22.418,0,19.73,0,1.192,2.9,0,11.76
4/7/2026,06:45, ,gtmpcwq_24G103007_031726_050000.bin,Pellicer Creek,GTMNERR,0,43.107,0,27.78,0,0.353,0,83.1,0,6.13,0,57.16,19.38,7.7,0,-77.2,6.31,22.462,0,18.66,0,1.192,2.79,0,11.3
4/7/2026,07:00, ,gtmpcwq_24G103007_031726_050000.bin,Pellicer Creek,GTMNERR,0,42.532,0,27.37,0,0.339,0,82.7,0,6.11,0,58.22,19.74,7.69,0,-76.4,6.31,22.491,0,20.13,0,1.192,3.01,0,12.21
4/7/2026,07:15, ,gtmpcwq_24G103007_031726_050000.bin,Pellicer Creek,GTMNERR,0,41.66,0,26.75,0,0.325,0,81.5,0,6.04,0,62,20.99,7.67,0,-75.2,6.31,22.493,0,17.97,0,1.192,2.94,0,11.93
4/7/2026,07:30, ,gtmpcwq_24G103007_031726_050000.bin,Pellicer Creek,GTMNERR,0,40.598,0,25.99,0,0.299,0,81.1,0,6.03,0,64.33,21.77,7.66,0,-74.4,6.31,22.591,0,18.22,0,1.192,3.05,0,12.37
4/7/2026,07:45, ,gtmpcwq_24G103007_031726_050000.bin,Pellicer Creek,GTMNERR,0,39.72,0,25.36,0,0.293,0,79.9,0,5.97,0,67.58,22.85,7.63,0,-72.9,6.31,22.61,0,15.91,0,1.192,3.22,0,13.04
4/7/2026,08:00, ,gtmpcwq_24G103007_031726_050000.bin,Pellicer Creek,GTMNERR,0,38.964,0,24.83,0,0.286,0,79.2,0,5.92,0,69.33,23.43,7.62,0,-72.1,6.31,22.656,0,16.34,0,1.192,3.23,0,13.11
4/7/2026,08:15, ,gtmpcwq_24G103007_031726_050000.bin,Pellicer Creek,GTMNERR,0,38.08,0,24.21,0,0.266,0,79,0,5.93,0,72.41,24.45,7.61,0,-71.4,6.3,22.682,0,16.1,0,1.192,3.35,0,13.6
4/7/2026,08:30, ,gtmpcwq_24G103007_031726_050000.bin,Pellicer Creek,GTMNERR,0,37.299,0,23.66,0,0.249,0,78.1,0,5.88,0,74.84,25.26,7.59,0,-70.2,6.3,22.703,0,14.73,0,1.192,3.33,0,13.52
4/7/2026,08:45, ,gtmpcwq_24G103007_031726_050000.bin,Pellicer Creek,GTMNERR,0,36.578,0,23.15,0,0.234,0,77.6,0,5.85,0,77.3,26.08,7.58,0,-69.5,6.31,22.754,0,14.38,0,1.192,3.44,0,13.97
4/7/2026,09:00, ,gtmpcwq_24G103007_031726_050000.bin,Pellicer Creek,GTMNERR,0,35.97,0,22.72,0,0.213,0,77.5,0,5.85,0,77.87,26.26,7.57,0,-68.9,6.31,22.811,0,13.81,0,1.192,3.68,0,14.92
4/7/2026,09:15, ,gtmpcwq_24G103007_031726_050000.bin,Pellicer Creek,GTMNERR,0,35.521,0,22.41,0,0.21,0,76.9,0,5.81,0,79.29,26.74,7.55,0,-68.3,6.31,22.813,0,14.22,0,1.192,3.79,0,15.37
4/7/2026,09:30, ,gtmpcwq_24G103007_031726_050000.bin,Pellicer Creek,GTMNERR,0,35.285,0,22.25,0,0.209,0,76.2,0,5.77,0,80.03,26.98,7.55,0,-67.8,6.31,22.809,0,13.46,0,1.192,3.74,0,15.17
4/7/2026,09:45, ,gtmpcwq_24G103007_031726_050000.bin,Pellicer Creek,GTMNERR,0,34.867,0,21.96,0,0.226,0,71.5,0,5.42,0,80.3,27.07,7.51,0,-65.8,6.31,22.838,0,12.11,0,1.192,3.92,0,15.9
4/7/2026,10:00, ,gtmpcwq_24G103007_031726_050000.bin,Pellicer Creek,GTMNERR,0,35.096,0,22.12,0,0.222,0,66.5,0,5.04,0,78.69,26.54,7.45,0,-61.8,6.3,22.832,0,13.49,0,1.192,3.63,0,14.71
4/7/2026,10:15, ,gtmpcwq_24G103007_031726_050000.bin,Pellicer Creek,GTMNERR,0,35.381,0,22.31,0,0.262,0,75.1,0,5.69,0,81.97,27.63,7.53,0,-66.9,6.31,22.769,0,12.63,0,1.193,3.57,0,14.48
4/7/2026,10:30, ,gtmpcwq_24G103007_031726_050000.bin,Pellicer Creek,GTMNERR,0,36.494,0,23.09,0,0.271,0,75.8,0,5.73,0,78.11,26.35,7.55,0,-67.7,6.3,22.603,0,16.17,0,1.192,3.73,0,15.12
4/7/2026,10:45, ,gtmpcwq_24G103007_031726_050000.bin,Pellicer Creek,GTMNERR,0,36.847,0,23.34,0,0.295,0,76.1,0,5.74,0,78.66,26.53,7.56,0,-68.6,6.31,22.623,0,12.71,0,1.192,3.34,0,13.53
4/7/2026,11:00, ,gtmpcwq_24G103007_031726_050000.bin,Pellicer Creek,GTMNERR,0,38.059,0,24.2,0,0.312,0,77.6,0,5.86,0,78.06,26.33,7.57,0,-69.1,6.31,22.298,0,14.05,0,1.192,3.34,0,13.55
4/7/2026,11:15, ,gtmpcwq_24G103007_031726_050000.bin,Pellicer Creek,GTMNERR,0,38.464,0,24.48,0,0.327,0,80.3,0,6.06,0,75.77,25.57,7.59,0,-70.2,6.31,22.292,0,12.93,0,1.192,3.39,0,13.73
4/7/2026,11:30, ,gtmpcwq_24G103007_031726_050000.bin,Pellicer Creek,GTMNERR,0,38.229,0,24.32,0,0.343,0,84.4,0,6.37,0,75.66,25.53,7.62,0,-71.9,6.31,22.316,0,11.24,0,1.192,3.82,0,15.5
4/7/2026,11:45, ,gtmpcwq_24G103007_031726_050000.bin,Pellicer Creek,GTMNERR,0,38.979,0,24.85,0,0.357,0,82.9,0,6.25,0,73.41,24.79,7.62,0,-72,6.31,22.262,0,13.01,0,1.192,3.85,0,15.61
4/7/2026,12:00, ,gtmpcwq_24G103007_031726_050000.bin,Pellicer Creek,GTMNERR,0,40.272,0,25.76,0,0.372,0,82.1,0,6.16,0,69.75,23.57,7.62,0,-72.2,6.31,22.169,0,14.56,0,1.192,3.48,0,14.1
4/7/2026,12:15, ,gtmpcwq_24G103007_031726_050000.bin,Pellicer Creek,GTMNERR,0,40.989,0,26.27,0,0.394,0,83,0,6.22,0,67.66,22.87,7.63,0,-72.8,6.31,22.127,0,15.78,0,1.192,3.48,0,14.12
4/7/2026,12:30, ,gtmpcwq_24G103007_031726_050000.bin,Pellicer Creek,GTMNERR,0,41.869,0,26.9,0,0.414,0,85,0,6.36,0,66.54,22.5,7.65,0,-73.8,6.31,21.964,0,16.12,0,1.192,3.18,0,12.88
4/7/2026,12:45, ,gtmpcwq_24G103007_031726_050000.bin,Pellicer Creek,GTMNERR,0,42.4,0,27.28,0,0.432,0,86.8,0,6.49,0,64.95,21.97,7.67,0,-75,6.31,21.879,0,13.95,0,1.192,3.2,0,12.97
4/7/2026,13:00, ,gtmpcwq_24G103007_031726_050000.bin,Pellicer Creek,GTMNERR,0,44.162,0,28.55,0,0.445,0,86.7,0,6.46,0,59.26,20.08,7.67,0,-75,6.31,21.622,0,16.56,0,1.192,2.84,0,11.53
4/7/2026,13:15, ,gtmpcwq_24G103007_031726_050000.bin,Pellicer Creek,GTMNERR,0,45.044,0,29.19,0,0.464,0,85.8,0,6.39,0,55.39,18.79,7.67,0,-75,6.31,21.513,0,23.07,0,1.192,2.81,0,11.41
4/7/2026,13:30, ,gtmpcwq_24G103007_031726_050000.bin,Pellicer Creek,GTMNERR,0,45.52,0,29.53,0,0.473,0,90.5,0,6.73,0,54.33,18.44,7.69,0,-76.3,6.31,21.468,0,18.33,0,1.192,2.92,0,11.86
4/7/2026,13:45, ,gtmpcwq_24G103007_031726_050000.bin,Pellicer Creek,GTMNERR,0,46.228,0,30.04,0,0.486,0,90,0,6.69,0,50.34,17.12,7.72,0,-77.7,6.31,21.382,0,22.03,0,1.192,2.8,0,11.37
4/7/2026,14:00, ,gtmpcwq_24G103007_031726_050000.bin,Pellicer Creek,GTMNERR,0,47.093,0,30.67,0,0.495,0,93.5,0,6.93,0,45.44,15.49,7.75,0,-79.4,6.31,21.279,0,20.05,0,1.192,2.79,0,11.34
4/7/2026,14:15, ,gtmpcwq_24G103007_031726_050000.bin,Pellicer Creek,GTMNERR,0,47.48,0,30.96,0,0.504,0,93,0,6.89,0,43.19,14.74,7.76,0,-80.3,6.31,21.224,0,19.98,0,1.192,2.76,0,11.22
4/7/2026,14:30, ,gtmpcwq_24G103007_031726_050000.bin,Pellicer Creek,GTMNERR,0,47.681,0,31.1,0,0.515,0,95.5,0,7.07,0,41.42,14.15,7.77,0,-81,6.31,21.196,0,21.48,0,1.192,2.68,0,10.89
4/7/2026,14:45, ,gtmpcwq_24G103007_031726_050000.bin,Pellicer Creek,GTMNERR,0,47.701,0,31.12,0,0.514,0,94.7,0,7.02,0,41.73,14.25,7.78,0,-81.2,6.31,21.176,0,19.32,0,1.192,2.89,0,11.74
4/7/2026,15:00, ,gtmpcwq_24G103007_031726_050000.bin,Pellicer Creek,GTMNERR,0,47.67,0,31.09,0,0.511,0,93.7,0,6.94,0,42.56,14.53,7.77,0,-80.8,6.31,21.177,0,16.2,0,1.192,2.9,0,11.75
4/7/2026,15:15, ,gtmpcwq_24G103007_031726_050000.bin,Pellicer Creek,GTMNERR,0,47.637,0,31.07,0,0.514,0,93.2,0,6.9,0,43.03,14.69,7.77,0,-80.6,6.31,21.184,0,14.83,0,1.192,2.79,0,11.32
4/7/2026,15:30, ,gtmpcwq_24G103007_031726_050000.bin,Pellicer Creek,GTMNERR,0,47.634,0,31.07,0,0.523,0,93.2,0,6.91,0,43.06,14.7,7.77,0,-80.9,6.31,21.178,0,15.49,0,1.192,2.83,0,11.49
4/7/2026,15:45, ,gtmpcwq_24G103007_031726_050000.bin,Pellicer Creek,GTMNERR,0,47.573,0,31.02,0,0.511,0,90.6,0,6.71,0,41.89,14.31,7.75,0,-79.6,6.31,21.177,0,16.7,0,1.192,2.87,0,11.65
4/7/2026,16:00, ,gtmpcwq_24G103007_031726_050000.bin,Pellicer Creek,GTMNERR,0,47.636,0,31.07,0,0.508,0,90,0,6.66,0,42.19,14.41,7.74,0,-79.3,6.31,21.194,0,16.41,0,1.192,2.83,0,11.5
4/7/2026,16:15, ,gtmpcwq_24G103007_031726_050000.bin,Pellicer Creek,GTMNERR,0,47.641,0,31.07,0,0.493,0,90.9,0,6.73,0,42.96,14.66,7.75,0,-79.7,6.31,21.199,0,13.86,0,1.192,2.72,0,11.05
4/7/2026,16:30, ,gtmpcwq_24G103007_031726_050000.bin,Pellicer Creek,GTMNERR,0,47.483,0,30.96,0,0.468,0,94.1,0,6.96,0,44.01,15.01,7.77,0,-80.9,6.31,21.254,0,13.71,0,1.192,3,0,12.17
4/7/2026,16:45, ,gtmpcwq_24G103007_031726_050000.bin,Pellicer Creek,GTMNERR,0,47.43,0,30.92,0,0.454,0,93.7,0,6.94,0,44.56,15.2,7.77,0,-80.7,6.31,21.267,0,14.71,0,1.192,2.77,0,11.24
4/7/2026,17:00, ,gtmpcwq_24G103007_031726_050000.bin,Pellicer Creek,GTMNERR,0,46.292,0,30.09,0,0.443,0,92.7,0,6.89,0,49.98,17,7.74,0,-79.1,6.31,21.316,0,15.61,0,1.192,3.25,0,13.18
4/7/2026,17:15, ,gtmpcwq_24G103007_031726_050000.bin,Pellicer Creek,GTMNERR,0,45.6,0,29.59,0,0.423,0,92.2,0,6.86,0,51.73,17.58,7.73,0,-78.4,6.31,21.373,0,18.93,0,1.192,3.22,0,13.08
4/7/2026,17:30, ,gtmpcwq_24G103007_031726_050000.bin,Pellicer Creek,GTMNERR,0,43.567,0,28.12,0,0.412,0,92.4,0,6.93,0,60.92,20.63,7.7,0,-76.9,6.31,21.448,0,14.41,0,1.192,3.56,0,14.44
4/7/2026,17:45, ,gtmpcwq_24G103007_031726_050000.bin,Pellicer Creek,GTMNERR,0,42.635,0,27.45,0,0.394,0,91,0,6.84,0,64.64,21.87,7.68,0,-75.6,6.31,21.507,0,14.09,0,1.192,3.73,0,15.11
4/7/2026,18:00, ,gtmpcwq_24G103007_031726_050000.bin,Pellicer Creek,GTMNERR,0,41.875,0,26.91,0,0.382,0,90,0,6.78,0,66.78,22.58,7.67,0,-74.8,6.3,21.585,0,14.83,0,1.192,3.77,0,15.3
4/7/2026,18:15, ,gtmpcwq_24G103007_031726_050000.bin,Pellicer Creek,GTMNERR,0,40.888,0,26.21,0,0.369,0,88.6,0,6.69,0,69.64,23.53,7.65,0,-73.7,6.31,21.684,0,15.27,0,1.192,3.99,0,16.16
4/7/2026,18:30, ,gtmpcwq_24G103007_031726_050000.bin,Pellicer Creek,GTMNERR,0,40.234,0,25.74,0,0.36,0,87.1,0,6.59,0,71.71,24.22,7.63,0,-72.7,6.31,21.727,0,14.83,0,1.192,3.92,0,15.88
4/7/2026,18:45, ,gtmpcwq_24G103007_031726_050000.bin,Pellicer Creek,GTMNERR,0,39.193,0,25,0,0.325,0,86.4,0,6.56,0,74.43,25.12,7.61,0,-71.5,6.31,21.742,0,14.9,0,1.184,3.84,0,15.56
4/7/2026,19:00, ,gtmpcwq_24G103007_031726_050000.bin,Pellicer Creek,GTMNERR,0,37.975,0,24.14,0,0.307,0,85.7,0,6.53,0,76.53,25.82,7.6,0,-70.6,6.31,21.831,0,14.48,0,1.198,4.29,0,17.4
4/7/2026,19:15, ,gtmpcwq_24G103007_031726_050000.bin,Pellicer Creek,GTMNERR,0,36.628,0,23.2,0,0.286,0,83.9,0,6.42,0,80.7,27.21,7.56,0,-68.5,6.31,21.869,0,14.65,0,1.19,4.67,0,18.91
4/7/2026,19:30, ,gtmpcwq_24G103007_031726_050000.bin,Pellicer Creek,GTMNERR,0,35.38,0,22.33,0,0.271,0,81.8,0,6.3,0,84.7,28.54,7.52,0,-66.2,6.31,21.872,0,14.25,0,1.19,4.74,0,19.23
4/7/2026,19:45, ,gtmpcwq_24G103007_031726_050000.bin,Pellicer Creek,GTMNERR,0,34.284,0,21.56,0,0.256,0,81.3,0,6.27,0,86.16,29.02,7.51,0,-65.5,6.31,21.955,0,13.88,0,1.192,4.82,0,19.52
4/7/2026,20:00, ,gtmpcwq_24G103007_031726_050000.bin,Pellicer Creek,GTMNERR,0,33.663,0,21.13,0,0.238,0,79.9,0,6.18,0,87.55,29.48,7.49,0,-64.3,6.31,21.981,0,14.21,0,1.192,4.81,0,19.48
4/7/2026,20:15, ,gtmpcwq_24G103007_031726_050000.bin,Pellicer Creek,GTMNERR,0,32.715,0,20.48,0,0.229,0,79,0,6.13,0,90.12,30.34,7.48,0,-63.5,6.31,22.001,0,13.05,0,1.192,4.63,0,18.78
4/7/2026,20:30, ,gtmpcwq_24G103007_031726_050000.bin,Pellicer Creek,GTMNERR,0,32.471,0,20.31,0,0.222,0,78.6,0,6.1,0,90.47,30.45,7.48,0,-63.5,6.31,22.041,0,12.94,0,1.192,4.72,0,19.12
4/7/2026,20:45, ,gtmpcwq_24G103007_031726_050000.bin,Pellicer Creek,GTMNERR,0,32.079,0,20.04,0,0.218,0,77.7,0,6.05,0,91.65,30.85,7.46,0,-62.8,6.31,22.045,0,12,0,1.192,4.62,0,18.72
4/7/2026,21:00, ,gtmpcwq_24G103007_031726_050000.bin,Pellicer Creek,GTMNERR,0,32.215,0,20.13,0,0.222,0,78.2,0,6.07,0,91.68,30.86,7.46,0,-62.7,6.31,22.056,0,10.5,0,1.192,4.73,0,19.17
4/7/2026,21:15, ,gtmpcwq_24G103007_031726_050000.bin,Pellicer Creek,GTMNERR,0,32.05,0,20.02,0,0.228,0,74.6,0,5.8,0,90.62,30.5,7.43,0,-60.6,6.31,22.049,0,11.24,0,1.192,4.57,0,18.5
4/7/2026,21:30, ,gtmpcwq_24G103007_031726_050000.bin,Pellicer Creek,GTMNERR,0,32.124,0,20.07,0,0.244,0,77,0,5.99,0,92.47,31.12,7.45,0,-62.2,6.31,22.047,0,10.39,0,1.192,4.63,0,18.75
4/7/2026,21:45, ,gtmpcwq_24G103007_031726_050000.bin,Pellicer Creek,GTMNERR,0,33.282,0,20.87,0,0.273,0,77.5,0,6.01,0,90.6,30.5,7.46,0,-62.4,6.31,21.893,0,12.15,0,1.192,4.53,0,18.37
4/7/2026,22:00, ,gtmpcwq_24G103007_031726_050000.bin,Pellicer Creek,GTMNERR,0,35.22,0,22.22,0,0.301,0,77,0,5.95,0,88.81,29.9,7.46,0,-62.4,6.31,21.698,0,13.03,0,1.192,4.48,0,18.14
4/7/2026,22:15, ,gtmpcwq_24G103007_031726_050000.bin,Pellicer Creek,GTMNERR,0,36.034,0,22.79,0,0.32,0,77.1,0,5.96,0,88.96,29.95,7.46,0,-62.6,6.31,21.54,0,12.82,0,1.192,4.31,0,17.48
4/7/2026,22:30, ,gtmpcwq_24G103007_031726_050000.bin,Pellicer Creek,GTMNERR,0,36.324,0,22.99,0,0.338,0,78.6,0,6.06,0,86.28,29.06,7.48,0,-64,6.31,21.51,0,12.58,0,1.192,4.15,0,16.84
4/7/2026,22:45, ,gtmpcwq_24G103007_031726_050000.bin,Pellicer Creek,GTMNERR,0,35.79,0,22.62,0,0.358,0,78.8,0,6.12,0,87.23,29.38,7.51,0,-65.2,6.31,21.337,0,10.85,0,1.192,3.94,0,15.96
4/7/2026,23:00, ,gtmpcwq_24G103007_031726_050000.bin,Pellicer Creek,GTMNERR,0,36.542,0,23.14,0,0.378,0,81.3,0,6.3,0,86.03,28.98,7.52,0,-65.8,6.31,21.234,0,10.78,0,1.192,3.63,0,14.73
4/7/2026,23:15, ,gtmpcwq_24G103007_031726_050000.bin,Pellicer Creek,GTMNERR,0,38.328,0,24.4,0,0.398,0,80.3,0,6.17,0,80.54,27.15,7.52,0,-65.9,6.31,21.312,0,14.88,0,1.192,3.52,0,14.28
4/7/2026,23:30, ,gtmpcwq_24G103007_031726_050000.bin,Pellicer Creek,GTMNERR,0,39.423,0,25.17,0,0.423,0,80.5,0,6.18,0,77.18,26.04,7.54,0,-67,6.31,21.1,0,18.02,0,1.193,3.24,0,13.13
4/7/2026,23:45, ,gtmpcwq_24G103007_031726_050000.bin,Pellicer Creek,GTMNERR,0,40.655,0,26.05,0,0.43,0,80.1,0,6.14,0,74.77,25.24,7.55,0,-67.5,6.31,20.939,0,17.32,0,1.193,3.18,0,12.91
4/8/2026,00:00, ,gtmpcwq_24G103007_031726_050000.bin,Pellicer Creek,GTMNERR,0,41.497,0,26.65,0,0.453,0,80.1,0,6.13,0,70.99,23.98,7.54,0,-67.3,6.31,20.832,0,20.77,0,1.192,3.02,0,12.24
4/8/2026,00:15, ,gtmpcwq_24G103007_031726_050000.bin,Pellicer Creek,GTMNERR,0,43.15,0,27.83,0,0.472,0,80.4,0,6.14,0,67.46,22.8,7.55,0,-67.9,6.31,20.53,0,20.62,0,1.192,2.66,0,10.78
4/8/2026,00:30, ,gtmpcwq_24G103007_031726_050000.bin,Pellicer Creek,GTMNERR,0,44.067,0,28.49,0,0.491,0,82.6,0,6.3,0,60.66,20.55,7.58,0,-69.3,6.31,20.438,0,29.22,0,1.192,2.61,0,10.61
4/8/2026,00:45, ,gtmpcwq_24G103007_031726_050000.bin,Pellicer Creek,GTMNERR,0,44.725,0,28.97,0,0.511,0,83.9,0,6.4,0,55.53,18.84,7.62,0,-71.8,6.31,20.314,0,34.69,0,1.192,2.61,0,10.6
4/8/2026,01:00, ,gtmpcwq_24G103007_031726_050000.bin,Pellicer Creek,GTMNERR,0,45.526,0,29.55,0,0.532,0,86.4,0,6.58,0,50.26,17.09,7.66,0,-73.9,6.31,20.175,0,35.27,0,1.192,2.49,0,10.11
4/8/2026,01:15, ,gtmpcwq_24G103007_031726_050000.bin,Pellicer Creek,GTMNERR,0,46.347,0,30.14,0,0.551,0,88.5,0,6.73,0,44.56,15.19,7.69,0,-76.2,6.31,20.08,0,43.23,0,1.192,2.38,0,9.66
4/8/2026,01:30, ,gtmpcwq_24G103007_031726_050000.bin,Pellicer Creek,GTMNERR,0,46.792,0,30.46,0,0.572,0,90.4,0,6.87,0,40.52,13.85,7.72,0,-77.9,6.31,20.012,0,50.85,0,1.192,2.45,0,9.96
4/8/2026,01:45, ,gtmpcwq_24G103007_031726_050000.bin,Pellicer Creek,GTMNERR,0,46.859,0,30.51,0,0.589,0,90.7,0,6.89,0,39.64,13.56,7.74,0,-78.7,6.31,19.972,0,51.66,0,1.192,2.46,0,9.97
4/8/2026,02:00, ,gtmpcwq_24G103007_031726_050000.bin,Pellicer Creek,GTMNERR,0,47.023,0,30.63,0,0.609,0,91.3,0,6.94,0,39.63,13.56,7.75,0,-79.2,6.31,19.914,0,44.79,0,1.192,2.45,0,9.96
4/8/2026,02:15, ,gtmpcwq_24G103007_031726_050000.bin,Pellicer Creek,GTMNERR,0,47.201,0,30.76,0,0.625,0,91.5,0,6.96,0,40.45,13.83,7.75,0,-79.5,6.31,19.867,0,41.59,0,1.192,2.32,0,9.42
4/8/2026,02:30, ,gtmpcwq_24G103007_031726_050000.bin,Pellicer Creek,GTMNERR,0,47.662,0,31.1,0,0.644,0,92.8,0,7.05,0,38.05,13.03,7.77,0,-80.5,6.31,19.793,0,40.61,0,1.192,2.21,0,8.96
4/8/2026,02:45, ,gtmpcwq_24G103007_031726_050000.bin,Pellicer Creek,GTMNERR,0,48.055,0,31.38,0,0.662,0,92.7,0,7.04,0,37.7,12.91,7.78,0,-81.1,6.31,19.731,0,33.14,0,1.192,2.02,0,8.19
4/8/2026,03:00, ,gtmpcwq_24G103007_031726_050000.bin,Pellicer Creek,GTMNERR,0,48.416,0,31.65,0,0.673,0,93.4,0,7.09,0,35.15,12.07,7.79,0,-82,6.31,19.662,0,34.87,0,1.192,2.14,0,8.71
4/8/2026,03:15, ,gtmpcwq_24G103007_031726_050000.bin,Pellicer Creek,GTMNERR,0,48.504,0,31.71,0,0.681,0,93.6,0,7.11,0,35.05,12.03,7.8,0,-82.3,6.31,19.639,0,31.38,0,1.192,2.05,0,8.32
4/8/2026,03:30, ,gtmpcwq_24G103007_031726_050000.bin,Pellicer Creek,GTMNERR,0,48.642,0,31.81,0,0.69,0,93.7,0,7.11,0,35.23,12.09,7.8,0,-82.6,6.31,19.586,0,24.02,0,1.192,1.95,0,7.93
4/8/2026,03:45, ,gtmpcwq_24G103007_031726_050000.bin,Pellicer Creek,GTMNERR,0,48.828,0,31.95,0,0.683,0,93.7,0,7.11,0,34.9,11.98,7.81,0,-83.1,6.31,19.551,0,20.91,0,1.192,2,0,8.13
4/8/2026,04:00, ,gtmpcwq_24G103007_031726_050000.bin,Pellicer Creek,GTMNERR,0,48.836,0,31.96,0,0.685,0,92.8,0,7.05,0,36,12.35,7.81,0,-82.9,6.31,19.535,0,15.96,0,1.192,1.89,0,7.69
4/8/2026,04:15, ,gtmpcwq_24G103007_031726_050000.bin,Pellicer Creek,GTMNERR,0,48.872,0,31.98,0,0.679,0,92,0,6.99,0,36.06,12.37,7.81,0,-82.8,6.31,19.511,0,14.85,0,1.193,1.85,0,7.53
4/8/2026,04:30, ,gtmpcwq_24G103007_031726_050000.bin,Pellicer Creek,GTMNERR,0,48.938,0,32.03,0,0.671,0,90.8,0,6.9,0,34.97,12.01,7.8,0,-82.2,6.31,19.514,0,12.8,0,1.192,1.65,0,6.71
4/8/2026,04:45, ,gtmpcwq_24G103007_031726_050000.bin,Pellicer Creek,GTMNERR,0,48.937,0,32.03,0,0.663,0,89.9,0,6.82,0,34.98,12.01,7.79,0,-81.5,6.31,19.523,0,14.27,0,1.192,1.66,0,6.76
4/8/2026,05:00, ,gtmpcwq_24G103007_031726_050000.bin,Pellicer Creek,GTMNERR,0,48.813,0,31.94,0,0.646,0,91.8,0,6.97,0,36.07,12.37,7.8,0,-82.4,6.31,19.574,0,14.41,0,1.192,1.83,0,7.44
4/8/2026,05:15, ,gtmpcwq_24G103007_031726_050000.bin,Pellicer Creek,GTMNERR,0,48.272,0,31.54,0,0.629,0,92,0,6.99,0,39.7,13.58,7.79,0,-81.8,6.31,19.671,0,15.54,0,1.192,1.98,0,8.05
4/8/2026,05:30, ,gtmpcwq_24G103007_031726_050000.bin,Pellicer Creek,GTMNERR,0,48.359,0,31.61,0,0.622,0,91.7,0,6.97,0,38.87,13.3,7.79,0,-81.7,6.31,19.671,0,15.83,0,1.192,1.95,0,7.91
4/8/2026,05:45, ,gtmpcwq_24G103007_031726_050000.bin,Pellicer Creek,GTMNERR,0,48.217,0,31.5,0,0.605,0,91.8,0,6.97,0,39.23,13.42,7.78,0,-81.4,6.31,19.687,0,18.6,0,1.192,1.9,0,7.71
4/8/2026,06:00, ,gtmpcwq_24G103007_031726_050000.bin,Pellicer Creek,GTMNERR,0,47.239,0,30.79,0,0.588,0,89.4,0,6.81,0,46.17,15.73,7.74,0,-78.9,6.31,19.749,0,15.36,0,1.192,2.04,0,8.31
4/8/2026,06:15, ,gtmpcwq_24G103007_031726_050000.bin,Pellicer Creek,GTMNERR,0,45.949,0,29.85,0,0.574,0,88.5,0,6.78,0,53.78,18.26,7.7,0,-76.4,6.31,19.744,0,14.93,0,1.192,1.99,0,8.08
4/8/2026,06:30, ,gtmpcwq_24G103007_031726_050000.bin,Pellicer Creek,GTMNERR,0,46.329,0,30.13,0,0.561,0,88.2,0,6.74,0,49.99,17,7.7,0,-76.4,6.31,19.809,0,19.63,0,1.192,2.13,0,8.65
4/8/2026,06:45, ,gtmpcwq_24G103007_031726_050000.bin,Pellicer Creek,GTMNERR,0,45.693,0,29.67,0,0.553,0,87.3,0,6.68,0,54.18,18.39,7.67,0,-75,6.31,19.821,0,17.32,0,1.192,2.08,0,8.45
4/8/2026,07:00, ,gtmpcwq_24G103007_031726_050000.bin,Pellicer Creek,GTMNERR,0,45.591,0,29.59,0,0.539,0,86.5,0,6.62,0,53.03,18.01,7.66,0,-74.3,6.31,19.864,0,22.41,0,1.192,2.28,0,9.25
4/8/2026,07:15, ,gtmpcwq_24G103007_031726_050000.bin,Pellicer Creek,GTMNERR,0,45.216,0,29.32,0,0.535,0,85.5,0,6.55,0,55.13,18.71,7.64,0,-73,6.31,19.895,0,19.12,0,1.192,2.34,0,9.5
4/8/2026,07:30, ,gtmpcwq_24G103007_031726_050000.bin,Pellicer Creek,GTMNERR,0,44.85,0,29.06,0,0.525,0,84,0,6.45,0,58.22,19.74,7.62,0,-71.6,6.31,19.93,0,17.73,0,1.192,2.16,0,8.77
4/8/2026,07:45, ,gtmpcwq_24G103007_031726_050000.bin,Pellicer Creek,GTMNERR,0,44.413,0,28.74,0,0.5,0,83.8,0,6.44,0,60.53,20.5,7.6,0,-70.6,6.31,19.958,0,18.58,0,1.192,2.21,0,8.99
4/8/2026,08:00, ,gtmpcwq_24G103007_031726_050000.bin,Pellicer Creek,GTMNERR,0,43.487,0,28.08,0,0.496,0,81.8,0,6.3,0,65.09,22.02,7.56,0,-68,6.31,20.036,0,16.4,0,1.192,2.11,0,8.58
4/8/2026,08:15, ,gtmpcwq_24G103007_031726_050000.bin,Pellicer Creek,GTMNERR,0,42.591,0,27.44,0,0.477,0,80.8,0,6.23,0,68.72,23.23,7.53,0,-66.3,6.31,20.124,0,14.03,0,1.192,2.36,0,9.58
4/8/2026,08:30, ,gtmpcwq_24G103007_031726_050000.bin,Pellicer Creek,GTMNERR,0,41.567,0,26.7,0,0.456,0,79.1,0,6.12,0,73.49,24.81,7.49,0,-64,6.31,20.194,0,12.48,0,1.192,2.37,0,9.62
4/8/2026,08:45, ,gtmpcwq_24G103007_031726_050000.bin,Pellicer Creek,GTMNERR,0,40.775,0,26.14,0,0.44,0,78.1,0,6.05,0,75.42,25.45,7.46,0,-62.5,6.31,20.306,0,13.57,0,1.192,2.2,0,8.94
4/8/2026,09:00, ,gtmpcwq_24G103007_031726_050000.bin,Pellicer Creek,GTMNERR,0,39.944,0,25.55,0,0.425,0,77.2,0,5.99,0,78.01,26.31,7.44,0,-61.2,6.31,20.403,0,13.45,0,1.192,2.57,0,10.45
4/8/2026,09:15, ,gtmpcwq_24G103007_031726_050000.bin,Pellicer Creek,GTMNERR,0,38.833,0,24.76,0,0.418,0,75.8,0,5.9,0,81.52,27.48,7.4,0,-59.2,6.31,20.491,0,12.1,0,1.192,2.61,0,10.59
4/8/2026,09:30, ,gtmpcwq_24G103007_031726_050000.bin,Pellicer Creek,GTMNERR,0,37.898,0,24.1,0,0.409,0,75.1,0,5.86,0,84.17,28.36,7.39,0,-58.3,6.31,20.611,0,10.76,0,1.193,2.86,0,11.61
4/8/2026,09:45, ,gtmpcwq_24G103007_031726_050000.bin,Pellicer Creek,GTMNERR,0,37.251,0,23.65,0,0.402,0,74.6,0,5.83,0,85.81,28.91,7.38,0,-57.5,6.31,20.662,0,11.62,0,1.192,2.84,0,11.51
4/8/2026,10:00, ,gtmpcwq_24G103007_031726_050000.bin,Pellicer Creek,GTMNERR,0,36.745,0,23.29,0,0.394,0,73.6,0,5.76,0,86.49,29.13,7.36,0,-56.6,6.31,20.701,0,12.01,0,1.192,2.93,0,11.88
4/8/2026,10:15, ,gtmpcwq_24G103007_031726_050000.bin,Pellicer Creek,GTMNERR,0,36.285,0,22.97,0,0.393,0,73.2,0,5.73,0,87.51,29.47,7.35,0,-55.8,6.31,20.768,0,10.15,0,1.192,2.94,0,11.92
4/8/2026,10:30, ,gtmpcwq_24G103007_031726_050000.bin,Pellicer Creek,GTMNERR,0,36.219,0,22.92,0,0.396,0,71.9,0,5.63,0,87.19,29.36,7.34,0,-55.4,6.31,20.789,0,11.95,0,1.192,3.02,0,12.24
4/8/2026,10:45, ,gtmpcwq_24G103007_031726_050000.bin,Pellicer Creek,GTMNERR,0,35.989,0,22.76,0,0.419,0,66.7,0,5.22,0,85.18,28.69,7.29,0,-52.5,6.31,20.812,0,9.89,0,1.192,2.77,0,11.24
4/8/2026,11:00, ,gtmpcwq_24G103007_031726_050000.bin,Pellicer Creek,GTMNERR,0,36.807,0,23.33,0,0.45,0,72.3,0,5.65,0,87.54,29.48,7.35,0,-55.9,6.31,20.727,0,9.93,0,1.192,2.78,0,11.29
4/8/2026,11:15, ,gtmpcwq_24G103007_031726_050000.bin,Pellicer Creek,GTMNERR,0,38.075,0,24.23,0,0.454,0,74.1,0,5.77,0,84.73,28.55,7.34,0,-55.6,6.31,20.634,0,10.47,0,1.193,3.01,0,12.21
4/8/2026,11:30, ,gtmpcwq_24G103007_031726_050000.bin,Pellicer Creek,GTMNERR,0,38.166,0,24.29,0,0.465,0,73.6,0,5.74,0,84.03,28.31,7.35,0,-56.1,6.31,20.59,0,11,0,1.193,2.66,0,10.78
4/8/2026,11:45, ,gtmpcwq_24G103007_031726_050000.bin,Pellicer Creek,GTMNERR,0,39.069,0,24.93,0,0.476,0,79.1,0,6.15,0,82.94,27.95,7.39,0,-58,6.31,20.546,0,9.7,0,1.193,3.01,0,12.2
4/8/2026,12:00, ,gtmpcwq_24G103007_031726_050000.bin,Pellicer Creek,GTMNERR,0,39.734,0,25.4,0,0.489,0,80.7,0,6.26,0,80.04,26.99,7.42,0,-59.8,6.31,20.525,0,9.37,0,1.192,2.9,0,11.76
4/8/2026,12:15, ,gtmpcwq_24G103007_031726_050000.bin,Pellicer Creek,GTMNERR,0,40.639,0,26.04,0,0.507,0,81.1,0,6.27,0,76.1,25.68,7.44,0,-61.5,6.31,20.444,0,12.17,0,1.192,2.92,0,11.84
4/8/2026,12:30, ,gtmpcwq_24G103007_031726_050000.bin,Pellicer Creek,GTMNERR,0,41.555,0,26.69,0,0.525,0,82.6,0,6.37,0,74,24.98,7.46,0,-62.5,6.31,20.385,0,12.62,0,1.192,2.79,0,11.34
4/8/2026,12:45, ,gtmpcwq_24G103007_031726_050000.bin,Pellicer Creek,GTMNERR,0,42.358,0,27.27,0,0.542,0,84.1,0,6.47,0,70.62,23.86,7.49,0,-64.1,6.31,20.324,0,13.43,0,1.192,2.69,0,10.9
4/8/2026,13:00, ,gtmpcwq_24G103007_031726_050000.bin,Pellicer Creek,GTMNERR,0,43.223,0,27.89,0,0.559,0,86.6,0,6.65,0,66.76,22.57,7.51,0,-65.5,6.31,20.257,0,16.01,0,1.193,2.36,0,9.59
4/8/2026,13:15, ,gtmpcwq_24G103007_031726_050000.bin,Pellicer Creek,GTMNERR,0,43.947,0,28.41,0,0.576,0,87.5,0,6.69,0,62.37,21.11,7.55,0,-67.5,6.31,20.268,0,15.58,0,1.192,2.62,0,10.63
4/8/2026,13:30, ,gtmpcwq_24G103007_031726_050000.bin,Pellicer Creek,GTMNERR,0,45.175,0,29.29,0,0.592,0,90.3,0,6.88,0,56.09,19.03,7.58,0,-69.6,6.31,20.187,0,18.86,0,1.192,2.49,0,10.12
4/8/2026,13:45, ,gtmpcwq_24G103007_031726_050000.bin,Pellicer Creek,GTMNERR,0,45.649,0,29.63,0,0.613,0,91.3,0,6.95,0,51.9,17.64,7.61,0,-71.1,6.31,20.18,0,25.21,0,1.192,2.55,0,10.33
4/8/2026,14:00, ,gtmpcwq_24G103007_031726_050000.bin,Pellicer Creek,GTMNERR,0,46.029,0,29.91,0,0.629,0,92.7,0,7.03,0,49.46,16.82,7.63,0,-72.3,6.31,20.213,0,24.05,0,1.193,2.51,0,10.17
4/8/2026,14:15, ,gtmpcwq_24G103007_031726_050000.bin,Pellicer Creek,GTMNERR,0,46.319,0,30.12,0,0.643,0,92.9,0,7.05,0,47.69,16.24,7.64,0,-73,6.31,20.183,0,25.76,0,1.193,2.47,0,10.01
4/8/2026,14:30, ,gtmpcwq_24G103007_031726_050000.bin,Pellicer Creek,GTMNERR,0,46.622,0,30.34,0,0.661,0,94.2,0,7.14,0,45.79,15.6,7.66,0,-74.2,6.31,20.167,0,25.28,0,1.193,2.51,0,10.18
4/8/2026,14:45, ,gtmpcwq_24G103007_031726_050000.bin,Pellicer Creek,GTMNERR,0,46.904,0,30.55,0,0.676,0,95.1,0,7.21,0,43.74,14.92,7.68,0,-75.4,6.31,20.134,0,26.05,0,1.192,2.41,0,9.77
4/8/2026,15:00, ,gtmpcwq_24G103007_031726_050000.bin,Pellicer Creek,GTMNERR,0,47.256,0,30.8,0,0.691,0,96.5,0,7.3,0,41.51,14.18,7.71,0,-77.1,6.31,20.106,0,27.62,0,1.193,2.52,0,10.21
4/8/2026,15:15, ,gtmpcwq_24G103007_031726_050000.bin,Pellicer Creek,GTMNERR,0,47.505,0,30.98,0,0.706,0,97.8,0,7.39,0,39.97,13.67,7.73,0,-78.3,6.31,20.101,0,27.35,0,1.193,2.39,0,9.69
4/8/2026,15:30, ,gtmpcwq_24G103007_031726_050000.bin,Pellicer Creek,GTMNERR,0,47.603,0,31.05,0,0.718,0,97.8,0,7.39,0,39.09,13.38,7.73,0,-78.6,6.31,20.104,0,28.99,0,1.193,2.37,0,9.61
4/8/2026,15:45, ,gtmpcwq_24G103007_031726_050000.bin,Pellicer Creek,GTMNERR,0,47.821,0,31.21,0,0.726,0,98.8,0,7.46,0,38.53,13.19,7.75,0,-79.5,6.31,20.095,0,24.87,0,1.192,2.38,0,9.67
4/8/2026,16:00, ,gtmpcwq_24G103007_031726_050000.bin,Pellicer Creek,GTMNERR,0,47.965,0,31.32,0,0.732,0,99,0,7.47,0,38.57,13.21,7.76,0,-79.8,6.31,20.084,0,20.22,0,1.182,2.25,0,9.14
4/8/2026,16:15, ,gtmpcwq_24G103007_031726_050000.bin,Pellicer Creek,GTMNERR,0,48.047,0,31.38,0,0.736,0,98.7,0,7.45,0,38.62,13.22,7.76,0,-80.2,6.31,20.072,0,18.62,0,1.183,2.2,0,8.92
4/8/2026,16:30, ,gtmpcwq_24G103007_031726_050000.bin,Pellicer Creek,GTMNERR,0,48.111,0,31.42,0,0.738,0,99.1,0,7.48,0,38.97,13.34,7.76,0,-80.3,6.31,20.06,0,14.76,0,1.193,2.35,0,9.53
4/8/2026,16:45, ,gtmpcwq_24G103007_031726_050000.bin,Pellicer Creek,GTMNERR,0,48.164,0,31.46,0,0.735,0,98,0,7.39,0,39.09,13.38,7.76,0,-80.4,6.31,20.056,0,14.2,0,1.193,2.34,0,9.52
4/8/2026,17:00, ,gtmpcwq_24G103007_031726_050000.bin,Pellicer Creek,GTMNERR,0,48.159,0,31.46,0,0.728,0,96.5,0,7.28,0,38.68,13.24,7.75,0,-79.5,6.31,20.057,0,14.35,0,1.193,2.11,0,8.56
4/8/2026,17:15, ,gtmpcwq_24G103007_031726_050000.bin,Pellicer Creek,GTMNERR,0,48.246,0,31.52,0,0.718,0,95,0,7.17,0,37.26,12.77,7.74,0,-78.8,6.31,20.055,0,14.82,0,1.193,2.12,0,8.6
4/8/2026,17:30, ,gtmpcwq_24G103007_031726_050000.bin,Pellicer Creek,GTMNERR,0,48.238,0,31.52,0,0.708,0,95.9,0,7.24,0,37.63,12.89,7.76,0,-80,6.31,20.061,0,12.94,0,1.193,2.32,0,9.43
4/8/2026,17:45, ,gtmpcwq_24G103007_031726_050000.bin,Pellicer Creek,GTMNERR,0,47.767,0,31.17,0,0.69,0,98.5,0,7.43,0,41.47,14.17,7.76,0,-79.8,6.31,20.146,0,13.01,0,1.192,2.32,0,9.42
4/8/2026,18:00, ,gtmpcwq_24G103007_031726_050000.bin,Pellicer Creek,GTMNERR,0,47.715,0,31.13,0,0.678,0,97.8,0,7.38,0,41.71,14.25,7.74,0,-79.2,6.31,20.153,0,13.38,0,1.192,2.22,0,9.01
4/8/2026,18:15, ,gtmpcwq_24G103007_031726_050000.bin,Pellicer Creek,GTMNERR,0,47.608,0,31.06,0,0.663,0,97.3,0,7.34,0,41.51,14.18,7.74,0,-78.7,6.31,20.158,0,16.99,0,1.192,2.33,0,9.48
4/8/2026,18:30, ,gtmpcwq_24G103007_031726_050000.bin,Pellicer Creek,GTMNERR,0,46.932,0,30.56,0,0.645,0,96.2,0,7.28,0,45.62,15.55,7.71,0,-77.2,6.31,20.196,0,17.53,0,1.192,2.6,0,10.56
4/8/2026,18:45, ,gtmpcwq_24G103007_031726_050000.bin,Pellicer Creek,GTMNERR,0,45.505,0,29.53,0,0.627,0,95.3,0,7.26,0,54.19,18.4,7.65,0,-73.9,6.31,20.185,0,13.04,0,1.192,2.39,0,9.72
4/8/2026,19:00, ,gtmpcwq_24G103007_031726_050000.bin,Pellicer Creek,GTMNERR,0,45.766,0,29.72,0,0.609,0,94.5,0,7.19,0,51.55,17.52,7.65,0,-73.8,6.31,20.203,0,19.07,0,1.192,2.78,0,11.28
4/8/2026,19:15, ,gtmpcwq_24G103007_031726_050000.bin,Pellicer Creek,GTMNERR,0,45.475,0,29.51,0,0.591,0,93.8,0,7.14,0,52.75,17.92,7.64,0,-72.9,6.31,20.219,0,18.72,0,1.193,2.92,0,11.84
4/8/2026,19:30, ,gtmpcwq_24G103007_031726_050000.bin,Pellicer Creek,GTMNERR,0,44.923,0,29.11,0,0.577,0,92.7,0,7.07,0,54.85,18.61,7.61,0,-71.4,6.31,20.23,0,21.08,0,1.193,2.92,0,11.85
4/8/2026,19:45, ,gtmpcwq_24G103007_031726_050000.bin,Pellicer Creek,GTMNERR,0,44.387,0,28.72,0,0.566,0,91.5,0,6.99,0,57.65,19.55,7.59,0,-69.8,6.31,20.251,0,16.15,0,1.192,2.94,0,11.93
4/8/2026,20:00, ,gtmpcwq_24G103007_031726_050000.bin,Pellicer Creek,GTMNERR,0,43.865,0,28.35,0,0.555,0,90.4,0,6.92,0,60.83,20.6,7.56,0,-68.3,6.31,20.268,0,17.86,0,1.193,2.93,0,11.9
4/8/2026,20:15, ,gtmpcwq_24G103007_031726_050000.bin,Pellicer Creek,GTMNERR,0,43.075,0,27.78,0,0.543,0,88.9,0,6.82,0,64.61,21.86,7.52,0,-66.2,6.31,20.306,0,14.47,0,1.192,2.99,0,12.15
4/8/2026,20:30, ,gtmpcwq_24G103007_031726_050000.bin,Pellicer Creek,GTMNERR,0,42.386,0,27.29,0,0.53,0,88,0,6.77,0,67.56,22.84,7.5,0,-64.8,6.31,20.335,0,15.32,0,1.192,3.04,0,12.32
4/8/2026,20:45, ,gtmpcwq_24G103007_031726_050000.bin,Pellicer Creek,GTMNERR,0,41.398,0,26.58,0,0.521,0,86.2,0,6.65,0,71.91,24.29,7.47,0,-62.9,6.31,20.387,0,12.39,0,1.192,3.15,0,12.79
4/8/2026,21:00, ,gtmpcwq_24G103007_031726_050000.bin,Pellicer Creek,GTMNERR,0,40.587,0,26,0,0.51,0,84.5,0,6.54,0,74.78,25.24,7.44,0,-61,6.31,20.422,0,12.5,0,1.193,3.21,0,13
4/8/2026,21:15, ,gtmpcwq_24G103007_031726_050000.bin,Pellicer Creek,GTMNERR,0,39.813,0,25.46,0,0.508,0,83.1,0,6.45,0,77.4,26.11,7.41,0,-59.5,6.31,20.454,0,10.97,0,1.193,3.14,0,12.75
4/8/2026,21:30, ,gtmpcwq_24G103007_031726_050000.bin,Pellicer Creek,GTMNERR,0,39.159,0,24.99,0,0.497,0,82.2,0,6.39,0,79.78,26.9,7.39,0,-58.6,6.31,20.5,0,10.64,0,1.193,3.28,0,13.29
4/8/2026,21:45, ,gtmpcwq_24G103007_031726_050000.bin,Pellicer Creek,GTMNERR,0,38.931,0,24.83,0,0.497,0,80.9,0,6.3,0,79.86,26.93,7.38,0,-57.8,6.31,20.518,0,11.65,0,1.192,3.14,0,12.74
4/8/2026,22:00, ,gtmpcwq_24G103007_031726_050000.bin,Pellicer Creek,GTMNERR,0,38.699,0,24.67,0,0.496,0,80,0,6.23,0,80.97,27.3,7.37,0,-57.2,6.31,20.514,0,9.91,0,1.193,3.19,0,12.96
4/8/2026,22:15, ,gtmpcwq_24G103007_031726_050000.bin,Pellicer Creek,GTMNERR,0,38.736,0,24.69,0,0.5,0,77.6,0,6.04,0,80.02,26.98,7.35,0,-56,6.31,20.514,0,9.34,0,1.193,3.12,0,12.67
4/8/2026,22:30, ,gtmpcwq_24G103007_031726_050000.bin,Pellicer Creek,GTMNERR,0,38.523,0,24.54,0,0.508,0,74.3,0,5.79,0,79.72,26.88,7.3,0,-53.1,6.31,20.525,0,9.8,0,1.193,2.91,0,11.8
4/8/2026,22:45, ,gtmpcwq_24G103007_031726_050000.bin,Pellicer Creek,GTMNERR,0,39.135,0,24.97,0,0.519,0,79.2,0,6.16,0,80.71,27.21,7.37,0,-56.9,6.31,20.507,0,8.87,0,1.192,3.32,0,13.46
4/8/2026,23:00, ,gtmpcwq_24G103007_031726_050000.bin,Pellicer Creek,GTMNERR,0,39.485,0,25.22,0,0.535,0,79.6,0,6.19,0,79.95,26.96,7.37,0,-57.2,6.31,20.447,0,9.51,0,1.193,3.01,0,12.21
4/8/2026,23:15, ,gtmpcwq_24G103007_031726_050000.bin,Pellicer Creek,GTMNERR,0,40.143,0,25.69,0,0.546,0,80,0,6.21,0,78.06,26.33,7.38,0,-57.4,6.31,20.355,0,10.44,0,1.192,3,0,12.16
4/8/2026,23:30, ,gtmpcwq_24G103007_031726_050000.bin,Pellicer Creek,GTMNERR,0,40.002,0,25.59,0,0.557,0,81.9,0,6.37,0,79.05,26.66,7.39,0,-58.2,6.31,20.282,0,9.07,0,1.193,3.01,0,12.22
4/8/2026,23:45, ,gtmpcwq_24G103007_031726_050000.bin,Pellicer Creek,GTMNERR,0,41.311,0,26.52,0,0.569,0,83.7,0,6.51,0,76.45,25.79,7.42,0,-59.8,6.31,19.995,0,8.64,0,1.192,2.7,0,10.97
4/9/2026,00:00, ,gtmpcwq_24G103007_031726_050000.bin,Pellicer Creek,GTMNERR,0,41.95,0,26.98,0,0.583,0,84.4,0,6.55,0,73.34,24.76,7.44,0,-61.3,6.31,19.997,0,9.72,0,1.193,2.74,0,11.12
4/9/2026,00:15, ,gtmpcwq_24G103007_031726_050000.bin,Pellicer Creek,GTMNERR,0,42.736,0,27.54,0,0.597,0,85.9,0,6.64,0,69.04,23.33,7.47,0,-63.2,6.31,19.953,0,11.84,0,1.192,2.67,0,10.84
4/9/2026,00:30, ,gtmpcwq_24G103007_031726_050000.bin,Pellicer Creek,GTMNERR,0,43.617,0,28.17,0,0.614,0,85.8,0,6.62,0,65.47,22.15,7.49,0,-64.2,6.31,19.906,0,13.85,0,1.193,2.48,0,10.07
4/9/2026,00:45, ,gtmpcwq_24G103007_031726_050000.bin,Pellicer Creek,GTMNERR,0,44.059,0,28.49,0,0.631,0,87,0,6.71,0,62.83,21.27,7.51,0,-65.6,6.31,19.824,0,15.72,0,1.193,2.44,0,9.92
4/9/2026,01:00, ,gtmpcwq_24G103007_031726_050000.bin,Pellicer Creek,GTMNERR,0,44.894,0,29.09,0,0.645,0,88.7,0,6.84,0,57.53,19.51,7.55,0,-67.8,6.31,19.685,0,21,0,1.193,2.34,0,9.5
4/9/2026,01:15, ,gtmpcwq_24G103007_031726_050000.bin,Pellicer Creek,GTMNERR,0,45.217,0,29.33,0,0.662,0,89.6,0,6.9,0,55.55,18.85,7.57,0,-68.9,6.31,19.64,0,20.21,0,1.193,2.31,0,9.39
4/9/2026,01:30, ,gtmpcwq_24G103007_031726_050000.bin,Pellicer Creek,GTMNERR,0,45.766,0,29.72,0,0.678,0,90.3,0,6.95,0,52.64,17.88,7.6,0,-70.5,6.31,19.548,0,21.82,0,1.192,2.18,0,8.85
4/9/2026,01:45, ,gtmpcwq_24G103007_031726_050000.bin,Pellicer Creek,GTMNERR,0,46.461,0,30.23,0,0.695,0,90.8,0,6.98,0,49.7,16.9,7.61,0,-71.2,6.31,19.478,0,20.87,0,1.192,2.07,0,8.42
4/9/2026,02:00, ,gtmpcwq_24G103007_031726_050000.bin,Pellicer Creek,GTMNERR,0,47.323,0,30.85,0,0.712,0,92.2,0,7.07,0,44.32,15.11,7.65,0,-73.5,6.31,19.375,0,23.59,0,1.192,1.9,0,7.73
4/9/2026,02:15, ,gtmpcwq_24G103007_031726_050000.bin,Pellicer Creek,GTMNERR,0,47.892,0,31.27,0,0.73,0,94,0,7.21,0,39.86,13.63,7.7,0,-76.3,6.31,19.271,0,26.96,0,1.193,1.89,0,7.69
4/9/2026,02:30, ,gtmpcwq_24G103007_031726_050000.bin,Pellicer Creek,GTMNERR,0,48.05,0,31.38,0,0.746,0,94.2,0,7.22,0,38.09,13.04,7.71,0,-77.2,6.31,19.232,0,31.33,0,1.192,1.89,0,7.68
4/9/2026,02:45, ,gtmpcwq_24G103007_031726_050000.bin,Pellicer Creek,GTMNERR,0,48.325,0,31.58,0,0.763,0,95.1,0,7.29,0,36.06,12.37,7.74,0,-78.7,6.31,19.174,0,31,0,1.192,1.87,0,7.58
4/9/2026,03:00, ,gtmpcwq_24G103007_031726_050000.bin,Pellicer Creek,GTMNERR,0,48.53,0,31.73,0,0.779,0,95.6,0,7.33,0,35.16,12.07,7.75,0,-79.4,6.31,19.127,0,29.19,0,1.192,1.78,0,7.25
4/9/2026,03:15, ,gtmpcwq_24G103007_031726_050000.bin,Pellicer Creek,GTMNERR,0,48.775,0,31.91,0,0.794,0,95.4,0,7.31,0,34.24,11.77,7.75,0,-79.6,6.31,19.074,0,26.96,0,1.192,1.78,0,7.23
4/9/2026,03:30, ,gtmpcwq_24G103007_031726_050000.bin,Pellicer Creek,GTMNERR,0,48.837,0,31.96,0,0.806,0,95.5,0,7.32,0,34.09,11.71,7.76,0,-80.1,6.31,19.056,0,25.38,0,1.192,1.76,0,7.17
4/9/2026,03:45, ,gtmpcwq_24G103007_031726_050000.bin,Pellicer Creek,GTMNERR,0,48.792,0,31.92,0,0.812,0,95.6,0,7.33,0,34.48,11.84,7.77,0,-80.5,6.31,19.049,0,31.23,0,1.193,1.77,0,7.18
4/9/2026,04:00, ,gtmpcwq_24G103007_031726_050000.bin,Pellicer Creek,GTMNERR,0,48.82,0,31.94,0,0.82,0,95.6,0,7.33,0,34.24,11.77,7.77,0,-80.7,6.31,19.031,0,25.65,0,1.192,1.74,0,7.08
4/9/2026,04:15, ,gtmpcwq_24G103007_031726_050000.bin,Pellicer Creek,GTMNERR,0,48.898,0,32,0,0.825,0,95.3,0,7.31,0,35.1,12.05,7.78,0,-81,6.31,19.005,0,18.2,0,1.192,1.66,0,6.77
4/9/2026,04:30, ,gtmpcwq_24G103007_031726_050000.bin,Pellicer Creek,GTMNERR,0,48.974,0,32.06,0,0.827,0,95.4,0,7.32,0,34.66,11.9,7.78,0,-81,6.31,18.998,0,17.21,0,1.192,1.58,0,6.45
4/9/2026,04:45, ,gtmpcwq_24G103007_031726_050000.bin,Pellicer Creek,GTMNERR,0,48.904,0,32.01,0,0.824,0,94.5,0,7.25,0,35.82,12.29,7.77,0,-80.5,6.31,19.002,0,12.66,0,1.192,1.62,0,6.58
4/9/2026,05:00, ,gtmpcwq_24G103007_031726_050000.bin,Pellicer Creek,GTMNERR,0,48.978,0,32.06,0,0.814,0,92.9,0,7.12,0,35.44,12.16,7.75,0,-79.6,6.31,18.99,0,11.16,0,1.192,1.53,0,6.23
4/9/2026,05:15, ,gtmpcwq_24G103007_031726_050000.bin,Pellicer Creek,GTMNERR,0,49.067,0,32.12,0,0.8,0,91.3,0,7,0,33.98,11.68,7.74,0,-79,6.31,18.988,0,12.51,0,1.192,1.5,0,6.1
4/9/2026,05:30, ,gtmpcwq_24G103007_031726_050000.bin,Pellicer Creek,GTMNERR,0,48.906,0,32.01,0,0.784,0,94,0,7.21,0,35.95,12.33,7.76,0,-80.2,6.31,19.013,0,12.65,0,1.192,1.54,0,6.26
4/9/2026,05:45, ,gtmpcwq_24G103007_031726_050000.bin,Pellicer Creek,GTMNERR,0,48.557,0,31.75,0,0.766,0,93.7,0,7.18,0,37.25,12.77,7.75,0,-79.2,6.31,19.105,0,18.68,0,1.192,1.63,0,6.63
4/9/2026,06:00, ,gtmpcwq_24G103007_031726_050000.bin,Pellicer Creek,GTMNERR,0,48.619,0,31.8,0,0.75,0,94,0,7.2,0,37.66,12.9,7.75,0,-79.5,6.31,19.087,0,14.67,0,1.192,1.69,0,6.86
4/9/2026,06:15, ,gtmpcwq_24G103007_031726_050000.bin,Pellicer Creek,GTMNERR,0,48.501,0,31.71,0,0.736,0,93.4,0,7.16,0,38.46,13.17,7.74,0,-78.8,6.31,19.09,0,15.6,0,1.192,1.63,0,6.65
4/9/2026,06:30, ,gtmpcwq_24G103007_031726_050000.bin,Pellicer Creek,GTMNERR,0,48.238,0,31.52,0,0.724,0,92.3,0,7.09,0,39.34,13.46,7.72,0,-77.7,6.31,19.117,0,18.54,0,1.192,1.74,0,7.09
4/9/2026,06:45, ,gtmpcwq_24G103007_031726_050000.bin,Pellicer Creek,GTMNERR,0,47.143,0,30.72,0,0.709,0,90.1,0,6.94,0,47.3,16.11,7.65,0,-73.8,6.31,19.17,0,13.44,0,1.192,1.7,0,6.92
4/9/2026,07:00, ,gtmpcwq_24G103007_031726_050000.bin,Pellicer Creek,GTMNERR,0,46.716,0,30.41,0,0.693,0,89.3,0,6.89,0,49.56,16.86,7.63,0,-72,6.31,19.2,0,12.92,0,1.192,1.65,0,6.7
4/9/2026,07:15, ,gtmpcwq_24G103007_031726_050000.bin,Pellicer Creek,GTMNERR,0,46.336,0,30.14,0,0.677,0,88.4,0,6.82,0,51.68,17.56,7.6,0,-70.7,6.31,19.25,0,13.85,0,1.192,1.67,0,6.8
4/9/2026,07:30, ,gtmpcwq_24G103007_031726_050000.bin,Pellicer Creek,GTMNERR,0,46.141,0,29.99,0,0.66,0,87.8,0,6.78,0,52.28,17.76,7.59,0,-69.9,6.31,19.3,0,15.01,0,1.192,1.76,0,7.17
4/9/2026,07:45, ,gtmpcwq_24G103007_031726_050000.bin,Pellicer Creek,GTMNERR,0,45.575,0,29.59,0,0.646,0,86.5,0,6.69,0,54.46,18.49,7.55,0,-67.8,6.31,19.352,0,18.82,0,1.192,1.78,0,7.24
4/9/2026,08:00, ,gtmpcwq_24G103007_031726_050000.bin,Pellicer Creek,GTMNERR,0,45.072,0,29.22,0,0.631,0,85.5,0,6.61,0,57.05,19.35,7.52,0,-66,6.31,19.41,0,16.57,0,1.192,1.92,0,7.79
4/9/2026,08:15, ,gtmpcwq_24G103007_031726_050000.bin,Pellicer Creek,GTMNERR,0,44.37,0,28.72,0,0.616,0,84,0,6.51,0,60.66,20.55,7.48,0,-63.7,6.31,19.497,0,14.82,0,1.192,2.02,0,8.2
4/9/2026,08:30, ,gtmpcwq_24G103007_031726_050000.bin,Pellicer Creek,GTMNERR,0,43.551,0,28.13,0,0.605,0,82.9,0,6.43,0,64.21,21.73,7.45,0,-61.5,6.31,19.602,0,14.34,0,1.192,2.03,0,8.26
4/9/2026,08:45, ,gtmpcwq_24G103007_031726_050000.bin,Pellicer Creek,GTMNERR,0,42.793,0,27.58,0,0.588,0,81.9,0,6.36,0,67.16,22.71,7.42,0,-59.7,6.31,19.687,0,13.97,0,1.192,1.99,0,8.1
4/9/2026,09:00, ,gtmpcwq_24G103007_031726_050000.bin,Pellicer Creek,GTMNERR,0,42.028,0,27.03,0,0.571,0,80.5,0,6.27,0,70.25,23.73,7.38,0,-57.6,6.31,19.772,0,12.78,0,1.192,2.03,0,8.26
4/9/2026,09:15, ,gtmpcwq_24G103007_031726_050000.bin,Pellicer Creek,GTMNERR,0,41.318,0,26.53,0,0.559,0,79.7,0,6.22,0,71.89,24.28,7.36,0,-56.2,6.31,19.848,0,13.73,0,1.192,2.21,0,8.97
4/9/2026,09:30, ,gtmpcwq_24G103007_031726_050000.bin,Pellicer Creek,GTMNERR,0,40.562,0,25.99,0,0.541,0,78.7,0,6.15,0,74.45,25.13,7.33,0,-54.8,6.31,19.931,0,12.7,0,1.192,2.22,0,9.03
4/9/2026,09:45, ,gtmpcwq_24G103007_031726_050000.bin,Pellicer Creek,GTMNERR,0,39.797,0,25.45,0,0.528,0,77.8,0,6.08,0,77.43,26.12,7.3,0,-53.1,6.31,20.02,0,11.43,0,1.192,2.31,0,9.39
4/9/2026,10:00, ,gtmpcwq_24G103007_031726_050000.bin,Pellicer Creek,GTMNERR,0,38.894,0,24.81,0,0.518,0,76.7,0,6.01,0,79.78,26.9,7.28,0,-51.5,6.31,20.115,0,11.34,0,1.192,2.4,0,9.74
4/9/2026,10:15, ,gtmpcwq_24G103007_031726_050000.bin,Pellicer Creek,GTMNERR,0,38.202,0,24.32,0,0.508,0,76.1,0,5.97,0,82.22,27.71,7.26,0,-50.4,6.31,20.198,0,10.97,0,1.193,2.51,0,10.2
4/9/2026,10:30, ,gtmpcwq_24G103007_031726_050000.bin,Pellicer Creek,GTMNERR,0,37.375,0,23.74,0,0.496,0,76.1,0,5.98,0,84.39,28.43,7.25,0,-50,6.31,20.295,0,10.47,0,1.192,2.42,0,9.82
4/9/2026,10:45, ,gtmpcwq_24G103007_031726_050000.bin,Pellicer Creek,GTMNERR,0,36.74,0,23.29,0,0.487,0,75.1,0,5.91,0,85.7,28.87,7.23,0,-48.7,6.31,20.368,0,10.68,0,1.192,2.6,0,10.55
4/9/2026,11:00, ,gtmpcwq_24G103007_031726_050000.bin,Pellicer Creek,GTMNERR,0,36.221,0,22.93,0,0.484,0,74.8,0,5.89,0,87.18,29.36,7.22,0,-48.1,6.31,20.445,0,10.09,0,1.192,2.52,0,10.23
4/9/2026,11:15, ,gtmpcwq_24G103007_031726_050000.bin,Pellicer Creek,GTMNERR,0,35.741,0,22.59,0,0.477,0,74.4,0,5.86,0,88.19,29.7,7.22,0,-48,6.31,20.512,0,8.97,0,1.192,2.77,0,11.25
4/9/2026,11:30, ,gtmpcwq_24G103007_031726_050000.bin,Pellicer Creek,GTMNERR,0,35.418,0,22.37,0,0.472,0,73.7,0,5.81,0,89.11,30,7.2,0,-47.1,6.31,20.548,0,9.53,0,1.192,2.74,0,11.13
4/9/2026,11:45, ,gtmpcwq_24G103007_031726_050000.bin,Pellicer Creek,GTMNERR,0,35.506,0,22.43,0,0.473,0,72.7,0,5.73,0,88.91,29.94,7.19,0,-46.7,6.31,20.558,0,8.77,0,1.192,2.73,0,11.08
4/9/2026,12:00, ,gtmpcwq_24G103007_031726_050000.bin,Pellicer Creek,GTMNERR,0,35.565,0,22.47,0,0.479,0,68.3,0,5.38,0,87.94,29.61,7.17,0,-45.4,6.31,20.567,0,8.51,0,1.192,2.2,0,8.95
4/9/2026,12:15, ,gtmpcwq_24G103007_031726_050000.bin,Pellicer Creek,GTMNERR,0,35.751,0,22.6,0,0.487,0,72.4,0,5.71,0,88.22,29.71,7.19,0,-46.4,6.31,20.556,0,7.89,0,1.192,2.61,0,10.6
4/9/2026,12:30, ,gtmpcwq_24G103007_031726_050000.bin,Pellicer Creek,GTMNERR,0,36.323,0,23,0,0.496,0,74.5,0,5.86,0,87.45,29.45,7.21,0,-47.4,6.31,20.543,0,8.53,0,1.192,2.74,0,11.11
4/9/2026,12:45, ,gtmpcwq_24G103007_031726_050000.bin,Pellicer Creek,GTMNERR,0,36.448,0,23.08,0,0.51,0,78.6,0,6.16,0,86.95,29.28,7.23,0,-48.7,6.31,20.678,0,8.8,0,1.192,2.66,0,10.78
4/9/2026,13:00, ,gtmpcwq_24G103007_031726_050000.bin,Pellicer Creek,GTMNERR,0,38.171,0,24.29,0,0.52,0,78.1,0,6.09,0,82.31,27.74,7.23,0,-48.9,6.31,20.531,0,10.17,0,1.192,2.59,0,10.52
4/9/2026,13:15, ,gtmpcwq_24G103007_031726_050000.bin,Pellicer Creek,GTMNERR,0,38.158,0,24.28,0,0.536,0,81.6,0,6.32,0,81.97,27.63,7.25,0,-50.2,6.31,20.881,0,10.11,0,1.192,2.68,0,10.87
4/9/2026,13:30, ,gtmpcwq_24G103007_031726_050000.bin,Pellicer Creek,GTMNERR,0,38.869,0,24.78,0,0.549,0,86.2,0,6.65,0,80.01,26.98,7.29,0,-52.4,6.31,20.977,0,8.91,0,1.192,2.53,0,10.28
4/9/2026,13:45, ,gtmpcwq_24G103007_031726_050000.bin,Pellicer Creek,GTMNERR,0,39.073,0,24.92,0,0.565,0,89.1,0,6.84,0,78.49,26.47,7.32,0,-54.1,6.31,21.17,0,8.99,0,1.192,2.73,0,11.06
4/9/2026,14:00, ,gtmpcwq_24G103007_031726_050000.bin,Pellicer Creek,GTMNERR,0,39.576,0,25.28,0,0.575,0,89.1,0,6.83,0,76.4,25.78,7.34,0,-55.5,6.31,21.143,0,10.5,0,1.192,2.6,0,10.55
4/9/2026,14:15, ,gtmpcwq_24G103007_031726_050000.bin,Pellicer Creek,GTMNERR,0,40.56,0,25.98,0,0.587,0,87.6,0,6.72,0,74.15,25.03,7.34,0,-55.1,6.31,20.948,0,11.5,0,1.192,2.75,0,11.14
4/9/2026,14:30, ,gtmpcwq_24G103007_031726_050000.bin,Pellicer Creek,GTMNERR,0,41.123,0,26.38,0,0.599,0,86.8,0,6.64,0,71.79,24.25,7.34,0,-55.2,6.31,20.893,0,13.11,0,1.193,2.68,0,10.87
4/9/2026,14:45, ,gtmpcwq_24G103007_031726_050000.bin,Pellicer Creek,GTMNERR,0,42.254,0,27.19,0,0.61,0,89.9,0,6.84,0,68.05,23,7.38,0,-57.7,6.31,20.968,0,13.42,0,1.192,2.66,0,10.79
4/9/2026,15:00, ,gtmpcwq_24G103007_031726_050000.bin,Pellicer Creek,GTMNERR,0,42.755,0,27.55,0,0.622,0,89.9,0,6.83,0,65.33,22.1,7.4,0,-58.7,6.31,20.931,0,14.37,0,1.192,2.67,0,10.84
4/9/2026,15:15, ,gtmpcwq_24G103007_031726_050000.bin,Pellicer Creek,GTMNERR,0,43.961,0,28.41,0,0.632,0,91.7,0,6.91,0,60.71,20.56,7.44,0,-61.5,6.31,21.042,0,14.5,0,1.193,2.43,0,9.87
4/9/2026,15:30, ,gtmpcwq_24G103007_031726_050000.bin,Pellicer Creek,GTMNERR,0,44.402,0,28.73,0,0.64,0,93.2,0,7.01,0,59.17,20.05,7.45,0,-62,6.31,21.078,0,15.15,0,1.192,2.35,0,9.53
4/9/2026,15:45, ,gtmpcwq_24G103007_031726_050000.bin,Pellicer Creek,GTMNERR,0,44.725,0,28.96,0,0.648,0,92.7,0,6.96,0,58.57,19.85,7.47,0,-62.8,6.31,21.109,0,13.28,0,1.192,2.32,0,9.43
4/9/2026,16:00, ,gtmpcwq_24G103007_031726_050000.bin,Pellicer Creek,GTMNERR,0,44.933,0,29.11,0,0.652,0,94.8,0,7.1,0,57.69,19.56,7.48,0,-63.4,6.31,21.193,0,12.78,0,1.192,2.53,0,10.26
4/9/2026,16:15, ,gtmpcwq_24G103007_031726_050000.bin,Pellicer Creek,GTMNERR,0,45.191,0,29.3,0,0.652,0,94.3,0,7.06,0,56.35,19.11,7.48,0,-63.4,6.31,21.201,0,13.25,0,1.192,2.48,0,10.07
4/9/2026,16:30, ,gtmpcwq_24G103007_031726_050000.bin,Pellicer Creek,GTMNERR,0,45.383,0,29.43,0,0.647,0,93.7,0,7,0,56.17,19.05,7.48,0,-63.5,6.31,21.215,0,10.72,0,1.192,2.53,0,10.26
4/9/2026,16:45, ,gtmpcwq_24G103007_031726_050000.bin,Pellicer Creek,GTMNERR,0,45.461,0,29.49,0,0.641,0,89.1,0,6.66,0,54.26,18.42,7.42,0,-60.3,6.31,21.197,0,12.76,0,1.192,2.29,0,9.29
4/9/2026,17:00, ,gtmpcwq_24G103007_031726_050000.bin,Pellicer Creek,GTMNERR,0,45.429,0,29.47,0,0.632,0,88.8,0,6.64,0,54.43,18.48,7.42,0,-60.4,6.31,21.19,0,11.34,0,1.192,2.31,0,9.37
4/9/2026,17:15, ,gtmpcwq_24G103007_031726_050000.bin,Pellicer Creek,GTMNERR,0,45.225,0,29.32,0,0.621,0,91.8,0,6.87,0,55.84,18.94,7.46,0,-62.6,6.31,21.191,0,10.51,0,1.193,2.49,0,10.1
4/9/2026,17:30, ,gtmpcwq_24G103007_031726_050000.bin,Pellicer Creek,GTMNERR,0,44.754,0,28.98,0,0.611,0,94,0,7.04,0,58.02,19.67,7.47,0,-63,6.31,21.232,0,10.88,0,1.192,2.8,0,11.38
4/9/2026,17:45, ,gtmpcwq_24G103007_031726_050000.bin,Pellicer Creek,GTMNERR,0,44.829,0,29.03,0,0.601,0,93.6,0,7.02,0,57.54,19.51,7.47,0,-62.9,6.31,21.173,0,12.4,0,1.192,2.7,0,10.94
4/9/2026,18:00, ,gtmpcwq_24G103007_031726_050000.bin,Pellicer Creek,GTMNERR,0,44.165,0,28.56,0,0.586,0,93.7,0,7.04,0,60.66,20.54,7.45,0,-62.2,6.31,21.216,0,12.09,0,1.192,2.79,0,11.31
4/9/2026,18:15, ,gtmpcwq_24G103007_031726_050000.bin,Pellicer Creek,GTMNERR,0,43.367,0,27.98,0,0.571,0,92.6,0,6.98,0,63.48,21.48,7.44,0,-61.1,6.31,21.219,0,11.73,0,1.192,2.88,0,11.69
4/9/2026,18:30, ,gtmpcwq_24G103007_031726_050000.bin,Pellicer Creek,GTMNERR,0,42.109,0,27.08,0,0.558,0,91.8,0,6.95,0,67.9,22.95,7.41,0,-59.2,6.31,21.254,0,11.3,0,1.192,2.85,0,11.58
4/9/2026,18:45, ,gtmpcwq_24G103007_031726_050000.bin,Pellicer Creek,GTMNERR,0,41.54,0,26.67,0,0.545,0,91.3,0,6.93,0,69.96,23.64,7.39,0,-58.3,6.31,21.274,0,11.38,0,1.192,2.9,0,11.76
4/9/2026,19:00, ,gtmpcwq_24G103007_031726_050000.bin,Pellicer Creek,GTMNERR,0,40.575,0,25.99,0,0.528,0,90.2,0,6.87,0,72.85,24.6,7.37,0,-57,6.31,21.297,0,11.03,0,1.192,3.05,0,12.35
4/9/2026,19:15, ,gtmpcwq_24G103007_031726_050000.bin,Pellicer Creek,GTMNERR,0,39.341,0,25.11,0,0.516,0,88.5,0,6.77,0,76.72,25.88,7.33,0,-54.9,6.31,21.325,0,10.56,0,1.192,3.05,0,12.36
4/9/2026,19:30, ,gtmpcwq_24G103007_031726_050000.bin,Pellicer Creek,GTMNERR,0,38.571,0,24.57,0,0.504,0,87.6,0,6.72,0,78.75,26.56,7.31,0,-53.8,6.31,21.334,0,10.93,0,1.192,2.86,0,11.59
4/9/2026,19:45, ,gtmpcwq_24G103007_031726_050000.bin,Pellicer Creek,GTMNERR,0,37.355,0,23.71,0,0.491,0,86.6,0,6.68,0,82.16,27.69,7.3,0,-52.8,6.31,21.344,0,10.26,0,1.192,2.9,0,11.75
4/9/2026,20:00, ,gtmpcwq_24G103007_031726_050000.bin,Pellicer Creek,GTMNERR,0,36.569,0,23.16,0,0.475,0,85.4,0,6.61,0,84.47,28.46,7.27,0,-51.4,6.31,21.364,0,9.47,0,1.192,2.86,0,11.6
4/9/2026,20:15, ,gtmpcwq_24G103007_031726_050000.bin,Pellicer Creek,GTMNERR,0,35.755,0,22.59,0,0.46,0,83.7,0,6.49,0,86.15,29.02,7.25,0,-50,6.31,21.38,0,9.76,0,1.192,2.86,0,11.6
4/9/2026,20:30, ,gtmpcwq_24G103007_031726_050000.bin,Pellicer Creek,GTMNERR,0,34.932,0,22.02,0,0.448,0,82.1,0,6.38,0,87.95,29.62,7.23,0,-48.8,6.31,21.407,0,10.08,0,1.193,2.73,0,11.06
4/9/2026,20:45, ,gtmpcwq_24G103007_031726_050000.bin,Pellicer Creek,GTMNERR,0,34.136,0,21.47,0,0.435,0,81,0,6.32,0,90.14,30.35,7.22,0,-48,6.31,21.397,0,9.4,0,1.192,2.69,0,10.9
4/9/2026,21:00, ,gtmpcwq_24G103007_031726_050000.bin,Pellicer Creek,GTMNERR,0,33.62,0,21.11,0,0.418,0,79.6,0,6.22,0,91.39,30.76,7.2,0,-46.9,6.31,21.417,0,8.66,0,1.192,2.82,0,11.45
4/9/2026,21:15, ,gtmpcwq_24G103007_031726_050000.bin,Pellicer Creek,GTMNERR,0,32.868,0,20.59,0,0.402,0,78,0,6.12,0,93.2,31.36,7.18,0,-45.7,6.31,21.399,0,9.02,0,1.192,2.77,0,11.23
4/9/2026,21:30, ,gtmpcwq_24G103007_031726_050000.bin,Pellicer Creek,GTMNERR,0,32.28,0,20.18,0,0.386,0,76.9,0,6.05,0,94.56,31.81,7.17,0,-45,6.31,21.393,0,8.52,0,1.192,2.76,0,11.19
4/9/2026,21:45, ,gtmpcwq_24G103007_031726_050000.bin,Pellicer Creek,GTMNERR,0,31.637,0,19.74,0,0.371,0,75.7,0,5.97,0,95.75,32.21,7.15,0,-44.1,6.31,21.382,0,9.03,0,1.192,2.7,0,10.97
4/9/2026,22:00, ,gtmpcwq_24G103007_031726_050000.bin,Pellicer Creek,GTMNERR,0,31.153,0,19.41,0,0.356,0,74.1,0,5.86,0,96.68,32.52,7.14,0,-43.2,6.31,21.375,0,8.99,0,1.192,2.73,0,11.09
4/9/2026,22:15, ,gtmpcwq_24G103007_031726_050000.bin,Pellicer Creek,GTMNERR,0,30.662,0,19.07,0,0.345,0,73,0,5.78,0,97.83,32.9,7.12,0,-42.6,6.31,21.363,0,8.33,0,1.192,2.69,0,10.92
4/9/2026,22:30, ,gtmpcwq_24G103007_031726_050000.bin,Pellicer Creek,GTMNERR,0,30.191,0,18.75,0,0.335,0,71.9,0,5.71,0,99.65,33.51,7.11,0,-41.9,6.31,21.351,0,7.23,0,1.192,2.61,0,10.59
4/9/2026,22:45, ,gtmpcwq_24G103007_031726_050000.bin,Pellicer Creek,GTMNERR,0,30.33,0,18.85,0,0.332,0,71.1,0,5.64,0,99.19,33.35,7.11,0,-41.6,6.31,21.355,0,7.45,0,1.192,2.67,0,10.84
4/9/2026,23:00, ,gtmpcwq_24G103007_031726_050000.bin,Pellicer Creek,GTMNERR,0,30.473,0,18.94,0,0.337,0,67.5,0,5.35,0,97.42,32.77,7.09,0,-40.5,6.31,21.358,0,6.94,0,1.192,2.52,0,10.24
4/9/2026,23:15, ,gtmpcwq_24G103007_031726_050000.bin,Pellicer Creek,GTMNERR,0,30.278,0,18.81,0,0.353,0,69.7,0,5.53,0,99.37,33.41,7.1,0,-41,6.31,21.354,0,6.18,0,1.192,2.53,0,10.26
4/9/2026,23:30, ,gtmpcwq_24G103007_031726_050000.bin,Pellicer Creek,GTMNERR,0,30.662,0,19.07,0,0.366,0,71.2,0,5.64,0,99.34,33.4,7.11,0,-41.5,6.31,21.345,0,7.21,0,1.192,2.72,0,11.03
4/9/2026,23:45, ,gtmpcwq_24G103007_031726_050000.bin,Pellicer Creek,GTMNERR,0,31.662,0,19.76,0,0.379,0,71.7,0,5.67,0,97.58,32.82,7.11,0,-41.6,6.31,21.249,0,7.2,0,1.192,2.48,0,10.07
4/10/2026,00:00, ,gtmpcwq_24G103007_031726_050000.bin,Pellicer Creek,GTMNERR,0,33.062,0,20.72,0,0.394,0,72.5,0,5.7,0,94.79,31.89,7.12,0,-42.1,6.31,21.261,0,7.52,0,1.192,2.71,0,11.01
4/10/2026,00:15, ,gtmpcwq_24G103007_031726_050000.bin,Pellicer Creek,GTMNERR,0,34.929,0,22.02,0,0.412,0,72.5,0,5.67,0,91.15,30.68,7.12,0,-42.3,6.31,21.134,0,9.08,0,1.192,2.35,0,9.53
4/10/2026,00:30, ,gtmpcwq_24G103007_031726_050000.bin,Pellicer Creek,GTMNERR,0,34.881,0,21.99,0,0.431,0,73.1,0,5.71,0,90.79,30.56,7.13,0,-42.7,6.31,21.166,0,9.55,0,1.192,2.34,0,9.5
4/10/2026,00:45, ,gtmpcwq_24G103007_031726_050000.bin,Pellicer Creek,GTMNERR,0,34.188,0,21.5,0,0.449,0,73.8,0,5.79,0,92.53,31.14,7.14,0,-43.4,6.31,21.11,0,8.36,0,1.192,2.32,0,9.42
4/10/2026,01:00, ,gtmpcwq_24G103007_031726_050000.bin,Pellicer Creek,GTMNERR,0,34.886,0,21.99,0,0.463,0,74.3,0,5.82,0,90.61,30.5,7.15,0,-44.2,6.31,21.066,0,9.54,0,1.192,2.32,0,9.41
4/10/2026,01:15, ,gtmpcwq_24G103007_031726_050000.bin,Pellicer Creek,GTMNERR,0,35.639,0,22.52,0,0.479,0,73.8,0,5.77,0,88.02,29.64,7.15,0,-44.3,6.31,20.977,0,11.73,0,1.191,2.19,0,8.88
4/10/2026,01:30, ,gtmpcwq_24G103007_031726_050000.bin,Pellicer Creek,GTMNERR,0,37.139,0,23.57,0,0.494,0,74.9,0,5.83,0,54.75,18.58,7.18,0,-45.7,6.31,20.904,0,16.28,0,1.192,2.19,0,8.88
4/10/2026,01:45, ,gtmpcwq_24G103007_031726_050000.bin,Pellicer Creek,GTMNERR,0,38.396,0,24.45,0,0.512,0,75.2,0,5.83,0,82.54,27.82,7.19,0,-46.6,6.31,20.78,0,12.89,0,1.192,2.02,0,8.2
4/10/2026,02:00, ,gtmpcwq_24G103007_031726_050000.bin,Pellicer Creek,GTMNERR,0,39.571,0,25.28,0,0.529,0,74.7,0,5.77,0,81.11,27.34,7.19,0,-46.6,6.31,20.764,0,11.48,0,1.192,1.96,0,7.97
4/10/2026,02:15, ,gtmpcwq_24G103007_031726_050000.bin,Pellicer Creek,GTMNERR,0,40.512,0,25.95,0,0.546,0,74.9,0,5.76,0,78.78,26.57,7.2,0,-46.9,6.31,20.73,0,12.69,0,1.192,1.93,0,7.82
4/10/2026,02:30, ,gtmpcwq_24G103007_031726_050000.bin,Pellicer Creek,GTMNERR,0,41.341,0,26.54,0,0.563,0,74.9,0,5.75,0,77.71,26.21,7.2,0,-47.2,6.31,20.712,0,12.19,0,1.192,1.78,0,7.25
4/10/2026,02:45, ,gtmpcwq_24G103007_031726_050000.bin,Pellicer Creek,GTMNERR,0,41.715,0,26.81,0,0.581,0,75.3,0,5.78,0,77.76,26.23,7.22,0,-48.2,6.31,20.623,0,9.59,0,1.192,1.88,0,7.63
4/10/2026,03:00, ,gtmpcwq_24G103007_031726_050000.bin,Pellicer Creek,GTMNERR,0,42.618,0,27.45,0,0.598,0,76.3,0,5.83,0,72.35,24.43,7.24,0,-49.6,6.31,20.602,0,13.54,0,1.192,1.91,0,7.75
4/10/2026,03:15, ,gtmpcwq_24G103007_031726_050000.bin,Pellicer Creek,GTMNERR,0,42.966,0,27.7,0,0.612,0,77.6,0,5.94,0,71.38,24.11,7.28,0,-51.5,6.31,20.54,0,11.46,0,1.192,1.92,0,7.81
4/10/2026,03:30, ,gtmpcwq_24G103007_031726_050000.bin,Pellicer Creek,GTMNERR,0,43.44,0,28.04,0,0.63,0,78.9,0,6.02,0,67.46,22.8,7.32,0,-53.9,6.31,20.524,0,13.72,0,1.191,1.87,0,7.6
4/10/2026,03:45, ,gtmpcwq_24G103007_031726_050000.bin,Pellicer Creek,GTMNERR,0,43.919,0,28.39,0,0.645,0,81.3,0,6.2,0,64.93,21.97,7.35,0,-56.2,6.31,20.46,0,14.73,0,1.192,1.77,0,7.2
4/10/2026,04:00, ,gtmpcwq_24G103007_031726_050000.bin,Pellicer Creek,GTMNERR,0,44.015,0,28.45,0,0.66,0,82,0,6.26,0,65.57,22.18,7.37,0,-57.3,6.31,20.402,0,11.35,0,1.192,1.75,0,7.1
4/10/2026,04:15, ,gtmpcwq_24G103007_031726_050000.bin,Pellicer Creek,GTMNERR,0,44.636,0,28.9,0,0.672,0,83.4,0,6.35,0,61.55,20.84,7.42,0,-59.8,6.31,20.382,0,13,0,1.192,1.73,0,7.02
4/10/2026,04:30, ,gtmpcwq_24G103007_031726_050000.bin,Pellicer Creek,GTMNERR,0,44.9,0,29.09,0,0.683,0,83.9,0,6.39,0,60.49,20.49,7.43,0,-60.8,6.31,20.36,0,12.96,0,1.192,1.69,0,6.86
4/10/2026,04:45, ,gtmpcwq_24G103007_031726_050000.bin,Pellicer Creek,GTMNERR,0,45.06,0,29.21,0,0.692,0,83.6,0,6.36,0,59.66,20.21,7.45,0,-61.6,6.31,20.323,0,11.62,0,1.192,1.62,0,6.6
4/10/2026,05:00, ,gtmpcwq_24G103007_031726_050000.bin,Pellicer Creek,GTMNERR,0,45.244,0,29.34,0,0.698,0,84.2,0,6.41,0,58.95,19.98,7.46,0,-62.4,6.31,20.307,0,10.65,0,1.192,1.59,0,6.46
4/10/2026,05:15, ,gtmpcwq_24G103007_031726_050000.bin,Pellicer Creek,GTMNERR,0,45.387,0,29.45,0,0.703,0,84.7,0,6.44,0,58.2,19.73,7.47,0,-62.9,6.31,20.287,0,10.63,0,1.192,1.62,0,6.58
4/10/2026,05:30, ,gtmpcwq_24G103007_031726_050000.bin,Pellicer Creek,GTMNERR,0,45.541,0,29.56,0,0.703,0,84.3,0,6.4,0,57.65,19.55,7.47,0,-63.2,6.31,20.282,0,10.63,0,1.192,1.58,0,6.44
4/10/2026,05:45, ,gtmpcwq_24G103007_031726_050000.bin,Pellicer Creek,GTMNERR,0,45.536,0,29.55,0,0.696,0,82.4,0,6.27,0,57.8,19.59,7.46,0,-62.4,6.31,20.26,0,8.44,0,1.192,1.6,0,6.52
4/10/2026,06:00, ,gtmpcwq_24G103007_031726_050000.bin,Pellicer Creek,GTMNERR,0,45.617,0,29.61,0,0.685,0,78.7,0,5.98,0,55.29,18.76,7.42,0,-60,6.31,20.274,0,10.25,0,1.192,1.44,0,5.84
4/10/2026,06:15, ,gtmpcwq_24G103007_031726_050000.bin,Pellicer Creek,GTMNERR,0,45.535,0,29.55,0,0.67,0,81.6,0,6.2,0,56.18,19.06,7.46,0,-62.2,6.31,20.291,0,10.72,0,1.192,1.54,0,6.25
4/10/2026,06:30, ,gtmpcwq_24G103007_031726_050000.bin,Pellicer Creek,GTMNERR,0,45.373,0,29.43,0,0.658,0,82.8,0,6.3,0,57.71,19.57,7.46,0,-62.1,6.31,20.303,0,9.57,0,1.192,1.6,0,6.49
4/10/2026,06:45, ,gtmpcwq_24G103007_031726_050000.bin,Pellicer Creek,GTMNERR,0,44.875,0,29.07,0,0.646,0,82.1,0,6.25,0,60.67,20.55,7.43,0,-60.5,6.31,20.338,0,10.41,0,1.192,1.52,0,6.17
4/10/2026,07:00, ,gtmpcwq_24G103007_031726_050000.bin,Pellicer Creek,GTMNERR,0,44.556,0,28.84,0,0.635,0,81.2,0,6.19,0,62.42,21.13,7.41,0,-59.2,6.31,20.352,0,9.97,0,1.192,1.52,0,6.2
4/10/2026,07:15, ,gtmpcwq_24G103007_031726_050000.bin,Pellicer Creek,GTMNERR,0,44.239,0,28.62,0,0.622,0,80.6,0,6.15,0,64,21.66,7.39,0,-58.1,6.31,20.363,0,10.41,0,1.192,1.58,0,6.43
4/10/2026,07:30, ,gtmpcwq_24G103007_031726_050000.bin,Pellicer Creek,GTMNERR,0,43.812,0,28.31,0,0.606,0,79.5,0,6.08,0,66.09,22.35,7.36,0,-56.5,6.31,20.378,0,10.8,0,1.192,1.61,0,6.56
4/10/2026,07:45, ,gtmpcwq_24G103007_031726_050000.bin,Pellicer Creek,GTMNERR,0,43.094,0,27.79,0,0.591,0,77.9,0,5.97,0,68.78,23.25,7.32,0,-54.2,6.31,20.373,0,10.71,0,1.192,1.54,0,6.26
4/10/2026,08:00, ,gtmpcwq_24G103007_031726_050000.bin,Pellicer Creek,GTMNERR,0,42.369,0,27.27,0,0.576,0,76.3,0,5.86,0,72.23,24.39,7.28,0,-51.9,6.31,20.419,0,9.84,0,1.192,1.62,0,6.58
4/10/2026,08:15, ,gtmpcwq_24G103007_031726_050000.bin,Pellicer Creek,GTMNERR,0,41.773,0,26.85,0,0.56,0,75.5,0,5.81,0,71.79,24.25,7.26,0,-50.8,6.31,20.452,0,18.32,0,1.192,1.8,0,7.32
4/10/2026,08:30, ,gtmpcwq_24G103007_031726_050000.bin,Pellicer Creek,GTMNERR,0,40.835,0,26.18,0,0.545,0,74.3,0,5.73,0,76.28,25.74,7.23,0,-49,6.31,20.528,0,11.41,0,1.192,1.82,0,7.4
4/10/2026,08:45, ,gtmpcwq_24G103007_031726_050000.bin,Pellicer Creek,GTMNERR,0,40.312,0,25.81,0,0.528,0,73.4,0,5.67,0,77.68,26.2,7.21,0,-47.9,6.31,20.564,0,11.28,0,1.192,1.78,0,7.22
4/10/2026,09:00, ,gtmpcwq_24G103007_031726_050000.bin,Pellicer Creek,GTMNERR,0,39.293,0,25.09,0,0.511,0,73,0,5.66,0,80.26,27.06,7.2,0,-47,6.31,20.609,0,10.86,0,1.192,1.85,0,7.52
4/10/2026,09:15, ,gtmpcwq_24G103007_031726_050000.bin,Pellicer Creek,GTMNERR,0,38.512,0,24.53,0,0.495,0,72.3,0,5.62,0,82.34,27.75,7.18,0,-45.8,6.31,20.654,0,11,0,1.192,1.9,0,7.72
4/10/2026,09:30, ,gtmpcwq_24G103007_031726_050000.bin,Pellicer Creek,GTMNERR,0,37.557,0,23.86,0,0.483,0,71.8,0,5.6,0,84.24,28.38,7.17,0,-45,6.31,20.723,0,10.78,0,1.192,1.9,0,7.74
4/10/2026,09:45, ,gtmpcwq_24G103007_031726_050000.bin,Pellicer Creek,GTMNERR,0,36.501,0,23.12,0,0.467,0,71.5,0,5.58,0,86.38,29.1,7.15,0,-44,6.31,20.843,0,10.04,0,1.192,1.89,0,7.69
4/10/2026,10:00, ,gtmpcwq_24G103007_031726_050000.bin,Pellicer Creek,GTMNERR,0,35.939,0,22.73,0,0.451,0,71.4,0,5.58,0,86.99,29.3,7.14,0,-43.7,6.31,20.908,0,10.75,0,1.192,1.99,0,8.07
4/10/2026,10:15, ,gtmpcwq_24G103007_031726_050000.bin,Pellicer Creek,GTMNERR,0,34.985,0,22.06,0,0.434,0,71.2,0,5.57,0,89.49,30.13,7.13,0,-42.7,6.31,21.044,0,9.55,0,1.192,1.99,0,8.07
4/10/2026,10:30, ,gtmpcwq_24G103007_031726_050000.bin,Pellicer Creek,GTMNERR,0,33.978,0,21.36,0,0.416,0,71.7,0,5.63,0,90.88,30.59,7.12,0,-42.5,6.31,21.15,0,10.01,0,1.192,2.15,0,8.74
4/10/2026,10:45, ,gtmpcwq_24G103007_031726_050000.bin,Pellicer Creek,GTMNERR,0,33.053,0,20.72,0,0.402,0,71.8,0,5.64,0,92.05,30.98,7.11,0,-41.9,6.31,21.274,0,10.06,0,1.192,2.02,0,8.22
4/10/2026,11:00, ,gtmpcwq_24G103007_031726_050000.bin,Pellicer Creek,GTMNERR,0,32.474,0,20.32,0,0.384,0,71.3,0,5.61,0,92.91,31.26,7.11,0,-41.5,6.31,21.353,0,9.84,0,1.192,2.13,0,8.65
4/10/2026,11:15, ,gtmpcwq_24G103007_031726_050000.bin,Pellicer Creek,GTMNERR,0,31.599,0,19.71,0,0.367,0,71.9,0,5.65,0,94.27,31.72,7.09,0,-40.7,6.31,21.537,0,9.71,0,1.192,2.03,0,8.26
4/10/2026,11:30, ,gtmpcwq_24G103007_031726_050000.bin,Pellicer Creek,GTMNERR,0,30.86,0,19.21,0,0.352,0,71.6,0,5.64,0,95.6,32.16,7.08,0,-40.1,6.31,21.644,0,9.45,0,1.192,2.05,0,8.33
4/10/2026,11:45, ,gtmpcwq_24G103007_031726_050000.bin,Pellicer Creek,GTMNERR,0,30.117,0,18.7,0,0.335,0,71.4,0,5.63,0,96.4,32.42,7.08,0,-39.8,6.31,21.717,0,9.42,0,1.192,2.14,0,8.69
4/10/2026,12:00, ,gtmpcwq_24G103007_031726_050000.bin,Pellicer Creek,GTMNERR,0,29.629,0,18.36,0,0.324,0,71.1,0,5.61,0,97.27,32.72,7.06,0,-39,6.3,21.837,0,9.49,0,1.192,2.23,0,9.05
4/10/2026,12:15, ,gtmpcwq_24G103007_031726_050000.bin,Pellicer Creek,GTMNERR,0,29.35,0,18.17,0,0.321,0,71.1,0,5.6,0,97.56,32.81,7.07,0,-39.3,6.31,21.875,0,8.06,0,1.192,2.27,0,9.23
4/10/2026,12:30, ,gtmpcwq_24G103007_031726_050000.bin,Pellicer Creek,GTMNERR,0,29.474,0,18.26,0,0.319,0,68.7,0,5.42,0,95.49,32.12,7.06,0,-38.5,6.31,21.796,0,9.03,0,1.192,2.19,0,8.91
4/10/2026,12:45, ,gtmpcwq_24G103007_031726_050000.bin,Pellicer Creek,GTMNERR,0,29.425,0,18.23,0,0.323,0,64.1,0,5.07,0,90.84,30.58,7.04,0,-37.3,6.31,21.773,0,8.28,0,1.192,1.89,0,7.68
4/10/2026,13:00, ,gtmpcwq_24G103007_031726_050000.bin,Pellicer Creek,GTMNERR,0,29.39,0,18.2,0,0.328,0,67.8,0,5.35,0,97,32.63,7.05,0,-38,6.31,21.833,0,8.15,0,1.192,2.15,0,8.72
4/10/2026,13:15, ,gtmpcwq_24G103007_031726_050000.bin,Pellicer Creek,GTMNERR,0,29.939,0,18.57,0,0.342,0,71.7,0,5.65,0,96.93,32.6,7.07,0,-39.2,6.31,21.863,0,9.31,0,1.192,2.32,0,9.42
4/10/2026,13:30, ,gtmpcwq_24G103007_031726_050000.bin,Pellicer Creek,GTMNERR,0,31.837,0,19.87,0,0.358,0,78.8,0,6.09,0,90.63,30.51,7.1,0,-41.3,6.31,22.472,0,11.44,0,1.192,2.26,0,9.19
4/10/2026,13:45, ,gtmpcwq_24G103007_031726_050000.bin,Pellicer Creek,GTMNERR,0,32.211,0,20.13,0,0.374,0,79.5,0,6.15,0,91.91,30.93,7.11,0,-41.5,6.31,22.301,0,10.81,0,1.192,2.28,0,9.24
4/10/2026,14:00, ,gtmpcwq_24G103007_031726_050000.bin,Pellicer Creek,GTMNERR,0,33.034,0,20.69,0,0.392,0,81.6,0,6.26,0,89.25,30.05,7.12,0,-42.1,6.31,22.541,0,12.67,0,1.192,2.39,0,9.71
4/10/2026,14:15, ,gtmpcwq_24G103007_031726_050000.bin,Pellicer Creek,GTMNERR,0,33.766,0,21.19,0,0.409,0,82.6,0,6.31,0,87.47,29.46,7.12,0,-42.3,6.31,22.603,0,12.51,0,1.185,2.22,0,9.03
4/10/2026,14:30, ,gtmpcwq_24G103007_031726_050000.bin,Pellicer Creek,GTMNERR,0,33.591,0,21.07,0,0.424,0,85.1,0,6.49,0,87.28,29.39,7.14,0,-43.8,6.31,22.744,0,13.28,0,1.192,2.35,0,9.54
4/10/2026,14:45, ,gtmpcwq_24G103007_031726_050000.bin,Pellicer Creek,GTMNERR,0,34.716,0,21.85,0,0.437,0,84.1,0,6.4,0,85.87,28.92,7.16,0,-44.6,6.31,22.6,0,12.29,0,1.192,2.25,0,9.15
4/10/2026,15:00, ,gtmpcwq_24G103007_031726_050000.bin,Pellicer Creek,GTMNERR,0,35.155,0,22.16,0,0.452,0,86.2,0,6.53,0,84.45,28.45,7.17,0,-45.4,6.31,22.783,0,12.35,0,1.192,2.23,0,9.05
4/10/2026,15:15, ,gtmpcwq_24G103007_031726_050000.bin,Pellicer Creek,GTMNERR,0,35.639,0,22.49,0,0.464,0,87,0,6.57,0,83.59,28.17,7.18,0,-45.7,6.31,22.884,0,12.79,0,1.192,2.2,0,8.92
4/10/2026,15:30, ,gtmpcwq_24G103007_031726_050000.bin,Pellicer Creek,GTMNERR,0,36.085,0,22.8,0,0.474,0,90,0,6.74,0,82.21,27.71,7.2,0,-47,6.31,23.234,0,11.99,0,1.192,2.19,0,8.9
4/10/2026,15:45, ,gtmpcwq_24G103007_031726_050000.bin,Pellicer Creek,GTMNERR,0,36.937,0,23.39,0,0.486,0,92.1,0,6.85,0,80.4,27.11,7.23,0,-48.8,6.31,23.432,0,11.52,0,1.192,2.17,0,8.82
4/10/2026,16:00, ,gtmpcwq_24G103007_031726_050000.bin,Pellicer Creek,GTMNERR,0,37.699,0,23.93,0,0.498,0,91.7,0,6.8,0,78.18,26.37,7.23,0,-48.9,6.31,23.423,0,13.62,0,1.192,2.07,0,8.41
4/10/2026,16:15, ,gtmpcwq_24G103007_031726_050000.bin,Pellicer Creek,GTMNERR,0,39.019,0,24.85,0,0.507,0,92.8,0,6.82,0,77.17,26.03,7.24,0,-49.8,6.31,23.616,0,11.36,0,1.192,2,0,8.11
4/10/2026,16:30, ,gtmpcwq_24G103007_031726_050000.bin,Pellicer Creek,GTMNERR,0,39.558,0,25.23,0,0.515,0,94,0,6.89,0,76.23,25.72,7.25,0,-50.3,6.31,23.7,0,10.95,0,1.192,2,0,8.13
4/10/2026,16:45, ,gtmpcwq_24G103007_031726_050000.bin,Pellicer Creek,GTMNERR,0,40.112,0,25.62,0,0.521,0,93.9,0,6.86,0,75.24,25.39,7.26,0,-50.9,6.31,23.75,0,9.64,0,1.192,2.01,0,8.15
4/10/2026,17:00, ,gtmpcwq_24G103007_031726_050000.bin,Pellicer Creek,GTMNERR,0,40.319,0,25.77,0,0.523,0,93.5,0,6.82,0,74.79,25.24,7.26,0,-50.9,6.31,23.789,0,9.91,0,1.192,2.1,0,8.54
4/10/2026,17:15, ,gtmpcwq_24G103007_031726_050000.bin,Pellicer Creek,GTMNERR,0,40.418,0,25.84,0,0.521,0,92.6,0,6.74,0,74.62,25.19,7.27,0,-51.3,6.31,23.831,0,9.48,0,1.192,2.17,0,8.8
4/10/2026,17:30, ,gtmpcwq_24G103007_031726_050000.bin,Pellicer Creek,GTMNERR,0,40.521,0,25.91,0,0.515,0,88,0,6.41,0,72.43,24.46,7.23,0,-49.1,6.31,23.839,0,9.52,0,1.192,1.89,0,7.68
4/10/2026,17:45, ,gtmpcwq_24G103007_031726_050000.bin,Pellicer Creek,GTMNERR,0,40.502,0,25.9,0,0.505,0,86,0,6.26,0,71.66,24.2,7.2,0,-47.3,6.31,23.808,0,9.68,0,1.191,1.68,0,6.84
4/10/2026,18:00, ,gtmpcwq_24G103007_031726_050000.bin,Pellicer Creek,GTMNERR,0,40.327,0,25.78,0,0.493,0,89.3,0,6.51,0,73.88,24.94,7.24,0,-49.4,6.3,23.787,0,9.31,0,1.191,2.11,0,8.58
4/10/2026,18:15, ,gtmpcwq_24G103007_031726_050000.bin,Pellicer Creek,GTMNERR,0,40.064,0,25.59,0,0.48,0,91.2,0,6.66,0,73.97,24.97,7.24,0,-49.8,6.31,23.758,0,10.17,0,1.187,2.24,0,9.09
4/10/2026,18:30, ,gtmpcwq_24G103007_031726_050000.bin,Pellicer Creek,GTMNERR,0,39.771,0,25.38,0,0.465,0,91,0,6.66,0,75.51,25.48,7.25,0,-50.1,6.31,23.709,0,10.15,0,1.198,2.1,0,8.52
4/10/2026,18:45, ,gtmpcwq_24G103007_031726_050000.bin,Pellicer Creek,GTMNERR,0,38.591,0,24.55,0,0.451,0,90.6,0,6.67,0,76.98,25.97,7.24,0,-49.5,6.31,23.629,0,12.14,0,1.186,2.21,0,8.96
4/10/2026,19:00, ,gtmpcwq_24G103007_031726_050000.bin,Pellicer Creek,GTMNERR,0,36.714,0,23.23,0,0.437,0,91.2,0,6.79,0,80.36,27.1,7.24,0,-49.6,6.31,23.451,0,11.11,0,1.19,2.21,0,8.97
4/10/2026,19:15, ,gtmpcwq_24G103007_031726_050000.bin,Pellicer Creek,GTMNERR,0,35.391,0,22.31,0,0.421,0,87,0,6.53,0,77.99,26.3,7.2,0,-47.4,6.31,23.289,0,18.74,0,1.186,2.69,0,10.91
4/10/2026,19:30, ,gtmpcwq_24G103007_031726_050000.bin,Pellicer Creek,GTMNERR,0,34.856,0,21.94,0,0.405,0,88.3,0,6.65,0,84.62,28.51,7.21,0,-48,6.31,23.237,0,10.91,0,1.192,2.26,0,9.19
4/10/2026,19:45, ,gtmpcwq_24G103007_031726_050000.bin,Pellicer Creek,GTMNERR,0,33.309,0,20.87,0,0.387,0,87.1,0,6.6,0,87.86,29.59,7.2,0,-47.2,6.31,23.183,0,10.57,0,1.192,2.15,0,8.72
4/10/2026,20:00, ,gtmpcwq_24G103007_031726_050000.bin,Pellicer Creek,GTMNERR,0,32.425,0,20.26,0,0.369,0,86,0,6.55,0,89.55,30.15,7.19,0,-46.5,6.31,23.162,0,11.2,0,1.192,2.25,0,9.13
4/10/2026,20:15, ,gtmpcwq_24G103007_031726_050000.bin,Pellicer Creek,GTMNERR,0,31.814,0,19.84,0,0.349,0,84.4,0,6.44,0,90.53,30.48,7.17,0,-45.6,6.31,23.114,0,10.92,0,1.192,2.26,0,9.19
4/10/2026,20:30, ,gtmpcwq_24G103007_031726_050000.bin,Pellicer Creek,GTMNERR,0,31.129,0,19.37,0,0.33,0,83.1,0,6.36,0,92.83,31.24,7.16,0,-44.9,6.31,23.082,0,9.83,0,1.192,2.22,0,9.01
4/10/2026,20:45, ,gtmpcwq_24G103007_031726_050000.bin,Pellicer Creek,GTMNERR,0,30.3,0,18.81,0,0.311,0,81.6,0,6.28,0,94.27,31.72,7.15,0,-44.3,6.31,23.002,0,9.88,0,1.192,2.19,0,8.91
4/10/2026,21:00, ,gtmpcwq_24G103007_031726_050000.bin,Pellicer Creek,GTMNERR,0,29.531,0,18.28,0,0.292,0,79.9,0,6.17,0,95.27,32.05,7.14,0,-43.5,6.31,22.963,0,9.43,0,1.192,2.2,0,8.94
4/10/2026,21:15, ,gtmpcwq_24G103007_031726_050000.bin,Pellicer Creek,GTMNERR,0,28.691,0,17.71,0,0.274,0,79.2,0,6.14,0,96.55,32.48,7.13,0,-43.1,6.31,22.916,0,8.86,0,1.193,2.18,0,8.84
4/10/2026,21:30, ,gtmpcwq_24G103007_031726_050000.bin,Pellicer Creek,GTMNERR,0,28.24,0,17.41,0,0.254,0,77.8,0,6.05,0,96.57,32.48,7.12,0,-42.4,6.31,22.88,0,8.09,0,1.194,2.18,0,8.84
4/10/2026,21:45, ,gtmpcwq_24G103007_031726_050000.bin,Pellicer Creek,GTMNERR,0,27.617,0,16.99,0,0.234,0,77.4,0,6.04,0,99.16,33.34,7.12,0,-42.2,6.31,22.822,0,7.6,0,1.192,2.05,0,8.34
4/10/2026,22:00, ,gtmpcwq_24G103007_031726_050000.bin,Pellicer Creek,GTMNERR,0,27.129,0,16.66,0,0.215,0,76.6,0,6,0,100.49,33.78,7.11,0,-41.8,6.31,22.789,0,7.29,0,1.192,1.98,0,8.03
4/10/2026,22:15, ,gtmpcwq_24G103007_031726_050000.bin,Pellicer Creek,GTMNERR,0,27.205,0,16.71,0,0.198,0,74.5,0,5.83,0,99.58,33.48,7.11,0,-41.6,6.31,22.771,0,7.41,0,1.192,2.07,0,8.4
4/10/2026,22:30, ,gtmpcwq_24G103007_031726_050000.bin,Pellicer Creek,GTMNERR,0,26.779,0,16.43,0,0.181,0,74.4,0,5.83,0,100.05,33.64,7.1,0,-41.3,6.31,22.735,0,7.51,0,1.192,2.11,0,8.57
4/10/2026,22:45, ,gtmpcwq_24G103007_031726_050000.bin,Pellicer Creek,GTMNERR,0,26.57,0,16.28,0,0.162,0,73.4,0,5.76,0,100.05,33.64,7.09,0,-40.7,6.31,22.722,0,7.25,0,1.192,2.03,0,8.26
4/10/2026,23:00, ,gtmpcwq_24G103007_031726_050000.bin,Pellicer Creek,GTMNERR,0,26.096,0,15.97,0,0.152,0,71.3,0,5.61,0,100.4,33.76,7.08,0,-39.9,6.31,22.67,0,7.1,0,1.191,2.01,0,8.16
4/10/2026,23:15, ,gtmpcwq_24G103007_031726_050000.bin,Pellicer Creek,GTMNERR,0,26.487,0,16.23,0,0.142,0,73.4,0,5.76,0,101.66,34.17,7.09,0,-40.8,6.31,22.704,0,7.91,0,1.192,2.11,0,8.57
4/10/2026,23:30, ,gtmpcwq_24G103007_031726_050000.bin,Pellicer Creek,GTMNERR,0,26.405,0,16.17,0,0.135,0,71.7,0,5.63,0,101.86,34.24,7.09,0,-40.4,6.31,22.709,0,6.89,0,1.192,2.02,0,8.21
4/10/2026,23:45, ,gtmpcwq_24G103007_031726_050000.bin,Pellicer Creek,GTMNERR,0,26.349,0,16.14,0,0.132,0,65.7,0,5.17,0,99.12,33.33,7.05,0,-38,6.31,22.701,0,6.7,0,1.192,2,0,8.14
4/11/2026,00:00, ,gtmpcwq_24G103007_031726_050000.bin,Pellicer Creek,GTMNERR,0,26.319,0,16.12,0,0.136,0,63.7,0,5.01,0,98.45,33.11,7.04,0,-37.3,6.31,22.688,0,6.32,0,1.192,1.81,0,7.36
4/11/2026,00:15, ,gtmpcwq_24G103007_031726_050000.bin,Pellicer Creek,GTMNERR,0,26.26,0,16.08,0,0.149,0,71.3,0,5.61,0,101.57,34.14,7.09,0,-40.5,6.31,22.679,0,6.03,0,1.192,2.03,0,8.23
4/11/2026,00:30, ,gtmpcwq_24G103007_031726_050000.bin,Pellicer Creek,GTMNERR,0,26.167,0,16.02,0,0.164,0,72.4,0,5.7,0,101.85,34.24,7.09,0,-40.7,6.31,22.623,0,6.31,0,1.192,1.98,0,8.03
4/11/2026,00:45, ,gtmpcwq_24G103007_031726_050000.bin,Pellicer Creek,GTMNERR,0,26.45,0,16.21,0,0.183,0,72.8,0,5.75,0,102.3,34.39,7.1,0,-41,6.31,22.445,0,6.23,0,1.192,1.9,0,7.74
4/11/2026,01:00, ,gtmpcwq_24G103007_031726_050000.bin,Pellicer Creek,GTMNERR,0,28.18,0,17.37,0,0.203,0,73.6,0,5.75,0,99.88,33.58,7.1,0,-41.3,6.31,22.577,0,6.44,0,1.193,2.11,0,8.59
4/11/2026,01:15, ,gtmpcwq_24G103007_031726_050000.bin,Pellicer Creek,GTMNERR,0,28.631,0,17.68,0,0.224,0,72.8,0,5.68,0,97.92,32.93,7.11,0,-41.5,6.31,22.554,0,6.42,0,1.192,2.06,0,8.37
4/11/2026,01:30, ,gtmpcwq_24G103007_031726_050000.bin,Pellicer Creek,GTMNERR,0,30.302,0,18.81,0,0.251,0,72.5,0,5.62,0,96.41,32.43,7.11,0,-41.7,6.31,22.56,0,7.22,0,1.192,1.91,0,7.76
4/11/2026,01:45, ,gtmpcwq_24G103007_031726_050000.bin,Pellicer Creek,GTMNERR,0,30.564,0,18.99,0,0.279,0,73.7,0,5.71,0,96.28,32.39,7.12,0,-42.5,6.31,22.594,0,7.63,0,1.192,1.92,0,7.82
4/11/2026,02:00, ,gtmpcwq_24G103007_031726_050000.bin,Pellicer Creek,GTMNERR,0,30.902,0,19.22,0,0.305,0,74.3,0,5.75,0,95.2,32.03,7.13,0,-42.8,6.31,22.616,0,7.93,0,1.192,1.75,0,7.1
4/11/2026,02:15, ,gtmpcwq_24G103007_031726_050000.bin,Pellicer Creek,GTMNERR,0,31.441,0,19.59,0,0.331,0,74,0,5.7,0,94.99,31.96,7.13,0,-43.1,6.31,22.626,0,7.58,0,1.191,1.79,0,7.28
4/11/2026,02:30, ,gtmpcwq_24G103007_031726_050000.bin,Pellicer Creek,GTMNERR,0,32.35,0,20.22,0,0.353,0,73.5,0,5.65,0,92.59,31.16,7.14,0,-43.3,6.31,22.682,0,9.54,0,1.192,1.66,0,6.77
4/11/2026,02:45, ,gtmpcwq_24G103007_031726_050000.bin,Pellicer Creek,GTMNERR,0,32.818,0,20.54,0,0.376,0,73.8,0,5.67,0,93.2,31.36,7.13,0,-43.2,6.31,22.586,0,8.55,0,1.192,1.58,0,6.41
4/11/2026,03:00, ,gtmpcwq_24G103007_031726_050000.bin,Pellicer Creek,GTMNERR,0,34.675,0,21.83,0,0.394,0,71.7,0,5.47,0,93.15,31.34,7.11,0,-41.8,6.31,22.6,0,9.88,0,1.192,1.53,0,6.24
4/11/2026,03:15, ,gtmpcwq_24G103007_031726_050000.bin,Pellicer Creek,GTMNERR,0,36.112,0,22.83,0,0.412,0,68.1,0,5.16,0,94.98,31.95,7.07,0,-39.5,6.31,22.643,0,9.15,0,1.185,1.47,0,5.97
4/11/2026,03:30, ,gtmpcwq_24G103007_031726_050000.bin,Pellicer Creek,GTMNERR,0,36.324,0,22.98,0,0.432,0,67.7,0,5.13,0,96.83,32.57,7.07,0,-39.3,6.31,22.47,0,8.92,0,1.187,1.49,0,6.05
4/11/2026,03:45, ,gtmpcwq_24G103007_031726_050000.bin,Pellicer Creek,GTMNERR,0,37.104,0,23.52,0,0.449,0,64.8,0,4.89,0,96.73,32.53,7.05,0,-38,6.31,22.598,0,10.7,0,1.187,1.44,0,5.87
4/11/2026,04:00, ,gtmpcwq_24G103007_031726_050000.bin,Pellicer Creek,GTMNERR,0,37.776,0,23.99,0,0.466,0,64.8,0,4.87,0,93.56,31.48,7.05,0,-38.4,6.31,22.607,0,10.72,0,1.197,1.45,0,5.91
4/11/2026,04:15, ,gtmpcwq_24G103007_031726_050000.bin,Pellicer Creek,GTMNERR,0,38.524,0,24.52,0,0.481,0,67.6,0,5.08,0,87.96,29.62,7.1,0,-41.2,6.31,22.546,0,11.19,0,1.194,1.44,0,5.85
4/11/2026,04:30, ,gtmpcwq_24G103007_031726_050000.bin,Pellicer Creek,GTMNERR,0,38.797,0,24.71,0,0.498,0,69.4,0,5.21,0,85.51,28.8,7.13,0,-43,6.31,22.521,0,12.61,0,1.187,1.47,0,5.99
4/11/2026,04:45, ,gtmpcwq_24G103007_031726_050000.bin,Pellicer Creek,GTMNERR,0,39.001,0,24.86,0,0.512,0,73.5,0,5.54,0,83.4,28.1,7.18,0,-46,6.31,22.264,0,10.88,0,1.19,1.45,0,5.91
4/11/2026,05:00, ,gtmpcwq_24G103007_031726_050000.bin,Pellicer Creek,GTMNERR,0,39.202,0,25,0,0.526,0,73.6,0,5.54,0,84.26,28.39,7.19,0,-46.5,6.31,22.216,0,10.66,0,1.193,1.51,0,6.13
4/11/2026,05:15, ,gtmpcwq_24G103007_031726_050000.bin,Pellicer Creek,GTMNERR,0,39.478,0,25.2,0,0.538,0,73.5,0,5.54,0,83.67,28.2,7.2,0,-47.4,6.31,22.167,0,9.01,0,1.191,1.49,0,6.05
4/11/2026,05:30, ,gtmpcwq_24G103007_031726_050000.bin,Pellicer Creek,GTMNERR,0,39.798,0,25.43,0,0.547,0,74.6,0,5.61,0,81.6,27.5,7.23,0,-48.9,6.31,22.17,0,9.9,0,1.186,1.48,0,6.03
4/11/2026,05:45, ,gtmpcwq_24G103007_031726_050000.bin,Pellicer Creek,GTMNERR,0,40.22,0,25.73,0,0.554,0,75.6,0,5.68,0,78.77,26.56,7.26,0,-50.6,6.31,22.139,0,10.53,0,1.187,1.45,0,5.91
4/11/2026,06:00, ,gtmpcwq_24G103007_031726_050000.bin,Pellicer Creek,GTMNERR,0,40.368,0,25.83,0,0.556,0,74.5,0,5.59,0,77.97,26.3,7.26,0,-50.6,6.31,22.145,0,10.11,0,1.181,1.44,0,5.86
4/11/2026,06:15, ,gtmpcwq_24G103007_031726_050000.bin,Pellicer Creek,GTMNERR,0,40.534,0,25.95,0,0.555,0,73.1,0,5.48,0,76.78,25.9,7.25,0,-50.1,6.31,22.162,0,10.15,0,1.187,1.49,0,6.07
4/11/2026,06:30, ,gtmpcwq_24G103007_031726_050000.bin,Pellicer Creek,GTMNERR,0,40.572,0,25.98,0,0.548,0,67.8,0,5.08,0,73.93,24.96,7.21,0,-47.8,6.31,22.169,0,11.13,0,1.19,1.28,0,5.2
4/11/2026,06:45, ,gtmpcwq_24G103007_031726_050000.bin,Pellicer Creek,GTMNERR,0,40.571,0,25.97,0,0.537,0,72.1,0,5.4,0,75.01,25.32,7.25,0,-49.9,6.31,22.168,0,11.23,0,1.192,1.34,0,5.44
4/11/2026,07:00, ,gtmpcwq_24G103007_031726_050000.bin,Pellicer Creek,GTMNERR,0,40.219,0,25.72,0,0.522,0,73.9,0,5.55,0,77.95,26.29,7.25,0,-50.1,6.31,22.137,0,9.08,0,1.192,1.4,0,5.7
4/11/2026,07:15, ,gtmpcwq_24G103007_031726_050000.bin,Pellicer Creek,GTMNERR,0,39.655,0,25.32,0,0.507,0,73.8,0,5.56,0,80.86,27.26,7.23,0,-48.7,6.31,22.163,0,10.26,0,1.192,1.47,0,5.99
4/11/2026,07:30, ,gtmpcwq_24G103007_031726_050000.bin,Pellicer Creek,GTMNERR,0,39.381,0,25.13,0,0.493,0,73.4,0,5.53,0,81.91,27.61,7.21,0,-47.8,6.31,22.197,0,10.16,0,1.188,1.44,0,5.85
4/11/2026,07:45, ,gtmpcwq_24G103007_031726_050000.bin,Pellicer Creek,GTMNERR,0,38.194,0,24.29,0,0.478,0,71.2,0,5.39,0,85.15,28.68,7.18,0,-45.6,6.31,22.168,0,11.99,0,1.192,1.62,0,6.58
4/11/2026,08:00, ,gtmpcwq_24G103007_031726_050000.bin,Pellicer Creek,GTMNERR,0,37.6,0,23.87,0,0.461,0,69.4,0,5.27,0,87.6,29.5,7.16,0,-44.5,6.31,22.171,0,10.7,0,1.192,1.57,0,6.39
4/11/2026,08:15, ,gtmpcwq_24G103007_031726_050000.bin,Pellicer Creek,GTMNERR,0,36.791,0,23.31,0,0.443,0,69,0,5.26,0,83.55,28.15,7.14,0,-43.6,6.31,22.136,0,19.05,0,1.192,1.77,0,7.22
4/11/2026,08:30, ,gtmpcwq_24G103007_031726_050000.bin,Pellicer Creek,GTMNERR,0,36.295,0,22.96,0,0.424,0,68.2,0,5.2,0,89.31,30.07,7.13,0,-43,6.3,22.171,0,12.85,0,1.192,1.67,0,6.79
4/11/2026,08:45, ,gtmpcwq_24G103007_031726_050000.bin,Pellicer Creek,GTMNERR,0,35.153,0,22.16,0,0.406,0,68.3,0,5.23,0,92.14,31.01,7.12,0,-42.4,6.31,22.221,0,10.28,0,1.192,1.7,0,6.9
4/11/2026,09:00, ,gtmpcwq_24G103007_031726_050000.bin,Pellicer Creek,GTMNERR,0,34.398,0,21.64,0,0.386,0,68.3,0,5.24,0,92.81,31.23,7.12,0,-42.1,6.31,22.24,0,9.71,0,1.192,1.66,0,6.74
4/11/2026,09:15, ,gtmpcwq_24G103007_031726_050000.bin,Pellicer Creek,GTMNERR,0,33.448,0,20.98,0,0.366,0,68.6,0,5.29,0,93.77,31.55,7.11,0,-42,6.31,22.25,0,10.13,0,1.185,1.63,0,6.61
4/11/2026,09:30, ,gtmpcwq_24G103007_031726_050000.bin,Pellicer Creek,GTMNERR,0,32.517,0,20.34,0,0.346,0,69,0,5.34,0,93.84,31.57,7.11,0,-41.9,6.31,22.271,0,10.43,0,1.187,1.74,0,7.07
4/11/2026,09:45, ,gtmpcwq_24G103007_031726_050000.bin,Pellicer Creek,GTMNERR,0,31.589,0,19.7,0,0.327,0,69.2,0,5.37,0,94.38,31.75,7.11,0,-41.9,6.31,22.295,0,11.41,0,1.192,1.73,0,7.03
4/11/2026,10:00, ,gtmpcwq_24G103007_031726_050000.bin,Pellicer Creek,GTMNERR,0,30.708,0,19.09,0,0.305,0,69.2,0,5.39,0,95.19,32.02,7.11,0,-41.5,6.31,22.308,0,10.69,0,1.192,1.77,0,7.19
4/11/2026,10:15, ,gtmpcwq_24G103007_031726_050000.bin,Pellicer Creek,GTMNERR,0,29.915,0,18.55,0,0.285,0,69.8,0,5.45,0,96.28,32.39,7.11,0,-41.5,6.31,22.314,0,10.13,0,1.192,1.81,0,7.37
4/11/2026,10:30, ,gtmpcwq_24G103007_031726_050000.bin,Pellicer Creek,GTMNERR,0,29.103,0,18,0,0.263,0,55.4,0,4.33,0,88.66,29.85,7.1,0,-41.1,6.31,22.465,0,20.87,0,1.192,2.37,0,9.63
4/11/2026,10:45, ,gtmpcwq_24G103007_031726_050000.bin,Pellicer Creek,GTMNERR,0,28.327,0,17.47,0,0.254,0,69.7,0,5.46,0,97.32,32.73,7.1,0,-41.3,6.31,22.455,0,9.36,0,1.192,1.98,0,8.03
4/11/2026,11:00, ,gtmpcwq_24G103007_031726_050000.bin,Pellicer Creek,GTMNERR,0,27.986,0,17.24,0,0.232,0,69.8,0,5.48,0,98.37,33.08,7.1,0,-41.2,6.31,22.489,0,8.34,0,1.182,1.79,0,7.29
4/11/2026,11:15, ,gtmpcwq_24G103007_031726_050000.bin,Pellicer Creek,GTMNERR,0,27.3,0,16.78,0,0.21,0,70.9,0,5.57,0,99.32,33.4,7.09,0,-40.6,6.31,22.563,0,8.57,0,1.19,1.8,0,7.3
4/11/2026,11:30, ,gtmpcwq_24G103007_031726_050000.bin,Pellicer Creek,GTMNERR,0,27.149,0,16.68,0,0.191,0,69.8,0,5.48,0,98.87,33.24,7.09,0,-40.4,6.31,22.621,0,8.65,0,1.192,1.92,0,7.8
4/11/2026,11:45, ,gtmpcwq_24G103007_031726_050000.bin,Pellicer Creek,GTMNERR,0,26.84,0,16.47,0,0.173,0,70.2,0,5.5,0,98.03,32.97,7.09,0,-40.5,6.31,22.751,0,9.69,0,1.192,1.89,0,7.66
4/11/2026,12:00, ,gtmpcwq_24G103007_031726_050000.bin,Pellicer Creek,GTMNERR,0,26.482,0,16.23,0,0.156,0,70.3,0,5.51,0,99.31,33.39,7.09,0,-40.3,6.31,22.795,0,8.99,0,1.192,1.96,0,7.97
4/11/2026,12:15, ,gtmpcwq_24G103007_031726_050000.bin,Pellicer Creek,GTMNERR,0,26.645,0,16.34,0,0.143,0,69.2,0,5.43,0,99.69,33.52,7.08,0,-40.1,6.31,22.723,0,7.97,0,1.189,1.89,0,7.67
4/11/2026,12:30, ,gtmpcwq_24G103007_031726_050000.bin,Pellicer Creek,GTMNERR,0,26.597,0,16.3,0,0.131,0,69.6,0,5.47,0,99.78,33.55,7.09,0,-40.4,6.31,22.678,0,8.51,0,1.193,1.82,0,7.42
4/11/2026,12:45, ,gtmpcwq_24G103007_031726_050000.bin,Pellicer Creek,GTMNERR,0,26.937,0,16.53,0,0.117,0,65.5,0,5.14,0,97.66,32.84,7.07,0,-39.3,6.31,22.641,0,8.26,0,1.192,1.66,0,6.74
4/11/2026,13:00, ,gtmpcwq_24G103007_031726_050000.bin,Pellicer Creek,GTMNERR,0,26.754,0,16.41,0,0.108,0,66.5,0,5.22,0,98.06,32.98,7.08,0,-40,6.31,22.69,0,7.95,0,1.192,1.73,0,7.02
4/11/2026,13:15, ,gtmpcwq_24G103007_031726_050000.bin,Pellicer Creek,GTMNERR,0,26.417,0,16.18,0,0.102,0,64.7,0,5.07,0,96.81,32.56,7.06,0,-38.6,6.31,22.805,0,8.23,0,1.192,1.67,0,6.78
4/11/2026,13:30, ,gtmpcwq_24G103007_031726_050000.bin,Pellicer Creek,GTMNERR,0,26.886,0,16.5,0,0.101,0,67.1,0,5.25,0,98.83,33.23,7.06,0,-39,6.31,22.803,0,7.33,0,1.192,1.76,0,7.16
4/11/2026,13:45, ,gtmpcwq_24G103007_031726_050000.bin,Pellicer Creek,GTMNERR,0,26.637,0,16.33,0,0.108,0,69.7,0,5.45,0,99.7,33.52,7.09,0,-40.3,6.31,22.928,0,7.26,0,1.192,1.96,0,7.96
4/11/2026,14:00, ,gtmpcwq_24G103007_031726_050000.bin,Pellicer Creek,GTMNERR,0,26.457,0,16.2,0,0.122,0,77,0,5.97,0,98.63,33.17,7.11,0,-41.7,6.31,23.391,0,9.04,0,1.192,2.35,0,9.53
4/11/2026,14:15, ,gtmpcwq_24G103007_031726_050000.bin,Pellicer Creek,GTMNERR,0,26.141,0,15.98,0,0.139,0,84,0,6.42,0,96.28,32.39,7.14,0,-43.7,6.3,24.327,0,10.15,0,1.181,2.29,0,9.28
4/11/2026,14:30, ,gtmpcwq_24G103007_031726_050000.bin,Pellicer Creek,GTMNERR,0,25.658,0,15.65,0,0.153,0,87.7,0,6.67,0,95.86,32.25,7.15,0,-44.4,6.31,24.657,0,10.4,0,1.189,2.38,0,9.65
4/11/2026,14:45, ,gtmpcwq_24G103007_031726_050000.bin,Pellicer Creek,GTMNERR,0,25.95,0,15.84,0,0.175,0,86.8,0,6.59,0,96.41,32.43,7.16,0,-45.1,6.31,24.748,0,9.06,0,1.192,2.44,0,9.89
4/11/2026,15:00, ,gtmpcwq_24G103007_031726_050000.bin,Pellicer Creek,GTMNERR,0,26.95,0,16.51,0,0.199,0,90.6,0,6.82,0,93.62,31.5,7.19,0,-46.8,6.31,24.989,0,9.73,0,1.192,2.22,0,9
4/11/2026,15:15, ,gtmpcwq_24G103007_031726_050000.bin,Pellicer Creek,GTMNERR,0,28.169,0,17.33,0,0.223,0,91.4,0,6.83,0,91.04,30.64,7.21,0,-47.9,6.31,25.18,0,10.92,0,1.183,2.21,0,8.99
4/11/2026,15:30, ,gtmpcwq_24G103007_031726_050000.bin,Pellicer Creek,GTMNERR,0,28.888,0,17.81,0,0.246,0,91.6,0,6.82,0,90.04,30.31,7.22,0,-48.5,6.31,25.171,0,12.67,0,1.192,2.37,0,9.63
4/11/2026,15:45, ,gtmpcwq_24G103007_031726_050000.bin,Pellicer Creek,GTMNERR,0,29.309,0,18.1,0,0.268,0,91.1,0,6.78,0,90.32,30.4,7.22,0,-48.5,6.31,25.119,0,11.77,0,1.184,2.29,0,9.3
4/11/2026,16:00, ,gtmpcwq_24G103007_031726_050000.bin,Pellicer Creek,GTMNERR,0,30.165,0,18.68,0,0.29,0,91.4,0,6.78,0,89.88,30.26,7.22,0,-48.5,6.31,25.092,0,11.06,0,1.193,2.45,0,9.95
4/11/2026,16:15, ,gtmpcwq_24G103007_031726_050000.bin,Pellicer Creek,GTMNERR,0,30.863,0,19.16,0,0.31,0,88.6,0,6.57,0,88.51,29.8,7.22,0,-48.4,6.31,25.026,0,12.72,0,1.195,2.24,0,9.09
4/11/2026,16:30, ,gtmpcwq_24G103007_031726_050000.bin,Pellicer Creek,GTMNERR,0,31.508,0,19.6,0,0.33,0,89.1,0,6.6,0,89.5,30.13,7.22,0,-48.5,6.31,24.893,0,11.45,0,1.192,2.41,0,9.77
4/11/2026,16:45, ,gtmpcwq_24G103007_031726_050000.bin,Pellicer Creek,GTMNERR,0,31.814,0,19.82,0,0.347,0,87.7,0,6.5,0,89.6,30.17,7.21,0,-47.6,6.31,24.821,0,11.63,0,1.192,2.24,0,9.11
4/11/2026,17:00, ,gtmpcwq_24G103007_031726_050000.bin,Pellicer Creek,GTMNERR,0,32.334,0,20.17,0,0.363,0,88.8,0,6.56,0,88.6,29.83,7.22,0,-48.2,6.31,24.894,0,11.67,0,1.189,2.34,0,9.52
4/11/2026,17:15, ,gtmpcwq_24G103007_031726_050000.bin,Pellicer Creek,GTMNERR,0,32.601,0,20.35,0,0.375,0,89.2,0,6.56,0,88.42,29.77,7.23,0,-49.2,6.31,25.035,0,10.45,0,1.193,2.22,0,9.02
4/11/2026,17:30, ,gtmpcwq_24G103007_031726_050000.bin,Pellicer Creek,GTMNERR,0,33.127,0,20.72,0,0.382,0,86.4,0,6.36,0,88.15,29.68,7.21,0,-48,6.31,24.886,0,11.4,0,1.201,2.11,0,8.58
4/11/2026,17:45, ,gtmpcwq_24G103007_031726_050000.bin,Pellicer Creek,GTMNERR,0,33.077,0,20.68,0,0.383,0,90.8,0,6.63,0,87.28,29.39,7.25,0,-50.1,6.31,25.31,0,10.44,0,1.182,2.57,0,10.42
4/11/2026,18:00, ,gtmpcwq_24G103007_031726_050000.bin,Pellicer Creek,GTMNERR,0,33.892,0,21.24,0,0.381,0,82.7,0,6.02,0,83.18,28.03,7.19,0,-46.7,6.31,25.325,0,11.93,0,1.198,2.09,0,8.48
4/11/2026,18:15, ,gtmpcwq_24G103007_031726_050000.bin,Pellicer Creek,GTMNERR,0,34.189,0,21.44,0,0.372,0,75.6,0,5.5,0,83.93,28.28,7.13,0,-43.2,6.31,25.311,0,11.6,0,1.188,1.65,0,6.69
4/11/2026,18:30, ,gtmpcwq_24G103007_031726_050000.bin,Pellicer Creek,GTMNERR,0,34.362,0,21.56,0,0.358,0,81.7,0,5.94,0,84.55,28.49,7.18,0,-46.1,6.31,25.315,0,12.43,0,1.188,1.93,0,7.82
4/11/2026,18:45, ,gtmpcwq_24G103007_031726_050000.bin,Pellicer Creek,GTMNERR,0,33.642,0,21.07,0,0.343,0,86.1,0,6.31,0,87.1,29.33,7.22,0,-48.2,6.31,25.049,0,11.03,0,1.182,2.34,0,9.51
4/11/2026,19:00, ,gtmpcwq_24G103007_031726_050000.bin,Pellicer Creek,GTMNERR,0,32.936,0,20.59,0,0.329,0,85.4,0,6.3,0,87.86,29.59,7.21,0,-47.5,6.31,24.817,0,11.6,0,1.192,2.32,0,9.44
4/11/2026,19:15, ,gtmpcwq_24G103007_031726_050000.bin,Pellicer Creek,GTMNERR,0,32.599,0,20.36,0,0.312,0,84.1,0,6.22,0,88.24,29.71,7.2,0,-47,6.31,24.742,0,10.7,0,1.189,2.32,0,9.42
4/11/2026,19:30, ,gtmpcwq_24G103007_031726_050000.bin,Pellicer Creek,GTMNERR,0,30.792,0,19.12,0,0.292,0,88.5,0,6.58,0,89.84,30.24,7.23,0,-48.9,6.31,24.857,0,10.41,0,1.191,2.31,0,9.38
4/11/2026,19:45, ,gtmpcwq_24G103007_031726_050000.bin,Pellicer Creek,GTMNERR,0,28.79,0,17.75,0,0.276,0,89.8,0,6.74,0,92.04,30.98,7.23,0,-49.3,6.31,24.731,0,9.86,0,1.192,2.1,0,8.51
4/11/2026,20:00, ,gtmpcwq_24G103007_031726_050000.bin,Pellicer Creek,GTMNERR,0,28.217,0,17.37,0,0.256,0,87.1,0,6.57,0,92.86,31.25,7.22,0,-48.1,6.31,24.604,0,9.61,0,1.195,2.14,0,8.7
4/11/2026,20:15, ,gtmpcwq_24G103007_031726_050000.bin,Pellicer Creek,GTMNERR,0,27.346,0,16.78,0,0.239,0,87.3,0,6.61,0,94.71,31.86,7.2,0,-47.3,6.31,24.577,0,9.44,0,1.198,2.12,0,8.63
4/11/2026,20:30, ,gtmpcwq_24G103007_031726_050000.bin,Pellicer Creek,GTMNERR,0,28.992,0,17.89,0,0.217,0,83.7,0,6.3,0,92.55,31.15,7.18,0,-46.3,6.31,24.499,0,9.59,0,1.186,2.27,0,9.22
4/11/2026,20:45, ,gtmpcwq_24G103007_031726_050000.bin,Pellicer Creek,GTMNERR,0,29.93,0,18.53,0,0.199,0,78.4,0,5.88,0,90.8,30.57,7.16,0,-44.6,6.31,24.53,0,9.29,0,1.187,2.21,0,8.99
4/11/2026,21:00, ,gtmpcwq_24G103007_031726_050000.bin,Pellicer Creek,GTMNERR,0,29.487,0,18.23,0,0.181,0,81.5,0,6.13,0,93.45,31.44,7.18,0,-45.9,6.31,24.49,0,9.15,0,1.189,2.34,0,9.49
4/11/2026,21:15, ,gtmpcwq_24G103007_031726_050000.bin,Pellicer Creek,GTMNERR,0,28.641,0,17.66,0,0.164,0,81.5,0,6.16,0,95.18,32.02,7.17,0,-45.5,6.31,24.415,0,8.5,0,1.186,2.36,0,9.59
4/11/2026,21:30, ,gtmpcwq_24G103007_031726_050000.bin,Pellicer Creek,GTMNERR,0,28.687,0,17.69,0,0.147,0,80.7,0,6.1,0,95.27,32.05,7.17,0,-45.4,6.31,24.38,0,9.42,0,1.197,2.46,0,10
4/11/2026,21:45, ,gtmpcwq_24G103007_031726_050000.bin,Pellicer Creek,GTMNERR,0,27.414,0,16.83,0,0.129,0,81.1,0,6.17,0,97.52,32.8,7.17,0,-45.4,6.31,24.234,0,8.12,0,1.184,2.2,0,8.94
4/11/2026,22:00, ,gtmpcwq_24G103007_031726_050000.bin,Pellicer Creek,GTMNERR,0,26.557,0,16.26,0,0.112,0,81.2,0,6.21,0,98.69,33.19,7.17,0,-45.6,6.31,24.143,0,7.68,0,1.186,2.11,0,8.57
4/11/2026,22:15, ,gtmpcwq_24G103007_031726_050000.bin,Pellicer Creek,GTMNERR,0,27.346,0,16.79,0,0.094,0,79.8,0,6.07,0,97.25,32.71,7.16,0,-45.1,6.31,24.229,0,8.45,0,1.195,2.21,0,8.96
4/11/2026,22:30, ,gtmpcwq_24G103007_031726_050000.bin,Pellicer Creek,GTMNERR,0,26.554,0,16.26,0,0.077,0,78.8,0,6.03,0,98.12,33,7.16,0,-44.7,6.31,24.104,0,7.82,0,1.192,2.24,0,9.11
4/11/2026,22:45, ,gtmpcwq_24G103007_031726_050000.bin,Pellicer Creek,GTMNERR,0,25.223,0,15.37,0,0.062,0,79.5,0,6.13,0,99.68,33.51,7.16,0,-45.1,6.31,23.973,0,7.93,0,1.186,2.2,0,8.95
4/11/2026,23:00, ,gtmpcwq_24G103007_031726_050000.bin,Pellicer Creek,GTMNERR,0,27.437,0,16.85,0,0.045,0,76.6,0,5.84,0,96.62,32.5,7.15,0,-44.2,6.31,24.155,0,8.01,0,1.182,2.35,0,9.54
4/11/2026,23:15, ,gtmpcwq_24G103007_031726_050000.bin,Pellicer Creek,GTMNERR,0,25.776,0,15.74,0,0.031,0,76.8,0,5.9,0,97.55,32.81,7.15,0,-44.3,6.31,24.067,0,7.82,0,1.187,2.39,0,9.71
4/11/2026,23:30, ,gtmpcwq_24G103007_031726_050000.bin,Pellicer Creek,GTMNERR,0,25.688,0,15.68,0,0.015,0,76.2,0,5.86,0,98.7,33.19,7.15,0,-44.3,6.31,24.014,0,7.8,0,1.19,2.06,0,8.36
4/11/2026,23:45, ,gtmpcwq_24G103007_031726_050000.bin,Pellicer Creek,GTMNERR,0,25.832,0,15.77,0,0.001,0,72.8,0,5.6,0,98.04,32.97,7.12,0,-42.4,6.31,24.017,0,7.38,0,1.183,1.93,0,7.83
4/12/2026,00:00, ,gtmpcwq_24G103007_031726_050000.bin,Pellicer Creek,GTMNERR,0,26.097,0,15.95,0,-0.011,0,69.4,0,5.33,0,96.76,32.55,7.11,0,-41.9,6.31,24.056,0,7.4,0,1.194,2.21,0,8.97
4/12/2026,00:15, ,gtmpcwq_24G103007_031726_050000.bin,Pellicer Creek,GTMNERR,0,25.811,0,15.76,0,-0.024,0,67.2,0,5.17,0,96.44,32.44,7.09,0,-40.4,6.31,24.018,0,7.51,0,1.191,1.98,0,8.06
4/12/2026,00:30, ,gtmpcwq_24G103007_031726_050000.bin,Pellicer Creek,GTMNERR,0,25.45,0,15.52,0,-0.034,0,70.2,0,5.41,0,98.03,32.97,7.1,0,-41,6.31,23.996,0,7.58,0,1.188,2.18,0,8.84
4/12/2026,00:45, ,gtmpcwq_24G103007_031726_050000.bin,Pellicer Creek,GTMNERR,0,25.208,0,15.36,0,-0.044,0,63.7,0,4.91,0,95.71,32.2,7.08,0,-39.8,6.3,23.971,0,7.13,0,1.186,1.92,0,7.79
4/12/2026,01:00, ,gtmpcwq_24G103007_031726_050000.bin,Pellicer Creek,GTMNERR,0,24.882,0,15.14,0,-0.051,0,64.9,0,5.01,0,98.58,33.15,7.08,0,-40.1,6.31,23.971,0,6.72,0,1.186,2.23,0,9.04
4/12/2026,01:15, ,gtmpcwq_24G103007_031726_050000.bin,Pellicer Creek,GTMNERR,0,24.567,0,14.93,0,-0.054,0,66.7,0,5.16,0,99.38,33.42,7.09,0,-40.7,6.31,23.955,0,6.89,0,1.198,2.21,0,8.96
4/12/2026,01:30, ,gtmpcwq_24G103007_031726_050000.bin,Pellicer Creek,GTMNERR,0,23.73,0,14.38,0,-0.045,0,72.2,0,5.62,0,101.6,34.15,7.11,0,-42,6.31,23.867,0,7.05,0,1.189,1.96,0,7.98
4/12/2026,01:45, ,gtmpcwq_24G103007_031726_050000.bin,Pellicer Creek,GTMNERR,0,22.424,0,13.52,0,-0.032,0,70.7,0,5.54,0,103.09,34.65,7.11,0,-41.9,6.31,23.69,0,6.53,0,1.19,2.12,0,8.6
4/12/2026,02:00, ,gtmpcwq_24G103007_031726_050000.bin,Pellicer Creek,GTMNERR,0,21.309,0,12.79,0,-0.019,0,70.7,0,5.62,0,105.59,35.48,7.14,0,-43.6,6.31,23.139,0,6.17,0,1.192,2,0,8.11
4/12/2026,02:15, ,gtmpcwq_24G103007_031726_050000.bin,Pellicer Creek,GTMNERR,0,21.124,0,12.67,0,-0.002,0,74.9,0,5.95,0,106.04,35.63,7.15,0,-43.9,6.31,23.168,0,6.29,0,1.192,2.07,0,8.42
4/12/2026,02:30, ,gtmpcwq_24G103007_031726_050000.bin,Pellicer Creek,GTMNERR,0,22.147,0,13.34,0,0.021,0,74.1,0,5.89,0,105.36,35.4,7.15,0,-44.3,6.31,22.985,0,6.06,0,1.192,2.16,0,8.76
4/12/2026,02:45, ,gtmpcwq_24G103007_031726_050000.bin,Pellicer Creek,GTMNERR,0,24.132,0,14.65,0,0.046,0,74.3,0,5.84,0,101.9,34.25,7.16,0,-44.6,6.31,23.125,0,7.57,0,1.192,1.95,0,7.93
4/12/2026,03:00, ,gtmpcwq_24G103007_031726_050000.bin,Pellicer Creek,GTMNERR,0,24.411,0,14.84,0,0.073,0,74.7,0,5.89,0,101.9,34.25,7.17,0,-45.5,6.31,23.002,0,7.22,0,1.192,1.97,0,8.01
4/12/2026,03:15, ,gtmpcwq_24G103007_031726_050000.bin,Pellicer Creek,GTMNERR,0,25.546,0,15.59,0,0.098,0,75.1,0,5.87,0,100.64,33.83,7.18,0,-45.8,6.31,23.143,0,7.6,0,1.19,2.08,0,8.46
4/12/2026,03:30, ,gtmpcwq_24G103007_031726_050000.bin,Pellicer Creek,GTMNERR,0,25.255,0,15.4,0,0.128,0,76,0,5.98,0,101.7,34.19,7.18,0,-46.1,6.31,22.914,0,7.16,0,1.187,2.18,0,8.84
4/12/2026,03:45, ,gtmpcwq_24G103007_031726_050000.bin,Pellicer Creek,GTMNERR,0,26.816,0,16.44,0,0.16,0,73.8,0,5.73,0,99.28,33.38,7.18,0,-45.8,6.31,23.302,0,7.78,0,1.189,2.06,0,8.39
4/12/2026,04:00, ,gtmpcwq_24G103007_031726_050000.bin,Pellicer Creek,GTMNERR,0,28.994,0,17.91,0,0.191,0,72.8,0,5.57,0,96.23,32.37,7.18,0,-45.8,6.31,23.647,0,9.08,0,1.188,1.88,0,7.65
4/12/2026,04:15, ,gtmpcwq_24G103007_031726_050000.bin,Pellicer Creek,GTMNERR,0,29.123,0,18,0,0.224,0,72.3,0,5.54,0,96.85,32.58,7.18,0,-46.2,6.31,23.53,0,9.8,0,1.191,1.75,0,7.13
4/12/2026,04:30, ,gtmpcwq_24G103007_031726_050000.bin,Pellicer Creek,GTMNERR,0,30.996,0,19.27,0,0.257,0,70.9,0,5.38,0,96.38,32.42,7.17,0,-45.5,6.31,23.65,0,9.43,0,1.183,1.69,0,6.86
4/12/2026,04:45, ,gtmpcwq_24G103007_031726_050000.bin,Pellicer Creek,GTMNERR,0,31.796,0,19.82,0,0.29,0,68.5,0,5.19,0,99.55,33.47,7.16,0,-44.9,6.31,23.532,0,10.12,0,1.2,1.71,0,6.97
4/12/2026,05:00, ,gtmpcwq_24G103007_031726_050000.bin,Pellicer Creek,GTMNERR,0,33.487,0,20.99,0,0.319,0,63.9,0,4.8,0,100.95,33.94,7.13,0,-43.2,6.31,23.576,0,11.91,0,1.189,1.76,0,7.16
4/12/2026,05:15, ,gtmpcwq_24G103007_031726_050000.bin,Pellicer Creek,GTMNERR,0,34.269,0,21.53,0,0.347,0,63.1,0,4.74,0,98.36,33.08,7.14,0,-43.7,6.31,23.507,0,13.49,0,1.185,1.81,0,7.35
4/12/2026,05:30, ,gtmpcwq_24G103007_031726_050000.bin,Pellicer Creek,GTMNERR,0,34.968,0,22.02,0,0.369,0,64.7,0,4.85,0,95.14,32.01,7.18,0,-45.7,6.31,23.403,0,12.69,0,1.187,1.77,0,7.18
4/12/2026,05:45, ,gtmpcwq_24G103007_031726_050000.bin,Pellicer Creek,GTMNERR,0,35.686,0,22.52,0,0.39,0,65,0,4.87,0,91.91,30.93,7.2,0,-47.3,6.31,23.326,0,10.83,0,1.193,1.75,0,7.12
4/12/2026,06:00, ,gtmpcwq_24G103007_031726_050000.bin,Pellicer Creek,GTMNERR,0,36.168,0,22.86,0,0.41,0,66.1,0,4.95,0,88.85,29.92,7.22,0,-48.6,6.31,23.189,0,11.04,0,1.191,1.84,0,7.49
4/12/2026,06:15, ,gtmpcwq_24G103007_031726_050000.bin,Pellicer Creek,GTMNERR,0,36.313,0,22.96,0,0.421,0,65.7,0,4.93,0,88.02,29.64,7.23,0,-49,6.31,23.089,0,11.79,0,1.188,2.01,0,8.16
4/12/2026,06:30, ,gtmpcwq_24G103007_031726_050000.bin,Pellicer Creek,GTMNERR,0,36.765,0,23.28,0,0.432,0,66.8,0,5.02,0,86.33,29.08,7.26,0,-50.7,6.31,22.945,0,10.1,0,1.192,1.86,0,7.57
4/12/2026,06:45, ,gtmpcwq_24G103007_031726_050000.bin,Pellicer Creek,GTMNERR,0,37.169,0,23.56,0,0.438,0,68,0,5.1,0,84.18,28.36,7.28,0,-51.9,6.31,22.882,0,11.07,0,1.192,1.93,0,7.84
4/12/2026,07:00, ,gtmpcwq_24G103007_031726_050000.bin,Pellicer Creek,GTMNERR,0,37.42,0,23.74,0,0.44,0,66.7,0,5.01,0,82.8,27.91,7.28,0,-51.8,6.31,22.851,0,9.83,0,1.192,1.73,0,7.02
4/12/2026,07:15, ,gtmpcwq_24G103007_031726_050000.bin,Pellicer Creek,GTMNERR,0,37.86,0,24.05,0,0.433,0,65.5,0,4.9,0,80.34,27.09,7.27,0,-51.5,6.31,22.86,0,10.66,0,1.192,1.47,0,5.97
4/12/2026,07:30, ,gtmpcwq_24G103007_031726_050000.bin,Pellicer Creek,GTMNERR,0,37.953,0,24.11,0,0.421,0,58,0,4.34,0,77.31,26.08,7.23,0,-49.1,6.31,22.892,0,10.14,0,1.192,1.38,0,5.63
4/12/2026,07:45, ,gtmpcwq_24G103007_031726_050000.bin,Pellicer Creek,GTMNERR,0,37.425,0,23.74,0,0.404,0,66.6,0,4.99,0,82.5,27.81,7.28,0,-52,6.31,22.884,0,10.17,0,1.192,1.49,0,6.08
4/12/2026,08:00, ,gtmpcwq_24G103007_031726_050000.bin,Pellicer Creek,GTMNERR,0,36.628,0,23.18,0,0.386,0,66.9,0,5.03,0,85.95,28.95,7.26,0,-50.8,6.31,22.952,0,10.18,0,1.192,1.54,0,6.28
4/12/2026,08:15, ,gtmpcwq_24G103007_031726_050000.bin,Pellicer Creek,GTMNERR,0,36.299,0,22.95,0,0.372,0,67,0,5.04,0,86.43,29.11,7.26,0,-50.5,6.31,22.991,0,10.65,0,1.192,1.51,0,6.15
4/12/2026,08:30, ,gtmpcwq_24G103007_031726_050000.bin,Pellicer Creek,GTMNERR,0,36.361,0,22.99,0,0.354,0,66.6,0,5,0,87.6,29.5,7.25,0,-50.2,6.31,23.068,0,10.55,0,1.192,1.54,0,6.27
4/12/2026,08:45, ,gtmpcwq_24G103007_031726_050000.bin,Pellicer Creek,GTMNERR,0,34.425,0,21.65,0,0.335,0,66.1,0,5,0,89.07,29.99,7.23,0,-48.6,6.31,23.048,0,10.4,0,1.192,1.86,0,7.56
4/12/2026,09:00, ,gtmpcwq_24G103007_031726_050000.bin,Pellicer Creek,GTMNERR,0,34.371,0,21.61,0,0.315,0,65.1,0,4.93,0,91.87,30.92,7.2,0,-47.2,6.31,23.064,0,10,0,1.192,1.71,0,6.94
4/12/2026,09:15, ,gtmpcwq_24G103007_031726_050000.bin,Pellicer Creek,GTMNERR,0,31.079,0,19.34,0,0.299,0,68.2,0,5.22,0,95.06,31.98,7.19,0,-46.7,6.31,23.073,0,9.86,0,1.192,2.06,0,8.38
4/12/2026,09:30, ,gtmpcwq_24G103007_031726_050000.bin,Pellicer Creek,GTMNERR,0,29.05,0,17.95,0,0.282,0,71.4,0,5.51,0,97.86,32.91,7.19,0,-46.3,6.31,23.157,0,8.91,0,1.192,2.09,0,8.5
4/12/2026,09:45, ,gtmpcwq_24G103007_031726_050000.bin,Pellicer Creek,GTMNERR,0,31.704,0,19.76,0,0.261,0,65.7,0,5.01,0,95.08,31.99,7.17,0,-45.4,6.31,23.232,0,9.55,0,1.192,1.84,0,7.49
4/12/2026,10:00, ,gtmpcwq_24G103007_031726_050000.bin,Pellicer Creek,GTMNERR,0,32.445,0,20.27,0,0.24,0,62.2,0,4.72,0,94.38,31.76,7.17,0,-45.2,6.31,23.256,0,9.73,0,1.192,1.76,0,7.16
4/12/2026,10:15, ,gtmpcwq_24G103007_031726_050000.bin,Pellicer Creek,GTMNERR,0,31.554,0,19.66,0,0.218,0,66.9,0,5.1,0,96.52,32.47,7.18,0,-46.1,6.31,23.281,0,10.54,0,1.193,1.87,0,7.62
4/12/2026,10:30, ,gtmpcwq_24G103007_031726_050000.bin,Pellicer Creek,GTMNERR,0,30.927,0,19.23,0,0.2,0,67.4,0,5.15,0,97.17,32.68,7.18,0,-46.1,6.31,23.297,0,10.37,0,1.192,2,0,8.12
4/12/2026,10:45, ,gtmpcwq_24G103007_031726_050000.bin,Pellicer Creek,GTMNERR,0,31.166,0,19.39,0,0.182,0,67.6,0,5.15,0,97.09,32.66,7.18,0,-45.8,6.31,23.364,0,10.03,0,1.192,1.81,0,7.36
4/12/2026,11:00, ,gtmpcwq_24G103007_031726_050000.bin,Pellicer Creek,GTMNERR,0,31.407,0,19.56,0,0.162,0,65.9,0,5.02,0,97.63,32.84,7.17,0,-45.4,6.31,23.332,0,9.46,0,1.192,1.83,0,7.42
4/12/2026,11:15, ,gtmpcwq_24G103007_031726_050000.bin,Pellicer Creek,GTMNERR,0,27.601,0,16.97,0,0.144,0,74.8,0,5.76,0,98,32.96,7.2,0,-47.4,6.31,23.567,0,9.98,0,1.192,1.94,0,7.89
4/12/2026,11:30, ,gtmpcwq_24G103007_031726_050000.bin,Pellicer Creek,GTMNERR,0,28.328,0,17.46,0,0.127,0,76.4,0,5.87,0,97.31,32.73,7.2,0,-47,6.31,23.572,0,10.19,0,1.183,1.96,0,7.98
4/12/2026,11:45, ,gtmpcwq_24G103007_031726_050000.bin,Pellicer Creek,GTMNERR,0,28.354,0,17.48,0,0.109,0,69.8,0,5.38,0,97.32,32.73,7.18,0,-45.8,6.31,23.383,0,9.96,0,1.188,2.06,0,8.37
4/12/2026,12:00, ,gtmpcwq_24G103007_031726_050000.bin,Pellicer Creek,GTMNERR,0,25.698,0,15.69,0,0.095,0,75.6,0,5.88,0,99.84,33.57,7.2,0,-46.9,6.31,23.405,0,9.64,0,1.189,2.26,0,9.19
4/12/2026,12:15, ,gtmpcwq_24G103007_031726_050000.bin,Pellicer Creek,GTMNERR,0,26.962,0,16.54,0,0.078,0,75.2,0,5.8,0,98.16,33.01,7.19,0,-46.7,6.31,23.575,0,10.59,0,1.192,2.21,0,8.99
4/12/2026,12:30, ,gtmpcwq_24G103007_031726_050000.bin,Pellicer Creek,GTMNERR,0,27.308,0,16.77,0,0.062,0,71,0,5.48,0,98.23,33.03,7.17,0,-45.1,6.31,23.506,0,9.17,0,1.185,2.32,0,9.42
4/12/2026,12:45, ,gtmpcwq_24G103007_031726_050000.bin,Pellicer Creek,GTMNERR,0,26.849,0,16.46,0,0.047,0,72.3,0,5.58,0,98.16,33.01,7.17,0,-45.6,6.31,23.545,0,10.29,0,1.197,2.17,0,8.82
4/12/2026,13:00, ,gtmpcwq_24G103007_031726_050000.bin,Pellicer Creek,GTMNERR,0,26.23,0,16.04,0,0.031,0,73.4,0,5.66,0,96.91,32.59,7.19,0,-46.4,6.31,23.682,0,10.58,0,1.189,2.11,0,8.58
4/12/2026,13:15, ,gtmpcwq_24G103007_031726_050000.bin,Pellicer Creek,GTMNERR,0,26.873,0,16.48,0,0.022,0,70.2,0,5.41,0,97.18,32.69,7.16,0,-45,6.31,23.651,0,9.51,0,1.189,2.15,0,8.72
4/12/2026,13:30, ,gtmpcwq_24G103007_031726_050000.bin,Pellicer Creek,GTMNERR,0,27.203,0,16.7,0,0.006,0,66.4,0,5.11,0,96.67,32.52,7.15,0,-44.1,6.31,23.686,0,8.42,0,1.193,1.97,0,8.01
4/12/2026,13:45, ,gtmpcwq_24G103007_031726_050000.bin,Pellicer Creek,GTMNERR,0,26.84,0,16.45,0,-0.002,0,66.1,0,5.09,0,96.51,32.46,7.12,0,-42.5,6.31,23.699,0,8.74,0,1.187,2.01,0,8.17
4/12/2026,14:00, ,gtmpcwq_24G103007_031726_050000.bin,Pellicer Creek,GTMNERR,0,26.108,0,15.96,0,-0.009,0,61.3,0,4.73,0,95.49,32.12,7.12,0,-42.5,6.31,23.812,0,8.2,0,1.192,1.8,0,7.33
4/12/2026,14:15, ,gtmpcwq_24G103007_031726_050000.bin,Pellicer Creek,GTMNERR,0,25.074,0,15.27,0,-0.014,0,63.4,0,4.89,0,93.46,31.45,7.12,0,-42.2,6.31,23.945,0,8.55,0,1.193,1.92,0,7.8
4/12/2026,14:30, ,gtmpcwq_24G103007_031726_050000.bin,Pellicer Creek,GTMNERR,0,24.763,0,15.06,0,-0.019,0,66.2,0,5.11,0,94.14,31.67,7.13,0,-42.9,6.31,23.992,0,7.87,0,1.192,1.94,0,7.89
4/12/2026,14:45, ,gtmpcwq_24G103007_031726_050000.bin,Pellicer Creek,GTMNERR,0,24.287,0,14.74,0,-0.014,0,67,0,5.18,0,96.25,32.37,7.14,0,-43.4,6.31,24.065,0,8.05,0,1.192,1.99,0,8.08
4/12/2026,15:00, ,gtmpcwq_24G103007_031726_050000.bin,Pellicer Creek,GTMNERR,0,23.429,0,14.17,0,-0.001,0,78.4,0,6.05,0,100.01,33.63,7.18,0,-45.8,6.31,24.339,0,10.02,0,1.192,3,0,12.19
4/12/2026,15:15, ,gtmpcwq_24G103007_031726_050000.bin,Pellicer Creek,GTMNERR,0,22.482,0,13.54,0,0.014,0,90.4,0,6.91,0,98.5,33.12,7.26,0,-50.7,6.31,25.041,0,10.8,0,1.192,2.97,0,12.04
4/12/2026,15:30, ,gtmpcwq_24G103007_031726_050000.bin,Pellicer Creek,GTMNERR,0,22.211,0,13.34,0,0.026,0,102.2,0,7.64,0,95.04,31.97,7.33,0,-55.4,6.31,26.384,0,12.65,0,1.194,4.09,0,16.58
4/12/2026,15:45, ,gtmpcwq_24G103007_031726_050000.bin,Pellicer Creek,GTMNERR,0,23.048,0,13.89,0,0.044,0,101.4,0,7.57,0,94.41,31.76,7.35,0,-56.2,6.31,26.265,0,11.78,0,1.195,3.47,0,14.08
4/12/2026,16:00, ,gtmpcwq_24G103007_031726_050000.bin,Pellicer Creek,GTMNERR,0,24.029,0,14.54,0,0.063,0,103.8,0,7.69,0,92.41,31.1,7.39,0,-58.7,6.31,26.49,0,13.22,0,1.183,3.26,0,13.22
4/12/2026,16:15, ,gtmpcwq_24G103007_031726_050000.bin,Pellicer Creek,GTMNERR,0,25.208,0,15.32,0,0.087,0,103,0,7.61,0,91.36,30.75,7.4,0,-59.4,6.31,26.405,0,13.92,0,1.195,3.18,0,12.91
4/12/2026,16:30, ,gtmpcwq_24G103007_031726_050000.bin,Pellicer Creek,GTMNERR,0,26.163,0,15.96,0,0.112,0,102.1,0,7.51,0,89.93,30.28,7.41,0,-60.2,6.31,26.469,0,14.19,0,1.191,3.2,0,12.98
4/12/2026,16:45, ,gtmpcwq_24G103007_031726_050000.bin,Pellicer Creek,GTMNERR,0,26.422,0,16.13,0,0.138,0,100.7,0,7.4,0,90.16,30.35,7.4,0,-59.5,6.31,26.428,0,14.7,0,1.192,2.9,0,11.76
4/12/2026,17:00, ,gtmpcwq_24G103007_031726_050000.bin,Pellicer Creek,GTMNERR,0,26.826,0,16.4,0,0.164,0,100.7,0,7.41,0,89.69,30.2,7.4,0,-59.2,6.31,26.319,0,14.22,0,1.185,3.24,0,13.16
4/12/2026,17:15, ,gtmpcwq_24G103007_031726_050000.bin,Pellicer Creek,GTMNERR,0,27.879,0,17.12,0,0.19,0,98.4,0,7.23,0,89.92,30.27,7.39,0,-58.9,6.31,26.15,0,13.88,0,1.189,3.11,0,12.61
4/12/2026,17:30, ,gtmpcwq_24G103007_031726_050000.bin,Pellicer Creek,GTMNERR,0,28.191,0,17.32,0,0.218,0,100.2,0,7.34,0,89.38,30.09,7.42,0,-60.4,6.31,26.238,0,14.51,0,1.189,3.37,0,13.68
4/12/2026,17:45, ,gtmpcwq_24G103007_031726_050000.bin,Pellicer Creek,GTMNERR,0,28.941,0,17.83,0,0.243,0,99.2,0,7.25,0,89.6,30.16,7.42,0,-60.3,6.31,26.206,0,12.77,0,1.192,3.58,0,14.53
4/12/2026,18:00, ,gtmpcwq_24G103007_031726_050000.bin,Pellicer Creek,GTMNERR,0,29.763,0,18.39,0,0.269,0,99,0,7.21,0,87.3,29.4,7.42,0,-60.7,6.31,26.2,0,16.17,0,1.194,3.57,0,14.47
4/12/2026,18:15, ,gtmpcwq_24G103007_031726_050000.bin,Pellicer Creek,GTMNERR,0,30.513,0,18.9,0,0.289,0,97.4,0,7.09,0,87.65,29.52,7.42,0,-60.7,6.31,26.126,0,14.38,0,1.192,3.59,0,14.57
4/12/2026,18:30, ,gtmpcwq_24G103007_031726_050000.bin,Pellicer Creek,GTMNERR,0,31.368,0,19.49,0,0.308,0,94,0,6.83,0,87.13,29.34,7.41,0,-59.6,6.31,26.06,0,13.35,0,1.188,3.16,0,12.84
4/12/2026,18:45, ,gtmpcwq_24G103007_031726_050000.bin,Pellicer Creek,GTMNERR,0,32.032,0,19.94,0,0.323,0,95.1,0,6.88,0,85.23,28.71,7.42,0,-60.6,6.31,26.129,0,15.39,0,1.187,3.28,0,13.3
4/12/2026,19:00, ,gtmpcwq_24G103007_031726_050000.bin,Pellicer Creek,GTMNERR,0,32.45,0,20.23,0,0.33,0,92.6,0,6.69,0,85.15,28.69,7.41,0,-60,6.31,26.16,0,13.21,0,1.192,3.15,0,12.77
4/12/2026,19:15, ,gtmpcwq_24G103007_031726_050000.bin,Pellicer Creek,GTMNERR,0,32.484,0,20.25,0,0.33,0,90,0,6.51,0,86.16,29.02,7.39,0,-58.8,6.31,26.053,0,12.45,0,1.192,3.12,0,12.64
4/12/2026,19:30, ,gtmpcwq_24G103007_031726_050000.bin,Pellicer Creek,GTMNERR,0,32.578,0,20.32,0,0.321,0,82,0,5.93,0,83.52,28.14,7.32,0,-54.4,6.31,26.055,0,12.64,0,1.185,2.34,0,9.52
4/12/2026,19:45, ,gtmpcwq_24G103007_031726_050000.bin,Pellicer Creek,GTMNERR,0,32.827,0,20.49,0,0.31,0,83,0,5.99,0,83.09,28,7.33,0,-55.3,6.31,26.131,0,16.2,0,1.196,2.48,0,10.06
4/12/2026,20:00, ,gtmpcwq_24G103007_031726_050000.bin,Pellicer Creek,GTMNERR,0,32.488,0,20.26,0,0.298,0,88.9,0,6.42,0,85.55,28.82,7.37,0,-57.7,6.31,26.111,0,12.89,0,1.194,2.85,0,11.56
4/12/2026,20:15, ,gtmpcwq_24G103007_031726_050000.bin,Pellicer Creek,GTMNERR,0,32.086,0,19.98,0,0.283,0,92.5,0,6.7,0,86.65,29.19,7.39,0,-59,6.3,26.067,0,11.92,0,1.197,3.22,0,13.04
4/12/2026,20:30, ,gtmpcwq_24G103007_031726_050000.bin,Pellicer Creek,GTMNERR,0,29.901,0,18.49,0,0.267,0,93.6,0,6.84,0,88.41,29.77,7.39,0,-58.6,6.31,25.949,0,11.59,0,1.197,2.89,0,11.71
4/12/2026,20:45, ,gtmpcwq_24G103007_031726_050000.bin,Pellicer Creek,GTMNERR,0,30.701,0,19.04,0,0.248,0,88.6,0,6.47,0,87.9,29.6,7.36,0,-57.2,6.3,25.876,0,11.12,0,1.197,3.01,0,12.22
4/12/2026,21:00, ,gtmpcwq_24G103007_031726_050000.bin,Pellicer Creek,GTMNERR,0,28.711,0,17.69,0,0.233,0,91.2,0,6.75,0,89.41,30.1,7.38,0,-58.2,6.31,25.601,0,11.8,0,1.199,2.99,0,12.11
4/12/2026,21:15, ,gtmpcwq_24G103007_031726_050000.bin,Pellicer Creek,GTMNERR,0,29.795,0,18.42,0,0.214,0,90.8,0,6.67,0,90.3,30.4,7.37,0,-57.4,6.31,25.773,0,11.67,0,1.198,3.02,0,12.25
4/12/2026,21:30, ,gtmpcwq_24G103007_031726_050000.bin,Pellicer Creek,GTMNERR,0,30.424,0,18.85,0,0.191,0,85.3,0,6.25,0,88.78,29.89,7.33,0,-54.9,6.31,25.797,0,11.7,0,1.201,2.76,0,11.19
4/12/2026,21:45, ,gtmpcwq_24G103007_031726_050000.bin,Pellicer Creek,GTMNERR,0,29.844,0,18.45,0,0.174,0,88.4,0,6.49,0,90.39,30.43,7.35,0,-56.4,6.31,25.785,0,10.07,0,1.182,2.98,0,12.07
4/12/2026,22:00, ,gtmpcwq_24G103007_031726_050000.bin,Pellicer Creek,GTMNERR,0,29.092,0,17.94,0,0.157,0,90.4,0,6.66,0,92.08,30.99,7.36,0,-57.1,6.31,25.774,0,11.22,0,1.199,3.12,0,12.67
4/12/2026,22:15, ,gtmpcwq_24G103007_031726_050000.bin,Pellicer Creek,GTMNERR,0,29.117,0,17.96,0,0.139,0,88.3,0,6.51,0,92.34,31.08,7.34,0,-55.7,6.31,25.747,0,10.25,0,1.181,3.02,0,12.25
4/12/2026,22:30, ,gtmpcwq_24G103007_031726_050000.bin,Pellicer Creek,GTMNERR,0,28.945,0,17.84,0,0.12,0,86.3,0,6.36,0,92.41,31.1,7.32,0,-54.7,6.31,25.697,0,10.44,0,1.199,2.95,0,11.96
4/12/2026,22:45, ,gtmpcwq_24G103007_031726_050000.bin,Pellicer Creek,GTMNERR,0,27.855,0,17.11,0,0.103,0,88,0,6.52,0,93.94,31.61,7.33,0,-55.1,6.31,25.659,0,9.85,0,1.193,2.84,0,11.53
4/12/2026,23:00, ,gtmpcwq_24G103007_031726_050000.bin,Pellicer Creek,GTMNERR,0,27.383,0,16.79,0,0.085,0,88.4,0,6.58,0,94.37,31.75,7.33,0,-55.2,6.31,25.577,0,10.19,0,1.192,2.95,0,11.98
4/12/2026,23:15, ,gtmpcwq_24G103007_031726_050000.bin,Pellicer Creek,GTMNERR,0,27.471,0,16.85,0,0.068,0,86.8,0,6.45,0,94.31,31.73,7.31,0,-53.9,6.31,25.611,0,9.28,0,1.192,2.94,0,11.95
4/12/2026,23:30, ,gtmpcwq_24G103007_031726_050000.bin,Pellicer Creek,GTMNERR,0,28.146,0,17.3,0,0.051,0,85.7,0,6.35,0,92.57,31.15,7.31,0,-54.1,6.31,25.613,0,9.45,0,1.192,3.06,0,12.42
4/12/2026,23:45, ,gtmpcwq_24G103007_031726_050000.bin,Pellicer Creek,GTMNERR,0,27.405,0,16.81,0,0.037,0,85.1,0,6.32,0,93.7,31.53,7.3,0,-53.5,6.31,25.581,0,9.91,0,1.19,2.97,0,12.06
4/13/2026,00:00, ,gtmpcwq_24G103007_031726_050000.bin,Pellicer Creek,GTMNERR,0,27.759,0,17.04,0,0.019,0,83.4,0,6.19,0,93.67,31.52,7.3,0,-53,6.31,25.573,0,8.59,0,1.185,3.32,0,13.46
4/13/2026,00:15, ,gtmpcwq_24G103007_031726_050000.bin,Pellicer Creek,GTMNERR,0,28.736,0,17.7,0,0.004,0,75.9,0,5.61,0,91.32,30.74,7.24,0,-49.4,6.31,25.582,0,9.51,0,1.19,2.93,0,11.91
4/13/2026,00:30, ,gtmpcwq_24G103007_031726_050000.bin,Pellicer Creek,GTMNERR,0,29.431,0,18.17,0,-0.011,0,76.7,0,5.65,0,91.34,30.74,7.24,0,-49.5,6.31,25.615,0,9.37,0,1.189,3.06,0,12.4
4/13/2026,00:45, ,gtmpcwq_24G103007_031726_050000.bin,Pellicer Creek,GTMNERR,0,29.054,0,17.92,0,-0.024,0,75.6,0,5.58,0,91.37,30.75,7.23,0,-49.3,6.31,25.606,0,9.11,0,1.195,3.09,0,12.52
4/13/2026,01:00, ,gtmpcwq_24G103007_031726_050000.bin,Pellicer Creek,GTMNERR,0,28.272,0,17.39,0,-0.04,0,74.3,0,5.51,0,92.96,31.28,7.22,0,-48.4,6.31,25.543,0,9.89,0,1.183,2.96,0,12
4/13/2026,01:15, ,gtmpcwq_24G103007_031726_050000.bin,Pellicer Creek,GTMNERR,0,27.885,0,17.13,0,-0.053,0,72.9,0,5.42,0,91.73,30.87,7.21,0,-47.8,6.31,25.513,0,8.33,0,1.199,2.73,0,11.08
4/13/2026,01:30, ,gtmpcwq_24G103007_031726_050000.bin,Pellicer Creek,GTMNERR,0,27.204,0,16.67,0,-0.063,0,70.2,0,5.24,0,93.26,31.38,7.19,0,-46.8,6.31,25.427,0,8.62,0,1.184,2.15,0,8.72
4/13/2026,01:45, ,gtmpcwq_24G103007_031726_050000.bin,Pellicer Creek,GTMNERR,0,26.219,0,16.01,0,-0.072,0,65.1,0,4.88,0,93.87,31.58,7.18,0,-45.8,6.31,25.328,0,7.62,0,1.19,1.97,0,8.01
4/13/2026,02:00, ,gtmpcwq_24G103007_031726_050000.bin,Pellicer Creek,GTMNERR,0,25.183,0,15.32,0,-0.08,0,67.3,0,5.08,0,91.84,30.91,7.18,0,-46.3,6.31,25.182,0,7.23,0,1.192,2.21,0,8.97
4/13/2026,02:15, ,gtmpcwq_24G103007_031726_050000.bin,Pellicer Creek,GTMNERR,0,24.685,0,14.99,0,-0.088,0,75.2,0,5.69,0,97.23,32.7,7.22,0,-48.3,6.31,25.161,0,7.94,0,1.188,2.63,0,10.66
4/13/2026,02:30, ,gtmpcwq_24G103007_031726_050000.bin,Pellicer Creek,GTMNERR,0,24.28,0,14.72,0,-0.089,0,75,0,5.69,0,97.43,32.77,7.22,0,-48.3,6.31,25.142,0,7.36,0,1.185,2.36,0,9.59
4/13/2026,02:45, ,gtmpcwq_24G103007_031726_050000.bin,Pellicer Creek,GTMNERR,0,23.4,0,14.14,0,-0.08,0,74.9,0,5.71,0,99.4,33.42,7.23,0,-48.7,6.31,25.009,0,7.11,0,1.19,2.43,0,9.87
4/13/2026,03:00, ,gtmpcwq_24G103007_031726_050000.bin,Pellicer Creek,GTMNERR,0,21.521,0,12.91,0,-0.066,0,75.6,0,5.84,0,101.05,33.97,7.22,0,-48.5,6.31,24.663,0,6.96,0,1.191,2.3,0,9.35
4/13/2026,03:15, ,gtmpcwq_24G103007_031726_050000.bin,Pellicer Creek,GTMNERR,0,19.86,0,11.84,0,-0.05,0,79.2,0,6.25,0,104.62,35.16,7.26,0,-51,6.31,23.855,0,6.98,0,1.183,2.24,0,9.12
4/13/2026,03:30, ,gtmpcwq_24G103007_031726_050000.bin,Pellicer Creek,GTMNERR,0,19.328,0,11.49,0,-0.034,0,81.2,0,6.41,0,104.74,35.2,7.27,0,-51.2,6.31,23.9,0,7.81,0,1.192,2.16,0,8.76
4/13/2026,03:45, ,gtmpcwq_24G103007_031726_050000.bin,Pellicer Creek,GTMNERR,0,19.804,0,11.81,0,-0.014,0,82,0,6.51,0,103.22,34.69,7.29,0,-52.5,6.31,23.537,0,8.3,0,1.196,2.24,0,9.08
4/13/2026,04:00, ,gtmpcwq_24G103007_031726_050000.bin,Pellicer Creek,GTMNERR,0,21.172,0,12.7,0,0.007,0,82.3,0,6.49,0,103.73,34.86,7.31,0,-53.6,6.31,23.637,0,8.31,0,1.186,2.32,0,9.42
4/13/2026,04:15, ,gtmpcwq_24G103007_031726_050000.bin,Pellicer Creek,GTMNERR,0,21.988,0,13.23,0,0.03,0,82.1,0,6.47,0,102.33,34.4,7.31,0,-53.9,6.31,23.462,0,8.23,0,1.187,2.17,0,8.81
4/13/2026,04:30, ,gtmpcwq_24G103007_031726_050000.bin,Pellicer Creek,GTMNERR,0,22.236,0,13.4,0,0.056,0,82.9,0,6.55,0,102.81,34.55,7.34,0,-55.3,6.31,23.274,0,8.56,0,1.187,2.27,0,9.23
4/13/2026,04:45, ,gtmpcwq_24G103007_031726_050000.bin,Pellicer Creek,GTMNERR,0,23.592,0,14.29,0,0.083,0,82,0,6.41,0,100.3,33.72,7.34,0,-55.3,6.31,23.526,0,9.4,0,1.189,2.47,0,10.02
4/13/2026,05:00, ,gtmpcwq_24G103007_031726_050000.bin,Pellicer Creek,GTMNERR,0,24.563,0,14.93,0,0.112,0,81.2,0,6.31,0,99.34,33.4,7.34,0,-55.6,6.31,23.705,0,9.6,0,1.185,2.44,0,9.91
4/13/2026,05:15, ,gtmpcwq_24G103007_031726_050000.bin,Pellicer Creek,GTMNERR,0,25.845,0,15.79,0,0.143,0,79.5,0,6.14,0,97.92,32.93,7.35,0,-55.8,6.31,23.748,0,10.34,0,1.199,2.51,0,10.2
4/13/2026,05:30, ,gtmpcwq_24G103007_031726_050000.bin,Pellicer Creek,GTMNERR,0,27.197,0,16.69,0,0.177,0,78.8,0,6.04,0,95.82,32.23,7.34,0,-55.8,6.31,23.9,0,10.34,0,1.188,2.43,0,9.87
4/13/2026,05:45, ,gtmpcwq_24G103007_031726_050000.bin,Pellicer Creek,GTMNERR,0,28.811,0,17.78,0,0.212,0,77.6,0,5.9,0,92.42,31.1,7.35,0,-56.3,6.31,24.052,0,12.3,0,1.198,2.67,0,10.85
4/13/2026,06:00, ,gtmpcwq_24G103007_031726_050000.bin,Pellicer Creek,GTMNERR,0,28.997,0,17.91,0,0.245,0,76.7,0,5.86,0,94.71,31.86,7.36,0,-56.7,6.31,23.706,0,12.05,0,1.19,2.44,0,9.9
4/13/2026,06:15, ,gtmpcwq_24G103007_031726_050000.bin,Pellicer Creek,GTMNERR,0,30.694,0,19.07,0,0.279,0,76.3,0,5.82,0,93.57,31.48,7.37,0,-57.5,6.31,23.397,0,12.65,0,1.186,2.41,0,9.79
4/13/2026,06:30, ,gtmpcwq_24G103007_031726_050000.bin,Pellicer Creek,GTMNERR,0,31.473,0,19.6,0,0.311,0,75.4,0,5.73,0,91.68,30.86,7.38,0,-57.8,6.31,23.396,0,14.53,0,1.184,2.53,0,10.25
4/13/2026,06:45, ,gtmpcwq_24G103007_031726_050000.bin,Pellicer Creek,GTMNERR,0,32.168,0,20.08,0,0.339,0,75,0,5.69,0,90.6,30.5,7.38,0,-57.8,6.31,23.383,0,15.2,0,1.186,2.34,0,9.51
4/13/2026,07:00, ,gtmpcwq_24G103007_031726_050000.bin,Pellicer Creek,GTMNERR,0,32.44,0,20.27,0,0.362,0,72.9,0,5.53,0,90.32,30.4,7.38,0,-57.8,6.31,23.351,0,13.44,0,1.181,2.63,0,10.68
4/13/2026,07:15, ,gtmpcwq_24G103007_031726_050000.bin,Pellicer Creek,GTMNERR,0,33.491,0,20.99,0,0.381,0,71.9,0,5.43,0,87.56,29.49,7.38,0,-58.2,6.31,23.354,0,14,0,1.186,2.56,0,10.41
4/13/2026,07:30, ,gtmpcwq_24G103007_031726_050000.bin,Pellicer Creek,GTMNERR,0,33.941,0,21.31,0,0.391,0,71.5,0,5.39,0,86.14,29.02,7.39,0,-58.8,6.31,23.364,0,14.56,0,1.195,2.56,0,10.38
4/13/2026,07:45, ,gtmpcwq_24G103007_031726_050000.bin,Pellicer Creek,GTMNERR,0,34.418,0,21.64,0,0.397,0,71.1,0,5.34,0,85.72,28.88,7.4,0,-59,6.31,23.385,0,14.56,0,1.191,2.5,0,10.14
4/13/2026,08:00, ,gtmpcwq_24G103007_031726_050000.bin,Pellicer Creek,GTMNERR,0,34.084,0,21.4,0,0.396,0,70.5,0,5.31,0,85.01,28.64,7.39,0,-58.4,6.31,23.364,0,12,0,1.184,2.67,0,10.83
4/13/2026,08:15, ,gtmpcwq_24G103007_031726_050000.bin,Pellicer Creek,GTMNERR,0,35.078,0,22.09,0,0.389,0,63.7,0,4.77,0,80.83,27.25,7.33,0,-55.1,6.31,23.393,0,14.66,0,1.198,2.19,0,8.88
4/13/2026,08:30, ,gtmpcwq_24G103007_031726_050000.bin,Pellicer Creek,GTMNERR,0,34.87,0,21.95,0,0.373,0,59.4,0,4.46,0,80.95,27.29,7.3,0,-53.1,6.31,23.398,0,14.51,0,1.186,2.13,0,8.64
4/13/2026,08:45, ,gtmpcwq_24G103007_031726_050000.bin,Pellicer Creek,GTMNERR,0,34.53,0,21.71,0,0.356,0,65.6,0,4.93,0,80.42,27.11,7.36,0,-56.5,6.31,23.389,0,14.31,0,1.189,2.47,0,10.02
4/13/2026,09:00, ,gtmpcwq_24G103007_031726_050000.bin,Pellicer Creek,GTMNERR,0,33.751,0,21.17,0,0.339,0,71.9,0,5.43,0,86.99,29.3,7.38,0,-58.1,6.31,23.378,0,13.82,0,1.192,2.39,0,9.7
4/13/2026,09:15, ,gtmpcwq_24G103007_031726_050000.bin,Pellicer Creek,GTMNERR,0,32.626,0,20.4,0,0.321,0,73.2,0,5.54,0,88.64,29.85,7.38,0,-58.1,6.31,23.438,0,11.82,0,1.192,2.68,0,10.88
4/13/2026,09:30, ,gtmpcwq_24G103007_031726_050000.bin,Pellicer Creek,GTMNERR,0,33.156,0,20.76,0,0.299,0,71.6,0,5.41,0,87.85,29.58,7.38,0,-58.1,6.31,23.412,0,14.83,0,1.192,2.43,0,9.87
4/13/2026,09:45, ,gtmpcwq_24G103007_031726_050000.bin,Pellicer Creek,GTMNERR,0,31.331,0,19.5,0,0.28,0,73.3,0,5.56,0,89.76,30.22,7.37,0,-57.3,6.31,23.552,0,13.39,0,1.192,2.57,0,10.41
4/13/2026,10:00, ,gtmpcwq_24G103007_031726_050000.bin,Pellicer Creek,GTMNERR,0,29.885,0,18.51,0,0.258,0,75.8,0,5.77,0,90.92,30.6,7.36,0,-56.6,6.31,23.702,0,13.79,0,1.192,2.93,0,11.87
4/13/2026,10:15, ,gtmpcwq_24G103007_031726_050000.bin,Pellicer Creek,GTMNERR,0,29.61,0,18.33,0,0.238,0,74.2,0,5.65,0,91.6,30.83,7.35,0,-56,6.31,23.786,0,12.08,0,1.192,2.89,0,11.72
4/13/2026,10:30, ,gtmpcwq_24G103007_031726_050000.bin,Pellicer Creek,GTMNERR,0,30.076,0,18.64,0,0.218,0,69.8,0,5.3,0,91.6,30.83,7.33,0,-54.8,6.31,23.751,0,11.35,0,1.183,2.37,0,9.62
4/13/2026,10:45, ,gtmpcwq_24G103007_031726_050000.bin,Pellicer Creek,GTMNERR,0,30.684,0,19.06,0,0.198,0,70.3,0,5.33,0,91.27,30.72,7.33,0,-54.7,6.31,23.723,0,12.77,0,1.19,2.63,0,10.69
4/13/2026,11:00, ,gtmpcwq_24G103007_031726_050000.bin,Pellicer Creek,GTMNERR,0,30.976,0,19.26,0,0.174,0,70.8,0,5.36,0,91.75,30.88,7.35,0,-55.8,6.31,23.698,0,11.69,0,1.185,2.54,0,10.31
4/13/2026,11:15, ,gtmpcwq_24G103007_031726_050000.bin,Pellicer Creek,GTMNERR,0,29.64,0,18.35,0,0.154,0,72.7,0,5.53,0,92.82,31.24,7.34,0,-55.3,6.31,23.836,0,12.23,0,1.193,2.61,0,10.58
4/13/2026,11:30, ,gtmpcwq_24G103007_031726_050000.bin,Pellicer Creek,GTMNERR,0,28.918,0,17.85,0,0.135,0,73.8,0,5.61,0,94,31.63,7.33,0,-55.2,6.31,23.954,0,12.57,0,1.192,2.6,0,10.54
4/13/2026,11:45, ,gtmpcwq_24G103007_031726_050000.bin,Pellicer Creek,GTMNERR,0,26.96,0,16.53,0,0.115,0,79.1,0,6.05,0,96.02,32.3,7.35,0,-56,6.31,24.121,0,10.99,0,1.191,2.67,0,10.82
4/13/2026,12:00, ,gtmpcwq_24G103007_031726_050000.bin,Pellicer Creek,GTMNERR,0,26.456,0,16.19,0,0.1,0,79.9,0,6.1,0,96.2,32.36,7.36,0,-56.6,6.31,24.26,0,11.43,0,1.192,2.65,0,10.75
4/13/2026,12:15, ,gtmpcwq_24G103007_031726_050000.bin,Pellicer Creek,GTMNERR,0,28.661,0,17.68,0,0.077,0,73.5,0,5.59,0,94.74,31.87,7.32,0,-54.1,6.31,24.058,0,12.6,0,1.186,2.52,0,10.22
4/13/2026,12:30, ,gtmpcwq_24G103007_031726_050000.bin,Pellicer Creek,GTMNERR,0,26.28,0,16.07,0,0.06,0,80.1,0,6.12,0,96.65,32.51,7.34,0,-55.3,6.31,24.33,0,10.16,0,1.198,2.63,0,10.69
4/13/2026,12:45, ,gtmpcwq_24G103007_031726_050000.bin,Pellicer Creek,GTMNERR,0,26.014,0,15.89,0,0.044,0,79.3,0,6.06,0,96.96,32.61,7.33,0,-55,6.31,24.318,0,10.24,0,1.196,2.52,0,10.24
4/13/2026,13:00, ,gtmpcwq_24G103007_031726_050000.bin,Pellicer Creek,GTMNERR,0,25.645,0,15.64,0,0.028,0,78.8,0,6.03,0,96.55,32.48,7.32,0,-54.5,6.31,24.313,0,10.32,0,1.195,2.64,0,10.7
4/13/2026,13:15, ,gtmpcwq_24G103007_031726_050000.bin,Pellicer Creek,GTMNERR,0,24.809,0,15.09,0,0.011,0,81.4,0,6.24,0,97.26,32.71,7.33,0,-54.8,6.31,24.439,0,10.75,0,1.199,2.69,0,10.9
4/13/2026,13:30, ,gtmpcwq_24G103007_031726_050000.bin,Pellicer Creek,GTMNERR,0,24.237,0,14.7,0,-0.005,0,82.3,0,6.31,0,98.12,33,7.32,0,-54.2,6.31,24.498,0,10.32,0,1.192,2.76,0,11.19
4/13/2026,13:45, ,gtmpcwq_24G103007_031726_050000.bin,Pellicer Creek,GTMNERR,0,27.658,0,17,0,-0.02,0,69.1,0,5.26,0,93.92,31.6,7.26,0,-50.6,6.31,24.198,0,9.88,0,1.192,2.66,0,10.78
4/13/2026,14:00, ,gtmpcwq_24G103007_031726_050000.bin,Pellicer Creek,GTMNERR,0,26.383,0,16.14,0,-0.033,0,72.3,0,5.51,0,94.58,31.82,7.26,0,-51,6.31,24.374,0,9.48,0,1.192,2.58,0,10.47
4/13/2026,14:15, ,gtmpcwq_24G103007_031726_050000.bin,Pellicer Creek,GTMNERR,0,24.864,0,15.12,0,-0.044,0,75,0,5.73,0,95.6,32.16,7.27,0,-51.2,6.31,24.625,0,9.17,0,1.192,2.64,0,10.72
4/13/2026,14:30, ,gtmpcwq_24G103007_031726_050000.bin,Pellicer Creek,GTMNERR,0,23.793,0,14.41,0,-0.056,0,76.4,0,5.84,0,96.18,32.35,7.27,0,-51.2,6.31,24.751,0,9.11,0,1.192,2.81,0,11.42
4/13/2026,14:45, ,gtmpcwq_24G103007_031726_050000.bin,Pellicer Creek,GTMNERR,0,23.157,0,13.98,0,-0.066,0,75.8,0,5.8,0,94.9,31.93,7.25,0,-50.1,6.31,24.889,0,9.04,0,1.193,2.82,0,11.46
4/13/2026,15:00, ,gtmpcwq_24G103007_031726_050000.bin,Pellicer Creek,GTMNERR,0,23.149,0,13.98,0,-0.075,0,70.7,0,5.4,0,92.85,31.24,7.23,0,-49.2,6.31,24.966,0,9.02,0,1.192,2.55,0,10.35
4/13/2026,15:15, ,gtmpcwq_24G103007_031726_050000.bin,Pellicer Creek,GTMNERR,0,22.115,0,13.29,0,-0.083,0,67.1,0,5.12,0,92.42,31.1,7.22,0,-48.2,6.31,25.282,0,8.68,0,1.192,1.91,0,7.77
4/13/2026,15:30, ,gtmpcwq_24G103007_031726_050000.bin,Pellicer Creek,GTMNERR,0,21.558,0,12.93,0,-0.083,0,66.4,0,5.06,0,92.72,31.2,7.19,0,-46.5,6.31,25.414,0,7.92,0,1.189,2.4,0,9.73
4/13/2026,15:45, ,gtmpcwq_24G103007_031726_050000.bin,Pellicer Creek,GTMNERR,0,21.066,0,12.6,0,-0.075,0,71.5,0,5.43,0,93.11,31.33,7.22,0,-48.2,6.31,25.726,0,9.27,0,1.182,2.04,0,8.27
4/13/2026,16:00, ,gtmpcwq_24G103007_031726_050000.bin,Pellicer Creek,GTMNERR,0,20.51,0,12.24,0,-0.061,0,90.4,0,6.89,0,100.17,33.68,7.33,0,-54.9,6.31,25.678,0,8.23,0,1.198,3.21,0,13.03
4/13/2026,16:15, ,gtmpcwq_24G103007_031726_050000.bin,Pellicer Creek,GTMNERR,0,21.067,0,12.57,0,-0.047,0,111.6,0,8.17,0,92.06,30.98,7.54,0,-68.2,6.31,27.836,0,15.51,0,1.19,3.96,0,16.07
4/13/2026,16:30, ,gtmpcwq_24G103007_031726_050000.bin,Pellicer Creek,GTMNERR,0,21.01,0,12.54,0,-0.032,0,108.2,0,8,0,93.83,31.57,7.48,0,-64.3,6.31,27.278,0,12.33,0,1.197,3.78,0,15.32
4/13/2026,16:45, ,gtmpcwq_24G103007_031726_050000.bin,Pellicer Creek,GTMNERR,0,22.006,0,13.19,0,-0.012,0,109.2,0,8.05,0,93.05,31.31,7.52,0,-66.9,6.31,27.22,0,12.32,0,1.192,3.5,0,14.21
4/13/2026,17:00, ,gtmpcwq_24G103007_031726_050000.bin,Pellicer Creek,GTMNERR,0,22.327,0,13.41,0,0.008,0,109.9,0,8.1,0,93.43,31.44,7.54,0,-67.7,6.31,27.144,0,12.41,0,1.181,3.6,0,14.61
4/13/2026,17:15, ,gtmpcwq_24G103007_031726_050000.bin,Pellicer Creek,GTMNERR,0,23.589,0,14.24,0,0.034,0,107.7,0,7.91,0,90.8,30.56,7.55,0,-68.2,6.31,27.11,0,14.02,0,1.199,3.54,0,14.34
4/13/2026,17:30, ,gtmpcwq_24G103007_031726_050000.bin,Pellicer Creek,GTMNERR,0,24.436,0,14.8,0,0.06,0,106.2,0,7.81,0,90.63,30.51,7.55,0,-68.2,6.31,26.895,0,13.21,0,1.192,3.69,0,14.94
4/13/2026,17:45, ,gtmpcwq_24G103007_031726_050000.bin,Pellicer Creek,GTMNERR,0,24.491,0,14.84,0,0.088,0,107,0,7.85,0,90.24,30.38,7.56,0,-69.2,6.31,26.936,0,14.05,0,1.193,3.85,0,15.61
4/13/2026,18:00, ,gtmpcwq_24G103007_031726_050000.bin,Pellicer Creek,GTMNERR,0,25.73,0,15.67,0,0.116,0,103.4,0,7.6,0,90.12,30.34,7.53,0,-67.3,6.31,26.653,0,14.72,0,1.192,3.86,0,15.63
4/13/2026,18:15, ,gtmpcwq_24G103007_031726_050000.bin,Pellicer Creek,GTMNERR,0,26.497,0,16.18,0,0.146,0,100.6,0,7.37,0,88.83,29.91,7.55,0,-68.4,6.31,26.671,0,15.5,0,1.192,4.08,0,16.54
4/13/2026,18:30, ,gtmpcwq_24G103007_031726_050000.bin,Pellicer Creek,GTMNERR,0,27.188,0,16.64,0,0.178,0,99.5,0,7.29,0,88.34,29.75,7.53,0,-67.3,6.31,26.482,0,15.06,0,1.184,4,0,16.23
4/13/2026,18:45, ,gtmpcwq_24G103007_031726_050000.bin,Pellicer Creek,GTMNERR,0,28.123,0,17.28,0,0.21,0,98.3,0,7.2,0,87.53,29.48,7.52,0,-66.7,6.31,26.246,0,15.99,0,1.189,4.21,0,17.06
4/13/2026,19:00, ,gtmpcwq_24G103007_031726_050000.bin,Pellicer Creek,GTMNERR,0,29.146,0,17.97,0,0.238,0,97.8,0,7.14,0,86.7,29.2,7.54,0,-67.8,6.31,26.291,0,16.07,0,1.192,4.18,0,16.94
4/13/2026,19:15, ,gtmpcwq_24G103007_031726_050000.bin,Pellicer Creek,GTMNERR,0,30.064,0,18.59,0,0.265,0,100.1,0,7.26,0,86.24,29.05,7.56,0,-69.1,6.31,26.468,0,15.23,0,1.192,4.43,0,17.97
4/13/2026,19:30, ,gtmpcwq_24G103007_031726_050000.bin,Pellicer Creek,GTMNERR,0,31.075,0,19.27,0,0.286,0,102.3,0,7.35,0,85.14,28.68,7.59,0,-71.1,6.31,26.723,0,14.93,0,1.192,4.72,0,19.13
4/13/2026,19:45, ,gtmpcwq_24G103007_031726_050000.bin,Pellicer Creek,GTMNERR,0,31.787,0,19.76,0,0.303,0,102.1,0,7.31,0,84.67,28.53,7.6,0,-71.6,6.31,26.795,0,14.05,0,1.182,4.68,0,18.95
4/13/2026,20:00, ,gtmpcwq_24G103007_031726_050000.bin,Pellicer Creek,GTMNERR,0,32.243,0,20.07,0,0.313,0,102.4,0,7.31,0,83.33,28.08,7.6,0,-71.5,6.31,26.815,0,14.27,0,1.199,4.76,0,19.28
4/13/2026,20:15, ,gtmpcwq_24G103007_031726_050000.bin,Pellicer Creek,GTMNERR,0,32.285,0,20.1,0,0.317,0,98.9,0,7.07,0,84.64,28.52,7.58,0,-70.3,6.31,26.732,0,12.69,0,1.182,4.46,0,18.08
4/13/2026,20:30, ,gtmpcwq_24G103007_031726_050000.bin,Pellicer Creek,GTMNERR,0,32.53,0,20.27,0,0.311,0,94.9,0,6.77,0,81.04,27.32,7.53,0,-67.4,6.31,26.798,0,12.99,0,1.191,4.14,0,16.8
4/13/2026,20:45, ,gtmpcwq_24G103007_031726_050000.bin,Pellicer Creek,GTMNERR,0,33.152,0,20.7,0,0.296,0,87.2,0,6.2,0,80.6,27.17,7.46,0,-63.1,6.31,26.885,0,12.55,0,1.188,3.66,0,14.83
4/13/2026,21:00, ,gtmpcwq_24G103007_031726_050000.bin,Pellicer Creek,GTMNERR,0,32.599,0,20.32,0,0.279,0,93.2,0,6.66,0,82.33,27.75,7.52,0,-66.8,6.31,26.782,0,12.82,0,1.192,4.27,0,17.3
4/13/2026,21:15, ,gtmpcwq_24G103007_031726_050000.bin,Pellicer Creek,GTMNERR,0,31.835,0,19.79,0,0.262,0,96.3,0,6.9,0,83.88,28.26,7.55,0,-68.4,6.31,26.726,0,13.44,0,1.189,4.58,0,18.56
4/13/2026,21:30, ,gtmpcwq_24G103007_031726_050000.bin,Pellicer Creek,GTMNERR,0,30.404,0,18.82,0,0.243,0,96.1,0,6.94,0,86.17,29.02,7.53,0,-67.5,6.31,26.566,0,11.71,0,1.187,4,0,16.22
4/13/2026,21:45, ,gtmpcwq_24G103007_031726_050000.bin,Pellicer Creek,GTMNERR,0,30.153,0,18.65,0,0.22,0,96.4,0,7.01,0,85.24,28.72,7.53,0,-66.9,6.31,26.275,0,13.68,0,1.192,4.12,0,16.72
4/13/2026,22:00, ,gtmpcwq_24G103007_031726_050000.bin,Pellicer Creek,GTMNERR,0,28.72,0,17.68,0,0.199,0,93.8,0,6.86,0,89.02,29.97,7.5,0,-65.6,6.31,26.211,0,11.41,0,1.192,3.72,0,15.09
4/13/2026,22:15, ,gtmpcwq_24G103007_031726_050000.bin,Pellicer Creek,GTMNERR,0,28.922,0,17.82,0,0.177,0,91.2,0,6.67,0,88.08,29.66,7.48,0,-63.9,6.31,26.195,0,12.11,0,1.192,3.66,0,14.86
4/13/2026,22:30, ,gtmpcwq_24G103007_031726_050000.bin,Pellicer Creek,GTMNERR,0,28.47,0,17.51,0,0.157,0,88.4,0,6.48,0,87.87,29.59,7.45,0,-62.5,6.31,26.167,0,11.6,0,1.189,3.52,0,14.26
4/13/2026,22:45, ,gtmpcwq_24G103007_031726_050000.bin,Pellicer Creek,GTMNERR,0,29.229,0,18.03,0,0.135,0,92.6,0,6.75,0,87.83,29.58,7.5,0,-65.1,6.31,26.267,0,14.07,0,1.182,3.94,0,15.96
4/13/2026,23:00, ,gtmpcwq_24G103007_031726_050000.bin,Pellicer Creek,GTMNERR,0,29.035,0,17.89,0,0.116,0,87.3,0,6.37,0,88.08,29.66,7.45,0,-62.6,6.31,26.265,0,11.73,0,1.191,3.62,0,14.68
4/13/2026,23:15, ,gtmpcwq_24G103007_031726_050000.bin,Pellicer Creek,GTMNERR,0,28.828,0,17.76,0,0.095,0,88.8,0,6.49,0,89.7,30.2,7.46,0,-63,6.31,26.204,0,11.15,0,1.186,3.68,0,14.92
4/13/2026,23:30, ,gtmpcwq_24G103007_031726_050000.bin,Pellicer Creek,GTMNERR,0,28.208,0,17.34,0,0.076,0,84.7,0,6.22,0,90.06,30.32,7.41,0,-60.1,6.31,26.091,0,10.98,0,1.189,3.41,0,13.81
4/13/2026,23:45, ,gtmpcwq_24G103007_031726_050000.bin,Pellicer Creek,GTMNERR,0,27.475,0,16.85,0,0.058,0,88.1,0,6.49,0,91.87,30.92,7.44,0,-61.9,6.31,26.026,0,10.29,0,1.19,3.42,0,13.85
4/14/2026,00:00, ,gtmpcwq_24G103007_031726_050000.bin,Pellicer Creek,GTMNERR,0,27.07,0,16.57,0,0.04,0,88.3,0,6.53,0,92.63,31.17,7.44,0,-61.7,6.31,25.987,0,10.55,0,1.191,3.37,0,13.66
4/14/2026,00:15, ,gtmpcwq_24G103007_031726_050000.bin,Pellicer Creek,GTMNERR,0,25.739,0,15.68,0,0.022,0,88.5,0,6.59,0,94.49,31.79,7.43,0,-60.9,6.31,25.867,0,9.74,0,1.182,3.23,0,13.1
4/14/2026,00:30, ,gtmpcwq_24G103007_031726_050000.bin,Pellicer Creek,GTMNERR,0,25.403,0,15.46,0,0.005,0,87.6,0,6.54,0,95.24,32.04,7.43,0,-60.8,6.31,25.788,0,9.61,0,1.188,3.16,0,12.81
4/14/2026,00:45, ,gtmpcwq_24G103007_031726_050000.bin,Pellicer Creek,GTMNERR,0,24.737,0,15.02,0,-0.013,0,87.3,0,6.54,0,94.86,31.91,7.42,0,-60.7,6.31,25.695,0,9.63,0,1.189,2.97,0,12.06
4/14/2026,01:00, ,gtmpcwq_24G103007_031726_050000.bin,Pellicer Creek,GTMNERR,0,26.142,0,15.96,0,-0.031,0,86.4,0,6.44,0,92.79,31.23,7.41,0,-59.6,6.31,25.747,0,9.66,0,1.183,3.13,0,12.68
4/14/2026,01:15, ,gtmpcwq_24G103007_031726_050000.bin,Pellicer Creek,GTMNERR,0,25.626,0,15.61,0,-0.047,0,85.1,0,6.34,0,94.61,31.83,7.39,0,-58.7,6.31,25.793,0,9.24,0,1.187,3.11,0,12.6
4/14/2026,01:30, ,gtmpcwq_24G103007_031726_050000.bin,Pellicer Creek,GTMNERR,0,25.867,0,15.77,0,-0.064,0,80.5,0,6,0,92.96,31.28,7.38,0,-57.8,6.31,25.747,0,8.93,0,1.185,2.76,0,11.21
4/14/2026,01:45, ,gtmpcwq_24G103007_031726_050000.bin,Pellicer Creek,GTMNERR,0,27.37,0,16.78,0,-0.079,0,75.1,0,5.55,0,91,30.63,7.31,0,-53.9,6.31,25.888,0,10.06,0,1.19,3.06,0,12.41
4/14/2026,02:00, ,gtmpcwq_24G103007_031726_050000.bin,Pellicer Creek,GTMNERR,0,26.532,0,16.22,0,-0.094,0,70.1,0,5.21,0,90.82,30.57,7.29,0,-52.8,6.31,25.794,0,9.35,0,1.189,2.44,0,9.9
4/14/2026,02:15, ,gtmpcwq_24G103007_031726_050000.bin,Pellicer Creek,GTMNERR,0,26.316,0,16.07,0,-0.106,0,68.3,0,5.09,0,91.13,30.67,7.26,0,-51,6.31,25.729,0,9.22,0,1.184,2.57,0,10.43
4/14/2026,02:30, ,gtmpcwq_24G103007_031726_050000.bin,Pellicer Creek,GTMNERR,0,26.178,0,15.98,0,-0.118,0,71.2,0,5.31,0,92.74,31.21,7.28,0,-52,6.31,25.684,0,8.65,0,1.181,2.57,0,10.44
4/14/2026,02:45, ,gtmpcwq_24G103007_031726_050000.bin,Pellicer Creek,GTMNERR,0,25.642,0,15.62,0,-0.126,0,69.1,0,5.16,0,91.6,30.83,7.28,0,-52.2,6.31,25.645,0,7.83,0,1.185,2.39,0,9.68
4/14/2026,03:00, ,gtmpcwq_24G103007_031726_050000.bin,Pellicer Creek,GTMNERR,0,24.93,0,15.15,0,-0.135,0,67.3,0,5.06,0,93.17,31.35,7.25,0,-50.3,6.31,25.541,0,8.34,0,1.189,2.33,0,9.47
4/14/2026,03:15, ,gtmpcwq_24G103007_031726_050000.bin,Pellicer Creek,GTMNERR,0,24.306,0,14.74,0,-0.144,0,71.4,0,5.38,0,95.41,32.1,7.27,0,-51.6,6.31,25.479,0,7.8,0,1.201,2.38,0,9.66
4/14/2026,03:30, ,gtmpcwq_24G103007_031726_050000.bin,Pellicer Creek,GTMNERR,0,23.782,0,14.39,0,-0.149,0,71.1,0,5.37,0,95.14,32.01,7.26,0,-50.7,6.31,25.422,0,8,0,1.188,2.36,0,9.58
4/14/2026,03:45, ,gtmpcwq_24G103007_031726_050000.bin,Pellicer Creek,GTMNERR,0,23.179,0,13.99,0,-0.143,0,72,0,5.46,0,96.13,32.33,7.27,0,-51.3,6.31,25.369,0,7.27,0,1.183,2.25,0,9.13
4/14/2026,04:00, ,gtmpcwq_24G103007_031726_050000.bin,Pellicer Creek,GTMNERR,0,21.47,0,12.87,0,-0.128,0,75.8,0,5.81,0,100.15,33.67,7.3,0,-53.3,6.31,25.097,0,8.25,0,1.195,2.26,0,9.19
4/14/2026,04:15, ,gtmpcwq_24G103007_031726_050000.bin,Pellicer Creek,GTMNERR,0,19.933,0,11.88,0,-0.114,0,78.1,0,6.09,0,102.7,34.52,7.31,0,-53.8,6.31,24.507,0,7.48,0,1.183,2.2,0,8.94
4/14/2026,04:30, ,gtmpcwq_24G103007_031726_050000.bin,Pellicer Creek,GTMNERR,0,19.48,0,11.59,0,-0.095,0,79.9,0,6.3,0,103.3,34.72,7.33,0,-55.2,6.31,23.968,0,9.12,0,1.186,2.24,0,9.09
4/14/2026,04:45, ,gtmpcwq_24G103007_031726_050000.bin,Pellicer Creek,GTMNERR,0,19.629,0,11.69,0,-0.074,0,80.6,0,6.34,0,103.86,34.9,7.33,0,-55.2,6.31,24.064,0,7.71,0,1.189,2.19,0,8.89
4/14/2026,05:00, ,gtmpcwq_24G103007_031726_050000.bin,Pellicer Creek,GTMNERR,0,22.065,0,13.27,0,-0.048,0,79.2,0,6.16,0,100.51,33.79,7.35,0,-56.1,6.31,24.204,0,9.24,0,1.193,2.39,0,9.72
4/14/2026,05:15, ,gtmpcwq_24G103007_031726_050000.bin,Pellicer Creek,GTMNERR,0,22.915,0,13.84,0,-0.022,0,81.2,0,6.33,0,100.23,33.7,7.38,0,-57.8,6.31,23.915,0,9.25,0,1.192,2.33,0,9.46
4/14/2026,05:30, ,gtmpcwq_24G103007_031726_050000.bin,Pellicer Creek,GTMNERR,0,23.111,0,13.96,0,0.006,0,80.6,0,6.26,0,99.58,33.48,7.38,0,-58,6.31,24.061,0,9.18,0,1.192,2.54,0,10.31
4/14/2026,05:45, ,gtmpcwq_24G103007_031726_050000.bin,Pellicer Creek,GTMNERR,0,23.475,0,14.21,0,0.037,0,80.8,0,6.29,0,99.59,33.49,7.39,0,-58.8,6.31,23.884,0,8.86,0,1.192,2.62,0,10.63
4/14/2026,06:00, ,gtmpcwq_24G103007_031726_050000.bin,Pellicer Creek,GTMNERR,0,24.178,0,14.67,0,0.073,0,80.3,0,6.22,0,98.45,33.11,7.4,0,-59.1,6.31,23.91,0,9.42,0,1.192,2.95,0,11.97
4/14/2026,06:15, ,gtmpcwq_24G103007_031726_050000.bin,Pellicer Creek,GTMNERR,0,26.485,0,16.21,0,0.107,0,77.4,0,5.89,0,93.84,31.58,7.4,0,-59.1,6.31,24.393,0,12.51,0,1.192,2.9,0,11.75
4/14/2026,06:30, ,gtmpcwq_24G103007_031726_050000.bin,Pellicer Creek,GTMNERR,0,27.931,0,17.18,0,0.143,0,76,0,5.74,0,92.57,31.15,7.41,0,-59.7,6.31,24.529,0,11.22,0,1.192,3.13,0,12.7
4/14/2026,06:45, ,gtmpcwq_24G103007_031726_050000.bin,Pellicer Creek,GTMNERR,0,30.921,0,19.2,0,0.177,0,73.2,0,5.44,0,87.48,29.46,7.42,0,-60.2,6.31,24.847,0,13.83,0,1.193,3.11,0,12.6
4/14/2026,07:00, ,gtmpcwq_24G103007_031726_050000.bin,Pellicer Creek,GTMNERR,0,30.734,0,19.08,0,0.218,0,73.3,0,5.5,0,90.72,30.54,7.42,0,-60.2,6.31,24.273,0,11.72,0,1.192,3.11,0,12.63
4/14/2026,07:15, ,gtmpcwq_24G103007_031726_050000.bin,Pellicer Creek,GTMNERR,0,31.773,0,19.8,0,0.253,0,71.3,0,5.35,0,88.55,29.82,7.42,0,-60.3,6.31,24.05,0,13.52,0,1.192,3.54,0,14.36
4/14/2026,07:30, ,gtmpcwq_24G103007_031726_050000.bin,Pellicer Creek,GTMNERR,0,34.23,0,21.49,0,0.286,0,69,0,5.11,0,82.55,27.82,7.43,0,-61.2,6.31,24.269,0,16.54,0,1.192,3.73,0,15.12
4/14/2026,07:45, ,gtmpcwq_24G103007_031726_050000.bin,Pellicer Creek,GTMNERR,0,34.729,0,21.84,0,0.314,0,69.6,0,5.16,0,81.17,27.36,7.46,0,-62.5,6.31,24.146,0,17.38,0,1.189,3.65,0,14.79
4/14/2026,08:00, ,gtmpcwq_24G103007_031726_050000.bin,Pellicer Creek,GTMNERR,0,35.512,0,22.38,0,0.334,0,70.1,0,5.17,0,79.44,26.79,7.47,0,-63.5,6.31,24.199,0,14.64,0,1.192,3.8,0,15.4
4/14/2026,08:15, ,gtmpcwq_24G103007_031726_050000.bin,Pellicer Creek,GTMNERR,0,36.014,0,22.73,0,0.35,0,71,0,5.23,0,77.11,26.01,7.49,0,-64.6,6.31,24.187,0,16.11,0,1.192,3.6,0,14.58
4/14/2026,08:30, ,gtmpcwq_24G103007_031726_050000.bin,Pellicer Creek,GTMNERR,0,36.52,0,23.09,0,0.361,0,71,0,5.22,0,75.59,25.51,7.49,0,-64.6,6.31,24.171,0,14.58,0,1.192,3.72,0,15.07
4/14/2026,08:45, ,gtmpcwq_24G103007_031726_050000.bin,Pellicer Creek,GTMNERR,0,36.835,0,23.31,0,0.365,0,71,0,5.21,0,74.9,25.28,7.49,0,-64.9,6.31,24.179,0,13.45,0,1.192,3.53,0,14.33
4/14/2026,09:00, ,gtmpcwq_24G103007_031726_050000.bin,Pellicer Creek,GTMNERR,0,36.857,0,23.32,0,0.361,0,66.3,0,4.86,0,73.34,24.76,7.45,0,-62.3,6.31,24.213,0,12.84,0,1.192,2.9,0,11.78
4/14/2026,09:15, ,gtmpcwq_24G103007_031726_050000.bin,Pellicer Creek,GTMNERR,0,37.147,0,23.53,0,0.347,0,59.3,0,4.35,0,71.08,24.01,7.38,0,-58,6.31,24.147,0,13.89,0,1.192,2.98,0,12.11
4/14/2026,09:30, ,gtmpcwq_24G103007_031726_050000.bin,Pellicer Creek,GTMNERR,0,37.086,0,23.48,0,0.325,0,61.9,0,4.55,0,72.09,24.34,7.4,0,-59.2,6.31,24.171,0,12.42,0,1.192,3.26,0,13.23
4/14/2026,09:45, ,gtmpcwq_24G103007_031726_050000.bin,Pellicer Creek,GTMNERR,0,36.432,0,23.02,0,0.307,0,71.3,0,5.24,0,76.08,25.67,7.49,0,-64.4,6.31,24.225,0,12.67,0,1.191,3.92,0,15.89
4/14/2026,10:00, ,gtmpcwq_24G103007_031726_050000.bin,Pellicer Creek,GTMNERR,0,35.958,0,22.69,0,0.288,0,73.1,0,5.38,0,77.92,26.28,7.49,0,-64.6,6.31,24.253,0,12.06,0,1.192,3.83,0,15.51
4/14/2026,10:15, ,gtmpcwq_24G103007_031726_050000.bin,Pellicer Creek,GTMNERR,0,35.072,0,22.07,0,0.267,0,72.2,0,5.32,0,79.19,26.7,7.48,0,-63.8,6.31,24.325,0,11.69,0,1.192,3.47,0,14.06
4/14/2026,10:30, ,gtmpcwq_24G103007_031726_050000.bin,Pellicer Creek,GTMNERR,0,33.935,0,21.28,0,0.245,0,73.4,0,5.43,0,81.67,27.53,7.47,0,-63.5,6.31,24.431,0,10.77,0,1.192,3.38,0,13.72
4/14/2026,10:45, ,gtmpcwq_24G103007_031726_050000.bin,Pellicer Creek,GTMNERR,0,31.99,0,19.94,0,0.224,0,76.5,0,5.69,0,84.75,28.55,7.44,0,-61.5,6.31,24.609,0,10.74,0,1.192,3.34,0,13.56
4/14/2026,11:00, ,gtmpcwq_24G103007_031726_050000.bin,Pellicer Creek,GTMNERR,0,33.29,0,20.84,0,0.199,0,71.4,0,5.29,0,84.06,28.32,7.44,0,-61.5,6.31,24.487,0,11.23,0,1.192,3.63,0,14.73
4/14/2026,11:15, ,gtmpcwq_24G103007_031726_050000.bin,Pellicer Creek,GTMNERR,0,33.575,0,21.03,0,0.177,0,73.5,0,5.44,0,84.58,28.5,7.47,0,-63.4,6.31,24.457,0,11.79,0,1.192,3.71,0,15.03
4/14/2026,11:30, ,gtmpcwq_24G103007_031726_050000.bin,Pellicer Creek,GTMNERR,0,32.952,0,20.6,0,0.154,0,73.9,0,5.48,0,85.29,28.73,7.46,0,-62.7,6.31,24.51,0,10.93,0,1.191,3.8,0,15.4
4/14/2026,11:45, ,gtmpcwq_24G103007_031726_050000.bin,Pellicer Creek,GTMNERR,0,31.853,0,19.84,0,0.133,0,74.3,0,5.52,0,84.93,28.61,7.45,0,-62.4,6.31,24.638,0,12.43,0,1.192,3.72,0,15.09
4/14/2026,12:00, ,gtmpcwq_24G103007_031726_050000.bin,Pellicer Creek,GTMNERR,0,29.534,0,18.26,0,0.114,0,79.2,0,5.92,0,90.19,30.36,7.45,0,-62.4,6.31,24.807,0,11.74,0,1.192,3.65,0,14.8
4/14/2026,12:15, ,gtmpcwq_24G103007_031726_050000.bin,Pellicer Creek,GTMNERR,0,28.544,0,17.59,0,0.092,0,79.7,0,5.97,0,92.06,30.98,7.44,0,-61.4,6.31,24.844,0,11.66,0,1.192,3.56,0,14.42
4/14/2026,12:30, ,gtmpcwq_24G103007_031726_050000.bin,Pellicer Creek,GTMNERR,0,29.436,0,18.19,0,0.074,0,75,0,5.61,0,89.97,30.29,7.43,0,-61.3,6.31,24.752,0,10.75,0,1.192,3.45,0,13.98
4/14/2026,12:45, ,gtmpcwq_24G103007_031726_050000.bin,Pellicer Creek,GTMNERR,0,29.375,0,18.15,0,0.053,0,79.7,0,5.94,0,89,29.97,7.44,0,-61.4,6.31,24.982,0,10.12,0,1.192,3.6,0,14.6
4/14/2026,13:00, ,gtmpcwq_24G103007_031726_050000.bin,Pellicer Creek,GTMNERR,0,30.962,0,19.23,0,0.034,0,69.5,0,5.16,0,87.56,29.49,7.38,0,-58.3,6.31,24.813,0,11.02,0,1.191,3.45,0,13.98
4/14/2026,13:15, ,gtmpcwq_24G103007_031726_050000.bin,Pellicer Creek,GTMNERR,0,28.917,0,17.84,0,0.017,0,82,0,6.12,0,89.89,30.26,7.43,0,-60.8,6.31,25.068,0,9.74,0,1.189,3.55,0,14.39
4/14/2026,13:30, ,gtmpcwq_24G103007_031726_050000.bin,Pellicer Creek,GTMNERR,0,28.673,0,17.67,0,0.001,0,79.3,0,5.93,0,90.22,30.37,7.41,0,-59.8,6.31,25.028,0,10.28,0,1.183,3.62,0,14.68
4/14/2026,13:45, ,gtmpcwq_24G103007_031726_050000.bin,Pellicer Creek,GTMNERR,0,29.914,0,18.51,0,-0.016,0,71.5,0,5.33,0,88.73,29.87,7.37,0,-57.4,6.31,24.937,0,8.91,0,1.189,3.65,0,14.79
4/14/2026,14:00, ,gtmpcwq_24G103007_031726_050000.bin,Pellicer Creek,GTMNERR,0,28.231,0,17.37,0,-0.031,0,73.6,0,5.51,0,90.08,30.32,7.35,0,-56.5,6.31,25.05,0,8.54,0,1.188,3.4,0,13.77
4/14/2026,14:15, ,gtmpcwq_24G103007_031726_050000.bin,Pellicer Creek,GTMNERR,0,28.801,0,17.76,0,-0.046,0,71.6,0,5.34,0,89.11,30,7.35,0,-56.3,6.31,25.066,0,9.99,0,1.189,3.5,0,14.18
4/14/2026,14:30, ,gtmpcwq_24G103007_031726_050000.bin,Pellicer Creek,GTMNERR,0,28.041,0,17.24,0,-0.061,0,72.1,0,5.38,0,89.51,30.14,7.34,0,-55.9,6.31,25.16,0,9.22,0,1.188,3.27,0,13.25
4/14/2026,14:45, ,gtmpcwq_24G103007_031726_050000.bin,Pellicer Creek,GTMNERR,0,27.614,0,16.95,0,-0.073,0,64.5,0,4.82,0,87.55,29.48,7.28,0,-51.9,6.31,25.244,0,10.01,0,1.193,2.64,0,10.7
4/14/2026,15:00, ,gtmpcwq_24G103007_031726_050000.bin,Pellicer Creek,GTMNERR,0,27.256,0,16.71,0,-0.086,0,68.3,0,5.1,0,88.81,29.9,7.3,0,-53.1,6.31,25.28,0,8.43,0,1.198,2.99,0,12.13
4/14/2026,15:15, ,gtmpcwq_24G103007_031726_050000.bin,Pellicer Creek,GTMNERR,0,27.37,0,16.79,0,-0.096,0,64.2,0,4.8,0,89.58,30.16,7.28,0,-52.1,6.31,25.265,0,8.29,0,1.187,3.07,0,12.44
4/14/2026,15:30, ,gtmpcwq_24G103007_031726_050000.bin,Pellicer Creek,GTMNERR,0,26.65,0,16.3,0,-0.107,0,63.5,0,4.76,0,86.81,29.24,7.26,0,-51,6.31,25.36,0,11.36,0,1.189,2.99,0,12.14
4/14/2026,15:45, ,gtmpcwq_24G103007_031726_050000.bin,Pellicer Creek,GTMNERR,0,26.306,0,16.07,0,-0.116,0,64.2,0,4.81,0,89.14,30.01,7.26,0,-50.9,6.31,25.387,0,8.9,0,1.192,2.87,0,11.65
4/14/2026,16:00, ,gtmpcwq_24G103007_031726_050000.bin,Pellicer Creek,GTMNERR,0,25.636,0,15.62,0,-0.12,0,63.9,0,4.79,0,89.91,30.27,7.26,0,-51.1,6.31,25.481,0,9.05,0,1.184,2.83,0,11.5
4/14/2026,16:15, ,gtmpcwq_24G103007_031726_050000.bin,Pellicer Creek,GTMNERR,0,24.612,0,14.93,0,-0.113,0,79.1,0,5.92,0,95.28,32.05,7.36,0,-56.8,6.31,25.763,0,8.77,0,1.187,3.52,0,14.26
4/14/2026,16:30, ,gtmpcwq_24G103007_031726_050000.bin,Pellicer Creek,GTMNERR,0,23.212,0,14,0,-0.101,0,85.9,0,6.42,0,95.76,32.21,7.38,0,-58.2,6.31,26.233,0,9.49,0,1.192,3.45,0,14
4/14/2026,16:45, ,gtmpcwq_24G103007_031726_050000.bin,Pellicer Creek,GTMNERR,0,21.492,0,12.87,0,-0.083,0,98.9,0,7.37,0,95.49,32.12,7.46,0,-62.9,6.31,26.671,0,11.42,0,1.193,3.71,0,15.03
4/14/2026,17:00, ,gtmpcwq_24G103007_031726_050000.bin,Pellicer Creek,GTMNERR,0,21.072,0,12.58,0,-0.067,0,105.9,0,7.79,0,95.85,32.24,7.51,0,-66.2,6.31,27.528,0,10.31,0,1.192,3.64,0,14.74
4/14/2026,17:15, ,gtmpcwq_24G103007_031726_050000.bin,Pellicer Creek,GTMNERR,0,22.265,0,13.35,0,-0.051,0,109.5,0,7.98,0,91.86,30.92,7.59,0,-70.9,6.31,27.86,0,11.76,0,1.192,3.4,0,13.79
4/14/2026,17:30, ,gtmpcwq_24G103007_031726_050000.bin,Pellicer Creek,GTMNERR,0,22.985,0,13.83,0,-0.031,0,110,0,8.01,0,91.23,30.71,7.61,0,-72.3,6.31,27.741,0,11.73,0,1.187,3.65,0,14.79
4/14/2026,17:45, ,gtmpcwq_24G103007_031726_050000.bin,Pellicer Creek,GTMNERR,0,24.141,0,14.59,0,-0.005,0,109.2,0,7.92,0,88.55,29.82,7.63,0,-73.4,6.31,27.702,0,13.16,0,1.195,3.65,0,14.79
4/14/2026,18:00, ,gtmpcwq_24G103007_031726_050000.bin,Pellicer Creek,GTMNERR,0,25.023,0,15.18,0,0.021,0,108.7,0,7.87,0,88.74,29.88,7.65,0,-74.3,6.31,27.575,0,12.73,0,1.189,4.06,0,16.47
4/14/2026,18:15, ,gtmpcwq_24G103007_031726_050000.bin,Pellicer Creek,GTMNERR,0,25.431,0,15.45,0,0.051,0,107.7,0,7.8,0,88.45,29.78,7.64,0,-74.2,6.31,27.461,0,12.81,0,1.192,4.11,0,16.68
4/14/2026,18:30, ,gtmpcwq_24G103007_031726_050000.bin,Pellicer Creek,GTMNERR,0,26.276,0,16.02,0,0.082,0,106.5,0,7.72,0,87.56,29.49,7.64,0,-74.2,6.31,27.275,0,13.42,0,1.189,4.29,0,17.37
4/14/2026,18:45, ,gtmpcwq_24G103007_031726_050000.bin,Pellicer Creek,GTMNERR,0,27.819,0,17.06,0,0.116,0,104.6,0,7.55,0,85.56,28.82,7.64,0,-73.8,6.31,27.183,0,14.43,0,1.187,4.65,0,18.86
4/14/2026,19:00, ,gtmpcwq_24G103007_031726_050000.bin,Pellicer Creek,GTMNERR,0,28.769,0,17.7,0,0.151,0,101.3,0,7.31,0,84.58,28.5,7.62,0,-72.9,6.31,27.002,0,14.27,0,1.191,4.74,0,19.21
4/14/2026,19:15, ,gtmpcwq_24G103007_031726_050000.bin,Pellicer Creek,GTMNERR,0,29.946,0,18.5,0,0.186,0,98.8,0,7.12,0,82.06,27.66,7.62,0,-72.7,6.31,26.802,0,16.09,0,1.19,4.73,0,19.19
4/14/2026,19:30, ,gtmpcwq_24G103007_031726_050000.bin,Pellicer Creek,GTMNERR,0,31.348,0,19.46,0,0.224,0,98.5,0,7.06,0,81.03,27.32,7.64,0,-73.9,6.31,26.836,0,16.03,0,1.185,5.13,0,20.78
4/14/2026,19:45, ,gtmpcwq_24G103007_031726_050000.bin,Pellicer Creek,GTMNERR,0,32.386,0,20.17,0,0.259,0,99.4,0,7.09,0,79.6,26.84,7.65,0,-74.3,6.31,26.898,0,14.81,0,1.198,5.3,0,21.46
4/14/2026,20:00, ,gtmpcwq_24G103007_031726_050000.bin,Pellicer Creek,GTMNERR,0,33.376,0,20.85,0,0.291,0,99.6,0,7.06,0,77.89,26.27,7.67,0,-75.5,6.31,26.967,0,14.76,0,1.192,5.39,0,21.85
4/14/2026,20:15, ,gtmpcwq_24G103007_031726_050000.bin,Pellicer Creek,GTMNERR,0,34.329,0,21.51,0,0.317,0,99.2,0,7,0,74.88,25.27,7.66,0,-75.3,6.31,27.077,0,19.9,0,1.182,5.54,0,22.43
4/14/2026,20:30, ,gtmpcwq_24G103007_031726_050000.bin,Pellicer Creek,GTMNERR,0,34.666,0,21.74,0,0.338,0,98.5,0,6.95,0,75.99,25.64,7.67,0,-75.4,6.31,27.029,0,15.51,0,1.189,5.58,0,22.6
4/14/2026,20:45, ,gtmpcwq_24G103007_031726_050000.bin,Pellicer Creek,GTMNERR,0,35.691,0,22.45,0,0.352,0,97.9,0,6.87,0,73.18,24.71,7.67,0,-75.9,6.31,27.089,0,17.05,0,1.182,5.64,0,22.84
4/14/2026,21:00, ,gtmpcwq_24G103007_031726_050000.bin,Pellicer Creek,GTMNERR,0,36.153,0,22.77,0,0.36,0,97.3,0,6.82,0,73.38,24.77,7.67,0,-75.6,6.31,27.031,0,13.6,0,1.195,5.57,0,22.56
4/14/2026,21:15, ,gtmpcwq_24G103007_031726_050000.bin,Pellicer Creek,GTMNERR,0,36.794,0,23.22,0,0.36,0,95.8,0,6.7,0,72,24.32,7.67,0,-75.7,6.31,27.01,0,11.33,0,1.192,5.53,0,22.38
4/14/2026,21:30, ,gtmpcwq_24G103007_031726_050000.bin,Pellicer Creek,GTMNERR,0,36.551,0,23.05,0,0.354,0,80.9,0,5.67,0,71.8,24.25,7.6,0,-71.3,6.31,26.992,0,11.79,0,1.184,3.95,0,16.02
4/14/2026,21:45, ,gtmpcwq_24G103007_031726_050000.bin,Pellicer Creek,GTMNERR,0,37.412,0,23.65,0,0.336,0,85.7,0,5.98,0,69.51,23.49,7.59,0,-70.8,6.31,27.054,0,11.61,0,1.187,4.09,0,16.59
4/14/2026,22:00, ,gtmpcwq_24G103007_031726_050000.bin,Pellicer Creek,GTMNERR,0,35.966,0,22.64,0,0.316,0,91.4,0,6.42,0,71.38,24.11,7.59,0,-71.1,6.31,26.966,0,11.88,0,1.19,5.13,0,20.8
4/14/2026,22:15, ,gtmpcwq_24G103007_031726_050000.bin,Pellicer Creek,GTMNERR,0,36.053,0,22.71,0,0.295,0,92.5,0,6.49,0,73.21,24.72,7.64,0,-73.8,6.31,26.971,0,13.34,0,1.192,5.34,0,21.62
4/14/2026,22:30, ,gtmpcwq_24G103007_031726_050000.bin,Pellicer Creek,GTMNERR,0,34.779,0,21.82,0,0.274,0,94.3,0,6.66,0,76.06,25.66,7.64,0,-73.7,6.31,26.892,0,12.02,0,1.186,5.4,0,21.86
4/14/2026,22:45, ,gtmpcwq_24G103007_031726_050000.bin,Pellicer Creek,GTMNERR,0,34.877,0,21.89,0,0.252,0,92.3,0,6.52,0,75.84,25.59,7.63,0,-73.2,6.31,26.845,0,13.13,0,1.188,5.19,0,21.01
4/14/2026,23:00, ,gtmpcwq_24G103007_031726_050000.bin,Pellicer Creek,GTMNERR,0,33.518,0,20.95,0,0.229,0,90.7,0,6.46,0,78.04,26.32,7.61,0,-71.9,6.31,26.703,0,12.79,0,1.189,5.04,0,20.43
4/14/2026,23:15, ,gtmpcwq_24G103007_031726_050000.bin,Pellicer Creek,GTMNERR,0,31.604,0,19.64,0,0.206,0,89.6,0,6.45,0,81.63,27.52,7.57,0,-69.8,6.31,26.436,0,10.91,0,1.187,4.39,0,17.78
4/14/2026,23:30, ,gtmpcwq_24G103007_031726_050000.bin,Pellicer Creek,GTMNERR,0,29.354,0,18.11,0,0.184,0,91.4,0,6.67,0,86.7,29.2,7.56,0,-69.3,6.31,26.183,0,10.43,0,1.186,4,0,16.23
4/14/2026,23:45, ,gtmpcwq_24G103007_031726_050000.bin,Pellicer Creek,GTMNERR,0,28.453,0,17.5,0,0.16,0,88.9,0,6.52,0,87.76,29.55,7.54,0,-67.9,6.31,26.125,0,10.3,0,1.183,3.61,0,14.64
4/15/2026,00:00, ,gtmpcwq_24G103007_031726_050000.bin,Pellicer Creek,GTMNERR,0,27.733,0,17.02,0,0.136,0,90.7,0,6.68,0,90.07,30.32,7.54,0,-67.9,6.31,26.082,0,9.35,0,1.194,3.42,0,13.87
4/15/2026,00:15, ,gtmpcwq_24G103007_031726_050000.bin,Pellicer Creek,GTMNERR,0,29.055,0,17.91,0,0.111,0,86.7,0,6.34,0,86.05,28.98,7.5,0,-65.5,6.31,26.17,0,9.77,0,1.185,3.73,0,15.13
4/15/2026,00:30, ,gtmpcwq_24G103007_031726_050000.bin,Pellicer Creek,GTMNERR,0,28.56,0,17.57,0,0.089,0,84,0,6.15,0,86.45,29.12,7.48,0,-64.1,6.31,26.194,0,9.86,0,1.192,3.38,0,13.71
4/15/2026,00:45, ,gtmpcwq_24G103007_031726_050000.bin,Pellicer Creek,GTMNERR,0,29.721,0,18.36,0,0.067,0,83.8,0,6.09,0,85.61,28.84,7.51,0,-66.3,6.31,26.305,0,10.38,0,1.192,3.49,0,14.16
4/15/2026,01:00, ,gtmpcwq_24G103007_031726_050000.bin,Pellicer Creek,GTMNERR,0,29.574,0,18.26,0,0.047,0,85.8,0,6.25,0,87.25,29.38,7.53,0,-67.2,6.31,26.28,0,9.78,0,1.192,3.84,0,15.57
4/15/2026,01:15, ,gtmpcwq_24G103007_031726_050000.bin,Pellicer Creek,GTMNERR,0,28.806,0,17.74,0,0.025,0,86.5,0,6.32,0,88.66,29.85,7.52,0,-66.9,6.31,26.218,0,11.1,0,1.192,3.69,0,14.96
4/15/2026,01:30, ,gtmpcwq_24G103007_031726_050000.bin,Pellicer Creek,GTMNERR,0,28.489,0,17.53,0,0.004,0,85.9,0,6.31,0,89.1,30,7.51,0,-66,6.31,26.081,0,9.52,0,1.192,3.68,0,14.9
4/15/2026,01:45, ,gtmpcwq_24G103007_031726_050000.bin,Pellicer Creek,GTMNERR,0,27.051,0,16.56,0,-0.015,0,85.5,0,6.32,0,91.68,30.86,7.5,0,-65.2,6.31,25.962,0,9.34,0,1.185,3.34,0,13.53
4/15/2026,02:00, ,gtmpcwq_24G103007_031726_050000.bin,Pellicer Creek,GTMNERR,0,26.75,0,16.36,0,-0.031,0,84.5,0,6.26,0,91.44,30.78,7.48,0,-64.3,6.31,25.887,0,8.71,0,1.192,3.24,0,13.12
4/15/2026,02:15, ,gtmpcwq_24G103007_031726_050000.bin,Pellicer Creek,GTMNERR,0,26.189,0,15.99,0,-0.05,0,84,0,6.25,0,92.83,31.24,7.48,0,-64,6.31,25.843,0,9.06,0,1.182,3.19,0,12.93
4/15/2026,02:30, ,gtmpcwq_24G103007_031726_050000.bin,Pellicer Creek,GTMNERR,0,25.04,0,15.22,0,-0.067,0,83.6,0,6.26,0,93.52,31.47,7.46,0,-63.1,6.31,25.674,0,8.37,0,1.185,2.7,0,10.98
4/15/2026,02:45, ,gtmpcwq_24G103007_031726_050000.bin,Pellicer Creek,GTMNERR,0,24.516,0,14.87,0,-0.081,0,83.3,0,6.26,0,95.67,32.18,7.45,0,-62.3,6.31,25.582,0,8.27,0,1.189,2.61,0,10.6
4/15/2026,03:00, ,gtmpcwq_24G103007_031726_050000.bin,Pellicer Creek,GTMNERR,0,27.625,0,16.95,0,-0.098,0,76.7,0,5.67,0,89.95,30.28,7.4,0,-59.6,6.31,25.912,0,8.96,0,1.187,3.03,0,12.3
4/15/2026,03:15, ,gtmpcwq_24G103007_031726_050000.bin,Pellicer Creek,GTMNERR,0,26.42,0,16.14,0,-0.112,0,79.3,0,5.9,0,92.09,30.99,7.42,0,-60.2,6.31,25.777,0,7.95,0,1.183,2.79,0,11.31
4/15/2026,03:30, ,gtmpcwq_24G103007_031726_050000.bin,Pellicer Creek,GTMNERR,0,27.306,0,16.73,0,-0.124,0,69.5,0,5.14,0,89.61,30.17,7.33,0,-55.2,6.31,25.906,0,8.49,0,1.189,2.6,0,10.55
4/15/2026,03:45, ,gtmpcwq_24G103007_031726_050000.bin,Pellicer Creek,GTMNERR,0,26.496,0,16.19,0,-0.129,0,71.1,0,5.28,0,91.48,30.79,7.34,0,-55.9,6.31,25.821,0,8.66,0,1.189,2.69,0,10.92
4/15/2026,04:00, ,gtmpcwq_24G103007_031726_050000.bin,Pellicer Creek,GTMNERR,0,25.971,0,15.84,0,-0.138,0,66.1,0,4.93,0,90.64,30.51,7.28,0,-52.3,6.31,25.723,0,8.73,0,1.187,2.42,0,9.83
4/15/2026,04:15, ,gtmpcwq_24G103007_031726_050000.bin,Pellicer Creek,GTMNERR,0,25.936,0,15.82,0,-0.146,0,71,0,5.29,0,92.15,31.01,7.34,0,-55.8,6.31,25.754,0,8.31,0,1.19,2.57,0,10.42
4/15/2026,04:30, ,gtmpcwq_24G103007_031726_050000.bin,Pellicer Creek,GTMNERR,0,25.778,0,15.71,0,-0.15,0,58.3,0,4.35,0,88.82,29.91,7.25,0,-50.1,6.31,25.735,0,7.72,0,1.194,2.08,0,8.44
4/15/2026,04:45, ,gtmpcwq_24G103007_031726_050000.bin,Pellicer Creek,GTMNERR,0,24.792,0,15.06,0,-0.142,0,67,0,5.03,0,95.42,32.1,7.32,0,-54.4,6.31,25.581,0,7.13,0,1.194,2.3,0,9.32
4/15/2026,05:00, ,gtmpcwq_24G103007_031726_050000.bin,Pellicer Creek,GTMNERR,0,23.402,0,14.14,0,-0.126,0,74.9,0,5.67,0,97.69,32.85,7.36,0,-56.6,6.31,25.361,0,7.22,0,1.192,2.26,0,9.2
4/15/2026,05:15, ,gtmpcwq_24G103007_031726_050000.bin,Pellicer Creek,GTMNERR,0,21.581,0,12.95,0,-0.108,0,76.1,0,5.9,0,101,33.95,7.37,0,-57.5,6.31,24.401,0,7.83,0,1.192,2.15,0,8.72
4/15/2026,05:30, ,gtmpcwq_24G103007_031726_050000.bin,Pellicer Creek,GTMNERR,0,21.471,0,12.88,0,-0.089,0,78.4,0,6.07,0,101.64,34.17,7.37,0,-57.5,6.31,24.551,0,7.54,0,1.187,2.12,0,8.63
4/15/2026,05:45, ,gtmpcwq_24G103007_031726_050000.bin,Pellicer Creek,GTMNERR,0,23.627,0,14.3,0,-0.067,0,77,0,5.92,0,99.15,33.34,7.4,0,-59,6.31,24.481,0,8.04,0,1.186,2.34,0,9.48
4/15/2026,06:00, ,gtmpcwq_24G103007_031726_050000.bin,Pellicer Creek,GTMNERR,0,24.683,0,15,0,-0.041,0,76.4,0,5.86,0,96.51,32.46,7.41,0,-59.6,6.31,24.393,0,9.44,0,1.189,2.6,0,10.56
4/15/2026,06:15, ,gtmpcwq_24G103007_031726_050000.bin,Pellicer Creek,GTMNERR,0,26.124,0,15.96,0,-0.014,0,77.4,0,5.89,0,95.62,32.17,7.43,0,-61,6.31,24.502,0,9.09,0,1.183,2.8,0,11.36
4/15/2026,06:30, ,gtmpcwq_24G103007_031726_050000.bin,Pellicer Creek,GTMNERR,0,25.082,0,15.27,0,0.018,0,78.9,0,6.08,0,97.1,32.66,7.45,0,-61.9,6.31,24.111,0,8.26,0,1.192,2.7,0,10.97
4/15/2026,06:45, ,gtmpcwq_24G103007_031726_050000.bin,Pellicer Creek,GTMNERR,0,26.123,0,15.97,0,0.049,0,77.4,0,5.92,0,95.39,32.09,7.45,0,-62.3,6.31,24.244,0,8.87,0,1.192,2.96,0,12.02
4/15/2026,07:00, ,gtmpcwq_24G103007_031726_050000.bin,Pellicer Creek,GTMNERR,0,27.385,0,16.81,0,0.081,0,76.8,0,5.83,0,92.75,31.21,7.45,0,-62.2,6.31,24.369,0,9.77,0,1.192,3.14,0,12.73
4/15/2026,07:15, ,gtmpcwq_24G103007_031726_050000.bin,Pellicer Creek,GTMNERR,0,28.669,0,17.68,0,0.115,0,75.5,0,5.69,0,89.72,30.2,7.45,0,-62.4,6.31,24.568,0,11.12,0,1.192,2.9,0,11.75
4/15/2026,07:30, ,gtmpcwq_24G103007_031726_050000.bin,Pellicer Creek,GTMNERR,0,29.966,0,18.55,0,0.152,0,75,0,5.6,0,87.26,29.39,7.47,0,-63.6,6.31,24.815,0,11.6,0,1.192,3.25,0,13.18
4/15/2026,07:45, ,gtmpcwq_24G103007_031726_050000.bin,Pellicer Creek,GTMNERR,0,31.792,0,19.8,0,0.187,0,72.7,0,5.38,0,83.8,28.24,7.47,0,-63.4,6.31,24.888,0,13.66,0,1.192,3.05,0,12.36
4/15/2026,08:00, ,gtmpcwq_24G103007_031726_050000.bin,Pellicer Creek,GTMNERR,0,32.731,0,20.45,0,0.222,0,70.6,0,5.24,0,84.41,28.44,7.46,0,-62.7,6.31,24.551,0,12.61,0,1.192,3.04,0,12.32
4/15/2026,08:15, ,gtmpcwq_24G103007_031726_050000.bin,Pellicer Creek,GTMNERR,0,33.995,0,21.33,0,0.256,0,68.4,0,5.05,0,82.28,27.73,7.45,0,-62.5,6.31,24.455,0,14.18,0,1.192,3.23,0,13.1
4/15/2026,08:30, ,gtmpcwq_24G103007_031726_050000.bin,Pellicer Creek,GTMNERR,0,34.525,0,21.69,0,0.285,0,68.8,0,5.08,0,80.86,27.26,7.48,0,-64,6.31,24.415,0,13.52,0,1.192,3.3,0,13.39
4/15/2026,08:45, ,gtmpcwq_24G103007_031726_050000.bin,Pellicer Creek,GTMNERR,0,35.495,0,22.37,0,0.307,0,70.5,0,5.18,0,77.17,26.03,7.5,0,-65.4,6.31,24.399,0,14.94,0,1.192,3.68,0,14.93
4/15/2026,09:00, ,gtmpcwq_24G103007_031726_050000.bin,Pellicer Creek,GTMNERR,0,36.035,0,22.74,0,0.324,0,68.3,0,5.01,0,76.33,25.76,7.51,0,-65.8,6.31,24.412,0,12.42,0,1.192,3.49,0,14.17
4/15/2026,09:15, ,gtmpcwq_24G103007_031726_050000.bin,Pellicer Creek,GTMNERR,0,36.444,0,23.03,0,0.335,0,71.1,0,5.21,0,75.53,25.49,7.53,0,-66.9,6.31,24.444,0,12.47,0,1.192,3.44,0,13.96
4/15/2026,09:30, ,gtmpcwq_24G103007_031726_050000.bin,Pellicer Creek,GTMNERR,0,36.823,0,23.3,0,0.341,0,66.6,0,4.87,0,74.04,24.99,7.51,0,-65.7,6.31,24.439,0,12.45,0,1.192,3.05,0,12.36
4/15/2026,09:45, ,gtmpcwq_24G103007_031726_050000.bin,Pellicer Creek,GTMNERR,0,36.758,0,23.25,0,0.336,0,63.7,0,4.65,0,71.66,24.2,7.47,0,-63.1,6.31,24.509,0,11.71,0,1.192,2.68,0,10.86
4/15/2026,10:00, ,gtmpcwq_24G103007_031726_050000.bin,Pellicer Creek,GTMNERR,0,37.066,0,23.47,0,0.32,0,56.7,0,4.14,0,70.94,23.96,7.39,0,-58.5,6.31,24.408,0,12.67,0,1.192,2.7,0,10.95
4/15/2026,10:15, ,gtmpcwq_24G103007_031726_050000.bin,Pellicer Creek,GTMNERR,0,36.678,0,23.19,0,0.301,0,64.9,0,4.74,0,72.46,24.47,7.46,0,-62.9,6.31,24.499,0,13.43,0,1.192,3.28,0,13.3
4/15/2026,10:30, ,gtmpcwq_24G103007_031726_050000.bin,Pellicer Creek,GTMNERR,0,36.23,0,22.88,0,0.286,0,67.8,0,4.96,0,74.56,25.17,7.49,0,-64.6,6.31,24.526,0,11.88,0,1.193,3.51,0,14.23
