DATE,TIME,F_Record,FILENAME,SITENAME,USERID,FAULTCODE,SpCond,F_SpCond,Sal,F_Sal,Depth,F_Depth,DO_pct,F_DO_pct,DO_mgl,F_DO_mgl,fDOMQSU,fDOMRFU,pH,F_pH,pHmV,BATTERY,Temp,F_Temp,Turb,F_Turb,WIPERPOSITIONVOLT,ChlFluor,F_ChlFluor,ChlorphylluG/L
3/27/2026,10:30, ,gtmfmwq_15E101700_032726_050000.bin,Fort Matanzas,GTMNERR,0,51.972,<0> (CND),34.26,<0> (CND),1.639,<0> (CND),88,<0> (CND),6.56,<0> (CND),13.35,4.55,7.83,<0> (CND),-74.4,6.07,19.798,<0> (CND),4.98,<0> (CND),1.195,0.6,<0> (CND),2.49
3/27/2026,10:45, ,gtmfmwq_15E101700_032726_050000.bin,Fort Matanzas,GTMNERR,0,51.987,0,34.27,0,1.61,0,89.4,0,6.65,0,12.7,4.33,7.86,0,-76,6.07,19.879,0,5.21,0,1.207,0.62,0,2.59
3/27/2026,11:00, ,gtmfmwq_15E101700_032726_050000.bin,Fort Matanzas,GTMNERR,0,52.068,0,34.33,0,1.588,0,91.1,0,6.76,0,11.98,4.09,7.87,0,-76.8,6.08,20.064,0,6.83,0,1.203,0.67,0,2.79
3/27/2026,11:15, ,gtmfmwq_15E101700_032726_050000.bin,Fort Matanzas,GTMNERR,0,52.054,0,34.32,0,1.579,0,91.3,0,6.79,0,11.62,3.97,7.88,0,-77.7,6.08,19.937,0,12.11,0,1.188,0.87,0,3.56
3/27/2026,11:30, ,gtmfmwq_15E101700_032726_050000.bin,Fort Matanzas,GTMNERR,0,52.189,0,34.42,0,1.59,0,97.9,0,7.33,0,9.42,3.23,7.95,0,-81.7,6.08,19.514,0,11.25,0,1.19,1.01,0,4.13
3/27/2026,11:45, ,gtmfmwq_15E101700_032726_050000.bin,Fort Matanzas,GTMNERR,0,52.19,0,34.42,0,1.611,0,100.8,0,7.6,0,8.87,3.04,8,0,-84.2,6.08,19.197,0,9.43,0,1.206,1,0,4.1
3/27/2026,12:00, ,gtmfmwq_15E101700_032726_050000.bin,Fort Matanzas,GTMNERR,0,52.194,0,34.42,0,1.639,0,101.8,0,7.66,0,8.74,3,8.01,0,-84.8,6.09,19.251,0,9.21,0,1.206,0.96,0,3.94
3/27/2026,12:15, ,gtmfmwq_15E101700_032726_050000.bin,Fort Matanzas,GTMNERR,0,52.177,0,34.41,0,1.676,0,102.5,0,7.69,0,8.74,3,8.01,0,-85,6.08,19.378,0,8.88,0,1.205,1,0,4.09
3/27/2026,12:30, ,gtmfmwq_15E101700_032726_050000.bin,Fort Matanzas,GTMNERR,0,52.088,0,34.35,0,1.716,0,102.4,0,7.68,0,9.02,3.09,8.01,0,-85,6.08,19.456,0,8.65,0,1.202,1.1,0,4.5
3/27/2026,12:45, ,gtmfmwq_15E101700_032726_050000.bin,Fort Matanzas,GTMNERR,0,52.123,0,34.37,0,1.762,0,103.1,0,7.72,0,8.68,2.98,8.02,0,-85.4,6.08,19.557,0,8.92,0,1.198,1.08,0,4.41
3/27/2026,13:00, ,gtmfmwq_15E101700_032726_050000.bin,Fort Matanzas,GTMNERR,0,52.189,0,34.42,0,1.82,0,104.2,0,7.82,0,8.09,2.78,8.03,0,-86.1,6.08,19.43,0,9.06,0,1.194,1.15,0,4.69
3/27/2026,13:15, ,gtmfmwq_15E101700_032726_050000.bin,Fort Matanzas,GTMNERR,0,52.147,0,34.39,0,1.884,0,103.5,0,7.75,0,8.68,2.98,8.02,0,-85.5,6.08,19.559,0,8.22,0,1.189,1.11,0,4.52
3/27/2026,13:30, ,gtmfmwq_15E101700_032726_050000.bin,Fort Matanzas,GTMNERR,0,52.171,0,34.41,0,1.939,0,104,0,7.78,0,8.38,2.88,8.02,0,-85.7,6.08,19.539,0,6.75,0,1.192,0.99,0,4.05
3/27/2026,13:45, ,gtmfmwq_15E101700_032726_050000.bin,Fort Matanzas,GTMNERR,0,52.191,0,34.42,0,1.996,0,104.1,0,7.78,0,8.38,2.88,8.02,0,-85.8,6.07,19.577,0,6.81,0,1.188,0.94,0,3.84
3/27/2026,14:00, ,gtmfmwq_15E101700_032726_050000.bin,Fort Matanzas,GTMNERR,0,52.199,0,34.43,0,2.047,0,104.3,0,7.8,0,8.31,2.86,8.02,0,-85.9,6.08,19.563,0,5.14,0,1.194,0.93,0,3.84
3/27/2026,14:15, ,gtmfmwq_15E101700_032726_050000.bin,Fort Matanzas,GTMNERR,0,52.201,0,34.43,0,2.097,0,104.1,0,7.79,0,8.28,2.85,8.02,0,-85.9,6.08,19.584,0,4.72,0,1.204,0.84,0,3.47
3/27/2026,14:30, ,gtmfmwq_15E101700_032726_050000.bin,Fort Matanzas,GTMNERR,0,52.221,0,34.44,0,2.144,0,103.9,0,7.76,0,7.88,2.71,8.02,0,-85.8,6.08,19.639,0,4.46,0,1.194,0.65,0,2.71
3/27/2026,14:45, ,gtmfmwq_15E101700_032726_050000.bin,Fort Matanzas,GTMNERR,0,52.206,0,34.43,0,2.186,0,102.4,0,7.63,0,7.99,2.75,8.01,0,-85.1,6.08,19.758,0,3.72,0,1.192,0.77,0,3.16
3/27/2026,15:00, ,gtmfmwq_15E101700_032726_050000.bin,Fort Matanzas,GTMNERR,0,52.21,0,34.44,0,2.228,0,88.5,0,6.6,0,8.05,2.77,7.96,0,-82.1,6.08,19.751,0,5.02,0,1.192,0.42,0,1.78
3/27/2026,15:15, ,gtmfmwq_15E101700_032726_050000.bin,Fort Matanzas,GTMNERR,0,52.217,0,34.44,0,2.272,0,86.6,0,6.46,0,8.28,2.84,7.95,0,-81.4,6.08,19.743,0,3.11,0,1.193,0.45,0,1.88
3/27/2026,15:30, ,gtmfmwq_15E101700_032726_050000.bin,Fort Matanzas,GTMNERR,0,52.195,0,34.42,0,2.304,0,92.3,0,6.89,0,8.34,2.86,7.97,0,-82.9,6.08,19.735,0,3.35,0,1.193,0.59,0,2.44
3/27/2026,15:45, ,gtmfmwq_15E101700_032726_050000.bin,Fort Matanzas,GTMNERR,0,52.172,0,34.41,0,2.331,0,97.6,0,7.28,0,8.67,2.98,7.98,0,-83.2,6.08,19.744,0,4.56,0,1.192,0.55,0,2.3
3/27/2026,16:00, ,gtmfmwq_15E101700_032726_050000.bin,Fort Matanzas,GTMNERR,0,52.167,0,34.4,0,2.349,0,96,0,7.15,0,8.74,3,7.98,0,-83.1,6.08,19.774,0,2.97,0,1.193,0.49,0,2.06
3/27/2026,16:15, ,gtmfmwq_15E101700_032726_050000.bin,Fort Matanzas,GTMNERR,0,52.16,0,34.4,0,2.367,0,97.6,0,7.28,0,8.82,3.03,7.99,0,-83.8,6.07,19.779,0,3,0,1.19,0.61,0,2.53
3/27/2026,16:30, ,gtmfmwq_15E101700_032726_050000.bin,Fort Matanzas,GTMNERR,0,52.14,0,34.38,0,2.379,0,98.2,0,7.32,0,9.22,3.16,7.98,0,-83.6,6.07,19.782,0,3,0,1.199,0.58,0,2.41
3/27/2026,16:45, ,gtmfmwq_15E101700_032726_050000.bin,Fort Matanzas,GTMNERR,0,52.127,0,34.37,0,2.382,0,99.2,0,7.38,0,9.23,3.17,7.98,0,-83.5,6.08,19.869,0,3.88,0,1.197,0.81,0,3.35
3/27/2026,17:00, ,gtmfmwq_15E101700_032726_050000.bin,Fort Matanzas,GTMNERR,0,52.108,0,34.36,0,2.375,0,98.8,0,7.33,0,9.45,3.24,7.98,0,-83.5,6.07,20.022,0,5.78,0,1.199,0.83,0,3.41
3/27/2026,17:15, ,gtmfmwq_15E101700_032726_050000.bin,Fort Matanzas,GTMNERR,0,52.115,0,34.36,0,2.354,0,100,0,7.4,0,9.56,3.28,7.98,0,-83.2,6.07,20.172,0,4.42,0,1.201,0.88,0,3.62
3/27/2026,17:30, ,gtmfmwq_15E101700_032726_050000.bin,Fort Matanzas,GTMNERR,0,52.133,0,34.38,0,2.323,0,99.7,0,7.38,0,9.79,3.35,7.97,0,-82.8,6.07,20.184,0,5.69,0,1.19,1.2,0,4.91
3/27/2026,17:45, ,gtmfmwq_15E101700_032726_050000.bin,Fort Matanzas,GTMNERR,0,52.11,0,34.36,0,2.288,0,98.9,0,7.29,0,10.56,3.61,7.95,0,-81.6,6.08,20.411,0,5.66,0,1.189,1.37,0,5.58
3/27/2026,18:00, ,gtmfmwq_15E101700_032726_050000.bin,Fort Matanzas,GTMNERR,0,52.059,0,34.32,0,2.243,0,96.9,0,7.1,0,11.66,3.98,7.92,0,-79.8,6.07,20.71,0,6.36,0,1.196,1.31,0,5.34
3/27/2026,18:15, ,gtmfmwq_15E101700_032726_050000.bin,Fort Matanzas,GTMNERR,0,52.026,0,34.29,0,2.204,0,94.7,0,6.92,0,12.05,4.12,7.9,0,-78.7,6.07,20.848,0,6.79,0,1.203,1.17,0,4.79
3/27/2026,18:30, ,gtmfmwq_15E101700_032726_050000.bin,Fort Matanzas,GTMNERR,0,52.016,0,34.29,0,2.168,0,95.2,0,6.95,0,12.18,4.16,7.89,0,-78.5,6.07,20.959,0,7.76,0,1.202,1.39,0,5.66
3/27/2026,18:45, ,gtmfmwq_15E101700_032726_050000.bin,Fort Matanzas,GTMNERR,0,51.993,0,34.27,0,2.13,0,93.9,0,6.84,0,12.69,4.33,7.88,0,-77.5,6.06,21.128,0,6.67,0,1.188,1.2,0,4.91
3/27/2026,19:00, ,gtmfmwq_15E101700_032726_050000.bin,Fort Matanzas,GTMNERR,0,51.974,0,34.25,0,2.09,0,94.5,0,6.86,0,12.91,4.4,7.88,0,-77.7,6.07,21.228,0,7.01,0,1.198,1.38,0,5.61
3/27/2026,19:15, ,gtmfmwq_15E101700_032726_050000.bin,Fort Matanzas,GTMNERR,0,51.991,0,34.27,0,2.047,0,96,0,6.98,0,12.6,4.3,7.89,0,-78.4,6.08,21.146,0,6.68,0,1.19,1.46,0,5.93
3/27/2026,19:30, ,gtmfmwq_15E101700_032726_050000.bin,Fort Matanzas,GTMNERR,0,52.001,0,34.27,0,2.003,0,95.7,0,6.96,0,12.49,4.26,7.89,0,-78.4,6.06,21.161,0,6.08,0,1.187,1.39,0,5.67
3/27/2026,19:45, ,gtmfmwq_15E101700_032726_050000.bin,Fort Matanzas,GTMNERR,0,52.135,0,34.38,0,1.959,0,99.1,0,7.28,0,10.17,3.48,7.96,0,-82.5,6.07,20.612,0,6.43,0,1.201,1.34,0,5.48
3/27/2026,20:00, ,gtmfmwq_15E101700_032726_050000.bin,Fort Matanzas,GTMNERR,0,52.166,0,34.4,0,1.916,0,96,0,7.05,0,9.96,3.41,7.96,0,-82,6.07,20.573,0,5.28,0,1.202,0.97,0,3.98
3/27/2026,20:15, ,gtmfmwq_15E101700_032726_050000.bin,Fort Matanzas,GTMNERR,0,52.084,0,34.33,0,1.875,0,95.8,0,6.92,0,12.46,4.26,7.9,0,-78.8,6.07,21.556,0,6.31,0,1.202,1.12,0,4.57
3/27/2026,20:30, ,gtmfmwq_15E101700_032726_050000.bin,Fort Matanzas,GTMNERR,0,52.026,0,34.29,0,1.83,0,94.3,0,6.82,0,12.64,4.32,7.89,0,-78.3,6.07,21.449,0,5.24,0,1.198,0.95,0,3.9
3/27/2026,20:45, ,gtmfmwq_15E101700_032726_050000.bin,Fort Matanzas,GTMNERR,0,52.071,0,34.32,0,1.786,0,98,0,7.07,0,12.2,4.17,7.91,0,-79.8,6.06,21.629,0,4.71,0,1.192,1.11,0,4.55
3/27/2026,21:00, ,gtmfmwq_15E101700_032726_050000.bin,Fort Matanzas,GTMNERR,0,51.997,0,34.27,0,1.744,0,96.6,0,6.99,0,12.81,4.37,7.89,0,-78.6,6.07,21.402,0,5.13,0,1.19,1.23,0,5
3/27/2026,21:15, ,gtmfmwq_15E101700_032726_050000.bin,Fort Matanzas,GTMNERR,0,51.988,0,34.26,0,1.703,0,95.5,0,6.93,0,13.01,4.44,7.89,0,-78.1,6.06,21.29,0,4.75,0,1.19,1.38,0,5.62
3/27/2026,21:30, ,gtmfmwq_15E101700_032726_050000.bin,Fort Matanzas,GTMNERR,0,52.107,0,34.35,0,1.658,0,95.9,0,6.93,0,12,4.1,7.91,0,-79.6,6.06,21.464,0,6.02,0,1.197,1.16,0,4.74
3/27/2026,21:45, ,gtmfmwq_15E101700_032726_050000.bin,Fort Matanzas,GTMNERR,0,52.119,0,34.36,0,1.616,0,96.3,0,6.96,0,11.73,4.01,7.92,0,-80.1,6.07,21.449,0,6.53,0,1.198,1.11,0,4.53
3/27/2026,22:00, ,gtmfmwq_15E101700_032726_050000.bin,Fort Matanzas,GTMNERR,0,52.111,0,34.35,0,1.575,0,93.6,0,6.75,0,12.6,4.3,7.91,0,-79.2,6.06,21.573,0,6.63,0,1.193,1.02,0,4.2
3/27/2026,22:15, ,gtmfmwq_15E101700_032726_050000.bin,Fort Matanzas,GTMNERR,0,52.099,0,34.34,0,1.536,0,94,0,6.8,0,12.29,4.2,7.91,0,-79.3,6.06,21.435,0,6.61,0,1.188,1.06,0,4.34
3/27/2026,22:30, ,gtmfmwq_15E101700_032726_050000.bin,Fort Matanzas,GTMNERR,0,52.126,0,34.36,0,1.5,0,93.9,0,6.79,0,12.44,4.25,7.91,0,-79.5,6.07,21.435,0,6.35,0,1.196,1,0,4.11
3/27/2026,22:45, ,gtmfmwq_15E101700_032726_050000.bin,Fort Matanzas,GTMNERR,0,52.144,0,34.38,0,1.472,0,94.6,0,6.85,0,11.63,3.97,7.92,0,-79.9,6.05,21.324,0,6.43,0,1.201,1.11,0,4.53
3/27/2026,23:00, ,gtmfmwq_15E101700_032726_050000.bin,Fort Matanzas,GTMNERR,0,52.129,0,34.37,0,1.458,0,95,0,6.91,0,11.61,3.97,7.92,0,-79.8,6.05,21.171,0,8.06,0,1.206,1.18,0,4.84
3/27/2026,23:15, ,gtmfmwq_15E101700_032726_050000.bin,Fort Matanzas,GTMNERR,0,52.184,0,34.41,0,1.445,0,96.2,0,7.03,0,10.58,3.62,7.95,0,-81.9,6.06,20.847,0,9.44,0,1.198,1.19,0,4.87
3/27/2026,23:30, ,gtmfmwq_15E101700_032726_050000.bin,Fort Matanzas,GTMNERR,0,52.247,0,34.46,0,1.455,0,100.5,0,7.42,0,9.17,3.14,8,0,-84.9,6.06,20.284,0,9.64,0,1.19,1.38,0,5.63
3/27/2026,23:45, ,gtmfmwq_15E101700_032726_050000.bin,Fort Matanzas,GTMNERR,0,52.128,0,34.37,0,1.48,0,100.4,0,7.41,0,10.1,3.46,7.99,0,-84.2,6.05,20.364,0,9.57,0,1.198,1.53,0,6.21
3/28/2026,00:00, ,gtmfmwq_15E101700_032726_050000.bin,Fort Matanzas,GTMNERR,0,52.083,0,34.34,0,1.512,0,101.6,0,7.5,0,10.14,3.47,8,0,-84.4,6.05,20.316,0,7.91,0,1.194,1.52,0,6.2
3/28/2026,00:15, ,gtmfmwq_15E101700_032726_050000.bin,Fort Matanzas,GTMNERR,0,51.923,0,34.22,0,1.557,0,100.1,0,7.35,0,11.81,4.03,7.97,0,-82.7,6.06,20.632,0,9.22,0,1.187,1.62,0,6.57
3/28/2026,00:30, ,gtmfmwq_15E101700_032726_050000.bin,Fort Matanzas,GTMNERR,0,51.67,0,34.03,0,1.616,0,98.5,0,7.18,0,13.65,4.65,7.92,0,-80.2,6.05,21.095,0,9.81,0,1.197,1.64,0,6.64
3/28/2026,00:45, ,gtmfmwq_15E101700_032726_050000.bin,Fort Matanzas,GTMNERR,0,51.551,0,33.94,0,1.673,0,97.1,0,7.06,0,14.58,4.97,7.9,0,-79.1,6.05,21.271,0,10.65,0,1.198,1.78,0,7.22
3/28/2026,01:00, ,gtmfmwq_15E101700_032726_050000.bin,Fort Matanzas,GTMNERR,0,51.642,0,34.01,0,1.738,0,97.5,0,7.11,0,13.93,4.75,7.92,0,-80.2,6.05,21.074,0,8.77,0,1.199,1.69,0,6.86
3/28/2026,01:15, ,gtmfmwq_15E101700_032726_050000.bin,Fort Matanzas,GTMNERR,0,51.712,0,34.06,0,1.793,0,97.9,0,7.16,0,13.24,4.52,7.93,0,-80.8,6.05,20.923,0,8.66,0,1.202,1.69,0,6.86
3/28/2026,01:30, ,gtmfmwq_15E101700_032726_050000.bin,Fort Matanzas,GTMNERR,0,51.712,0,34.06,0,1.859,0,97.7,0,7.15,0,13.33,4.55,7.93,0,-80.7,6.05,20.943,0,7.67,0,1.204,1.61,0,6.56
3/28/2026,01:45, ,gtmfmwq_15E101700_032726_050000.bin,Fort Matanzas,GTMNERR,0,51.773,0,34.11,0,1.922,0,98.1,0,7.18,0,12.86,4.39,7.94,0,-81.4,6.05,20.831,0,8.34,0,1.2,1.66,0,6.73
3/28/2026,02:00, ,gtmfmwq_15E101700_032726_050000.bin,Fort Matanzas,GTMNERR,0,51.828,0,34.15,0,1.984,0,98.2,0,7.21,0,12.28,4.19,7.95,0,-81.9,6.05,20.713,0,6.73,0,1.195,1.61,0,6.55
3/28/2026,02:15, ,gtmfmwq_15E101700_032726_050000.bin,Fort Matanzas,GTMNERR,0,51.917,0,34.22,0,2.044,0,98.3,0,7.23,0,11.57,3.95,7.97,0,-82.6,6.05,20.528,0,6.14,0,1.193,1.51,0,6.12
3/28/2026,02:30, ,gtmfmwq_15E101700_032726_050000.bin,Fort Matanzas,GTMNERR,0,51.974,0,34.26,0,2.11,0,98.5,0,7.27,0,10.96,3.75,7.98,0,-83.2,6.05,20.393,0,6.32,0,1.198,1.47,0,6
3/28/2026,02:45, ,gtmfmwq_15E101700_032726_050000.bin,Fort Matanzas,GTMNERR,0,52.089,0,34.35,0,2.164,0,99.3,0,7.36,0,9.82,3.36,8,0,-84.5,6.05,20.11,0,7.15,0,1.198,1.4,0,5.71
3/28/2026,03:00, ,gtmfmwq_15E101700_032726_050000.bin,Fort Matanzas,GTMNERR,0,52.133,0,34.38,0,2.227,0,98.1,0,7.29,0,9.39,3.22,8,0,-84.7,6.05,19.951,0,6.16,0,1.19,1.37,0,5.59
3/28/2026,03:15, ,gtmfmwq_15E101700_032726_050000.bin,Fort Matanzas,GTMNERR,0,52.154,0,34.39,0,2.283,0,97.2,0,7.24,0,9.13,3.13,8,0,-84.8,6.05,19.82,0,4.77,0,1.197,1.33,0,5.42
3/28/2026,03:30, ,gtmfmwq_15E101700_032726_050000.bin,Fort Matanzas,GTMNERR,0,52.184,0,34.42,0,2.338,0,96.6,0,7.23,0,8.89,3.05,8.01,0,-85,6.05,19.586,0,4.95,0,1.193,1.13,0,4.61
3/28/2026,03:45, ,gtmfmwq_15E101700_032726_050000.bin,Fort Matanzas,GTMNERR,0,52.213,0,34.44,0,2.386,0,95,0,7.12,0,8.3,2.85,8,0,-84.6,6.04,19.498,0,4.14,0,1.19,0.72,0,2.96
3/28/2026,04:00, ,gtmfmwq_15E101700_032726_050000.bin,Fort Matanzas,GTMNERR,0,52.219,0,34.44,0,2.441,0,84,0,6.29,0,8.6,2.95,7.96,0,-82,6.04,19.48,0,3.72,0,1.196,0.55,0,2.28
3/28/2026,04:15, ,gtmfmwq_15E101700_032726_050000.bin,Fort Matanzas,GTMNERR,0,52.231,0,34.45,0,2.489,0,73.2,0,5.49,0,8.51,2.92,7.93,0,-80.2,6.04,19.437,0,4.2,0,1.199,0.66,0,2.73
3/28/2026,04:30, ,gtmfmwq_15E101700_032726_050000.bin,Fort Matanzas,GTMNERR,0,52.231,0,34.45,0,2.525,0,83.7,0,6.27,0,8.45,2.9,7.97,0,-82.7,6.04,19.443,0,6.84,0,1.199,0.83,0,3.42
3/28/2026,04:45, ,gtmfmwq_15E101700_032726_050000.bin,Fort Matanzas,GTMNERR,0,52.18,0,34.41,0,2.554,0,91.9,0,6.85,0,9.11,3.13,7.98,0,-83.4,6.04,19.786,0,4.41,0,1.204,1.49,0,6.06
3/28/2026,05:00, ,gtmfmwq_15E101700_032726_050000.bin,Fort Matanzas,GTMNERR,0,52.12,0,34.37,0,2.573,0,93.1,0,6.91,0,9.8,3.36,7.99,0,-83.7,6.04,19.975,0,4.36,0,1.202,0.75,0,3.1
3/28/2026,05:15, ,gtmfmwq_15E101700_032726_050000.bin,Fort Matanzas,GTMNERR,0,51.925,0,34.22,0,2.583,0,95.2,0,7.02,0,11.77,4.02,7.96,0,-82.4,6.04,20.383,0,5.21,0,1.196,1.2,0,4.89
3/28/2026,05:30, ,gtmfmwq_15E101700_032726_050000.bin,Fort Matanzas,GTMNERR,0,51.753,0,34.09,0,2.578,0,91.8,0,6.73,0,13.45,4.59,7.92,0,-80.2,6.04,20.758,0,9.62,0,1.193,1.33,0,5.41
3/28/2026,05:45, ,gtmfmwq_15E101700_032726_050000.bin,Fort Matanzas,GTMNERR,0,51.738,0,34.08,0,2.558,0,92.4,0,6.77,0,13.86,4.73,7.92,0,-79.7,6.04,20.858,0,7.01,0,1.192,1.2,0,4.89
3/28/2026,06:00, ,gtmfmwq_15E101700_032726_050000.bin,Fort Matanzas,GTMNERR,0,51.954,0,34.24,0,2.533,0,92.1,0,6.76,0,12.6,4.3,7.93,0,-80.4,6.04,20.704,0,6.67,0,1.19,1.2,0,4.9
3/28/2026,06:15, ,gtmfmwq_15E101700_032726_050000.bin,Fort Matanzas,GTMNERR,0,52.037,0,34.3,0,2.496,0,91.3,0,6.68,0,12.54,4.28,7.92,0,-79.8,6.03,20.852,0,7.7,0,1.188,1.29,0,5.26
3/28/2026,06:30, ,gtmfmwq_15E101700_032726_050000.bin,Fort Matanzas,GTMNERR,0,52.077,0,34.33,0,2.457,0,90.4,0,6.58,0,12.69,4.33,7.9,0,-78.8,6.04,21.097,0,8.78,0,1.194,1.12,0,4.59
3/28/2026,06:45, ,gtmfmwq_15E101700_032726_050000.bin,Fort Matanzas,GTMNERR,0,52.049,0,34.31,0,2.416,0,89.4,0,6.48,0,13.31,4.54,7.88,0,-77.6,6.04,21.329,0,9.94,0,1.198,1.08,0,4.41
3/28/2026,07:00, ,gtmfmwq_15E101700_032726_050000.bin,Fort Matanzas,GTMNERR,0,52.005,0,34.27,0,2.37,0,88.9,0,6.44,0,14.13,4.82,7.87,0,-76.9,6.03,21.417,0,8.79,0,1.199,0.9,0,3.69
3/28/2026,07:15, ,gtmfmwq_15E101700_032726_050000.bin,Fort Matanzas,GTMNERR,0,51.97,0,34.25,0,2.32,0,88.7,0,6.42,0,14.43,4.92,7.86,0,-76.8,6.03,21.447,0,8.96,0,1.203,0.99,0,4.06
3/28/2026,07:30, ,gtmfmwq_15E101700_032726_050000.bin,Fort Matanzas,GTMNERR,0,51.942,0,34.23,0,2.267,0,87.9,0,6.36,0,15.03,5.12,7.85,0,-75.9,6.04,21.515,0,8.23,0,1.199,0.86,0,3.54
3/28/2026,07:45, ,gtmfmwq_15E101700_032726_050000.bin,Fort Matanzas,GTMNERR,0,51.94,0,34.23,0,2.219,0,88.6,0,6.42,0,14.93,5.09,7.86,0,-76.2,6.03,21.421,0,7.15,0,1.192,0.85,0,3.49
3/28/2026,08:00, ,gtmfmwq_15E101700_032726_050000.bin,Fort Matanzas,GTMNERR,0,51.933,0,34.22,0,2.173,0,88.3,0,6.39,0,15.05,5.13,7.85,0,-76.1,6.03,21.454,0,9.05,0,1.19,0.88,0,3.63
3/28/2026,08:15, ,gtmfmwq_15E101700_032726_050000.bin,Fort Matanzas,GTMNERR,0,51.923,0,34.21,0,2.129,0,87.7,0,6.35,0,15.14,5.16,7.85,0,-75.9,6.04,21.445,0,7.06,0,1.198,0.76,0,3.14
3/28/2026,08:30, ,gtmfmwq_15E101700_032726_050000.bin,Fort Matanzas,GTMNERR,0,51.902,0,34.2,0,2.082,0,82.8,0,6.02,0,14.59,4.97,7.85,0,-75.7,6.04,21.258,0,4.96,0,1.197,0.59,0,2.47
3/28/2026,08:45, ,gtmfmwq_15E101700_032726_050000.bin,Fort Matanzas,GTMNERR,0,51.926,0,34.22,0,2.037,0,88.7,0,6.5,0,13.17,4.49,7.88,0,-77.6,6.02,20.753,0,6.31,0,1.206,0.78,0,3.22
3/28/2026,09:00, ,gtmfmwq_15E101700_032726_050000.bin,Fort Matanzas,GTMNERR,0,51.915,0,34.21,0,1.991,0,81.8,0,5.97,0,13.68,4.67,7.85,0,-76,6.02,21.039,0,6.44,0,1.2,0.8,0,3.28
3/28/2026,09:15, ,gtmfmwq_15E101700_032726_050000.bin,Fort Matanzas,GTMNERR,0,51.931,0,34.22,0,1.95,0,82.1,0,6.02,0,14.2,4.84,7.84,0,-75.4,6.03,20.753,0,6.57,0,1.195,0.71,0,2.95
3/28/2026,09:30, ,gtmfmwq_15E101700_032726_050000.bin,Fort Matanzas,GTMNERR,0,51.939,0,34.23,0,1.909,0,79.1,0,5.79,0,13.88,4.73,7.83,0,-74.4,6.02,20.818,0,4.93,0,1.205,0.59,0,2.44
3/28/2026,09:45, ,gtmfmwq_15E101700_032726_050000.bin,Fort Matanzas,GTMNERR,0,51.942,0,34.23,0,1.867,0,72.2,0,5.28,0,13.97,4.76,7.8,0,-72.6,6.02,20.829,0,4.88,0,1.195,0.52,0,2.17
3/28/2026,10:00, ,gtmfmwq_15E101700_032726_050000.bin,Fort Matanzas,GTMNERR,0,51.953,0,34.24,0,1.83,0,84.5,0,6.15,0,14.32,4.88,7.85,0,-75.9,6.03,21.103,0,5.15,0,1.192,0.64,0,2.67
3/28/2026,10:15, ,gtmfmwq_15E101700_032726_050000.bin,Fort Matanzas,GTMNERR,0,51.939,0,34.23,0,1.791,0,88.3,0,6.41,0,14.43,4.92,7.86,0,-76.2,6.02,21.354,0,4.97,0,1.19,0.65,0,2.69
3/28/2026,10:30, ,gtmfmwq_15E101700_032726_050000.bin,Fort Matanzas,GTMNERR,0,51.937,0,34.22,0,1.757,0,88.8,0,6.44,0,14.27,4.86,7.86,0,-76.5,6.02,21.351,0,5.02,0,1.189,0.65,0,2.71
3/28/2026,10:45, ,gtmfmwq_15E101700_032726_050000.bin,Fort Matanzas,GTMNERR,0,51.948,0,34.23,0,1.721,0,89.4,0,6.49,0,14.28,4.87,7.86,0,-76.7,6.02,21.279,0,5.09,0,1.195,0.7,0,2.91
3/28/2026,11:00, ,gtmfmwq_15E101700_032726_050000.bin,Fort Matanzas,GTMNERR,0,51.957,0,34.24,0,1.688,0,90.1,0,6.54,0,14.12,4.81,7.87,0,-76.8,6.03,21.292,0,4.69,0,1.195,0.69,0,2.85
3/28/2026,11:15, ,gtmfmwq_15E101700_032726_050000.bin,Fort Matanzas,GTMNERR,0,51.974,0,34.25,0,1.669,0,90.6,0,6.58,0,13.77,4.7,7.87,0,-77,6.02,21.242,0,5.02,0,1.194,0.76,0,3.11
3/28/2026,11:30, ,gtmfmwq_15E101700_032726_050000.bin,Fort Matanzas,GTMNERR,0,51.982,0,34.26,0,1.659,0,91.1,0,6.63,0,13.61,4.64,7.87,0,-77.3,6.02,21.152,0,5.1,0,1.19,0.8,0,3.31
3/28/2026,11:45, ,gtmfmwq_15E101700_032726_050000.bin,Fort Matanzas,GTMNERR,0,51.998,0,34.27,0,1.656,0,90.9,0,6.63,0,13.4,4.57,7.88,0,-77.4,6.02,20.971,0,5.63,0,1.191,0.79,0,3.27
3/28/2026,12:00, ,gtmfmwq_15E101700_032726_050000.bin,Fort Matanzas,GTMNERR,0,52,0,34.27,0,1.68,0,92.4,0,6.73,0,13.18,4.5,7.88,0,-77.9,6.02,21.05,0,5.9,0,1.191,0.8,0,3.31
3/28/2026,12:15, ,gtmfmwq_15E101700_032726_050000.bin,Fort Matanzas,GTMNERR,0,52.002,0,34.28,0,1.707,0,92.6,0,6.76,0,12.72,4.34,7.89,0,-78.2,6.02,20.968,0,6.91,0,1.19,0.85,0,3.51
3/28/2026,12:30, ,gtmfmwq_15E101700_032726_050000.bin,Fort Matanzas,GTMNERR,0,52.033,0,34.3,0,1.753,0,93.8,0,6.85,0,12.17,4.16,7.9,0,-78.9,6.02,20.893,0,9.63,0,1.189,0.95,0,3.91
3/28/2026,12:45, ,gtmfmwq_15E101700_032726_050000.bin,Fort Matanzas,GTMNERR,0,52.138,0,34.38,0,1.807,0,97.6,0,7.28,0,9.64,3.3,7.97,0,-83,6.01,19.72,0,23.47,0,1.188,1.72,0,6.98
3/28/2026,13:00, ,gtmfmwq_15E101700_032726_050000.bin,Fort Matanzas,GTMNERR,0,52.187,0,34.42,0,1.874,0,99.6,0,7.53,0,8.94,3.07,8.01,0,-85.1,6.01,19.008,0,12.28,0,1.193,1.66,0,6.76
3/28/2026,13:15, ,gtmfmwq_15E101700_032726_050000.bin,Fort Matanzas,GTMNERR,0,52.199,0,34.43,0,1.946,0,100.3,0,7.62,0,8.53,2.93,8.03,0,-85.8,6.01,18.765,0,9.5,0,1.197,1.78,0,7.22
3/28/2026,13:30, ,gtmfmwq_15E101700_032726_050000.bin,Fort Matanzas,GTMNERR,0,52.193,0,34.42,0,2.02,0,99.7,0,7.57,0,8.83,3.03,8.02,0,-85.6,6,18.774,0,8.66,0,1.199,2,0,8.12
3/28/2026,13:45, ,gtmfmwq_15E101700_032726_050000.bin,Fort Matanzas,GTMNERR,0,52.206,0,34.43,0,2.093,0,99.8,0,7.59,0,8.51,2.92,8.03,0,-86,6.01,18.696,0,8.46,0,1.191,1.71,0,6.94
3/28/2026,14:00, ,gtmfmwq_15E101700_032726_050000.bin,Fort Matanzas,GTMNERR,0,52.211,0,34.44,0,2.16,0,99.7,0,7.58,0,8.51,2.92,8.03,0,-86,6.01,18.684,0,8.16,0,1.197,1.97,0,7.99
3/28/2026,14:15, ,gtmfmwq_15E101700_032726_050000.bin,Fort Matanzas,GTMNERR,0,52.229,0,34.45,0,2.23,0,99.3,0,7.56,0,8.35,2.87,8.03,0,-86,6,18.603,0,8.46,0,1.201,1.89,0,7.67
3/28/2026,14:30, ,gtmfmwq_15E101700_032726_050000.bin,Fort Matanzas,GTMNERR,0,52.25,0,34.46,0,2.301,0,99,0,7.55,0,7.91,2.72,8.03,0,-86.3,6,18.506,0,6.5,0,1.195,1.91,0,7.73
3/28/2026,14:45, ,gtmfmwq_15E101700_032726_050000.bin,Fort Matanzas,GTMNERR,0,52.274,0,34.48,0,2.38,0,99.6,0,7.6,0,7.85,2.7,8.04,0,-86.7,6,18.438,0,6.01,0,1.188,1.58,0,6.42
3/28/2026,15:00, ,gtmfmwq_15E101700_032726_050000.bin,Fort Matanzas,GTMNERR,0,52.281,0,34.49,0,2.459,0,97.5,0,7.45,0,7.81,2.69,8.03,0,-86.2,6.01,18.437,0,4.39,0,1.195,1.47,0,5.98
3/28/2026,15:15, ,gtmfmwq_15E101700_032726_050000.bin,Fort Matanzas,GTMNERR,0,52.281,0,34.49,0,2.537,0,98.3,0,7.5,0,7.82,2.69,8.03,0,-86.2,6,18.493,0,5.84,0,1.195,1.63,0,6.62
3/28/2026,15:30, ,gtmfmwq_15E101700_032726_050000.bin,Fort Matanzas,GTMNERR,0,52.281,0,34.49,0,2.609,0,95.3,0,7.26,0,7.96,2.74,8.02,0,-85.5,6,18.579,0,4.73,0,1.194,1.27,0,5.17
3/28/2026,15:45, ,gtmfmwq_15E101700_032726_050000.bin,Fort Matanzas,GTMNERR,0,52.28,0,34.49,0,2.674,0,92.3,0,7.02,0,7.84,2.7,8.01,0,-84.7,6.01,18.634,0,5.27,0,1.193,1.04,0,4.25
3/28/2026,16:00, ,gtmfmwq_15E101700_032726_050000.bin,Fort Matanzas,GTMNERR,0,52.274,0,34.48,0,2.734,0,86.6,0,6.58,0,7.98,2.74,7.98,0,-83,6,18.672,0,4.43,0,1.188,0.82,0,3.36
3/28/2026,16:15, ,gtmfmwq_15E101700_032726_050000.bin,Fort Matanzas,GTMNERR,0,52.274,0,34.48,0,2.783,0,90.9,0,6.9,0,7.89,2.71,7.99,0,-84,6,18.706,0,3.76,0,1.195,1.04,0,4.26
3/28/2026,16:30, ,gtmfmwq_15E101700_032726_050000.bin,Fort Matanzas,GTMNERR,0,52.274,0,34.48,0,2.836,0,87,0,6.61,0,8.79,3.02,7.99,0,-83.5,6.01,18.731,0,4.69,0,1.198,1.3,0,5.28
3/28/2026,16:45, ,gtmfmwq_15E101700_032726_050000.bin,Fort Matanzas,GTMNERR,0,52.27,0,34.48,0,2.876,0,89.6,0,6.8,0,8,2.75,7.99,0,-83.8,5.99,18.735,0,4.27,0,1.187,1.01,0,4.15
3/28/2026,17:00, ,gtmfmwq_15E101700_032726_050000.bin,Fort Matanzas,GTMNERR,0,52.253,0,34.47,0,2.909,0,75.7,0,5.77,0,8.47,2.91,7.94,0,-80.7,6,18.588,0,5.78,0,1.19,0.73,0,3.02
3/28/2026,17:15, ,gtmfmwq_15E101700_032726_050000.bin,Fort Matanzas,GTMNERR,0,52.263,0,34.47,0,2.943,0,88.2,0,6.73,0,7.87,2.71,7.99,0,-83.9,6,18.489,0,3.63,0,1.195,1.51,0,6.13
3/28/2026,17:30, ,gtmfmwq_15E101700_032726_050000.bin,Fort Matanzas,GTMNERR,0,52.257,0,34.47,0,2.965,0,91.1,0,6.95,0,8.31,2.85,8,0,-84.1,5.99,18.508,0,3.46,0,1.202,1.04,0,4.24
3/28/2026,17:45, ,gtmfmwq_15E101700_032726_050000.bin,Fort Matanzas,GTMNERR,0,52.245,0,34.46,0,2.986,0,97.2,0,7.37,0,9.6,3.29,8,0,-84.6,5.99,18.871,0,6.02,0,1.197,1.87,0,7.57
3/28/2026,18:00, ,gtmfmwq_15E101700_032726_050000.bin,Fort Matanzas,GTMNERR,0,52.166,0,34.4,0,2.995,0,94.2,0,7.06,0,11.01,3.77,7.96,0,-82,6,19.481,0,6.4,0,1.202,1.66,0,6.73
3/28/2026,18:15, ,gtmfmwq_15E101700_032726_050000.bin,Fort Matanzas,GTMNERR,0,52.068,0,34.33,0,3,0,90.7,0,6.71,0,12.58,4.29,7.91,0,-79.2,5.99,20.185,0,7.52,0,1.188,1.32,0,5.4
3/28/2026,18:30, ,gtmfmwq_15E101700_032726_050000.bin,Fort Matanzas,GTMNERR,0,52.041,0,34.31,0,2.997,0,90.7,0,6.68,0,13.25,4.52,7.89,0,-78.4,5.99,20.468,0,8.33,0,1.188,1.35,0,5.5
3/28/2026,18:45, ,gtmfmwq_15E101700_032726_050000.bin,Fort Matanzas,GTMNERR,0,52.021,0,34.29,0,2.982,0,90.2,0,6.62,0,13.98,4.77,7.88,0,-77.5,6,20.705,0,8.79,0,1.198,1.24,0,5.05
3/28/2026,19:00, ,gtmfmwq_15E101700_032726_050000.bin,Fort Matanzas,GTMNERR,0,51.969,0,34.25,0,2.953,0,90.4,0,6.6,0,14.69,5,7.86,0,-76.6,6,20.967,0,11.2,0,1.195,1.26,0,5.15
3/28/2026,19:15, ,gtmfmwq_15E101700_032726_050000.bin,Fort Matanzas,GTMNERR,0,51.905,0,34.2,0,2.918,0,90.4,0,6.58,0,15.37,5.23,7.85,0,-75.6,5.99,21.173,0,14.05,0,1.195,1.23,0,5.02
3/28/2026,19:30, ,gtmfmwq_15E101700_032726_050000.bin,Fort Matanzas,GTMNERR,0,51.84,0,34.15,0,2.878,0,90.8,0,6.59,0,16.03,5.46,7.84,0,-75,5.99,21.272,0,17.87,0,1.194,1.34,0,5.45
3/28/2026,19:45, ,gtmfmwq_15E101700_032726_050000.bin,Fort Matanzas,GTMNERR,0,51.786,0,34.11,0,2.837,0,89.8,0,6.53,0,16.42,5.59,7.83,0,-74.5,6,21.278,0,18.24,0,1.201,1.33,0,5.41
3/28/2026,20:00, ,gtmfmwq_15E101700_032726_050000.bin,Fort Matanzas,GTMNERR,0,51.747,0,34.08,0,2.795,0,89.7,0,6.52,0,16.91,5.75,7.82,0,-74.1,5.99,21.263,0,16.31,0,1.19,1.26,0,5.15
3/28/2026,20:15, ,gtmfmwq_15E101700_032726_050000.bin,Fort Matanzas,GTMNERR,0,51.731,0,34.07,0,2.751,0,89.6,0,6.52,0,17.06,5.8,7.82,0,-74,5.99,21.222,0,16.43,0,1.194,1.26,0,5.15
3/28/2026,20:30, ,gtmfmwq_15E101700_032726_050000.bin,Fort Matanzas,GTMNERR,0,51.694,0,34.05,0,2.706,0,88.5,0,6.44,0,17.47,5.94,7.81,0,-73.3,6,21.203,0,17.73,0,1.205,1.1,0,4.52
3/28/2026,20:45, ,gtmfmwq_15E101700_032726_050000.bin,Fort Matanzas,GTMNERR,0,51.694,0,34.05,0,2.664,0,89.1,0,6.49,0,17.6,5.99,7.81,0,-73.4,5.99,21.124,0,13.72,0,1.188,1.16,0,4.74
3/28/2026,21:00, ,gtmfmwq_15E101700_032726_050000.bin,Fort Matanzas,GTMNERR,0,51.687,0,34.04,0,2.613,0,88.8,0,6.48,0,17.61,5.99,7.81,0,-73.3,5.99,21.071,0,14.42,0,1.188,1.03,0,4.22
3/28/2026,21:15, ,gtmfmwq_15E101700_032726_050000.bin,Fort Matanzas,GTMNERR,0,51.694,0,34.05,0,2.577,0,88.2,0,6.44,0,17.55,5.97,7.81,0,-73.4,5.99,21.016,0,14.65,0,1.205,1.04,0,4.26
3/28/2026,21:30, ,gtmfmwq_15E101700_032726_050000.bin,Fort Matanzas,GTMNERR,0,51.671,0,34.03,0,2.542,0,87.6,0,6.4,0,17.72,6.03,7.8,0,-73,5.99,21.019,0,13.44,0,1.206,0.93,0,3.83
3/28/2026,21:45, ,gtmfmwq_15E101700_032726_050000.bin,Fort Matanzas,GTMNERR,0,51.696,0,34.05,0,2.504,0,86.9,0,6.35,0,17.82,6.06,7.8,0,-73.1,5.99,20.973,0,13.73,0,1.199,0.97,0,3.97
3/28/2026,22:00, ,gtmfmwq_15E101700_032726_050000.bin,Fort Matanzas,GTMNERR,0,51.665,0,34.03,0,2.464,0,84.3,0,6.17,0,17.91,6.09,7.79,0,-72,5.99,20.938,0,10.6,0,1.191,0.79,0,3.27
3/28/2026,22:15, ,gtmfmwq_15E101700_032726_050000.bin,Fort Matanzas,GTMNERR,0,51.676,0,34.04,0,2.419,0,83.3,0,6.1,0,17.74,6.03,7.79,0,-72.2,5.99,20.899,0,11.07,0,1.195,0.68,0,2.81
3/28/2026,22:30, ,gtmfmwq_15E101700_032726_050000.bin,Fort Matanzas,GTMNERR,0,51.678,0,34.04,0,2.376,0,82.1,0,6.01,0,17.77,6.04,7.79,0,-72.1,5.98,20.917,0,5.55,0,1.207,0.7,0,2.9
3/28/2026,22:45, ,gtmfmwq_15E101700_032726_050000.bin,Fort Matanzas,GTMNERR,0,51.8,0,34.13,0,2.333,0,82.7,0,6.09,0,17.16,5.84,7.8,0,-72.8,5.99,20.554,0,8.39,0,1.201,0.78,0,3.21
3/28/2026,23:00, ,gtmfmwq_15E101700_032726_050000.bin,Fort Matanzas,GTMNERR,0,51.854,0,34.17,0,2.294,0,87.3,0,6.44,0,16.6,5.65,7.82,0,-74.2,5.99,20.362,0,10.73,0,1.192,0.95,0,3.9
3/28/2026,23:15, ,gtmfmwq_15E101700_032726_050000.bin,Fort Matanzas,GTMNERR,0,51.996,0,34.28,0,2.259,0,87.4,0,6.49,0,17.19,5.85,7.82,0,-73.7,5.98,20.074,0,9.99,0,1.194,1,0,4.09
3/28/2026,23:30, ,gtmfmwq_15E101700_032726_050000.bin,Fort Matanzas,GTMNERR,0,51.932,0,34.23,0,2.227,0,87.6,0,6.48,0,17.47,5.94,7.82,0,-73.7,5.98,20.19,0,7.82,0,1.201,0.83,0,3.42
3/28/2026,23:45, ,gtmfmwq_15E101700_032726_050000.bin,Fort Matanzas,GTMNERR,0,51.902,0,34.21,0,2.197,0,88.8,0,6.57,0,17.39,5.92,7.82,0,-74.2,5.99,20.264,0,7.52,0,1.201,0.86,0,3.53
3/29/2026,00:00, ,gtmfmwq_15E101700_032726_050000.bin,Fort Matanzas,GTMNERR,0,51.922,0,34.22,0,2.165,0,90.1,0,6.66,0,16.75,5.7,7.84,0,-74.9,5.98,20.31,0,10.25,0,1.202,0.91,0,3.75
3/29/2026,00:15, ,gtmfmwq_15E101700_032726_050000.bin,Fort Matanzas,GTMNERR,0,51.892,0,34.2,0,2.145,0,90.1,0,6.66,0,17.15,5.83,7.83,0,-74.7,5.98,20.266,0,10.32,0,1.195,0.91,0,3.74
3/29/2026,00:30, ,gtmfmwq_15E101700_032726_050000.bin,Fort Matanzas,GTMNERR,0,51.899,0,34.2,0,2.136,0,90.1,0,6.67,0,17.37,5.91,7.83,0,-74.7,5.98,20.161,0,7.84,0,1.2,0.82,0,3.39
3/29/2026,00:45, ,gtmfmwq_15E101700_032726_050000.bin,Fort Matanzas,GTMNERR,0,52.006,0,34.29,0,2.134,0,87.6,0,6.56,0,16.38,5.58,7.84,0,-74.8,5.98,19.565,0,8.9,0,1.197,0.86,0,3.55
3/29/2026,01:00, ,gtmfmwq_15E101700_032726_050000.bin,Fort Matanzas,GTMNERR,0,52.01,0,34.29,0,2.146,0,87.6,0,6.56,0,15.95,5.43,7.84,0,-75,5.98,19.552,0,13.2,0,1.198,0.94,0,3.87
3/29/2026,01:15, ,gtmfmwq_15E101700_032726_050000.bin,Fort Matanzas,GTMNERR,0,52.03,0,34.3,0,2.17,0,88.5,0,6.64,0,14.79,5.04,7.86,0,-76,5.98,19.518,0,16.59,0,1.2,1.07,0,4.37
3/29/2026,01:30, ,gtmfmwq_15E101700_032726_050000.bin,Fort Matanzas,GTMNERR,0,52.146,0,34.39,0,2.196,0,91.2,0,6.9,0,12.55,4.28,7.91,0,-79.1,5.98,18.982,0,22.24,0,1.194,1.64,0,6.64
3/29/2026,01:45, ,gtmfmwq_15E101700_032726_050000.bin,Fort Matanzas,GTMNERR,0,52.261,0,34.47,0,2.222,0,94.8,0,7.25,0,10.01,3.43,7.98,0,-83.1,5.97,18.397,0,12.26,0,1.195,1.74,0,7.06
3/29/2026,02:00, ,gtmfmwq_15E101700_032726_050000.bin,Fort Matanzas,GTMNERR,0,52.285,0,34.49,0,2.253,0,98.6,0,7.57,0,8.04,2.76,8.02,0,-85.6,5.97,18.163,0,16.52,0,1.193,2.64,0,10.68
3/29/2026,02:15, ,gtmfmwq_15E101700_032726_050000.bin,Fort Matanzas,GTMNERR,0,52.264,0,34.47,0,2.294,0,96.5,0,7.38,0,8.82,3.03,8,0,-84.3,5.98,18.354,0,18.03,0,1.198,2.99,0,12.05
3/29/2026,02:30, ,gtmfmwq_15E101700_032726_050000.bin,Fort Matanzas,GTMNERR,0,52.26,0,34.47,0,2.343,0,96.3,0,7.36,0,9.23,3.16,8,0,-84.1,5.96,18.401,0,12.02,0,1.199,1.98,0,8.02
3/29/2026,02:45, ,gtmfmwq_15E101700_032726_050000.bin,Fort Matanzas,GTMNERR,0,52.197,0,34.43,0,2.407,0,93.3,0,7.08,0,11.36,3.88,7.95,0,-81.5,5.97,18.812,0,11.42,0,1.2,1.54,0,6.24
3/29/2026,03:00, ,gtmfmwq_15E101700_032726_050000.bin,Fort Matanzas,GTMNERR,0,52.163,0,34.4,0,2.478,0,92.9,0,7.02,0,12.17,4.16,7.93,0,-80.5,5.97,19.041,0,12.47,0,1.203,1.63,0,6.63
3/29/2026,03:15, ,gtmfmwq_15E101700_032726_050000.bin,Fort Matanzas,GTMNERR,0,52.125,0,34.37,0,2.547,0,92.8,0,6.99,0,13,4.43,7.92,0,-79.5,5.97,19.213,0,12.55,0,1.194,1.4,0,5.69
3/29/2026,03:30, ,gtmfmwq_15E101700_032726_050000.bin,Fort Matanzas,GTMNERR,0,52.175,0,34.41,0,2.618,0,97.6,0,7.45,0,10.24,3.51,7.97,0,-82.5,5.97,18.483,0,14.25,0,1.193,1.68,0,6.81
3/29/2026,03:45, ,gtmfmwq_15E101700_032726_050000.bin,Fort Matanzas,GTMNERR,0,52.256,0,34.46,0,2.679,0,101.8,0,7.89,0,7.47,2.57,8.03,0,-85.7,5.97,17.614,0,18.96,0,1.198,2.08,0,8.43
3/29/2026,04:00, ,gtmfmwq_15E101700_032726_050000.bin,Fort Matanzas,GTMNERR,0,52.28,0,34.48,0,2.737,0,102.7,0,8.01,0,6.66,2.3,8.04,0,-86.6,5.97,17.345,0,19.76,0,1.193,2.17,0,8.8
3/29/2026,04:15, ,gtmfmwq_15E101700_032726_050000.bin,Fort Matanzas,GTMNERR,0,52.296,0,34.49,0,2.79,0,102.9,0,8.04,0,6.27,2.17,8.05,0,-87,5.97,17.232,0,20.51,0,1.188,2.12,0,8.61
3/29/2026,04:30, ,gtmfmwq_15E101700_032726_050000.bin,Fort Matanzas,GTMNERR,0,52.298,0,34.49,0,2.846,0,102.8,0,8.03,0,6.41,2.21,8.05,0,-87,5.97,17.208,0,16.44,0,1.196,2.18,0,8.82
3/29/2026,04:45, ,gtmfmwq_15E101700_032726_050000.bin,Fort Matanzas,GTMNERR,0,52.298,0,34.49,0,2.892,0,102.6,0,8.02,0,6.32,2.18,8.05,0,-87,5.97,17.187,0,18.04,0,1.197,2.09,0,8.47
3/29/2026,05:00, ,gtmfmwq_15E101700_032726_050000.bin,Fort Matanzas,GTMNERR,0,52.298,0,34.49,0,2.932,0,101.2,0,7.91,0,6.24,2.16,8.05,0,-86.7,5.96,17.18,0,13.01,0,1.187,1.84,0,7.47
3/29/2026,05:15, ,gtmfmwq_15E101700_032726_050000.bin,Fort Matanzas,GTMNERR,0,52.293,0,34.48,0,2.972,0,99.2,0,7.76,0,6.22,2.15,8.03,0,-85.8,5.96,17.192,0,10.57,0,1.201,1.36,0,5.55
3/29/2026,05:30, ,gtmfmwq_15E101700_032726_050000.bin,Fort Matanzas,GTMNERR,0,52.299,0,34.49,0,3.004,0,92.5,0,7.24,0,6.24,2.16,8.01,0,-84.5,5.97,17.189,0,11.94,0,1.203,0.95,0,3.88
3/29/2026,05:45, ,gtmfmwq_15E101700_032726_050000.bin,Fort Matanzas,GTMNERR,0,52.299,0,34.49,0,3.031,0,82.6,0,6.46,0,6.49,2.24,7.98,0,-82.7,5.95,17.203,0,9.64,0,1.204,0.9,0,3.71
3/29/2026,06:00, ,gtmfmwq_15E101700_032726_050000.bin,Fort Matanzas,GTMNERR,0,52.298,0,34.49,0,3.05,0,87.4,0,6.83,0,6.54,2.26,8,0,-84,5.96,17.236,0,12.43,0,1.205,1.11,0,4.56
3/29/2026,06:15, ,gtmfmwq_15E101700_032726_050000.bin,Fort Matanzas,GTMNERR,0,52.3,0,34.49,0,3.062,0,99.1,0,7.73,0,6.72,2.32,8.04,0,-86.1,5.96,17.319,0,12.53,0,1.198,1.51,0,6.16
3/29/2026,06:30, ,gtmfmwq_15E101700_032726_050000.bin,Fort Matanzas,GTMNERR,0,52.278,0,34.48,0,3.068,0,99.1,0,7.7,0,7.63,2.62,8.02,0,-85.3,5.97,17.531,0,59.3,0,1.188,1.63,0,6.64
3/29/2026,06:45, ,gtmfmwq_15E101700_032726_050000.bin,Fort Matanzas,GTMNERR,0,52.269,0,34.48,0,3.064,0,96.8,0,7.44,0,9.61,3.29,7.98,0,-83.3,5.96,18.106,0,14.31,0,1.196,1.92,0,7.8
3/29/2026,07:00, ,gtmfmwq_15E101700_032726_050000.bin,Fort Matanzas,GTMNERR,0,52.211,0,34.44,0,3.051,0,91.5,0,6.97,0,10.57,3.62,7.96,0,-81.8,5.96,18.609,0,14.75,0,1.195,2.07,0,8.37
3/29/2026,07:15, ,gtmfmwq_15E101700_032726_050000.bin,Fort Matanzas,GTMNERR,0,52.206,0,34.43,0,3.017,0,93.1,0,7.09,0,11.22,3.84,7.96,0,-81.6,5.96,18.615,0,10.8,0,1.187,1.82,0,7.39
3/29/2026,07:30, ,gtmfmwq_15E101700_032726_050000.bin,Fort Matanzas,GTMNERR,0,52.102,0,34.36,0,2.985,0,91.4,0,6.9,0,13.69,4.67,7.91,0,-78.9,5.96,19.052,0,9.22,0,1.192,1.2,0,4.91
3/29/2026,07:45, ,gtmfmwq_15E101700_032726_050000.bin,Fort Matanzas,GTMNERR,0,52.026,0,34.3,0,2.942,0,90.8,0,6.83,0,14.83,5.05,7.89,0,-77.7,5.96,19.318,0,8.56,0,1.198,1.08,0,4.4
3/29/2026,08:00, ,gtmfmwq_15E101700_032726_050000.bin,Fort Matanzas,GTMNERR,0,51.98,0,34.27,0,2.897,0,89.9,0,6.75,0,15.13,5.15,7.88,0,-77.2,5.96,19.426,0,9.75,0,1.2,1.08,0,4.43
3/29/2026,08:15, ,gtmfmwq_15E101700_032726_050000.bin,Fort Matanzas,GTMNERR,0,51.868,0,34.18,0,2.847,0,89.2,0,6.68,0,16.31,5.55,7.85,0,-75.9,5.95,19.613,0,10.65,0,1.2,0.94,0,3.86
3/29/2026,08:30, ,gtmfmwq_15E101700_032726_050000.bin,Fort Matanzas,GTMNERR,0,51.797,0,34.13,0,2.799,0,89.2,0,6.66,0,16.85,5.73,7.84,0,-75.1,5.96,19.739,0,13.91,0,1.203,0.92,0,3.79
3/29/2026,08:45, ,gtmfmwq_15E101700_032726_050000.bin,Fort Matanzas,GTMNERR,0,51.731,0,34.08,0,2.755,0,88.8,0,6.63,0,17.53,5.96,7.82,0,-74.1,5.96,19.82,0,12.08,0,1.194,0.9,0,3.7
3/29/2026,09:00, ,gtmfmwq_15E101700_032726_050000.bin,Fort Matanzas,GTMNERR,0,51.705,0,34.06,0,2.706,0,88.9,0,6.62,0,17.48,5.95,7.82,0,-73.8,5.95,19.887,0,16.22,0,1.188,0.92,0,3.79
3/29/2026,09:15, ,gtmfmwq_15E101700_032726_050000.bin,Fort Matanzas,GTMNERR,0,51.672,0,34.04,0,2.662,0,86.3,0,6.43,0,18.26,6.21,7.81,0,-73,5.96,19.929,0,12.19,0,1.193,0.78,0,3.2
3/29/2026,09:30, ,gtmfmwq_15E101700_032726_050000.bin,Fort Matanzas,GTMNERR,0,51.713,0,34.07,0,2.614,0,89.2,0,6.64,0,17.94,6.1,7.82,0,-73.7,5.96,19.923,0,12.24,0,1.191,0.86,0,3.54
3/29/2026,09:45, ,gtmfmwq_15E101700_032726_050000.bin,Fort Matanzas,GTMNERR,0,51.669,0,34.04,0,2.57,0,88.6,0,6.6,0,18.35,6.24,7.81,0,-73,5.96,19.954,0,9.49,0,1.194,0.63,0,2.62
3/29/2026,10:00, ,gtmfmwq_15E101700_032726_050000.bin,Fort Matanzas,GTMNERR,0,51.754,0,34.1,0,2.522,0,81.2,0,6.06,0,17.64,6,7.78,0,-71.6,5.96,19.811,0,9.08,0,1.195,0.5,0,2.11
3/29/2026,10:15, ,gtmfmwq_15E101700_032726_050000.bin,Fort Matanzas,GTMNERR,0,51.752,0,34.1,0,2.47,0,77.1,0,5.75,0,17.66,6.01,7.76,0,-70.3,5.95,19.875,0,7.69,0,1.199,0.43,0,1.8
3/29/2026,10:30, ,gtmfmwq_15E101700_032726_050000.bin,Fort Matanzas,GTMNERR,0,51.795,0,34.13,0,2.42,0,68.6,0,5.12,0,17.1,5.82,7.73,0,-68.5,5.96,19.847,0,9.65,0,1.206,0.5,0,2.08
3/29/2026,10:45, ,gtmfmwq_15E101700_032726_050000.bin,Fort Matanzas,GTMNERR,0,51.948,0,34.24,0,2.368,0,89.4,0,6.7,0,16.18,5.51,7.84,0,-74.9,5.95,19.583,0,6.86,0,1.201,0.64,0,2.66
3/29/2026,11:00, ,gtmfmwq_15E101700_032726_050000.bin,Fort Matanzas,GTMNERR,0,51.936,0,34.23,0,2.318,0,90.8,0,6.79,0,16.29,5.54,7.84,0,-74.9,5.95,19.639,0,6.41,0,1.196,0.62,0,2.58
3/29/2026,11:15, ,gtmfmwq_15E101700_032726_050000.bin,Fort Matanzas,GTMNERR,0,51.902,0,34.21,0,2.272,0,90.7,0,6.77,0,16.84,5.73,7.83,0,-74.5,5.96,19.727,0,5.68,0,1.188,0.61,0,2.52
3/29/2026,11:30, ,gtmfmwq_15E101700_032726_050000.bin,Fort Matanzas,GTMNERR,0,51.854,0,34.17,0,2.227,0,91.6,0,6.83,0,17.3,5.88,7.83,0,-74.5,5.94,19.847,0,5.61,0,1.199,0.66,0,2.75
3/29/2026,11:45, ,gtmfmwq_15E101700_032726_050000.bin,Fort Matanzas,GTMNERR,0,51.901,0,34.21,0,2.182,0,92.7,0,6.92,0,16.55,5.63,7.84,0,-75.2,5.95,19.782,0,5.19,0,1.195,0.63,0,2.62
3/29/2026,12:00, ,gtmfmwq_15E101700_032726_050000.bin,Fort Matanzas,GTMNERR,0,51.949,0,34.24,0,2.136,0,93,0,6.94,0,16.27,5.54,7.84,0,-75.1,5.95,19.738,0,6.6,0,1.188,0.64,0,2.66
3/29/2026,12:15, ,gtmfmwq_15E101700_032726_050000.bin,Fort Matanzas,GTMNERR,0,51.988,0,34.27,0,2.102,0,93,0,6.95,0,16.16,5.5,7.83,0,-74.4,5.94,19.671,0,7.2,0,1.198,0.69,0,2.84
3/29/2026,12:30, ,gtmfmwq_15E101700_032726_050000.bin,Fort Matanzas,GTMNERR,0,52.109,0,34.36,0,2.068,0,93.6,0,7.01,0,15.13,5.15,7.84,0,-74.8,5.95,19.527,0,7.08,0,1.202,0.67,0,2.78
3/29/2026,12:45, ,gtmfmwq_15E101700_032726_050000.bin,Fort Matanzas,GTMNERR,0,52.083,0,34.34,0,2.037,0,94.5,0,7.08,0,14.66,5,7.85,0,-75.8,5.95,19.492,0,7.84,0,1.199,0.72,0,2.96
3/29/2026,13:00, ,gtmfmwq_15E101700_032726_050000.bin,Fort Matanzas,GTMNERR,0,52.073,0,34.33,0,2.008,0,93.2,0,7,0,14.58,4.97,7.85,0,-75.5,5.95,19.383,0,8.64,0,1.203,0.71,0,2.92
3/29/2026,13:15, ,gtmfmwq_15E101700_032726_050000.bin,Fort Matanzas,GTMNERR,0,52.116,0,34.37,0,1.989,0,95.9,0,7.21,0,12.93,4.41,7.88,0,-77.3,5.95,19.338,0,13.02,0,1.195,0.84,0,3.47
3/29/2026,13:30, ,gtmfmwq_15E101700_032726_050000.bin,Fort Matanzas,GTMNERR,0,52.127,0,34.37,0,1.983,0,95.1,0,7.15,0,13.07,4.46,7.88,0,-77.2,5.94,19.297,0,10.18,0,1.189,0.86,0,3.55
3/29/2026,13:45, ,gtmfmwq_15E101700_032726_050000.bin,Fort Matanzas,GTMNERR,0,52.294,0,34.5,0,1.982,0,102.3,0,7.74,0,10.01,3.43,7.94,0,-81,5.95,18.923,0,18.68,0,1.194,1.35,0,5.51
3/29/2026,14:00, ,gtmfmwq_15E101700_032726_050000.bin,Fort Matanzas,GTMNERR,0,52.346,0,34.54,0,1.999,0,105.2,0,8.02,0,8.57,2.94,7.99,0,-83.6,5.94,18.502,0,13.83,0,1.196,1.49,0,6.05
3/29/2026,14:15, ,gtmfmwq_15E101700_032726_050000.bin,Fort Matanzas,GTMNERR,0,52.349,0,34.54,0,2.023,0,106.4,0,8.13,0,7.99,2.75,8.01,0,-84.6,5.94,18.372,0,12.95,0,1.188,1.58,0,6.41
3/29/2026,14:30, ,gtmfmwq_15E101700_032726_050000.bin,Fort Matanzas,GTMNERR,0,52.352,0,34.54,0,2.053,0,107.7,0,8.26,0,6.94,2.39,8.03,0,-86.1,5.95,18.21,0,14.6,0,1.207,1.67,0,6.78
3/29/2026,14:45, ,gtmfmwq_15E101700_032726_050000.bin,Fort Matanzas,GTMNERR,0,52.347,0,34.53,0,2.09,0,108,0,8.27,0,6.76,2.33,8.04,0,-86.3,5.93,18.246,0,15.37,0,1.195,1.72,0,6.97
3/29/2026,15:00, ,gtmfmwq_15E101700_032726_050000.bin,Fort Matanzas,GTMNERR,0,52.346,0,34.53,0,2.139,0,107.6,0,8.28,0,6.66,2.3,8.04,0,-86.6,5.94,18.067,0,17.1,0,1.193,2.19,0,8.88
3/29/2026,15:15, ,gtmfmwq_15E101700_032726_050000.bin,Fort Matanzas,GTMNERR,0,52.347,0,34.53,0,2.191,0,107.6,0,8.26,0,6.82,2.35,8.04,0,-86.4,5.94,18.136,0,15.03,0,1.2,1.82,0,7.4
3/29/2026,15:30, ,gtmfmwq_15E101700_032726_050000.bin,Fort Matanzas,GTMNERR,0,52.347,0,34.53,0,2.261,0,106.9,0,8.21,0,7,2.41,8.03,0,-86.1,5.95,18.118,0,13.63,0,1.194,1.92,0,7.78
3/29/2026,15:45, ,gtmfmwq_15E101700_032726_050000.bin,Fort Matanzas,GTMNERR,0,52.343,0,34.53,0,2.336,0,107.1,0,8.23,0,6.88,2.37,8.03,0,-86.2,5.94,18.102,0,13.17,0,1.192,1.9,0,7.7
3/29/2026,16:00, ,gtmfmwq_15E101700_032726_050000.bin,Fort Matanzas,GTMNERR,0,52.342,0,34.53,0,2.408,0,107.3,0,8.24,0,6.82,2.35,8.04,0,-86.4,5.94,18.134,0,12.71,0,1.198,1.85,0,7.5
3/29/2026,16:15, ,gtmfmwq_15E101700_032726_050000.bin,Fort Matanzas,GTMNERR,0,52.332,0,34.52,0,2.472,0,107.3,0,8.23,0,6.63,2.29,8.04,0,-86.6,5.93,18.183,0,14.88,0,1.202,1.97,0,7.99
3/29/2026,16:30, ,gtmfmwq_15E101700_032726_050000.bin,Fort Matanzas,GTMNERR,0,52.327,0,34.52,0,2.526,0,106.7,0,8.19,0,6.64,2.29,8.04,0,-86.7,5.94,18.199,0,13.65,0,1.195,1.92,0,7.79
3/29/2026,16:45, ,gtmfmwq_15E101700_032726_050000.bin,Fort Matanzas,GTMNERR,0,52.318,0,34.51,0,2.577,0,106,0,8.13,0,6.78,2.34,8.04,0,-86.8,5.94,18.178,0,12.03,0,1.19,2.04,0,8.27
3/29/2026,17:00, ,gtmfmwq_15E101700_032726_050000.bin,Fort Matanzas,GTMNERR,0,52.307,0,34.5,0,2.631,0,105,0,8.09,0,6.54,2.26,8.04,0,-86.7,5.94,17.983,0,11.03,0,1.195,1.83,0,7.41
3/29/2026,17:15, ,gtmfmwq_15E101700_032726_050000.bin,Fort Matanzas,GTMNERR,0,52.3,0,34.5,0,2.678,0,104.2,0,8.06,0,6.27,2.17,8.05,0,-86.8,5.93,17.78,0,8.77,0,1.201,1.76,0,7.14
3/29/2026,17:30, ,gtmfmwq_15E101700_032726_050000.bin,Fort Matanzas,GTMNERR,0,52.305,0,34.5,0,2.721,0,103.5,0,8.02,0,6.25,2.16,8.05,0,-86.8,5.93,17.667,0,6.36,0,1.191,1.3,0,5.29
3/29/2026,17:45, ,gtmfmwq_15E101700_032726_050000.bin,Fort Matanzas,GTMNERR,0,52.317,0,34.51,0,2.756,0,98.8,0,7.66,0,6.25,2.16,8.02,0,-85.4,5.94,17.663,0,6.75,0,1.194,0.91,0,3.74
3/29/2026,18:00, ,gtmfmwq_15E101700_032726_050000.bin,Fort Matanzas,GTMNERR,0,52.319,0,34.51,0,2.784,0,81.4,0,6.31,0,6.32,2.19,7.95,0,-81.2,5.93,17.677,0,6.92,0,1.2,0.66,0,2.73
3/29/2026,18:15, ,gtmfmwq_15E101700_032726_050000.bin,Fort Matanzas,GTMNERR,0,52.317,0,34.51,0,2.805,0,92.2,0,7.14,0,6.38,2.2,8,0,-83.9,5.93,17.682,0,7.11,0,1.201,0.92,0,3.76
3/29/2026,18:30, ,gtmfmwq_15E101700_032726_050000.bin,Fort Matanzas,GTMNERR,0,52.32,0,34.51,0,2.818,0,96.3,0,7.45,0,6.46,2.23,8.01,0,-84.6,5.94,17.745,0,6.19,0,1.193,1.09,0,4.44
3/29/2026,18:45, ,gtmfmwq_15E101700_032726_050000.bin,Fort Matanzas,GTMNERR,0,52.328,0,34.52,0,2.825,0,98.8,0,7.63,0,6.62,2.29,8.02,0,-85.2,5.92,17.854,0,6.87,0,1.193,1.06,0,4.34
3/29/2026,19:00, ,gtmfmwq_15E101700_032726_050000.bin,Fort Matanzas,GTMNERR,0,52.335,0,34.52,0,2.822,0,102.6,0,7.89,0,6.83,2.36,8.04,0,-86.4,5.93,18.031,0,8.72,0,1.202,2.31,0,9.34
3/29/2026,19:15, ,gtmfmwq_15E101700_032726_050000.bin,Fort Matanzas,GTMNERR,0,52.339,0,34.53,0,2.808,0,103.6,0,7.95,0,6.95,2.4,8.04,0,-86.3,5.93,18.197,0,10.72,0,1.199,1.65,0,6.71
3/29/2026,19:30, ,gtmfmwq_15E101700_032726_050000.bin,Fort Matanzas,GTMNERR,0,52.339,0,34.53,0,2.779,0,105.9,0,8.12,0,6.91,2.38,8.03,0,-86.3,5.93,18.223,0,9.05,0,1.189,1.61,0,6.55
3/29/2026,19:45, ,gtmfmwq_15E101700_032726_050000.bin,Fort Matanzas,GTMNERR,0,52.34,0,34.53,0,2.741,0,105.1,0,8.05,0,7.28,2.51,8.03,0,-85.7,5.93,18.267,0,10.04,0,1.192,1.74,0,7.04
3/29/2026,20:00, ,gtmfmwq_15E101700_032726_050000.bin,Fort Matanzas,GTMNERR,0,52.354,0,34.54,0,2.7,0,105.7,0,8.08,0,7.93,2.73,8.02,0,-85.4,5.93,18.398,0,9.43,0,1.198,2.02,0,8.19
3/29/2026,20:15, ,gtmfmwq_15E101700_032726_050000.bin,Fort Matanzas,GTMNERR,0,52.319,0,34.52,0,2.659,0,104.1,0,7.92,0,8.94,3.07,7.99,0,-83.8,5.93,18.61,0,9.38,0,1.19,1.72,0,6.99
3/29/2026,20:30, ,gtmfmwq_15E101700_032726_050000.bin,Fort Matanzas,GTMNERR,0,52.284,0,34.49,0,2.619,0,102.5,0,7.77,0,10.14,3.47,7.97,0,-82.3,5.92,18.814,0,9.25,0,1.187,1.48,0,6.04
3/29/2026,20:45, ,gtmfmwq_15E101700_032726_050000.bin,Fort Matanzas,GTMNERR,0,52.244,0,34.46,0,2.569,0,101.3,0,7.66,0,10.83,3.7,7.95,0,-81.4,5.93,18.964,0,8.55,0,1.199,1.62,0,6.6
3/29/2026,21:00, ,gtmfmwq_15E101700_032726_050000.bin,Fort Matanzas,GTMNERR,0,52.208,0,34.43,0,2.521,0,99.9,0,7.54,0,11.53,3.94,7.93,0,-80.5,5.93,19.085,0,8.26,0,1.201,1.39,0,5.68
3/29/2026,21:15, ,gtmfmwq_15E101700_032726_050000.bin,Fort Matanzas,GTMNERR,0,52.187,0,34.42,0,2.468,0,98.6,0,7.43,0,12.07,4.12,7.92,0,-79.9,5.92,19.169,0,6.95,0,1.195,1.34,0,5.47
3/29/2026,21:30, ,gtmfmwq_15E101700_032726_050000.bin,Fort Matanzas,GTMNERR,0,52.184,0,34.42,0,2.42,0,99.2,0,7.47,0,12.16,4.15,7.92,0,-79.9,5.92,19.193,0,7.65,0,1.19,1.41,0,5.73
3/29/2026,21:45, ,gtmfmwq_15E101700_032726_050000.bin,Fort Matanzas,GTMNERR,0,52.21,0,34.44,0,2.37,0,98.5,0,7.43,0,11.93,4.08,7.93,0,-80,5.93,19.104,0,7.02,0,1.191,1.22,0,4.99
3/29/2026,22:00, ,gtmfmwq_15E101700_032726_050000.bin,Fort Matanzas,GTMNERR,0,52.163,0,34.4,0,2.321,0,96.8,0,7.31,0,11.69,3.99,7.92,0,-79.5,5.92,19.097,0,5.55,0,1.193,1.04,0,4.24
3/29/2026,22:15, ,gtmfmwq_15E101700_032726_050000.bin,Fort Matanzas,GTMNERR,0,52.305,0,34.51,0,2.27,0,92.4,0,7.01,0,10.77,3.68,7.92,0,-79.5,5.92,18.799,0,4.46,0,1.194,0.68,0,2.82
3/29/2026,22:30, ,gtmfmwq_15E101700_032726_050000.bin,Fort Matanzas,GTMNERR,0,52.195,0,34.42,0,2.22,0,93.7,0,7.07,0,11.88,4.06,7.91,0,-79.1,5.92,19.096,0,5.22,0,1.193,1.15,0,4.72
3/29/2026,22:45, ,gtmfmwq_15E101700_032726_050000.bin,Fort Matanzas,GTMNERR,0,52.258,0,34.47,0,2.172,0,95.5,0,7.18,0,12.31,4.2,7.91,0,-79,5.93,19.267,0,5.47,0,1.193,0.81,0,3.35
3/29/2026,23:00, ,gtmfmwq_15E101700_032726_050000.bin,Fort Matanzas,GTMNERR,0,52.168,0,34.4,0,2.125,0,96.3,0,7.27,0,12.01,4.1,7.92,0,-79.6,5.92,19.087,0,4.67,0,1.189,0.98,0,4.01
3/29/2026,23:15, ,gtmfmwq_15E101700_032726_050000.bin,Fort Matanzas,GTMNERR,0,52.218,0,34.44,0,2.08,0,97.7,0,7.37,0,11.93,4.08,7.92,0,-79.9,5.92,19.102,0,5.77,0,1.194,1.02,0,4.19
3/29/2026,23:30, ,gtmfmwq_15E101700_032726_050000.bin,Fort Matanzas,GTMNERR,0,52.295,0,34.5,0,2.034,0,96.4,0,7.26,0,12.17,4.16,7.91,0,-79.3,5.93,19.207,0,6.28,0,1.192,0.95,0,3.89
3/29/2026,23:45, ,gtmfmwq_15E101700_032726_050000.bin,Fort Matanzas,GTMNERR,0,52.24,0,34.46,0,1.991,0,98.1,0,7.4,0,11.71,4,7.93,0,-80.1,5.91,19.069,0,5.86,0,1.202,1.12,0,4.59
3/30/2026,00:00, ,gtmfmwq_15E101700_032726_050000.bin,Fort Matanzas,GTMNERR,0,52.307,0,34.51,0,1.949,0,96.5,0,7.29,0,12.22,4.17,7.91,0,-79.3,5.92,19.043,0,6.08,0,1.2,1.01,0,4.12
3/30/2026,00:15, ,gtmfmwq_15E101700_032726_050000.bin,Fort Matanzas,GTMNERR,0,52.282,0,34.49,0,1.908,0,96.9,0,7.35,0,11.49,3.93,7.93,0,-80.3,5.92,18.847,0,6.87,0,1.195,1.14,0,4.67
3/30/2026,00:30, ,gtmfmwq_15E101700_032726_050000.bin,Fort Matanzas,GTMNERR,0,52.301,0,34.5,0,1.866,0,94.7,0,7.17,0,11.48,3.92,7.92,0,-79.6,5.91,18.873,0,6.44,0,1.198,1,0,4.08
3/30/2026,00:45, ,gtmfmwq_15E101700_032726_050000.bin,Fort Matanzas,GTMNERR,0,52.307,0,34.51,0,1.835,0,96.2,0,7.29,0,10.56,3.61,7.94,0,-80.6,5.92,18.861,0,7.26,0,1.189,1.02,0,4.17
3/30/2026,01:00, ,gtmfmwq_15E101700_032726_050000.bin,Fort Matanzas,GTMNERR,0,52.302,0,34.5,0,1.805,0,97.2,0,7.37,0,10.25,3.51,7.94,0,-80.9,5.92,18.799,0,7.56,0,1.194,1.08,0,4.4
3/30/2026,01:15, ,gtmfmwq_15E101700_032726_050000.bin,Fort Matanzas,GTMNERR,0,52.308,0,34.51,0,1.778,0,97.3,0,7.38,0,10.35,3.54,7.94,0,-80.9,5.92,18.748,0,6.56,0,1.188,1.01,0,4.15
3/30/2026,01:30, ,gtmfmwq_15E101700_032726_050000.bin,Fort Matanzas,GTMNERR,0,52.335,0,34.53,0,1.765,0,96.5,0,7.37,0,9.7,3.32,7.95,0,-81.6,5.91,18.418,0,10.3,0,1.2,1.24,0,5.06
3/30/2026,01:45, ,gtmfmwq_15E101700_032726_050000.bin,Fort Matanzas,GTMNERR,0,52.368,0,34.55,0,1.764,0,96.2,0,7.4,0,9.4,3.22,7.97,0,-82.2,5.92,18.007,0,10.51,0,1.194,1.66,0,6.74
3/30/2026,02:00, ,gtmfmwq_15E101700_032726_050000.bin,Fort Matanzas,GTMNERR,0,52.367,0,34.55,0,1.777,0,97.1,0,7.49,0,9.23,3.17,7.98,0,-82.7,5.92,17.941,0,9.37,0,1.191,1.42,0,5.78
3/30/2026,02:15, ,gtmfmwq_15E101700_032726_050000.bin,Fort Matanzas,GTMNERR,0,52.338,0,34.53,0,1.797,0,99.9,0,7.71,0,8.59,2.95,8,0,-84.2,5.91,17.866,0,8.28,0,1.203,1.35,0,5.51
3/30/2026,02:30, ,gtmfmwq_15E101700_032726_050000.bin,Fort Matanzas,GTMNERR,0,52.324,0,34.52,0,1.836,0,101.3,0,7.81,0,8.24,2.83,8.01,0,-84.8,5.91,17.914,0,8.4,0,1.199,1.43,0,5.81
3/30/2026,02:45, ,gtmfmwq_15E101700_032726_050000.bin,Fort Matanzas,GTMNERR,0,52.289,0,34.49,0,1.871,0,101.6,0,7.79,0,8.49,2.91,8,0,-84.3,5.92,18.185,0,10.33,0,1.204,1.49,0,6.08
3/30/2026,03:00, ,gtmfmwq_15E101700_032726_050000.bin,Fort Matanzas,GTMNERR,0,52.308,0,34.5,0,1.924,0,101.4,0,7.84,0,7.52,2.59,8.02,0,-85.3,5.91,17.753,0,9.02,0,1.2,1.58,0,6.41
3/30/2026,03:15, ,gtmfmwq_15E101700_032726_050000.bin,Fort Matanzas,GTMNERR,0,52.319,0,34.51,0,1.985,0,100.8,0,7.78,0,8.03,2.76,8.01,0,-84.8,5.91,17.868,0,9.69,0,1.202,1.65,0,6.72
3/30/2026,03:30, ,gtmfmwq_15E101700_032726_050000.bin,Fort Matanzas,GTMNERR,0,52.313,0,34.51,0,2.052,0,101.2,0,7.82,0,7.84,2.69,8.01,0,-85,5.91,17.845,0,9.11,0,1.202,1.28,0,5.23
3/30/2026,03:45, ,gtmfmwq_15E101700_032726_050000.bin,Fort Matanzas,GTMNERR,0,52.321,0,34.51,0,2.125,0,100.7,0,7.8,0,7.67,2.64,8.02,0,-85.1,5.9,17.707,0,7.15,0,1.201,1.35,0,5.52
3/30/2026,04:00, ,gtmfmwq_15E101700_032726_050000.bin,Fort Matanzas,GTMNERR,0,52.327,0,34.52,0,2.205,0,100.8,0,7.83,0,7.41,2.55,8.02,0,-85.4,5.91,17.59,0,7.8,0,1.204,1.53,0,6.2
3/30/2026,04:15, ,gtmfmwq_15E101700_032726_050000.bin,Fort Matanzas,GTMNERR,0,52.322,0,34.51,0,2.281,0,101.4,0,7.89,0,7.03,2.42,8.03,0,-85.9,5.91,17.437,0,7.27,0,1.201,1.44,0,5.85
3/30/2026,04:30, ,gtmfmwq_15E101700_032726_050000.bin,Fort Matanzas,GTMNERR,0,52.32,0,34.51,0,2.353,0,101.8,0,7.92,0,6.73,2.32,8.03,0,-86.1,5.91,17.405,0,7,0,1.201,1.38,0,5.6
3/30/2026,04:45, ,gtmfmwq_15E101700_032726_050000.bin,Fort Matanzas,GTMNERR,0,52.315,0,34.5,0,2.43,0,102,0,7.94,0,6.79,2.34,8.04,0,-86.2,5.91,17.407,0,6.19,0,1.203,1.31,0,5.36
3/30/2026,05:00, ,gtmfmwq_15E101700_032726_050000.bin,Fort Matanzas,GTMNERR,0,52.308,0,34.5,0,2.502,0,101.5,0,7.9,0,6.86,2.37,8.04,0,-86.2,5.91,17.41,0,6.08,0,1.207,1.35,0,5.49
3/30/2026,05:15, ,gtmfmwq_15E101700_032726_050000.bin,Fort Matanzas,GTMNERR,0,52.303,0,34.49,0,2.572,0,101.3,0,7.89,0,6.66,2.3,8.04,0,-86.4,5.91,17.394,0,5.51,0,1.199,1.17,0,4.76
3/30/2026,05:30, ,gtmfmwq_15E101700_032726_050000.bin,Fort Matanzas,GTMNERR,0,52.303,0,34.49,0,2.633,0,100,0,7.79,0,6.62,2.28,8.04,0,-86.2,5.9,17.391,0,4.61,0,1.199,1.03,0,4.22
3/30/2026,05:45, ,gtmfmwq_15E101700_032726_050000.bin,Fort Matanzas,GTMNERR,0,52.302,0,34.49,0,2.688,0,99.2,0,7.73,0,6.66,2.3,8.03,0,-85.5,5.9,17.386,0,4.63,0,1.194,1.02,0,4.16
3/30/2026,06:00, ,gtmfmwq_15E101700_032726_050000.bin,Fort Matanzas,GTMNERR,0,52.299,0,34.49,0,2.731,0,86.7,0,6.76,0,6.27,2.17,7.97,0,-82.5,5.91,17.386,0,10.72,0,1.199,0.75,0,3.1
3/30/2026,06:15, ,gtmfmwq_15E101700_032726_050000.bin,Fort Matanzas,GTMNERR,0,52.297,0,34.49,0,2.77,0,87.8,0,6.84,0,6.56,2.27,7.99,0,-83.3,5.9,17.388,0,4.3,0,1.197,0.77,0,3.16
3/30/2026,06:30, ,gtmfmwq_15E101700_032726_050000.bin,Fort Matanzas,GTMNERR,0,52.299,0,34.49,0,2.803,0,92.6,0,7.21,0,6.67,2.3,8,0,-84.3,5.9,17.386,0,6.44,0,1.193,1.04,0,4.25
3/30/2026,06:45, ,gtmfmwq_15E101700_032726_050000.bin,Fort Matanzas,GTMNERR,0,52.304,0,34.5,0,2.827,0,95.6,0,7.44,0,6.64,2.29,8.02,0,-85.1,5.91,17.385,0,5.11,0,1.206,0.95,0,3.92
3/30/2026,07:00, ,gtmfmwq_15E101700_032726_050000.bin,Fort Matanzas,GTMNERR,0,52.308,0,34.5,0,2.839,0,97.6,0,7.6,0,6.81,2.35,8.02,0,-85.3,5.91,17.399,0,5.38,0,1.205,0.77,0,3.16
3/30/2026,07:15, ,gtmfmwq_15E101700_032726_050000.bin,Fort Matanzas,GTMNERR,0,52.314,0,34.5,0,2.834,0,100,0,7.78,0,7.08,2.44,8.03,0,-85.9,5.9,17.443,0,5.97,0,1.192,1.03,0,4.2
3/30/2026,07:30, ,gtmfmwq_15E101700_032726_050000.bin,Fort Matanzas,GTMNERR,0,52.318,0,34.51,0,2.826,0,98.6,0,7.65,0,7.57,2.6,8.02,0,-85,5.9,17.594,0,6.39,0,1.199,1.07,0,4.37
3/30/2026,07:45, ,gtmfmwq_15E101700_032726_050000.bin,Fort Matanzas,GTMNERR,0,52.315,0,34.51,0,2.801,0,99.5,0,7.7,0,7.91,2.72,8.01,0,-84.8,5.91,17.737,0,5.91,0,1.199,1,0,4.11
3/30/2026,08:00, ,gtmfmwq_15E101700_032726_050000.bin,Fort Matanzas,GTMNERR,0,52.312,0,34.51,0,2.763,0,98.8,0,7.62,0,8.32,2.86,8,0,-84.1,5.9,17.934,0,8.08,0,1.187,1.35,0,5.52
3/30/2026,08:15, ,gtmfmwq_15E101700_032726_050000.bin,Fort Matanzas,GTMNERR,0,52.322,0,34.52,0,2.722,0,96.9,0,7.44,0,9.48,3.25,7.97,0,-82.6,5.9,18.149,0,8.07,0,1.201,1.13,0,4.62
3/30/2026,08:30, ,gtmfmwq_15E101700_032726_050000.bin,Fort Matanzas,GTMNERR,0,52.322,0,34.52,0,2.68,0,95.4,0,7.29,0,10.36,3.54,7.95,0,-81.3,5.9,18.353,0,7.15,0,1.198,1.05,0,4.29
3/30/2026,08:45, ,gtmfmwq_15E101700_032726_050000.bin,Fort Matanzas,GTMNERR,0,52.293,0,34.5,0,2.633,0,94.7,0,7.21,0,11.04,3.77,7.93,0,-80.2,5.89,18.582,0,7.52,0,1.188,0.9,0,3.7
3/30/2026,09:00, ,gtmfmwq_15E101700_032726_050000.bin,Fort Matanzas,GTMNERR,0,52.269,0,34.48,0,2.58,0,94.2,0,7.15,0,11.77,4.02,7.91,0,-79.3,5.9,18.792,0,8.16,0,1.201,0.85,0,3.51
3/30/2026,09:15, ,gtmfmwq_15E101700_032726_050000.bin,Fort Matanzas,GTMNERR,0,52.248,0,34.46,0,2.531,0,92.9,0,7.03,0,12.16,4.15,7.9,0,-78.7,5.9,18.891,0,7.28,0,1.206,0.68,0,2.8
3/30/2026,09:30, ,gtmfmwq_15E101700_032726_050000.bin,Fort Matanzas,GTMNERR,0,52.229,0,34.45,0,2.482,0,91.1,0,6.89,0,12.56,4.29,7.89,0,-78,5.89,18.996,0,6.54,0,1.194,0.71,0,2.95
3/30/2026,09:45, ,gtmfmwq_15E101700_032726_050000.bin,Fort Matanzas,GTMNERR,0,52.216,0,34.44,0,2.43,0,90.7,0,6.85,0,12.77,4.36,7.88,0,-77.4,5.9,19.041,0,6.49,0,1.188,0.63,0,2.61
3/30/2026,10:00, ,gtmfmwq_15E101700_032726_050000.bin,Fort Matanzas,GTMNERR,0,52.219,0,34.44,0,2.382,0,93.1,0,7.03,0,12.54,4.28,7.89,0,-78.1,5.9,19.068,0,6.03,0,1.196,0.65,0,2.69
3/30/2026,10:15, ,gtmfmwq_15E101700_032726_050000.bin,Fort Matanzas,GTMNERR,0,52.291,0,34.5,0,2.334,0,96,0,7.26,0,12.09,4.13,7.91,0,-78.9,5.9,18.974,0,5.77,0,1.197,0.71,0,2.95
3/30/2026,10:30, ,gtmfmwq_15E101700_032726_050000.bin,Fort Matanzas,GTMNERR,0,52.267,0,34.48,0,2.285,0,98.5,0,7.45,0,9.89,3.39,7.95,0,-81.2,5.9,18.953,0,5.42,0,1.205,0.71,0,2.93
3/30/2026,10:45, ,gtmfmwq_15E101700_032726_050000.bin,Fort Matanzas,GTMNERR,0,52.289,0,34.49,0,2.234,0,92.7,0,7.01,0,9.5,3.26,7.92,0,-79.7,5.9,18.938,0,4.52,0,1.201,0.58,0,2.4
3/30/2026,11:00, ,gtmfmwq_15E101700_032726_050000.bin,Fort Matanzas,GTMNERR,0,52.237,0,34.46,0,2.183,0,93.5,0,7.05,0,11.93,4.08,7.9,0,-78.4,5.9,19.133,0,3.94,0,1.193,0.53,0,2.22
3/30/2026,11:15, ,gtmfmwq_15E101700_032726_050000.bin,Fort Matanzas,GTMNERR,0,52.213,0,34.44,0,2.133,0,93.6,0,7.07,0,12.51,4.27,7.9,0,-78.3,5.9,19.078,0,4.78,0,1.188,0.6,0,2.5
3/30/2026,11:30, ,gtmfmwq_15E101700_032726_050000.bin,Fort Matanzas,GTMNERR,0,52.232,0,34.45,0,2.087,0,94.7,0,7.17,0,11.54,3.94,7.92,0,-79.5,5.89,18.898,0,4.52,0,1.189,0.66,0,2.72
3/30/2026,11:45, ,gtmfmwq_15E101700_032726_050000.bin,Fort Matanzas,GTMNERR,0,52.257,0,34.47,0,2.038,0,95.3,0,7.19,0,11.88,4.06,7.91,0,-78.8,5.9,19.069,0,4.72,0,1.196,0.72,0,2.99
3/30/2026,12:00, ,gtmfmwq_15E101700_032726_050000.bin,Fort Matanzas,GTMNERR,0,52.274,0,34.48,0,1.99,0,94.5,0,7.13,0,11.56,3.95,7.91,0,-78.8,5.89,19.082,0,4.46,0,1.198,0.66,0,2.75
3/30/2026,12:15, ,gtmfmwq_15E101700_032726_050000.bin,Fort Matanzas,GTMNERR,0,52.3,0,34.5,0,1.945,0,95.7,0,7.23,0,11.31,3.87,7.91,0,-79.2,5.89,19.04,0,5.73,0,1.204,0.73,0,3.03
3/30/2026,12:30, ,gtmfmwq_15E101700_032726_050000.bin,Fort Matanzas,GTMNERR,0,52.319,0,34.52,0,1.9,0,96.1,0,7.23,0,11.29,3.86,7.9,0,-78.6,5.9,19.274,0,5.48,0,1.199,0.66,0,2.73
3/30/2026,12:45, ,gtmfmwq_15E101700_032726_050000.bin,Fort Matanzas,GTMNERR,0,52.313,0,34.51,0,1.857,0,97.2,0,7.27,0,11.23,3.84,7.89,0,-78.2,5.89,19.532,0,6.5,0,1.199,0.63,0,2.63
3/30/2026,13:00, ,gtmfmwq_15E101700_032726_050000.bin,Fort Matanzas,GTMNERR,0,52.287,0,34.49,0,1.816,0,96.5,0,7.26,0,10.84,3.71,7.9,0,-78.7,5.89,19.265,0,6.06,0,1.191,0.64,0,2.66
3/30/2026,13:15, ,gtmfmwq_15E101700_032726_050000.bin,Fort Matanzas,GTMNERR,0,52.269,0,34.48,0,1.779,0,99,0,7.42,0,10.1,3.46,7.92,0,-80,5.89,19.405,0,5.96,0,1.194,0.66,0,2.74
3/30/2026,13:30, ,gtmfmwq_15E101700_032726_050000.bin,Fort Matanzas,GTMNERR,0,52.285,0,34.49,0,1.745,0,99.1,0,7.45,0,9.91,3.39,7.93,0,-80.1,5.9,19.32,0,5.98,0,1.197,0.72,0,2.97
3/30/2026,13:45, ,gtmfmwq_15E101700_032726_050000.bin,Fort Matanzas,GTMNERR,0,52.3,0,34.5,0,1.716,0,99.4,0,7.48,0,9.76,3.34,7.93,0,-80.4,5.89,19.258,0,7.65,0,1.201,0.82,0,3.38
3/30/2026,14:00, ,gtmfmwq_15E101700_032726_050000.bin,Fort Matanzas,GTMNERR,0,52.313,0,34.51,0,1.704,0,101.6,0,7.65,0,9.2,3.16,7.95,0,-81.6,5.89,19.188,0,8.29,0,1.201,0.82,0,3.36
3/30/2026,14:15, ,gtmfmwq_15E101700_032726_050000.bin,Fort Matanzas,GTMNERR,0,52.322,0,34.52,0,1.702,0,107.4,0,8.06,0,7.89,2.71,7.98,0,-83.5,5.9,19.408,0,13.67,0,1.201,1.47,0,5.96
3/30/2026,14:30, ,gtmfmwq_15E101700_032726_050000.bin,Fort Matanzas,GTMNERR,0,52.302,0,34.5,0,1.719,0,108.9,0,8.15,0,8.24,2.83,7.99,0,-83.7,5.88,19.559,0,10.57,0,1.201,1.13,0,4.62
3/30/2026,14:45, ,gtmfmwq_15E101700_032726_050000.bin,Fort Matanzas,GTMNERR,0,52.303,0,34.5,0,1.745,0,109.8,0,8.22,0,7.93,2.73,8,0,-84.3,5.89,19.496,0,8.9,0,1.204,1.14,0,4.67
3/30/2026,15:00, ,gtmfmwq_15E101700_032726_050000.bin,Fort Matanzas,GTMNERR,0,52.291,0,34.5,0,1.776,0,110.3,0,8.27,0,7.87,2.7,8.01,0,-84.8,5.89,19.371,0,8.26,0,1.207,1.17,0,4.76
3/30/2026,15:15, ,gtmfmwq_15E101700_032726_050000.bin,Fort Matanzas,GTMNERR,0,52.259,0,34.47,0,1.818,0,110.1,0,8.25,0,8.33,2.86,8,0,-84.5,5.88,19.493,0,9.55,0,1.198,1.28,0,5.2
3/30/2026,15:30, ,gtmfmwq_15E101700_032726_050000.bin,Fort Matanzas,GTMNERR,0,52.257,0,34.47,0,1.873,0,110.9,0,8.31,0,7.57,2.61,8.01,0,-85.2,5.89,19.492,0,9.25,0,1.189,1.27,0,5.16
3/30/2026,15:45, ,gtmfmwq_15E101700_032726_050000.bin,Fort Matanzas,GTMNERR,0,52.291,0,34.5,0,1.932,0,111.2,0,8.36,0,7.21,2.48,8.02,0,-85.8,5.89,19.264,0,9.66,0,1.191,1.2,0,4.9
3/30/2026,16:00, ,gtmfmwq_15E101700_032726_050000.bin,Fort Matanzas,GTMNERR,0,52.276,0,34.48,0,1.997,0,110.9,0,8.32,0,7.56,2.6,8.01,0,-85.3,5.88,19.392,0,8.48,0,1.2,1.26,0,5.14
3/30/2026,16:15, ,gtmfmwq_15E101700_032726_050000.bin,Fort Matanzas,GTMNERR,0,52.287,0,34.49,0,2.068,0,110.2,0,8.29,0,7.46,2.57,8.01,0,-85.3,5.88,19.247,0,7.19,0,1.201,1.19,0,4.84
3/30/2026,16:30, ,gtmfmwq_15E101700_032726_050000.bin,Fort Matanzas,GTMNERR,0,52.293,0,34.5,0,2.141,0,110.6,0,8.33,0,7.2,2.48,8.02,0,-85.6,5.89,19.176,0,6.6,0,1.191,0.86,0,3.53
3/30/2026,16:45, ,gtmfmwq_15E101700_032726_050000.bin,Fort Matanzas,GTMNERR,0,52.309,0,34.51,0,2.214,0,111.1,0,8.35,0,6.83,2.35,8.03,0,-85.9,5.88,19.254,0,6.67,0,1.195,1.11,0,4.55
3/30/2026,17:00, ,gtmfmwq_15E101700_032726_050000.bin,Fort Matanzas,GTMNERR,0,52.322,0,34.52,0,2.283,0,110.6,0,8.3,0,6.59,2.27,8.03,0,-86.2,5.88,19.363,0,6.24,0,1.196,1.1,0,4.48
3/30/2026,17:15, ,gtmfmwq_15E101700_032726_050000.bin,Fort Matanzas,GTMNERR,0,52.325,0,34.52,0,2.347,0,109.2,0,8.18,0,6.3,2.18,8.03,0,-86.4,5.88,19.459,0,5.43,0,1.199,1.04,0,4.25
3/30/2026,17:30, ,gtmfmwq_15E101700_032726_050000.bin,Fort Matanzas,GTMNERR,0,52.327,0,34.52,0,2.416,0,107.7,0,8.07,0,6.07,2.1,8.03,0,-86.5,5.89,19.478,0,5.35,0,1.203,0.97,0,3.97
3/30/2026,17:45, ,gtmfmwq_15E101700_032726_050000.bin,Fort Matanzas,GTMNERR,0,52.327,0,34.52,0,2.482,0,106.4,0,7.97,0,5.97,2.06,8.03,0,-86.4,5.88,19.475,0,4.5,0,1.196,0.81,0,3.34
3/30/2026,18:00, ,gtmfmwq_15E101700_032726_050000.bin,Fort Matanzas,GTMNERR,0,52.325,0,34.52,0,2.544,0,104.9,0,7.86,0,5.92,2.05,8.03,0,-86.5,5.88,19.443,0,4.38,0,1.198,0.76,0,3.15
3/30/2026,18:15, ,gtmfmwq_15E101700_032726_050000.bin,Fort Matanzas,GTMNERR,0,52.32,0,34.52,0,2.603,0,102.6,0,7.71,0,5.72,1.98,8.03,0,-86.3,5.88,19.288,0,3.75,0,1.201,0.66,0,2.72
3/30/2026,18:30, ,gtmfmwq_15E101700_032726_050000.bin,Fort Matanzas,GTMNERR,0,52.33,0,34.52,0,2.65,0,89.1,0,6.7,0,5.66,1.96,7.98,0,-83.1,5.88,19.251,0,4.12,0,1.188,0.48,0,2
3/30/2026,18:45, ,gtmfmwq_15E101700_032726_050000.bin,Fort Matanzas,GTMNERR,0,52.324,0,34.52,0,2.689,0,91.8,0,6.9,0,5.72,1.98,7.99,0,-84,5.88,19.223,0,4.74,0,1.198,0.54,0,2.25
3/30/2026,19:00, ,gtmfmwq_15E101700_032726_050000.bin,Fort Matanzas,GTMNERR,0,52.328,0,34.52,0,2.72,0,94.8,0,7.12,0,5.85,2.03,8,0,-84.5,5.88,19.281,0,4.08,0,1.195,0.63,0,2.63
3/30/2026,19:15, ,gtmfmwq_15E101700_032726_050000.bin,Fort Matanzas,GTMNERR,0,52.324,0,34.52,0,2.744,0,99.6,0,7.46,0,6.52,2.25,8,0,-84.5,5.88,19.45,0,5,0,1.188,0.6,0,2.48
3/30/2026,19:30, ,gtmfmwq_15E101700_032726_050000.bin,Fort Matanzas,GTMNERR,0,52.319,0,34.52,0,2.755,0,104.3,0,7.82,0,6.38,2.21,8.02,0,-85.4,5.88,19.437,0,4.12,0,1.193,0.82,0,3.38
3/30/2026,19:45, ,gtmfmwq_15E101700_032726_050000.bin,Fort Matanzas,GTMNERR,0,52.312,0,34.51,0,2.757,0,104.6,0,7.83,0,6.45,2.23,8.02,0,-85.6,5.88,19.485,0,4.43,0,1.201,0.9,0,3.69
3/30/2026,20:00, ,gtmfmwq_15E101700_032726_050000.bin,Fort Matanzas,GTMNERR,0,52.291,0,34.5,0,2.745,0,106.9,0,8,0,7.52,2.59,8,0,-84.7,5.87,19.544,0,4.91,0,1.204,0.99,0,4.07
3/30/2026,20:15, ,gtmfmwq_15E101700_032726_050000.bin,Fort Matanzas,GTMNERR,0,52.276,0,34.48,0,2.714,0,109.1,0,8.15,0,7.99,2.75,8,0,-84.6,5.88,19.611,0,6.51,0,1.199,1.57,0,6.38
3/30/2026,20:30, ,gtmfmwq_15E101700_032726_050000.bin,Fort Matanzas,GTMNERR,0,52.281,0,34.49,0,2.676,0,107.3,0,8,0,8.66,2.97,7.98,0,-83.5,5.88,19.723,0,6.68,0,1.194,1.28,0,5.22
3/30/2026,20:45, ,gtmfmwq_15E101700_032726_050000.bin,Fort Matanzas,GTMNERR,0,52.305,0,34.51,0,2.638,0,104.9,0,7.81,0,9.3,3.19,7.96,0,-82,5.88,19.843,0,7.88,0,1.192,1.39,0,5.68
3/30/2026,21:00, ,gtmfmwq_15E101700_032726_050000.bin,Fort Matanzas,GTMNERR,0,52.308,0,34.51,0,2.591,0,102.3,0,7.59,0,9.8,3.36,7.93,0,-80.5,5.87,19.989,0,7.25,0,1.195,1.2,0,4.9
3/30/2026,21:15, ,gtmfmwq_15E101700_032726_050000.bin,Fort Matanzas,GTMNERR,0,52.31,0,34.51,0,2.541,0,100.9,0,7.45,0,10.65,3.64,7.91,0,-79.4,5.88,20.194,0,7.97,0,1.193,1.26,0,5.15
3/30/2026,21:30, ,gtmfmwq_15E101700_032726_050000.bin,Fort Matanzas,GTMNERR,0,52.296,0,34.5,0,2.485,0,101.2,0,7.47,0,10.87,3.72,7.91,0,-79.2,5.88,20.329,0,8.57,0,1.202,1.51,0,6.13
3/30/2026,21:45, ,gtmfmwq_15E101700_032726_050000.bin,Fort Matanzas,GTMNERR,0,52.295,0,34.5,0,2.435,0,100.6,0,7.4,0,11.35,3.88,7.89,0,-78.4,5.87,20.484,0,7.91,0,1.195,1.13,0,4.6
3/30/2026,22:00, ,gtmfmwq_15E101700_032726_050000.bin,Fort Matanzas,GTMNERR,0,52.272,0,34.48,0,2.381,0,100.4,0,7.39,0,11.94,4.08,7.9,0,-79,5.88,20.431,0,7.4,0,1.195,1.25,0,5.11
3/30/2026,22:15, ,gtmfmwq_15E101700_032726_050000.bin,Fort Matanzas,GTMNERR,0,52.277,0,34.48,0,2.33,0,97.8,0,7.19,0,11.58,3.96,7.89,0,-78.3,5.88,20.513,0,6.82,0,1.193,1.01,0,4.12
3/30/2026,22:30, ,gtmfmwq_15E101700_032726_050000.bin,Fort Matanzas,GTMNERR,0,52.279,0,34.48,0,2.28,0,97.1,0,7.13,0,11.86,4.05,7.89,0,-78.2,5.87,20.506,0,6.12,0,1.192,1.08,0,4.4
3/30/2026,22:45, ,gtmfmwq_15E101700_032726_050000.bin,Fort Matanzas,GTMNERR,0,52.27,0,34.48,0,2.229,0,97.9,0,7.22,0,11.5,3.93,7.9,0,-78.7,5.88,20.356,0,5.49,0,1.199,0.79,0,3.25
3/30/2026,23:00, ,gtmfmwq_15E101700_032726_050000.bin,Fort Matanzas,GTMNERR,0,52.292,0,34.5,0,2.178,0,83,0,6.16,0,9.93,3.4,7.86,0,-76.1,5.88,19.968,0,3.83,0,1.202,0.48,0,2.03
3/30/2026,23:15, ,gtmfmwq_15E101700_032726_050000.bin,Fort Matanzas,GTMNERR,0,52.286,0,34.49,0,2.126,0,97.7,0,7.21,0,11.13,3.81,7.91,0,-79.1,5.88,20.282,0,5.62,0,1.199,0.91,0,3.75
3/30/2026,23:30, ,gtmfmwq_15E101700_032726_050000.bin,Fort Matanzas,GTMNERR,0,52.337,0,34.53,0,2.075,0,96,0,7.04,0,11.53,3.94,7.89,0,-78.1,5.87,20.574,0,5.29,0,1.199,0.66,0,2.72
3/30/2026,23:45, ,gtmfmwq_15E101700_032726_050000.bin,Fort Matanzas,GTMNERR,0,52.305,0,34.5,0,2.024,0,96.2,0,7.07,0,11.43,3.91,7.9,0,-78.5,5.87,20.495,0,4.52,0,1.206,0.71,0,2.95
3/31/2026,00:00, ,gtmfmwq_15E101700_032726_050000.bin,Fort Matanzas,GTMNERR,0,52.285,0,34.49,0,1.975,0,99,0,7.3,0,11.52,3.94,7.9,0,-78.7,5.88,20.379,0,5.57,0,1.2,0.9,0,3.7
3/31/2026,00:15, ,gtmfmwq_15E101700_032726_050000.bin,Fort Matanzas,GTMNERR,0,52.253,0,34.47,0,1.928,0,99.7,0,7.34,0,12.92,4.41,7.91,0,-79.3,5.87,20.418,0,5.5,0,1.193,1.01,0,4.14
3/31/2026,00:30, ,gtmfmwq_15E101700_032726_050000.bin,Fort Matanzas,GTMNERR,0,52.286,0,34.49,0,1.879,0,98.8,0,7.29,0,10.99,3.76,7.9,0,-79,5.87,20.322,0,6.19,0,1.193,1,0,4.11
3/31/2026,00:45, ,gtmfmwq_15E101700_032726_050000.bin,Fort Matanzas,GTMNERR,0,52.324,0,34.52,0,1.831,0,97.1,0,7.15,0,11.18,3.82,7.91,0,-79.2,5.87,20.376,0,5.88,0,1.189,0.91,0,3.74
3/31/2026,01:00, ,gtmfmwq_15E101700_032726_050000.bin,Fort Matanzas,GTMNERR,0,52.307,0,34.51,0,1.785,0,98.4,0,7.26,0,11.88,4.06,7.91,0,-79.4,5.87,20.288,0,5.65,0,1.2,0.99,0,4.06
3/31/2026,01:15, ,gtmfmwq_15E101700_032726_050000.bin,Fort Matanzas,GTMNERR,0,52.323,0,34.52,0,1.739,0,93.2,0,6.87,0,12.08,4.13,7.89,0,-78,5.87,20.312,0,5.91,0,1.198,0.86,0,3.56
3/31/2026,01:30, ,gtmfmwq_15E101700_032726_050000.bin,Fort Matanzas,GTMNERR,0,52.278,0,34.48,0,1.697,0,95.8,0,7.07,0,13.3,4.54,7.9,0,-78.7,5.87,20.268,0,5.41,0,1.195,0.93,0,3.83
3/31/2026,01:45, ,gtmfmwq_15E101700_032726_050000.bin,Fort Matanzas,GTMNERR,0,52.291,0,34.49,0,1.657,0,97.3,0,7.19,0,10.22,3.5,7.92,0,-80.1,5.88,20.176,0,7.05,0,1.192,0.88,0,3.62
3/31/2026,02:00, ,gtmfmwq_15E101700_032726_050000.bin,Fort Matanzas,GTMNERR,0,52.315,0,34.51,0,1.623,0,96.2,0,7.12,0,10.45,3.57,7.92,0,-80,5.87,20.099,0,7.49,0,1.199,0.95,0,3.88
3/31/2026,02:15, ,gtmfmwq_15E101700_032726_050000.bin,Fort Matanzas,GTMNERR,0,52.338,0,34.53,0,1.604,0,95.2,0,7.06,0,10.05,3.44,7.92,0,-80,5.87,20.011,0,8.07,0,1.194,0.91,0,3.72
3/31/2026,02:30, ,gtmfmwq_15E101700_032726_050000.bin,Fort Matanzas,GTMNERR,0,52.369,0,34.55,0,1.597,0,95.1,0,7.12,0,9.08,3.11,7.96,0,-82.3,5.87,19.513,0,12.54,0,1.188,1.28,0,5.2
3/31/2026,02:45, ,gtmfmwq_15E101700_032726_050000.bin,Fort Matanzas,GTMNERR,0,52.358,0,34.55,0,1.611,0,95.4,0,7.14,0,9.01,3.09,7.97,0,-82.7,5.86,19.475,0,11.24,0,1.189,1.44,0,5.86
3/31/2026,03:00, ,gtmfmwq_15E101700_032726_050000.bin,Fort Matanzas,GTMNERR,0,52.322,0,34.52,0,1.64,0,99.2,0,7.44,0,8.54,2.93,8,0,-84.2,5.87,19.405,0,11.69,0,1.194,1.53,0,6.21
3/31/2026,03:15, ,gtmfmwq_15E101700_032726_050000.bin,Fort Matanzas,GTMNERR,0,52.317,0,34.52,0,1.675,0,99.5,0,7.46,0,8.49,2.91,8,0,-84.3,5.87,19.393,0,10.98,0,1.197,1.5,0,6.08
3/31/2026,03:30, ,gtmfmwq_15E101700_032726_050000.bin,Fort Matanzas,GTMNERR,0,52.258,0,34.47,0,1.727,0,100,0,7.49,0,9.29,3.18,7.99,0,-83.7,5.86,19.494,0,15.81,0,1.203,1.74,0,7.07
3/31/2026,03:45, ,gtmfmwq_15E101700_032726_050000.bin,Fort Matanzas,GTMNERR,0,52.217,0,34.44,0,1.787,0,99.7,0,7.45,0,9.34,3.2,7.98,0,-83,5.86,19.607,0,13.81,0,1.204,1.71,0,6.94
3/31/2026,04:00, ,gtmfmwq_15E101700_032726_050000.bin,Fort Matanzas,GTMNERR,0,52.29,0,34.5,0,1.845,0,100,0,7.52,0,34.33,11.63,8.01,0,-84.7,5.87,19.284,0,13.12,0,1.195,1.59,0,6.47
3/31/2026,04:15, ,gtmfmwq_15E101700_032726_050000.bin,Fort Matanzas,GTMNERR,0,52.278,0,34.49,0,1.919,0,99.2,0,7.44,0,8.49,2.92,7.99,0,-84,5.86,19.383,0,13.18,0,1.188,1.59,0,6.45
3/31/2026,04:30, ,gtmfmwq_15E101700_032726_050000.bin,Fort Matanzas,GTMNERR,0,52.293,0,34.5,0,1.99,0,99.5,0,7.47,0,8.3,2.85,8,0,-84.4,5.86,19.348,0,11.75,0,1.19,1.63,0,6.6
3/31/2026,04:45, ,gtmfmwq_15E101700_032726_050000.bin,Fort Matanzas,GTMNERR,0,52.318,0,34.52,0,2.064,0,99.4,0,7.47,0,7.81,2.69,8.01,0,-84.8,5.86,19.234,0,8.84,0,1.205,1.41,0,5.75
3/31/2026,05:00, ,gtmfmwq_15E101700_032726_050000.bin,Fort Matanzas,GTMNERR,0,52.313,0,34.51,0,2.136,0,99.6,0,7.5,0,7.83,2.69,8.01,0,-85,5.87,19.19,0,9.43,0,1.195,1.36,0,5.55
3/31/2026,05:15, ,gtmfmwq_15E101700_032726_050000.bin,Fort Matanzas,GTMNERR,0,52.336,0,34.53,0,2.209,0,99.9,0,7.55,0,7.24,2.5,8.02,0,-85.5,5.86,19.017,0,9.55,0,1.19,1.36,0,5.54
3/31/2026,05:30, ,gtmfmwq_15E101700_032726_050000.bin,Fort Matanzas,GTMNERR,0,52.329,0,34.52,0,2.278,0,100.1,0,7.58,0,6.9,2.38,8.02,0,-85.7,5.86,18.869,0,9.14,0,1.199,1.38,0,5.64
3/31/2026,05:45, ,gtmfmwq_15E101700_032726_050000.bin,Fort Matanzas,GTMNERR,0,52.338,0,34.53,0,2.35,0,99.5,0,7.55,0,6.85,2.36,8.02,0,-85.7,5.86,18.778,0,9.65,0,1.199,1.36,0,5.55
3/31/2026,06:00, ,gtmfmwq_15E101700_032726_050000.bin,Fort Matanzas,GTMNERR,0,52.329,0,34.52,0,2.421,0,98.8,0,7.51,0,6.69,2.31,8.02,0,-85.7,5.85,18.684,0,9.09,0,1.188,1.18,0,4.8
3/31/2026,06:15, ,gtmfmwq_15E101700_032726_050000.bin,Fort Matanzas,GTMNERR,0,52.346,0,34.54,0,2.486,0,97.5,0,7.42,0,6.57,2.27,8.02,0,-85.3,5.86,18.571,0,8.28,0,1.188,1.03,0,4.21
3/31/2026,06:30, ,gtmfmwq_15E101700_032726_050000.bin,Fort Matanzas,GTMNERR,0,52.35,0,34.54,0,2.546,0,93.4,0,7.12,0,6.06,2.1,8,0,-84.2,5.86,18.507,0,7.24,0,1.189,0.89,0,3.64
3/31/2026,06:45, ,gtmfmwq_15E101700_032726_050000.bin,Fort Matanzas,GTMNERR,0,52.356,0,34.54,0,2.603,0,85,0,6.49,0,6.02,2.08,7.97,0,-82.5,5.85,18.471,0,8.91,0,1.19,0.8,0,3.3
3/31/2026,07:00, ,gtmfmwq_15E101700_032726_050000.bin,Fort Matanzas,GTMNERR,0,52.354,0,34.54,0,2.65,0,86.7,0,6.62,0,6.19,2.14,7.98,0,-83.3,5.86,18.479,0,8.07,0,1.192,1.25,0,5.11
3/31/2026,07:15, ,gtmfmwq_15E101700_032726_050000.bin,Fort Matanzas,GTMNERR,0,52.358,0,34.54,0,2.687,0,88.7,0,6.77,0,6.35,2.19,7.98,0,-83.2,5.86,18.472,0,8.82,0,1.188,1.29,0,5.26
3/31/2026,07:30, ,gtmfmwq_15E101700_032726_050000.bin,Fort Matanzas,GTMNERR,0,52.353,0,34.54,0,2.715,0,91.7,0,7,0,6.51,2.25,8,0,-84,5.86,18.482,0,8.59,0,1.188,1.02,0,4.17
3/31/2026,07:45, ,gtmfmwq_15E101700_032726_050000.bin,Fort Matanzas,GTMNERR,0,52.348,0,34.54,0,2.735,0,99.4,0,7.57,0,6.67,2.3,8.03,0,-85.9,5.85,18.558,0,9.47,0,1.195,1.5,0,6.11
3/31/2026,08:00, ,gtmfmwq_15E101700_032726_050000.bin,Fort Matanzas,GTMNERR,0,52.33,0,34.52,0,2.745,0,98.4,0,7.44,0,7.47,2.57,8.01,0,-84.9,5.85,18.938,0,12.32,0,1.204,1.56,0,6.35
3/31/2026,08:15, ,gtmfmwq_15E101700_032726_050000.bin,Fort Matanzas,GTMNERR,0,52.289,0,34.49,0,2.747,0,95.8,0,7.2,0,8.64,2.96,7.99,0,-83.6,5.86,19.287,0,7.63,0,1.195,1.09,0,4.45
3/31/2026,08:30, ,gtmfmwq_15E101700_032726_050000.bin,Fort Matanzas,GTMNERR,0,52.275,0,34.48,0,2.728,0,96.7,0,7.25,0,9,3.09,7.98,0,-83.4,5.85,19.433,0,7.1,0,1.189,1.16,0,4.75
3/31/2026,08:45, ,gtmfmwq_15E101700_032726_050000.bin,Fort Matanzas,GTMNERR,0,52.265,0,34.48,0,2.691,0,96.1,0,7.19,0,9.49,3.25,7.97,0,-82.6,5.85,19.572,0,9.49,0,1.194,1.16,0,4.76
3/31/2026,09:00, ,gtmfmwq_15E101700_032726_050000.bin,Fort Matanzas,GTMNERR,0,52.309,0,34.51,0,2.65,0,95.1,0,7.09,0,9.83,3.37,7.95,0,-81.4,5.86,19.763,0,9.59,0,1.188,1.11,0,4.52
3/31/2026,09:15, ,gtmfmwq_15E101700_032726_050000.bin,Fort Matanzas,GTMNERR,0,52.316,0,34.51,0,2.601,0,94.1,0,6.98,0,10.36,3.55,7.92,0,-79.9,5.85,19.989,0,8.97,0,1.197,1.07,0,4.36
3/31/2026,09:30, ,gtmfmwq_15E101700_032726_050000.bin,Fort Matanzas,GTMNERR,0,52.325,0,34.52,0,2.553,0,94.2,0,6.96,0,11.09,3.79,7.9,0,-78.7,5.85,20.249,0,9.24,0,1.188,0.92,0,3.79
3/31/2026,09:45, ,gtmfmwq_15E101700_032726_050000.bin,Fort Matanzas,GTMNERR,0,52.301,0,34.5,0,2.509,0,93.3,0,6.87,0,11.62,3.97,7.88,0,-77.8,5.86,20.421,0,8.71,0,1.194,0.8,0,3.3
3/31/2026,10:00, ,gtmfmwq_15E101700_032726_050000.bin,Fort Matanzas,GTMNERR,0,52.288,0,34.49,0,2.449,0,91.7,0,6.74,0,12.22,4.17,7.87,0,-77,5.85,20.521,0,8.09,0,1.201,0.67,0,2.77
3/31/2026,10:15, ,gtmfmwq_15E101700_032726_050000.bin,Fort Matanzas,GTMNERR,0,52.286,0,34.49,0,2.393,0,93.6,0,6.88,0,12.09,4.13,7.88,0,-77.5,5.85,20.515,0,8.4,0,1.195,0.81,0,3.32
3/31/2026,10:30, ,gtmfmwq_15E101700_032726_050000.bin,Fort Matanzas,GTMNERR,0,52.276,0,34.48,0,2.336,0,91.7,0,6.73,0,12.51,4.27,7.87,0,-76.7,5.85,20.602,0,7.03,0,1.198,0.59,0,2.47
3/31/2026,10:45, ,gtmfmwq_15E101700_032726_050000.bin,Fort Matanzas,GTMNERR,0,52.274,0,34.48,0,2.282,0,89.4,0,6.55,0,12.09,4.13,7.86,0,-76.3,5.86,20.652,0,9.21,0,1.194,0.69,0,2.87
3/31/2026,11:00, ,gtmfmwq_15E101700_032726_050000.bin,Fort Matanzas,GTMNERR,0,52.275,0,34.48,0,2.231,0,86,0,6.3,0,12.17,4.16,7.85,0,-75.7,5.85,20.681,0,4.76,0,1.197,0.37,0,1.58
3/31/2026,11:15, ,gtmfmwq_15E101700_032726_050000.bin,Fort Matanzas,GTMNERR,0,52.299,0,34.5,0,2.179,0,90.4,0,6.63,0,9.61,3.29,7.88,0,-77.6,5.85,20.599,0,9.28,0,1.195,0.61,0,2.53
3/31/2026,11:30, ,gtmfmwq_15E101700_032726_050000.bin,Fort Matanzas,GTMNERR,0,52.283,0,34.49,0,2.125,0,86.2,0,6.32,0,11.2,3.83,7.85,0,-75.6,5.86,20.707,0,7.72,0,1.187,0.63,0,2.61
3/31/2026,11:45, ,gtmfmwq_15E101700_032726_050000.bin,Fort Matanzas,GTMNERR,0,52.278,0,34.48,0,2.073,0,89.2,0,6.53,0,11.92,4.07,7.85,0,-76,5.85,20.713,0,5.43,0,1.197,0.6,0,2.5
3/31/2026,12:00, ,gtmfmwq_15E101700_032726_050000.bin,Fort Matanzas,GTMNERR,0,52.281,0,34.48,0,2.022,0,93,0,6.82,0,11.78,4.03,7.87,0,-77.1,5.85,20.696,0,5.54,0,1.2,0.65,0,2.69
3/31/2026,12:15, ,gtmfmwq_15E101700_032726_050000.bin,Fort Matanzas,GTMNERR,0,52.284,0,34.49,0,1.97,0,93.4,0,6.85,0,11.38,3.89,7.88,0,-77.7,5.85,20.615,0,5.25,0,1.204,0.7,0,2.89
3/31/2026,12:30, ,gtmfmwq_15E101700_032726_050000.bin,Fort Matanzas,GTMNERR,0,52.297,0,34.5,0,1.921,0,94,0,6.9,0,11.44,3.91,7.89,0,-77.9,5.85,20.611,0,6.48,0,1.205,0.72,0,2.97
3/31/2026,12:45, ,gtmfmwq_15E101700_032726_050000.bin,Fort Matanzas,GTMNERR,0,52.289,0,34.49,0,1.87,0,94.4,0,6.93,0,11.39,3.89,7.89,0,-78.1,5.85,20.59,0,6.18,0,1.201,0.77,0,3.19
3/31/2026,13:00, ,gtmfmwq_15E101700_032726_050000.bin,Fort Matanzas,GTMNERR,0,52.305,0,34.5,0,1.82,0,96.5,0,7.04,0,10.89,3.73,7.89,0,-78.3,5.85,20.899,0,5.98,0,1.187,0.77,0,3.19
3/31/2026,13:15, ,gtmfmwq_15E101700_032726_050000.bin,Fort Matanzas,GTMNERR,0,52.324,0,34.51,0,1.771,0,97.5,0,7.1,0,10.82,3.7,7.89,0,-78.1,5.84,21.056,0,6.41,0,1.202,0.77,0,3.18
3/31/2026,13:30, ,gtmfmwq_15E101700_032726_050000.bin,Fort Matanzas,GTMNERR,0,52.3,0,34.5,0,1.721,0,97,0,7.08,0,10.63,3.64,7.89,0,-78.2,5.85,20.955,0,6.97,0,1.207,0.8,0,3.3
3/31/2026,13:45, ,gtmfmwq_15E101700_032726_050000.bin,Fort Matanzas,GTMNERR,0,52.298,0,34.49,0,1.675,0,99.4,0,7.19,0,10.3,3.52,7.89,0,-78.3,5.85,21.372,0,6.74,0,1.195,0.83,0,3.42
3/31/2026,14:00, ,gtmfmwq_15E101700_032726_050000.bin,Fort Matanzas,GTMNERR,0,52.315,0,34.51,0,1.63,0,99.7,0,7.26,0,9.73,3.33,7.91,0,-79.5,5.86,20.999,0,5.96,0,1.198,0.82,0,3.37
3/31/2026,14:15, ,gtmfmwq_15E101700_032726_050000.bin,Fort Matanzas,GTMNERR,0,52.318,0,34.51,0,1.592,0,99,0,7.22,0,9.63,3.3,7.91,0,-79.6,5.84,20.884,0,8.34,0,1.198,0.95,0,3.89
3/31/2026,14:30, ,gtmfmwq_15E101700_032726_050000.bin,Fort Matanzas,GTMNERR,0,52.315,0,34.51,0,1.563,0,98.3,0,7.19,0,9.73,3.33,7.91,0,-79.5,5.85,20.761,0,10.41,0,1.192,1.05,0,4.3
3/31/2026,14:45, ,gtmfmwq_15E101700_032726_050000.bin,Fort Matanzas,GTMNERR,0,52.352,0,34.54,0,1.545,0,105.4,0,7.75,0,7.78,2.67,7.97,0,-82.8,5.85,20.435,0,19.93,0,1.188,1.65,0,6.71
3/31/2026,15:00, ,gtmfmwq_15E101700_032726_050000.bin,Fort Matanzas,GTMNERR,0,52.347,0,34.53,0,1.545,0,107.5,0,7.91,0,7.35,2.53,7.98,0,-83.6,5.84,20.457,0,36.52,0,1.195,2.65,0,10.71
3/31/2026,15:15, ,gtmfmwq_15E101700_032726_050000.bin,Fort Matanzas,GTMNERR,0,52.338,0,34.53,0,1.558,0,107.7,0,7.93,0,7.65,2.63,7.98,0,-83.6,5.84,20.374,0,25.12,0,1.202,2.14,0,8.65
3/31/2026,15:30, ,gtmfmwq_15E101700_032726_050000.bin,Fort Matanzas,GTMNERR,0,52.328,0,34.52,0,1.592,0,108.5,0,7.98,0,7.9,2.72,7.98,0,-83.8,5.85,20.439,0,20.31,0,1.196,2.06,0,8.35
3/31/2026,15:45, ,gtmfmwq_15E101700_032726_050000.bin,Fort Matanzas,GTMNERR,0,52.317,0,34.51,0,1.633,0,109.3,0,8.05,0,7.79,2.68,7.99,0,-84.2,5.84,20.42,0,23.48,0,1.195,2.06,0,8.36
3/31/2026,16:00, ,gtmfmwq_15E101700_032726_050000.bin,Fort Matanzas,GTMNERR,0,52.275,0,34.48,0,1.684,0,109.4,0,8.02,0,8.39,2.88,7.98,0,-83.7,5.84,20.664,0,27.19,0,1.201,2.23,0,9.02
3/31/2026,16:15, ,gtmfmwq_15E101700_032726_050000.bin,Fort Matanzas,GTMNERR,0,52.261,0,34.47,0,1.743,0,110.4,0,8.06,0,8.38,2.88,7.99,0,-84,5.85,20.865,0,18.37,0,1.199,1.63,0,6.61
3/31/2026,16:30, ,gtmfmwq_15E101700_032726_050000.bin,Fort Matanzas,GTMNERR,0,52.311,0,34.51,0,1.809,0,110.2,0,8.12,0,7.7,2.65,8,0,-84.9,5.84,20.41,0,16.09,0,1.196,1.97,0,8
3/31/2026,16:45, ,gtmfmwq_15E101700_032726_050000.bin,Fort Matanzas,GTMNERR,0,52.289,0,34.49,0,1.878,0,109.7,0,8.05,0,8.13,2.79,7.99,0,-84.2,5.84,20.562,0,19.87,0,1.194,2.18,0,8.83
3/31/2026,17:00, ,gtmfmwq_15E101700_032726_050000.bin,Fort Matanzas,GTMNERR,0,52.302,0,34.5,0,1.952,0,108.9,0,8.03,0,7.9,2.72,7.99,0,-84.3,5.84,20.365,0,15.8,0,1.205,1.98,0,8.02
3/31/2026,17:15, ,gtmfmwq_15E101700_032726_050000.bin,Fort Matanzas,GTMNERR,0,52.329,0,34.52,0,2.027,0,109.2,0,8.08,0,7.52,2.59,8,0,-84.8,5.85,20.158,0,13.61,0,1.2,1.79,0,7.28
3/31/2026,17:30, ,gtmfmwq_15E101700_032726_050000.bin,Fort Matanzas,GTMNERR,0,52.353,0,34.54,0,2.101,0,109.5,0,8.11,0,7.03,2.42,8.01,0,-85.3,5.84,20.122,0,15.27,0,1.198,1.94,0,7.85
3/31/2026,17:45, ,gtmfmwq_15E101700_032726_050000.bin,Fort Matanzas,GTMNERR,0,52.367,0,34.55,0,2.178,0,108.4,0,8.04,0,6.67,2.3,8.02,0,-85.6,5.84,20.011,0,20.41,0,1.189,2.42,0,9.8
3/31/2026,18:00, ,gtmfmwq_15E101700_032726_050000.bin,Fort Matanzas,GTMNERR,0,52.383,0,34.56,0,2.253,0,106.8,0,7.94,0,6.37,2.2,8.02,0,-85.9,5.85,19.864,0,21.24,0,1.197,2.41,0,9.73
3/31/2026,18:15, ,gtmfmwq_15E101700_032726_050000.bin,Fort Matanzas,GTMNERR,0,52.395,0,34.57,0,2.328,0,105.7,0,7.86,0,6.24,2.16,8.02,0,-85.9,5.83,19.857,0,14.45,0,1.205,3.3,0,13.31
3/31/2026,18:30, ,gtmfmwq_15E101700_032726_050000.bin,Fort Matanzas,GTMNERR,0,52.401,0,34.58,0,2.399,0,103.7,0,7.7,0,6.28,2.17,8.02,0,-85.7,5.84,19.893,0,13.37,0,1.188,1.86,0,7.53
3/31/2026,18:45, ,gtmfmwq_15E101700_032726_050000.bin,Fort Matanzas,GTMNERR,0,52.405,0,34.58,0,2.469,0,100.6,0,7.47,0,6.42,2.22,8.01,0,-84.9,5.85,19.933,0,8.2,0,1.187,1.31,0,5.35
3/31/2026,19:00, ,gtmfmwq_15E101700_032726_050000.bin,Fort Matanzas,GTMNERR,0,52.408,0,34.58,0,2.527,0,83.2,0,6.17,0,6.12,2.12,7.93,0,-80.6,5.83,19.957,0,19.23,0,1.201,1.36,0,5.53
3/31/2026,19:15, ,gtmfmwq_15E101700_032726_050000.bin,Fort Matanzas,GTMNERR,0,52.409,0,34.58,0,2.581,0,81,0,6.01,0,6.38,2.2,7.93,0,-80.5,5.84,19.963,0,8.18,0,1.205,1.18,0,4.8
3/31/2026,19:30, ,gtmfmwq_15E101700_032726_050000.bin,Fort Matanzas,GTMNERR,0,52.403,0,34.58,0,2.625,0,91.4,0,6.79,0,6.6,2.28,7.97,0,-82.7,5.84,19.93,0,7.22,0,1.196,1.22,0,5
3/31/2026,19:45, ,gtmfmwq_15E101700_032726_050000.bin,Fort Matanzas,GTMNERR,0,52.396,0,34.57,0,2.656,0,93.8,0,6.97,0,6.71,2.31,7.97,0,-83,5.83,19.904,0,7.73,0,1.187,1.24,0,5.08
3/31/2026,20:00, ,gtmfmwq_15E101700_032726_050000.bin,Fort Matanzas,GTMNERR,0,52.396,0,34.57,0,2.677,0,98.3,0,7.29,0,6.47,2.23,8,0,-84.4,5.83,19.963,0,11.81,0,1.195,1.22,0,4.97
3/31/2026,20:15, ,gtmfmwq_15E101700_032726_050000.bin,Fort Matanzas,GTMNERR,0,52.387,0,34.57,0,2.691,0,103.2,0,7.65,0,6.69,2.31,8.02,0,-85.7,5.84,20.015,0,10.28,0,1.192,1.59,0,6.47
3/31/2026,20:30, ,gtmfmwq_15E101700_032726_050000.bin,Fort Matanzas,GTMNERR,0,52.33,0,34.52,0,2.693,0,105.5,0,7.78,0,8.01,2.75,7.99,0,-84.3,5.84,20.329,0,12.85,0,1.204,2.15,0,8.69
3/31/2026,20:45, ,gtmfmwq_15E101700_032726_050000.bin,Fort Matanzas,GTMNERR,0,52.293,0,34.49,0,2.681,0,105.7,0,7.76,0,8.74,3,7.98,0,-83.8,5.83,20.575,0,10.89,0,1.201,2.49,0,10.09
3/31/2026,21:00, ,gtmfmwq_15E101700_032726_050000.bin,Fort Matanzas,GTMNERR,0,52.271,0,34.48,0,2.659,0,105.1,0,7.69,0,9.08,3.12,7.97,0,-82.9,5.83,20.759,0,13.21,0,1.197,1.99,0,8.08
3/31/2026,21:15, ,gtmfmwq_15E101700_032726_050000.bin,Fort Matanzas,GTMNERR,0,52.325,0,34.51,0,2.618,0,103,0,7.52,0,9.09,3.12,7.95,0,-81.7,5.84,20.887,0,14.52,0,1.205,1.93,0,7.84
3/31/2026,21:30, ,gtmfmwq_15E101700_032726_050000.bin,Fort Matanzas,GTMNERR,0,52.328,0,34.52,0,2.574,0,101.9,0,7.41,0,9.44,3.24,7.93,0,-80.9,5.83,21.091,0,14.04,0,1.199,1.97,0,8
3/31/2026,21:45, ,gtmfmwq_15E101700_032726_050000.bin,Fort Matanzas,GTMNERR,0,52.349,0,34.53,0,2.523,0,100.5,0,7.26,0,10.05,3.44,7.91,0,-79.5,5.83,21.421,0,14.65,0,1.188,1.98,0,8.02
3/31/2026,22:00, ,gtmfmwq_15E101700_032726_050000.bin,Fort Matanzas,GTMNERR,0,52.34,0,34.52,0,2.474,0,99.2,0,7.13,0,10.63,3.64,7.89,0,-78.5,5.84,21.749,0,15.68,0,1.193,1.73,0,7.02
3/31/2026,22:15, ,gtmfmwq_15E101700_032726_050000.bin,Fort Matanzas,GTMNERR,0,52.331,0,34.51,0,2.418,0,99.3,0,7.12,0,11.1,3.8,7.89,0,-78.3,5.83,21.888,0,14.48,0,1.205,1.8,0,7.32
3/31/2026,22:30, ,gtmfmwq_15E101700_032726_050000.bin,Fort Matanzas,GTMNERR,0,52.35,0,34.52,0,2.368,0,99.6,0,7.13,0,11.47,3.92,7.88,0,-78,5.83,21.994,0,13.87,0,1.201,1.77,0,7.2
3/31/2026,22:45, ,gtmfmwq_15E101700_032726_050000.bin,Fort Matanzas,GTMNERR,0,52.331,0,34.51,0,2.317,0,95.5,0,6.84,0,11.84,4.04,7.87,0,-77.2,5.84,21.973,0,11.23,0,1.199,1.21,0,4.95
3/31/2026,23:00, ,gtmfmwq_15E101700_032726_050000.bin,Fort Matanzas,GTMNERR,0,52.33,0,34.51,0,2.263,0,99,0,7.09,0,11.78,4.02,7.88,0,-78,5.84,21.931,0,11.73,0,1.2,1.69,0,6.86
3/31/2026,23:15, ,gtmfmwq_15E101700_032726_050000.bin,Fort Matanzas,GTMNERR,0,52.324,0,34.51,0,2.212,0,95.7,0,6.87,0,11.58,3.96,7.88,0,-77.6,5.83,21.847,0,12.27,0,1.19,1.42,0,5.79
3/31/2026,23:30, ,gtmfmwq_15E101700_032726_050000.bin,Fort Matanzas,GTMNERR,0,52.269,0,34.47,0,2.16,0,94.2,0,6.8,0,11.09,3.79,7.89,0,-78.1,5.83,21.513,0,9.5,0,1.197,1.12,0,4.6
3/31/2026,23:45, ,gtmfmwq_15E101700_032726_050000.bin,Fort Matanzas,GTMNERR,0,52.294,0,34.49,0,2.106,0,94.7,0,6.94,0,9.61,3.29,7.91,0,-79.5,5.84,20.656,0,8.32,0,1.192,1.2,0,4.9
4/1/2026,00:00, ,gtmfmwq_15E101700_032726_050000.bin,Fort Matanzas,GTMNERR,0,52.328,0,34.51,0,2.055,0,91.8,0,6.65,0,10.95,3.74,7.88,0,-77.5,5.83,21.295,0,9.17,0,1.187,0.8,0,3.28
4/1/2026,00:15, ,gtmfmwq_15E101700_032726_050000.bin,Fort Matanzas,GTMNERR,0,52.328,0,34.51,0,2.004,0,78.2,0,5.65,0,11.26,3.85,7.81,0,-73.6,5.83,21.413,0,5.97,0,1.201,0.39,0,1.66
4/1/2026,00:30, ,gtmfmwq_15E101700_032726_050000.bin,Fort Matanzas,GTMNERR,0,52.329,0,34.51,0,1.952,0,95.2,0,6.87,0,11.55,3.95,7.88,0,-77.9,5.83,21.537,0,6.79,0,1.194,1.1,0,4.49
4/1/2026,00:45, ,gtmfmwq_15E101700_032726_050000.bin,Fort Matanzas,GTMNERR,0,52.31,0,34.5,0,1.902,0,96.3,0,6.96,0,11.44,3.91,7.89,0,-78.3,5.83,21.467,0,5.57,0,1.199,1.24,0,5.06
4/1/2026,01:00, ,gtmfmwq_15E101700_032726_050000.bin,Fort Matanzas,GTMNERR,0,52.325,0,34.51,0,1.85,0,96.3,0,6.94,0,11.65,3.98,7.89,0,-78.1,5.83,21.6,0,6.28,0,1.203,1.3,0,5.32
4/1/2026,01:15, ,gtmfmwq_15E101700_032726_050000.bin,Fort Matanzas,GTMNERR,0,52.313,0,34.5,0,1.8,0,96.9,0,6.99,0,11.61,3.97,7.89,0,-78.5,5.83,21.534,0,5.76,0,1.195,1.29,0,5.27
4/1/2026,01:30, ,gtmfmwq_15E101700_032726_050000.bin,Fort Matanzas,GTMNERR,0,52.346,0,34.53,0,1.747,0,94.4,0,6.83,0,11.57,3.95,7.89,0,-78.4,5.83,21.38,0,6.21,0,1.199,1.15,0,4.68
4/1/2026,01:45, ,gtmfmwq_15E101700_032726_050000.bin,Fort Matanzas,GTMNERR,0,52.361,0,34.54,0,1.697,0,92.5,0,6.7,0,11.41,3.9,7.89,0,-78.3,5.82,21.294,0,6.59,0,1.189,1.22,0,4.98
4/1/2026,02:00, ,gtmfmwq_15E101700_032726_050000.bin,Fort Matanzas,GTMNERR,0,52.372,0,34.55,0,1.649,0,89.5,0,6.5,0,11.73,4.01,7.88,0,-77.7,5.83,21.133,0,7.02,0,1.193,1.04,0,4.26
4/1/2026,02:15, ,gtmfmwq_15E101700_032726_050000.bin,Fort Matanzas,GTMNERR,0,52.366,0,34.54,0,1.602,0,90.6,0,6.59,0,11.24,3.84,7.89,0,-78.4,5.83,21.07,0,7.34,0,1.194,1.09,0,4.45
4/1/2026,02:30, ,gtmfmwq_15E101700_032726_050000.bin,Fort Matanzas,GTMNERR,0,52.36,0,34.54,0,1.557,0,92.3,0,6.72,0,10.39,3.55,7.9,0,-79,5.82,21.005,0,9.56,0,1.197,1.1,0,4.5
4/1/2026,02:45, ,gtmfmwq_15E101700_032726_050000.bin,Fort Matanzas,GTMNERR,0,52.362,0,34.54,0,1.52,0,92.5,0,6.74,0,10.39,3.56,7.9,0,-79.1,5.82,20.988,0,9.37,0,1.204,1.27,0,5.18
4/1/2026,03:00, ,gtmfmwq_15E101700_032726_050000.bin,Fort Matanzas,GTMNERR,0,52.378,0,34.55,0,1.489,0,91.5,0,6.68,0,10.25,3.51,7.9,0,-79,5.83,20.887,0,11.36,0,1.195,1.18,0,4.83
4/1/2026,03:15, ,gtmfmwq_15E101700_032726_050000.bin,Fort Matanzas,GTMNERR,0,52.412,0,34.58,0,1.473,0,92.8,0,6.84,0,8.48,2.91,7.95,0,-81.6,5.82,20.312,0,22.96,0,1.187,1.55,0,6.31
4/1/2026,03:30, ,gtmfmwq_15E101700_032726_050000.bin,Fort Matanzas,GTMNERR,0,52.404,0,34.58,0,1.474,0,95.2,0,7.04,0,8.52,2.93,7.97,0,-82.7,5.82,20.144,0,12.93,0,1.201,1.25,0,5.11
4/1/2026,03:45, ,gtmfmwq_15E101700_032726_050000.bin,Fort Matanzas,GTMNERR,0,52.383,0,34.56,0,1.5,0,97,0,7.17,0,8.61,2.95,7.98,0,-83.3,5.83,20.156,0,13.2,0,1.203,1.4,0,5.69
4/1/2026,04:00, ,gtmfmwq_15E101700_032726_050000.bin,Fort Matanzas,GTMNERR,0,52.377,0,34.56,0,1.543,0,98.2,0,7.27,0,8.24,2.83,7.99,0,-83.8,5.82,20.129,0,11.73,0,1.205,1.35,0,5.49
4/1/2026,04:15, ,gtmfmwq_15E101700_032726_050000.bin,Fort Matanzas,GTMNERR,0,52.33,0,34.52,0,1.588,0,98.7,0,7.28,0,8.36,2.87,7.98,0,-83.7,5.82,20.299,0,12.98,0,1.198,1.53,0,6.21
4/1/2026,04:30, ,gtmfmwq_15E101700_032726_050000.bin,Fort Matanzas,GTMNERR,0,52.271,0,34.48,0,1.649,0,98.1,0,7.21,0,9.04,3.1,7.97,0,-82.9,5.82,20.506,0,15.71,0,1.2,1.65,0,6.71
4/1/2026,04:45, ,gtmfmwq_15E101700_032726_050000.bin,Fort Matanzas,GTMNERR,0,52.275,0,34.48,0,1.714,0,97.8,0,7.2,0,8.8,3.02,7.97,0,-83.1,5.83,20.383,0,13.12,0,1.204,1.49,0,6.07
4/1/2026,05:00, ,gtmfmwq_15E101700_032726_050000.bin,Fort Matanzas,GTMNERR,0,52.336,0,34.53,0,1.789,0,98.4,0,7.28,0,8.03,2.76,7.99,0,-84,5.82,20.162,0,12.65,0,1.197,1.5,0,6.09
4/1/2026,05:15, ,gtmfmwq_15E101700_032726_050000.bin,Fort Matanzas,GTMNERR,0,52.309,0,34.51,0,1.864,0,97.9,0,7.22,0,8.52,2.93,7.98,0,-83.4,5.82,20.317,0,12.59,0,1.205,1.51,0,6.14
4/1/2026,05:30, ,gtmfmwq_15E101700_032726_050000.bin,Fort Matanzas,GTMNERR,0,52.334,0,34.53,0,1.938,0,98.1,0,7.25,0,8.44,2.9,7.98,0,-83.6,5.83,20.207,0,10.3,0,1.205,1.27,0,5.17
4/1/2026,05:45, ,gtmfmwq_15E101700_032726_050000.bin,Fort Matanzas,GTMNERR,0,52.351,0,34.54,0,2.008,0,98.1,0,7.26,0,8.08,2.78,7.99,0,-83.9,5.82,20.109,0,9.1,0,1.198,1.19,0,4.84
4/1/2026,06:00, ,gtmfmwq_15E101700_032726_050000.bin,Fort Matanzas,GTMNERR,0,52.368,0,34.55,0,2.085,0,98.5,0,7.3,0,7.63,2.62,8,0,-84.3,5.82,19.987,0,9.42,0,1.192,1.3,0,5.3
4/1/2026,06:15, ,gtmfmwq_15E101700_032726_050000.bin,Fort Matanzas,GTMNERR,0,52.39,0,34.57,0,2.161,0,98.5,0,7.33,0,7.15,2.46,8,0,-84.6,5.82,19.833,0,9.25,0,1.188,1.24,0,5.06
4/1/2026,06:30, ,gtmfmwq_15E101700_032726_050000.bin,Fort Matanzas,GTMNERR,0,52.393,0,34.57,0,2.235,0,98.2,0,7.33,0,6.91,2.38,8,0,-84.6,5.81,19.615,0,9.08,0,1.193,1.29,0,5.28
4/1/2026,06:45, ,gtmfmwq_15E101700_032726_050000.bin,Fort Matanzas,GTMNERR,0,52.404,0,34.58,0,2.306,0,97.6,0,7.31,0,6.81,2.35,8,0,-84.4,5.82,19.452,0,8.51,0,1.195,1.35,0,5.5
4/1/2026,07:00, ,gtmfmwq_15E101700_032726_050000.bin,Fort Matanzas,GTMNERR,0,52.423,0,34.59,0,2.374,0,93.7,0,7.03,0,6.62,2.29,7.99,0,-83.7,5.82,19.341,0,8.34,0,1.203,1.2,0,4.9
4/1/2026,07:15, ,gtmfmwq_15E101700_032726_050000.bin,Fort Matanzas,GTMNERR,0,52.423,0,34.59,0,2.438,0,86.1,0,6.47,0,6.4,2.21,7.95,0,-81.7,5.82,19.336,0,11.21,0,1.205,0.87,0,3.56
4/1/2026,07:30, ,gtmfmwq_15E101700_032726_050000.bin,Fort Matanzas,GTMNERR,0,52.418,0,34.59,0,2.496,0,91.4,0,6.86,0,6.63,2.29,7.99,0,-84.1,5.81,19.339,0,8.37,0,1.2,1.31,0,5.35
4/1/2026,07:45, ,gtmfmwq_15E101700_032726_050000.bin,Fort Matanzas,GTMNERR,0,52.411,0,34.58,0,2.542,0,84,0,6.31,0,7.01,2.42,7.95,0,-81.4,5.81,19.321,0,8.18,0,1.193,1.25,0,5.11
4/1/2026,08:00, ,gtmfmwq_15E101700_032726_050000.bin,Fort Matanzas,GTMNERR,0,52.424,0,34.59,0,2.578,0,87,0,6.53,0,6.67,2.3,7.96,0,-82,5.82,19.285,0,6.72,0,1.188,0.83,0,3.42
4/1/2026,08:15, ,gtmfmwq_15E101700_032726_050000.bin,Fort Matanzas,GTMNERR,0,52.425,0,34.6,0,2.607,0,95,0,7.13,0,6.78,2.34,8,0,-84.5,5.81,19.337,0,9.14,0,1.188,1.19,0,4.86
4/1/2026,08:30, ,gtmfmwq_15E101700_032726_050000.bin,Fort Matanzas,GTMNERR,0,52.378,0,34.56,0,2.628,0,98,0,7.3,0,7.76,2.67,8,0,-84.3,5.81,19.782,0,7.56,0,1.195,1.12,0,4.6
4/1/2026,08:45, ,gtmfmwq_15E101700_032726_050000.bin,Fort Matanzas,GTMNERR,0,52.316,0,34.51,0,2.637,0,96.7,0,7.14,0,8.63,2.96,7.97,0,-83,5.82,20.239,0,9.89,0,1.202,1.08,0,4.4
4/1/2026,09:00, ,gtmfmwq_15E101700_032726_050000.bin,Fort Matanzas,GTMNERR,0,52.286,0,34.49,0,2.636,0,94.8,0,6.98,0,9.11,3.13,7.97,0,-82.6,5.81,20.407,0,7.39,0,1.194,1.11,0,4.55
4/1/2026,09:15, ,gtmfmwq_15E101700_032726_050000.bin,Fort Matanzas,GTMNERR,0,52.274,0,34.48,0,2.615,0,94.7,0,6.96,0,9.43,3.23,7.96,0,-82.1,5.81,20.5,0,8.2,0,1.196,1.04,0,4.24
4/1/2026,09:30, ,gtmfmwq_15E101700_032726_050000.bin,Fort Matanzas,GTMNERR,0,52.343,0,34.53,0,2.578,0,92.3,0,6.78,0,9.36,3.21,7.94,0,-81.3,5.81,20.537,0,10.13,0,1.195,1.14,0,4.66
4/1/2026,09:45, ,gtmfmwq_15E101700_032726_050000.bin,Fort Matanzas,GTMNERR,0,52.328,0,34.52,0,2.534,0,91.5,0,6.7,0,9.9,3.39,7.93,0,-80.5,5.82,20.744,0,11.15,0,1.205,1.08,0,4.43
4/1/2026,10:00, ,gtmfmwq_15E101700_032726_050000.bin,Fort Matanzas,GTMNERR,0,52.349,0,34.53,0,2.496,0,89.9,0,6.54,0,10.77,3.68,7.9,0,-78.6,5.81,21.057,0,11.29,0,1.194,1.06,0,4.32
4/1/2026,10:15, ,gtmfmwq_15E101700_032726_050000.bin,Fort Matanzas,GTMNERR,0,52.347,0,34.53,0,2.443,0,89.9,0,6.51,0,11.78,4.03,7.87,0,-77.4,5.82,21.31,0,12.72,0,1.195,1.03,0,4.2
4/1/2026,10:30, ,gtmfmwq_15E101700_032726_050000.bin,Fort Matanzas,GTMNERR,0,52.349,0,34.53,0,2.394,0,88,0,6.36,0,11.84,4.05,7.86,0,-76.5,5.82,21.471,0,10.85,0,1.195,0.9,0,3.69
4/1/2026,10:45, ,gtmfmwq_15E101700_032726_050000.bin,Fort Matanzas,GTMNERR,0,52.334,0,34.52,0,2.342,0,89.3,0,6.44,0,11.95,4.08,7.86,0,-76.5,5.81,21.545,0,9.99,0,1.189,0.99,0,4.06
4/1/2026,11:00, ,gtmfmwq_15E101700_032726_050000.bin,Fort Matanzas,GTMNERR,0,52.331,0,34.51,0,2.284,0,89.3,0,6.44,0,12.08,4.13,7.85,0,-76.2,5.81,21.62,0,10.11,0,1.204,0.98,0,4.01
4/1/2026,11:15, ,gtmfmwq_15E101700_032726_050000.bin,Fort Matanzas,GTMNERR,0,52.333,0,34.51,0,2.231,0,84.9,0,6.11,0,12.65,4.32,7.83,0,-74.5,5.82,21.69,0,8.05,0,1.198,0.72,0,2.96
4/1/2026,11:30, ,gtmfmwq_15E101700_032726_050000.bin,Fort Matanzas,GTMNERR,0,52.333,0,34.51,0,2.182,0,88.2,0,6.35,0,12.24,4.18,7.85,0,-75.9,5.81,21.702,0,8.6,0,1.198,0.88,0,3.6
4/1/2026,11:45, ,gtmfmwq_15E101700_032726_050000.bin,Fort Matanzas,GTMNERR,0,52.332,0,34.51,0,2.135,0,87.1,0,6.26,0,12.04,4.11,7.85,0,-75.8,5.81,21.748,0,6.33,0,1.2,0.72,0,2.98
4/1/2026,12:00, ,gtmfmwq_15E101700_032726_050000.bin,Fort Matanzas,GTMNERR,0,52.365,0,34.54,0,2.083,0,101.9,0,7.3,0,8.37,2.87,7.94,0,-81.1,5.82,21.867,0,9.32,0,1.188,0.67,0,2.78
4/1/2026,12:15, ,gtmfmwq_15E101700_032726_050000.bin,Fort Matanzas,GTMNERR,0,52.362,0,34.53,0,2.032,0,95,0,6.81,0,9.08,3.11,7.91,0,-79.5,5.81,21.852,0,5.9,0,1.199,0.66,0,2.72
4/1/2026,12:30, ,gtmfmwq_15E101700_032726_050000.bin,Fort Matanzas,GTMNERR,0,52.336,0,34.51,0,1.982,0,86.2,0,6.19,0,12.08,4.12,7.83,0,-74.9,5.81,21.762,0,5.49,0,1.199,0.73,0,3
4/1/2026,12:45, ,gtmfmwq_15E101700_032726_050000.bin,Fort Matanzas,GTMNERR,0,52.341,0,34.52,0,1.93,0,92.3,0,6.62,0,11.32,3.87,7.87,0,-77,5.82,21.877,0,6.55,0,1.198,0.75,0,3.08
4/1/2026,13:00, ,gtmfmwq_15E101700_032726_050000.bin,Fort Matanzas,GTMNERR,0,52.335,0,34.51,0,1.877,0,90.3,0,6.49,0,12.04,4.11,7.86,0,-76.4,5.81,21.764,0,5.36,0,1.196,0.85,0,3.49
4/1/2026,13:15, ,gtmfmwq_15E101700_032726_050000.bin,Fort Matanzas,GTMNERR,0,52.329,0,34.51,0,1.824,0,91.4,0,6.57,0,11.93,4.07,7.86,0,-76.7,5.81,21.786,0,6.56,0,1.202,0.88,0,3.63
4/1/2026,13:30, ,gtmfmwq_15E101700_032726_050000.bin,Fort Matanzas,GTMNERR,0,52.338,0,34.52,0,1.773,0,91.9,0,6.61,0,11.63,3.97,7.87,0,-77.2,5.81,21.731,0,6.35,0,1.206,0.87,0,3.56
4/1/2026,13:45, ,gtmfmwq_15E101700_032726_050000.bin,Fort Matanzas,GTMNERR,0,52.358,0,34.53,0,1.722,0,95,0,6.79,0,10.54,3.61,7.88,0,-78,5.81,22.016,0,9.75,0,1.2,0.86,0,3.52
4/1/2026,14:00, ,gtmfmwq_15E101700_032726_050000.bin,Fort Matanzas,GTMNERR,0,52.366,0,34.53,0,1.674,0,96.5,0,6.89,0,10.44,3.57,7.89,0,-78.2,5.81,22.132,0,8.33,0,1.195,0.83,0,3.42
4/1/2026,14:15, ,gtmfmwq_15E101700_032726_050000.bin,Fort Matanzas,GTMNERR,0,52.362,0,34.53,0,1.625,0,97.1,0,6.9,0,10.93,3.74,7.87,0,-77.5,5.81,22.438,0,7.1,0,1.188,0.89,0,3.64
4/1/2026,14:30, ,gtmfmwq_15E101700_032726_050000.bin,Fort Matanzas,GTMNERR,0,52.376,0,34.53,0,1.578,0,98.9,0,7,0,10.57,3.62,7.88,0,-78,5.81,22.58,0,7.44,0,1.191,0.98,0,4.01
4/1/2026,14:45, ,gtmfmwq_15E101700_032726_050000.bin,Fort Matanzas,GTMNERR,0,52.416,0,34.56,0,1.538,0,99.9,0,7.07,0,10.06,3.44,7.89,0,-78.5,5.8,22.607,0,8.04,0,1.207,0.93,0,3.8
4/1/2026,15:00, ,gtmfmwq_15E101700_032726_050000.bin,Fort Matanzas,GTMNERR,0,52.427,0,34.58,0,1.504,0,99.1,0,7.05,0,9.89,3.39,7.9,0,-78.8,5.8,22.335,0,8.09,0,1.194,0.92,0,3.76
4/1/2026,15:15, ,gtmfmwq_15E101700_032726_050000.bin,Fort Matanzas,GTMNERR,0,52.397,0,34.56,0,1.484,0,99.6,0,7.1,0,9.74,3.34,7.9,0,-79.2,5.81,22.207,0,7.79,0,1.192,0.99,0,4.08
4/1/2026,15:30, ,gtmfmwq_15E101700_032726_050000.bin,Fort Matanzas,GTMNERR,0,52.404,0,34.57,0,1.476,0,104.9,0,7.63,0,7.33,2.52,7.96,0,-82.6,5.8,21.034,0,24.5,0,1.206,1.92,0,7.8
4/1/2026,15:45, ,gtmfmwq_15E101700_032726_050000.bin,Fort Matanzas,GTMNERR,0,52.395,0,34.57,0,1.489,0,105.9,0,7.74,0,7.17,2.47,7.98,0,-83.4,5.81,20.807,0,18.38,0,1.205,1.94,0,7.87
4/1/2026,16:00, ,gtmfmwq_15E101700_032726_050000.bin,Fort Matanzas,GTMNERR,0,52.355,0,34.54,0,1.515,0,106.6,0,7.8,0,7.46,2.57,7.98,0,-83.5,5.81,20.761,0,16.36,0,1.207,2.05,0,8.29
4/1/2026,16:15, ,gtmfmwq_15E101700_032726_050000.bin,Fort Matanzas,GTMNERR,0,52.352,0,34.54,0,1.556,0,107.2,0,7.85,0,7.44,2.56,7.98,0,-83.8,5.8,20.684,0,13.81,0,1.198,1.96,0,7.93
4/1/2026,16:30, ,gtmfmwq_15E101700_032726_050000.bin,Fort Matanzas,GTMNERR,0,52.293,0,34.49,0,1.603,0,107,0,7.81,0,7.99,2.75,7.97,0,-83.2,5.8,20.915,0,18.87,0,1.191,2.27,0,9.18
4/1/2026,16:45, ,gtmfmwq_15E101700_032726_050000.bin,Fort Matanzas,GTMNERR,0,52.252,0,34.46,0,1.657,0,107.9,0,7.82,0,8.51,2.92,7.97,0,-82.9,5.8,21.295,0,20.04,0,1.199,2.17,0,8.79
4/1/2026,17:00, ,gtmfmwq_15E101700_032726_050000.bin,Fort Matanzas,GTMNERR,0,52.302,0,34.5,0,1.722,0,108.4,0,7.89,0,7.92,2.72,7.98,0,-83.8,5.81,21.032,0,14.67,0,1.204,2.02,0,8.2
4/1/2026,17:15, ,gtmfmwq_15E101700_032726_050000.bin,Fort Matanzas,GTMNERR,0,52.29,0,34.49,0,1.792,0,107.6,0,7.84,0,8.11,2.79,7.98,0,-83.4,5.8,21.016,0,17.25,0,1.193,2.09,0,8.48
4/1/2026,17:30, ,gtmfmwq_15E101700_032726_050000.bin,Fort Matanzas,GTMNERR,0,52.301,0,34.5,0,1.869,0,107.4,0,7.85,0,7.94,2.73,7.98,0,-83.6,5.8,20.83,0,14.1,0,1.196,2,0,8.09
4/1/2026,17:45, ,gtmfmwq_15E101700_032726_050000.bin,Fort Matanzas,GTMNERR,0,52.321,0,34.51,0,1.947,0,106.9,0,7.82,0,7.78,2.68,7.98,0,-83.7,5.8,20.745,0,13.9,0,1.199,2.17,0,8.77
4/1/2026,18:00, ,gtmfmwq_15E101700_032726_050000.bin,Fort Matanzas,GTMNERR,0,52.347,0,34.53,0,2.018,0,107,0,7.85,0,7.49,2.58,7.99,0,-84.1,5.8,20.594,0,12.53,0,1.195,1.94,0,7.87
4/1/2026,18:15, ,gtmfmwq_15E101700_032726_050000.bin,Fort Matanzas,GTMNERR,0,52.418,0,34.59,0,2.094,0,106.8,0,7.85,0,7.37,2.54,8,0,-84.7,5.8,20.499,0,12.67,0,1.19,1.91,0,7.74
4/1/2026,18:30, ,gtmfmwq_15E101700_032726_050000.bin,Fort Matanzas,GTMNERR,0,52.433,0,34.6,0,2.173,0,106,0,7.78,0,6.33,2.19,8,0,-84.9,5.8,20.518,0,13.07,0,1.195,1.81,0,7.34
4/1/2026,18:45, ,gtmfmwq_15E101700_032726_050000.bin,Fort Matanzas,GTMNERR,0,52.448,0,34.61,0,2.253,0,104.5,0,7.66,0,6.15,2.13,8,0,-84.9,5.79,20.6,0,11.64,0,1.194,1.92,0,7.78
4/1/2026,19:00, ,gtmfmwq_15E101700_032726_050000.bin,Fort Matanzas,GTMNERR,0,52.456,0,34.61,0,2.329,0,103.2,0,7.57,0,6.35,2.19,8,0,-84.7,5.8,20.597,0,11.31,0,1.188,1.59,0,6.48
4/1/2026,19:15, ,gtmfmwq_15E101700_032726_050000.bin,Fort Matanzas,GTMNERR,0,52.462,0,34.62,0,2.406,0,101.7,0,7.46,0,6.35,2.2,8,0,-84.4,5.8,20.573,0,6.78,0,1.203,1.36,0,5.55
4/1/2026,19:30, ,gtmfmwq_15E101700_032726_050000.bin,Fort Matanzas,GTMNERR,0,52.466,0,34.62,0,2.474,0,99,0,7.26,0,6.21,2.15,7.98,0,-83.6,5.79,20.575,0,7.74,0,1.206,1.13,0,4.64
4/1/2026,19:45, ,gtmfmwq_15E101700_032726_050000.bin,Fort Matanzas,GTMNERR,0,52.465,0,34.62,0,2.536,0,78.5,0,5.76,0,6.55,2.26,7.91,0,-79.3,5.8,20.586,0,9.77,0,1.187,0.72,0,2.98
4/1/2026,20:00, ,gtmfmwq_15E101700_032726_050000.bin,Fort Matanzas,GTMNERR,0,52.482,0,34.63,0,2.591,0,73.3,0,5.36,0,6.45,2.23,7.87,0,-77.3,5.8,20.71,0,5.98,0,1.188,0.66,0,2.73
4/1/2026,20:15, ,gtmfmwq_15E101700_032726_050000.bin,Fort Matanzas,GTMNERR,0,52.473,0,34.63,0,2.631,0,91.8,0,6.72,0,6.12,2.12,7.97,0,-82.8,5.8,20.73,0,6.96,0,1.191,1.24,0,5.04
4/1/2026,20:30, ,gtmfmwq_15E101700_032726_050000.bin,Fort Matanzas,GTMNERR,0,52.461,0,34.62,0,2.661,0,95.2,0,6.98,0,6.36,2.2,7.97,0,-82.9,5.79,20.595,0,6.8,0,1.196,0.81,0,3.32
4/1/2026,20:45, ,gtmfmwq_15E101700_032726_050000.bin,Fort Matanzas,GTMNERR,0,52.46,0,34.62,0,2.684,0,97.6,0,7.16,0,6.29,2.17,7.99,0,-84.1,5.8,20.61,0,8.32,0,1.191,1.21,0,4.95
4/1/2026,21:00, ,gtmfmwq_15E101700_032726_050000.bin,Fort Matanzas,GTMNERR,0,52.452,0,34.61,0,2.702,0,99.9,0,7.31,0,6.56,2.26,8,0,-84.4,5.8,20.664,0,9.77,0,1.195,1.21,0,4.93
4/1/2026,21:15, ,gtmfmwq_15E101700_032726_050000.bin,Fort Matanzas,GTMNERR,0,52.33,0,34.52,0,2.702,0,100.5,0,7.34,0,8.05,2.77,7.97,0,-82.9,5.79,20.811,0,8.58,0,1.198,1.56,0,6.33
4/1/2026,21:30, ,gtmfmwq_15E101700_032726_050000.bin,Fort Matanzas,GTMNERR,0,52.291,0,34.49,0,2.688,0,102.6,0,7.48,0,8.68,2.98,7.96,0,-82.6,5.79,20.995,0,8.58,0,1.198,1.66,0,6.74
4/1/2026,21:45, ,gtmfmwq_15E101700_032726_050000.bin,Fort Matanzas,GTMNERR,0,52.319,0,34.51,0,2.655,0,102.9,0,7.47,0,8.74,3,7.95,0,-82.1,5.8,21.17,0,10.44,0,1.19,1.82,0,7.37
4/1/2026,22:00, ,gtmfmwq_15E101700_032726_050000.bin,Fort Matanzas,GTMNERR,0,52.366,0,34.54,0,2.611,0,101,0,7.27,0,9.17,3.15,7.93,0,-80.7,5.79,21.642,0,12.08,0,1.191,1.94,0,7.87
4/1/2026,22:15, ,gtmfmwq_15E101700_032726_050000.bin,Fort Matanzas,GTMNERR,0,52.371,0,34.54,0,2.572,0,98.9,0,7.07,0,9.97,3.42,7.91,0,-79.5,5.79,22.047,0,13.49,0,1.198,1.78,0,7.22
4/1/2026,22:30, ,gtmfmwq_15E101700_032726_050000.bin,Fort Matanzas,GTMNERR,0,52.381,0,34.54,0,2.533,0,97.5,0,6.92,0,10.33,3.54,7.89,0,-78.5,5.8,22.429,0,16.55,0,1.203,1.73,0,7.04
4/1/2026,22:45, ,gtmfmwq_15E101700_032726_050000.bin,Fort Matanzas,GTMNERR,0,52.395,0,34.55,0,2.478,0,95.9,0,6.77,0,11.32,3.87,7.87,0,-77.6,5.8,22.759,0,18.18,0,1.197,1.7,0,6.89
4/1/2026,23:00, ,gtmfmwq_15E101700_032726_050000.bin,Fort Matanzas,GTMNERR,0,52.393,0,34.54,0,2.421,0,95,0,6.69,0,11.67,3.99,7.86,0,-76.9,5.79,22.933,0,14.09,0,1.187,1.53,0,6.21
4/1/2026,23:15, ,gtmfmwq_15E101700_032726_050000.bin,Fort Matanzas,GTMNERR,0,52.397,0,34.54,0,2.365,0,93,0,6.54,0,12.18,4.16,7.85,0,-76.4,5.8,22.981,0,13.84,0,1.204,1.39,0,5.65
4/1/2026,23:30, ,gtmfmwq_15E101700_032726_050000.bin,Fort Matanzas,GTMNERR,0,52.396,0,34.54,0,2.306,0,93.9,0,6.61,0,12.08,4.13,7.85,0,-76.3,5.8,22.931,0,12.86,0,1.196,1.43,0,5.8
4/1/2026,23:45, ,gtmfmwq_15E101700_032726_050000.bin,Fort Matanzas,GTMNERR,0,52.387,0,34.54,0,2.254,0,94.1,0,6.62,0,12.33,4.21,7.86,0,-76.6,5.79,22.984,0,12.11,0,1.193,1.64,0,6.65
4/2/2026,00:00, ,gtmfmwq_15E101700_032726_050000.bin,Fort Matanzas,GTMNERR,0,52.412,0,34.56,0,2.201,0,95.1,0,6.73,0,11.98,4.09,7.86,0,-77,5.79,22.623,0,10.73,0,1.198,1.38,0,5.63
4/2/2026,00:15, ,gtmfmwq_15E101700_032726_050000.bin,Fort Matanzas,GTMNERR,0,52.375,0,34.53,0,2.153,0,88,0,6.24,0,12.46,4.25,7.84,0,-75.5,5.8,22.489,0,9.54,0,1.203,1.03,0,4.21
4/2/2026,00:30, ,gtmfmwq_15E101700_032726_050000.bin,Fort Matanzas,GTMNERR,0,52.329,0,34.51,0,2.101,0,91.1,0,6.55,0,10.48,3.59,7.88,0,-77.7,5.79,21.739,0,9.47,0,1.19,1.3,0,5.29
4/2/2026,00:45, ,gtmfmwq_15E101700_032726_050000.bin,Fort Matanzas,GTMNERR,0,52.416,0,34.57,0,2.049,0,79.2,0,5.69,0,10.88,3.72,7.83,0,-74.7,5.79,21.77,0,6.33,0,1.188,0.67,0,2.77
4/2/2026,01:00, ,gtmfmwq_15E101700_032726_050000.bin,Fort Matanzas,GTMNERR,0,52.37,0,34.54,0,1.996,0,87.3,0,6.25,0,11.36,3.88,7.85,0,-76.1,5.79,21.974,0,4.19,0,1.207,0.87,0,3.59
4/2/2026,01:15, ,gtmfmwq_15E101700_032726_050000.bin,Fort Matanzas,GTMNERR,0,52.37,0,34.53,0,1.945,0,90.3,0,6.43,0,11.94,4.08,7.86,0,-76.4,5.79,22.271,0,5.64,0,1.197,1.03,0,4.22
4/2/2026,01:30, ,gtmfmwq_15E101700_032726_050000.bin,Fort Matanzas,GTMNERR,0,52.375,0,34.54,0,1.892,0,90.8,0,6.47,0,11.96,4.08,7.86,0,-76.7,5.79,22.256,0,6.48,0,1.188,1.22,0,4.99
4/2/2026,01:45, ,gtmfmwq_15E101700_032726_050000.bin,Fort Matanzas,GTMNERR,0,52.379,0,34.54,0,1.842,0,91.8,0,6.53,0,12.11,4.14,7.86,0,-77,5.79,22.325,0,5.56,0,1.206,1.11,0,4.52
4/2/2026,02:00, ,gtmfmwq_15E101700_032726_050000.bin,Fort Matanzas,GTMNERR,0,52.368,0,34.53,0,1.791,0,92.7,0,6.6,0,11.76,4.02,7.87,0,-77.2,5.8,22.296,0,5.73,0,1.2,1.21,0,4.93
4/2/2026,02:15, ,gtmfmwq_15E101700_032726_050000.bin,Fort Matanzas,GTMNERR,0,52.363,0,34.53,0,1.74,0,92.6,0,6.6,0,11.76,4.02,7.87,0,-77.4,5.79,22.159,0,5.7,0,1.194,1.04,0,4.25
4/2/2026,02:30, ,gtmfmwq_15E101700_032726_050000.bin,Fort Matanzas,GTMNERR,0,52.389,0,34.55,0,1.689,0,90.7,0,6.48,0,11.63,3.97,7.87,0,-77.3,5.79,22.074,0,5.59,0,1.203,1.1,0,4.51
4/2/2026,02:45, ,gtmfmwq_15E101700_032726_050000.bin,Fort Matanzas,GTMNERR,0,52.418,0,34.58,0,1.64,0,87.4,0,6.27,0,11.4,3.9,7.87,0,-77,5.8,21.827,0,8.01,0,1.2,1.1,0,4.49
4/2/2026,03:00, ,gtmfmwq_15E101700_032726_050000.bin,Fort Matanzas,GTMNERR,0,52.425,0,34.58,0,1.591,0,84.7,0,6.09,0,11.77,4.02,7.86,0,-76.5,5.79,21.672,0,7.87,0,1.195,0.92,0,3.78
4/2/2026,03:15, ,gtmfmwq_15E101700_032726_050000.bin,Fort Matanzas,GTMNERR,0,52.43,0,34.59,0,1.545,0,83.7,0,6.03,0,11.77,4.02,7.86,0,-76.4,5.79,21.579,0,8.75,0,1.191,0.97,0,3.98
4/2/2026,03:30, ,gtmfmwq_15E101700_032726_050000.bin,Fort Matanzas,GTMNERR,0,52.409,0,34.57,0,1.508,0,85.3,0,6.15,0,11.16,3.82,7.87,0,-77,5.79,21.532,0,11.49,0,1.198,0.94,0,3.87
4/2/2026,03:45, ,gtmfmwq_15E101700_032726_050000.bin,Fort Matanzas,GTMNERR,0,52.4,0,34.57,0,1.481,0,88.2,0,6.36,0,10.45,3.58,7.88,0,-77.8,5.78,21.529,0,11.89,0,1.201,1.13,0,4.64
4/2/2026,04:00, ,gtmfmwq_15E101700_032726_050000.bin,Fort Matanzas,GTMNERR,0,52.439,0,34.6,0,1.471,0,88.6,0,6.42,0,9.16,3.14,7.91,0,-79.4,5.79,21.281,0,26.5,0,1.195,1.37,0,5.57
4/2/2026,04:15, ,gtmfmwq_15E101700_032726_050000.bin,Fort Matanzas,GTMNERR,0,52.468,0,34.62,0,1.478,0,92.8,0,6.77,0,8.07,2.77,7.96,0,-82.1,5.79,20.888,0,11.57,0,1.195,0.99,0,4.04
4/2/2026,04:30, ,gtmfmwq_15E101700_032726_050000.bin,Fort Matanzas,GTMNERR,0,52.437,0,34.6,0,1.508,0,95.2,0,6.94,0,7.69,2.64,7.97,0,-82.8,5.79,20.961,0,12.53,0,1.193,1.04,0,4.26
4/2/2026,04:45, ,gtmfmwq_15E101700_032726_050000.bin,Fort Matanzas,GTMNERR,0,52.435,0,34.6,0,1.55,0,97,0,7.06,0,7.64,2.63,7.98,0,-83.4,5.78,21.009,0,10.92,0,1.194,1.03,0,4.21
4/2/2026,05:00, ,gtmfmwq_15E101700_032726_050000.bin,Fort Matanzas,GTMNERR,0,52.384,0,34.56,0,1.594,0,97.6,0,7.09,0,7.78,2.68,7.98,0,-83.3,5.78,21.177,0,12.27,0,1.187,1.13,0,4.62
4/2/2026,05:15, ,gtmfmwq_15E101700_032726_050000.bin,Fort Matanzas,GTMNERR,0,52.354,0,34.53,0,1.657,0,96.9,0,7.02,0,8.14,2.8,7.97,0,-83,5.79,21.279,0,13.33,0,1.196,1.21,0,4.94
4/2/2026,05:30, ,gtmfmwq_15E101700_032726_050000.bin,Fort Matanzas,GTMNERR,0,52.424,0,34.59,0,1.724,0,97.4,0,7.09,0,7.25,2.5,7.98,0,-83.7,5.78,21.03,0,10.15,0,1.198,1.02,0,4.17
4/2/2026,05:45, ,gtmfmwq_15E101700_032726_050000.bin,Fort Matanzas,GTMNERR,0,52.419,0,34.58,0,1.797,0,97,0,7.06,0,7.38,2.54,7.98,0,-83.5,5.78,21.054,0,10.73,0,1.202,1.02,0,4.19
4/2/2026,06:00, ,gtmfmwq_15E101700_032726_050000.bin,Fort Matanzas,GTMNERR,0,52.398,0,34.57,0,1.877,0,96.8,0,7.03,0,7.7,2.65,7.98,0,-83.3,5.79,21.117,0,10.07,0,1.206,1.02,0,4.18
4/2/2026,06:15, ,gtmfmwq_15E101700_032726_050000.bin,Fort Matanzas,GTMNERR,0,52.41,0,34.58,0,1.95,0,96.7,0,7.04,0,7.52,2.59,7.98,0,-83.4,5.78,21.058,0,8.89,0,1.197,0.97,0,3.98
4/2/2026,06:30, ,gtmfmwq_15E101700_032726_050000.bin,Fort Matanzas,GTMNERR,0,52.436,0,34.6,0,2.016,0,96.7,0,7.05,0,7.32,2.52,7.98,0,-83.6,5.78,20.963,0,7.74,0,1.191,0.92,0,3.76
4/2/2026,06:45, ,gtmfmwq_15E101700_032726_050000.bin,Fort Matanzas,GTMNERR,0,52.437,0,34.6,0,2.082,0,96.6,0,7.04,0,6.96,2.4,7.98,0,-83.6,5.78,20.922,0,17.12,0,1.195,1.05,0,4.3
4/2/2026,07:00, ,gtmfmwq_15E101700_032726_050000.bin,Fort Matanzas,GTMNERR,0,52.439,0,34.6,0,2.152,0,95.6,0,6.98,0,7.17,2.47,7.98,0,-83.5,5.78,20.883,0,7.54,0,1.191,0.81,0,3.34
4/2/2026,07:15, ,gtmfmwq_15E101700_032726_050000.bin,Fort Matanzas,GTMNERR,0,52.449,0,34.61,0,2.221,0,96,0,7.03,0,7.03,2.42,7.98,0,-83.6,5.78,20.703,0,9.14,0,1.2,1.03,0,4.22
4/2/2026,07:30, ,gtmfmwq_15E101700_032726_050000.bin,Fort Matanzas,GTMNERR,0,52.448,0,34.61,0,2.282,0,94.5,0,6.93,0,7.01,2.42,7.98,0,-83.3,5.78,20.57,0,7.24,0,1.207,0.8,0,3.28
4/2/2026,07:45, ,gtmfmwq_15E101700_032726_050000.bin,Fort Matanzas,GTMNERR,0,52.459,0,34.62,0,2.347,0,92.5,0,6.79,0,6.86,2.37,7.97,0,-82.8,5.79,20.488,0,6.16,0,1.199,1.01,0,4.14
4/2/2026,08:00, ,gtmfmwq_15E101700_032726_050000.bin,Fort Matanzas,GTMNERR,0,52.459,0,34.62,0,2.404,0,85.6,0,6.3,0,6.83,2.36,7.94,0,-81.1,5.78,20.396,0,5.65,0,1.191,0.63,0,2.61
4/2/2026,08:15, ,gtmfmwq_15E101700_032726_050000.bin,Fort Matanzas,GTMNERR,0,52.465,0,34.62,0,2.457,0,78.4,0,5.77,0,6.77,2.34,7.91,0,-79.2,5.78,20.335,0,7.42,0,1.196,0.78,0,3.22
4/2/2026,08:30, ,gtmfmwq_15E101700_032726_050000.bin,Fort Matanzas,GTMNERR,0,52.468,0,34.62,0,2.498,0,77.2,0,5.69,0,6.87,2.37,7.93,0,-80.2,5.78,20.337,0,5.92,0,1.2,0.94,0,3.85
4/2/2026,08:45, ,gtmfmwq_15E101700_032726_050000.bin,Fort Matanzas,GTMNERR,0,52.465,0,34.62,0,2.537,0,80.7,0,5.94,0,7.09,2.44,7.92,0,-80,5.77,20.359,0,6.73,0,1.198,0.57,0,2.37
4/2/2026,09:00, ,gtmfmwq_15E101700_032726_050000.bin,Fort Matanzas,GTMNERR,0,52.459,0,34.62,0,2.559,0,90.7,0,6.66,0,7.21,2.48,7.97,0,-83.1,5.78,20.495,0,7.94,0,1.195,0.81,0,3.33
4/2/2026,09:15, ,gtmfmwq_15E101700_032726_050000.bin,Fort Matanzas,GTMNERR,0,52.421,0,34.59,0,2.572,0,95.4,0,6.97,0,7.56,2.6,7.98,0,-83.5,5.78,20.809,0,6.26,0,1.191,0.83,0,3.41
4/2/2026,09:30, ,gtmfmwq_15E101700_032726_050000.bin,Fort Matanzas,GTMNERR,0,52.387,0,34.56,0,2.573,0,95,0,6.89,0,7.81,2.68,7.97,0,-82.9,5.78,21.182,0,6.95,0,1.202,0.9,0,3.69
4/2/2026,09:45, ,gtmfmwq_15E101700_032726_050000.bin,Fort Matanzas,GTMNERR,0,52.362,0,34.54,0,2.557,0,92.8,0,6.73,0,8.29,2.85,7.95,0,-82,5.78,21.286,0,6.65,0,1.189,0.81,0,3.32
4/2/2026,10:00, ,gtmfmwq_15E101700_032726_050000.bin,Fort Matanzas,GTMNERR,0,52.377,0,34.55,0,2.52,0,91.9,0,6.66,0,8.97,3.08,7.94,0,-81.3,5.77,21.334,0,8.62,0,1.193,0.87,0,3.57
4/2/2026,10:15, ,gtmfmwq_15E101700_032726_050000.bin,Fort Matanzas,GTMNERR,0,52.421,0,34.58,0,2.485,0,90.4,0,6.53,0,9.42,3.23,7.91,0,-79.7,5.78,21.461,0,9.37,0,1.204,0.99,0,4.05
4/2/2026,10:30, ,gtmfmwq_15E101700_032726_050000.bin,Fort Matanzas,GTMNERR,0,52.409,0,34.57,0,2.443,0,87.7,0,6.31,0,10.31,3.53,7.88,0,-77.9,5.77,21.701,0,9.8,0,1.195,0.8,0,3.28
4/2/2026,10:45, ,gtmfmwq_15E101700_032726_050000.bin,Fort Matanzas,GTMNERR,0,52.411,0,34.57,0,2.395,0,87.1,0,6.23,0,11.2,3.83,7.86,0,-76.6,5.78,21.97,0,10.82,0,1.188,0.89,0,3.65
4/2/2026,11:00, ,gtmfmwq_15E101700_032726_050000.bin,Fort Matanzas,GTMNERR,0,52.403,0,34.56,0,2.347,0,86.9,0,6.2,0,11.66,3.98,7.85,0,-76,5.78,22.157,0,11.17,0,1.193,0.9,0,3.71
4/2/2026,11:15, ,gtmfmwq_15E101700_032726_050000.bin,Fort Matanzas,GTMNERR,0,52.406,0,34.56,0,2.295,0,87,0,6.19,0,11.77,4.02,7.84,0,-75.5,5.77,22.314,0,10,0,1.195,0.87,0,3.56
4/2/2026,11:30, ,gtmfmwq_15E101700_032726_050000.bin,Fort Matanzas,GTMNERR,0,52.399,0,34.55,0,2.24,0,86.6,0,6.15,0,12.46,4.26,7.83,0,-75.1,5.78,22.428,0,10.03,0,1.187,0.9,0,3.69
4/2/2026,11:45, ,gtmfmwq_15E101700_032726_050000.bin,Fort Matanzas,GTMNERR,0,52.398,0,34.55,0,2.187,0,87.4,0,6.2,0,12.03,4.11,7.84,0,-75.2,5.78,22.49,0,8.52,0,1.195,0.85,0,3.49
4/2/2026,12:00, ,gtmfmwq_15E101700_032726_050000.bin,Fort Matanzas,GTMNERR,0,52.401,0,34.55,0,2.14,0,87.6,0,6.2,0,12.18,4.16,7.83,0,-75.2,5.77,22.575,0,8.52,0,1.199,0.82,0,3.39
4/2/2026,12:15, ,gtmfmwq_15E101700_032726_050000.bin,Fort Matanzas,GTMNERR,0,52.402,0,34.55,0,2.091,0,86.1,0,6.09,0,12.27,4.19,7.82,0,-74.6,5.78,22.649,0,5.94,0,1.201,0.66,0,2.74
4/2/2026,12:30, ,gtmfmwq_15E101700_032726_050000.bin,Fort Matanzas,GTMNERR,0,52.413,0,34.56,0,2.04,0,89.9,0,6.34,0,10.23,3.5,7.85,0,-76.4,5.78,22.828,0,7.07,0,1.203,0.49,0,2.06
4/2/2026,12:45, ,gtmfmwq_15E101700_032726_050000.bin,Fort Matanzas,GTMNERR,0,52.423,0,34.57,0,1.988,0,88.5,0,6.24,0,9.77,3.35,7.86,0,-76.5,5.77,22.784,0,8.08,0,1.193,0.53,0,2.2
4/2/2026,13:00, ,gtmfmwq_15E101700_032726_050000.bin,Fort Matanzas,GTMNERR,0,52.41,0,34.56,0,1.94,0,84.4,0,5.97,0,12.25,4.18,7.82,0,-74.3,5.77,22.667,0,6.28,0,1.188,0.65,0,2.71
4/2/2026,13:15, ,gtmfmwq_15E101700_032726_050000.bin,Fort Matanzas,GTMNERR,0,52.393,0,34.55,0,1.888,0,90,0,6.37,0,11.4,3.89,7.86,0,-76.5,5.78,22.634,0,6.48,0,1.194,0.7,0,2.91
4/2/2026,13:30, ,gtmfmwq_15E101700_032726_050000.bin,Fort Matanzas,GTMNERR,0,52.408,0,34.55,0,1.84,0,91.3,0,6.43,0,11.44,3.91,7.85,0,-76.2,5.78,22.895,0,4.85,0,1.195,0.72,0,2.99
4/2/2026,13:45, ,gtmfmwq_15E101700_032726_050000.bin,Fort Matanzas,GTMNERR,0,52.396,0,34.55,0,1.787,0,89.5,0,6.32,0,11.92,4.07,7.84,0,-75.8,5.78,22.727,0,5.4,0,1.188,0.75,0,3.11
4/2/2026,14:00, ,gtmfmwq_15E101700_032726_050000.bin,Fort Matanzas,GTMNERR,0,52.404,0,34.55,0,1.74,0,88.5,0,6.26,0,12.12,4.14,7.84,0,-75.7,5.77,22.607,0,6.1,0,1.195,0.81,0,3.32
4/2/2026,14:15, ,gtmfmwq_15E101700_032726_050000.bin,Fort Matanzas,GTMNERR,0,52.448,0,34.58,0,1.687,0,93.2,0,6.56,0,10.46,3.58,7.87,0,-77.2,5.78,22.92,0,9.85,0,1.196,0.85,0,3.49
4/2/2026,14:30, ,gtmfmwq_15E101700_032726_050000.bin,Fort Matanzas,GTMNERR,0,52.431,0,34.57,0,1.637,0,94.7,0,6.65,0,10.61,3.63,7.87,0,-77.3,5.77,23.05,0,7.61,0,1.19,0.81,0,3.33
4/2/2026,14:45, ,gtmfmwq_15E101700_032726_050000.bin,Fort Matanzas,GTMNERR,0,52.448,0,34.58,0,1.59,0,96.1,0,6.72,0,10.58,3.62,7.87,0,-77.5,5.77,23.28,0,8.14,0,1.199,0.87,0,3.59
4/2/2026,15:00, ,gtmfmwq_15E101700_032726_050000.bin,Fort Matanzas,GTMNERR,0,52.442,0,34.57,0,1.539,0,97.2,0,6.77,0,10.51,3.6,7.87,0,-77.2,5.78,23.459,0,7.63,0,1.201,0.88,0,3.63
4/2/2026,15:15, ,gtmfmwq_15E101700_032726_050000.bin,Fort Matanzas,GTMNERR,0,52.463,0,34.58,0,1.502,0,98.2,0,6.83,0,10.24,3.51,7.87,0,-77.6,5.77,23.624,0,8.52,0,1.196,0.99,0,4.06
4/2/2026,15:30, ,gtmfmwq_15E101700_032726_050000.bin,Fort Matanzas,GTMNERR,0,52.442,0,34.57,0,1.465,0,96.9,0,6.79,0,9.97,3.41,7.88,0,-77.7,5.77,23.147,0,8.68,0,1.197,1,0,4.11
4/2/2026,15:45, ,gtmfmwq_15E101700_032726_050000.bin,Fort Matanzas,GTMNERR,0,52.431,0,34.57,0,1.434,0,96.4,0,6.78,0,9.75,3.34,7.88,0,-78,5.78,22.947,0,9.85,0,1.198,1.05,0,4.31
4/2/2026,16:00, ,gtmfmwq_15E101700_032726_050000.bin,Fort Matanzas,GTMNERR,0,52.417,0,34.57,0,1.416,0,102.8,0,7.36,0,7.92,2.72,7.94,0,-81.6,5.77,21.991,0,14.54,0,1.189,1.55,0,6.29
4/2/2026,16:15, ,gtmfmwq_15E101700_032726_050000.bin,Fort Matanzas,GTMNERR,0,52.439,0,34.6,0,1.428,0,104.3,0,7.58,0,7.05,2.43,7.97,0,-83.1,5.77,21.143,0,23.57,0,1.193,2.3,0,9.3
4/2/2026,16:30, ,gtmfmwq_15E101700_032726_050000.bin,Fort Matanzas,GTMNERR,0,52.404,0,34.57,0,1.458,0,105.5,0,7.67,0,7.51,2.58,7.98,0,-83.4,5.77,21.134,0,17.89,0,1.207,2.06,0,8.33
4/2/2026,16:45, ,gtmfmwq_15E101700_032726_050000.bin,Fort Matanzas,GTMNERR,0,52.432,0,34.59,0,1.501,0,105.8,0,7.71,0,7.14,2.46,7.98,0,-83.7,5.76,21.003,0,14,0,1.203,2,0,8.12
4/2/2026,17:00, ,gtmfmwq_15E101700_032726_050000.bin,Fort Matanzas,GTMNERR,0,52.347,0,34.53,0,1.555,0,106.2,0,7.7,0,7.92,2.72,7.97,0,-83.3,5.77,21.275,0,17.55,0,1.196,2.09,0,8.47
4/2/2026,17:15, ,gtmfmwq_15E101700_032726_050000.bin,Fort Matanzas,GTMNERR,0,52.306,0,34.49,0,1.616,0,106.2,0,7.63,0,8.54,2.93,7.96,0,-82.7,5.77,21.77,0,19.64,0,1.195,2.35,0,9.52
4/2/2026,17:30, ,gtmfmwq_15E101700_032726_050000.bin,Fort Matanzas,GTMNERR,0,52.312,0,34.5,0,1.688,0,106.2,0,7.66,0,8.2,2.82,7.97,0,-83.1,5.77,21.584,0,14.15,0,1.192,1.89,0,7.68
4/2/2026,17:45, ,gtmfmwq_15E101700_032726_050000.bin,Fort Matanzas,GTMNERR,0,52.336,0,34.52,0,1.763,0,105.4,0,7.61,0,8.27,2.84,7.97,0,-82.9,5.76,21.458,0,16.09,0,1.188,2.3,0,9.31
4/2/2026,18:00, ,gtmfmwq_15E101700_032726_050000.bin,Fort Matanzas,GTMNERR,0,52.324,0,34.51,0,1.845,0,104.9,0,7.59,0,8.46,2.9,7.97,0,-82.9,5.77,21.362,0,14.95,0,1.196,2.21,0,8.96
4/2/2026,18:15, ,gtmfmwq_15E101700_032726_050000.bin,Fort Matanzas,GTMNERR,0,52.316,0,34.5,0,1.922,0,104.2,0,7.55,0,8.43,2.89,7.96,0,-82.7,5.77,21.298,0,15.07,0,1.195,2.38,0,9.64
4/2/2026,18:30, ,gtmfmwq_15E101700_032726_050000.bin,Fort Matanzas,GTMNERR,0,52.347,0,34.53,0,2,0,103.8,0,7.56,0,8.03,2.76,7.97,0,-83.2,5.76,21.002,0,11.4,0,1.194,2.11,0,8.56
4/2/2026,18:45, ,gtmfmwq_15E101700_032726_050000.bin,Fort Matanzas,GTMNERR,0,52.375,0,34.55,0,2.072,0,103.7,0,7.57,0,7.67,2.64,7.98,0,-83.3,5.76,20.871,0,14.04,0,1.202,2.71,0,10.97
4/2/2026,19:00, ,gtmfmwq_15E101700_032726_050000.bin,Fort Matanzas,GTMNERR,0,52.456,0,34.61,0,2.144,0,103.6,0,7.58,0,6.95,2.4,7.99,0,-84.3,5.77,20.73,0,11.31,0,1.197,1.86,0,7.53
4/2/2026,19:15, ,gtmfmwq_15E101700_032726_050000.bin,Fort Matanzas,GTMNERR,0,52.468,0,34.62,0,2.226,0,102.3,0,7.48,0,6.89,2.38,7.99,0,-84.2,5.76,20.727,0,11.14,0,1.201,1.85,0,7.5
4/2/2026,19:30, ,gtmfmwq_15E101700_032726_050000.bin,Fort Matanzas,GTMNERR,0,52.475,0,34.63,0,2.302,0,101.7,0,7.43,0,6.68,2.31,7.99,0,-84.2,5.76,20.787,0,8.08,0,1.203,1.63,0,6.63
4/2/2026,19:45, ,gtmfmwq_15E101700_032726_050000.bin,Fort Matanzas,GTMNERR,0,52.477,0,34.63,0,2.376,0,101,0,7.37,0,6.7,2.31,7.99,0,-84.1,5.77,20.872,0,7.79,0,1.202,1.51,0,6.16
4/2/2026,20:00, ,gtmfmwq_15E101700_032726_050000.bin,Fort Matanzas,GTMNERR,0,52.483,0,34.63,0,2.447,0,99.2,0,7.23,0,6.59,2.27,7.98,0,-83.7,5.76,20.909,0,6.84,0,1.197,1.31,0,5.33
4/2/2026,20:15, ,gtmfmwq_15E101700_032726_050000.bin,Fort Matanzas,GTMNERR,0,52.501,0,34.64,0,2.508,0,89.6,0,6.53,0,6.45,2.23,7.95,0,-81.9,5.76,20.964,0,6.66,0,1.195,0.83,0,3.43
4/2/2026,20:30, ,gtmfmwq_15E101700_032726_050000.bin,Fort Matanzas,GTMNERR,0,52.49,0,34.64,0,2.566,0,66.9,0,4.88,0,6.95,2.4,7.86,0,-76.2,5.76,20.971,0,6.98,0,1.193,0.82,0,3.36
4/2/2026,20:45, ,gtmfmwq_15E101700_032726_050000.bin,Fort Matanzas,GTMNERR,0,52.495,0,34.64,0,2.619,0,61.7,0,4.49,0,6.83,2.35,7.84,0,-75.2,5.77,20.987,0,6.65,0,1.188,0.54,0,2.27
4/2/2026,21:00, ,gtmfmwq_15E101700_032726_050000.bin,Fort Matanzas,GTMNERR,0,52.483,0,34.63,0,2.658,0,83.3,0,6.06,0,6.57,2.27,7.92,0,-80,5.76,20.968,0,5.51,0,1.201,0.81,0,3.33
4/2/2026,21:15, ,gtmfmwq_15E101700_032726_050000.bin,Fort Matanzas,GTMNERR,0,52.473,0,34.62,0,2.688,0,91.5,0,6.67,0,6.66,2.3,7.95,0,-81.9,5.76,20.908,0,6.07,0,1.205,0.88,0,3.63
4/2/2026,21:30, ,gtmfmwq_15E101700_032726_050000.bin,Fort Matanzas,GTMNERR,0,52.474,0,34.63,0,2.708,0,93.9,0,6.84,0,6.86,2.37,7.96,0,-82.3,5.76,20.919,0,7.64,0,1.2,1.07,0,4.38
4/2/2026,21:45, ,gtmfmwq_15E101700_032726_050000.bin,Fort Matanzas,GTMNERR,0,52.447,0,34.6,0,2.716,0,98.6,0,7.19,0,7.12,2.45,7.98,0,-83.6,5.75,20.971,0,8.39,0,1.198,1.58,0,6.43
4/2/2026,22:00, ,gtmfmwq_15E101700_032726_050000.bin,Fort Matanzas,GTMNERR,0,52.35,0,34.53,0,2.715,0,101.6,0,7.37,0,8.71,2.99,7.96,0,-82.7,5.76,21.215,0,7.47,0,1.193,1.74,0,7.06
4/2/2026,22:15, ,gtmfmwq_15E101700_032726_050000.bin,Fort Matanzas,GTMNERR,0,52.323,0,34.51,0,2.698,0,101.1,0,7.3,0,9.16,3.14,7.95,0,-82.2,5.76,21.527,0,7.85,0,1.199,1.62,0,6.58
4/2/2026,22:30, ,gtmfmwq_15E101700_032726_050000.bin,Fort Matanzas,GTMNERR,0,52.408,0,34.56,0,2.672,0,97.2,0,6.94,0,9.62,3.3,7.92,0,-80.2,5.75,22.11,0,8.34,0,1.201,1.44,0,5.87
4/2/2026,22:45, ,gtmfmwq_15E101700_032726_050000.bin,Fort Matanzas,GTMNERR,0,52.433,0,34.58,0,2.633,0,96.5,0,6.84,0,10.07,3.45,7.9,0,-79.2,5.76,22.558,0,10.54,0,1.188,1.54,0,6.27
4/2/2026,23:00, ,gtmfmwq_15E101700_032726_050000.bin,Fort Matanzas,GTMNERR,0,52.46,0,34.59,0,2.581,0,95.5,0,6.72,0,10.5,3.59,7.88,0,-78.2,5.76,22.941,0,12.61,0,1.191,1.51,0,6.12
4/2/2026,23:15, ,gtmfmwq_15E101700_032726_050000.bin,Fort Matanzas,GTMNERR,0,52.461,0,34.59,0,2.53,0,95.6,0,6.7,0,10.75,3.68,7.88,0,-77.7,5.77,23.123,0,16.23,0,1.187,1.61,0,6.55
4/2/2026,23:30, ,gtmfmwq_15E101700_032726_050000.bin,Fort Matanzas,GTMNERR,0,52.466,0,34.59,0,2.469,0,94.2,0,6.57,0,11.1,3.79,7.86,0,-77,5.76,23.409,0,20.44,0,1.191,1.84,0,7.45
4/2/2026,23:45, ,gtmfmwq_15E101700_032726_050000.bin,Fort Matanzas,GTMNERR,0,52.471,0,34.59,0,2.416,0,92.4,0,6.42,0,12.02,4.11,7.84,0,-75.9,5.76,23.61,0,18.36,0,1.203,1.34,0,5.47
4/3/2026,00:00, ,gtmfmwq_15E101700_032726_050000.bin,Fort Matanzas,GTMNERR,0,52.471,0,34.59,0,2.36,0,93.6,0,6.5,0,12.1,4.13,7.85,0,-76.1,5.77,23.618,0,16.82,0,1.199,1.58,0,6.44
4/3/2026,00:15, ,gtmfmwq_15E101700_032726_050000.bin,Fort Matanzas,GTMNERR,0,52.464,0,34.58,0,2.307,0,87.9,0,6.12,0,12.6,4.3,7.83,0,-74.9,5.76,23.553,0,12.72,0,1.197,1.04,0,4.24
4/3/2026,00:30, ,gtmfmwq_15E101700_032726_050000.bin,Fort Matanzas,GTMNERR,0,52.463,0,34.58,0,2.252,0,86.2,0,6,0,12.62,4.31,7.82,0,-74.3,5.76,23.62,0,11.78,0,1.19,0.96,0,3.94
4/3/2026,00:45, ,gtmfmwq_15E101700_032726_050000.bin,Fort Matanzas,GTMNERR,0,52.399,0,34.54,0,2.2,0,91.1,0,6.37,0,12.05,4.12,7.84,0,-75.6,5.76,23.288,0,6.97,0,1.188,1.96,0,7.95
4/3/2026,01:00, ,gtmfmwq_15E101700_032726_050000.bin,Fort Matanzas,GTMNERR,0,52.415,0,34.55,0,2.148,0,89.1,0,6.24,0,12.27,4.19,7.84,0,-75.6,5.76,23.201,0,11.71,0,1.189,1.18,0,4.8
4/3/2026,01:15, ,gtmfmwq_15E101700_032726_050000.bin,Fort Matanzas,GTMNERR,0,52.498,0,34.63,0,2.091,0,89.1,0,6.33,0,11.09,3.79,7.86,0,-76.7,5.76,22.338,0,7.7,0,1.196,1.08,0,4.42
4/3/2026,01:30, ,gtmfmwq_15E101700_032726_050000.bin,Fort Matanzas,GTMNERR,0,52.437,0,34.58,0,2.038,0,68.6,0,4.87,0,11.12,3.8,7.77,0,-71.1,5.76,22.369,0,6.62,0,1.201,0.59,0,2.46
4/3/2026,01:45, ,gtmfmwq_15E101700_032726_050000.bin,Fort Matanzas,GTMNERR,0,52.437,0,34.58,0,1.986,0,84.4,0,5.95,0,12.23,4.17,7.83,0,-75.1,5.76,22.789,0,5.56,0,1.206,0.71,0,2.92
4/3/2026,02:00, ,gtmfmwq_15E101700_032726_050000.bin,Fort Matanzas,GTMNERR,0,52.414,0,34.56,0,1.934,0,88.8,0,6.26,0,11.95,4.08,7.85,0,-76.3,5.76,22.782,0,6.34,0,1.201,0.87,0,3.58
4/3/2026,02:15, ,gtmfmwq_15E101700_032726_050000.bin,Fort Matanzas,GTMNERR,0,52.453,0,34.59,0,1.884,0,89,0,6.26,0,12.21,4.17,7.85,0,-75.9,5.76,22.971,0,6.62,0,1.2,0.96,0,3.94
4/3/2026,02:30, ,gtmfmwq_15E101700_032726_050000.bin,Fort Matanzas,GTMNERR,0,52.433,0,34.57,0,1.833,0,89.1,0,6.28,0,12.24,4.18,7.85,0,-76.3,5.76,22.822,0,6.54,0,1.199,0.88,0,3.61
4/3/2026,02:45, ,gtmfmwq_15E101700_032726_050000.bin,Fort Matanzas,GTMNERR,0,52.437,0,34.57,0,1.784,0,89.2,0,6.28,0,12.26,4.19,7.85,0,-76.3,5.75,22.906,0,5.94,0,1.196,0.87,0,3.57
4/3/2026,03:00, ,gtmfmwq_15E101700_032726_050000.bin,Fort Matanzas,GTMNERR,0,52.43,0,34.57,0,1.734,0,88.8,0,6.28,0,11.87,4.06,7.86,0,-76.6,5.76,22.66,0,6.89,0,1.193,0.95,0,3.9
4/3/2026,03:15, ,gtmfmwq_15E101700_032726_050000.bin,Fort Matanzas,GTMNERR,0,52.454,0,34.59,0,1.687,0,86.6,0,6.15,0,11.6,3.96,7.86,0,-76.7,5.76,22.37,0,7.34,0,1.188,0.95,0,3.9
4/3/2026,03:30, ,gtmfmwq_15E101700_032726_050000.bin,Fort Matanzas,GTMNERR,0,52.464,0,34.6,0,1.641,0,85.4,0,6.07,0,11.56,3.95,7.85,0,-76,5.75,22.277,0,8.31,0,1.187,0.86,0,3.53
4/3/2026,03:45, ,gtmfmwq_15E101700_032726_050000.bin,Fort Matanzas,GTMNERR,0,52.477,0,34.62,0,1.595,0,83,0,5.92,0,11.8,4.03,7.85,0,-75.9,5.75,22.091,0,8.21,0,1.205,0.85,0,3.48
4/3/2026,04:00, ,gtmfmwq_15E101700_032726_050000.bin,Fort Matanzas,GTMNERR,0,52.475,0,34.62,0,1.556,0,81.4,0,5.82,0,11.8,4.03,7.85,0,-75.7,5.76,21.953,0,9.77,0,1.201,0.87,0,3.58
4/3/2026,04:15, ,gtmfmwq_15E101700_032726_050000.bin,Fort Matanzas,GTMNERR,0,52.443,0,34.59,0,1.522,0,84.8,0,6.08,0,10.83,3.7,7.86,0,-76.7,5.75,21.91,0,11.34,0,1.193,0.96,0,3.92
4/3/2026,04:30, ,gtmfmwq_15E101700_032726_050000.bin,Fort Matanzas,GTMNERR,0,52.455,0,34.6,0,1.496,0,86.2,0,6.17,0,10.48,3.59,7.87,0,-77.5,5.75,21.99,0,13.6,0,1.197,1.1,0,4.48
4/3/2026,04:45, ,gtmfmwq_15E101700_032726_050000.bin,Fort Matanzas,GTMNERR,0,52.499,0,34.64,0,1.486,0,89,0,6.45,0,8.51,2.92,7.93,0,-80.6,5.75,21.199,0,19.66,0,1.198,1.37,0,5.58
4/3/2026,05:00, ,gtmfmwq_15E101700_032726_050000.bin,Fort Matanzas,GTMNERR,0,52.479,0,34.63,0,1.496,0,90.3,0,6.56,0,8.15,2.8,7.94,0,-81.3,5.76,21.082,0,14.31,0,1.193,1.19,0,4.86
4/3/2026,05:15, ,gtmfmwq_15E101700_032726_050000.bin,Fort Matanzas,GTMNERR,0,52.462,0,34.62,0,1.523,0,94.5,0,6.87,0,7.66,2.63,7.97,0,-82.8,5.75,21.077,0,12.55,0,1.195,1.42,0,5.79
4/3/2026,05:30, ,gtmfmwq_15E101700_032726_050000.bin,Fort Matanzas,GTMNERR,0,52.464,0,34.62,0,1.567,0,94.7,0,6.88,0,7.63,2.62,7.97,0,-82.9,5.75,21.088,0,12.74,0,1.192,1.29,0,5.27
4/3/2026,05:45, ,gtmfmwq_15E101700_032726_050000.bin,Fort Matanzas,GTMNERR,0,52.417,0,34.58,0,1.612,0,95.4,0,6.92,0,7.68,2.64,7.97,0,-82.9,5.76,21.241,0,13.62,0,1.199,1.37,0,5.59
4/3/2026,06:00, ,gtmfmwq_15E101700_032726_050000.bin,Fort Matanzas,GTMNERR,0,52.395,0,34.56,0,1.666,0,94.9,0,6.87,0,7.78,2.68,7.96,0,-82.7,5.74,21.366,0,13.76,0,1.199,1.54,0,6.27
4/3/2026,06:15, ,gtmfmwq_15E101700_032726_050000.bin,Fort Matanzas,GTMNERR,0,52.425,0,34.59,0,1.726,0,95,0,6.89,0,7.34,2.53,7.97,0,-83.1,5.75,21.186,0,12.82,0,1.193,1.39,0,5.65
4/3/2026,06:30, ,gtmfmwq_15E101700_032726_050000.bin,Fort Matanzas,GTMNERR,0,52.46,0,34.61,0,1.793,0,95.4,0,6.93,0,7.18,2.47,7.98,0,-83.4,5.75,21.088,0,12.19,0,1.194,1.44,0,5.86
4/3/2026,06:45, ,gtmfmwq_15E101700_032726_050000.bin,Fort Matanzas,GTMNERR,0,52.434,0,34.59,0,1.865,0,94.4,0,6.85,0,7.62,2.62,7.97,0,-82.9,5.74,21.189,0,10.73,0,1.189,1.41,0,5.73
4/3/2026,07:00, ,gtmfmwq_15E101700_032726_050000.bin,Fort Matanzas,GTMNERR,0,52.437,0,34.6,0,1.934,0,94.3,0,6.85,0,7.4,2.55,7.97,0,-83,5.75,21.163,0,10.42,0,1.187,1.3,0,5.29
4/3/2026,07:15, ,gtmfmwq_15E101700_032726_050000.bin,Fort Matanzas,GTMNERR,0,52.452,0,34.61,0,1.998,0,94.1,0,6.84,0,7.48,2.57,7.97,0,-82.9,5.75,21.097,0,8.78,0,1.205,1.06,0,4.35
4/3/2026,07:30, ,gtmfmwq_15E101700_032726_050000.bin,Fort Matanzas,GTMNERR,0,52.466,0,34.62,0,2.063,0,94.6,0,6.88,0,7.01,2.41,7.97,0,-83.2,5.75,21.06,0,7.97,0,1.202,1.07,0,4.36
4/3/2026,07:45, ,gtmfmwq_15E101700_032726_050000.bin,Fort Matanzas,GTMNERR,0,52.471,0,34.62,0,2.132,0,94,0,6.84,0,6.92,2.39,7.97,0,-83.2,5.75,21.033,0,8.79,0,1.2,1.07,0,4.39
4/3/2026,08:00, ,gtmfmwq_15E101700_032726_050000.bin,Fort Matanzas,GTMNERR,0,52.492,0,34.64,0,2.193,0,94.7,0,6.89,0,6.87,2.37,7.98,0,-83.4,5.75,20.972,0,8.34,0,1.201,1.04,0,4.27
4/3/2026,08:15, ,gtmfmwq_15E101700_032726_050000.bin,Fort Matanzas,GTMNERR,0,52.5,0,34.64,0,2.247,0,92.8,0,6.76,0,6.78,2.34,7.97,0,-83.2,5.75,20.951,0,7.14,0,1.2,0.92,0,3.79
4/3/2026,08:30, ,gtmfmwq_15E101700_032726_050000.bin,Fort Matanzas,GTMNERR,0,52.485,0,34.63,0,2.308,0,92.9,0,6.79,0,6.75,2.33,7.97,0,-83,5.74,20.822,0,8.31,0,1.201,1.42,0,5.77
4/3/2026,08:45, ,gtmfmwq_15E101700_032726_050000.bin,Fort Matanzas,GTMNERR,0,52.496,0,34.64,0,2.363,0,86.5,0,6.33,0,6.71,2.31,7.94,0,-81.1,5.74,20.704,0,7.86,0,1.192,1.03,0,4.21
4/3/2026,09:00, ,gtmfmwq_15E101700_032726_050000.bin,Fort Matanzas,GTMNERR,0,52.494,0,34.64,0,2.412,0,67.9,0,4.97,0,6.91,2.38,7.88,0,-77.4,5.75,20.66,0,7.33,0,1.197,1.16,0,4.75
4/3/2026,09:15, ,gtmfmwq_15E101700_032726_050000.bin,Fort Matanzas,GTMNERR,0,52.499,0,34.65,0,2.451,0,69.4,0,5.09,0,6.98,2.41,7.88,0,-77.5,5.74,20.626,0,7.37,0,1.198,0.83,0,3.43
4/3/2026,09:30, ,gtmfmwq_15E101700_032726_050000.bin,Fort Matanzas,GTMNERR,0,52.49,0,34.64,0,2.488,0,80.4,0,5.89,0,7.11,2.45,7.92,0,-79.7,5.74,20.594,0,8.11,0,1.19,0.89,0,3.65
4/3/2026,09:45, ,gtmfmwq_15E101700_032726_050000.bin,Fort Matanzas,GTMNERR,0,52.497,0,34.64,0,2.511,0,88.9,0,6.51,0,6.94,2.39,7.96,0,-82.4,5.74,20.654,0,8.78,0,1.198,1.16,0,4.73
4/3/2026,10:00, ,gtmfmwq_15E101700_032726_050000.bin,Fort Matanzas,GTMNERR,0,52.471,0,34.62,0,2.525,0,89.9,0,6.54,0,7.15,2.46,7.95,0,-81.9,5.75,21.06,0,7.71,0,1.193,0.96,0,3.95
4/3/2026,10:15, ,gtmfmwq_15E101700_032726_050000.bin,Fort Matanzas,GTMNERR,0,52.433,0,34.59,0,2.519,0,94.7,0,6.86,0,7.71,2.65,7.97,0,-83,5.74,21.295,0,8.52,0,1.199,1.26,0,5.16
4/3/2026,10:30, ,gtmfmwq_15E101700_032726_050000.bin,Fort Matanzas,GTMNERR,0,52.393,0,34.56,0,2.492,0,94,0,6.77,0,9.13,3.13,7.96,0,-82.5,5.74,21.586,0,8.35,0,1.2,1.08,0,4.43
4/3/2026,10:45, ,gtmfmwq_15E101700_032726_050000.bin,Fort Matanzas,GTMNERR,0,52.401,0,34.56,0,2.449,0,93.4,0,6.72,0,8.29,2.85,7.95,0,-81.7,5.75,21.644,0,9.01,0,1.195,1.06,0,4.33
4/3/2026,11:00, ,gtmfmwq_15E101700_032726_050000.bin,Fort Matanzas,GTMNERR,0,52.445,0,34.6,0,2.409,0,91,0,6.54,0,8.72,2.99,7.92,0,-80.3,5.74,21.766,0,11.06,0,1.204,1.01,0,4.14
4/3/2026,11:15, ,gtmfmwq_15E101700_032726_050000.bin,Fort Matanzas,GTMNERR,0,52.464,0,34.61,0,2.365,0,88.4,0,6.32,0,9.71,3.33,7.89,0,-78.7,5.74,22.035,0,8.67,0,1.2,0.77,0,3.19
4/3/2026,11:30, ,gtmfmwq_15E101700_032726_050000.bin,Fort Matanzas,GTMNERR,0,52.471,0,34.61,0,2.321,0,87.5,0,6.23,0,10.23,3.5,7.88,0,-77.6,5.75,22.283,0,9.91,0,1.201,0.74,0,3.05
4/3/2026,11:45, ,gtmfmwq_15E101700_032726_050000.bin,Fort Matanzas,GTMNERR,0,52.475,0,34.61,0,2.273,0,85.3,0,6.05,0,10.95,3.74,7.85,0,-76.3,5.74,22.534,0,11.67,0,1.198,0.87,0,3.56
4/3/2026,12:00, ,gtmfmwq_15E101700_032726_050000.bin,Fort Matanzas,GTMNERR,0,52.47,0,34.6,0,2.221,0,87.4,0,6.17,0,11.26,3.85,7.85,0,-76.2,5.74,22.749,0,10.87,0,1.193,0.9,0,3.68
4/3/2026,12:15, ,gtmfmwq_15E101700_032726_050000.bin,Fort Matanzas,GTMNERR,0,52.458,0,34.59,0,2.163,0,88,0,6.2,0,11.17,3.82,7.85,0,-76.3,5.75,22.862,0,10.14,0,1.197,0.88,0,3.61
4/3/2026,12:30, ,gtmfmwq_15E101700_032726_050000.bin,Fort Matanzas,GTMNERR,0,52.474,0,34.6,0,2.114,0,87.4,0,6.14,0,11.96,4.08,7.84,0,-75.6,5.74,23.006,0,10.07,0,1.199,0.81,0,3.34
4/3/2026,12:45, ,gtmfmwq_15E101700_032726_050000.bin,Fort Matanzas,GTMNERR,0,52.475,0,34.6,0,2.066,0,82.4,0,5.78,0,11.49,3.93,7.82,0,-74.5,5.74,23.087,0,6.3,0,1.195,0.54,0,2.25
4/3/2026,13:00, ,gtmfmwq_15E101700_032726_050000.bin,Fort Matanzas,GTMNERR,0,52.503,0,34.62,0,2.017,0,96.6,0,6.75,0,9.47,3.25,7.9,0,-79,5.75,23.346,0,10.82,0,1.195,0.64,0,2.66
4/3/2026,13:15, ,gtmfmwq_15E101700_032726_050000.bin,Fort Matanzas,GTMNERR,0,52.437,0,34.57,0,1.97,0,95,0,6.65,0,10.37,3.55,7.88,0,-78.1,5.74,23.263,0,7.05,0,1.196,0.73,0,3.02
4/3/2026,13:30, ,gtmfmwq_15E101700_032726_050000.bin,Fort Matanzas,GTMNERR,0,52.486,0,34.6,0,1.922,0,88.4,0,6.18,0,10.91,3.73,7.84,0,-75.8,5.74,23.312,0,6.51,0,1.199,0.78,0,3.23
4/3/2026,13:45, ,gtmfmwq_15E101700_032726_050000.bin,Fort Matanzas,GTMNERR,0,52.499,0,34.61,0,1.876,0,91.1,0,6.37,0,11,3.76,7.86,0,-76.7,5.74,23.299,0,5.71,0,1.201,0.74,0,3.07
4/3/2026,14:00, ,gtmfmwq_15E101700_032726_050000.bin,Fort Matanzas,GTMNERR,0,52.492,0,34.61,0,1.824,0,93.8,0,6.54,0,10.88,3.72,7.87,0,-77.6,5.75,23.451,0,5.07,0,1.201,0.65,0,2.7
4/3/2026,14:15, ,gtmfmwq_15E101700_032726_050000.bin,Fort Matanzas,GTMNERR,0,52.461,0,34.59,0,1.78,0,90.8,0,6.36,0,11.86,4.05,7.85,0,-76.3,5.74,23.181,0,5.91,0,1.202,0.82,0,3.36
4/3/2026,14:30, ,gtmfmwq_15E101700_032726_050000.bin,Fort Matanzas,GTMNERR,0,52.499,0,34.61,0,1.73,0,92.8,0,6.47,0,10.94,3.74,7.86,0,-76.6,5.74,23.396,0,10662.51,-5,1.205,0.94,0,3.86
4/3/2026,14:45, ,gtmfmwq_15E101700_032726_050000.bin,Fort Matanzas,GTMNERR,0,52.482,0,34.6,0,1.681,0,96.3,0,6.72,0,9.99,3.42,7.88,0,-78.1,5.75,23.428,0,1241.09,0,1.2,0.96,0,3.94
4/3/2026,15:00, ,gtmfmwq_15E101700_032726_050000.bin,Fort Matanzas,GTMNERR,0,52.495,0,34.6,0,1.633,0,98.6,0,6.84,0,9.8,3.36,7.88,0,-78,5.74,23.711,0,235.8,0,1.188,0.86,0,3.55
4/3/2026,15:15, ,gtmfmwq_15E101700_032726_050000.bin,Fort Matanzas,GTMNERR,0,52.524,0,34.63,0,1.586,0,96.1,0,6.69,0,10.01,3.43,7.88,0,-77.8,5.74,23.536,0,18196.37,-5,1.191,0.87,0,3.59
4/3/2026,15:30, ,gtmfmwq_15E101700_032726_050000.bin,Fort Matanzas,GTMNERR,0,52.522,0,34.62,0,1.541,0,98.3,0,6.81,0,9.73,3.33,7.88,0,-78.1,5.74,23.787,0,1843.15,0,1.199,0.99,0,4.04
4/3/2026,15:45, ,gtmfmwq_15E101700_032726_050000.bin,Fort Matanzas,GTMNERR,0,52.48,0,34.6,0,1.496,0,97.4,0,6.78,0,9.73,3.33,7.88,0,-78.1,5.74,23.509,0,9.69,0,1.207,1.01,0,4.15
4/3/2026,16:00, ,gtmfmwq_15E101700_032726_050000.bin,Fort Matanzas,GTMNERR,0,52.49,0,34.61,0,1.459,0,97.5,0,6.8,0,9.43,3.23,7.88,0,-78.3,5.74,23.388,0,9.49,0,1.189,1.11,0,4.55
4/3/2026,16:15, ,gtmfmwq_15E101700_032726_050000.bin,Fort Matanzas,GTMNERR,0,52.487,0,34.61,0,1.43,0,97.3,0,6.82,0,9.4,3.22,7.89,0,-78.6,5.74,23.161,0,14.1,0,1.187,1.14,0,4.65
4/3/2026,16:30, ,gtmfmwq_15E101700_032726_050000.bin,Fort Matanzas,GTMNERR,0,52.607,0,34.71,0,1.415,0,107.9,0,7.73,0,6.89,2.38,7.97,0,-83.3,5.73,21.905,0,24.32,0,1.195,2.85,0,11.53
4/3/2026,16:45, ,gtmfmwq_15E101700_032726_050000.bin,Fort Matanzas,GTMNERR,0,52.602,0,34.71,0,1.428,0,109.1,0,7.83,0,6.53,2.26,7.98,0,-83.7,5.73,21.798,0,32.48,0,1.197,3.74,0,15.1
4/3/2026,17:00, ,gtmfmwq_15E101700_032726_050000.bin,Fort Matanzas,GTMNERR,0,52.572,0,34.69,0,1.451,0,110.9,0,7.95,0,6.89,2.38,7.98,0,-84,5.74,21.812,0,27.53,0,1.2,3.74,0,15.08
4/3/2026,17:15, ,gtmfmwq_15E101700_032726_050000.bin,Fort Matanzas,GTMNERR,0,52.541,0,34.67,0,1.489,0,112.1,0,8.03,0,7.2,2.48,7.99,0,-84.3,5.73,21.876,0,21.45,0,1.206,3.23,0,13.03
4/3/2026,17:30, ,gtmfmwq_15E101700_032726_050000.bin,Fort Matanzas,GTMNERR,0,52.425,0,34.58,0,1.526,0,111.5,0,7.95,0,7.8,2.68,7.97,0,-83.5,5.73,22.165,0,25.17,0,1.2,3.97,0,16
4/3/2026,17:45, ,gtmfmwq_15E101700_032726_050000.bin,Fort Matanzas,GTMNERR,0,52.285,0,34.46,0,1.579,0,109.9,0,7.74,0,9.5,3.26,7.95,0,-82.1,5.73,22.893,0,22.58,0,1.192,3.19,0,12.89
4/3/2026,18:00, ,gtmfmwq_15E101700_032726_050000.bin,Fort Matanzas,GTMNERR,0,52.291,0,34.47,0,1.646,0,109.8,0,7.73,0,9.43,3.23,7.95,0,-82.2,5.73,22.913,0,22.43,0,1.193,3.33,0,13.42
4/3/2026,18:15, ,gtmfmwq_15E101700_032726_050000.bin,Fort Matanzas,GTMNERR,0,52.289,0,34.47,0,1.719,0,108.9,0,7.69,0,9.42,3.23,7.95,0,-82.3,5.73,22.79,0,26.35,0,1.199,3.07,0,12.39
4/3/2026,18:30, ,gtmfmwq_15E101700_032726_050000.bin,Fort Matanzas,GTMNERR,0,52.263,0,34.45,0,1.793,0,108.4,0,7.64,0,9.82,3.36,7.95,0,-81.9,5.73,22.866,0,21.55,0,1.196,3.38,0,13.64
4/3/2026,18:45, ,gtmfmwq_15E101700_032726_050000.bin,Fort Matanzas,GTMNERR,0,52.274,0,34.46,0,1.87,0,107.7,0,7.61,0,9.48,3.25,7.94,0,-81.7,5.74,22.725,0,22.91,0,1.188,3.16,0,12.77
4/3/2026,19:00, ,gtmfmwq_15E101700_032726_050000.bin,Fort Matanzas,GTMNERR,0,52.325,0,34.5,0,1.943,0,107.4,0,7.63,0,9.03,3.1,7.95,0,-82.2,5.73,22.422,0,24.23,0,1.191,3.45,0,13.92
4/3/2026,19:15, ,gtmfmwq_15E101700_032726_050000.bin,Fort Matanzas,GTMNERR,0,52.408,0,34.56,0,2.019,0,107.6,0,7.68,0,8.43,2.89,7.96,0,-82.6,5.73,22.107,0,18.7,0,1.196,3.47,0,14.01
4/3/2026,19:30, ,gtmfmwq_15E101700_032726_050000.bin,Fort Matanzas,GTMNERR,0,52.467,0,34.61,0,2.088,0,107.3,0,7.69,0,7.68,2.64,7.97,0,-83.4,5.74,21.937,0,24.93,0,1.187,3.68,0,14.84
4/3/2026,19:45, ,gtmfmwq_15E101700_032726_050000.bin,Fort Matanzas,GTMNERR,0,52.568,0,34.69,0,2.164,0,106.7,0,7.67,0,7.1,2.45,7.99,0,-84.3,5.73,21.712,0,18.75,0,1.194,3.62,0,14.58
4/3/2026,20:00, ,gtmfmwq_15E101700_032726_050000.bin,Fort Matanzas,GTMNERR,0,52.72,0,34.8,0,2.239,0,105,0,7.57,0,5.7,1.97,8.01,0,-85.3,5.73,21.526,0,29.44,0,1.189,3.18,0,12.82
4/3/2026,20:15, ,gtmfmwq_15E101700_032726_050000.bin,Fort Matanzas,GTMNERR,0,52.847,0,34.9,0,2.311,0,102.8,0,7.42,0,5.13,1.78,8.01,0,-85.7,5.73,21.382,0,18.06,0,1.199,3.56,0,14.35
4/3/2026,20:30, ,gtmfmwq_15E101700_032726_050000.bin,Fort Matanzas,GTMNERR,0,52.874,0,34.92,0,2.388,0,101.5,0,7.33,0,4.97,1.73,8.02,0,-85.8,5.72,21.361,0,21.55,0,1.2,2.65,0,10.71
4/3/2026,20:45, ,gtmfmwq_15E101700_032726_050000.bin,Fort Matanzas,GTMNERR,0,52.889,0,34.93,0,2.459,0,96.9,0,7,0,5.05,1.75,8,0,-85,5.73,21.36,0,15.52,0,1.188,2.4,0,9.7
4/3/2026,21:00, ,gtmfmwq_15E101700_032726_050000.bin,Fort Matanzas,GTMNERR,0,52.906,0,34.94,0,2.522,0,85.6,0,6.18,0,5.12,1.78,7.96,0,-82.3,5.73,21.363,0,14.17,0,1.189,1.72,0,6.98
4/3/2026,21:15, ,gtmfmwq_15E101700_032726_050000.bin,Fort Matanzas,GTMNERR,0,52.914,0,34.95,0,2.575,0,58.3,0,4.21,0,5.42,1.88,7.86,0,-76.6,5.73,21.365,0,14.75,0,1.2,1.3,0,5.28
4/3/2026,21:30, ,gtmfmwq_15E101700_032726_050000.bin,Fort Matanzas,GTMNERR,0,52.917,0,34.95,0,2.619,0,58.3,0,4.21,0,5.17,1.79,7.88,0,-77.5,5.73,21.356,0,9.43,0,1.198,1.22,0,4.96
4/3/2026,21:45, ,gtmfmwq_15E101700_032726_050000.bin,Fort Matanzas,GTMNERR,0,52.916,0,34.95,0,2.652,0,84.3,0,6.09,0,5.08,1.77,7.95,0,-82.1,5.73,21.329,0,12.99,0,1.203,1.49,0,6.05
4/3/2026,22:00, ,gtmfmwq_15E101700_032726_050000.bin,Fort Matanzas,GTMNERR,0,52.81,0,34.87,0,2.676,0,102.4,0,7.38,0,5.84,2.02,8.01,0,-85.7,5.73,21.457,0,12.57,0,1.194,2.26,0,9.13
4/3/2026,22:15, ,gtmfmwq_15E101700_032726_050000.bin,Fort Matanzas,GTMNERR,0,52.725,0,34.8,0,2.687,0,102.3,0,7.36,0,6.31,2.18,8,0,-84.8,5.72,21.601,0,14.54,0,1.198,3.09,0,12.46
4/3/2026,22:30, ,gtmfmwq_15E101700_032726_050000.bin,Fort Matanzas,GTMNERR,0,52.443,0,34.59,0,2.688,0,104.5,0,7.46,0,8.3,2.85,7.96,0,-82.6,5.73,22.104,0,27.42,0,1.195,3.78,0,15.26
4/3/2026,22:45, ,gtmfmwq_15E101700_032726_050000.bin,Fort Matanzas,GTMNERR,0,52.322,0,34.49,0,2.679,0,104.4,0,7.4,0,9.43,3.23,7.95,0,-81.8,5.73,22.568,0,19.45,0,1.198,3.34,0,13.49
4/3/2026,23:00, ,gtmfmwq_15E101700_032726_050000.bin,Fort Matanzas,GTMNERR,0,52.44,0,34.58,0,2.645,0,102.7,0,7.26,0,9.14,3.14,7.93,0,-81.1,5.73,22.69,0,13.88,0,1.206,2.71,0,10.96
4/3/2026,23:15, ,gtmfmwq_15E101700_032726_050000.bin,Fort Matanzas,GTMNERR,0,52.487,0,34.61,0,2.606,0,100.4,0,7.04,0,9.48,3.25,7.91,0,-79.8,5.73,23.099,0,13.24,0,1.187,2.36,0,9.54
4/3/2026,23:30, ,gtmfmwq_15E101700_032726_050000.bin,Fort Matanzas,GTMNERR,0,52.513,0,34.62,0,2.554,0,97.8,0,6.82,0,9.92,3.4,7.89,0,-78.6,5.73,23.451,0,15.24,0,1.196,1.88,0,7.63
4/3/2026,23:45, ,gtmfmwq_15E101700_032726_050000.bin,Fort Matanzas,GTMNERR,0,52.53,0,34.63,0,2.51,0,97.8,0,6.77,0,9.94,3.4,7.88,0,-78.2,5.73,23.839,0,21.28,0,1.199,2.13,0,8.62
4/4/2026,00:00, ,gtmfmwq_15E101700_032726_050000.bin,Fort Matanzas,GTMNERR,0,52.539,0,34.63,0,2.461,0,96.3,0,6.64,0,10.38,3.55,7.86,0,-77.2,5.73,24.071,0,25.24,0,1.199,2.08,0,8.43
4/4/2026,00:15, ,gtmfmwq_15E101700_032726_050000.bin,Fort Matanzas,GTMNERR,0,52.54,0,34.63,0,2.409,0,93,0,6.39,0,11.13,3.8,7.84,0,-76.1,5.73,24.252,0,21.81,0,1.198,1.55,0,6.3
4/4/2026,00:30, ,gtmfmwq_15E101700_032726_050000.bin,Fort Matanzas,GTMNERR,0,52.524,0,34.61,0,2.344,0,95.5,0,6.56,0,11.5,3.93,7.85,0,-76.6,5.73,24.294,0,18.52,0,1.2,1.7,0,6.89
4/4/2026,00:45, ,gtmfmwq_15E101700_032726_050000.bin,Fort Matanzas,GTMNERR,0,52.534,0,34.62,0,2.288,0,90.3,0,6.2,0,11.91,4.07,7.82,0,-74.7,5.72,24.333,0,15.19,0,1.187,1.44,0,5.87
4/4/2026,01:00, ,gtmfmwq_15E101700_032726_050000.bin,Fort Matanzas,GTMNERR,0,52.523,0,34.61,0,2.233,0,92.5,0,6.35,0,11.95,4.08,7.84,0,-75.8,5.73,24.301,0,14.49,0,1.198,1.34,0,5.48
4/4/2026,01:15, ,gtmfmwq_15E101700_032726_050000.bin,Fort Matanzas,GTMNERR,0,52.529,0,34.62,0,2.183,0,93.3,0,6.42,0,11.76,4.02,7.84,0,-75.9,5.73,24.185,0,14.01,0,1.195,1.39,0,5.67
4/4/2026,01:30, ,gtmfmwq_15E101700_032726_050000.bin,Fort Matanzas,GTMNERR,0,52.551,0,34.65,0,2.133,0,90.3,0,6.27,0,11.46,3.92,7.85,0,-76.5,5.72,23.649,0,14.06,0,1.198,1.32,0,5.39
4/4/2026,01:45, ,gtmfmwq_15E101700_032726_050000.bin,Fort Matanzas,GTMNERR,0,52.627,0,34.72,0,2.081,0,90.2,0,6.36,0,10.65,3.64,7.87,0,-77.4,5.73,22.745,0,9.87,0,1.2,1.5,0,6.1
4/4/2026,02:00, ,gtmfmwq_15E101700_032726_050000.bin,Fort Matanzas,GTMNERR,0,52.539,0,34.65,0,2.033,0,71.1,0,4.98,0,10.82,3.7,7.77,0,-71.7,5.73,23.192,0,7.34,0,1.2,0.92,0,3.78
4/4/2026,02:15, ,gtmfmwq_15E101700_032726_050000.bin,Fort Matanzas,GTMNERR,0,52.469,0,34.59,0,1.982,0,83,0,5.8,0,11.61,3.97,7.82,0,-74.4,5.72,23.356,0,5.67,0,1.2,0.87,0,3.58
4/4/2026,02:30, ,gtmfmwq_15E101700_032726_050000.bin,Fort Matanzas,GTMNERR,0,52.468,0,34.59,0,1.93,0,87.9,0,6.13,0,11.85,4.05,7.84,0,-75.4,5.72,23.421,0,6.98,0,1.201,1.07,0,4.38
4/4/2026,02:45, ,gtmfmwq_15E101700_032726_050000.bin,Fort Matanzas,GTMNERR,0,52.493,0,34.6,0,1.881,0,91.4,0,6.35,0,11.85,4.05,7.85,0,-76.2,5.73,23.63,0,6.64,0,1.201,1.16,0,4.74
4/4/2026,03:00, ,gtmfmwq_15E101700_032726_050000.bin,Fort Matanzas,GTMNERR,0,52.464,0,34.58,0,1.834,0,90.4,0,6.29,0,11.79,4.03,7.85,0,-76.5,5.73,23.534,0,6.66,0,1.193,1.14,0,4.67
4/4/2026,03:15, ,gtmfmwq_15E101700_032726_050000.bin,Fort Matanzas,GTMNERR,0,52.485,0,34.6,0,1.788,0,91.4,0,6.36,0,11.99,4.1,7.86,0,-76.6,5.72,23.517,0,6.29,0,1.191,1.14,0,4.66
4/4/2026,03:30, ,gtmfmwq_15E101700_032726_050000.bin,Fort Matanzas,GTMNERR,0,52.466,0,34.59,0,1.742,0,90.2,0,6.29,0,11.78,4.02,7.86,0,-76.7,5.72,23.465,0,7.07,0,1.189,1.04,0,4.27
4/4/2026,03:45, ,gtmfmwq_15E101700_032726_050000.bin,Fort Matanzas,GTMNERR,0,52.479,0,34.6,0,1.695,0,89.9,0,6.28,0,11.57,3.95,7.86,0,-76.9,5.73,23.334,0,7.21,0,1.187,1.16,0,4.75
4/4/2026,04:00, ,gtmfmwq_15E101700_032726_050000.bin,Fort Matanzas,GTMNERR,0,52.547,0,34.65,0,1.649,0,86.6,0,6.08,0,11.2,3.83,7.86,0,-76.8,5.72,23.008,0,8.65,0,1.195,1.12,0,4.59
4/4/2026,04:15, ,gtmfmwq_15E101700_032726_050000.bin,Fort Matanzas,GTMNERR,0,52.607,0,34.7,0,1.605,0,85,0,5.99,0,11.29,3.86,7.86,0,-76.8,5.72,22.792,0,7.43,0,1.2,1.09,0,4.44
4/4/2026,04:30, ,gtmfmwq_15E101700_032726_050000.bin,Fort Matanzas,GTMNERR,0,52.65,0,34.74,0,1.57,0,81,0,5.74,0,11.31,3.87,7.85,0,-76.3,5.73,22.433,0,9.68,0,1.199,1.08,0,4.42
4/4/2026,04:45, ,gtmfmwq_15E101700_032726_050000.bin,Fort Matanzas,GTMNERR,0,52.639,0,34.73,0,1.536,0,80.8,0,5.73,0,11.03,3.77,7.85,0,-76.4,5.72,22.397,0,11.2,0,1.198,1.03,0,4.21
4/4/2026,05:00, ,gtmfmwq_15E101700_032726_050000.bin,Fort Matanzas,GTMNERR,0,52.606,0,34.71,0,1.514,0,83.2,0,5.89,0,10.62,3.63,7.86,0,-76.7,5.72,22.509,0,14.16,0,1.2,1.28,0,5.23
4/4/2026,05:15, ,gtmfmwq_15E101700_032726_050000.bin,Fort Matanzas,GTMNERR,0,52.737,0,34.81,0,1.499,0,87.3,0,6.26,0,8.25,2.83,7.91,0,-79.7,5.72,21.815,0,35.36,0,1.201,2.35,0,9.52
4/4/2026,05:30, ,gtmfmwq_15E101700_032726_050000.bin,Fort Matanzas,GTMNERR,0,52.837,0,34.9,0,1.499,0,86.9,0,6.34,0,7.18,2.48,7.94,0,-81.4,5.73,20.807,0,23.08,0,1.198,2.52,0,10.18
4/4/2026,05:45, ,gtmfmwq_15E101700_032726_050000.bin,Fort Matanzas,GTMNERR,0,52.857,0,34.91,0,1.513,0,88.6,0,6.48,0,6.98,2.41,7.95,0,-81.8,5.72,20.65,0,21.73,0,1.189,2.52,0,10.17
4/4/2026,06:00, ,gtmfmwq_15E101700_032726_050000.bin,Fort Matanzas,GTMNERR,0,52.879,0,34.93,0,1.551,0,91.1,0,6.68,0,6.57,2.27,7.98,0,-83.3,5.71,20.538,0,20.47,0,1.192,2.29,0,9.27
4/4/2026,06:15, ,gtmfmwq_15E101700_032726_050000.bin,Fort Matanzas,GTMNERR,0,52.824,0,34.89,0,1.589,0,91.8,0,6.71,0,7.01,2.42,7.97,0,-83.2,5.72,20.743,0,21.78,0,1.199,3.03,0,12.23
4/4/2026,06:30, ,gtmfmwq_15E101700_032726_050000.bin,Fort Matanzas,GTMNERR,0,52.785,0,34.86,0,1.642,0,91.9,0,6.69,0,7.18,2.47,7.97,0,-82.7,5.71,20.94,0,24.05,0,1.199,3.16,0,12.75
4/4/2026,06:45, ,gtmfmwq_15E101700_032726_050000.bin,Fort Matanzas,GTMNERR,0,52.742,0,34.82,0,1.696,0,91.7,0,6.66,0,7.41,2.55,7.96,0,-82.3,5.71,21.08,0,24.18,0,1.201,3.59,0,14.47
4/4/2026,07:00, ,gtmfmwq_15E101700_032726_050000.bin,Fort Matanzas,GTMNERR,0,52.793,0,34.86,0,1.751,0,91.7,0,6.69,0,6.91,2.38,7.97,0,-82.8,5.72,20.829,0,19.67,0,1.19,2.64,0,10.65
4/4/2026,07:15, ,gtmfmwq_15E101700_032726_050000.bin,Fort Matanzas,GTMNERR,0,52.802,0,34.87,0,1.812,0,91.7,0,6.69,0,6.9,2.38,7.97,0,-83,5.71,20.8,0,19.81,0,1.195,2.88,0,11.64
4/4/2026,07:30, ,gtmfmwq_15E101700_032726_050000.bin,Fort Matanzas,GTMNERR,0,52.762,0,34.84,0,1.876,0,91.4,0,6.65,0,7.38,2.54,7.96,0,-82.6,5.71,20.972,0,20.65,0,1.194,2.73,0,11.02
4/4/2026,07:45, ,gtmfmwq_15E101700_032726_050000.bin,Fort Matanzas,GTMNERR,0,52.76,0,34.84,0,1.941,0,91.5,0,6.66,0,7.4,2.55,7.96,0,-82.7,5.72,20.944,0,20.11,0,1.189,2.95,0,11.93
4/4/2026,08:00, ,gtmfmwq_15E101700_032726_050000.bin,Fort Matanzas,GTMNERR,0,52.753,0,34.83,0,1.998,0,91,0,6.62,0,7.3,2.51,7.96,0,-82.6,5.72,20.956,0,18.96,0,1.202,2.82,0,11.37
4/4/2026,08:15, ,gtmfmwq_15E101700_032726_050000.bin,Fort Matanzas,GTMNERR,0,52.766,0,34.84,0,2.059,0,90.7,0,6.61,0,7.5,2.58,7.96,0,-82.6,5.71,20.913,0,17.02,0,1.198,2.78,0,11.23
4/4/2026,08:30, ,gtmfmwq_15E101700_032726_050000.bin,Fort Matanzas,GTMNERR,0,52.774,0,34.85,0,2.117,0,90.5,0,6.59,0,7.29,2.51,7.96,0,-82.3,5.71,20.867,0,19.93,0,1.196,2.56,0,10.37
4/4/2026,08:45, ,gtmfmwq_15E101700_032726_050000.bin,Fort Matanzas,GTMNERR,0,52.794,0,34.86,0,2.166,0,90.3,0,6.59,0,6.29,2.17,7.96,0,-82.4,5.72,20.784,0,139.5,0,1.198,6.63,0,26.67
4/4/2026,09:00, ,gtmfmwq_15E101700_032726_050000.bin,Fort Matanzas,GTMNERR,0,52.828,0,34.89,0,2.232,0,89.8,0,6.57,0,6.54,2.26,7.96,0,-82.5,5.71,20.608,0,16.99,0,1.198,2.72,0,10.97
4/4/2026,09:15, ,gtmfmwq_15E101700_032726_050000.bin,Fort Matanzas,GTMNERR,0,52.854,0,34.91,0,2.289,0,87.6,0,6.43,0,6.08,2.1,7.95,0,-81.7,5.71,20.409,0,14.57,0,1.204,2.63,0,10.63
4/4/2026,09:30, ,gtmfmwq_15E101700_032726_050000.bin,Fort Matanzas,GTMNERR,0,52.871,0,34.92,0,2.339,0,71.9,0,5.29,0,6.03,2.09,7.89,0,-77.8,5.72,20.315,0,15.61,0,1.207,1.48,0,6.04
4/4/2026,09:45, ,gtmfmwq_15E101700_032726_050000.bin,Fort Matanzas,GTMNERR,0,52.871,0,34.92,0,2.379,0,82.8,0,6.1,0,6.05,2.09,7.93,0,-80.5,5.7,20.288,0,15.84,0,1.194,2.82,0,11.37
4/4/2026,10:00, ,gtmfmwq_15E101700_032726_050000.bin,Fort Matanzas,GTMNERR,0,52.872,0,34.92,0,2.412,0,83.9,0,6.18,0,6.17,2.13,7.94,0,-81,5.71,20.25,0,17.65,0,1.188,3.34,0,13.49
4/4/2026,10:15, ,gtmfmwq_15E101700_032726_050000.bin,Fort Matanzas,GTMNERR,0,52.894,0,34.94,0,2.439,0,89.4,0,6.58,0,6.18,2.14,7.97,0,-82.6,5.71,20.305,0,14.59,0,1.195,2.67,0,10.79
4/4/2026,10:30, ,gtmfmwq_15E101700_032726_050000.bin,Fort Matanzas,GTMNERR,0,52.794,0,34.86,0,2.45,0,92.4,0,6.74,0,6.91,2.38,7.97,0,-82.7,5.7,20.873,0,11.88,0,1.201,2.15,0,8.72
4/4/2026,10:45, ,gtmfmwq_15E101700_032726_050000.bin,Fort Matanzas,GTMNERR,0,52.8,0,34.87,0,2.454,0,89.1,0,6.47,0,7.18,2.47,7.96,0,-82.4,5.7,21.018,0,13.94,0,1.199,2.27,0,9.17
4/4/2026,11:00, ,gtmfmwq_15E101700_032726_050000.bin,Fort Matanzas,GTMNERR,0,52.739,0,34.82,0,2.44,0,91.4,0,6.6,0,7.45,2.56,7.94,0,-81.5,5.71,21.365,0,17.45,0,1.201,2.49,0,10.08
4/4/2026,11:15, ,gtmfmwq_15E101700_032726_050000.bin,Fort Matanzas,GTMNERR,0,52.762,0,34.83,0,2.408,0,93.5,0,6.74,0,7.53,2.59,7.96,0,-82.2,5.71,21.454,0,14.9,0,1.193,2.56,0,10.33
4/4/2026,11:30, ,gtmfmwq_15E101700_032726_050000.bin,Fort Matanzas,GTMNERR,0,52.778,0,34.84,0,2.37,0,93.7,0,6.73,0,7.73,2.66,7.94,0,-81.2,5.71,21.704,0,18.04,0,1.195,2.15,0,8.71
4/4/2026,11:45, ,gtmfmwq_15E101700_032726_050000.bin,Fort Matanzas,GTMNERR,0,52.744,0,34.81,0,2.335,0,92.1,0,6.57,0,8.28,2.84,7.92,0,-80,5.71,22.043,0,16.74,0,1.206,2.16,0,8.75
4/4/2026,12:00, ,gtmfmwq_15E101700_032726_050000.bin,Fort Matanzas,GTMNERR,0,52.689,0,34.77,0,2.293,0,90.8,0,6.43,0,9.18,3.15,7.89,0,-78.4,5.71,22.441,0,13.23,0,1.202,1.65,0,6.72
4/4/2026,12:15, ,gtmfmwq_15E101700_032726_050000.bin,Fort Matanzas,GTMNERR,0,52.658,0,34.74,0,2.245,0,88.6,0,6.26,0,9.69,3.32,7.87,0,-77.6,5.7,22.66,0,13.09,0,1.197,1.44,0,5.84
4/4/2026,12:30, ,gtmfmwq_15E101700_032726_050000.bin,Fort Matanzas,GTMNERR,0,52.643,0,34.73,0,2.2,0,90.5,0,6.37,0,9.68,3.32,7.87,0,-77.3,5.71,22.855,0,13.19,0,1.205,1.39,0,5.67
4/4/2026,12:45, ,gtmfmwq_15E101700_032726_050000.bin,Fort Matanzas,GTMNERR,0,52.612,0,34.7,0,2.149,0,89.3,0,6.25,0,10.41,3.56,7.85,0,-76,5.71,23.158,0,13.64,0,1.201,1.33,0,5.42
4/4/2026,13:00, ,gtmfmwq_15E101700_032726_050000.bin,Fort Matanzas,GTMNERR,0,52.644,0,34.72,0,2.103,0,91.3,0,6.38,0,10.13,3.47,7.86,0,-76.6,5.71,23.268,0,12.11,0,1.195,1.41,0,5.74
4/4/2026,13:15, ,gtmfmwq_15E101700_032726_050000.bin,Fort Matanzas,GTMNERR,0,52.619,0,34.7,0,2.057,0,90.7,0,6.33,0,10.43,3.57,7.84,0,-75.8,5.71,23.401,0,11.9,0,1.195,1.35,0,5.48
4/4/2026,13:30, ,gtmfmwq_15E101700_032726_050000.bin,Fort Matanzas,GTMNERR,0,52.623,0,34.7,0,2.012,0,90.4,0,6.3,0,10.26,3.51,7.85,0,-76.3,5.71,23.445,0,9.56,0,1.198,1.2,0,4.89
4/4/2026,13:45, ,gtmfmwq_15E101700_032726_050000.bin,Fort Matanzas,GTMNERR,0,52.882,0,34.89,0,1.968,0,97.8,0,6.78,0,7.72,2.65,7.9,0,-79.6,5.7,23.709,0,14.72,0,1.2,1.12,0,4.56
4/4/2026,14:00, ,gtmfmwq_15E101700_032726_050000.bin,Fort Matanzas,GTMNERR,0,52.939,0,34.93,0,1.921,0,106.9,0,7.37,0,7.13,2.46,7.93,0,-80.9,5.71,23.972,0,17.38,0,1.2,1.13,0,4.61
4/4/2026,14:15, ,gtmfmwq_15E101700_032726_050000.bin,Fort Matanzas,GTMNERR,0,52.753,0,34.8,0,1.876,0,96.8,0,6.72,0,8.83,3.03,7.88,0,-78.3,5.71,23.613,0,11.73,0,1.2,1.17,0,4.77
4/4/2026,14:30, ,gtmfmwq_15E101700_032726_050000.bin,Fort Matanzas,GTMNERR,0,52.743,0,34.79,0,1.831,0,95.2,0,6.59,0,9.07,3.11,7.87,0,-77.3,5.7,23.76,0,8.62,0,1.198,1.14,0,4.67
4/4/2026,14:45, ,gtmfmwq_15E101700_032726_050000.bin,Fort Matanzas,GTMNERR,0,52.661,0,34.73,0,1.786,0,93.9,0,6.53,0,9.55,3.27,7.86,0,-76.8,5.71,23.539,0,15.64,0,1.195,1.5,0,6.09
4/4/2026,15:00, ,gtmfmwq_15E101700_032726_050000.bin,Fort Matanzas,GTMNERR,0,52.664,0,34.73,0,1.736,0,94,0,6.54,0,10.05,3.44,7.85,0,-76.3,5.71,23.554,0,8.63,0,1.193,1.16,0,4.75
4/4/2026,15:15, ,gtmfmwq_15E101700_032726_050000.bin,Fort Matanzas,GTMNERR,0,52.677,0,34.74,0,1.688,0,95,0,6.62,0,9.9,3.39,7.87,0,-77.3,5.7,23.46,0,13.32,0,1.192,1.62,0,6.56
4/4/2026,15:30, ,gtmfmwq_15E101700_032726_050000.bin,Fort Matanzas,GTMNERR,0,52.658,0,34.73,0,1.642,0,95.6,0,6.64,0,10.1,3.46,7.86,0,-77.1,5.71,23.645,0,9.01,0,1.202,1.54,0,6.25
4/4/2026,15:45, ,gtmfmwq_15E101700_032726_050000.bin,Fort Matanzas,GTMNERR,0,52.719,0,34.77,0,1.596,0,99.4,0,6.89,0,9.48,3.25,7.88,0,-78.1,5.71,23.782,0,9.48,0,1.205,1.58,0,6.4
4/4/2026,16:00, ,gtmfmwq_15E101700_032726_050000.bin,Fort Matanzas,GTMNERR,0,52.71,0,34.76,0,1.554,0,101.3,0,7,0,9.14,3.13,7.89,0,-78.5,5.71,23.873,0,9.95,0,1.202,1.6,0,6.49
4/4/2026,16:15, ,gtmfmwq_15E101700_032726_050000.bin,Fort Matanzas,GTMNERR,0,52.734,0,34.78,0,1.513,0,101,0,6.99,0,9.22,3.16,7.89,0,-78.6,5.71,23.824,0,9.87,0,1.19,1.67,0,6.77
4/4/2026,16:30, ,gtmfmwq_15E101700_032726_050000.bin,Fort Matanzas,GTMNERR,0,52.751,0,34.79,0,1.479,0,101.9,0,7.07,0,8.55,2.94,7.9,0,-79.1,5.71,23.647,0,18.52,0,1.193,2.1,0,8.5
4/4/2026,16:45, ,gtmfmwq_15E101700_032726_050000.bin,Fort Matanzas,GTMNERR,0,52.757,0,34.8,0,1.449,0,99.8,0,6.94,0,8.64,2.97,7.89,0,-78.6,5.71,23.46,0,15.77,0,1.205,1.95,0,7.9
4/4/2026,17:00, ,gtmfmwq_15E101700_032726_050000.bin,Fort Matanzas,GTMNERR,0,52.778,0,34.83,0,1.445,0,102.3,0,7.19,0,7.57,2.61,7.92,0,-80.4,5.7,22.9,0,23,0,1.204,2.87,0,11.58
4/4/2026,17:15, ,gtmfmwq_15E101700_032726_050000.bin,Fort Matanzas,GTMNERR,0,52.907,0,34.93,0,1.448,0,109.3,0,7.79,0,6.01,2.08,7.97,0,-83.3,5.7,22.12,0,54.86,0,1.2,5.18,0,20.86
4/4/2026,17:30, ,gtmfmwq_15E101700_032726_050000.bin,Fort Matanzas,GTMNERR,0,52.896,0,34.93,0,1.474,0,110.4,0,7.91,0,5.85,2.03,7.98,0,-83.8,5.71,21.761,0,43.1,0,1.199,6.16,0,24.76
4/4/2026,17:45, ,gtmfmwq_15E101700_032726_050000.bin,Fort Matanzas,GTMNERR,0,52.88,0,34.92,0,1.502,0,111.2,0,7.98,0,5.9,2.04,7.99,0,-84.1,5.7,21.65,0,36.35,0,1.193,5.89,0,23.71
4/4/2026,18:00, ,gtmfmwq_15E101700_032726_050000.bin,Fort Matanzas,GTMNERR,0,52.772,0,34.84,0,1.54,0,111.9,0,8.02,0,6.79,2.34,7.98,0,-84,5.7,21.781,0,34.53,0,1.19,5.21,0,20.96
4/4/2026,18:15, ,gtmfmwq_15E101700_032726_050000.bin,Fort Matanzas,GTMNERR,0,52.633,0,34.73,0,1.587,0,111.1,0,7.9,0,7.8,2.68,7.97,0,-83,5.7,22.287,0,37.87,0,1.199,5.67,0,22.82
4/4/2026,18:30, ,gtmfmwq_15E101700_032726_050000.bin,Fort Matanzas,GTMNERR,0,52.577,0,34.68,0,1.644,0,110.9,0,7.84,0,8.38,2.88,7.96,0,-82.7,5.7,22.605,0,38.09,0,1.195,5.41,0,21.77
4/4/2026,18:45, ,gtmfmwq_15E101700_032726_050000.bin,Fort Matanzas,GTMNERR,0,52.617,0,34.72,0,1.711,0,110,0,7.81,0,8.19,2.81,7.96,0,-82.5,5.7,22.391,0,35.77,0,1.195,5.47,0,22.02
4/4/2026,19:00, ,gtmfmwq_15E101700_032726_050000.bin,Fort Matanzas,GTMNERR,0,52.577,0,34.68,0,1.779,0,109.1,0,7.73,0,8.44,2.9,7.95,0,-82.3,5.7,22.531,0,35.32,0,1.198,6.16,0,24.8
4/4/2026,19:15, ,gtmfmwq_15E101700_032726_050000.bin,Fort Matanzas,GTMNERR,0,52.597,0,34.7,0,1.853,0,108.5,0,7.7,0,8.16,2.8,7.95,0,-82.3,5.7,22.378,0,39.1,0,1.198,5.44,0,21.89
4/4/2026,19:30, ,gtmfmwq_15E101700_032726_050000.bin,Fort Matanzas,GTMNERR,0,52.653,0,34.75,0,1.917,0,108,0,7.7,0,7.91,2.72,7.95,0,-82.1,5.7,22.135,0,32.23,0,1.201,5.42,0,21.8
4/4/2026,19:45, ,gtmfmwq_15E101700_032726_050000.bin,Fort Matanzas,GTMNERR,0,52.697,0,34.78,0,1.98,0,107.9,0,7.72,0,7.38,2.54,7.96,0,-82.7,5.7,21.917,0,35.44,0,1.194,5.84,0,23.5
4/4/2026,20:00, ,gtmfmwq_15E101700_032726_050000.bin,Fort Matanzas,GTMNERR,0,52.746,0,34.82,0,2.05,0,108.3,0,7.77,0,6.87,2.37,7.97,0,-83.3,5.7,21.768,0,47.76,0,1.191,6.44,0,25.9
4/4/2026,20:15, ,gtmfmwq_15E101700_032726_050000.bin,Fort Matanzas,GTMNERR,0,52.802,0,34.86,0,2.121,0,108,0,7.76,0,6.34,2.19,7.98,0,-83.9,5.69,21.649,0,41.93,0,1.199,5.88,0,23.64
4/4/2026,20:30, ,gtmfmwq_15E101700_032726_050000.bin,Fort Matanzas,GTMNERR,0,52.886,0,34.93,0,2.195,0,105.8,0,7.63,0,5.67,1.96,8,0,-84.9,5.7,21.46,0,34.83,0,1.195,5.45,0,21.94
4/4/2026,20:45, ,gtmfmwq_15E101700_032726_050000.bin,Fort Matanzas,GTMNERR,0,52.936,0,34.96,0,2.268,0,104.4,0,7.54,0,5.47,1.9,8,0,-85,5.7,21.313,0,22,0,1.191,3.76,0,15.16
4/4/2026,21:00, ,gtmfmwq_15E101700_032726_050000.bin,Fort Matanzas,GTMNERR,0,52.971,0,34.99,0,2.341,0,103,0,7.44,0,5.11,1.78,8.01,0,-85.3,5.69,21.296,0,19.59,0,1.199,4.03,0,16.23
4/4/2026,21:15, ,gtmfmwq_15E101700_032726_050000.bin,Fort Matanzas,GTMNERR,0,52.979,0,35,0,2.415,0,100.7,0,7.27,0,5.01,1.74,8,0,-84.9,5.7,21.335,0,16.82,0,1.193,6,0,24.15
4/4/2026,21:30, ,gtmfmwq_15E101700_032726_050000.bin,Fort Matanzas,GTMNERR,0,52.983,0,35,0,2.476,0,99.5,0,7.18,0,5.27,1.83,8,0,-84.8,5.7,21.376,0,12.22,0,1.193,2.2,0,8.93
4/4/2026,21:45, ,gtmfmwq_15E101700_032726_050000.bin,Fort Matanzas,GTMNERR,0,52.99,0,35,0,2.537,0,90.8,0,6.55,0,5.03,1.75,7.97,0,-82.9,5.7,21.409,0,12.5,0,1.188,2.02,0,8.18
4/4/2026,22:00, ,gtmfmwq_15E101700_032726_050000.bin,Fort Matanzas,GTMNERR,0,52.992,0,35,0,2.587,0,59.6,0,4.3,0,5.43,1.88,7.85,0,-76,5.69,21.412,0,10.66,0,1.195,1.85,0,7.52
4/4/2026,22:15, ,gtmfmwq_15E101700_032726_050000.bin,Fort Matanzas,GTMNERR,0,52.982,0,35,0,2.631,0,74.5,0,5.38,0,5.52,1.91,7.91,0,-79.6,5.7,21.397,0,11.11,0,1.2,1.98,0,8.02
4/4/2026,22:30, ,gtmfmwq_15E101700_032726_050000.bin,Fort Matanzas,GTMNERR,0,52.968,0,34.99,0,2.665,0,87.4,0,6.3,0,5.51,1.91,7.95,0,-81.7,5.7,21.367,0,10.49,0,1.206,2.43,0,9.84
4/4/2026,22:45, ,gtmfmwq_15E101700_032726_050000.bin,Fort Matanzas,GTMNERR,0,52.975,0,34.99,0,2.686,0,93.2,0,6.72,0,5.36,1.86,7.98,0,-83.6,5.69,21.412,0,13.1,0,1.202,2.8,0,11.31
4/4/2026,23:00, ,gtmfmwq_15E101700_032726_050000.bin,Fort Matanzas,GTMNERR,0,52.897,0,34.93,0,2.698,0,104.2,0,7.5,0,5.85,2.02,8,0,-85,5.69,21.547,0,16.57,0,1.196,4.82,0,19.41
4/4/2026,23:15, ,gtmfmwq_15E101700_032726_050000.bin,Fort Matanzas,GTMNERR,0,52.678,0,34.77,0,2.691,0,104.3,0,7.45,0,8.26,2.84,7.96,0,-82.3,5.7,22.044,0,23.86,0,1.196,4.96,0,19.97
4/4/2026,23:30, ,gtmfmwq_15E101700_032726_050000.bin,Fort Matanzas,GTMNERR,0,52.653,0,34.74,0,2.669,0,103.6,0,7.37,0,8.38,2.88,7.95,0,-81.8,5.69,22.238,0,25.96,0,1.192,4.67,0,18.82
4/4/2026,23:45, ,gtmfmwq_15E101700_032726_050000.bin,Fort Matanzas,GTMNERR,0,52.789,0,34.83,0,2.633,0,101.1,0,7.09,0,8.56,2.94,7.92,0,-80.1,5.69,23.01,0,18.38,0,1.207,4.28,0,17.25
4/5/2026,00:00, ,gtmfmwq_15E101700_032726_050000.bin,Fort Matanzas,GTMNERR,0,52.773,0,34.81,0,2.584,0,99,0,6.9,0,9.02,3.09,7.9,0,-79.1,5.7,23.422,0,19.74,0,1.205,3.36,0,13.55
4/5/2026,00:15, ,gtmfmwq_15E101700_032726_050000.bin,Fort Matanzas,GTMNERR,0,52.771,0,34.81,0,2.542,0,98.3,0,6.81,0,9.37,3.21,7.88,0,-78.4,5.7,23.753,0,23.07,0,1.197,3.11,0,12.54
4/5/2026,00:30, ,gtmfmwq_15E101700_032726_050000.bin,Fort Matanzas,GTMNERR,0,52.748,0,34.78,0,2.498,0,97.5,0,6.72,0,9.69,3.32,7.87,0,-77.6,5.7,24.021,0,26.88,0,1.202,2.61,0,10.57
4/5/2026,00:45, ,gtmfmwq_15E101700_032726_050000.bin,Fort Matanzas,GTMNERR,0,52.732,0,34.77,0,2.444,0,94,0,6.45,0,10.26,3.51,7.85,0,-76.4,5.69,24.336,0,29.79,0,1.188,2.93,0,11.85
4/5/2026,01:00, ,gtmfmwq_15E101700_032726_050000.bin,Fort Matanzas,GTMNERR,0,52.715,0,34.75,0,2.383,0,95.7,0,6.54,0,10.8,3.7,7.85,0,-76.4,5.7,24.524,0,28.97,0,1.19,2.72,0,11
4/5/2026,01:15, ,gtmfmwq_15E101700_032726_050000.bin,Fort Matanzas,GTMNERR,0,52.708,0,34.74,0,2.325,0,94.7,0,6.47,0,10.9,3.73,7.84,0,-76.1,5.69,24.582,0,28.81,0,1.189,2.64,0,10.65
4/5/2026,01:30, ,gtmfmwq_15E101700_032726_050000.bin,Fort Matanzas,GTMNERR,0,52.711,0,34.75,0,2.264,0,90.8,0,6.21,0,11.34,3.88,7.83,0,-75.4,5.69,24.538,0,21.4,0,1.189,2.02,0,8.2
4/5/2026,01:45, ,gtmfmwq_15E101700_032726_050000.bin,Fort Matanzas,GTMNERR,0,52.748,0,34.78,0,2.212,0,85.1,0,5.83,0,11.43,3.91,7.83,0,-75,5.7,24.41,0,23.42,0,1.198,1.88,0,7.61
4/5/2026,02:00, ,gtmfmwq_15E101700_032726_050000.bin,Fort Matanzas,GTMNERR,0,52.639,0,34.7,0,2.16,0,88.5,0,6.08,0,11.23,3.84,7.82,0,-74.8,5.69,24.257,0,13.42,0,1.205,1.71,0,6.95
4/5/2026,02:15, ,gtmfmwq_15E101700_032726_050000.bin,Fort Matanzas,GTMNERR,0,52.731,0,34.78,0,2.11,0,90.8,0,6.32,0,10.42,3.57,7.86,0,-76.6,5.7,23.426,0,13.99,0,1.195,1.94,0,7.88
4/5/2026,02:30, ,gtmfmwq_15E101700_032726_050000.bin,Fort Matanzas,GTMNERR,0,52.741,0,34.79,0,2.061,0,74.4,0,5.2,0,10.21,3.5,7.79,0,-72.8,5.7,23.274,0,9.72,0,1.191,1.27,0,5.18
4/5/2026,02:45, ,gtmfmwq_15E101700_032726_050000.bin,Fort Matanzas,GTMNERR,0,52.704,0,34.76,0,2.011,0,83.6,0,5.8,0,11.01,3.77,7.81,0,-74.2,5.69,23.718,0,9.04,0,1.195,1.15,0,4.71
4/5/2026,03:00, ,gtmfmwq_15E101700_032726_050000.bin,Fort Matanzas,GTMNERR,0,52.72,0,34.77,0,1.961,0,88.5,0,6.15,0,11.05,3.78,7.84,0,-75.7,5.69,23.564,0,9.39,0,1.19,1.56,0,6.34
4/5/2026,03:15, ,gtmfmwq_15E101700_032726_050000.bin,Fort Matanzas,GTMNERR,0,52.707,0,34.76,0,1.915,0,90.6,0,6.25,0,11.6,3.96,7.84,0,-75.6,5.7,24.006,0,7.74,0,1.188,1.62,0,6.58
4/5/2026,03:30, ,gtmfmwq_15E101700_032726_050000.bin,Fort Matanzas,GTMNERR,0,52.7,0,34.75,0,1.87,0,90.4,0,6.24,0,11.71,4,7.84,0,-75.6,5.7,24.019,0,6.8,0,1.195,1.29,0,5.26
4/5/2026,03:45, ,gtmfmwq_15E101700_032726_050000.bin,Fort Matanzas,GTMNERR,0,52.727,0,34.78,0,1.824,0,87.8,0,6.09,0,11.46,3.92,7.84,0,-75.6,5.69,23.668,0,9.17,0,1.2,1.69,0,6.88
4/5/2026,04:00, ,gtmfmwq_15E101700_032726_050000.bin,Fort Matanzas,GTMNERR,0,52.708,0,34.76,0,1.781,0,90.8,0,6.28,0,11.83,4.04,7.84,0,-75.8,5.69,23.856,0,8.53,0,1.205,1.54,0,6.25
4/5/2026,04:15, ,gtmfmwq_15E101700_032726_050000.bin,Fort Matanzas,GTMNERR,0,52.724,0,34.78,0,1.738,0,88.9,0,6.19,0,11.22,3.84,7.85,0,-76.1,5.7,23.516,0,10.1,0,1.207,1.55,0,6.31
4/5/2026,04:30, ,gtmfmwq_15E101700_032726_050000.bin,Fort Matanzas,GTMNERR,0,52.723,0,34.78,0,1.695,0,88.7,0,6.19,0,11.25,3.85,7.85,0,-76.1,5.69,23.379,0,9.22,0,1.199,1.59,0,6.46
4/5/2026,04:45, ,gtmfmwq_15E101700_032726_050000.bin,Fort Matanzas,GTMNERR,0,52.764,0,34.81,0,1.655,0,88.1,0,6.17,0,11.06,3.78,7.85,0,-76.4,5.69,23.103,0,9.32,0,1.19,1.5,0,6.08
4/5/2026,05:00, ,gtmfmwq_15E101700_032726_050000.bin,Fort Matanzas,GTMNERR,0,52.794,0,34.84,0,1.618,0,85.5,0,6.01,0,10.82,3.7,7.85,0,-76.5,5.7,22.865,0,9.11,0,1.189,1.46,0,5.94
4/5/2026,05:15, ,gtmfmwq_15E101700_032726_050000.bin,Fort Matanzas,GTMNERR,0,52.866,0,34.9,0,1.586,0,81.2,0,5.75,0,10.77,3.68,7.85,0,-75.9,5.68,22.47,0,11.66,0,1.195,1.36,0,5.52
4/5/2026,05:30, ,gtmfmwq_15E101700_032726_050000.bin,Fort Matanzas,GTMNERR,0,52.843,0,34.88,0,1.559,0,81,0,5.75,0,10.72,3.67,7.85,0,-75.8,5.69,22.338,0,12.22,0,1.193,1.41,0,5.74
4/5/2026,05:45, ,gtmfmwq_15E101700_032726_050000.bin,Fort Matanzas,GTMNERR,0,52.834,0,34.88,0,1.542,0,81.8,0,5.8,0,10.34,3.54,7.85,0,-76.1,5.69,22.388,0,18.9,0,1.2,1.64,0,6.66
4/5/2026,06:00, ,gtmfmwq_15E101700_032726_050000.bin,Fort Matanzas,GTMNERR,0,52.876,0,34.92,0,1.543,0,87.1,0,6.24,0,7.76,2.67,7.91,0,-79.3,5.69,21.767,0,40.14,0,1.206,2.79,0,11.26
4/5/2026,06:15, ,gtmfmwq_15E101700_032726_050000.bin,Fort Matanzas,GTMNERR,0,52.965,0,34.99,0,1.55,0,85.3,0,6.2,0,7.27,2.5,7.92,0,-80.2,5.69,20.921,0,28.85,0,1.2,2.56,0,10.33
4/5/2026,06:30, ,gtmfmwq_15E101700_032726_050000.bin,Fort Matanzas,GTMNERR,0,52.935,0,34.97,0,1.576,0,88.1,0,6.43,0,7.06,2.43,7.95,0,-81.7,5.68,20.763,0,21.73,0,1.193,2.53,0,10.22
4/5/2026,06:45, ,gtmfmwq_15E101700_032726_050000.bin,Fort Matanzas,GTMNERR,0,52.941,0,34.97,0,1.612,0,90,0,6.58,0,6.72,2.32,7.97,0,-82.6,5.69,20.648,0,21.01,0,1.193,2.67,0,10.79
4/5/2026,07:00, ,gtmfmwq_15E101700_032726_050000.bin,Fort Matanzas,GTMNERR,0,52.863,0,34.91,0,1.643,0,90.5,0,6.59,0,6.92,2.39,7.96,0,-82.5,5.68,20.883,0,26.63,0,1.199,2.97,0,12
4/5/2026,07:15, ,gtmfmwq_15E101700_032726_050000.bin,Fort Matanzas,GTMNERR,0,52.834,0,34.89,0,1.698,0,90.5,0,6.57,0,7.18,2.47,7.96,0,-82.2,5.68,21.047,0,25.65,0,1.197,2.86,0,11.57
4/5/2026,07:30, ,gtmfmwq_15E101700_032726_050000.bin,Fort Matanzas,GTMNERR,0,52.909,0,34.95,0,1.747,0,90.7,0,6.62,0,6.63,2.29,7.97,0,-82.7,5.69,20.768,0,22.54,0,1.199,2.79,0,11.29
4/5/2026,07:45, ,gtmfmwq_15E101700_032726_050000.bin,Fort Matanzas,GTMNERR,0,52.916,0,34.95,0,1.808,0,90.9,0,6.63,0,6.68,2.3,7.96,0,-82.5,5.67,20.774,0,20.72,0,1.201,2.26,0,9.13
4/5/2026,08:00, ,gtmfmwq_15E101700_032726_050000.bin,Fort Matanzas,GTMNERR,0,52.875,0,34.92,0,1.869,0,90.8,0,6.61,0,6.85,2.36,7.96,0,-82.2,5.68,20.883,0,16.61,0,1.195,2.71,0,10.94
4/5/2026,08:15, ,gtmfmwq_15E101700_032726_050000.bin,Fort Matanzas,GTMNERR,0,52.875,0,34.92,0,1.931,0,90.8,0,6.61,0,6.91,2.38,7.96,0,-82.6,5.68,20.891,0,19.96,0,1.188,3.1,0,12.52
4/5/2026,08:30, ,gtmfmwq_15E101700_032726_050000.bin,Fort Matanzas,GTMNERR,0,52.896,0,34.94,0,1.984,0,91.4,0,6.66,0,6.68,2.3,7.97,0,-82.7,5.69,20.851,0,17.63,0,1.195,2.86,0,11.56
4/5/2026,08:45, ,gtmfmwq_15E101700_032726_050000.bin,Fort Matanzas,GTMNERR,0,52.906,0,34.95,0,2.037,0,91.2,0,6.65,0,6.58,2.27,7.96,0,-82.4,5.68,20.831,0,16.38,0,1.2,2.75,0,11.11
4/5/2026,09:00, ,gtmfmwq_15E101700_032726_050000.bin,Fort Matanzas,GTMNERR,0,52.915,0,34.95,0,2.092,0,91.3,0,6.65,0,6.58,2.27,7.97,0,-82.7,5.68,20.813,0,16.25,0,1.198,3.73,0,15.06
4/5/2026,09:15, ,gtmfmwq_15E101700_032726_050000.bin,Fort Matanzas,GTMNERR,0,52.928,0,34.96,0,2.14,0,90.7,0,6.62,0,6.36,2.2,7.96,0,-82.6,5.68,20.777,0,13.79,0,1.199,2.82,0,11.41
4/5/2026,09:30, ,gtmfmwq_15E101700_032726_050000.bin,Fort Matanzas,GTMNERR,0,52.94,0,34.97,0,2.189,0,90.5,0,6.59,0,6.21,2.15,7.96,0,-82.3,5.68,20.841,0,14,0,1.196,2.62,0,10.58
4/5/2026,09:45, ,gtmfmwq_15E101700_032726_050000.bin,Fort Matanzas,GTMNERR,0,52.943,0,34.97,0,2.239,0,88.3,0,6.45,0,6.3,2.18,7.95,0,-81.7,5.68,20.667,0,12.97,0,1.194,3.6,0,14.51
4/5/2026,10:00, ,gtmfmwq_15E101700_032726_050000.bin,Fort Matanzas,GTMNERR,0,52.95,0,34.98,0,2.281,0,87.8,0,6.42,0,4.91,1.71,7.95,0,-81.9,5.69,20.578,0,107.27,0,1.191,9.67,0,38.85
4/5/2026,10:15, ,gtmfmwq_15E101700_032726_050000.bin,Fort Matanzas,GTMNERR,0,52.961,0,34.99,0,2.318,0,80.5,0,5.89,0,6.12,2.12,7.93,0,-80.7,5.68,20.619,0,13.03,0,1.198,2.8,0,11.33
4/5/2026,10:30, ,gtmfmwq_15E101700_032726_050000.bin,Fort Matanzas,GTMNERR,0,52.959,0,34.99,0,2.353,0,84.6,0,6.19,0,6.12,2.11,7.94,0,-81.3,5.67,20.604,0,20.73,0,1.199,2.88,0,11.63
4/5/2026,10:45, ,gtmfmwq_15E101700_032726_050000.bin,Fort Matanzas,GTMNERR,0,52.963,0,34.99,0,2.378,0,83.6,0,6.12,0,6.17,2.13,7.92,0,-79.7,5.68,20.604,0,14.65,0,1.199,2.15,0,8.7
4/5/2026,11:00, ,gtmfmwq_15E101700_032726_050000.bin,Fort Matanzas,GTMNERR,0,52.954,0,34.98,0,2.388,0,85.4,0,6.23,0,6.44,2.22,7.93,0,-80.6,5.67,20.733,0,14.38,0,1.197,2.04,0,8.27
4/5/2026,11:15, ,gtmfmwq_15E101700_032726_050000.bin,Fort Matanzas,GTMNERR,0,52.89,0,34.93,0,2.396,0,90,0,6.55,0,6.6,2.28,7.96,0,-82.5,5.68,20.927,0,14.26,0,1.203,2.1,0,8.51
4/5/2026,11:30, ,gtmfmwq_15E101700_032726_050000.bin,Fort Matanzas,GTMNERR,0,52.889,0,34.93,0,2.39,0,88.6,0,6.43,0,6.93,2.39,7.95,0,-81.8,5.68,21.058,0,17.68,0,1.202,1.91,0,7.74
4/5/2026,11:45, ,gtmfmwq_15E101700_032726_050000.bin,Fort Matanzas,GTMNERR,0,52.884,0,34.93,0,2.369,0,90.9,0,6.57,0,7.28,2.51,7.95,0,-82,5.68,21.31,0,17.21,0,1.203,2.47,0,9.98
4/5/2026,12:00, ,gtmfmwq_15E101700_032726_050000.bin,Fort Matanzas,GTMNERR,0,52.848,0,34.9,0,2.34,0,92.2,0,6.64,0,7.58,2.61,7.95,0,-81.6,5.68,21.508,0,16.87,0,1.206,2.67,0,10.78
4/5/2026,12:15, ,gtmfmwq_15E101700_032726_050000.bin,Fort Matanzas,GTMNERR,0,52.884,0,34.92,0,2.305,0,92.9,0,6.67,0,7.95,2.73,7.94,0,-81.2,5.68,21.692,0,12.93,0,1.204,2.38,0,9.62
4/5/2026,12:30, ,gtmfmwq_15E101700_032726_050000.bin,Fort Matanzas,GTMNERR,0,52.887,0,34.92,0,2.262,0,94.2,0,6.7,0,8.24,2.83,7.92,0,-80.2,5.68,22.143,0,13.99,0,1.193,2.2,0,8.93
4/5/2026,12:45, ,gtmfmwq_15E101700_032726_050000.bin,Fort Matanzas,GTMNERR,0,52.86,0,34.89,0,2.212,0,93.5,0,6.6,0,9.52,3.26,7.89,0,-78.7,5.67,22.612,0,12.88,0,1.195,1.92,0,7.77
4/5/2026,13:00, ,gtmfmwq_15E101700_032726_050000.bin,Fort Matanzas,GTMNERR,0,52.838,0,34.87,0,2.166,0,91.5,0,6.44,0,9.96,3.41,7.88,0,-77.8,5.68,22.819,0,10.24,0,1.194,1.59,0,6.47
4/5/2026,13:15, ,gtmfmwq_15E101700_032726_050000.bin,Fort Matanzas,GTMNERR,0,52.847,0,34.88,0,2.122,0,93.9,0,6.58,0,9.99,3.42,7.88,0,-77.8,5.68,23.082,0,12.16,0,1.189,1.95,0,7.91
4/5/2026,13:30, ,gtmfmwq_15E101700_032726_050000.bin,Fort Matanzas,GTMNERR,0,52.827,0,34.86,0,2.075,0,94.3,0,6.59,0,10.2,3.49,7.88,0,-77.9,5.68,23.201,0,11.97,0,1.195,1.96,0,7.96
4/5/2026,13:45, ,gtmfmwq_15E101700_032726_050000.bin,Fort Matanzas,GTMNERR,0,52.826,0,34.86,0,2.034,0,93.5,0,6.53,0,10.16,3.48,7.87,0,-77.7,5.68,23.3,0,10.21,0,1.188,1.74,0,7.08
4/5/2026,14:00, ,gtmfmwq_15E101700_032726_050000.bin,Fort Matanzas,GTMNERR,0,52.827,0,34.86,0,1.992,0,89.5,0,6.24,0,9.96,3.41,7.85,0,-76.2,5.68,23.374,0,9.12,0,1.192,1.11,0,4.53
4/5/2026,14:15, ,gtmfmwq_15E101700_032726_050000.bin,Fort Matanzas,GTMNERR,0,52.944,0,34.93,0,1.948,0,102.9,0,7.1,0,7.65,2.63,7.91,0,-79.9,5.68,23.902,0,13.85,0,1.195,1.33,0,5.43
4/5/2026,14:30, ,gtmfmwq_15E101700_032726_050000.bin,Fort Matanzas,GTMNERR,0,52.837,0,34.86,0,1.901,0,94.1,0,6.57,0,8.84,3.03,7.88,0,-78.1,5.68,23.34,0,11.69,0,1.192,1.5,0,6.08
4/5/2026,14:45, ,gtmfmwq_15E101700_032726_050000.bin,Fort Matanzas,GTMNERR,0,52.85,0,34.88,0,1.853,0,90.3,0,6.33,0,9.86,3.38,7.88,0,-77.8,5.69,23.104,0,10.59,0,1.199,1.56,0,6.33
4/5/2026,15:00, ,gtmfmwq_15E101700_032726_050000.bin,Fort Matanzas,GTMNERR,0,52.866,0,34.88,0,1.81,0,97,0,6.75,0,10.01,3.43,7.89,0,-78.6,5.67,23.442,0,9.19,0,1.195,1.59,0,6.47
4/5/2026,15:15, ,gtmfmwq_15E101700_032726_050000.bin,Fort Matanzas,GTMNERR,0,52.858,0,34.88,0,1.765,0,95.3,0,6.64,0,9.64,3.3,7.87,0,-77.6,5.68,23.438,0,7.65,0,1.189,1.71,0,6.96
4/5/2026,15:30, ,gtmfmwq_15E101700_032726_050000.bin,Fort Matanzas,GTMNERR,0,52.812,0,34.85,0,1.724,0,94.1,0,6.57,0,9.37,3.21,7.87,0,-77.5,5.68,23.237,0,7.8,0,1.19,1.72,0,6.99
4/5/2026,15:45, ,gtmfmwq_15E101700_032726_050000.bin,Fort Matanzas,GTMNERR,0,52.863,0,34.88,0,1.679,0,99.8,0,6.94,0,9,3.09,7.9,0,-79.2,5.68,23.444,0,8.2,0,1.199,1.71,0,6.94
4/5/2026,16:00, ,gtmfmwq_15E101700_032726_050000.bin,Fort Matanzas,GTMNERR,0,52.881,0,34.9,0,1.637,0,99.6,0,6.95,0,8.83,3.03,7.91,0,-79.8,5.68,23.269,0,9.84,0,1.196,2.44,0,9.89
4/5/2026,16:15, ,gtmfmwq_15E101700_032726_050000.bin,Fort Matanzas,GTMNERR,0,52.945,0,34.94,0,1.595,0,105,0,7.28,0,8.03,2.76,7.92,0,-80.8,5.68,23.672,0,9.92,0,1.187,1.99,0,8.05
4/5/2026,16:30, ,gtmfmwq_15E101700_032726_050000.bin,Fort Matanzas,GTMNERR,0,52.925,0,34.92,0,1.553,0,103.3,0,7.16,0,8.24,2.83,7.92,0,-80.2,5.68,23.659,0,11.53,0,1.198,2.14,0,8.68
4/5/2026,16:45, ,gtmfmwq_15E101700_032726_050000.bin,Fort Matanzas,GTMNERR,0,52.935,0,34.93,0,1.52,0,101.6,0,7.06,0,8.13,2.79,7.91,0,-79.9,5.67,23.556,0,12.71,0,1.193,2.18,0,8.82
4/5/2026,17:00, ,gtmfmwq_15E101700_032726_050000.bin,Fort Matanzas,GTMNERR,0,52.948,0,34.94,0,1.488,0,102.5,0,7.11,0,7.79,2.68,7.91,0,-79.9,5.67,23.615,0,17.01,0,1.189,2.25,0,9.13
4/5/2026,17:15, ,gtmfmwq_15E101700_032726_050000.bin,Fort Matanzas,GTMNERR,0,52.963,0,34.95,0,1.459,0,103.3,0,7.18,0,7.7,2.65,7.92,0,-80.5,5.68,23.484,0,15.98,0,1.189,2.59,0,10.46
4/5/2026,17:30, ,gtmfmwq_15E101700_032726_050000.bin,Fort Matanzas,GTMNERR,0,52.987,0,34.98,0,1.453,0,104,0,7.3,0,6.9,2.38,7.94,0,-81.8,5.67,22.968,0,22.82,0,1.192,3.44,0,13.88
4/5/2026,17:45, ,gtmfmwq_15E101700_032726_050000.bin,Fort Matanzas,GTMNERR,0,53.122,0,35.09,0,1.447,0,109.9,0,7.83,0,5.36,1.86,7.99,0,-84.3,5.67,22.104,0,40.63,0,1.198,5.44,0,21.91
4/5/2026,18:00, ,gtmfmwq_15E101700_032726_050000.bin,Fort Matanzas,GTMNERR,0,53.119,0,35.09,0,1.461,0,110.6,0,7.89,0,5.56,1.93,7.98,0,-84.1,5.68,21.995,0,37.41,0,1.2,5.99,0,24.1
4/5/2026,18:15, ,gtmfmwq_15E101700_032726_050000.bin,Fort Matanzas,GTMNERR,0,53.1,0,35.08,0,1.479,0,111,0,7.92,0,5.72,1.98,7.99,0,-84.6,5.67,22.019,0,29.45,0,1.19,5.1,0,20.55
4/5/2026,18:30, ,gtmfmwq_15E101700_032726_050000.bin,Fort Matanzas,GTMNERR,0,52.932,0,34.95,0,1.51,0,111,0,7.88,0,6.64,2.29,7.98,0,-83.9,5.67,22.286,0,32.41,0,1.188,5.01,0,20.18
4/5/2026,18:45, ,gtmfmwq_15E101700_032726_050000.bin,Fort Matanzas,GTMNERR,0,52.764,0,34.82,0,1.546,0,109.7,0,7.72,0,7.9,2.72,7.96,0,-82.6,5.67,22.811,0,38.13,0,1.199,4.9,0,19.73
4/5/2026,19:00, ,gtmfmwq_15E101700_032726_050000.bin,Fort Matanzas,GTMNERR,0,52.667,0,34.74,0,1.593,0,108.6,0,7.61,0,8.91,3.06,7.95,0,-82.2,5.68,23.156,0,33.57,0,1.204,4.56,0,18.35
4/5/2026,19:15, ,gtmfmwq_15E101700_032726_050000.bin,Fort Matanzas,GTMNERR,0,52.672,0,34.75,0,1.649,0,108.1,0,7.57,0,9.05,3.1,7.95,0,-82.3,5.67,23.112,0,28.59,0,1.192,4.62,0,18.62
4/5/2026,19:30, ,gtmfmwq_15E101700_032726_050000.bin,Fort Matanzas,GTMNERR,0,52.67,0,34.74,0,1.708,0,107.5,0,7.53,0,9.07,3.11,7.95,0,-82.2,5.67,23.095,0,32.49,0,1.19,5.86,0,23.59
4/5/2026,19:45, ,gtmfmwq_15E101700_032726_050000.bin,Fort Matanzas,GTMNERR,0,52.671,0,34.75,0,1.77,0,107.1,0,7.52,0,8.88,3.04,7.95,0,-82,5.68,23.024,0,27.27,0,1.195,4.58,0,18.43
4/5/2026,20:00, ,gtmfmwq_15E101700_032726_050000.bin,Fort Matanzas,GTMNERR,0,52.753,0,34.81,0,1.845,0,106.8,0,7.53,0,8.27,2.84,7.95,0,-82.3,5.67,22.754,0,30.29,0,1.207,5.78,0,23.25
4/5/2026,20:15, ,gtmfmwq_15E101700_032726_050000.bin,Fort Matanzas,GTMNERR,0,52.836,0,34.88,0,1.918,0,107.1,0,7.58,0,7.64,2.63,7.97,0,-83,5.67,22.496,0,29.17,0,1.206,5.09,0,20.47
4/5/2026,20:30, ,gtmfmwq_15E101700_032726_050000.bin,Fort Matanzas,GTMNERR,0,52.878,0,34.91,0,1.997,0,106.8,0,7.58,0,7.26,2.5,7.97,0,-83.3,5.68,22.368,0,36.04,0,1.205,6.59,0,26.52
4/5/2026,20:45, ,gtmfmwq_15E101700_032726_050000.bin,Fort Matanzas,GTMNERR,0,52.939,0,34.96,0,2.072,0,106.1,0,7.54,0,6.77,2.34,7.98,0,-83.9,5.67,22.252,0,39.4,0,1.201,6.97,0,28.02
4/5/2026,21:00, ,gtmfmwq_15E101700_032726_050000.bin,Fort Matanzas,GTMNERR,0,53.071,0,35.06,0,2.139,0,102.8,0,7.34,0,5.81,2.01,8,0,-84.9,5.67,21.938,0,50.11,0,1.2,7.96,0,32
4/5/2026,21:15, ,gtmfmwq_15E101700_032726_050000.bin,Fort Matanzas,GTMNERR,0,53.192,0,35.15,0,2.202,0,100.9,0,7.25,0,5.23,1.82,8.01,0,-85.5,5.67,21.602,0,26.59,0,1.196,4.67,0,18.82
4/5/2026,21:30, ,gtmfmwq_15E101700_032726_050000.bin,Fort Matanzas,GTMNERR,0,53.224,0,35.18,0,2.268,0,96.4,0,6.93,0,5.18,1.8,7.99,0,-84.4,5.67,21.513,0,19.74,0,1.19,3.75,0,15.14
4/5/2026,21:45, ,gtmfmwq_15E101700_032726_050000.bin,Fort Matanzas,GTMNERR,0,53.279,0,35.22,0,2.326,0,95.7,0,6.9,0,4.63,1.61,8,0,-84.9,5.67,21.347,0,20.52,0,1.199,5.26,0,21.18
4/5/2026,22:00, ,gtmfmwq_15E101700_032726_050000.bin,Fort Matanzas,GTMNERR,0,53.299,0,35.23,0,2.382,0,86.3,0,6.22,0,4.48,1.56,7.97,0,-83,5.66,21.29,0,16.21,0,1.197,2.66,0,10.74
4/5/2026,22:15, ,gtmfmwq_15E101700_032726_050000.bin,Fort Matanzas,GTMNERR,0,53.32,0,35.25,0,2.432,0,60.5,0,4.37,0,4.72,1.64,7.88,0,-77.8,5.67,21.255,0,16.03,0,1.193,1.89,0,7.66
4/5/2026,22:30, ,gtmfmwq_15E101700_032726_050000.bin,Fort Matanzas,GTMNERR,0,53.335,0,35.26,0,2.471,0,60.7,0,4.38,0,4.7,1.64,7.88,0,-77.9,5.66,21.192,0,11.33,0,1.199,1.89,0,7.67
4/5/2026,22:45, ,gtmfmwq_15E101700_032726_050000.bin,Fort Matanzas,GTMNERR,0,53.354,0,35.28,0,2.502,0,91.9,0,6.65,0,4.15,1.45,8,0,-84.8,5.66,21.111,0,18.03,0,1.198,2.82,0,11.41
4/5/2026,23:00, ,gtmfmwq_15E101700_032726_050000.bin,Fort Matanzas,GTMNERR,0,53.243,0,35.19,0,2.524,0,100.7,0,7.24,0,5.3,1.84,8.01,0,-85.6,5.67,21.529,0,13.96,0,1.188,5.26,0,21.19
4/5/2026,23:15, ,gtmfmwq_15E101700_032726_050000.bin,Fort Matanzas,GTMNERR,0,53.121,0,35.1,0,2.536,0,96.7,0,6.92,0,6.14,2.12,7.98,0,-84,5.66,21.827,0,13.94,0,1.193,3.19,0,12.87
4/5/2026,23:30, ,gtmfmwq_15E101700_032726_050000.bin,Fort Matanzas,GTMNERR,0,52.903,0,34.93,0,2.548,0,101.4,0,7.2,0,7.6,2.62,7.96,0,-82.9,5.66,22.294,0,18.34,0,1.195,4.96,0,19.97
4/5/2026,23:45, ,gtmfmwq_15E101700_032726_050000.bin,Fort Matanzas,GTMNERR,0,52.74,0,34.8,0,2.546,0,102.2,0,7.2,0,8.85,3.04,7.94,0,-81.7,5.67,22.757,0,25.89,0,1.198,4.94,0,19.9
4/6/2026,00:00, ,gtmfmwq_15E101700_032726_050000.bin,Fort Matanzas,GTMNERR,0,52.735,0,34.8,0,2.525,0,98.4,0,6.92,0,9.05,3.1,7.93,0,-81.1,5.67,22.859,0,25.83,0,1.195,4.95,0,19.94
4/6/2026,00:15, ,gtmfmwq_15E101700_032726_050000.bin,Fort Matanzas,GTMNERR,0,52.864,0,34.89,0,2.478,0,101.7,0,7.16,0,8.11,2.79,7.94,0,-81.5,5.66,22.827,0,26.49,0,1.205,4.24,0,17.08
4/6/2026,00:30, ,gtmfmwq_15E101700_032726_050000.bin,Fort Matanzas,GTMNERR,0,52.945,0,34.95,0,2.438,0,100.2,0,7.02,0,8.31,2.85,7.92,0,-80.6,5.67,23.079,0,22.1,0,1.199,4.1,0,16.51
4/6/2026,00:45, ,gtmfmwq_15E101700_032726_050000.bin,Fort Matanzas,GTMNERR,0,52.94,0,34.94,0,2.4,0,98,0,6.83,0,8.41,2.89,7.91,0,-79.8,5.67,23.353,0,20.52,0,1.194,3.74,0,15.09
4/6/2026,01:00, ,gtmfmwq_15E101700_032726_050000.bin,Fort Matanzas,GTMNERR,0,52.944,0,34.94,0,2.352,0,97.3,0,6.73,0,9.12,3.13,7.9,0,-79,5.66,23.751,0,18.07,0,1.199,2.46,0,9.95
4/6/2026,01:15, ,gtmfmwq_15E101700_032726_050000.bin,Fort Matanzas,GTMNERR,0,52.923,0,34.92,0,2.307,0,96.9,0,6.7,0,9.3,3.19,7.89,0,-79,5.66,23.821,0,21.47,0,1.193,3.25,0,13.11
4/6/2026,01:30, ,gtmfmwq_15E101700_032726_050000.bin,Fort Matanzas,GTMNERR,0,52.901,0,34.9,0,2.255,0,94.7,0,6.53,0,9.68,3.32,7.88,0,-78.3,5.67,23.985,0,22.3,0,1.188,2.71,0,10.96
4/6/2026,01:45, ,gtmfmwq_15E101700_032726_050000.bin,Fort Matanzas,GTMNERR,0,52.896,0,34.89,0,2.199,0,96.3,0,6.64,0,9.92,3.4,7.88,0,-78.1,5.66,24.049,0,20,0,1.195,2.75,0,11.11
4/6/2026,02:00, ,gtmfmwq_15E101700_032726_050000.bin,Fort Matanzas,GTMNERR,0,52.884,0,34.88,0,2.147,0,95.6,0,6.58,0,10.22,3.5,7.88,0,-78,5.67,24.126,0,18.45,0,1.202,2.37,0,9.59
4/6/2026,02:15, ,gtmfmwq_15E101700_032726_050000.bin,Fort Matanzas,GTMNERR,0,52.864,0,34.87,0,2.105,0,95.1,0,6.55,0,10.31,3.53,7.87,0,-77.7,5.67,24.049,0,17,0,1.195,2.29,0,9.27
4/6/2026,02:30, ,gtmfmwq_15E101700_032726_050000.bin,Fort Matanzas,GTMNERR,0,52.883,0,34.89,0,2.062,0,92,0,6.35,0,10.38,3.55,7.87,0,-77.4,5.66,23.937,0,18.43,0,1.198,1.87,0,7.58
4/6/2026,02:45, ,gtmfmwq_15E101700_032726_050000.bin,Fort Matanzas,GTMNERR,0,52.83,0,34.86,0,2.023,0,89.6,0,6.24,0,10.14,3.47,7.87,0,-77.3,5.67,23.473,0,13.85,0,1.201,1.98,0,8.01
4/6/2026,03:00, ,gtmfmwq_15E101700_032726_050000.bin,Fort Matanzas,GTMNERR,0,52.863,0,34.89,0,1.977,0,88.2,0,6.22,0,9.53,3.27,7.88,0,-77.8,5.67,22.716,0,11.02,0,1.195,1.76,0,7.16
4/6/2026,03:15, ,gtmfmwq_15E101700_032726_050000.bin,Fort Matanzas,GTMNERR,0,52.949,0,34.95,0,1.934,0,72.3,0,5.07,0,9.99,3.42,7.8,0,-73.2,5.67,22.968,0,8.94,0,1.189,1.12,0,4.57
4/6/2026,03:30, ,gtmfmwq_15E101700_032726_050000.bin,Fort Matanzas,GTMNERR,0,52.851,0,34.88,0,1.89,0,83.3,0,5.82,0,10.72,3.67,7.83,0,-75.3,5.66,23.199,0,8.82,0,1.194,1.4,0,5.71
4/6/2026,03:45, ,gtmfmwq_15E101700_032726_050000.bin,Fort Matanzas,GTMNERR,0,52.891,0,34.9,0,1.845,0,89.8,0,6.24,0,10.41,3.56,7.86,0,-77.1,5.66,23.502,0,7.82,0,1.19,1.79,0,7.27
4/6/2026,04:00, ,gtmfmwq_15E101700_032726_050000.bin,Fort Matanzas,GTMNERR,0,52.879,0,34.89,0,1.801,0,92,0,6.38,0,10.63,3.64,7.87,0,-77.4,5.67,23.69,0,8.43,0,1.199,1.64,0,6.68
4/6/2026,04:15, ,gtmfmwq_15E101700_032726_050000.bin,Fort Matanzas,GTMNERR,0,52.846,0,34.87,0,1.761,0,90.2,0,6.27,0,10.69,3.66,7.87,0,-77.3,5.66,23.556,0,7.84,0,1.194,1.71,0,6.93
4/6/2026,04:30, ,gtmfmwq_15E101700_032726_050000.bin,Fort Matanzas,GTMNERR,0,52.863,0,34.88,0,1.72,0,90.9,0,6.32,0,10.62,3.63,7.87,0,-77.4,5.66,23.542,0,7.72,0,1.197,1.59,0,6.45
4/6/2026,04:45, ,gtmfmwq_15E101700_032726_050000.bin,Fort Matanzas,GTMNERR,0,52.859,0,34.88,0,1.681,0,88.9,0,6.2,0,10.42,3.57,7.87,0,-77.5,5.67,23.364,0,9.26,0,1.201,1.56,0,6.33
4/6/2026,05:00, ,gtmfmwq_15E101700_032726_050000.bin,Fort Matanzas,GTMNERR,0,52.876,0,34.89,0,1.643,0,90,0,6.27,0,10.49,3.59,7.87,0,-77.4,5.66,23.355,0,8.63,0,1.205,1.66,0,6.74
4/6/2026,05:15, ,gtmfmwq_15E101700_032726_050000.bin,Fort Matanzas,GTMNERR,0,52.886,0,34.9,0,1.605,0,89.6,0,6.26,0,10.26,3.51,7.87,0,-77.5,5.66,23.246,0,8.86,0,1.204,1.74,0,7.06
4/6/2026,05:30, ,gtmfmwq_15E101700_032726_050000.bin,Fort Matanzas,GTMNERR,0,52.948,0,34.95,0,1.568,0,88.1,0,6.18,0,9.95,3.41,7.88,0,-77.9,5.66,22.967,0,8.73,0,1.203,1.57,0,6.37
4/6/2026,05:45, ,gtmfmwq_15E101700_032726_050000.bin,Fort Matanzas,GTMNERR,0,52.995,0,34.99,0,1.537,0,84.5,0,5.96,0,9.78,3.35,7.87,0,-77,5.66,22.688,0,9.75,0,1.206,1.81,0,7.35
4/6/2026,06:00, ,gtmfmwq_15E101700_032726_050000.bin,Fort Matanzas,GTMNERR,0,52.995,0,35,0,1.51,0,81.4,0,5.76,0,9.78,3.35,7.86,0,-76.7,5.66,22.457,0,10.43,0,1.2,1.95,0,7.89
4/6/2026,06:15, ,gtmfmwq_15E101700_032726_050000.bin,Fort Matanzas,GTMNERR,0,52.987,0,34.99,0,1.497,0,80.8,0,5.73,0,9.66,3.31,7.85,0,-76.4,5.66,22.414,0,13.56,0,1.195,1.7,0,6.91
4/6/2026,06:30, ,gtmfmwq_15E101700_032726_050000.bin,Fort Matanzas,GTMNERR,0,52.999,0,35,0,1.491,0,83.3,0,5.9,0,9.33,3.2,7.87,0,-77.3,5.66,22.446,0,21.66,0,1.195,2.16,0,8.74
4/6/2026,06:45, ,gtmfmwq_15E101700_032726_050000.bin,Fort Matanzas,GTMNERR,0,53.116,0,35.1,0,1.497,0,85,0,6.11,0,7.19,2.48,7.91,0,-79.5,5.65,21.549,0,30.21,0,1.188,2.9,0,11.72
4/6/2026,07:00, ,gtmfmwq_15E101700_032726_050000.bin,Fort Matanzas,GTMNERR,0,53.159,0,35.13,0,1.518,0,87.3,0,6.32,0,6.54,2.26,7.93,0,-80.8,5.65,21.149,0,34.95,0,1.202,3.8,0,15.32
4/6/2026,07:15, ,gtmfmwq_15E101700_032726_050000.bin,Fort Matanzas,GTMNERR,0,53.157,0,35.13,0,1.551,0,91.3,0,6.62,0,6.23,2.15,7.97,0,-82.8,5.66,21.048,0,25.01,0,1.206,3.59,0,14.48
4/6/2026,07:30, ,gtmfmwq_15E101700_032726_050000.bin,Fort Matanzas,GTMNERR,0,53.126,0,35.11,0,1.598,0,92,0,6.66,0,6.58,2.27,7.96,0,-82.5,5.65,21.189,0,25.67,0,1.207,3.93,0,15.84
4/6/2026,07:45, ,gtmfmwq_15E101700_032726_050000.bin,Fort Matanzas,GTMNERR,0,53.068,0,35.06,0,1.644,0,91.7,0,6.61,0,7.2,2.48,7.96,0,-82.4,5.65,21.42,0,33.37,0,1.206,4,0,16.12
4/6/2026,08:00, ,gtmfmwq_15E101700_032726_050000.bin,Fort Matanzas,GTMNERR,0,53.004,0,35.01,0,1.7,0,91.2,0,6.56,0,7.57,2.6,7.95,0,-81.9,5.66,21.561,0,37.46,0,1.207,5.23,0,21.06
4/6/2026,08:15, ,gtmfmwq_15E101700_032726_050000.bin,Fort Matanzas,GTMNERR,0,53.04,0,35.04,0,1.764,0,91.9,0,6.62,0,7.21,2.48,7.96,0,-82.3,5.66,21.467,0,29.76,0,1.205,3.71,0,14.97
4/6/2026,08:30, ,gtmfmwq_15E101700_032726_050000.bin,Fort Matanzas,GTMNERR,0,53.042,0,35.04,0,1.83,0,91.9,0,6.61,0,7.4,2.55,7.96,0,-82.2,5.65,21.474,0,29.27,0,1.206,4.49,0,18.09
4/6/2026,08:45, ,gtmfmwq_15E101700_032726_050000.bin,Fort Matanzas,GTMNERR,0,53.024,0,35.03,0,1.897,0,91.9,0,6.62,0,7.5,2.58,7.95,0,-82.1,5.65,21.521,0,24.71,0,1.205,4.13,0,16.66
4/6/2026,09:00, ,gtmfmwq_15E101700_032726_050000.bin,Fort Matanzas,GTMNERR,0,53.028,0,35.03,0,1.957,0,92,0,6.62,0,7.51,2.59,7.95,0,-82.2,5.66,21.523,0,20.96,0,1.206,4.65,0,18.74
4/6/2026,09:15, ,gtmfmwq_15E101700_032726_050000.bin,Fort Matanzas,GTMNERR,0,53.029,0,35.03,0,2.015,0,91.4,0,6.58,0,7.62,2.62,7.95,0,-82,5.65,21.517,0,18.23,0,1.194,3.51,0,14.15
4/6/2026,09:30, ,gtmfmwq_15E101700_032726_050000.bin,Fort Matanzas,GTMNERR,0,53.033,0,35.03,0,2.068,0,89.2,0,6.42,0,7.47,2.57,7.94,0,-81.5,5.65,21.508,0,14.79,0,1.194,2.88,0,11.61
4/6/2026,09:45, ,gtmfmwq_15E101700_032726_050000.bin,Fort Matanzas,GTMNERR,0,53.043,0,35.04,0,2.125,0,75.7,0,5.45,0,7.38,2.54,7.89,0,-78.5,5.66,21.476,0,13.91,0,1.195,2.17,0,8.78
4/6/2026,10:00, ,gtmfmwq_15E101700_032726_050000.bin,Fort Matanzas,GTMNERR,0,53.058,0,35.05,0,2.182,0,56.8,0,4.09,0,7.11,2.45,7.82,0,-74.3,5.65,21.444,0,15.21,0,1.19,2.59,0,10.48
4/6/2026,10:15, ,gtmfmwq_15E101700_032726_050000.bin,Fort Matanzas,GTMNERR,0,53.072,0,35.06,0,2.23,0,75.8,0,5.46,0,7.31,2.52,7.89,0,-78.3,5.65,21.412,0,11.59,0,1.205,2.7,0,10.89
4/6/2026,10:30, ,gtmfmwq_15E101700_032726_050000.bin,Fort Matanzas,GTMNERR,0,53.084,0,35.07,0,2.278,0,74.2,0,5.35,0,7.27,2.51,7.88,0,-77.7,5.66,21.4,0,12.18,0,1.194,2.37,0,9.58
4/6/2026,10:45, ,gtmfmwq_15E101700_032726_050000.bin,Fort Matanzas,GTMNERR,0,53.108,0,35.09,0,2.323,0,80.9,0,5.84,0,6.78,2.34,7.91,0,-79.6,5.65,21.356,0,10.74,0,1.198,2.28,0,9.24
4/6/2026,11:00, ,gtmfmwq_15E101700_032726_050000.bin,Fort Matanzas,GTMNERR,0,53.091,0,35.08,0,2.355,0,87.1,0,6.27,0,7.09,2.44,7.95,0,-81.8,5.65,21.437,0,11.89,0,1.199,2.77,0,11.18
4/6/2026,11:15, ,gtmfmwq_15E101700_032726_050000.bin,Fort Matanzas,GTMNERR,0,53.047,0,35.04,0,2.385,0,93.2,0,6.7,0,7.64,2.63,7.96,0,-82.6,5.65,21.569,0,13.15,0,1.196,3.18,0,12.85
4/6/2026,11:30, ,gtmfmwq_15E101700_032726_050000.bin,Fort Matanzas,GTMNERR,0,53.022,0,35.02,0,2.405,0,91.5,0,6.57,0,7.81,2.69,7.95,0,-81.9,5.65,21.646,0,14.28,0,1.187,3.2,0,12.92
4/6/2026,11:45, ,gtmfmwq_15E101700_032726_050000.bin,Fort Matanzas,GTMNERR,0,53.002,0,35.01,0,2.417,0,94.5,0,6.77,0,7.99,2.75,7.96,0,-82.7,5.65,21.756,0,13.38,0,1.197,3.06,0,12.35
4/6/2026,12:00, ,gtmfmwq_15E101700_032726_050000.bin,Fort Matanzas,GTMNERR,0,53,0,35.01,0,2.428,0,93.6,0,6.7,0,8.01,2.75,7.96,0,-82.3,5.65,21.791,0,15.78,0,1.201,3.24,0,13.06
4/6/2026,12:15, ,gtmfmwq_15E101700_032726_050000.bin,Fort Matanzas,GTMNERR,0,53.05,0,35.04,0,2.426,0,93.4,0,6.69,0,7.62,2.62,7.95,0,-82.1,5.65,21.763,0,16.99,0,1.203,3.48,0,14.05
4/6/2026,12:30, ,gtmfmwq_15E101700_032726_050000.bin,Fort Matanzas,GTMNERR,0,53.055,0,35.04,0,2.417,0,94.1,0,6.69,0,8.01,2.75,7.93,0,-81,5.65,22.213,0,16.29,0,1.199,3.61,0,14.54
4/6/2026,12:45, ,gtmfmwq_15E101700_032726_050000.bin,Fort Matanzas,GTMNERR,0,53.019,0,35.01,0,2.409,0,91.3,0,6.45,0,8.66,2.97,7.91,0,-79.5,5.65,22.577,0,12.96,0,1.196,2.24,0,9.07
4/6/2026,13:00, ,gtmfmwq_15E101700_032726_050000.bin,Fort Matanzas,GTMNERR,0,52.987,0,34.98,0,2.396,0,91.2,0,6.41,0,9.14,3.14,7.89,0,-78.8,5.65,22.834,0,17.06,0,1.193,2.27,0,9.19
4/6/2026,13:15, ,gtmfmwq_15E101700_032726_050000.bin,Fort Matanzas,GTMNERR,0,52.956,0,34.96,0,2.374,0,91,0,6.37,0,9.27,3.18,7.88,0,-78.1,5.65,23.094,0,20.33,0,1.188,2.4,0,9.73
4/6/2026,13:30, ,gtmfmwq_15E101700_032726_050000.bin,Fort Matanzas,GTMNERR,0,52.946,0,34.94,0,2.341,0,90.2,0,6.29,0,9.75,3.34,7.87,0,-77.3,5.65,23.326,0,22.02,0,1.191,2.11,0,8.53
4/6/2026,13:45, ,gtmfmwq_15E101700_032726_050000.bin,Fort Matanzas,GTMNERR,0,52.939,0,34.93,0,2.313,0,91.8,0,6.37,0,10.2,3.49,7.86,0,-77.2,5.65,23.602,0,22.06,0,1.189,11.1,0,44.6
4/6/2026,14:00, ,gtmfmwq_15E101700_032726_050000.bin,Fort Matanzas,GTMNERR,0,52.928,0,34.92,0,2.276,0,91.9,0,6.36,0,10.46,3.58,7.86,0,-76.9,5.65,23.792,0,18.14,0,1.199,1.77,0,7.16
4/6/2026,14:15, ,gtmfmwq_15E101700_032726_050000.bin,Fort Matanzas,GTMNERR,0,52.925,0,34.92,0,2.232,0,92.5,0,6.38,0,10.79,3.69,7.86,0,-76.7,5.65,23.96,0,15.17,0,1.204,1.9,0,7.7
4/6/2026,14:30, ,gtmfmwq_15E101700_032726_050000.bin,Fort Matanzas,GTMNERR,0,52.922,0,34.91,0,2.192,0,92.7,0,6.38,0,11.25,3.84,7.85,0,-76.4,5.66,24.099,0,13.26,0,1.194,1.62,0,6.57
4/6/2026,14:45, ,gtmfmwq_15E101700_032726_050000.bin,Fort Matanzas,GTMNERR,0,52.926,0,34.91,0,2.152,0,92.7,0,6.37,0,11.44,3.91,7.85,0,-76.5,5.65,24.182,0,12.08,0,1.193,1.55,0,6.29
4/6/2026,15:00, ,gtmfmwq_15E101700_032726_050000.bin,Fort Matanzas,GTMNERR,0,52.923,0,34.91,0,2.12,0,96.4,0,6.62,0,11.36,3.88,7.86,0,-77.2,5.65,24.186,0,13.54,0,1.192,1.93,0,7.83
4/6/2026,15:15, ,gtmfmwq_15E101700_032726_050000.bin,Fort Matanzas,GTMNERR,0,52.93,0,34.92,0,2.079,0,95.3,0,6.54,0,11.58,3.96,7.86,0,-76.8,5.65,24.233,0,11.41,0,1.205,1.42,0,5.8
4/6/2026,15:30, ,gtmfmwq_15E101700_032726_050000.bin,Fort Matanzas,GTMNERR,0,52.93,0,34.92,0,2.04,0,93.9,0,6.44,0,11.33,3.87,7.86,0,-77,5.65,24.253,0,11.05,0,1.205,2.14,0,8.67
4/6/2026,15:45, ,gtmfmwq_15E101700_032726_050000.bin,Fort Matanzas,GTMNERR,0,52.93,0,34.92,0,2.002,0,94,0,6.45,0,11.79,4.03,7.85,0,-76.6,5.65,24.255,0,9.04,0,1.194,1.26,0,5.12
4/6/2026,16:00, ,gtmfmwq_15E101700_032726_050000.bin,Fort Matanzas,GTMNERR,0,52.944,0,34.93,0,1.971,0,95.3,0,6.56,0,11.34,3.88,7.86,0,-77.2,5.65,24.068,0,9.86,0,1.193,1.91,0,7.75
4/6/2026,16:15, ,gtmfmwq_15E101700_032726_050000.bin,Fort Matanzas,GTMNERR,0,52.939,0,34.93,0,1.946,0,85.7,0,5.91,0,10.88,3.72,7.83,0,-74.9,5.66,24.031,0,10.96,0,1.199,1.35,0,5.51
4/6/2026,16:30, ,gtmfmwq_15E101700_032726_050000.bin,Fort Matanzas,GTMNERR,0,52.961,0,34.94,0,1.917,0,70,0,4.82,0,10.94,3.74,7.75,0,-70.6,5.65,24.022,0,6.54,0,1.19,0.82,0,3.39
4/6/2026,16:45, ,gtmfmwq_15E101700_032726_050000.bin,Fort Matanzas,GTMNERR,0,52.962,0,34.95,0,1.893,0,92.9,0,6.41,0,11.54,3.94,7.86,0,-77.1,5.65,23.9,0,9.41,0,1.203,1.39,0,5.64
4/6/2026,17:00, ,gtmfmwq_15E101700_032726_050000.bin,Fort Matanzas,GTMNERR,0,53.136,0,35.08,0,1.867,0,96.5,0,6.69,0,10.26,3.51,7.88,0,-78.4,5.65,23.592,0,13.52,0,1.207,1.49,0,6.07
4/6/2026,17:15, ,gtmfmwq_15E101700_032726_050000.bin,Fort Matanzas,GTMNERR,0,53.07,0,35.03,0,1.845,0,97.4,0,6.75,0,10.43,3.57,7.89,0,-78.7,5.65,23.68,0,10.85,0,1.198,1.58,0,6.42
4/6/2026,17:30, ,gtmfmwq_15E101700_032726_050000.bin,Fort Matanzas,GTMNERR,0,53.011,0,34.98,0,1.831,0,97.5,0,6.74,0,10.79,3.69,7.88,0,-78.2,5.65,23.812,0,9.69,0,1.188,1.54,0,6.26
4/6/2026,17:45, ,gtmfmwq_15E101700_032726_050000.bin,Fort Matanzas,GTMNERR,0,53.004,0,34.98,0,1.823,0,98.1,0,6.79,0,10.72,3.67,7.89,0,-78.5,5.65,23.771,0,10.39,0,1.203,2.05,0,8.3
4/6/2026,18:00, ,gtmfmwq_15E101700_032726_050000.bin,Fort Matanzas,GTMNERR,0,52.989,0,34.97,0,1.824,0,97.7,0,6.76,0,10.85,3.71,7.88,0,-78.3,5.65,23.775,0,10.41,0,1.202,1.85,0,7.49
4/6/2026,18:15, ,gtmfmwq_15E101700_032726_050000.bin,Fort Matanzas,GTMNERR,0,53.039,0,35.01,0,1.844,0,99.2,0,6.88,0,10.28,3.52,7.9,0,-79.1,5.65,23.611,0,12.56,0,1.205,1.8,0,7.29
4/6/2026,18:30, ,gtmfmwq_15E101700_032726_050000.bin,Fort Matanzas,GTMNERR,0,53.047,0,35.02,0,1.873,0,99.4,0,6.89,0,10.56,3.61,7.9,0,-79.2,5.65,23.59,0,10.83,0,1.206,1.9,0,7.69
4/6/2026,18:45, ,gtmfmwq_15E101700_032726_050000.bin,Fort Matanzas,GTMNERR,0,53.045,0,35.01,0,1.905,0,98.4,0,6.83,0,10.51,3.6,7.9,0,-79,5.65,23.547,0,15.35,0,1.198,2.36,0,9.56
4/6/2026,19:00, ,gtmfmwq_15E101700_032726_050000.bin,Fort Matanzas,GTMNERR,0,53.061,0,35.03,0,1.931,0,99.2,0,6.91,0,9.8,3.36,7.91,0,-79.8,5.65,23.338,0,14.93,0,1.196,2,0,8.11
4/6/2026,19:15, ,gtmfmwq_15E101700_032726_050000.bin,Fort Matanzas,GTMNERR,0,53.132,0,35.09,0,1.975,0,101.6,0,7.16,0,8.1,2.78,7.96,0,-82.4,5.65,22.634,0,20.07,0,1.188,3.8,0,15.32
4/6/2026,19:30, ,gtmfmwq_15E101700_032726_050000.bin,Fort Matanzas,GTMNERR,0,53.268,0,35.2,0,2.015,0,104.5,0,7.46,0,6.6,2.28,8,0,-84.9,5.65,21.906,0,20.63,0,1.195,5.3,0,21.35
4/6/2026,19:45, ,gtmfmwq_15E101700_032726_050000.bin,Fort Matanzas,GTMNERR,0,53.473,0,35.36,0,2.064,0,104.8,0,7.53,0,5.2,1.81,8.02,0,-85.9,5.65,21.527,0,17.71,0,1.206,5.22,0,21.02
4/6/2026,20:00, ,gtmfmwq_15E101700_032726_050000.bin,Fort Matanzas,GTMNERR,0,53.462,0,35.35,0,2.127,0,105.2,0,7.57,0,5.08,1.76,8.02,0,-86.2,5.65,21.41,0,18.88,0,1.193,7.82,0,31.43
4/6/2026,20:15, ,gtmfmwq_15E101700_032726_050000.bin,Fort Matanzas,GTMNERR,0,53.39,0,35.3,0,2.188,0,104.5,0,7.51,0,5.74,1.99,8.01,0,-85.7,5.65,21.526,0,13.15,0,1.195,3.61,0,14.57
4/6/2026,20:30, ,gtmfmwq_15E101700_032726_050000.bin,Fort Matanzas,GTMNERR,0,53.289,0,35.22,0,2.262,0,102.6,0,7.34,0,6.77,2.34,7.99,0,-84.6,5.65,21.803,0,12.9,0,1.204,4.16,0,16.77
4/6/2026,20:45, ,gtmfmwq_15E101700_032726_050000.bin,Fort Matanzas,GTMNERR,0,53.23,0,35.17,0,2.329,0,100.7,0,7.18,0,7.32,2.52,7.97,0,-83.5,5.65,22,0,11.59,0,1.199,3.43,0,13.84
4/6/2026,21:00, ,gtmfmwq_15E101700_032726_050000.bin,Fort Matanzas,GTMNERR,0,53.194,0,35.15,0,2.394,0,98.9,0,7.03,0,7.83,2.69,7.97,0,-83,5.65,22.1,0,10.86,0,1.206,2.88,0,11.61
4/6/2026,21:15, ,gtmfmwq_15E101700_032726_050000.bin,Fort Matanzas,GTMNERR,0,53.171,0,35.13,0,2.457,0,96.9,0,6.89,0,8.21,2.82,7.95,0,-82,5.65,22.152,0,9.42,0,1.193,2.61,0,10.56
4/6/2026,21:30, ,gtmfmwq_15E101700_032726_050000.bin,Fort Matanzas,GTMNERR,0,53.163,0,35.12,0,2.519,0,96.5,0,6.86,0,8.16,2.8,7.95,0,-82.1,5.65,22.169,0,9.2,0,1.187,2.66,0,10.74
4/6/2026,21:45, ,gtmfmwq_15E101700_032726_050000.bin,Fort Matanzas,GTMNERR,0,53.164,0,35.12,0,2.571,0,96.8,0,6.88,0,8.2,2.82,7.95,0,-82.2,5.65,22.17,0,10.27,0,1.189,2.38,0,9.63
4/6/2026,22:00, ,gtmfmwq_15E101700_032726_050000.bin,Fort Matanzas,GTMNERR,0,53.154,0,35.12,0,2.619,0,94.8,0,6.73,0,8.33,2.86,7.94,0,-81.4,5.65,22.221,0,8.95,0,1.196,3.03,0,12.24
4/6/2026,22:15, ,gtmfmwq_15E101700_032726_050000.bin,Fort Matanzas,GTMNERR,0,53.224,0,35.17,0,2.667,0,96.4,0,6.89,0,7.49,2.58,7.96,0,-82.6,5.65,21.855,0,13.13,0,1.195,3.05,0,12.32
4/6/2026,22:30, ,gtmfmwq_15E101700_032726_050000.bin,Fort Matanzas,GTMNERR,0,53.191,0,35.15,0,2.717,0,94.9,0,6.78,0,7.8,2.68,7.96,0,-82.3,5.65,21.877,0,7.41,0,1.195,2.23,0,9.03
4/6/2026,22:45, ,gtmfmwq_15E101700_032726_050000.bin,Fort Matanzas,GTMNERR,0,53.22,0,35.17,0,2.757,0,92.7,0,6.65,0,7.25,2.5,7.95,0,-82.2,5.65,21.646,0,9.91,0,1.187,2.05,0,8.29
4/6/2026,23:00, ,gtmfmwq_15E101700_032726_050000.bin,Fort Matanzas,GTMNERR,0,53.233,0,35.18,0,2.8,0,88.8,0,6.38,0,6.95,2.4,7.94,0,-81.5,5.65,21.562,0,7.76,0,1.204,1.31,0,5.35
4/6/2026,23:15, ,gtmfmwq_15E101700_032726_050000.bin,Fort Matanzas,GTMNERR,0,53.242,0,35.19,0,2.835,0,82.1,0,5.9,0,6.57,2.27,7.92,0,-80.1,5.65,21.522,0,10.15,0,1.206,1.61,0,6.53
4/6/2026,23:30, ,gtmfmwq_15E101700_032726_050000.bin,Fort Matanzas,GTMNERR,0,53.241,0,35.19,0,2.863,0,85.8,0,6.16,0,7.28,2.51,7.93,0,-80.6,5.65,21.614,0,9.95,0,1.196,2.28,0,9.22
4/6/2026,23:45, ,gtmfmwq_15E101700_032726_050000.bin,Fort Matanzas,GTMNERR,0,53.259,0,35.2,0,2.888,0,89.1,0,6.4,0,7.03,2.42,7.94,0,-81.5,5.65,21.573,0,7.78,0,1.188,1.9,0,7.69
4/7/2026,00:00, ,gtmfmwq_15E101700_032726_050000.bin,Fort Matanzas,GTMNERR,0,53.317,0,35.25,0,2.912,0,96.3,0,6.93,0,6.39,2.21,7.99,0,-84.3,5.65,21.446,0,12.75,0,1.193,3.97,0,16
4/7/2026,00:15, ,gtmfmwq_15E101700_032726_050000.bin,Fort Matanzas,GTMNERR,0,53.304,0,35.23,0,2.927,0,96.2,0,6.87,0,7.47,2.57,7.97,0,-83.1,5.65,21.89,0,11.17,0,1.207,2.97,0,11.98
4/7/2026,00:30, ,gtmfmwq_15E101700_032726_050000.bin,Fort Matanzas,GTMNERR,0,53.231,0,35.17,0,2.931,0,95.8,0,6.79,0,8.51,2.92,7.95,0,-82,5.65,22.285,0,12.95,0,1.198,2.11,0,8.53
4/7/2026,00:45, ,gtmfmwq_15E101700_032726_050000.bin,Fort Matanzas,GTMNERR,0,53.151,0,35.11,0,2.928,0,93.7,0,6.6,0,9.6,3.29,7.92,0,-80.2,5.65,22.718,0,12.63,0,1.187,2.49,0,10.08
4/7/2026,01:00, ,gtmfmwq_15E101700_032726_050000.bin,Fort Matanzas,GTMNERR,0,53.096,0,35.06,0,2.917,0,94.3,0,6.61,0,10.63,3.64,7.9,0,-79.4,5.65,23.03,0,10.59,0,1.195,2.1,0,8.49
4/7/2026,01:15, ,gtmfmwq_15E101700_032726_050000.bin,Fort Matanzas,GTMNERR,0,53.016,0,35,0,2.889,0,92.8,0,6.47,0,12.03,4.11,7.88,0,-77.9,5.65,23.271,0,11.72,0,1.193,1.63,0,6.64
4/7/2026,01:30, ,gtmfmwq_15E101700_032726_050000.bin,Fort Matanzas,GTMNERR,0,52.96,0,34.95,0,2.853,0,92.2,0,6.42,0,12.89,4.4,7.86,0,-77.1,5.65,23.394,0,13.9,0,1.205,1.77,0,7.18
4/7/2026,01:45, ,gtmfmwq_15E101700_032726_050000.bin,Fort Matanzas,GTMNERR,0,52.888,0,34.9,0,2.807,0,91.9,0,6.38,0,13.39,4.57,7.85,0,-76.2,5.65,23.565,0,24.49,0,1.197,2.12,0,8.58
4/7/2026,02:00, ,gtmfmwq_15E101700_032726_050000.bin,Fort Matanzas,GTMNERR,0,52.839,0,34.86,0,2.764,0,90.5,0,6.27,0,14.45,4.93,7.83,0,-75.3,5.65,23.69,0,19.05,0,1.196,1.79,0,7.25
4/7/2026,02:15, ,gtmfmwq_15E101700_032726_050000.bin,Fort Matanzas,GTMNERR,0,52.817,0,34.84,0,2.731,0,89.9,0,6.23,0,14.95,5.09,7.83,0,-74.8,5.65,23.733,0,16.86,0,1.196,1.57,0,6.37
4/7/2026,02:30, ,gtmfmwq_15E101700_032726_050000.bin,Fort Matanzas,GTMNERR,0,52.8,0,34.83,0,2.693,0,89,0,6.17,0,15.2,5.18,7.82,0,-74.5,5.65,23.75,0,16.75,0,1.195,1.61,0,6.53
4/7/2026,02:45, ,gtmfmwq_15E101700_032726_050000.bin,Fort Matanzas,GTMNERR,0,52.785,0,34.82,0,2.643,0,89.2,0,6.18,0,15.36,5.23,7.81,0,-74,5.65,23.742,0,16.4,0,1.188,1.41,0,5.74
4/7/2026,03:00, ,gtmfmwq_15E101700_032726_050000.bin,Fort Matanzas,GTMNERR,0,52.774,0,34.81,0,2.596,0,89.7,0,6.21,0,15.74,5.36,7.81,0,-74.1,5.65,23.746,0,15.95,0,1.201,1.55,0,6.3
4/7/2026,03:15, ,gtmfmwq_15E101700_032726_050000.bin,Fort Matanzas,GTMNERR,0,52.765,0,34.8,0,2.551,0,88.4,0,6.13,0,15.58,5.31,7.81,0,-73.9,5.65,23.706,0,14.87,0,1.198,1.54,0,6.25
4/7/2026,03:30, ,gtmfmwq_15E101700_032726_050000.bin,Fort Matanzas,GTMNERR,0,52.756,0,34.8,0,2.505,0,87.7,0,6.09,0,15.86,5.4,7.8,0,-73.4,5.65,23.615,0,14.43,0,1.189,1.3,0,5.29
4/7/2026,03:45, ,gtmfmwq_15E101700_032726_050000.bin,Fort Matanzas,GTMNERR,0,52.76,0,34.8,0,2.466,0,87.5,0,6.08,0,15.69,5.34,7.8,0,-73.3,5.65,23.554,0,15.68,0,1.193,1.31,0,5.36
4/7/2026,04:00, ,gtmfmwq_15E101700_032726_050000.bin,Fort Matanzas,GTMNERR,0,52.758,0,34.8,0,2.435,0,85.7,0,5.96,0,15.97,5.44,7.79,0,-72.9,5.65,23.471,0,12.91,0,1.195,1.23,0,5.04
4/7/2026,04:15, ,gtmfmwq_15E101700_032726_050000.bin,Fort Matanzas,GTMNERR,0,52.742,0,34.79,0,2.397,0,86.3,0,6.01,0,15.95,5.43,7.79,0,-72.9,5.65,23.466,0,12.93,0,1.188,1.15,0,4.7
4/7/2026,04:30, ,gtmfmwq_15E101700_032726_050000.bin,Fort Matanzas,GTMNERR,0,52.737,0,34.79,0,2.365,0,84.5,0,5.89,0,16.41,5.59,7.79,0,-72.7,5.65,23.384,0,11.98,0,1.201,1.13,0,4.63
4/7/2026,04:45, ,gtmfmwq_15E101700_032726_050000.bin,Fort Matanzas,GTMNERR,0,52.72,0,34.78,0,2.333,0,87.1,0,6.07,0,16.33,5.56,7.8,0,-73.2,5.65,23.387,0,10.51,0,1.205,0.97,0,3.96
4/7/2026,05:00, ,gtmfmwq_15E101700_032726_050000.bin,Fort Matanzas,GTMNERR,0,52.742,0,34.79,0,2.298,0,77.3,0,5.4,0,15.69,5.34,7.76,0,-71,5.65,23.245,0,11.1,0,1.195,0.89,0,3.65
4/7/2026,05:15, ,gtmfmwq_15E101700_032726_050000.bin,Fort Matanzas,GTMNERR,0,52.799,0,34.84,0,2.259,0,72.7,0,5.1,0,14.86,5.06,7.75,0,-70.3,5.65,22.987,0,9.17,0,1.187,1.04,0,4.24
4/7/2026,05:30, ,gtmfmwq_15E101700_032726_050000.bin,Fort Matanzas,GTMNERR,0,52.819,0,34.87,0,2.225,0,83.4,0,5.93,0,14.99,5.11,7.81,0,-73.6,5.65,22.249,0,11.5,0,1.202,1.08,0,4.42
4/7/2026,05:45, ,gtmfmwq_15E101700_032726_050000.bin,Fort Matanzas,GTMNERR,0,52.945,0,34.96,0,2.195,0,85.5,0,6.1,0,15.52,5.29,7.81,0,-73.8,5.65,22.008,0,12.13,0,1.199,1.05,0,4.31
4/7/2026,06:00, ,gtmfmwq_15E101700_032726_050000.bin,Fort Matanzas,GTMNERR,0,52.946,0,34.97,0,2.168,0,82.5,0,5.91,0,14.59,4.97,7.8,0,-73,5.65,21.809,0,27.86,0,1.197,1.02,0,4.19
4/7/2026,06:15, ,gtmfmwq_15E101700_032726_050000.bin,Fort Matanzas,GTMNERR,0,52.908,0,34.93,0,2.148,0,85.7,0,6.1,0,15.08,5.14,7.81,0,-73.8,5.65,22.11,0,13.28,0,1.193,1.12,0,4.58
4/7/2026,06:30, ,gtmfmwq_15E101700_032726_050000.bin,Fort Matanzas,GTMNERR,0,52.918,0,34.94,0,2.136,0,86.8,0,6.17,0,15.53,5.29,7.82,0,-74.2,5.65,22.227,0,10.17,0,1.19,1.02,0,4.18
4/7/2026,06:45, ,gtmfmwq_15E101700_032726_050000.bin,Fort Matanzas,GTMNERR,0,52.883,0,34.91,0,2.121,0,87.7,0,6.21,0,15.72,5.35,7.82,0,-74.3,5.64,22.454,0,8.99,0,1.194,1.01,0,4.14
4/7/2026,07:00, ,gtmfmwq_15E101700_032726_050000.bin,Fort Matanzas,GTMNERR,0,52.873,0,34.9,0,2.112,0,88.2,0,6.24,0,15.35,5.23,7.82,0,-74.5,5.65,22.479,0,11.52,0,1.193,1.16,0,4.74
4/7/2026,07:15, ,gtmfmwq_15E101700_032726_050000.bin,Fort Matanzas,GTMNERR,0,52.9,0,34.93,0,2.107,0,87.4,0,6.19,0,15.3,5.21,7.82,0,-74.3,5.64,22.407,0,11.9,0,1.193,1.23,0,5.04
4/7/2026,07:30, ,gtmfmwq_15E101700_032726_050000.bin,Fort Matanzas,GTMNERR,0,52.912,0,34.94,0,2.111,0,87.5,0,6.23,0,15.19,5.17,7.82,0,-74.3,5.65,22.147,0,12.29,0,1.198,1.15,0,4.68
4/7/2026,07:45, ,gtmfmwq_15E101700_032726_050000.bin,Fort Matanzas,GTMNERR,0,52.971,0,34.98,0,2.128,0,85.5,0,6.12,0,15.26,5.2,7.81,0,-73.8,5.65,21.822,0,13.99,0,1.198,1.2,0,4.9
4/7/2026,08:00, ,gtmfmwq_15E101700_032726_050000.bin,Fort Matanzas,GTMNERR,0,52.96,0,34.98,0,2.151,0,86.4,0,6.18,0,14.32,4.88,7.83,0,-74.6,5.64,21.843,0,16.54,0,1.195,1.22,0,4.97
4/7/2026,08:15, ,gtmfmwq_15E101700_032726_050000.bin,Fort Matanzas,GTMNERR,0,52.949,0,34.97,0,2.173,0,87.1,0,6.24,0,13.43,4.58,7.84,0,-75.3,5.65,21.757,0,18.63,0,1.192,1.34,0,5.44
4/7/2026,08:30, ,gtmfmwq_15E101700_032726_050000.bin,Fort Matanzas,GTMNERR,0,53.033,0,35.04,0,2.195,0,89.6,0,6.49,0,11.11,3.8,7.89,0,-78.1,5.65,21.202,0,24.43,0,1.201,2.1,0,8.5
4/7/2026,08:45, ,gtmfmwq_15E101700_032726_050000.bin,Fort Matanzas,GTMNERR,0,53.174,0,35.15,0,2.229,0,93.3,0,6.83,0,8.5,2.92,7.96,0,-82.1,5.65,20.474,0,17.48,0,1.19,3.73,0,15.05
4/7/2026,09:00, ,gtmfmwq_15E101700_032726_050000.bin,Fort Matanzas,GTMNERR,0,53.14,0,35.12,0,2.265,0,97,0,7.14,0,5.87,2.03,8,0,-84.8,5.64,20.201,0,21.82,0,1.199,3.4,0,13.72
4/7/2026,09:15, ,gtmfmwq_15E101700_032726_050000.bin,Fort Matanzas,GTMNERR,0,53.15,0,35.13,0,2.308,0,96.1,0,7.06,0,6.25,2.16,7.99,0,-84.3,5.65,20.283,0,24.91,0,1.202,4.23,0,17.05
4/7/2026,09:30, ,gtmfmwq_15E101700_032726_050000.bin,Fort Matanzas,GTMNERR,0,53.154,0,35.13,0,2.363,0,95.2,0,6.99,0,6.79,2.34,7.98,0,-83.7,5.65,20.363,0,28.77,0,1.195,4,0,16.11
4/7/2026,09:45, ,gtmfmwq_15E101700_032726_050000.bin,Fort Matanzas,GTMNERR,0,53.164,0,35.14,0,2.43,0,95.9,0,7.04,0,6.76,2.33,7.99,0,-83.9,5.64,20.404,0,20.91,0,1.2,3.54,0,14.27
4/7/2026,10:00, ,gtmfmwq_15E101700_032726_050000.bin,Fort Matanzas,GTMNERR,0,53.178,0,35.15,0,2.472,0,94.2,0,6.89,0,7.57,2.61,7.97,0,-82.7,5.62,20.565,0,19.38,0,1.193,2.74,0,11.08
4/7/2026,10:15, ,gtmfmwq_15E101700_032726_050000.bin,Fort Matanzas,GTMNERR,0,53.165,0,35.14,0,2.529,0,92.8,0,6.78,0,8.29,2.85,7.95,0,-81.9,5.64,20.662,0,16.26,0,1.199,3.27,0,13.21
4/7/2026,10:30, ,gtmfmwq_15E101700_032726_050000.bin,Fort Matanzas,GTMNERR,0,53.134,0,35.12,0,2.575,0,93.3,0,6.79,0,8.78,3.01,7.95,0,-81.5,5.62,20.796,0,15.53,0,1.202,2.67,0,10.8
4/7/2026,10:45, ,gtmfmwq_15E101700_032726_050000.bin,Fort Matanzas,GTMNERR,0,53.089,0,35.08,0,2.616,0,92.2,0,6.73,0,8.68,2.98,7.94,0,-81.3,5.64,20.74,0,15.06,0,1.196,2.75,0,11.1
4/7/2026,11:00, ,gtmfmwq_15E101700_032726_050000.bin,Fort Matanzas,GTMNERR,0,53.098,0,35.09,0,2.65,0,91.5,0,6.66,0,9.29,3.18,7.93,0,-80.7,5.64,20.835,0,11.38,0,1.188,1.91,0,7.75
4/7/2026,11:15, ,gtmfmwq_15E101700_032726_050000.bin,Fort Matanzas,GTMNERR,0,53.116,0,35.1,0,2.689,0,87.8,0,6.4,0,9.1,3.12,7.92,0,-79.9,5.63,20.786,0,9.11,0,1.187,2.28,0,9.23
4/7/2026,11:30, ,gtmfmwq_15E101700_032726_050000.bin,Fort Matanzas,GTMNERR,0,53.079,0,35.08,0,2.704,0,79.6,0,5.81,0,8.62,2.96,7.89,0,-77.9,5.63,20.664,0,8.4,0,1.189,1.25,0,5.08
4/7/2026,11:45, ,gtmfmwq_15E101700_032726_050000.bin,Fort Matanzas,GTMNERR,0,53.087,0,35.08,0,2.72,0,79.7,0,5.81,0,8.95,3.07,7.9,0,-78.5,5.65,20.711,0,11.19,0,1.192,1.59,0,6.45
4/7/2026,12:00, ,gtmfmwq_15E101700_032726_050000.bin,Fort Matanzas,GTMNERR,0,53.138,0,35.12,0,2.74,0,82.4,0,6.02,0,8.31,2.85,7.91,0,-79.3,5.65,20.655,0,10.36,0,1.187,2.23,0,9.01
4/7/2026,12:15, ,gtmfmwq_15E101700_032726_050000.bin,Fort Matanzas,GTMNERR,0,53.122,0,35.11,0,2.765,0,93.4,0,6.84,0,7.94,2.73,7.96,0,-82.4,5.64,20.546,0,10.52,0,1.205,3.34,0,13.49
4/7/2026,12:30, ,gtmfmwq_15E101700_032726_050000.bin,Fort Matanzas,GTMNERR,0,53.097,0,35.09,0,2.774,0,89.7,0,6.57,0,8.27,2.84,7.94,0,-81.4,5.63,20.501,0,11.22,0,1.195,1.98,0,8.01
4/7/2026,12:45, ,gtmfmwq_15E101700_032726_050000.bin,Fort Matanzas,GTMNERR,0,53.134,0,35.12,0,2.776,0,89.6,0,6.58,0,7.31,2.52,7.95,0,-81.6,5.64,20.405,0,10.97,0,1.188,1.86,0,7.55
4/7/2026,13:00, ,gtmfmwq_15E101700_032726_050000.bin,Fort Matanzas,GTMNERR,0,53.089,0,35.08,0,2.758,0,91.4,0,6.7,0,8.19,2.81,7.95,0,-81.8,5.62,20.509,0,12.97,0,1.194,2.39,0,9.65
4/7/2026,13:15, ,gtmfmwq_15E101700_032726_050000.bin,Fort Matanzas,GTMNERR,0,53.066,0,35.07,0,2.74,0,95.9,0,7.01,0,8.98,3.08,7.96,0,-82,5.63,20.61,0,13.58,0,1.189,3.18,0,12.82
4/7/2026,13:30, ,gtmfmwq_15E101700_032726_050000.bin,Fort Matanzas,GTMNERR,0,53.01,0,35.02,0,2.714,0,93.3,0,6.78,0,10.81,3.7,7.91,0,-79.7,5.64,20.992,0,11.23,0,1.198,2.16,0,8.75
4/7/2026,13:45, ,gtmfmwq_15E101700_032726_050000.bin,Fort Matanzas,GTMNERR,0,52.955,0,34.98,0,2.682,0,90.6,0,6.54,0,12.54,4.28,7.88,0,-77.5,5.62,21.349,0,12.05,0,1.196,1.84,0,7.48
4/7/2026,14:00, ,gtmfmwq_15E101700_032726_050000.bin,Fort Matanzas,GTMNERR,0,52.91,0,34.94,0,2.648,0,90.3,0,6.49,0,13.3,4.54,7.86,0,-76.7,5.63,21.598,0,10.97,0,1.195,1.6,0,6.49
4/7/2026,14:15, ,gtmfmwq_15E101700_032726_050000.bin,Fort Matanzas,GTMNERR,0,52.858,0,34.9,0,2.617,0,89.6,0,6.42,0,13.91,4.74,7.85,0,-75.9,5.64,21.791,0,11.05,0,1.199,1.63,0,6.63
4/7/2026,14:30, ,gtmfmwq_15E101700_032726_050000.bin,Fort Matanzas,GTMNERR,0,52.804,0,34.86,0,2.586,0,88.3,0,6.3,0,14.66,5,7.84,0,-75.2,5.62,21.985,0,11.8,0,1.204,1.36,0,5.52
4/7/2026,14:45, ,gtmfmwq_15E101700_032726_050000.bin,Fort Matanzas,GTMNERR,0,52.762,0,34.83,0,2.549,0,88.3,0,6.3,0,14.8,5.04,7.82,0,-74.3,5.63,22.098,0,13.31,0,1.189,1.32,0,5.36
4/7/2026,15:00, ,gtmfmwq_15E101700_032726_050000.bin,Fort Matanzas,GTMNERR,0,52.715,0,34.79,0,2.509,0,89.3,0,6.35,0,15.44,5.26,7.82,0,-74.5,5.64,22.208,0,12.51,0,1.189,1.34,0,5.46
4/7/2026,15:15, ,gtmfmwq_15E101700_032726_050000.bin,Fort Matanzas,GTMNERR,0,52.669,0,34.76,0,2.473,0,86.7,0,6.17,0,15.81,5.38,7.81,0,-73.5,5.63,22.26,0,11.14,0,1.196,1.28,0,5.2
4/7/2026,15:30, ,gtmfmwq_15E101700_032726_050000.bin,Fort Matanzas,GTMNERR,0,52.608,0,34.71,0,2.44,0,86.9,0,6.18,0,16.12,5.49,7.8,0,-73.3,5.63,22.234,0,10.79,0,1.197,1.19,0,4.84
4/7/2026,15:45, ,gtmfmwq_15E101700_032726_050000.bin,Fort Matanzas,GTMNERR,0,52.587,0,34.7,0,2.404,0,83.7,0,5.96,0,15.42,5.25,7.79,0,-72.4,5.64,22.21,0,19.14,0,1.202,1.24,0,5.05
4/7/2026,16:00, ,gtmfmwq_15E101700_032726_050000.bin,Fort Matanzas,GTMNERR,0,52.569,0,34.68,0,2.382,0,73.2,0,5.21,0,16.08,5.47,7.75,0,-70,5.62,22.188,0,8.33,0,1.205,0.93,0,3.8
4/7/2026,16:15, ,gtmfmwq_15E101700_032726_050000.bin,Fort Matanzas,GTMNERR,0,52.552,0,34.67,0,2.338,0,81.6,0,5.82,0,16.51,5.62,7.78,0,-71.7,5.63,22.154,0,7.97,0,1.201,0.96,0,3.93
4/7/2026,16:30, ,gtmfmwq_15E101700_032726_050000.bin,Fort Matanzas,GTMNERR,0,52.477,0,34.62,0,2.285,0,88.4,0,6.35,0,16.23,5.53,7.81,0,-73.6,5.64,21.774,0,8.88,0,1.195,1.3,0,5.31
4/7/2026,16:45, ,gtmfmwq_15E101700_032726_050000.bin,Fort Matanzas,GTMNERR,0,52.488,0,34.63,0,2.265,0,92.2,0,6.7,0,16.57,5.64,7.82,0,-74.1,5.63,21.134,0,11.76,0,1.197,1.68,0,6.8
4/7/2026,17:00, ,gtmfmwq_15E101700_032726_050000.bin,Fort Matanzas,GTMNERR,0,52.442,0,34.6,0,2.247,0,92.4,0,6.72,0,17.15,5.83,7.82,0,-73.9,5.63,21.082,0,10.55,0,1.188,1.54,0,6.26
4/7/2026,17:15, ,gtmfmwq_15E101700_032726_050000.bin,Fort Matanzas,GTMNERR,0,52.515,0,34.65,0,2.224,0,92.3,0,6.69,0,16.86,5.74,7.82,0,-74.1,5.63,21.221,0,9.65,0,1.192,1.32,0,5.36
4/7/2026,17:30, ,gtmfmwq_15E101700_032726_050000.bin,Fort Matanzas,GTMNERR,0,52.591,0,34.71,0,2.21,0,92.3,0,6.65,0,16.55,5.63,7.82,0,-74.4,5.64,21.507,0,9.61,0,1.204,1.29,0,5.25
4/7/2026,17:45, ,gtmfmwq_15E101700_032726_050000.bin,Fort Matanzas,GTMNERR,0,52.633,0,34.74,0,2.177,0,91.9,0,6.61,0,16.2,5.51,7.82,0,-74.5,5.62,21.597,0,9.25,0,1.195,1.41,0,5.73
4/7/2026,18:00, ,gtmfmwq_15E101700_032726_050000.bin,Fort Matanzas,GTMNERR,0,52.653,0,34.75,0,2.152,0,92,0,6.62,0,15.82,5.39,7.83,0,-74.7,5.62,21.61,0,9.63,0,1.189,1.36,0,5.55
4/7/2026,18:15, ,gtmfmwq_15E101700_032726_050000.bin,Fort Matanzas,GTMNERR,0,52.635,0,34.74,0,2.137,0,92.6,0,6.68,0,15.97,5.44,7.83,0,-74.9,5.64,21.441,0,7.99,0,1.197,1.25,0,5.09
4/7/2026,18:30, ,gtmfmwq_15E101700_032726_050000.bin,Fort Matanzas,GTMNERR,0,52.642,0,34.75,0,2.124,0,92.7,0,6.71,0,15.25,5.19,7.84,0,-75.3,5.62,21.274,0,9.84,0,1.194,1.35,0,5.51
4/7/2026,18:45, ,gtmfmwq_15E101700_032726_050000.bin,Fort Matanzas,GTMNERR,0,52.624,0,34.74,0,2.117,0,92.2,0,6.7,0,14.8,5.04,7.84,0,-75,5.62,21.079,0,11.5,0,1.193,1.5,0,6.11
4/7/2026,19:00, ,gtmfmwq_15E101700_032726_050000.bin,Fort Matanzas,GTMNERR,0,52.668,0,34.77,0,2.129,0,92.9,0,6.74,0,14.04,4.79,7.85,0,-75.9,5.63,21.108,0,13.78,0,1.201,1.7,0,6.91
4/7/2026,19:15, ,gtmfmwq_15E101700_032726_050000.bin,Fort Matanzas,GTMNERR,0,52.674,0,34.77,0,2.144,0,93.6,0,6.82,0,13.16,4.49,7.87,0,-76.8,5.61,20.883,0,11.62,0,1.199,1.46,0,5.94
4/7/2026,19:30, ,gtmfmwq_15E101700_032726_050000.bin,Fort Matanzas,GTMNERR,0,52.681,0,34.78,0,2.163,0,93.3,0,6.82,0,12.97,4.43,7.86,0,-76.7,5.62,20.741,0,12.62,0,1.204,1.56,0,6.35
4/7/2026,19:45, ,gtmfmwq_15E101700_032726_050000.bin,Fort Matanzas,GTMNERR,0,52.627,0,34.74,0,2.182,0,96.2,0,7.1,0,10.29,3.52,7.93,0,-80.3,5.62,20.222,0,21.88,0,1.194,2.58,0,10.44
4/7/2026,20:00, ,gtmfmwq_15E101700_032726_050000.bin,Fort Matanzas,GTMNERR,0,52.7,0,34.8,0,2.202,0,100.7,0,7.51,0,7.26,2.5,8.01,0,-84.9,5.63,19.62,0,18.28,0,1.193,2.76,0,11.16
4/7/2026,20:15, ,gtmfmwq_15E101700_032726_050000.bin,Fort Matanzas,GTMNERR,0,52.873,0,34.93,0,2.239,0,102.2,0,7.64,0,5.45,1.89,8.04,0,-86.6,5.61,19.459,0,22.35,0,1.194,3.06,0,12.36
4/7/2026,20:30, ,gtmfmwq_15E101700_032726_050000.bin,Fort Matanzas,GTMNERR,0,52.891,0,34.94,0,2.27,0,101.9,0,7.61,0,5.51,1.91,8.04,0,-86.6,5.61,19.491,0,27.84,0,1.192,3.53,0,14.24
4/7/2026,20:45, ,gtmfmwq_15E101700_032726_050000.bin,Fort Matanzas,GTMNERR,0,52.849,0,34.91,0,2.319,0,101.9,0,7.61,0,5.58,1.93,8.04,0,-86.7,5.62,19.478,0,26.99,0,1.195,3.51,0,14.18
4/7/2026,21:00, ,gtmfmwq_15E101700_032726_050000.bin,Fort Matanzas,GTMNERR,0,52.851,0,34.91,0,2.38,0,101.8,0,7.61,0,5.26,1.83,8.04,0,-86.7,5.6,19.461,0,21.04,0,1.198,4.1,0,16.51
4/7/2026,21:15, ,gtmfmwq_15E101700_032726_050000.bin,Fort Matanzas,GTMNERR,0,52.839,0,34.9,0,2.435,0,101.1,0,7.54,0,5.82,2.01,8.03,0,-86.1,5.6,19.538,0,19.91,0,1.201,3.6,0,14.54
4/7/2026,21:30, ,gtmfmwq_15E101700_032726_050000.bin,Fort Matanzas,GTMNERR,0,52.829,0,34.89,0,2.485,0,99.9,0,7.44,0,6.32,2.18,8.02,0,-85.5,5.62,19.648,0,19.24,0,1.198,3.78,0,15.26
4/7/2026,21:45, ,gtmfmwq_15E101700_032726_050000.bin,Fort Matanzas,GTMNERR,0,52.842,0,34.9,0,2.535,0,99.5,0,7.4,0,6.92,2.39,8.01,0,-85,5.6,19.744,0,15.71,0,1.198,2.83,0,11.44
4/7/2026,22:00, ,gtmfmwq_15E101700_032726_050000.bin,Fort Matanzas,GTMNERR,0,52.84,0,34.9,0,2.598,0,99.2,0,7.36,0,7.31,2.52,8,0,-84.5,5.6,19.847,0,13.65,0,1.198,2.63,0,10.62
4/7/2026,22:15, ,gtmfmwq_15E101700_032726_050000.bin,Fort Matanzas,GTMNERR,0,52.807,0,34.88,0,2.645,0,98.1,0,7.26,0,8.82,3.03,7.97,0,-82.9,5.6,20.025,0,17.46,0,1.198,2.54,0,10.29
4/7/2026,22:30, ,gtmfmwq_15E101700_032726_050000.bin,Fort Matanzas,GTMNERR,0,52.801,0,34.87,0,2.691,0,97.4,0,7.2,0,9.2,3.15,7.96,0,-82.3,5.61,20.082,0,13.49,0,1.196,3.06,0,12.34
4/7/2026,22:45, ,gtmfmwq_15E101700_032726_050000.bin,Fort Matanzas,GTMNERR,0,52.886,0,34.94,0,2.746,0,98.4,0,7.32,0,7.65,2.63,7.99,0,-84,5.6,19.737,0,20.66,0,1.194,3.22,0,13.01
4/7/2026,23:00, ,gtmfmwq_15E101700_032726_050000.bin,Fort Matanzas,GTMNERR,0,52.948,0,34.98,0,2.789,0,98.7,0,7.37,0,6.35,2.2,8.01,0,-85.2,5.61,19.486,0,28.65,0,1.192,3.35,0,13.52
4/7/2026,23:15, ,gtmfmwq_15E101700_032726_050000.bin,Fort Matanzas,GTMNERR,0,53.001,0,35.02,0,2.835,0,100,0,7.5,0,5.23,1.81,8.02,0,-85.7,5.62,19.281,0,23.47,0,1.187,2.9,0,11.71
4/7/2026,23:30, ,gtmfmwq_15E101700_032726_050000.bin,Fort Matanzas,GTMNERR,0,53.019,0,35.03,0,2.878,0,99.4,0,7.45,0,5.1,1.77,8.03,0,-86,5.6,19.26,0,18.55,0,1.207,4.98,0,20.06
4/7/2026,23:45, ,gtmfmwq_15E101700_032726_050000.bin,Fort Matanzas,GTMNERR,0,53.018,0,35.03,0,2.908,0,95.6,0,7.17,0,5.07,1.76,8.01,0,-85,5.6,19.261,0,16.41,0,1.197,2.06,0,8.34
4/8/2026,00:00, ,gtmfmwq_15E101700_032726_050000.bin,Fort Matanzas,GTMNERR,0,53.019,0,35.03,0,2.944,0,88.4,0,6.63,0,5.35,1.86,7.98,0,-83.4,5.62,19.26,0,14.49,0,1.188,1.38,0,5.64
4/8/2026,00:15, ,gtmfmwq_15E101700_032726_050000.bin,Fort Matanzas,GTMNERR,0,53.017,0,35.03,0,2.976,0,68.7,0,5.15,0,5.27,1.83,7.91,0,-78.9,5.59,19.278,0,22.53,0,1.203,2.18,0,8.83
4/8/2026,00:30, ,gtmfmwq_15E101700_032726_050000.bin,Fort Matanzas,GTMNERR,0,52.992,0,35.02,0,2.994,0,87.5,0,6.55,0,6.06,2.1,7.99,0,-83.6,5.6,19.334,0,13.26,0,1.198,1.72,0,7
4/8/2026,00:45, ,gtmfmwq_15E101700_032726_050000.bin,Fort Matanzas,GTMNERR,0,52.936,0,34.97,0,3.003,0,95.5,0,7.13,0,6.82,2.35,7.99,0,-83.9,5.61,19.511,0,13.51,0,1.194,2.49,0,10.07
4/8/2026,01:00, ,gtmfmwq_15E101700_032726_050000.bin,Fort Matanzas,GTMNERR,0,52.906,0,34.95,0,3.005,0,96.7,0,7.2,0,7.23,2.49,7.99,0,-83.9,5.59,19.65,0,15.64,0,1.192,2.69,0,10.86
4/8/2026,01:15, ,gtmfmwq_15E101700_032726_050000.bin,Fort Matanzas,GTMNERR,0,52.825,0,34.89,0,3.005,0,94.5,0,7.02,0,7.32,2.52,7.98,0,-83.3,5.6,19.765,0,27.04,0,1.19,3.47,0,13.98
4/8/2026,01:30, ,gtmfmwq_15E101700_032726_050000.bin,Fort Matanzas,GTMNERR,0,52.811,0,34.88,0,2.993,0,96.8,0,7.22,0,6.39,2.21,8,0,-84.6,5.6,19.584,0,38.43,0,1.193,3.37,0,13.61
4/8/2026,01:45, ,gtmfmwq_15E101700_032726_050000.bin,Fort Matanzas,GTMNERR,0,52.803,0,34.87,0,2.973,0,97.8,0,7.31,0,6.61,2.28,8.01,0,-85.1,5.61,19.503,0,16.56,0,1.195,3.2,0,12.93
4/8/2026,02:00, ,gtmfmwq_15E101700_032726_050000.bin,Fort Matanzas,GTMNERR,0,52.723,0,34.82,0,2.948,0,96.1,0,7.13,0,9.2,3.15,7.96,0,-82.5,5.6,19.841,0,12.41,0,1.196,2.35,0,9.52
4/8/2026,02:15, ,gtmfmwq_15E101700_032726_050000.bin,Fort Matanzas,GTMNERR,0,52.631,0,34.75,0,2.91,0,93.5,0,6.89,0,11.8,4.03,7.92,0,-79.6,5.6,20.25,0,11.84,0,1.195,2.04,0,8.27
4/8/2026,02:30, ,gtmfmwq_15E101700_032726_050000.bin,Fort Matanzas,GTMNERR,0,52.577,0,34.7,0,2.875,0,92.7,0,6.81,0,12.57,4.29,7.9,0,-78.7,5.61,20.432,0,12.44,0,1.193,1.8,0,7.31
4/8/2026,02:45, ,gtmfmwq_15E101700_032726_050000.bin,Fort Matanzas,GTMNERR,0,52.516,0,34.66,0,2.837,0,91.9,0,6.74,0,13.13,4.48,7.88,0,-77.8,5.6,20.574,0,13.14,0,1.199,1.79,0,7.27
4/8/2026,03:00, ,gtmfmwq_15E101700_032726_050000.bin,Fort Matanzas,GTMNERR,0,52.412,0,34.58,0,2.791,0,91,0,6.66,0,14.47,4.93,7.86,0,-76.5,5.6,20.727,0,13.59,0,1.201,1.62,0,6.59
4/8/2026,03:15, ,gtmfmwq_15E101700_032726_050000.bin,Fort Matanzas,GTMNERR,0,52.345,0,34.53,0,2.752,0,89.9,0,6.57,0,14.98,5.1,7.84,0,-75.5,5.61,20.848,0,14.19,0,1.19,1.6,0,6.48
4/8/2026,03:30, ,gtmfmwq_15E101700_032726_050000.bin,Fort Matanzas,GTMNERR,0,52.285,0,34.49,0,2.714,0,89.7,0,6.55,0,15.7,5.35,7.84,0,-75.1,5.6,20.881,0,13.32,0,1.197,1.4,0,5.69
4/8/2026,03:45, ,gtmfmwq_15E101700_032726_050000.bin,Fort Matanzas,GTMNERR,0,52.3,0,34.5,0,2.672,0,90,0,6.57,0,16.14,5.49,7.83,0,-74.8,5.6,20.875,0,13.94,0,1.196,1.36,0,5.53
4/8/2026,04:00, ,gtmfmwq_15E101700_032726_050000.bin,Fort Matanzas,GTMNERR,0,52.324,0,34.52,0,2.634,0,87.7,0,6.42,0,15.44,5.26,7.84,0,-75.1,5.61,20.727,0,13.11,0,1.187,1.47,0,5.99
4/8/2026,04:15, ,gtmfmwq_15E101700_032726_050000.bin,Fort Matanzas,GTMNERR,0,52.333,0,34.52,0,2.614,0,87,0,6.38,0,15.69,5.34,7.84,0,-74.9,5.61,20.606,0,11.52,0,1.196,1.43,0,5.8
4/8/2026,04:30, ,gtmfmwq_15E101700_032726_050000.bin,Fort Matanzas,GTMNERR,0,52.365,0,34.55,0,2.588,0,80.2,0,5.9,0,15.41,5.25,7.8,0,-73,5.6,20.513,0,10.88,0,1.198,1.03,0,4.23
4/8/2026,04:45, ,gtmfmwq_15E101700_032726_050000.bin,Fort Matanzas,GTMNERR,0,52.4,0,34.57,0,2.558,0,71.2,0,5.26,0,14.84,5.06,7.78,0,-71.6,5.6,20.193,0,7.63,0,1.198,0.77,0,3.17
4/8/2026,05:00, ,gtmfmwq_15E101700_032726_050000.bin,Fort Matanzas,GTMNERR,0,52.388,0,34.57,0,2.523,0,55.2,0,4.08,0,14.03,4.78,7.72,0,-67.9,5.61,20.279,0,8.14,0,1.194,0.88,0,3.61
4/8/2026,05:15, ,gtmfmwq_15E101700_032726_050000.bin,Fort Matanzas,GTMNERR,0,52.33,0,34.52,0,2.483,0,82.4,0,6.06,0,16.11,5.48,7.81,0,-73.6,5.59,20.486,0,6.03,0,1.192,0.96,0,3.94
4/8/2026,05:30, ,gtmfmwq_15E101700_032726_050000.bin,Fort Matanzas,GTMNERR,0,52.351,0,34.54,0,2.454,0,87.8,0,6.47,0,15.85,5.4,7.83,0,-74.8,5.6,20.337,0,8.55,0,1.201,1.23,0,5.01
4/8/2026,05:45, ,gtmfmwq_15E101700_032726_050000.bin,Fort Matanzas,GTMNERR,0,52.321,0,34.52,0,2.426,0,86.4,0,6.39,0,17.01,5.79,7.81,0,-73.5,5.6,20.141,0,6.34,0,1.203,0.99,0,4.06
4/8/2026,06:00, ,gtmfmwq_15E101700_032726_050000.bin,Fort Matanzas,GTMNERR,0,52.289,0,34.49,0,2.398,0,86,0,6.37,0,17.74,6.03,7.81,0,-73.2,5.59,20.071,0,7.02,0,1.188,0.77,0,3.18
4/8/2026,06:15, ,gtmfmwq_15E101700_032726_050000.bin,Fort Matanzas,GTMNERR,0,52.349,0,34.54,0,2.37,0,87.9,0,6.49,0,16.33,5.56,7.83,0,-74.7,5.6,20.214,0,7.63,0,1.192,0.99,0,4.04
4/8/2026,06:30, ,gtmfmwq_15E101700_032726_050000.bin,Fort Matanzas,GTMNERR,0,52.359,0,34.54,0,2.34,0,89.4,0,6.6,0,15.81,5.38,7.84,0,-75.3,5.6,20.285,0,8.19,0,1.188,1.26,0,5.15
4/8/2026,06:45, ,gtmfmwq_15E101700_032726_050000.bin,Fort Matanzas,GTMNERR,0,52.367,0,34.55,0,2.321,0,89.8,0,6.62,0,15.57,5.3,7.85,0,-75.6,5.61,20.294,0,9.51,0,1.194,1.08,0,4.4
4/8/2026,07:00, ,gtmfmwq_15E101700_032726_050000.bin,Fort Matanzas,GTMNERR,0,52.341,0,34.53,0,2.304,0,89.7,0,6.64,0,16.04,5.46,7.84,0,-74.9,5.59,20.128,0,9.07,0,1.195,1.07,0,4.38
4/8/2026,07:15, ,gtmfmwq_15E101700_032726_050000.bin,Fort Matanzas,GTMNERR,0,52.344,0,34.53,0,2.285,0,89.1,0,6.62,0,16.12,5.49,7.83,0,-74.6,5.6,19.956,0,7.95,0,1.192,1.01,0,4.13
4/8/2026,07:30, ,gtmfmwq_15E101700_032726_050000.bin,Fort Matanzas,GTMNERR,0,52.498,0,34.65,0,2.264,0,87.2,0,6.5,0,13.68,4.67,7.85,0,-75.4,5.6,19.646,0,9.56,0,1.202,0.99,0,4.07
4/8/2026,07:45, ,gtmfmwq_15E101700_032726_050000.bin,Fort Matanzas,GTMNERR,0,52.478,0,34.63,0,2.26,0,86,0,6.43,0,13.84,4.72,7.84,0,-74.8,5.59,19.569,0,12.09,0,1.189,1.12,0,4.58
4/8/2026,08:00, ,gtmfmwq_15E101700_032726_050000.bin,Fort Matanzas,GTMNERR,0,52.539,0,34.68,0,2.272,0,88.4,0,6.59,0,12.77,4.36,7.86,0,-76.5,5.59,19.68,0,11.62,0,1.188,1.09,0,4.44
4/8/2026,08:15, ,gtmfmwq_15E101700_032726_050000.bin,Fort Matanzas,GTMNERR,0,52.542,0,34.68,0,2.28,0,88.9,0,6.63,0,12.65,4.32,7.87,0,-76.8,5.6,19.66,0,13.02,0,1.207,1.13,0,4.61
4/8/2026,08:30, ,gtmfmwq_15E101700_032726_050000.bin,Fort Matanzas,GTMNERR,0,52.738,0,34.83,0,2.301,0,91.9,0,6.92,0,8.87,3.04,7.93,0,-80.5,5.59,19.105,0,21.76,0,1.201,1.73,0,7.01
4/8/2026,08:45, ,gtmfmwq_15E101700_032726_050000.bin,Fort Matanzas,GTMNERR,0,52.972,0,35,0,2.315,0,97.7,0,7.37,0,6,2.07,8,0,-84.5,5.59,18.952,0,15.91,0,1.193,1.81,0,7.35
4/8/2026,09:00, ,gtmfmwq_15E101700_032726_050000.bin,Fort Matanzas,GTMNERR,0,53.042,0,35.05,0,2.329,0,100.3,0,7.56,0,4.94,1.72,8.03,0,-85.9,5.6,18.983,0,22.24,0,1.188,2.24,0,9.07
4/8/2026,09:15, ,gtmfmwq_15E101700_032726_050000.bin,Fort Matanzas,GTMNERR,0,53.026,0,35.04,0,2.361,0,99.9,0,7.53,0,5.1,1.77,8.02,0,-85.6,5.59,19.001,0,20.62,0,1.193,2.31,0,9.36
4/8/2026,09:30, ,gtmfmwq_15E101700_032726_050000.bin,Fort Matanzas,GTMNERR,0,53.047,0,35.06,0,2.394,0,100.2,0,7.54,0,4.86,1.69,8.02,0,-85.8,5.59,19.034,0,24.77,0,1.195,2.56,0,10.34
4/8/2026,09:45, ,gtmfmwq_15E101700_032726_050000.bin,Fort Matanzas,GTMNERR,0,53.039,0,35.05,0,2.443,0,100,0,7.53,0,5.01,1.74,8.02,0,-85.7,5.59,19.033,0,24.87,0,1.188,2.74,0,11.06
4/8/2026,10:00, ,gtmfmwq_15E101700_032726_050000.bin,Fort Matanzas,GTMNERR,0,53.052,0,35.06,0,2.499,0,100.7,0,7.57,0,4.83,1.68,8.03,0,-86,5.6,19.045,0,22.52,0,1.196,2.14,0,8.65
4/8/2026,10:15, ,gtmfmwq_15E101700_032726_050000.bin,Fort Matanzas,GTMNERR,0,53.031,0,35.04,0,2.55,0,99.8,0,7.51,0,5.31,1.84,8.02,0,-85.7,5.59,19.07,0,16.74,0,1.193,2.44,0,9.89
4/8/2026,10:30, ,gtmfmwq_15E101700_032726_050000.bin,Fort Matanzas,GTMNERR,0,53.004,0,35.02,0,2.59,0,99.1,0,7.45,0,5.54,1.92,8.01,0,-85.2,5.59,19.09,0,17.51,0,1.194,1.92,0,7.77
4/8/2026,10:45, ,gtmfmwq_15E101700_032726_050000.bin,Fort Matanzas,GTMNERR,0,52.969,0,35,0,2.625,0,98.2,0,7.38,0,5.87,2.03,8.01,0,-84.7,5.6,19.122,0,16.23,0,1.194,2.19,0,8.87
4/8/2026,11:00, ,gtmfmwq_15E101700_032726_050000.bin,Fort Matanzas,GTMNERR,0,52.938,0,34.97,0,2.667,0,97.5,0,7.33,0,6.48,2.24,8,0,-84.3,5.58,19.159,0,20.22,0,1.198,2.12,0,8.57
4/8/2026,11:15, ,gtmfmwq_15E101700_032726_050000.bin,Fort Matanzas,GTMNERR,0,52.912,0,34.96,0,2.705,0,97.4,0,7.32,0,6.58,2.27,8,0,-84.2,5.59,19.172,0,24.37,0,1.205,1.93,0,7.84
4/8/2026,11:30, ,gtmfmwq_15E101700_032726_050000.bin,Fort Matanzas,GTMNERR,0,52.892,0,34.94,0,2.748,0,96.3,0,7.23,0,6.77,2.33,7.99,0,-83.6,5.59,19.194,0,14.27,0,1.197,2.01,0,8.14
4/8/2026,11:45, ,gtmfmwq_15E101700_032726_050000.bin,Fort Matanzas,GTMNERR,0,52.873,0,34.93,0,2.782,0,94.5,0,7.1,0,6.78,2.34,7.97,0,-82.8,5.58,19.213,0,11.78,0,1.194,1.76,0,7.16
4/8/2026,12:00, ,gtmfmwq_15E101700_032726_050000.bin,Fort Matanzas,GTMNERR,0,52.868,0,34.92,0,2.811,0,78.5,0,5.9,0,6.66,2.3,7.92,0,-79.6,5.59,19.221,0,14.63,0,1.19,0.78,0,3.22
4/8/2026,12:15, ,gtmfmwq_15E101700_032726_050000.bin,Fort Matanzas,GTMNERR,0,52.869,0,34.92,0,2.846,0,61.3,0,4.6,0,6.77,2.34,7.86,0,-76.2,5.59,19.232,0,8.1,0,1.192,1.05,0,4.31
4/8/2026,12:30, ,gtmfmwq_15E101700_032726_050000.bin,Fort Matanzas,GTMNERR,0,52.867,0,34.92,0,2.866,0,50.4,0,3.78,0,6.73,2.32,7.83,0,-74.1,5.59,19.226,0,11.24,0,1.189,0.93,0,3.8
4/8/2026,12:45, ,gtmfmwq_15E101700_032726_050000.bin,Fort Matanzas,GTMNERR,0,52.887,0,34.94,0,2.879,0,70.1,0,5.26,0,6.77,2.34,7.89,0,-77.8,5.58,19.201,0,9.37,0,1.197,1.11,0,4.55
4/8/2026,13:00, ,gtmfmwq_15E101700_032726_050000.bin,Fort Matanzas,GTMNERR,0,52.917,0,34.96,0,2.894,0,83,0,6.23,0,6.42,2.22,7.94,0,-80.8,5.58,19.199,0,9.88,0,1.188,1.56,0,6.35
4/8/2026,13:15, ,gtmfmwq_15E101700_032726_050000.bin,Fort Matanzas,GTMNERR,0,52.945,0,34.98,0,2.905,0,83.6,0,6.28,0,6.34,2.19,7.94,0,-81,5.59,19.168,0,8.75,0,1.198,1.23,0,5
4/8/2026,13:30, ,gtmfmwq_15E101700_032726_050000.bin,Fort Matanzas,GTMNERR,0,52.953,0,34.99,0,2.914,0,91.8,0,6.89,0,5.95,2.06,7.98,0,-83.1,5.58,19.185,0,17.44,0,1.195,2.07,0,8.38
4/8/2026,13:45, ,gtmfmwq_15E101700_032726_050000.bin,Fort Matanzas,GTMNERR,0,52.958,0,34.99,0,2.933,0,88.3,0,6.64,0,6.07,2.1,7.96,0,-82.3,5.59,19.171,0,10.02,0,1.198,1.01,0,4.14
4/8/2026,14:00, ,gtmfmwq_15E101700_032726_050000.bin,Fort Matanzas,GTMNERR,0,52.968,0,35,0,2.93,0,92,0,6.91,0,5.83,2.02,7.99,0,-83.6,5.59,19.178,0,7.83,0,1.196,1.26,0,5.13
4/8/2026,14:15, ,gtmfmwq_15E101700_032726_050000.bin,Fort Matanzas,GTMNERR,0,52.962,0,34.99,0,2.927,0,95.1,0,7.14,0,5.75,1.99,8,0,-84.2,5.58,19.203,0,11.8,0,1.188,1.41,0,5.73
4/8/2026,14:30, ,gtmfmwq_15E101700_032726_050000.bin,Fort Matanzas,GTMNERR,0,52.956,0,34.99,0,2.914,0,98.7,0,7.41,0,5.66,1.96,8.01,0,-85,5.59,19.217,0,12.93,0,1.202,2.05,0,8.32
4/8/2026,14:45, ,gtmfmwq_15E101700_032726_050000.bin,Fort Matanzas,GTMNERR,0,52.944,0,34.98,0,2.891,0,98.6,0,7.4,0,6,2.07,8,0,-84.7,5.59,19.233,0,10.41,0,1.2,1.9,0,7.7
4/8/2026,15:00, ,gtmfmwq_15E101700_032726_050000.bin,Fort Matanzas,GTMNERR,0,52.86,0,34.92,0,2.863,0,97.6,0,7.31,0,7.23,2.49,7.98,0,-83.5,5.58,19.361,0,10.8,0,1.198,1.75,0,7.1
4/8/2026,15:15, ,gtmfmwq_15E101700_032726_050000.bin,Fort Matanzas,GTMNERR,0,52.747,0,34.83,0,2.839,0,96.3,0,7.19,0,9.3,3.19,7.95,0,-81.5,5.59,19.55,0,10.8,0,1.193,1.69,0,6.86
4/8/2026,15:30, ,gtmfmwq_15E101700_032726_050000.bin,Fort Matanzas,GTMNERR,0,52.663,0,34.77,0,2.811,0,95.4,0,7.1,0,10.44,3.57,7.93,0,-80.3,5.59,19.721,0,9.22,0,1.194,1.49,0,6.07
4/8/2026,15:45, ,gtmfmwq_15E101700_032726_050000.bin,Fort Matanzas,GTMNERR,0,52.613,0,34.73,0,2.779,0,94.4,0,7.01,0,11.37,3.89,7.91,0,-79.4,5.59,19.838,0,9.8,0,1.188,1.41,0,5.75
4/8/2026,16:00, ,gtmfmwq_15E101700_032726_050000.bin,Fort Matanzas,GTMNERR,0,52.572,0,34.7,0,2.742,0,94.9,0,7.04,0,12.02,4.1,7.91,0,-79,5.58,19.953,0,9.55,0,1.198,1.53,0,6.21
4/8/2026,16:15, ,gtmfmwq_15E101700_032726_050000.bin,Fort Matanzas,GTMNERR,0,52.549,0,34.69,0,2.706,0,93.4,0,6.92,0,12.57,4.29,7.9,0,-78.5,5.58,20.032,0,8.27,0,1.188,1.33,0,5.4
4/8/2026,16:30, ,gtmfmwq_15E101700_032726_050000.bin,Fort Matanzas,GTMNERR,0,52.525,0,34.67,0,2.671,0,93.2,0,6.89,0,12.64,4.32,7.89,0,-78.2,5.59,20.084,0,10.3,0,1.193,1.39,0,5.67
4/8/2026,16:45, ,gtmfmwq_15E101700_032726_050000.bin,Fort Matanzas,GTMNERR,0,52.505,0,34.65,0,2.635,0,93.7,0,6.92,0,13.06,4.45,7.89,0,-78,5.58,20.171,0,7.71,0,1.188,1.37,0,5.58
4/8/2026,17:00, ,gtmfmwq_15E101700_032726_050000.bin,Fort Matanzas,GTMNERR,0,52.479,0,34.63,0,2.61,0,93.6,0,6.91,0,13.23,4.51,7.88,0,-77.6,5.59,20.232,0,7.19,0,1.202,1.41,0,5.75
4/8/2026,17:15, ,gtmfmwq_15E101700_032726_050000.bin,Fort Matanzas,GTMNERR,0,52.476,0,34.63,0,2.587,0,90.4,0,6.67,0,13.18,4.5,7.86,0,-76.6,5.59,20.24,0,6.88,0,1.203,0.87,0,3.56
4/8/2026,17:30, ,gtmfmwq_15E101700_032726_050000.bin,Fort Matanzas,GTMNERR,0,52.476,0,34.63,0,2.561,0,78.3,0,5.78,0,13.2,4.5,7.82,0,-74,5.58,20.247,0,6.17,0,1.203,0.74,0,3.07
4/8/2026,17:45, ,gtmfmwq_15E101700_032726_050000.bin,Fort Matanzas,GTMNERR,0,52.506,0,34.65,0,2.533,0,93.4,0,6.9,0,12.81,4.37,7.88,0,-77.4,5.58,20.172,0,8.18,0,1.206,1.19,0,4.86
4/8/2026,18:00, ,gtmfmwq_15E101700_032726_050000.bin,Fort Matanzas,GTMNERR,0,52.505,0,34.65,0,2.505,0,95.6,0,7.07,0,12.86,4.39,7.89,0,-77.9,5.59,20.143,0,7.89,0,1.194,1.25,0,5.09
4/8/2026,18:15, ,gtmfmwq_15E101700_032726_050000.bin,Fort Matanzas,GTMNERR,0,52.51,0,34.66,0,2.474,0,95.6,0,7.07,0,12.95,4.42,7.89,0,-78.1,5.58,20.134,0,6.49,0,1.2,3.12,0,12.59
4/8/2026,18:30, ,gtmfmwq_15E101700_032726_050000.bin,Fort Matanzas,GTMNERR,0,52.526,0,34.67,0,2.45,0,94.9,0,7.02,0,12.93,4.41,7.89,0,-78.1,5.58,20.082,0,7.35,0,1.198,1.46,0,5.94
4/8/2026,18:45, ,gtmfmwq_15E101700_032726_050000.bin,Fort Matanzas,GTMNERR,0,52.528,0,34.67,0,2.427,0,95.7,0,7.08,0,12.58,4.29,7.89,0,-78.4,5.59,20.078,0,6.89,0,1.198,1.46,0,5.95
4/8/2026,19:00, ,gtmfmwq_15E101700_032726_050000.bin,Fort Matanzas,GTMNERR,0,52.534,0,34.67,0,2.411,0,96.3,0,7.13,0,12.34,4.21,7.9,0,-78.6,5.59,20.042,0,9.07,0,1.194,1.42,0,5.77
4/8/2026,19:15, ,gtmfmwq_15E101700_032726_050000.bin,Fort Matanzas,GTMNERR,0,52.558,0,34.69,0,2.396,0,96.2,0,7.13,0,12.24,4.18,7.9,0,-78.9,5.58,19.983,0,8.04,0,1.188,1.66,0,6.73
4/8/2026,19:30, ,gtmfmwq_15E101700_032726_050000.bin,Fort Matanzas,GTMNERR,0,52.515,0,34.66,0,2.395,0,97.6,0,7.26,0,11.42,3.9,7.91,0,-79.3,5.58,19.822,0,8.75,0,1.193,1.37,0,5.58
4/8/2026,19:45, ,gtmfmwq_15E101700_032726_050000.bin,Fort Matanzas,GTMNERR,0,52.52,0,34.66,0,2.39,0,97.7,0,7.27,0,10.73,3.67,7.92,0,-79.6,5.59,19.796,0,8.96,0,1.188,1.22,0,4.96
4/8/2026,20:00, ,gtmfmwq_15E101700_032726_050000.bin,Fort Matanzas,GTMNERR,0,52.583,0,34.71,0,2.398,0,97.4,0,7.25,0,10.79,3.69,7.92,0,-79.8,5.58,19.779,0,8.89,0,1.187,1.43,0,5.83
4/8/2026,20:15, ,gtmfmwq_15E101700_032726_050000.bin,Fort Matanzas,GTMNERR,0,52.59,0,34.72,0,2.404,0,97.5,0,7.26,0,10.24,3.5,7.93,0,-80.1,5.58,19.708,0,11.1,0,1.207,1.52,0,6.17
4/8/2026,20:30, ,gtmfmwq_15E101700_032726_050000.bin,Fort Matanzas,GTMNERR,0,52.62,0,34.74,0,2.419,0,97.8,0,7.28,0,9.88,3.38,7.93,0,-80.5,5.59,19.697,0,11.7,0,1.193,1.19,0,4.87
4/8/2026,20:45, ,gtmfmwq_15E101700_032726_050000.bin,Fort Matanzas,GTMNERR,0,52.828,0,34.89,0,2.438,0,103.4,0,7.75,0,7.04,2.43,8.01,0,-85.2,5.58,19.349,0,14.09,0,1.193,2.01,0,8.13
4/8/2026,21:00, ,gtmfmwq_15E101700_032726_050000.bin,Fort Matanzas,GTMNERR,0,52.905,0,34.95,0,2.461,0,104.7,0,7.86,0,5.95,2.06,8.03,0,-86.4,5.58,19.204,0,13.98,0,1.203,2.42,0,9.8
4/8/2026,21:15, ,gtmfmwq_15E101700_032726_050000.bin,Fort Matanzas,GTMNERR,0,52.946,0,34.98,0,2.486,0,105.4,0,7.93,0,5.04,1.75,8.05,0,-87.2,5.58,19.083,0,18.02,0,1.202,2.15,0,8.7
4/8/2026,21:30, ,gtmfmwq_15E101700_032726_050000.bin,Fort Matanzas,GTMNERR,0,52.948,0,34.98,0,2.522,0,105.2,0,7.92,0,5.01,1.74,8.05,0,-87.1,5.59,19.057,0,19.36,0,1.199,2.94,0,11.86
4/8/2026,21:45, ,gtmfmwq_15E101700_032726_050000.bin,Fort Matanzas,GTMNERR,0,52.94,0,34.98,0,2.558,0,104.7,0,7.88,0,5.33,1.85,8.04,0,-86.8,5.58,19.089,0,19.17,0,1.199,2.56,0,10.33
4/8/2026,22:00, ,gtmfmwq_15E101700_032726_050000.bin,Fort Matanzas,GTMNERR,0,52.942,0,34.98,0,2.593,0,104.7,0,7.88,0,5.3,1.84,8.04,0,-86.9,5.58,19.093,0,20.35,0,1.197,2.86,0,11.57
4/8/2026,22:15, ,gtmfmwq_15E101700_032726_050000.bin,Fort Matanzas,GTMNERR,0,52.944,0,34.98,0,2.627,0,104.6,0,7.87,0,5.13,1.78,8.04,0,-86.9,5.58,19.104,0,16.56,0,1.2,2.54,0,10.28
4/8/2026,22:30, ,gtmfmwq_15E101700_032726_050000.bin,Fort Matanzas,GTMNERR,0,52.913,0,34.96,0,2.663,0,104,0,7.81,0,5.77,2,8.03,0,-86.4,5.57,19.201,0,15.43,0,1.199,2.63,0,10.65
4/8/2026,22:45, ,gtmfmwq_15E101700_032726_050000.bin,Fort Matanzas,GTMNERR,0,52.898,0,34.95,0,2.712,0,103.5,0,7.77,0,6.03,2.09,8.03,0,-86.1,5.58,19.218,0,14.53,0,1.203,2.26,0,9.13
4/8/2026,23:00, ,gtmfmwq_15E101700_032726_050000.bin,Fort Matanzas,GTMNERR,0,52.846,0,34.91,0,2.76,0,102,0,7.66,0,6.75,2.33,8.01,0,-85.1,5.58,19.248,0,15.45,0,1.199,2.23,0,9.03
4/8/2026,23:15, ,gtmfmwq_15E101700_032726_050000.bin,Fort Matanzas,GTMNERR,0,52.81,0,34.88,0,2.809,0,101.1,0,7.59,0,7.26,2.5,8,0,-84.5,5.57,19.252,0,13.73,0,1.206,2.47,0,9.99
4/8/2026,23:30, ,gtmfmwq_15E101700_032726_050000.bin,Fort Matanzas,GTMNERR,0,52.811,0,34.88,0,2.849,0,101.1,0,7.6,0,6.97,2.4,8.01,0,-84.8,5.57,19.197,0,14.91,0,1.206,2.34,0,9.46
4/8/2026,23:45, ,gtmfmwq_15E101700_032726_050000.bin,Fort Matanzas,GTMNERR,0,52.861,0,34.92,0,2.888,0,101.7,0,7.65,0,5.97,2.07,8.02,0,-85.8,5.58,19.084,0,18.76,0,1.195,2.44,0,9.87
4/9/2026,00:00, ,gtmfmwq_15E101700_032726_050000.bin,Fort Matanzas,GTMNERR,0,52.872,0,34.93,0,2.925,0,101,0,7.6,0,5.89,2.04,8.03,0,-85.9,5.58,19.062,0,15.13,0,1.188,1.9,0,7.71
4/9/2026,00:15, ,gtmfmwq_15E101700_032726_050000.bin,Fort Matanzas,GTMNERR,0,52.894,0,34.94,0,2.957,0,100.6,0,7.58,0,5.85,2.02,8.03,0,-86.1,5.57,19.025,0,18.04,0,1.188,1.81,0,7.34
4/9/2026,00:30, ,gtmfmwq_15E101700_032726_050000.bin,Fort Matanzas,GTMNERR,0,52.904,0,34.95,0,2.984,0,97,0,7.31,0,5.25,1.82,8.02,0,-85.8,5.58,19.015,0,17.34,0,1.197,1.83,0,7.42
4/9/2026,00:45, ,gtmfmwq_15E101700_032726_050000.bin,Fort Matanzas,GTMNERR,0,52.908,0,34.95,0,3.01,0,77.2,0,5.82,0,5.28,1.83,7.96,0,-82.1,5.58,19.017,0,11.8,0,1.193,1.02,0,4.16
4/9/2026,01:00, ,gtmfmwq_15E101700_032726_050000.bin,Fort Matanzas,GTMNERR,0,52.912,0,34.96,0,3.032,0,64.2,0,4.84,0,5.52,1.91,7.91,0,-79,5.57,19.023,0,15.8,0,1.19,1.5,0,6.1
4/9/2026,01:15, ,gtmfmwq_15E101700_032726_050000.bin,Fort Matanzas,GTMNERR,0,52.898,0,34.94,0,3.046,0,75.8,0,5.71,0,5.87,2.03,7.95,0,-81.6,5.57,19.017,0,13.38,0,1.196,1.61,0,6.53
4/9/2026,01:30, ,gtmfmwq_15E101700_032726_050000.bin,Fort Matanzas,GTMNERR,0,52.878,0,34.93,0,3.058,0,89.5,0,6.74,0,5.85,2.03,7.98,0,-83.3,5.58,19.049,0,13.22,0,1.201,1.61,0,6.55
4/9/2026,01:45, ,gtmfmwq_15E101700_032726_050000.bin,Fort Matanzas,GTMNERR,0,52.856,0,34.91,0,3.064,0,94.4,0,7.1,0,6.48,2.24,7.99,0,-83.7,5.57,19.124,0,12.16,0,1.196,1.5,0,6.1
4/9/2026,02:00, ,gtmfmwq_15E101700_032726_050000.bin,Fort Matanzas,GTMNERR,0,52.864,0,34.92,0,3.063,0,94.4,0,7.09,0,6.53,2.25,7.99,0,-83.6,5.57,19.158,0,10.6,0,1.192,1.62,0,6.58
4/9/2026,02:15, ,gtmfmwq_15E101700_032726_050000.bin,Fort Matanzas,GTMNERR,0,52.894,0,34.94,0,3.062,0,96.1,0,7.23,0,6.19,2.14,8,0,-84.2,5.58,19.121,0,12.68,0,1.192,3.32,0,13.4
4/9/2026,02:30, ,gtmfmwq_15E101700_032726_050000.bin,Fort Matanzas,GTMNERR,0,52.911,0,34.95,0,3.054,0,97.6,0,7.34,0,6.05,2.09,8.01,0,-84.9,5.57,19.09,0,12.03,0,1.19,1.87,0,7.57
4/9/2026,02:45, ,gtmfmwq_15E101700_032726_050000.bin,Fort Matanzas,GTMNERR,0,52.916,0,34.96,0,3.034,0,97.4,0,7.33,0,5.87,2.03,8.01,0,-85.2,5.57,19.08,0,11.49,0,1.188,2.47,0,10
4/9/2026,03:00, ,gtmfmwq_15E101700_032726_050000.bin,Fort Matanzas,GTMNERR,0,52.918,0,34.96,0,3.014,0,99.2,0,7.47,0,5.87,2.03,8.02,0,-85.4,5.57,19.065,0,239.38,0,1.199,2.1,0,8.52
4/9/2026,03:15, ,gtmfmwq_15E101700_032726_050000.bin,Fort Matanzas,GTMNERR,0,52.861,0,34.92,0,2.983,0,99,0,7.45,0,6.91,2.38,8,0,-84.6,5.58,19.108,0,11.3,0,1.206,2.18,0,8.83
4/9/2026,03:30, ,gtmfmwq_15E101700_032726_050000.bin,Fort Matanzas,GTMNERR,0,52.792,0,34.87,0,2.949,0,97.3,0,7.31,0,7.95,2.73,7.98,0,-83.2,5.57,19.221,0,9.64,0,1.187,1.72,0,6.97
4/9/2026,03:45, ,gtmfmwq_15E101700_032726_050000.bin,Fort Matanzas,GTMNERR,0,52.719,0,34.81,0,2.912,0,96,0,7.2,0,9.16,3.14,7.96,0,-81.9,5.57,19.357,0,9.06,0,1.191,1.52,0,6.19
4/9/2026,04:00, ,gtmfmwq_15E101700_032726_050000.bin,Fort Matanzas,GTMNERR,0,52.684,0,34.79,0,2.873,0,95.7,0,7.16,0,9.76,3.34,7.94,0,-81.2,5.58,19.44,0,8.97,0,1.204,1.53,0,6.24
4/9/2026,04:15, ,gtmfmwq_15E101700_032726_050000.bin,Fort Matanzas,GTMNERR,0,52.655,0,34.76,0,2.837,0,96.5,0,7.21,0,10.49,3.59,7.94,0,-80.8,5.57,19.495,0,9.54,0,1.196,1.65,0,6.72
4/9/2026,04:30, ,gtmfmwq_15E101700_032726_050000.bin,Fort Matanzas,GTMNERR,0,52.652,0,34.76,0,2.801,0,94.2,0,7.04,0,10.43,3.57,7.93,0,-80.2,5.57,19.513,0,8.01,0,1.191,1.45,0,5.91
4/9/2026,04:45, ,gtmfmwq_15E101700_032726_050000.bin,Fort Matanzas,GTMNERR,0,52.627,0,34.74,0,2.765,0,94.9,0,7.09,0,10.71,3.66,7.93,0,-80.1,5.58,19.565,0,9.11,0,1.193,1.57,0,6.36
4/9/2026,05:00, ,gtmfmwq_15E101700_032726_050000.bin,Fort Matanzas,GTMNERR,0,52.614,0,34.73,0,2.725,0,94.6,0,7.07,0,10.97,3.75,7.92,0,-79.8,5.56,19.58,0,7.61,0,1.196,1.45,0,5.91
4/9/2026,05:15, ,gtmfmwq_15E101700_032726_050000.bin,Fort Matanzas,GTMNERR,0,52.605,0,34.73,0,2.695,0,94.8,0,7.08,0,11.07,3.79,7.92,0,-79.6,5.57,19.603,0,7.25,0,1.194,1.43,0,5.81
4/9/2026,05:30, ,gtmfmwq_15E101700_032726_050000.bin,Fort Matanzas,GTMNERR,0,52.587,0,34.71,0,2.667,0,90.8,0,6.77,0,11.42,3.9,7.91,0,-78.9,5.57,19.623,0,7.23,0,1.199,1.26,0,5.14
4/9/2026,05:45, ,gtmfmwq_15E101700_032726_050000.bin,Fort Matanzas,GTMNERR,0,52.606,0,34.73,0,2.633,0,91.8,0,6.86,0,11.18,3.82,7.91,0,-79.2,5.58,19.532,0,6.83,0,1.202,1.2,0,4.91
4/9/2026,06:00, ,gtmfmwq_15E101700_032726_050000.bin,Fort Matanzas,GTMNERR,0,52.644,0,34.76,0,2.601,0,79.8,0,5.99,0,10.14,3.47,7.87,0,-76.6,5.57,19.333,0,6.32,0,1.2,1.02,0,4.18
4/9/2026,06:15, ,gtmfmwq_15E101700_032726_050000.bin,Fort Matanzas,GTMNERR,0,52.651,0,34.76,0,2.564,0,89.1,0,6.69,0,10.64,3.64,7.9,0,-78.4,5.57,19.296,0,6.82,0,1.192,1.26,0,5.14
4/9/2026,06:30, ,gtmfmwq_15E101700_032726_050000.bin,Fort Matanzas,GTMNERR,0,52.608,0,34.73,0,2.527,0,90.5,0,6.79,0,11.53,3.94,7.89,0,-78.1,5.58,19.253,0,8.09,0,1.188,1.06,0,4.34
4/9/2026,06:45, ,gtmfmwq_15E101700_032726_050000.bin,Fort Matanzas,GTMNERR,0,52.638,0,34.75,0,2.493,0,92,0,6.89,0,11.26,3.85,7.9,0,-78.6,5.57,19.35,0,6.39,0,1.191,0.97,0,3.97
4/9/2026,07:00, ,gtmfmwq_15E101700_032726_050000.bin,Fort Matanzas,GTMNERR,0,52.646,0,34.76,0,2.461,0,93.6,0,7.02,0,10.75,3.68,7.92,0,-79.5,5.57,19.339,0,6.79,0,1.188,1.17,0,4.77
4/9/2026,07:15, ,gtmfmwq_15E101700_032726_050000.bin,Fort Matanzas,GTMNERR,0,52.629,0,34.75,0,2.431,0,93.5,0,7.01,0,11.21,3.83,7.92,0,-79.4,5.57,19.337,0,6.29,0,1.203,1.03,0,4.24
4/9/2026,07:30, ,gtmfmwq_15E101700_032726_050000.bin,Fort Matanzas,GTMNERR,0,52.638,0,34.75,0,2.403,0,93.6,0,7.02,0,11.04,3.78,7.92,0,-79.5,5.56,19.309,0,7.38,0,1.204,1.05,0,4.28
4/9/2026,07:45, ,gtmfmwq_15E101700_032726_050000.bin,Fort Matanzas,GTMNERR,0,52.64,0,34.75,0,2.375,0,94.4,0,7.08,0,10.8,3.69,7.92,0,-79.8,5.57,19.303,0,7.11,0,1.202,1.04,0,4.25
4/9/2026,08:00, ,gtmfmwq_15E101700_032726_050000.bin,Fort Matanzas,GTMNERR,0,52.526,0,34.67,0,2.352,0,89.6,0,6.77,0,12.09,4.13,7.87,0,-76.9,5.57,18.961,0,7.82,0,1.198,0.94,0,3.85
4/9/2026,08:15, ,gtmfmwq_15E101700_032726_050000.bin,Fort Matanzas,GTMNERR,0,52.511,0,34.66,0,2.339,0,87.7,0,6.63,0,11.8,4.03,7.86,0,-75.9,5.57,18.916,0,7.22,0,1.192,0.89,0,3.64
4/9/2026,08:30, ,gtmfmwq_15E101700_032726_050000.bin,Fort Matanzas,GTMNERR,0,52.724,0,34.82,0,2.322,0,93.7,0,7.06,0,8.96,3.07,7.93,0,-80.3,5.57,19.065,0,7.09,0,1.193,0.91,0,3.72
4/9/2026,08:45, ,gtmfmwq_15E101700_032726_050000.bin,Fort Matanzas,GTMNERR,0,52.708,0,34.8,0,2.31,0,90.9,0,6.86,0,8.98,3.08,7.91,0,-78.8,5.57,18.973,0,8.63,0,1.194,0.94,0,3.86
4/9/2026,09:00, ,gtmfmwq_15E101700_032726_050000.bin,Fort Matanzas,GTMNERR,0,52.71,0,34.81,0,2.314,0,92.2,0,6.95,0,9.13,3.13,7.92,0,-79.4,5.57,19.047,0,9.49,0,1.197,1.02,0,4.18
4/9/2026,09:15, ,gtmfmwq_15E101700_032726_050000.bin,Fort Matanzas,GTMNERR,0,52.727,0,34.82,0,2.311,0,93.4,0,7.04,0,8.74,3,7.94,0,-80.6,5.56,18.993,0,11.5,0,1.189,1.27,0,5.16
4/9/2026,09:30, ,gtmfmwq_15E101700_032726_050000.bin,Fort Matanzas,GTMNERR,0,52.734,0,34.82,0,2.313,0,95.4,0,7.22,0,7.98,2.74,7.96,0,-81.8,5.56,18.813,0,16.27,0,1.195,1.73,0,7.02
4/9/2026,09:45, ,gtmfmwq_15E101700_032726_050000.bin,Fort Matanzas,GTMNERR,0,52.737,0,34.83,0,2.332,0,97.4,0,7.37,0,7.37,2.54,7.98,0,-83,5.57,18.818,0,17.72,0,1.202,1.84,0,7.46
4/9/2026,10:00, ,gtmfmwq_15E101700_032726_050000.bin,Fort Matanzas,GTMNERR,0,52.75,0,34.83,0,2.362,0,101.2,0,7.65,0,6.32,2.18,8.02,0,-85.3,5.56,18.858,0,19.69,0,1.189,2.08,0,8.44
4/9/2026,10:15, ,gtmfmwq_15E101700_032726_050000.bin,Fort Matanzas,GTMNERR,0,52.745,0,34.83,0,2.385,0,102.6,0,7.76,0,6.02,2.08,8.02,0,-85.8,5.56,18.869,0,22.96,0,1.196,2.29,0,9.26
4/9/2026,10:30, ,gtmfmwq_15E101700_032726_050000.bin,Fort Matanzas,GTMNERR,0,52.763,0,34.84,0,2.412,0,102,0,7.71,0,5.98,2.07,8.02,0,-85.7,5.57,18.88,0,23.87,0,1.197,2.47,0,9.97
4/9/2026,10:45, ,gtmfmwq_15E101700_032726_050000.bin,Fort Matanzas,GTMNERR,0,52.761,0,34.84,0,2.442,0,102.2,0,7.72,0,6.08,2.1,8.02,0,-85.7,5.56,18.911,0,23.29,0,1.19,2.46,0,9.96
4/9/2026,11:00, ,gtmfmwq_15E101700_032726_050000.bin,Fort Matanzas,GTMNERR,0,52.755,0,34.84,0,2.471,0,102.5,0,7.74,0,6,2.08,8.02,0,-85.8,5.56,18.892,0,24.68,0,1.196,2.37,0,9.6
4/9/2026,11:15, ,gtmfmwq_15E101700_032726_050000.bin,Fort Matanzas,GTMNERR,0,52.752,0,34.84,0,2.508,0,102.4,0,7.74,0,6.08,2.1,8.02,0,-85.6,5.56,18.918,0,23.91,0,1.195,1.97,0,7.99
4/9/2026,11:30, ,gtmfmwq_15E101700_032726_050000.bin,Fort Matanzas,GTMNERR,0,52.747,0,34.83,0,2.55,0,102.4,0,7.74,0,6.14,2.12,8.02,0,-85.7,5.57,18.901,0,22.51,0,1.187,2.46,0,9.96
4/9/2026,11:45, ,gtmfmwq_15E101700_032726_050000.bin,Fort Matanzas,GTMNERR,0,52.751,0,34.84,0,2.596,0,101.6,0,7.67,0,6.41,2.21,8.02,0,-85.3,5.56,18.92,0,18.74,0,1.194,3.71,0,14.96
4/9/2026,12:00, ,gtmfmwq_15E101700_032726_050000.bin,Fort Matanzas,GTMNERR,0,52.749,0,34.83,0,2.642,0,102.6,0,7.74,0,6.26,2.16,8.02,0,-85.8,5.56,18.931,0,18.88,0,1.204,1.8,0,7.31
4/9/2026,12:15, ,gtmfmwq_15E101700_032726_050000.bin,Fort Matanzas,GTMNERR,0,52.753,0,34.84,0,2.671,0,102,0,7.7,0,6.16,2.13,8.02,0,-85.7,5.57,18.951,0,18.67,0,1.196,2.23,0,9.04
4/9/2026,12:30, ,gtmfmwq_15E101700_032726_050000.bin,Fort Matanzas,GTMNERR,0,52.759,0,34.84,0,2.704,0,101.8,0,7.68,0,6.27,2.17,8.02,0,-85.6,5.56,18.992,0,15.08,0,1.197,1.73,0,7.02
4/9/2026,12:45, ,gtmfmwq_15E101700_032726_050000.bin,Fort Matanzas,GTMNERR,0,52.755,0,34.84,0,2.734,0,99.9,0,7.53,0,6.16,2.13,8.01,0,-85.1,5.56,19.027,0,11.33,0,1.2,1.4,0,5.71
4/9/2026,13:00, ,gtmfmwq_15E101700_032726_050000.bin,Fort Matanzas,GTMNERR,0,52.764,0,34.85,0,2.754,0,93.4,0,7.03,0,6.02,2.08,7.99,0,-83.6,5.57,19.059,0,8.25,0,1.199,0.68,0,2.8
4/9/2026,13:15, ,gtmfmwq_15E101700_032726_050000.bin,Fort Matanzas,GTMNERR,0,52.755,0,34.84,0,2.777,0,77.9,0,5.87,0,6.21,2.15,7.93,0,-80.4,5.55,19.066,0,10.59,0,1.204,1.5,0,6.1
4/9/2026,13:30, ,gtmfmwq_15E101700_032726_050000.bin,Fort Matanzas,GTMNERR,0,52.754,0,34.84,0,2.788,0,89.6,0,6.75,0,5.9,2.04,7.98,0,-83,5.56,19.039,0,10.08,0,1.203,1.27,0,5.19
4/9/2026,13:45, ,gtmfmwq_15E101700_032726_050000.bin,Fort Matanzas,GTMNERR,0,52.762,0,34.84,0,2.796,0,94,0,7.09,0,6.1,2.11,8.01,0,-84.8,5.57,19.055,0,10.18,0,1.205,1.53,0,6.21
4/9/2026,14:00, ,gtmfmwq_15E101700_032726_050000.bin,Fort Matanzas,GTMNERR,0,52.753,0,34.84,0,2.794,0,103.4,0,7.78,0,5.95,2.06,8.03,0,-86,5.55,19.132,0,11.11,0,1.195,2.33,0,9.42
4/9/2026,14:15, ,gtmfmwq_15E101700_032726_050000.bin,Fort Matanzas,GTMNERR,0,52.727,0,34.82,0,2.793,0,100.4,0,7.53,0,6.91,2.38,8,0,-84.4,5.56,19.332,0,14.19,0,1.188,1.66,0,6.76
4/9/2026,14:30, ,gtmfmwq_15E101700_032726_050000.bin,Fort Matanzas,GTMNERR,0,52.753,0,34.84,0,2.781,0,102.8,0,7.7,0,6.37,2.2,8.02,0,-85.4,5.56,19.343,0,13.25,0,1.195,1.64,0,6.65
4/9/2026,14:45, ,gtmfmwq_15E101700_032726_050000.bin,Fort Matanzas,GTMNERR,0,52.746,0,34.83,0,2.77,0,104.5,0,7.82,0,6.68,2.31,8.02,0,-85.4,5.57,19.412,0,13.56,0,1.199,2.09,0,8.48
4/9/2026,15:00, ,gtmfmwq_15E101700_032726_050000.bin,Fort Matanzas,GTMNERR,0,52.736,0,34.82,0,2.753,0,104.5,0,7.81,0,6.84,2.36,8.01,0,-84.9,5.56,19.461,0,11.56,0,1.2,1.77,0,7.16
4/9/2026,15:15, ,gtmfmwq_15E101700_032726_050000.bin,Fort Matanzas,GTMNERR,0,52.73,0,34.82,0,2.733,0,104,0,7.77,0,7.14,2.46,8,0,-84.5,5.56,19.509,0,12.3,0,1.201,1.7,0,6.9
4/9/2026,15:30, ,gtmfmwq_15E101700_032726_050000.bin,Fort Matanzas,GTMNERR,0,52.713,0,34.81,0,2.712,0,103.8,0,7.77,0,7.02,2.42,8.01,0,-84.8,5.57,19.453,0,13.37,0,1.203,2.21,0,8.93
4/9/2026,15:45, ,gtmfmwq_15E101700_032726_050000.bin,Fort Matanzas,GTMNERR,0,52.753,0,34.84,0,2.695,0,101.8,0,7.6,0,7.6,2.61,7.99,0,-83.8,5.55,19.538,0,13.05,0,1.205,1.95,0,7.92
4/9/2026,16:00, ,gtmfmwq_15E101700_032726_050000.bin,Fort Matanzas,GTMNERR,0,52.745,0,34.83,0,2.672,0,102.5,0,7.66,0,7.43,2.56,7.99,0,-83.9,5.56,19.506,0,12.84,0,1.207,2.06,0,8.34
4/9/2026,16:15, ,gtmfmwq_15E101700_032726_050000.bin,Fort Matanzas,GTMNERR,0,52.722,0,34.81,0,2.645,0,103.4,0,7.72,0,7.69,2.64,7.99,0,-83.7,5.57,19.584,0,12.59,0,1.204,1.79,0,7.25
4/9/2026,16:30, ,gtmfmwq_15E101700_032726_050000.bin,Fort Matanzas,GTMNERR,0,52.723,0,34.82,0,2.618,0,103.7,0,7.73,0,7.96,2.73,7.98,0,-83.4,5.56,19.654,0,11.75,0,1.206,1.65,0,6.71
4/9/2026,16:45, ,gtmfmwq_15E101700_032726_050000.bin,Fort Matanzas,GTMNERR,0,52.709,0,34.8,0,2.591,0,103.6,0,7.7,0,8.27,2.84,7.97,0,-82.9,5.56,19.798,0,10.08,0,1.194,1.72,0,6.97
4/9/2026,17:00, ,gtmfmwq_15E101700_032726_050000.bin,Fort Matanzas,GTMNERR,0,52.7,0,34.8,0,2.565,0,103.5,0,7.68,0,8.09,2.78,7.96,0,-82.5,5.56,19.871,0,8.13,0,1.188,1.55,0,6.3
4/9/2026,17:15, ,gtmfmwq_15E101700_032726_050000.bin,Fort Matanzas,GTMNERR,0,52.689,0,34.79,0,2.537,0,103.1,0,7.64,0,8.38,2.88,7.96,0,-82.2,5.56,19.976,0,8.64,0,1.196,1.75,0,7.11
4/9/2026,17:30, ,gtmfmwq_15E101700_032726_050000.bin,Fort Matanzas,GTMNERR,0,52.688,0,34.79,0,2.512,0,102.2,0,7.56,0,8.42,2.89,7.95,0,-81.9,5.56,20.048,0,8.28,0,1.203,1.43,0,5.82
4/9/2026,17:45, ,gtmfmwq_15E101700_032726_050000.bin,Fort Matanzas,GTMNERR,0,52.683,0,34.78,0,2.489,0,102.7,0,7.59,0,8.32,2.86,7.95,0,-81.9,5.56,20.075,0,6.73,0,1.189,1.39,0,5.64
4/9/2026,18:00, ,gtmfmwq_15E101700_032726_050000.bin,Fort Matanzas,GTMNERR,0,52.685,0,34.79,0,2.459,0,85.7,0,6.34,0,8.34,2.86,7.88,0,-77.5,5.56,20.068,0,5.29,0,1.201,0.61,0,2.55
4/9/2026,18:15, ,gtmfmwq_15E101700_032726_050000.bin,Fort Matanzas,GTMNERR,0,52.695,0,34.79,0,2.428,0,91.8,0,6.79,0,8.22,2.82,7.92,0,-79.8,5.56,20.041,0,7.09,0,1.201,1.13,0,4.62
4/9/2026,18:30, ,gtmfmwq_15E101700_032726_050000.bin,Fort Matanzas,GTMNERR,0,52.699,0,34.8,0,2.397,0,82,0,6.07,0,8.43,2.89,7.89,0,-78.2,5.56,20.079,0,5.89,0,1.201,0.75,0,3.08
4/9/2026,18:45, ,gtmfmwq_15E101700_032726_050000.bin,Fort Matanzas,GTMNERR,0,52.665,0,34.77,0,2.366,0,98.1,0,7.24,0,8.97,3.08,7.93,0,-80.2,5.57,20.202,0,5.55,0,1.197,1.12,0,4.59
4/9/2026,19:00, ,gtmfmwq_15E101700_032726_050000.bin,Fort Matanzas,GTMNERR,0,52.682,0,34.78,0,2.337,0,101.2,0,7.49,0,8.62,2.96,7.95,0,-81.5,5.56,20.06,0,6.33,0,1.19,1.24,0,5.05
4/9/2026,19:15, ,gtmfmwq_15E101700_032726_050000.bin,Fort Matanzas,GTMNERR,0,52.69,0,34.79,0,2.311,0,101.7,0,7.52,0,8.7,2.99,7.95,0,-81.5,5.56,20.029,0,7.5,0,1.196,1.42,0,5.78
4/9/2026,19:30, ,gtmfmwq_15E101700_032726_050000.bin,Fort Matanzas,GTMNERR,0,52.688,0,34.79,0,2.29,0,101.1,0,7.49,0,8.76,3,7.95,0,-81.4,5.57,19.997,0,7.21,0,1.195,1.53,0,6.21
4/9/2026,19:45, ,gtmfmwq_15E101700_032726_050000.bin,Fort Matanzas,GTMNERR,0,52.692,0,34.79,0,2.269,0,101.9,0,7.56,0,8.63,2.96,7.95,0,-81.8,5.56,19.95,0,6.72,0,1.194,1.64,0,6.65
4/9/2026,20:00, ,gtmfmwq_15E101700_032726_050000.bin,Fort Matanzas,GTMNERR,0,52.69,0,34.79,0,2.257,0,102.7,0,7.6,0,8.72,2.99,7.95,0,-81.8,5.56,19.99,0,7.41,0,1.19,1.28,0,5.2
4/9/2026,20:15, ,gtmfmwq_15E101700_032726_050000.bin,Fort Matanzas,GTMNERR,0,52.691,0,34.79,0,2.243,0,102.8,0,7.61,0,8.84,3.03,7.95,0,-81.9,5.56,20.031,0,8.07,0,1.199,1.62,0,6.57
4/9/2026,20:30, ,gtmfmwq_15E101700_032726_050000.bin,Fort Matanzas,GTMNERR,0,52.63,0,34.75,0,2.232,0,102.1,0,7.55,0,9.44,3.24,7.94,0,-80.9,5.56,20.116,0,8.18,0,1.203,1.4,0,5.72
4/9/2026,20:45, ,gtmfmwq_15E101700_032726_050000.bin,Fort Matanzas,GTMNERR,0,52.573,0,34.7,0,2.23,0,100.8,0,7.44,0,10.13,3.47,7.92,0,-79.8,5.56,20.218,0,8.48,0,1.2,1.33,0,5.41
4/9/2026,21:00, ,gtmfmwq_15E101700_032726_050000.bin,Fort Matanzas,GTMNERR,0,52.661,0,34.77,0,2.231,0,101.3,0,7.49,0,8.88,3.05,7.94,0,-81.1,5.56,20.104,0,9.9,0,1.193,1.63,0,6.6
4/9/2026,21:15, ,gtmfmwq_15E101700_032726_050000.bin,Fort Matanzas,GTMNERR,0,52.71,0,34.8,0,2.244,0,102.2,0,7.57,0,8.11,2.79,7.96,0,-82.1,5.57,19.963,0,10.82,0,1.198,1.65,0,6.7
4/9/2026,21:30, ,gtmfmwq_15E101700_032726_050000.bin,Fort Matanzas,GTMNERR,0,52.613,0,34.73,0,2.261,0,103.5,0,7.68,0,8.44,2.9,7.97,0,-82.6,5.56,19.936,0,18.51,0,1.198,1.97,0,7.97
4/9/2026,21:45, ,gtmfmwq_15E101700_032726_050000.bin,Fort Matanzas,GTMNERR,0,52.553,0,34.69,0,2.288,0,104.6,0,7.8,0,8.3,2.85,7.98,0,-83.2,5.56,19.661,0,14.93,0,1.199,1.97,0,7.97
4/9/2026,22:00, ,gtmfmwq_15E101700_032726_050000.bin,Fort Matanzas,GTMNERR,0,52.547,0,34.69,0,2.316,0,105.6,0,7.9,0,7.31,2.52,8,0,-84.6,5.56,19.474,0,13.05,0,1.207,1.93,0,7.83
4/9/2026,22:15, ,gtmfmwq_15E101700_032726_050000.bin,Fort Matanzas,GTMNERR,0,52.633,0,34.75,0,2.35,0,104.7,0,7.79,0,7.92,2.72,7.98,0,-83.6,5.55,19.707,0,14.56,0,1.19,2.31,0,9.34
4/9/2026,22:30, ,gtmfmwq_15E101700_032726_050000.bin,Fort Matanzas,GTMNERR,0,52.615,0,34.74,0,2.389,0,104.2,0,7.78,0,7.72,2.66,7.99,0,-83.9,5.56,19.616,0,13.89,0,1.188,2.3,0,9.32
4/9/2026,22:45, ,gtmfmwq_15E101700_032726_050000.bin,Fort Matanzas,GTMNERR,0,52.587,0,34.72,0,2.433,0,105.1,0,7.86,0,7.41,2.55,8,0,-84.6,5.56,19.511,0,14.72,0,1.196,1.5,0,6.08
4/9/2026,23:00, ,gtmfmwq_15E101700_032726_050000.bin,Fort Matanzas,GTMNERR,0,52.596,0,34.72,0,2.486,0,104.8,0,7.82,0,7.55,2.6,7.99,0,-84.1,5.55,19.576,0,14.86,0,1.201,2.89,0,11.68
4/9/2026,23:15, ,gtmfmwq_15E101700_032726_050000.bin,Fort Matanzas,GTMNERR,0,52.571,0,34.7,0,2.54,0,104.7,0,7.83,0,7.32,2.52,8,0,-84.4,5.55,19.498,0,14.28,0,1.207,1.78,0,7.21
4/9/2026,23:30, ,gtmfmwq_15E101700_032726_050000.bin,Fort Matanzas,GTMNERR,0,52.551,0,34.69,0,2.591,0,104.4,0,7.81,0,7.2,2.48,8,0,-84.5,5.56,19.481,0,11.85,0,1.206,1.72,0,6.98
4/9/2026,23:45, ,gtmfmwq_15E101700_032726_050000.bin,Fort Matanzas,GTMNERR,0,52.542,0,34.68,0,2.633,0,104.3,0,7.81,0,7.2,2.48,8,0,-84.6,5.56,19.454,0,10.58,0,1.195,2.1,0,8.49
4/10/2026,00:00, ,gtmfmwq_15E101700_032726_050000.bin,Fort Matanzas,GTMNERR,0,52.536,0,34.68,0,2.674,0,103.9,0,7.78,0,7.07,2.44,8,0,-84.4,5.55,19.444,0,8.68,0,1.197,1.78,0,7.21
4/10/2026,00:15, ,gtmfmwq_15E101700_032726_050000.bin,Fort Matanzas,GTMNERR,0,52.541,0,34.68,0,2.717,0,102.5,0,7.67,0,6.91,2.38,8,0,-84.2,5.56,19.449,0,8.86,0,1.192,1.15,0,4.7
4/10/2026,00:30, ,gtmfmwq_15E101700_032726_050000.bin,Fort Matanzas,GTMNERR,0,52.547,0,34.69,0,2.754,0,97.5,0,7.3,0,6.6,2.28,7.98,0,-83,5.56,19.463,0,8.55,0,1.207,1.19,0,4.84
4/10/2026,00:45, ,gtmfmwq_15E101700_032726_050000.bin,Fort Matanzas,GTMNERR,0,52.555,0,34.69,0,2.788,0,81.4,0,6.09,0,7.35,2.53,7.92,0,-79.8,5.55,19.472,0,8.14,0,1.195,0.85,0,3.48
4/10/2026,01:00, ,gtmfmwq_15E101700_032726_050000.bin,Fort Matanzas,GTMNERR,0,52.558,0,34.69,0,2.818,0,53.8,0,4.02,0,7.55,2.6,7.82,0,-74.1,5.55,19.48,0,9.5,0,1.198,0.68,0,2.8
4/10/2026,01:15, ,gtmfmwq_15E101700_032726_050000.bin,Fort Matanzas,GTMNERR,0,52.564,0,34.7,0,2.848,0,61.5,0,4.6,0,7.53,2.59,7.84,0,-75.1,5.56,19.473,0,9.52,0,1.204,0.86,0,3.54
4/10/2026,01:30, ,gtmfmwq_15E101700_032726_050000.bin,Fort Matanzas,GTMNERR,0,52.565,0,34.7,0,2.871,0,77.8,0,5.83,0,7.09,2.44,7.9,0,-78.7,5.55,19.446,0,7.05,0,1.188,0.9,0,3.69
4/10/2026,01:45, ,gtmfmwq_15E101700_032726_050000.bin,Fort Matanzas,GTMNERR,0,52.561,0,34.7,0,2.893,0,88.2,0,6.61,0,7.3,2.52,7.94,0,-80.8,5.55,19.428,0,7.44,0,1.2,0.95,0,3.88
4/10/2026,02:00, ,gtmfmwq_15E101700_032726_050000.bin,Fort Matanzas,GTMNERR,0,52.555,0,34.69,0,2.912,0,91.8,0,6.87,0,7.28,2.51,7.95,0,-81.6,5.56,19.43,0,6.53,0,1.199,1.08,0,4.4
4/10/2026,02:15, ,gtmfmwq_15E101700_032726_050000.bin,Fort Matanzas,GTMNERR,0,52.556,0,34.69,0,2.928,0,91.3,0,6.84,0,7.58,2.61,7.96,0,-82.2,5.54,19.447,0,7.69,0,1.203,0.91,0,3.75
4/10/2026,02:30, ,gtmfmwq_15E101700_032726_050000.bin,Fort Matanzas,GTMNERR,0,52.573,0,34.7,0,2.938,0,96.2,0,7.19,0,7.97,2.74,7.96,0,-82.1,5.55,19.512,0,9.04,0,1.199,1.29,0,5.26
4/10/2026,02:45, ,gtmfmwq_15E101700_032726_050000.bin,Fort Matanzas,GTMNERR,0,52.573,0,34.7,0,2.945,0,97.8,0,7.32,0,7.47,2.57,7.97,0,-82.9,5.55,19.469,0,14.32,0,1.201,1.33,0,5.41
4/10/2026,03:00, ,gtmfmwq_15E101700_032726_050000.bin,Fort Matanzas,GTMNERR,0,52.587,0,34.71,0,2.944,0,97.9,0,7.32,0,8.49,2.91,7.96,0,-82.3,5.56,19.529,0,10.2,0,1.194,1.32,0,5.39
4/10/2026,03:15, ,gtmfmwq_15E101700_032726_050000.bin,Fort Matanzas,GTMNERR,0,52.604,0,34.73,0,2.936,0,98.1,0,7.33,0,8.31,2.85,7.96,0,-82.3,5.55,19.584,0,9.03,0,1.193,1.53,0,6.23
4/10/2026,03:30, ,gtmfmwq_15E101700_032726_050000.bin,Fort Matanzas,GTMNERR,0,52.608,0,34.73,0,2.922,0,98.4,0,7.34,0,9,3.09,7.96,0,-81.9,5.55,19.648,0,11.99,0,1.188,1.54,0,6.27
4/10/2026,03:45, ,gtmfmwq_15E101700_032726_050000.bin,Fort Matanzas,GTMNERR,0,52.61,0,34.73,0,2.898,0,98.8,0,7.36,0,8.71,2.99,7.95,0,-81.7,5.56,19.714,0,9.12,0,1.198,1.42,0,5.79
4/10/2026,04:00, ,gtmfmwq_15E101700_032726_050000.bin,Fort Matanzas,GTMNERR,0,52.62,0,34.74,0,2.875,0,98.5,0,7.32,0,9.08,3.11,7.94,0,-81.2,5.54,19.803,0,12.4,0,1.197,1.41,0,5.75
4/10/2026,04:15, ,gtmfmwq_15E101700_032726_050000.bin,Fort Matanzas,GTMNERR,0,52.643,0,34.76,0,2.846,0,97.6,0,7.24,0,9.23,3.16,7.93,0,-80.3,5.55,19.877,0,12.11,0,1.199,1.47,0,5.97
4/10/2026,04:30, ,gtmfmwq_15E101700_032726_050000.bin,Fort Matanzas,GTMNERR,0,52.649,0,34.76,0,2.812,0,96.6,0,7.17,0,9.7,3.32,7.93,0,-80.4,5.56,19.911,0,10.55,0,1.2,1.35,0,5.5
4/10/2026,04:45, ,gtmfmwq_15E101700_032726_050000.bin,Fort Matanzas,GTMNERR,0,52.625,0,34.74,0,2.773,0,97,0,7.2,0,9.96,3.41,7.92,0,-80,5.55,19.919,0,11.52,0,1.192,1.56,0,6.35
4/10/2026,05:00, ,gtmfmwq_15E101700_032726_050000.bin,Fort Matanzas,GTMNERR,0,52.624,0,34.74,0,2.734,0,96.2,0,7.13,0,10.66,3.65,7.92,0,-79.7,5.55,19.95,0,9.11,0,1.193,1.18,0,4.82
4/10/2026,05:15, ,gtmfmwq_15E101700_032726_050000.bin,Fort Matanzas,GTMNERR,0,52.607,0,34.73,0,2.7,0,95.5,0,7.08,0,17.12,5.82,7.91,0,-79.4,5.55,19.951,0,308.03,0,1.195,1.19,0,4.87
4/10/2026,05:30, ,gtmfmwq_15E101700_032726_050000.bin,Fort Matanzas,GTMNERR,0,52.588,0,34.71,0,2.668,0,95.8,0,7.1,0,11.39,3.89,7.91,0,-79.1,5.56,19.981,0,8.54,0,1.206,1.43,0,5.81
4/10/2026,05:45, ,gtmfmwq_15E101700_032726_050000.bin,Fort Matanzas,GTMNERR,0,52.58,0,34.71,0,2.63,0,95.6,0,7.09,0,11.38,3.89,7.91,0,-79.1,5.55,19.958,0,9.14,0,1.2,1.39,0,5.66
4/10/2026,06:00, ,gtmfmwq_15E101700_032726_050000.bin,Fort Matanzas,GTMNERR,0,52.57,0,34.7,0,2.597,0,95.1,0,7.05,0,11.89,4.06,7.9,0,-78.7,5.55,19.976,0,8.13,0,1.195,1.33,0,5.42
4/10/2026,06:15, ,gtmfmwq_15E101700_032726_050000.bin,Fort Matanzas,GTMNERR,0,52.564,0,34.7,0,2.56,0,87.7,0,6.5,0,12.15,4.15,7.88,0,-77.3,5.56,19.984,0,6.69,0,1.199,0.93,0,3.83
4/10/2026,06:30, ,gtmfmwq_15E101700_032726_050000.bin,Fort Matanzas,GTMNERR,0,52.564,0,34.7,0,2.526,0,80.3,0,5.95,0,11.7,4,7.85,0,-75.8,5.54,19.978,0,8.76,0,1.196,0.94,0,3.87
4/10/2026,06:45, ,gtmfmwq_15E101700_032726_050000.bin,Fort Matanzas,GTMNERR,0,52.566,0,34.7,0,2.491,0,72.6,0,5.39,0,11.67,3.99,7.82,0,-74.2,5.55,19.967,0,5.27,0,1.194,0.6,0,2.49
4/10/2026,07:00, ,gtmfmwq_15E101700_032726_050000.bin,Fort Matanzas,GTMNERR,0,52.578,0,34.71,0,2.458,0,85.2,0,6.35,0,10.87,3.72,7.87,0,-76.9,5.55,19.703,0,5.12,0,1.189,0.75,0,3.08
4/10/2026,07:15, ,gtmfmwq_15E101700_032726_050000.bin,Fort Matanzas,GTMNERR,0,52.585,0,34.71,0,2.423,0,90.4,0,6.72,0,11.42,3.9,7.89,0,-77.8,5.54,19.782,0,5.57,0,1.193,0.9,0,3.7
4/10/2026,07:30, ,gtmfmwq_15E101700_032726_050000.bin,Fort Matanzas,GTMNERR,0,52.551,0,34.69,0,2.387,0,87.6,0,6.52,0,12.6,4.3,7.86,0,-75.9,5.55,19.744,0,5.43,0,1.196,0.74,0,3.04
4/10/2026,07:45, ,gtmfmwq_15E101700_032726_050000.bin,Fort Matanzas,GTMNERR,0,52.581,0,34.71,0,2.354,0,93.1,0,6.92,0,11.3,3.86,7.9,0,-78.6,5.55,19.838,0,7.64,0,1.198,0.99,0,4.04
4/10/2026,08:00, ,gtmfmwq_15E101700_032726_050000.bin,Fort Matanzas,GTMNERR,0,52.576,0,34.71,0,2.323,0,92.9,0,6.9,0,11.41,3.9,7.9,0,-78.3,5.56,19.828,0,7.18,0,1.201,0.95,0,3.89
4/10/2026,08:15, ,gtmfmwq_15E101700_032726_050000.bin,Fort Matanzas,GTMNERR,0,52.557,0,34.69,0,2.296,0,91,0,6.77,0,12.04,4.11,7.88,0,-77.2,5.55,19.755,0,6.44,0,1.194,0.89,0,3.65
4/10/2026,08:30, ,gtmfmwq_15E101700_032726_050000.bin,Fort Matanzas,GTMNERR,0,52.554,0,34.69,0,2.271,0,91.9,0,6.84,0,11.83,4.04,7.88,0,-77.3,5.55,19.801,0,6.8,0,1.199,0.9,0,3.69
4/10/2026,08:45, ,gtmfmwq_15E101700_032726_050000.bin,Fort Matanzas,GTMNERR,0,52.51,0,34.66,0,2.245,0,89.2,0,6.65,0,12.18,4.16,7.86,0,-76.3,5.56,19.664,0,6.29,0,1.202,0.87,0,3.56
4/10/2026,09:00, ,gtmfmwq_15E101700_032726_050000.bin,Fort Matanzas,GTMNERR,0,52.457,0,34.62,0,2.223,0,87.5,0,6.53,0,12.44,4.25,7.85,0,-75.4,5.55,19.635,0,6.53,0,1.193,0.79,0,3.24
4/10/2026,09:15, ,gtmfmwq_15E101700_032726_050000.bin,Fort Matanzas,GTMNERR,0,52.513,0,34.66,0,2.206,0,90.6,0,6.75,0,11.36,3.88,7.87,0,-77,5.55,19.7,0,6.29,0,1.194,0.83,0,3.42
4/10/2026,09:30, ,gtmfmwq_15E101700_032726_050000.bin,Fort Matanzas,GTMNERR,0,52.534,0,34.68,0,2.194,0,90.7,0,6.76,0,11.14,3.81,7.87,0,-76.9,5.56,19.733,0,6.15,0,1.195,0.88,0,3.63
4/10/2026,09:45, ,gtmfmwq_15E101700_032726_050000.bin,Fort Matanzas,GTMNERR,0,52.61,0,34.73,0,2.188,0,92.3,0,6.87,0,9.76,3.34,7.89,0,-78.2,5.54,19.711,0,7.55,0,1.187,0.86,0,3.55
4/10/2026,10:00, ,gtmfmwq_15E101700_032726_050000.bin,Fort Matanzas,GTMNERR,0,52.618,0,34.74,0,2.183,0,93.2,0,6.94,0,9.79,3.35,7.9,0,-78.8,5.54,19.735,0,8.44,0,1.205,0.94,0,3.87
4/10/2026,10:15, ,gtmfmwq_15E101700_032726_050000.bin,Fort Matanzas,GTMNERR,0,52.6,0,34.72,0,2.184,0,93.5,0,7,0,8.88,3.05,7.93,0,-80.1,5.55,19.433,0,13.3,0,1.204,0.95,0,3.89
4/10/2026,10:30, ,gtmfmwq_15E101700_032726_050000.bin,Fort Matanzas,GTMNERR,0,52.563,0,34.7,0,2.19,0,95.5,0,7.17,0,8.15,2.8,7.95,0,-81.4,5.54,19.292,0,16,0,1.204,1.47,0,5.98
4/10/2026,10:45, ,gtmfmwq_15E101700_032726_050000.bin,Fort Matanzas,GTMNERR,0,52.548,0,34.69,0,2.206,0,98.1,0,7.37,0,7.52,2.59,7.97,0,-82.6,5.54,19.293,0,19.09,0,1.205,1.51,0,6.15
4/10/2026,11:00, ,gtmfmwq_15E101700_032726_050000.bin,Fort Matanzas,GTMNERR,0,52.544,0,34.68,0,2.22,0,99.7,0,7.48,0,7.31,2.52,7.98,0,-83.2,5.55,19.345,0,17.79,0,1.194,1.54,0,6.26
4/10/2026,11:15, ,gtmfmwq_15E101700_032726_050000.bin,Fort Matanzas,GTMNERR,0,52.555,0,34.69,0,2.247,0,102.1,0,7.65,0,6.84,2.36,8,0,-84.4,5.55,19.4,0,15.82,0,1.198,1.48,0,6.03
4/10/2026,11:30, ,gtmfmwq_15E101700_032726_050000.bin,Fort Matanzas,GTMNERR,0,52.523,0,34.67,0,2.274,0,102.5,0,7.68,0,6.75,2.33,8,0,-84.4,5.55,19.422,0,19.82,0,1.207,1.43,0,5.82
4/10/2026,11:45, ,gtmfmwq_15E101700_032726_050000.bin,Fort Matanzas,GTMNERR,0,52.527,0,34.67,0,2.304,0,102.5,0,7.67,0,6.87,2.37,8,0,-84.2,5.54,19.473,0,17.73,0,1.193,1.67,0,6.79
4/10/2026,12:00, ,gtmfmwq_15E101700_032726_050000.bin,Fort Matanzas,GTMNERR,0,52.52,0,34.67,0,2.341,0,102.6,0,7.67,0,7.11,2.45,7.99,0,-84.1,5.55,19.565,0,17.77,0,1.188,1.73,0,7.02
4/10/2026,12:15, ,gtmfmwq_15E101700_032726_050000.bin,Fort Matanzas,GTMNERR,0,52.545,0,34.68,0,2.38,0,104,0,7.77,0,6.45,2.23,8.01,0,-85,5.54,19.528,0,16.91,0,1.19,2.35,0,9.52
4/10/2026,12:30, ,gtmfmwq_15E101700_032726_050000.bin,Fort Matanzas,GTMNERR,0,52.538,0,34.68,0,2.42,0,103.4,0,7.73,0,6.64,2.29,8.01,0,-84.8,5.54,19.542,0,16.64,0,1.196,1.65,0,6.69
4/10/2026,12:45, ,gtmfmwq_15E101700_032726_050000.bin,Fort Matanzas,GTMNERR,0,52.548,0,34.69,0,2.462,0,103.8,0,7.74,0,6.56,2.27,8,0,-84.8,5.55,19.623,0,15.82,0,1.192,1.61,0,6.56
4/10/2026,13:00, ,gtmfmwq_15E101700_032726_050000.bin,Fort Matanzas,GTMNERR,0,52.539,0,34.68,0,2.501,0,103.9,0,7.75,0,6.64,2.29,8.01,0,-84.9,5.54,19.62,0,13.18,0,1.198,1.49,0,6.08
4/10/2026,13:15, ,gtmfmwq_15E101700_032726_050000.bin,Fort Matanzas,GTMNERR,0,52.544,0,34.68,0,2.537,0,103.4,0,7.71,0,6.64,2.29,8.01,0,-84.9,5.54,19.626,0,12.12,0,1.2,1.38,0,5.61
4/10/2026,13:30, ,gtmfmwq_15E101700_032726_050000.bin,Fort Matanzas,GTMNERR,0,52.553,0,34.69,0,2.569,0,102.8,0,7.65,0,6.65,2.3,8,0,-84.4,5.55,19.733,0,8.98,0,1.199,1.22,0,4.97
4/10/2026,13:45, ,gtmfmwq_15E101700_032726_050000.bin,Fort Matanzas,GTMNERR,0,52.535,0,34.68,0,2.601,0,101.6,0,7.56,0,6.8,2.35,7.99,0,-83.9,5.54,19.78,0,7.92,0,1.195,1.04,0,4.26
4/10/2026,14:00, ,gtmfmwq_15E101700_032726_050000.bin,Fort Matanzas,GTMNERR,0,52.534,0,34.68,0,2.625,0,90.6,0,6.73,0,7.08,2.44,7.94,0,-80.8,5.55,19.892,0,7.42,0,1.207,0.71,0,2.94
4/10/2026,14:15, ,gtmfmwq_15E101700_032726_050000.bin,Fort Matanzas,GTMNERR,0,52.536,0,34.68,0,2.643,0,76.4,0,5.67,0,6.96,2.4,7.89,0,-77.9,5.55,19.929,0,6.81,0,1.205,0.65,0,2.68
4/10/2026,14:30, ,gtmfmwq_15E101700_032726_050000.bin,Fort Matanzas,GTMNERR,0,52.535,0,34.68,0,2.658,0,94.7,0,7.03,0,6.6,2.28,7.96,0,-81.9,5.55,19.961,0,8.12,0,1.206,0.87,0,3.56
4/10/2026,14:45, ,gtmfmwq_15E101700_032726_050000.bin,Fort Matanzas,GTMNERR,0,52.574,0,34.7,0,2.665,0,100,0,7.43,0,6.92,2.39,7.97,0,-83,5.54,19.901,0,9,0,1.194,1.24,0,5.04
4/10/2026,15:00, ,gtmfmwq_15E101700_032726_050000.bin,Fort Matanzas,GTMNERR,0,52.522,0,34.67,0,2.666,0,103,0,7.65,0,6.94,2.39,7.99,0,-84.2,5.54,19.903,0,9.33,0,1.196,1.35,0,5.52
4/10/2026,15:15, ,gtmfmwq_15E101700_032726_050000.bin,Fort Matanzas,GTMNERR,0,52.538,0,34.68,0,2.667,0,101.3,0,7.53,0,7.02,2.42,7.99,0,-83.7,5.55,19.852,0,9.87,0,1.203,4.63,0,18.66
4/10/2026,15:30, ,gtmfmwq_15E101700_032726_050000.bin,Fort Matanzas,GTMNERR,0,52.584,0,34.71,0,2.661,0,102.4,0,7.53,0,7.47,2.57,7.97,0,-82.7,5.54,20.429,0,10.11,0,1.188,1.38,0,5.61
4/10/2026,15:45, ,gtmfmwq_15E101700_032726_050000.bin,Fort Matanzas,GTMNERR,0,52.552,0,34.68,0,2.642,0,103.3,0,7.57,0,7.96,2.74,7.96,0,-82.2,5.54,20.645,0,9.69,0,1.191,1.11,0,4.56
4/10/2026,16:00, ,gtmfmwq_15E101700_032726_050000.bin,Fort Matanzas,GTMNERR,0,52.527,0,34.67,0,2.621,0,104.4,0,7.63,0,7.99,2.75,7.96,0,-82.2,5.55,20.736,0,10.56,0,1.197,1.44,0,5.85
4/10/2026,16:15, ,gtmfmwq_15E101700_032726_050000.bin,Fort Matanzas,GTMNERR,0,52.553,0,34.69,0,2.597,0,103.8,0,7.6,0,8.2,2.82,7.95,0,-81.9,5.54,20.694,0,10.09,0,1.195,1.38,0,5.64
4/10/2026,16:30, ,gtmfmwq_15E101700_032726_050000.bin,Fort Matanzas,GTMNERR,0,52.552,0,34.68,0,2.571,0,104.9,0,7.67,0,8.33,2.86,7.95,0,-81.8,5.54,20.729,0,10.34,0,1.188,1.64,0,6.65
4/10/2026,16:45, ,gtmfmwq_15E101700_032726_050000.bin,Fort Matanzas,GTMNERR,0,52.5,0,34.65,0,2.542,0,103.1,0,7.54,0,8.43,2.89,7.94,0,-81.3,5.55,20.739,0,10.32,0,1.202,1.62,0,6.59
4/10/2026,17:00, ,gtmfmwq_15E101700_032726_050000.bin,Fort Matanzas,GTMNERR,0,52.579,0,34.7,0,2.511,0,104.5,0,7.62,0,8.75,3,7.94,0,-81.3,5.54,20.913,0,9.81,0,1.198,1.45,0,5.91
4/10/2026,17:15, ,gtmfmwq_15E101700_032726_050000.bin,Fort Matanzas,GTMNERR,0,52.563,0,34.69,0,2.481,0,104,0,7.6,0,8.91,3.06,7.93,0,-80.8,5.54,20.795,0,9.99,0,1.201,1.54,0,6.26
4/10/2026,17:30, ,gtmfmwq_15E101700_032726_050000.bin,Fort Matanzas,GTMNERR,0,52.584,0,34.7,0,2.449,0,105.3,0,7.65,0,9.16,3.14,7.93,0,-80.8,5.55,21.138,0,9.56,0,1.195,1.64,0,6.68
4/10/2026,17:45, ,gtmfmwq_15E101700_032726_050000.bin,Fort Matanzas,GTMNERR,0,52.559,0,34.69,0,2.413,0,96.5,0,7.01,0,9.68,3.31,7.89,0,-78.5,5.55,21.1,0,6.6,0,1.196,0.86,0,3.55
4/10/2026,18:00, ,gtmfmwq_15E101700_032726_050000.bin,Fort Matanzas,GTMNERR,0,52.575,0,34.7,0,2.381,0,103.4,0,7.49,0,9.42,3.23,7.92,0,-79.8,5.54,21.231,0,6.32,0,1.187,1.47,0,5.97
4/10/2026,18:15, ,gtmfmwq_15E101700_032726_050000.bin,Fort Matanzas,GTMNERR,0,52.57,0,34.69,0,2.351,0,96,0,6.95,0,9.25,3.17,7.88,0,-78,5.55,21.222,0,6.63,0,1.202,1.16,0,4.75
4/10/2026,18:30, ,gtmfmwq_15E101700_032726_050000.bin,Fort Matanzas,GTMNERR,0,52.572,0,34.7,0,2.321,0,94.3,0,6.85,0,9.34,3.2,7.9,0,-79,5.55,21.082,0,5.59,0,1.199,1.06,0,4.33
4/10/2026,18:45, ,gtmfmwq_15E101700_032726_050000.bin,Fort Matanzas,GTMNERR,0,52.564,0,34.69,0,2.29,0,99.6,0,7.19,0,9.8,3.36,7.89,0,-78.5,5.54,21.431,0,6.76,0,1.204,1.47,0,5.99
4/10/2026,19:00, ,gtmfmwq_15E101700_032726_050000.bin,Fort Matanzas,GTMNERR,0,52.595,0,34.71,0,2.259,0,99.4,0,7.24,0,9.94,3.4,7.91,0,-79.1,5.55,20.905,0,6.24,0,1.196,1,0,4.1
4/10/2026,19:15, ,gtmfmwq_15E101700_032726_050000.bin,Fort Matanzas,GTMNERR,0,52.56,0,34.69,0,2.23,0,100.1,0,7.31,0,9.35,3.2,7.91,0,-79.4,5.55,20.8,0,5.75,0,1.188,2.57,0,10.4
4/10/2026,19:30, ,gtmfmwq_15E101700_032726_050000.bin,Fort Matanzas,GTMNERR,0,52.581,0,34.7,0,2.202,0,101.3,0,7.38,0,9.42,3.23,7.92,0,-79.8,5.54,20.88,0,6.6,0,1.197,1.38,0,5.63
4/10/2026,19:45, ,gtmfmwq_15E101700_032726_050000.bin,Fort Matanzas,GTMNERR,0,52.563,0,34.69,0,2.175,0,101.8,0,7.42,0,9.48,3.25,7.92,0,-79.8,5.54,20.926,0,6.67,0,1.198,1.52,0,6.17
4/10/2026,20:00, ,gtmfmwq_15E101700_032726_050000.bin,Fort Matanzas,GTMNERR,0,52.587,0,34.71,0,2.15,0,101.6,0,7.38,0,9.71,3.33,7.91,0,-79.5,5.55,21.058,0,6.74,0,1.188,1.53,0,6.24
4/10/2026,20:15, ,gtmfmwq_15E101700_032726_050000.bin,Fort Matanzas,GTMNERR,0,52.583,0,34.7,0,2.13,0,102.6,0,7.43,0,10,3.43,7.91,0,-79.4,5.54,21.244,0,6.65,0,1.191,1.56,0,6.34
4/10/2026,20:30, ,gtmfmwq_15E101700_032726_050000.bin,Fort Matanzas,GTMNERR,0,52.594,0,34.71,0,2.108,0,101.7,0,7.35,0,10.23,3.5,7.9,0,-78.9,5.54,21.382,0,6.02,0,1.188,1.55,0,6.31
4/10/2026,20:45, ,gtmfmwq_15E101700_032726_050000.bin,Fort Matanzas,GTMNERR,0,52.57,0,34.69,0,2.088,0,101.9,0,7.39,0,9.52,3.26,7.91,0,-79.5,5.55,21.149,0,7.48,0,1.189,1.73,0,7.04
4/10/2026,21:00, ,gtmfmwq_15E101700_032726_050000.bin,Fort Matanzas,GTMNERR,0,52.529,0,34.66,0,2.073,0,99.9,0,7.19,0,10.78,3.69,7.87,0,-77.4,5.55,21.589,0,7.12,0,1.194,1.46,0,5.95
4/10/2026,21:15, ,gtmfmwq_15E101700_032726_050000.bin,Fort Matanzas,GTMNERR,0,52.57,0,34.69,0,2.056,0,100.9,0,7.27,0,10.8,3.69,7.88,0,-77.8,5.54,21.499,0,6.51,0,1.193,1.6,0,6.5
4/10/2026,21:30, ,gtmfmwq_15E101700_032726_050000.bin,Fort Matanzas,GTMNERR,0,52.545,0,34.67,0,2.049,0,101,0,7.28,0,10.53,3.6,7.88,0,-78,5.54,21.525,0,6.81,0,1.196,1.38,0,5.63
4/10/2026,21:45, ,gtmfmwq_15E101700_032726_050000.bin,Fort Matanzas,GTMNERR,0,52.526,0,34.66,0,2.046,0,101,0,7.29,0,10.22,3.5,7.89,0,-78.3,5.55,21.477,0,9.77,0,1.193,1.38,0,5.62
4/10/2026,22:00, ,gtmfmwq_15E101700_032726_050000.bin,Fort Matanzas,GTMNERR,0,52.537,0,34.67,0,2.048,0,102.9,0,7.46,0,8.75,3,7.92,0,-80,5.54,21.205,0,8.96,0,1.205,1.84,0,7.48
4/10/2026,22:15, ,gtmfmwq_15E101700_032726_050000.bin,Fort Matanzas,GTMNERR,0,52.324,0,34.51,0,2.06,0,103.7,0,7.56,0,8.08,2.78,7.93,0,-80.5,5.54,20.984,0,15.87,0,1.198,1.92,0,7.79
4/10/2026,22:30, ,gtmfmwq_15E101700_032726_050000.bin,Fort Matanzas,GTMNERR,0,52.231,0,34.45,0,2.075,0,103.4,0,7.57,0,8.11,2.79,7.93,0,-80.3,5.55,20.736,0,17.05,0,1.193,2.02,0,8.17
4/10/2026,22:45, ,gtmfmwq_15E101700_032726_050000.bin,Fort Matanzas,GTMNERR,0,52.213,0,34.43,0,2.094,0,104.7,0,7.69,0,8.16,2.8,7.94,0,-80.9,5.54,20.564,0,11.13,0,1.195,1.75,0,7.09
4/10/2026,23:00, ,gtmfmwq_15E101700_032726_050000.bin,Fort Matanzas,GTMNERR,0,52.363,0,34.54,0,2.119,0,103.4,0,7.57,0,9.31,3.19,7.92,0,-80.2,5.54,20.693,0,13.89,0,1.194,2.05,0,8.32
4/10/2026,23:15, ,gtmfmwq_15E101700_032726_050000.bin,Fort Matanzas,GTMNERR,0,52.334,0,34.52,0,2.155,0,101.4,0,7.41,0,10.21,3.49,7.9,0,-78.8,5.55,20.862,0,14.45,0,1.199,2.22,0,8.98
4/10/2026,23:30, ,gtmfmwq_15E101700_032726_050000.bin,Fort Matanzas,GTMNERR,0,52.191,0,34.42,0,2.193,0,104,0,7.66,0,8.03,2.76,7.94,0,-81.3,5.55,20.426,0,12.68,0,1.198,1.86,0,7.56
4/10/2026,23:45, ,gtmfmwq_15E101700_032726_050000.bin,Fort Matanzas,GTMNERR,0,52.26,0,34.47,0,2.237,0,102.9,0,7.55,0,8.67,2.97,7.93,0,-80.4,5.54,20.587,0,12.36,0,1.188,2.08,0,8.44
4/11/2026,00:00, ,gtmfmwq_15E101700_032726_050000.bin,Fort Matanzas,GTMNERR,0,52.249,0,34.46,0,2.292,0,103.2,0,7.58,0,8.55,2.94,7.93,0,-80.7,5.54,20.532,0,11.33,0,1.203,1.81,0,7.36
4/11/2026,00:15, ,gtmfmwq_15E101700_032726_050000.bin,Fort Matanzas,GTMNERR,0,52.115,0,34.36,0,2.347,0,103.5,0,7.63,0,7.33,2.53,7.95,0,-81.4,5.55,20.358,0,10.24,0,1.195,1.63,0,6.63
4/11/2026,00:30, ,gtmfmwq_15E101700_032726_050000.bin,Fort Matanzas,GTMNERR,0,52.052,0,34.32,0,2.405,0,103.5,0,7.65,0,6.95,2.4,7.95,0,-81.6,5.54,20.287,0,8.47,0,1.189,1.7,0,6.92
4/11/2026,00:45, ,gtmfmwq_15E101700_032726_050000.bin,Fort Matanzas,GTMNERR,0,52.044,0,34.31,0,2.458,0,102.5,0,7.57,0,7.05,2.43,7.95,0,-81.5,5.54,20.283,0,6.88,0,1.198,1.56,0,6.34
4/11/2026,01:00, ,gtmfmwq_15E101700_032726_050000.bin,Fort Matanzas,GTMNERR,0,52.02,0,34.29,0,2.507,0,100.7,0,7.44,0,6.84,2.36,7.94,0,-81,5.55,20.259,0,7.03,0,1.194,1.35,0,5.5
4/11/2026,01:15, ,gtmfmwq_15E101700_032726_050000.bin,Fort Matanzas,GTMNERR,0,52.014,0,34.29,0,2.55,0,97.4,0,7.21,0,6.69,2.31,7.93,0,-80.6,5.53,20.223,0,8.32,0,1.188,0.85,0,3.5
4/11/2026,01:30, ,gtmfmwq_15E101700_032726_050000.bin,Fort Matanzas,GTMNERR,0,52.033,0,34.3,0,2.586,0,95.1,0,7.04,0,6.48,2.24,7.93,0,-80.3,5.54,20.162,0,5.18,0,1.196,1.09,0,4.47
4/11/2026,01:45, ,gtmfmwq_15E101700_032726_050000.bin,Fort Matanzas,GTMNERR,0,52.035,0,34.3,0,2.626,0,71.3,0,5.28,0,6.74,2.33,7.84,0,-74.9,5.54,20.168,0,5.67,0,1.2,0.52,0,2.16
4/11/2026,02:00, ,gtmfmwq_15E101700_032726_050000.bin,Fort Matanzas,GTMNERR,0,52.032,0,34.3,0,2.662,0,63.1,0,4.67,0,6.76,2.33,7.81,0,-73.3,5.53,20.17,0,7.68,0,1.203,0.66,0,2.73
4/11/2026,02:15, ,gtmfmwq_15E101700_032726_050000.bin,Fort Matanzas,GTMNERR,0,52.031,0,34.3,0,2.691,0,63.3,0,4.69,0,6.8,2.35,7.8,0,-72.7,5.54,20.175,0,6.62,0,1.205,0.65,0,2.7
4/11/2026,02:30, ,gtmfmwq_15E101700_032726_050000.bin,Fort Matanzas,GTMNERR,0,52.04,0,34.31,0,2.716,0,75.8,0,5.61,0,7.09,2.44,7.83,0,-74.8,5.54,20.19,0,5.23,0,1.195,0.55,0,2.3
4/11/2026,02:45, ,gtmfmwq_15E101700_032726_050000.bin,Fort Matanzas,GTMNERR,0,52.052,0,34.32,0,2.738,0,86.3,0,6.38,0,7.32,2.52,7.88,0,-77.3,5.54,20.25,0,4.73,0,1.192,0.73,0,3
4/11/2026,03:00, ,gtmfmwq_15E101700_032726_050000.bin,Fort Matanzas,GTMNERR,0,52.047,0,34.31,0,2.757,0,87,0,6.43,0,6.94,2.39,7.87,0,-77,5.54,20.253,0,6.71,0,1.188,0.78,0,3.23
4/11/2026,03:15, ,gtmfmwq_15E101700_032726_050000.bin,Fort Matanzas,GTMNERR,0,52.058,0,34.32,0,2.772,0,89.5,0,6.62,0,7.41,2.55,7.89,0,-77.9,5.54,20.277,0,6.63,0,1.198,0.75,0,3.08
4/11/2026,03:30, ,gtmfmwq_15E101700_032726_050000.bin,Fort Matanzas,GTMNERR,0,52.108,0,34.36,0,2.782,0,90.3,0,6.66,0,7.89,2.71,7.91,0,-79.1,5.55,20.331,0,5.98,0,1.2,1.01,0,4.15
4/11/2026,03:45, ,gtmfmwq_15E101700_032726_050000.bin,Fort Matanzas,GTMNERR,0,52.128,0,34.37,0,2.784,0,93.9,0,6.93,0,8.03,2.76,7.9,0,-79,5.53,20.357,0,5.74,0,1.193,1,0,4.11
4/11/2026,04:00, ,gtmfmwq_15E101700_032726_050000.bin,Fort Matanzas,GTMNERR,0,52.261,0,34.47,0,2.781,0,94.2,0,6.92,0,9.36,3.21,7.9,0,-78.5,5.53,20.545,0,9.04,0,1.195,1.18,0,4.82
4/11/2026,04:15, ,gtmfmwq_15E101700_032726_050000.bin,Fort Matanzas,GTMNERR,0,52.254,0,34.46,0,2.768,0,95.6,0,7.02,0,9.35,3.21,7.9,0,-78.9,5.54,20.556,0,6.06,0,1.187,1.14,0,4.67
4/11/2026,04:30, ,gtmfmwq_15E101700_032726_050000.bin,Fort Matanzas,GTMNERR,0,52.318,0,34.51,0,2.746,0,95.4,0,6.99,0,10.08,3.45,7.89,0,-78.2,5.53,20.683,0,7.22,0,1.192,1.32,0,5.39
4/11/2026,04:45, ,gtmfmwq_15E101700_032726_050000.bin,Fort Matanzas,GTMNERR,0,52.34,0,34.53,0,2.715,0,96.8,0,7.08,0,9.77,3.35,7.9,0,-78.5,5.54,20.746,0,9.23,0,1.187,1.4,0,5.7
4/11/2026,05:00, ,gtmfmwq_15E101700_032726_050000.bin,Fort Matanzas,GTMNERR,0,52.398,0,34.57,0,2.687,0,95.1,0,6.94,0,9.89,3.39,7.89,0,-78.3,5.54,20.869,0,9.18,0,1.201,1.22,0,4.98
4/11/2026,05:15, ,gtmfmwq_15E101700_032726_050000.bin,Fort Matanzas,GTMNERR,0,52.511,0,34.65,0,2.652,0,95.9,0,6.98,0,10.06,3.44,7.89,0,-78.1,5.54,21.029,0,10.71,0,1.2,1.3,0,5.31
4/11/2026,05:30, ,gtmfmwq_15E101700_032726_050000.bin,Fort Matanzas,GTMNERR,0,52.536,0,34.67,0,2.612,0,94.7,0,6.9,0,10.4,3.56,7.88,0,-77.9,5.54,20.946,0,9,0,1.2,1.35,0,5.49
4/11/2026,05:45, ,gtmfmwq_15E101700_032726_050000.bin,Fort Matanzas,GTMNERR,0,52.547,0,34.68,0,2.577,0,96.7,0,7.04,0,10.32,3.53,7.89,0,-78.3,5.54,20.95,0,9.18,0,1.205,1.32,0,5.36
4/11/2026,06:00, ,gtmfmwq_15E101700_032726_050000.bin,Fort Matanzas,GTMNERR,0,52.557,0,34.69,0,2.534,0,95.4,0,6.95,0,10.64,3.64,7.89,0,-78.1,5.54,20.94,0,9.23,0,1.202,1.53,0,6.24
4/11/2026,06:15, ,gtmfmwq_15E101700_032726_050000.bin,Fort Matanzas,GTMNERR,0,52.551,0,34.68,0,2.49,0,93.1,0,6.78,0,11.06,3.78,7.88,0,-77.4,5.53,20.941,0,7.5,0,1.194,1.22,0,4.97
4/11/2026,06:30, ,gtmfmwq_15E101700_032726_050000.bin,Fort Matanzas,GTMNERR,0,52.54,0,34.67,0,2.45,0,92.2,0,6.72,0,11.25,3.85,7.87,0,-76.9,5.54,20.936,0,6.66,0,1.198,1.07,0,4.36
4/11/2026,06:45, ,gtmfmwq_15E101700_032726_050000.bin,Fort Matanzas,GTMNERR,0,52.495,0,34.64,0,2.411,0,90.4,0,6.59,0,10.81,3.7,7.86,0,-76.3,5.54,20.876,0,6.11,0,1.206,0.91,0,3.75
4/11/2026,07:00, ,gtmfmwq_15E101700_032726_050000.bin,Fort Matanzas,GTMNERR,0,52.521,0,34.66,0,2.372,0,86.9,0,6.33,0,10.74,3.67,7.85,0,-76,5.53,20.907,0,6.95,0,1.188,0.94,0,3.86
4/11/2026,07:15, ,gtmfmwq_15E101700_032726_050000.bin,Fort Matanzas,GTMNERR,0,52.495,0,34.64,0,2.333,0,75.6,0,5.51,0,10.58,3.62,7.8,0,-72.9,5.54,20.874,0,7.59,0,1.191,0.84,0,3.46
4/11/2026,07:30, ,gtmfmwq_15E101700_032726_050000.bin,Fort Matanzas,GTMNERR,0,52.477,0,34.63,0,2.295,0,62.6,0,4.57,0,10.29,3.52,7.76,0,-70.4,5.54,20.821,0,9.65,0,1.197,1.08,0,4.41
4/11/2026,07:45, ,gtmfmwq_15E101700_032726_050000.bin,Fort Matanzas,GTMNERR,0,52.533,0,34.67,0,2.255,0,87.4,0,6.37,0,11.27,3.85,7.85,0,-76.1,5.53,20.93,0,5.83,0,1.195,0.95,0,3.89
4/11/2026,08:00, ,gtmfmwq_15E101700_032726_050000.bin,Fort Matanzas,GTMNERR,0,52.504,0,34.65,0,2.217,0,93.2,0,6.8,0,10.69,3.66,7.87,0,-77.2,5.54,20.895,0,5.94,0,1.192,1.09,0,4.44
4/11/2026,08:15, ,gtmfmwq_15E101700_032726_050000.bin,Fort Matanzas,GTMNERR,0,52.513,0,34.65,0,2.181,0,92.7,0,6.76,0,10.98,3.75,7.87,0,-77.2,5.54,20.919,0,5.2,0,1.195,0.95,0,3.91
4/11/2026,08:30, ,gtmfmwq_15E101700_032726_050000.bin,Fort Matanzas,GTMNERR,0,52.499,0,34.64,0,2.144,0,94.2,0,6.86,0,10.76,3.68,7.88,0,-77.5,5.54,20.908,0,5.24,0,1.196,0.98,0,4.03
4/11/2026,08:45, ,gtmfmwq_15E101700_032726_050000.bin,Fort Matanzas,GTMNERR,0,52.461,0,34.62,0,2.11,0,86.9,0,6.35,0,12,4.1,7.83,0,-74.4,5.53,20.827,0,5.8,0,1.189,0.89,0,3.65
4/11/2026,09:00, ,gtmfmwq_15E101700_032726_050000.bin,Fort Matanzas,GTMNERR,0,52.414,0,34.58,0,2.077,0,89.3,0,6.53,0,11.59,3.96,7.84,0,-75.2,5.54,20.803,0,6.66,0,1.202,0.91,0,3.74
4/11/2026,09:15, ,gtmfmwq_15E101700_032726_050000.bin,Fort Matanzas,GTMNERR,0,52.337,0,34.52,0,2.045,0,88.1,0,6.45,0,11.43,3.91,7.83,0,-74.7,5.54,20.759,0,5.72,0,1.205,0.84,0,3.45
4/11/2026,09:30, ,gtmfmwq_15E101700_032726_050000.bin,Fort Matanzas,GTMNERR,0,52.283,0,34.49,0,2.017,0,86.4,0,6.33,0,11.8,4.03,7.82,0,-73.9,5.53,20.71,0,5.74,0,1.204,0.83,0,3.43
4/11/2026,09:45, ,gtmfmwq_15E101700_032726_050000.bin,Fort Matanzas,GTMNERR,0,52.266,0,34.47,0,1.99,0,87,0,6.36,0,11.99,4.1,7.82,0,-73.8,5.53,20.794,0,6.05,0,1.199,0.8,0,3.31
4/11/2026,10:00, ,gtmfmwq_15E101700_032726_050000.bin,Fort Matanzas,GTMNERR,0,52.311,0,34.5,0,1.966,0,88.7,0,6.47,0,11.87,4.05,7.82,0,-74.1,5.54,20.925,0,6.15,0,1.2,0.95,0,3.91
4/11/2026,10:15, ,gtmfmwq_15E101700_032726_050000.bin,Fort Matanzas,GTMNERR,0,52.325,0,34.51,0,1.943,0,89.5,0,6.53,0,11.07,3.78,7.83,0,-74.6,5.53,20.962,0,6.61,0,1.201,0.87,0,3.59
4/11/2026,10:30, ,gtmfmwq_15E101700_032726_050000.bin,Fort Matanzas,GTMNERR,0,52.312,0,34.51,0,1.924,0,90.9,0,6.63,0,10.75,3.68,7.84,0,-75.3,5.54,20.972,0,6.66,0,1.197,0.92,0,3.76
4/11/2026,10:45, ,gtmfmwq_15E101700_032726_050000.bin,Fort Matanzas,GTMNERR,0,52.336,0,34.52,0,1.917,0,92.3,0,6.74,0,9.72,3.33,7.86,0,-76.3,5.54,20.879,0,8.27,0,1.203,1.06,0,4.33
4/11/2026,11:00, ,gtmfmwq_15E101700_032726_050000.bin,Fort Matanzas,GTMNERR,0,52.153,0,34.39,0,1.913,0,93,0,6.82,0,9.14,3.13,7.87,0,-77,5.54,20.692,0,10.98,0,1.195,1.19,0,4.86
4/11/2026,11:15, ,gtmfmwq_15E101700_032726_050000.bin,Fort Matanzas,GTMNERR,0,51.879,0,34.19,0,1.915,0,96.7,0,7.12,0,8.61,2.96,7.89,0,-78.4,5.54,20.526,0,14.08,0,1.199,1.1,0,4.52
4/11/2026,11:30, ,gtmfmwq_15E101700_032726_050000.bin,Fort Matanzas,GTMNERR,0,51.85,0,34.16,0,1.928,0,97.4,0,7.14,0,8.43,2.9,7.89,0,-77.9,5.53,20.76,0,17.83,0,1.206,4.57,0,18.43
4/11/2026,11:45, ,gtmfmwq_15E101700_032726_050000.bin,Fort Matanzas,GTMNERR,0,51.646,0,34.02,0,1.948,0,101.5,0,7.47,0,8.2,2.82,7.92,0,-79.7,5.54,20.587,0,12.77,0,1.192,1.51,0,6.13
4/11/2026,12:00, ,gtmfmwq_15E101700_032726_050000.bin,Fort Matanzas,GTMNERR,0,51.55,0,33.95,0,1.972,0,104,0,7.67,0,7.83,2.69,7.94,0,-80.9,5.53,20.524,0,12.04,0,1.188,1.63,0,6.63
4/11/2026,12:15, ,gtmfmwq_15E101700_032726_050000.bin,Fort Matanzas,GTMNERR,0,51.551,0,33.94,0,2.005,0,104.2,0,7.67,0,8.27,2.84,7.93,0,-80.8,5.53,20.635,0,12.46,0,1.189,1.68,0,6.83
4/11/2026,12:30, ,gtmfmwq_15E101700_032726_050000.bin,Fort Matanzas,GTMNERR,0,51.561,0,33.95,0,2.042,0,103.6,0,7.6,0,8.68,2.98,7.93,0,-80.3,5.54,20.79,0,13.43,0,1.203,1.74,0,7.06
4/11/2026,12:45, ,gtmfmwq_15E101700_032726_050000.bin,Fort Matanzas,GTMNERR,0,51.499,0,33.91,0,2.079,0,106.8,0,7.86,0,7.38,2.54,7.95,0,-82,5.53,20.654,0,11.38,0,1.198,1.72,0,7
4/11/2026,13:00, ,gtmfmwq_15E101700_032726_050000.bin,Fort Matanzas,GTMNERR,0,51.545,0,33.94,0,2.135,0,105.4,0,7.75,0,7.64,2.63,7.94,0,-81.1,5.53,20.705,0,13.72,0,1.195,1.64,0,6.64
4/11/2026,13:15, ,gtmfmwq_15E101700_032726_050000.bin,Fort Matanzas,GTMNERR,0,51.529,0,33.93,0,2.189,0,105.6,0,7.76,0,7.78,2.68,7.94,0,-81.4,5.54,20.704,0,10.74,0,1.2,1.63,0,6.63
4/11/2026,13:30, ,gtmfmwq_15E101700_032726_050000.bin,Fort Matanzas,GTMNERR,0,51.53,0,33.93,0,2.245,0,105.6,0,7.77,0,7.53,2.59,7.95,0,-81.5,5.53,20.648,0,9.8,0,1.199,1.49,0,6.07
4/11/2026,13:45, ,gtmfmwq_15E101700_032726_050000.bin,Fort Matanzas,GTMNERR,0,51.534,0,33.93,0,2.288,0,105.7,0,7.77,0,7.58,2.61,7.95,0,-81.5,5.53,20.674,0,8.2,0,1.198,1.47,0,5.99
4/11/2026,14:00, ,gtmfmwq_15E101700_032726_050000.bin,Fort Matanzas,GTMNERR,0,51.511,0,33.91,0,2.333,0,105.8,0,7.77,0,7.25,2.5,7.95,0,-81.7,5.54,20.724,0,7.16,0,1.188,1.87,0,7.57
4/11/2026,14:15, ,gtmfmwq_15E101700_032726_050000.bin,Fort Matanzas,GTMNERR,0,51.505,0,33.91,0,2.372,0,103.1,0,7.56,0,7.22,2.49,7.93,0,-80.6,5.53,20.806,0,6.89,0,1.195,1.19,0,4.84
4/11/2026,14:30, ,gtmfmwq_15E101700_032726_050000.bin,Fort Matanzas,GTMNERR,0,51.52,0,33.92,0,2.405,0,95.9,0,7.02,0,7.33,2.53,7.89,0,-78.5,5.53,20.935,0,8.15,0,1.199,0.75,0,3.08
4/11/2026,14:45, ,gtmfmwq_15E101700_032726_050000.bin,Fort Matanzas,GTMNERR,0,51.517,0,33.92,0,2.427,0,93.4,0,6.83,0,7.41,2.55,7.9,0,-78.9,5.53,20.964,0,11.66,0,1.199,1.35,0,5.51
4/11/2026,15:00, ,gtmfmwq_15E101700_032726_050000.bin,Fort Matanzas,GTMNERR,0,51.52,0,33.92,0,2.446,0,101,0,7.38,0,7.65,2.63,7.92,0,-80,5.54,21.017,0,7.19,0,1.201,1.48,0,6
4/11/2026,15:15, ,gtmfmwq_15E101700_032726_050000.bin,Fort Matanzas,GTMNERR,0,51.52,0,33.92,0,2.46,0,90.2,0,6.6,0,7.89,2.71,7.88,0,-77.8,5.53,20.906,0,7.08,0,1.205,1.07,0,4.38
4/11/2026,15:30, ,gtmfmwq_15E101700_032726_050000.bin,Fort Matanzas,GTMNERR,0,51.52,0,33.92,0,2.472,0,91.6,0,6.72,0,7.65,2.63,7.88,0,-77.9,5.53,20.828,0,5.55,0,1.198,0.97,0,3.98
4/11/2026,15:45, ,gtmfmwq_15E101700_032726_050000.bin,Fort Matanzas,GTMNERR,0,51.525,0,33.92,0,2.479,0,101.6,0,7.44,0,7.23,2.49,7.93,0,-80.6,5.53,20.927,0,23.54,0,1.189,5.16,0,20.78
4/11/2026,16:00, ,gtmfmwq_15E101700_032726_050000.bin,Fort Matanzas,GTMNERR,0,51.557,0,33.94,0,2.476,0,105.6,0,7.68,0,8.3,2.85,7.93,0,-80.8,5.53,21.27,0,6.81,0,1.205,1.49,0,6.08
4/11/2026,16:15, ,gtmfmwq_15E101700_032726_050000.bin,Fort Matanzas,GTMNERR,0,51.55,0,33.94,0,2.473,0,101,0,7.34,0,8.32,2.86,7.92,0,-79.8,5.53,21.31,0,6.78,0,1.202,1.19,0,4.87
4/11/2026,16:30, ,gtmfmwq_15E101700_032726_050000.bin,Fort Matanzas,GTMNERR,0,51.618,0,33.99,0,2.471,0,102.6,0,7.42,0,8.77,3.01,7.91,0,-79.4,5.54,21.564,0,6.95,0,1.196,1.14,0,4.64
4/11/2026,16:45, ,gtmfmwq_15E101700_032726_050000.bin,Fort Matanzas,GTMNERR,0,51.636,0,34,0,2.459,0,100.7,0,7.29,0,8.96,3.08,7.9,0,-79,5.53,21.531,0,12.14,0,1.205,1.92,0,7.76
4/11/2026,17:00, ,gtmfmwq_15E101700_032726_050000.bin,Fort Matanzas,GTMNERR,0,51.688,0,34.04,0,2.437,0,101.2,0,7.3,0,9.24,3.17,7.89,0,-78.2,5.53,21.661,0,5.64,0,1.206,1.15,0,4.7
4/11/2026,17:15, ,gtmfmwq_15E101700_032726_050000.bin,Fort Matanzas,GTMNERR,0,51.755,0,34.09,0,2.408,0,102.4,0,7.38,0,9.28,3.18,7.9,0,-79.2,5.54,21.724,0,7.67,0,1.201,1.93,0,7.82
4/11/2026,17:30, ,gtmfmwq_15E101700_032726_050000.bin,Fort Matanzas,GTMNERR,0,51.738,0,34.07,0,2.377,0,104.9,0,7.55,0,9.58,3.28,7.9,0,-78.9,5.53,21.773,0,8.65,0,1.193,2.22,0,8.99
4/11/2026,17:45, ,gtmfmwq_15E101700_032726_050000.bin,Fort Matanzas,GTMNERR,0,51.756,0,34.09,0,2.348,0,97.6,0,7.05,0,9.3,3.19,7.87,0,-77.3,5.53,21.593,0,7.65,0,1.199,1.3,0,5.28
4/11/2026,18:00, ,gtmfmwq_15E101700_032726_050000.bin,Fort Matanzas,GTMNERR,0,51.79,0,34.11,0,2.326,0,104.2,0,7.49,0,9.53,3.27,7.89,0,-78.1,5.53,21.854,0,7.35,0,1.195,1.22,0,4.97
4/11/2026,18:15, ,gtmfmwq_15E101700_032726_050000.bin,Fort Matanzas,GTMNERR,0,51.841,0,34.15,0,2.298,0,99.6,0,7.16,0,9.48,3.25,7.87,0,-77.1,5.54,21.876,0,6.31,0,1.187,1.23,0,5.03
4/11/2026,18:30, ,gtmfmwq_15E101700_032726_050000.bin,Fort Matanzas,GTMNERR,0,51.887,0,34.18,0,2.265,0,104.9,0,7.52,0,9.66,3.31,7.89,0,-78.4,5.53,21.99,0,7.41,0,1.193,2.19,0,8.87
4/11/2026,18:45, ,gtmfmwq_15E101700_032726_050000.bin,Fort Matanzas,GTMNERR,0,51.941,0,34.22,0,2.232,0,104.2,0,7.46,0,9.98,3.42,7.89,0,-78.4,5.53,22.06,0,7.24,0,1.188,2.13,0,8.62
4/11/2026,19:00, ,gtmfmwq_15E101700_032726_050000.bin,Fort Matanzas,GTMNERR,0,51.893,0,34.18,0,2.198,0,76.6,0,5.5,0,9.92,3.4,7.74,0,-69.6,5.54,21.985,0,10.09,0,1.19,0.66,0,2.74
4/11/2026,19:15, ,gtmfmwq_15E101700_032726_050000.bin,Fort Matanzas,GTMNERR,0,52.021,0,34.28,0,2.16,0,77.8,0,5.59,0,9.51,3.26,7.79,0,-72.2,5.53,21.789,0,6.42,0,1.201,1.52,0,6.17
4/11/2026,19:30, ,gtmfmwq_15E101700_032726_050000.bin,Fort Matanzas,GTMNERR,0,51.863,0,34.16,0,2.123,0,100.5,0,7.2,0,9.77,3.35,7.87,0,-76.9,5.53,22.077,0,5.96,0,1.206,1.58,0,6.42
4/11/2026,19:45, ,gtmfmwq_15E101700_032726_050000.bin,Fort Matanzas,GTMNERR,0,51.929,0,34.21,0,2.087,0,99.7,0,7.12,0,10.05,3.44,7.86,0,-76.7,5.54,22.223,0,5.39,0,1.191,1.79,0,7.27
4/11/2026,20:00, ,gtmfmwq_15E101700_032726_050000.bin,Fort Matanzas,GTMNERR,0,51.978,0,34.25,0,2.053,0,99.5,0,7.15,0,10.01,3.43,7.86,0,-76.8,5.53,21.893,0,5.85,0,1.195,1.16,0,4.75
4/11/2026,20:15, ,gtmfmwq_15E101700_032726_050000.bin,Fort Matanzas,GTMNERR,0,51.923,0,34.2,0,2.019,0,102,0,7.29,0,10,3.42,7.88,0,-77.6,5.53,22.148,0,6.18,0,1.197,1.76,0,7.13
4/11/2026,20:30, ,gtmfmwq_15E101700_032726_050000.bin,Fort Matanzas,GTMNERR,0,51.926,0,34.21,0,1.984,0,102.1,0,7.29,0,10.28,3.52,7.87,0,-77.4,5.54,22.186,0,6.42,0,1.191,1.67,0,6.77
4/11/2026,20:45, ,gtmfmwq_15E101700_032726_050000.bin,Fort Matanzas,GTMNERR,0,51.893,0,34.18,0,1.952,0,103.5,0,7.41,0,10.08,3.45,7.88,0,-78,5.53,22.087,0,6.28,0,1.195,1.65,0,6.71
4/11/2026,21:00, ,gtmfmwq_15E101700_032726_050000.bin,Fort Matanzas,GTMNERR,0,51.907,0,34.19,0,1.924,0,102.6,0,7.31,0,10.66,3.65,7.87,0,-77,5.53,22.361,0,6.91,0,1.197,1.71,0,6.94
4/11/2026,21:15, ,gtmfmwq_15E101700_032726_050000.bin,Fort Matanzas,GTMNERR,0,51.887,0,34.17,0,1.894,0,99.8,0,7.08,0,11.57,3.95,7.84,0,-75.7,5.54,22.631,0,7.82,0,1.201,1.56,0,6.34
4/11/2026,21:30, ,gtmfmwq_15E101700_032726_050000.bin,Fort Matanzas,GTMNERR,0,51.838,0,34.14,0,1.867,0,99,0,7.03,0,11.61,3.97,7.84,0,-75.2,5.54,22.533,0,7.51,0,1.204,1.56,0,6.34
4/11/2026,21:45, ,gtmfmwq_15E101700_032726_050000.bin,Fort Matanzas,GTMNERR,0,51.816,0,34.12,0,1.841,0,98.3,0,6.96,0,12.27,4.19,7.83,0,-74.8,5.53,22.727,0,7.87,0,1.195,1.55,0,6.28
4/11/2026,22:00, ,gtmfmwq_15E101700_032726_050000.bin,Fort Matanzas,GTMNERR,0,51.862,0,34.15,0,1.815,0,98.9,0,6.98,0,12.08,4.12,7.83,0,-75,5.53,22.878,0,7.88,0,1.189,1.57,0,6.37
4/11/2026,22:15, ,gtmfmwq_15E101700_032726_050000.bin,Fort Matanzas,GTMNERR,0,51.834,0,34.13,0,1.8,0,99.3,0,7.04,0,11.66,3.99,7.84,0,-75.5,5.54,22.689,0,7.7,0,1.195,1.62,0,6.59
4/11/2026,22:30, ,gtmfmwq_15E101700_032726_050000.bin,Fort Matanzas,GTMNERR,0,51.821,0,34.13,0,1.785,0,102.9,0,7.34,0,10.07,3.45,7.87,0,-77.5,5.53,22.315,0,8.4,0,1.203,1.87,0,7.59
4/11/2026,22:45, ,gtmfmwq_15E101700_032726_050000.bin,Fort Matanzas,GTMNERR,0,51.815,0,34.12,0,1.789,0,103.1,0,7.36,0,9.94,3.4,7.88,0,-77.6,5.53,22.291,0,10.38,0,1.19,1.86,0,7.54
4/11/2026,23:00, ,gtmfmwq_15E101700_032726_050000.bin,Fort Matanzas,GTMNERR,0,51.555,0,33.94,0,1.8,0,101.1,0,7.28,0,8.65,2.97,7.89,0,-78.4,5.54,21.871,0,16.2,0,1.192,1.91,0,7.74
4/11/2026,23:15, ,gtmfmwq_15E101700_032726_050000.bin,Fort Matanzas,GTMNERR,0,51.44,0,33.85,0,1.812,0,101.1,0,7.29,0,10.89,3.72,7.87,0,-77.3,5.53,21.771,0,13.01,0,1.207,1.87,0,7.59
4/11/2026,23:30, ,gtmfmwq_15E101700_032726_050000.bin,Fort Matanzas,GTMNERR,0,51.405,0,33.83,0,1.833,0,101.4,0,7.31,0,12.44,4.25,7.86,0,-76.8,5.53,21.801,0,9.64,0,1.197,1.61,0,6.56
4/11/2026,23:45, ,gtmfmwq_15E101700_032726_050000.bin,Fort Matanzas,GTMNERR,0,51.393,0,33.81,0,1.861,0,99.5,0,7.13,0,14.71,5.01,7.82,0,-74.5,5.54,22.121,0,11.46,0,1.187,2.19,0,8.86
4/12/2026,00:00, ,gtmfmwq_15E101700_032726_050000.bin,Fort Matanzas,GTMNERR,0,51.28,0,33.73,0,1.894,0,97.6,0,6.97,0,16.38,5.58,7.8,0,-72.9,5.53,22.379,0,12.88,0,1.195,1.77,0,7.2
4/12/2026,00:15, ,gtmfmwq_15E101700_032726_050000.bin,Fort Matanzas,GTMNERR,0,51.251,0,33.71,0,1.933,0,98.9,0,7.12,0,14.57,4.96,7.83,0,-75,5.53,21.937,0,9.17,0,1.194,1.59,0,6.45
4/12/2026,00:30, ,gtmfmwq_15E101700_032726_050000.bin,Fort Matanzas,GTMNERR,0,51.298,0,33.75,0,1.984,0,99,0,7.13,0,14.14,4.82,7.84,0,-75.2,5.53,21.895,0,9.23,0,1.188,1.64,0,6.66
4/12/2026,00:45, ,gtmfmwq_15E101700_032726_050000.bin,Fort Matanzas,GTMNERR,0,51.314,0,33.76,0,2.039,0,99.2,0,7.13,0,14.3,4.87,7.83,0,-75,5.54,21.951,0,9.05,0,1.192,1.8,0,7.29
4/12/2026,01:00, ,gtmfmwq_15E101700_032726_050000.bin,Fort Matanzas,GTMNERR,0,51.298,0,33.75,0,2.096,0,99.1,0,7.14,0,14.04,4.78,7.84,0,-75.3,5.53,21.868,0,7.89,0,1.193,1.69,0,6.84
4/12/2026,01:15, ,gtmfmwq_15E101700_032726_050000.bin,Fort Matanzas,GTMNERR,0,51.268,0,33.73,0,2.152,0,99,0,7.15,0,12.93,4.41,7.85,0,-76,5.53,21.734,0,7.01,0,1.201,1.48,0,6.04
4/12/2026,01:30, ,gtmfmwq_15E101700_032726_050000.bin,Fort Matanzas,GTMNERR,0,51.238,0,33.7,0,2.206,0,98.6,0,7.13,0,12.31,4.2,7.86,0,-76.4,5.54,21.634,0,6.89,0,1.2,1.27,0,5.17
4/12/2026,01:45, ,gtmfmwq_15E101700_032726_050000.bin,Fort Matanzas,GTMNERR,0,51.226,0,33.7,0,2.259,0,97.5,0,7.07,0,11.7,4,7.86,0,-76.7,5.52,21.535,0,6,0,1.188,1.34,0,5.47
4/12/2026,02:00, ,gtmfmwq_15E101700_032726_050000.bin,Fort Matanzas,GTMNERR,0,51.213,0,33.69,0,2.309,0,94.3,0,6.84,0,11.4,3.9,7.85,0,-75.9,5.53,21.477,0,5.27,0,1.188,1.45,0,5.9
4/12/2026,02:15, ,gtmfmwq_15E101700_032726_050000.bin,Fort Matanzas,GTMNERR,0,51.221,0,33.69,0,2.356,0,83.8,0,6.09,0,11.11,3.8,7.8,0,-73.1,5.53,21.45,0,5.46,0,1.204,0.61,0,2.51
4/12/2026,02:30, ,gtmfmwq_15E101700_032726_050000.bin,Fort Matanzas,GTMNERR,0,51.197,0,33.68,0,2.398,0,68.4,0,4.98,0,10,3.43,7.75,0,-69.9,5.52,21.299,0,6.26,0,1.198,0.59,0,2.47
4/12/2026,02:45, ,gtmfmwq_15E101700_032726_050000.bin,Fort Matanzas,GTMNERR,0,51.199,0,33.68,0,2.442,0,50.5,0,3.68,0,9.77,3.35,7.7,0,-67,5.53,21.241,0,5.36,0,1.194,0.78,0,3.22
4/12/2026,03:00, ,gtmfmwq_15E101700_032726_050000.bin,Fort Matanzas,GTMNERR,0,51.215,0,33.69,0,2.481,0,66.8,0,4.87,0,9.98,3.42,7.74,0,-69.3,5.53,21.197,0,4.97,0,1.201,0.78,0,3.21
4/12/2026,03:15, ,gtmfmwq_15E101700_032726_050000.bin,Fort Matanzas,GTMNERR,0,51.208,0,33.69,0,2.514,0,78.2,0,5.71,0,9.71,3.33,7.81,0,-73.2,5.53,21.174,0,5.18,0,1.2,0.68,0,2.81
4/12/2026,03:30, ,gtmfmwq_15E101700_032726_050000.bin,Fort Matanzas,GTMNERR,0,51.213,0,33.69,0,2.547,0,68.7,0,5.02,0,9.27,3.18,7.76,0,-70.6,5.53,21.105,0,3.58,0,1.2,0.43,0,1.82
4/12/2026,03:45, ,gtmfmwq_15E101700_032726_050000.bin,Fort Matanzas,GTMNERR,0,51.233,0,33.71,0,2.576,0,82.6,0,6.02,0,10.48,3.59,7.84,0,-75.1,5.53,21.222,0,4.68,0,1.194,0.88,0,3.61
4/12/2026,04:00, ,gtmfmwq_15E101700_032726_050000.bin,Fort Matanzas,GTMNERR,0,51.231,0,33.7,0,2.598,0,84.2,0,6.11,0,11.43,3.91,7.8,0,-73.2,5.53,21.445,0,5.6,0,1.189,0.82,0,3.39
4/12/2026,04:15, ,gtmfmwq_15E101700_032726_050000.bin,Fort Matanzas,GTMNERR,0,51.241,0,33.71,0,2.617,0,82.2,0,5.96,0,12.42,4.24,7.8,0,-72.9,5.52,21.541,0,6.02,0,1.196,1.06,0,4.34
4/12/2026,04:30, ,gtmfmwq_15E101700_032726_050000.bin,Fort Matanzas,GTMNERR,0,51.276,0,33.73,0,2.629,0,87.1,0,6.29,0,13.84,4.72,7.81,0,-73.3,5.53,21.762,0,4.92,0,1.198,0.98,0,4.01
4/12/2026,04:45, ,gtmfmwq_15E101700_032726_050000.bin,Fort Matanzas,GTMNERR,0,51.284,0,33.74,0,2.631,0,85.9,0,6.18,0,14.89,5.07,7.79,0,-72.3,5.53,21.9,0,5.85,0,1.187,0.99,0,4.05
4/12/2026,05:00, ,gtmfmwq_15E101700_032726_050000.bin,Fort Matanzas,GTMNERR,0,51.277,0,33.73,0,2.626,0,87.9,0,6.31,0,15.84,5.39,7.79,0,-72.2,5.52,22.03,0,6.95,0,1.202,1.13,0,4.62
4/12/2026,05:15, ,gtmfmwq_15E101700_032726_050000.bin,Fort Matanzas,GTMNERR,0,51.297,0,33.74,0,2.612,0,88.2,0,6.33,0,15.74,5.36,7.77,0,-71.3,5.53,22.057,0,7.06,0,1.199,0.85,0,3.51
4/12/2026,05:30, ,gtmfmwq_15E101700_032726_050000.bin,Fort Matanzas,GTMNERR,0,51.439,0,33.85,0,2.592,0,89.6,0,6.44,0,14.14,4.82,7.8,0,-72.8,5.53,21.967,0,6.79,0,1.204,1.22,0,4.96
4/12/2026,05:45, ,gtmfmwq_15E101700_032726_050000.bin,Fort Matanzas,GTMNERR,0,51.623,0,33.99,0,2.563,0,92.6,0,6.65,0,11.82,4.04,7.83,0,-74.8,5.53,21.947,0,9.47,0,1.2,1.31,0,5.32
4/12/2026,06:00, ,gtmfmwq_15E101700_032726_050000.bin,Fort Matanzas,GTMNERR,0,51.718,0,34.05,0,2.53,0,91.1,0,6.53,0,12.14,4.15,7.82,0,-74.3,5.53,22.051,0,8.83,0,1.194,1.27,0,5.17
4/12/2026,06:15, ,gtmfmwq_15E101700_032726_050000.bin,Fort Matanzas,GTMNERR,0,51.806,0,34.12,0,2.492,0,91.2,0,6.54,0,12.18,4.16,7.82,0,-74.2,5.53,22.029,0,9.66,0,1.198,1.37,0,5.58
4/12/2026,06:30, ,gtmfmwq_15E101700_032726_050000.bin,Fort Matanzas,GTMNERR,0,51.859,0,34.16,0,2.452,0,90.5,0,6.49,0,12.34,4.21,7.82,0,-74.1,5.53,21.969,0,8.62,0,1.187,1.26,0,5.13
4/12/2026,06:45, ,gtmfmwq_15E101700_032726_050000.bin,Fort Matanzas,GTMNERR,0,51.855,0,34.16,0,2.412,0,91.1,0,6.54,0,12.63,4.31,7.82,0,-74.2,5.52,21.957,0,8.93,0,1.203,1.23,0,5.03
4/12/2026,07:00, ,gtmfmwq_15E101700_032726_050000.bin,Fort Matanzas,GTMNERR,0,51.902,0,34.19,0,2.373,0,93.1,0,6.68,0,12.43,4.24,7.83,0,-74.7,5.53,21.964,0,8.45,0,1.205,1.39,0,5.68
4/12/2026,07:15, ,gtmfmwq_15E101700_032726_050000.bin,Fort Matanzas,GTMNERR,0,51.883,0,34.18,0,2.333,0,91.5,0,6.56,0,12.57,4.29,7.82,0,-74.2,5.53,21.942,0,6.9,0,1.201,1.23,0,5
4/12/2026,07:30, ,gtmfmwq_15E101700_032726_050000.bin,Fort Matanzas,GTMNERR,0,51.913,0,34.2,0,2.296,0,86.8,0,6.23,0,12.61,4.3,7.79,0,-72.5,5.52,21.959,0,8.86,0,1.19,0.84,0,3.44
4/12/2026,07:45, ,gtmfmwq_15E101700_032726_050000.bin,Fort Matanzas,GTMNERR,0,51.896,0,34.19,0,2.256,0,85.3,0,6.12,0,11.94,4.08,7.8,0,-73.2,5.53,21.958,0,10.54,0,1.193,1.12,0,4.59
4/12/2026,08:00, ,gtmfmwq_15E101700_032726_050000.bin,Fort Matanzas,GTMNERR,0,51.844,0,34.15,0,2.214,0,65.8,0,4.72,0,12.54,4.28,7.7,0,-67.2,5.53,21.938,0,5,0,1.195,0.61,0,2.52
4/12/2026,08:15, ,gtmfmwq_15E101700_032726_050000.bin,Fort Matanzas,GTMNERR,0,51.905,0,34.19,0,2.174,0,47.3,0,3.4,0,12.45,4.25,7.63,0,-63.1,5.52,21.95,0,5.29,0,1.192,0.8,0,3.29
4/12/2026,08:30, ,gtmfmwq_15E101700_032726_050000.bin,Fort Matanzas,GTMNERR,0,51.998,0,34.26,0,2.134,0,83,0,5.95,0,12.49,4.26,7.79,0,-72.6,5.52,21.977,0,7.57,0,1.201,0.96,0,3.93
4/12/2026,08:45, ,gtmfmwq_15E101700_032726_050000.bin,Fort Matanzas,GTMNERR,0,52.034,0,34.29,0,2.093,0,87.6,0,6.28,0,12.56,4.29,7.81,0,-73.7,5.53,22.015,0,5.4,0,1.197,0.98,0,4.03
4/12/2026,09:00, ,gtmfmwq_15E101700_032726_050000.bin,Fort Matanzas,GTMNERR,0,51.924,0,34.21,0,2.054,0,91,0,6.52,0,12.71,4.34,7.82,0,-74.1,5.53,22.022,0,5.9,0,1.201,1.12,0,4.58
4/12/2026,09:15, ,gtmfmwq_15E101700_032726_050000.bin,Fort Matanzas,GTMNERR,0,51.848,0,34.15,0,2.017,0,87.6,0,6.3,0,13.37,4.56,7.8,0,-72.8,5.52,21.903,0,5.28,0,1.193,0.89,0,3.66
4/12/2026,09:30, ,gtmfmwq_15E101700_032726_050000.bin,Fort Matanzas,GTMNERR,0,51.765,0,34.09,0,1.979,0,83.1,0,5.99,0,14.02,4.78,7.77,0,-71.1,5.52,21.748,0,4.83,0,1.199,0.86,0,3.52
4/12/2026,09:45, ,gtmfmwq_15E101700_032726_050000.bin,Fort Matanzas,GTMNERR,0,51.872,0,34.17,0,1.946,0,88.2,0,6.33,0,13.21,4.51,7.8,0,-73.1,5.53,21.916,0,5.75,0,1.196,0.95,0,3.88
4/12/2026,10:00, ,gtmfmwq_15E101700_032726_050000.bin,Fort Matanzas,GTMNERR,0,51.719,0,34.06,0,1.911,0,86.8,0,6.27,0,12.72,4.34,7.8,0,-72.9,5.52,21.634,0,6.59,0,1.187,0.84,0,3.46
4/12/2026,10:15, ,gtmfmwq_15E101700_032726_050000.bin,Fort Matanzas,GTMNERR,0,51.697,0,34.04,0,1.877,0,87.9,0,6.35,0,12.5,4.27,7.8,0,-73.1,5.52,21.686,0,6.47,0,1.195,0.93,0,3.81
4/12/2026,10:30, ,gtmfmwq_15E101700_032726_050000.bin,Fort Matanzas,GTMNERR,0,51.64,0,34,0,1.846,0,86.2,0,6.24,0,12.78,4.36,7.79,0,-72.6,5.53,21.543,0,6.17,0,1.196,0.82,0,3.39
4/12/2026,10:45, ,gtmfmwq_15E101700_032726_050000.bin,Fort Matanzas,GTMNERR,0,51.658,0,34.01,0,1.817,0,88.2,0,6.37,0,12.5,4.27,7.81,0,-73.4,5.52,21.648,0,6.87,0,1.195,0.9,0,3.68
4/12/2026,11:00, ,gtmfmwq_15E101700_032726_050000.bin,Fort Matanzas,GTMNERR,0,51.701,0,34.05,0,1.791,0,88.5,0,6.38,0,12.3,4.2,7.8,0,-73.2,5.52,21.789,0,7.4,0,1.193,0.94,0,3.85
4/12/2026,11:15, ,gtmfmwq_15E101700_032726_050000.bin,Fort Matanzas,GTMNERR,0,51.691,0,34.04,0,1.765,0,90,0,6.47,0,12.14,4.15,7.81,0,-73.6,5.53,21.849,0,7.49,0,1.205,0.98,0,4.02
4/12/2026,11:30, ,gtmfmwq_15E101700_032726_050000.bin,Fort Matanzas,GTMNERR,0,51.722,0,34.06,0,1.75,0,91.7,0,6.59,0,12.08,4.12,7.82,0,-74,5.53,21.95,0,8.64,0,1.2,1.03,0,4.2
4/12/2026,11:45, ,gtmfmwq_15E101700_032726_050000.bin,Fort Matanzas,GTMNERR,0,51.359,0,33.8,0,1.742,0,95.1,0,6.89,0,10.14,3.47,7.86,0,-76.6,5.52,21.52,0,10.23,0,1.199,1.04,0,4.24
4/12/2026,12:00, ,gtmfmwq_15E101700_032726_050000.bin,Fort Matanzas,GTMNERR,0,51.109,0,33.61,0,1.749,0,98.7,0,7.2,0,8.61,2.95,7.89,0,-78.5,5.52,21.175,0,17.01,0,1.195,1.28,0,5.21
4/12/2026,12:15, ,gtmfmwq_15E101700_032726_050000.bin,Fort Matanzas,GTMNERR,0,50.952,0,33.5,0,1.762,0,102.2,0,7.47,0,8.56,2.94,7.91,0,-79.7,5.53,21.168,0,11.88,0,1.188,1.25,0,5.09
4/12/2026,12:30, ,gtmfmwq_15E101700_032726_050000.bin,Fort Matanzas,GTMNERR,0,50.886,0,33.45,0,1.787,0,104.9,0,7.65,0,8.21,2.82,7.93,0,-80.6,5.52,21.312,0,10.54,0,1.203,1.21,0,4.92
4/12/2026,12:45, ,gtmfmwq_15E101700_032726_050000.bin,Fort Matanzas,GTMNERR,0,50.87,0,33.44,0,1.812,0,105.7,0,7.71,0,8.63,2.96,7.93,0,-80.9,5.52,21.297,0,9.04,0,1.202,1.25,0,5.11
4/12/2026,13:00, ,gtmfmwq_15E101700_032726_050000.bin,Fort Matanzas,GTMNERR,0,50.815,0,33.39,0,1.851,0,104.4,0,7.59,0,9.93,3.4,7.91,0,-79.7,5.53,21.496,0,10.98,0,1.199,1.46,0,5.95
4/12/2026,13:15, ,gtmfmwq_15E101700_032726_050000.bin,Fort Matanzas,GTMNERR,0,50.826,0,33.4,0,1.889,0,106.2,0,7.69,0,8.95,3.07,7.93,0,-80.6,5.52,21.648,0,10.27,0,1.198,1.32,0,5.37
4/12/2026,13:30, ,gtmfmwq_15E101700_032726_050000.bin,Fort Matanzas,GTMNERR,0,50.858,0,33.43,0,1.939,0,106.9,0,7.76,0,8.55,2.94,7.94,0,-81.1,5.52,21.531,0,10.1,0,1.193,1.36,0,5.53
4/12/2026,13:45, ,gtmfmwq_15E101700_032726_050000.bin,Fort Matanzas,GTMNERR,0,50.848,0,33.42,0,1.991,0,105.9,0,7.68,0,8.93,3.06,7.92,0,-80.4,5.53,21.58,0,9.19,0,1.19,1.37,0,5.58
4/12/2026,14:00, ,gtmfmwq_15E101700_032726_050000.bin,Fort Matanzas,GTMNERR,0,50.845,0,33.42,0,2.048,0,106.3,0,7.71,0,8.69,2.98,7.93,0,-80.6,5.51,21.577,0,8.16,0,1.188,1.25,0,5.11
4/12/2026,14:15, ,gtmfmwq_15E101700_032726_050000.bin,Fort Matanzas,GTMNERR,0,50.861,0,33.43,0,2.111,0,106.2,0,7.7,0,8.51,2.92,7.93,0,-80.7,5.52,21.607,0,7.15,0,1.195,1.18,0,4.82
4/12/2026,14:30, ,gtmfmwq_15E101700_032726_050000.bin,Fort Matanzas,GTMNERR,0,50.82,0,33.4,0,2.161,0,105.6,0,7.65,0,8.79,3.02,7.92,0,-80.2,5.53,21.622,0,6.76,0,1.196,1.06,0,4.35
4/12/2026,14:45, ,gtmfmwq_15E101700_032726_050000.bin,Fort Matanzas,GTMNERR,0,50.805,0,33.39,0,2.21,0,104.1,0,7.54,0,8.97,3.08,7.91,0,-79.7,5.52,21.659,0,6.53,0,1.188,1,0,4.09
4/12/2026,15:00, ,gtmfmwq_15E101700_032726_050000.bin,Fort Matanzas,GTMNERR,0,50.809,0,33.39,0,2.252,0,100,0,7.23,0,9.02,3.09,7.89,0,-78.4,5.52,21.721,0,8.3,0,1.196,0.95,0,3.88
4/12/2026,15:15, ,gtmfmwq_15E101700_032726_050000.bin,Fort Matanzas,GTMNERR,0,50.799,0,33.38,0,2.292,0,95.3,0,6.89,0,9.1,3.12,7.86,0,-76.9,5.52,21.83,0,5.32,0,1.193,0.59,0,2.45
4/12/2026,15:30, ,gtmfmwq_15E101700_032726_050000.bin,Fort Matanzas,GTMNERR,0,50.809,0,33.39,0,2.329,0,63.2,0,4.57,0,9.18,3.15,7.75,0,-70.1,5.51,21.815,0,6.58,0,1.193,0.65,0,2.69
4/12/2026,15:45, ,gtmfmwq_15E101700_032726_050000.bin,Fort Matanzas,GTMNERR,0,50.811,0,33.39,0,2.365,0,72.3,0,5.22,0,9.13,3.13,7.77,0,-71.2,5.52,21.777,0,4.82,0,1.191,0.77,0,3.19
4/12/2026,16:00, ,gtmfmwq_15E101700_032726_050000.bin,Fort Matanzas,GTMNERR,0,50.811,0,33.39,0,2.396,0,80.2,0,5.81,0,9.26,3.18,7.79,0,-72.7,5.53,21.734,0,5.73,0,1.193,0.63,0,2.6
4/12/2026,16:15, ,gtmfmwq_15E101700_032726_050000.bin,Fort Matanzas,GTMNERR,0,50.811,0,33.39,0,2.42,0,84.5,0,6.11,0,9.14,3.13,7.83,0,-74.9,5.53,21.757,0,4.54,0,1.194,0.62,0,2.57
4/12/2026,16:30, ,gtmfmwq_15E101700_032726_050000.bin,Fort Matanzas,GTMNERR,0,50.822,0,33.4,0,2.439,0,92.5,0,6.69,0,9.18,3.15,7.85,0,-76.2,5.52,21.802,0,4.66,0,1.198,1.03,0,4.22
4/12/2026,16:45, ,gtmfmwq_15E101700_032726_050000.bin,Fort Matanzas,GTMNERR,0,50.819,0,33.39,0,2.458,0,87.4,0,6.32,0,9.36,3.21,7.84,0,-75.1,5.52,21.77,0,4.86,0,1.197,0.93,0,3.8
4/12/2026,17:00, ,gtmfmwq_15E101700_032726_050000.bin,Fort Matanzas,GTMNERR,0,50.814,0,33.39,0,2.47,0,89.8,0,6.49,0,9.33,3.2,7.84,0,-75.4,5.53,21.77,0,5.26,0,1.187,0.8,0,3.3
4/12/2026,17:15, ,gtmfmwq_15E101700_032726_050000.bin,Fort Matanzas,GTMNERR,0,50.802,0,33.38,0,2.478,0,95.4,0,6.89,0,9.87,3.38,7.87,0,-77.4,5.52,21.856,0,6.29,0,1.196,0.99,0,4.05
4/12/2026,17:30, ,gtmfmwq_15E101700_032726_050000.bin,Fort Matanzas,GTMNERR,0,50.82,0,33.39,0,2.474,0,96.6,0,6.95,0,10.31,3.53,7.87,0,-77.3,5.52,22.066,0,4.95,0,1.194,0.96,0,3.93
4/12/2026,17:45, ,gtmfmwq_15E101700_032726_050000.bin,Fort Matanzas,GTMNERR,0,50.83,0,33.4,0,2.46,0,99.5,0,7.14,0,10.63,3.64,7.88,0,-77.9,5.53,22.167,0,6.21,0,1.191,1.25,0,5.11
4/12/2026,18:00, ,gtmfmwq_15E101700_032726_050000.bin,Fort Matanzas,GTMNERR,0,50.932,0,33.47,0,2.442,0,99.3,0,7.13,0,10.35,3.54,7.86,0,-76.7,5.51,22.162,0,7.57,0,1.19,0.97,0,3.98
4/12/2026,18:15, ,gtmfmwq_15E101700_032726_050000.bin,Fort Matanzas,GTMNERR,0,51.003,0,33.53,0,2.415,0,98.1,0,7.05,0,10.4,3.56,7.86,0,-76.4,5.52,22.118,0,5.67,0,1.195,1.12,0,4.59
4/12/2026,18:30, ,gtmfmwq_15E101700_032726_050000.bin,Fort Matanzas,GTMNERR,0,51.129,0,33.62,0,2.378,0,97.4,0,6.98,0,10.45,3.58,7.85,0,-76,5.52,22.181,0,7.4,0,1.195,1.3,0,5.31
4/12/2026,18:45, ,gtmfmwq_15E101700_032726_050000.bin,Fort Matanzas,GTMNERR,0,51.255,0,33.71,0,2.342,0,98.4,0,7.02,0,11.11,3.8,7.84,0,-75.7,5.53,22.472,0,7.76,0,1.191,1.38,0,5.62
4/12/2026,19:00, ,gtmfmwq_15E101700_032726_050000.bin,Fort Matanzas,GTMNERR,0,51.392,0,33.81,0,2.308,0,97.6,0,6.93,0,11.51,3.93,7.83,0,-75,5.52,22.619,0,8.22,0,1.194,1.46,0,5.93
4/12/2026,19:15, ,gtmfmwq_15E101700_032726_050000.bin,Fort Matanzas,GTMNERR,0,51.375,0,33.79,0,2.275,0,96.5,0,6.84,0,11.4,3.9,7.84,0,-75.4,5.52,22.717,0,7.99,0,1.189,1.84,0,7.47
4/12/2026,19:30, ,gtmfmwq_15E101700_032726_050000.bin,Fort Matanzas,GTMNERR,0,51.395,0,33.81,0,2.238,0,93.1,0,6.6,0,11.71,4,7.81,0,-73.7,5.53,22.753,0,6.72,0,1.188,1.36,0,5.55
4/12/2026,19:45, ,gtmfmwq_15E101700_032726_050000.bin,Fort Matanzas,GTMNERR,0,51.46,0,33.85,0,2.204,0,98.2,0,6.96,0,11.78,4.02,7.83,0,-74.9,5.52,22.801,0,7.27,0,1.189,1.67,0,6.79
4/12/2026,20:00, ,gtmfmwq_15E101700_032726_050000.bin,Fort Matanzas,GTMNERR,0,51.41,0,33.82,0,2.166,0,90,0,6.38,0,11.5,3.93,7.78,0,-72.1,5.52,22.751,0,11.87,0,1.188,0.8,0,3.3
4/12/2026,20:15, ,gtmfmwq_15E101700_032726_050000.bin,Fort Matanzas,GTMNERR,0,51.366,0,33.79,0,2.126,0,88.5,0,6.28,0,11.37,3.89,7.79,0,-72.7,5.53,22.696,0,5.57,0,1.201,0.83,0,3.42
4/12/2026,20:30, ,gtmfmwq_15E101700_032726_050000.bin,Fort Matanzas,GTMNERR,0,51.447,0,33.85,0,2.085,0,56.7,0,4.02,0,11.28,3.86,7.65,0,-64.4,5.52,22.727,0,6.01,0,1.197,0.65,0,2.68
4/12/2026,20:45, ,gtmfmwq_15E101700_032726_050000.bin,Fort Matanzas,GTMNERR,0,51.655,0,33.99,0,2.048,0,88.2,0,6.22,0,12.19,4.16,7.78,0,-72,5.52,22.998,0,5.66,0,1.192,1.21,0,4.94
4/12/2026,21:00, ,gtmfmwq_15E101700_032726_050000.bin,Fort Matanzas,GTMNERR,0,51.607,0,33.96,0,2.01,0,91,0,6.42,0,12.17,4.16,7.8,0,-73.3,5.53,22.961,0,7.2,0,1.201,1.14,0,4.64
4/12/2026,21:15, ,gtmfmwq_15E101700_032726_050000.bin,Fort Matanzas,GTMNERR,0,51.439,0,33.84,0,1.972,0,93.8,0,6.63,0,11.96,4.08,7.81,0,-73.8,5.52,22.857,0,6.13,0,1.205,1.28,0,5.21
4/12/2026,21:30, ,gtmfmwq_15E101700_032726_050000.bin,Fort Matanzas,GTMNERR,0,51.446,0,33.84,0,1.934,0,95.9,0,6.8,0,11.92,4.07,7.82,0,-74.4,5.52,22.721,0,6.42,0,1.205,1.29,0,5.27
4/12/2026,21:45, ,gtmfmwq_15E101700_032726_050000.bin,Fort Matanzas,GTMNERR,0,51.421,0,33.83,0,1.898,0,96.8,0,6.87,0,11.9,4.07,7.82,0,-74.6,5.53,22.651,0,5.83,0,1.205,1.38,0,5.62
4/12/2026,22:00, ,gtmfmwq_15E101700_032726_050000.bin,Fort Matanzas,GTMNERR,0,51.397,0,33.8,0,1.86,0,96.3,0,6.8,0,12.22,4.17,7.82,0,-74.5,5.53,22.975,0,5.84,0,1.204,1.38,0,5.62
4/12/2026,22:15, ,gtmfmwq_15E101700_032726_050000.bin,Fort Matanzas,GTMNERR,0,51.277,0,33.72,0,1.826,0,95.2,0,6.74,0,12.42,4.24,7.82,0,-74.5,5.52,22.899,0,863.99,0,1.203,1.15,0,4.71
4/12/2026,22:30, ,gtmfmwq_15E101700_032726_050000.bin,Fort Matanzas,GTMNERR,0,51.238,0,33.69,0,1.795,0,94.5,0,6.69,0,12.1,4.13,7.82,0,-74.6,5.52,22.848,0,6.96,0,1.204,1.17,0,4.76
4/12/2026,22:45, ,gtmfmwq_15E101700_032726_050000.bin,Fort Matanzas,GTMNERR,0,51.255,0,33.7,0,1.766,0,96,0,6.79,0,11.93,4.07,7.83,0,-75,5.53,22.911,0,6.65,0,1.204,1.3,0,5.31
4/12/2026,23:00, ,gtmfmwq_15E101700_032726_050000.bin,Fort Matanzas,GTMNERR,0,51.29,0,33.73,0,1.741,0,97.6,0,6.92,0,11.55,3.95,7.84,0,-75.4,5.52,22.713,0,6.3,0,1.203,1.37,0,5.59
4/12/2026,23:15, ,gtmfmwq_15E101700_032726_050000.bin,Fort Matanzas,GTMNERR,0,51.296,0,33.73,0,1.721,0,97.2,0,6.89,0,11.54,3.94,7.83,0,-75.1,5.52,22.751,0,6.42,0,1.206,1.32,0,5.36
4/12/2026,23:30, ,gtmfmwq_15E101700_032726_050000.bin,Fort Matanzas,GTMNERR,0,51.263,0,33.71,0,1.707,0,96.6,0,6.85,0,11.47,3.92,7.84,0,-75.6,5.53,22.763,0,8.3,0,1.205,1.34,0,5.45
4/12/2026,23:45, ,gtmfmwq_15E101700_032726_050000.bin,Fort Matanzas,GTMNERR,0,51.227,0,33.68,0,1.711,0,96,0,6.81,0,10.81,3.7,7.84,0,-75.6,5.52,22.757,0,12.51,0,1.195,1.48,0,6.02
4/13/2026,00:00, ,gtmfmwq_15E101700_032726_050000.bin,Fort Matanzas,GTMNERR,0,51.017,0,33.54,0,1.717,0,97.9,0,7.04,0,8.97,3.08,7.91,0,-79.4,5.52,22.021,0,13.68,0,1.188,1.53,0,6.22
4/13/2026,00:15, ,gtmfmwq_15E101700_032726_050000.bin,Fort Matanzas,GTMNERR,0,50.913,0,33.46,0,1.731,0,99.7,0,7.2,0,8.76,3,7.92,0,-80.2,5.52,21.776,0,9.31,0,1.188,1.35,0,5.49
4/13/2026,00:30, ,gtmfmwq_15E101700_032726_050000.bin,Fort Matanzas,GTMNERR,0,50.869,0,33.43,0,1.753,0,102.2,0,7.41,0,8.71,2.99,7.94,0,-81.1,5.51,21.614,0,7.89,0,1.195,1.25,0,5.12
4/13/2026,00:45, ,gtmfmwq_15E101700_032726_050000.bin,Fort Matanzas,GTMNERR,0,50.779,0,33.37,0,1.784,0,102.5,0,7.41,0,9.74,3.34,7.92,0,-80.4,5.52,21.765,0,8.43,0,1.205,1.34,0,5.46
4/13/2026,01:00, ,gtmfmwq_15E101700_032726_050000.bin,Fort Matanzas,GTMNERR,0,50.616,0,33.24,0,1.819,0,100.5,0,7.22,0,12.88,4.39,7.88,0,-77.7,5.52,22.208,0,9.38,0,1.201,1.53,0,6.21
4/13/2026,01:15, ,gtmfmwq_15E101700_032726_050000.bin,Fort Matanzas,GTMNERR,0,50.537,0,33.18,0,1.862,0,98.2,0,7.04,0,14.53,4.95,7.85,0,-76.2,5.53,22.352,0,9.7,0,1.199,1.48,0,6.01
4/13/2026,01:30, ,gtmfmwq_15E101700_032726_050000.bin,Fort Matanzas,GTMNERR,0,50.559,0,33.2,0,1.912,0,98.3,0,7.06,0,14.03,4.78,7.86,0,-76.7,5.52,22.252,0,8.71,0,1.198,1.44,0,5.87
4/13/2026,01:45, ,gtmfmwq_15E101700_032726_050000.bin,Fort Matanzas,GTMNERR,0,50.563,0,33.2,0,1.965,0,98.2,0,7.05,0,13.81,4.71,7.86,0,-76.7,5.51,22.224,0,7.69,0,1.196,1.42,0,5.78
4/13/2026,02:00, ,gtmfmwq_15E101700_032726_050000.bin,Fort Matanzas,GTMNERR,0,50.56,0,33.2,0,2.016,0,98.2,0,7.05,0,13.85,4.72,7.86,0,-76.7,5.52,22.227,0,8.66,0,1.193,1.49,0,6.06
4/13/2026,02:15, ,gtmfmwq_15E101700_032726_050000.bin,Fort Matanzas,GTMNERR,0,50.573,0,33.21,0,2.073,0,98.1,0,7.05,0,13.58,4.63,7.86,0,-76.8,5.51,22.147,0,7.13,0,1.192,1.39,0,5.68
4/13/2026,02:30, ,gtmfmwq_15E101700_032726_050000.bin,Fort Matanzas,GTMNERR,0,50.612,0,33.24,0,2.131,0,97.5,0,7.03,0,12.55,4.28,7.87,0,-77.3,5.51,22.024,0,6.71,0,1.199,1.45,0,5.92
4/13/2026,02:45, ,gtmfmwq_15E101700_032726_050000.bin,Fort Matanzas,GTMNERR,0,50.653,0,33.27,0,2.184,0,97.5,0,7.04,0,12.1,4.13,7.88,0,-77.9,5.52,21.888,0,5.92,0,1.196,0.94,0,3.85
4/13/2026,03:00, ,gtmfmwq_15E101700_032726_050000.bin,Fort Matanzas,GTMNERR,0,50.687,0,33.3,0,2.236,0,96.5,0,6.98,0,11.08,3.79,7.89,0,-78.2,5.51,21.778,0,6.66,0,1.187,1.19,0,4.85
4/13/2026,03:15, ,gtmfmwq_15E101700_032726_050000.bin,Fort Matanzas,GTMNERR,0,50.73,0,33.33,0,2.294,0,96.2,0,6.97,0,10.36,3.55,7.9,0,-78.8,5.51,21.642,0,5.93,0,1.197,1.03,0,4.2
4/13/2026,03:30, ,gtmfmwq_15E101700_032726_050000.bin,Fort Matanzas,GTMNERR,0,50.786,0,33.37,0,2.352,0,94.5,0,6.87,0,9.05,3.1,7.91,0,-79.2,5.52,21.451,0,4.56,0,1.199,1.08,0,4.41
4/13/2026,03:45, ,gtmfmwq_15E101700_032726_050000.bin,Fort Matanzas,GTMNERR,0,50.804,0,33.39,0,2.406,0,92.2,0,6.71,0,8.94,3.07,7.9,0,-78.8,5.52,21.382,0,5.18,0,1.193,0.6,0,2.51
4/13/2026,04:00, ,gtmfmwq_15E101700_032726_050000.bin,Fort Matanzas,GTMNERR,0,50.812,0,33.39,0,2.458,0,84,0,6.12,0,8.64,2.97,7.86,0,-76.8,5.51,21.333,0,4.28,0,1.191,0.63,0,2.6
4/13/2026,04:15, ,gtmfmwq_15E101700_032726_050000.bin,Fort Matanzas,GTMNERR,0,50.82,0,33.4,0,2.504,0,51.8,0,3.78,0,8.69,2.98,7.74,0,-69.6,5.51,21.336,0,5.44,0,1.189,0.61,0,2.55
4/13/2026,04:30, ,gtmfmwq_15E101700_032726_050000.bin,Fort Matanzas,GTMNERR,0,50.82,0,33.4,0,2.541,0,49.7,0,3.62,0,8.9,3.05,7.73,0,-68.8,5.52,21.346,0,5.17,0,1.196,0.48,0,2.03
4/13/2026,04:45, ,gtmfmwq_15E101700_032726_050000.bin,Fort Matanzas,GTMNERR,0,50.811,0,33.39,0,2.574,0,75.5,0,5.5,0,8.94,3.07,7.83,0,-74.5,5.51,21.372,0,4.3,0,1.196,0.69,0,2.84
4/13/2026,05:00, ,gtmfmwq_15E101700_032726_050000.bin,Fort Matanzas,GTMNERR,0,50.778,0,33.37,0,2.599,0,81.3,0,5.91,0,9.56,3.28,7.84,0,-75.4,5.51,21.49,0,4.85,0,1.187,0.66,0,2.74
4/13/2026,05:15, ,gtmfmwq_15E101700_032726_050000.bin,Fort Matanzas,GTMNERR,0,50.701,0,33.31,0,2.617,0,93.5,0,6.77,0,10.89,3.72,7.88,0,-77.7,5.52,21.73,0,6.31,0,1.195,1.18,0,4.8
4/13/2026,05:30, ,gtmfmwq_15E101700_032726_050000.bin,Fort Matanzas,GTMNERR,0,50.619,0,33.25,0,2.626,0,90.8,0,6.55,0,13.26,4.52,7.85,0,-76.3,5.51,21.964,0,6.62,0,1.19,1.26,0,5.13
4/13/2026,05:45, ,gtmfmwq_15E101700_032726_050000.bin,Fort Matanzas,GTMNERR,0,50.578,0,33.21,0,2.624,0,89.1,0,6.42,0,14.13,4.81,7.83,0,-75,5.51,22.086,0,6.11,0,1.193,1.19,0,4.87
4/13/2026,06:00, ,gtmfmwq_15E101700_032726_050000.bin,Fort Matanzas,GTMNERR,0,50.607,0,33.23,0,2.617,0,89.8,0,6.46,0,14.04,4.79,7.83,0,-75,5.51,22.125,0,6.32,0,1.192,1.04,0,4.26
4/13/2026,06:15, ,gtmfmwq_15E101700_032726_050000.bin,Fort Matanzas,GTMNERR,0,50.883,0,33.44,0,2.596,0,90.4,0,6.52,0,11.64,3.98,7.85,0,-76.3,5.52,21.952,0,6.52,0,1.198,1.11,0,4.52
4/13/2026,06:30, ,gtmfmwq_15E101700_032726_050000.bin,Fort Matanzas,GTMNERR,0,51.032,0,33.55,0,2.564,0,90.1,0,6.47,0,11.48,3.92,7.84,0,-75.7,5.51,22.097,0,7.51,0,1.206,0.91,0,3.74
4/13/2026,06:45, ,gtmfmwq_15E101700_032726_050000.bin,Fort Matanzas,GTMNERR,0,51.169,0,33.65,0,2.524,0,89.6,0,6.41,0,12.82,4.37,7.82,0,-74,5.51,22.299,0,8.22,0,1.199,1.04,0,4.25
4/13/2026,07:00, ,gtmfmwq_15E101700_032726_050000.bin,Fort Matanzas,GTMNERR,0,51.444,0,33.84,0,2.489,0,88.2,0,6.27,0,12.81,4.37,7.8,0,-73.2,5.52,22.602,0,8.3,0,1.201,1.08,0,4.4
4/13/2026,07:15, ,gtmfmwq_15E101700_032726_050000.bin,Fort Matanzas,GTMNERR,0,51.421,0,33.83,0,2.447,0,87.2,0,6.2,0,12.85,4.39,7.8,0,-73.4,5.51,22.527,0,7.71,0,1.195,1.01,0,4.13
4/13/2026,07:30, ,gtmfmwq_15E101700_032726_050000.bin,Fort Matanzas,GTMNERR,0,51.567,0,33.93,0,2.407,0,86.7,0,6.15,0,12.94,4.42,7.8,0,-73.2,5.51,22.638,0,8.94,0,1.201,1.13,0,4.62
4/13/2026,07:45, ,gtmfmwq_15E101700_032726_050000.bin,Fort Matanzas,GTMNERR,0,51.623,0,33.98,0,2.363,0,86.2,0,6.11,0,13.11,4.47,7.79,0,-72.5,5.52,22.696,0,7.03,0,1.193,0.86,0,3.53
4/13/2026,08:00, ,gtmfmwq_15E101700_032726_050000.bin,Fort Matanzas,GTMNERR,0,51.581,0,33.95,0,2.317,0,83.5,0,5.93,0,13.24,4.52,7.78,0,-72.1,5.51,22.624,0,8.38,0,1.187,0.76,0,3.15
4/13/2026,08:15, ,gtmfmwq_15E101700_032726_050000.bin,Fort Matanzas,GTMNERR,0,51.517,0,33.9,0,2.277,0,84.9,0,6.04,0,13.01,4.44,7.79,0,-72.7,5.52,22.589,0,6.71,0,1.195,0.74,0,3.06
4/13/2026,08:30, ,gtmfmwq_15E101700_032726_050000.bin,Fort Matanzas,GTMNERR,0,51.459,0,33.86,0,2.234,0,79.9,0,5.69,0,13.07,4.46,7.77,0,-71.5,5.52,22.525,0,5.72,0,1.193,0.79,0,3.24
4/13/2026,08:45, ,gtmfmwq_15E101700_032726_050000.bin,Fort Matanzas,GTMNERR,0,51.435,0,33.84,0,2.193,0,70.8,0,5.04,0,13.08,4.46,7.72,0,-68.3,5.51,22.544,0,4.96,0,1.188,0.62,0,2.56
4/13/2026,09:00, ,gtmfmwq_15E101700_032726_050000.bin,Fort Matanzas,GTMNERR,0,51.449,0,33.85,0,2.152,0,69.3,0,4.93,0,11.8,4.03,7.72,0,-68.4,5.51,22.518,0,22.57,0,1.198,1.2,0,4.9
4/13/2026,09:15, ,gtmfmwq_15E101700_032726_050000.bin,Fort Matanzas,GTMNERR,0,51.509,0,33.89,0,2.109,0,44.5,0,3.17,0,12.52,4.27,7.61,0,-61.6,5.51,22.554,0,4.79,0,1.195,0.43,0,1.82
4/13/2026,09:30, ,gtmfmwq_15E101700_032726_050000.bin,Fort Matanzas,GTMNERR,0,51.523,0,33.9,0,2.067,0,81.1,0,5.76,0,13.1,4.47,7.78,0,-71.6,5.52,22.585,0,5.44,0,1.199,0.77,0,3.18
4/13/2026,09:45, ,gtmfmwq_15E101700_032726_050000.bin,Fort Matanzas,GTMNERR,0,51.424,0,33.83,0,2.024,0,87,0,6.18,0,12.93,4.41,7.8,0,-72.9,5.51,22.589,0,4.72,0,1.206,0.78,0,3.22
4/13/2026,10:00, ,gtmfmwq_15E101700_032726_050000.bin,Fort Matanzas,GTMNERR,0,51.509,0,33.89,0,1.984,0,88.8,0,6.3,0,13.02,4.44,7.81,0,-73.5,5.51,22.689,0,5.04,0,1.2,0.82,0,3.37
4/13/2026,10:15, ,gtmfmwq_15E101700_032726_050000.bin,Fort Matanzas,GTMNERR,0,51.446,0,33.85,0,1.94,0,89.1,0,6.33,0,13.05,4.45,7.81,0,-73.6,5.52,22.611,0,5.06,0,1.194,0.69,0,2.84
4/13/2026,10:30, ,gtmfmwq_15E101700_032726_050000.bin,Fort Matanzas,GTMNERR,0,51.189,0,33.66,0,1.9,0,85.6,0,6.14,0,12.99,4.43,7.8,0,-73.2,5.51,22.122,0,5.21,0,1.2,0.68,0,2.8
4/13/2026,10:45, ,gtmfmwq_15E101700_032726_050000.bin,Fort Matanzas,GTMNERR,0,51.398,0,33.81,0,1.86,0,91.3,0,6.49,0,13.05,4.45,7.82,0,-74.1,5.51,22.629,0,6,0,1.189,0.89,0,3.66
4/13/2026,11:00, ,gtmfmwq_15E101700_032726_050000.bin,Fort Matanzas,GTMNERR,0,51.414,0,33.82,0,1.82,0,91.8,0,6.52,0,12.64,4.32,7.82,0,-74.2,5.52,22.707,0,5.65,0,1.188,0.87,0,3.57
4/13/2026,11:15, ,gtmfmwq_15E101700_032726_050000.bin,Fort Matanzas,GTMNERR,0,51.274,0,33.72,0,1.782,0,89,0,6.35,0,12.76,4.35,7.81,0,-73.6,5.5,22.414,0,6.02,0,1.192,0.79,0,3.24
4/13/2026,11:30, ,gtmfmwq_15E101700_032726_050000.bin,Fort Matanzas,GTMNERR,0,51.25,0,33.71,0,1.744,0,88.2,0,6.31,0,12.51,4.27,7.81,0,-73.6,5.51,22.317,0,7.21,0,1.194,0.76,0,3.13
4/13/2026,11:45, ,gtmfmwq_15E101700_032726_050000.bin,Fort Matanzas,GTMNERR,0,51.172,0,33.65,0,1.71,0,89.3,0,6.39,0,12.13,4.14,7.82,0,-74,5.51,22.315,0,7.28,0,1.195,0.88,0,3.63
4/13/2026,12:00, ,gtmfmwq_15E101700_032726_050000.bin,Fort Matanzas,GTMNERR,0,51.199,0,33.67,0,1.68,0,89.3,0,6.39,0,12.21,4.17,7.82,0,-74.2,5.52,22.281,0,7.27,0,1.195,0.84,0,3.47
4/13/2026,12:15, ,gtmfmwq_15E101700_032726_050000.bin,Fort Matanzas,GTMNERR,0,51.227,0,33.69,0,1.661,0,91.3,0,6.51,0,12.11,4.14,7.82,0,-74.6,5.51,22.419,0,8.16,0,1.195,0.99,0,4.07
4/13/2026,12:30, ,gtmfmwq_15E101700_032726_050000.bin,Fort Matanzas,GTMNERR,0,51.103,0,33.6,0,1.646,0,94.3,0,6.76,0,10.58,3.62,7.86,0,-76.8,5.51,22.185,0,10.76,0,1.192,1.05,0,4.28
4/13/2026,12:45, ,gtmfmwq_15E101700_032726_050000.bin,Fort Matanzas,GTMNERR,0,50.946,0,33.49,0,1.649,0,101.9,0,7.34,0,8.37,2.88,7.93,0,-80.6,5.5,21.938,0,14.48,0,1.19,1.29,0,5.27
4/13/2026,13:00, ,gtmfmwq_15E101700_032726_050000.bin,Fort Matanzas,GTMNERR,0,50.919,0,33.46,0,1.659,0,104.5,0,7.52,0,8.1,2.78,7.94,0,-81.3,5.51,22.067,0,12.78,0,1.19,1.22,0,4.97
4/13/2026,13:15, ,gtmfmwq_15E101700_032726_050000.bin,Fort Matanzas,GTMNERR,0,50.905,0,33.45,0,1.681,0,106,0,7.62,0,8.25,2.83,7.95,0,-81.9,5.51,22.117,0,10.39,0,1.188,1.24,0,5.06
4/13/2026,13:30, ,gtmfmwq_15E101700_032726_050000.bin,Fort Matanzas,GTMNERR,0,50.822,0,33.39,0,1.713,0,106.9,0,7.68,0,8.43,2.89,7.95,0,-82.3,5.51,22.128,0,9.22,0,1.198,1.25,0,5.09
4/13/2026,13:45, ,gtmfmwq_15E101700_032726_050000.bin,Fort Matanzas,GTMNERR,0,50.739,0,33.33,0,1.747,0,106.3,0,7.62,0,9.88,3.38,7.94,0,-81.7,5.51,22.292,0,10.19,0,1.204,1.46,0,5.94
4/13/2026,14:00, ,gtmfmwq_15E101700_032726_050000.bin,Fort Matanzas,GTMNERR,0,50.659,0,33.27,0,1.798,0,105.8,0,7.56,0,10.78,3.69,7.93,0,-81,5.51,22.507,0,11.95,0,1.2,1.6,0,6.51
4/13/2026,14:15, ,gtmfmwq_15E101700_032726_050000.bin,Fort Matanzas,GTMNERR,0,50.78,0,33.36,0,1.851,0,107.5,0,7.68,0,9.16,3.14,7.95,0,-82.1,5.52,22.461,0,9.48,0,1.194,1.38,0,5.63
4/13/2026,14:30, ,gtmfmwq_15E101700_032726_050000.bin,Fort Matanzas,GTMNERR,0,50.747,0,33.33,0,1.909,0,107.1,0,7.65,0,9.7,3.32,7.94,0,-81.7,5.5,22.465,0,8.76,0,1.206,1.41,0,5.75
4/13/2026,14:45, ,gtmfmwq_15E101700_032726_050000.bin,Fort Matanzas,GTMNERR,0,50.74,0,33.33,0,1.972,0,107,0,7.65,0,9.52,3.26,7.94,0,-81.7,5.51,22.438,0,8.55,0,1.201,1.41,0,5.76
4/13/2026,15:00, ,gtmfmwq_15E101700_032726_050000.bin,Fort Matanzas,GTMNERR,0,50.724,0,33.32,0,2.034,0,106.9,0,7.64,0,9.66,3.31,7.94,0,-81.5,5.51,22.462,0,7.08,0,1.193,1.34,0,5.45
4/13/2026,15:15, ,gtmfmwq_15E101700_032726_050000.bin,Fort Matanzas,GTMNERR,0,50.734,0,33.32,0,2.093,0,106.3,0,7.6,0,9.7,3.32,7.94,0,-81.4,5.5,22.462,0,6.46,0,1.188,1.22,0,4.99
4/13/2026,15:30, ,gtmfmwq_15E101700_032726_050000.bin,Fort Matanzas,GTMNERR,0,50.759,0,33.34,0,2.153,0,106.8,0,7.63,0,9.01,3.09,7.94,0,-81.4,5.51,22.464,0,6.9,0,1.194,1.2,0,4.91
4/13/2026,15:45, ,gtmfmwq_15E101700_032726_050000.bin,Fort Matanzas,GTMNERR,0,50.774,0,33.35,0,2.213,0,104.5,0,7.46,0,9.09,3.12,7.93,0,-81.1,5.51,22.48,0,5.86,0,1.196,0.98,0,4.01
4/13/2026,16:00, ,gtmfmwq_15E101700_032726_050000.bin,Fort Matanzas,GTMNERR,0,50.791,0,33.36,0,2.27,0,100.4,0,7.17,0,8.92,3.06,7.92,0,-80.1,5.5,22.494,0,4.68,0,1.195,0.89,0,3.67
4/13/2026,16:15, ,gtmfmwq_15E101700_032726_050000.bin,Fort Matanzas,GTMNERR,0,50.8,0,33.37,0,2.324,0,83.3,0,5.94,0,8.85,3.04,7.85,0,-76,5.51,22.507,0,7.68,0,1.205,0.59,0,2.44
4/13/2026,16:30, ,gtmfmwq_15E101700_032726_050000.bin,Fort Matanzas,GTMNERR,0,50.798,0,33.37,0,2.377,0,54.8,0,3.91,0,8.9,3.05,7.72,0,-68.6,5.51,22.502,0,4.96,0,1.194,0.47,0,1.97
4/13/2026,16:45, ,gtmfmwq_15E101700_032726_050000.bin,Fort Matanzas,GTMNERR,0,50.789,0,33.36,0,2.424,0,61.5,0,4.39,0,9.14,3.13,7.75,0,-70,5.51,22.504,0,4.89,0,1.188,0.62,0,2.57
4/13/2026,17:00, ,gtmfmwq_15E101700_032726_050000.bin,Fort Matanzas,GTMNERR,0,50.763,0,33.34,0,2.464,0,76.2,0,5.44,0,9.11,3.13,7.8,0,-72.9,5.51,22.476,0,4.54,0,1.197,0.71,0,2.95
4/13/2026,17:15, ,gtmfmwq_15E101700_032726_050000.bin,Fort Matanzas,GTMNERR,0,50.825,0,33.39,0,2.498,0,84,0,5.99,0,8.32,2.86,7.84,0,-75.7,5.5,22.496,0,3.8,0,1.191,0.82,0,3.38
4/13/2026,17:30, ,gtmfmwq_15E101700_032726_050000.bin,Fort Matanzas,GTMNERR,0,50.795,0,33.37,0,2.524,0,90.6,0,6.47,0,8.43,2.9,7.89,0,-78.3,5.51,22.528,0,4.18,0,1.198,0.91,0,3.72
4/13/2026,17:45, ,gtmfmwq_15E101700_032726_050000.bin,Fort Matanzas,GTMNERR,0,50.753,0,33.34,0,2.541,0,97.8,0,6.98,0,9.23,3.17,7.9,0,-79,5.5,22.541,0,5.43,0,1.199,0.98,0,4.03
4/13/2026,18:00, ,gtmfmwq_15E101700_032726_050000.bin,Fort Matanzas,GTMNERR,0,50.731,0,33.32,0,2.547,0,98.6,0,7.03,0,9.79,3.35,7.9,0,-79.2,5.51,22.627,0,4.76,0,1.188,1,0,4.1
4/13/2026,18:15, ,gtmfmwq_15E101700_032726_050000.bin,Fort Matanzas,GTMNERR,0,50.703,0,33.3,0,2.539,0,102.4,0,7.27,0,10.23,3.5,7.92,0,-80.6,5.51,22.822,0,5.97,0,1.2,1.32,0,5.36
4/13/2026,18:30, ,gtmfmwq_15E101700_032726_050000.bin,Fort Matanzas,GTMNERR,0,50.748,0,33.33,0,2.525,0,100.8,0,7.16,0,10.41,3.56,7.9,0,-79.4,5.5,22.806,0,6.4,0,1.195,1.34,0,5.48
4/13/2026,18:45, ,gtmfmwq_15E101700_032726_050000.bin,Fort Matanzas,GTMNERR,0,50.896,0,33.44,0,2.503,0,99.5,0,7.07,0,10.3,3.52,7.89,0,-78.7,5.5,22.729,0,8.06,0,1.198,1.36,0,5.56
4/13/2026,19:00, ,gtmfmwq_15E101700_032726_050000.bin,Fort Matanzas,GTMNERR,0,51.002,0,33.51,0,2.471,0,97.5,0,6.91,0,10.9,3.73,7.87,0,-77.5,5.51,22.907,0,9.42,0,1.201,1.7,0,6.89
4/13/2026,19:15, ,gtmfmwq_15E101700_032726_050000.bin,Fort Matanzas,GTMNERR,0,51.188,0,33.65,0,2.432,0,94.5,0,6.65,0,11.81,4.04,7.84,0,-75.6,5.51,23.198,0,9.23,0,1.2,1.97,0,8
4/13/2026,19:30, ,gtmfmwq_15E101700_032726_050000.bin,Fort Matanzas,GTMNERR,0,51.277,0,33.71,0,2.389,0,95.4,0,6.69,0,12.13,4.14,7.83,0,-75,5.5,23.411,0,9.4,0,1.201,1.73,0,7.03
4/13/2026,19:45, ,gtmfmwq_15E101700_032726_050000.bin,Fort Matanzas,GTMNERR,0,51.409,0,33.8,0,2.346,0,96.4,0,6.73,0,12.39,4.23,7.83,0,-74.9,5.51,23.584,0,8.59,0,1.204,1.88,0,7.63
4/13/2026,20:00, ,gtmfmwq_15E101700_032726_050000.bin,Fort Matanzas,GTMNERR,0,51.485,0,33.86,0,2.302,0,95.3,0,6.64,0,12.55,4.29,7.82,0,-74.4,5.51,23.749,0,8.72,0,1.204,1.3,0,5.29
4/13/2026,20:15, ,gtmfmwq_15E101700_032726_050000.bin,Fort Matanzas,GTMNERR,0,51.538,0,33.9,0,2.258,0,93.2,0,6.49,0,12.48,4.26,7.82,0,-74.2,5.5,23.762,0,9.48,0,1.201,1.61,0,6.55
4/13/2026,20:30, ,gtmfmwq_15E101700_032726_050000.bin,Fort Matanzas,GTMNERR,0,51.354,0,33.76,0,2.215,0,96.5,0,6.75,0,12.16,4.15,7.84,0,-75.9,5.51,23.59,0,25.09,0,1.205,1.73,0,7.02
4/13/2026,20:45, ,gtmfmwq_15E101700_032726_050000.bin,Fort Matanzas,GTMNERR,0,51.381,0,33.78,0,2.175,0,96.5,0,6.74,0,12.21,4.17,7.83,0,-74.9,5.51,23.65,0,7.06,0,1.196,1.19,0,4.88
4/13/2026,21:00, ,gtmfmwq_15E101700_032726_050000.bin,Fort Matanzas,GTMNERR,0,51.372,0,33.78,0,2.135,0,81.1,0,5.66,0,12.33,4.21,7.77,0,-71.2,5.5,23.613,0,6.08,0,1.189,0.83,0,3.42
4/13/2026,21:15, ,gtmfmwq_15E101700_032726_050000.bin,Fort Matanzas,GTMNERR,0,51.342,0,33.75,0,2.093,0,77.6,0,5.42,0,12.52,4.27,7.75,0,-70.2,5.51,23.569,0,5.09,0,1.195,0.93,0,3.8
4/13/2026,21:30, ,gtmfmwq_15E101700_032726_050000.bin,Fort Matanzas,GTMNERR,0,51.068,0,33.56,0,2.052,0,58.2,0,4.1,0,11.2,3.83,7.69,0,-66.5,5.51,23.176,0,6.14,0,1.195,0.62,0,2.58
4/13/2026,21:45, ,gtmfmwq_15E101700_032726_050000.bin,Fort Matanzas,GTMNERR,0,51.242,0,33.68,0,2.007,0,84.9,0,5.93,0,12.35,4.22,7.79,0,-72.8,5.51,23.69,0,4.85,0,1.205,1.37,0,5.57
4/13/2026,22:00, ,gtmfmwq_15E101700_032726_050000.bin,Fort Matanzas,GTMNERR,0,51.248,0,33.68,0,1.967,0,91,0,6.33,0,12.48,4.26,7.82,0,-74.6,5.5,23.864,0,4.83,0,1.2,1.13,0,4.62
4/13/2026,22:15, ,gtmfmwq_15E101700_032726_050000.bin,Fort Matanzas,GTMNERR,0,51.178,0,33.63,0,1.923,0,92.5,0,6.47,0,12.39,4.23,7.83,0,-75.2,5.51,23.617,0,5.19,0,1.197,1.17,0,4.76
4/13/2026,22:30, ,gtmfmwq_15E101700_032726_050000.bin,Fort Matanzas,GTMNERR,0,51.267,0,33.7,0,1.88,0,95.5,0,6.67,0,12.34,4.21,7.84,0,-75.6,5.52,23.637,0,5.57,0,1.201,1.32,0,5.39
4/13/2026,22:45, ,gtmfmwq_15E101700_032726_050000.bin,Fort Matanzas,GTMNERR,0,51.334,0,33.75,0,1.838,0,94.6,0,6.6,0,12.53,4.28,7.83,0,-74.9,5.5,23.701,0,4.89,0,1.192,1.22,0,4.99
4/13/2026,23:00, ,gtmfmwq_15E101700_032726_050000.bin,Fort Matanzas,GTMNERR,0,51.23,0,33.67,0,1.796,0,95.1,0,6.65,0,12.41,4.24,7.84,0,-75.7,5.51,23.536,0,6.29,0,1.197,1.36,0,5.55
4/13/2026,23:15, ,gtmfmwq_15E101700_032726_050000.bin,Fort Matanzas,GTMNERR,0,51.204,0,33.65,0,1.753,0,94.4,0,6.61,0,12.33,4.21,7.84,0,-75.9,5.52,23.501,0,6.25,0,1.195,1.29,0,5.25
4/13/2026,23:30, ,gtmfmwq_15E101700_032726_050000.bin,Fort Matanzas,GTMNERR,0,51.207,0,33.66,0,1.716,0,94.8,0,6.64,0,12.04,4.11,7.85,0,-76,5.5,23.473,0,6.1,0,1.189,1.28,0,5.24
4/13/2026,23:45, ,gtmfmwq_15E101700_032726_050000.bin,Fort Matanzas,GTMNERR,0,51.142,0,33.61,0,1.679,0,91.1,0,6.4,0,12.39,4.23,7.84,0,-75.7,5.51,23.309,0,6.83,0,1.205,1.19,0,4.85
4/14/2026,00:00, ,gtmfmwq_15E101700_032726_050000.bin,Fort Matanzas,GTMNERR,0,51.213,0,33.66,0,1.645,0,94.8,0,6.65,0,12.31,4.2,7.84,0,-75.8,5.51,23.437,0,6.19,0,1.201,1.42,0,5.77
4/14/2026,00:15, ,gtmfmwq_15E101700_032726_050000.bin,Fort Matanzas,GTMNERR,0,51.198,0,33.65,0,1.62,0,94.3,0,6.61,0,11.91,4.07,7.84,0,-75.9,5.5,23.443,0,7.83,0,1.202,1.4,0,5.68
4/14/2026,00:30, ,gtmfmwq_15E101700_032726_050000.bin,Fort Matanzas,GTMNERR,0,51.162,0,33.62,0,1.609,0,92.6,0,6.5,0,11.48,3.92,7.85,0,-76,5.5,23.365,0,12.05,0,1.198,1.44,0,5.88
4/14/2026,00:45, ,gtmfmwq_15E101700_032726_050000.bin,Fort Matanzas,GTMNERR,0,51.146,0,33.62,0,1.603,0,93.8,0,6.61,0,11.46,3.92,7.86,0,-76.7,5.51,23.196,0,8.95,0,1.195,1.45,0,5.92
4/14/2026,01:00, ,gtmfmwq_15E101700_032726_050000.bin,Fort Matanzas,GTMNERR,0,51.13,0,33.62,0,1.609,0,96.8,0,6.93,0,8.32,2.86,7.93,0,-81,5.5,22.278,0,10.62,0,1.202,1.45,0,5.89
4/14/2026,01:15, ,gtmfmwq_15E101700_032726_050000.bin,Fort Matanzas,GTMNERR,0,51.115,0,33.61,0,1.63,0,99.2,0,7.12,0,7.76,2.67,7.95,0,-82,5.5,22.171,0,8.16,0,1.195,1.41,0,5.75
4/14/2026,01:30, ,gtmfmwq_15E101700_032726_050000.bin,Fort Matanzas,GTMNERR,0,51.075,0,33.58,0,1.658,0,100.4,0,7.2,0,7.86,2.7,7.95,0,-82.3,5.5,22.178,0,7.38,0,1.193,1.41,0,5.73
4/14/2026,01:45, ,gtmfmwq_15E101700_032726_050000.bin,Fort Matanzas,GTMNERR,0,50.957,0,33.49,0,1.7,0,100,0,7.15,0,9.02,3.09,7.95,0,-81.8,5.51,22.355,0,8.32,0,1.194,1.61,0,6.52
4/14/2026,02:00, ,gtmfmwq_15E101700_032726_050000.bin,Fort Matanzas,GTMNERR,0,50.792,0,33.36,0,1.747,0,98.5,0,7.02,0,11.02,3.77,7.93,0,-80.6,5.5,22.566,0,9.71,0,1.193,1.76,0,7.14
4/14/2026,02:15, ,gtmfmwq_15E101700_032726_050000.bin,Fort Matanzas,GTMNERR,0,50.804,0,33.38,0,1.797,0,98.3,0,7.03,0,10.61,3.63,7.93,0,-80.7,5.5,22.435,0,8.47,0,1.195,1.58,0,6.41
4/14/2026,02:30, ,gtmfmwq_15E101700_032726_050000.bin,Fort Matanzas,GTMNERR,0,50.851,0,33.41,0,1.855,0,98.3,0,7.03,0,10.03,3.43,7.93,0,-80.9,5.51,22.358,0,8,0,1.189,1.52,0,6.18
4/14/2026,02:45, ,gtmfmwq_15E101700_032726_050000.bin,Fort Matanzas,GTMNERR,0,50.814,0,33.38,0,1.913,0,98,0,7,0,10.52,3.6,7.92,0,-80.4,5.5,22.423,0,7.56,0,1.188,1.41,0,5.74
4/14/2026,03:00, ,gtmfmwq_15E101700_032726_050000.bin,Fort Matanzas,GTMNERR,0,50.806,0,33.38,0,1.976,0,97.7,0,6.99,0,10.47,3.58,7.93,0,-80.7,5.5,22.43,0,7.15,0,1.201,1.47,0,5.96
4/14/2026,03:15, ,gtmfmwq_15E101700_032726_050000.bin,Fort Matanzas,GTMNERR,0,50.812,0,33.38,0,2.037,0,97.2,0,6.95,0,10.53,3.6,7.92,0,-80.1,5.51,22.4,0,7.01,0,1.206,1.47,0,5.98
4/14/2026,03:30, ,gtmfmwq_15E101700_032726_050000.bin,Fort Matanzas,GTMNERR,0,50.834,0,33.4,0,2.098,0,96.9,0,6.94,0,9.93,3.4,7.92,0,-80.4,5.49,22.321,0,6.73,0,1.201,1.39,0,5.68
4/14/2026,03:45, ,gtmfmwq_15E101700_032726_050000.bin,Fort Matanzas,GTMNERR,0,50.872,0,33.43,0,2.161,0,96.4,0,6.91,0,9.44,3.24,7.92,0,-80.3,5.5,22.242,0,5.68,0,1.196,1.16,0,4.72
4/14/2026,04:00, ,gtmfmwq_15E101700_032726_050000.bin,Fort Matanzas,GTMNERR,0,50.91,0,33.46,0,2.227,0,94.7,0,6.8,0,9.07,3.11,7.91,0,-79.9,5.5,22.152,0,5.68,0,1.202,1.11,0,4.53
4/14/2026,04:15, ,gtmfmwq_15E101700_032726_050000.bin,Fort Matanzas,GTMNERR,0,50.952,0,33.49,0,2.289,0,93.7,0,6.76,0,8.35,2.87,7.92,0,-80.4,5.51,21.867,0,4.61,0,1.191,1.13,0,4.6
4/14/2026,04:30, ,gtmfmwq_15E101700_032726_050000.bin,Fort Matanzas,GTMNERR,0,50.972,0,33.51,0,2.349,0,92.3,0,6.67,0,8.05,2.77,7.91,0,-79.8,5.5,21.732,0,5.08,0,1.196,1.01,0,4.15
4/14/2026,04:45, ,gtmfmwq_15E101700_032726_050000.bin,Fort Matanzas,GTMNERR,0,51.007,0,33.54,0,2.407,0,90.4,0,6.55,0,7.65,2.63,7.91,0,-79.5,5.5,21.558,0,4.54,0,1.196,0.87,0,3.57
4/14/2026,05:00, ,gtmfmwq_15E101700_032726_050000.bin,Fort Matanzas,GTMNERR,0,51.028,0,33.55,0,2.461,0,84.6,0,6.15,0,13.45,4.59,7.89,0,-78.3,5.51,21.477,0,9.47,0,1.187,0.63,0,2.62
4/14/2026,05:15, ,gtmfmwq_15E101700_032726_050000.bin,Fort Matanzas,GTMNERR,0,51.038,0,33.56,0,2.51,0,64.5,0,4.69,0,7.68,2.64,7.82,0,-73.9,5.5,21.448,0,8.67,0,1.206,0.51,0,2.15
4/14/2026,05:30, ,gtmfmwq_15E101700_032726_050000.bin,Fort Matanzas,GTMNERR,0,51.043,0,33.56,0,2.551,0,46.9,0,3.41,0,7.92,2.72,7.76,0,-70.3,5.5,21.434,0,8.34,0,1.2,0.92,0,3.78
4/14/2026,05:45, ,gtmfmwq_15E101700_032726_050000.bin,Fort Matanzas,GTMNERR,0,51.029,0,33.55,0,2.584,0,87.8,0,6.38,0,7.83,2.69,7.91,0,-79.5,5.5,21.487,0,6.17,0,1.198,1.07,0,4.38
4/14/2026,06:00, ,gtmfmwq_15E101700_032726_050000.bin,Fort Matanzas,GTMNERR,0,50.983,0,33.51,0,2.612,0,87.6,0,6.32,0,8.63,2.96,7.92,0,-79.9,5.49,21.858,0,6.12,0,1.189,1,0,4.09
4/14/2026,06:15, ,gtmfmwq_15E101700_032726_050000.bin,Fort Matanzas,GTMNERR,0,50.868,0,33.43,0,2.628,0,92.1,0,6.62,0,9.77,3.35,7.92,0,-80.3,5.5,22.122,0,6.66,0,1.195,1.41,0,5.75
4/14/2026,06:30, ,gtmfmwq_15E101700_032726_050000.bin,Fort Matanzas,GTMNERR,0,50.723,0,33.32,0,2.632,0,87.6,0,6.28,0,10.88,3.72,7.89,0,-78.2,5.5,22.309,0,6.98,0,1.196,0.99,0,4.04
4/14/2026,06:45, ,gtmfmwq_15E101700_032726_050000.bin,Fort Matanzas,GTMNERR,0,50.794,0,33.37,0,2.626,0,89.7,0,6.42,0,11.18,3.82,7.89,0,-78.3,5.49,22.37,0,6.45,0,1.201,1.11,0,4.54
4/14/2026,07:00, ,gtmfmwq_15E101700_032726_050000.bin,Fort Matanzas,GTMNERR,0,50.974,0,33.5,0,2.607,0,89.9,0,6.42,0,10.45,3.58,7.89,0,-78.6,5.5,22.382,0,6.2,0,1.195,1.35,0,5.49
4/14/2026,07:15, ,gtmfmwq_15E101700_032726_050000.bin,Fort Matanzas,GTMNERR,0,51.086,0,33.58,0,2.571,0,89.6,0,6.37,0,11,3.76,7.87,0,-77.4,5.5,22.696,0,8.75,0,1.19,1.1,0,4.5
4/14/2026,07:30, ,gtmfmwq_15E101700_032726_050000.bin,Fort Matanzas,GTMNERR,0,51.171,0,33.64,0,2.537,0,88.4,0,6.25,0,11.83,4.04,7.85,0,-76,5.5,22.979,0,11.89,0,1.207,1.1,0,4.48
4/14/2026,07:45, ,gtmfmwq_15E101700_032726_050000.bin,Fort Matanzas,GTMNERR,0,51.32,0,33.74,0,2.495,0,86.9,0,6.1,0,12.73,4.34,7.82,0,-74.5,5.5,23.285,0,9.32,0,1.205,0.97,0,3.98
4/14/2026,08:00, ,gtmfmwq_15E101700_032726_050000.bin,Fort Matanzas,GTMNERR,0,51.422,0,33.81,0,2.45,0,86.2,0,6.04,0,13.09,4.47,7.8,0,-73.6,5.5,23.434,0,10.87,0,1.203,0.99,0,4.06
4/14/2026,08:15, ,gtmfmwq_15E101700_032726_050000.bin,Fort Matanzas,GTMNERR,0,51.504,0,33.87,0,2.407,0,85.9,0,6.01,0,13.63,4.65,7.8,0,-73.1,5.5,23.492,0,8.7,0,1.199,0.96,0,3.92
4/14/2026,08:30, ,gtmfmwq_15E101700_032726_050000.bin,Fort Matanzas,GTMNERR,0,51.572,0,33.92,0,2.351,0,84.4,0,5.9,0,13.48,4.6,7.79,0,-72.7,5.5,23.516,0,9.57,0,1.188,0.92,0,3.79
4/14/2026,08:45, ,gtmfmwq_15E101700_032726_050000.bin,Fort Matanzas,GTMNERR,0,51.502,0,33.87,0,2.303,0,87.4,0,6.13,0,13.17,4.49,7.8,0,-73.5,5.5,23.382,0,8.76,0,1.195,0.98,0,4.01
4/14/2026,09:00, ,gtmfmwq_15E101700_032726_050000.bin,Fort Matanzas,GTMNERR,0,51.574,0,33.93,0,2.255,0,82.6,0,5.78,0,13.69,4.67,7.79,0,-72.9,5.51,23.514,0,7.78,0,1.202,0.93,0,3.81
4/14/2026,09:15, ,gtmfmwq_15E101700_032726_050000.bin,Fort Matanzas,GTMNERR,0,51.521,0,33.89,0,2.208,0,79.1,0,5.54,0,13.47,4.59,7.77,0,-71.3,5.49,23.429,0,4.86,0,1.197,0.66,0,2.74
4/14/2026,09:30, ,gtmfmwq_15E101700_032726_050000.bin,Fort Matanzas,GTMNERR,0,51.463,0,33.85,0,2.164,0,69.8,0,4.89,0,13.11,4.47,7.74,0,-69.4,5.5,23.433,0,6.93,0,1.206,0.68,0,2.83
4/14/2026,09:45, ,gtmfmwq_15E101700_032726_050000.bin,Fort Matanzas,GTMNERR,0,51.418,0,33.81,0,2.119,0,57.7,0,4.05,0,12.72,4.34,7.68,0,-65.8,5.5,23.418,0,6.21,0,1.197,0.61,0,2.54
4/14/2026,10:00, ,gtmfmwq_15E101700_032726_050000.bin,Fort Matanzas,GTMNERR,0,51.472,0,33.85,0,2.075,0,66.7,0,4.67,0,12.19,4.16,7.72,0,-68.3,5.5,23.427,0,15.97,0,1.188,0.9,0,3.71
4/14/2026,10:15, ,gtmfmwq_15E101700_032726_050000.bin,Fort Matanzas,GTMNERR,0,51.559,0,33.92,0,2.027,0,77.2,0,5.4,0,13.31,4.54,7.75,0,-70.1,5.5,23.481,0,4.43,0,1.195,0.57,0,2.37
4/14/2026,10:30, ,gtmfmwq_15E101700_032726_050000.bin,Fort Matanzas,GTMNERR,0,51.527,0,33.89,0,1.979,0,82.4,0,5.76,0,13.4,4.57,7.78,0,-72,5.5,23.521,0,4.22,0,1.187,0.7,0,2.88
4/14/2026,10:45, ,gtmfmwq_15E101700_032726_050000.bin,Fort Matanzas,GTMNERR,0,51.472,0,33.85,0,1.931,0,87.9,0,6.14,0,13.4,4.57,7.8,0,-73.6,5.5,23.573,0,5.41,0,1.205,0.94,0,3.88
4/14/2026,11:00, ,gtmfmwq_15E101700_032726_050000.bin,Fort Matanzas,GTMNERR,0,51.497,0,33.87,0,1.885,0,86.8,0,6.08,0,13.17,4.49,7.8,0,-73.6,5.5,23.466,0,4.77,0,1.195,0.76,0,3.11
4/14/2026,11:15, ,gtmfmwq_15E101700_032726_050000.bin,Fort Matanzas,GTMNERR,0,51.471,0,33.85,0,1.84,0,88.6,0,6.19,0,13.17,4.49,7.81,0,-73.7,5.5,23.636,0,5.46,0,1.188,0.85,0,3.49
4/14/2026,11:30, ,gtmfmwq_15E101700_032726_050000.bin,Fort Matanzas,GTMNERR,0,51.395,0,33.8,0,1.794,0,87.9,0,6.16,0,12.71,4.34,7.81,0,-74.1,5.5,23.366,0,8.63,0,1.189,0.97,0,3.98
4/14/2026,11:45, ,gtmfmwq_15E101700_032726_050000.bin,Fort Matanzas,GTMNERR,0,51.451,0,33.84,0,1.749,0,89.4,0,6.25,0,13.18,4.5,7.82,0,-74.2,5.49,23.49,0,5.41,0,1.193,0.92,0,3.77
4/14/2026,12:00, ,gtmfmwq_15E101700_032726_050000.bin,Fort Matanzas,GTMNERR,0,51.272,0,33.71,0,1.705,0,90.3,0,6.34,0,11.74,4.01,7.83,0,-74.8,5.5,23.302,0,7.25,0,1.189,0.89,0,3.65
4/14/2026,12:15, ,gtmfmwq_15E101700_032726_050000.bin,Fort Matanzas,GTMNERR,0,51.26,0,33.7,0,1.662,0,91.8,0,6.44,0,11.11,3.8,7.84,0,-75.4,5.5,23.363,0,6.69,0,1.199,0.92,0,3.78
4/14/2026,12:30, ,gtmfmwq_15E101700_032726_050000.bin,Fort Matanzas,GTMNERR,0,51.2,0,33.65,0,1.623,0,92.7,0,6.5,0,11.05,3.78,7.85,0,-76,5.49,23.413,0,6.6,0,1.2,0.9,0,3.68
4/14/2026,12:45, ,gtmfmwq_15E101700_032726_050000.bin,Fort Matanzas,GTMNERR,0,51.26,0,33.7,0,1.591,0,91.2,0,6.42,0,11.05,3.78,7.85,0,-75.9,5.5,23.156,0,7.22,0,1.204,1.03,0,4.22
4/14/2026,13:00, ,gtmfmwq_15E101700_032726_050000.bin,Fort Matanzas,GTMNERR,0,51.272,0,33.71,0,1.57,0,90.5,0,6.38,0,11.27,3.85,7.84,0,-75.6,5.5,23.14,0,10.4,0,1.19,1.12,0,4.58
4/14/2026,13:15, ,gtmfmwq_15E101700_032726_050000.bin,Fort Matanzas,GTMNERR,0,51.223,0,33.68,0,1.565,0,99.8,0,7.11,0,8.21,2.82,7.9,0,-79.4,5.5,22.55,0,15.21,0,1.199,1.45,0,5.89
4/14/2026,13:30, ,gtmfmwq_15E101700_032726_050000.bin,Fort Matanzas,GTMNERR,0,51.237,0,33.7,0,1.575,0,103.4,0,7.4,0,7.5,2.58,7.93,0,-80.8,5.5,22.283,0,12.26,0,1.188,1.41,0,5.76
4/14/2026,13:45, ,gtmfmwq_15E101700_032726_050000.bin,Fort Matanzas,GTMNERR,0,51.176,0,33.65,0,1.592,0,105,0,7.52,0,7.65,2.63,7.94,0,-81.2,5.5,22.285,0,11.83,0,1.189,1.48,0,6.03
4/14/2026,14:00, ,gtmfmwq_15E101700_032726_050000.bin,Fort Matanzas,GTMNERR,0,51.192,0,33.66,0,1.625,0,106.7,0,7.64,0,7.5,2.58,7.95,0,-81.8,5.5,22.273,0,9.98,0,1.2,1.46,0,5.92
4/14/2026,14:15, ,gtmfmwq_15E101700_032726_050000.bin,Fort Matanzas,GTMNERR,0,51.006,0,33.53,0,1.665,0,107.1,0,7.66,0,8.64,2.97,7.94,0,-81.7,5.49,22.372,0,10.34,0,1.195,1.47,0,5.97
4/14/2026,14:30, ,gtmfmwq_15E101700_032726_050000.bin,Fort Matanzas,GTMNERR,0,50.906,0,33.45,0,1.718,0,107.1,0,7.64,0,9.6,3.29,7.94,0,-81.3,5.49,22.534,0,11.21,0,1.199,1.79,0,7.26
4/14/2026,14:45, ,gtmfmwq_15E101700_032726_050000.bin,Fort Matanzas,GTMNERR,0,51.051,0,33.55,0,1.775,0,108.4,0,7.71,0,8.38,2.88,7.95,0,-82.1,5.5,22.631,0,10.23,0,1.201,1.66,0,6.72
4/14/2026,15:00, ,gtmfmwq_15E101700_032726_050000.bin,Fort Matanzas,GTMNERR,0,51.039,0,33.55,0,1.838,0,107.9,0,7.69,0,8.38,2.88,7.95,0,-81.9,5.49,22.49,0,9.05,0,1.189,1.64,0,6.67
4/14/2026,15:15, ,gtmfmwq_15E101700_032726_050000.bin,Fort Matanzas,GTMNERR,0,50.966,0,33.49,0,1.908,0,107.8,0,7.68,0,9.03,3.1,7.94,0,-81.7,5.49,22.542,0,8.72,0,1.192,1.74,0,7.07
4/14/2026,15:30, ,gtmfmwq_15E101700_032726_050000.bin,Fort Matanzas,GTMNERR,0,50.984,0,33.51,0,1.972,0,107.6,0,7.67,0,8.91,3.06,7.94,0,-81.6,5.5,22.53,0,8.05,0,1.202,1.67,0,6.78
4/14/2026,15:45, ,gtmfmwq_15E101700_032726_050000.bin,Fort Matanzas,GTMNERR,0,51.012,0,33.53,0,2.036,0,106.9,0,7.62,0,8.72,2.99,7.94,0,-81.4,5.49,22.535,0,8.38,0,1.195,1.56,0,6.35
4/14/2026,16:00, ,gtmfmwq_15E101700_032726_050000.bin,Fort Matanzas,GTMNERR,0,51.027,0,33.54,0,2.104,0,107.1,0,7.63,0,8.55,2.93,7.94,0,-81.3,5.49,22.572,0,6.89,0,1.189,1.58,0,6.41
4/14/2026,16:15, ,gtmfmwq_15E101700_032726_050000.bin,Fort Matanzas,GTMNERR,0,51.071,0,33.57,0,2.171,0,106.5,0,7.58,0,8.17,2.81,7.94,0,-81.4,5.5,22.583,0,7.06,0,1.193,1.57,0,6.39
4/14/2026,16:30, ,gtmfmwq_15E101700_032726_050000.bin,Fort Matanzas,GTMNERR,0,51.133,0,33.61,0,2.238,0,106.1,0,7.55,0,7.63,2.62,7.94,0,-81.4,5.5,22.617,0,6.95,0,1.2,1.4,0,5.71
4/14/2026,16:45, ,gtmfmwq_15E101700_032726_050000.bin,Fort Matanzas,GTMNERR,0,51.199,0,33.66,0,2.3,0,104.1,0,7.39,0,7.27,2.5,7.93,0,-81.2,5.49,22.675,0,5.96,0,1.194,1.23,0,5.02
4/14/2026,17:00, ,gtmfmwq_15E101700_032726_050000.bin,Fort Matanzas,GTMNERR,0,51.315,0,33.75,0,2.363,0,102.1,0,7.24,0,6.47,2.23,7.93,0,-80.9,5.49,22.77,0,7.39,0,1.194,1.26,0,5.12
4/14/2026,17:15, ,gtmfmwq_15E101700_032726_050000.bin,Fort Matanzas,GTMNERR,0,51.354,0,33.78,0,2.423,0,81,0,5.74,0,6.46,2.23,7.84,0,-75.7,5.5,22.809,0,4.43,0,1.201,0.49,0,2.04
4/14/2026,17:30, ,gtmfmwq_15E101700_032726_050000.bin,Fort Matanzas,GTMNERR,0,51.37,0,33.79,0,2.477,0,45.1,0,3.2,0,6.86,2.37,7.72,0,-68.4,5.49,22.818,0,4.21,0,1.199,0.91,0,3.73
4/14/2026,17:45, ,gtmfmwq_15E101700_032726_050000.bin,Fort Matanzas,GTMNERR,0,51.386,0,33.8,0,2.523,0,58.4,0,4.13,0,6.66,2.3,7.76,0,-70.7,5.49,22.808,0,5.64,0,1.195,0.64,0,2.66
4/14/2026,18:00, ,gtmfmwq_15E101700_032726_050000.bin,Fort Matanzas,GTMNERR,0,51.384,0,33.8,0,2.563,0,72,0,5.1,0,6.48,2.24,7.8,0,-73.2,5.5,22.821,0,4.39,0,1.202,0.66,0,2.73
4/14/2026,18:15, ,gtmfmwq_15E101700_032726_050000.bin,Fort Matanzas,GTMNERR,0,51.313,0,33.75,0,2.598,0,84.2,0,5.97,0,7.1,2.45,7.86,0,-76.6,5.48,22.802,0,4.46,0,1.189,0.79,0,3.24
4/14/2026,18:30, ,gtmfmwq_15E101700_032726_050000.bin,Fort Matanzas,GTMNERR,0,51.167,0,33.64,0,2.622,0,91.4,0,6.49,0,7.62,2.62,7.9,0,-79.3,5.49,22.721,0,5.23,0,1.188,1.07,0,4.37
4/14/2026,18:45, ,gtmfmwq_15E101700_032726_050000.bin,Fort Matanzas,GTMNERR,0,51.028,0,33.54,0,2.634,0,95.4,0,6.79,0,8.29,2.85,7.89,0,-78.7,5.49,22.642,0,4.7,0,1.203,1.29,0,5.25
4/14/2026,19:00, ,gtmfmwq_15E101700_032726_050000.bin,Fort Matanzas,GTMNERR,0,50.982,0,33.5,0,2.638,0,99,0,7.03,0,9.08,3.12,7.92,0,-80,5.5,22.736,0,5.75,0,1.2,1.66,0,6.75
4/14/2026,19:15, ,gtmfmwq_15E101700_032726_050000.bin,Fort Matanzas,GTMNERR,0,50.979,0,33.5,0,2.627,0,101,0,7.16,0,9.34,3.2,7.91,0,-79.6,5.49,22.825,0,7.65,0,1.195,1.84,0,7.45
4/14/2026,19:30, ,gtmfmwq_15E101700_032726_050000.bin,Fort Matanzas,GTMNERR,0,51.111,0,33.59,0,2.6,0,99.3,0,7.02,0,9.33,3.2,7.9,0,-78.9,5.49,22.974,0,8.45,0,1.2,1.89,0,7.66
4/14/2026,19:45, ,gtmfmwq_15E101700_032726_050000.bin,Fort Matanzas,GTMNERR,0,51.202,0,33.65,0,2.573,0,98.1,0,6.88,0,10.08,3.45,7.88,0,-77.9,5.5,23.38,0,10.11,0,1.194,2.23,0,9.04
4/14/2026,20:00, ,gtmfmwq_15E101700_032726_050000.bin,Fort Matanzas,GTMNERR,0,51.275,0,33.7,0,2.535,0,96.9,0,6.76,0,10.82,3.7,7.86,0,-76.9,5.49,23.715,0,11.33,0,1.197,2.21,0,8.93
4/14/2026,20:15, ,gtmfmwq_15E101700_032726_050000.bin,Fort Matanzas,GTMNERR,0,51.369,0,33.76,0,2.491,0,94.1,0,6.51,0,11.54,3.94,7.84,0,-75.6,5.49,24.136,0,13.76,0,1.189,1.85,0,7.51
4/14/2026,20:30, ,gtmfmwq_15E101700_032726_050000.bin,Fort Matanzas,GTMNERR,0,51.471,0,33.83,0,2.452,0,92.9,0,6.39,0,12.61,4.3,7.82,0,-74.6,5.5,24.549,0,11.16,0,1.193,1.63,0,6.63
4/14/2026,20:45, ,gtmfmwq_15E101700_032726_050000.bin,Fort Matanzas,GTMNERR,0,51.568,0,33.9,0,2.402,0,94,0,6.44,0,12.81,4.37,7.82,0,-74.7,5.49,24.653,0,11.59,0,1.2,2.06,0,8.34
4/14/2026,21:00, ,gtmfmwq_15E101700_032726_050000.bin,Fort Matanzas,GTMNERR,0,51.6,0,33.92,0,2.349,0,91.8,0,6.28,0,13.19,4.5,7.81,0,-73.8,5.49,24.766,0,10.63,0,1.195,1.59,0,6.48
4/14/2026,21:15, ,gtmfmwq_15E101700_032726_050000.bin,Fort Matanzas,GTMNERR,0,51.633,0,33.94,0,2.297,0,94.3,0,6.44,0,13.15,4.49,7.81,0,-74.1,5.5,24.829,0,11.32,0,1.196,1.94,0,7.86
4/14/2026,21:30, ,gtmfmwq_15E101700_032726_050000.bin,Fort Matanzas,GTMNERR,0,51.668,0,33.97,0,2.247,0,88.4,0,6.03,0,13.73,4.68,7.78,0,-72.3,5.5,24.877,0,7.82,0,1.194,1.39,0,5.67
4/14/2026,21:45, ,gtmfmwq_15E101700_032726_050000.bin,Fort Matanzas,GTMNERR,0,51.637,0,33.95,0,2.198,0,83.4,0,5.69,0,13.67,4.66,7.76,0,-71.1,5.49,24.841,0,7.35,0,1.205,1,0,4.1
4/14/2026,22:00, ,gtmfmwq_15E101700_032726_050000.bin,Fort Matanzas,GTMNERR,0,51.146,0,33.62,0,2.149,0,93.4,0,6.59,0,10.55,3.61,7.86,0,-76.8,5.49,23.037,0,7.88,0,1.2,1.83,0,7.43
4/14/2026,22:15, ,gtmfmwq_15E101700_032726_050000.bin,Fort Matanzas,GTMNERR,0,51.478,0,33.85,0,2.102,0,92.7,0,6.46,0,11.77,4.02,7.84,0,-75.5,5.5,23.659,0,7.85,0,1.205,1.84,0,7.45
4/14/2026,22:30, ,gtmfmwq_15E101700_032726_050000.bin,Fort Matanzas,GTMNERR,0,51.447,0,33.82,0,2.052,0,91.8,0,6.35,0,12.63,4.31,7.82,0,-74.3,5.49,24.181,0,6.6,0,1.201,1.54,0,6.25
4/14/2026,22:45, ,gtmfmwq_15E101700_032726_050000.bin,Fort Matanzas,GTMNERR,0,51.444,0,33.82,0,2.005,0,91.5,0,6.33,0,12.33,4.21,7.82,0,-74.4,5.49,24.152,0,7.83,0,1.189,1.48,0,6.03
4/14/2026,23:00, ,gtmfmwq_15E101700_032726_050000.bin,Fort Matanzas,GTMNERR,0,51.515,0,33.87,0,1.958,0,91.5,0,6.32,0,13.03,4.45,7.81,0,-74.3,5.5,24.253,0,5.53,0,1.188,1.31,0,5.32
4/14/2026,23:15, ,gtmfmwq_15E101700_032726_050000.bin,Fort Matanzas,GTMNERR,0,51.523,0,33.87,0,1.911,0,91.9,0,6.34,0,12.9,4.4,7.82,0,-74.5,5.49,24.308,0,5.91,0,1.207,1.52,0,6.17
4/14/2026,23:30, ,gtmfmwq_15E101700_032726_050000.bin,Fort Matanzas,GTMNERR,0,51.508,0,33.86,0,1.865,0,92.2,0,6.36,0,12.95,4.42,7.82,0,-74.7,5.49,24.308,0,6.13,0,1.198,1.58,0,6.41
4/14/2026,23:45, ,gtmfmwq_15E101700_032726_050000.bin,Fort Matanzas,GTMNERR,0,51.505,0,33.86,0,1.819,0,93.7,0,6.46,0,12.82,4.38,7.83,0,-75,5.5,24.281,0,7.31,0,1.195,1.56,0,6.36
4/15/2026,00:00, ,gtmfmwq_15E101700_032726_050000.bin,Fort Matanzas,GTMNERR,0,51.418,0,33.8,0,1.774,0,93.4,0,6.48,0,12.37,4.22,7.84,0,-75.9,5.49,24.003,0,5.99,0,1.192,1.42,0,5.8
4/15/2026,00:15, ,gtmfmwq_15E101700_032726_050000.bin,Fort Matanzas,GTMNERR,0,51.394,0,33.79,0,1.731,0,91.6,0,6.37,0,12.3,4.2,7.85,0,-76.4,5.49,23.843,0,6.66,0,1.188,1.28,0,5.24
4/15/2026,00:30, ,gtmfmwq_15E101700_032726_050000.bin,Fort Matanzas,GTMNERR,0,51.441,0,33.82,0,1.69,0,90.7,0,6.31,0,12.27,4.19,7.84,0,-75.8,5.49,23.794,0,6.54,0,1.198,1.38,0,5.61
4/15/2026,00:45, ,gtmfmwq_15E101700_032726_050000.bin,Fort Matanzas,GTMNERR,0,51.438,0,33.82,0,1.65,0,88.5,0,6.17,0,12.2,4.17,7.84,0,-75.5,5.49,23.687,0,7.59,0,1.202,1.28,0,5.2
4/15/2026,01:00, ,gtmfmwq_15E101700_032726_050000.bin,Fort Matanzas,GTMNERR,0,51.336,0,33.75,0,1.615,0,90.9,0,6.36,0,11,3.76,7.86,0,-76.9,5.49,23.512,0,8.68,0,1.189,1.28,0,5.22
4/15/2026,01:15, ,gtmfmwq_15E101700_032726_050000.bin,Fort Matanzas,GTMNERR,0,51.357,0,33.76,0,1.586,0,91.5,0,6.4,0,11.04,3.78,7.86,0,-76.8,5.49,23.568,0,8.94,0,1.198,1.31,0,5.34
4/15/2026,01:30, ,gtmfmwq_15E101700_032726_050000.bin,Fort Matanzas,GTMNERR,0,51.365,0,33.77,0,1.566,0,91.4,0,6.4,0,11.06,3.78,7.86,0,-76.8,5.5,23.502,0,9.08,0,1.194,1.5,0,6.1
4/15/2026,01:45, ,gtmfmwq_15E101700_032726_050000.bin,Fort Matanzas,GTMNERR,0,51.43,0,33.83,0,1.558,0,93.9,0,6.64,0,8.85,3.04,7.9,0,-79.4,5.48,22.9,0,9.81,0,1.188,1.33,0,5.43
4/15/2026,02:00, ,gtmfmwq_15E101700_032726_050000.bin,Fort Matanzas,GTMNERR,0,51.415,0,33.82,0,1.568,0,96,0,6.82,0,8.18,2.81,7.92,0,-80.4,5.48,22.639,0,8.57,0,1.194,1.28,0,5.2
4/15/2026,02:15, ,gtmfmwq_15E101700_032726_050000.bin,Fort Matanzas,GTMNERR,0,51.384,0,33.8,0,1.591,0,97.9,0,6.96,0,7.96,2.74,7.94,0,-81.3,5.49,22.58,0,8.87,0,1.206,1.31,0,5.35
4/15/2026,02:30, ,gtmfmwq_15E101700_032726_050000.bin,Fort Matanzas,GTMNERR,0,51.373,0,33.79,0,1.625,0,99.8,0,7.1,0,7.55,2.6,7.95,0,-82,5.48,22.563,0,7.8,0,1.187,1.28,0,5.21
4/15/2026,02:45, ,gtmfmwq_15E101700_032726_050000.bin,Fort Matanzas,GTMNERR,0,51.237,0,33.69,0,1.666,0,99.7,0,7.08,0,8.35,2.87,7.95,0,-81.9,5.48,22.692,0,9.04,0,1.188,1.48,0,6.03
4/15/2026,03:00, ,gtmfmwq_15E101700_032726_050000.bin,Fort Matanzas,GTMNERR,0,51.153,0,33.63,0,1.709,0,98.8,0,7,0,8.99,3.09,7.94,0,-81.5,5.49,22.804,0,9.84,0,1.198,1.58,0,6.43
4/15/2026,03:15, ,gtmfmwq_15E101700_032726_050000.bin,Fort Matanzas,GTMNERR,0,51.252,0,33.7,0,1.768,0,97.8,0,6.95,0,8,2.75,7.94,0,-81.6,5.49,22.636,0,8.27,0,1.188,1.39,0,5.66
4/15/2026,03:30, ,gtmfmwq_15E101700_032726_050000.bin,Fort Matanzas,GTMNERR,0,51.279,0,33.72,0,1.83,0,98.3,0,6.99,0,7.89,2.71,7.95,0,-81.8,5.48,22.603,0,6.87,0,1.192,1.45,0,5.88
4/15/2026,03:45, ,gtmfmwq_15E101700_032726_050000.bin,Fort Matanzas,GTMNERR,0,51.214,0,33.67,0,1.903,0,97.9,0,6.96,0,8.56,2.94,7.93,0,-81.1,5.48,22.674,0,7.42,0,1.194,1.44,0,5.87
4/15/2026,04:00, ,gtmfmwq_15E101700_032726_050000.bin,Fort Matanzas,GTMNERR,0,51.212,0,33.67,0,1.972,0,98,0,6.97,0,8.5,2.92,7.94,0,-81.5,5.49,22.657,0,6.2,0,1.198,1.41,0,5.73
4/15/2026,04:15, ,gtmfmwq_15E101700_032726_050000.bin,Fort Matanzas,GTMNERR,0,51.235,0,33.69,0,2.038,0,97.9,0,6.96,0,8.37,2.88,7.93,0,-81,5.48,22.616,0,6.11,0,1.203,1.38,0,5.63
4/15/2026,04:30, ,gtmfmwq_15E101700_032726_050000.bin,Fort Matanzas,GTMNERR,0,51.261,0,33.71,0,2.103,0,97,0,6.9,0,8.04,2.76,7.93,0,-81.2,5.48,22.58,0,5.89,0,1.198,1.33,0,5.41
4/15/2026,04:45, ,gtmfmwq_15E101700_032726_050000.bin,Fort Matanzas,GTMNERR,0,51.308,0,33.75,0,2.168,0,97,0,6.91,0,7.73,2.66,7.94,0,-81.4,5.49,22.507,0,5.67,0,1.188,1.16,0,4.75
4/15/2026,05:00, ,gtmfmwq_15E101700_032726_050000.bin,Fort Matanzas,GTMNERR,0,51.312,0,33.75,0,2.233,0,94,0,6.69,0,7.79,2.68,7.92,0,-80.2,5.48,22.484,0,5.7,0,1.196,0.99,0,4.04
4/15/2026,05:15, ,gtmfmwq_15E101700_032726_050000.bin,Fort Matanzas,GTMNERR,0,51.342,0,33.77,0,2.297,0,92.3,0,6.59,0,7.39,2.54,7.92,0,-80.4,5.48,22.354,0,5.21,0,1.197,1.01,0,4.14
4/15/2026,05:30, ,gtmfmwq_15E101700_032726_050000.bin,Fort Matanzas,GTMNERR,0,51.402,0,33.82,0,2.36,0,90.9,0,6.51,0,6.99,2.41,7.92,0,-80.2,5.49,22.125,0,5.88,0,1.201,1.19,0,4.87
4/15/2026,05:45, ,gtmfmwq_15E101700_032726_050000.bin,Fort Matanzas,GTMNERR,0,51.431,0,33.84,0,2.418,0,87.1,0,6.25,0,6.83,2.36,7.9,0,-78.9,5.49,22.05,0,4.96,0,1.201,0.81,0,3.32
4/15/2026,06:00, ,gtmfmwq_15E101700_032726_050000.bin,Fort Matanzas,GTMNERR,0,51.442,0,33.85,0,2.471,0,67.8,0,4.87,0,6.92,2.38,7.83,0,-74.9,5.48,22.037,0,5.49,0,1.204,0.74,0,3.04
4/15/2026,06:15, ,gtmfmwq_15E101700_032726_050000.bin,Fort Matanzas,GTMNERR,0,51.462,0,33.87,0,2.515,0,76.3,0,5.48,0,6.23,2.15,7.88,0,-77.8,5.48,21.956,0,26.26,0,1.206,2.66,0,10.74
4/15/2026,06:30, ,gtmfmwq_15E101700_032726_050000.bin,Fort Matanzas,GTMNERR,0,51.487,0,33.89,0,2.551,0,61.9,0,4.45,0,6.92,2.38,7.81,0,-73.4,5.49,21.912,0,6.24,0,1.206,0.8,0,3.27
4/15/2026,06:45, ,gtmfmwq_15E101700_032726_050000.bin,Fort Matanzas,GTMNERR,0,51.45,0,33.86,0,2.581,0,90,0,6.45,0,7.05,2.43,7.94,0,-81.6,5.48,22.071,0,4.99,0,1.206,1.12,0,4.57
4/15/2026,07:00, ,gtmfmwq_15E101700_032726_050000.bin,Fort Matanzas,GTMNERR,0,51.345,0,33.78,0,2.602,0,90.4,0,6.46,0,7.69,2.65,7.92,0,-80.3,5.48,22.346,0,5.13,0,1.205,0.97,0,3.99
4/15/2026,07:15, ,gtmfmwq_15E101700_032726_050000.bin,Fort Matanzas,GTMNERR,0,51.213,0,33.68,0,2.609,0,92.2,0,6.57,0,8.52,2.93,7.92,0,-80.4,5.48,22.549,0,6.91,0,1.194,1.2,0,4.89
4/15/2026,07:30, ,gtmfmwq_15E101700_032726_050000.bin,Fort Matanzas,GTMNERR,0,51.157,0,33.63,0,2.61,0,89.3,0,6.36,0,9.21,3.16,7.9,0,-79,5.47,22.597,0,6.29,0,1.189,1.05,0,4.29
4/15/2026,07:45, ,gtmfmwq_15E101700_032726_050000.bin,Fort Matanzas,GTMNERR,0,51.203,0,33.67,0,2.586,0,91,0,6.47,0,9.27,3.18,7.91,0,-79.5,5.48,22.655,0,8.28,0,1.2,1.11,0,4.54
4/15/2026,08:00, ,gtmfmwq_15E101700_032726_050000.bin,Fort Matanzas,GTMNERR,0,51.334,0,33.76,0,2.553,0,89.7,0,6.36,0,9.69,3.32,7.89,0,-78.4,5.49,22.81,0,8.03,0,1.198,1.08,0,4.42
