Date,Time,F_Record,FILENAME,SITENAME,USERID,FAULTCODE,SpCond,F_SpCond,Sal,F_Sal,Depth,F_Depth,DO_pct,F_DO_pct,DO_mgl,F_DO_mgl,fDOMQSU,fDOMRFU,pH,F_pH,pHmV,BATTERY,Temp,F_Temp,Turb,F_Turb,WIPERPOSITIONVOLT,ChlFluor,F_ChlFluor,Chlorophyllug/L
3/4/2026,10:45, ,gtmfmwq_24G103006_030426_050000.bin,Fort Matanzas,GTMNERR,0,52.276,<0> (CND),34.48,<0> (CND),2.701,<0> (CND),95.3,<0> (CND),7.4,<0> (CND),8.71,3.78,7.96,<0> (CND),-83.6,5.98,17.559,<0> (CND),6,<0> (CND),1.229,1.09,<0> (CND),4.33
3/4/2026,11:00, ,gtmfmwq_24G103006_030426_050000.bin,Fort Matanzas,GTMNERR,0,52.182,0,34.41,0,2.657,0,94.8,0,7.32,0,9.77,4.14,7.95,0,-82.9,5.99,17.905,0,5.54,0,1.22,1.02,0,4.04
3/4/2026,11:15, ,gtmfmwq_24G103006_030426_050000.bin,Fort Matanzas,GTMNERR,0,52.083,0,34.34,0,2.613,0,94.1,0,7.22,0,10.83,4.49,7.94,0,-82.1,5.98,18.2,0,5.74,0,1.218,0.93,0,3.66
3/4/2026,11:30, ,gtmfmwq_24G103006_030426_050000.bin,Fort Matanzas,GTMNERR,0,51.976,0,34.26,0,2.56,0,93.4,0,7.14,0,11.84,4.83,7.92,0,-81.3,5.98,18.478,0,6.05,0,1.216,0.85,0,3.34
3/4/2026,11:45, ,gtmfmwq_24G103006_030426_050000.bin,Fort Matanzas,GTMNERR,0,51.898,0,34.2,0,2.502,0,93,0,7.08,0,12.62,5.09,7.91,0,-80.7,5.98,18.672,0,4.82,0,1.228,0.81,0,3.18
3/4/2026,12:00, ,gtmfmwq_24G103006_030426_050000.bin,Fort Matanzas,GTMNERR,0,51.857,0,34.17,0,2.44,0,92.9,0,7.06,0,12.98,5.21,7.91,0,-80.8,5.97,18.777,0,4.82,0,1.232,0.86,0,3.4
3/4/2026,12:15, ,gtmfmwq_24G103006_030426_050000.bin,Fort Matanzas,GTMNERR,0,51.834,0,34.16,0,2.377,0,93.6,0,7.11,0,13.07,5.24,7.91,0,-80.6,5.98,18.85,0,4.09,0,1.234,0.79,0,3.12
3/4/2026,12:30, ,gtmfmwq_24G103006_030426_050000.bin,Fort Matanzas,GTMNERR,0,51.853,0,34.17,0,2.321,0,91.3,0,6.93,0,12.83,5.16,7.9,0,-80.3,5.97,18.873,0,3.49,0,1.231,0.7,0,2.73
3/4/2026,12:45, ,gtmfmwq_24G103006_030426_050000.bin,Fort Matanzas,GTMNERR,0,51.857,0,34.17,0,2.265,0,88.2,0,6.69,0,12.74,5.13,7.89,0,-79.1,5.98,18.884,0,3.87,0,1.227,0.6,0,2.33
3/4/2026,13:00, ,gtmfmwq_24G103006_030426_050000.bin,Fort Matanzas,GTMNERR,0,51.973,0,34.26,0,2.209,0,87.3,0,6.63,0,11.68,4.77,7.92,0,-80.9,5.99,18.833,0,3.19,0,1.234,0.5,0,1.94
3/4/2026,13:15, ,gtmfmwq_24G103006_030426_050000.bin,Fort Matanzas,GTMNERR,0,52.162,0,34.4,0,2.154,0,101,0,7.66,0,9.55,4.06,7.97,0,-84.3,5.98,18.839,0,3.22,0,1.226,1.16,0,4.61
3/4/2026,13:30, ,gtmfmwq_24G103006_030426_050000.bin,Fort Matanzas,GTMNERR,0,52.105,0,34.36,0,2.097,0,97.7,0,7.42,0,9.66,4.1,7.96,0,-83.5,5.99,18.791,0,4.72,0,1.221,0.83,0,3.26
3/4/2026,13:45, ,gtmfmwq_24G103006_030426_050000.bin,Fort Matanzas,GTMNERR,0,52.117,0,34.37,0,2.04,0,99.5,0,7.55,0,10.16,4.27,7.95,0,-83.2,5.98,18.828,0,2.88,0,1.218,0.73,0,2.86
3/4/2026,14:00, ,gtmfmwq_24G103006_030426_050000.bin,Fort Matanzas,GTMNERR,0,51.813,0,34.14,0,1.987,0,99.8,0,7.57,0,10.16,4.27,7.95,0,-83,5.99,18.874,0,148.41,0,1.221,0.62,0,2.44
3/4/2026,14:15, ,gtmfmwq_24G103006_030426_050000.bin,Fort Matanzas,GTMNERR,0,52.064,0,34.33,0,1.934,0,99.4,0,7.53,0,10.69,4.44,7.95,0,-82.9,5.99,18.907,0,2.91,0,1.218,0.75,0,2.97
3/4/2026,14:30, ,gtmfmwq_24G103006_030426_050000.bin,Fort Matanzas,GTMNERR,0,51.994,0,34.28,0,1.883,0,99.6,0,7.53,0,10.96,4.53,7.95,0,-83,5.98,19.043,0,2.86,0,1.221,0.77,0,3.03
3/4/2026,14:45, ,gtmfmwq_24G103006_030426_050000.bin,Fort Matanzas,GTMNERR,0,52.069,0,34.33,0,1.83,0,99.7,0,7.56,0,10.59,4.41,7.96,0,-83.3,5.99,18.898,0,2.93,0,1.224,0.84,0,3.31
3/4/2026,15:00, ,gtmfmwq_24G103006_030426_050000.bin,Fort Matanzas,GTMNERR,0,52.124,0,34.37,0,1.778,0,101.7,0,7.67,0,10.23,4.29,7.96,0,-83.4,5.99,19.151,0,3.08,0,1.221,0.77,0,3.02
3/4/2026,15:15, ,gtmfmwq_24G103006_030426_050000.bin,Fort Matanzas,GTMNERR,0,52.244,0,34.46,0,1.728,0,104.5,0,7.84,0,9.68,4.11,7.96,0,-83.8,5.98,19.429,0,3.13,0,1.226,0.72,0,2.81
3/4/2026,15:30, ,gtmfmwq_24G103006_030426_050000.bin,Fort Matanzas,GTMNERR,0,52.234,0,34.45,0,1.679,0,106.4,0,7.94,0,9.78,4.14,7.96,0,-83.8,5.98,19.681,0,3.04,0,1.233,0.63,0,2.48
3/4/2026,15:45, ,gtmfmwq_24G103006_030426_050000.bin,Fort Matanzas,GTMNERR,0,52.188,0,34.42,0,1.629,0,106.3,0,7.94,0,9.87,4.17,7.97,0,-84,5.97,19.669,0,3.24,0,1.223,0.72,0,2.84
3/4/2026,16:00, ,gtmfmwq_24G103006_030426_050000.bin,Fort Matanzas,GTMNERR,0,52.229,0,34.45,0,1.585,0,107.2,0,7.99,0,9.42,4.02,7.97,0,-84.5,5.98,19.72,0,3.11,0,1.217,0.7,0,2.73
3/4/2026,16:15, ,gtmfmwq_24G103006_030426_050000.bin,Fort Matanzas,GTMNERR,0,52.269,0,34.48,0,1.548,0,106.9,0,8.02,0,8.84,3.83,7.99,0,-85.2,5.98,19.404,0,3.37,0,1.223,0.75,0,2.95
3/4/2026,16:30, ,gtmfmwq_24G103006_030426_050000.bin,Fort Matanzas,GTMNERR,0,52.201,0,34.43,0,1.526,0,105.1,0,7.93,0,9.03,3.89,7.98,0,-85,5.98,19.108,0,3.49,0,1.223,0.85,0,3.35
3/4/2026,16:45, ,gtmfmwq_24G103006_030426_050000.bin,Fort Matanzas,GTMNERR,0,52.332,0,34.53,0,1.521,0,109.8,0,8.34,0,7.21,3.28,8.03,0,-87.5,5.98,18.713,0,5.52,0,1.232,0.99,0,3.92
3/4/2026,17:00, ,gtmfmwq_24G103006_030426_050000.bin,Fort Matanzas,GTMNERR,0,52.368,0,34.55,0,1.534,0,110.9,0,8.51,0,6.41,3.01,8.06,0,-89.1,5.97,18.167,0,6.49,0,1.225,1.2,0,4.75
3/4/2026,17:15, ,gtmfmwq_24G103006_030426_050000.bin,Fort Matanzas,GTMNERR,0,52.346,0,34.53,0,1.567,0,110.6,0,8.5,0,6.44,3.02,8.06,0,-89.2,5.98,18.124,0,6.22,0,1.218,1.24,0,4.95
3/4/2026,17:30, ,gtmfmwq_24G103006_030426_050000.bin,Fort Matanzas,GTMNERR,0,52.346,0,34.53,0,1.611,0,110.7,0,8.52,0,6.19,2.94,8.07,0,-89.6,5.97,17.97,0,5.66,0,1.217,1.27,0,5.05
3/4/2026,17:45, ,gtmfmwq_24G103006_030426_050000.bin,Fort Matanzas,GTMNERR,0,52.325,0,34.52,0,1.666,0,110,0,8.46,0,6.2,2.94,8.06,0,-89.4,5.97,18.05,0,6.41,0,1.226,1.39,0,5.52
3/4/2026,18:00, ,gtmfmwq_24G103006_030426_050000.bin,Fort Matanzas,GTMNERR,0,52.306,0,34.5,0,1.74,0,110,0,8.46,0,6.05,2.89,8.07,0,-89.8,5.97,18.036,0,5.79,0,1.223,1.46,0,5.82
3/4/2026,18:15, ,gtmfmwq_24G103006_030426_050000.bin,Fort Matanzas,GTMNERR,0,52.343,0,34.53,0,1.811,0,109.7,0,8.48,0,5.89,2.84,8.07,0,-89.9,5.97,17.82,0,6.33,0,1.224,1.52,0,6.05
3/4/2026,18:30, ,gtmfmwq_24G103006_030426_050000.bin,Fort Matanzas,GTMNERR,0,52.329,0,34.52,0,1.89,0,109.4,0,8.44,0,6.12,2.91,8.07,0,-89.6,5.97,17.9,0,5.88,0,1.222,1.55,0,6.17
3/4/2026,18:45, ,gtmfmwq_24G103006_030426_050000.bin,Fort Matanzas,GTMNERR,0,52.339,0,34.53,0,1.966,0,108.8,0,8.42,0,6.09,2.91,8.07,0,-89.6,5.95,17.749,0,5.01,0,1.217,1.44,0,5.72
3/4/2026,19:00, ,gtmfmwq_24G103006_030426_050000.bin,Fort Matanzas,GTMNERR,0,52.347,0,34.53,0,2.044,0,108.8,0,8.44,0,5.97,2.87,8.07,0,-89.8,5.95,17.625,0,5.42,0,1.228,1.32,0,5.24
3/4/2026,19:15, ,gtmfmwq_24G103006_030426_050000.bin,Fort Matanzas,GTMNERR,0,52.362,0,34.54,0,2.117,0,108.7,0,8.44,0,5.63,2.75,8.08,0,-90,5.96,17.55,0,4.79,0,1.223,1.39,0,5.52
3/4/2026,19:30, ,gtmfmwq_24G103006_030426_050000.bin,Fort Matanzas,GTMNERR,0,52.354,0,34.53,0,2.192,0,107.4,0,8.35,0,5.65,2.76,8.07,0,-90,5.95,17.486,0,4.74,0,1.222,1.41,0,5.6
3/4/2026,19:45, ,gtmfmwq_24G103006_030426_050000.bin,Fort Matanzas,GTMNERR,0,52.34,0,34.52,0,2.268,0,106.1,0,8.26,0,5.78,2.8,8.07,0,-90,5.96,17.386,0,3.96,0,1.221,1.43,0,5.68
3/4/2026,20:00, ,gtmfmwq_24G103006_030426_050000.bin,Fort Matanzas,GTMNERR,0,52.304,0,34.49,0,2.349,0,105.2,0,8.22,0,5.57,2.73,8.08,0,-90,5.95,17.241,0,4.54,0,1.224,1.39,0,5.53
3/4/2026,20:15, ,gtmfmwq_24G103006_030426_050000.bin,Fort Matanzas,GTMNERR,0,52.301,0,34.49,0,2.427,0,104.7,0,8.19,0,5.68,2.77,8.07,0,-89.8,5.94,17.15,0,3.4,0,1.218,1.51,0,6.01
3/4/2026,20:30, ,gtmfmwq_24G103006_030426_050000.bin,Fort Matanzas,GTMNERR,0,52.277,0,34.47,0,2.495,0,103.4,0,8.12,0,5.66,2.76,8.07,0,-89.5,5.95,17.002,0,3.15,0,1.22,1.08,0,4.3
3/4/2026,20:45, ,gtmfmwq_24G103006_030426_050000.bin,Fort Matanzas,GTMNERR,0,52.264,0,34.46,0,2.561,0,101.9,0,8.01,0,5.42,2.68,8.07,0,-89.5,5.93,16.932,0,3.13,0,1.221,1.16,0,4.6
3/4/2026,21:00, ,gtmfmwq_24G103006_030426_050000.bin,Fort Matanzas,GTMNERR,0,52.262,0,34.46,0,2.618,0,96.1,0,7.56,0,5.38,2.67,8.04,0,-87.8,5.94,16.907,0,2.38,0,1.219,0.65,0,2.57
3/4/2026,21:15, ,gtmfmwq_24G103006_030426_050000.bin,Fort Matanzas,GTMNERR,0,52.264,0,34.46,0,2.668,0,82,0,6.45,0,5.55,2.72,7.97,0,-83.8,5.93,16.911,0,2.29,0,1.231,0.38,0,1.46
3/4/2026,21:30, ,gtmfmwq_24G103006_030426_050000.bin,Fort Matanzas,GTMNERR,0,52.261,0,34.46,0,2.707,0,73.2,0,5.76,0,5.74,2.79,7.95,0,-82.8,5.93,16.913,0,2.8,0,1.223,0.51,0,1.99
3/4/2026,21:45, ,gtmfmwq_24G103006_030426_050000.bin,Fort Matanzas,GTMNERR,0,52.261,0,34.46,0,2.733,0,87,0,6.84,0,5.81,2.81,8,0,-85.6,5.93,16.913,0,6.99,0,1.215,0.71,0,2.79
3/4/2026,22:00, ,gtmfmwq_24G103006_030426_050000.bin,Fort Matanzas,GTMNERR,0,52.271,0,34.47,0,2.749,0,96.3,0,7.57,0,5.85,2.82,8.04,0,-87.9,5.92,16.962,0,2.97,0,1.215,0.87,0,3.44
3/4/2026,22:15, ,gtmfmwq_24G103006_030426_050000.bin,Fort Matanzas,GTMNERR,0,52.322,0,34.51,0,2.754,0,99.4,0,7.79,0,5.81,2.81,8.06,0,-89.1,5.93,17.081,0,3.48,0,1.229,0.88,0,3.48
3/4/2026,22:30, ,gtmfmwq_24G103006_030426_050000.bin,Fort Matanzas,GTMNERR,0,52.327,0,34.52,0,2.741,0,104.5,0,8.1,0,6.37,3,8.06,0,-89,5.9,17.664,0,3.41,0,1.227,0.98,0,3.87
3/4/2026,22:45, ,gtmfmwq_24G103006_030426_050000.bin,Fort Matanzas,GTMNERR,0,52.325,0,34.52,0,2.712,0,106.2,0,8.19,0,6.42,3.02,8.06,0,-89.1,5.91,17.901,0,3.87,0,1.219,1.19,0,4.73
3/4/2026,23:00, ,gtmfmwq_24G103006_030426_050000.bin,Fort Matanzas,GTMNERR,0,52.311,0,34.51,0,2.666,0,106.4,0,8.16,0,7.26,3.3,8.04,0,-88.4,5.91,18.213,0,4.19,0,1.221,1.29,0,5.15
3/4/2026,23:15, ,gtmfmwq_24G103006_030426_050000.bin,Fort Matanzas,GTMNERR,0,52.286,0,34.49,0,2.615,0,105.2,0,8.01,0,8.09,3.58,8.02,0,-86.9,5.89,18.642,0,4.77,0,1.222,1.23,0,4.9
3/4/2026,23:30, ,gtmfmwq_24G103006_030426_050000.bin,Fort Matanzas,GTMNERR,0,52.229,0,34.45,0,2.567,0,104,0,7.86,0,9.09,3.91,8,0,-85.7,5.89,18.999,0,5.01,0,1.229,1.2,0,4.76
3/4/2026,23:45, ,gtmfmwq_24G103006_030426_050000.bin,Fort Matanzas,GTMNERR,0,52.175,0,34.41,0,2.52,0,103.1,0,7.75,0,10.31,4.32,7.98,0,-84.7,5.89,19.299,0,5.01,0,1.233,1.16,0,4.62
3/5/2026,0:00, ,gtmfmwq_24G103006_030426_050000.bin,Fort Matanzas,GTMNERR,0,52.102,0,34.36,0,2.463,0,102,0,7.63,0,11.07,4.57,7.96,0,-83.9,5.88,19.551,0,4.69,0,1.232,1.12,0,4.46
3/5/2026,0:15, ,gtmfmwq_24G103006_030426_050000.bin,Fort Matanzas,GTMNERR,0,52.048,0,34.32,0,2.402,0,101,0,7.55,0,11.59,4.74,7.95,0,-83.4,5.88,19.659,0,4.67,0,1.227,1.12,0,4.46
3/5/2026,0:30, ,gtmfmwq_24G103006_030426_050000.bin,Fort Matanzas,GTMNERR,0,52.021,0,34.3,0,2.347,0,101.1,0,7.54,0,12.05,4.9,7.95,0,-83.3,5.88,19.763,0,4.14,0,1.221,1.23,0,4.88
3/5/2026,0:45, ,gtmfmwq_24G103006_030426_050000.bin,Fort Matanzas,GTMNERR,0,52.003,0,34.28,0,2.292,0,97.7,0,7.29,0,12.07,4.91,7.94,0,-82.3,5.88,19.753,0,3.52,0,1.226,1.07,0,4.24
3/5/2026,1:00, ,gtmfmwq_24G103006_030426_050000.bin,Fort Matanzas,GTMNERR,0,52.008,0,34.29,0,2.239,0,92.8,0,6.93,0,12.21,4.95,7.91,0,-80.8,5.88,19.732,0,3.03,0,1.233,0.62,0,2.43
3/5/2026,1:15, ,gtmfmwq_24G103006_030426_050000.bin,Fort Matanzas,GTMNERR,0,52.108,0,34.36,0,2.184,0,99,0,7.48,0,10.51,4.38,7.97,0,-84.3,5.88,19.045,0,3.96,0,1.233,0.94,0,3.73
3/5/2026,1:30, ,gtmfmwq_24G103006_030426_050000.bin,Fort Matanzas,GTMNERR,0,52.198,0,34.43,0,2.128,0,99.1,0,7.52,0,10.12,4.25,7.97,0,-84.3,5.87,18.806,0,4.25,0,1.224,0.9,0,3.56
3/5/2026,1:45, ,gtmfmwq_24G103006_030426_050000.bin,Fort Matanzas,GTMNERR,0,52.169,0,34.41,0,2.075,0,94.5,0,7.16,0,10.28,4.31,7.95,0,-83,5.87,18.875,0,2.48,0,1.216,0.88,0,3.46
3/5/2026,2:00, ,gtmfmwq_24G103006_030426_050000.bin,Fort Matanzas,GTMNERR,0,52.141,0,34.39,0,2.022,0,98,0,7.41,0,10.46,4.37,7.96,0,-83.8,5.88,19.033,0,2.5,0,1.221,0.94,0,3.72
3/5/2026,2:15, ,gtmfmwq_24G103006_030426_050000.bin,Fort Matanzas,GTMNERR,0,52.143,0,34.39,0,1.968,0,98.5,0,7.44,0,10.23,4.29,7.97,0,-84,5.87,19.028,0,2.59,0,1.234,0.88,0,3.48
3/5/2026,2:30, ,gtmfmwq_24G103006_030426_050000.bin,Fort Matanzas,GTMNERR,0,52.134,0,34.38,0,1.918,0,98.7,0,7.45,0,10.67,4.44,7.97,0,-83.9,5.87,19.116,0,2.9,0,1.234,0.89,0,3.53
3/5/2026,2:45, ,gtmfmwq_24G103006_030426_050000.bin,Fort Matanzas,GTMNERR,0,52.166,0,34.4,0,1.866,0,97.9,0,7.4,0,10.37,4.34,7.97,0,-84,5.88,19.039,0,3.11,0,1.218,0.87,0,3.42
3/5/2026,3:00, ,gtmfmwq_24G103006_030426_050000.bin,Fort Matanzas,GTMNERR,0,52.16,0,34.4,0,1.815,0,98.5,0,7.44,0,10.4,4.35,7.97,0,-84.1,5.87,19.05,0,2.93,0,1.218,0.96,0,3.81
3/5/2026,3:15, ,gtmfmwq_24G103006_030426_050000.bin,Fort Matanzas,GTMNERR,0,52.162,0,34.4,0,1.765,0,99.2,0,7.49,0,10.67,4.44,7.97,0,-84.2,5.88,19.07,0,3.03,0,1.222,0.87,0,3.42
3/5/2026,3:30, ,gtmfmwq_24G103006_030426_050000.bin,Fort Matanzas,GTMNERR,0,52.174,0,34.41,0,1.715,0,98.3,0,7.44,0,10.42,4.35,7.97,0,-84.1,5.87,18.921,0,2.82,0,1.223,0.86,0,3.4
3/5/2026,3:45, ,gtmfmwq_24G103006_030426_050000.bin,Fort Matanzas,GTMNERR,0,52.198,0,34.43,0,1.665,0,95.3,0,7.25,0,10.13,4.26,7.96,0,-83.7,5.87,18.675,0,3.09,0,1.222,0.82,0,3.24
3/5/2026,4:00, ,gtmfmwq_24G103006_030426_050000.bin,Fort Matanzas,GTMNERR,0,52.195,0,34.42,0,1.617,0,94.4,0,7.19,0,10.36,4.33,7.96,0,-83.3,5.87,18.557,0,3.12,0,1.219,0.79,0,3.09
3/5/2026,4:15, ,gtmfmwq_24G103006_030426_050000.bin,Fort Matanzas,GTMNERR,0,52.207,0,34.43,0,1.571,0,90.7,0,6.94,0,10.86,4.5,7.94,0,-82.3,5.86,18.346,0,3.25,0,1.227,0.74,0,2.9
3/5/2026,4:30, ,gtmfmwq_24G103006_030426_050000.bin,Fort Matanzas,GTMNERR,0,52.218,0,34.44,0,1.534,0,93,0,7.12,0,10.05,4.23,7.96,0,-83.3,5.87,18.332,0,3.36,0,1.231,0.76,0,2.99
3/5/2026,4:45, ,gtmfmwq_24G103006_030426_050000.bin,Fort Matanzas,GTMNERR,0,52.23,0,34.45,0,1.508,0,95.2,0,7.29,0,9.33,3.99,7.97,0,-84.3,5.86,18.327,0,4.29,0,1.226,0.75,0,2.94
3/5/2026,5:00, ,gtmfmwq_24G103006_030426_050000.bin,Fort Matanzas,GTMNERR,0,52.211,0,34.43,0,1.496,0,94.5,0,7.27,0,9.2,3.94,7.98,0,-84.6,5.86,18.015,0,5.9,0,1.221,0.85,0,3.36
3/5/2026,5:15, ,gtmfmwq_24G103006_030426_050000.bin,Fort Matanzas,GTMNERR,0,52.235,0,34.44,0,1.514,0,95.5,0,7.47,0,8.12,3.58,8.01,0,-86.2,5.88,17.145,0,4.78,0,1.216,1.03,0,4.06
3/5/2026,5:30, ,gtmfmwq_24G103006_030426_050000.bin,Fort Matanzas,GTMNERR,0,52.19,0,34.41,0,1.542,0,99.3,0,7.78,0,7.23,3.29,8.04,0,-87.9,5.84,17.114,0,5.68,0,1.219,1.22,0,4.83
3/5/2026,5:45, ,gtmfmwq_24G103006_030426_050000.bin,Fort Matanzas,GTMNERR,0,52.203,0,34.42,0,1.586,0,99.7,0,7.83,0,7.17,3.27,8.04,0,-88.1,5.85,17.009,0,5.02,0,1.227,1.17,0,4.67
3/5/2026,6:00, ,gtmfmwq_24G103006_030426_050000.bin,Fort Matanzas,GTMNERR,0,52.189,0,34.41,0,1.643,0,100.2,0,7.84,0,6.96,3.2,8.04,0,-88.2,5.84,17.212,0,6.15,0,1.233,1.3,0,5.16
3/5/2026,6:15, ,gtmfmwq_24G103006_030426_050000.bin,Fort Matanzas,GTMNERR,0,52.164,0,34.39,0,1.704,0,99.8,0,7.79,0,7.05,3.23,8.04,0,-88,5.85,17.333,0,6.68,0,1.223,1.23,0,4.87
3/5/2026,6:30, ,gtmfmwq_24G103006_030426_050000.bin,Fort Matanzas,GTMNERR,0,52.215,0,34.43,0,1.767,0,100.3,0,7.87,0,6.52,3.05,8.05,0,-88.6,5.86,17.036,0,5.74,0,1.217,1.25,0,4.96
3/5/2026,6:45, ,gtmfmwq_24G103006_030426_050000.bin,Fort Matanzas,GTMNERR,0,52.197,0,34.41,0,1.839,0,99.6,0,7.81,0,6.98,3.2,8.04,0,-88.2,5.85,17.124,0,5.99,0,1.232,1.27,0,5.04
3/5/2026,7:00, ,gtmfmwq_24G103006_030426_050000.bin,Fort Matanzas,GTMNERR,0,52.194,0,34.41,0,1.912,0,100,0,7.84,0,6.79,3.14,8.05,0,-88.4,5.86,17.111,0,5.71,0,1.231,1.23,0,4.89
3/5/2026,7:15, ,gtmfmwq_24G103006_030426_050000.bin,Fort Matanzas,GTMNERR,0,52.194,0,34.41,0,1.986,0,100,0,7.86,0,6.65,3.09,8.05,0,-88.6,5.85,16.963,0,4.66,0,1.22,1.14,0,4.51
3/5/2026,7:30, ,gtmfmwq_24G103006_030426_050000.bin,Fort Matanzas,GTMNERR,0,52.189,0,34.41,0,2.058,0,100.3,0,7.89,0,6.45,3.03,8.06,0,-88.7,5.85,16.874,0,4.03,0,1.219,1.03,0,4.06
3/5/2026,7:45, ,gtmfmwq_24G103006_030426_050000.bin,Fort Matanzas,GTMNERR,0,52.193,0,34.41,0,2.129,0,100.5,0,7.92,0,6.25,2.96,8.06,0,-89,5.86,16.787,0,4.36,0,1.222,1.06,0,4.19
3/5/2026,8:00, ,gtmfmwq_24G103006_030426_050000.bin,Fort Matanzas,GTMNERR,0,52.182,0,34.4,0,2.203,0,100.4,0,7.92,0,6.23,2.95,8.06,0,-89,5.85,16.724,0,3.53,0,1.23,1.14,0,4.51
3/5/2026,8:15, ,gtmfmwq_24G103006_030426_050000.bin,Fort Matanzas,GTMNERR,0,52.174,0,34.39,0,2.269,0,100.4,0,7.94,0,6.24,2.96,8.06,0,-89,5.86,16.684,0,3.19,0,1.229,1.1,0,4.35
3/5/2026,8:30, ,gtmfmwq_24G103006_030426_050000.bin,Fort Matanzas,GTMNERR,0,52.17,0,34.39,0,2.334,0,100,0,7.91,0,6.13,2.92,8.06,0,-88.8,5.85,16.669,0,3.58,0,1.22,1.03,0,4.09
3/5/2026,8:45, ,gtmfmwq_24G103006_030426_050000.bin,Fort Matanzas,GTMNERR,0,52.165,0,34.38,0,2.394,0,97.9,0,7.74,0,6.2,2.94,8.04,0,-87.8,5.85,16.672,0,3.22,0,1.22,0.97,0,3.85
3/5/2026,9:00, ,gtmfmwq_24G103006_030426_050000.bin,Fort Matanzas,GTMNERR,0,52.176,0,34.39,0,2.461,0,83.2,0,6.58,0,5.91,2.84,7.97,0,-83.9,5.85,16.685,0,3.19,0,1.228,0.56,0,2.18
3/5/2026,9:15, ,gtmfmwq_24G103006_030426_050000.bin,Fort Matanzas,GTMNERR,0,52.179,0,34.39,0,2.516,0,71.2,0,5.63,0,6.04,2.89,7.93,0,-81.6,5.84,16.698,0,3.15,0,1.228,0.62,0,2.43
3/5/2026,9:30, ,gtmfmwq_24G103006_030426_050000.bin,Fort Matanzas,GTMNERR,0,52.182,0,34.4,0,2.567,0,75.9,0,6,0,6.11,2.91,7.95,0,-82.5,5.85,16.698,0,3.33,0,1.231,0.38,0,1.46
3/5/2026,9:45, ,gtmfmwq_24G103006_030426_050000.bin,Fort Matanzas,GTMNERR,0,52.186,0,34.4,0,2.603,0,85.4,0,6.74,0,6.19,2.94,7.99,0,-85,5.85,16.719,0,2.74,0,1.23,0.59,0,2.32
3/5/2026,10:00, ,gtmfmwq_24G103006_030426_050000.bin,Fort Matanzas,GTMNERR,0,52.203,0,34.41,0,2.627,0,90.7,0,7.16,0,6.02,2.88,8.01,0,-86.2,5.84,16.727,0,3.66,0,1.225,0.56,0,2.18
3/5/2026,10:15, ,gtmfmwq_24G103006_030426_050000.bin,Fort Matanzas,GTMNERR,0,52.182,0,34.4,0,2.639,0,94.4,0,7.44,0,6.37,3,8.03,0,-87.2,5.85,16.807,0,3.14,0,1.221,0.87,0,3.45
3/5/2026,10:30, ,gtmfmwq_24G103006_030426_050000.bin,Fort Matanzas,GTMNERR,0,52.18,0,34.4,0,2.643,0,96.1,0,7.55,0,6.58,3.07,8.03,0,-87.6,5.84,17.024,0,3.34,0,1.233,0.66,0,2.59
3/5/2026,10:45, ,gtmfmwq_24G103006_030426_050000.bin,Fort Matanzas,GTMNERR,0,52.199,0,34.42,0,2.628,0,98.6,0,7.69,0,6.86,3.16,8.04,0,-87.9,5.85,17.367,0,4.46,0,1.224,0.92,0,3.65
3/5/2026,11:00, ,gtmfmwq_24G103006_030426_050000.bin,Fort Matanzas,GTMNERR,0,52.179,0,34.4,0,2.596,0,98.6,0,7.67,0,7.31,3.31,8.03,0,-87.4,5.84,17.504,0,4.41,0,1.222,0.96,0,3.78
3/5/2026,11:15, ,gtmfmwq_24G103006_030426_050000.bin,Fort Matanzas,GTMNERR,0,52.212,0,34.43,0,2.548,0,97.7,0,7.56,0,8.07,3.57,8.01,0,-86.4,5.84,17.786,0,4.03,0,1.226,0.92,0,3.63
3/5/2026,11:30, ,gtmfmwq_24G103006_030426_050000.bin,Fort Matanzas,GTMNERR,0,52.194,0,34.42,0,2.502,0,96,0,7.37,0,8.82,3.82,7.99,0,-85.1,5.85,18.166,0,4.24,0,1.224,0.82,0,3.22
3/5/2026,11:45, ,gtmfmwq_24G103006_030426_050000.bin,Fort Matanzas,GTMNERR,0,52.186,0,34.42,0,2.461,0,94.8,0,7.23,0,9.47,4.03,7.97,0,-84.1,5.86,18.531,0,4.08,0,1.226,0.76,0,3
3/5/2026,12:00, ,gtmfmwq_24G103006_030426_050000.bin,Fort Matanzas,GTMNERR,0,52.16,0,34.4,0,2.403,0,94.6,0,7.16,0,10.23,4.29,7.95,0,-83.2,5.89,18.913,0,4.29,0,1.221,0.76,0,3.01
3/5/2026,12:15, ,gtmfmwq_24G103006_030426_050000.bin,Fort Matanzas,GTMNERR,0,52.127,0,34.38,0,2.347,0,93.4,0,7.04,0,10.69,4.44,7.94,0,-82.5,5.9,19.197,0,4.76,0,1.215,0.75,0,2.94
3/5/2026,12:30, ,gtmfmwq_24G103006_030426_050000.bin,Fort Matanzas,GTMNERR,0,52.085,0,34.34,0,2.289,0,93.3,0,7,0,11.23,4.62,7.93,0,-81.8,5.9,19.413,0,4.2,0,1.22,0.74,0,2.93
3/5/2026,12:45, ,gtmfmwq_24G103006_030426_050000.bin,Fort Matanzas,GTMNERR,0,52.086,0,34.34,0,2.231,0,92.2,0,6.92,0,11.14,4.59,7.92,0,-81.3,5.91,19.478,0,4.47,0,1.229,0.69,0,2.71
3/5/2026,13:00, ,gtmfmwq_24G103006_030426_050000.bin,Fort Matanzas,GTMNERR,0,52.076,0,34.34,0,2.178,0,95.6,0,7.15,0,11.49,4.71,7.93,0,-82.1,5.9,19.589,0,3.66,0,1.227,0.82,0,3.22
3/5/2026,13:15, ,gtmfmwq_24G103006_030426_050000.bin,Fort Matanzas,GTMNERR,0,52.132,0,34.38,0,2.124,0,97.7,0,7.32,0,10.83,4.49,7.95,0,-82.9,5.91,19.474,0,3.33,0,1.218,0.71,0,2.8
3/5/2026,13:30, ,gtmfmwq_24G103006_030426_050000.bin,Fort Matanzas,GTMNERR,0,52.091,0,34.35,0,2.071,0,94.9,0,7.1,0,10.69,4.44,7.94,0,-82.4,5.89,19.589,0,3.51,0,1.225,0.84,0,3.31
3/5/2026,13:45, ,gtmfmwq_24G103006_030426_050000.bin,Fort Matanzas,GTMNERR,0,52.201,0,34.43,0,2.017,0,107.2,0,8.06,0,7.09,3.24,8.02,0,-87,5.89,19.273,0,3.1,0,1.225,0.48,0,1.85
3/5/2026,14:00, ,gtmfmwq_24G103006_030426_050000.bin,Fort Matanzas,GTMNERR,0,52.114,0,34.37,0,1.964,0,100.6,0,7.54,0,9.67,4.1,7.97,0,-84.1,5.9,19.492,0,3.25,0,1.22,0.74,0,2.91
3/5/2026,14:15, ,gtmfmwq_24G103006_030426_050000.bin,Fort Matanzas,GTMNERR,0,52.102,0,34.36,0,1.911,0,99.3,0,7.43,0,10.48,4.37,7.95,0,-83.2,5.89,19.59,0,2.84,0,1.224,0.83,0,3.29
3/5/2026,14:30, ,gtmfmwq_24G103006_030426_050000.bin,Fort Matanzas,GTMNERR,0,52.14,0,34.38,0,1.859,0,100.5,0,7.51,0,9.94,4.19,7.96,0,-83.7,5.9,19.608,0,3.33,0,1.228,0.76,0,2.97
3/5/2026,14:45, ,gtmfmwq_24G103006_030426_050000.bin,Fort Matanzas,GTMNERR,0,52.164,0,34.4,0,1.808,0,102,0,7.63,0,9.11,3.92,7.97,0,-84.2,5.89,19.58,0,3.24,0,1.229,0.65,0,2.56
3/5/2026,15:00, ,gtmfmwq_24G103006_030426_050000.bin,Fort Matanzas,GTMNERR,0,52.121,0,34.37,0,1.758,0,100,0,7.5,0,9.84,4.16,7.96,0,-83.9,5.89,19.457,0,3.22,0,1.233,0.78,0,3.08
3/5/2026,15:15, ,gtmfmwq_24G103006_030426_050000.bin,Fort Matanzas,GTMNERR,0,52.141,0,34.38,0,1.707,0,103.3,0,7.7,0,9.43,4.02,7.97,0,-84.2,5.9,19.773,0,3.6,0,1.226,0.83,0,3.27
3/5/2026,15:30, ,gtmfmwq_24G103006_030426_050000.bin,Fort Matanzas,GTMNERR,0,52.167,0,34.4,0,1.657,0,104.5,0,7.78,0,8.89,3.84,7.97,0,-84.6,5.89,19.832,0,3.14,0,1.214,0.7,0,2.76
3/5/2026,15:45, ,gtmfmwq_24G103006_030426_050000.bin,Fort Matanzas,GTMNERR,0,52.114,0,34.36,0,1.607,0,105.8,0,7.83,0,9.09,3.91,7.97,0,-84.4,5.9,20.188,0,3.83,0,1.218,0.75,0,2.93
3/5/2026,16:00, ,gtmfmwq_24G103006_030426_050000.bin,Fort Matanzas,GTMNERR,0,52.088,0,34.34,0,1.558,0,104.1,0,7.71,0,9.41,4.02,7.97,0,-84.3,5.88,20.169,0,3.27,0,1.232,0.86,0,3.39
3/5/2026,16:15, ,gtmfmwq_24G103006_030426_050000.bin,Fort Matanzas,GTMNERR,0,52.143,0,34.39,0,1.513,0,103.5,0,7.71,0,9.23,3.95,7.97,0,-84.4,5.88,19.775,0,3.27,0,1.226,0.85,0,3.35
3/5/2026,16:30, ,gtmfmwq_24G103006_030426_050000.bin,Fort Matanzas,GTMNERR,0,52.173,0,34.41,0,1.475,0,105.6,0,7.87,0,8.74,3.79,7.98,0,-85.1,5.89,19.783,0,3.24,0,1.223,0.83,0,3.26
3/5/2026,16:45, ,gtmfmwq_24G103006_030426_050000.bin,Fort Matanzas,GTMNERR,0,52.171,0,34.41,0,1.438,0,105.8,0,7.88,0,8.53,3.72,7.98,0,-85.1,5.88,19.811,0,3.48,0,1.221,0.88,0,3.48
3/5/2026,17:00, ,gtmfmwq_24G103006_030426_050000.bin,Fort Matanzas,GTMNERR,0,52.182,0,34.42,0,1.419,0,108.6,0,8.15,0,7.72,3.45,8.02,0,-87.1,5.88,19.354,0,5.01,0,1.216,1.03,0,4.1
3/5/2026,17:15, ,gtmfmwq_24G103006_030426_050000.bin,Fort Matanzas,GTMNERR,0,52.167,0,34.4,0,1.42,0,110.8,0,8.39,0,6.65,3.09,8.05,0,-88.8,5.87,18.953,0,9.68,0,1.22,1.43,0,5.71
3/5/2026,17:30, ,gtmfmwq_24G103006_030426_050000.bin,Fort Matanzas,GTMNERR,0,52.159,0,34.4,0,1.445,0,110.9,0,8.39,0,6.67,3.1,8.05,0,-89,5.86,18.933,0,8.82,0,1.226,1.48,0,5.89
3/5/2026,17:45, ,gtmfmwq_24G103006_030426_050000.bin,Fort Matanzas,GTMNERR,0,52.166,0,34.4,0,1.482,0,110.9,0,8.39,0,6.72,3.12,8.05,0,-89.1,5.87,18.916,0,7.45,0,1.231,1.37,0,5.46
3/5/2026,18:00, ,gtmfmwq_24G103006_030426_050000.bin,Fort Matanzas,GTMNERR,0,52.121,0,34.37,0,1.537,0,109.9,0,8.33,0,6.97,3.2,8.05,0,-88.9,5.86,18.869,0,8.95,0,1.226,1.57,0,6.26
3/5/2026,18:15, ,gtmfmwq_24G103006_030426_050000.bin,Fort Matanzas,GTMNERR,0,52.054,0,34.32,0,1.596,0,109.3,0,8.23,0,7.36,3.33,8.04,0,-88.2,5.86,19.209,0,9.7,0,1.222,1.77,0,7.05
3/5/2026,18:30, ,gtmfmwq_24G103006_030426_050000.bin,Fort Matanzas,GTMNERR,0,52.073,0,34.34,0,1.664,0,109.5,0,8.26,0,7.06,3.23,8.04,0,-88.6,5.86,19.148,0,8.75,0,1.222,1.76,0,7.03
3/5/2026,18:45, ,gtmfmwq_24G103006_030426_050000.bin,Fort Matanzas,GTMNERR,0,52.079,0,34.34,0,1.74,0,109.2,0,8.28,0,6.76,3.13,8.05,0,-88.9,5.86,18.894,0,8.01,0,1.221,1.79,0,7.16
3/5/2026,19:00, ,gtmfmwq_24G103006_030426_050000.bin,Fort Matanzas,GTMNERR,0,52.079,0,34.34,0,1.805,0,109,0,8.24,0,7.2,3.28,8.04,0,-88.5,5.87,18.985,0,8.01,0,1.222,1.8,0,7.21
3/5/2026,19:15, ,gtmfmwq_24G103006_030426_050000.bin,Fort Matanzas,GTMNERR,0,52.08,0,34.34,0,1.887,0,108.6,0,8.23,0,7.08,3.24,8.04,0,-88.4,5.86,18.901,0,7.56,0,1.222,1.64,0,6.55
3/5/2026,19:30, ,gtmfmwq_24G103006_030426_050000.bin,Fort Matanzas,GTMNERR,0,52.103,0,34.36,0,1.953,0,108.3,0,8.23,0,6.86,3.16,8.05,0,-88.7,5.87,18.733,0,6.63,0,1.218,1.68,0,6.7
3/5/2026,19:45, ,gtmfmwq_24G103006_030426_050000.bin,Fort Matanzas,GTMNERR,0,52.133,0,34.38,0,2.028,0,108.4,0,8.26,0,6.5,3.04,8.05,0,-88.9,5.86,18.588,0,6.7,0,1.215,1.62,0,6.47
3/5/2026,20:00, ,gtmfmwq_24G103006_030426_050000.bin,Fort Matanzas,GTMNERR,0,52.168,0,34.4,0,2.098,0,107.9,0,8.24,0,6.18,2.94,8.06,0,-89.2,5.86,18.479,0,6.55,0,1.216,1.64,0,6.56
3/5/2026,20:15, ,gtmfmwq_24G103006_030426_050000.bin,Fort Matanzas,GTMNERR,0,52.201,0,34.43,0,2.17,0,106.9,0,8.18,0,5.95,2.86,8.06,0,-89.4,5.85,18.368,0,5.87,0,1.229,1.44,0,5.74
3/5/2026,20:30, ,gtmfmwq_24G103006_030426_050000.bin,Fort Matanzas,GTMNERR,0,52.197,0,34.42,0,2.24,0,106.2,0,8.12,0,5.97,2.87,8.06,0,-89.3,5.84,18.383,0,4.77,0,1.224,1.36,0,5.42
3/5/2026,20:45, ,gtmfmwq_24G103006_030426_050000.bin,Fort Matanzas,GTMNERR,0,52.19,0,34.42,0,2.313,0,105,0,8.04,0,5.93,2.85,8.06,0,-89.4,5.85,18.332,0,4,0,1.221,1.31,0,5.22
3/5/2026,21:00, ,gtmfmwq_24G103006_030426_050000.bin,Fort Matanzas,GTMNERR,0,52.194,0,34.42,0,2.384,0,103.7,0,7.94,0,5.84,2.82,8.06,0,-89.1,5.85,18.294,0,3.74,0,1.217,1.38,0,5.5
3/5/2026,21:15, ,gtmfmwq_24G103006_030426_050000.bin,Fort Matanzas,GTMNERR,0,52.19,0,34.42,0,2.453,0,102.6,0,7.87,0,5.74,2.79,8.06,0,-89.1,5.84,18.225,0,4.92,0,1.215,1.28,0,5.1
3/5/2026,21:30, ,gtmfmwq_24G103006_030426_050000.bin,Fort Matanzas,GTMNERR,0,52.201,0,34.43,0,2.508,0,100,0,7.68,0,5.55,2.72,8.05,0,-88.5,5.85,18.12,0,4.05,0,1.229,0.84,0,3.32
3/5/2026,21:45, ,gtmfmwq_24G103006_030426_050000.bin,Fort Matanzas,GTMNERR,0,52.202,0,34.43,0,2.565,0,85.6,0,6.58,0,5.66,2.76,7.99,0,-84.9,5.84,18.1,0,2.88,0,1.228,0.5,0,1.94
3/5/2026,22:00, ,gtmfmwq_24G103006_030426_050000.bin,Fort Matanzas,GTMNERR,0,52.21,0,34.43,0,2.613,0,75.9,0,5.84,0,5.81,2.81,7.95,0,-83.1,5.85,18.062,0,3.86,0,1.221,0.45,0,1.75
3/5/2026,22:15, ,gtmfmwq_24G103006_030426_050000.bin,Fort Matanzas,GTMNERR,0,52.209,0,34.43,0,2.652,0,88,0,6.78,0,5.87,2.83,8.01,0,-86.1,5.84,18.006,0,3.05,0,1.221,0.46,0,1.78
3/5/2026,22:30, ,gtmfmwq_24G103006_030426_050000.bin,Fort Matanzas,GTMNERR,0,52.216,0,34.44,0,2.682,0,90.2,0,6.94,0,5.68,2.77,8.01,0,-86.4,5.84,18.032,0,2.98,0,1.234,0.46,0,1.78
3/5/2026,22:45, ,gtmfmwq_24G103006_030426_050000.bin,Fort Matanzas,GTMNERR,0,52.203,0,34.43,0,2.695,0,94.8,0,7.28,0,5.96,2.86,8.03,0,-87.3,5.85,18.144,0,3.04,0,1.225,0.52,0,2.03
3/5/2026,23:00, ,gtmfmwq_24G103006_030426_050000.bin,Fort Matanzas,GTMNERR,0,52.184,0,34.42,0,2.692,0,100.1,0,7.65,0,6.38,3,8.04,0,-88.1,5.84,18.424,0,4.12,0,1.228,0.9,0,3.54
3/5/2026,23:15, ,gtmfmwq_24G103006_030426_050000.bin,Fort Matanzas,GTMNERR,0,52.091,0,34.35,0,2.676,0,104.4,0,7.92,0,7.43,3.35,8.03,0,-87.9,5.84,18.854,0,4.44,0,1.219,1.43,0,5.69
3/5/2026,23:30, ,gtmfmwq_24G103006_030426_050000.bin,Fort Matanzas,GTMNERR,0,52.061,0,34.33,0,2.643,0,105.3,0,7.95,0,7.81,3.48,8.03,0,-87.5,5.84,19.118,0,5.02,0,1.221,1.43,0,5.72
3/5/2026,23:45, ,gtmfmwq_24G103006_030426_050000.bin,Fort Matanzas,GTMNERR,0,52.142,0,34.39,0,2.593,0,104.8,0,7.86,0,8.19,3.61,8.01,0,-86.5,5.84,19.464,0,7.02,0,1.223,1.44,0,5.73
3/6/2026,0:00, ,gtmfmwq_24G103006_030426_050000.bin,Fort Matanzas,GTMNERR,0,52.156,0,34.4,0,2.548,0,104.4,0,7.77,0,8.85,3.83,7.99,0,-85.7,5.85,19.806,0,6.03,0,1.214,1.25,0,4.95
3/6/2026,0:15, ,gtmfmwq_24G103006_030426_050000.bin,Fort Matanzas,GTMNERR,0,52.144,0,34.38,0,2.495,0,103.5,0,7.65,0,9.61,4.08,7.97,0,-84.7,5.86,20.244,0,6.06,0,1.217,1.28,0,5.1
3/6/2026,0:30, ,gtmfmwq_24G103006_030426_050000.bin,Fort Matanzas,GTMNERR,0,52.128,0,34.37,0,2.44,0,102.4,0,7.53,0,10.38,4.34,7.96,0,-83.8,5.89,20.515,0,6.11,0,1.224,1.22,0,4.84
3/6/2026,0:45, ,gtmfmwq_24G103006_030426_050000.bin,Fort Matanzas,GTMNERR,0,52.095,0,34.35,0,2.392,0,101,0,7.4,0,11.03,4.56,7.94,0,-82.9,5.89,20.724,0,5.59,0,1.23,1.07,0,4.25
3/6/2026,1:00, ,gtmfmwq_24G103006_030426_050000.bin,Fort Matanzas,GTMNERR,0,52.076,0,34.33,0,2.33,0,100.5,0,7.36,0,11.07,4.57,7.94,0,-82.9,5.89,20.778,0,5.5,0,1.228,1.13,0,4.49
3/6/2026,1:15, ,gtmfmwq_24G103006_030426_050000.bin,Fort Matanzas,GTMNERR,0,52.065,0,34.32,0,2.272,0,97.3,0,7.12,0,14.72,5.79,7.92,0,-81.7,5.9,20.846,0,4.92,0,1.215,0.95,0,3.74
3/6/2026,1:30, ,gtmfmwq_24G103006_030426_050000.bin,Fort Matanzas,GTMNERR,0,52.066,0,34.32,0,2.215,0,97,0,7.1,0,11.51,4.72,7.93,0,-82.3,5.88,20.805,0,4.38,0,1.22,0.99,0,3.91
3/6/2026,1:45, ,gtmfmwq_24G103006_030426_050000.bin,Fort Matanzas,GTMNERR,0,52.065,0,34.33,0,2.159,0,98.7,0,7.26,0,11.02,4.55,7.94,0,-82.7,5.89,20.52,0,4.51,0,1.23,1,0,3.94
3/6/2026,2:00, ,gtmfmwq_24G103006_030426_050000.bin,Fort Matanzas,GTMNERR,0,52.143,0,34.39,0,2.106,0,97.7,0,7.31,0,9.48,4.04,7.96,0,-83.6,5.88,19.588,0,4.32,0,1.233,0.96,0,3.82
3/6/2026,2:15, ,gtmfmwq_24G103006_030426_050000.bin,Fort Matanzas,GTMNERR,0,52.124,0,34.37,0,2.05,0,94.8,0,7.14,0,8.61,3.75,7.96,0,-83.5,5.85,19.226,0,3.38,0,1.23,0.64,0,2.52
3/6/2026,2:30, ,gtmfmwq_24G103006_030426_050000.bin,Fort Matanzas,GTMNERR,0,52.102,0,34.36,0,2,0,94.9,0,7.06,0,10.14,4.26,7.94,0,-82.4,5.85,19.894,0,3.09,0,1.229,0.83,0,3.29
3/6/2026,2:45, ,gtmfmwq_24G103006_030426_050000.bin,Fort Matanzas,GTMNERR,0,52.082,0,34.34,0,1.946,0,93.4,0,6.95,0,9.97,4.2,7.93,0,-81.9,5.84,19.869,0,2.68,0,1.227,0.73,0,2.87
3/6/2026,3:00, ,gtmfmwq_24G103006_030426_050000.bin,Fort Matanzas,GTMNERR,0,52.078,0,34.34,0,1.893,0,97.7,0,7.26,0,10.2,4.28,7.95,0,-83.3,5.85,19.976,0,4.4,0,1.222,0.94,0,3.7
3/6/2026,3:15, ,gtmfmwq_24G103006_030426_050000.bin,Fort Matanzas,GTMNERR,0,52.071,0,34.33,0,1.843,0,96.9,0,7.2,0,10.37,4.34,7.95,0,-83.1,5.84,20.011,0,3.67,0,1.224,0.95,0,3.76
3/6/2026,3:30, ,gtmfmwq_24G103006_030426_050000.bin,Fort Matanzas,GTMNERR,0,52.08,0,34.34,0,1.795,0,96.3,0,7.15,0,10.55,4.4,7.95,0,-83,5.85,20.013,0,3.55,0,1.224,0.88,0,3.47
3/6/2026,3:45, ,gtmfmwq_24G103006_030426_050000.bin,Fort Matanzas,GTMNERR,0,52.071,0,34.33,0,1.744,0,97.3,0,7.22,0,10.55,4.4,7.95,0,-83.1,5.85,20.049,0,3.44,0,1.227,0.98,0,3.88
3/6/2026,4:00, ,gtmfmwq_24G103006_030426_050000.bin,Fort Matanzas,GTMNERR,0,52.156,0,34.4,0,1.695,0,95.7,0,7.13,0,10.49,4.38,7.95,0,-83,5.85,19.844,0,3.46,0,1.224,0.92,0,3.64
3/6/2026,4:15, ,gtmfmwq_24G103006_030426_050000.bin,Fort Matanzas,GTMNERR,0,52.097,0,34.35,0,1.646,0,94.9,0,7.07,0,10.27,4.3,7.95,0,-82.9,5.86,19.831,0,3.65,0,1.219,0.86,0,3.41
3/6/2026,4:30, ,gtmfmwq_24G103006_030426_050000.bin,Fort Matanzas,GTMNERR,0,52.103,0,34.36,0,1.597,0,92.9,0,6.94,0,10.55,4.4,7.94,0,-82.4,5.85,19.694,0,3.74,0,1.219,0.84,0,3.3
3/6/2026,4:45, ,gtmfmwq_24G103006_030426_050000.bin,Fort Matanzas,GTMNERR,0,52.104,0,34.36,0,1.553,0,90.8,0,6.8,0,10.55,4.4,7.93,0,-81.9,5.85,19.509,0,3.48,0,1.221,0.76,0,3
3/6/2026,5:00, ,gtmfmwq_24G103006_030426_050000.bin,Fort Matanzas,GTMNERR,0,52.11,0,34.36,0,1.511,0,93.2,0,6.98,0,10,4.21,7.95,0,-82.9,5.86,19.514,0,3.66,0,1.229,0.8,0,3.15
3/6/2026,5:15, ,gtmfmwq_24G103006_030426_050000.bin,Fort Matanzas,GTMNERR,0,52.126,0,34.37,0,1.48,0,93.2,0,6.99,0,9.53,4.05,7.95,0,-83.1,5.85,19.406,0,4.29,0,1.234,0.8,0,3.17
3/6/2026,5:30, ,gtmfmwq_24G103006_030426_050000.bin,Fort Matanzas,GTMNERR,0,52.131,0,34.38,0,1.459,0,93.2,0,6.99,0,9.71,4.12,7.95,0,-83.1,5.85,19.429,0,5.26,0,1.234,0.85,0,3.33
3/6/2026,5:45, ,gtmfmwq_24G103006_030426_050000.bin,Fort Matanzas,GTMNERR,0,52.138,0,34.38,0,1.457,0,94.8,0,7.22,0,8.17,3.6,7.99,0,-85.2,5.84,18.579,0,7.71,0,1.224,0.98,0,3.89
3/6/2026,6:00, ,gtmfmwq_24G103006_030426_050000.bin,Fort Matanzas,GTMNERR,0,52.139,0,34.38,0,1.475,0,95.8,0,7.33,0,7.79,3.47,8.01,0,-86.1,5.82,18.346,0,5.82,0,1.215,0.97,0,3.84
3/6/2026,6:15, ,gtmfmwq_24G103006_030426_050000.bin,Fort Matanzas,GTMNERR,0,52.092,0,34.35,0,1.507,0,100,0,7.67,0,6.96,3.2,8.03,0,-87.8,5.83,18.287,0,6.12,0,1.22,1.07,0,4.25
3/6/2026,6:30, ,gtmfmwq_24G103006_030426_050000.bin,Fort Matanzas,GTMNERR,0,52.088,0,34.34,0,1.552,0,99.9,0,7.65,0,7.28,3.3,8.03,0,-87.8,5.82,18.334,0,5.84,0,1.226,1.11,0,4.39
3/6/2026,6:45, ,gtmfmwq_24G103006_030426_050000.bin,Fort Matanzas,GTMNERR,0,52.026,0,34.3,0,1.607,0,99.5,0,7.59,0,7.51,3.38,8.03,0,-87.5,5.82,18.558,0,6.75,0,1.229,1.25,0,4.95
3/6/2026,7:00, ,gtmfmwq_24G103006_030426_050000.bin,Fort Matanzas,GTMNERR,0,51.994,0,34.28,0,1.67,0,99,0,7.53,0,7.65,3.43,8.02,0,-87.1,5.81,18.695,0,7.03,0,1.234,1.19,0,4.74
3/6/2026,7:15, ,gtmfmwq_24G103006_030426_050000.bin,Fort Matanzas,GTMNERR,0,52.055,0,34.32,0,1.733,0,99.7,0,7.63,0,6.98,3.2,8.03,0,-87.7,5.82,18.39,0,6.01,0,1.226,1.12,0,4.45
3/6/2026,7:30, ,gtmfmwq_24G103006_030426_050000.bin,Fort Matanzas,GTMNERR,0,52.062,0,34.32,0,1.803,0,99.5,0,7.61,0,6.96,3.2,8.03,0,-87.7,5.82,18.378,0,5.6,0,1.219,1.04,0,4.13
3/6/2026,7:45, ,gtmfmwq_24G103006_030426_050000.bin,Fort Matanzas,GTMNERR,0,52.045,0,34.31,0,1.87,0,99.3,0,7.58,0,7.23,3.29,8.03,0,-87.4,5.81,18.498,0,5.96,0,1.219,1.02,0,4.05
3/6/2026,8:00, ,gtmfmwq_24G103006_030426_050000.bin,Fort Matanzas,GTMNERR,0,52.026,0,34.3,0,1.935,0,99.5,0,7.6,0,7.23,3.29,8.03,0,-87.5,5.83,18.501,0,5.07,0,1.228,0.96,0,3.81
3/6/2026,8:15, ,gtmfmwq_24G103006_030426_050000.bin,Fort Matanzas,GTMNERR,0,52.039,0,34.31,0,2.001,0,99.4,0,7.59,0,7.14,3.26,8.03,0,-87.5,5.82,18.458,0,4.58,0,1.23,0.92,0,3.64
3/6/2026,8:30, ,gtmfmwq_24G103006_030426_050000.bin,Fort Matanzas,GTMNERR,0,52.045,0,34.31,0,2.06,0,99.6,0,7.62,0,7.09,3.24,8.03,0,-87.5,5.82,18.428,0,4.15,0,1.231,0.95,0,3.74
3/6/2026,8:45, ,gtmfmwq_24G103006_030426_050000.bin,Fort Matanzas,GTMNERR,0,52.048,0,34.31,0,2.122,0,99.6,0,7.62,0,7.1,3.24,8.03,0,-87.5,5.82,18.409,0,4.98,0,1.223,1.01,0,4.01
3/6/2026,9:00, ,gtmfmwq_24G103006_030426_050000.bin,Fort Matanzas,GTMNERR,0,52.048,0,34.31,0,2.182,0,99.2,0,7.59,0,7.08,3.24,8.03,0,-87.5,5.81,18.395,0,3.93,0,1.218,0.91,0,3.61
3/6/2026,9:15, ,gtmfmwq_24G103006_030426_050000.bin,Fort Matanzas,GTMNERR,0,52.066,0,34.33,0,2.241,0,99,0,7.58,0,6.62,3.08,8.03,0,-87.4,5.82,18.319,0,13.12,0,1.221,1.32,0,5.26
3/6/2026,9:30, ,gtmfmwq_24G103006_030426_050000.bin,Fort Matanzas,GTMNERR,0,52.097,0,34.35,0,2.303,0,99.6,0,7.67,0,6.9,3.18,8.03,0,-87.6,5.81,18.053,0,5.13,0,1.228,1.12,0,4.44
3/6/2026,9:45, ,gtmfmwq_24G103006_030426_050000.bin,Fort Matanzas,GTMNERR,0,52.12,0,34.36,0,2.36,0,100,0,7.73,0,6.41,3.01,8.04,0,-87.9,5.81,17.806,0,5.5,0,1.234,1.08,0,4.26
3/6/2026,10:00, ,gtmfmwq_24G103006_030426_050000.bin,Fort Matanzas,GTMNERR,0,52.153,0,34.39,0,2.411,0,98.7,0,7.66,0,6.2,2.94,8.03,0,-87.5,5.81,17.595,0,4.83,0,1.231,1.13,0,4.47
3/6/2026,10:15, ,gtmfmwq_24G103006_030426_050000.bin,Fort Matanzas,GTMNERR,0,52.167,0,34.4,0,2.455,0,93.9,0,7.31,0,6.13,2.92,8.01,0,-86.3,5.8,17.416,0,4.08,0,1.219,0.88,0,3.49
3/6/2026,10:30, ,gtmfmwq_24G103006_030426_050000.bin,Fort Matanzas,GTMNERR,0,52.181,0,34.41,0,2.494,0,85.5,0,6.66,0,6.01,2.88,7.98,0,-84.4,5.81,17.42,0,5.14,0,1.224,0.53,0,2.05
3/6/2026,10:45, ,gtmfmwq_24G103006_030426_050000.bin,Fort Matanzas,GTMNERR,0,52.184,0,34.41,0,2.525,0,86.8,0,6.76,0,6.22,2.95,7.98,0,-84.4,5.8,17.456,0,2.79,0,1.226,1,0,3.95
3/6/2026,11:00, ,gtmfmwq_24G103006_030426_050000.bin,Fort Matanzas,GTMNERR,0,52.164,0,34.4,0,2.54,0,91.8,0,7.12,0,6.51,3.05,8.01,0,-86.4,5.8,17.678,0,3.26,0,1.228,0.73,0,2.87
3/6/2026,11:15, ,gtmfmwq_24G103006_030426_050000.bin,Fort Matanzas,GTMNERR,0,52.116,0,34.36,0,2.538,0,95.3,0,7.31,0,6.91,3.18,8.01,0,-86.4,5.81,18.218,0,3.92,0,1.223,0.91,0,3.61
3/6/2026,11:30, ,gtmfmwq_24G103006_030426_050000.bin,Fort Matanzas,GTMNERR,0,52.042,0,34.31,0,2.515,0,97.7,0,7.44,0,7.29,3.31,8.01,0,-86.5,5.81,18.698,0,4.47,0,1.227,0.98,0,3.88
3/6/2026,11:45, ,gtmfmwq_24G103006_030426_050000.bin,Fort Matanzas,GTMNERR,0,51.992,0,34.28,0,2.475,0,98.5,0,7.45,0,7.73,3.45,8,0,-86.1,5.82,19.056,0,4,0,1.217,0.95,0,3.77
3/6/2026,12:00, ,gtmfmwq_24G103006_030426_050000.bin,Fort Matanzas,GTMNERR,0,52.067,0,34.33,0,2.429,0,97.9,0,7.38,0,8.19,3.61,7.99,0,-85.6,5.81,19.14,0,4.93,0,1.218,0.94,0,3.71
3/6/2026,12:15, ,gtmfmwq_24G103006_030426_050000.bin,Fort Matanzas,GTMNERR,0,52.088,0,34.35,0,2.39,0,95.7,0,7.18,0,8.87,3.83,7.97,0,-84.2,5.81,19.417,0,4.59,0,1.225,0.86,0,3.4
3/6/2026,12:30, ,gtmfmwq_24G103006_030426_050000.bin,Fort Matanzas,GTMNERR,0,52.091,0,34.35,0,2.342,0,94,0,7.02,0,9.52,4.05,7.95,0,-83,5.82,19.703,0,4.73,0,1.23,0.89,0,3.5
3/6/2026,12:45, ,gtmfmwq_24G103006_030426_050000.bin,Fort Matanzas,GTMNERR,0,52.093,0,34.35,0,2.294,0,93.6,0,6.95,0,9.97,4.2,7.93,0,-82.3,5.81,20.012,0,4.85,0,1.226,0.77,0,3.04
3/6/2026,13:00, ,gtmfmwq_24G103006_030426_050000.bin,Fort Matanzas,GTMNERR,0,52.093,0,34.35,0,2.234,0,93.5,0,6.91,0,10.15,4.26,7.93,0,-81.8,5.82,20.285,0,4.37,0,1.223,0.8,0,3.13
3/6/2026,13:15, ,gtmfmwq_24G103006_030426_050000.bin,Fort Matanzas,GTMNERR,0,52.077,0,34.33,0,2.177,0,92.5,0,6.81,0,10.49,4.38,7.91,0,-81.1,5.81,20.462,0,3.88,0,1.22,0.78,0,3.08
3/6/2026,13:30, ,gtmfmwq_24G103006_030426_050000.bin,Fort Matanzas,GTMNERR,0,52.077,0,34.33,0,2.123,0,93.8,0,6.9,0,10.47,4.37,7.92,0,-81.6,5.79,20.545,0,3.6,0,1.215,0.83,0,3.26
3/6/2026,13:45, ,gtmfmwq_24G103006_030426_050000.bin,Fort Matanzas,GTMNERR,0,52.072,0,34.33,0,2.072,0,92.5,0,6.79,0,10.42,4.35,7.91,0,-80.9,5.8,20.646,0,3.37,0,1.226,0.67,0,2.62
3/6/2026,14:00, ,gtmfmwq_24G103006_030426_050000.bin,Fort Matanzas,GTMNERR,0,52.062,0,34.32,0,2.023,0,98.6,0,7.23,0,9.23,3.96,7.95,0,-83.5,5.8,20.699,0,3.04,0,1.223,0.72,0,2.85
3/6/2026,14:15, ,gtmfmwq_24G103006_030426_050000.bin,Fort Matanzas,GTMNERR,0,52.074,0,34.33,0,1.971,0,105.7,0,7.72,0,8,3.54,7.98,0,-85,5.8,20.903,0,3.83,0,1.215,0.65,0,2.56
3/6/2026,14:30, ,gtmfmwq_24G103006_030426_050000.bin,Fort Matanzas,GTMNERR,0,52.06,0,34.32,0,1.925,0,103.9,0,7.61,0,8.34,3.66,7.98,0,-84.9,5.8,20.736,0,3.55,0,1.216,0.74,0,2.9
3/6/2026,14:45, ,gtmfmwq_24G103006_030426_050000.bin,Fort Matanzas,GTMNERR,0,52.043,0,34.31,0,1.874,0,103,0,7.5,0,8.78,3.81,7.95,0,-83.5,5.81,21.069,0,3.65,0,1.223,0.81,0,3.19
3/6/2026,15:00, ,gtmfmwq_24G103006_030426_050000.bin,Fort Matanzas,GTMNERR,0,52.063,0,34.32,0,1.827,0,101,0,7.36,0,9.07,3.9,7.94,0,-82.9,5.81,21.022,0,3.27,0,1.229,0.9,0,3.56
3/6/2026,15:15, ,gtmfmwq_24G103006_030426_050000.bin,Fort Matanzas,GTMNERR,0,52.012,0,34.28,0,1.776,0,100,0,7.31,0,9.55,4.06,7.95,0,-83.1,5.79,20.86,0,3.37,0,1.231,1.07,0,4.26
3/6/2026,15:30, ,gtmfmwq_24G103006_030426_050000.bin,Fort Matanzas,GTMNERR,0,52.035,0,34.3,0,1.726,0,98.8,0,7.23,0,9.95,4.2,7.94,0,-82.6,5.8,20.788,0,3.64,0,1.223,1.14,0,4.53
3/6/2026,15:45, ,gtmfmwq_24G103006_030426_050000.bin,Fort Matanzas,GTMNERR,0,52.06,0,34.32,0,1.676,0,98.8,0,7.24,0,9.77,4.14,7.94,0,-82.8,5.8,20.745,0,3.72,0,1.219,1.09,0,4.34
3/6/2026,16:00, ,gtmfmwq_24G103006_030426_050000.bin,Fort Matanzas,GTMNERR,0,52.062,0,34.32,0,1.626,0,104.1,0,7.57,0,9.08,3.9,7.96,0,-83.8,5.8,21.141,0,4.37,0,1.215,0.9,0,3.57
3/6/2026,16:15, ,gtmfmwq_24G103006_030426_050000.bin,Fort Matanzas,GTMNERR,0,52.093,0,34.34,0,1.578,0,106.2,0,7.7,0,9.09,3.91,7.96,0,-83.9,5.79,21.319,0,4.33,0,1.222,0.89,0,3.5
3/6/2026,16:30, ,gtmfmwq_24G103006_030426_050000.bin,Fort Matanzas,GTMNERR,0,52.046,0,34.31,0,1.533,0,102.7,0,7.48,0,9.31,3.98,7.95,0,-83.4,5.77,21.017,0,4.04,0,1.23,1.03,0,4.09
3/6/2026,16:45, ,gtmfmwq_24G103006_030426_050000.bin,Fort Matanzas,GTMNERR,0,52.134,0,34.37,0,1.486,0,102.4,0,7.48,0,9.34,3.99,7.95,0,-83.5,5.77,20.898,0,4.03,0,1.232,1.03,0,4.1
3/6/2026,17:00, ,gtmfmwq_24G103006_030426_050000.bin,Fort Matanzas,GTMNERR,0,52.067,0,34.33,0,1.444,0,103,0,7.53,0,9.09,3.91,7.96,0,-83.9,5.76,20.839,0,3.76,0,1.223,1.04,0,4.12
3/6/2026,17:15, ,gtmfmwq_24G103006_030426_050000.bin,Fort Matanzas,GTMNERR,0,52.088,0,34.34,0,1.413,0,103.5,0,7.57,0,8.86,3.83,7.96,0,-84.1,5.76,20.808,0,4.61,0,1.216,1.14,0,4.54
3/6/2026,17:30, ,gtmfmwq_24G103006_030426_050000.bin,Fort Matanzas,GTMNERR,0,52.077,0,34.33,0,1.393,0,102.9,0,7.55,0,8.96,3.86,7.96,0,-84,5.77,20.704,0,5.08,0,1.217,1.19,0,4.74
3/6/2026,17:45, ,gtmfmwq_24G103006_030426_050000.bin,Fort Matanzas,GTMNERR,0,52.112,0,34.36,0,1.395,0,107.7,0,8.11,0,6.81,3.15,8.03,0,-87.7,5.77,19.209,0,9.28,0,1.226,1.59,0,6.36
3/6/2026,18:00, ,gtmfmwq_24G103006_030426_050000.bin,Fort Matanzas,GTMNERR,0,52.141,0,34.38,0,1.425,0,108,0,8.16,0,6.89,3.17,8.03,0,-88,5.7,19.039,0,9.37,0,1.231,1.85,0,7.39
3/6/2026,18:15, ,gtmfmwq_24G103006_030426_050000.bin,Fort Matanzas,GTMNERR,0,52.101,0,34.36,0,1.457,0,107.7,0,8.14,0,6.73,3.12,8.04,0,-88.1,5.7,18.996,0,9.16,0,1.223,1.97,0,7.88
3/6/2026,18:30, ,gtmfmwq_24G103006_030426_050000.bin,Fort Matanzas,GTMNERR,0,52.055,0,34.32,0,1.506,0,107.5,0,8.12,0,6.95,3.19,8.04,0,-88,5.72,19.07,0,9.37,0,1.223,2.13,0,8.53
3/6/2026,18:45, ,gtmfmwq_24G103006_030426_050000.bin,Fort Matanzas,GTMNERR,0,51.957,0,34.25,0,1.56,0,107,0,8.03,0,7.7,3.44,8.02,0,-87.4,5.72,19.454,0,12.41,0,1.217,2.42,0,9.71
3/6/2026,19:00, ,gtmfmwq_24G103006_030426_050000.bin,Fort Matanzas,GTMNERR,0,51.849,0,34.17,0,1.623,0,105.9,0,7.88,0,8.62,3.75,8.01,0,-86.6,5.73,19.94,0,13.25,0,1.222,2.22,0,8.91
3/6/2026,19:15, ,gtmfmwq_24G103006_030426_050000.bin,Fort Matanzas,GTMNERR,0,51.881,0,34.19,0,1.694,0,105.7,0,7.89,0,8.25,3.63,8.01,0,-86.9,5.74,19.712,0,10.16,0,1.227,2.08,0,8.33
3/6/2026,19:30, ,gtmfmwq_24G103006_030426_050000.bin,Fort Matanzas,GTMNERR,0,51.883,0,34.19,0,1.76,0,105.6,0,7.89,0,8.41,3.68,8.01,0,-86.8,5.74,19.698,0,9.92,0,1.23,2.07,0,8.28
3/6/2026,19:45, ,gtmfmwq_24G103006_030426_050000.bin,Fort Matanzas,GTMNERR,0,51.858,0,34.18,0,1.83,0,105.3,0,7.86,0,8.56,3.73,8.01,0,-86.5,5.74,19.79,0,9.13,0,1.222,2.17,0,8.68
3/6/2026,20:00, ,gtmfmwq_24G103006_030426_050000.bin,Fort Matanzas,GTMNERR,0,51.852,0,34.17,0,1.893,0,105,0,7.84,0,8.74,3.79,8.01,0,-86.5,5.75,19.774,0,8.52,0,1.22,1.98,0,7.92
3/6/2026,20:15, ,gtmfmwq_24G103006_030426_050000.bin,Fort Matanzas,GTMNERR,0,51.877,0,34.19,0,1.952,0,104.9,0,7.85,0,8.49,3.71,8.01,0,-86.6,5.74,19.61,0,10.2,0,1.222,2.75,0,11.02
3/6/2026,20:30, ,gtmfmwq_24G103006_030426_050000.bin,Fort Matanzas,GTMNERR,0,51.934,0,34.23,0,2.015,0,105.1,0,7.9,0,7.96,3.53,8.02,0,-86.9,5.75,19.34,0,9.79,0,1.218,1.99,0,7.97
3/6/2026,20:45, ,gtmfmwq_24G103006_030426_050000.bin,Fort Matanzas,GTMNERR,0,51.97,0,34.26,0,2.074,0,104.9,0,7.92,0,9.3,3.98,8.02,0,-87.3,5.75,19.174,0,10.93,0,1.222,2.13,0,8.52
3/6/2026,21:00, ,gtmfmwq_24G103006_030426_050000.bin,Fort Matanzas,GTMNERR,0,52.048,0,34.32,0,2.142,0,104.9,0,7.95,0,7.02,3.22,8.03,0,-87.8,5.74,18.913,0,8.37,0,1.223,2.01,0,8.03
3/6/2026,21:15, ,gtmfmwq_24G103006_030426_050000.bin,Fort Matanzas,GTMNERR,0,52.098,0,34.35,0,2.207,0,104.2,0,7.91,0,6.67,3.1,8.04,0,-88,5.75,18.79,0,9.38,0,1.225,1.88,0,7.51
3/6/2026,21:30, ,gtmfmwq_24G103006_030426_050000.bin,Fort Matanzas,GTMNERR,0,52.154,0,34.39,0,2.276,0,103.2,0,7.85,0,5.95,2.86,8.04,0,-88.3,5.74,18.686,0,10.59,0,1.226,2.43,0,9.73
3/6/2026,21:45, ,gtmfmwq_24G103006_030426_050000.bin,Fort Matanzas,GTMNERR,0,52.19,0,34.42,0,2.338,0,102.6,0,7.82,0,5.83,2.82,8.04,0,-88.4,5.76,18.586,0,6.6,0,1.226,1.66,0,6.61
3/6/2026,22:00, ,gtmfmwq_24G103006_030426_050000.bin,Fort Matanzas,GTMNERR,0,52.202,0,34.43,0,2.397,0,99.8,0,7.6,0,5.71,2.78,8.04,0,-87.9,5.75,18.572,0,6.64,0,1.225,1.44,0,5.74
3/6/2026,22:15, ,gtmfmwq_24G103006_030426_050000.bin,Fort Matanzas,GTMNERR,0,52.205,0,34.43,0,2.452,0,94,0,7.16,0,5.35,2.66,8.01,0,-86.6,5.74,18.573,0,6.16,0,1.226,0.94,0,3.7
3/6/2026,22:30, ,gtmfmwq_24G103006_030426_050000.bin,Fort Matanzas,GTMNERR,0,52.213,0,34.44,0,2.501,0,79.4,0,6.05,0,5.46,2.7,7.95,0,-83,5.75,18.591,0,6.5,0,1.226,0.71,0,2.78
3/6/2026,22:45, ,gtmfmwq_24G103006_030426_050000.bin,Fort Matanzas,GTMNERR,0,52.211,0,34.44,0,2.541,0,82.3,0,6.27,0,5.49,2.7,7.96,0,-83.3,5.73,18.61,0,5.28,0,1.228,0.57,0,2.2
3/6/2026,23:00, ,gtmfmwq_24G103006_030426_050000.bin,Fort Matanzas,GTMNERR,0,52.21,0,34.44,0,2.571,0,88.3,0,6.72,0,5.45,2.69,7.99,0,-85.3,5.74,18.656,0,6.27,0,1.233,0.75,0,2.97
3/6/2026,23:15, ,gtmfmwq_24G103006_030426_050000.bin,Fort Matanzas,GTMNERR,0,52.204,0,34.43,0,2.589,0,92.1,0,7,0,5.54,2.72,8,0,-86.1,5.74,18.687,0,5.64,0,1.231,0.73,0,2.86
3/6/2026,23:30, ,gtmfmwq_24G103006_030426_050000.bin,Fort Matanzas,GTMNERR,0,52.043,0,34.31,0,2.59,0,101.1,0,7.64,0,7.57,3.4,8.02,0,-86.9,5.73,19.027,0,7.6,0,1.229,1.5,0,5.96
3/6/2026,23:45, ,gtmfmwq_24G103006_030426_050000.bin,Fort Matanzas,GTMNERR,0,51.904,0,34.21,0,2.577,0,100.1,0,7.5,0,8.54,3.72,7.99,0,-85.7,5.73,19.546,0,8.66,0,1.228,1.72,0,6.86
3/7/2026,0:00, ,gtmfmwq_24G103006_030426_050000.bin,Fort Matanzas,GTMNERR,0,51.868,0,34.18,0,2.545,0,100.5,0,7.51,0,8.76,3.8,7.99,0,-85.6,5.73,19.721,0,8.91,0,1.229,1.73,0,6.9
3/7/2026,0:15, ,gtmfmwq_24G103006_030426_050000.bin,Fort Matanzas,GTMNERR,0,52.021,0,34.3,0,2.499,0,101.5,0,7.55,0,8.73,3.79,7.98,0,-85.2,5.75,19.905,0,9.08,0,1.217,1.62,0,6.48
3/7/2026,0:30, ,gtmfmwq_24G103006_030426_050000.bin,Fort Matanzas,GTMNERR,0,52.061,0,34.32,0,2.462,0,101.4,0,7.49,0,8.89,3.84,7.98,0,-84.7,5.68,20.305,0,8.44,0,1.218,1.45,0,5.8
3/7/2026,0:45, ,gtmfmwq_24G103006_030426_050000.bin,Fort Matanzas,GTMNERR,0,52.069,0,34.33,0,2.413,0,100.4,0,7.37,0,9.4,4.01,7.96,0,-84,5.67,20.61,0,9.48,0,1.231,1.34,0,5.33
3/7/2026,1:00, ,gtmfmwq_24G103006_030426_050000.bin,Fort Matanzas,GTMNERR,0,52.056,0,34.32,0,2.365,0,100.1,0,7.32,0,9.76,4.13,7.95,0,-83.5,5.67,20.858,0,9.52,0,1.226,1.3,0,5.17
3/7/2026,1:15, ,gtmfmwq_24G103006_030426_050000.bin,Fort Matanzas,GTMNERR,0,52.055,0,34.31,0,2.309,0,98.7,0,7.18,0,10.4,4.35,7.94,0,-82.5,5.7,21.095,0,8.97,0,1.217,1.21,0,4.82
3/7/2026,1:30, ,gtmfmwq_24G103006_030426_050000.bin,Fort Matanzas,GTMNERR,0,52.05,0,34.31,0,2.253,0,97.6,0,7.1,0,10.67,4.44,7.93,0,-82.3,5.71,21.135,0,7.6,0,1.218,1.12,0,4.43
3/7/2026,1:45, ,gtmfmwq_24G103006_030426_050000.bin,Fort Matanzas,GTMNERR,0,52.039,0,34.3,0,2.197,0,97.7,0,7.11,0,10.72,4.45,7.94,0,-82.5,5.71,21.119,0,7.29,0,1.219,1.21,0,4.8
3/7/2026,2:00, ,gtmfmwq_24G103006_030426_050000.bin,Fort Matanzas,GTMNERR,0,52.042,0,34.3,0,2.146,0,98,0,7.12,0,11.06,4.57,7.93,0,-82.2,5.72,21.173,0,7.07,0,1.218,1.16,0,4.62
3/7/2026,2:15, ,gtmfmwq_24G103006_030426_050000.bin,Fort Matanzas,GTMNERR,0,52.029,0,34.3,0,2.098,0,89.6,0,6.53,0,10.95,4.53,7.89,0,-80.1,5.72,21.061,0,4.58,0,1.219,0.68,0,2.66
3/7/2026,2:30, ,gtmfmwq_24G103006_030426_050000.bin,Fort Matanzas,GTMNERR,0,51.977,0,34.26,0,2.048,0,94.4,0,6.93,0,10.43,4.36,7.93,0,-81.9,5.7,20.662,0,5.56,0,1.229,0.91,0,3.59
3/7/2026,2:45, ,gtmfmwq_24G103006_030426_050000.bin,Fort Matanzas,GTMNERR,0,52.061,0,34.33,0,1.998,0,93.8,0,6.98,0,9.71,4.11,7.93,0,-82.2,5.72,19.853,0,6.07,0,1.223,0.98,0,3.87
3/7/2026,3:00, ,gtmfmwq_24G103006_030426_050000.bin,Fort Matanzas,GTMNERR,0,52.018,0,34.29,0,1.947,0,92.3,0,6.83,0,10.28,4.31,7.92,0,-81.6,5.67,20.195,0,4.6,0,1.222,0.95,0,3.77
3/7/2026,3:15, ,gtmfmwq_24G103006_030426_050000.bin,Fort Matanzas,GTMNERR,0,51.99,0,34.27,0,1.898,0,90.3,0,6.67,0,10.39,4.34,7.91,0,-81,5.65,20.264,0,5.26,0,1.217,0.81,0,3.17
3/7/2026,3:30, ,gtmfmwq_24G103006_030426_050000.bin,Fort Matanzas,GTMNERR,0,51.986,0,34.27,0,1.849,0,90.4,0,6.68,0,10.69,4.44,7.91,0,-81.1,5.66,20.28,0,4.49,0,1.217,0.92,0,3.65
3/7/2026,3:45, ,gtmfmwq_24G103006_030426_050000.bin,Fort Matanzas,GTMNERR,0,52,0,34.28,0,1.8,0,94,0,6.93,0,10.47,4.37,7.93,0,-81.9,5.62,20.46,0,5.39,0,1.216,0.99,0,3.91
3/7/2026,4:00, ,gtmfmwq_24G103006_030426_050000.bin,Fort Matanzas,GTMNERR,0,51.985,0,34.27,0,1.752,0,93.5,0,6.9,0,10.55,4.4,7.93,0,-82,5.65,20.393,0,4.76,0,1.219,1,0,3.98
3/7/2026,4:15, ,gtmfmwq_24G103006_030426_050000.bin,Fort Matanzas,GTMNERR,0,52.012,0,34.29,0,1.705,0,94.3,0,6.96,0,10.58,4.41,7.93,0,-82.2,5.64,20.4,0,5.18,0,1.223,0.97,0,3.85
3/7/2026,4:30, ,gtmfmwq_24G103006_030426_050000.bin,Fort Matanzas,GTMNERR,0,51.995,0,34.27,0,1.657,0,94.8,0,6.99,0,10.47,4.37,7.93,0,-82.2,5.65,20.451,0,4.27,0,1.221,0.97,0,3.82
3/7/2026,4:45, ,gtmfmwq_24G103006_030426_050000.bin,Fort Matanzas,GTMNERR,0,52.003,0,34.28,0,1.61,0,92.9,0,6.87,0,10.3,4.31,7.93,0,-82.1,5.65,20.228,0,5.44,0,1.222,0.91,0,3.59
3/7/2026,5:00, ,gtmfmwq_24G103006_030426_050000.bin,Fort Matanzas,GTMNERR,0,52.067,0,34.33,0,1.564,0,91,0,6.76,0,9.95,4.2,7.93,0,-81.9,5.64,20.01,0,41.4,0,1.221,0.92,0,3.64
3/7/2026,5:15, ,gtmfmwq_24G103006_030426_050000.bin,Fort Matanzas,GTMNERR,0,52.024,0,34.3,0,1.522,0,91.4,0,6.8,0,10.11,4.25,7.93,0,-81.8,5.65,19.969,0,4.96,0,1.22,0.85,0,3.36
3/7/2026,5:30, ,gtmfmwq_24G103006_030426_050000.bin,Fort Matanzas,GTMNERR,0,52.018,0,34.29,0,1.482,0,87.8,0,6.56,0,10.47,4.37,7.91,0,-81,5.62,19.717,0,5.66,0,1.217,0.82,0,3.23
3/7/2026,5:45, ,gtmfmwq_24G103006_030426_050000.bin,Fort Matanzas,GTMNERR,0,52.032,0,34.3,0,1.448,0,88.4,0,6.6,0,10.23,4.29,7.92,0,-81.3,5.61,19.71,0,5.38,0,1.216,0.82,0,3.23
3/7/2026,6:00, ,gtmfmwq_24G103006_030426_050000.bin,Fort Matanzas,GTMNERR,0,52.041,0,34.31,0,1.423,0,90.3,0,6.73,0,9.78,4.14,7.93,0,-82,5.6,19.778,0,6.71,0,1.233,0.88,0,3.47
3/7/2026,6:15, ,gtmfmwq_24G103006_030426_050000.bin,Fort Matanzas,GTMNERR,0,52.058,0,34.32,0,1.413,0,91.2,0,6.82,0,9.27,3.97,7.94,0,-82.7,5.58,19.679,0,9.44,0,1.231,1,0,3.95
3/7/2026,6:30, ,gtmfmwq_24G103006_030426_050000.bin,Fort Matanzas,GTMNERR,0,52.159,0,34.4,0,1.418,0,95.2,0,7.24,0,7.24,3.29,8,0,-85.7,5.57,18.71,0,10.01,0,1.219,1.26,0,5.03
3/7/2026,6:45, ,gtmfmwq_24G103006_030426_050000.bin,Fort Matanzas,GTMNERR,0,52.154,0,34.39,0,1.448,0,96.7,0,7.35,0,7.06,3.23,8.01,0,-86.3,5.61,18.668,0,9.66,0,1.215,1.35,0,5.38
3/7/2026,7:00, ,gtmfmwq_24G103006_030426_050000.bin,Fort Matanzas,GTMNERR,0,52.113,0,34.36,0,1.488,0,97.9,0,7.43,0,6.98,3.2,8.01,0,-86.8,5.59,18.791,0,10.62,0,1.218,1.32,0,5.27
3/7/2026,7:15, ,gtmfmwq_24G103006_030426_050000.bin,Fort Matanzas,GTMNERR,0,52.115,0,34.37,0,1.531,0,98.5,0,7.48,0,6.86,3.16,8.02,0,-87.1,5.6,18.784,0,9.62,0,1.233,1.32,0,5.24
3/7/2026,7:30, ,gtmfmwq_24G103006_030426_050000.bin,Fort Matanzas,GTMNERR,0,52.021,0,34.3,0,1.591,0,97.5,0,7.37,0,7.52,3.38,8.01,0,-86.5,5.61,19.07,0,11.13,0,1.223,1.3,0,5.15
3/7/2026,7:45, ,gtmfmwq_24G103006_030426_050000.bin,Fort Matanzas,GTMNERR,0,51.956,0,34.25,0,1.652,0,96.3,0,7.26,0,8.06,3.56,8,0,-86,5.65,19.255,0,11.47,0,1.214,1.29,0,5.12
3/7/2026,8:00, ,gtmfmwq_24G103006_030426_050000.bin,Fort Matanzas,GTMNERR,0,52.043,0,34.31,0,1.717,0,97.6,0,7.39,0,7.26,3.3,8.01,0,-86.6,5.58,18.979,0,9.07,0,1.218,1.21,0,4.81
3/7/2026,8:15, ,gtmfmwq_24G103006_030426_050000.bin,Fort Matanzas,GTMNERR,0,52.022,0,34.3,0,1.786,0,97.6,0,7.38,0,7.49,3.37,8.01,0,-86.4,5.58,19.042,0,9.66,0,1.22,1.27,0,5.07
3/7/2026,8:30, ,gtmfmwq_24G103006_030426_050000.bin,Fort Matanzas,GTMNERR,0,52.008,0,34.29,0,1.852,0,97.6,0,7.37,0,7.52,3.38,8.01,0,-86.4,5.59,19.092,0,8.96,0,1.218,1.26,0,4.99
3/7/2026,8:45, ,gtmfmwq_24G103006_030426_050000.bin,Fort Matanzas,GTMNERR,0,52.009,0,34.29,0,1.913,0,97.8,0,7.39,0,7.52,3.38,8.01,0,-86.4,5.57,19.098,0,9.08,0,1.217,1.24,0,4.92
3/7/2026,9:00, ,gtmfmwq_24G103006_030426_050000.bin,Fort Matanzas,GTMNERR,0,52.001,0,34.28,0,1.97,0,97.6,0,7.37,0,7.73,3.45,8.01,0,-86.3,5.58,19.11,0,8.1,0,1.218,1.14,0,4.53
3/7/2026,9:15, ,gtmfmwq_24G103006_030426_050000.bin,Fort Matanzas,GTMNERR,0,52.015,0,34.29,0,2.03,0,96.9,0,7.32,0,7.55,3.39,8,0,-86.1,5.6,19.077,0,7.1,0,1.217,1.06,0,4.21
3/7/2026,9:30, ,gtmfmwq_24G103006_030426_050000.bin,Fort Matanzas,GTMNERR,0,52.023,0,34.3,0,2.083,0,96.7,0,7.32,0,7.49,3.37,8,0,-86.2,5.59,19.022,0,7.06,0,1.226,1.2,0,4.75
3/7/2026,9:45, ,gtmfmwq_24G103006_030426_050000.bin,Fort Matanzas,GTMNERR,0,52.038,0,34.31,0,2.135,0,95,0,7.19,0,7.21,3.28,8,0,-86,5.59,18.967,0,8.06,0,1.217,1.22,0,4.83
3/7/2026,10:00, ,gtmfmwq_24G103006_030426_050000.bin,Fort Matanzas,GTMNERR,0,52.069,0,34.33,0,2.187,0,95.6,0,7.25,0,6.97,3.2,8,0,-85.9,5.57,18.855,0,6.49,0,1.214,0.97,0,3.82
3/7/2026,10:15, ,gtmfmwq_24G103006_030426_050000.bin,Fort Matanzas,GTMNERR,0,52.094,0,34.35,0,2.233,0,94.4,0,7.17,0,6.98,3.2,8,0,-85.6,5.58,18.749,0,5.26,0,1.221,1.27,0,5.06
3/7/2026,10:30, ,gtmfmwq_24G103006_030426_050000.bin,Fort Matanzas,GTMNERR,0,52.106,0,34.36,0,2.275,0,89.3,0,6.79,0,6.52,3.05,7.98,0,-84.8,5.58,18.693,0,16.65,0,1.224,1.72,0,6.88
3/7/2026,10:45, ,gtmfmwq_24G103006_030426_050000.bin,Fort Matanzas,GTMNERR,0,52.112,0,34.36,0,2.315,0,83.3,0,6.34,0,6.58,3.07,7.96,0,-83.3,5.58,18.696,0,4.09,0,1.227,0.84,0,3.3
3/7/2026,11:00, ,gtmfmwq_24G103006_030426_050000.bin,Fort Matanzas,GTMNERR,0,52.117,0,34.37,0,2.346,0,85.4,0,6.49,0,6.76,3.13,7.96,0,-83.3,5.58,18.669,0,5.27,0,1.232,0.77,0,3.03
3/7/2026,11:15, ,gtmfmwq_24G103006_030426_050000.bin,Fort Matanzas,GTMNERR,0,52.104,0,34.36,0,2.374,0,88.5,0,6.72,0,7.09,3.24,7.97,0,-84.3,5.58,18.782,0,4.43,0,1.226,0.73,0,2.87
3/7/2026,11:30, ,gtmfmwq_24G103006_030426_050000.bin,Fort Matanzas,GTMNERR,0,52.075,0,34.34,0,2.391,0,92.1,0,6.96,0,7.4,3.34,7.99,0,-85.4,5.59,18.992,0,4.66,0,1.221,0.8,0,3.16
3/7/2026,11:45, ,gtmfmwq_24G103006_030426_050000.bin,Fort Matanzas,GTMNERR,0,52.022,0,34.3,0,2.394,0,92.5,0,6.97,0,7.53,3.39,7.99,0,-85.2,5.59,19.195,0,4.89,0,1.226,0.8,0,3.14
3/7/2026,12:00, ,gtmfmwq_24G103006_030426_050000.bin,Fort Matanzas,GTMNERR,0,51.977,0,34.26,0,2.377,0,95.4,0,7.16,0,7.91,3.51,7.99,0,-85.4,5.6,19.475,0,8.13,0,1.222,1.14,0,4.54
3/7/2026,12:15, ,gtmfmwq_24G103006_030426_050000.bin,Fort Matanzas,GTMNERR,0,51.953,0,34.25,0,2.35,0,95.7,0,7.16,0,8.14,3.59,7.98,0,-85.1,5.61,19.605,0,7.68,0,1.222,1.09,0,4.31
3/7/2026,12:30, ,gtmfmwq_24G103006_030426_050000.bin,Fort Matanzas,GTMNERR,0,52.039,0,34.31,0,2.312,0,96.3,0,7.19,0,8.02,3.55,7.98,0,-84.6,5.6,19.727,0,6.7,0,1.219,1.04,0,4.14
3/7/2026,12:45, ,gtmfmwq_24G103006_030426_050000.bin,Fort Matanzas,GTMNERR,0,52.038,0,34.31,0,2.267,0,96.2,0,7.14,0,8.64,3.76,7.96,0,-83.6,5.65,20.075,0,6.94,0,1.218,0.96,0,3.8
3/7/2026,13:00, ,gtmfmwq_24G103006_030426_050000.bin,Fort Matanzas,GTMNERR,0,52.046,0,34.31,0,2.228,0,92.7,0,6.85,0,9.37,4,7.93,0,-81.9,5.65,20.262,0,6.25,0,1.221,0.93,0,3.68
3/7/2026,13:15, ,gtmfmwq_24G103006_030426_050000.bin,Fort Matanzas,GTMNERR,0,52.031,0,34.3,0,2.184,0,91.4,0,6.73,0,9.73,4.12,7.91,0,-81.1,5.65,20.424,0,6.22,0,1.219,0.84,0,3.31
3/7/2026,13:30, ,gtmfmwq_24G103006_030426_050000.bin,Fort Matanzas,GTMNERR,0,52.037,0,34.3,0,2.139,0,92,0,6.75,0,9.98,4.21,7.91,0,-81,5.6,20.645,0,7.25,0,1.218,0.91,0,3.6
3/7/2026,13:45, ,gtmfmwq_24G103006_030426_050000.bin,Fort Matanzas,GTMNERR,0,52.016,0,34.29,0,2.085,0,92,0,6.73,0,9.99,4.21,7.91,0,-80.9,5.65,20.787,0,6.47,0,1.221,0.86,0,3.39
3/7/2026,14:00, ,gtmfmwq_24G103006_030426_050000.bin,Fort Matanzas,GTMNERR,0,52.028,0,34.3,0,2.036,0,91.6,0,6.69,0,10.15,4.26,7.9,0,-80.4,5.67,20.937,0,7.36,0,1.232,0.85,0,3.35
3/7/2026,14:15, ,gtmfmwq_24G103006_030426_050000.bin,Fort Matanzas,GTMNERR,0,52.053,0,34.31,0,1.988,0,91.7,0,6.68,0,9.61,4.08,7.91,0,-81.1,5.66,21.069,0,5.17,0,1.234,0.73,0,2.89
3/7/2026,14:30, ,gtmfmwq_24G103006_030426_050000.bin,Fort Matanzas,GTMNERR,0,52.029,0,34.29,0,1.94,0,91.9,0,6.67,0,9.77,4.14,7.9,0,-80.3,5.66,21.246,0,5.09,0,1.224,0.71,0,2.77
3/7/2026,14:45, ,gtmfmwq_24G103006_030426_050000.bin,Fort Matanzas,GTMNERR,0,52.105,0,34.34,0,1.892,0,107.7,0,7.72,0,7.94,3.53,7.97,0,-84.7,5.73,21.942,0,7,0,1.215,0.68,0,2.66
3/7/2026,15:00, ,gtmfmwq_24G103006_030426_050000.bin,Fort Matanzas,GTMNERR,0,52.019,0,34.29,0,1.842,0,93.6,0,6.8,0,9.92,4.19,7.91,0,-80.8,5.68,21.222,0,5.07,0,1.217,0.82,0,3.24
3/7/2026,15:15, ,gtmfmwq_24G103006_030426_050000.bin,Fort Matanzas,GTMNERR,0,52.026,0,34.29,0,1.795,0,94.2,0,6.84,0,10.34,4.33,7.9,0,-80.3,5.54,21.279,0,4.87,0,1.223,0.9,0,3.57
3/7/2026,15:30, ,gtmfmwq_24G103006_030426_050000.bin,Fort Matanzas,GTMNERR,0,52.104,0,34.35,0,1.747,0,99.4,0,7.17,0,9.33,3.99,7.92,0,-81.9,5.6,21.598,0,4.43,0,1.23,0.87,0,3.43
3/7/2026,15:45, ,gtmfmwq_24G103006_030426_050000.bin,Fort Matanzas,GTMNERR,0,52.014,0,34.28,0,1.699,0,99.9,0,7.21,0,9.6,4.08,7.92,0,-81.4,5.55,21.646,0,4.74,0,1.233,0.93,0,3.67
3/7/2026,16:00, ,gtmfmwq_24G103006_030426_050000.bin,Fort Matanzas,GTMNERR,0,52.016,0,34.28,0,1.65,0,99.9,0,7.23,0,9.49,4.04,7.93,0,-82.5,5.53,21.396,0,5.98,0,1.225,1.05,0,4.15
3/7/2026,16:15, ,gtmfmwq_24G103006_030426_050000.bin,Fort Matanzas,GTMNERR,0,52.05,0,34.31,0,1.6,0,99.4,0,7.2,0,9.6,4.08,7.93,0,-82.1,5.54,21.393,0,5.27,0,1.218,1.08,0,4.29
3/7/2026,16:30, ,gtmfmwq_24G103006_030426_050000.bin,Fort Matanzas,GTMNERR,0,52.022,0,34.29,0,1.554,0,100.5,0,7.27,0,9.77,4.13,7.93,0,-82.3,5.65,21.475,0,4.91,0,1.221,1.03,0,4.07
3/7/2026,16:45, ,gtmfmwq_24G103006_030426_050000.bin,Fort Matanzas,GTMNERR,0,52.09,0,34.33,0,1.509,0,104.8,0,7.5,0,9.27,3.97,7.94,0,-82.8,5.53,22.069,0,6.22,0,1.219,1,0,3.96
3/7/2026,17:00, ,gtmfmwq_24G103006_030426_050000.bin,Fort Matanzas,GTMNERR,0,52.039,0,34.3,0,1.466,0,101.2,0,7.32,0,9.29,3.97,7.94,0,-82.7,5.55,21.475,0,6.28,0,1.219,1.22,0,4.83
3/7/2026,17:15, ,gtmfmwq_24G103006_030426_050000.bin,Fort Matanzas,GTMNERR,0,52.042,0,34.3,0,1.428,0,100.6,0,7.28,0,9.5,4.04,7.93,0,-82.3,5.56,21.437,0,6.04,0,1.216,1.05,0,4.17
3/7/2026,17:30, ,gtmfmwq_24G103006_030426_050000.bin,Fort Matanzas,GTMNERR,0,52.09,0,34.34,0,1.392,0,103.7,0,7.49,0,9.08,3.91,7.95,0,-83.4,5.54,21.59,0,6.76,0,1.219,1.25,0,4.99
3/7/2026,17:45, ,gtmfmwq_24G103006_030426_050000.bin,Fort Matanzas,GTMNERR,0,52.075,0,34.32,0,1.355,0,103.3,0,7.46,0,8.96,3.86,7.94,0,-83,5.55,21.531,0,7.13,0,1.215,1.21,0,4.8
3/7/2026,18:00, ,gtmfmwq_24G103006_030426_050000.bin,Fort Matanzas,GTMNERR,0,52.034,0,34.3,0,1.345,0,102.7,0,7.5,0,8.42,3.69,7.96,0,-83.8,5.54,20.946,0,8.45,0,1.219,1.7,0,6.78
3/7/2026,18:15, ,gtmfmwq_24G103006_030426_050000.bin,Fort Matanzas,GTMNERR,0,52.173,0,34.41,0,1.35,0,107.4,0,8.03,0,6.95,3.19,8.01,0,-86.5,5.59,19.585,0,13.72,0,1.225,2.08,0,8.32
3/7/2026,18:30, ,gtmfmwq_24G103006_030426_050000.bin,Fort Matanzas,GTMNERR,0,52.2,0,34.43,0,1.361,0,107,0,8.1,0,5.99,2.87,8.02,0,-87,5.71,18.912,0,41.47,0,1.227,3.06,0,12.28
3/7/2026,18:45, ,gtmfmwq_24G103006_030426_050000.bin,Fort Matanzas,GTMNERR,0,52.178,0,34.41,0,1.404,0,107.2,0,8.13,0,6.74,3.12,8.02,0,-87,5.68,18.876,0,11.73,0,1.221,2.34,0,9.37
3/7/2026,19:00, ,gtmfmwq_24G103006_030426_050000.bin,Fort Matanzas,GTMNERR,0,52.09,0,34.35,0,1.444,0,106.9,0,8.08,0,7.13,3.26,8.01,0,-86.7,5.66,19.063,0,10.57,0,1.215,2.31,0,9.24
3/7/2026,19:15, ,gtmfmwq_24G103006_030426_050000.bin,Fort Matanzas,GTMNERR,0,51.94,0,34.24,0,1.491,0,106.5,0,7.97,0,8.25,3.63,8,0,-86,5.65,19.577,0,12.58,0,1.217,2.46,0,9.87
3/7/2026,19:30, ,gtmfmwq_24G103006_030426_050000.bin,Fort Matanzas,GTMNERR,0,51.793,0,34.13,0,1.547,0,105.7,0,7.82,0,9.37,4,7.98,0,-85,5.59,20.225,0,14.02,0,1.229,2.63,0,10.55
3/7/2026,19:45, ,gtmfmwq_24G103006_030426_050000.bin,Fort Matanzas,GTMNERR,0,51.732,0,34.08,0,1.608,0,104.8,0,7.74,0,9.77,4.14,7.97,0,-84.7,5.6,20.398,0,13.58,0,1.227,2.54,0,10.18
3/7/2026,20:00, ,gtmfmwq_24G103006_030426_050000.bin,Fort Matanzas,GTMNERR,0,51.673,0,34.04,0,1.665,0,104,0,7.66,0,10.33,4.32,7.97,0,-84.2,5.59,20.565,0,13.71,0,1.225,2.63,0,10.53
3/7/2026,20:15, ,gtmfmwq_24G103006_030426_050000.bin,Fort Matanzas,GTMNERR,0,51.706,0,34.06,0,1.732,0,104,0,7.68,0,9.93,4.19,7.97,0,-84.4,5.6,20.406,0,16.76,0,1.226,2.66,0,10.67
3/7/2026,20:30, ,gtmfmwq_24G103006_030426_050000.bin,Fort Matanzas,GTMNERR,0,51.685,0,34.05,0,1.8,0,103.6,0,7.65,0,9.98,4.2,7.97,0,-84.2,5.59,20.358,0,16.41,0,1.222,2.63,0,10.54
3/7/2026,20:45, ,gtmfmwq_24G103006_030426_050000.bin,Fort Matanzas,GTMNERR,0,51.865,0,34.18,0,1.86,0,104.1,0,7.79,0,8.79,3.81,7.99,0,-85.2,5.58,19.622,0,11.7,0,1.215,2.58,0,10.33
3/7/2026,21:00, ,gtmfmwq_24G103006_030426_050000.bin,Fort Matanzas,GTMNERR,0,51.93,0,34.23,0,1.917,0,104.1,0,7.83,0,8.38,3.67,7.99,0,-85.5,5.56,19.351,0,13.3,0,1.217,2.55,0,10.24
3/7/2026,21:15, ,gtmfmwq_24G103006_030426_050000.bin,Fort Matanzas,GTMNERR,0,52.02,0,34.3,0,1.976,0,104.2,0,7.89,0,7.66,3.43,8,0,-85.9,5.53,18.975,0,12.3,0,1.226,2.55,0,10.22
3/7/2026,21:30, ,gtmfmwq_24G103006_030426_050000.bin,Fort Matanzas,GTMNERR,0,52.078,0,34.34,0,2.034,0,104.4,0,7.92,0,7.27,3.3,8.01,0,-86.3,5.53,18.817,0,11.91,0,1.231,2.45,0,9.82
3/7/2026,21:45, ,gtmfmwq_24G103006_030426_050000.bin,Fort Matanzas,GTMNERR,0,52.108,0,34.36,0,2.097,0,103.9,0,7.89,0,7.06,3.23,8.01,0,-86.5,5.55,18.776,0,11.61,0,1.227,2.35,0,9.43
3/7/2026,22:00, ,gtmfmwq_24G103006_030426_050000.bin,Fort Matanzas,GTMNERR,0,52.14,0,34.38,0,2.165,0,103.1,0,7.83,0,6.93,3.19,8.01,0,-86.6,5.66,18.78,0,9.16,0,1.22,2.38,0,9.54
3/7/2026,22:15, ,gtmfmwq_24G103006_030426_050000.bin,Fort Matanzas,GTMNERR,0,52.214,0,34.44,0,2.233,0,102.6,0,7.79,0,6.2,2.94,8.02,0,-87.3,5.67,18.801,0,6.7,0,1.224,1.97,0,7.86
3/7/2026,22:30, ,gtmfmwq_24G103006_030426_050000.bin,Fort Matanzas,GTMNERR,0,52.215,0,34.44,0,2.295,0,101.2,0,7.68,0,6.16,2.93,8.01,0,-86.6,5.66,18.764,0,6.34,0,1.225,1.83,0,7.32
3/7/2026,22:45, ,gtmfmwq_24G103006_030426_050000.bin,Fort Matanzas,GTMNERR,0,52.253,0,34.47,0,2.352,0,97.5,0,7.4,0,5.92,2.85,8.01,0,-86.3,5.68,18.761,0,5.3,0,1.22,1.35,0,5.39
3/7/2026,23:00, ,gtmfmwq_24G103006_030426_050000.bin,Fort Matanzas,GTMNERR,0,52.225,0,34.45,0,2.399,0,82.4,0,6.26,0,5.96,2.86,7.94,0,-82.2,5.67,18.738,0,5.26,0,1.226,0.86,0,3.4
3/7/2026,23:15, ,gtmfmwq_24G103006_030426_050000.bin,Fort Matanzas,GTMNERR,0,52.24,0,34.46,0,2.445,0,71.7,0,5.44,0,6,2.88,7.9,0,-79.9,5.67,18.753,0,5.54,0,1.226,0.89,0,3.51
3/7/2026,23:30, ,gtmfmwq_24G103006_030426_050000.bin,Fort Matanzas,GTMNERR,0,52.277,0,34.49,0,2.479,0,79.2,0,6,0,5.57,2.73,7.93,0,-82,5.68,18.825,0,6.88,0,1.225,0.72,0,2.83
3/7/2026,23:45, ,gtmfmwq_24G103006_030426_050000.bin,Fort Matanzas,GTMNERR,0,52.191,0,34.42,0,2.509,0,92.2,0,6.99,0,6.53,3.05,7.97,0,-84.4,5.67,18.829,0,4.68,0,1.227,1.05,0,4.15
3/8/2026,0:00, ,gtmfmwq_24G103006_030426_050000.bin,Fort Matanzas,GTMNERR,0,52.117,0,34.37,0,2.527,0,100.7,0,7.64,0,7.18,3.27,8.01,0,-86.3,5.68,18.826,0,5.49,0,1.226,1.84,0,7.37
3/8/2026,0:15, ,gtmfmwq_24G103006_030426_050000.bin,Fort Matanzas,GTMNERR,0,51.964,0,34.25,0,2.53,0,101.4,0,7.63,0,8.7,3.78,7.99,0,-85.2,5.67,19.333,0,8.75,0,1.226,1.87,0,7.46
3/8/2026,0:30, ,gtmfmwq_24G103006_030426_050000.bin,Fort Matanzas,GTMNERR,0,51.801,0,34.13,0,2.512,0,98.8,0,7.35,0,9.61,4.08,7.96,0,-83.6,5.66,19.998,0,9.45,0,1.228,1.96,0,7.84
3/8/2026,0:45, ,gtmfmwq_24G103006_030426_050000.bin,Fort Matanzas,GTMNERR,0,51.939,0,34.23,0,2.478,0,100,0,7.39,0,9.24,3.96,7.96,0,-83.7,5.68,20.243,0,8.99,0,1.229,1.83,0,7.32
3/8/2026,1:00, ,gtmfmwq_24G103006_030426_050000.bin,Fort Matanzas,GTMNERR,0,52.031,0,34.3,0,2.434,0,100,0,7.31,0,9.2,3.95,7.95,0,-83.4,5.65,20.871,0,9.41,0,1.226,1.61,0,6.42
3/8/2026,1:15, ,gtmfmwq_24G103006_030426_050000.bin,Fort Matanzas,GTMNERR,0,52.038,0,34.3,0,2.396,0,101,0,7.36,0,9.36,4,7.95,0,-83.5,5.62,21.075,0,9.75,0,1.228,1.66,0,6.64
3/8/2026,1:30, ,gtmfmwq_24G103006_030426_050000.bin,Fort Matanzas,GTMNERR,0,52.038,0,34.3,0,2.354,0,100.3,0,7.27,0,9.72,4.12,7.95,0,-83.2,5.59,21.356,0,11.41,0,1.229,1.58,0,6.32
3/8/2026,1:45, ,gtmfmwq_24G103006_030426_050000.bin,Fort Matanzas,GTMNERR,0,52.056,0,34.31,0,2.307,0,99.8,0,7.2,0,9.92,4.19,7.94,0,-82.8,5.6,21.601,0,11.16,0,1.218,1.5,0,5.98
3/8/2026,2:00, ,gtmfmwq_24G103006_030426_050000.bin,Fort Matanzas,GTMNERR,0,52.019,0,34.28,0,2.255,0,99.5,0,7.16,0,10.32,4.32,7.93,0,-82.5,5.59,21.806,0,11.29,0,1.22,1.47,0,5.85
3/8/2026,2:15, ,gtmfmwq_24G103006_030426_050000.bin,Fort Matanzas,GTMNERR,0,52.025,0,34.28,0,2.2,0,94.7,0,6.8,0,10.82,4.49,7.91,0,-81.4,5.6,21.935,0,8.66,0,1.23,1.32,0,5.26
3/8/2026,2:30, ,gtmfmwq_24G103006_030426_050000.bin,Fort Matanzas,GTMNERR,0,52.031,0,34.29,0,2.146,0,97.1,0,6.95,0,11.18,4.61,7.91,0,-81.3,5.65,22.05,0,8.59,0,1.218,1.14,0,4.52
3/8/2026,2:45, ,gtmfmwq_24G103006_030426_050000.bin,Fort Matanzas,GTMNERR,0,52.037,0,34.29,0,2.094,0,94.9,0,6.8,0,11.29,4.64,7.9,0,-80.4,5.63,22.026,0,7.76,0,1.218,1.13,0,4.51
3/8/2026,3:00, ,gtmfmwq_24G103006_030426_050000.bin,Fort Matanzas,GTMNERR,0,51.933,0,34.22,0,2.048,0,92,0,6.63,0,11.06,4.57,7.9,0,-80.5,5.61,21.664,0,5.51,0,1.224,0.85,0,3.36
3/8/2026,3:15, ,gtmfmwq_24G103006_030426_050000.bin,Fort Matanzas,GTMNERR,0,51.926,0,34.22,0,2.004,0,93.6,0,6.78,0,10.98,4.54,7.91,0,-80.9,5.6,21.438,0,6.7,0,1.232,1.14,0,4.51
3/8/2026,3:30, ,gtmfmwq_24G103006_030426_050000.bin,Fort Matanzas,GTMNERR,0,52.048,0,34.31,0,1.959,0,93.2,0,6.83,0,10.57,4.4,7.91,0,-80.8,5.6,20.741,0,6.01,0,1.226,1.08,0,4.28
3/8/2026,3:45, ,gtmfmwq_24G103006_030426_050000.bin,Fort Matanzas,GTMNERR,0,51.975,0,34.26,0,1.911,0,84.7,0,6.24,0,10.14,4.26,7.87,0,-78.4,5.62,20.485,0,4.56,0,1.22,0.75,0,2.96
3/8/2026,4:00, ,gtmfmwq_24G103006_030426_050000.bin,Fort Matanzas,GTMNERR,0,51.997,0,34.27,0,1.866,0,92,0,6.67,0,11.09,4.58,7.89,0,-80.1,5.64,21.323,0,4.19,0,1.215,0.88,0,3.49
3/8/2026,4:15, ,gtmfmwq_24G103006_030426_050000.bin,Fort Matanzas,GTMNERR,0,51.956,0,34.24,0,1.82,0,91.5,0,6.68,0,10.95,4.53,7.9,0,-80.4,5.61,20.976,0,5.57,0,1.217,0.99,0,3.9
3/8/2026,4:30, ,gtmfmwq_24G103006_030426_050000.bin,Fort Matanzas,GTMNERR,0,51.966,0,34.25,0,1.777,0,94.6,0,6.86,0,11.01,4.55,7.91,0,-81,5.56,21.332,0,5.36,0,1.221,1.11,0,4.42
3/8/2026,4:45, ,gtmfmwq_24G103006_030426_050000.bin,Fort Matanzas,GTMNERR,0,51.959,0,34.24,0,1.734,0,94,0,6.82,0,11.1,4.58,7.91,0,-80.9,5.54,21.327,0,4.89,0,1.224,1.08,0,4.29
3/8/2026,5:00, ,gtmfmwq_24G103006_030426_050000.bin,Fort Matanzas,GTMNERR,0,51.974,0,34.25,0,1.69,0,94.6,0,6.85,0,11.24,4.63,7.91,0,-81.1,5.54,21.361,0,5.06,0,1.217,1.09,0,4.31
3/8/2026,5:15, ,gtmfmwq_24G103006_030426_050000.bin,Fort Matanzas,GTMNERR,0,51.976,0,34.25,0,1.648,0,94.2,0,6.84,0,11.17,4.6,7.91,0,-81.1,5.55,21.312,0,5.39,0,1.22,1.08,0,4.29
3/8/2026,5:30, ,gtmfmwq_24G103006_030426_050000.bin,Fort Matanzas,GTMNERR,0,51.966,0,34.25,0,1.605,0,92.8,0,6.75,0,11.05,4.56,7.91,0,-80.9,5.6,21.119,0,5.36,0,1.218,0.99,0,3.92
3/8/2026,5:45, ,gtmfmwq_24G103006_030426_050000.bin,Fort Matanzas,GTMNERR,0,51.957,0,34.24,0,1.565,0,92.9,0,6.78,0,10.96,4.53,7.91,0,-80.9,5.6,20.994,0,5.12,0,1.227,1,0,3.98
3/8/2026,6:00, ,gtmfmwq_24G103006_030426_050000.bin,Fort Matanzas,GTMNERR,0,52.01,0,34.28,0,1.526,0,92.4,0,6.76,0,10.6,4.41,7.91,0,-81,5.52,20.847,0,5.28,0,1.226,1.02,0,4.06
3/8/2026,6:15, ,gtmfmwq_24G103006_030426_050000.bin,Fort Matanzas,GTMNERR,0,52.012,0,34.29,0,1.492,0,89,0,6.55,0,10.56,4.4,7.9,0,-80.3,5.54,20.48,0,4.94,0,1.226,0.88,0,3.46
3/8/2026,6:30, ,gtmfmwq_24G103006_030426_050000.bin,Fort Matanzas,GTMNERR,0,52.033,0,34.3,0,1.465,0,86.9,0,6.43,0,10.63,4.42,7.89,0,-79.9,5.5,20.237,0,6.31,0,1.223,0.89,0,3.52
3/8/2026,6:45, ,gtmfmwq_24G103006_030426_050000.bin,Fort Matanzas,GTMNERR,0,52.04,0,34.31,0,1.447,0,85.2,0,6.32,0,10.93,4.52,7.89,0,-79.4,5.53,20.079,0,6.36,0,1.217,0.85,0,3.36
3/8/2026,7:00, ,gtmfmwq_24G103006_030426_050000.bin,Fort Matanzas,GTMNERR,0,52.037,0,34.31,0,1.439,0,87.8,0,6.49,0,10.32,4.32,7.9,0,-80.3,5.48,20.231,0,7.59,0,1.217,1.03,0,4.08
3/8/2026,7:15, ,gtmfmwq_24G103006_030426_050000.bin,Fort Matanzas,GTMNERR,0,52.1,0,34.35,0,1.456,0,92.1,0,6.89,0,8.63,3.76,7.95,0,-82.9,5.48,19.587,0,12.13,0,1.215,1.31,0,5.22
3/8/2026,7:30, ,gtmfmwq_24G103006_030426_050000.bin,Fort Matanzas,GTMNERR,0,52.224,0,34.44,0,1.471,0,93.9,0,7.17,0,7.4,3.34,7.98,0,-84.6,5.66,18.457,0,9.72,0,1.217,1.29,0,5.15
3/8/2026,7:45, ,gtmfmwq_24G103006_030426_050000.bin,Fort Matanzas,GTMNERR,0,52.242,0,34.46,0,1.506,0,96.9,0,7.43,0,6.56,3.06,8.01,0,-86.1,5.61,18.221,0,9.26,0,1.22,1.43,0,5.69
3/8/2026,8:00, ,gtmfmwq_24G103006_030426_050000.bin,Fort Matanzas,GTMNERR,0,52.224,0,34.44,0,1.55,0,98,0,7.5,0,6.8,3.14,8.01,0,-86.5,5.53,18.287,0,8.97,0,1.224,1.44,0,5.75
3/8/2026,8:15, ,gtmfmwq_24G103006_030426_050000.bin,Fort Matanzas,GTMNERR,0,52.136,0,34.38,0,1.595,0,97.6,0,7.44,0,7.15,3.26,8.01,0,-86.1,5.55,18.591,0,10.72,0,1.229,1.56,0,6.23
3/8/2026,8:30, ,gtmfmwq_24G103006_030426_050000.bin,Fort Matanzas,GTMNERR,0,52.066,0,34.33,0,1.647,0,96.6,0,7.32,0,7.87,3.5,7.99,0,-85.5,5.58,18.875,0,12.36,0,1.234,1.55,0,6.19
3/8/2026,8:45, ,gtmfmwq_24G103006_030426_050000.bin,Fort Matanzas,GTMNERR,0,52.126,0,34.37,0,1.707,0,97.4,0,7.41,0,7.08,3.24,8,0,-86,5.58,18.658,0,9.45,0,1.231,1.5,0,5.98
3/8/2026,9:00, ,gtmfmwq_24G103006_030426_050000.bin,Fort Matanzas,GTMNERR,0,52.156,0,34.4,0,1.762,0,97.7,0,7.45,0,7.05,3.23,8.01,0,-86.3,5.59,18.581,0,8.7,0,1.221,1.14,0,4.54
3/8/2026,9:15, ,gtmfmwq_24G103006_030426_050000.bin,Fort Matanzas,GTMNERR,0,52.145,0,34.39,0,1.822,0,97.8,0,7.44,0,7.05,3.23,8.01,0,-86.2,5.65,18.64,0,9.06,0,1.22,1.49,0,5.96
3/8/2026,9:30, ,gtmfmwq_24G103006_030426_050000.bin,Fort Matanzas,GTMNERR,0,52.152,0,34.39,0,1.878,0,97.9,0,7.46,0,7,3.21,8.01,0,-86.3,5.65,18.626,0,7.95,0,1.217,1.32,0,5.27
3/8/2026,9:45, ,gtmfmwq_24G103006_030426_050000.bin,Fort Matanzas,GTMNERR,0,52.157,0,34.4,0,1.927,0,98.5,0,7.5,0,6.81,3.15,8.01,0,-86.4,5.64,18.634,0,7.52,0,1.224,1.4,0,5.59
3/8/2026,10:00, ,gtmfmwq_24G103006_030426_050000.bin,Fort Matanzas,GTMNERR,0,52.162,0,34.4,0,1.975,0,98.2,0,7.48,0,6.86,3.16,8.01,0,-86.3,5.65,18.631,0,7.17,0,1.227,1.4,0,5.59
3/8/2026,10:15, ,gtmfmwq_24G103006_030426_050000.bin,Fort Matanzas,GTMNERR,0,52.159,0,34.4,0,2.024,0,98.4,0,7.49,0,6.89,3.17,8.01,0,-86.4,5.65,18.642,0,6.11,0,1.226,1.19,0,4.75
3/8/2026,10:30, ,gtmfmwq_24G103006_030426_050000.bin,Fort Matanzas,GTMNERR,0,52.164,0,34.4,0,2.066,0,97.7,0,7.45,0,6.88,3.17,8.01,0,-86.3,5.64,18.581,0,7.17,0,1.227,1.51,0,6.04
3/8/2026,10:45, ,gtmfmwq_24G103006_030426_050000.bin,Fort Matanzas,GTMNERR,0,52.17,0,34.41,0,2.114,0,97.5,0,7.43,0,6.92,3.18,8.01,0,-86.2,5.65,18.573,0,4.9,0,1.23,1.24,0,4.94
3/8/2026,11:00, ,gtmfmwq_24G103006_030426_050000.bin,Fort Matanzas,GTMNERR,0,52.18,0,34.41,0,2.157,0,95.1,0,7.25,0,6.71,3.11,8,0,-85.6,5.63,18.554,0,4.97,0,1.23,1.11,0,4.42
3/8/2026,11:15, ,gtmfmwq_24G103006_030426_050000.bin,Fort Matanzas,GTMNERR,0,52.189,0,34.42,0,2.197,0,85.9,0,6.55,0,6.59,3.07,7.95,0,-83.1,5.65,18.566,0,4.5,0,1.229,0.61,0,2.39
3/8/2026,11:30, ,gtmfmwq_24G103006_030426_050000.bin,Fort Matanzas,GTMNERR,0,52.193,0,34.42,0,2.227,0,77.3,0,5.89,0,6.54,3.06,7.93,0,-81.6,5.64,18.578,0,6.86,0,1.227,0.84,0,3.3
3/8/2026,11:45, ,gtmfmwq_24G103006_030426_050000.bin,Fort Matanzas,GTMNERR,0,52.186,0,34.42,0,2.262,0,89.8,0,6.84,0,6.76,3.13,7.98,0,-84.4,5.64,18.584,0,4.73,0,1.222,0.93,0,3.69
3/8/2026,12:00, ,gtmfmwq_24G103006_030426_050000.bin,Fort Matanzas,GTMNERR,0,52.172,0,34.41,0,2.288,0,91.3,0,6.95,0,6.79,3.14,7.98,0,-84.4,5.65,18.628,0,6.09,0,1.221,1.1,0,4.38
3/8/2026,12:15, ,gtmfmwq_24G103006_030426_050000.bin,Fort Matanzas,GTMNERR,0,52.163,0,34.4,0,2.305,0,91.9,0,6.98,0,6.81,3.15,7.98,0,-84.8,5.62,18.713,0,6.26,0,1.215,1.09,0,4.31
3/8/2026,12:30, ,gtmfmwq_24G103006_030426_050000.bin,Fort Matanzas,GTMNERR,0,52.152,0,34.39,0,2.307,0,94.9,0,7.2,0,7,3.21,7.99,0,-85.3,5.64,18.811,0,4.28,0,1.219,0.97,0,3.85
3/8/2026,12:45, ,gtmfmwq_24G103006_030426_050000.bin,Fort Matanzas,GTMNERR,0,52.136,0,34.38,0,2.292,0,97.2,0,7.35,0,7.24,3.29,7.99,0,-85.6,5.62,19.044,0,5.77,0,1.226,1.35,0,5.39
3/8/2026,13:00, ,gtmfmwq_24G103006_030426_050000.bin,Fort Matanzas,GTMNERR,0,52.086,0,34.34,0,2.26,0,96.7,0,7.28,0,7.56,3.4,7.99,0,-85.1,5.61,19.27,0,7.78,0,1.227,1.47,0,5.86
3/8/2026,13:15, ,gtmfmwq_24G103006_030426_050000.bin,Fort Matanzas,GTMNERR,0,52.139,0,34.38,0,2.222,0,97.9,0,7.31,0,7.82,3.48,7.97,0,-84.3,5.61,19.699,0,6.61,0,1.215,1.26,0,5.01
3/8/2026,13:30, ,gtmfmwq_24G103006_030426_050000.bin,Fort Matanzas,GTMNERR,0,52.09,0,34.35,0,2.187,0,94.9,0,7.02,0,8.75,3.79,7.94,0,-82.6,5.59,20.22,0,6.53,0,1.226,1.15,0,4.55
3/8/2026,13:45, ,gtmfmwq_24G103006_030426_050000.bin,Fort Matanzas,GTMNERR,0,52.076,0,34.33,0,2.158,0,93.6,0,6.88,0,9.16,3.93,7.93,0,-81.9,5.58,20.55,0,6.63,0,1.228,1.09,0,4.33
3/8/2026,14:00, ,gtmfmwq_24G103006_030426_050000.bin,Fort Matanzas,GTMNERR,0,52.06,0,34.32,0,2.112,0,92.3,0,6.75,0,9.61,4.08,7.91,0,-81,5.55,20.836,0,6.06,0,1.223,0.99,0,3.91
3/8/2026,14:15, ,gtmfmwq_24G103006_030426_050000.bin,Fort Matanzas,GTMNERR,0,52.05,0,34.31,0,2.061,0,92.9,0,6.77,0,9.81,4.15,7.91,0,-80.8,5.6,21.068,0,7.17,0,1.22,1.18,0,4.68
3/8/2026,14:30, ,gtmfmwq_24G103006_030426_050000.bin,Fort Matanzas,GTMNERR,0,52.039,0,34.3,0,2.015,0,92.2,0,6.7,0,10.03,4.22,7.9,0,-80.2,5.59,21.24,0,5.5,0,1.218,0.96,0,3.79
3/8/2026,14:45, ,gtmfmwq_24G103006_030426_050000.bin,Fort Matanzas,GTMNERR,0,52.041,0,34.3,0,1.97,0,92.2,0,6.68,0,10.32,4.32,7.89,0,-80,5.57,21.386,0,5.96,0,1.22,1.02,0,4.03
3/8/2026,15:00, ,gtmfmwq_24G103006_030426_050000.bin,Fort Matanzas,GTMNERR,0,52.015,0,34.28,0,1.924,0,93.5,0,6.75,0,10.25,4.3,7.9,0,-80.6,5.64,21.526,0,5.56,0,1.233,1.11,0,4.39
3/8/2026,15:15, ,gtmfmwq_24G103006_030426_050000.bin,Fort Matanzas,GTMNERR,0,52.155,0,34.38,0,1.878,0,102.1,0,7.36,0,7.64,3.42,7.98,0,-85,5.61,21.568,0,6.67,0,1.231,0.71,0,2.79
3/8/2026,15:30, ,gtmfmwq_24G103006_030426_050000.bin,Fort Matanzas,GTMNERR,0,52.163,0,34.39,0,1.834,0,106.6,0,7.73,0,7.71,3.45,7.98,0,-85.1,5.61,21.305,0,5.77,0,1.22,0.86,0,3.41
3/8/2026,15:45, ,gtmfmwq_24G103006_030426_050000.bin,Fort Matanzas,GTMNERR,0,52.136,0,34.37,0,1.796,0,102.7,0,7.42,0,8.36,3.66,7.95,0,-83.4,5.64,21.455,0,5.84,0,1.218,0.83,0,3.26
3/8/2026,16:00, ,gtmfmwq_24G103006_030426_050000.bin,Fort Matanzas,GTMNERR,0,52.076,0,34.32,0,1.766,0,95,0,6.86,0,9.5,4.05,7.91,0,-81.1,5.62,21.54,0,3.71,0,1.221,0.61,0,2.37
3/8/2026,16:15, ,gtmfmwq_24G103006_030426_050000.bin,Fort Matanzas,GTMNERR,0,52.056,0,34.31,0,1.713,0,95.8,0,6.89,0,9.83,4.16,7.9,0,-80.7,5.62,21.732,0,4.17,0,1.229,1.02,0,4.04
3/8/2026,16:30, ,gtmfmwq_24G103006_030426_050000.bin,Fort Matanzas,GTMNERR,0,51.94,0,34.22,0,1.669,0,96.3,0,6.95,0,9.71,4.12,7.91,0,-81.1,5.62,21.594,0,5.78,0,1.229,1.2,0,4.76
3/8/2026,16:45, ,gtmfmwq_24G103006_030426_050000.bin,Fort Matanzas,GTMNERR,0,52.05,0,34.31,0,1.625,0,97.4,0,7.03,0,9.71,4.12,7.91,0,-81.1,5.61,21.598,0,4.3,0,1.234,1.35,0,5.37
3/8/2026,17:00, ,gtmfmwq_24G103006_030426_050000.bin,Fort Matanzas,GTMNERR,0,52.004,0,34.27,0,1.591,0,96.1,0,6.95,0,10.1,4.25,7.91,0,-80.8,5.64,21.466,0,4.9,0,1.234,1.39,0,5.54
3/8/2026,17:15, ,gtmfmwq_24G103006_030426_050000.bin,Fort Matanzas,GTMNERR,0,52.093,0,34.34,0,1.551,0,100.1,0,7.21,0,9.36,4,7.93,0,-82.2,5.61,21.681,0,5.78,0,1.234,1.25,0,4.96
3/8/2026,17:30, ,gtmfmwq_24G103006_030426_050000.bin,Fort Matanzas,GTMNERR,0,52.054,0,34.31,0,1.512,0,100.6,0,7.24,0,9.4,4.01,7.93,0,-82.3,5.65,21.716,0,5.76,0,1.23,1.33,0,5.28
3/8/2026,17:45, ,gtmfmwq_24G103006_030426_050000.bin,Fort Matanzas,GTMNERR,0,52.047,0,34.3,0,1.478,0,100.6,0,7.26,0,9.45,4.03,7.93,0,-82.4,5.62,21.586,0,6.21,0,1.222,1.29,0,5.15
3/8/2026,18:00, ,gtmfmwq_24G103006_030426_050000.bin,Fort Matanzas,GTMNERR,0,52.026,0,34.29,0,1.445,0,100,0,7.23,0,9.57,4.07,7.93,0,-82.3,5.63,21.525,0,6.47,0,1.23,1.42,0,5.64
3/8/2026,18:15, ,gtmfmwq_24G103006_030426_050000.bin,Fort Matanzas,GTMNERR,0,52.034,0,34.29,0,1.417,0,101.3,0,7.32,0,9.41,4.02,7.94,0,-82.9,5.63,21.544,0,6.17,0,1.223,1.4,0,5.57
3/8/2026,18:30, ,gtmfmwq_24G103006_030426_050000.bin,Fort Matanzas,GTMNERR,0,52.077,0,34.33,0,1.4,0,101.1,0,7.35,0,8.87,3.83,7.95,0,-83.1,5.61,21.185,0,5.77,0,1.218,1.61,0,6.42
3/8/2026,18:45, ,gtmfmwq_24G103006_030426_050000.bin,Fort Matanzas,GTMNERR,0,52.097,0,34.35,0,1.395,0,100.6,0,7.34,0,8.67,3.77,7.94,0,-83,5.64,20.99,0,7.86,0,1.222,1.65,0,6.57
3/8/2026,19:00, ,gtmfmwq_24G103006_030426_050000.bin,Fort Matanzas,GTMNERR,0,52.209,0,34.44,0,1.391,0,103.6,0,7.74,0,7.23,3.29,7.99,0,-85.5,5.61,19.653,0,13.83,0,1.232,2.32,0,9.31
3/8/2026,19:15, ,gtmfmwq_24G103006_030426_050000.bin,Fort Matanzas,GTMNERR,0,52.225,0,34.45,0,1.418,0,104.3,0,7.89,0,6.72,3.12,8,0,-86.2,5.52,18.956,0,13.53,0,1.229,2.67,0,10.7
3/8/2026,19:30, ,gtmfmwq_24G103006_030426_050000.bin,Fort Matanzas,GTMNERR,0,52.28,0,34.49,0,1.443,0,104.9,0,8,0,6.38,3,8.01,0,-86.6,5.53,18.486,0,12,0,1.225,2.79,0,11.19
3/8/2026,19:45, ,gtmfmwq_24G103006_030426_050000.bin,Fort Matanzas,GTMNERR,0,52.185,0,34.42,0,1.484,0,105,0,7.98,0,7.05,3.23,8.01,0,-86.3,5.48,18.753,0,1947.26,0,1.221,2.82,0,11.33
3/8/2026,20:00, ,gtmfmwq_24G103006_030426_050000.bin,Fort Matanzas,GTMNERR,0,52.051,0,34.32,0,1.535,0,104.5,0,7.88,0,7.97,3.54,8,0,-85.7,5.46,19.207,0,11.76,0,1.221,2.6,0,10.43
3/8/2026,20:15, ,gtmfmwq_24G103006_030426_050000.bin,Fort Matanzas,GTMNERR,0,51.826,0,34.15,0,1.593,0,103.5,0,7.7,0,9.45,4.03,7.98,0,-84.7,5.52,19.929,0,12.53,0,1.218,2.86,0,11.48
3/8/2026,20:30, ,gtmfmwq_24G103006_030426_050000.bin,Fort Matanzas,GTMNERR,0,51.731,0,34.08,0,1.652,0,102.3,0,7.57,0,10.04,4.23,7.96,0,-84,5.58,20.271,0,25.43,0,1.229,3.01,0,12.06
3/8/2026,20:45, ,gtmfmwq_24G103006_030426_050000.bin,Fort Matanzas,GTMNERR,0,51.705,0,34.06,0,1.712,0,101.5,0,7.5,0,10.51,4.38,7.96,0,-83.7,5.53,20.344,0,14.05,0,1.233,2.91,0,11.69
3/8/2026,21:00, ,gtmfmwq_24G103006_030426_050000.bin,Fort Matanzas,GTMNERR,0,51.753,0,34.1,0,1.778,0,101.7,0,7.54,0,9.97,4.2,7.96,0,-83.9,5.53,20.134,0,15.07,0,1.226,2.85,0,11.43
3/8/2026,21:15, ,gtmfmwq_24G103006_030426_050000.bin,Fort Matanzas,GTMNERR,0,51.8,0,34.13,0,1.837,0,101.9,0,7.59,0,9.58,4.07,7.97,0,-84.1,5.56,19.87,0,15.61,0,1.224,3,0,12.03
3/8/2026,21:30, ,gtmfmwq_24G103006_030426_050000.bin,Fort Matanzas,GTMNERR,0,51.92,0,34.22,0,1.896,0,102.2,0,7.68,0,8.8,3.81,7.98,0,-84.7,5.6,19.435,0,10.15,0,1.219,2.33,0,9.34
3/8/2026,21:45, ,gtmfmwq_24G103006_030426_050000.bin,Fort Matanzas,GTMNERR,0,52.01,0,34.29,0,1.963,0,102.1,0,7.72,0,8.26,3.63,7.99,0,-85.1,5.61,19.075,0,11.44,0,1.226,2.74,0,11.01
3/8/2026,22:00, ,gtmfmwq_24G103006_030426_050000.bin,Fort Matanzas,GTMNERR,0,52.096,0,34.35,0,2.016,0,102.2,0,7.76,0,7.66,3.43,7.99,0,-85.4,5.61,18.801,0,7.82,0,1.227,2.61,0,10.47
3/8/2026,22:15, ,gtmfmwq_24G103006_030426_050000.bin,Fort Matanzas,GTMNERR,0,52.147,0,34.39,0,2.074,0,102.1,0,7.78,0,7.24,3.29,8,0,-85.7,5.6,18.607,0,10.25,0,1.23,2.75,0,11.02
3/8/2026,22:30, ,gtmfmwq_24G103006_030426_050000.bin,Fort Matanzas,GTMNERR,0,52.179,0,34.41,0,2.127,0,101.8,0,7.77,0,6.87,3.17,8,0,-85.8,5.6,18.513,0,7.75,0,1.223,2.52,0,10.11
3/8/2026,22:45, ,gtmfmwq_24G103006_030426_050000.bin,Fort Matanzas,GTMNERR,0,52.213,0,34.44,0,2.181,0,101.2,0,7.74,0,6.65,3.09,8,0,-85.9,5.51,18.406,0,7.09,0,1.218,2.64,0,10.6
3/8/2026,23:00, ,gtmfmwq_24G103006_030426_050000.bin,Fort Matanzas,GTMNERR,0,52.224,0,34.44,0,2.235,0,98.4,0,7.52,0,6.45,3.02,7.98,0,-84.8,5.5,18.384,0,6.14,0,1.23,1.71,0,6.84
3/8/2026,23:15, ,gtmfmwq_24G103006_030426_050000.bin,Fort Matanzas,GTMNERR,0,52.232,0,34.45,0,2.292,0,96.5,0,7.38,0,6.43,3.02,7.98,0,-84.8,5.5,18.361,0,4.94,0,1.224,1.83,0,7.31
3/8/2026,23:30, ,gtmfmwq_24G103006_030426_050000.bin,Fort Matanzas,GTMNERR,0,52.264,0,34.47,0,2.342,0,93.4,0,7.16,0,6.2,2.94,7.97,0,-84.1,5.5,18.234,0,5.97,0,1.219,1.22,0,4.83
3/8/2026,23:45, ,gtmfmwq_24G103006_030426_050000.bin,Fort Matanzas,GTMNERR,0,52.278,0,34.48,0,2.377,0,84.3,0,6.46,0,6.42,3.02,7.96,0,-83.2,5.52,18.207,0,4.38,0,1.217,1.12,0,4.43
3/9/2026,0:00, ,gtmfmwq_24G103006_030426_050000.bin,Fort Matanzas,GTMNERR,0,52.274,0,34.48,0,2.406,0,93.6,0,7.18,0,6.43,3.02,7.99,0,-85.3,5.51,18.241,0,7.7,0,1.217,1.49,0,5.95
3/9/2026,0:15, ,gtmfmwq_24G103006_030426_050000.bin,Fort Matanzas,GTMNERR,0,52.267,0,34.48,0,2.434,0,97.8,0,7.48,0,6.77,3.13,8,0,-85.5,5.53,18.342,0,5.49,0,1.229,1.73,0,6.89
3/9/2026,0:30, ,gtmfmwq_24G103006_030426_050000.bin,Fort Matanzas,GTMNERR,0,52.202,0,34.43,0,2.451,0,99.4,0,7.59,0,6.99,3.21,8,0,-85.6,5.53,18.492,0,6.53,0,1.231,2.09,0,8.36
3/9/2026,0:45, ,gtmfmwq_24G103006_030426_050000.bin,Fort Matanzas,GTMNERR,0,52.047,0,34.32,0,2.454,0,98.1,0,7.37,0,9.07,3.9,7.97,0,-84,5.53,19.333,0,7,0,1.233,1.82,0,7.28
3/9/2026,1:00, ,gtmfmwq_24G103006_030426_050000.bin,Fort Matanzas,GTMNERR,0,52.014,0,34.29,0,2.446,0,96.6,0,7.25,0,8.93,3.86,7.96,0,-83.8,5.55,19.466,0,13.18,0,1.226,2.32,0,9.3
3/9/2026,1:15, ,gtmfmwq_24G103006_030426_050000.bin,Fort Matanzas,GTMNERR,0,51.997,0,34.28,0,2.424,0,96.5,0,7.12,0,9.52,4.05,7.95,0,-83,5.55,20.375,0,9.24,0,1.232,1.87,0,7.47
3/9/2026,1:30, ,gtmfmwq_24G103006_030426_050000.bin,Fort Matanzas,GTMNERR,0,52.014,0,34.29,0,2.393,0,96.6,0,7.08,0,9.5,4.05,7.94,0,-82.5,5.54,20.718,0,8.39,0,1.223,1.74,0,6.93
3/9/2026,1:45, ,gtmfmwq_24G103006_030426_050000.bin,Fort Matanzas,GTMNERR,0,51.995,0,34.27,0,2.358,0,96.1,0,7.01,0,9.6,4.08,7.93,0,-82.2,5.53,21.049,0,8.18,0,1.216,1.46,0,5.81
3/9/2026,2:00, ,gtmfmwq_24G103006_030426_050000.bin,Fort Matanzas,GTMNERR,0,51.966,0,34.25,0,2.313,0,95.6,0,6.94,0,9.86,4.16,7.93,0,-82,5.58,21.25,0,8.47,0,1.223,1.44,0,5.74
3/9/2026,2:15, ,gtmfmwq_24G103006_030426_050000.bin,Fort Matanzas,GTMNERR,0,51.948,0,34.23,0,2.271,0,95.1,0,6.89,0,10.21,4.28,7.92,0,-81.6,5.6,21.407,0,10.1,0,1.226,1.46,0,5.81
3/9/2026,2:30, ,gtmfmwq_24G103006_030426_050000.bin,Fort Matanzas,GTMNERR,0,51.905,0,34.2,0,2.233,0,94.1,0,6.78,0,10.65,4.43,7.91,0,-81.1,5.58,21.71,0,9.84,0,1.229,1.39,0,5.55
3/9/2026,2:45, ,gtmfmwq_24G103006_030426_050000.bin,Fort Matanzas,GTMNERR,0,51.87,0,34.17,0,2.181,0,93.5,0,6.71,0,11.05,4.56,7.9,0,-80.6,5.58,21.954,0,9.64,0,1.223,1.21,0,4.81
3/9/2026,3:00, ,gtmfmwq_24G103006_030426_050000.bin,Fort Matanzas,GTMNERR,0,51.864,0,34.16,0,2.134,0,94.1,0,6.75,0,11.36,4.67,7.9,0,-80.6,5.56,22.003,0,8.65,0,1.218,1.29,0,5.14
3/9/2026,3:15, ,gtmfmwq_24G103006_030426_050000.bin,Fort Matanzas,GTMNERR,0,51.847,0,34.15,0,2.088,0,91.9,0,6.58,0,11.64,4.76,7.89,0,-80.1,5.56,22.054,0,8.29,0,1.218,1.09,0,4.33
3/9/2026,3:30, ,gtmfmwq_24G103006_030426_050000.bin,Fort Matanzas,GTMNERR,0,51.827,0,34.14,0,2.043,0,92.2,0,6.61,0,11.64,4.76,7.89,0,-80.1,5.58,22,0,7.69,0,1.222,1.17,0,4.65
3/9/2026,3:45, ,gtmfmwq_24G103006_030426_050000.bin,Fort Matanzas,GTMNERR,0,51.853,0,34.16,0,2.001,0,90.7,0,6.53,0,11.46,4.7,7.88,0,-79.5,5.58,21.752,0,9.19,0,1.229,1.13,0,4.49
3/9/2026,4:00, ,gtmfmwq_24G103006_030426_050000.bin,Fort Matanzas,GTMNERR,0,51.923,0,34.22,0,1.964,0,88.6,0,6.49,0,10.83,4.49,7.89,0,-79.5,5.57,20.779,0,6.1,0,1.232,1.04,0,4.14
3/9/2026,4:15, ,gtmfmwq_24G103006_030426_050000.bin,Fort Matanzas,GTMNERR,0,51.907,0,34.21,0,1.921,0,82.3,0,6.02,0,10.59,4.41,7.86,0,-78.1,5.5,20.877,0,4.3,0,1.232,0.74,0,2.92
3/9/2026,4:30, ,gtmfmwq_24G103006_030426_050000.bin,Fort Matanzas,GTMNERR,0,51.868,0,34.18,0,1.882,0,87.6,0,6.38,0,11.12,4.59,7.88,0,-79,5.47,21.123,0,4.26,0,1.228,0.98,0,3.87
3/9/2026,4:45, ,gtmfmwq_24G103006_030426_050000.bin,Fort Matanzas,GTMNERR,0,51.85,0,34.16,0,1.837,0,86.6,0,6.32,0,11.16,4.6,7.87,0,-78.9,5.49,20.96,0,5.15,0,1.229,1.04,0,4.12
3/9/2026,5:00, ,gtmfmwq_24G103006_030426_050000.bin,Fort Matanzas,GTMNERR,0,51.859,0,34.17,0,1.801,0,89.4,0,6.49,0,11.47,4.7,7.88,0,-79.3,5.52,21.371,0,4.82,0,1.23,1.15,0,4.58
3/9/2026,5:15, ,gtmfmwq_24G103006_030426_050000.bin,Fort Matanzas,GTMNERR,0,51.827,0,34.14,0,1.761,0,89,0,6.45,0,11.54,4.73,7.88,0,-79.3,5.5,21.386,0,4.44,0,1.223,1.11,0,4.42
3/9/2026,5:30, ,gtmfmwq_24G103006_030426_050000.bin,Fort Matanzas,GTMNERR,0,51.847,0,34.16,0,1.724,0,89.2,0,6.46,0,11.57,4.74,7.88,0,-79.2,5.5,21.43,0,4.41,0,1.216,1.01,0,4.02
3/9/2026,5:45, ,gtmfmwq_24G103006_030426_050000.bin,Fort Matanzas,GTMNERR,0,51.849,0,34.16,0,1.686,0,90.5,0,6.56,0,11.73,4.79,7.89,0,-79.8,5.49,21.391,0,4.74,0,1.217,1.1,0,4.35
3/9/2026,6:00, ,gtmfmwq_24G103006_030426_050000.bin,Fort Matanzas,GTMNERR,0,51.845,0,34.16,0,1.647,0,89.7,0,6.5,0,11.38,4.67,7.88,0,-79.5,5.49,21.37,0,5.5,0,1.224,1,0,3.95
3/9/2026,6:15, ,gtmfmwq_24G103006_030426_050000.bin,Fort Matanzas,GTMNERR,0,51.919,0,34.22,0,1.606,0,87,0,6.38,0,10.87,4.5,7.88,0,-79.1,5.49,20.764,0,6.16,0,1.221,0.97,0,3.82
3/9/2026,6:30, ,gtmfmwq_24G103006_030426_050000.bin,Fort Matanzas,GTMNERR,0,51.941,0,34.23,0,1.574,0,89.9,0,6.56,0,11.05,4.56,7.89,0,-80,5.48,21.041,0,4.94,0,1.218,1.22,0,4.85
3/9/2026,6:45, ,gtmfmwq_24G103006_030426_050000.bin,Fort Matanzas,GTMNERR,0,51.859,0,34.17,0,1.54,0,88.2,0,6.46,0,10.76,4.47,7.89,0,-79.6,5.49,20.847,0,5.5,0,1.22,1.06,0,4.19
3/9/2026,7:00, ,gtmfmwq_24G103006_030426_050000.bin,Fort Matanzas,GTMNERR,0,51.877,0,34.19,0,1.518,0,88.3,0,6.48,0,10.79,4.48,7.89,0,-79.6,5.48,20.723,0,4.86,0,1.226,0.95,0,3.77
3/9/2026,7:15, ,gtmfmwq_24G103006_030426_050000.bin,Fort Matanzas,GTMNERR,0,51.932,0,34.23,0,1.496,0,86.4,0,6.38,0,10.72,4.45,7.88,0,-79.1,5.48,20.359,0,4.68,0,1.228,0.91,0,3.61
3/9/2026,7:30, ,gtmfmwq_24G103006_030426_050000.bin,Fort Matanzas,GTMNERR,0,51.969,0,34.26,0,1.484,0,83.8,0,6.23,0,10.66,4.43,7.87,0,-78.4,5.52,19.981,0,5.6,0,1.229,0.84,0,3.31
3/9/2026,7:45, ,gtmfmwq_24G103006_030426_050000.bin,Fort Matanzas,GTMNERR,0,51.969,0,34.26,0,1.492,0,84.2,0,6.26,0,10.52,4.39,7.87,0,-78.7,5.53,19.951,0,7.61,0,1.229,0.88,0,3.46
3/9/2026,8:00, ,gtmfmwq_24G103006_030426_050000.bin,Fort Matanzas,GTMNERR,0,52.204,0,34.43,0,1.497,0,91.1,0,6.98,0,7.41,3.35,7.95,0,-83.1,5.57,18.259,0,12.82,0,1.23,1.7,0,6.79
3/9/2026,8:15, ,gtmfmwq_24G103006_030426_050000.bin,Fort Matanzas,GTMNERR,0,52.282,0,34.48,0,1.52,0,91.8,0,7.13,0,6.92,3.18,7.97,0,-84,5.52,17.544,0,19.2,0,1.233,2.47,0,9.89
3/9/2026,8:30, ,gtmfmwq_24G103006_030426_050000.bin,Fort Matanzas,GTMNERR,0,52.286,0,34.48,0,1.547,0,92.8,0,7.26,0,6.69,3.11,7.98,0,-84.6,5.55,17.146,0,10.88,0,1.224,2.27,0,9.11
3/9/2026,8:45, ,gtmfmwq_24G103006_030426_050000.bin,Fort Matanzas,GTMNERR,0,52.289,0,34.48,0,1.579,0,94,0,7.39,0,6.58,3.07,8,0,-85.2,5.59,16.944,0,9.42,0,1.217,2.2,0,8.82
3/9/2026,9:00, ,gtmfmwq_24G103006_030426_050000.bin,Fort Matanzas,GTMNERR,0,52.213,0,34.43,0,1.626,0,94.8,0,7.42,0,7.04,3.22,7.99,0,-85,5.53,17.196,0,10.72,0,1.219,2.44,0,9.77
3/9/2026,9:15, ,gtmfmwq_24G103006_030426_050000.bin,Fort Matanzas,GTMNERR,0,52.14,0,34.38,0,1.675,0,94.5,0,7.36,0,7.67,3.43,7.98,0,-84.6,5.52,17.437,0,12.61,0,1.219,2.41,0,9.67
3/9/2026,9:30, ,gtmfmwq_24G103006_030426_050000.bin,Fort Matanzas,GTMNERR,0,52.151,0,34.38,0,1.735,0,94.6,0,7.37,0,7.51,3.38,7.99,0,-84.7,5.53,17.418,0,12.6,0,1.215,2.6,0,10.43
3/9/2026,9:45, ,gtmfmwq_24G103006_030426_050000.bin,Fort Matanzas,GTMNERR,0,52.196,0,34.42,0,1.78,0,95.1,0,7.41,0,7.19,3.27,7.99,0,-85,5.53,17.373,0,10.28,0,1.221,2.21,0,8.86
3/9/2026,10:00, ,gtmfmwq_24G103006_030426_050000.bin,Fort Matanzas,GTMNERR,0,52.193,0,34.41,0,1.841,0,95.8,0,7.46,0,7.33,3.32,7.99,0,-85.1,5.49,17.414,0,8.39,0,1.228,1.72,0,6.88
3/9/2026,10:15, ,gtmfmwq_24G103006_030426_050000.bin,Fort Matanzas,GTMNERR,0,52.184,0,34.41,0,1.887,0,95.8,0,7.45,0,7.4,3.34,7.99,0,-85,5.42,17.495,0,7.93,0,1.223,2.25,0,9.02
3/9/2026,10:30, ,gtmfmwq_24G103006_030426_050000.bin,Fort Matanzas,GTMNERR,0,52.166,0,34.4,0,1.936,0,96,0,7.46,0,7.58,3.4,7.99,0,-85,5.53,17.537,0,7.67,0,1.225,2.29,0,9.18
3/9/2026,10:45, ,gtmfmwq_24G103006_030426_050000.bin,Fort Matanzas,GTMNERR,0,52.148,0,34.38,0,1.976,0,95.4,0,7.41,0,7.53,3.39,7.98,0,-84.7,5.59,17.573,0,6.88,0,1.223,2.06,0,8.25
3/9/2026,11:00, ,gtmfmwq_24G103006_030426_050000.bin,Fort Matanzas,GTMNERR,0,52.155,0,34.39,0,2.021,0,95.1,0,7.38,0,7.57,3.4,7.98,0,-84.7,5.6,17.578,0,5.39,0,1.226,2.19,0,8.78
3/9/2026,11:15, ,gtmfmwq_24G103006_030426_050000.bin,Fort Matanzas,GTMNERR,0,52.17,0,34.4,0,2.059,0,94.2,0,7.33,0,7.48,3.37,7.98,0,-84.5,5.6,17.518,0,7.54,0,1.226,1.9,0,7.61
3/9/2026,11:30, ,gtmfmwq_24G103006_030426_050000.bin,Fort Matanzas,GTMNERR,0,52.193,0,34.41,0,2.102,0,91.1,0,7.09,0,7.32,3.32,7.97,0,-84,5.59,17.462,0,6.3,0,1.224,1.89,0,7.56
3/9/2026,11:45, ,gtmfmwq_24G103006_030426_050000.bin,Fort Matanzas,GTMNERR,0,52.213,0,34.43,0,2.138,0,85.3,0,6.64,0,6.87,3.17,7.94,0,-82.2,5.6,17.427,0,7.87,0,1.227,1.73,0,6.93
3/9/2026,12:00, ,gtmfmwq_24G103006_030426_050000.bin,Fort Matanzas,GTMNERR,0,52.219,0,34.43,0,2.173,0,73.5,0,5.73,0,7.1,3.24,7.91,0,-80.1,5.59,17.415,0,4.68,0,1.229,1.33,0,5.31
3/9/2026,12:15, ,gtmfmwq_24G103006_030426_050000.bin,Fort Matanzas,GTMNERR,0,52.208,0,34.43,0,2.202,0,83.4,0,6.49,0,7.21,3.28,7.93,0,-81.7,5.6,17.41,0,6.46,0,1.227,1.54,0,6.14
3/9/2026,12:30, ,gtmfmwq_24G103006_030426_050000.bin,Fort Matanzas,GTMNERR,0,52.209,0,34.43,0,2.229,0,86.2,0,6.72,0,7.15,3.26,7.95,0,-82.6,5.59,17.408,0,6.85,0,1.233,1.41,0,5.62
3/9/2026,12:45, ,gtmfmwq_24G103006_030426_050000.bin,Fort Matanzas,GTMNERR,0,52.184,0,34.41,0,2.24,0,87,0,6.76,0,7.54,3.39,7.95,0,-82.7,5.58,17.545,0,6.55,0,1.226,1.79,0,7.15
3/9/2026,13:00, ,gtmfmwq_24G103006_030426_050000.bin,Fort Matanzas,GTMNERR,0,52.165,0,34.4,0,2.25,0,91.1,0,7.07,0,7.63,3.42,7.96,0,-83.6,5.59,17.667,0,5.86,0,1.22,1.82,0,7.26
3/9/2026,13:15, ,gtmfmwq_24G103006_030426_050000.bin,Fort Matanzas,GTMNERR,0,52.165,0,34.4,0,2.244,0,95,0,7.34,0,7.39,3.34,7.99,0,-84.8,5.57,17.864,0,8.38,0,1.226,1.94,0,7.77
3/9/2026,13:30, ,gtmfmwq_24G103006_030426_050000.bin,Fort Matanzas,GTMNERR,0,52.231,0,34.45,0,2.221,0,96.8,0,7.37,0,7.29,3.31,7.98,0,-84.6,5.58,18.63,0,7.11,0,1.22,2.02,0,8.07
3/9/2026,13:45, ,gtmfmwq_24G103006_030426_050000.bin,Fort Matanzas,GTMNERR,0,52.109,0,34.36,0,2.202,0,95.1,0,7.1,0,8.28,3.64,7.95,0,-82.9,5.58,19.669,0,6.93,0,1.222,1.53,0,6.12
3/9/2026,14:00, ,gtmfmwq_24G103006_030426_050000.bin,Fort Matanzas,GTMNERR,0,52.055,0,34.32,0,2.175,0,93.1,0,6.91,0,9.01,3.88,7.93,0,-81.8,5.57,20.062,0,7.63,0,1.231,1.29,0,5.14
3/9/2026,14:15, ,gtmfmwq_24G103006_030426_050000.bin,Fort Matanzas,GTMNERR,0,52.01,0,34.28,0,2.149,0,92.1,0,6.79,0,9.31,3.98,7.92,0,-81.2,5.6,20.433,0,6.54,0,1.215,1.24,0,4.92
3/9/2026,14:30, ,gtmfmwq_24G103006_030426_050000.bin,Fort Matanzas,GTMNERR,0,51.989,0,34.27,0,2.114,0,92.9,0,6.81,0,9.6,4.08,7.91,0,-81.1,5.6,20.767,0,6.61,0,1.223,1.42,0,5.64
3/9/2026,14:45, ,gtmfmwq_24G103006_030426_050000.bin,Fort Matanzas,GTMNERR,0,51.967,0,34.25,0,2.073,0,92.4,0,6.73,0,9.69,4.11,7.9,0,-80.6,5.61,21.074,0,7.4,0,1.222,1.27,0,5.06
3/9/2026,15:00, ,gtmfmwq_24G103006_030426_050000.bin,Fort Matanzas,GTMNERR,0,51.941,0,34.23,0,2.037,0,90.4,0,6.54,0,10.15,4.26,7.89,0,-79.8,5.56,21.402,0,6.91,0,1.222,1.14,0,4.52
3/9/2026,15:15, ,gtmfmwq_24G103006_030426_050000.bin,Fort Matanzas,GTMNERR,0,51.942,0,34.23,0,1.998,0,91.7,0,6.62,0,10.3,4.31,7.89,0,-79.6,5.56,21.594,0,6.11,0,1.224,1.21,0,4.79
3/9/2026,15:30, ,gtmfmwq_24G103006_030426_050000.bin,Fort Matanzas,GTMNERR,0,51.927,0,34.21,0,1.958,0,92.7,0,6.66,0,10.63,4.42,7.88,0,-79.6,5.54,21.844,0,5.88,0,1.222,1.14,0,4.52
3/9/2026,15:45, ,gtmfmwq_24G103006_030426_050000.bin,Fort Matanzas,GTMNERR,0,51.936,0,34.22,0,1.922,0,89.3,0,6.41,0,10.57,4.4,7.88,0,-79.1,5.47,21.933,0,5.06,0,1.222,1.02,0,4.05
3/9/2026,16:00, ,gtmfmwq_24G103006_030426_050000.bin,Fort Matanzas,GTMNERR,0,51.981,0,34.25,0,1.882,0,96.6,0,6.95,0,10.03,4.22,7.9,0,-80.7,5.44,21.752,0,5.17,0,1.217,1.16,0,4.59
3/9/2026,16:15, ,gtmfmwq_24G103006_030426_050000.bin,Fort Matanzas,GTMNERR,0,52.069,0,34.32,0,1.838,0,100.4,0,7.22,0,9.65,4.1,7.91,0,-81,5.37,21.787,0,5.71,0,1.22,1.13,0,4.51
3/9/2026,16:30, ,gtmfmwq_24G103006_030426_050000.bin,Fort Matanzas,GTMNERR,0,51.982,0,34.26,0,1.796,0,106.9,0,7.72,0,8.23,3.62,7.95,0,-83.5,5.61,21.569,0,5.22,0,1.224,0.78,0,3.09
3/9/2026,16:45, ,gtmfmwq_24G103006_030426_050000.bin,Fort Matanzas,GTMNERR,0,52.007,0,34.27,0,1.758,0,100.9,0,7.2,0,9.96,4.2,7.91,0,-81,5.59,22.22,0,5.16,0,1.227,1.15,0,4.58
3/9/2026,17:00, ,gtmfmwq_24G103006_030426_050000.bin,Fort Matanzas,GTMNERR,0,51.955,0,34.23,0,1.717,0,96.2,0,6.87,0,10.54,4.39,7.89,0,-79.8,5.56,22.204,0,4.1,0,1.23,1.26,0,4.99
3/9/2026,17:15, ,gtmfmwq_24G103006_030426_050000.bin,Fort Matanzas,GTMNERR,0,51.943,0,34.22,0,1.681,0,95.1,0,6.83,0,10.33,4.32,7.89,0,-80,5.57,21.883,0,5.87,0,1.225,1.19,0,4.71
3/9/2026,17:30, ,gtmfmwq_24G103006_030426_050000.bin,Fort Matanzas,GTMNERR,0,51.957,0,34.24,0,1.643,0,94.2,0,6.78,0,10.39,4.34,7.89,0,-79.9,5.56,21.717,0,5.13,0,1.219,1.24,0,4.95
3/9/2026,17:45, ,gtmfmwq_24G103006_030426_050000.bin,Fort Matanzas,GTMNERR,0,51.957,0,34.24,0,1.605,0,95.3,0,6.88,0,10.45,4.36,7.9,0,-80.4,5.58,21.65,0,4.81,0,1.221,1.27,0,5.07
3/9/2026,18:00, ,gtmfmwq_24G103006_030426_050000.bin,Fort Matanzas,GTMNERR,0,51.996,0,34.26,0,1.568,0,98.3,0,7.07,0,9.99,4.21,7.91,0,-81.1,5.59,21.813,0,4.87,0,1.234,1.65,0,6.57
3/9/2026,18:15, ,gtmfmwq_24G103006_030426_050000.bin,Fort Matanzas,GTMNERR,0,52.087,0,34.33,0,1.535,0,99.2,0,7.1,0,9.91,4.18,7.91,0,-81,5.57,22.027,0,5.78,0,1.224,1.51,0,6.02
3/9/2026,18:30, ,gtmfmwq_24G103006_030426_050000.bin,Fort Matanzas,GTMNERR,0,52.091,0,34.33,0,1.503,0,102.1,0,7.3,0,9.59,4.07,7.92,0,-81.5,5.58,22.151,0,6.11,0,1.218,1.38,0,5.51
3/9/2026,18:45, ,gtmfmwq_24G103006_030426_050000.bin,Fort Matanzas,GTMNERR,0,52.082,0,34.33,0,1.474,0,101.5,0,7.29,0,9.61,4.08,7.92,0,-81.7,5.58,21.833,0,5.22,0,1.227,1.67,0,6.65
3/9/2026,19:00, ,gtmfmwq_24G103006_030426_050000.bin,Fort Matanzas,GTMNERR,0,52.039,0,34.3,0,1.455,0,100.2,0,7.24,0,9.65,4.09,7.92,0,-81.7,5.61,21.546,0,5.72,0,1.229,1.75,0,6.98
3/9/2026,19:15, ,gtmfmwq_24G103006_030426_050000.bin,Fort Matanzas,GTMNERR,0,52.081,0,34.33,0,1.441,0,101.2,0,7.32,0,9.35,3.99,7.93,0,-82.1,5.61,21.44,0,6.32,0,1.228,1.75,0,7.01
3/9/2026,19:30, ,gtmfmwq_24G103006_030426_050000.bin,Fort Matanzas,GTMNERR,0,52.074,0,34.33,0,1.446,0,100.1,0,7.28,0,9.04,3.89,7.93,0,-82.1,5.6,21.188,0,7.05,0,1.217,1.77,0,7.08
3/9/2026,19:45, ,gtmfmwq_24G103006_030426_050000.bin,Fort Matanzas,GTMNERR,0,52.113,0,34.36,0,1.458,0,102.3,0,7.54,0,7.99,3.54,7.96,0,-83.8,5.57,20.36,0,10.5,0,1.226,2.32,0,9.29
3/9/2026,20:00, ,gtmfmwq_24G103006_030426_050000.bin,Fort Matanzas,GTMNERR,0,52.315,0,34.51,0,1.485,0,105.4,0,7.95,0,6.47,3.03,8,0,-86.1,5.45,19.073,0,14.89,0,1.229,3.44,0,13.82
3/9/2026,20:15, ,gtmfmwq_24G103006_030426_050000.bin,Fort Matanzas,GTMNERR,0,52.375,0,34.56,0,1.517,0,105.7,0,8.05,0,6.18,2.94,8.02,0,-86.7,5.55,18.564,0,12.35,0,1.227,2.84,0,11.38
3/9/2026,20:30, ,gtmfmwq_24G103006_030426_050000.bin,Fort Matanzas,GTMNERR,0,52.356,0,34.54,0,1.553,0,106.2,0,8.13,0,6.28,2.97,8.02,0,-87,5.54,18.307,0,9.6,0,1.224,3.31,0,13.3
3/9/2026,20:45, ,gtmfmwq_24G103006_030426_050000.bin,Fort Matanzas,GTMNERR,0,52.227,0,34.45,0,1.601,0,106.7,0,8.12,0,7.04,3.22,8.01,0,-86.3,5.53,18.623,0,11.23,0,1.227,3.64,0,14.62
3/9/2026,21:00, ,gtmfmwq_24G103006_030426_050000.bin,Fort Matanzas,GTMNERR,0,52.047,0,34.32,0,1.645,0,106.4,0,8.04,0,8.08,3.57,8,0,-85.7,5.52,19.105,0,13.36,0,1.228,4.18,0,16.82
3/9/2026,21:15, ,gtmfmwq_24G103006_030426_050000.bin,Fort Matanzas,GTMNERR,0,51.946,0,34.24,0,1.698,0,105.7,0,7.95,0,8.83,3.82,7.99,0,-85.3,5.53,19.351,0,14.37,0,1.23,4.39,0,17.64
3/9/2026,21:30, ,gtmfmwq_24G103006_030426_050000.bin,Fort Matanzas,GTMNERR,0,51.93,0,34.23,0,1.763,0,105.2,0,7.91,0,8.97,3.87,7.99,0,-85.2,5.48,19.35,0,11.03,0,1.228,4.65,0,18.7
3/9/2026,21:45, ,gtmfmwq_24G103006_030426_050000.bin,Fort Matanzas,GTMNERR,0,51.961,0,34.25,0,1.819,0,104.7,0,7.88,0,8.77,3.8,7.99,0,-85.2,5.4,19.264,0,16.17,0,1.233,3.91,0,15.74
3/9/2026,22:00, ,gtmfmwq_24G103006_030426_050000.bin,Fort Matanzas,GTMNERR,0,52.02,0,34.3,0,1.874,0,103.8,0,7.84,0,8.45,3.69,7.99,0,-85.4,5.58,19.059,0,12.61,0,1.223,3.41,0,13.7
3/9/2026,22:15, ,gtmfmwq_24G103006_030426_050000.bin,Fort Matanzas,GTMNERR,0,52.096,0,34.35,0,1.926,0,104,0,7.9,0,7.94,3.52,8,0,-85.7,5.55,18.812,0,10.91,0,1.217,3.56,0,14.32
3/9/2026,22:30, ,gtmfmwq_24G103006_030426_050000.bin,Fort Matanzas,GTMNERR,0,52.164,0,34.4,0,1.974,0,103.9,0,7.91,0,7.49,3.37,8,0,-86,5.53,18.6,0,9.83,0,1.219,3.58,0,14.37
3/9/2026,22:45, ,gtmfmwq_24G103006_030426_050000.bin,Fort Matanzas,GTMNERR,0,52.211,0,34.44,0,2.02,0,103.1,0,7.87,0,7.08,3.24,8,0,-86,5.51,18.472,0,10.1,0,1.224,3.87,0,15.54
3/9/2026,23:00, ,gtmfmwq_24G103006_030426_050000.bin,Fort Matanzas,GTMNERR,0,52.263,0,34.47,0,2.074,0,103.2,0,7.89,0,6.85,3.16,8.01,0,-86.3,5.51,18.34,0,7.79,0,1.231,3.23,0,12.96
3/9/2026,23:15, ,gtmfmwq_24G103006_030426_050000.bin,Fort Matanzas,GTMNERR,0,52.28,0,34.49,0,2.128,0,103,0,7.88,0,6.75,3.13,8.01,0,-86.3,5.49,18.302,0,8.6,0,1.227,3.11,0,12.49
3/9/2026,23:30, ,gtmfmwq_24G103006_030426_050000.bin,Fort Matanzas,GTMNERR,0,52.295,0,34.5,0,2.177,0,101.9,0,7.8,0,6.57,3.07,8.01,0,-86.3,5.45,18.286,0,6.8,0,1.222,4.07,0,16.38
3/9/2026,23:45, ,gtmfmwq_24G103006_030426_050000.bin,Fort Matanzas,GTMNERR,0,52.304,0,34.5,0,2.227,0,101.4,0,7.77,0,6.63,3.09,8.01,0,-86.2,5.38,18.274,0,5.96,0,1.222,2.83,0,11.37
3/10/2026,0:00, ,gtmfmwq_24G103006_030426_050000.bin,Fort Matanzas,GTMNERR,0,52.309,0,34.51,0,2.274,0,92.8,0,7.11,0,6.49,3.04,7.97,0,-84,5.53,18.275,0,5.76,0,1.226,1.6,0,6.37
3/10/2026,0:15, ,gtmfmwq_24G103006_030426_050000.bin,Fort Matanzas,GTMNERR,0,52.31,0,34.51,0,2.324,0,76,0,5.82,0,6.47,3.03,7.9,0,-79.9,5.52,18.285,0,5.4,0,1.218,1.14,0,4.53
3/10/2026,0:30, ,gtmfmwq_24G103006_030426_050000.bin,Fort Matanzas,GTMNERR,0,52.315,0,34.51,0,2.366,0,72,0,5.51,0,6.43,3.02,7.88,0,-78.8,5.45,18.292,0,5.17,0,1.227,1.12,0,4.46
3/10/2026,0:45, ,gtmfmwq_24G103006_030426_050000.bin,Fort Matanzas,GTMNERR,0,52.307,0,34.51,0,2.403,0,85.4,0,6.54,0,6.56,3.06,7.93,0,-81.7,5.43,18.302,0,4.63,0,1.231,1.02,0,4.02
3/10/2026,1:00, ,gtmfmwq_24G103006_030426_050000.bin,Fort Matanzas,GTMNERR,0,52.294,0,34.5,0,2.428,0,88.7,0,6.79,0,6.74,3.12,7.97,0,-83.9,5.36,18.326,0,5.76,0,1.223,1.7,0,6.8
3/10/2026,1:15, ,gtmfmwq_24G103006_030426_050000.bin,Fort Matanzas,GTMNERR,0,52.258,0,34.47,0,2.442,0,98.3,0,7.52,0,6.87,3.17,7.99,0,-85.5,5.31,18.384,0,7.08,0,1.222,2.59,0,10.38
3/10/2026,1:30, ,gtmfmwq_24G103006_030426_050000.bin,Fort Matanzas,GTMNERR,0,52.148,0,34.39,0,2.45,0,99.8,0,7.59,0,7.61,3.41,7.99,0,-85.1,5.36,18.687,0,7.52,0,1.222,2.62,0,10.52
3/10/2026,1:45, ,gtmfmwq_24G103006_030426_050000.bin,Fort Matanzas,GTMNERR,0,52.1,0,34.35,0,2.448,0,100.1,0,7.53,0,8.61,3.75,7.97,0,-84.5,5.46,19.294,0,11.52,0,1.227,3.06,0,12.28
3/10/2026,2:00, ,gtmfmwq_24G103006_030426_050000.bin,Fort Matanzas,GTMNERR,0,52.109,0,34.36,0,2.431,0,96.9,0,7.15,0,9.13,3.92,7.94,0,-82.5,5.61,20.377,0,10.44,0,1.219,2.38,0,9.52
3/10/2026,2:15, ,gtmfmwq_24G103006_030426_050000.bin,Fort Matanzas,GTMNERR,0,52.095,0,34.34,0,2.406,0,96.4,0,7.04,0,9.55,4.06,7.93,0,-81.9,5.53,20.925,0,7.81,0,1.218,1.84,0,7.35
3/10/2026,2:30, ,gtmfmwq_24G103006_030426_050000.bin,Fort Matanzas,GTMNERR,0,52.06,0,34.32,0,2.367,0,96.3,0,6.99,0,9.81,4.15,7.92,0,-81.5,5.5,21.279,0,9.28,0,1.218,1.82,0,7.26
3/10/2026,2:45, ,gtmfmwq_24G103006_030426_050000.bin,Fort Matanzas,GTMNERR,0,52.047,0,34.3,0,2.337,0,96.7,0,6.98,0,10.09,4.24,7.91,0,-81.4,5.5,21.605,0,8.19,0,1.217,1.68,0,6.71
3/10/2026,3:00, ,gtmfmwq_24G103006_030426_050000.bin,Fort Matanzas,GTMNERR,0,52.036,0,34.29,0,2.294,0,94.5,0,6.79,0,10.57,4.4,7.9,0,-80.6,5.49,21.872,0,8.94,0,1.217,1.52,0,6.05
3/10/2026,3:15, ,gtmfmwq_24G103006_030426_050000.bin,Fort Matanzas,GTMNERR,0,52.003,0,34.26,0,2.25,0,94.6,0,6.75,0,11.08,4.57,7.89,0,-80.3,5.52,22.225,0,8.67,0,1.221,1.41,0,5.61
3/10/2026,3:30, ,gtmfmwq_24G103006_030426_050000.bin,Fort Matanzas,GTMNERR,0,51.971,0,34.24,0,2.205,0,94.5,0,6.72,0,11.19,4.61,7.89,0,-80.1,5.47,22.45,0,9,0,1.217,1.5,0,5.97
3/10/2026,3:45, ,gtmfmwq_24G103006_030426_050000.bin,Fort Matanzas,GTMNERR,0,51.957,0,34.22,0,2.156,0,94.8,0,6.73,0,11.64,4.76,7.89,0,-79.9,5.45,22.552,0,9.55,0,1.217,1.43,0,5.72
3/10/2026,4:00, ,gtmfmwq_24G103006_030426_050000.bin,Fort Matanzas,GTMNERR,0,51.953,0,34.22,0,2.114,0,90.2,0,6.39,0,12.07,4.9,7.86,0,-78.2,5.44,22.64,0,6.33,0,1.215,1,0,3.94
3/10/2026,4:15, ,gtmfmwq_24G103006_030426_050000.bin,Fort Matanzas,GTMNERR,0,51.947,0,34.21,0,2.074,0,91.2,0,6.46,0,12.09,4.91,7.87,0,-78.9,5.43,22.692,0,6.23,0,1.216,1.09,0,4.33
3/10/2026,4:30, ,gtmfmwq_24G103006_030426_050000.bin,Fort Matanzas,GTMNERR,0,51.99,0,34.26,0,2.037,0,91.3,0,6.54,0,11.7,4.78,7.88,0,-79.2,5.52,22.071,0,6.62,0,1.22,1.18,0,4.67
3/10/2026,4:45, ,gtmfmwq_24G103006_030426_050000.bin,Fort Matanzas,GTMNERR,0,51.943,0,34.23,0,1.998,0,87.9,0,6.36,0,11.21,4.62,7.87,0,-78.6,5.51,21.437,0,6.82,0,1.223,1.15,0,4.56
3/10/2026,5:00, ,gtmfmwq_24G103006_030426_050000.bin,Fort Matanzas,GTMNERR,0,52.014,0,34.28,0,1.959,0,88.2,0,6.42,0,10.87,4.5,7.87,0,-78.8,5.5,21.094,0,5.71,0,1.221,0.99,0,3.92
3/10/2026,5:15, ,gtmfmwq_24G103006_030426_050000.bin,Fort Matanzas,GTMNERR,0,52.006,0,34.27,0,1.917,0,85.1,0,6.16,0,11.2,4.61,7.86,0,-77.8,5.52,21.4,0,5.1,0,1.229,1.13,0,4.49
3/10/2026,5:30, ,gtmfmwq_24G103006_030426_050000.bin,Fort Matanzas,GTMNERR,0,51.967,0,34.25,0,1.881,0,84.6,0,6.15,0,10.97,4.54,7.85,0,-77.4,5.51,21.167,0,3.87,0,1.231,0.96,0,3.81
3/10/2026,5:45, ,gtmfmwq_24G103006_030426_050000.bin,Fort Matanzas,GTMNERR,0,51.995,0,34.27,0,1.84,0,88,0,6.36,0,11.18,4.61,7.87,0,-78.4,5.51,21.53,0,6.5,0,1.223,1.11,0,4.39
3/10/2026,6:00, ,gtmfmwq_24G103006_030426_050000.bin,Fort Matanzas,GTMNERR,0,52.018,0,34.28,0,1.804,0,89,0,6.41,0,11.68,4.77,7.87,0,-78.5,5.49,21.734,0,5.42,0,1.215,1.23,0,4.87
3/10/2026,6:15, ,gtmfmwq_24G103006_030426_050000.bin,Fort Matanzas,GTMNERR,0,52.004,0,34.27,0,1.766,0,88,0,6.36,0,11.45,4.7,7.87,0,-78.6,5.5,21.523,0,5.56,0,1.221,1.06,0,4.2
3/10/2026,6:30, ,gtmfmwq_24G103006_030426_050000.bin,Fort Matanzas,GTMNERR,0,51.996,0,34.26,0,1.733,0,90.9,0,6.53,0,11.61,4.75,7.88,0,-79.3,5.5,21.846,0,5.03,0,1.231,1.22,0,4.83
3/10/2026,6:45, ,gtmfmwq_24G103006_030426_050000.bin,Fort Matanzas,GTMNERR,0,51.979,0,34.25,0,1.701,0,89.1,0,6.43,0,11.35,4.66,7.87,0,-79,5.49,21.6,0,5.67,0,1.222,1.16,0,4.6
3/10/2026,7:00, ,gtmfmwq_24G103006_030426_050000.bin,Fort Matanzas,GTMNERR,0,51.975,0,34.25,0,1.665,0,90.3,0,6.52,0,11.46,4.7,7.88,0,-79.3,5.49,21.613,0,5.33,0,1.22,1.09,0,4.31
3/10/2026,7:15, ,gtmfmwq_24G103006_030426_050000.bin,Fort Matanzas,GTMNERR,0,52.029,0,34.29,0,1.631,0,87.6,0,6.34,0,11.26,4.64,7.88,0,-79.2,5.49,21.49,0,5.31,0,1.221,1.04,0,4.14
3/10/2026,7:30, ,gtmfmwq_24G103006_030426_050000.bin,Fort Matanzas,GTMNERR,0,51.989,0,34.26,0,1.604,0,90.8,0,6.55,0,11.49,4.71,7.88,0,-79.4,5.5,21.682,0,4.89,0,1.219,1.01,0,4.01
3/10/2026,7:45, ,gtmfmwq_24G103006_030426_050000.bin,Fort Matanzas,GTMNERR,0,51.978,0,34.26,0,1.58,0,90.4,0,6.56,0,11.12,4.59,7.88,0,-79.3,5.51,21.267,0,4.92,0,1.227,0.96,0,3.81
3/10/2026,8:00, ,gtmfmwq_24G103006_030426_050000.bin,Fort Matanzas,GTMNERR,0,51.994,0,34.27,0,1.559,0,89.6,0,6.53,0,10.88,4.51,7.88,0,-79.4,5.5,21.043,0,4.44,0,1.234,0.94,0,3.74
3/10/2026,8:15, ,gtmfmwq_24G103006_030426_050000.bin,Fort Matanzas,GTMNERR,0,52.077,0,34.33,0,1.553,0,85.4,0,6.29,0,10.68,4.44,7.87,0,-78.4,5.44,20.471,0,5.18,0,1.227,0.83,0,3.26
3/10/2026,8:30, ,gtmfmwq_24G103006_030426_050000.bin,Fort Matanzas,GTMNERR,0,52.103,0,34.36,0,1.546,0,83.5,0,6.18,0,10.81,4.48,7.86,0,-77.9,5.41,20.138,0,6.54,0,1.223,0.88,0,3.48
3/10/2026,8:45, ,gtmfmwq_24G103006_030426_050000.bin,Fort Matanzas,GTMNERR,0,52.157,0,34.4,0,1.56,0,87.9,0,6.52,0,9.47,4.04,7.9,0,-80.1,5.42,20.025,0,11.06,0,1.216,1.18,0,4.7
3/10/2026,9:00, ,gtmfmwq_24G103006_030426_050000.bin,Fort Matanzas,GTMNERR,0,52.309,0,34.51,0,1.574,0,92.7,0,7.01,0,7.11,3.25,7.96,0,-83.4,5.5,18.925,0,14.08,0,1.22,1.58,0,6.31
3/10/2026,9:15, ,gtmfmwq_24G103006_030426_050000.bin,Fort Matanzas,GTMNERR,0,52.343,0,34.53,0,1.591,0,95,0,7.26,0,6.2,2.94,7.98,0,-84.9,5.54,18.376,0,10.79,0,1.225,1.53,0,6.08
3/10/2026,9:30, ,gtmfmwq_24G103006_030426_050000.bin,Fort Matanzas,GTMNERR,0,52.425,0,34.59,0,1.63,0,96.5,0,7.43,0,5.63,2.75,8,0,-86,5.56,17.94,0,7.3,0,1.234,1.44,0,5.73
3/10/2026,9:45, ,gtmfmwq_24G103006_030426_050000.bin,Fort Matanzas,GTMNERR,0,52.392,0,34.57,0,1.672,0,97.8,0,7.52,0,6.12,2.92,8.01,0,-86.4,5.53,18.095,0,9.17,0,1.224,1.58,0,6.31
3/10/2026,10:00, ,gtmfmwq_24G103006_030426_050000.bin,Fort Matanzas,GTMNERR,0,52.314,0,34.51,0,1.716,0,97.9,0,7.48,0,6.05,2.89,8,0,-86,5.49,18.388,0,8.14,0,1.221,1.56,0,6.22
3/10/2026,10:15, ,gtmfmwq_24G103006_030426_050000.bin,Fort Matanzas,GTMNERR,0,52.232,0,34.45,0,1.76,0,97.3,0,7.41,0,6.59,3.07,8,0,-85.8,5.44,18.618,0,8.09,0,1.228,1.75,0,7.01
3/10/2026,10:30, ,gtmfmwq_24G103006_030426_050000.bin,Fort Matanzas,GTMNERR,0,52.217,0,34.44,0,1.798,0,96.5,0,7.35,0,6.65,3.09,7.99,0,-85.5,5.44,18.643,0,8.61,0,1.221,1.82,0,7.29
3/10/2026,10:45, ,gtmfmwq_24G103006_030426_050000.bin,Fort Matanzas,GTMNERR,0,52.291,0,34.49,0,1.843,0,97.5,0,7.44,0,6.2,2.94,8,0,-85.9,5.43,18.511,0,7.73,0,1.217,1.56,0,6.22
3/10/2026,11:00, ,gtmfmwq_24G103006_030426_050000.bin,Fort Matanzas,GTMNERR,0,52.289,0,34.49,0,1.893,0,98,0,7.47,0,6.18,2.93,8,0,-85.9,5.42,18.543,0,6.57,0,1.224,2.18,0,8.72
3/10/2026,11:15, ,gtmfmwq_24G103006_030426_050000.bin,Fort Matanzas,GTMNERR,0,52.288,0,34.49,0,1.945,0,97.8,0,7.45,0,6.15,2.93,8,0,-85.9,5.41,18.573,0,8,0,1.233,1.42,0,5.65
3/10/2026,11:30, ,gtmfmwq_24G103006_030426_050000.bin,Fort Matanzas,GTMNERR,0,52.313,0,34.51,0,1.982,0,97.8,0,7.46,0,5.97,2.87,8,0,-86.1,5.42,18.537,0,6.35,0,1.224,1.45,0,5.77
3/10/2026,11:45, ,gtmfmwq_24G103006_030426_050000.bin,Fort Matanzas,GTMNERR,0,52.319,0,34.52,0,2.029,0,94.2,0,7.18,0,5.86,2.83,7.99,0,-85.2,5.39,18.527,0,4.91,0,1.225,1.41,0,5.6
3/10/2026,12:00, ,gtmfmwq_24G103006_030426_050000.bin,Fort Matanzas,GTMNERR,0,52.323,0,34.52,0,2.065,0,93.9,0,7.16,0,5.74,2.79,7.98,0,-84.7,5.42,18.522,0,4.03,0,1.228,1.26,0,5.01
3/10/2026,12:15, ,gtmfmwq_24G103006_030426_050000.bin,Fort Matanzas,GTMNERR,0,52.328,0,34.52,0,2.099,0,91.5,0,6.98,0,5.98,2.87,7.98,0,-84.6,5.41,18.521,0,4.19,0,1.224,1.35,0,5.36
3/10/2026,12:30, ,gtmfmwq_24G103006_030426_050000.bin,Fort Matanzas,GTMNERR,0,52.33,0,34.52,0,2.131,0,85.5,0,6.51,0,5.93,2.85,7.94,0,-82.5,5.4,18.527,0,5.24,0,1.221,0.98,0,3.88
3/10/2026,12:45, ,gtmfmwq_24G103006_030426_050000.bin,Fort Matanzas,GTMNERR,0,52.33,0,34.52,0,2.156,0,78.5,0,5.98,0,6.05,2.89,7.92,0,-81.4,5.4,18.559,0,4.22,0,1.218,0.75,0,2.95
3/10/2026,13:00, ,gtmfmwq_24G103006_030426_050000.bin,Fort Matanzas,GTMNERR,0,52.321,0,34.52,0,2.177,0,82.2,0,6.26,0,5.89,2.84,7.94,0,-82.2,5.51,18.576,0,7.77,0,1.219,1.17,0,4.63
3/10/2026,13:15, ,gtmfmwq_24G103006_030426_050000.bin,Fort Matanzas,GTMNERR,0,52.31,0,34.51,0,2.2,0,88.3,0,6.72,0,6.16,2.93,7.96,0,-83.7,5.53,18.608,0,3.91,0,1.225,1.34,0,5.35
3/10/2026,13:30, ,gtmfmwq_24G103006_030426_050000.bin,Fort Matanzas,GTMNERR,0,52.291,0,34.49,0,2.208,0,90.1,0,6.85,0,6.25,2.96,7.96,0,-83.5,5.5,18.678,0,4.35,0,1.228,1.21,0,4.8
3/10/2026,13:45, ,gtmfmwq_24G103006_030426_050000.bin,Fort Matanzas,GTMNERR,0,52.277,0,34.48,0,2.214,0,91.1,0,6.92,0,6.52,3.05,7.97,0,-84,5.49,18.768,0,4.79,0,1.231,1.24,0,4.93
3/10/2026,14:00, ,gtmfmwq_24G103006_030426_050000.bin,Fort Matanzas,GTMNERR,0,52.256,0,34.47,0,2.207,0,95.8,0,7.25,0,6.63,3.09,7.99,0,-85.3,5.52,18.913,0,5.29,0,1.222,1.43,0,5.68
3/10/2026,14:15, ,gtmfmwq_24G103006_030426_050000.bin,Fort Matanzas,GTMNERR,0,52.32,0,34.52,0,2.194,0,99.4,0,7.46,0,6.52,3.05,7.99,0,-85.5,5.55,19.355,0,5.41,0,1.22,1.39,0,5.53
3/10/2026,14:30, ,gtmfmwq_24G103006_030426_050000.bin,Fort Matanzas,GTMNERR,0,52.255,0,34.47,0,2.173,0,95.2,0,7.03,0,7.79,3.47,7.95,0,-83.1,5.51,20.243,0,4.67,0,1.23,1.25,0,4.96
3/10/2026,14:45, ,gtmfmwq_24G103006_030426_050000.bin,Fort Matanzas,GTMNERR,0,52.158,0,34.39,0,2.143,0,92.1,0,6.74,0,8.78,3.8,7.92,0,-81.4,5.56,20.834,0,5.26,0,1.215,1.27,0,5.07
3/10/2026,15:00, ,gtmfmwq_24G103006_030426_050000.bin,Fort Matanzas,GTMNERR,0,52.134,0,34.37,0,2.111,0,91.9,0,6.69,0,9.02,3.88,7.91,0,-81.2,5.55,21.072,0,5.06,0,1.223,1.17,0,4.66
3/10/2026,15:15, ,gtmfmwq_24G103006_030426_050000.bin,Fort Matanzas,GTMNERR,0,52.12,0,34.36,0,2.076,0,92.7,0,6.72,0,9.47,4.03,7.9,0,-80.6,5.55,21.34,0,5.45,0,1.233,1.33,0,5.29
3/10/2026,15:30, ,gtmfmwq_24G103006_030426_050000.bin,Fort Matanzas,GTMNERR,0,52.105,0,34.35,0,2.04,0,90.4,0,6.53,0,9.91,4.18,7.89,0,-80,5.54,21.559,0,5.57,0,1.227,1.14,0,4.51
3/10/2026,15:45, ,gtmfmwq_24G103006_030426_050000.bin,Fort Matanzas,GTMNERR,0,52.11,0,34.35,0,2.003,0,92.9,0,6.68,0,10.16,4.27,7.89,0,-80,5.55,21.793,0,6.23,0,1.226,1.31,0,5.2
3/10/2026,16:00, ,gtmfmwq_24G103006_030426_050000.bin,Fort Matanzas,GTMNERR,0,52.085,0,34.33,0,1.964,0,91.8,0,6.58,0,10.34,4.33,7.89,0,-80.1,5.54,22.025,0,4.55,0,1.234,1.29,0,5.13
3/10/2026,16:15, ,gtmfmwq_24G103006_030426_050000.bin,Fort Matanzas,GTMNERR,0,52.069,0,34.31,0,1.925,0,94,0,6.73,0,10.48,4.37,7.89,0,-79.9,5.55,22.049,0,6.01,0,1.231,1.32,0,5.23
3/10/2026,16:30, ,gtmfmwq_24G103006_030426_050000.bin,Fort Matanzas,GTMNERR,0,52.091,0,34.33,0,1.888,0,93.2,0,6.66,0,10.33,4.32,7.89,0,-79.8,5.55,22.101,0,4.49,0,1.221,1.19,0,4.73
3/10/2026,16:45, ,gtmfmwq_24G103006_030426_050000.bin,Fort Matanzas,GTMNERR,0,52.224,0,34.43,0,1.852,0,108.5,0,7.79,0,7.62,3.42,7.97,0,-84.6,5.56,21.877,0,6.64,0,1.217,0.94,0,3.73
3/10/2026,17:00, ,gtmfmwq_24G103006_030426_050000.bin,Fort Matanzas,GTMNERR,0,52.273,0,34.47,0,1.814,0,99.3,0,7.12,0,7.61,3.41,7.92,0,-81.9,5.57,21.928,0,3.65,0,1.222,0.56,0,2.18
3/10/2026,17:15, ,gtmfmwq_24G103006_030426_050000.bin,Fort Matanzas,GTMNERR,0,52.182,0,34.4,0,1.781,0,97.7,0,6.98,0,9.08,3.91,7.91,0,-81,5.56,22.137,0,5.17,0,1.224,1.27,0,5.04
3/10/2026,17:30, ,gtmfmwq_24G103006_030426_050000.bin,Fort Matanzas,GTMNERR,0,52.099,0,34.33,0,1.747,0,95.9,0,6.85,0,10.45,4.36,7.89,0,-80,5.56,22.171,0,4.21,0,1.226,1.52,0,6.07
3/10/2026,17:45, ,gtmfmwq_24G103006_030426_050000.bin,Fort Matanzas,GTMNERR,0,52.097,0,34.33,0,1.714,0,96.9,0,6.92,0,10.32,4.32,7.9,0,-80.4,5.56,22.135,0,4.47,0,1.223,1.55,0,6.18
3/10/2026,18:00, ,gtmfmwq_24G103006_030426_050000.bin,Fort Matanzas,GTMNERR,0,52.111,0,34.35,0,1.681,0,97.6,0,6.99,0,9.95,4.2,7.9,0,-80.9,5.55,21.972,0,4.67,0,1.22,1.69,0,6.77
3/10/2026,18:15, ,gtmfmwq_24G103006_030426_050000.bin,Fort Matanzas,GTMNERR,0,52.119,0,34.35,0,1.648,0,98.2,0,7.04,0,10.07,4.23,7.91,0,-81,5.56,21.946,0,4.5,0,1.221,1.66,0,6.61
3/10/2026,18:30, ,gtmfmwq_24G103006_030426_050000.bin,Fort Matanzas,GTMNERR,0,52.116,0,34.35,0,1.616,0,99.3,0,7.12,0,9.75,4.13,7.91,0,-81.3,5.56,21.974,0,4.98,0,1.227,1.86,0,7.42
3/10/2026,18:45, ,gtmfmwq_24G103006_030426_050000.bin,Fort Matanzas,GTMNERR,0,52.261,0,34.45,0,1.587,0,102.1,0,7.28,0,9.28,3.97,7.93,0,-82.2,5.56,22.216,0,5.46,0,1.22,1.66,0,6.64
3/10/2026,19:00, ,gtmfmwq_24G103006_030426_050000.bin,Fort Matanzas,GTMNERR,0,52.242,0,34.44,0,1.558,0,102.2,0,7.29,0,9.03,3.89,7.93,0,-82.2,5.56,22.183,0,5.61,0,1.219,1.64,0,6.55
3/10/2026,19:15, ,gtmfmwq_24G103006_030426_050000.bin,Fort Matanzas,GTMNERR,0,52.228,0,34.43,0,1.541,0,101.6,0,7.29,0,9.01,3.88,7.93,0,-82.4,5.56,21.883,0,5.3,0,1.227,1.72,0,6.88
3/10/2026,19:30, ,gtmfmwq_24G103006_030426_050000.bin,Fort Matanzas,GTMNERR,0,52.257,0,34.46,0,1.516,0,102.2,0,7.34,0,8.92,3.85,7.94,0,-82.9,5.57,21.794,0,6.42,0,1.234,1.72,0,6.88
3/10/2026,19:45, ,gtmfmwq_24G103006_030426_050000.bin,Fort Matanzas,GTMNERR,0,52.226,0,34.43,0,1.509,0,100.3,0,7.22,0,8.99,3.88,7.93,0,-82.3,5.56,21.693,0,7.04,0,1.227,1.95,0,7.79
3/10/2026,20:00, ,gtmfmwq_24G103006_030426_050000.bin,Fort Matanzas,GTMNERR,0,52.235,0,34.44,0,1.505,0,100.7,0,7.29,0,8.74,3.79,7.94,0,-82.7,5.55,21.372,0,6.15,0,1.218,1.87,0,7.47
3/10/2026,20:15, ,gtmfmwq_24G103006_030426_050000.bin,Fort Matanzas,GTMNERR,0,52.214,0,34.43,0,1.513,0,100,0,7.31,0,8.17,3.6,7.95,0,-83.2,5.54,20.776,0,7.75,0,1.217,2.19,0,8.78
3/10/2026,20:30, ,gtmfmwq_24G103006_030426_050000.bin,Fort Matanzas,GTMNERR,0,52.405,0,34.58,0,1.52,0,105.1,0,7.89,0,7.21,3.28,8.01,0,-86.5,5.48,19.301,0,9.32,0,1.232,2.26,0,9.05
3/10/2026,20:45, ,gtmfmwq_24G103006_030426_050000.bin,Fort Matanzas,GTMNERR,0,52.442,0,34.61,0,1.532,0,105.4,0,7.98,0,5.73,2.79,8.02,0,-87.1,5.5,18.865,0,8.63,0,1.224,2.5,0,10.01
3/10/2026,21:00, ,gtmfmwq_24G103006_030426_050000.bin,Fort Matanzas,GTMNERR,0,52.44,0,34.61,0,1.557,0,105.1,0,7.98,0,5.69,2.77,8.03,0,-87.4,5.44,18.734,0,8.59,0,1.217,2.55,0,10.21
3/10/2026,21:15, ,gtmfmwq_24G103006_030426_050000.bin,Fort Matanzas,GTMNERR,0,52.358,0,34.55,0,1.585,0,105.2,0,7.96,0,6.22,2.95,8.02,0,-87,5.43,18.945,0,8.33,0,1.218,2.53,0,10.16
3/10/2026,21:30, ,gtmfmwq_24G103006_030426_050000.bin,Fort Matanzas,GTMNERR,0,52.239,0,34.46,0,1.618,0,105,0,7.9,0,7.16,3.27,8.01,0,-86.7,5.47,19.254,0,8.3,0,1.221,2.75,0,11.05
3/10/2026,21:45, ,gtmfmwq_24G103006_030426_050000.bin,Fort Matanzas,GTMNERR,0,52.113,0,34.36,0,1.666,0,104.5,0,7.8,0,8.01,3.55,8,0,-86,5.44,19.687,0,9.8,0,1.229,3.04,0,12.22
3/10/2026,22:00, ,gtmfmwq_24G103006_030426_050000.bin,Fort Matanzas,GTMNERR,0,51.951,0,34.24,0,1.708,0,103.7,0,7.69,0,8.93,3.86,7.99,0,-85.3,5.47,20.083,0,9.81,0,1.231,2.61,0,10.47
3/10/2026,22:15, ,gtmfmwq_24G103006_030426_050000.bin,Fort Matanzas,GTMNERR,0,51.909,0,34.21,0,1.76,0,103,0,7.62,0,9.32,3.98,7.98,0,-85,5.49,20.232,0,11.35,0,1.234,2.33,0,9.35
3/10/2026,22:30, ,gtmfmwq_24G103006_030426_050000.bin,Fort Matanzas,GTMNERR,0,51.903,0,34.21,0,1.807,0,103.2,0,7.64,0,9.34,3.99,7.98,0,-85,5.54,20.182,0,10.33,0,1.23,2.99,0,12.01
3/10/2026,22:45, ,gtmfmwq_24G103006_030426_050000.bin,Fort Matanzas,GTMNERR,0,51.917,0,34.22,0,1.862,0,102.7,0,7.61,0,9.21,3.95,7.98,0,-84.9,5.54,20.112,0,11.36,0,1.223,3.02,0,12.12
3/10/2026,23:00, ,gtmfmwq_24G103006_030426_050000.bin,Fort Matanzas,GTMNERR,0,51.97,0,34.26,0,1.905,0,102.6,0,7.64,0,8.86,3.83,7.98,0,-85.1,5.53,19.889,0,9.35,0,1.219,2.82,0,11.33
3/10/2026,23:15, ,gtmfmwq_24G103006_030426_050000.bin,Fort Matanzas,GTMNERR,0,52.061,0,34.33,0,1.959,0,102.5,0,7.67,0,8.35,3.66,7.99,0,-85.4,5.53,19.586,0,9.83,0,1.22,2.6,0,10.44
3/10/2026,23:30, ,gtmfmwq_24G103006_030426_050000.bin,Fort Matanzas,GTMNERR,0,52.152,0,34.39,0,2.013,0,102.6,0,7.71,0,7.7,3.44,8,0,-85.7,5.52,19.31,0,7.06,0,1.233,2.29,0,9.16
3/10/2026,23:45, ,gtmfmwq_24G103006_030426_050000.bin,Fort Matanzas,GTMNERR,0,52.224,0,34.45,0,2.065,0,102.6,0,7.74,0,7.09,3.24,8,0,-86.1,5.51,19.107,0,7.16,0,1.222,2.26,0,9.03
3/11/2026,0:00, ,gtmfmwq_24G103006_030426_050000.bin,Fort Matanzas,GTMNERR,0,52.269,0,34.48,0,2.118,0,102.3,0,7.73,0,6.86,3.16,8.01,0,-86.2,5.51,18.998,0,4.6,0,1.217,2.22,0,8.9
3/11/2026,0:15, ,gtmfmwq_24G103006_030426_050000.bin,Fort Matanzas,GTMNERR,0,52.31,0,34.51,0,2.167,0,101.1,0,7.65,0,6.29,2.97,8,0,-86,5.5,18.913,0,4.68,0,1.229,2.49,0,9.99
3/11/2026,0:30, ,gtmfmwq_24G103006_030426_050000.bin,Fort Matanzas,GTMNERR,0,52.342,0,34.53,0,2.215,0,100.2,0,7.59,0,6.23,2.95,8,0,-85.9,5.51,18.861,0,4.2,0,1.234,1.76,0,7.03
3/11/2026,0:45, ,gtmfmwq_24G103006_030426_050000.bin,Fort Matanzas,GTMNERR,0,52.353,0,34.54,0,2.264,0,92,0,6.97,0,5.89,2.84,7.97,0,-83.8,5.5,18.85,0,4.08,0,1.224,1.38,0,5.48
3/11/2026,1:00, ,gtmfmwq_24G103006_030426_050000.bin,Fort Matanzas,GTMNERR,0,52.36,0,34.55,0,2.306,0,74.8,0,5.67,0,6.4,3.01,7.91,0,-80.6,5.49,18.858,0,4.22,0,1.215,1.01,0,4.02
3/11/2026,1:15, ,gtmfmwq_24G103006_030426_050000.bin,Fort Matanzas,GTMNERR,0,52.362,0,34.55,0,2.34,0,88.9,0,6.73,0,6.24,2.96,7.96,0,-83.5,5.5,18.855,0,4.8,0,1.229,1.23,0,4.9
3/11/2026,1:30, ,gtmfmwq_24G103006_030426_050000.bin,Fort Matanzas,GTMNERR,0,52.358,0,34.55,0,2.365,0,91.6,0,6.94,0,6.14,2.92,7.97,0,-84.4,5.49,18.869,0,4.28,0,1.223,1.15,0,4.56
3/11/2026,1:45, ,gtmfmwq_24G103006_030426_050000.bin,Fort Matanzas,GTMNERR,0,52.272,0,34.48,0,2.39,0,95.6,0,7.22,0,7.17,3.27,7.99,0,-85.1,5.5,19.061,0,3.97,0,1.223,1.34,0,5.34
3/11/2026,2:00, ,gtmfmwq_24G103006_030426_050000.bin,Fort Matanzas,GTMNERR,0,52.207,0,34.43,0,2.397,0,96.7,0,7.27,0,7.91,3.51,7.97,0,-84.5,5.42,19.29,0,4.53,0,1.226,1.53,0,6.1
3/11/2026,2:15, ,gtmfmwq_24G103006_030426_050000.bin,Fort Matanzas,GTMNERR,0,51.991,0,34.27,0,2.392,0,95.6,0,7.12,0,8.98,3.87,7.96,0,-83.7,5.43,19.847,0,9.13,0,1.222,1.96,0,7.82
3/11/2026,2:30, ,gtmfmwq_24G103006_030426_050000.bin,Fort Matanzas,GTMNERR,0,52.086,0,34.34,0,2.379,0,95.1,0,7.09,0,8.46,3.7,7.97,0,-84.3,5.43,19.764,0,9.49,0,1.215,2.15,0,8.62
3/11/2026,2:45, ,gtmfmwq_24G103006_030426_050000.bin,Fort Matanzas,GTMNERR,0,52.173,0,34.41,0,2.362,0,96.6,0,7.11,0,8.69,3.77,7.95,0,-83.5,5.45,20.505,0,6.64,0,1.215,1.75,0,6.98
3/11/2026,3:00, ,gtmfmwq_24G103006_030426_050000.bin,Fort Matanzas,GTMNERR,0,52.196,0,34.42,0,2.339,0,95.1,0,6.96,0,8.84,3.83,7.94,0,-82.6,5.5,20.829,0,7.34,0,1.223,1.81,0,7.25
3/11/2026,3:15, ,gtmfmwq_24G103006_030426_050000.bin,Fort Matanzas,GTMNERR,0,52.201,0,34.42,0,2.31,0,96.1,0,6.97,0,9.65,4.09,7.93,0,-82.1,5.48,21.256,0,7.05,0,1.231,1.61,0,6.44
3/11/2026,3:30, ,gtmfmwq_24G103006_030426_050000.bin,Fort Matanzas,GTMNERR,0,52.205,0,34.42,0,2.272,0,94.7,0,6.83,0,9.68,4.11,7.92,0,-81.6,5.49,21.565,0,6.03,0,1.227,1.32,0,5.25
3/11/2026,3:45, ,gtmfmwq_24G103006_030426_050000.bin,Fort Matanzas,GTMNERR,0,52.2,0,34.41,0,2.24,0,93.5,0,6.73,0,9.98,4.21,7.9,0,-80.8,5.5,21.706,0,6.72,0,1.215,1.28,0,5.11
3/11/2026,4:00, ,gtmfmwq_24G103006_030426_050000.bin,Fort Matanzas,GTMNERR,0,52.176,0,34.39,0,2.202,0,94.1,0,6.73,0,10.67,4.44,7.91,0,-81,5.48,22.041,0,7.39,0,1.215,1.51,0,6.02
3/11/2026,4:15, ,gtmfmwq_24G103006_030426_050000.bin,Fort Matanzas,GTMNERR,0,52.166,0,34.38,0,2.164,0,93,0,6.63,0,10.87,4.5,7.9,0,-80.5,5.49,22.225,0,7.03,0,1.233,1.45,0,5.77
3/11/2026,4:30, ,gtmfmwq_24G103006_030426_050000.bin,Fort Matanzas,GTMNERR,0,52.146,0,34.37,0,2.129,0,91.5,0,6.5,0,11.26,4.63,7.88,0,-79.7,5.48,22.39,0,6.34,0,1.233,1.23,0,4.87
3/11/2026,4:45, ,gtmfmwq_24G103006_030426_050000.bin,Fort Matanzas,GTMNERR,0,52.134,0,34.36,0,2.096,0,86.7,0,6.15,0,11.56,4.73,7.87,0,-79.1,5.48,22.498,0,5.1,0,1.226,1.11,0,4.41
3/11/2026,5:00, ,gtmfmwq_24G103006_030426_050000.bin,Fort Matanzas,GTMNERR,0,52.107,0,34.34,0,2.061,0,85.4,0,6.06,0,11.76,4.8,7.88,0,-79.3,5.49,22.532,0,5.59,0,1.219,1.1,0,4.38
3/11/2026,5:15, ,gtmfmwq_24G103006_030426_050000.bin,Fort Matanzas,GTMNERR,0,52.141,0,34.37,0,2.025,0,90.3,0,6.45,0,11.52,4.72,7.88,0,-79.5,5.46,22.122,0,5.72,0,1.217,1.18,0,4.69
3/11/2026,5:30, ,gtmfmwq_24G103006_030426_050000.bin,Fort Matanzas,GTMNERR,0,52.058,0,34.31,0,1.99,0,89.8,0,6.43,0,10.54,4.39,7.88,0,-79.3,5.47,22.043,0,5.32,0,1.215,1.14,0,4.53
3/11/2026,5:45, ,gtmfmwq_24G103006_030426_050000.bin,Fort Matanzas,GTMNERR,0,52.031,0,34.29,0,1.957,0,88.1,0,6.38,0,10.92,4.52,7.88,0,-79.1,5.42,21.39,0,5.66,0,1.226,0.97,0,3.83
3/11/2026,6:00, ,gtmfmwq_24G103006_030426_050000.bin,Fort Matanzas,GTMNERR,0,52.081,0,34.33,0,1.925,0,88.1,0,6.38,0,11.07,4.57,7.88,0,-79.1,5.38,21.417,0,4.97,0,1.232,1,0,3.97
3/11/2026,6:15, ,gtmfmwq_24G103006_030426_050000.bin,Fort Matanzas,GTMNERR,0,52.132,0,34.37,0,1.893,0,86.3,0,6.27,0,10.77,4.47,7.88,0,-79,5.53,21.147,0,5.06,0,1.222,0.99,0,3.92
3/11/2026,6:30, ,gtmfmwq_24G103006_030426_050000.bin,Fort Matanzas,GTMNERR,0,52.146,0,34.38,0,1.863,0,82.6,0,5.99,0,9.91,4.18,7.85,0,-77.6,5.27,21.268,0,9.79,0,1.214,1.04,0,4.13
3/11/2026,6:45, ,gtmfmwq_24G103006_030426_050000.bin,Fort Matanzas,GTMNERR,0,52.102,0,34.35,0,1.829,0,81,0,5.87,0,10.78,4.47,7.85,0,-77.4,5.31,21.338,0,4.69,0,1.223,1.19,0,4.74
3/11/2026,7:00, ,gtmfmwq_24G103006_030426_050000.bin,Fort Matanzas,GTMNERR,0,52.213,0,34.43,0,1.791,0,85.2,0,6.15,0,11.3,4.65,7.86,0,-78.3,5.45,21.575,0,4.06,0,1.228,1.24,0,4.92
3/11/2026,7:15, ,gtmfmwq_24G103006_030426_050000.bin,Fort Matanzas,GTMNERR,0,52.181,0,34.4,0,1.759,0,88.7,0,6.38,0,11.5,4.71,7.88,0,-79.2,5.42,21.792,0,4.25,0,1.222,1.07,0,4.24
3/11/2026,7:30, ,gtmfmwq_24G103006_030426_050000.bin,Fort Matanzas,GTMNERR,0,52.158,0,34.38,0,1.724,0,90.5,0,6.49,0,11.29,4.65,7.88,0,-79.5,5.42,21.877,0,4.09,0,1.216,0.98,0,3.86
3/11/2026,7:45, ,gtmfmwq_24G103006_030426_050000.bin,Fort Matanzas,GTMNERR,0,52.159,0,34.39,0,1.691,0,86.4,0,6.25,0,11.22,4.62,7.87,0,-78.6,5.38,21.454,0,5.73,0,1.216,0.83,0,3.26
3/11/2026,8:00, ,gtmfmwq_24G103006_030426_050000.bin,Fort Matanzas,GTMNERR,0,52.126,0,34.36,0,1.661,0,87.8,0,6.34,0,11.09,4.58,7.88,0,-79.1,5.51,21.504,0,5.01,0,1.22,0.84,0,3.31
3/11/2026,8:15, ,gtmfmwq_24G103006_030426_050000.bin,Fort Matanzas,GTMNERR,0,52.16,0,34.39,0,1.635,0,88,0,6.38,0,10.97,4.54,7.88,0,-79.1,5.47,21.367,0,5.24,0,1.233,0.86,0,3.4
3/11/2026,8:30, ,gtmfmwq_24G103006_030426_050000.bin,Fort Matanzas,GTMNERR,0,52.183,0,34.4,0,1.611,0,89.7,0,6.48,0,10.94,4.53,7.88,0,-79.5,5.44,21.511,0,4.81,0,1.223,0.96,0,3.79
3/11/2026,8:45, ,gtmfmwq_24G103006_030426_050000.bin,Fort Matanzas,GTMNERR,0,52.244,0,34.45,0,1.589,0,91.1,0,6.59,0,10.62,4.42,7.89,0,-80,5.43,21.415,0,4.34,0,1.22,0.99,0,3.93
3/11/2026,9:00, ,gtmfmwq_24G103006_030426_050000.bin,Fort Matanzas,GTMNERR,0,52.151,0,34.39,0,1.574,0,84.4,0,6.18,0,10.56,4.4,7.87,0,-78.3,5.5,20.73,0,5.41,0,1.223,0.84,0,3.31
3/11/2026,9:15, ,gtmfmwq_24G103006_030426_050000.bin,Fort Matanzas,GTMNERR,0,52.213,0,34.43,0,1.568,0,84.6,0,6.2,0,10.26,4.3,7.87,0,-78.3,5.59,20.661,0,5.03,0,1.231,0.8,0,3.16
3/11/2026,9:30, ,gtmfmwq_24G103006_030426_050000.bin,Fort Matanzas,GTMNERR,0,52.201,0,34.43,0,1.565,0,83,0,6.1,0,10.35,4.33,7.86,0,-78,5.48,20.544,0,5.95,0,1.231,0.81,0,3.19
3/11/2026,9:45, ,gtmfmwq_24G103006_030426_050000.bin,Fort Matanzas,GTMNERR,0,52.242,0,34.46,0,1.579,0,90.4,0,6.63,0,8.95,3.86,7.91,0,-80.7,5.46,20.64,0,7.89,0,1.23,1.15,0,4.58
3/11/2026,10:00, ,gtmfmwq_24G103006_030426_050000.bin,Fort Matanzas,GTMNERR,0,52.362,0,34.55,0,1.594,0,93.9,0,7.1,0,6.7,3.11,7.97,0,-84,5.66,18.954,0,10.51,0,1.233,1.51,0,6
3/11/2026,10:15, ,gtmfmwq_24G103006_030426_050000.bin,Fort Matanzas,GTMNERR,0,52.416,0,34.59,0,1.623,0,96.1,0,7.36,0,5.89,2.84,8,0,-85.5,5.7,18.253,0,8.33,0,1.224,1.43,0,5.71
3/11/2026,10:30, ,gtmfmwq_24G103006_030426_050000.bin,Fort Matanzas,GTMNERR,0,52.428,0,34.59,0,1.647,0,96.8,0,7.45,0,5.58,2.74,8.01,0,-86.1,5.7,18.022,0,6.67,0,1.222,1.27,0,5.07
3/11/2026,10:45, ,gtmfmwq_24G103006_030426_050000.bin,Fort Matanzas,GTMNERR,0,52.398,0,34.57,0,1.681,0,98.2,0,7.54,0,5.64,2.75,8.01,0,-86.5,5.69,18.155,0,6.12,0,1.218,1.39,0,5.53
3/11/2026,11:00, ,gtmfmwq_24G103006_030426_050000.bin,Fort Matanzas,GTMNERR,0,52.321,0,34.52,0,1.715,0,98.4,0,7.51,0,6.21,2.95,8.01,0,-86.2,5.68,18.455,0,6.92,0,1.218,1.57,0,6.28
3/11/2026,11:15, ,gtmfmwq_24G103006_030426_050000.bin,Fort Matanzas,GTMNERR,0,52.244,0,34.46,0,1.753,0,98,0,7.45,0,6.61,3.08,8,0,-85.9,5.69,18.668,0,8.01,0,1.227,1.74,0,6.96
3/11/2026,11:30, ,gtmfmwq_24G103006_030426_050000.bin,Fort Matanzas,GTMNERR,0,52.265,0,34.48,0,1.797,0,98.2,0,7.46,0,6.54,3.06,8,0,-85.9,5.68,18.721,0,7.15,0,1.234,1.65,0,6.57
3/11/2026,11:45, ,gtmfmwq_24G103006_030426_050000.bin,Fort Matanzas,GTMNERR,0,52.289,0,34.49,0,1.836,0,98.4,0,7.48,0,6.41,3.01,8,0,-85.9,5.69,18.688,0,6.27,0,1.219,1.24,0,4.94
3/11/2026,12:00, ,gtmfmwq_24G103006_030426_050000.bin,Fort Matanzas,GTMNERR,0,52.295,0,34.5,0,1.878,0,98.3,0,7.47,0,6.33,2.99,8,0,-85.8,5.68,18.681,0,5.94,0,1.216,1.81,0,7.23
3/11/2026,12:15, ,gtmfmwq_24G103006_030426_050000.bin,Fort Matanzas,GTMNERR,0,52.285,0,34.49,0,1.921,0,98.1,0,7.45,0,6.48,3.04,8,0,-86,5.68,18.74,0,5.88,0,1.224,1.57,0,6.26
3/11/2026,12:30, ,gtmfmwq_24G103006_030426_050000.bin,Fort Matanzas,GTMNERR,0,52.279,0,34.49,0,1.959,0,98.1,0,7.45,0,6.39,3.01,8,0,-85.9,5.69,18.741,0,6.62,0,1.228,1.51,0,6.04
3/11/2026,12:45, ,gtmfmwq_24G103006_030426_050000.bin,Fort Matanzas,GTMNERR,0,52.295,0,34.5,0,1.99,0,97.4,0,7.4,0,6.35,2.99,7.99,0,-85.5,5.68,18.699,0,4.9,0,1.227,1.3,0,5.19
3/11/2026,13:00, ,gtmfmwq_24G103006_030426_050000.bin,Fort Matanzas,GTMNERR,0,52.318,0,34.52,0,2.024,0,93.6,0,7.12,0,6.08,2.9,7.98,0,-84.8,5.69,18.659,0,5.71,0,1.227,1.34,0,5.35
3/11/2026,13:15, ,gtmfmwq_24G103006_030426_050000.bin,Fort Matanzas,GTMNERR,0,52.324,0,34.52,0,2.055,0,78.7,0,5.98,0,6.26,2.96,7.91,0,-80.8,5.68,18.681,0,4.72,0,1.223,1.05,0,4.17
3/11/2026,13:30, ,gtmfmwq_24G103006_030426_050000.bin,Fort Matanzas,GTMNERR,0,52.327,0,34.52,0,2.085,0,77.6,0,5.89,0,5.81,2.81,7.91,0,-80.8,5.68,18.753,0,5.44,0,1.224,1.05,0,4.16
3/11/2026,13:45, ,gtmfmwq_24G103006_030426_050000.bin,Fort Matanzas,GTMNERR,0,52.32,0,34.52,0,2.108,0,77.4,0,5.87,0,6.24,2.95,7.91,0,-80.6,5.68,18.748,0,4.19,0,1.226,0.75,0,2.95
3/11/2026,14:00, ,gtmfmwq_24G103006_030426_050000.bin,Fort Matanzas,GTMNERR,0,52.307,0,34.51,0,2.124,0,86.4,0,6.56,0,7.99,3.54,7.94,0,-82.5,5.68,18.743,0,4.28,0,1.228,0.86,0,3.38
3/11/2026,14:15, ,gtmfmwq_24G103006_030426_050000.bin,Fort Matanzas,GTMNERR,0,52.289,0,34.49,0,2.129,0,91.5,0,6.93,0,6.65,3.09,7.97,0,-84,5.69,18.832,0,4.04,0,1.229,0.73,0,2.88
3/11/2026,14:30, ,gtmfmwq_24G103006_030426_050000.bin,Fort Matanzas,GTMNERR,0,52.282,0,34.49,0,2.129,0,94.9,0,7.18,0,6.6,3.08,7.98,0,-84.9,5.68,18.939,0,4.65,0,1.222,1.21,0,4.82
3/11/2026,14:45, ,gtmfmwq_24G103006_030426_050000.bin,Fort Matanzas,GTMNERR,0,52.278,0,34.49,0,2.126,0,97.4,0,7.35,0,6.65,3.09,7.99,0,-85.4,5.68,19.084,0,5.28,0,1.215,1.38,0,5.51
3/11/2026,15:00, ,gtmfmwq_24G103006_030426_050000.bin,Fort Matanzas,GTMNERR,0,52.269,0,34.48,0,2.116,0,96.9,0,7.3,0,6.68,3.1,7.98,0,-84.9,5.69,19.185,0,5.04,0,1.216,1.48,0,5.91
3/11/2026,15:15, ,gtmfmwq_24G103006_030426_050000.bin,Fort Matanzas,GTMNERR,0,52.306,0,34.51,0,2.092,0,98.1,0,7.39,0,6.58,3.07,7.99,0,-85.3,5.68,19.158,0,4.46,0,1.229,1.82,0,7.26
3/11/2026,15:30, ,gtmfmwq_24G103006_030426_050000.bin,Fort Matanzas,GTMNERR,0,52.302,0,34.5,0,2.066,0,98.3,0,7.31,0,6.98,3.2,7.98,0,-84.6,5.69,19.885,0,5.28,0,1.23,1.27,0,5.03
3/11/2026,15:45, ,gtmfmwq_24G103006_030426_050000.bin,Fort Matanzas,GTMNERR,0,52.297,0,34.5,0,2.036,0,96.2,0,7.05,0,7.92,3.52,7.94,0,-82.8,5.67,20.633,0,5.13,0,1.216,1.33,0,5.29
3/11/2026,16:00, ,gtmfmwq_24G103006_030426_050000.bin,Fort Matanzas,GTMNERR,0,52.254,0,34.46,0,2.011,0,93.4,0,6.8,0,8.47,3.7,7.92,0,-81.6,5.66,21.053,0,4.49,0,1.219,1.1,0,4.37
3/11/2026,16:15, ,gtmfmwq_24G103006_030426_050000.bin,Fort Matanzas,GTMNERR,0,52.229,0,34.44,0,1.98,0,91.6,0,6.64,0,9.1,3.91,7.9,0,-80.5,5.67,21.341,0,4.19,0,1.224,1.12,0,4.45
3/11/2026,16:30, ,gtmfmwq_24G103006_030426_050000.bin,Fort Matanzas,GTMNERR,0,52.215,0,34.43,0,1.945,0,89.3,0,6.45,0,9.14,3.92,7.89,0,-80,5.67,21.443,0,4.62,0,1.23,1.28,0,5.11
3/11/2026,16:45, ,gtmfmwq_24G103006_030426_050000.bin,Fort Matanzas,GTMNERR,0,52.214,0,34.43,0,1.91,0,90.4,0,6.52,0,9.26,3.97,7.9,0,-80.8,5.68,21.578,0,4.93,0,1.226,1.56,0,6.22
3/11/2026,17:00, ,gtmfmwq_24G103006_030426_050000.bin,Fort Matanzas,GTMNERR,0,52.335,0,34.51,0,1.876,0,99,0,7.1,0,8.31,3.65,7.94,0,-82.8,5.68,21.897,0,5.67,0,1.217,1.28,0,5.11
3/11/2026,17:15, ,gtmfmwq_24G103006_030426_050000.bin,Fort Matanzas,GTMNERR,0,52.199,0,34.42,0,1.844,0,84,0,6.13,0,8.6,3.74,7.87,0,-78.5,5.68,20.866,0,4.39,0,1.222,1.12,0,4.43
3/11/2026,17:30, ,gtmfmwq_24G103006_030426_050000.bin,Fort Matanzas,GTMNERR,0,52.298,0,34.49,0,1.81,0,93,0,6.77,0,8.9,3.84,7.91,0,-81.1,5.68,21.066,0,4.67,0,1.226,1.4,0,5.56
3/11/2026,17:45, ,gtmfmwq_24G103006_030426_050000.bin,Fort Matanzas,GTMNERR,0,52.267,0,34.47,0,1.78,0,97.8,0,7.07,0,8.86,3.83,7.92,0,-81.9,5.67,21.435,0,4.39,0,1.23,1.5,0,6
3/11/2026,18:00, ,gtmfmwq_24G103006_030426_050000.bin,Fort Matanzas,GTMNERR,0,52.214,0,34.43,0,1.748,0,98.2,0,7.1,0,8.89,3.84,7.93,0,-82.3,5.68,21.412,0,4.58,0,1.23,1.72,0,6.89
3/11/2026,18:15, ,gtmfmwq_24G103006_030426_050000.bin,Fort Matanzas,GTMNERR,0,52.238,0,34.45,0,1.711,0,98,0,7.12,0,8.77,3.8,7.93,0,-82.2,5.67,21.177,0,4.73,0,1.224,2.07,0,8.28
3/11/2026,18:30, ,gtmfmwq_24G103006_030426_050000.bin,Fort Matanzas,GTMNERR,0,52.233,0,34.44,0,1.675,0,98.6,0,7.15,0,9.23,3.96,7.93,0,-82.5,5.67,21.23,0,4.73,0,1.22,1.93,0,7.7
3/11/2026,18:45, ,gtmfmwq_24G103006_030426_050000.bin,Fort Matanzas,GTMNERR,0,52.236,0,34.45,0,1.641,0,98.4,0,7.15,0,8.82,3.82,7.93,0,-82.4,5.68,21.151,0,4.35,0,1.215,2.2,0,8.82
3/11/2026,19:00, ,gtmfmwq_24G103006_030426_050000.bin,Fort Matanzas,GTMNERR,0,52.236,0,34.45,0,1.612,0,98.3,0,7.17,0,8.3,3.64,7.94,0,-82.9,5.67,20.95,0,5.12,0,1.22,2.09,0,8.35
3/11/2026,19:15, ,gtmfmwq_24G103006_030426_050000.bin,Fort Matanzas,GTMNERR,0,52.357,0,34.54,0,1.58,0,102.9,0,7.48,0,7.57,3.4,7.98,0,-85,5.68,21.097,0,4.97,0,1.225,1.81,0,7.25
3/11/2026,19:30, ,gtmfmwq_24G103006_030426_050000.bin,Fort Matanzas,GTMNERR,0,52.362,0,34.54,0,1.548,0,103.7,0,7.54,0,7.38,3.34,7.98,0,-85.1,5.67,21.112,0,5.26,0,1.229,1.67,0,6.68
3/11/2026,19:45, ,gtmfmwq_24G103006_030426_050000.bin,Fort Matanzas,GTMNERR,0,52.357,0,34.54,0,1.526,0,103.3,0,7.51,0,7.57,3.4,7.98,0,-85.3,5.67,21.077,0,5.35,0,1.233,1.64,0,6.54
3/11/2026,20:00, ,gtmfmwq_24G103006_030426_050000.bin,Fort Matanzas,GTMNERR,0,52.338,0,34.52,0,1.499,0,101.9,0,7.42,0,7.5,3.38,7.97,0,-84.7,5.68,20.973,0,4.93,0,1.225,1.85,0,7.4
3/11/2026,20:15, ,gtmfmwq_24G103006_030426_050000.bin,Fort Matanzas,GTMNERR,0,52.32,0,34.51,0,1.472,0,101.1,0,7.39,0,7.81,3.48,7.97,0,-84.2,5.67,20.85,0,5.03,0,1.215,1.84,0,7.35
3/11/2026,20:30, ,gtmfmwq_24G103006_030426_050000.bin,Fort Matanzas,GTMNERR,0,52.322,0,34.52,0,1.451,0,101.2,0,7.43,0,7.51,3.38,7.97,0,-84.7,5.67,20.594,0,5.86,0,1.215,2,0,8.02
3/11/2026,20:45, ,gtmfmwq_24G103006_030426_050000.bin,Fort Matanzas,GTMNERR,0,52.33,0,34.52,0,1.438,0,102.3,0,7.52,0,7.08,3.24,7.98,0,-85.3,5.67,20.455,0,5.56,0,1.229,1.84,0,7.37
3/11/2026,21:00, ,gtmfmwq_24G103006_030426_050000.bin,Fort Matanzas,GTMNERR,0,52.326,0,34.52,0,1.441,0,102.5,0,7.61,0,6.64,3.09,8,0,-85.9,5.66,19.94,0,7.82,0,1.226,1.9,0,7.6
3/11/2026,21:15, ,gtmfmwq_24G103006_030426_050000.bin,Fort Matanzas,GTMNERR,0,52.398,0,34.58,0,1.45,0,104,0,7.84,0,6.02,2.88,8.02,0,-86.9,5.6,19.145,0,7.8,0,1.227,2.72,0,10.9
3/11/2026,21:30, ,gtmfmwq_24G103006_030426_050000.bin,Fort Matanzas,GTMNERR,0,52.364,0,34.55,0,1.469,0,104.2,0,7.85,0,6.16,2.93,8.02,0,-86.9,5.6,19.134,0,7.77,0,1.226,2.7,0,10.83
3/11/2026,21:45, ,gtmfmwq_24G103006_030426_050000.bin,Fort Matanzas,GTMNERR,0,52.231,0,34.45,0,1.484,0,103.9,0,7.78,0,7.25,3.29,8.01,0,-86.4,5.6,19.508,0,7.48,0,1.232,2.39,0,9.56
3/11/2026,22:00, ,gtmfmwq_24G103006_030426_050000.bin,Fort Matanzas,GTMNERR,0,52.049,0,34.32,0,1.51,0,103,0,7.64,0,8.96,3.86,7.99,0,-85.5,5.59,20.026,0,8.98,0,1.228,2.66,0,10.68
3/11/2026,22:15, ,gtmfmwq_24G103006_030426_050000.bin,Fort Matanzas,GTMNERR,0,51.699,0,34.05,0,1.54,0,101.7,0,7.45,0,11.58,4.74,7.96,0,-84.1,5.6,20.835,0,8.28,0,1.223,2.79,0,11.19
3/11/2026,22:30, ,gtmfmwq_24G103006_030426_050000.bin,Fort Matanzas,GTMNERR,0,51.365,0,33.8,0,1.582,0,100.5,0,7.28,0,13.83,5.49,7.94,0,-82.6,5.61,21.513,0,8.64,0,1.216,2.81,0,11.26
3/11/2026,22:45, ,gtmfmwq_24G103006_030426_050000.bin,Fort Matanzas,GTMNERR,0,51.175,0,33.66,0,1.625,0,99.5,0,7.17,0,15.18,5.95,7.92,0,-81.9,5.61,21.849,0,9.11,0,1.226,2.97,0,11.91
3/11/2026,23:00, ,gtmfmwq_24G103006_030426_050000.bin,Fort Matanzas,GTMNERR,0,51.107,0,33.61,0,1.678,0,98.7,0,7.11,0,15.48,6.04,7.92,0,-81.5,5.64,21.933,0,11.08,0,1.222,2.97,0,11.91
3/11/2026,23:15, ,gtmfmwq_24G103006_030426_050000.bin,Fort Matanzas,GTMNERR,0,51.114,0,33.61,0,1.722,0,98.3,0,7.08,0,15.33,5.99,7.91,0,-81.3,5.64,21.89,0,10.17,0,1.226,2.96,0,11.89
3/11/2026,23:30, ,gtmfmwq_24G103006_030426_050000.bin,Fort Matanzas,GTMNERR,0,51.174,0,33.66,0,1.766,0,98.4,0,7.1,0,14.97,5.87,7.91,0,-81.4,5.63,21.764,0,10.87,0,1.229,3.01,0,12.07
3/11/2026,23:45, ,gtmfmwq_24G103006_030426_050000.bin,Fort Matanzas,GTMNERR,0,51.217,0,33.69,0,1.807,0,98.3,0,7.11,0,14.54,5.73,7.92,0,-81.4,5.64,21.658,0,7.36,0,1.232,3.33,0,13.36
3/12/2026,0:00, ,gtmfmwq_24G103006_030426_050000.bin,Fort Matanzas,GTMNERR,0,51.245,0,33.71,0,1.85,0,97.5,0,7.07,0,14.33,5.66,7.92,0,-81.6,5.62,21.5,0,9.55,0,1.229,2.75,0,11.03
3/12/2026,0:15, ,gtmfmwq_24G103006_030426_050000.bin,Fort Matanzas,GTMNERR,0,51.329,0,33.78,0,1.89,0,97.2,0,7.07,0,13.86,5.5,7.92,0,-81.6,5.64,21.318,0,7.68,0,1.229,3.36,0,13.52
3/12/2026,0:30, ,gtmfmwq_24G103006_030426_050000.bin,Fort Matanzas,GTMNERR,0,51.339,0,33.78,0,1.936,0,96.8,0,7.06,0,13.81,5.49,7.92,0,-81.6,5.61,21.205,0,4.87,0,1.228,10.55,0,42.55
3/12/2026,0:45, ,gtmfmwq_24G103006_030426_050000.bin,Fort Matanzas,GTMNERR,0,51.504,0,33.91,0,1.975,0,96.5,0,7.08,0,12.01,4.88,7.93,0,-82.1,5.59,20.803,0,8.97,0,1.227,2.98,0,11.94
3/12/2026,1:00, ,gtmfmwq_24G103006_030426_050000.bin,Fort Matanzas,GTMNERR,0,51.677,0,34.04,0,2.019,0,97.6,0,7.2,0,11.14,4.59,7.95,0,-83,5.55,20.431,0,6.07,0,1.234,2.86,0,11.46
3/12/2026,1:15, ,gtmfmwq_24G103006_030426_050000.bin,Fort Matanzas,GTMNERR,0,51.784,0,34.12,0,2.059,0,96.9,0,7.17,0,10.9,4.51,7.95,0,-83,5.53,20.214,0,3.91,0,1.23,2.34,0,9.37
3/12/2026,1:30, ,gtmfmwq_24G103006_030426_050000.bin,Fort Matanzas,GTMNERR,0,51.839,0,34.16,0,2.095,0,95.5,0,7.09,0,9.98,4.21,7.94,0,-82.8,5.54,20.056,0,5.56,0,1.221,2.03,0,8.13
3/12/2026,1:45, ,gtmfmwq_24G103006_030426_050000.bin,Fort Matanzas,GTMNERR,0,51.937,0,34.23,0,2.13,0,84.7,0,6.31,0,9.35,4,7.91,0,-80.7,5.53,19.856,0,4.1,0,1.214,1.24,0,4.94
3/12/2026,2:00, ,gtmfmwq_24G103006_030426_050000.bin,Fort Matanzas,GTMNERR,0,51.959,0,34.25,0,2.165,0,83.3,0,6.21,0,8.87,3.83,7.89,0,-79.7,5.52,19.784,0,3.52,0,1.217,1.3,0,5.16
3/12/2026,2:15, ,gtmfmwq_24G103006_030426_050000.bin,Fort Matanzas,GTMNERR,0,51.885,0,34.19,0,2.195,0,95.7,0,7.12,0,9.85,4.16,7.96,0,-83.7,5.51,19.947,0,4.4,0,1.233,1.96,0,7.83
3/12/2026,2:30, ,gtmfmwq_24G103006_030426_050000.bin,Fort Matanzas,GTMNERR,0,51.763,0,34.1,0,2.214,0,95,0,7.03,0,11.11,4.59,7.95,0,-82.9,5.49,20.218,0,5.02,0,1.226,2.29,0,9.15
3/12/2026,2:45, ,gtmfmwq_24G103006_030426_050000.bin,Fort Matanzas,GTMNERR,0,51.623,0,34,0,2.23,0,89.3,0,6.58,0,11.92,4.86,7.91,0,-80.7,5.5,20.555,0,3.81,0,1.217,1.32,0,5.24
3/12/2026,3:00, ,gtmfmwq_24G103006_030426_050000.bin,Fort Matanzas,GTMNERR,0,51.539,0,33.94,0,2.238,0,92.7,0,6.8,0,12.6,5.08,7.9,0,-80.6,5.51,20.765,0,4.87,0,1.217,1.95,0,7.79
3/12/2026,3:15, ,gtmfmwq_24G103006_030426_050000.bin,Fort Matanzas,GTMNERR,0,51.779,0,34.11,0,2.234,0,90.8,0,6.7,0,11.04,4.56,7.92,0,-81.5,5.51,20.438,0,6.45,0,1.221,1.74,0,6.96
3/12/2026,3:30, ,gtmfmwq_24G103006_030426_050000.bin,Fort Matanzas,GTMNERR,0,51.927,0,34.22,0,2.228,0,92.2,0,6.81,0,9.86,4.17,7.94,0,-82.4,5.51,20.335,0,8.86,0,1.228,1.77,0,7.07
3/12/2026,3:45, ,gtmfmwq_24G103006_030426_050000.bin,Fort Matanzas,GTMNERR,0,51.861,0,34.17,0,2.212,0,96.6,0,7.11,0,10.42,4.35,7.95,0,-83.5,5.5,20.525,0,9.3,0,1.23,2.4,0,9.62
3/12/2026,4:00, ,gtmfmwq_24G103006_030426_050000.bin,Fort Matanzas,GTMNERR,0,52.089,0,34.34,0,2.189,0,93.6,0,6.88,0,9.53,4.06,7.94,0,-82.7,5.51,20.511,0,6.34,0,1.227,1.66,0,6.61
3/12/2026,4:15, ,gtmfmwq_24G103006_030426_050000.bin,Fort Matanzas,GTMNERR,0,51.999,0,34.27,0,2.171,0,91,0,6.66,0,10.47,4.37,7.92,0,-81.8,5.5,20.862,0,5.55,0,1.226,1.74,0,6.96
3/12/2026,4:30, ,gtmfmwq_24G103006_030426_050000.bin,Fort Matanzas,GTMNERR,0,51.901,0,34.2,0,2.15,0,91.6,0,6.67,0,11.21,4.62,7.92,0,-81.6,5.51,21.111,0,5.83,0,1.227,1.63,0,6.52
3/12/2026,4:45, ,gtmfmwq_24G103006_030426_050000.bin,Fort Matanzas,GTMNERR,0,52.036,0,34.3,0,2.119,0,90.6,0,6.58,0,10.62,4.42,7.92,0,-81.3,5.52,21.236,0,5.8,0,1.222,1.47,0,5.85
3/12/2026,5:00, ,gtmfmwq_24G103006_030426_050000.bin,Fort Matanzas,GTMNERR,0,52.229,0,34.44,0,2.089,0,92.9,0,6.71,0,9.95,4.2,7.92,0,-81.8,5.51,21.485,0,6.24,0,1.225,1.43,0,5.69
3/12/2026,5:15, ,gtmfmwq_24G103006_030426_050000.bin,Fort Matanzas,GTMNERR,0,52.242,0,34.45,0,2.055,0,89.5,0,6.45,0,10.14,4.26,7.91,0,-80.9,5.52,21.624,0,5.87,0,1.223,1.27,0,5.05
3/12/2026,5:30, ,gtmfmwq_24G103006_030426_050000.bin,Fort Matanzas,GTMNERR,0,52.231,0,34.44,0,2.024,0,89.7,0,6.44,0,10.6,4.41,7.91,0,-80.8,5.52,21.796,0,4.99,0,1.222,1.29,0,5.15
3/12/2026,5:45, ,gtmfmwq_24G103006_030426_050000.bin,Fort Matanzas,GTMNERR,0,52.235,0,34.44,0,1.992,0,90.3,0,6.48,0,10.81,4.48,7.9,0,-80.7,5.52,21.879,0,5.07,0,1.221,1.26,0,5.01
3/12/2026,6:00, ,gtmfmwq_24G103006_030426_050000.bin,Fort Matanzas,GTMNERR,0,52.204,0,34.42,0,1.963,0,89.9,0,6.45,0,10.98,4.54,7.9,0,-80.4,5.53,21.912,0,4.47,0,1.218,1.14,0,4.51
3/12/2026,6:15, ,gtmfmwq_24G103006_030426_050000.bin,Fort Matanzas,GTMNERR,0,52.211,0,34.42,0,1.93,0,90,0,6.45,0,10.79,4.48,7.89,0,-79.9,5.52,21.961,0,5.63,0,1.217,1.04,0,4.1
3/12/2026,6:30, ,gtmfmwq_24G103006_030426_050000.bin,Fort Matanzas,GTMNERR,0,52.213,0,34.42,0,1.9,0,89,0,6.37,0,11.08,4.57,7.88,0,-79.7,5.53,22.005,0,4.17,0,1.219,1.1,0,4.35
3/12/2026,6:45, ,gtmfmwq_24G103006_030426_050000.bin,Fort Matanzas,GTMNERR,0,52.003,0,34.27,0,1.869,0,79.9,0,5.75,0,11.63,4.76,7.84,0,-77.2,5.52,21.757,0,4.64,0,1.217,1.06,0,4.2
3/12/2026,7:00, ,gtmfmwq_24G103006_030426_050000.bin,Fort Matanzas,GTMNERR,0,51.476,0,33.88,0,1.835,0,78.9,0,5.75,0,13.96,5.54,7.82,0,-75.7,5.49,21.184,0,5.41,0,1.217,1,0,3.97
3/12/2026,7:15, ,gtmfmwq_24G103006_030426_050000.bin,Fort Matanzas,GTMNERR,0,51.847,0,34.16,0,1.798,0,74.9,0,5.43,0,12.37,5,7.82,0,-75.9,5.49,21.394,0,4.62,0,1.217,0.83,0,3.28
3/12/2026,7:30, ,gtmfmwq_24G103006_030426_050000.bin,Fort Matanzas,GTMNERR,0,51.994,0,34.26,0,1.763,0,83.2,0,6.01,0,12.04,4.89,7.85,0,-77.8,5.5,21.568,0,5.1,0,1.219,1.18,0,4.69
3/12/2026,7:45, ,gtmfmwq_24G103006_030426_050000.bin,Fort Matanzas,GTMNERR,0,52.128,0,34.36,0,1.711,0,83.8,0,6.02,0,11.73,4.79,7.86,0,-78.2,5.51,21.814,0,4.86,0,1.217,1.08,0,4.29
3/12/2026,8:00, ,gtmfmwq_24G103006_030426_050000.bin,Fort Matanzas,GTMNERR,0,51.893,0,34.19,0,1.692,0,84.7,0,6.12,0,12.16,4.93,7.87,0,-78.4,5.5,21.522,0,5.43,0,1.215,1.12,0,4.44
3/12/2026,8:15, ,gtmfmwq_24G103006_030426_050000.bin,Fort Matanzas,GTMNERR,0,51.987,0,34.26,0,1.654,0,88.3,0,6.38,0,11.78,4.81,7.88,0,-79.3,5.5,21.564,0,4.69,0,1.219,1.06,0,4.19
3/12/2026,8:30, ,gtmfmwq_24G103006_030426_050000.bin,Fort Matanzas,GTMNERR,0,52.038,0,34.3,0,1.617,0,87.2,0,6.29,0,11.67,4.77,7.88,0,-79.1,5.5,21.572,0,6.83,0,1.232,1.06,0,4.2
3/12/2026,8:45, ,gtmfmwq_24G103006_030426_050000.bin,Fort Matanzas,GTMNERR,0,52.079,0,34.33,0,1.58,0,89.7,0,6.47,0,11.39,4.68,7.89,0,-79.8,5.49,21.662,0,5.54,0,1.231,1.1,0,4.36
3/12/2026,9:00, ,gtmfmwq_24G103006_030426_050000.bin,Fort Matanzas,GTMNERR,0,52.077,0,34.33,0,1.544,0,90.7,0,6.54,0,11.29,4.64,7.89,0,-80.1,5.51,21.6,0,5.21,0,1.222,1.23,0,4.89
3/12/2026,9:15, ,gtmfmwq_24G103006_030426_050000.bin,Fort Matanzas,GTMNERR,0,52.064,0,34.32,0,1.512,0,91,0,6.59,0,11.12,4.59,7.89,0,-80,5.52,21.422,0,5,0,1.219,1.12,0,4.46
3/12/2026,9:30, ,gtmfmwq_24G103006_030426_050000.bin,Fort Matanzas,GTMNERR,0,52.105,0,34.35,0,1.487,0,91.5,0,6.63,0,10.84,4.49,7.9,0,-80.4,5.51,21.346,0,5,0,1.218,1.18,0,4.68
3/12/2026,9:45, ,gtmfmwq_24G103006_030426_050000.bin,Fort Matanzas,GTMNERR,0,52.1,0,34.35,0,1.46,0,91.2,0,6.61,0,10.83,4.49,7.9,0,-80.4,5.52,21.286,0,5.16,0,1.227,1.15,0,4.56
3/12/2026,10:00, ,gtmfmwq_24G103006_030426_050000.bin,Fort Matanzas,GTMNERR,0,52.032,0,34.3,0,1.441,0,86.3,0,6.28,0,11.31,4.65,7.87,0,-78.6,5.5,21.069,0,4.76,0,1.228,1.01,0,4
3/12/2026,10:15, ,gtmfmwq_24G103006_030426_050000.bin,Fort Matanzas,GTMNERR,0,52.01,0,34.28,0,1.426,0,85.7,0,6.24,0,11.57,4.74,7.86,0,-78,5.51,21.045,0,5.42,0,1.233,1.01,0,4.01
3/12/2026,10:30, ,gtmfmwq_24G103006_030426_050000.bin,Fort Matanzas,GTMNERR,0,52.073,0,34.33,0,1.422,0,88.7,0,6.47,0,10.77,4.47,7.89,0,-79.5,5.49,21.018,0,5.14,0,1.232,1.05,0,4.15
3/12/2026,10:45, ,gtmfmwq_24G103006_030426_050000.bin,Fort Matanzas,GTMNERR,0,52.169,0,34.4,0,1.418,0,90.2,0,6.66,0,9.5,4.05,7.91,0,-80.6,5.48,20.317,0,8.38,0,1.233,1.37,0,5.44
3/12/2026,11:00, ,gtmfmwq_24G103006_030426_050000.bin,Fort Matanzas,GTMNERR,0,52.32,0,34.52,0,1.426,0,93.8,0,7.16,0,7.05,3.23,7.97,0,-84.1,5.59,18.434,0,9.99,0,1.229,2.18,0,8.72
3/12/2026,11:15, ,gtmfmwq_24G103006_030426_050000.bin,Fort Matanzas,GTMNERR,0,52.35,0,34.54,0,1.45,0,95.4,0,7.33,0,6.51,3.05,7.98,0,-84.8,5.61,18.084,0,11.27,0,1.226,2.58,0,10.33
3/12/2026,11:30, ,gtmfmwq_24G103006_030426_050000.bin,Fort Matanzas,GTMNERR,0,52.324,0,34.51,0,1.474,0,96.9,0,7.49,0,6.73,3.12,8,0,-85.4,5.61,17.797,0,8.87,0,1.225,2.85,0,11.45
3/12/2026,11:45, ,gtmfmwq_24G103006_030426_050000.bin,Fort Matanzas,GTMNERR,0,52.185,0,34.41,0,1.517,0,97.6,0,7.5,0,7.46,3.37,7.99,0,-85.2,5.59,18.114,0,9.16,0,1.227,2.86,0,11.47
3/12/2026,12:00, ,gtmfmwq_24G103006_030426_050000.bin,Fort Matanzas,GTMNERR,0,52.023,0,34.3,0,1.554,0,97.3,0,7.43,0,8.71,3.78,7.98,0,-84.5,5.58,18.509,0,10.71,0,1.229,2.78,0,11.15
3/12/2026,12:15, ,gtmfmwq_24G103006_030426_050000.bin,Fort Matanzas,GTMNERR,0,51.862,0,34.18,0,1.601,0,97.1,0,7.36,0,9.65,4.09,7.97,0,-84.1,5.58,18.93,0,11.13,0,1.22,3.3,0,13.26
3/12/2026,12:30, ,gtmfmwq_24G103006_030426_050000.bin,Fort Matanzas,GTMNERR,0,51.793,0,34.13,0,1.67,0,97.4,0,7.34,0,10.75,4.46,7.96,0,-83.7,5.56,19.233,0,9.01,0,1.222,4.46,0,17.93
3/12/2026,12:45, ,gtmfmwq_24G103006_030426_050000.bin,Fort Matanzas,GTMNERR,0,51.717,0,34.07,0,1.731,0,97.2,0,7.31,0,11.11,4.58,7.96,0,-83.4,5.59,19.399,0,9.08,0,1.218,2.62,0,10.5
3/12/2026,13:00, ,gtmfmwq_24G103006_030426_050000.bin,Fort Matanzas,GTMNERR,0,51.725,0,34.08,0,1.796,0,96,0,7.23,0,11.1,4.58,7.95,0,-83.2,5.59,19.305,0,10.12,0,1.227,3.83,0,15.38
3/12/2026,13:15, ,gtmfmwq_24G103006_030426_050000.bin,Fort Matanzas,GTMNERR,0,51.76,0,34.1,0,1.84,0,95.6,0,7.22,0,10.96,4.53,7.95,0,-83.2,5.59,19.216,0,10.05,0,1.23,2.95,0,11.86
3/12/2026,13:30, ,gtmfmwq_24G103006_030426_050000.bin,Fort Matanzas,GTMNERR,0,51.837,0,34.16,0,1.888,0,94.8,0,7.18,0,10.28,4.31,7.95,0,-83.2,5.6,19,0,9.78,0,1.229,3.2,0,12.87
3/12/2026,13:45, ,gtmfmwq_24G103006_030426_050000.bin,Fort Matanzas,GTMNERR,0,51.967,0,34.26,0,1.936,0,85.6,0,6.52,0,8.56,3.73,7.92,0,-81.2,5.59,18.676,0,12.58,0,1.221,2.31,0,9.27
3/12/2026,14:00, ,gtmfmwq_24G103006_030426_050000.bin,Fort Matanzas,GTMNERR,0,51.997,0,34.28,0,1.949,0,91.8,0,7,0,9.07,3.9,7.96,0,-83.2,5.6,18.601,0,8.04,0,1.217,3.3,0,13.27
3/12/2026,14:15, ,gtmfmwq_24G103006_030426_050000.bin,Fort Matanzas,GTMNERR,0,51.957,0,34.25,0,1.975,0,87.2,0,6.63,0,9.37,4,7.93,0,-81.7,5.59,18.727,0,6.04,0,1.219,1.87,0,7.47
3/12/2026,14:30, ,gtmfmwq_24G103006_030426_050000.bin,Fort Matanzas,GTMNERR,0,51.853,0,34.17,0,1.989,0,85.6,0,6.49,0,10.21,4.28,7.91,0,-80.7,5.59,18.972,0,6.55,0,1.234,1.99,0,7.97
3/12/2026,14:45, ,gtmfmwq_24G103006_030426_050000.bin,Fort Matanzas,GTMNERR,0,51.813,0,34.14,0,2.004,0,88.5,0,6.69,0,10.48,4.37,7.93,0,-81.8,5.59,19.061,0,5.19,0,1.229,2.09,0,8.36
3/12/2026,15:00, ,gtmfmwq_24G103006_030426_050000.bin,Fort Matanzas,GTMNERR,0,51.797,0,34.13,0,2.005,0,90.8,0,6.86,0,10.4,4.35,7.93,0,-82.1,5.58,19.147,0,7.12,0,1.224,3.08,0,12.35
3/12/2026,15:15, ,gtmfmwq_24G103006_030426_050000.bin,Fort Matanzas,GTMNERR,0,51.867,0,34.18,0,1.994,0,92.7,0,7.02,0,9.85,4.16,7.95,0,-82.9,5.59,18.997,0,7.76,0,1.216,3.37,0,13.55
3/12/2026,15:30, ,gtmfmwq_24G103006_030426_050000.bin,Fort Matanzas,GTMNERR,0,52.027,0,34.3,0,1.985,0,93.4,0,7.06,0,9.08,3.9,7.95,0,-83.1,5.59,19,0,8.19,0,1.216,2.61,0,10.48
3/12/2026,15:45, ,gtmfmwq_24G103006_030426_050000.bin,Fort Matanzas,GTMNERR,0,52.056,0,34.32,0,1.98,0,93.6,0,7.01,0,9.36,4,7.94,0,-82.3,5.59,19.488,0,6.89,0,1.224,3.7,0,14.88
3/12/2026,16:00, ,gtmfmwq_24G103006_030426_050000.bin,Fort Matanzas,GTMNERR,0,52.056,0,34.32,0,1.956,0,92.8,0,6.9,0,9.77,4.13,7.93,0,-81.7,5.59,19.98,0,8.91,0,1.227,2.52,0,10.1
3/12/2026,16:15, ,gtmfmwq_24G103006_030426_050000.bin,Fort Matanzas,GTMNERR,0,51.988,0,34.27,0,1.948,0,92.9,0,6.86,0,10.02,4.22,7.92,0,-81.2,5.59,20.356,0,5.47,0,1.22,2.45,0,9.84
3/12/2026,16:30, ,gtmfmwq_24G103006_030426_050000.bin,Fort Matanzas,GTMNERR,0,51.963,0,34.25,0,1.922,0,88.2,0,6.48,0,10.5,4.38,7.9,0,-80.6,5.59,20.636,0,5.3,0,1.229,1.75,0,7
3/12/2026,16:45, ,gtmfmwq_24G103006_030426_050000.bin,Fort Matanzas,GTMNERR,0,51.973,0,34.26,0,1.889,0,87.1,0,6.38,0,10.65,4.43,7.88,0,-79.3,5.59,20.775,0,4.82,0,1.233,1.6,0,6.4
3/12/2026,17:00, ,gtmfmwq_24G103006_030426_050000.bin,Fort Matanzas,GTMNERR,0,51.958,0,34.24,0,1.873,0,89.8,0,6.57,0,10.37,4.34,7.89,0,-79.9,5.56,20.87,0,5.4,0,1.233,1.72,0,6.87
3/12/2026,17:15, ,gtmfmwq_24G103006_030426_050000.bin,Fort Matanzas,GTMNERR,0,51.951,0,34.24,0,1.857,0,89,0,6.49,0,11.69,4.78,7.88,0,-79.5,5.57,21.031,0,5.15,0,1.224,1.46,0,5.8
3/12/2026,17:30, ,gtmfmwq_24G103006_030426_050000.bin,Fort Matanzas,GTMNERR,0,51.939,0,34.23,0,1.841,0,84.8,0,6.17,0,10.55,4.4,7.88,0,-79.1,5.56,21.191,0,5.48,0,1.217,1.69,0,6.74
3/12/2026,17:45, ,gtmfmwq_24G103006_030426_050000.bin,Fort Matanzas,GTMNERR,0,51.948,0,34.23,0,1.817,0,84.5,0,6.13,0,11.63,4.76,7.86,0,-77.9,5.55,21.351,0,4.94,0,1.22,1.39,0,5.53
3/12/2026,18:00, ,gtmfmwq_24G103006_030426_050000.bin,Fort Matanzas,GTMNERR,0,51.945,0,34.23,0,1.783,0,88.8,0,6.43,0,12.02,4.89,7.88,0,-79.3,5.55,21.438,0,4.72,0,1.227,1.8,0,7.19
3/12/2026,18:15, ,gtmfmwq_24G103006_030426_050000.bin,Fort Matanzas,GTMNERR,0,51.859,0,34.17,0,1.755,0,89.8,0,6.55,0,12.01,4.88,7.88,0,-79.5,5.54,21.082,0,5.26,0,1.224,1.73,0,6.92
3/12/2026,18:30, ,gtmfmwq_24G103006_030426_050000.bin,Fort Matanzas,GTMNERR,0,51.531,0,33.93,0,1.723,0,88.8,0,6.53,0,12.29,4.98,7.88,0,-79,5.51,20.684,0,6.68,0,1.22,1.82,0,7.26
3/12/2026,18:45, ,gtmfmwq_24G103006_030426_050000.bin,Fort Matanzas,GTMNERR,0,51.873,0,34.18,0,1.699,0,85.7,0,6.3,0,10.81,4.48,7.86,0,-78.1,5.49,20.604,0,5,0,1.217,1.4,0,5.59
3/12/2026,19:00, ,gtmfmwq_24G103006_030426_050000.bin,Fort Matanzas,GTMNERR,0,51.764,0,34.1,0,1.685,0,84.3,0,6.18,0,12.67,5.1,7.85,0,-77.6,5.48,20.757,0,5.76,0,1.228,1.35,0,5.38
3/12/2026,19:15, ,gtmfmwq_24G103006_030426_050000.bin,Fort Matanzas,GTMNERR,0,51.813,0,34.13,0,1.664,0,87.2,0,6.35,0,12,4.88,7.87,0,-78.7,5.46,21.145,0,4.8,0,1.222,1.76,0,7.02
3/12/2026,19:30, ,gtmfmwq_24G103006_030426_050000.bin,Fort Matanzas,GTMNERR,0,51.793,0,34.12,0,1.628,0,88.6,0,6.47,0,11.51,4.72,7.87,0,-78.5,5.46,20.98,0,4.93,0,1.227,2.03,0,8.12
3/12/2026,19:45, ,gtmfmwq_24G103006_030426_050000.bin,Fort Matanzas,GTMNERR,0,51.836,0,34.15,0,1.595,0,89.6,0,6.57,0,11.28,4.64,7.89,0,-79.7,5.47,20.773,0,5.58,0,1.229,2.25,0,9.03
3/12/2026,20:00, ,gtmfmwq_24G103006_030426_050000.bin,Fort Matanzas,GTMNERR,0,51.885,0,34.19,0,1.572,0,90.4,0,6.63,0,10.94,4.53,7.89,0,-80,5.47,20.732,0,5.35,0,1.229,3.09,0,12.39
3/12/2026,20:15, ,gtmfmwq_24G103006_030426_050000.bin,Fort Matanzas,GTMNERR,0,51.857,0,34.17,0,1.549,0,91.8,0,6.75,0,11,4.55,7.91,0,-80.7,5.49,20.629,0,6.88,0,1.221,2.33,0,9.33
3/12/2026,20:30, ,gtmfmwq_24G103006_030426_050000.bin,Fort Matanzas,GTMNERR,0,51.917,0,34.21,0,1.518,0,91.1,0,6.68,0,12.3,4.98,7.89,0,-80,5.48,20.72,0,5.96,0,1.221,2.2,0,8.82
3/12/2026,20:45, ,gtmfmwq_24G103006_030426_050000.bin,Fort Matanzas,GTMNERR,0,51.903,0,34.2,0,1.49,0,90.6,0,6.65,0,11.06,4.57,7.9,0,-80.2,5.48,20.713,0,5.35,0,1.224,2.76,0,11.09
3/12/2026,21:00, ,gtmfmwq_24G103006_030426_050000.bin,Fort Matanzas,GTMNERR,0,51.903,0,34.2,0,1.465,0,90,0,6.61,0,10.93,4.52,7.89,0,-79.9,5.49,20.619,0,5.43,0,1.225,2.08,0,8.34
3/12/2026,21:15, ,gtmfmwq_24G103006_030426_050000.bin,Fort Matanzas,GTMNERR,0,51.914,0,34.21,0,1.443,0,90,0,6.62,0,10.89,4.51,7.9,0,-80.1,5.48,20.588,0,5.63,0,1.229,2.29,0,9.16
3/12/2026,21:30, ,gtmfmwq_24G103006_030426_050000.bin,Fort Matanzas,GTMNERR,0,51.931,0,34.23,0,1.431,0,91.2,0,6.71,0,10.9,4.51,7.9,0,-80.2,5.49,20.573,0,6.3,0,1.233,2.3,0,9.2
3/12/2026,21:45, ,gtmfmwq_24G103006_030426_050000.bin,Fort Matanzas,GTMNERR,0,51.827,0,34.15,0,1.516,0,90.7,0,6.71,0,11.17,4.61,7.9,0,-80.4,5.48,20.266,0,7.35,0,1.232,2.08,0,8.33
3/12/2026,22:00, ,gtmfmwq_24G103006_030426_050000.bin,Fort Matanzas,GTMNERR,0,51.862,0,34.18,0,1.514,0,92,0,6.82,0,10.96,4.53,7.91,0,-80.9,5.47,20.122,0,7.5,0,1.223,2.33,0,9.33
3/12/2026,22:15, ,gtmfmwq_24G103006_030426_050000.bin,Fort Matanzas,GTMNERR,0,51.897,0,34.2,0,1.554,0,93.7,0,7.01,0,9.69,4.11,7.94,0,-82.4,5.46,19.611,0,12.02,0,1.216,3.44,0,13.84
3/12/2026,22:30, ,gtmfmwq_24G103006_030426_050000.bin,Fort Matanzas,GTMNERR,0,52.007,0,34.29,0,1.628,0,95.2,0,7.2,0,8.88,3.84,7.95,0,-83.2,5.4,19.053,0,7.72,0,1.215,3.45,0,13.85
3/12/2026,22:45, ,gtmfmwq_24G103006_030426_050000.bin,Fort Matanzas,GTMNERR,0,51.745,0,34.09,0,1.703,0,95.8,0,7.26,0,10.2,4.28,7.96,0,-83.6,5.38,18.982,0,297.73,0,1.223,3.79,0,15.24
3/12/2026,23:00, ,gtmfmwq_24G103006_030426_050000.bin,Fort Matanzas,GTMNERR,0,51.621,0,34,0,1.755,0,95.5,0,7.21,0,11.19,4.61,7.95,0,-83,5.36,19.207,0,6.51,0,1.232,3.47,0,13.95
3/12/2026,23:15, ,gtmfmwq_24G103006_030426_050000.bin,Fort Matanzas,GTMNERR,0,51.525,0,33.93,0,1.773,0,95.2,0,7.17,0,12.17,4.94,7.94,0,-82.6,5.56,19.384,0,7.27,0,1.23,3.68,0,14.79
3/12/2026,23:30, ,gtmfmwq_24G103006_030426_050000.bin,Fort Matanzas,GTMNERR,0,51.337,0,33.79,0,1.804,0,95,0,7.13,0,13.8,5.48,7.94,0,-82.4,5.52,19.613,0,6.84,0,1.219,2.7,0,10.85
3/12/2026,23:45, ,gtmfmwq_24G103006_030426_050000.bin,Fort Matanzas,GTMNERR,0,51.27,0,33.74,0,1.852,0,94.9,0,7.12,0,13.95,5.53,7.93,0,-82,5.49,19.631,0,45.02,0,1.219,3.07,0,12.32
3/13/2026,0:00, ,gtmfmwq_24G103006_030426_050000.bin,Fort Matanzas,GTMNERR,0,51.306,0,33.77,0,1.895,0,94.6,0,7.1,0,13.65,5.43,7.93,0,-82.1,5.45,19.561,0,7.86,0,1.233,3.58,0,14.4
3/13/2026,0:15, ,gtmfmwq_24G103006_030426_050000.bin,Fort Matanzas,GTMNERR,0,51.402,0,33.84,0,1.95,0,94,0,7.09,0,12.49,5.04,7.94,0,-82.3,5.38,19.357,0,8.28,0,1.233,4.07,0,16.36
3/13/2026,0:30, ,gtmfmwq_24G103006_030426_050000.bin,Fort Matanzas,GTMNERR,0,51.492,0,33.91,0,2.008,0,94.2,0,7.13,0,11.68,4.77,7.95,0,-82.9,5.27,19.089,0,9.35,0,1.218,4.3,0,17.28
3/13/2026,0:45, ,gtmfmwq_24G103006_030426_050000.bin,Fort Matanzas,GTMNERR,0,51.534,0,33.94,0,2.058,0,94.1,0,7.15,0,11.38,4.67,7.95,0,-83,5.26,18.914,0,9.87,0,1.224,3.84,0,15.42
3/13/2026,1:00, ,gtmfmwq_24G103006_030426_050000.bin,Fort Matanzas,GTMNERR,0,51.624,0,34,0,2.124,0,94.3,0,7.18,0,10.76,4.47,7.95,0,-83.1,5.42,18.749,0,7.27,0,1.226,3.99,0,16.02
3/13/2026,1:15, ,gtmfmwq_24G103006_030426_050000.bin,Fort Matanzas,GTMNERR,0,51.913,0,34.21,0,2.18,0,95.7,0,7.36,0,8.37,3.67,7.98,0,-84.6,5.49,18.175,0,8.88,0,1.218,3.8,0,15.28
3/13/2026,1:30, ,gtmfmwq_24G103006_030426_050000.bin,Fort Matanzas,GTMNERR,0,51.998,0,34.28,0,2.237,0,95.8,0,7.38,0,7.9,3.51,7.98,0,-84.7,5.53,18.049,0,8.1,0,1.226,4.6,0,18.49
3/13/2026,1:45, ,gtmfmwq_24G103006_030426_050000.bin,Fort Matanzas,GTMNERR,0,52.038,0,34.3,0,2.293,0,96.1,0,7.4,0,7.86,3.5,7.98,0,-84.6,5.54,18.011,0,7.21,0,1.23,4.23,0,17
3/13/2026,2:00, ,gtmfmwq_24G103006_030426_050000.bin,Fort Matanzas,GTMNERR,0,52.102,0,34.35,0,2.352,0,95.4,0,7.36,0,7.19,3.27,7.98,0,-84.5,5.54,17.957,0,6.94,0,1.229,4.5,0,18.12
3/13/2026,2:15, ,gtmfmwq_24G103006_030426_050000.bin,Fort Matanzas,GTMNERR,0,52.129,0,34.37,0,2.404,0,94.3,0,7.27,0,7.26,3.3,7.97,0,-84,5.53,17.95,0,6.25,0,1.227,3.72,0,14.97
3/13/2026,2:30, ,gtmfmwq_24G103006_030426_050000.bin,Fort Matanzas,GTMNERR,0,52.137,0,34.38,0,2.468,0,93.1,0,7.2,0,6.82,3.15,7.97,0,-84,5.55,17.799,0,6.58,0,1.226,3.6,0,14.46
3/13/2026,2:45, ,gtmfmwq_24G103006_030426_050000.bin,Fort Matanzas,GTMNERR,0,51.975,0,34.26,0,2.521,0,91.4,0,7.04,0,8.72,3.78,7.96,0,-83.3,5.54,18.039,0,6.44,0,1.223,3,0,12.04
3/13/2026,3:00, ,gtmfmwq_24G103006_030426_050000.bin,Fort Matanzas,GTMNERR,0,51.896,0,34.2,0,2.567,0,89.5,0,6.88,0,9.23,3.95,7.95,0,-82.7,5.55,18.185,0,5.09,0,1.219,2.53,0,10.15
3/13/2026,3:15, ,gtmfmwq_24G103006_030426_050000.bin,Fort Matanzas,GTMNERR,0,51.769,0,34.11,0,2.611,0,91.7,0,7.02,0,10.3,4.31,7.95,0,-82.8,5.56,18.431,0,5.27,0,1.219,2.67,0,10.72
3/13/2026,3:30, ,gtmfmwq_24G103006_030426_050000.bin,Fort Matanzas,GTMNERR,0,51.728,0,34.08,0,2.644,0,90,0,6.88,0,10.49,4.38,7.94,0,-82.5,5.56,18.534,0,5.77,0,1.217,2.43,0,9.75
3/13/2026,3:45, ,gtmfmwq_24G103006_030426_050000.bin,Fort Matanzas,GTMNERR,0,51.701,0,34.06,0,2.672,0,89.8,0,6.84,0,10.84,4.49,7.93,0,-81.9,5.57,18.683,0,4.69,0,1.228,2.36,0,9.45
3/13/2026,4:00, ,gtmfmwq_24G103006_030426_050000.bin,Fort Matanzas,GTMNERR,0,51.694,0,34.05,0,2.712,0,90,0,6.85,0,11.06,4.57,7.94,0,-82.1,5.56,18.781,0,4.62,0,1.225,2.31,0,9.24
3/13/2026,4:15, ,gtmfmwq_24G103006_030426_050000.bin,Fort Matanzas,GTMNERR,0,51.737,0,34.09,0,2.74,0,86.7,0,6.6,0,10.58,4.41,7.92,0,-81.3,5.56,18.743,0,4.58,0,1.216,1.96,0,7.83
3/13/2026,4:30, ,gtmfmwq_24G103006_030426_050000.bin,Fort Matanzas,GTMNERR,0,51.819,0,34.15,0,2.756,0,87.7,0,6.64,0,10.81,4.48,7.92,0,-81.1,5.57,19.028,0,5.55,0,1.23,1.87,0,7.48
3/13/2026,4:45, ,gtmfmwq_24G103006_030426_050000.bin,Fort Matanzas,GTMNERR,0,51.9,0,34.21,0,2.774,0,88.5,0,6.66,0,10.77,4.47,7.91,0,-80.9,5.56,19.308,0,6.48,0,1.227,2.33,0,9.34
3/13/2026,5:00, ,gtmfmwq_24G103006_030426_050000.bin,Fort Matanzas,GTMNERR,0,51.924,0,34.22,0,2.773,0,85.7,0,6.37,0,11.36,4.67,7.88,0,-78.9,5.59,20.001,0,7.7,0,1.228,1.58,0,6.29
3/13/2026,5:15, ,gtmfmwq_24G103006_030426_050000.bin,Fort Matanzas,GTMNERR,0,51.923,0,34.22,0,2.753,0,85.6,0,6.28,0,12.12,4.92,7.86,0,-78.2,5.59,20.646,0,7.24,0,1.219,1.7,0,6.79
3/13/2026,5:30, ,gtmfmwq_24G103006_030426_050000.bin,Fort Matanzas,GTMNERR,0,51.928,0,34.22,0,2.718,0,86.5,0,6.31,0,13.07,5.24,7.86,0,-77.8,5.59,21.001,0,8.49,0,1.227,1.86,0,7.44
3/13/2026,5:45, ,gtmfmwq_24G103006_030426_050000.bin,Fort Matanzas,GTMNERR,0,51.957,0,34.24,0,2.684,0,86.2,0,6.27,0,13.5,5.38,7.85,0,-77.4,5.61,21.23,0,11.06,0,1.223,1.69,0,6.76
3/13/2026,6:00, ,gtmfmwq_24G103006_030426_050000.bin,Fort Matanzas,GTMNERR,0,51.975,0,34.25,0,2.65,0,85.6,0,6.19,0,14.24,5.63,7.84,0,-77.1,5.6,21.438,0,10.17,0,1.221,1.6,0,6.38
3/13/2026,6:15, ,gtmfmwq_24G103006_030426_050000.bin,Fort Matanzas,GTMNERR,0,51.968,0,34.24,0,2.62,0,85.1,0,6.14,0,14.62,5.76,7.83,0,-76.3,5.61,21.652,0,11.62,0,1.226,1.56,0,6.22
3/13/2026,6:30, ,gtmfmwq_24G103006_030426_050000.bin,Fort Matanzas,GTMNERR,0,51.966,0,34.24,0,2.577,0,85.1,0,6.12,0,15.22,5.96,7.82,0,-76.1,5.6,21.769,0,10.93,0,1.22,1.62,0,6.48
3/13/2026,6:45, ,gtmfmwq_24G103006_030426_050000.bin,Fort Matanzas,GTMNERR,0,51.959,0,34.23,0,2.53,0,85,0,6.11,0,15.5,6.05,7.82,0,-75.9,5.61,21.839,0,10.33,0,1.22,1.42,0,5.67
3/13/2026,7:00, ,gtmfmwq_24G103006_030426_050000.bin,Fort Matanzas,GTMNERR,0,51.955,0,34.23,0,2.482,0,84,0,6.03,0,15.76,6.14,7.82,0,-75.6,5.61,21.88,0,9.88,0,1.222,1.35,0,5.37
3/13/2026,7:15, ,gtmfmwq_24G103006_030426_050000.bin,Fort Matanzas,GTMNERR,0,51.923,0,34.21,0,2.428,0,84,0,6.04,0,15.72,6.12,7.81,0,-75.3,5.61,21.882,0,9.79,0,1.223,1.28,0,5.08
3/13/2026,7:30, ,gtmfmwq_24G103006_030426_050000.bin,Fort Matanzas,GTMNERR,0,51.932,0,34.21,0,2.382,0,84.5,0,6.07,0,16.18,6.28,7.82,0,-75.8,5.62,21.942,0,9.04,0,1.223,1.37,0,5.47
3/13/2026,7:45, ,gtmfmwq_24G103006_030426_050000.bin,Fort Matanzas,GTMNERR,0,51.937,0,34.22,0,2.338,0,81.5,0,5.87,0,15.9,6.18,7.81,0,-74.9,5.61,21.765,0,8.26,0,1.225,1.1,0,4.36
3/13/2026,8:00, ,gtmfmwq_24G103006_030426_050000.bin,Fort Matanzas,GTMNERR,0,51.925,0,34.21,0,2.297,0,79.7,0,5.73,0,16.28,6.31,7.79,0,-74.1,5.61,21.844,0,6.01,0,1.227,0.96,0,3.79
3/13/2026,8:15, ,gtmfmwq_24G103006_030426_050000.bin,Fort Matanzas,GTMNERR,0,51.93,0,34.21,0,2.252,0,81.6,0,5.86,0,16.11,6.25,7.81,0,-75.1,5.62,21.822,0,5.16,0,1.227,0.94,0,3.71
3/13/2026,8:30, ,gtmfmwq_24G103006_030426_050000.bin,Fort Matanzas,GTMNERR,0,51.976,0,34.25,0,2.214,0,82.3,0,5.96,0,15.69,6.11,7.81,0,-75.4,5.6,21.463,0,6.27,0,1.224,1.07,0,4.25
3/13/2026,8:45, ,gtmfmwq_24G103006_030426_050000.bin,Fort Matanzas,GTMNERR,0,51.917,0,34.21,0,2.179,0,83.4,0,6.07,0,14.64,5.76,7.82,0,-75.6,5.61,21.16,0,5.08,0,1.22,0.98,0,3.86
3/13/2026,9:00, ,gtmfmwq_24G103006_030426_050000.bin,Fort Matanzas,GTMNERR,0,51.916,0,34.21,0,2.147,0,70.3,0,5.13,0,14.04,5.56,7.76,0,-71.9,5.6,21.021,0,4.88,0,1.227,0.67,0,2.64
3/13/2026,9:15, ,gtmfmwq_24G103006_030426_050000.bin,Fort Matanzas,GTMNERR,0,51.971,0,34.26,0,2.114,0,82.7,0,6.11,0,14.32,5.66,7.81,0,-75,5.59,20.328,0,4.93,0,1.232,0.98,0,3.87
3/13/2026,9:30, ,gtmfmwq_24G103006_030426_050000.bin,Fort Matanzas,GTMNERR,0,51.956,0,34.24,0,2.087,0,83.7,0,6.14,0,14.72,5.79,7.81,0,-75.1,5.59,20.729,0,4.63,0,1.233,0.88,0,3.47
3/13/2026,9:45, ,gtmfmwq_24G103006_030426_050000.bin,Fort Matanzas,GTMNERR,0,51.944,0,34.23,0,2.057,0,85.2,0,6.2,0,14.97,5.87,7.82,0,-75.9,5.57,21.137,0,4.94,0,1.227,1.02,0,4.04
3/13/2026,10:00, ,gtmfmwq_24G103006_030426_050000.bin,Fort Matanzas,GTMNERR,0,51.925,0,34.22,0,2.027,0,85.3,0,6.23,0,15.04,5.9,7.83,0,-76,5.59,20.97,0,5.33,0,1.222,0.92,0,3.64
3/13/2026,10:15, ,gtmfmwq_24G103006_030426_050000.bin,Fort Matanzas,GTMNERR,0,51.916,0,34.21,0,2.001,0,85.5,0,6.25,0,14.86,5.84,7.83,0,-76,5.58,20.854,0,5.95,0,1.223,0.95,0,3.76
3/13/2026,10:30, ,gtmfmwq_24G103006_030426_050000.bin,Fort Matanzas,GTMNERR,0,51.938,0,34.23,0,1.98,0,84.5,0,6.2,0,14.33,5.66,7.82,0,-75.9,5.57,20.65,0,7.67,0,1.223,0.99,0,3.91
3/13/2026,10:45, ,gtmfmwq_24G103006_030426_050000.bin,Fort Matanzas,GTMNERR,0,51.976,0,34.26,0,1.96,0,85.6,0,6.33,0,14.26,5.64,7.83,0,-76,5.58,20.319,0,6.25,0,1.217,0.97,0,3.83
3/13/2026,11:00, ,gtmfmwq_24G103006_030426_050000.bin,Fort Matanzas,GTMNERR,0,51.932,0,34.23,0,1.957,0,86.7,0,6.4,0,13.96,5.53,7.84,0,-76.6,5.57,20.328,0,6.62,0,1.219,0.92,0,3.63
3/13/2026,11:15, ,gtmfmwq_24G103006_030426_050000.bin,Fort Matanzas,GTMNERR,0,51.876,0,34.19,0,1.958,0,88.2,0,6.49,0,13.61,5.42,7.84,0,-76.8,5.58,20.526,0,5.57,0,1.229,0.94,0,3.74
3/13/2026,11:30, ,gtmfmwq_24G103006_030426_050000.bin,Fort Matanzas,GTMNERR,0,51.963,0,34.25,0,1.958,0,89.3,0,6.61,0,13.42,5.36,7.85,0,-77.5,5.57,20.263,0,5.03,0,1.234,1.01,0,4
3/13/2026,11:45, ,gtmfmwq_24G103006_030426_050000.bin,Fort Matanzas,GTMNERR,0,51.98,0,34.27,0,1.967,0,89.2,0,6.65,0,13.11,5.25,7.85,0,-77.5,5.57,19.794,0,5.69,0,1.226,1.03,0,4.1
3/13/2026,12:00, ,gtmfmwq_24G103006_030426_050000.bin,Fort Matanzas,GTMNERR,0,51.995,0,34.28,0,1.97,0,88,0,6.57,0,13.17,5.27,7.85,0,-77.3,5.58,19.72,0,8.63,0,1.221,1.06,0,4.22
3/13/2026,12:15, ,gtmfmwq_24G103006_030426_050000.bin,Fort Matanzas,GTMNERR,0,52.013,0,34.29,0,1.975,0,96.3,0,7.27,0,10.59,4.41,7.92,0,-81.1,5.57,19.09,0,11.82,0,1.222,1.91,0,7.64
3/13/2026,12:30, ,gtmfmwq_24G103006_030426_050000.bin,Fort Matanzas,GTMNERR,0,52.186,0,34.41,0,1.98,0,101.1,0,7.8,0,8.02,3.55,7.97,0,-83.8,5.52,17.903,0,9.68,0,1.225,2.73,0,10.94
3/13/2026,12:45, ,gtmfmwq_24G103006_030426_050000.bin,Fort Matanzas,GTMNERR,0,52.315,0,34.5,0,1.998,0,103.9,0,8.11,0,6.41,3.01,8,0,-85.7,5.54,17.276,0,11.27,0,1.228,2.64,0,10.59
3/13/2026,13:00, ,gtmfmwq_24G103006_030426_050000.bin,Fort Matanzas,GTMNERR,0,52.416,0,34.57,0,2.019,0,106,0,8.33,0,5.17,2.6,8.02,0,-86.6,5.53,16.928,0,12.4,0,1.231,2.96,0,11.88
3/13/2026,13:15, ,gtmfmwq_24G103006_030426_050000.bin,Fort Matanzas,GTMNERR,0,52.393,0,34.56,0,2.048,0,105.8,0,8.3,0,5.32,2.65,8.02,0,-86.5,5.52,16.999,0,12.52,0,1.23,2.83,0,11.37
3/13/2026,13:30, ,gtmfmwq_24G103006_030426_050000.bin,Fort Matanzas,GTMNERR,0,52.359,0,34.53,0,2.073,0,105.3,0,8.25,0,5.66,2.76,8.01,0,-86.3,5.51,17.084,0,13.66,0,1.228,3.09,0,12.41
3/13/2026,13:45, ,gtmfmwq_24G103006_030426_050000.bin,Fort Matanzas,GTMNERR,0,52.334,0,34.52,0,2.096,0,105.5,0,8.24,0,5.99,2.87,8.01,0,-86.3,5.52,17.249,0,12.67,0,1.23,2.97,0,11.93
3/13/2026,14:00, ,gtmfmwq_24G103006_030426_050000.bin,Fort Matanzas,GTMNERR,0,52.32,0,34.51,0,2.124,0,105.2,0,8.2,0,6.21,2.95,8.01,0,-86.2,5.51,17.344,0,10.07,0,1.233,3.94,0,15.84
3/13/2026,14:15, ,gtmfmwq_24G103006_030426_050000.bin,Fort Matanzas,GTMNERR,0,52.283,0,34.48,0,2.159,0,105.6,0,8.21,0,6.56,3.06,8.01,0,-85.9,5.51,17.504,0,7.83,0,1.228,2.71,0,10.89
3/13/2026,14:30, ,gtmfmwq_24G103006_030426_050000.bin,Fort Matanzas,GTMNERR,0,52.245,0,34.46,0,2.193,0,106.2,0,8.19,0,7.01,3.21,8,0,-86,5.51,17.884,0,6.73,0,1.22,2.47,0,9.91
3/13/2026,14:45, ,gtmfmwq_24G103006_030426_050000.bin,Fort Matanzas,GTMNERR,0,52.192,0,34.42,0,2.23,0,104.8,0,8.05,0,7.53,3.39,7.99,0,-85.3,5.38,18.159,0,6.02,0,1.218,2.39,0,9.58
3/13/2026,15:00, ,gtmfmwq_24G103006_030426_050000.bin,Fort Matanzas,GTMNERR,0,52.172,0,34.41,0,2.259,0,103.3,0,7.88,0,8.25,3.63,7.98,0,-84.6,5.4,18.496,0,4.96,0,1.222,1.79,0,7.16
3/13/2026,15:15, ,gtmfmwq_24G103006_030426_050000.bin,Fort Matanzas,GTMNERR,0,52.127,0,34.37,0,2.284,0,102.3,0,7.79,0,8.37,3.67,7.97,0,-84.1,5.38,18.626,0,4.55,0,1.219,1.85,0,7.41
3/13/2026,15:30, ,gtmfmwq_24G103006_030426_050000.bin,Fort Matanzas,GTMNERR,0,52.123,0,34.37,0,2.303,0,86.9,0,6.63,0,8.12,3.59,7.9,0,-79.9,5.38,18.551,0,3.68,0,1.228,1.28,0,5.1
3/13/2026,15:45, ,gtmfmwq_24G103006_030426_050000.bin,Fort Matanzas,GTMNERR,0,52.168,0,34.4,0,2.323,0,76.7,0,5.87,0,7.63,3.42,7.87,0,-78,5.38,18.332,0,4.76,0,1.227,1,0,3.95
3/13/2026,16:00, ,gtmfmwq_24G103006_030426_050000.bin,Fort Matanzas,GTMNERR,0,52.212,0,34.43,0,2.34,0,85.9,0,6.61,0,7.31,3.31,7.91,0,-80.4,5.37,18.054,0,4.06,0,1.217,1.25,0,4.97
3/13/2026,16:15, ,gtmfmwq_24G103006_030426_050000.bin,Fort Matanzas,GTMNERR,0,52.227,0,34.44,0,2.351,0,95.6,0,7.38,0,7.35,3.33,7.95,0,-82.7,5.41,17.899,0,4.65,0,1.215,1.53,0,6.11
3/13/2026,16:30, ,gtmfmwq_24G103006_030426_050000.bin,Fort Matanzas,GTMNERR,0,52.262,0,34.47,0,2.35,0,94,0,7.28,0,6.83,3.15,7.95,0,-82.6,5.41,17.681,0,5.16,0,1.231,1.39,0,5.55
3/13/2026,16:45, ,gtmfmwq_24G103006_030426_050000.bin,Fort Matanzas,GTMNERR,0,52.286,0,34.49,0,2.349,0,106.2,0,8.19,0,6.48,3.03,8,0,-86,5.4,17.923,0,5.43,0,1.233,1.91,0,7.64
3/13/2026,17:00, ,gtmfmwq_24G103006_030426_050000.bin,Fort Matanzas,GTMNERR,0,52.302,0,34.5,0,2.341,0,103.7,0,8.01,0,6.61,3.08,8,0,-85.5,5.4,17.88,0,6.27,0,1.228,2,0,8.01
3/13/2026,17:15, ,gtmfmwq_24G103006_030426_050000.bin,Fort Matanzas,GTMNERR,0,52.333,0,34.52,0,2.328,0,104.2,0,8.03,0,6.79,3.14,7.99,0,-85.2,5.39,17.938,0,7.5,0,1.216,1.94,0,7.77
3/13/2026,17:30, ,gtmfmwq_24G103006_030426_050000.bin,Fort Matanzas,GTMNERR,0,52.301,0,34.5,0,2.314,0,104.8,0,8,0,7.37,3.33,7.98,0,-84.8,5.42,18.46,0,6.75,0,1.215,1.88,0,7.51
3/13/2026,17:45, ,gtmfmwq_24G103006_030426_050000.bin,Fort Matanzas,GTMNERR,0,52.241,0,34.46,0,2.291,0,103.8,0,7.86,0,8.27,3.64,7.96,0,-83.8,5.48,18.881,0,7.6,0,1.231,1.94,0,7.77
3/13/2026,18:00, ,gtmfmwq_24G103006_030426_050000.bin,Fort Matanzas,GTMNERR,0,52.261,0,34.47,0,2.272,0,100.4,0,7.54,0,9.7,4.11,7.94,0,-82.4,5.48,19.348,0,6.76,0,1.223,1.88,0,7.5
3/13/2026,18:15, ,gtmfmwq_24G103006_030426_050000.bin,Fort Matanzas,GTMNERR,0,52.153,0,34.39,0,2.241,0,99,0,7.35,0,10.8,4.48,7.92,0,-81.2,5.5,19.976,0,6.74,0,1.224,2.44,0,9.77
3/13/2026,18:30, ,gtmfmwq_24G103006_030426_050000.bin,Fort Matanzas,GTMNERR,0,52.108,0,34.36,0,2.207,0,96.5,0,7.13,0,11.51,4.72,7.9,0,-80.1,5.48,20.295,0,5.4,0,1.225,1.96,0,7.83
3/13/2026,18:45, ,gtmfmwq_24G103006_030426_050000.bin,Fort Matanzas,GTMNERR,0,52.045,0,34.31,0,2.179,0,93.5,0,6.9,0,11.4,4.68,7.89,0,-79.7,5.49,20.311,0,4.82,0,1.217,2.51,0,10.05
3/13/2026,19:00, ,gtmfmwq_24G103006_030426_050000.bin,Fort Matanzas,GTMNERR,0,52.081,0,34.34,0,2.154,0,95.5,0,7.03,0,11.56,4.73,7.89,0,-79.6,5.49,20.468,0,5.52,0,1.222,2.04,0,8.16
3/13/2026,19:15, ,gtmfmwq_24G103006_030426_050000.bin,Fort Matanzas,GTMNERR,0,52.053,0,34.32,0,2.125,0,94.6,0,6.95,0,12.27,4.97,7.88,0,-79.3,5.5,20.571,0,5.11,0,1.224,2.18,0,8.72
3/13/2026,19:30, ,gtmfmwq_24G103006_030426_050000.bin,Fort Matanzas,GTMNERR,0,52.043,0,34.31,0,2.1,0,95.6,0,7.01,0,12.3,4.98,7.88,0,-79.2,5.51,20.749,0,5.51,0,1.227,2.09,0,8.39
3/13/2026,19:45, ,gtmfmwq_24G103006_030426_050000.bin,Fort Matanzas,GTMNERR,0,52.058,0,34.32,0,2.069,0,94.8,0,6.98,0,11.79,4.81,7.88,0,-79.4,5.5,20.424,0,5.11,0,1.228,1.58,0,6.29
3/13/2026,20:00, ,gtmfmwq_24G103006_030426_050000.bin,Fort Matanzas,GTMNERR,0,52.091,0,34.35,0,2.039,0,93.7,0,6.94,0,11.11,4.58,7.88,0,-79.3,5.53,20.131,0,4.82,0,1.226,1.28,0,5.08
3/13/2026,20:15, ,gtmfmwq_24G103006_030426_050000.bin,Fort Matanzas,GTMNERR,0,52.095,0,34.35,0,2.006,0,95.2,0,7.08,0,10.6,4.41,7.91,0,-80.7,5.52,19.954,0,5.37,0,1.227,1.78,0,7.12
3/13/2026,20:30, ,gtmfmwq_24G103006_030426_050000.bin,Fort Matanzas,GTMNERR,0,52.144,0,34.38,0,1.971,0,87,0,6.42,0,10.73,4.46,7.85,0,-77.4,5.55,20.37,0,3.98,0,1.226,1.03,0,4.08
3/13/2026,20:45, ,gtmfmwq_24G103006_030426_050000.bin,Fort Matanzas,GTMNERR,0,52.054,0,34.31,0,1.939,0,93.2,0,6.81,0,12.21,4.95,7.86,0,-78,5.56,20.885,0,4.43,0,1.227,1.56,0,6.21
3/13/2026,21:00, ,gtmfmwq_24G103006_030426_050000.bin,Fort Matanzas,GTMNERR,0,52.073,0,34.33,0,1.908,0,94.8,0,7.01,0,11.47,4.7,7.88,0,-79.3,5.54,20.248,0,3.92,0,1.227,1.84,0,7.34
3/13/2026,21:15, ,gtmfmwq_24G103006_030426_050000.bin,Fort Matanzas,GTMNERR,0,52.092,0,34.35,0,1.875,0,95.4,0,7.06,0,11.4,4.68,7.89,0,-79.5,5.55,20.181,0,4.66,0,1.223,2.11,0,8.45
3/13/2026,21:30, ,gtmfmwq_24G103006_030426_050000.bin,Fort Matanzas,GTMNERR,0,52.096,0,34.35,0,1.846,0,95.8,0,7.1,0,11.38,4.67,7.89,0,-79.7,5.55,20.124,0,4.49,0,1.224,1.87,0,7.5
3/13/2026,21:45, ,gtmfmwq_24G103006_030426_050000.bin,Fort Matanzas,GTMNERR,0,52.122,0,34.37,0,1.815,0,97.8,0,7.21,0,11.64,4.76,7.89,0,-80,5.55,20.404,0,5.07,0,1.222,2.01,0,8.02
3/13/2026,22:00, ,gtmfmwq_24G103006_030426_050000.bin,Fort Matanzas,GTMNERR,0,52.084,0,34.34,0,1.788,0,97.6,0,7.18,0,11.88,4.84,7.89,0,-79.8,5.56,20.49,0,4.86,0,1.224,1.96,0,7.83
3/13/2026,22:15, ,gtmfmwq_24G103006_030426_050000.bin,Fort Matanzas,GTMNERR,0,52.086,0,34.34,0,1.757,0,97.4,0,7.19,0,11.71,4.78,7.89,0,-79.8,5.55,20.338,0,4.52,0,1.229,2.14,0,8.57
3/13/2026,22:30, ,gtmfmwq_24G103006_030426_050000.bin,Fort Matanzas,GTMNERR,0,52.139,0,34.38,0,1.733,0,95.5,0,7.03,0,12.19,4.95,7.87,0,-78.5,5.56,20.434,0,6.2,0,1.232,1.77,0,7.08
3/13/2026,22:45, ,gtmfmwq_24G103006_030426_050000.bin,Fort Matanzas,GTMNERR,0,52.146,0,34.39,0,1.711,0,95.9,0,7.07,0,12.23,4.96,7.87,0,-78.7,5.55,20.414,0,6.18,0,1.223,1.8,0,7.21
3/13/2026,23:00, ,gtmfmwq_24G103006_030426_050000.bin,Fort Matanzas,GTMNERR,0,52.144,0,34.38,0,1.699,0,93.2,0,6.85,0,13.2,5.28,7.85,0,-77.1,5.55,20.539,0,6.15,0,1.219,1.3,0,5.17
3/13/2026,23:15, ,gtmfmwq_24G103006_030426_050000.bin,Fort Matanzas,GTMNERR,0,52.124,0,34.37,0,1.691,0,98.6,0,7.29,0,11.42,4.69,7.9,0,-80.2,5.56,20.193,0,5.7,0,1.228,1.82,0,7.29
3/13/2026,23:30, ,gtmfmwq_24G103006_030426_050000.bin,Fort Matanzas,GTMNERR,0,52.138,0,34.38,0,1.697,0,99,0,7.34,0,10.92,4.52,7.91,0,-80.8,5.55,20.067,0,6.33,0,1.233,1.86,0,7.42
3/13/2026,23:45, ,gtmfmwq_24G103006_030426_050000.bin,Fort Matanzas,GTMNERR,0,52.159,0,34.4,0,1.721,0,99.6,0,7.4,0,10.56,4.4,7.91,0,-80.6,5.55,19.931,0,10.96,0,1.232,2.2,0,8.83
3/14/2026,0:00, ,gtmfmwq_24G103006_030426_050000.bin,Fort Matanzas,GTMNERR,0,52.352,0,34.54,0,1.729,0,100.1,0,7.57,0,8.76,3.8,7.96,0,-83.7,5.44,18.948,0,11.82,0,1.223,2.4,0,9.62
3/14/2026,0:15, ,gtmfmwq_24G103006_030426_050000.bin,Fort Matanzas,GTMNERR,0,52.456,0,34.61,0,1.755,0,104.1,0,8.02,0,6.51,3.05,8.01,0,-86.5,5.44,17.902,0,11.69,0,1.217,2.86,0,11.46
3/14/2026,0:30, ,gtmfmwq_24G103006_030426_050000.bin,Fort Matanzas,GTMNERR,0,52.415,0,34.58,0,1.789,0,105.7,0,8.17,0,6.13,2.92,8.02,0,-86.8,5.55,17.815,0,16.05,0,1.23,4.16,0,16.72
3/14/2026,0:45, ,gtmfmwq_24G103006_030426_050000.bin,Fort Matanzas,GTMNERR,0,52.343,0,34.53,0,1.833,0,105.1,0,8.1,0,6.73,3.12,8.01,0,-86.3,5.55,17.944,0,18.88,0,1.232,2.6,0,10.43
3/14/2026,1:00, ,gtmfmwq_24G103006_030426_050000.bin,Fort Matanzas,GTMNERR,0,52.439,0,34.6,0,1.889,0,104.4,0,8.08,0,6.04,2.89,8.02,0,-86.8,5.56,17.696,0,15.36,0,1.226,3.29,0,13.21
3/14/2026,1:15, ,gtmfmwq_24G103006_030426_050000.bin,Fort Matanzas,GTMNERR,0,52.456,0,34.61,0,1.942,0,104.6,0,8.09,0,6.09,2.91,8.02,0,-87.1,5.55,17.705,0,13.36,0,1.222,3.07,0,12.32
3/14/2026,1:30, ,gtmfmwq_24G103006_030426_050000.bin,Fort Matanzas,GTMNERR,0,52.483,0,34.63,0,1.998,0,104.3,0,8.08,0,5.8,2.81,8.03,0,-87.3,5.55,17.641,0,12.27,0,1.226,2.67,0,10.7
3/14/2026,1:45, ,gtmfmwq_24G103006_030426_050000.bin,Fort Matanzas,GTMNERR,0,52.491,0,34.64,0,2.047,0,103.5,0,8.01,0,5.95,2.86,8.02,0,-87.1,5.55,17.676,0,11.11,0,1.228,3,0,12.05
3/14/2026,2:00, ,gtmfmwq_24G103006_030426_050000.bin,Fort Matanzas,GTMNERR,0,52.486,0,34.63,0,2.104,0,103.3,0,7.99,0,6.06,2.89,8.03,0,-87.2,5.54,17.706,0,9.92,0,1.233,2.88,0,11.58
3/14/2026,2:15, ,gtmfmwq_24G103006_030426_050000.bin,Fort Matanzas,GTMNERR,0,52.485,0,34.63,0,2.157,0,102.5,0,7.93,0,6.03,2.89,8.02,0,-86.7,5.55,17.725,0,7.94,0,1.232,4.55,0,18.3
3/14/2026,2:30, ,gtmfmwq_24G103006_030426_050000.bin,Fort Matanzas,GTMNERR,0,52.472,0,34.62,0,2.208,0,102.2,0,7.9,0,6.15,2.92,8.01,0,-86.5,5.54,17.794,0,7.64,0,1.232,3.09,0,12.41
3/14/2026,2:45, ,gtmfmwq_24G103006_030426_050000.bin,Fort Matanzas,GTMNERR,0,52.449,0,34.61,0,2.269,0,102,0,7.86,0,6.43,3.02,8.01,0,-86.4,5.55,17.891,0,7.56,0,1.221,2.54,0,10.19
3/14/2026,3:00, ,gtmfmwq_24G103006_030426_050000.bin,Fort Matanzas,GTMNERR,0,52.438,0,34.6,0,2.318,0,101.4,0,7.81,0,6.69,3.11,8.01,0,-86,5.55,17.95,0,12.53,0,1.225,2.34,0,9.36
3/14/2026,3:15, ,gtmfmwq_24G103006_030426_050000.bin,Fort Matanzas,GTMNERR,0,52.412,0,34.58,0,2.365,0,101.2,0,7.78,0,6.77,3.13,8,0,-85.8,5.54,18.035,0,6.89,0,1.228,2.78,0,11.17
3/14/2026,3:30, ,gtmfmwq_24G103006_030426_050000.bin,Fort Matanzas,GTMNERR,0,52.409,0,34.58,0,2.408,0,100.5,0,7.73,0,6.75,3.13,8,0,-85.8,5.55,18.034,0,5.91,0,1.233,2.54,0,10.18
3/14/2026,3:45, ,gtmfmwq_24G103006_030426_050000.bin,Fort Matanzas,GTMNERR,0,52.418,0,34.59,0,2.455,0,99.4,0,7.65,0,6.57,3.07,8,0,-85.6,5.55,18.009,0,4.86,0,1.223,2.4,0,9.61
3/14/2026,4:00, ,gtmfmwq_24G103006_030426_050000.bin,Fort Matanzas,GTMNERR,0,52.42,0,34.59,0,2.502,0,92.3,0,7.11,0,6.22,2.95,7.97,0,-83.7,5.54,17.984,0,5.61,0,1.222,1.69,0,6.75
3/14/2026,4:15, ,gtmfmwq_24G103006_030426_050000.bin,Fort Matanzas,GTMNERR,0,52.427,0,34.59,0,2.541,0,80.8,0,6.22,0,6.65,3.09,7.92,0,-81,5.55,17.967,0,4.18,0,1.226,1.24,0,4.93
3/14/2026,4:30, ,gtmfmwq_24G103006_030426_050000.bin,Fort Matanzas,GTMNERR,0,52.439,0,34.6,0,2.567,0,92.7,0,7.15,0,6.55,3.06,7.98,0,-84.3,5.54,17.9,0,5.12,0,1.219,2.51,0,10.05
3/14/2026,4:45, ,gtmfmwq_24G103006_030426_050000.bin,Fort Matanzas,GTMNERR,0,52.441,0,34.6,0,2.591,0,93.4,0,7.2,0,6.46,3.03,7.97,0,-84,5.55,17.879,0,4.51,0,1.225,1.41,0,5.63
3/14/2026,5:00, ,gtmfmwq_24G103006_030426_050000.bin,Fort Matanzas,GTMNERR,0,52.42,0,34.59,0,2.61,0,96.6,0,7.46,0,6.43,3.02,7.98,0,-84.7,5.54,17.811,0,7.3,0,1.229,1.83,0,7.29
3/14/2026,5:15, ,gtmfmwq_24G103006_030426_050000.bin,Fort Matanzas,GTMNERR,0,52.434,0,34.6,0,2.623,0,97.7,0,7.56,0,6.44,3.02,7.99,0,-85.1,5.54,17.724,0,7.18,0,1.224,2.1,0,8.4
3/14/2026,5:30, ,gtmfmwq_24G103006_030426_050000.bin,Fort Matanzas,GTMNERR,0,52.407,0,34.58,0,2.632,0,99.6,0,7.69,0,7.05,3.23,7.99,0,-85.2,5.55,17.87,0,6.43,0,1.225,2.12,0,8.49
3/14/2026,5:45, ,gtmfmwq_24G103006_030426_050000.bin,Fort Matanzas,GTMNERR,0,52.336,0,34.53,0,2.625,0,95.8,0,7.3,0,8.52,3.72,7.94,0,-82.6,5.54,18.544,0,8.11,0,1.225,2.03,0,8.12
3/14/2026,6:00, ,gtmfmwq_24G103006_030426_050000.bin,Fort Matanzas,GTMNERR,0,52.261,0,34.47,0,2.602,0,94.2,0,7.1,0,9.76,4.13,7.93,0,-81.6,5.55,19.114,0,8.23,0,1.223,1.89,0,7.56
3/14/2026,6:15, ,gtmfmwq_24G103006_030426_050000.bin,Fort Matanzas,GTMNERR,0,52.215,0,34.44,0,2.57,0,93.9,0,7.04,0,10.59,4.41,7.91,0,-80.6,5.55,19.459,0,8.73,0,1.222,1.8,0,7.21
3/14/2026,6:30, ,gtmfmwq_24G103006_030426_050000.bin,Fort Matanzas,GTMNERR,0,52.181,0,34.41,0,2.547,0,92.5,0,6.89,0,11.38,4.67,7.89,0,-79.6,5.56,19.82,0,7.43,0,1.219,1.83,0,7.3
3/14/2026,6:45, ,gtmfmwq_24G103006_030426_050000.bin,Fort Matanzas,GTMNERR,0,52.139,0,34.38,0,2.508,0,91.6,0,6.79,0,12.11,4.92,7.87,0,-78.7,5.56,20.139,0,7.73,0,1.217,1.85,0,7.38
3/14/2026,7:00, ,gtmfmwq_24G103006_030426_050000.bin,Fort Matanzas,GTMNERR,0,52.106,0,34.36,0,2.466,0,90.5,0,6.66,0,12.72,5.12,7.87,0,-78.5,5.55,20.472,0,8.69,0,1.216,1.65,0,6.57
3/14/2026,7:15, ,gtmfmwq_24G103006_030426_050000.bin,Fort Matanzas,GTMNERR,0,52.076,0,34.33,0,2.424,0,89.7,0,6.58,0,13.41,5.35,7.86,0,-77.7,5.56,20.736,0,8.24,0,1.232,1.52,0,6.07
3/14/2026,7:30, ,gtmfmwq_24G103006_030426_050000.bin,Fort Matanzas,GTMNERR,0,52.039,0,34.3,0,2.387,0,87.3,0,6.37,0,13.93,5.53,7.84,0,-76.7,5.55,20.932,0,8.41,0,1.229,1.4,0,5.58
3/14/2026,7:45, ,gtmfmwq_24G103006_030426_050000.bin,Fort Matanzas,GTMNERR,0,52.017,0,34.29,0,2.336,0,87.9,0,6.41,0,14.13,5.59,7.84,0,-76.8,5.55,21.058,0,7.74,0,1.215,1.4,0,5.57
3/14/2026,8:00, ,gtmfmwq_24G103006_030426_050000.bin,Fort Matanzas,GTMNERR,0,52.004,0,34.28,0,2.291,0,84,0,6.11,0,14.63,5.76,7.83,0,-76,5.56,21.167,0,7.05,0,1.224,1.1,0,4.38
3/14/2026,8:15, ,gtmfmwq_24G103006_030426_050000.bin,Fort Matanzas,GTMNERR,0,51.994,0,34.27,0,2.249,0,84.8,0,6.16,0,14.79,5.81,7.83,0,-76.1,5.55,21.188,0,5.91,0,1.223,1.35,0,5.37
3/14/2026,8:30, ,gtmfmwq_24G103006_030426_050000.bin,Fort Matanzas,GTMNERR,0,52.085,0,34.34,0,2.21,0,88.3,0,6.51,0,13.17,5.27,7.85,0,-77.2,5.56,20.415,0,6.31,0,1.22,1.13,0,4.48
3/14/2026,8:45, ,gtmfmwq_24G103006_030426_050000.bin,Fort Matanzas,GTMNERR,0,52.133,0,34.38,0,2.17,0,88.2,0,6.53,0,12.49,5.04,7.85,0,-77.4,5.54,20.167,0,4.88,0,1.215,0.97,0,3.82
3/14/2026,9:00, ,gtmfmwq_24G103006_030426_050000.bin,Fort Matanzas,GTMNERR,0,52.125,0,34.37,0,2.132,0,87.3,0,6.46,0,12.42,5.02,7.85,0,-77.5,5.54,20.167,0,5.26,0,1.219,0.85,0,3.37
3/14/2026,9:15, ,gtmfmwq_24G103006_030426_050000.bin,Fort Matanzas,GTMNERR,0,52.11,0,34.36,0,2.09,0,76.5,0,5.66,0,12.2,4.95,7.79,0,-73.8,5.55,20.209,0,3.33,0,1.232,0.56,0,2.18
3/14/2026,9:30, ,gtmfmwq_24G103006_030426_050000.bin,Fort Matanzas,GTMNERR,0,52.065,0,34.33,0,2.051,0,85.7,0,6.31,0,12.78,5.14,7.83,0,-75.9,5.54,20.426,0,5.21,0,1.23,0.93,0,3.68
3/14/2026,9:45, ,gtmfmwq_24G103006_030426_050000.bin,Fort Matanzas,GTMNERR,0,52.101,0,34.35,0,2.01,0,87.1,0,6.43,0,13.03,5.22,7.84,0,-76.8,5.55,20.341,0,3.95,0,1.218,1.1,0,4.36
3/14/2026,10:00, ,gtmfmwq_24G103006_030426_050000.bin,Fort Matanzas,GTMNERR,0,52.087,0,34.34,0,1.975,0,88.1,0,6.49,0,13.25,5.3,7.83,0,-76.4,5.54,20.444,0,4.58,0,1.215,1,0,3.96
3/14/2026,10:15, ,gtmfmwq_24G103006_030426_050000.bin,Fort Matanzas,GTMNERR,0,52.078,0,34.34,0,1.936,0,87.6,0,6.45,0,13.45,5.36,7.84,0,-76.5,5.53,20.461,0,4.82,0,1.229,0.98,0,3.86
3/14/2026,10:30, ,gtmfmwq_24G103006_030426_050000.bin,Fort Matanzas,GTMNERR,0,52.057,0,34.32,0,1.9,0,88.4,0,6.5,0,13.53,5.39,7.84,0,-76.9,5.54,20.544,0,4.73,0,1.223,1.06,0,4.2
3/14/2026,10:45, ,gtmfmwq_24G103006_030426_050000.bin,Fort Matanzas,GTMNERR,0,52.088,0,34.34,0,1.867,0,90.1,0,6.61,0,13.37,5.34,7.85,0,-77.3,5.53,20.641,0,4.72,0,1.22,1.18,0,4.7
3/14/2026,11:00, ,gtmfmwq_24G103006_030426_050000.bin,Fort Matanzas,GTMNERR,0,52.132,0,34.37,0,1.832,0,91.3,0,6.69,0,13.47,5.37,7.85,0,-77.4,5.53,20.75,0,4.31,0,1.217,1.24,0,4.91
3/14/2026,11:15, ,gtmfmwq_24G103006_030426_050000.bin,Fort Matanzas,GTMNERR,0,52.121,0,34.37,0,1.801,0,88.9,0,6.57,0,12.87,5.17,7.85,0,-77.1,5.52,20.297,0,5.55,0,1.216,1.12,0,4.45
3/14/2026,11:30, ,gtmfmwq_24G103006_030426_050000.bin,Fort Matanzas,GTMNERR,0,52.116,0,34.37,0,1.766,0,90,0,6.67,0,12.54,5.06,7.85,0,-77.5,5.53,20.145,0,5.78,0,1.215,1.05,0,4.18
3/14/2026,11:45, ,gtmfmwq_24G103006_030426_050000.bin,Fort Matanzas,GTMNERR,0,52.213,0,34.44,0,1.742,0,91.5,0,6.77,0,12.23,4.96,7.86,0,-78.1,5.54,20.198,0,5.56,0,1.225,1.09,0,4.32
3/14/2026,12:00, ,gtmfmwq_24G103006_030426_050000.bin,Fort Matanzas,GTMNERR,0,52.181,0,34.41,0,1.73,0,92.6,0,6.85,0,11.59,4.74,7.87,0,-78.4,5.52,20.129,0,5.71,0,1.229,0.98,0,3.87
3/14/2026,12:15, ,gtmfmwq_24G103006_030426_050000.bin,Fort Matanzas,GTMNERR,0,52.174,0,34.41,0,1.724,0,93.4,0,6.92,0,11.26,4.63,7.88,0,-78.8,5.5,20.124,0,5.29,0,1.225,0.98,0,3.86
3/14/2026,12:30, ,gtmfmwq_24G103006_030426_050000.bin,Fort Matanzas,GTMNERR,0,52.255,0,34.47,0,1.73,0,93.4,0,6.95,0,10.61,4.42,7.88,0,-79,5.45,19.804,0,6.93,0,1.216,1.02,0,4.06
3/14/2026,12:45, ,gtmfmwq_24G103006_030426_050000.bin,Fort Matanzas,GTMNERR,0,52.279,0,34.49,0,1.742,0,95.7,0,7.14,0,10.06,4.23,7.91,0,-80.4,5.45,19.664,0,7.59,0,1.225,1.16,0,4.6
3/14/2026,13:00, ,gtmfmwq_24G103006_030426_050000.bin,Fort Matanzas,GTMNERR,0,52.494,0,34.64,0,1.756,0,103.5,0,7.9,0,6.04,2.89,8.01,0,-86.4,5.43,18.39,0,11,0,1.231,1.5,0,5.99
3/14/2026,13:15, ,gtmfmwq_24G103006_030426_050000.bin,Fort Matanzas,GTMNERR,0,52.525,0,34.67,0,1.782,0,105,0,8.06,0,5.22,2.62,8.03,0,-87.4,5.46,18.113,0,9.06,0,1.228,1.36,0,5.41
3/14/2026,13:30, ,gtmfmwq_24G103006_030426_050000.bin,Fort Matanzas,GTMNERR,0,52.507,0,34.65,0,1.811,0,105.5,0,8.12,0,4.93,2.52,8.04,0,-87.9,5.53,17.984,0,9.35,0,1.229,1.29,0,5.14
3/14/2026,13:45, ,gtmfmwq_24G103006_030426_050000.bin,Fort Matanzas,GTMNERR,0,52.487,0,34.64,0,1.851,0,105.4,0,8.09,0,5.23,2.62,8.03,0,-87.7,5.51,18.098,0,9.1,0,1.227,1.53,0,6.11
3/14/2026,14:00, ,gtmfmwq_24G103006_030426_050000.bin,Fort Matanzas,GTMNERR,0,52.537,0,34.67,0,1.904,0,106.2,0,8.16,0,4.84,2.49,8.05,0,-88.7,5.51,18.079,0,8.81,0,1.215,1.66,0,6.62
3/14/2026,14:15, ,gtmfmwq_24G103006_030426_050000.bin,Fort Matanzas,GTMNERR,0,52.552,0,34.69,0,1.951,0,106.2,0,8.15,0,4.77,2.47,8.03,0,-87.8,5.52,18.087,0,8.54,0,1.223,1.68,0,6.72
3/14/2026,14:30, ,gtmfmwq_24G103006_030426_050000.bin,Fort Matanzas,GTMNERR,0,52.526,0,34.67,0,2,0,105.6,0,8.11,0,4.8,2.47,8.03,0,-87.7,5.51,18.079,0,8.54,0,1.233,1.71,0,6.83
3/14/2026,14:45, ,gtmfmwq_24G103006_030426_050000.bin,Fort Matanzas,GTMNERR,0,52.527,0,34.67,0,2.042,0,104.6,0,8.03,0,4.86,2.5,8.04,0,-88.1,5.52,18.072,0,6.8,0,1.233,2.3,0,9.23
3/14/2026,15:00, ,gtmfmwq_24G103006_030426_050000.bin,Fort Matanzas,GTMNERR,0,52.538,0,34.67,0,2.084,0,104.4,0,8.01,0,4.76,2.46,8.03,0,-87.7,5.51,18.077,0,6.26,0,1.226,1.43,0,5.71
3/14/2026,15:15, ,gtmfmwq_24G103006_030426_050000.bin,Fort Matanzas,GTMNERR,0,52.551,0,34.68,0,2.119,0,101.8,0,7.82,0,4.83,2.48,8.02,0,-87.2,5.51,18.086,0,6.41,0,1.221,1.02,0,4.03
3/14/2026,15:30, ,gtmfmwq_24G103006_030426_050000.bin,Fort Matanzas,GTMNERR,0,52.542,0,34.68,0,2.161,0,103.1,0,7.91,0,4.49,2.37,8.02,0,-87.1,5.52,18.113,0,5.03,0,1.216,1.34,0,5.35
3/14/2026,15:45, ,gtmfmwq_24G103006_030426_050000.bin,Fort Matanzas,GTMNERR,0,52.528,0,34.67,0,2.2,0,101.7,0,7.8,0,4.82,2.48,8.02,0,-87.1,5.51,18.184,0,4.85,0,1.22,1,0,3.95
3/14/2026,16:00, ,gtmfmwq_24G103006_030426_050000.bin,Fort Matanzas,GTMNERR,0,52.522,0,34.66,0,2.239,0,100,0,7.66,0,4.82,2.48,8.01,0,-86.3,5.52,18.227,0,4.72,0,1.227,1.3,0,5.16
3/14/2026,16:15, ,gtmfmwq_24G103006_030426_050000.bin,Fort Matanzas,GTMNERR,0,52.515,0,34.66,0,2.273,0,97.2,0,7.44,0,4.98,2.53,7.99,0,-85.2,5.51,18.295,0,3.33,0,1.225,0.71,0,2.81
3/14/2026,16:30, ,gtmfmwq_24G103006_030426_050000.bin,Fort Matanzas,GTMNERR,0,52.52,0,34.66,0,2.301,0,82.2,0,6.29,0,5.16,2.59,7.95,0,-82.9,5.51,18.273,0,3.94,0,1.231,0.79,0,3.13
3/14/2026,16:45, ,gtmfmwq_24G103006_030426_050000.bin,Fort Matanzas,GTMNERR,0,52.522,0,34.66,0,2.33,0,73.1,0,5.6,0,4.97,2.53,7.9,0,-80.1,5.52,18.255,0,4.18,0,1.234,0.62,0,2.44
3/14/2026,17:00, ,gtmfmwq_24G103006_030426_050000.bin,Fort Matanzas,GTMNERR,0,52.532,0,34.67,0,2.364,0,72.9,0,5.59,0,5.06,2.56,7.9,0,-80,5.51,18.2,0,4.4,0,1.224,0.59,0,2.3
3/14/2026,17:15, ,gtmfmwq_24G103006_030426_050000.bin,Fort Matanzas,GTMNERR,0,52.533,0,34.67,0,2.39,0,90.8,0,6.96,0,4.87,2.5,7.96,0,-83.6,5.51,18.149,0,3.49,0,1.218,0.8,0,3.15
3/14/2026,17:30, ,gtmfmwq_24G103006_030426_050000.bin,Fort Matanzas,GTMNERR,0,52.534,0,34.67,0,2.411,0,101,0,7.75,0,4.88,2.5,8.01,0,-86.6,5.51,18.152,0,5.08,0,1.217,0.81,0,3.19
3/14/2026,17:45, ,gtmfmwq_24G103006_030426_050000.bin,Fort Matanzas,GTMNERR,0,52.548,0,34.68,0,2.426,0,99,0,7.59,0,4.88,2.5,8.01,0,-86.6,5.51,18.185,0,5.27,0,1.227,1.02,0,4.04
3/14/2026,18:00, ,gtmfmwq_24G103006_030426_050000.bin,Fort Matanzas,GTMNERR,0,52.531,0,34.67,0,2.418,0,102.8,0,7.86,0,5.16,2.59,8.03,0,-87.4,5.52,18.3,0,4.62,0,1.224,1.13,0,4.47
3/14/2026,18:15, ,gtmfmwq_24G103006_030426_050000.bin,Fort Matanzas,GTMNERR,0,52.494,0,34.64,0,2.401,0,102.9,0,7.84,0,5.75,2.79,8.02,0,-86.9,5.51,18.548,0,5.54,0,1.217,1.32,0,5.26
3/14/2026,18:30, ,gtmfmwq_24G103006_030426_050000.bin,Fort Matanzas,GTMNERR,0,52.415,0,34.59,0,2.377,0,100.8,0,7.58,0,7.57,3.4,7.96,0,-83.8,5.45,19.243,0,7.14,0,1.227,2.41,0,9.66
3/14/2026,18:45, ,gtmfmwq_24G103006_030426_050000.bin,Fort Matanzas,GTMNERR,0,52.345,0,34.54,0,2.347,0,98.7,0,7.36,0,9.26,3.96,7.94,0,-82.2,5.38,19.721,0,6.48,0,1.23,2.09,0,8.35
3/14/2026,19:00, ,gtmfmwq_24G103006_030426_050000.bin,Fort Matanzas,GTMNERR,0,52.289,0,34.49,0,2.306,0,97.7,0,7.24,0,10.12,4.25,7.91,0,-80.7,5.36,20.047,0,6.29,0,1.231,2.09,0,8.38
3/14/2026,19:15, ,gtmfmwq_24G103006_030426_050000.bin,Fort Matanzas,GTMNERR,0,52.254,0,34.47,0,2.269,0,96,0,7.08,0,10.66,4.43,7.9,0,-80.3,5.31,20.29,0,6.48,0,1.223,1.85,0,7.41
3/14/2026,19:30, ,gtmfmwq_24G103006_030426_050000.bin,Fort Matanzas,GTMNERR,0,52.213,0,34.43,0,2.229,0,95.2,0,6.99,0,11.44,4.7,7.88,0,-79.3,5.38,20.562,0,6.51,0,1.22,2.17,0,8.68
3/14/2026,19:45, ,gtmfmwq_24G103006_030426_050000.bin,Fort Matanzas,GTMNERR,0,52.181,0,34.41,0,2.194,0,94.2,0,6.89,0,12.02,4.89,7.87,0,-78.4,5.57,20.805,0,6.75,0,1.217,1.84,0,7.34
3/14/2026,20:00, ,gtmfmwq_24G103006_030426_050000.bin,Fort Matanzas,GTMNERR,0,52.165,0,34.4,0,2.155,0,93.1,0,6.79,0,12.21,4.95,7.85,0,-77.7,5.56,20.944,0,6.94,0,1.234,1.79,0,7.15
3/14/2026,20:15, ,gtmfmwq_24G103006_030426_050000.bin,Fort Matanzas,GTMNERR,0,52.148,0,34.38,0,2.117,0,92.7,0,6.74,0,12.82,5.15,7.86,0,-78.3,5.56,21.086,0,6.11,0,1.222,1.96,0,7.84
3/14/2026,20:30, ,gtmfmwq_24G103006_030426_050000.bin,Fort Matanzas,GTMNERR,0,52.174,0,34.4,0,2.074,0,94.7,0,6.92,0,12.26,4.97,7.87,0,-78.7,5.56,20.833,0,6.42,0,1.221,2.38,0,9.53
3/14/2026,20:45, ,gtmfmwq_24G103006_030426_050000.bin,Fort Matanzas,GTMNERR,0,52.218,0,34.44,0,2.031,0,94.5,0,6.96,0,11.18,4.61,7.88,0,-79.4,5.56,20.432,0,5.65,0,1.227,1.84,0,7.36
3/14/2026,21:00, ,gtmfmwq_24G103006_030426_050000.bin,Fort Matanzas,GTMNERR,0,52.239,0,34.45,0,1.99,0,93.5,0,6.88,0,11.2,4.61,7.88,0,-79.1,5.56,20.451,0,4.88,0,1.222,1.32,0,5.25
3/14/2026,21:15, ,gtmfmwq_24G103006_030426_050000.bin,Fort Matanzas,GTMNERR,0,52.258,0,34.47,0,1.952,0,92.2,0,6.73,0,11.73,4.79,7.87,0,-78.4,5.55,20.894,0,4.56,0,1.232,1.48,0,5.89
3/14/2026,21:30, ,gtmfmwq_24G103006_030426_050000.bin,Fort Matanzas,GTMNERR,0,52.213,0,34.43,0,1.914,0,91.5,0,6.66,0,12.15,4.93,7.86,0,-78.2,5.55,21.076,0,4.77,0,1.229,1.48,0,5.9
3/14/2026,21:45, ,gtmfmwq_24G103006_030426_050000.bin,Fort Matanzas,GTMNERR,0,52.201,0,34.42,0,1.876,0,92.8,0,6.76,0,12.29,4.98,7.86,0,-78.3,5.56,21.044,0,5.19,0,1.23,1.85,0,7.39
3/14/2026,22:00, ,gtmfmwq_24G103006_030426_050000.bin,Fort Matanzas,GTMNERR,0,52.179,0,34.41,0,1.839,0,93.8,0,6.84,0,12.51,5.05,7.86,0,-78.2,5.55,20.98,0,4.49,0,1.22,2.04,0,8.17
3/14/2026,22:15, ,gtmfmwq_24G103006_030426_050000.bin,Fort Matanzas,GTMNERR,0,52.182,0,34.41,0,1.804,0,91.9,0,6.72,0,12.2,4.95,7.86,0,-78.1,5.56,20.815,0,5.34,0,1.223,1.97,0,7.9
3/14/2026,22:30, ,gtmfmwq_24G103006_030426_050000.bin,Fort Matanzas,GTMNERR,0,52.182,0,34.41,0,1.769,0,93.4,0,6.84,0,12.34,4.99,7.87,0,-78.3,5.55,20.776,0,5.23,0,1.224,1.88,0,7.5
3/14/2026,22:45, ,gtmfmwq_24G103006_030426_050000.bin,Fort Matanzas,GTMNERR,0,52.214,0,34.43,0,1.735,0,92.8,0,6.79,0,12.21,4.95,7.87,0,-78.6,5.55,20.765,0,5.97,0,1.217,1.78,0,7.12
3/14/2026,23:00, ,gtmfmwq_24G103006_030426_050000.bin,Fort Matanzas,GTMNERR,0,52.222,0,34.44,0,1.702,0,94.4,0,6.91,0,11.91,4.85,7.87,0,-78.6,5.56,20.772,0,5.14,0,1.218,1.86,0,7.43
3/14/2026,23:15, ,gtmfmwq_24G103006_030426_050000.bin,Fort Matanzas,GTMNERR,0,52.269,0,34.48,0,1.67,0,95.3,0,6.99,0,11.36,4.67,7.88,0,-79.1,5.55,20.659,0,5.43,0,1.219,1.86,0,7.43
3/14/2026,23:30, ,gtmfmwq_24G103006_030426_050000.bin,Fort Matanzas,GTMNERR,0,52.275,0,34.48,0,1.643,0,93.9,0,6.91,0,11.55,4.73,7.88,0,-79.2,5.55,20.477,0,5.59,0,1.229,1.66,0,6.62
3/14/2026,23:45, ,gtmfmwq_24G103006_030426_050000.bin,Fort Matanzas,GTMNERR,0,52.294,0,34.5,0,1.624,0,95.3,0,7.02,0,10.96,4.53,7.89,0,-80,5.55,20.389,0,5.35,0,1.224,1.66,0,6.62
3/15/2026,0:00, ,gtmfmwq_24G103006_030426_050000.bin,Fort Matanzas,GTMNERR,0,52.321,0,34.52,0,1.601,0,95.8,0,7.06,0,10.58,4.41,7.9,0,-80.4,5.55,20.356,0,5.68,0,1.224,1.65,0,6.57
3/15/2026,0:15, ,gtmfmwq_24G103006_030426_050000.bin,Fort Matanzas,GTMNERR,0,52.368,0,34.55,0,1.595,0,95.4,0,7.04,0,10,4.21,7.91,0,-80.9,5.55,20.315,0,6.73,0,1.229,1.4,0,5.56
3/15/2026,0:30, ,gtmfmwq_24G103006_030426_050000.bin,Fort Matanzas,GTMNERR,0,52.377,0,34.56,0,1.603,0,94.1,0,6.95,0,10.12,4.25,7.9,0,-80.4,5.54,20.225,0,7.41,0,1.227,1.43,0,5.71
3/15/2026,0:45, ,gtmfmwq_24G103006_030426_050000.bin,Fort Matanzas,GTMNERR,0,52.465,0,34.63,0,1.62,0,96.8,0,7.24,0,8.28,3.64,7.95,0,-83.2,5.55,19.532,0,10.34,0,1.226,1.51,0,6.03
3/15/2026,1:00, ,gtmfmwq_24G103006_030426_050000.bin,Fort Matanzas,GTMNERR,0,52.508,0,34.66,0,1.641,0,101.3,0,7.71,0,6.05,2.89,8.01,0,-86.6,5.5,18.527,0,8.36,0,1.225,1.44,0,5.74
3/15/2026,1:15, ,gtmfmwq_24G103006_030426_050000.bin,Fort Matanzas,GTMNERR,0,52.516,0,34.66,0,1.673,0,102.4,0,7.83,0,5.78,2.8,8.02,0,-87.1,5.49,18.358,0,6.45,0,1.227,1.43,0,5.68
3/15/2026,1:30, ,gtmfmwq_24G103006_030426_050000.bin,Fort Matanzas,GTMNERR,0,52.457,0,34.62,0,1.705,0,103.8,0,7.92,0,5.88,2.83,8.03,0,-87.5,5.48,18.417,0,7.71,0,1.227,1.79,0,7.17
3/15/2026,1:45, ,gtmfmwq_24G103006_030426_050000.bin,Fort Matanzas,GTMNERR,0,52.385,0,34.56,0,1.755,0,102.5,0,7.79,0,6.83,3.15,8.01,0,-86.6,5.43,18.694,0,9.26,0,1.23,1.82,0,7.28
3/15/2026,2:00, ,gtmfmwq_24G103006_030426_050000.bin,Fort Matanzas,GTMNERR,0,52.467,0,34.62,0,1.798,0,102.6,0,7.84,0,5.75,2.79,8.03,0,-87.4,5.43,18.34,0,7.55,0,1.229,1.65,0,6.58
3/15/2026,2:15, ,gtmfmwq_24G103006_030426_050000.bin,Fort Matanzas,GTMNERR,0,52.476,0,34.63,0,1.854,0,102.5,0,7.83,0,5.97,2.87,8.02,0,-86.9,5.41,18.376,0,7.08,0,1.228,1.59,0,6.36
3/15/2026,2:30, ,gtmfmwq_24G103006_030426_050000.bin,Fort Matanzas,GTMNERR,0,52.46,0,34.62,0,1.909,0,102.9,0,7.86,0,5.46,2.7,8.03,0,-87.4,5.4,18.342,0,6.42,0,1.226,1.62,0,6.47
3/15/2026,2:45, ,gtmfmwq_24G103006_030426_050000.bin,Fort Matanzas,GTMNERR,0,52.489,0,34.64,0,1.972,0,102.6,0,7.85,0,5.53,2.72,8.03,0,-87.3,5.4,18.244,0,5.58,0,1.226,1.53,0,6.09
3/15/2026,3:00, ,gtmfmwq_24G103006_030426_050000.bin,Fort Matanzas,GTMNERR,0,52.502,0,34.65,0,2.028,0,102.2,0,7.83,0,5.32,2.65,8.02,0,-87.2,5.39,18.227,0,5.22,0,1.225,1.38,0,5.48
3/15/2026,3:15, ,gtmfmwq_24G103006_030426_050000.bin,Fort Matanzas,GTMNERR,0,52.506,0,34.65,0,2.086,0,102.1,0,7.82,0,5.21,2.61,8.03,0,-87.6,5.41,18.205,0,4.92,0,1.225,1.42,0,5.64
3/15/2026,3:30, ,gtmfmwq_24G103006_030426_050000.bin,Fort Matanzas,GTMNERR,0,52.515,0,34.66,0,2.143,0,101.5,0,7.78,0,5.09,2.57,8.02,0,-87.2,5.39,18.203,0,4.44,0,1.219,1.32,0,5.26
3/15/2026,3:45, ,gtmfmwq_24G103006_030426_050000.bin,Fort Matanzas,GTMNERR,0,52.518,0,34.66,0,2.2,0,101.4,0,7.77,0,5.11,2.58,8.03,0,-87.5,5.35,18.202,0,4.67,0,1.221,1.27,0,5.06
3/15/2026,4:00, ,gtmfmwq_24G103006_030426_050000.bin,Fort Matanzas,GTMNERR,0,52.52,0,34.66,0,2.265,0,101.1,0,7.74,0,5.06,2.56,8.03,0,-87.7,5.28,18.227,0,4.12,0,1.227,1.02,0,4.04
3/15/2026,4:15, ,gtmfmwq_24G103006_030426_050000.bin,Fort Matanzas,GTMNERR,0,52.52,0,34.66,0,2.321,0,99,0,7.59,0,5.09,2.57,8.01,0,-86.6,5.35,18.219,0,4.17,0,1.227,1.15,0,4.55
3/15/2026,4:30, ,gtmfmwq_24G103006_030426_050000.bin,Fort Matanzas,GTMNERR,0,52.521,0,34.66,0,2.374,0,96.2,0,7.37,0,5.21,2.61,8.01,0,-86.2,5.05,18.222,0,3.51,0,1.228,0.93,0,3.69
3/15/2026,4:45, ,gtmfmwq_24G103006_030426_050000.bin,Fort Matanzas,GTMNERR,0,52.524,0,34.66,0,2.427,0,91.9,0,7.04,0,5.13,2.58,7.99,0,-85,5.06,18.228,0,2.61,0,1.218,0.94,0,3.73
3/15/2026,5:00, ,gtmfmwq_24G103006_030426_050000.bin,Fort Matanzas,GTMNERR,0,52.525,0,34.67,0,2.474,0,79.8,0,6.11,0,5.15,2.59,7.94,0,-82.2,5.13,18.234,0,3.83,0,1.226,0.79,0,3.13
3/15/2026,5:15, ,gtmfmwq_24G103006_030426_050000.bin,Fort Matanzas,GTMNERR,0,52.526,0,34.67,0,2.515,0,83.4,0,6.38,0,4.94,2.52,7.96,0,-83.2,5.14,18.24,0,3,0,1.231,0.76,0,2.98
3/15/2026,5:30, ,gtmfmwq_24G103006_030426_050000.bin,Fort Matanzas,GTMNERR,0,52.525,0,34.67,0,2.551,0,89.7,0,6.87,0,5.04,2.56,7.98,0,-84.8,5.33,18.235,0,3.1,0,1.224,0.62,0,2.42
3/15/2026,5:45, ,gtmfmwq_24G103006_030426_050000.bin,Fort Matanzas,GTMNERR,0,52.515,0,34.66,0,2.569,0,94.6,0,7.25,0,4.99,2.54,8,0,-85.7,5.21,18.214,0,3.15,0,1.218,0.92,0,3.63
3/15/2026,6:00, ,gtmfmwq_24G103006_030426_050000.bin,Fort Matanzas,GTMNERR,0,52.492,0,34.64,0,2.58,0,96.5,0,7.38,0,5.69,2.77,8,0,-86,5.39,18.276,0,4.85,0,1.22,0.91,0,3.59
3/15/2026,6:15, ,gtmfmwq_24G103006_030426_050000.bin,Fort Matanzas,GTMNERR,0,52.466,0,34.62,0,2.586,0,97.7,0,7.47,0,5.98,2.87,8,0,-85.9,5.39,18.351,0,4.08,0,1.225,0.95,0,3.75
3/15/2026,6:30, ,gtmfmwq_24G103006_030426_050000.bin,Fort Matanzas,GTMNERR,0,52.435,0,34.6,0,2.584,0,97.9,0,7.46,0,6.45,3.03,7.99,0,-85.5,5.39,18.494,0,4.81,0,1.221,1.31,0,5.23
3/15/2026,6:45, ,gtmfmwq_24G103006_030426_050000.bin,Fort Matanzas,GTMNERR,0,52.429,0,34.6,0,2.568,0,95.5,0,7.2,0,8,3.55,7.96,0,-83.8,5.45,19.069,0,4.7,0,1.225,1.35,0,5.36
3/15/2026,7:00, ,gtmfmwq_24G103006_030426_050000.bin,Fort Matanzas,GTMNERR,0,52.384,0,34.56,0,2.532,0,94,0,7.03,0,9.41,4.02,7.94,0,-82.3,5.48,19.569,0,6.24,0,1.233,1.22,0,4.86
3/15/2026,7:15, ,gtmfmwq_24G103006_030426_050000.bin,Fort Matanzas,GTMNERR,0,52.349,0,34.54,0,2.503,0,92.8,0,6.89,0,10.27,4.3,7.91,0,-80.9,5.49,19.903,0,6.74,0,1.216,1.31,0,5.22
3/15/2026,7:30, ,gtmfmwq_24G103006_030426_050000.bin,Fort Matanzas,GTMNERR,0,52.303,0,34.5,0,2.461,0,91,0,6.72,0,11.28,4.64,7.89,0,-79.9,5.51,20.258,0,7.2,0,1.219,1.35,0,5.37
3/15/2026,7:45, ,gtmfmwq_24G103006_030426_050000.bin,Fort Matanzas,GTMNERR,0,52.264,0,34.47,0,2.421,0,89.6,0,6.58,0,12.03,4.89,7.87,0,-78.6,5.53,20.58,0,6.65,0,1.223,1.24,0,4.91
3/15/2026,8:00, ,gtmfmwq_24G103006_030426_050000.bin,Fort Matanzas,GTMNERR,0,52.214,0,34.43,0,2.37,0,88.2,0,6.44,0,13.07,5.24,7.85,0,-77.5,5.54,20.874,0,6.79,0,1.223,1.21,0,4.81
3/15/2026,8:15, ,gtmfmwq_24G103006_030426_050000.bin,Fort Matanzas,GTMNERR,0,52.168,0,34.4,0,2.318,0,88.6,0,6.45,0,13.41,5.35,7.84,0,-77,5.56,21.075,0,6.85,0,1.225,1.28,0,5.1
3/15/2026,8:30, ,gtmfmwq_24G103006_030426_050000.bin,Fort Matanzas,GTMNERR,0,52.155,0,34.39,0,2.267,0,87.1,0,6.33,0,13.82,5.49,7.83,0,-76.3,5.55,21.185,0,6.22,0,1.217,1.18,0,4.7
3/15/2026,8:45, ,gtmfmwq_24G103006_030426_050000.bin,Fort Matanzas,GTMNERR,0,52.139,0,34.37,0,2.223,0,82.2,0,5.96,0,14.31,5.65,7.81,0,-75.1,5.56,21.261,0,6.13,0,1.218,1.22,0,4.86
3/15/2026,9:00, ,gtmfmwq_24G103006_030426_050000.bin,Fort Matanzas,GTMNERR,0,52.237,0,34.45,0,2.18,0,87.7,0,6.4,0,13.13,5.26,7.84,0,-77,5.56,20.879,0,6.21,0,1.216,1.2,0,4.79
3/15/2026,9:15, ,gtmfmwq_24G103006_030426_050000.bin,Fort Matanzas,GTMNERR,0,52.192,0,34.42,0,2.134,0,88.3,0,6.48,0,12.27,4.97,7.86,0,-78.2,5.55,20.627,0,5.57,0,1.221,1.01,0,3.98
3/15/2026,9:30, ,gtmfmwq_24G103006_030426_050000.bin,Fort Matanzas,GTMNERR,0,52.251,0,34.46,0,2.091,0,91,0,6.71,0,10.79,4.48,7.89,0,-79.4,5.55,20.356,0,5.54,0,1.226,0.97,0,3.82
3/15/2026,9:45, ,gtmfmwq_24G103006_030426_050000.bin,Fort Matanzas,GTMNERR,0,52.313,0,34.51,0,2.047,0,84.9,0,6.29,0,9.65,4.1,7.85,0,-77.4,5.51,20.06,0,3.72,0,1.225,0.65,0,2.55
3/15/2026,10:00, ,gtmfmwq_24G103006_030426_050000.bin,Fort Matanzas,GTMNERR,0,52.287,0,34.49,0,2.006,0,82.6,0,6.08,0,11.16,4.6,7.83,0,-76.3,5.5,20.425,0,4.43,0,1.226,0.65,0,2.54
3/15/2026,10:15, ,gtmfmwq_24G103006_030426_050000.bin,Fort Matanzas,GTMNERR,0,52.277,0,34.48,0,1.961,0,77.5,0,5.7,0,10.73,4.46,7.82,0,-75.5,5.51,20.411,0,8.79,0,1.228,0.83,0,3.26
3/15/2026,10:30, ,gtmfmwq_24G103006_030426_050000.bin,Fort Matanzas,GTMNERR,0,52.246,0,34.46,0,1.917,0,88.6,0,6.46,0,12.27,4.97,7.85,0,-77.5,5.5,20.943,0,4.01,0,1.224,0.97,0,3.85
3/15/2026,10:45, ,gtmfmwq_24G103006_030426_050000.bin,Fort Matanzas,GTMNERR,0,52.191,0,34.41,0,1.876,0,91.5,0,6.64,0,12.79,5.14,7.85,0,-77.6,5.51,21.237,0,4.33,0,1.222,1.13,0,4.5
3/15/2026,11:00, ,gtmfmwq_24G103006_030426_050000.bin,Fort Matanzas,GTMNERR,0,52.19,0,34.41,0,1.834,0,90.3,0,6.59,0,12.89,5.18,7.86,0,-77.7,5.49,20.932,0,4.13,0,1.232,1.07,0,4.26
3/15/2026,11:15, ,gtmfmwq_24G103006_030426_050000.bin,Fort Matanzas,GTMNERR,0,52.253,0,34.46,0,1.793,0,90,0,6.58,0,12.76,5.13,7.86,0,-77.9,5.49,20.823,0,4.74,0,1.233,1.14,0,4.54
3/15/2026,11:30, ,gtmfmwq_24G103006_030426_050000.bin,Fort Matanzas,GTMNERR,0,52.227,0,34.44,0,1.75,0,91.7,0,6.7,0,12.32,4.99,7.86,0,-77.9,5.49,20.868,0,4.97,0,1.233,1.12,0,4.44
3/15/2026,11:45, ,gtmfmwq_24G103006_030426_050000.bin,Fort Matanzas,GTMNERR,0,52.276,0,34.48,0,1.709,0,89.7,0,6.59,0,11.93,4.86,7.86,0,-77.8,5.48,20.552,0,5.44,0,1.232,1.01,0,4.02
3/15/2026,12:00, ,gtmfmwq_24G103006_030426_050000.bin,Fort Matanzas,GTMNERR,0,52.296,0,34.5,0,1.67,0,91.2,0,6.69,0,11.3,4.65,7.87,0,-78.5,5.49,20.634,0,4.91,0,1.223,1.02,0,4.03
3/15/2026,12:15, ,gtmfmwq_24G103006_030426_050000.bin,Fort Matanzas,GTMNERR,0,52.328,0,34.52,0,1.632,0,91.9,0,6.73,0,10.99,4.54,7.87,0,-78.4,5.49,20.693,0,5.3,0,1.217,0.94,0,3.73
3/15/2026,12:30, ,gtmfmwq_24G103006_030426_050000.bin,Fort Matanzas,GTMNERR,0,52.305,0,34.5,0,1.606,0,91.4,0,6.71,0,10.93,4.52,7.87,0,-78.7,5.49,20.556,0,5.5,0,1.217,1.01,0,3.98
3/15/2026,12:45, ,gtmfmwq_24G103006_030426_050000.bin,Fort Matanzas,GTMNERR,0,52.339,0,34.53,0,1.579,0,93.2,0,6.84,0,10.07,4.24,7.88,0,-79,5.49,20.52,0,6.24,0,1.232,0.9,0,3.54
3/15/2026,13:00, ,gtmfmwq_24G103006_030426_050000.bin,Fort Matanzas,GTMNERR,0,52.344,0,34.53,0,1.566,0,94,0,6.9,0,9.68,4.11,7.89,0,-79.5,5.48,20.567,0,7.25,0,1.234,0.91,0,3.61
3/15/2026,13:15, ,gtmfmwq_24G103006_030426_050000.bin,Fort Matanzas,GTMNERR,0,52.355,0,34.54,0,1.565,0,93.2,0,6.88,0,9.62,4.09,7.89,0,-79.8,5.49,20.313,0,6.99,0,1.226,1.01,0,3.98
3/15/2026,13:30, ,gtmfmwq_24G103006_030426_050000.bin,Fort Matanzas,GTMNERR,0,52.481,0,34.64,0,1.563,0,102.1,0,7.61,0,6.38,3,7.98,0,-84.9,5.47,19.701,0,15.46,0,1.217,1.39,0,5.56
3/15/2026,13:45, ,gtmfmwq_24G103006_030426_050000.bin,Fort Matanzas,GTMNERR,0,52.478,0,34.63,0,1.578,0,104.4,0,7.83,0,5.78,2.8,8.01,0,-86.5,5.46,19.31,0,10.36,0,1.214,1.32,0,5.26
3/15/2026,14:00, ,gtmfmwq_24G103006_030426_050000.bin,Fort Matanzas,GTMNERR,0,52.482,0,34.64,0,1.603,0,105.4,0,7.93,0,5.41,2.68,8.02,0,-87.3,5.45,19.209,0,7.94,0,1.227,1.19,0,4.74
3/15/2026,14:15, ,gtmfmwq_24G103006_030426_050000.bin,Fort Matanzas,GTMNERR,0,52.427,0,34.6,0,1.643,0,105.1,0,7.91,0,5.7,2.78,8.02,0,-86.9,5.44,19.216,0,9.04,0,1.227,1.41,0,5.63
3/15/2026,14:30, ,gtmfmwq_24G103006_030426_050000.bin,Fort Matanzas,GTMNERR,0,52.401,0,34.58,0,1.683,0,105.3,0,7.9,0,5.83,2.82,8.02,0,-87,5.42,19.371,0,9.87,0,1.217,1.5,0,5.97
3/15/2026,14:45, ,gtmfmwq_24G103006_030426_050000.bin,Fort Matanzas,GTMNERR,0,52.473,0,34.63,0,1.735,0,106.1,0,7.97,0,4.99,2.54,8.03,0,-87.9,5.38,19.262,0,8.25,0,1.221,1.52,0,6.08
3/15/2026,15:00, ,gtmfmwq_24G103006_030426_050000.bin,Fort Matanzas,GTMNERR,0,52.462,0,34.62,0,1.786,0,105.7,0,7.94,0,5.3,2.64,8.03,0,-87.7,5.38,19.269,0,8.77,0,1.234,1.53,0,6.12
3/15/2026,15:15, ,gtmfmwq_24G103006_030426_050000.bin,Fort Matanzas,GTMNERR,0,52.443,0,34.61,0,1.839,0,105.3,0,7.91,0,5.35,2.66,8.03,0,-87.5,5.38,19.285,0,7.89,0,1.227,1.54,0,6.15
3/15/2026,15:30, ,gtmfmwq_24G103006_030426_050000.bin,Fort Matanzas,GTMNERR,0,52.457,0,34.62,0,1.898,0,105.1,0,7.91,0,5.21,2.61,8.02,0,-87.1,5.37,19.2,0,7,0,1.22,1.43,0,5.68
3/15/2026,15:45, ,gtmfmwq_24G103006_030426_050000.bin,Fort Matanzas,GTMNERR,0,52.484,0,34.64,0,1.961,0,105.4,0,7.93,0,4.93,2.52,8.03,0,-87.8,5.38,19.187,0,6.32,0,1.22,1.36,0,5.41
3/15/2026,16:00, ,gtmfmwq_24G103006_030426_050000.bin,Fort Matanzas,GTMNERR,0,52.503,0,34.65,0,2.009,0,105.4,0,7.93,0,4.94,2.52,8.03,0,-87.7,5.37,19.206,0,5.52,0,1.22,1.24,0,4.91
3/15/2026,16:15, ,gtmfmwq_24G103006_030426_050000.bin,Fort Matanzas,GTMNERR,0,52.509,0,34.66,0,2.061,0,105.6,0,7.93,0,4.76,2.46,8.02,0,-87.3,5.36,19.263,0,5.07,0,1.22,1.09,0,4.34
3/15/2026,16:30, ,gtmfmwq_24G103006_030426_050000.bin,Fort Matanzas,GTMNERR,0,52.519,0,34.67,0,2.115,0,105.3,0,7.9,0,4.56,2.4,8.03,0,-87.6,5.36,19.322,0,6.86,0,1.22,1.15,0,4.57
3/15/2026,16:45, ,gtmfmwq_24G103006_030426_050000.bin,Fort Matanzas,GTMNERR,0,52.522,0,34.67,0,2.163,0,104.1,0,7.8,0,4.61,2.41,8.02,0,-87.4,5.34,19.376,0,4.5,0,1.22,1.44,0,5.72
3/15/2026,17:00, ,gtmfmwq_24G103006_030426_050000.bin,Fort Matanzas,GTMNERR,0,52.523,0,34.67,0,2.206,0,101.4,0,7.59,0,4.6,2.41,8.02,0,-87.1,5.34,19.465,0,3.71,0,1.222,1.13,0,4.47
3/15/2026,17:15, ,gtmfmwq_24G103006_030426_050000.bin,Fort Matanzas,GTMNERR,0,52.514,0,34.66,0,2.241,0,99.5,0,7.44,0,4.65,2.42,8,0,-86,5.32,19.511,0,3.41,0,1.225,0.86,0,3.38
3/15/2026,17:30, ,gtmfmwq_24G103006_030426_050000.bin,Fort Matanzas,GTMNERR,0,52.512,0,34.66,0,2.276,0,89.8,0,6.71,0,4.68,2.43,7.96,0,-83.6,5.3,19.533,0,8.38,0,1.22,0.68,0,2.68
3/15/2026,17:45, ,gtmfmwq_24G103006_030426_050000.bin,Fort Matanzas,GTMNERR,0,52.511,0,34.66,0,2.317,0,82.6,0,6.18,0,4.72,2.45,7.94,0,-82.7,5.31,19.518,0,3.12,0,1.221,0.73,0,2.86
3/15/2026,18:00, ,gtmfmwq_24G103006_030426_050000.bin,Fort Matanzas,GTMNERR,0,52.508,0,34.66,0,2.36,0,86.2,0,6.45,0,4.84,2.49,7.95,0,-83,5.29,19.525,0,4.11,0,1.22,1.03,0,4.07
3/15/2026,18:15, ,gtmfmwq_24G103006_030426_050000.bin,Fort Matanzas,GTMNERR,0,52.503,0,34.65,0,2.395,0,94.1,0,7.04,0,4.46,2.36,8,0,-86,5.3,19.499,0,7.87,0,1.222,1.33,0,5.29
3/15/2026,18:30, ,gtmfmwq_24G103006_030426_050000.bin,Fort Matanzas,GTMNERR,0,52.36,0,34.55,0,2.381,0,98.4,0,7.37,0,4.65,2.43,8,0,-86.2,5.31,19.484,0,4.1,0,1.226,0.77,0,3.04
3/15/2026,18:45, ,gtmfmwq_24G103006_030426_050000.bin,Fort Matanzas,GTMNERR,0,52.305,0,34.51,0,2.367,0,93.9,0,7.04,0,4.85,2.49,7.99,0,-85.2,5.31,19.461,0,4.98,0,1.223,0.84,0,3.31
3/15/2026,19:00, ,gtmfmwq_24G103006_030426_050000.bin,Fort Matanzas,GTMNERR,0,52.24,0,34.46,0,2.339,0,100.8,0,7.55,0,4.88,2.5,8.02,0,-87,5.32,19.521,0,5.76,0,1.221,1.18,0,4.69
3/15/2026,19:15, ,gtmfmwq_24G103006_030426_050000.bin,Fort Matanzas,GTMNERR,0,52.319,0,34.52,0,2.297,0,101.8,0,7.62,0,5.14,2.59,8.01,0,-86.7,5.31,19.52,0,6.5,0,1.222,1.39,0,5.52
3/15/2026,19:30, ,gtmfmwq_24G103006_030426_050000.bin,Fort Matanzas,GTMNERR,0,52.161,0,34.4,0,2.271,0,102.3,0,7.66,0,5.71,2.78,8.01,0,-86.7,5.33,19.513,0,5.41,0,1.219,1.32,0,5.26
3/15/2026,19:45, ,gtmfmwq_24G103006_030426_050000.bin,Fort Matanzas,GTMNERR,0,52.108,0,34.36,0,2.243,0,102,0,7.63,0,6.3,2.98,8,0,-86,5.31,19.594,0,6.13,0,1.217,1.69,0,6.73
3/15/2026,20:00, ,gtmfmwq_24G103006_030426_050000.bin,Fort Matanzas,GTMNERR,0,52.045,0,34.31,0,2.211,0,98.7,0,7.32,0,7.8,3.48,7.96,0,-83.8,5.32,20.075,0,6.51,0,1.214,1.49,0,5.93
3/15/2026,20:15, ,gtmfmwq_24G103006_030426_050000.bin,Fort Matanzas,GTMNERR,0,51.917,0,34.22,0,2.169,0,98.2,0,7.25,0,8.3,3.64,7.95,0,-83.2,5.35,20.334,0,8,0,1.22,1.74,0,6.97
3/15/2026,20:30, ,gtmfmwq_24G103006_030426_050000.bin,Fort Matanzas,GTMNERR,0,51.815,0,34.14,0,2.126,0,96.7,0,7.12,0,8.64,3.76,7.93,0,-82.2,5.33,20.494,0,7.07,0,1.233,1.4,0,5.56
3/15/2026,20:45, ,gtmfmwq_24G103006_030426_050000.bin,Fort Matanzas,GTMNERR,0,51.805,0,34.13,0,2.072,0,95.8,0,7.04,0,9.21,3.95,7.92,0,-81.4,5.35,20.675,0,859.61,0,1.23,1.69,0,6.74
3/15/2026,21:00, ,gtmfmwq_24G103006_030426_050000.bin,Fort Matanzas,GTMNERR,0,51.799,0,34.13,0,2.021,0,94.5,0,6.95,0,9.49,4.04,7.92,0,-81.6,5.34,20.625,0,6.7,0,1.232,1.81,0,7.25
3/15/2026,21:15, ,gtmfmwq_24G103006_030426_050000.bin,Fort Matanzas,GTMNERR,0,51.49,0,33.9,0,1.968,0,93.5,0,6.92,0,8.34,3.66,7.94,0,-82.6,5.34,20.293,0,5.64,0,1.229,1.18,0,4.69
3/15/2026,21:30, ,gtmfmwq_24G103006_030426_050000.bin,Fort Matanzas,GTMNERR,0,51.636,0,34.01,0,1.916,0,95.6,0,7.14,0,6.63,3.09,7.97,0,-84.3,5.31,19.825,0,6.64,0,1.228,1.16,0,4.59
3/15/2026,21:45, ,gtmfmwq_24G103006_030426_050000.bin,Fort Matanzas,GTMNERR,0,51.575,0,33.97,0,1.866,0,92.4,0,6.85,0,7.93,3.52,7.94,0,-82.5,5.29,20.25,0,5.86,0,1.226,0.99,0,3.93
3/15/2026,22:00, ,gtmfmwq_24G103006_030426_050000.bin,Fort Matanzas,GTMNERR,0,51.602,0,33.98,0,1.823,0,93.4,0,6.89,0,9.05,3.89,7.92,0,-81.7,5.3,20.519,0,5.09,0,1.229,1.19,0,4.71
3/15/2026,22:15, ,gtmfmwq_24G103006_030426_050000.bin,Fort Matanzas,GTMNERR,0,51.58,0,33.97,0,1.78,0,95.2,0,7.01,0,8.99,3.88,7.93,0,-82,5.27,20.542,0,5.73,0,1.229,1.44,0,5.74
3/15/2026,22:30, ,gtmfmwq_24G103006_030426_050000.bin,Fort Matanzas,GTMNERR,0,51.718,0,34.07,0,1.736,0,95,0,6.99,0,9.24,3.96,7.92,0,-81.4,5.27,20.569,0,5.62,0,1.229,1.56,0,6.21
3/15/2026,22:45, ,gtmfmwq_24G103006_030426_050000.bin,Fort Matanzas,GTMNERR,0,51.695,0,34.05,0,1.686,0,95.5,0,7.04,0,8.92,3.85,7.93,0,-82.1,5.22,20.441,0,5.8,0,1.228,1.48,0,5.91
3/15/2026,23:00, ,gtmfmwq_24G103006_030426_050000.bin,Fort Matanzas,GTMNERR,0,51.5,0,33.91,0,1.641,0,94.1,0,6.95,0,9.52,4.05,7.92,0,-81.7,5.31,20.46,0,5.69,0,1.229,1.36,0,5.42
3/15/2026,23:15, ,gtmfmwq_24G103006_030426_050000.bin,Fort Matanzas,GTMNERR,0,51.388,0,33.83,0,1.593,0,93,0,6.88,0,9.61,4.08,7.92,0,-81.6,5.36,20.374,0,5.89,0,1.229,1.36,0,5.4
3/15/2026,23:30, ,gtmfmwq_24G103006_030426_050000.bin,Fort Matanzas,GTMNERR,0,51.535,0,33.94,0,1.552,0,94.5,0,7,0,8.87,3.84,7.93,0,-82.1,5.31,20.293,0,6.02,0,1.227,1.36,0,5.42
3/15/2026,23:45, ,gtmfmwq_24G103006_030426_050000.bin,Fort Matanzas,GTMNERR,0,51.577,0,33.97,0,1.51,0,94.9,0,7.04,0,8.48,3.71,7.95,0,-83,5.36,20.197,0,6.1,0,1.229,1.31,0,5.2
3/16/2026,0:00, ,gtmfmwq_24G103006_030426_050000.bin,Fort Matanzas,GTMNERR,0,51.506,0,33.91,0,1.471,0,94.1,0,6.97,0,9.04,3.89,7.94,0,-82.8,5.33,20.265,0,5.44,0,1.231,1.26,0,5
3/16/2026,0:15, ,gtmfmwq_24G103006_030426_050000.bin,Fort Matanzas,GTMNERR,0,51.523,0,33.93,0,1.435,0,93.8,0,6.95,0,9.15,3.93,7.94,0,-82.4,4.98,20.257,0,5.93,0,1.229,1.22,0,4.83
3/16/2026,0:30, ,gtmfmwq_24G103006_030426_050000.bin,Fort Matanzas,GTMNERR,0,51.605,0,33.99,0,1.408,0,93.4,0,6.92,0,8.62,3.75,7.95,0,-83.1,4.98,20.201,0,6.35,0,1.228,1.24,0,4.93
3/16/2026,0:45, ,gtmfmwq_24G103006_030426_050000.bin,Fort Matanzas,GTMNERR,0,51.741,0,34.09,0,1.382,0,94.6,0,7.02,0,8.1,3.58,7.95,0,-83,5.06,20.154,0,6.89,0,1.229,1.37,0,5.45
3/16/2026,1:00, ,gtmfmwq_24G103006_030426_050000.bin,Fort Matanzas,GTMNERR,0,51.789,0,34.12,0,1.369,0,95.2,0,7.09,0,7.93,3.52,7.96,0,-84,5,19.907,0,7.82,0,1.226,1.3,0,5.18
3/16/2026,1:15, ,gtmfmwq_24G103006_030426_050000.bin,Fort Matanzas,GTMNERR,0,51.992,0,34.27,0,1.358,0,97.9,0,7.31,0,7.4,3.35,8,0,-86,5,19.711,0,9.76,0,1.223,1.71,0,6.82
3/16/2026,1:30, ,gtmfmwq_24G103006_030426_050000.bin,Fort Matanzas,GTMNERR,0,51.97,0,34.26,0,1.369,0,98.7,0,7.37,0,7.68,3.44,7.99,0,-85.7,4.94,19.773,0,11.91,0,1.229,1.88,0,7.5
3/16/2026,1:45, ,gtmfmwq_24G103006_030426_050000.bin,Fort Matanzas,GTMNERR,0,51.89,0,34.2,0,1.392,0,98.5,0,7.33,0,8.29,3.64,7.98,0,-85.2,5.02,19.926,0,10.81,0,1.224,1.77,0,7.09
3/16/2026,2:00, ,gtmfmwq_24G103006_030426_050000.bin,Fort Matanzas,GTMNERR,0,51.751,0,34.1,0,1.415,0,98.3,0,7.28,0,9.68,4.11,7.97,0,-84.3,5.04,20.227,0,8.9,0,1.226,1.86,0,7.44
3/16/2026,2:15, ,gtmfmwq_24G103006_030426_050000.bin,Fort Matanzas,GTMNERR,0,51.617,0,33.99,0,1.461,0,98.4,0,7.25,0,10.68,4.44,7.96,0,-83.6,5.02,20.538,0,8.62,0,1.228,1.96,0,7.83
3/16/2026,2:30, ,gtmfmwq_24G103006_030426_050000.bin,Fort Matanzas,GTMNERR,0,51.401,0,33.83,0,1.505,0,97.6,0,7.15,0,12.09,4.91,7.93,0,-82.3,5.07,20.89,0,9.9,0,1.229,2.05,0,8.19
3/16/2026,2:45, ,gtmfmwq_24G103006_030426_050000.bin,Fort Matanzas,GTMNERR,0,51.259,0,33.73,0,1.553,0,96.5,0,7.06,0,12.9,5.18,7.92,0,-81.7,4.92,21.049,0,10.92,0,1.224,2.13,0,8.51
3/16/2026,3:00, ,gtmfmwq_24G103006_030426_050000.bin,Fort Matanzas,GTMNERR,0,51.286,0,33.75,0,1.618,0,96.4,0,7.06,0,12.69,5.11,7.93,0,-82.1,4.91,20.947,0,8.8,0,1.217,2.03,0,8.14
3/16/2026,3:15, ,gtmfmwq_24G103006_030426_050000.bin,Fort Matanzas,GTMNERR,0,51.276,0,33.74,0,1.674,0,96.1,0,7.04,0,12.67,5.11,7.93,0,-82.4,5.01,20.93,0,9.33,0,1.215,2.11,0,8.43
3/16/2026,3:30, ,gtmfmwq_24G103006_030426_050000.bin,Fort Matanzas,GTMNERR,0,51.338,0,33.79,0,1.738,0,96.2,0,7.05,0,12.4,5.01,7.93,0,-82,4.96,20.871,0,8.83,0,1.231,1.83,0,7.3
3/16/2026,3:45, ,gtmfmwq_24G103006_030426_050000.bin,Fort Matanzas,GTMNERR,0,51.412,0,33.84,0,1.821,0,96.4,0,7.08,0,11.77,4.8,7.94,0,-82.5,4.92,20.716,0,8.54,0,1.234,1.92,0,7.67
3/16/2026,4:00, ,gtmfmwq_24G103006_030426_050000.bin,Fort Matanzas,GTMNERR,0,51.492,0,33.9,0,1.884,0,96.5,0,7.11,0,11.05,4.56,7.95,0,-83.1,4.94,20.548,0,8.91,0,1.216,1.9,0,7.6
3/16/2026,4:15, ,gtmfmwq_24G103006_030426_050000.bin,Fort Matanzas,GTMNERR,0,51.772,0,34.11,0,1.949,0,97.3,0,7.22,0,8.92,3.85,7.98,0,-84.9,4.97,20.084,0,7.99,0,1.216,1.65,0,6.57
3/16/2026,4:30, ,gtmfmwq_24G103006_030426_050000.bin,Fort Matanzas,GTMNERR,0,51.965,0,34.25,0,2.024,0,97.9,0,7.32,0,7.43,3.36,8,0,-85.8,5.04,19.714,0,8.2,0,1.234,1.63,0,6.49
3/16/2026,4:45, ,gtmfmwq_24G103006_030426_050000.bin,Fort Matanzas,GTMNERR,0,52.051,0,34.32,0,2.09,0,98.1,0,7.37,0,6.49,3.04,8,0,-86,5.07,19.34,0,8.21,0,1.232,1.8,0,7.18
3/16/2026,5:00, ,gtmfmwq_24G103006_030426_050000.bin,Fort Matanzas,GTMNERR,0,52.134,0,34.38,0,2.157,0,97.9,0,7.4,0,5.84,2.82,8.01,0,-86.7,5.16,19.013,0,8.27,0,1.22,1.8,0,7.18
3/16/2026,5:15, ,gtmfmwq_24G103006_030426_050000.bin,Fort Matanzas,GTMNERR,0,52.272,0,34.48,0,2.222,0,97.9,0,7.48,0,4.93,2.52,8.02,0,-87.1,5.35,18.403,0,8.35,0,1.222,2.11,0,8.46
3/16/2026,5:30, ,gtmfmwq_24G103006_030426_050000.bin,Fort Matanzas,GTMNERR,0,52.313,0,34.51,0,2.282,0,96.4,0,7.39,0,4.84,2.49,8.02,0,-86.9,5.34,18.22,0,7.56,0,1.226,2.29,0,9.16
3/16/2026,5:45, ,gtmfmwq_24G103006_030426_050000.bin,Fort Matanzas,GTMNERR,0,52.341,0,34.53,0,2.339,0,94.2,0,7.24,0,4.48,2.37,8,0,-85.8,5.36,18.063,0,6.73,0,1.227,1.89,0,7.54
3/16/2026,6:00, ,gtmfmwq_24G103006_030426_050000.bin,Fort Matanzas,GTMNERR,0,52.357,0,34.54,0,2.378,0,87,0,6.7,0,4.53,2.39,7.97,0,-84.1,5.36,17.956,0,9.46,0,1.227,1.19,0,4.74
3/16/2026,6:15, ,gtmfmwq_24G103006_030426_050000.bin,Fort Matanzas,GTMNERR,0,52.329,0,34.52,0,2.409,0,88.8,0,6.81,0,4.8,2.47,8,0,-85.6,5.37,18.177,0,7.32,0,1.23,1.45,0,5.8
3/16/2026,6:30, ,gtmfmwq_24G103006_030426_050000.bin,Fort Matanzas,GTMNERR,0,52.251,0,34.46,0,2.439,0,86.7,0,6.61,0,5.17,2.6,7.95,0,-83,5.34,18.512,0,7.08,0,1.23,1.43,0,5.68
3/16/2026,6:45, ,gtmfmwq_24G103006_030426_050000.bin,Fort Matanzas,GTMNERR,0,52.171,0,34.41,0,2.474,0,93.2,0,7.07,0,5.9,2.84,7.97,0,-84.2,5.39,18.882,0,7.3,0,1.233,1.76,0,7.02
3/16/2026,7:00, ,gtmfmwq_24G103006_030426_050000.bin,Fort Matanzas,GTMNERR,0,51.967,0,34.26,0,2.497,0,90.2,0,6.76,0,7.44,3.36,7.96,0,-83.7,5.42,19.559,0,6.97,0,1.232,1.29,0,5.14
3/16/2026,7:15, ,gtmfmwq_24G103006_030426_050000.bin,Fort Matanzas,GTMNERR,0,51.572,0,33.96,0,2.497,0,92.6,0,6.86,0,10.64,4.43,7.94,0,-82.4,5.53,20.277,0,5.37,0,1.225,1.48,0,5.89
3/16/2026,7:30, ,gtmfmwq_24G103006_030426_050000.bin,Fort Matanzas,GTMNERR,0,51.445,0,33.87,0,2.482,0,91.2,0,6.72,0,11.72,4.79,7.92,0,-81.5,5.54,20.56,0,14.5,0,1.22,2.13,0,8.53
3/16/2026,7:45, ,gtmfmwq_24G103006_030426_050000.bin,Fort Matanzas,GTMNERR,0,51.578,0,33.97,0,2.451,0,91.6,0,6.79,0,10.35,4.33,7.93,0,-82.2,5.54,20.199,0,7.94,0,1.218,1.42,0,5.67
3/16/2026,8:00, ,gtmfmwq_24G103006_030426_050000.bin,Fort Matanzas,GTMNERR,0,51.527,0,33.93,0,2.404,0,91.3,0,6.77,0,10.35,4.33,7.93,0,-82,5.55,20.21,0,8.28,0,1.221,1.3,0,5.17
3/16/2026,8:15, ,gtmfmwq_24G103006_030426_050000.bin,Fort Matanzas,GTMNERR,0,51.379,0,33.82,0,2.363,0,90.4,0,6.7,0,10.42,4.35,7.92,0,-81.4,5.54,20.259,0,7.64,0,1.227,1.18,0,4.67
3/16/2026,8:30, ,gtmfmwq_24G103006_030426_050000.bin,Fort Matanzas,GTMNERR,0,51.255,0,33.73,0,2.315,0,90.1,0,6.66,0,11.02,4.55,7.9,0,-80.4,5.54,20.428,0,7.91,0,1.229,1.18,0,4.69
3/16/2026,8:45, ,gtmfmwq_24G103006_030426_050000.bin,Fort Matanzas,GTMNERR,0,51.104,0,33.62,0,2.271,0,89.7,0,6.62,0,11.46,4.7,7.9,0,-80.1,5.55,20.591,0,8.55,0,1.233,1.15,0,4.58
3/16/2026,9:00, ,gtmfmwq_24G103006_030426_050000.bin,Fort Matanzas,GTMNERR,0,51.035,0,33.56,0,2.215,0,88.3,0,6.5,0,12.03,4.89,7.88,0,-78.9,5.54,20.741,0,7.53,0,1.228,1.09,0,4.31
3/16/2026,9:15, ,gtmfmwq_24G103006_030426_050000.bin,Fort Matanzas,GTMNERR,0,51.01,0,33.54,0,2.158,0,89.5,0,6.57,0,12.36,5,7.88,0,-79.1,5.55,20.868,0,7.66,0,1.223,1.03,0,4.09
3/16/2026,9:30, ,gtmfmwq_24G103006_030426_050000.bin,Fort Matanzas,GTMNERR,0,51.01,0,33.54,0,2.116,0,87,0,6.38,0,12.44,5.03,7.86,0,-78,5.54,20.925,0,7.56,0,1.232,1.09,0,4.31
3/16/2026,9:45, ,gtmfmwq_24G103006_030426_050000.bin,Fort Matanzas,GTMNERR,0,51.013,0,33.55,0,2.071,0,87.6,0,6.42,0,12.43,5.02,7.86,0,-78.2,5.55,20.981,0,7.73,0,1.228,0.95,0,3.77
3/16/2026,10:00, ,gtmfmwq_24G103006_030426_050000.bin,Fort Matanzas,GTMNERR,0,51.102,0,33.61,0,2.024,0,89.9,0,6.59,0,12.17,4.94,7.87,0,-78.9,5.55,20.945,0,6.73,0,1.226,0.99,0,3.91
3/16/2026,10:15, ,gtmfmwq_24G103006_030426_050000.bin,Fort Matanzas,GTMNERR,0,51.396,0,33.83,0,1.975,0,92.1,0,6.75,0,10.38,4.34,7.89,0,-79.9,5.54,20.907,0,6.56,0,1.219,0.85,0,3.35
3/16/2026,10:30, ,gtmfmwq_24G103006_030426_050000.bin,Fort Matanzas,GTMNERR,0,51.464,0,33.88,0,1.922,0,84.5,0,6.19,0,10.06,4.23,7.86,0,-78.2,5.55,20.878,0,5.22,0,1.219,0.63,0,2.48
3/16/2026,10:45, ,gtmfmwq_24G103006_030426_050000.bin,Fort Matanzas,GTMNERR,0,51.26,0,33.73,0,1.875,0,85.7,0,6.27,0,11.56,4.73,7.85,0,-77.5,5.54,20.974,0,5.02,0,1.217,0.8,0,3.14
3/16/2026,11:00, ,gtmfmwq_24G103006_030426_050000.bin,Fort Matanzas,GTMNERR,0,51.147,0,33.64,0,1.827,0,86.2,0,6.29,0,11.82,4.82,7.87,0,-78.5,5.54,21.179,0,6.24,0,1.222,1.03,0,4.08
3/16/2026,11:15, ,gtmfmwq_24G103006_030426_050000.bin,Fort Matanzas,GTMNERR,0,51.13,0,33.63,0,1.78,0,90.3,0,6.6,0,12.25,4.97,7.87,0,-78.6,5.55,21.121,0,5.28,0,1.226,1.03,0,4.08
3/16/2026,11:30, ,gtmfmwq_24G103006_030426_050000.bin,Fort Matanzas,GTMNERR,0,51.179,0,33.67,0,1.736,0,90.9,0,6.64,0,12.06,4.9,7.88,0,-79,5.54,21.071,0,5.82,0,1.218,0.98,0,3.87
3/16/2026,11:45, ,gtmfmwq_24G103006_030426_050000.bin,Fort Matanzas,GTMNERR,0,51.153,0,33.65,0,1.69,0,91.3,0,6.67,0,12.04,4.89,7.88,0,-79.3,5.55,21.083,0,5.6,0,1.221,1.03,0,4.1
3/16/2026,12:00, ,gtmfmwq_24G103006_030426_050000.bin,Fort Matanzas,GTMNERR,0,51.154,0,33.65,0,1.643,0,91.7,0,6.7,0,11.91,4.85,7.87,0,-78.9,5.54,21.102,0,6.3,0,1.221,1.06,0,4.19
3/16/2026,12:15, ,gtmfmwq_24G103006_030426_050000.bin,Fort Matanzas,GTMNERR,0,51.164,0,33.66,0,1.591,0,92.1,0,6.73,0,12.02,4.89,7.88,0,-79.2,5.54,21.101,0,5.65,0,1.219,1.01,0,4.01
3/16/2026,12:30, ,gtmfmwq_24G103006_030426_050000.bin,Fort Matanzas,GTMNERR,0,51.171,0,33.66,0,1.55,0,93.5,0,6.82,0,11.6,4.75,7.89,0,-79.7,5.55,21.192,0,6.09,0,1.226,1.04,0,4.14
3/16/2026,12:45, ,gtmfmwq_24G103006_030426_050000.bin,Fort Matanzas,GTMNERR,0,51.254,0,33.72,0,1.501,0,93.8,0,6.85,0,11.27,4.64,7.88,0,-79.4,5.54,21.098,0,6.14,0,1.223,0.99,0,3.93
3/16/2026,13:00, ,gtmfmwq_24G103006_030426_050000.bin,Fort Matanzas,GTMNERR,0,51.353,0,33.79,0,1.454,0,94.3,0,6.88,0,10.83,4.49,7.89,0,-79.8,5.55,21.11,0,6.04,0,1.22,1.01,0,3.99
3/16/2026,13:15, ,gtmfmwq_24G103006_030426_050000.bin,Fort Matanzas,GTMNERR,0,51.419,0,33.84,0,1.423,0,95,0,6.93,0,10.61,4.42,7.89,0,-79.6,5.54,21.173,0,7.7,0,1.219,1.11,0,4.42
3/16/2026,13:30, ,gtmfmwq_24G103006_030426_050000.bin,Fort Matanzas,GTMNERR,0,51.434,0,33.86,0,1.38,0,93.7,0,6.88,0,10.47,4.37,7.89,0,-79.9,5.54,20.823,0,7.6,0,1.218,1.13,0,4.5
3/16/2026,13:45, ,gtmfmwq_24G103006_030426_050000.bin,Fort Matanzas,GTMNERR,0,51.456,0,33.87,0,1.382,0,94.3,0,6.92,0,10.2,4.28,7.9,0,-80.1,5.55,20.799,0,9.39,0,1.217,1.42,0,5.67
3/16/2026,14:00, ,gtmfmwq_24G103006_030426_050000.bin,Fort Matanzas,GTMNERR,0,51.877,0,34.19,0,1.364,0,98.7,0,7.4,0,7.67,3.43,7.96,0,-83.9,5.53,19.536,0,11.83,0,1.217,1.8,0,7.19
3/16/2026,14:15, ,gtmfmwq_24G103006_030426_050000.bin,Fort Matanzas,GTMNERR,0,52.111,0,34.36,0,1.384,0,100.9,0,7.64,0,6.62,3.08,7.99,0,-85.3,5.48,18.932,0,17.1,0,1.217,2.28,0,9.12
3/16/2026,14:30, ,gtmfmwq_24G103006_030426_050000.bin,Fort Matanzas,GTMNERR,0,52.17,0,34.41,0,1.421,0,102.4,0,7.8,0,6.23,2.95,8.01,0,-86.2,5.39,18.615,0,14.08,0,1.216,2.58,0,10.36
3/16/2026,14:45, ,gtmfmwq_24G103006_030426_050000.bin,Fort Matanzas,GTMNERR,0,52.136,0,34.38,0,1.471,0,102.8,0,7.82,0,6.49,3.04,8.01,0,-86.5,5.5,18.67,0,11.98,0,1.217,2.59,0,10.39
3/16/2026,15:00, ,gtmfmwq_24G103006_030426_050000.bin,Fort Matanzas,GTMNERR,0,51.925,0,34.23,0,1.479,0,102.7,0,7.8,0,6.92,3.18,8.01,0,-86.2,5.5,18.842,0,11.81,0,1.217,2.31,0,9.26
3/16/2026,15:15, ,gtmfmwq_24G103006_030426_050000.bin,Fort Matanzas,GTMNERR,0,51.819,0,34.15,0,1.538,0,102.4,0,7.75,0,7.53,3.39,8,0,-85.8,5.49,19.068,0,11.87,0,1.22,2.32,0,9.31
3/16/2026,15:30, ,gtmfmwq_24G103006_030426_050000.bin,Fort Matanzas,GTMNERR,0,51.653,0,34.02,0,1.577,0,102.1,0,7.68,0,8.57,3.73,7.99,0,-85.2,5.5,19.382,0,12.73,0,1.221,2.42,0,9.71
3/16/2026,15:45, ,gtmfmwq_24G103006_030426_050000.bin,Fort Matanzas,GTMNERR,0,51.637,0,34.01,0,1.641,0,102,0,7.67,0,8.43,3.69,8,0,-85.7,5.49,19.429,0,13.32,0,1.222,2.74,0,10.99
3/16/2026,16:00, ,gtmfmwq_24G103006_030426_050000.bin,Fort Matanzas,GTMNERR,0,51.589,0,33.98,0,1.686,0,101.8,0,7.65,0,8.7,3.78,7.99,0,-85.3,5.49,19.461,0,12.07,0,1.226,3.06,0,12.29
3/16/2026,16:15, ,gtmfmwq_24G103006_030426_050000.bin,Fort Matanzas,GTMNERR,0,51.497,0,33.91,0,1.72,0,101.4,0,7.6,0,9.6,4.08,7.98,0,-85.1,5.52,19.635,0,12.22,0,1.22,3.29,0,13.2
3/16/2026,16:30, ,gtmfmwq_24G103006_030426_050000.bin,Fort Matanzas,GTMNERR,0,51.486,0,33.9,0,1.775,0,101.4,0,7.59,0,9.92,4.18,7.97,0,-84.6,5.51,19.705,0,11.49,0,1.217,2.74,0,11.01
3/16/2026,16:45, ,gtmfmwq_24G103006_030426_050000.bin,Fort Matanzas,GTMNERR,0,51.569,0,33.96,0,1.816,0,101.1,0,7.59,0,9.28,3.97,7.98,0,-85.1,5.52,19.536,0,10.88,0,1.222,3.11,0,12.48
3/16/2026,17:00, ,gtmfmwq_24G103006_030426_050000.bin,Fort Matanzas,GTMNERR,0,51.71,0,34.07,0,1.897,0,101.4,0,7.64,0,8.55,3.73,7.99,0,-85.4,5.51,19.279,0,11.31,0,1.234,2.47,0,9.9
3/16/2026,17:15, ,gtmfmwq_24G103006_030426_050000.bin,Fort Matanzas,GTMNERR,0,51.845,0,34.17,0,1.974,0,101.2,0,7.67,0,7.45,3.36,8,0,-85.7,5.51,18.99,0,11.74,0,1.224,3.59,0,14.45
3/16/2026,17:30, ,gtmfmwq_24G103006_030426_050000.bin,Fort Matanzas,GTMNERR,0,51.938,0,34.24,0,2.033,0,100.9,0,7.66,0,6.95,3.19,8,0,-85.7,5.51,18.839,0,10.65,0,1.216,2.53,0,10.15
3/16/2026,17:45, ,gtmfmwq_24G103006_030426_050000.bin,Fort Matanzas,GTMNERR,0,51.955,0,34.25,0,2.077,0,91.4,0,6.94,0,6.94,3.19,7.96,0,-83.7,5.5,18.825,0,6.27,0,1.219,1.57,0,6.28
3/16/2026,18:00, ,gtmfmwq_24G103006_030426_050000.bin,Fort Matanzas,GTMNERR,0,52.005,0,34.28,0,2.122,0,86.4,0,6.57,0,6.5,3.04,7.93,0,-82,5.51,18.758,0,8.52,0,1.224,1.76,0,7.05
3/16/2026,18:15, ,gtmfmwq_24G103006_030426_050000.bin,Fort Matanzas,GTMNERR,0,52.016,0,34.29,0,2.165,0,72,0,5.47,0,6.83,3.15,7.87,0,-78.5,5.5,18.753,0,6.28,0,1.232,1.58,0,6.31
3/16/2026,18:30, ,gtmfmwq_24G103006_030426_050000.bin,Fort Matanzas,GTMNERR,0,52.007,0,34.29,0,2.209,0,89.7,0,6.82,0,6.86,3.16,7.96,0,-83.2,5.5,18.754,0,6.28,0,1.23,1.49,0,5.93
3/16/2026,18:45, ,gtmfmwq_24G103006_030426_050000.bin,Fort Matanzas,GTMNERR,0,51.979,0,34.26,0,2.266,0,90.7,0,6.89,0,7.11,3.25,7.96,0,-83.7,5.51,18.793,0,4.83,0,1.222,1.22,0,4.86
3/16/2026,19:00, ,gtmfmwq_24G103006_030426_050000.bin,Fort Matanzas,GTMNERR,0,51.916,0,34.22,0,2.3,0,96.8,0,7.34,0,7.47,3.37,7.99,0,-85.1,5.5,18.89,0,6.16,0,1.217,1.48,0,5.91
3/16/2026,19:15, ,gtmfmwq_24G103006_030426_050000.bin,Fort Matanzas,GTMNERR,0,51.805,0,34.14,0,2.318,0,98.7,0,7.46,0,8.14,3.59,7.99,0,-85.5,5.5,19.09,0,5.66,0,1.215,2.03,0,8.14
3/16/2026,19:30, ,gtmfmwq_24G103006_030426_050000.bin,Fort Matanzas,GTMNERR,0,51.58,0,33.97,0,2.317,0,95.5,0,7.17,0,9.37,4,7.97,0,-84,5.49,19.476,0,8.45,0,1.223,1.72,0,6.85
3/16/2026,19:45, ,gtmfmwq_24G103006_030426_050000.bin,Fort Matanzas,GTMNERR,0,51.586,0,33.98,0,2.305,0,98.4,0,7.4,0,9.22,3.95,7.98,0,-84.6,5.49,19.481,0,9.2,0,1.229,2.65,0,10.63
3/16/2026,20:00, ,gtmfmwq_24G103006_030426_050000.bin,Fort Matanzas,GTMNERR,0,51.681,0,34.05,0,2.293,0,98.5,0,7.42,0,8.82,3.82,7.97,0,-84.2,5.5,19.368,0,10.61,0,1.233,2.51,0,10.07
3/16/2026,20:15, ,gtmfmwq_24G103006_030426_050000.bin,Fort Matanzas,GTMNERR,0,51.589,0,33.98,0,2.279,0,96.8,0,7.23,0,9.38,4,7.96,0,-83.6,5.5,19.776,0,10.73,0,1.23,2.33,0,9.33
3/16/2026,20:30, ,gtmfmwq_24G103006_030426_050000.bin,Fort Matanzas,GTMNERR,0,51.507,0,33.91,0,2.241,0,95.1,0,7.06,0,10.06,4.23,7.93,0,-82.1,5.5,20.135,0,8.35,0,1.215,1.93,0,7.7
3/16/2026,20:45, ,gtmfmwq_24G103006_030426_050000.bin,Fort Matanzas,GTMNERR,0,51.412,0,33.84,0,2.208,0,94.4,0,6.98,0,10.38,4.34,7.92,0,-81.7,5.49,20.399,0,9.53,0,1.217,1.98,0,7.9
3/16/2026,21:00, ,gtmfmwq_24G103006_030426_050000.bin,Fort Matanzas,GTMNERR,0,51.341,0,33.79,0,2.174,0,94.4,0,6.96,0,10.71,4.45,7.91,0,-81.1,5.5,20.565,0,10.99,0,1.225,1.97,0,7.87
3/16/2026,21:15, ,gtmfmwq_24G103006_030426_050000.bin,Fort Matanzas,GTMNERR,0,51.276,0,33.74,0,2.141,0,93.6,0,6.89,0,10.9,4.51,7.91,0,-80.8,5.5,20.676,0,9.34,0,1.218,1.87,0,7.46
3/16/2026,21:30, ,gtmfmwq_24G103006_030426_050000.bin,Fort Matanzas,GTMNERR,0,51.229,0,33.71,0,2.106,0,92.4,0,6.79,0,11.17,4.6,7.9,0,-80.3,5.5,20.779,0,9.81,0,1.221,1.76,0,7.02
3/16/2026,21:45, ,gtmfmwq_24G103006_030426_050000.bin,Fort Matanzas,GTMNERR,0,51.176,0,33.67,0,2.055,0,92.8,0,6.82,0,11.5,4.71,7.9,0,-80.3,5.5,20.835,0,9.36,0,1.233,1.69,0,6.75
3/16/2026,22:00, ,gtmfmwq_24G103006_030426_050000.bin,Fort Matanzas,GTMNERR,0,51.151,0,33.65,0,2.005,0,91.1,0,6.69,0,11.65,4.76,7.88,0,-79.2,5.5,20.846,0,7.73,0,1.23,1.32,0,5.26
3/16/2026,22:15, ,gtmfmwq_24G103006_030426_050000.bin,Fort Matanzas,GTMNERR,0,51.13,0,33.63,0,1.967,0,92,0,6.76,0,11.76,4.8,7.89,0,-79.9,5.5,20.831,0,6.73,0,1.217,1.62,0,6.47
3/16/2026,22:30, ,gtmfmwq_24G103006_030426_050000.bin,Fort Matanzas,GTMNERR,0,51.128,0,33.63,0,1.926,0,90.9,0,6.7,0,11.92,4.85,7.89,0,-79.9,5.51,20.64,0,7.72,0,1.22,1.41,0,5.63
3/16/2026,22:45, ,gtmfmwq_24G103006_030426_050000.bin,Fort Matanzas,GTMNERR,0,51.182,0,33.68,0,1.882,0,90.4,0,6.71,0,11.74,4.79,7.9,0,-80,5.5,20.244,0,7.31,0,1.23,1.42,0,5.66
3/16/2026,23:00, ,gtmfmwq_24G103006_030426_050000.bin,Fort Matanzas,GTMNERR,0,51.384,0,33.83,0,1.841,0,89.5,0,6.72,0,10.81,4.48,7.9,0,-80.2,5.5,19.499,0,7.45,0,1.226,1.29,0,5.14
3/16/2026,23:15, ,gtmfmwq_24G103006_030426_050000.bin,Fort Matanzas,GTMNERR,0,51.339,0,33.79,0,1.791,0,84.4,0,6.28,0,11.66,4.77,7.87,0,-78.2,5.5,20.076,0,5.21,0,1.222,1.13,0,4.48
3/16/2026,23:30, ,gtmfmwq_24G103006_030426_050000.bin,Fort Matanzas,GTMNERR,0,51.251,0,33.73,0,1.739,0,84.4,0,6.29,0,11.72,4.79,7.86,0,-78,5.5,20.003,0,5.01,0,1.223,0.73,0,2.88
3/16/2026,23:45, ,gtmfmwq_24G103006_030426_050000.bin,Fort Matanzas,GTMNERR,0,51.23,0,33.71,0,1.688,0,90.8,0,6.75,0,11.76,4.8,7.9,0,-80,5.5,20.15,0,5.98,0,1.227,1.3,0,5.17
3/17/2026,0:00, ,gtmfmwq_24G103006_030426_050000.bin,Fort Matanzas,GTMNERR,0,51.179,0,33.67,0,1.632,0,91.1,0,6.76,0,11.85,4.83,7.89,0,-79.7,5.5,20.314,0,5.67,0,1.229,1.37,0,5.44
3/17/2026,0:15, ,gtmfmwq_24G103006_030426_050000.bin,Fort Matanzas,GTMNERR,0,51.196,0,33.69,0,1.578,0,91.6,0,6.8,0,11.86,4.83,7.9,0,-80.2,5.5,20.221,0,6.22,0,1.223,1.4,0,5.59
3/17/2026,0:30, ,gtmfmwq_24G103006_030426_050000.bin,Fort Matanzas,GTMNERR,0,51.207,0,33.69,0,1.526,0,91.7,0,6.83,0,11.83,4.82,7.9,0,-79.9,5.5,20.048,0,6.21,0,1.219,1.33,0,5.3
3/17/2026,0:45, ,gtmfmwq_24G103006_030426_050000.bin,Fort Matanzas,GTMNERR,0,51.247,0,33.72,0,1.473,0,92.5,0,6.89,0,11.68,4.77,7.91,0,-80.8,5.5,20.002,0,6.36,0,1.222,1.39,0,5.52
3/17/2026,1:00, ,gtmfmwq_24G103006_030426_050000.bin,Fort Matanzas,GTMNERR,0,51.173,0,33.67,0,1.423,0,91.2,0,6.85,0,12.33,4.99,7.9,0,-79.9,5.5,19.609,0,6.84,0,1.233,1.36,0,5.41
3/17/2026,1:15, ,gtmfmwq_24G103006_030426_050000.bin,Fort Matanzas,GTMNERR,0,51.032,0,33.57,0,1.367,0,90.3,0,6.81,0,13.09,5.25,7.9,0,-80.1,5.5,19.416,0,7.5,0,1.233,1.31,0,5.21
3/17/2026,1:30, ,gtmfmwq_24G103006_030426_050000.bin,Fort Matanzas,GTMNERR,0,51.1,0,33.62,0,1.318,0,91,0,6.87,0,13.02,5.22,7.9,0,-80.1,5.5,19.276,0,6.82,0,1.226,1.39,0,5.53
3/17/2026,1:45, ,gtmfmwq_24G103006_030426_050000.bin,Fort Matanzas,GTMNERR,0,51.134,0,33.64,0,1.295,0,91,0,6.89,0,12.86,5.17,7.91,0,-80.5,5.5,19.156,0,7.55,0,1.218,1.36,0,5.4
3/17/2026,2:00, ,gtmfmwq_24G103006_030426_050000.bin,Fort Matanzas,GTMNERR,0,51.231,0,33.71,0,1.284,0,91.1,0,6.94,0,11.93,4.86,7.92,0,-81,5.49,18.85,0,9.2,0,1.215,1.46,0,5.83
3/17/2026,2:15, ,gtmfmwq_24G103006_030426_050000.bin,Fort Matanzas,GTMNERR,0,51.46,0,33.88,0,1.287,0,91.9,0,7.08,0,10.44,4.36,7.94,0,-82,5.5,18.193,0,17.6,0,1.226,2.17,0,8.69
3/17/2026,2:30, ,gtmfmwq_24G103006_030426_050000.bin,Fort Matanzas,GTMNERR,0,51.76,0,34.09,0,1.352,0,92.9,0,7.26,0,8.89,3.84,7.97,0,-83.6,5.48,17.325,0,21.37,0,1.227,2.52,0,10.09
3/17/2026,2:45, ,gtmfmwq_24G103006_030426_050000.bin,Fort Matanzas,GTMNERR,0,52.011,0,34.28,0,1.388,0,95.3,0,7.49,0,7.75,3.46,8,0,-85.5,5.5,16.98,0,15.93,0,1.229,2.77,0,11.12
3/17/2026,3:00, ,gtmfmwq_24G103006_030426_050000.bin,Fort Matanzas,GTMNERR,0,51.837,0,34.15,0,1.456,0,95.2,0,7.45,0,8.59,3.74,7.99,0,-84.9,5.48,17.286,0,17.51,0,1.234,2.76,0,11.09
3/17/2026,3:15, ,gtmfmwq_24G103006_030426_050000.bin,Fort Matanzas,GTMNERR,0,51.475,0,33.89,0,1.533,0,94.8,0,7.32,0,10.62,4.42,7.97,0,-84,5.48,18.062,0,20.07,0,1.232,3.05,0,12.23
3/17/2026,3:30, ,gtmfmwq_24G103006_030426_050000.bin,Fort Matanzas,GTMNERR,0,51.333,0,33.79,0,1.609,0,93.9,0,7.24,0,11.12,4.59,7.95,0,-82.9,5.48,18.172,0,24.47,0,1.23,3.19,0,12.83
3/17/2026,3:45, ,gtmfmwq_24G103006_030426_050000.bin,Fort Matanzas,GTMNERR,0,51.371,0,33.81,0,1.684,0,94.1,0,7.25,0,11.2,4.61,7.95,0,-83.1,5.48,18.146,0,20.86,0,1.231,3.19,0,12.81
3/17/2026,4:00, ,gtmfmwq_24G103006_030426_050000.bin,Fort Matanzas,GTMNERR,0,51.356,0,33.8,0,1.763,0,93.8,0,7.22,0,11.53,4.72,7.94,0,-82.5,5.49,18.222,0,22.64,0,1.231,3.2,0,12.84
3/17/2026,4:15, ,gtmfmwq_24G103006_030426_050000.bin,Fort Matanzas,GTMNERR,0,51.552,0,33.95,0,1.823,0,94.2,0,7.29,0,10.33,4.32,7.97,0,-83.7,5.48,17.892,0,20,0,1.228,2.96,0,11.86
3/17/2026,4:30, ,gtmfmwq_24G103006_030426_050000.bin,Fort Matanzas,GTMNERR,0,51.691,0,34.05,0,1.903,0,94.2,0,7.32,0,9.58,4.07,7.97,0,-83.9,5.48,17.606,0,19.15,0,1.223,3.45,0,13.87
3/17/2026,4:45, ,gtmfmwq_24G103006_030426_050000.bin,Fort Matanzas,GTMNERR,0,51.817,0,34.14,0,1.966,0,94.1,0,7.35,0,8.77,3.8,7.98,0,-84.7,5.49,17.342,0,21.18,0,1.224,2.95,0,11.85
3/17/2026,5:00, ,gtmfmwq_24G103006_030426_050000.bin,Fort Matanzas,GTMNERR,0,51.865,0,34.17,0,2.043,0,93.6,0,7.34,0,8.89,3.84,7.98,0,-84.4,5.48,17.164,0,12.6,0,1.229,2.74,0,11
3/17/2026,5:15, ,gtmfmwq_24G103006_030426_050000.bin,Fort Matanzas,GTMNERR,0,51.952,0,34.23,0,2.115,0,93.8,0,7.38,0,8.11,3.58,7.99,0,-84.6,5.48,16.92,0,13.68,0,1.231,2.84,0,11.39
3/17/2026,5:30, ,gtmfmwq_24G103006_030426_050000.bin,Fort Matanzas,GTMNERR,0,52.091,0,34.32,0,2.198,0,95.7,0,7.62,0,6.86,3.16,8,0,-85.4,5.47,16.321,0,19.84,0,1.222,3.71,0,14.91
3/17/2026,5:45, ,gtmfmwq_24G103006_030426_050000.bin,Fort Matanzas,GTMNERR,0,52.143,0,34.36,0,2.263,0,96.7,0,7.73,0,6.35,2.99,8.01,0,-85.9,5.46,16.09,0,23.06,0,1.216,3.39,0,13.63
3/17/2026,6:00, ,gtmfmwq_24G103006_030426_050000.bin,Fort Matanzas,GTMNERR,0,52.21,0,34.4,0,2.314,0,97.1,0,7.81,0,6.08,2.9,8.01,0,-85.8,5.46,15.815,0,20.1,0,1.22,3.76,0,15.1
3/17/2026,6:15, ,gtmfmwq_24G103006_030426_050000.bin,Fort Matanzas,GTMNERR,0,52.304,0,34.46,0,2.374,0,98.2,0,7.94,0,5.48,2.7,8.02,0,-86.5,5.41,15.487,0,17.15,0,1.222,3.5,0,14.07
3/17/2026,6:30, ,gtmfmwq_24G103006_030426_050000.bin,Fort Matanzas,GTMNERR,0,52.352,0,34.5,0,2.426,0,97.9,0,7.93,0,5.56,2.73,8.01,0,-85.5,5.41,15.346,0,10.77,0,1.226,3.28,0,13.18
3/17/2026,6:45, ,gtmfmwq_24G103006_030426_050000.bin,Fort Matanzas,GTMNERR,0,52.368,0,34.51,0,2.493,0,93.3,0,7.57,0,4.98,2.54,8.01,0,-85.5,5.4,15.312,0,11.5,0,1.23,3.04,0,12.22
3/17/2026,7:00, ,gtmfmwq_24G103006_030426_050000.bin,Fort Matanzas,GTMNERR,0,52.383,0,34.52,0,2.545,0,93.6,0,7.6,0,5.12,2.58,8.01,0,-85.6,5.4,15.26,0,15.05,0,1.229,4.13,0,16.6
3/17/2026,7:15, ,gtmfmwq_24G103006_030426_050000.bin,Fort Matanzas,GTMNERR,0,52.345,0,34.49,0,2.576,0,97.6,0,7.9,0,5.54,2.72,8.02,0,-86.6,5.39,15.412,0,11.74,0,1.229,3.63,0,14.61
3/17/2026,7:30, ,gtmfmwq_24G103006_030426_050000.bin,Fort Matanzas,GTMNERR,0,52.152,0,34.36,0,2.586,0,95,0,7.6,0,7.01,3.21,8.01,0,-85.9,5.37,16.079,0,12.46,0,1.234,3.8,0,15.26
3/17/2026,7:45, ,gtmfmwq_24G103006_030426_050000.bin,Fort Matanzas,GTMNERR,0,51.942,0,34.22,0,2.599,0,94.2,0,7.47,0,8.33,3.65,8,0,-85.2,5.44,16.553,0,13.85,0,1.227,2.82,0,11.3
3/17/2026,8:00, ,gtmfmwq_24G103006_030426_050000.bin,Fort Matanzas,GTMNERR,0,51.656,0,34.02,0,2.615,0,92.6,0,7.27,0,9.86,4.17,7.98,0,-84.1,5.45,17.165,0,29.08,0,1.224,4.11,0,16.53
3/17/2026,8:15, ,gtmfmwq_24G103006_030426_050000.bin,Fort Matanzas,GTMNERR,0,51.508,0,33.91,0,2.596,0,92,0,7.19,0,11.14,4.59,7.96,0,-83.4,5.46,17.448,0,14.7,0,1.228,2.63,0,10.54
3/17/2026,8:30, ,gtmfmwq_24G103006_030426_050000.bin,Fort Matanzas,GTMNERR,0,51.512,0,33.91,0,2.565,0,91,0,7.11,0,10.98,4.54,7.95,0,-82.4,5.47,17.452,0,12.25,0,1.222,1.98,0,7.93
3/17/2026,8:45, ,gtmfmwq_24G103006_030426_050000.bin,Fort Matanzas,GTMNERR,0,51.426,0,33.85,0,2.525,0,90.7,0,7.06,0,11.48,4.71,7.94,0,-81.9,5.46,17.649,0,12.89,0,1.219,2.19,0,8.75
3/17/2026,9:00, ,gtmfmwq_24G103006_030426_050000.bin,Fort Matanzas,GTMNERR,0,51.269,0,33.74,0,2.479,0,90.1,0,7,0,12.26,4.97,7.91,0,-80.6,5.47,17.815,0,14.31,0,1.223,1.7,0,6.77
3/17/2026,9:15, ,gtmfmwq_24G103006_030426_050000.bin,Fort Matanzas,GTMNERR,0,51.106,0,33.62,0,2.435,0,89.9,0,6.97,0,12.82,5.15,7.91,0,-80.3,5.47,17.953,0,15.19,0,1.231,1.49,0,5.95
3/17/2026,9:30, ,gtmfmwq_24G103006_030426_050000.bin,Fort Matanzas,GTMNERR,0,50.986,0,33.53,0,2.385,0,89.6,0,6.93,0,13.28,5.31,7.89,0,-79.5,5.47,18.106,0,14.68,0,1.225,1.45,0,5.79
3/17/2026,9:45, ,gtmfmwq_24G103006_030426_050000.bin,Fort Matanzas,GTMNERR,0,50.907,0,33.47,0,2.341,0,89.4,0,6.9,0,13.73,5.46,7.89,0,-79.1,5.48,18.207,0,16.36,0,1.223,1.43,0,5.69
3/17/2026,10:00, ,gtmfmwq_24G103006_030426_050000.bin,Fort Matanzas,GTMNERR,0,50.864,0,33.44,0,2.293,0,88.8,0,6.84,0,14.24,5.63,7.88,0,-78.7,5.47,18.262,0,13.38,0,1.224,1.14,0,4.51
3/17/2026,10:15, ,gtmfmwq_24G103006_030426_050000.bin,Fort Matanzas,GTMNERR,0,50.848,0,33.43,0,2.232,0,88.9,0,6.85,0,14.27,5.64,7.87,0,-78.2,5.48,18.313,0,11.79,0,1.221,1.12,0,4.44
3/17/2026,10:30, ,gtmfmwq_24G103006_030426_050000.bin,Fort Matanzas,GTMNERR,0,50.837,0,33.42,0,2.175,0,87.5,0,6.73,0,14.48,5.71,7.87,0,-78.2,5.47,18.339,0,9.58,0,1.217,0.88,0,3.49
3/17/2026,10:45, ,gtmfmwq_24G103006_030426_050000.bin,Fort Matanzas,GTMNERR,0,50.841,0,33.42,0,2.13,0,85,0,6.54,0,14.33,5.66,7.85,0,-77.2,5.47,18.341,0,7.66,0,1.222,0.95,0,3.78
3/17/2026,11:00, ,gtmfmwq_24G103006_030426_050000.bin,Fort Matanzas,GTMNERR,0,50.969,0,33.52,0,2.077,0,89.5,0,6.9,0,13.82,5.49,7.89,0,-79.2,5.48,18.215,0,8.15,0,1.224,0.86,0,3.41
3/17/2026,11:15, ,gtmfmwq_24G103006_030426_050000.bin,Fort Matanzas,GTMNERR,0,51.204,0,33.69,0,2.025,0,93.1,0,7.21,0,12.13,4.92,7.91,0,-80.5,5.47,17.972,0,13.13,0,1.222,1.17,0,4.66
3/17/2026,11:30, ,gtmfmwq_24G103006_030426_050000.bin,Fort Matanzas,GTMNERR,0,51.402,0,33.83,0,1.975,0,96.7,0,7.49,0,11.17,4.6,7.92,0,-81,5.48,17.867,0,6.77,0,1.22,0.79,0,3.13
3/17/2026,11:45, ,gtmfmwq_24G103006_030426_050000.bin,Fort Matanzas,GTMNERR,0,51.411,0,33.84,0,1.923,0,98.3,0,7.61,0,11.41,4.68,7.93,0,-81.8,5.47,17.94,0,7.2,0,1.231,0.79,0,3.11
3/17/2026,12:00, ,gtmfmwq_24G103006_030426_050000.bin,Fort Matanzas,GTMNERR,0,51.306,0,33.76,0,1.874,0,93.5,0,7.32,0,12.16,4.94,7.92,0,-81.1,5.46,17.385,0,6.51,0,1.229,0.85,0,3.36
3/17/2026,12:15, ,gtmfmwq_24G103006_030426_050000.bin,Fort Matanzas,GTMNERR,0,51.226,0,33.7,0,1.817,0,93.9,0,7.3,0,12.81,5.15,7.91,0,-80.2,5.47,17.763,0,5.57,0,1.214,0.87,0,3.43
3/17/2026,12:30, ,gtmfmwq_24G103006_030426_050000.bin,Fort Matanzas,GTMNERR,0,51.16,0,33.66,0,1.765,0,93.1,0,7.26,0,13.29,5.31,7.91,0,-80.3,5.46,17.616,0,5.74,0,1.22,0.94,0,3.7
3/17/2026,12:45, ,gtmfmwq_24G103006_030426_050000.bin,Fort Matanzas,GTMNERR,0,51.11,0,33.62,0,1.712,0,93.7,0,7.28,0,13.24,5.29,7.9,0,-80.1,5.47,17.796,0,5.93,0,1.225,0.89,0,3.52
3/17/2026,13:00, ,gtmfmwq_24G103006_030426_050000.bin,Fort Matanzas,GTMNERR,0,51.099,0,33.61,0,1.66,0,94.1,0,7.31,0,13.07,5.24,7.9,0,-80,5.46,17.828,0,6.41,0,1.219,0.91,0,3.59
3/17/2026,13:15, ,gtmfmwq_24G103006_030426_050000.bin,Fort Matanzas,GTMNERR,0,51.178,0,33.67,0,1.609,0,95.7,0,7.42,0,12.65,5.1,7.91,0,-80.6,5.46,17.853,0,5.73,0,1.219,0.9,0,3.56
3/17/2026,13:30, ,gtmfmwq_24G103006_030426_050000.bin,Fort Matanzas,GTMNERR,0,51.226,0,33.7,0,1.559,0,96,0,7.46,0,12.39,5.01,7.92,0,-80.8,5.47,17.759,0,6.75,0,1.229,0.89,0,3.51
3/17/2026,13:45, ,gtmfmwq_24G103006_030426_050000.bin,Fort Matanzas,GTMNERR,0,51.293,0,33.75,0,1.514,0,97.4,0,7.59,0,12.2,4.95,7.92,0,-81.2,5.46,17.63,0,6.82,0,1.224,0.85,0,3.36
3/17/2026,14:00, ,gtmfmwq_24G103006_030426_050000.bin,Fort Matanzas,GTMNERR,0,51.301,0,33.76,0,1.471,0,97.7,0,7.61,0,11.89,4.84,7.92,0,-81,5.47,17.636,0,6.11,0,1.218,0.83,0,3.28
3/17/2026,14:15, ,gtmfmwq_24G103006_030426_050000.bin,Fort Matanzas,GTMNERR,0,51.398,0,33.83,0,1.433,0,97.5,0,7.62,0,11.45,4.7,7.93,0,-81.7,5.46,17.439,0,7.95,0,1.221,0.88,0,3.47
3/17/2026,14:30, ,gtmfmwq_24G103006_030426_050000.bin,Fort Matanzas,GTMNERR,0,51.5,0,33.9,0,1.415,0,100.3,0,7.81,0,11.09,4.58,7.95,0,-82.5,5.46,17.557,0,8.36,0,1.222,0.91,0,3.6
3/17/2026,14:45, ,gtmfmwq_24G103006_030426_050000.bin,Fort Matanzas,GTMNERR,0,51.608,0,33.98,0,1.414,0,101.1,0,7.89,0,10.47,4.37,7.94,0,-82.1,5.47,17.471,0,11.85,0,1.215,1.13,0,4.5
3/17/2026,15:00, ,gtmfmwq_24G103006_030426_050000.bin,Fort Matanzas,GTMNERR,0,52.016,0,34.28,0,1.425,0,103.9,0,8.21,0,7.47,3.37,8,0,-85.2,5.45,16.743,0,31.87,0,1.218,2.29,0,9.17
3/17/2026,15:15, ,gtmfmwq_24G103006_030426_050000.bin,Fort Matanzas,GTMNERR,0,52.27,0,34.46,0,1.459,0,105,0,8.36,0,6.16,2.93,8.02,0,-86.7,5.46,16.255,0,22.63,0,1.226,2.85,0,11.44
3/17/2026,15:30, ,gtmfmwq_24G103006_030426_050000.bin,Fort Matanzas,GTMNERR,0,52.342,0,34.51,0,1.499,0,105.7,0,8.43,0,5.76,2.79,8.03,0,-86.9,5.45,16.197,0,16.18,0,1.232,2.57,0,10.31
3/17/2026,15:45, ,gtmfmwq_24G103006_030426_050000.bin,Fort Matanzas,GTMNERR,0,52.264,0,34.45,0,1.547,0,104.9,0,8.36,0,5.89,2.84,8.04,0,-87.6,5.45,16.245,0,21.78,0,1.229,3.1,0,12.45
3/17/2026,16:00, ,gtmfmwq_24G103006_030426_050000.bin,Fort Matanzas,GTMNERR,0,52.141,0,34.36,0,1.618,0,104.5,0,8.3,0,6.63,3.09,8.03,0,-87.2,5.45,16.429,0,21.96,0,1.222,3.53,0,14.18
3/17/2026,16:15, ,gtmfmwq_24G103006_030426_050000.bin,Fort Matanzas,GTMNERR,0,52.295,0,34.47,0,1.689,0,105.4,0,8.38,0,5.9,2.84,8.04,0,-87.5,5.44,16.329,0,17.3,0,1.219,3.03,0,12.16
3/17/2026,16:30, ,gtmfmwq_24G103006_030426_050000.bin,Fort Matanzas,GTMNERR,0,52.319,0,34.49,0,1.75,0,105,0,8.37,0,5.69,2.77,8.04,0,-87.8,5.45,16.206,0,23.15,0,1.222,3.21,0,12.89
3/17/2026,16:45, ,gtmfmwq_24G103006_030426_050000.bin,Fort Matanzas,GTMNERR,0,52.271,0,34.45,0,1.82,0,104.5,0,8.33,0,5.83,2.82,8.04,0,-87.7,5.44,16.19,0,24.24,0,1.232,4.81,0,19.36
3/17/2026,17:00, ,gtmfmwq_24G103006_030426_050000.bin,Fort Matanzas,GTMNERR,0,52.341,0,34.5,0,1.898,0,104.5,0,8.35,0,5.49,2.71,8.04,0,-87.4,5.44,16.047,0,19.79,0,1.228,3.19,0,12.82
3/17/2026,17:15, ,gtmfmwq_24G103006_030426_050000.bin,Fort Matanzas,GTMNERR,0,52.381,0,34.53,0,1.967,0,104.8,0,8.39,0,5.39,2.67,8.04,0,-87.5,5.45,15.989,0,16.63,0,1.23,3.33,0,13.39
3/17/2026,17:30, ,gtmfmwq_24G103006_030426_050000.bin,Fort Matanzas,GTMNERR,0,52.392,0,34.54,0,2.037,0,105,0,8.41,0,5.32,2.65,8.04,0,-87.6,5.44,15.953,0,13.66,0,1.222,3.25,0,13.04
3/17/2026,17:45, ,gtmfmwq_24G103006_030426_050000.bin,Fort Matanzas,GTMNERR,0,52.393,0,34.54,0,2.107,0,104.7,0,8.38,0,5.4,2.67,8.04,0,-87.5,5.45,15.985,0,14.45,0,1.215,3.83,0,15.4
3/17/2026,18:00, ,gtmfmwq_24G103006_030426_050000.bin,Fort Matanzas,GTMNERR,0,52.402,0,34.55,0,2.182,0,104.8,0,8.37,0,5.51,2.71,8.04,0,-87.9,5.44,16.075,0,11.49,0,1.216,3.2,0,12.85
3/17/2026,18:15, ,gtmfmwq_24G103006_030426_050000.bin,Fort Matanzas,GTMNERR,0,52.404,0,34.55,0,2.252,0,104.3,0,8.32,0,5.48,2.7,8.04,0,-87.4,5.44,16.099,0,9.02,0,1.224,3.17,0,12.72
3/17/2026,18:30, ,gtmfmwq_24G103006_030426_050000.bin,Fort Matanzas,GTMNERR,0,52.409,0,34.55,0,2.323,0,101.7,0,8.11,0,5.49,2.7,8.03,0,-87,5.45,16.131,0,9.05,0,1.234,2.34,0,9.38
3/17/2026,18:45, ,gtmfmwq_24G103006_030426_050000.bin,Fort Matanzas,GTMNERR,0,52.419,0,34.56,0,2.379,0,94.2,0,7.51,0,5.12,2.58,8,0,-85.1,5.43,16.158,0,8.7,0,1.231,3.5,0,14.05
3/17/2026,19:00, ,gtmfmwq_24G103006_030426_050000.bin,Fort Matanzas,GTMNERR,0,52.407,0,34.55,0,2.432,0,89.1,0,7.11,0,5.59,2.74,7.97,0,-83.8,5.45,16.151,0,8.07,0,1.216,1.96,0,7.84
3/17/2026,19:15, ,gtmfmwq_24G103006_030426_050000.bin,Fort Matanzas,GTMNERR,0,52.405,0,34.55,0,2.475,0,94.2,0,7.52,0,5.43,2.68,8,0,-85.5,5.44,16.127,0,8.62,0,1.221,2.04,0,8.18
3/17/2026,19:30, ,gtmfmwq_24G103006_030426_050000.bin,Fort Matanzas,GTMNERR,0,52.436,0,34.57,0,2.511,0,98,0,7.82,0,5.27,2.63,8.02,0,-86.4,5.44,16.148,0,8.17,0,1.231,1.92,0,7.66
3/17/2026,19:45, ,gtmfmwq_24G103006_030426_050000.bin,Fort Matanzas,GTMNERR,0,52.375,0,34.53,0,2.527,0,101.5,0,8.1,0,5.81,2.81,8.03,0,-86.8,5.45,16.086,0,9.44,0,1.222,2.67,0,10.71
3/17/2026,20:00, ,gtmfmwq_24G103006_030426_050000.bin,Fort Matanzas,GTMNERR,0,52.314,0,34.48,0,2.54,0,101.3,0,8.09,0,6.06,2.9,8.02,0,-86.5,5.43,16.062,0,11.37,0,1.217,2.83,0,11.37
3/17/2026,20:15, ,gtmfmwq_24G103006_030426_050000.bin,Fort Matanzas,GTMNERR,0,52.258,0,34.44,0,2.534,0,102.8,0,8.2,0,6.46,3.03,8.03,0,-87.2,5.44,16.177,0,11.44,0,1.221,2.91,0,11.68
3/17/2026,20:30, ,gtmfmwq_24G103006_030426_050000.bin,Fort Matanzas,GTMNERR,0,52.102,0,34.33,0,2.509,0,102.1,0,8.1,0,7.52,3.38,8.01,0,-86,5.43,16.451,0,12.05,0,1.232,2.75,0,11.05
3/17/2026,20:45, ,gtmfmwq_24G103006_030426_050000.bin,Fort Matanzas,GTMNERR,0,51.822,0,34.13,0,2.476,0,100.2,0,7.9,0,9.34,3.99,7.98,0,-84.4,5.42,16.885,0,10.91,0,1.227,2.51,0,10.06
3/17/2026,21:00, ,gtmfmwq_24G103006_030426_050000.bin,Fort Matanzas,GTMNERR,0,51.664,0,34.02,0,2.438,0,99.6,0,7.82,0,10.42,4.35,7.97,0,-83.8,5.43,17.154,0,11.72,0,1.223,2.25,0,9.03
3/17/2026,21:15, ,gtmfmwq_24G103006_030426_050000.bin,Fort Matanzas,GTMNERR,0,51.535,0,33.93,0,2.395,0,98.5,0,7.7,0,10.86,4.5,7.94,0,-82.2,5.43,17.376,0,12.99,0,1.217,1.62,0,6.46
3/17/2026,21:30, ,gtmfmwq_24G103006_030426_050000.bin,Fort Matanzas,GTMNERR,0,51.379,0,33.82,0,2.353,0,98,0,7.63,0,11.79,4.81,7.94,0,-82.2,5.44,17.603,0,17.12,0,1.221,1.84,0,7.36
3/17/2026,21:45, ,gtmfmwq_24G103006_030426_050000.bin,Fort Matanzas,GTMNERR,0,51.246,0,33.72,0,2.304,0,98.4,0,7.64,0,12.29,4.98,7.93,0,-81.5,5.44,17.796,0,15.06,0,1.23,1.94,0,7.76
3/17/2026,22:00, ,gtmfmwq_24G103006_030426_050000.bin,Fort Matanzas,GTMNERR,0,51.18,0,33.67,0,2.254,0,97.5,0,7.56,0,12.7,5.12,7.93,0,-81.7,5.44,17.883,0,14.91,0,1.223,1.77,0,7.09
3/17/2026,22:15, ,gtmfmwq_24G103006_030426_050000.bin,Fort Matanzas,GTMNERR,0,51.136,0,33.64,0,2.201,0,97.3,0,7.54,0,13.25,5.3,7.92,0,-80.9,5.45,17.927,0,12.4,0,1.215,1.72,0,6.85
3/17/2026,22:30, ,gtmfmwq_24G103006_030426_050000.bin,Fort Matanzas,GTMNERR,0,51.074,0,33.59,0,2.151,0,95.4,0,7.38,0,13.53,5.39,7.91,0,-80.7,5.44,18.02,0,10.55,0,1.22,1.69,0,6.77
3/17/2026,22:45, ,gtmfmwq_24G103006_030426_050000.bin,Fort Matanzas,GTMNERR,0,51.075,0,33.59,0,2.104,0,95.2,0,7.37,0,17.9,6.85,7.9,0,-80,5.45,17.985,0,14.51,0,1.227,1.45,0,5.79
3/17/2026,23:00, ,gtmfmwq_24G103006_030426_050000.bin,Fort Matanzas,GTMNERR,0,51.224,0,33.7,0,2.057,0,93.4,0,7.28,0,13.11,5.25,7.91,0,-80.4,5.44,17.628,0,9.41,0,1.231,1.14,0,4.53
3/17/2026,23:15, ,gtmfmwq_24G103006_030426_050000.bin,Fort Matanzas,GTMNERR,0,51.472,0,33.88,0,2.011,0,93.2,0,7.33,0,12.02,4.89,7.93,0,-81.7,5.44,17.079,0,7.32,0,1.223,1.3,0,5.16
3/17/2026,23:30, ,gtmfmwq_24G103006_030426_050000.bin,Fort Matanzas,GTMNERR,0,51.571,0,33.95,0,1.966,0,94.1,0,7.43,0,11.37,4.67,7.93,0,-81.6,5.45,16.831,0,6.96,0,1.222,1.16,0,4.61
3/17/2026,23:45, ,gtmfmwq_24G103006_030426_050000.bin,Fort Matanzas,GTMNERR,0,51.44,0,33.85,0,1.914,0,93.8,0,7.42,0,11.43,4.69,7.94,0,-81.8,5.44,16.8,0,6.26,0,1.218,1.29,0,5.13
3/18/2026,0:00, ,gtmfmwq_24G103006_030426_050000.bin,Fort Matanzas,GTMNERR,0,51.308,0,33.76,0,1.865,0,93.1,0,7.29,0,13.29,5.31,7.91,0,-80.4,5.45,17.402,0,5.58,0,1.215,1.17,0,4.63
3/18/2026,0:15, ,gtmfmwq_24G103006_030426_050000.bin,Fort Matanzas,GTMNERR,0,51.621,0,33.99,0,1.813,0,93.3,0,7.37,0,12.08,4.91,7.94,0,-81.9,5.44,16.833,0,5.8,0,1.219,1.15,0,4.55
3/18/2026,0:30, ,gtmfmwq_24G103006_030426_050000.bin,Fort Matanzas,GTMNERR,0,51.435,0,33.85,0,1.763,0,94.8,0,7.44,0,12.37,5,7.94,0,-81.8,5.44,17.188,0,5.51,0,1.232,1.21,0,4.82
3/18/2026,0:45, ,gtmfmwq_24G103006_030426_050000.bin,Fort Matanzas,GTMNERR,0,51.294,0,33.75,0,1.713,0,95,0,7.45,0,13.3,5.32,7.92,0,-80.9,5.45,17.307,0,5.63,0,1.229,1.16,0,4.62
3/18/2026,1:00, ,gtmfmwq_24G103006_030426_050000.bin,Fort Matanzas,GTMNERR,0,51.297,0,33.75,0,1.655,0,95.5,0,7.49,0,13.07,5.24,7.93,0,-81.3,5.44,17.223,0,5.74,0,1.221,1.26,0,5.01
3/18/2026,1:15, ,gtmfmwq_24G103006_030426_050000.bin,Fort Matanzas,GTMNERR,0,51.305,0,33.76,0,1.601,0,95,0,7.47,0,13.29,5.31,7.93,0,-81.4,5.45,17.159,0,5.91,0,1.223,1.25,0,4.98
3/18/2026,1:30, ,gtmfmwq_24G103006_030426_050000.bin,Fort Matanzas,GTMNERR,0,51.39,0,33.82,0,1.546,0,95,0,7.48,0,12.93,5.19,7.93,0,-81.3,5.44,17.042,0,6.11,0,1.218,1.28,0,5.07
3/18/2026,1:45, ,gtmfmwq_24G103006_030426_050000.bin,Fort Matanzas,GTMNERR,0,51.464,0,33.87,0,1.494,0,94.9,0,7.5,0,12.55,5.06,7.93,0,-81.6,5.44,16.873,0,5.59,0,1.224,1.13,0,4.49
3/18/2026,2:00, ,gtmfmwq_24G103006_030426_050000.bin,Fort Matanzas,GTMNERR,0,51.544,0,33.93,0,1.444,0,93.9,0,7.46,0,12.37,5.01,7.94,0,-81.7,5.45,16.558,0,5.56,0,1.231,1.19,0,4.71
3/18/2026,2:15, ,gtmfmwq_24G103006_030426_050000.bin,Fort Matanzas,GTMNERR,0,51.616,0,33.98,0,1.398,0,92.9,0,7.4,0,12.3,4.98,7.94,0,-81.8,5.44,16.376,0,6.38,0,1.233,1.08,0,4.3
3/18/2026,2:30, ,gtmfmwq_24G103006_030426_050000.bin,Fort Matanzas,GTMNERR,0,51.734,0,34.06,0,1.357,0,93,0,7.43,0,11.44,4.69,7.95,0,-82.3,5.44,16.23,0,7.81,0,1.226,1.09,0,4.34
3/18/2026,2:45, ,gtmfmwq_24G103006_030426_050000.bin,Fort Matanzas,GTMNERR,0,51.75,0,34.07,0,1.338,0,93.8,0,7.48,0,10.82,4.49,7.95,0,-82.7,5.43,16.268,0,10.96,0,1.226,1.27,0,5.03
3/18/2026,3:00, ,gtmfmwq_24G103006_030426_050000.bin,Fort Matanzas,GTMNERR,0,51.982,0,34.24,0,1.338,0,95.1,0,7.64,0,9.04,3.89,7.98,0,-84.4,5.43,15.881,0,18.92,0,1.222,1.87,0,7.49
3/18/2026,3:15, ,gtmfmwq_24G103006_030426_050000.bin,Fort Matanzas,GTMNERR,0,52.216,0,34.4,0,1.362,0,96.4,0,7.8,0,7.17,3.27,8.01,0,-85.7,5.45,15.499,0,11.99,0,1.229,2.39,0,9.57
3/18/2026,3:30, ,gtmfmwq_24G103006_030426_050000.bin,Fort Matanzas,GTMNERR,0,52.251,0,34.43,0,1.411,0,97.3,0,7.87,0,6.86,3.16,8.03,0,-86.7,5.43,15.478,0,10.58,0,1.227,2.15,0,8.6
3/18/2026,3:45, ,gtmfmwq_24G103006_030426_050000.bin,Fort Matanzas,GTMNERR,0,52.252,0,34.43,0,1.461,0,97.6,0,7.9,0,6.47,3.03,8.03,0,-86.9,5.45,15.475,0,10.55,0,1.222,2.12,0,8.47
3/18/2026,4:00, ,gtmfmwq_24G103006_030426_050000.bin,Fort Matanzas,GTMNERR,0,52.153,0,34.35,0,1.527,0,97.7,0,7.89,0,7.12,3.25,8.02,0,-86.6,5.43,15.547,0,12.06,0,1.222,2.18,0,8.74
3/18/2026,4:15, ,gtmfmwq_24G103006_030426_050000.bin,Fort Matanzas,GTMNERR,0,52.091,0,34.31,0,1.607,0,97.5,0,7.87,0,7.58,3.4,8.02,0,-86.2,5.43,15.603,0,12.97,0,1.22,2.33,0,9.33
3/18/2026,4:30, ,gtmfmwq_24G103006_030426_050000.bin,Fort Matanzas,GTMNERR,0,52.213,0,34.4,0,1.685,0,97.3,0,7.88,0,6.59,3.07,8.02,0,-86.3,5.44,15.429,0,10.27,0,1.215,2.17,0,8.7
3/18/2026,4:45, ,gtmfmwq_24G103006_030426_050000.bin,Fort Matanzas,GTMNERR,0,52.212,0,34.4,0,1.762,0,97.3,0,7.88,0,6.73,3.12,8.03,0,-86.8,5.43,15.449,0,11.23,0,1.219,2.71,0,10.87
3/18/2026,5:00, ,gtmfmwq_24G103006_030426_050000.bin,Fort Matanzas,GTMNERR,0,52.176,0,34.37,0,1.838,0,97.3,0,7.87,0,6.96,3.2,8.02,0,-86.5,5.44,15.504,0,10.44,0,1.229,2.19,0,8.77
3/18/2026,5:15, ,gtmfmwq_24G103006_030426_050000.bin,Fort Matanzas,GTMNERR,0,52.223,0,34.41,0,1.911,0,97.3,0,7.87,0,6.61,3.08,8.02,0,-86.2,5.43,15.511,0,9.46,0,1.222,2.36,0,9.47
3/18/2026,5:30, ,gtmfmwq_24G103006_030426_050000.bin,Fort Matanzas,GTMNERR,0,52.296,0,34.46,0,1.989,0,97.2,0,7.86,0,6.13,2.92,8.02,0,-86.6,5.43,15.449,0,8.61,0,1.218,2.13,0,8.54
3/18/2026,5:45, ,gtmfmwq_24G103006_030426_050000.bin,Fort Matanzas,GTMNERR,0,52.312,0,34.47,0,2.07,0,97,0,7.85,0,6.03,2.89,8.03,0,-86.7,5.44,15.425,0,9,0,1.215,2.44,0,9.79
3/18/2026,6:00, ,gtmfmwq_24G103006_030426_050000.bin,Fort Matanzas,GTMNERR,0,52.319,0,34.47,0,2.147,0,97,0,7.87,0,6.17,2.93,8.03,0,-86.8,5.43,15.328,0,7.86,0,1.217,2.25,0,9.02
3/18/2026,6:15, ,gtmfmwq_24G103006_030426_050000.bin,Fort Matanzas,GTMNERR,0,52.313,0,34.47,0,2.223,0,96.2,0,7.81,0,6.05,2.89,8.03,0,-86.8,5.44,15.275,0,7.6,0,1.219,3,0,12.03
3/18/2026,6:30, ,gtmfmwq_24G103006_030426_050000.bin,Fort Matanzas,GTMNERR,0,52.297,0,34.45,0,2.299,0,95.9,0,7.8,0,6.19,2.94,8.03,0,-86.6,5.43,15.206,0,8.2,0,1.224,2.41,0,9.68
3/18/2026,6:45, ,gtmfmwq_24G103006_030426_050000.bin,Fort Matanzas,GTMNERR,0,52.3,0,34.45,0,2.377,0,96.9,0,7.9,0,5.91,2.85,8.02,0,-86.6,5.43,15.073,0,8.63,0,1.234,2.27,0,9.08
3/18/2026,7:00, ,gtmfmwq_24G103006_030426_050000.bin,Fort Matanzas,GTMNERR,0,52.325,0,34.47,0,2.445,0,90.6,0,7.39,0,5.71,2.78,7.99,0,-84.6,5.44,15.026,0,6.38,0,1.231,1.43,0,5.69
3/18/2026,7:15, ,gtmfmwq_24G103006_030426_050000.bin,Fort Matanzas,GTMNERR,0,52.339,0,34.48,0,2.502,0,84.2,0,6.87,0,5.7,2.78,7.98,0,-83.7,5.42,15.012,0,7.13,0,1.225,1.68,0,6.7
3/18/2026,7:30, ,gtmfmwq_24G103006_030426_050000.bin,Fort Matanzas,GTMNERR,0,52.349,0,34.48,0,2.556,0,93.5,0,7.63,0,5.7,2.78,8.02,0,-86.1,5.44,14.975,0,5.09,0,1.222,1.49,0,5.92
3/18/2026,7:45, ,gtmfmwq_24G103006_030426_050000.bin,Fort Matanzas,GTMNERR,0,52.346,0,34.48,0,2.605,0,94.1,0,7.68,0,5.78,2.8,8.01,0,-86,5.42,14.995,0,7.14,0,1.218,2.21,0,8.84
3/18/2026,8:00, ,gtmfmwq_24G103006_030426_050000.bin,Fort Matanzas,GTMNERR,0,52.357,0,34.49,0,2.642,0,95.3,0,7.78,0,5.69,2.77,8.03,0,-86.6,5.42,14.996,0,6.94,0,1.232,1.86,0,7.45
3/18/2026,8:15, ,gtmfmwq_24G103006_030426_050000.bin,Fort Matanzas,GTMNERR,0,52.304,0,34.45,0,2.667,0,96.3,0,7.85,0,6.14,2.92,8.03,0,-87,5.43,15.075,0,8.34,0,1.233,1.75,0,6.99
3/18/2026,8:30, ,gtmfmwq_24G103006_030426_050000.bin,Fort Matanzas,GTMNERR,0,52.269,0,34.43,0,2.683,0,94.7,0,7.69,0,6.38,3,8.02,0,-86.1,5.42,15.296,0,8.05,0,1.219,2.01,0,8.02
3/18/2026,8:45, ,gtmfmwq_24G103006_030426_050000.bin,Fort Matanzas,GTMNERR,0,52.158,0,34.35,0,2.686,0,95.1,0,7.71,0,7.26,3.3,8.01,0,-86,5.43,15.355,0,7.95,0,1.22,2.08,0,8.33
3/18/2026,9:00, ,gtmfmwq_24G103006_030426_050000.bin,Fort Matanzas,GTMNERR,0,52.062,0,34.29,0,2.671,0,95,0,7.69,0,8.3,3.64,8,0,-85.4,5.42,15.437,0,8.41,0,1.23,2.08,0,8.33
3/18/2026,9:15, ,gtmfmwq_24G103006_030426_050000.bin,Fort Matanzas,GTMNERR,0,51.878,0,34.16,0,2.643,0,93.6,0,7.55,0,9.78,4.14,7.97,0,-83.8,5.42,15.718,0,8.34,0,1.234,1.4,0,5.58
3/18/2026,9:30, ,gtmfmwq_24G103006_030426_050000.bin,Fort Matanzas,GTMNERR,0,51.701,0,34.03,0,2.6,0,93,0,7.48,0,11.2,4.61,7.96,0,-82.8,5.42,15.873,0,8.77,0,1.223,1.24,0,4.93
3/18/2026,9:45, ,gtmfmwq_24G103006_030426_050000.bin,Fort Matanzas,GTMNERR,0,51.513,0,33.89,0,2.557,0,92.5,0,7.43,0,12.19,4.94,7.94,0,-81.9,5.42,15.982,0,9.69,0,1.216,1.11,0,4.41
3/18/2026,10:00, ,gtmfmwq_24G103006_030426_050000.bin,Fort Matanzas,GTMNERR,0,51.332,0,33.76,0,2.507,0,92,0,7.38,0,13.38,5.34,7.93,0,-81.3,5.42,16.124,0,9.93,0,1.222,1.09,0,4.32
3/18/2026,10:15, ,gtmfmwq_24G103006_030426_050000.bin,Fort Matanzas,GTMNERR,0,51.127,0,33.61,0,2.468,0,91.3,0,7.3,0,14.6,5.75,7.91,0,-80.1,5.42,16.315,0,10.95,0,1.234,1.1,0,4.38
3/18/2026,10:30, ,gtmfmwq_24G103006_030426_050000.bin,Fort Matanzas,GTMNERR,0,51.006,0,33.53,0,2.415,0,90.8,0,7.24,0,15.5,6.05,7.89,0,-79.2,5.42,16.471,0,9.78,0,1.234,0.97,0,3.85
3/18/2026,10:45, ,gtmfmwq_24G103006_030426_050000.bin,Fort Matanzas,GTMNERR,0,50.981,0,33.51,0,2.359,0,90.9,0,7.24,0,16.5,6.38,7.88,0,-78.7,5.43,16.564,0,10.34,0,1.221,0.93,0,3.66
3/18/2026,11:00, ,gtmfmwq_24G103006_030426_050000.bin,Fort Matanzas,GTMNERR,0,50.989,0,33.52,0,2.296,0,91.2,0,7.25,0,15.45,6.03,7.89,0,-78.9,5.42,16.614,0,8.43,0,1.216,0.92,0,3.63
3/18/2026,11:15, ,gtmfmwq_24G103006_030426_050000.bin,Fort Matanzas,GTMNERR,0,50.991,0,33.52,0,2.239,0,91.1,0,7.24,0,15.71,6.12,7.89,0,-79,5.43,16.665,0,8.56,0,1.221,0.92,0,3.66
3/18/2026,11:30, ,gtmfmwq_24G103006_030426_050000.bin,Fort Matanzas,GTMNERR,0,51.022,0,33.54,0,2.189,0,90.7,0,7.2,0,16.45,6.37,7.89,0,-78.8,5.42,16.658,0,6.35,0,1.223,0.8,0,3.15
3/18/2026,11:45, ,gtmfmwq_24G103006_030426_050000.bin,Fort Matanzas,GTMNERR,0,50.991,0,33.52,0,2.141,0,89.8,0,7.13,0,15.89,6.18,7.88,0,-78.6,5.43,16.71,0,6.27,0,1.228,0.81,0,3.18
3/18/2026,12:00, ,gtmfmwq_24G103006_030426_050000.bin,Fort Matanzas,GTMNERR,0,51.361,0,33.79,0,2.089,0,93.9,0,7.45,0,13.25,5.3,7.91,0,-80.5,5.44,16.659,0,5.37,0,1.234,0.68,0,2.66
3/18/2026,12:15, ,gtmfmwq_24G103006_030426_050000.bin,Fort Matanzas,GTMNERR,0,51.461,0,33.87,0,2.034,0,95.3,0,7.55,0,12.55,5.07,7.93,0,-81.1,5.43,16.712,0,5.01,0,1.229,0.65,0,2.54
3/18/2026,12:30, ,gtmfmwq_24G103006_030426_050000.bin,Fort Matanzas,GTMNERR,0,51.67,0,34.02,0,1.979,0,99.7,0,7.88,0,11.23,4.62,7.95,0,-82.4,5.44,16.79,0,5.5,0,1.215,0.65,0,2.55
3/18/2026,12:45, ,gtmfmwq_24G103006_030426_050000.bin,Fort Matanzas,GTMNERR,0,51.882,0,34.18,0,1.922,0,100.3,0,7.94,0,10.14,4.26,7.96,0,-83,5.43,16.644,0,5.54,0,1.219,0.63,0,2.45
3/18/2026,13:00, ,gtmfmwq_24G103006_030426_050000.bin,Fort Matanzas,GTMNERR,0,51.779,0,34.09,0,1.87,0,98.6,0,7.88,0,11,4.55,7.95,0,-82.3,5.43,16.179,0,4.93,0,1.234,0.64,0,2.52
3/18/2026,13:15, ,gtmfmwq_24G103006_030426_050000.bin,Fort Matanzas,GTMNERR,0,51.539,0,33.92,0,1.817,0,98,0,7.81,0,12.57,5.07,7.94,0,-81.7,5.44,16.342,0,5.39,0,1.224,0.75,0,2.96
3/18/2026,13:30, ,gtmfmwq_24G103006_030426_050000.bin,Fort Matanzas,GTMNERR,0,51.484,0,33.88,0,1.763,0,97.3,0,7.76,0,12.84,5.16,7.94,0,-81.8,5.43,16.379,0,5.01,0,1.215,0.74,0,2.9
3/18/2026,13:45, ,gtmfmwq_24G103006_030426_050000.bin,Fort Matanzas,GTMNERR,0,51.391,0,33.81,0,1.71,0,97.3,0,7.75,0,13.05,5.23,7.93,0,-81.3,5.44,16.492,0,5.04,0,1.224,0.76,0,3.01
3/18/2026,14:00, ,gtmfmwq_24G103006_030426_050000.bin,Fort Matanzas,GTMNERR,0,51.321,0,33.76,0,1.66,0,97.6,0,7.74,0,13.38,5.34,7.93,0,-81.3,5.43,16.663,0,5.47,0,1.223,0.79,0,3.12
3/18/2026,14:15, ,gtmfmwq_24G103006_030426_050000.bin,Fort Matanzas,GTMNERR,0,51.382,0,33.81,0,1.615,0,98.3,0,7.8,0,13.12,5.26,7.93,0,-81.5,5.43,16.68,0,5.54,0,1.223,0.76,0,3
3/18/2026,14:30, ,gtmfmwq_24G103006_030426_050000.bin,Fort Matanzas,GTMNERR,0,51.433,0,33.84,0,1.573,0,98.8,0,7.84,0,12.93,5.19,7.94,0,-81.9,5.44,16.642,0,5.36,0,1.225,0.76,0,3
3/18/2026,14:45, ,gtmfmwq_24G103006_030426_050000.bin,Fort Matanzas,GTMNERR,0,51.523,0,33.91,0,1.537,0,100.2,0,7.94,0,12.31,4.98,7.94,0,-82,5.42,16.69,0,5.12,0,1.225,0.76,0,2.99
3/18/2026,15:00, ,gtmfmwq_24G103006_030426_050000.bin,Fort Matanzas,GTMNERR,0,51.533,0,33.92,0,1.515,0,100.7,0,7.98,0,12,4.88,7.95,0,-82.4,5.44,16.686,0,5.9,0,1.226,0.85,0,3.36
3/18/2026,15:15, ,gtmfmwq_24G103006_030426_050000.bin,Fort Matanzas,GTMNERR,0,51.716,0,34.06,0,1.512,0,102.4,0,8.09,0,10.85,4.5,7.96,0,-83,5.43,16.801,0,5.69,0,1.229,0.76,0,2.99
3/18/2026,15:30, ,gtmfmwq_24G103006_030426_050000.bin,Fort Matanzas,GTMNERR,0,51.834,0,34.14,0,1.53,0,104.3,0,8.21,0,10.44,4.36,7.97,0,-83.7,5.43,17.006,0,7.54,0,1.229,0.87,0,3.45
3/18/2026,15:45, ,gtmfmwq_24G103006_030426_050000.bin,Fort Matanzas,GTMNERR,0,52.192,0,34.41,0,1.569,0,106.3,0,8.38,0,7.92,3.52,8.01,0,-86,5.44,16.772,0,12.98,0,1.227,1.41,0,5.61
3/18/2026,16:00, ,gtmfmwq_24G103006_030426_050000.bin,Fort Matanzas,GTMNERR,0,52.417,0,34.57,0,1.609,0,107.2,0,8.5,0,5.62,2.75,8.06,0,-88.7,5.42,16.445,0,9.79,0,1.226,1.68,0,6.7
3/18/2026,16:15, ,gtmfmwq_24G103006_030426_050000.bin,Fort Matanzas,GTMNERR,0,52.471,0,34.61,0,1.661,0,107.3,0,8.52,0,5.26,2.63,8.06,0,-89,5.44,16.353,0,8.65,0,1.223,1.53,0,6.09
3/18/2026,16:30, ,gtmfmwq_24G103006_030426_050000.bin,Fort Matanzas,GTMNERR,0,52.427,0,34.57,0,1.724,0,107.2,0,8.51,0,5.17,2.6,8.07,0,-89.3,5.43,16.377,0,8.66,0,1.22,1.69,0,6.74
3/18/2026,16:45, ,gtmfmwq_24G103006_030426_050000.bin,Fort Matanzas,GTMNERR,0,52.477,0,34.61,0,1.808,0,107.5,0,8.54,0,4.86,2.5,8.06,0,-89.1,5.43,16.318,0,9.02,0,1.217,1.79,0,7.14
3/18/2026,17:00, ,gtmfmwq_24G103006_030426_050000.bin,Fort Matanzas,GTMNERR,0,52.465,0,34.6,0,1.88,0,107,0,8.52,0,4.88,2.5,8.07,0,-89.3,5.44,16.247,0,8.01,0,1.218,1.66,0,6.64
3/18/2026,17:15, ,gtmfmwq_24G103006_030426_050000.bin,Fort Matanzas,GTMNERR,0,52.463,0,34.6,0,1.961,0,106.7,0,8.5,0,4.91,2.51,8.06,0,-89.1,5.42,16.181,0,7.94,0,1.234,1.66,0,6.64
3/18/2026,17:30, ,gtmfmwq_24G103006_030426_050000.bin,Fort Matanzas,GTMNERR,0,52.49,0,34.61,0,2.036,0,106.4,0,8.49,0,4.84,2.49,8.06,0,-89,5.44,16.121,0,7.27,0,1.223,2.09,0,8.36
3/18/2026,17:45, ,gtmfmwq_24G103006_030426_050000.bin,Fort Matanzas,GTMNERR,0,52.49,0,34.61,0,2.11,0,106.4,0,8.49,0,4.81,2.48,8.06,0,-88.9,5.42,16.08,0,7.12,0,1.219,1.85,0,7.38
3/18/2026,18:00, ,gtmfmwq_24G103006_030426_050000.bin,Fort Matanzas,GTMNERR,0,52.468,0,34.6,0,2.191,0,106,0,8.45,0,5.02,2.55,8.06,0,-88.6,5.43,16.134,0,6.92,0,1.217,1.32,0,5.27
3/18/2026,18:15, ,gtmfmwq_24G103006_030426_050000.bin,Fort Matanzas,GTMNERR,0,52.449,0,34.59,0,2.278,0,105.4,0,8.4,0,5.14,2.59,8.06,0,-88.7,5.44,16.167,0,8.02,0,1.22,2.02,0,8.1
3/18/2026,18:30, ,gtmfmwq_24G103006_030426_050000.bin,Fort Matanzas,GTMNERR,0,52.428,0,34.57,0,2.366,0,104.9,0,8.35,0,5.3,2.64,8.05,0,-88.4,5.43,16.203,0,8.14,0,1.234,2.19,0,8.79
3/18/2026,18:45, ,gtmfmwq_24G103006_030426_050000.bin,Fort Matanzas,GTMNERR,0,52.412,0,34.56,0,2.445,0,103.8,0,8.27,0,5.44,2.69,8.05,0,-88.1,5.44,16.211,0,8.46,0,1.226,2.28,0,9.15
3/18/2026,19:00, ,gtmfmwq_24G103006_030426_050000.bin,Fort Matanzas,GTMNERR,0,52.413,0,34.56,0,2.516,0,101.7,0,8.1,0,5.44,2.69,8.04,0,-87.7,5.43,16.2,0,7.5,0,1.22,2.43,0,9.74
3/18/2026,19:15, ,gtmfmwq_24G103006_030426_050000.bin,Fort Matanzas,GTMNERR,0,52.414,0,34.56,0,2.581,0,93.7,0,7.47,0,5.43,2.68,8.01,0,-85.8,5.43,16.195,0,5.86,0,1.218,1.03,0,4.07
3/18/2026,19:30, ,gtmfmwq_24G103006_030426_050000.bin,Fort Matanzas,GTMNERR,0,52.414,0,34.56,0,2.64,0,83.9,0,6.68,0,5.52,2.72,7.96,0,-83.3,5.43,16.196,0,5.5,0,1.214,0.8,0,3.16
3/18/2026,19:45, ,gtmfmwq_24G103006_030426_050000.bin,Fort Matanzas,GTMNERR,0,52.407,0,34.55,0,2.69,0,89.4,0,7.13,0,5.37,2.67,8,0,-85.2,5.43,16.177,0,7.3,0,1.219,1.4,0,5.58
3/18/2026,20:00, ,gtmfmwq_24G103006_030426_050000.bin,Fort Matanzas,GTMNERR,0,52.41,0,34.56,0,2.732,0,94.4,0,7.53,0,5.21,2.61,8.02,0,-86.3,5.43,16.132,0,7.07,0,1.232,1.82,0,7.26
3/18/2026,20:15, ,gtmfmwq_24G103006_030426_050000.bin,Fort Matanzas,GTMNERR,0,52.414,0,34.56,0,2.766,0,95.9,0,7.65,0,5.47,2.7,8.02,0,-86.2,5.42,16.134,0,5.28,0,1.226,1.33,0,5.31
3/18/2026,20:30, ,gtmfmwq_24G103006_030426_050000.bin,Fort Matanzas,GTMNERR,0,52.421,0,34.56,0,2.79,0,100.3,0,8.01,0,5.42,2.68,8.03,0,-87.3,5.42,16.077,0,5.92,0,1.217,1.75,0,7.01
3/18/2026,20:45, ,gtmfmwq_24G103006_030426_050000.bin,Fort Matanzas,GTMNERR,0,52.432,0,34.57,0,2.801,0,100.9,0,8.06,0,5.46,2.7,8.04,0,-87.6,5.43,16.063,0,6.13,0,1.217,1.63,0,6.5
3/18/2026,21:00, ,gtmfmwq_24G103006_030426_050000.bin,Fort Matanzas,GTMNERR,0,52.459,0,34.59,0,2.799,0,102.7,0,8.21,0,5.09,2.57,8.05,0,-88.4,5.42,16.003,0,7.69,0,1.221,1.87,0,7.49
3/18/2026,21:15, ,gtmfmwq_24G103006_030426_050000.bin,Fort Matanzas,GTMNERR,0,52.362,0,34.52,0,2.784,0,103,0,8.22,0,6.2,2.94,8.04,0,-87.5,5.43,16.132,0,7.14,0,1.225,1.69,0,6.75
3/18/2026,21:30, ,gtmfmwq_24G103006_030426_050000.bin,Fort Matanzas,GTMNERR,0,52.081,0,34.32,0,2.762,0,101.5,0,8.07,0,8.48,3.71,8.01,0,-85.8,5.42,16.344,0,8.76,0,1.222,1.83,0,7.33
3/18/2026,21:45, ,gtmfmwq_24G103006_030426_050000.bin,Fort Matanzas,GTMNERR,0,51.875,0,34.17,0,2.726,0,101.1,0,8.03,0,10.25,4.29,7.99,0,-84.5,5.42,16.493,0,7,0,1.222,1.51,0,6.04
3/18/2026,22:00, ,gtmfmwq_24G103006_030426_050000.bin,Fort Matanzas,GTMNERR,0,51.663,0,34.01,0,2.681,0,100.4,0,7.95,0,11.76,4.8,7.97,0,-83.7,5.43,16.682,0,7.72,0,1.224,1.32,0,5.24
3/18/2026,22:15, ,gtmfmwq_24G103006_030426_050000.bin,Fort Matanzas,GTMNERR,0,51.45,0,33.86,0,2.633,0,99.9,0,7.89,0,13.16,5.27,7.95,0,-82.5,5.42,16.863,0,8.91,0,1.225,1.45,0,5.79
3/18/2026,22:30, ,gtmfmwq_24G103006_030426_050000.bin,Fort Matanzas,GTMNERR,0,51.236,0,33.7,0,2.582,0,99.5,0,7.84,0,14.73,5.79,7.94,0,-82,5.43,17.063,0,10.42,0,1.226,1.46,0,5.81
3/18/2026,22:45, ,gtmfmwq_24G103006_030426_050000.bin,Fort Matanzas,GTMNERR,0,51.096,0,33.6,0,2.533,0,98.6,0,7.75,0,15.67,6.11,7.92,0,-81,5.42,17.189,0,10.16,0,1.227,1.43,0,5.69
3/18/2026,23:00, ,gtmfmwq_24G103006_030426_050000.bin,Fort Matanzas,GTMNERR,0,50.991,0,33.53,0,2.477,0,98,0,7.69,0,16.48,6.38,7.91,0,-80.3,5.42,17.292,0,8.9,0,1.229,1.29,0,5.15
3/18/2026,23:15, ,gtmfmwq_24G103006_030426_050000.bin,Fort Matanzas,GTMNERR,0,50.969,0,33.51,0,2.417,0,97.2,0,7.63,0,16.7,6.45,7.9,0,-79.9,5.43,17.299,0,8.73,0,1.233,1.41,0,5.6
3/18/2026,23:30, ,gtmfmwq_24G103006_030426_050000.bin,Fort Matanzas,GTMNERR,0,50.977,0,33.52,0,2.359,0,97.4,0,7.65,0,16.74,6.47,7.9,0,-79.4,5.42,17.246,0,8.37,0,1.232,1.26,0,5.01
3/18/2026,23:45, ,gtmfmwq_24G103006_030426_050000.bin,Fort Matanzas,GTMNERR,0,50.974,0,33.51,0,2.306,0,96.6,0,7.59,0,16.75,6.47,7.9,0,-79.8,5.44,17.238,0,8.1,0,1.233,1.1,0,4.35
3/19/2026,0:00, ,gtmfmwq_24G103006_030426_050000.bin,Fort Matanzas,GTMNERR,0,50.999,0,33.53,0,2.253,0,93.1,0,7.33,0,17.02,6.56,7.89,0,-79.2,5.43,17.164,0,5.52,0,1.224,1,0,3.97
3/19/2026,0:15, ,gtmfmwq_24G103006_030426_050000.bin,Fort Matanzas,GTMNERR,0,51.021,0,33.55,0,2.2,0,95.3,0,7.51,0,16.81,6.49,7.9,0,-79.8,5.43,17.102,0,5.98,0,1.221,1.07,0,4.24
3/19/2026,0:30, ,gtmfmwq_24G103006_030426_050000.bin,Fort Matanzas,GTMNERR,0,51.435,0,33.84,0,2.147,0,93.4,0,7.42,0,13.5,5.38,7.93,0,-81.6,5.44,16.569,0,5.86,0,1.219,1.21,0,4.79
3/19/2026,0:45, ,gtmfmwq_24G103006_030426_050000.bin,Fort Matanzas,GTMNERR,0,51.414,0,33.83,0,2.095,0,94.2,0,7.49,0,13.9,5.52,7.92,0,-80.9,5.42,16.519,0,5.53,0,1.217,1.04,0,4.12
3/19/2026,1:00, ,gtmfmwq_24G103006_030426_050000.bin,Fort Matanzas,GTMNERR,0,51.551,0,33.93,0,2.04,0,92.7,0,7.4,0,12.98,5.21,7.94,0,-81.9,5.43,16.282,0,6.29,0,1.221,1.06,0,4.2
3/19/2026,1:15, ,gtmfmwq_24G103006_030426_050000.bin,Fort Matanzas,GTMNERR,0,51.773,0,34.08,0,1.988,0,93.5,0,7.5,0,12.5,5.05,7.94,0,-82,5.42,16.002,0,5.29,0,1.232,0.95,0,3.76
3/19/2026,1:30, ,gtmfmwq_24G103006_030426_050000.bin,Fort Matanzas,GTMNERR,0,51.665,0,34.01,0,1.937,0,93.5,0,7.49,0,13.87,5.5,7.93,0,-81.4,5.42,16.105,0,4.99,0,1.227,1,0,3.95
3/19/2026,1:45, ,gtmfmwq_24G103006_030426_050000.bin,Fort Matanzas,GTMNERR,0,51.644,0,33.99,0,1.887,0,94,0,7.52,0,13.53,5.39,7.94,0,-81.7,5.43,16.134,0,4.72,0,1.222,0.95,0,3.75
3/19/2026,2:00, ,gtmfmwq_24G103006_030426_050000.bin,Fort Matanzas,GTMNERR,0,51.451,0,33.85,0,1.84,0,95.1,0,7.58,0,14.42,5.69,7.93,0,-81.3,5.42,16.359,0,4.66,0,1.221,1.03,0,4.06
3/19/2026,2:15, ,gtmfmwq_24G103006_030426_050000.bin,Fort Matanzas,GTMNERR,0,51.398,0,33.82,0,1.793,0,95.7,0,7.63,0,15.06,5.9,7.93,0,-81.2,5.43,16.438,0,6.04,0,1.219,1.07,0,4.26
3/19/2026,2:30, ,gtmfmwq_24G103006_030426_050000.bin,Fort Matanzas,GTMNERR,0,51.374,0,33.8,0,1.747,0,95.4,0,7.6,0,14.75,5.8,7.93,0,-81.2,5.42,16.463,0,4.86,0,1.217,1.03,0,4.06
3/19/2026,2:45, ,gtmfmwq_24G103006_030426_050000.bin,Fort Matanzas,GTMNERR,0,51.382,0,33.8,0,1.703,0,95.9,0,7.65,0,14.92,5.86,7.93,0,-81.4,5.42,16.394,0,5.06,0,1.215,1.14,0,4.52
3/19/2026,3:00, ,gtmfmwq_24G103006_030426_050000.bin,Fort Matanzas,GTMNERR,0,51.389,0,33.81,0,1.663,0,95.8,0,7.65,0,14.81,5.82,7.92,0,-80.5,5.43,16.332,0,4.76,0,1.216,1.04,0,4.12
3/19/2026,3:15, ,gtmfmwq_24G103006_030426_050000.bin,Fort Matanzas,GTMNERR,0,51.469,0,33.86,0,1.628,0,95.5,0,7.64,0,14.76,5.8,7.94,0,-81.8,5.42,16.177,0,4.86,0,1.233,1.04,0,4.11
3/19/2026,3:30, ,gtmfmwq_24G103006_030426_050000.bin,Fort Matanzas,GTMNERR,0,51.593,0,33.95,0,1.611,0,94.6,0,7.6,0,15.44,6.03,7.92,0,-80.8,5.43,15.966,0,4.9,0,1.233,0.99,0,3.93
3/19/2026,3:45, ,gtmfmwq_24G103006_030426_050000.bin,Fort Matanzas,GTMNERR,0,51.687,0,34.02,0,1.607,0,94.1,0,7.58,0,13.44,5.36,7.94,0,-81.6,5.42,15.81,0,5.81,0,1.229,0.94,0,3.73
3/19/2026,4:00, ,gtmfmwq_24G103006_030426_050000.bin,Fort Matanzas,GTMNERR,0,51.768,0,34.07,0,1.624,0,93.9,0,7.58,0,12.56,5.07,7.94,0,-81.9,5.42,15.711,0,7.86,0,1.229,0.99,0,3.94
3/19/2026,4:15, ,gtmfmwq_24G103006_030426_050000.bin,Fort Matanzas,GTMNERR,0,51.903,0,34.17,0,1.658,0,94.3,0,7.63,0,11.48,4.71,7.96,0,-83,5.42,15.525,0,10.57,0,1.22,1.25,0,4.95
3/19/2026,4:30, ,gtmfmwq_24G103006_030426_050000.bin,Fort Matanzas,GTMNERR,0,52.312,0,34.46,0,1.695,0,97,0,7.88,0,7.89,3.51,8.01,0,-85.8,5.41,15.24,0,9.95,0,1.215,1.73,0,6.9
3/19/2026,4:45, ,gtmfmwq_24G103006_030426_050000.bin,Fort Matanzas,GTMNERR,0,52.403,0,34.53,0,1.75,0,99.1,0,8.03,0,6.02,2.88,8.04,0,-87.4,5.42,15.358,0,10.39,0,1.226,1.91,0,7.62
3/19/2026,5:00, ,gtmfmwq_24G103006_030426_050000.bin,Fort Matanzas,GTMNERR,0,52.44,0,34.56,0,1.813,0,100.1,0,8.1,0,5.04,2.55,8.06,0,-88.5,5.41,15.449,0,8.91,0,1.224,1.93,0,7.7
3/19/2026,5:15, ,gtmfmwq_24G103006_030426_050000.bin,Fort Matanzas,GTMNERR,0,52.44,0,34.56,0,1.889,0,99.8,0,8.07,0,5.04,2.56,8.05,0,-88.3,5.41,15.418,0,9.7,0,1.222,1.96,0,7.83
3/19/2026,5:30, ,gtmfmwq_24G103006_030426_050000.bin,Fort Matanzas,GTMNERR,0,52.424,0,34.55,0,1.959,0,99.6,0,8.06,0,5.4,2.67,8.04,0,-87.8,5.42,15.408,0,10.07,0,1.227,1.9,0,7.6
3/19/2026,5:45, ,gtmfmwq_24G103006_030426_050000.bin,Fort Matanzas,GTMNERR,0,52.405,0,34.54,0,2.039,0,98.8,0,8,0,5.93,2.85,8.04,0,-87.4,5.41,15.396,0,8.95,0,1.219,1.96,0,7.83
3/19/2026,6:00, ,gtmfmwq_24G103006_030426_050000.bin,Fort Matanzas,GTMNERR,0,52.399,0,34.53,0,2.114,0,99.1,0,8.03,0,5.85,2.83,8.04,0,-87.7,5.42,15.388,0,8.69,0,1.217,2.07,0,8.28
3/19/2026,6:15, ,gtmfmwq_24G103006_030426_050000.bin,Fort Matanzas,GTMNERR,0,52.375,0,34.51,0,2.201,0,98.8,0,8.01,0,6.29,2.97,8.03,0,-87.1,5.41,15.317,0,8.73,0,1.226,1.89,0,7.57
3/19/2026,6:30, ,gtmfmwq_24G103006_030426_050000.bin,Fort Matanzas,GTMNERR,0,52.344,0,34.49,0,2.285,0,99.4,0,8.07,0,6.27,2.97,8.03,0,-87,5.41,15.252,0,9.07,0,1.226,2.2,0,8.81
3/19/2026,6:45, ,gtmfmwq_24G103006_030426_050000.bin,Fort Matanzas,GTMNERR,0,52.295,0,34.45,0,2.37,0,99.8,0,8.12,0,6.18,2.94,8.04,0,-87.4,5.42,15.21,0,9.67,0,1.23,2.15,0,8.6
3/19/2026,7:00, ,gtmfmwq_24G103006_030426_050000.bin,Fort Matanzas,GTMNERR,0,52.286,0,34.44,0,2.453,0,100.4,0,8.16,0,6.26,2.96,8.04,0,-87.3,5.41,15.181,0,7.97,0,1.232,2.26,0,9.04
3/19/2026,7:15, ,gtmfmwq_24G103006_030426_050000.bin,Fort Matanzas,GTMNERR,0,52.272,0,34.43,0,2.529,0,101.2,0,8.24,0,5.89,2.84,8.04,0,-87.3,5.42,15.171,0,8.92,0,1.225,2.4,0,9.62
3/19/2026,7:30, ,gtmfmwq_24G103006_030426_050000.bin,Fort Matanzas,GTMNERR,0,52.265,0,34.43,0,2.603,0,100.7,0,8.19,0,6,2.88,8.03,0,-87.1,5.41,15.179,0,9.04,0,1.222,1.9,0,7.58
3/19/2026,7:45, ,gtmfmwq_24G103006_030426_050000.bin,Fort Matanzas,GTMNERR,0,52.265,0,34.43,0,2.663,0,99.8,0,8.12,0,5.74,2.79,8.03,0,-86.7,5.41,15.183,0,7.57,0,1.217,1.82,0,7.27
3/19/2026,8:00, ,gtmfmwq_24G103006_030426_050000.bin,Fort Matanzas,GTMNERR,0,52.265,0,34.43,0,2.721,0,93.7,0,7.63,0,5.62,2.75,8.01,0,-85.5,5.42,15.19,0,8.4,0,1.22,1.43,0,5.71
3/19/2026,8:15, ,gtmfmwq_24G103006_030426_050000.bin,Fort Matanzas,GTMNERR,0,52.267,0,34.43,0,2.771,0,88.7,0,7.22,0,5.78,2.8,7.99,0,-84.5,5.4,15.201,0,6.32,0,1.23,1.05,0,4.18
3/19/2026,8:30, ,gtmfmwq_24G103006_030426_050000.bin,Fort Matanzas,GTMNERR,0,52.269,0,34.43,0,2.814,0,88.1,0,7.16,0,6.06,2.9,7.98,0,-84.1,5.42,15.21,0,4.9,0,1.229,1.17,0,4.67
3/19/2026,8:45, ,gtmfmwq_24G103006_030426_050000.bin,Fort Matanzas,GTMNERR,0,52.262,0,34.43,0,2.844,0,94.9,0,7.72,0,5.93,2.85,8.01,0,-85.7,5.41,15.217,0,7.26,0,1.226,1.59,0,6.35
3/19/2026,9:00, ,gtmfmwq_24G103006_030426_050000.bin,Fort Matanzas,GTMNERR,0,52.296,0,34.45,0,2.865,0,98.9,0,8.04,0,6.15,2.93,8.03,0,-86.7,5.41,15.199,0,7.12,0,1.229,1.5,0,5.99
3/19/2026,9:15, ,gtmfmwq_24G103006_030426_050000.bin,Fort Matanzas,GTMNERR,0,52.324,0,34.47,0,2.882,0,97.8,0,7.95,0,6.15,2.92,8.02,0,-86.4,5.41,15.225,0,7.37,0,1.234,1.52,0,6.05
3/19/2026,9:30, ,gtmfmwq_24G103006_030426_050000.bin,Fort Matanzas,GTMNERR,0,52.363,0,34.5,0,2.882,0,98.1,0,7.97,0,6.14,2.92,8.03,0,-86.8,5.4,15.278,0,8.21,0,1.224,1.87,0,7.47
3/19/2026,9:45, ,gtmfmwq_24G103006_030426_050000.bin,Fort Matanzas,GTMNERR,0,52.405,0,34.54,0,2.868,0,98.5,0,7.98,0,6.31,2.98,8.04,0,-87.5,5.42,15.37,0,9.13,0,1.216,1.68,0,6.7
3/19/2026,10:00, ,gtmfmwq_24G103006_030426_050000.bin,Fort Matanzas,GTMNERR,0,52.199,0,34.39,0,2.835,0,97.2,0,7.87,0,8.09,3.57,8.01,0,-85.8,5.41,15.446,0,6.62,0,1.219,1.3,0,5.18
3/19/2026,10:15, ,gtmfmwq_24G103006_030426_050000.bin,Fort Matanzas,GTMNERR,0,51.918,0,34.18,0,2.793,0,96.1,0,7.76,0,10.77,4.47,7.98,0,-83.9,5.41,15.626,0,6.54,0,1.222,1.08,0,4.28
3/19/2026,10:30, ,gtmfmwq_24G103006_030426_050000.bin,Fort Matanzas,GTMNERR,0,51.663,0,34,0,2.747,0,95.4,0,7.69,0,12.81,5.15,7.95,0,-82.6,5.42,15.789,0,7.4,0,1.224,1.07,0,4.23
3/19/2026,10:45, ,gtmfmwq_24G103006_030426_050000.bin,Fort Matanzas,GTMNERR,0,51.398,0,33.81,0,2.697,0,94.3,0,7.58,0,14.62,5.76,7.92,0,-80.7,5.4,15.973,0,8.35,0,1.228,1.05,0,4.18
3/19/2026,11:00, ,gtmfmwq_24G103006_030426_050000.bin,Fort Matanzas,GTMNERR,0,51.177,0,33.65,0,2.653,0,94,0,7.54,0,16.13,6.26,7.9,0,-79.6,5.41,16.143,0,9.03,0,1.229,1.08,0,4.28
3/19/2026,11:15, ,gtmfmwq_24G103006_030426_050000.bin,Fort Matanzas,GTMNERR,0,51.031,0,33.54,0,2.607,0,94.2,0,7.54,0,17.18,6.61,7.89,0,-79,5.4,16.289,0,8.5,0,1.229,0.99,0,3.91
3/19/2026,11:30, ,gtmfmwq_24G103006_030426_050000.bin,Fort Matanzas,GTMNERR,0,50.94,0,33.48,0,2.552,0,94.4,0,7.54,0,18.03,6.9,7.88,0,-78.6,5.41,16.41,0,7.32,0,1.226,1.02,0,4.04
3/19/2026,11:45, ,gtmfmwq_24G103006_030426_050000.bin,Fort Matanzas,GTMNERR,0,50.878,0,33.43,0,2.492,0,93.9,0,7.49,0,18.59,7.08,7.86,0,-77.4,5.42,16.488,0,6.96,0,1.225,0.97,0,3.83
3/19/2026,12:00, ,gtmfmwq_24G103006_030426_050000.bin,Fort Matanzas,GTMNERR,0,50.874,0,33.43,0,2.436,0,94.1,0,7.5,0,18.65,7.1,7.87,0,-77.6,5.41,16.535,0,7.34,0,1.223,0.93,0,3.68
3/19/2026,12:15, ,gtmfmwq_24G103006_030426_050000.bin,Fort Matanzas,GTMNERR,0,50.9,0,33.45,0,2.377,0,94.7,0,7.54,0,18.26,6.97,7.87,0,-78,5.42,16.576,0,6.91,0,1.221,0.96,0,3.8
3/19/2026,12:30, ,gtmfmwq_24G103006_030426_050000.bin,Fort Matanzas,GTMNERR,0,50.943,0,33.48,0,2.324,0,95,0,7.56,0,18.1,6.92,7.87,0,-77.9,5.41,16.585,0,6.28,0,1.219,0.86,0,3.4
3/19/2026,12:45, ,gtmfmwq_24G103006_030426_050000.bin,Fort Matanzas,GTMNERR,0,50.945,0,33.48,0,2.277,0,95,0,7.56,0,18.11,6.92,7.87,0,-77.7,5.41,16.598,0,5.92,0,1.221,0.86,0,3.41
3/19/2026,13:00, ,gtmfmwq_24G103006_030426_050000.bin,Fort Matanzas,GTMNERR,0,50.953,0,33.49,0,2.224,0,95.2,0,7.57,0,17.91,6.86,7.88,0,-78.4,5.42,16.631,0,6.14,0,1.222,0.84,0,3.32
3/19/2026,13:15, ,gtmfmwq_24G103006_030426_050000.bin,Fort Matanzas,GTMNERR,0,51.057,0,33.57,0,2.169,0,96.3,0,7.66,0,16.85,6.5,7.89,0,-78.8,5.41,16.624,0,4.91,0,1.226,0.87,0,3.45
3/19/2026,13:30, ,gtmfmwq_24G103006_030426_050000.bin,Fort Matanzas,GTMNERR,0,51.298,0,33.75,0,2.114,0,94.1,0,7.46,0,15.07,5.91,7.88,0,-78.5,5.42,16.721,0,3.93,0,1.225,0.52,0,2.03
3/19/2026,13:45, ,gtmfmwq_24G103006_030426_050000.bin,Fort Matanzas,GTMNERR,0,51.312,0,33.76,0,2.061,0,96.8,0,7.66,0,15.28,5.98,7.9,0,-79.4,5.41,16.762,0,4.83,0,1.226,0.76,0,2.97
3/19/2026,14:00, ,gtmfmwq_24G103006_030426_050000.bin,Fort Matanzas,GTMNERR,0,51.79,0,34.1,0,2.009,0,103.3,0,8.21,0,13.43,5.36,7.94,0,-81.8,5.41,16.458,0,6.07,0,1.225,0.74,0,2.9
3/19/2026,14:15, ,gtmfmwq_24G103006_030426_050000.bin,Fort Matanzas,GTMNERR,0,51.849,0,34.15,0,1.958,0,100.1,0,7.94,0,12.85,5.16,7.91,0,-80.2,5.42,16.547,0,4.54,0,1.228,0.62,0,2.44
3/19/2026,14:30, ,gtmfmwq_24G103006_030426_050000.bin,Fort Matanzas,GTMNERR,0,51.639,0,33.99,0,1.908,0,101.9,0,8.11,0,13.83,5.49,7.93,0,-81.6,5.41,16.439,0,5.26,0,1.231,0.74,0,2.9
3/19/2026,14:45, ,gtmfmwq_24G103006_030426_050000.bin,Fort Matanzas,GTMNERR,0,51.488,0,33.88,0,1.862,0,101.5,0,8.07,0,14.72,5.79,7.92,0,-80.6,5.42,16.515,0,5.29,0,1.234,0.84,0,3.3
3/19/2026,15:00, ,gtmfmwq_24G103006_030426_050000.bin,Fort Matanzas,GTMNERR,0,51.366,0,33.79,0,1.818,0,100.8,0,8.02,0,15.46,6.04,7.92,0,-80.8,5.42,16.531,0,5.33,0,1.226,0.89,0,3.51
3/19/2026,15:15, ,gtmfmwq_24G103006_030426_050000.bin,Fort Matanzas,GTMNERR,0,51.337,0,33.77,0,1.773,0,100.8,0,8.01,0,15.36,6,7.92,0,-80.8,5.41,16.594,0,5.52,0,1.218,0.95,0,3.77
3/19/2026,15:30, ,gtmfmwq_24G103006_030426_050000.bin,Fort Matanzas,GTMNERR,0,51.456,0,33.86,0,1.733,0,102,0,8.1,0,15.05,5.9,7.92,0,-81,5.42,16.624,0,5.61,0,1.219,0.93,0,3.66
3/19/2026,15:45, ,gtmfmwq_24G103006_030426_050000.bin,Fort Matanzas,GTMNERR,0,51.546,0,33.93,0,1.698,0,102.7,0,8.14,0,14.65,5.77,7.93,0,-81.1,5.41,16.633,0,5.84,0,1.229,0.89,0,3.52
3/19/2026,16:00, ,gtmfmwq_24G103006_030426_050000.bin,Fort Matanzas,GTMNERR,0,51.616,0,33.98,0,1.684,0,104,0,8.22,0,14.32,5.66,7.94,0,-81.8,5.42,16.762,0,5.6,0,1.223,0.91,0,3.59
3/19/2026,16:15, ,gtmfmwq_24G103006_030426_050000.bin,Fort Matanzas,GTMNERR,0,51.566,0,33.94,0,1.681,0,103.1,0,8.17,0,13.75,5.47,7.94,0,-81.9,5.41,16.66,0,8.22,0,1.223,1,0,3.98
3/19/2026,16:30, ,gtmfmwq_24G103006_030426_050000.bin,Fort Matanzas,GTMNERR,0,51.813,0,34.13,0,1.702,0,106.2,0,8.37,0,12,4.88,7.97,0,-83.5,5.42,16.918,0,9.22,0,1.225,1.01,0,4.01
3/19/2026,16:45, ,gtmfmwq_24G103006_030426_050000.bin,Fort Matanzas,GTMNERR,0,52.123,0,34.35,0,1.738,0,108.2,0,8.53,0,10.33,4.32,7.99,0,-84.9,5.42,16.784,0,12.14,0,1.222,1.36,0,5.41
3/19/2026,17:00, ,gtmfmwq_24G103006_030426_050000.bin,Fort Matanzas,GTMNERR,0,52.362,0,34.52,0,1.777,0,109.4,0,8.7,0,6.59,3.07,8.04,0,-87.9,5.41,16.293,0,10.56,0,1.221,1.71,0,6.84
3/19/2026,17:15, ,gtmfmwq_24G103006_030426_050000.bin,Fort Matanzas,GTMNERR,0,52.381,0,34.54,0,1.826,0,109.1,0,8.7,0,5.76,2.8,8.06,0,-88.8,5.42,16.178,0,10.77,0,1.222,1.79,0,7.16
3/19/2026,17:30, ,gtmfmwq_24G103006_030426_050000.bin,Fort Matanzas,GTMNERR,0,52.382,0,34.53,0,1.889,0,108.8,0,8.69,0,5.52,2.71,8.05,0,-88.5,5.41,16.099,0,11.64,0,1.23,1.89,0,7.56
3/19/2026,17:45, ,gtmfmwq_24G103006_030426_050000.bin,Fort Matanzas,GTMNERR,0,52.38,0,34.53,0,1.962,0,109,0,8.7,0,5.74,2.79,8.05,0,-88.4,5.41,16.087,0,10.09,0,1.231,1.87,0,7.47
3/19/2026,18:00, ,gtmfmwq_24G103006_030426_050000.bin,Fort Matanzas,GTMNERR,0,52.36,0,34.52,0,2.042,0,108.4,0,8.67,0,6.32,2.98,8.04,0,-87.8,5.42,16.021,0,9.13,0,1.223,1.8,0,7.2
3/19/2026,18:15, ,gtmfmwq_24G103006_030426_050000.bin,Fort Matanzas,GTMNERR,0,52.362,0,34.52,0,2.125,0,108.3,0,8.66,0,5.96,2.86,8.05,0,-88.4,5.41,16.007,0,9.34,0,1.22,1.85,0,7.38
3/19/2026,18:30, ,gtmfmwq_24G103006_030426_050000.bin,Fort Matanzas,GTMNERR,0,52.35,0,34.51,0,2.213,0,107.7,0,8.61,0,6.18,2.94,8.05,0,-88.2,5.42,16.062,0,8.84,0,1.214,1.97,0,7.86
3/19/2026,18:45, ,gtmfmwq_24G103006_030426_050000.bin,Fort Matanzas,GTMNERR,0,52.385,0,34.54,0,2.303,0,106.5,0,8.5,0,5.88,2.83,8.05,0,-88.1,5.41,16.139,0,8.58,0,1.224,1.9,0,7.59
3/19/2026,19:00, ,gtmfmwq_24G103006_030426_050000.bin,Fort Matanzas,GTMNERR,0,52.415,0,34.56,0,2.389,0,105,0,8.36,0,5.47,2.7,8.05,0,-88.5,5.41,16.227,0,8.16,0,1.225,2.06,0,8.22
3/19/2026,19:15, ,gtmfmwq_24G103006_030426_050000.bin,Fort Matanzas,GTMNERR,0,52.444,0,34.58,0,2.472,0,104.4,0,8.31,0,5.13,2.59,8.05,0,-88.5,5.42,16.271,0,8.24,0,1.221,1.88,0,7.51
3/19/2026,19:30, ,gtmfmwq_24G103006_030426_050000.bin,Fort Matanzas,GTMNERR,0,52.47,0,34.6,0,2.551,0,103.4,0,8.23,0,4.87,2.5,8.05,0,-88.2,5.41,16.276,0,7.11,0,1.219,1.69,0,6.76
3/19/2026,19:45, ,gtmfmwq_24G103006_030426_050000.bin,Fort Matanzas,GTMNERR,0,52.48,0,34.61,0,2.623,0,103.2,0,8.21,0,4.63,2.42,8.06,0,-88.6,5.42,16.257,0,7.33,0,1.22,1.95,0,7.78
3/19/2026,20:00, ,gtmfmwq_24G103006_030426_050000.bin,Fort Matanzas,GTMNERR,0,52.487,0,34.61,0,2.684,0,102.8,0,8.18,0,4.41,2.34,8.05,0,-88.4,5.41,16.241,0,6.78,0,1.232,1.95,0,7.81
3/19/2026,20:15, ,gtmfmwq_24G103006_030426_050000.bin,Fort Matanzas,GTMNERR,0,52.488,0,34.62,0,2.737,0,100.1,0,7.97,0,4.27,2.3,8.03,0,-87.4,5.41,16.238,0,5.77,0,1.234,1.22,0,4.84
3/19/2026,20:30, ,gtmfmwq_24G103006_030426_050000.bin,Fort Matanzas,GTMNERR,0,52.485,0,34.61,0,2.782,0,83.4,0,6.64,0,4.8,2.47,7.97,0,-83.4,5.42,16.238,0,5.39,0,1.222,0.72,0,2.83
3/19/2026,20:45, ,gtmfmwq_24G103006_030426_050000.bin,Fort Matanzas,GTMNERR,0,52.487,0,34.61,0,2.822,0,92.3,0,7.35,0,4.44,2.36,8,0,-85.5,5.41,16.217,0,5.57,0,1.224,1.01,0,3.99
3/19/2026,21:00, ,gtmfmwq_24G103006_030426_050000.bin,Fort Matanzas,GTMNERR,0,52.478,0,34.61,0,2.856,0,97.4,0,7.76,0,4.56,2.39,8.03,0,-87,5.42,16.203,0,5.45,0,1.218,1.13,0,4.47
3/19/2026,21:15, ,gtmfmwq_24G103006_030426_050000.bin,Fort Matanzas,GTMNERR,0,52.475,0,34.6,0,2.881,0,99.9,0,7.96,0,4.77,2.46,8.04,0,-87.9,5.41,16.198,0,6.13,0,1.221,1.57,0,6.25
3/19/2026,21:30, ,gtmfmwq_24G103006_030426_050000.bin,Fort Matanzas,GTMNERR,0,52.416,0,34.56,0,2.894,0,101.7,0,8.12,0,5.42,2.68,8.04,0,-87.8,5.41,16.127,0,7.4,0,1.232,1.66,0,6.63
3/19/2026,21:45, ,gtmfmwq_24G103006_030426_050000.bin,Fort Matanzas,GTMNERR,0,52.388,0,34.54,0,2.897,0,102.5,0,8.19,0,5.89,2.84,8.03,0,-87.3,5.42,16.079,0,7.23,0,1.226,1.67,0,6.68
3/19/2026,22:00, ,gtmfmwq_24G103006_030426_050000.bin,Fort Matanzas,GTMNERR,0,52.354,0,34.51,0,2.882,0,104.4,0,8.36,0,6.22,2.95,8.03,0,-87.3,5.4,15.969,0,7.16,0,1.221,1.76,0,7.02
3/19/2026,22:15, ,gtmfmwq_24G103006_030426_050000.bin,Fort Matanzas,GTMNERR,0,52.224,0,34.42,0,2.849,0,105,0,8.38,0,8.04,3.56,8.02,0,-86.5,5.42,16.125,0,6.52,0,1.218,1.63,0,6.51
3/19/2026,22:30, ,gtmfmwq_24G103006_030426_050000.bin,Fort Matanzas,GTMNERR,0,51.987,0,34.25,0,2.803,0,103.6,0,8.25,0,10.77,4.47,7.99,0,-84.6,5.4,16.313,0,7.39,0,1.226,1.58,0,6.3
3/19/2026,22:45, ,gtmfmwq_24G103006_030426_050000.bin,Fort Matanzas,GTMNERR,0,51.799,0,34.11,0,2.759,0,103.2,0,8.2,0,12.27,4.97,7.97,0,-83.4,5.4,16.451,0,7.23,0,1.231,1.42,0,5.68
3/19/2026,23:00, ,gtmfmwq_24G103006_030426_050000.bin,Fort Matanzas,GTMNERR,0,51.567,0,33.94,0,2.705,0,102.6,0,8.14,0,14.14,5.6,7.95,0,-82.8,5.41,16.598,0,7.74,0,1.224,1.44,0,5.75
3/19/2026,23:15, ,gtmfmwq_24G103006_030426_050000.bin,Fort Matanzas,GTMNERR,0,51.381,0,33.81,0,2.657,0,101.9,0,8.07,0,15.45,6.03,7.94,0,-82,5.4,16.723,0,8.66,0,1.22,1.51,0,6.04
3/19/2026,23:30, ,gtmfmwq_24G103006_030426_050000.bin,Fort Matanzas,GTMNERR,0,51.199,0,33.67,0,2.6,0,100.9,0,7.99,0,16.88,6.51,7.92,0,-80.8,5.42,16.833,0,8.84,0,1.217,1.47,0,5.86
3/19/2026,23:45, ,gtmfmwq_24G103006_030426_050000.bin,Fort Matanzas,GTMNERR,0,51.069,0,33.58,0,2.539,0,100.3,0,7.93,0,18.01,6.89,7.91,0,-80.1,5.41,16.912,0,8,0,1.214,1.46,0,5.83
3/20/2026,0:00, ,gtmfmwq_24G103006_030426_050000.bin,Fort Matanzas,GTMNERR,0,51.032,0,33.55,0,2.478,0,98.9,0,7.81,0,18.12,6.93,7.91,0,-80,5.41,16.938,0,7.25,0,1.218,1.45,0,5.77
3/20/2026,0:15, ,gtmfmwq_24G103006_030426_050000.bin,Fort Matanzas,GTMNERR,0,51.034,0,33.55,0,2.416,0,99,0,7.83,0,18.45,7.04,7.9,0,-79.8,5.41,16.921,0,6.99,0,1.227,1.31,0,5.2
3/20/2026,0:30, ,gtmfmwq_24G103006_030426_050000.bin,Fort Matanzas,GTMNERR,0,51.025,0,33.55,0,2.363,0,98,0,7.75,0,18.45,7.04,7.89,0,-79.2,5.41,16.914,0,6.89,0,1.223,1.2,0,4.76
3/20/2026,0:45, ,gtmfmwq_24G103006_030426_050000.bin,Fort Matanzas,GTMNERR,0,51.32,0,33.76,0,2.305,0,96.2,0,7.63,0,15.89,6.18,7.91,0,-80,5.42,16.639,0,5.19,0,1.218,1.01,0,4
3/20/2026,1:00, ,gtmfmwq_24G103006_030426_050000.bin,Fort Matanzas,GTMNERR,0,51.39,0,33.81,0,2.249,0,95.4,0,7.59,0,16.01,6.22,7.91,0,-80.1,5.41,16.547,0,3.88,0,1.22,1.42,0,5.68
3/20/2026,1:15, ,gtmfmwq_24G103006_030426_050000.bin,Fort Matanzas,GTMNERR,0,51.512,0,33.9,0,2.191,0,95.7,0,7.62,0,14.78,5.81,7.93,0,-81.3,5.41,16.434,0,5.16,0,1.229,1.12,0,4.43
3/20/2026,1:30, ,gtmfmwq_24G103006_030426_050000.bin,Fort Matanzas,GTMNERR,0,51.668,0,34.01,0,2.132,0,95.4,0,7.62,0,13.24,5.3,7.92,0,-80.4,5.42,16.287,0,4.78,0,1.223,1.09,0,4.34
3/20/2026,1:45, ,gtmfmwq_24G103006_030426_050000.bin,Fort Matanzas,GTMNERR,0,51.635,0,33.99,0,2.077,0,97.3,0,7.76,0,14.15,5.6,7.93,0,-81.4,5.4,16.297,0,4.71,0,1.228,1.14,0,4.53
3/20/2026,2:00, ,gtmfmwq_24G103006_030426_050000.bin,Fort Matanzas,GTMNERR,0,51.606,0,33.97,0,2.023,0,96.6,0,7.71,0,15.02,5.89,7.93,0,-81.1,5.41,16.302,0,4.38,0,1.228,1.15,0,4.56
3/20/2026,2:15, ,gtmfmwq_24G103006_030426_050000.bin,Fort Matanzas,GTMNERR,0,51.383,0,33.81,0,1.97,0,98.2,0,7.81,0,16.16,6.27,7.92,0,-80.9,5.4,16.496,0,4.8,0,1.215,1.2,0,4.75
3/20/2026,2:30, ,gtmfmwq_24G103006_030426_050000.bin,Fort Matanzas,GTMNERR,0,51.549,0,33.93,0,1.919,0,98.1,0,7.81,0,15.06,5.9,7.94,0,-81.7,5.41,16.394,0,4.49,0,1.222,1.07,0,4.26
3/20/2026,2:45, ,gtmfmwq_24G103006_030426_050000.bin,Fort Matanzas,GTMNERR,0,51.403,0,33.82,0,1.868,0,98.3,0,7.83,0,16.02,6.22,7.92,0,-80.6,5.42,16.462,0,4.75,0,1.229,1.17,0,4.64
3/20/2026,3:00, ,gtmfmwq_24G103006_030426_050000.bin,Fort Matanzas,GTMNERR,0,51.638,0,33.99,0,1.817,0,97.4,0,7.77,0,14.46,5.7,7.93,0,-81.4,5.4,16.311,0,4.91,0,1.229,1.04,0,4.12
3/20/2026,3:15, ,gtmfmwq_24G103006_030426_050000.bin,Fort Matanzas,GTMNERR,0,51.747,0,34.07,0,1.768,0,94.6,0,7.56,0,14.46,5.7,7.93,0,-81,5.42,16.168,0,4.72,0,1.232,0.99,0,3.93
3/20/2026,3:30, ,gtmfmwq_24G103006_030426_050000.bin,Fort Matanzas,GTMNERR,0,51.813,0,34.11,0,1.721,0,93.5,0,7.49,0,13.88,5.51,7.92,0,-80.9,5.4,16.077,0,4.81,0,1.233,0.94,0,3.7
3/20/2026,3:45, ,gtmfmwq_24G103006_030426_050000.bin,Fort Matanzas,GTMNERR,0,51.872,0,34.16,0,1.681,0,91.6,0,7.35,0,14.25,5.63,7.91,0,-80,5.41,15.92,0,4.39,0,1.227,0.94,0,3.71
3/20/2026,4:00, ,gtmfmwq_24G103006_030426_050000.bin,Fort Matanzas,GTMNERR,0,51.941,0,34.2,0,1.645,0,90.4,0,7.27,0,14.38,5.68,7.91,0,-79.9,5.41,15.83,0,4.52,0,1.221,0.86,0,3.41
3/20/2026,4:15, ,gtmfmwq_24G103006_030426_050000.bin,Fort Matanzas,GTMNERR,0,51.974,0,34.23,0,1.618,0,91.9,0,7.39,0,13.24,5.3,7.93,0,-81,5.4,15.814,0,4.72,0,1.224,0.85,0,3.35
3/20/2026,4:30, ,gtmfmwq_24G103006_030426_050000.bin,Fort Matanzas,GTMNERR,0,51.873,0,34.16,0,1.606,0,94.5,0,7.59,0,12.84,5.16,7.94,0,-81.6,5.41,15.899,0,6.28,0,1.226,0.99,0,3.91
3/20/2026,4:45, ,gtmfmwq_24G103006_030426_050000.bin,Fort Matanzas,GTMNERR,0,52.121,0,34.34,0,1.609,0,94.5,0,7.6,0,11.05,4.56,7.96,0,-82.7,5.4,15.778,0,8.93,0,1.23,1.23,0,4.87
3/20/2026,5:00, ,gtmfmwq_24G103006_030426_050000.bin,Fort Matanzas,GTMNERR,0,52.357,0,34.51,0,1.632,0,94.1,0,7.59,0,9.41,4.02,7.97,0,-83.6,5.4,15.559,0,7.62,0,1.227,1.29,0,5.11
3/20/2026,5:15, ,gtmfmwq_24G103006_030426_050000.bin,Fort Matanzas,GTMNERR,0,52.475,0,34.59,0,1.673,0,97.5,0,7.85,0,6.84,3.16,8.02,0,-86.2,5.41,15.66,0,8.13,0,1.22,1.52,0,6.04
3/20/2026,5:30, ,gtmfmwq_24G103006_030426_050000.bin,Fort Matanzas,GTMNERR,0,52.48,0,34.6,0,1.721,0,99,0,7.96,0,5.89,2.84,8.04,0,-87.4,5.4,15.697,0,8.21,0,1.226,1.6,0,6.39
3/20/2026,5:45, ,gtmfmwq_24G103006_030426_050000.bin,Fort Matanzas,GTMNERR,0,52.438,0,34.57,0,1.776,0,100.1,0,8.05,0,4.99,2.54,8.04,0,-87.6,5.41,15.705,0,8.71,0,1.225,1.63,0,6.51
3/20/2026,6:00, ,gtmfmwq_24G103006_030426_050000.bin,Fort Matanzas,GTMNERR,0,52.457,0,34.58,0,1.837,0,100,0,8.05,0,4.92,2.52,8.04,0,-87.7,5.4,15.694,0,8.44,0,1.22,1.53,0,6.1
3/20/2026,6:15, ,gtmfmwq_24G103006_030426_050000.bin,Fort Matanzas,GTMNERR,0,52.449,0,34.58,0,1.904,0,99.6,0,8.01,0,5.26,2.63,8.04,0,-87.4,5.4,15.688,0,8.7,0,1.217,1.68,0,6.73
3/20/2026,6:30, ,gtmfmwq_24G103006_030426_050000.bin,Fort Matanzas,GTMNERR,0,52.468,0,34.59,0,1.976,0,99.7,0,8.02,0,5.09,2.57,8.04,0,-87.5,5.41,15.729,0,7.75,0,1.228,1.64,0,6.53
3/20/2026,6:45, ,gtmfmwq_24G103006_030426_050000.bin,Fort Matanzas,GTMNERR,0,52.475,0,34.6,0,2.058,0,99.3,0,7.99,0,5.35,2.66,8.04,0,-87.6,5.4,15.728,0,7.45,0,1.234,1.61,0,6.41
3/20/2026,7:00, ,gtmfmwq_24G103006_030426_050000.bin,Fort Matanzas,GTMNERR,0,52.477,0,34.6,0,2.137,0,99.5,0,8,0,5.23,2.62,8.03,0,-87.3,5.41,15.708,0,7.22,0,1.232,1.62,0,6.47
3/20/2026,7:15, ,gtmfmwq_24G103006_030426_050000.bin,Fort Matanzas,GTMNERR,0,52.466,0,34.59,0,2.213,0,100,0,8.05,0,5.18,2.6,8.04,0,-87.6,5.4,15.671,0,7.87,0,1.219,1.48,0,5.92
3/20/2026,7:30, ,gtmfmwq_24G103006_030426_050000.bin,Fort Matanzas,GTMNERR,0,52.431,0,34.56,0,2.293,0,100.5,0,8.09,0,5.49,2.7,8.03,0,-87.1,5.4,15.66,0,7.77,0,1.217,1.51,0,6.02
3/20/2026,7:45, ,gtmfmwq_24G103006_030426_050000.bin,Fort Matanzas,GTMNERR,0,52.403,0,34.54,0,2.369,0,101,0,8.13,0,5.82,2.82,8.04,0,-87.4,5.41,15.662,0,6.85,0,1.218,1.41,0,5.63
3/20/2026,8:00, ,gtmfmwq_24G103006_030426_050000.bin,Fort Matanzas,GTMNERR,0,52.372,0,34.52,0,2.444,0,101.4,0,8.16,0,6,2.88,8.03,0,-87,5.39,15.677,0,6.54,0,1.224,1.41,0,5.63
3/20/2026,8:15, ,gtmfmwq_24G103006_030426_050000.bin,Fort Matanzas,GTMNERR,0,52.352,0,34.5,0,2.517,0,101.4,0,8.16,0,5.8,2.81,8.03,0,-87,5.41,15.7,0,7.81,0,1.229,1.38,0,5.49
3/20/2026,8:30, ,gtmfmwq_24G103006_030426_050000.bin,Fort Matanzas,GTMNERR,0,52.333,0,34.49,0,2.581,0,101.6,0,8.18,0,6.03,2.89,8.03,0,-86.8,5.39,15.727,0,5.29,0,1.231,1.45,0,5.78
3/20/2026,8:45, ,gtmfmwq_24G103006_030426_050000.bin,Fort Matanzas,GTMNERR,0,52.33,0,34.49,0,2.632,0,97.8,0,7.86,0,6.14,2.92,8.01,0,-85.6,5.4,15.75,0,5.22,0,1.232,0.86,0,3.4
3/20/2026,9:00, ,gtmfmwq_24G103006_030426_050000.bin,Fort Matanzas,GTMNERR,0,52.325,0,34.49,0,2.678,0,98.6,0,7.93,0,5.74,2.79,8.02,0,-86.6,5.4,15.746,0,10.47,0,1.222,1.96,0,7.85
3/20/2026,9:15, ,gtmfmwq_24G103006_030426_050000.bin,Fort Matanzas,GTMNERR,0,52.334,0,34.49,0,2.715,0,98.8,0,7.94,0,5.68,2.77,8.03,0,-86.8,5.4,15.754,0,21.57,0,1.222,2.99,0,12
3/20/2026,9:30, ,gtmfmwq_24G103006_030426_050000.bin,Fort Matanzas,GTMNERR,0,52.345,0,34.5,0,2.746,0,98,0,7.88,0,6.25,2.96,8.01,0,-86.1,5.41,15.762,0,6.31,0,1.22,1.1,0,4.36
3/20/2026,9:45, ,gtmfmwq_24G103006_030426_050000.bin,Fort Matanzas,GTMNERR,0,52.378,0,34.52,0,2.764,0,98.7,0,7.93,0,5.94,2.86,8.01,0,-86,5.4,15.762,0,5.09,0,1.217,1.07,0,4.24
3/20/2026,10:00, ,gtmfmwq_24G103006_030426_050000.bin,Fort Matanzas,GTMNERR,0,52.424,0,34.56,0,2.771,0,99.1,0,7.96,0,5.69,2.77,8.02,0,-86.7,5.4,15.779,0,5.24,0,1.215,1.21,0,4.8
3/20/2026,10:15, ,gtmfmwq_24G103006_030426_050000.bin,Fort Matanzas,GTMNERR,0,52.464,0,34.59,0,2.761,0,99.5,0,7.99,0,5.29,2.64,8.03,0,-86.9,5.41,15.814,0,5.92,0,1.22,1.06,0,4.18
3/20/2026,10:30, ,gtmfmwq_24G103006_030426_050000.bin,Fort Matanzas,GTMNERR,0,52.455,0,34.58,0,2.734,0,99.2,0,7.96,0,5.53,2.72,8.03,0,-87.3,5.39,15.825,0,6.29,0,1.229,1.13,0,4.5
3/20/2026,10:45, ,gtmfmwq_24G103006_030426_050000.bin,Fort Matanzas,GTMNERR,0,52.371,0,34.52,0,2.695,0,97.8,0,7.85,0,7.05,3.23,8.01,0,-85.9,5.4,15.866,0,5.88,0,1.222,1.12,0,4.43
3/20/2026,11:00, ,gtmfmwq_24G103006_030426_050000.bin,Fort Matanzas,GTMNERR,0,52.183,0,34.39,0,2.653,0,96.8,0,7.76,0,9.49,4.04,7.98,0,-84.3,5.4,15.962,0,5.82,0,1.224,1.06,0,4.2
3/20/2026,11:15, ,gtmfmwq_24G103006_030426_050000.bin,Fort Matanzas,GTMNERR,0,51.983,0,34.24,0,2.61,0,96.1,0,7.69,0,11.68,4.77,7.95,0,-82.5,5.4,16.078,0,5.9,0,1.226,0.92,0,3.63
3/20/2026,11:30, ,gtmfmwq_24G103006_030426_050000.bin,Fort Matanzas,GTMNERR,0,51.794,0,34.1,0,2.566,0,95.3,0,7.62,0,13.29,5.31,7.94,0,-81.7,5.4,16.174,0,5.85,0,1.222,0.92,0,3.62
3/20/2026,11:45, ,gtmfmwq_24G103006_030426_050000.bin,Fort Matanzas,GTMNERR,0,51.592,0,33.96,0,2.511,0,95.3,0,7.61,0,14.86,5.84,7.92,0,-80.5,5.39,16.293,0,6.01,0,1.229,0.93,0,3.67
3/20/2026,12:00, ,gtmfmwq_24G103006_030426_050000.bin,Fort Matanzas,GTMNERR,0,51.474,0,33.87,0,2.451,0,95.7,0,7.63,0,15.88,6.18,7.91,0,-80.4,5.4,16.411,0,5.84,0,1.234,0.84,0,3.3
3/20/2026,12:15, ,gtmfmwq_24G103006_030426_050000.bin,Fort Matanzas,GTMNERR,0,51.405,0,33.82,0,2.395,0,96.7,0,7.69,0,16.26,6.31,7.9,0,-79.8,5.39,16.536,0,5.08,0,1.223,0.89,0,3.5
3/20/2026,12:30, ,gtmfmwq_24G103006_030426_050000.bin,Fort Matanzas,GTMNERR,0,51.364,0,33.79,0,2.337,0,96.1,0,7.64,0,16.59,6.42,7.9,0,-79.3,5.4,16.588,0,4.92,0,1.22,0.89,0,3.5
3/20/2026,12:45, ,gtmfmwq_24G103006_030426_050000.bin,Fort Matanzas,GTMNERR,0,51.397,0,33.82,0,2.28,0,98.4,0,7.8,0,16.21,6.29,7.91,0,-80.1,5.4,16.69,0,4.61,0,1.217,0.87,0,3.44
3/20/2026,13:00, ,gtmfmwq_24G103006_030426_050000.bin,Fort Matanzas,GTMNERR,0,51.357,0,33.79,0,2.224,0,96.3,0,7.63,0,16.43,6.36,7.89,0,-79.2,5.4,16.728,0,4.52,0,1.215,0.78,0,3.07
3/20/2026,13:15, ,gtmfmwq_24G103006_030426_050000.bin,Fort Matanzas,GTMNERR,0,51.368,0,33.8,0,2.169,0,94.5,0,7.48,0,16.28,6.31,7.88,0,-78.2,5.41,16.779,0,3.67,0,1.216,0.68,0,2.67
3/20/2026,13:30, ,gtmfmwq_24G103006_030426_050000.bin,Fort Matanzas,GTMNERR,0,51.75,0,34.08,0,2.11,0,98,0,7.71,0,13.22,5.29,7.93,0,-81.4,5.4,17.008,0,3.97,0,1.231,0.65,0,2.53
3/20/2026,13:45, ,gtmfmwq_24G103006_030426_050000.bin,Fort Matanzas,GTMNERR,0,52.096,0,34.34,0,2.05,0,107.3,0,8.34,0,9.53,4.06,7.97,0,-84.2,5.39,17.57,0,5.21,0,1.227,0.6,0,2.35
3/20/2026,14:00, ,gtmfmwq_24G103006_030426_050000.bin,Fort Matanzas,GTMNERR,0,52.05,0,34.31,0,1.995,0,104.5,0,8.16,0,10.47,4.37,7.96,0,-83.4,5.4,17.297,0,4.21,0,1.224,0.66,0,2.57
3/20/2026,14:15, ,gtmfmwq_24G103006_030426_050000.bin,Fort Matanzas,GTMNERR,0,52.03,0,34.29,0,1.94,0,103.9,0,8.12,0,11.56,4.73,7.94,0,-82.3,5.39,17.277,0,4.55,0,1.223,0.61,0,2.38
3/20/2026,14:30, ,gtmfmwq_24G103006_030426_050000.bin,Fort Matanzas,GTMNERR,0,51.874,0,34.18,0,1.886,0,103.4,0,8.11,0,12.59,5.08,7.95,0,-82.4,5.4,17.107,0,3.99,0,1.218,0.76,0,3
3/20/2026,14:45, ,gtmfmwq_24G103006_030426_050000.bin,Fort Matanzas,GTMNERR,0,51.763,0,34.09,0,1.834,0,103.1,0,8.09,0,13.19,5.28,7.94,0,-82,5.39,17.128,0,3.81,0,1.216,0.8,0,3.13
3/20/2026,15:00, ,gtmfmwq_24G103006_030426_050000.bin,Fort Matanzas,GTMNERR,0,51.782,0,34.11,0,1.782,0,103.4,0,8.11,0,12.93,5.19,7.95,0,-82.4,5.39,17.161,0,3.85,0,1.222,0.79,0,3.11
3/20/2026,15:15, ,gtmfmwq_24G103006_030426_050000.bin,Fort Matanzas,GTMNERR,0,51.868,0,34.17,0,1.73,0,104.5,0,8.18,0,12.78,5.14,7.95,0,-82.4,5.4,17.267,0,4.42,0,1.228,0.83,0,3.29
3/20/2026,15:30, ,gtmfmwq_24G103006_030426_050000.bin,Fort Matanzas,GTMNERR,0,52.051,0,34.31,0,1.682,0,106.2,0,8.23,0,11.81,4.82,7.95,0,-82.5,5.39,17.741,0,4.53,0,1.221,0.82,0,3.23
3/20/2026,15:45, ,gtmfmwq_24G103006_030426_050000.bin,Fort Matanzas,GTMNERR,0,52.061,0,34.32,0,1.63,0,106.6,0,8.25,0,11.66,4.77,7.94,0,-82.3,5.4,17.793,0,4.81,0,1.218,0.81,0,3.18
3/20/2026,16:00, ,gtmfmwq_24G103006_030426_050000.bin,Fort Matanzas,GTMNERR,0,52.068,0,34.33,0,1.587,0,107.3,0,8.27,0,11.82,4.82,7.95,0,-82.8,5.39,18.022,0,4.97,0,1.217,0.84,0,3.32
3/20/2026,16:15, ,gtmfmwq_24G103006_030426_050000.bin,Fort Matanzas,GTMNERR,0,52.199,0,34.42,0,1.548,0,108.1,0,8.31,0,11.03,4.56,7.96,0,-83.2,5.4,18.108,0,5.3,0,1.232,0.8,0,3.16
3/20/2026,16:30, ,gtmfmwq_24G103006_030426_050000.bin,Fort Matanzas,GTMNERR,0,52.152,0,34.39,0,1.522,0,108.6,0,8.38,0,9.91,4.18,7.97,0,-84,5.41,17.908,0,5.04,0,1.225,0.81,0,3.19
3/20/2026,16:45, ,gtmfmwq_24G103006_030426_050000.bin,Fort Matanzas,GTMNERR,0,52.166,0,34.4,0,1.515,0,107.9,0,8.34,0,10.08,4.24,7.97,0,-84.1,5.4,17.813,0,7.11,0,1.226,0.92,0,3.64
3/20/2026,17:00, ,gtmfmwq_24G103006_030426_050000.bin,Fort Matanzas,GTMNERR,0,52.422,0,34.59,0,1.529,0,110.8,0,8.55,0,7.44,3.36,8,0,-85.8,5.41,17.876,0,9.03,0,1.227,1.25,0,4.95
3/20/2026,17:15, ,gtmfmwq_24G103006_030426_050000.bin,Fort Matanzas,GTMNERR,0,52.497,0,34.64,0,1.562,0,111.2,0,8.61,0,6.24,2.95,8.04,0,-87.8,5.4,17.665,0,9.43,0,1.219,1.39,0,5.52
3/20/2026,17:30, ,gtmfmwq_24G103006_030426_050000.bin,Fort Matanzas,GTMNERR,0,52.519,0,34.66,0,1.61,0,111,0,8.62,0,5.88,2.84,8.04,0,-87.7,5.4,17.466,0,7.58,0,1.231,1.35,0,5.38
3/20/2026,17:45, ,gtmfmwq_24G103006_030426_050000.bin,Fort Matanzas,GTMNERR,0,52.48,0,34.62,0,1.667,0,110.3,0,8.6,0,5.59,2.74,8.04,0,-87.9,5.4,17.281,0,8.32,0,1.233,1.42,0,5.64
3/20/2026,18:00, ,gtmfmwq_24G103006_030426_050000.bin,Fort Matanzas,GTMNERR,0,52.487,0,34.63,0,1.741,0,110.2,0,8.61,0,5.22,2.62,8.04,0,-88.2,5.38,17.163,0,7.84,0,1.222,1.47,0,5.87
3/20/2026,18:15, ,gtmfmwq_24G103006_030426_050000.bin,Fort Matanzas,GTMNERR,0,52.486,0,34.63,0,1.815,0,110,0,8.59,0,5.43,2.68,8.04,0,-88.1,5.4,17.178,0,8.24,0,1.216,1.41,0,5.6
3/20/2026,18:30, ,gtmfmwq_24G103006_030426_050000.bin,Fort Matanzas,GTMNERR,0,52.493,0,34.63,0,1.899,0,109.6,0,8.57,0,5.4,2.68,8.05,0,-88.4,5.39,17.134,0,7.27,0,1.22,1.5,0,5.99
3/20/2026,18:45, ,gtmfmwq_24G103006_030426_050000.bin,Fort Matanzas,GTMNERR,0,52.497,0,34.63,0,1.979,0,109.3,0,8.56,0,5.36,2.66,8.04,0,-88,5.39,17.074,0,8.94,0,1.221,1.53,0,6.12
3/20/2026,19:00, ,gtmfmwq_24G103006_030426_050000.bin,Fort Matanzas,GTMNERR,0,52.505,0,34.64,0,2.058,0,109,0,8.54,0,5.33,2.65,8.04,0,-88.1,5.39,17.047,0,6.76,0,1.227,1.55,0,6.19
3/20/2026,19:15, ,gtmfmwq_24G103006_030426_050000.bin,Fort Matanzas,GTMNERR,0,52.497,0,34.64,0,2.146,0,107.9,0,8.45,0,5.26,2.63,8.04,0,-88,5.38,17.072,0,6.9,0,1.23,1.59,0,6.33
3/20/2026,19:30, ,gtmfmwq_24G103006_030426_050000.bin,Fort Matanzas,GTMNERR,0,52.479,0,34.62,0,2.232,0,106.3,0,8.33,0,5.52,2.72,8.04,0,-87.8,5.39,17.054,0,6.84,0,1.23,1.58,0,6.31
3/20/2026,19:45, ,gtmfmwq_24G103006_030426_050000.bin,Fort Matanzas,GTMNERR,0,52.459,0,34.61,0,2.323,0,105.4,0,8.27,0,5.47,2.7,8.04,0,-87.8,5.38,16.942,0,6.96,0,1.229,1.42,0,5.64
3/20/2026,20:00, ,gtmfmwq_24G103006_030426_050000.bin,Fort Matanzas,GTMNERR,0,52.442,0,34.59,0,2.405,0,104.5,0,8.22,0,5.38,2.67,8.04,0,-88.1,5.39,16.854,0,6.62,0,1.223,1.45,0,5.8
3/20/2026,20:15, ,gtmfmwq_24G103006_030426_050000.bin,Fort Matanzas,GTMNERR,0,52.438,0,34.59,0,2.484,0,103.7,0,8.18,0,5.32,2.65,8.04,0,-87.7,5.39,16.73,0,6.18,0,1.219,1.47,0,5.87
3/20/2026,20:30, ,gtmfmwq_24G103006_030426_050000.bin,Fort Matanzas,GTMNERR,0,52.443,0,34.59,0,2.56,0,103.5,0,8.17,0,5.31,2.64,8.04,0,-87.8,5.38,16.688,0,5.92,0,1.217,1.66,0,6.62
3/20/2026,20:45, ,gtmfmwq_24G103006_030426_050000.bin,Fort Matanzas,GTMNERR,0,52.444,0,34.59,0,2.629,0,103.4,0,8.16,0,5.1,2.58,8.04,0,-87.8,5.39,16.646,0,6.38,0,1.222,1.46,0,5.83
3/20/2026,21:00, ,gtmfmwq_24G103006_030426_050000.bin,Fort Matanzas,GTMNERR,0,52.445,0,34.59,0,2.686,0,101.9,0,8.06,0,4.78,2.47,8.03,0,-87.3,5.38,16.591,0,5.51,0,1.226,1.31,0,5.2
3/20/2026,21:15, ,gtmfmwq_24G103006_030426_050000.bin,Fort Matanzas,GTMNERR,0,52.448,0,34.59,0,2.734,0,90.8,0,7.18,0,4.93,2.52,7.99,0,-84.6,5.38,16.58,0,5.03,0,1.225,0.66,0,2.58
3/20/2026,21:30, ,gtmfmwq_24G103006_030426_050000.bin,Fort Matanzas,GTMNERR,0,52.448,0,34.59,0,2.774,0,88.3,0,6.98,0,4.81,2.48,7.98,0,-84.2,5.39,16.573,0,4.12,0,1.226,0.65,0,2.53
3/20/2026,21:45, ,gtmfmwq_24G103006_030426_050000.bin,Fort Matanzas,GTMNERR,0,52.45,0,34.59,0,2.812,0,88.7,0,7.02,0,4.87,2.5,8,0,-85.5,5.38,16.547,0,3.75,0,1.229,0.87,0,3.45
3/20/2026,22:00, ,gtmfmwq_24G103006_030426_050000.bin,Fort Matanzas,GTMNERR,0,52.446,0,34.59,0,2.844,0,98.5,0,7.79,0,5.04,2.55,8.02,0,-86.3,5.39,16.56,0,4.59,0,1.232,1.04,0,4.14
3/20/2026,22:15, ,gtmfmwq_24G103006_030426_050000.bin,Fort Matanzas,GTMNERR,0,52.441,0,34.59,0,2.857,0,100.4,0,7.94,0,5.13,2.59,8.03,0,-87.3,5.38,16.575,0,4.48,0,1.224,1.08,0,4.29
3/20/2026,22:30, ,gtmfmwq_24G103006_030426_050000.bin,Fort Matanzas,GTMNERR,0,52.474,0,34.61,0,2.859,0,102,0,8.04,0,5.46,2.7,8.04,0,-87.7,5.38,16.711,0,6.77,0,1.22,1.46,0,5.81
3/20/2026,22:45, ,gtmfmwq_24G103006_030426_050000.bin,Fort Matanzas,GTMNERR,0,52.474,0,34.62,0,2.844,0,104.2,0,8.18,0,5.61,2.75,8.03,0,-87.4,5.39,16.934,0,5.5,0,1.217,1.26,0,5.01
3/20/2026,23:00, ,gtmfmwq_24G103006_030426_050000.bin,Fort Matanzas,GTMNERR,0,52.472,0,34.62,0,2.81,0,106.3,0,8.32,0,6.21,2.95,8.03,0,-87.6,5.38,17.127,0,6.94,0,1.216,1.45,0,5.79
3/20/2026,23:15, ,gtmfmwq_24G103006_030426_050000.bin,Fort Matanzas,GTMNERR,0,52.356,0,34.53,0,2.765,0,106,0,8.25,0,7.98,3.54,8.01,0,-86.2,5.39,17.398,0,7.3,0,1.215,1.41,0,5.6
3/20/2026,23:30, ,gtmfmwq_24G103006_030426_050000.bin,Fort Matanzas,GTMNERR,0,52.155,0,34.39,0,2.71,0,105.1,0,8.17,0,10.39,4.34,7.98,0,-84.7,5.39,17.555,0,6.51,0,1.218,1.35,0,5.38
3/20/2026,23:45, ,gtmfmwq_24G103006_030426_050000.bin,Fort Matanzas,GTMNERR,0,51.964,0,34.25,0,2.658,0,105,0,8.15,0,12.2,4.95,7.97,0,-83.7,5.39,17.654,0,6.67,0,1.228,1.31,0,5.21
3/21/2026,0:00, ,gtmfmwq_24G103006_030426_050000.bin,Fort Matanzas,GTMNERR,0,51.718,0,34.07,0,2.604,0,104.6,0,8.11,0,14.37,5.67,7.95,0,-82.8,5.4,17.788,0,7.53,0,1.222,1.38,0,5.48
3/21/2026,0:15, ,gtmfmwq_24G103006_030426_050000.bin,Fort Matanzas,GTMNERR,0,51.561,0,33.95,0,2.547,0,104.2,0,8.08,0,15.74,6.13,7.93,0,-81.9,5.39,17.82,0,6.79,0,1.219,1.35,0,5.36
3/21/2026,0:30, ,gtmfmwq_24G103006_030426_050000.bin,Fort Matanzas,GTMNERR,0,51.475,0,33.89,0,2.485,0,103.5,0,8.02,0,16.38,6.35,7.93,0,-81.4,5.4,17.833,0,6.96,0,1.215,1.31,0,5.2
3/21/2026,0:45, ,gtmfmwq_24G103006_030426_050000.bin,Fort Matanzas,GTMNERR,0,51.504,0,33.91,0,2.423,0,102.6,0,7.96,0,16.08,6.24,7.93,0,-81.6,5.39,17.797,0,5.95,0,1.219,1.25,0,4.98
3/21/2026,1:00, ,gtmfmwq_24G103006_030426_050000.bin,Fort Matanzas,GTMNERR,0,51.586,0,33.97,0,2.363,0,102.1,0,7.92,0,15.31,5.99,7.92,0,-81.1,5.39,17.75,0,4.99,0,1.226,1.13,0,4.49
3/21/2026,1:15, ,gtmfmwq_24G103006_030426_050000.bin,Fort Matanzas,GTMNERR,0,51.483,0,33.89,0,2.303,0,101.7,0,7.89,0,16.23,6.3,7.93,0,-81.4,5.4,17.772,0,4.63,0,1.231,1.17,0,4.64
3/21/2026,1:30, ,gtmfmwq_24G103006_030426_050000.bin,Fort Matanzas,GTMNERR,0,51.574,0,33.96,0,2.248,0,97.8,0,7.6,0,15.32,5.99,7.91,0,-80.3,5.39,17.715,0,3.97,0,1.226,0.96,0,3.8
3/21/2026,1:45, ,gtmfmwq_24G103006_030426_050000.bin,Fort Matanzas,GTMNERR,0,51.854,0,34.16,0,2.188,0,96.8,0,7.54,0,12.91,5.18,7.92,0,-81.1,5.4,17.48,0,3.75,0,1.215,0.95,0,3.74
3/21/2026,2:00, ,gtmfmwq_24G103006_030426_050000.bin,Fort Matanzas,GTMNERR,0,51.953,0,34.24,0,2.129,0,96,0,7.5,0,11.59,4.74,7.92,0,-81,5.39,17.333,0,3.56,0,1.222,0.87,0,3.44
3/21/2026,2:15, ,gtmfmwq_24G103006_030426_050000.bin,Fort Matanzas,GTMNERR,0,51.829,0,34.15,0,2.076,0,98.7,0,7.69,0,13.18,5.28,7.93,0,-81.3,5.39,17.478,0,3.84,0,1.231,1.14,0,4.51
3/21/2026,2:30, ,gtmfmwq_24G103006_030426_050000.bin,Fort Matanzas,GTMNERR,0,51.906,0,34.2,0,2.018,0,99.5,0,7.76,0,12.71,5.12,7.95,0,-82.4,5.4,17.424,0,4.35,0,1.231,1.06,0,4.19
3/21/2026,2:45, ,gtmfmwq_24G103006_030426_050000.bin,Fort Matanzas,GTMNERR,0,51.801,0,34.13,0,1.965,0,100.9,0,7.86,0,13.87,5.51,7.94,0,-82.3,5.39,17.51,0,3.48,0,1.227,1.11,0,4.39
3/21/2026,3:00, ,gtmfmwq_24G103006_030426_050000.bin,Fort Matanzas,GTMNERR,0,51.908,0,34.2,0,1.914,0,99.6,0,7.77,0,12.97,5.21,7.94,0,-82.2,5.4,17.417,0,3.79,0,1.225,1.03,0,4.07
3/21/2026,3:15, ,gtmfmwq_24G103006_030426_050000.bin,Fort Matanzas,GTMNERR,0,51.798,0,34.12,0,1.862,0,100.6,0,7.85,0,13.9,5.52,7.94,0,-82.4,5.39,17.397,0,3.88,0,1.218,1.03,0,4.07
3/21/2026,3:30, ,gtmfmwq_24G103006_030426_050000.bin,Fort Matanzas,GTMNERR,0,51.826,0,34.14,0,1.812,0,100.7,0,7.86,0,13.71,5.45,7.95,0,-82.5,5.39,17.395,0,3.65,0,1.219,1.05,0,4.15
3/21/2026,3:45, ,gtmfmwq_24G103006_030426_050000.bin,Fort Matanzas,GTMNERR,0,51.965,0,34.25,0,1.763,0,99.8,0,7.79,0,12.41,5.02,7.95,0,-82.5,5.4,17.37,0,4.39,0,1.229,0.99,0,3.93
3/21/2026,4:00, ,gtmfmwq_24G103006_030426_050000.bin,Fort Matanzas,GTMNERR,0,51.984,0,34.26,0,1.716,0,96.7,0,7.59,0,12.93,5.19,7.93,0,-81.6,5.39,17.097,0,3.95,0,1.234,0.89,0,3.53
3/21/2026,4:15, ,gtmfmwq_24G103006_030426_050000.bin,Fort Matanzas,GTMNERR,0,52.124,0,34.36,0,1.67,0,93.6,0,7.38,0,12.09,4.91,7.92,0,-81.1,5.39,16.803,0,3.85,0,1.232,0.83,0,3.29
3/21/2026,4:30, ,gtmfmwq_24G103006_030426_050000.bin,Fort Matanzas,GTMNERR,0,52.178,0,34.39,0,1.624,0,92.2,0,7.29,0,12.09,4.91,7.92,0,-81.1,5.38,16.683,0,4.16,0,1.222,0.77,0,3.02
3/21/2026,4:45, ,gtmfmwq_24G103006_030426_050000.bin,Fort Matanzas,GTMNERR,0,52.211,0,34.42,0,1.583,0,90.9,0,7.19,0,12.18,4.94,7.92,0,-80.7,5.38,16.6,0,3.91,0,1.218,0.7,0,2.75
3/21/2026,5:00, ,gtmfmwq_24G103006_030426_050000.bin,Fort Matanzas,GTMNERR,0,52.178,0,34.39,0,1.546,0,92.6,0,7.32,0,11.73,4.79,7.93,0,-81.1,5.38,16.648,0,4.04,0,1.23,0.8,0,3.16
3/21/2026,5:15, ,gtmfmwq_24G103006_030426_050000.bin,Fort Matanzas,GTMNERR,0,52.127,0,34.36,0,1.518,0,95.3,0,7.52,0,11.02,4.55,7.95,0,-82.7,5.37,16.723,0,5.42,0,1.222,0.82,0,3.25
3/21/2026,5:30, ,gtmfmwq_24G103006_030426_050000.bin,Fort Matanzas,GTMNERR,0,52.316,0,34.49,0,1.506,0,94.7,0,7.52,0,9.56,4.06,7.97,0,-83.4,5.39,16.427,0,6.9,0,1.226,0.97,0,3.83
3/21/2026,5:45, ,gtmfmwq_24G103006_030426_050000.bin,Fort Matanzas,GTMNERR,0,52.463,0,34.59,0,1.508,0,94,0,7.5,0,8.15,3.59,7.98,0,-84.2,5.37,16.119,0,6.76,0,1.227,1.02,0,4.04
3/21/2026,6:00, ,gtmfmwq_24G103006_030426_050000.bin,Fort Matanzas,GTMNERR,0,52.493,0,34.62,0,1.534,0,96.7,0,7.7,0,6.63,3.09,8.01,0,-85.7,5.37,16.175,0,5.74,0,1.224,1.16,0,4.6
3/21/2026,6:15, ,gtmfmwq_24G103006_030426_050000.bin,Fort Matanzas,GTMNERR,0,52.499,0,34.62,0,1.571,0,98.1,0,7.82,0,6.14,2.92,8.02,0,-86.8,5.38,16.189,0,7.46,0,1.224,1.16,0,4.61
3/21/2026,6:30, ,gtmfmwq_24G103006_030426_050000.bin,Fort Matanzas,GTMNERR,0,52.48,0,34.61,0,1.618,0,99.7,0,7.94,0,5.68,2.77,8.04,0,-87.6,5.37,16.233,0,7.69,0,1.224,1.23,0,4.9
3/21/2026,6:45, ,gtmfmwq_24G103006_030426_050000.bin,Fort Matanzas,GTMNERR,0,52.448,0,34.59,0,1.672,0,99.7,0,7.93,0,5.27,2.63,8.03,0,-87.3,5.38,16.253,0,6.51,0,1.226,1.25,0,4.96
3/21/2026,7:00, ,gtmfmwq_24G103006_030426_050000.bin,Fort Matanzas,GTMNERR,0,52.464,0,34.6,0,1.734,0,99.6,0,7.94,0,4.95,2.53,8.04,0,-87.5,5.37,16.189,0,5.38,0,1.224,1.11,0,4.42
3/21/2026,7:15, ,gtmfmwq_24G103006_030426_050000.bin,Fort Matanzas,GTMNERR,0,52.469,0,34.6,0,1.801,0,99.8,0,7.95,0,4.96,2.53,8.04,0,-87.9,5.38,16.197,0,5.85,0,1.223,1.15,0,4.57
3/21/2026,7:30, ,gtmfmwq_24G103006_030426_050000.bin,Fort Matanzas,GTMNERR,0,52.468,0,34.6,0,1.876,0,99.9,0,7.96,0,4.93,2.52,8.04,0,-87.9,5.39,16.222,0,5.03,0,1.22,1.1,0,4.37
3/21/2026,7:45, ,gtmfmwq_24G103006_030426_050000.bin,Fort Matanzas,GTMNERR,0,52.479,0,34.61,0,1.949,0,99.9,0,7.95,0,4.97,2.53,8.04,0,-87.9,5.38,16.226,0,4.74,0,1.221,1.11,0,4.39
3/21/2026,8:00, ,gtmfmwq_24G103006_030426_050000.bin,Fort Matanzas,GTMNERR,0,52.492,0,34.62,0,2.021,0,99.8,0,7.94,0,4.9,2.51,8.04,0,-87.9,5.39,16.215,0,4.47,0,1.225,1.03,0,4.08
3/21/2026,8:15, ,gtmfmwq_24G103006_030426_050000.bin,Fort Matanzas,GTMNERR,0,52.49,0,34.62,0,2.097,0,100.2,0,7.99,0,4.78,2.47,8.04,0,-87.8,5.38,16.158,0,4.34,0,1.231,1.08,0,4.3
3/21/2026,8:30, ,gtmfmwq_24G103006_030426_050000.bin,Fort Matanzas,GTMNERR,0,52.489,0,34.61,0,2.164,0,100.9,0,8.05,0,4.62,2.42,8.04,0,-87.8,5.38,16.12,0,4.27,0,1.228,0.98,0,3.9
3/21/2026,8:45, ,gtmfmwq_24G103006_030426_050000.bin,Fort Matanzas,GTMNERR,0,52.485,0,34.61,0,2.234,0,101.4,0,8.08,0,4.61,2.41,8.05,0,-88.2,5.38,16.133,0,4.15,0,1.227,0.96,0,3.79
3/21/2026,9:00, ,gtmfmwq_24G103006_030426_050000.bin,Fort Matanzas,GTMNERR,0,52.485,0,34.61,0,2.304,0,101.6,0,8.1,0,4.55,2.39,8.04,0,-87.9,5.37,16.176,0,3.7,0,1.225,0.8,0,3.16
3/21/2026,9:15, ,gtmfmwq_24G103006_030426_050000.bin,Fort Matanzas,GTMNERR,0,52.487,0,34.61,0,2.369,0,100.4,0,7.99,0,4.24,2.29,8.04,0,-87.6,5.39,16.228,0,4.11,0,1.227,0.92,0,3.64
3/21/2026,9:30, ,gtmfmwq_24G103006_030426_050000.bin,Fort Matanzas,GTMNERR,0,52.489,0,34.62,0,2.425,0,94.6,0,7.53,0,4.15,2.26,8.02,0,-86.6,5.38,16.265,0,3.02,0,1.226,0.58,0,2.25
3/21/2026,9:45, ,gtmfmwq_24G103006_030426_050000.bin,Fort Matanzas,GTMNERR,0,52.492,0,34.62,0,2.475,0,91.1,0,7.25,0,4.34,2.32,8,0,-85.3,5.38,16.271,0,3.09,0,1.224,0.54,0,2.09
3/21/2026,10:00, ,gtmfmwq_24G103006_030426_050000.bin,Fort Matanzas,GTMNERR,0,52.492,0,34.62,0,2.513,0,94.3,0,7.51,0,4.52,2.38,8.02,0,-86.5,5.39,16.254,0,3.43,0,1.221,0.75,0,2.94
3/21/2026,10:15, ,gtmfmwq_24G103006_030426_050000.bin,Fort Matanzas,GTMNERR,0,52.499,0,34.62,0,2.538,0,96.5,0,7.67,0,4.5,2.38,8.02,0,-86.5,5.38,16.269,0,3.2,0,1.222,0.85,0,3.34
3/21/2026,10:30, ,gtmfmwq_24G103006_030426_050000.bin,Fort Matanzas,GTMNERR,0,52.497,0,34.62,0,2.555,0,99.2,0,7.88,0,4.47,2.36,8.03,0,-87.3,5.39,16.332,0,4.36,0,1.222,0.74,0,2.9
3/21/2026,10:45, ,gtmfmwq_24G103006_030426_050000.bin,Fort Matanzas,GTMNERR,0,52.491,0,34.62,0,2.557,0,98.8,0,7.84,0,4.68,2.43,8.03,0,-87.2,5.38,16.38,0,3.77,0,1.219,0.79,0,3.1
3/21/2026,11:00, ,gtmfmwq_24G103006_030426_050000.bin,Fort Matanzas,GTMNERR,0,52.485,0,34.62,0,2.544,0,99.7,0,7.9,0,4.98,2.54,8.04,0,-87.5,5.39,16.476,0,4.77,0,1.222,0.93,0,3.68
3/21/2026,11:15, ,gtmfmwq_24G103006_030426_050000.bin,Fort Matanzas,GTMNERR,0,52.468,0,34.6,0,2.52,0,99.2,0,7.86,0,5.44,2.69,8.02,0,-86.5,5.39,16.471,0,4.35,0,1.224,0.92,0,3.62
3/21/2026,11:30, ,gtmfmwq_24G103006_030426_050000.bin,Fort Matanzas,GTMNERR,0,52.448,0,34.59,0,2.478,0,98.1,0,7.76,0,6.34,2.99,8.01,0,-85.9,5.38,16.534,0,4.88,0,1.228,0.84,0,3.3
3/21/2026,11:45, ,gtmfmwq_24G103006_030426_050000.bin,Fort Matanzas,GTMNERR,0,52.382,0,34.54,0,2.437,0,97.4,0,7.69,0,7.94,3.52,7.99,0,-84.6,5.39,16.663,0,4.76,0,1.234,0.79,0,3.11
3/21/2026,12:00, ,gtmfmwq_24G103006_030426_050000.bin,Fort Matanzas,GTMNERR,0,52.294,0,34.48,0,2.387,0,96.3,0,7.59,0,9.12,3.92,7.96,0,-83,5.38,16.817,0,4.65,0,1.221,0.77,0,3.01
3/21/2026,12:15, ,gtmfmwq_24G103006_030426_050000.bin,Fort Matanzas,GTMNERR,0,52.185,0,34.4,0,2.334,0,95.6,0,7.51,0,10.69,4.44,7.95,0,-82.4,5.38,17.002,0,4.51,0,1.22,0.79,0,3.1
3/21/2026,12:30, ,gtmfmwq_24G103006_030426_050000.bin,Fort Matanzas,GTMNERR,0,52.103,0,34.35,0,2.277,0,96.2,0,7.53,0,11.57,4.74,7.93,0,-81.6,5.39,17.189,0,4.64,0,1.228,0.73,0,2.85
3/21/2026,12:45, ,gtmfmwq_24G103006_030426_050000.bin,Fort Matanzas,GTMNERR,0,52.052,0,34.31,0,2.227,0,96.1,0,7.51,0,12.08,4.91,7.93,0,-81.2,5.38,17.305,0,4.58,0,1.229,0.75,0,2.97
3/21/2026,13:00, ,gtmfmwq_24G103006_030426_050000.bin,Fort Matanzas,GTMNERR,0,52.017,0,34.28,0,2.175,0,96.6,0,7.53,0,12.33,4.99,7.92,0,-81.1,5.39,17.402,0,4.17,0,1.229,0.68,0,2.67
3/21/2026,13:15, ,gtmfmwq_24G103006_030426_050000.bin,Fort Matanzas,GTMNERR,0,51.995,0,34.27,0,2.119,0,97.1,0,7.56,0,12.27,4.97,7.92,0,-81,5.38,17.482,0,8.7,0,1.23,1.02,0,4.06
3/21/2026,13:30, ,gtmfmwq_24G103006_030426_050000.bin,Fort Matanzas,GTMNERR,0,52.004,0,34.28,0,2.07,0,98.4,0,7.65,0,12.25,4.97,7.93,0,-81.5,5.38,17.558,0,5.1,0,1.229,0.76,0,3
3/21/2026,13:45, ,gtmfmwq_24G103006_030426_050000.bin,Fort Matanzas,GTMNERR,0,52.216,0,34.44,0,2.016,0,101.6,0,7.85,0,10.02,4.22,7.95,0,-83,5.39,17.817,0,4.44,0,1.231,0.68,0,2.67
3/21/2026,14:00, ,gtmfmwq_24G103006_030426_050000.bin,Fort Matanzas,GTMNERR,0,52.507,0,34.65,0,1.958,0,102.5,0,7.87,0,6.01,2.88,7.98,0,-84.4,5.36,18.104,0,3.44,0,1.231,0.31,0,1.19
3/21/2026,14:15, ,gtmfmwq_24G103006_030426_050000.bin,Fort Matanzas,GTMNERR,0,52.127,0,34.37,0,1.905,0,100.3,0,7.78,0,10.51,4.38,7.94,0,-82.2,5.37,17.699,0,4.05,0,1.233,0.76,0,2.98
3/21/2026,14:30, ,gtmfmwq_24G103006_030426_050000.bin,Fort Matanzas,GTMNERR,0,52.368,0,34.55,0,1.849,0,102.4,0,7.85,0,7.49,3.37,7.96,0,-83.3,5.36,18.222,0,4.45,0,1.227,0.52,0,2.01
3/21/2026,14:45, ,gtmfmwq_24G103006_030426_050000.bin,Fort Matanzas,GTMNERR,0,52.326,0,34.52,0,1.796,0,103.4,0,7.95,0,9.25,3.96,7.95,0,-82.9,5.36,18.069,0,4.31,0,1.22,0.71,0,2.8
3/21/2026,15:00, ,gtmfmwq_24G103006_030426_050000.bin,Fort Matanzas,GTMNERR,0,52.153,0,34.39,0,1.743,0,102.7,0,7.95,0,10.4,4.35,7.95,0,-83,5.37,17.797,0,3.62,0,1.214,0.77,0,3.05
3/21/2026,15:15, ,gtmfmwq_24G103006_030426_050000.bin,Fort Matanzas,GTMNERR,0,52.305,0,34.5,0,1.691,0,103.7,0,8.02,0,9.28,3.97,7.97,0,-83.8,5.37,17.75,0,4.54,0,1.218,0.78,0,3.08
3/21/2026,15:30, ,gtmfmwq_24G103006_030426_050000.bin,Fort Matanzas,GTMNERR,0,52.342,0,34.53,0,1.637,0,103.7,0,7.99,0,8.85,3.83,7.95,0,-83.1,5.38,17.965,0,4.68,0,1.223,0.77,0,3.04
3/21/2026,15:45, ,gtmfmwq_24G103006_030426_050000.bin,Fort Matanzas,GTMNERR,0,52.351,0,34.54,0,1.582,0,104.3,0,8,0,9.51,4.05,7.96,0,-83.1,5.37,18.204,0,5.27,0,1.224,0.83,0,3.28
3/21/2026,16:00, ,gtmfmwq_24G103006_030426_050000.bin,Fort Matanzas,GTMNERR,0,52.274,0,34.48,0,1.527,0,104.9,0,8.02,0,9.45,4.03,7.95,0,-82.7,5.37,18.422,0,5.31,0,1.218,0.86,0,3.38
3/21/2026,16:15, ,gtmfmwq_24G103006_030426_050000.bin,Fort Matanzas,GTMNERR,0,52.27,0,34.48,0,1.475,0,103.4,0,7.96,0,9.6,4.08,7.95,0,-83.1,5.38,18.029,0,5.41,0,1.219,0.9,0,3.54
3/21/2026,16:30, ,gtmfmwq_24G103006_030426_050000.bin,Fort Matanzas,GTMNERR,0,52.236,0,34.45,0,1.426,0,104.1,0,7.99,0,9.58,4.07,7.95,0,-83.1,5.37,18.166,0,5.64,0,1.224,0.99,0,3.91
3/21/2026,16:45, ,gtmfmwq_24G103006_030426_050000.bin,Fort Matanzas,GTMNERR,0,52.343,0,34.53,0,1.383,0,106.5,0,8.08,0,8.83,3.82,7.95,0,-83.1,5.38,18.758,0,6.15,0,1.227,0.91,0,3.59
3/21/2026,17:00, ,gtmfmwq_24G103006_030426_050000.bin,Fort Matanzas,GTMNERR,0,52.359,0,34.55,0,1.344,0,106.1,0,8.09,0,8.41,3.68,7.96,0,-83.7,5.37,18.492,0,6.06,0,1.228,0.96,0,3.81
3/21/2026,17:15, ,gtmfmwq_24G103006_030426_050000.bin,Fort Matanzas,GTMNERR,0,52.445,0,34.61,0,1.323,0,108.1,0,8.26,0,6.96,3.2,7.99,0,-85.2,5.37,18.344,0,6.75,0,1.233,1.09,0,4.32
3/21/2026,17:30, ,gtmfmwq_24G103006_030426_050000.bin,Fort Matanzas,GTMNERR,0,52.524,0,34.66,0,1.319,0,109.2,0,8.37,0,5.63,2.75,8.01,0,-86.6,5.38,18.15,0,8.8,0,1.223,1.32,0,5.26
3/21/2026,17:45, ,gtmfmwq_24G103006_030426_050000.bin,Fort Matanzas,GTMNERR,0,52.505,0,34.65,0,1.342,0,108.9,0,8.36,0,5.74,2.79,8.01,0,-86.6,5.37,18.133,0,8.05,0,1.225,1.29,0,5.13
3/21/2026,18:00, ,gtmfmwq_24G103006_030426_050000.bin,Fort Matanzas,GTMNERR,0,52.488,0,34.64,0,1.384,0,108.6,0,8.36,0,5.62,2.75,8.01,0,-86.4,5.38,18.005,0,7.35,0,1.226,1.32,0,5.26
3/21/2026,18:15, ,gtmfmwq_24G103006_030426_050000.bin,Fort Matanzas,GTMNERR,0,52.46,0,34.62,0,1.438,0,108.3,0,8.32,0,5.94,2.86,8.01,0,-86.3,5.37,18.064,0,7.54,0,1.219,1.38,0,5.48
3/21/2026,18:30, ,gtmfmwq_24G103006_030426_050000.bin,Fort Matanzas,GTMNERR,0,52.368,0,34.55,0,1.502,0,107,0,8.22,0,6.83,3.15,8,0,-85.5,5.38,18.108,0,8.31,0,1.216,1.4,0,5.56
3/21/2026,18:45, ,gtmfmwq_24G103006_030426_050000.bin,Fort Matanzas,GTMNERR,0,52.419,0,34.59,0,1.579,0,107.8,0,8.28,0,6.02,2.88,8.02,0,-86.8,5.38,18.056,0,7.95,0,1.221,1.49,0,5.93
3/21/2026,19:00, ,gtmfmwq_24G103006_030426_050000.bin,Fort Matanzas,GTMNERR,0,52.448,0,34.61,0,1.662,0,107.8,0,8.3,0,5.82,2.81,8.01,0,-86.4,5.37,17.956,0,7.61,0,1.231,1.46,0,5.83
3/21/2026,19:15, ,gtmfmwq_24G103006_030426_050000.bin,Fort Matanzas,GTMNERR,0,52.42,0,34.59,0,1.746,0,106.9,0,8.23,0,6.14,2.92,8.01,0,-86,5.38,17.978,0,7.21,0,1.234,1.65,0,6.58
3/21/2026,19:30, ,gtmfmwq_24G103006_030426_050000.bin,Fort Matanzas,GTMNERR,0,52.436,0,34.6,0,1.825,0,107,0,8.25,0,6.01,2.88,8.01,0,-86.2,5.37,17.918,0,6.27,0,1.226,1.44,0,5.74
3/21/2026,19:45, ,gtmfmwq_24G103006_030426_050000.bin,Fort Matanzas,GTMNERR,0,52.476,0,34.63,0,1.902,0,107,0,8.26,0,5.53,2.72,8.01,0,-86.5,5.37,17.801,0,6.25,0,1.222,1.31,0,5.22
3/21/2026,20:00, ,gtmfmwq_24G103006_030426_050000.bin,Fort Matanzas,GTMNERR,0,52.509,0,34.65,0,1.976,0,107.1,0,8.28,0,5.24,2.62,8.02,0,-86.7,5.38,17.73,0,6.54,0,1.218,1.35,0,5.39
3/21/2026,20:15, ,gtmfmwq_24G103006_030426_050000.bin,Fort Matanzas,GTMNERR,0,52.53,0,34.67,0,2.059,0,106.1,0,8.21,0,4.95,2.53,8.03,0,-87.3,5.37,17.708,0,5.99,0,1.219,1.29,0,5.13
3/21/2026,20:30, ,gtmfmwq_24G103006_030426_050000.bin,Fort Matanzas,GTMNERR,0,52.54,0,34.67,0,2.145,0,104.9,0,8.13,0,4.74,2.45,8.03,0,-87.2,5.38,17.605,0,5.56,0,1.229,1.43,0,5.68
3/21/2026,20:45, ,gtmfmwq_24G103006_030426_050000.bin,Fort Matanzas,GTMNERR,0,52.549,0,34.68,0,2.231,0,104,0,8.09,0,4.51,2.38,8.03,0,-87.7,5.37,17.442,0,5.41,0,1.223,1.44,0,5.72
3/21/2026,21:00, ,gtmfmwq_24G103006_030426_050000.bin,Fort Matanzas,GTMNERR,0,52.549,0,34.68,0,2.321,0,103.5,0,8.06,0,4.57,2.4,8.04,0,-88,5.37,17.394,0,5.62,0,1.217,1.49,0,5.96
3/21/2026,21:15, ,gtmfmwq_24G103006_030426_050000.bin,Fort Matanzas,GTMNERR,0,52.549,0,34.68,0,2.404,0,103.1,0,8.03,0,4.56,2.4,8.03,0,-87.3,5.38,17.372,0,6.59,0,1.221,1.49,0,5.94
3/21/2026,21:30, ,gtmfmwq_24G103006_030426_050000.bin,Fort Matanzas,GTMNERR,0,52.549,0,34.68,0,2.483,0,102.9,0,8.01,0,4.53,2.39,8.04,0,-87.8,5.37,17.333,0,5.73,0,1.221,1.43,0,5.71
3/21/2026,21:45, ,gtmfmwq_24G103006_030426_050000.bin,Fort Matanzas,GTMNERR,0,52.552,0,34.68,0,2.551,0,99.9,0,7.78,0,4.63,2.42,8.03,0,-87.1,5.38,17.33,0,4.55,0,1.22,1.14,0,4.55
3/21/2026,22:00, ,gtmfmwq_24G103006_030426_050000.bin,Fort Matanzas,GTMNERR,0,52.554,0,34.68,0,2.607,0,89.3,0,6.96,0,4.76,2.46,7.97,0,-84.1,5.37,17.322,0,3.22,0,1.218,0.52,0,2.04
3/21/2026,22:15, ,gtmfmwq_24G103006_030426_050000.bin,Fort Matanzas,GTMNERR,0,52.551,0,34.68,0,2.659,0,87.2,0,6.79,0,4.67,2.43,7.98,0,-84.4,5.37,17.319,0,3.44,0,1.221,0.58,0,2.26
3/21/2026,22:30, ,gtmfmwq_24G103006_030426_050000.bin,Fort Matanzas,GTMNERR,0,52.553,0,34.68,0,2.696,0,93.6,0,7.29,0,4.67,2.43,8,0,-85.9,5.38,17.323,0,4.41,0,1.227,0.85,0,3.35
3/21/2026,22:45, ,gtmfmwq_24G103006_030426_050000.bin,Fort Matanzas,GTMNERR,0,52.554,0,34.68,0,2.721,0,97.2,0,7.57,0,4.7,2.44,8.02,0,-86.5,5.36,17.33,0,4.94,0,1.227,0.94,0,3.7
3/21/2026,23:00, ,gtmfmwq_24G103006_030426_050000.bin,Fort Matanzas,GTMNERR,0,52.551,0,34.68,0,2.739,0,99.1,0,7.72,0,4.7,2.44,8.03,0,-87.1,5.38,17.341,0,4.45,0,1.226,1.11,0,4.42
3/21/2026,23:15, ,gtmfmwq_24G103006_030426_050000.bin,Fort Matanzas,GTMNERR,0,52.531,0,34.66,0,2.745,0,101.3,0,7.87,0,5.23,2.62,8.03,0,-87.4,5.37,17.485,0,6.26,0,1.224,1.29,0,5.14
3/21/2026,23:30, ,gtmfmwq_24G103006_030426_050000.bin,Fort Matanzas,GTMNERR,0,52.462,0,34.62,0,2.734,0,102.3,0,7.91,0,6.1,2.91,8.01,0,-86.2,5.37,17.73,0,5.36,0,1.226,1.25,0,4.97
3/21/2026,23:45, ,gtmfmwq_24G103006_030426_050000.bin,Fort Matanzas,GTMNERR,0,52.402,0,34.57,0,2.692,0,103.4,0,7.96,0,6.93,3.19,8,0,-85.8,5.38,17.976,0,5.67,0,1.23,1.29,0,5.12
3/22/2026,0:00, ,gtmfmwq_24G103006_030426_050000.bin,Fort Matanzas,GTMNERR,0,52.426,0,34.59,0,2.648,0,103.1,0,7.91,0,7.67,3.43,7.97,0,-84.3,5.37,18.198,0,6.38,0,1.232,1.25,0,4.98
3/22/2026,0:15, ,gtmfmwq_24G103006_030426_050000.bin,Fort Matanzas,GTMNERR,0,52.363,0,34.55,0,2.599,0,102.7,0,7.84,0,8.99,3.87,7.96,0,-83.3,5.37,18.476,0,7.66,0,1.221,1.25,0,4.97
3/22/2026,0:30, ,gtmfmwq_24G103006_030426_050000.bin,Fort Matanzas,GTMNERR,0,52.232,0,34.45,0,2.547,0,103.2,0,7.85,0,10.55,4.4,7.95,0,-82.8,5.37,18.68,0,8.83,0,1.219,1.26,0,5.01
3/22/2026,0:45, ,gtmfmwq_24G103006_030426_050000.bin,Fort Matanzas,GTMNERR,0,52.098,0,34.35,0,2.498,0,103,0,7.82,0,12.28,4.98,7.93,0,-81.9,5.36,18.77,0,7.63,0,1.217,1.18,0,4.67
3/22/2026,1:00, ,gtmfmwq_24G103006_030426_050000.bin,Fort Matanzas,GTMNERR,0,52.028,0,34.3,0,2.439,0,103.1,0,7.83,0,12.81,5.15,7.93,0,-82,5.37,18.78,0,7.96,0,1.22,1.22,0,4.86
3/22/2026,1:15, ,gtmfmwq_24G103006_030426_050000.bin,Fort Matanzas,GTMNERR,0,51.992,0,34.27,0,2.378,0,102.7,0,7.81,0,13.25,5.3,7.93,0,-81.6,5.37,18.776,0,7.8,0,1.228,1.27,0,5.05
3/22/2026,1:30, ,gtmfmwq_24G103006_030426_050000.bin,Fort Matanzas,GTMNERR,0,51.989,0,34.27,0,2.313,0,102.7,0,7.81,0,13.18,5.28,7.93,0,-81.8,5.38,18.72,0,7.08,0,1.227,1.16,0,4.62
3/22/2026,1:45, ,gtmfmwq_24G103006_030426_050000.bin,Fort Matanzas,GTMNERR,0,51.974,0,34.26,0,2.252,0,100.4,0,7.64,0,13.42,5.36,7.92,0,-81,5.37,18.708,0,6.07,0,1.228,1.09,0,4.32
3/22/2026,2:00, ,gtmfmwq_24G103006_030426_050000.bin,Fort Matanzas,GTMNERR,0,51.97,0,34.26,0,2.194,0,101.6,0,7.73,0,13.43,5.36,7.93,0,-81.6,5.37,18.679,0,6.85,0,1.231,1.28,0,5.1
3/22/2026,2:15, ,gtmfmwq_24G103006_030426_050000.bin,Fort Matanzas,GTMNERR,0,52.003,0,34.28,0,2.137,0,100.1,0,7.63,0,13.12,5.25,7.92,0,-81.3,5.38,18.59,0,5.53,0,1.233,1.15,0,4.55
3/22/2026,2:30, ,gtmfmwq_24G103006_030426_050000.bin,Fort Matanzas,GTMNERR,0,52.19,0,34.42,0,2.08,0,98.3,0,7.55,0,10.75,4.46,7.94,0,-82,5.37,18.124,0,5.49,0,1.221,1.04,0,4.11
3/22/2026,2:45, ,gtmfmwq_24G103006_030426_050000.bin,Fort Matanzas,GTMNERR,0,52.31,0,34.5,0,2.022,0,87.4,0,6.74,0,9.39,4.01,7.89,0,-79.2,5.38,17.897,0,4.09,0,1.217,0.51,0,1.97
3/22/2026,3:00, ,gtmfmwq_24G103006_030426_050000.bin,Fort Matanzas,GTMNERR,0,52.232,0,34.45,0,1.967,0,95,0,7.31,0,10.74,4.46,7.92,0,-80.9,5.37,18.046,0,3.59,0,1.22,0.96,0,3.81
3/22/2026,3:15, ,gtmfmwq_24G103006_030426_050000.bin,Fort Matanzas,GTMNERR,0,52.143,0,34.38,0,1.911,0,98.3,0,7.54,0,11.57,4.74,7.93,0,-81.5,5.37,18.219,0,4.88,0,1.232,1.05,0,4.14
3/22/2026,3:30, ,gtmfmwq_24G103006_030426_050000.bin,Fort Matanzas,GTMNERR,0,52.229,0,34.45,0,1.857,0,97.6,0,7.5,0,10.66,4.43,7.94,0,-82.1,5.38,18.107,0,4.4,0,1.224,0.95,0,3.77
3/22/2026,3:45, ,gtmfmwq_24G103006_030426_050000.bin,Fort Matanzas,GTMNERR,0,52.111,0,34.36,0,1.803,0,99.3,0,7.61,0,12.04,4.89,7.93,0,-81.9,5.36,18.297,0,4.81,0,1.225,1.01,0,4
3/22/2026,4:00, ,gtmfmwq_24G103006_030426_050000.bin,Fort Matanzas,GTMNERR,0,52.174,0,34.41,0,1.751,0,99.1,0,7.61,0,11.41,4.69,7.93,0,-81.8,5.38,18.165,0,4.32,0,1.223,0.98,0,3.88
3/22/2026,4:15, ,gtmfmwq_24G103006_030426_050000.bin,Fort Matanzas,GTMNERR,0,52.217,0,34.44,0,1.7,0,98.1,0,7.54,0,10.75,4.46,7.93,0,-81.9,5.37,18.113,0,5.16,0,1.217,0.96,0,3.78
3/22/2026,4:30, ,gtmfmwq_24G103006_030426_050000.bin,Fort Matanzas,GTMNERR,0,52.252,0,34.46,0,1.649,0,97.1,0,7.48,0,10.67,4.44,7.94,0,-82.2,5.37,17.981,0,4.74,0,1.217,0.93,0,3.67
3/22/2026,4:45, ,gtmfmwq_24G103006_030426_050000.bin,Fort Matanzas,GTMNERR,0,52.342,0,34.53,0,1.598,0,93.8,0,7.26,0,10.67,4.44,7.92,0,-81.1,5.38,17.733,0,4.79,0,1.222,0.79,0,3.11
3/22/2026,5:00, ,gtmfmwq_24G103006_030426_050000.bin,Fort Matanzas,GTMNERR,0,52.342,0,34.53,0,1.548,0,92.8,0,7.19,0,11.12,4.59,7.92,0,-81.1,5.37,17.628,0,4.73,0,1.232,0.82,0,3.25
3/22/2026,5:15, ,gtmfmwq_24G103006_030426_050000.bin,Fort Matanzas,GTMNERR,0,52.394,0,34.56,0,1.5,0,90.1,0,7.01,0,11.36,4.67,7.9,0,-80,5.38,17.421,0,4.59,0,1.225,0.78,0,3.06
3/22/2026,5:30, ,gtmfmwq_24G103006_030426_050000.bin,Fort Matanzas,GTMNERR,0,52.401,0,34.57,0,1.455,0,90.7,0,7.06,0,10.77,4.47,7.91,0,-80.6,5.37,17.403,0,4.84,0,1.221,0.77,0,3.02
3/22/2026,5:45, ,gtmfmwq_24G103006_030426_050000.bin,Fort Matanzas,GTMNERR,0,52.345,0,34.53,0,1.416,0,94.1,0,7.31,0,9.93,4.19,7.94,0,-82,5.37,17.553,0,6.07,0,1.221,0.83,0,3.25
3/22/2026,6:00, ,gtmfmwq_24G103006_030426_050000.bin,Fort Matanzas,GTMNERR,0,52.379,0,34.55,0,1.385,0,94.4,0,7.35,0,9.41,4.02,7.95,0,-82.4,5.38,17.407,0,9.02,0,1.215,0.96,0,3.81
3/22/2026,6:15, ,gtmfmwq_24G103006_030426_050000.bin,Fort Matanzas,GTMNERR,0,52.509,0,34.64,0,1.373,0,94.1,0,7.4,0,7.87,3.5,7.98,0,-84.1,5.36,16.843,0,6.86,0,1.217,1.1,0,4.38
3/22/2026,6:30, ,gtmfmwq_24G103006_030426_050000.bin,Fort Matanzas,GTMNERR,0,52.497,0,34.63,0,1.386,0,96.5,0,7.6,0,6.97,3.2,8,0,-85.6,5.37,16.756,0,7.4,0,1.231,1.25,0,4.98
3/22/2026,6:45, ,gtmfmwq_24G103006_030426_050000.bin,Fort Matanzas,GTMNERR,0,52.483,0,34.62,0,1.418,0,98.4,0,7.75,0,6.36,2.99,8.01,0,-86.2,5.36,16.761,0,6.93,0,1.23,1.19,0,4.73
3/22/2026,7:00, ,gtmfmwq_24G103006_030426_050000.bin,Fort Matanzas,GTMNERR,0,52.421,0,34.57,0,1.464,0,98.4,0,7.75,0,6.34,2.99,8.02,0,-86.6,5.36,16.782,0,7.16,0,1.221,1.2,0,4.76
3/22/2026,7:15, ,gtmfmwq_24G103006_030426_050000.bin,Fort Matanzas,GTMNERR,0,52.44,0,34.59,0,1.519,0,99,0,7.79,0,6.1,2.91,8.02,0,-86.9,5.37,16.843,0,7.38,0,1.222,1.24,0,4.94
3/22/2026,7:30, ,gtmfmwq_24G103006_030426_050000.bin,Fort Matanzas,GTMNERR,0,52.386,0,34.55,0,1.588,0,98.4,0,7.74,0,6.39,3.01,8.02,0,-86.6,5.36,16.921,0,8.26,0,1.229,1.2,0,4.77
3/22/2026,7:45, ,gtmfmwq_24G103006_030426_050000.bin,Fort Matanzas,GTMNERR,0,52.421,0,34.58,0,1.655,0,98.7,0,7.77,0,6.07,2.9,8.02,0,-86.4,5.37,16.841,0,7.41,0,1.226,1.11,0,4.38
3/22/2026,8:00, ,gtmfmwq_24G103006_030426_050000.bin,Fort Matanzas,GTMNERR,0,52.466,0,34.61,0,1.729,0,99.6,0,7.84,0,5.5,2.71,8.03,0,-87.3,5.36,16.799,0,6.96,0,1.224,1.15,0,4.58
3/22/2026,8:15, ,gtmfmwq_24G103006_030426_050000.bin,Fort Matanzas,GTMNERR,0,52.432,0,34.58,0,1.801,0,99,0,7.79,0,6.03,2.89,8.02,0,-86.4,5.36,16.861,0,6.7,0,1.224,1.14,0,4.54
3/22/2026,8:30, ,gtmfmwq_24G103006_030426_050000.bin,Fort Matanzas,GTMNERR,0,52.435,0,34.59,0,1.87,0,99.2,0,7.8,0,5.94,2.86,8.02,0,-86.7,5.37,16.886,0,6.89,0,1.223,1.14,0,4.54
3/22/2026,8:45, ,gtmfmwq_24G103006_030426_050000.bin,Fort Matanzas,GTMNERR,0,52.462,0,34.61,0,1.944,0,99.6,0,7.83,0,5.76,2.8,8.02,0,-86.8,5.36,16.865,0,5.72,0,1.222,1.03,0,4.08
3/22/2026,9:00, ,gtmfmwq_24G103006_030426_050000.bin,Fort Matanzas,GTMNERR,0,52.479,0,34.62,0,2.007,0,99.8,0,7.85,0,5.64,2.76,8.02,0,-86.8,5.37,16.857,0,5.4,0,1.219,0.99,0,3.94
3/22/2026,9:15, ,gtmfmwq_24G103006_030426_050000.bin,Fort Matanzas,GTMNERR,0,52.487,0,34.62,0,2.074,0,100,0,7.86,0,5.53,2.72,8.03,0,-87,5.36,16.855,0,5.21,0,1.217,0.99,0,3.91
3/22/2026,9:30, ,gtmfmwq_24G103006_030426_050000.bin,Fort Matanzas,GTMNERR,0,52.51,0,34.64,0,2.141,0,100.4,0,7.9,0,5.17,2.6,8.03,0,-87.5,5.36,16.836,0,5.75,0,1.22,0.99,0,3.94
3/22/2026,9:45, ,gtmfmwq_24G103006_030426_050000.bin,Fort Matanzas,GTMNERR,0,52.518,0,34.65,0,2.208,0,100.6,0,7.91,0,5.1,2.58,8.04,0,-87.6,5.37,16.84,0,5.05,0,1.232,1.06,0,4.19
3/22/2026,10:00, ,gtmfmwq_24G103006_030426_050000.bin,Fort Matanzas,GTMNERR,0,52.523,0,34.65,0,2.274,0,100.6,0,7.91,0,4.8,2.48,8.03,0,-87.1,5.36,16.853,0,5,0,1.234,0.96,0,3.8
3/22/2026,10:15, ,gtmfmwq_24G103006_030426_050000.bin,Fort Matanzas,GTMNERR,0,52.53,0,34.66,0,2.336,0,99.2,0,7.8,0,5,2.54,8.02,0,-86.6,5.37,16.874,0,3.96,0,1.223,0.86,0,3.38
3/22/2026,10:30, ,gtmfmwq_24G103006_030426_050000.bin,Fort Matanzas,GTMNERR,0,52.532,0,34.66,0,2.379,0,87.8,0,6.9,0,5,2.54,7.97,0,-83.8,5.36,16.898,0,3.45,0,1.218,0.67,0,2.64
3/22/2026,10:45, ,gtmfmwq_24G103006_030426_050000.bin,Fort Matanzas,GTMNERR,0,52.527,0,34.66,0,2.419,0,97.9,0,7.68,0,4.79,2.47,8.02,0,-86.6,5.36,16.933,0,4.45,0,1.223,0.86,0,3.38
3/22/2026,11:00, ,gtmfmwq_24G103006_030426_050000.bin,Fort Matanzas,GTMNERR,0,52.502,0,34.64,0,2.452,0,97.7,0,7.66,0,5.24,2.62,8.01,0,-86.1,5.37,17.042,0,3.71,0,1.223,0.76,0,3
3/22/2026,11:15, ,gtmfmwq_24G103006_030426_050000.bin,Fort Matanzas,GTMNERR,0,52.46,0,34.61,0,2.465,0,96.9,0,7.57,0,5.93,2.85,8,0,-85.4,5.36,17.185,0,3.96,0,1.225,0.89,0,3.51
3/22/2026,11:30, ,gtmfmwq_24G103006_030426_050000.bin,Fort Matanzas,GTMNERR,0,52.431,0,34.59,0,2.47,0,98.5,0,7.69,0,5.98,2.87,8.01,0,-86,5.37,17.266,0,4.38,0,1.228,0.87,0,3.43
3/22/2026,11:45, ,gtmfmwq_24G103006_030426_050000.bin,Fort Matanzas,GTMNERR,0,52.398,0,34.57,0,2.442,0,98.8,0,7.7,0,6.37,3,8,0,-85.6,5.37,17.394,0,4.99,0,1.23,1.02,0,4.05
3/22/2026,12:00, ,gtmfmwq_24G103006_030426_050000.bin,Fort Matanzas,GTMNERR,0,52.4,0,34.57,0,2.406,0,98.4,0,7.66,0,6.6,3.08,7.99,0,-85.3,5.37,17.398,0,5.93,0,1.227,0.97,0,3.82
3/22/2026,12:15, ,gtmfmwq_24G103006_030426_050000.bin,Fort Matanzas,GTMNERR,0,52.431,0,34.59,0,2.367,0,97.5,0,7.57,0,7.36,3.33,7.97,0,-84.1,5.38,17.523,0,5.77,0,1.228,0.98,0,3.86
3/22/2026,12:30, ,gtmfmwq_24G103006_030426_050000.bin,Fort Matanzas,GTMNERR,0,52.414,0,34.58,0,2.333,0,96.2,0,7.44,0,8.37,3.67,7.95,0,-82.7,5.36,17.747,0,5.55,0,1.224,0.81,0,3.2
3/22/2026,12:45, ,gtmfmwq_24G103006_030426_050000.bin,Fort Matanzas,GTMNERR,0,52.364,0,34.55,0,2.283,0,95.1,0,7.33,0,9.5,4.04,7.93,0,-81.9,5.38,17.966,0,5.98,0,1.22,0.83,0,3.29
3/22/2026,13:00, ,gtmfmwq_24G103006_030426_050000.bin,Fort Matanzas,GTMNERR,0,52.31,0,34.51,0,2.236,0,95.7,0,7.34,0,10.14,4.26,7.92,0,-81.3,5.37,18.202,0,5.57,0,1.22,0.81,0,3.18
3/22/2026,13:15, ,gtmfmwq_24G103006_030426_050000.bin,Fort Matanzas,GTMNERR,0,52.262,0,34.47,0,2.182,0,96.5,0,7.38,0,10.74,4.46,7.91,0,-80.6,5.37,18.361,0,5.95,0,1.222,0.84,0,3.31
3/22/2026,13:30, ,gtmfmwq_24G103006_030426_050000.bin,Fort Matanzas,GTMNERR,0,52.223,0,34.44,0,2.124,0,96.6,0,7.37,0,11.23,4.62,7.91,0,-80.3,5.38,18.484,0,5.63,0,1.222,0.83,0,3.29
3/22/2026,13:45, ,gtmfmwq_24G103006_030426_050000.bin,Fort Matanzas,GTMNERR,0,52.203,0,34.43,0,2.072,0,96.5,0,7.35,0,11.31,4.65,7.9,0,-80.1,5.37,18.575,0,5.11,0,1.225,0.76,0,2.99
3/22/2026,14:00, ,gtmfmwq_24G103006_030426_050000.bin,Fort Matanzas,GTMNERR,0,52.192,0,34.42,0,2.018,0,97.5,0,7.42,0,11.23,4.62,7.9,0,-80.2,5.38,18.658,0,4.86,0,1.226,0.8,0,3.13
3/22/2026,14:15, ,gtmfmwq_24G103006_030426_050000.bin,Fort Matanzas,GTMNERR,0,52.244,0,34.46,0,1.968,0,97.8,0,7.42,0,10.87,4.5,7.91,0,-80.7,5.37,18.775,0,4.46,0,1.224,0.82,0,3.25
3/22/2026,14:30, ,gtmfmwq_24G103006_030426_050000.bin,Fort Matanzas,GTMNERR,0,52.458,0,34.62,0,1.917,0,109.1,0,8.15,0,6.42,3.02,7.99,0,-85.4,5.36,19.568,0,6.48,0,1.22,0.58,0,2.27
3/22/2026,14:45, ,gtmfmwq_24G103006_030426_050000.bin,Fort Matanzas,GTMNERR,0,52.415,0,34.59,0,1.863,0,105.6,0,7.93,0,7.17,3.27,7.96,0,-83.8,5.37,19.297,0,5.99,0,1.229,0.64,0,2.49
3/22/2026,15:00, ,gtmfmwq_24G103006_030426_050000.bin,Fort Matanzas,GTMNERR,0,52.233,0,34.45,0,1.812,0,99.2,0,7.51,0,10.25,4.3,7.91,0,-80.7,5.36,18.914,0,7.64,0,1.226,0.87,0,3.43
3/22/2026,15:15, ,gtmfmwq_24G103006_030426_050000.bin,Fort Matanzas,GTMNERR,0,52.252,0,34.47,0,1.759,0,100.8,0,7.65,0,10.28,4.31,7.92,0,-81.2,5.36,18.826,0,4.51,0,1.224,0.91,0,3.58
3/22/2026,15:30, ,gtmfmwq_24G103006_030426_050000.bin,Fort Matanzas,GTMNERR,0,52.217,0,34.44,0,1.708,0,101,0,7.65,0,10.82,4.49,7.92,0,-80.9,5.36,18.889,0,4.64,0,1.234,0.98,0,3.89
3/22/2026,15:45, ,gtmfmwq_24G103006_030426_050000.bin,Fort Matanzas,GTMNERR,0,52.366,0,34.55,0,1.656,0,104.6,0,7.86,0,7.95,3.53,7.95,0,-82.9,5.36,19.3,0,13.18,0,1.228,1.27,0,5.05
3/22/2026,16:00, ,gtmfmwq_24G103006_030426_050000.bin,Fort Matanzas,GTMNERR,0,52.369,0,34.55,0,1.607,0,104.3,0,7.85,0,8.47,3.7,7.95,0,-83,5.37,19.198,0,4.97,0,1.22,0.82,0,3.21
3/22/2026,16:15, ,gtmfmwq_24G103006_030426_050000.bin,Fort Matanzas,GTMNERR,0,52.392,0,34.57,0,1.556,0,104.4,0,7.82,0,9.24,3.96,7.94,0,-82.5,5.36,19.404,0,5.59,0,1.222,0.98,0,3.87
3/22/2026,16:30, ,gtmfmwq_24G103006_030426_050000.bin,Fort Matanzas,GTMNERR,0,52.321,0,34.52,0,1.504,0,105.3,0,7.83,0,9.45,4.03,7.93,0,-82.1,5.37,19.816,0,6.07,0,1.226,0.97,0,3.83
3/22/2026,16:45, ,gtmfmwq_24G103006_030426_050000.bin,Fort Matanzas,GTMNERR,0,52.273,0,34.48,0,1.45,0,102.9,0,7.73,0,10.11,4.25,7.92,0,-81.5,5.36,19.307,0,6.16,0,1.23,1.11,0,4.4
3/22/2026,17:00, ,gtmfmwq_24G103006_030426_050000.bin,Fort Matanzas,GTMNERR,0,52.303,0,34.51,0,1.397,0,103.4,0,7.77,0,9.71,4.12,7.93,0,-81.6,5.36,19.303,0,5.78,0,1.231,1.08,0,4.3
3/22/2026,17:15, ,gtmfmwq_24G103006_030426_050000.bin,Fort Matanzas,GTMNERR,0,52.342,0,34.53,0,1.349,0,104.1,0,7.8,0,9.28,3.97,7.93,0,-82,5.37,19.419,0,6.63,0,1.228,1.04,0,4.11
3/22/2026,17:30, ,gtmfmwq_24G103006_030426_050000.bin,Fort Matanzas,GTMNERR,0,52.363,0,34.55,0,1.304,0,104.4,0,7.82,0,9.05,3.89,7.94,0,-82.2,5.36,19.435,0,7.27,0,1.233,1.11,0,4.39
3/22/2026,17:45, ,gtmfmwq_24G103006_030426_050000.bin,Fort Matanzas,GTMNERR,0,52.353,0,34.54,0,1.271,0,103.9,0,7.8,0,8.63,3.76,7.94,0,-82.3,5.37,19.341,0,8.88,0,1.234,1.25,0,4.98
3/22/2026,18:00, ,gtmfmwq_24G103006_030426_050000.bin,Fort Matanzas,GTMNERR,0,52.447,0,34.61,0,1.259,0,106.4,0,8.02,0,7.12,3.25,7.97,0,-84.4,5.36,19.094,0,13.41,0,1.226,1.61,0,6.42
3/22/2026,18:15, ,gtmfmwq_24G103006_030426_050000.bin,Fort Matanzas,GTMNERR,0,52.5,0,34.65,0,1.267,0,107.6,0,8.17,0,5.72,2.78,8,0,-86.1,5.36,18.662,0,12.28,0,1.214,1.56,0,6.22
3/22/2026,18:30, ,gtmfmwq_24G103006_030426_050000.bin,Fort Matanzas,GTMNERR,0,52.46,0,34.62,0,1.306,0,107.5,0,8.18,0,5.89,2.84,8,0,-85.9,5.36,18.602,0,13.34,0,1.224,1.8,0,7.18
3/22/2026,18:45, ,gtmfmwq_24G103006_030426_050000.bin,Fort Matanzas,GTMNERR,0,52.473,0,34.63,0,1.354,0,107.2,0,8.18,0,5.65,2.76,8,0,-86.1,5.35,18.461,0,9.5,0,1.23,1.87,0,7.47
3/22/2026,19:00, ,gtmfmwq_24G103006_030426_050000.bin,Fort Matanzas,GTMNERR,0,52.367,0,34.55,0,1.409,0,107.1,0,8.15,0,6.49,3.04,8,0,-85.9,5.36,18.568,0,10.61,0,1.234,2.09,0,8.37
3/22/2026,19:15, ,gtmfmwq_24G103006_030426_050000.bin,Fort Matanzas,GTMNERR,0,52.258,0,34.47,0,1.476,0,106.5,0,8.07,0,7.42,3.35,7.98,0,-84.9,5.35,18.825,0,11.92,0,1.226,1.99,0,7.94
3/22/2026,19:30, ,gtmfmwq_24G103006_030426_050000.bin,Fort Matanzas,GTMNERR,0,52.237,0,34.46,0,1.55,0,106.1,0,8.04,0,7.53,3.39,7.99,0,-85.2,5.35,18.829,0,10.62,0,1.224,1.91,0,7.65
3/22/2026,19:45, ,gtmfmwq_24G103006_030426_050000.bin,Fort Matanzas,GTMNERR,0,52.302,0,34.5,0,1.633,0,106.5,0,8.09,0,7.01,3.21,7.99,0,-85.4,5.37,18.706,0,10.23,0,1.217,1.83,0,7.33
3/22/2026,20:00, ,gtmfmwq_24G103006_030426_050000.bin,Fort Matanzas,GTMNERR,0,52.29,0,34.49,0,1.713,0,106.2,0,8.06,0,7.18,3.27,7.99,0,-85.4,5.35,18.75,0,9.82,0,1.218,1.72,0,6.88
3/22/2026,20:15, ,gtmfmwq_24G103006_030426_050000.bin,Fort Matanzas,GTMNERR,0,52.292,0,34.5,0,1.795,0,105.8,0,8.04,0,7.17,3.27,7.98,0,-84.9,5.36,18.684,0,9.72,0,1.23,1.94,0,7.76
3/22/2026,20:30, ,gtmfmwq_24G103006_030426_050000.bin,Fort Matanzas,GTMNERR,0,52.322,0,34.52,0,1.872,0,105.1,0,8.01,0,6.99,3.21,8,0,-85.6,5.36,18.574,0,8.38,0,1.224,1.87,0,7.48
3/22/2026,20:45, ,gtmfmwq_24G103006_030426_050000.bin,Fort Matanzas,GTMNERR,0,52.334,0,34.53,0,1.95,0,105.1,0,8.01,0,6.92,3.18,8,0,-85.6,5.36,18.526,0,7.79,0,1.221,1.84,0,7.37
3/22/2026,21:00, ,gtmfmwq_24G103006_030426_050000.bin,Fort Matanzas,GTMNERR,0,52.425,0,34.59,0,2.022,0,105,0,8.03,0,5.99,2.87,8,0,-85.8,5.36,18.305,0,8.14,0,1.217,1.5,0,6
3/22/2026,21:15, ,gtmfmwq_24G103006_030426_050000.bin,Fort Matanzas,GTMNERR,0,52.496,0,34.64,0,2.101,0,104.3,0,8.01,0,5.41,2.68,8.01,0,-86.3,5.35,18.118,0,8.53,0,1.215,1.85,0,7.4
3/22/2026,21:30, ,gtmfmwq_24G103006_030426_050000.bin,Fort Matanzas,GTMNERR,0,52.54,0,34.68,0,2.184,0,103.2,0,7.94,0,5.16,2.6,8.02,0,-86.8,5.36,17.975,0,8.43,0,1.217,1.79,0,7.15
3/22/2026,21:45, ,gtmfmwq_24G103006_030426_050000.bin,Fort Matanzas,GTMNERR,0,52.549,0,34.68,0,2.266,0,102.7,0,7.91,0,4.93,2.52,8.02,0,-87.1,5.35,17.954,0,8.43,0,1.229,1.65,0,6.58
3/22/2026,22:00, ,gtmfmwq_24G103006_030426_050000.bin,Fort Matanzas,GTMNERR,0,52.554,0,34.69,0,2.347,0,101,0,7.78,0,5.01,2.55,8.02,0,-86.7,5.35,17.958,0,7.7,0,1.233,1.53,0,6.1
3/22/2026,22:15, ,gtmfmwq_24G103006_030426_050000.bin,Fort Matanzas,GTMNERR,0,52.543,0,34.68,0,2.422,0,100.9,0,7.77,0,4.7,2.44,8.01,0,-86.5,5.36,17.926,0,8.57,0,1.226,1.79,0,7.16
3/22/2026,22:30, ,gtmfmwq_24G103006_030426_050000.bin,Fort Matanzas,GTMNERR,0,52.563,0,34.69,0,2.496,0,97.3,0,7.51,0,4.34,2.32,8.01,0,-86,5.34,17.852,0,7.18,0,1.229,1.19,0,4.71
3/22/2026,22:45, ,gtmfmwq_24G103006_030426_050000.bin,Fort Matanzas,GTMNERR,0,52.571,0,34.7,0,2.554,0,79.3,0,6.13,0,4.84,2.49,7.94,0,-82.4,5.36,17.775,0,5.8,0,1.218,0.9,0,3.55
3/22/2026,23:00, ,gtmfmwq_24G103006_030426_050000.bin,Fort Matanzas,GTMNERR,0,52.567,0,34.69,0,2.603,0,85.9,0,6.65,0,4.67,2.43,7.98,0,-84.3,5.35,17.672,0,7.1,0,1.222,1.06,0,4.21
3/22/2026,23:15, ,gtmfmwq_24G103006_030426_050000.bin,Fort Matanzas,GTMNERR,0,52.576,0,34.7,0,2.643,0,93.3,0,7.23,0,4.56,2.39,7.99,0,-85,5.35,17.6,0,5.69,0,1.231,1.03,0,4.07
3/22/2026,23:30, ,gtmfmwq_24G103006_030426_050000.bin,Fort Matanzas,GTMNERR,0,52.57,0,34.69,0,2.672,0,95.4,0,7.38,0,4.62,2.42,8.01,0,-86,5.36,17.702,0,5.04,0,1.226,1.28,0,5.07
3/22/2026,23:45, ,gtmfmwq_24G103006_030426_050000.bin,Fort Matanzas,GTMNERR,0,52.573,0,34.7,0,2.688,0,97.6,0,7.53,0,4.78,2.47,8.01,0,-86.5,5.34,17.833,0,6.48,0,1.218,1.17,0,4.65
3/23/2026,0:00, ,gtmfmwq_24G103006_030426_050000.bin,Fort Matanzas,GTMNERR,0,52.419,0,34.59,0,2.688,0,100.5,0,7.71,0,6.48,3.04,8,0,-85.7,5.36,18.205,0,8.01,0,1.221,1.4,0,5.57
3/23/2026,0:15, ,gtmfmwq_24G103006_030426_050000.bin,Fort Matanzas,GTMNERR,0,52.296,0,34.5,0,2.673,0,101.3,0,7.72,0,7.65,3.43,7.99,0,-85,5.34,18.533,0,6.11,0,1.227,1.41,0,5.6
3/23/2026,0:30, ,gtmfmwq_24G103006_030426_050000.bin,Fort Matanzas,GTMNERR,0,52.358,0,34.54,0,2.639,0,101.3,0,7.69,0,7.85,3.49,7.97,0,-84.1,5.35,18.747,0,8.29,0,1.23,1.64,0,6.54
3/23/2026,0:45, ,gtmfmwq_24G103006_030426_050000.bin,Fort Matanzas,GTMNERR,0,52.386,0,34.57,0,2.596,0,101.5,0,7.65,0,8.48,3.7,7.96,0,-83.3,5.35,19.123,0,9.55,0,1.215,1.48,0,5.89
3/23/2026,1:00, ,gtmfmwq_24G103006_030426_050000.bin,Fort Matanzas,GTMNERR,0,52.373,0,34.56,0,2.557,0,101.4,0,7.59,0,9.3,3.98,7.95,0,-83.1,5.31,19.478,0,9.61,0,1.221,1.4,0,5.59
3/23/2026,1:15, ,gtmfmwq_24G103006_030426_050000.bin,Fort Matanzas,GTMNERR,0,52.312,0,34.51,0,2.503,0,101.8,0,7.59,0,10.77,4.47,7.94,0,-82.3,5.32,19.767,0,9.63,0,1.225,1.38,0,5.5
3/23/2026,1:30, ,gtmfmwq_24G103006_030426_050000.bin,Fort Matanzas,GTMNERR,0,52.229,0,34.45,0,2.447,0,101.1,0,7.52,0,11.77,4.8,7.92,0,-81.6,5.31,19.876,0,8.87,0,1.225,1.28,0,5.11
3/23/2026,1:45, ,gtmfmwq_24G103006_030426_050000.bin,Fort Matanzas,GTMNERR,0,52.184,0,34.42,0,2.391,0,101.5,0,7.55,0,12.45,5.03,7.91,0,-81.1,5.32,19.888,0,9.02,0,1.231,1.35,0,5.39
3/23/2026,2:00, ,gtmfmwq_24G103006_030426_050000.bin,Fort Matanzas,GTMNERR,0,52.165,0,34.4,0,2.336,0,100.3,0,7.46,0,12.6,5.08,7.91,0,-80.8,5.33,19.849,0,8.55,0,1.223,1.19,0,4.73
3/23/2026,2:15, ,gtmfmwq_24G103006_030426_050000.bin,Fort Matanzas,GTMNERR,0,52.146,0,34.39,0,2.272,0,99.1,0,7.39,0,12.45,5.03,7.91,0,-80.8,5.32,19.743,0,7.87,0,1.222,1.28,0,5.08
3/23/2026,2:30, ,gtmfmwq_24G103006_030426_050000.bin,Fort Matanzas,GTMNERR,0,52.144,0,34.39,0,2.216,0,98.8,0,7.36,0,12.8,5.15,7.9,0,-80.3,5.33,19.792,0,7.36,0,1.226,1.2,0,4.76
3/23/2026,2:45, ,gtmfmwq_24G103006_030426_050000.bin,Fort Matanzas,GTMNERR,0,52.142,0,34.39,0,2.157,0,99.9,0,7.46,0,12.84,5.16,7.91,0,-80.6,5.32,19.715,0,6.47,0,1.219,1.26,0,5.01
3/23/2026,3:00, ,gtmfmwq_24G103006_030426_050000.bin,Fort Matanzas,GTMNERR,0,52.155,0,34.4,0,2.102,0,96.2,0,7.19,0,12.95,5.2,7.89,0,-79.7,5.32,19.633,0,5.09,0,1.218,1.01,0,4.02
3/23/2026,3:15, ,gtmfmwq_24G103006_030426_050000.bin,Fort Matanzas,GTMNERR,0,52.203,0,34.43,0,2.05,0,90.7,0,6.82,0,11.07,4.57,7.89,0,-79.5,5.33,19.315,0,4.38,0,1.222,0.88,0,3.49
3/23/2026,3:30, ,gtmfmwq_24G103006_030426_050000.bin,Fort Matanzas,GTMNERR,0,52.301,0,34.5,0,1.993,0,94.2,0,7.14,0,10.17,4.27,7.91,0,-80.6,5.31,18.805,0,5.1,0,1.228,0.97,0,3.84
3/23/2026,3:45, ,gtmfmwq_24G103006_030426_050000.bin,Fort Matanzas,GTMNERR,0,52.258,0,34.47,0,1.94,0,89.9,0,6.8,0,10.4,4.34,7.88,0,-78.8,5.32,18.914,0,4.96,0,1.22,0.82,0,3.23
3/23/2026,4:00, ,gtmfmwq_24G103006_030426_050000.bin,Fort Matanzas,GTMNERR,0,52.261,0,34.47,0,1.888,0,92.7,0,7,0,10.65,4.43,7.9,0,-79.8,5.31,19.019,0,4.8,0,1.215,0.91,0,3.59
3/23/2026,4:15, ,gtmfmwq_24G103006_030426_050000.bin,Fort Matanzas,GTMNERR,0,52.252,0,34.47,0,1.837,0,95.1,0,7.19,0,10.86,4.5,7.9,0,-80.2,5.32,18.986,0,5.22,0,1.218,1,0,3.95
3/23/2026,4:30, ,gtmfmwq_24G103006_030426_050000.bin,Fort Matanzas,GTMNERR,0,52.226,0,34.45,0,1.787,0,97.5,0,7.34,0,12.02,4.89,7.91,0,-80.6,5.33,19.226,0,4.53,0,1.228,1.1,0,4.36
3/23/2026,4:45, ,gtmfmwq_24G103006_030426_050000.bin,Fort Matanzas,GTMNERR,0,52.227,0,34.45,0,1.736,0,97.3,0,7.34,0,11.58,4.74,7.92,0,-81,5.32,19.13,0,4.42,0,1.233,1.06,0,4.2
3/23/2026,5:00, ,gtmfmwq_24G103006_030426_050000.bin,Fort Matanzas,GTMNERR,0,52.225,0,34.45,0,1.683,0,97.5,0,7.35,0,11.65,4.76,7.92,0,-81,5.33,19.148,0,4.79,0,1.224,1.06,0,4.2
3/23/2026,5:15, ,gtmfmwq_24G103006_030426_050000.bin,Fort Matanzas,GTMNERR,0,52.243,0,34.46,0,1.632,0,97.3,0,7.34,0,11.35,4.66,7.92,0,-81,5.32,19.065,0,4.87,0,1.22,1,0,3.95
3/23/2026,5:30, ,gtmfmwq_24G103006_030426_050000.bin,Fort Matanzas,GTMNERR,0,52.306,0,34.51,0,1.581,0,95.1,0,7.22,0,11.04,4.56,7.92,0,-81,5.32,18.795,0,4.7,0,1.219,1.4,0,5.56
3/23/2026,5:45, ,gtmfmwq_24G103006_030426_050000.bin,Fort Matanzas,GTMNERR,0,52.362,0,34.55,0,1.531,0,92.6,0,7.06,0,10.85,4.5,7.9,0,-80.2,5.33,18.499,0,5.23,0,1.227,0.96,0,3.82
3/23/2026,6:00, ,gtmfmwq_24G103006_030426_050000.bin,Fort Matanzas,GTMNERR,0,52.384,0,34.56,0,1.481,0,91.9,0,7.02,0,10.92,4.52,7.9,0,-79.7,5.32,18.353,0,5.07,0,1.229,0.86,0,3.4
3/23/2026,6:15, ,gtmfmwq_24G103006_030426_050000.bin,Fort Matanzas,GTMNERR,0,52.399,0,34.57,0,1.439,0,90.4,0,6.94,0,10.56,4.4,7.9,0,-80.2,5.33,18.148,0,5.32,0,1.222,0.82,0,3.23
3/23/2026,6:30, ,gtmfmwq_24G103006_030426_050000.bin,Fort Matanzas,GTMNERR,0,52.391,0,34.57,0,1.399,0,91,0,6.99,0,10.52,4.39,7.91,0,-80.4,5.33,18.125,0,5.34,0,1.222,0.87,0,3.43
3/23/2026,6:45, ,gtmfmwq_24G103006_030426_050000.bin,Fort Matanzas,GTMNERR,0,52.374,0,34.55,0,1.369,0,92.1,0,7.06,0,10.08,4.24,7.92,0,-80.9,5.32,18.197,0,7.17,0,1.222,0.85,0,3.36
3/23/2026,7:00, ,gtmfmwq_24G103006_030426_050000.bin,Fort Matanzas,GTMNERR,0,52.4,0,34.57,0,1.349,0,93.5,0,7.24,0,8.1,3.58,7.95,0,-82.5,5.33,17.661,0,12.97,0,1.227,1.26,0,5.01
3/23/2026,7:15, ,gtmfmwq_24G103006_030426_050000.bin,Fort Matanzas,GTMNERR,0,52.509,0,34.64,0,1.347,0,93.9,0,7.37,0,6.89,3.17,7.97,0,-83.7,5.27,16.973,0,9.01,0,1.233,1.33,0,5.29
3/23/2026,7:30, ,gtmfmwq_24G103006_030426_050000.bin,Fort Matanzas,GTMNERR,0,52.484,0,34.62,0,1.366,0,95.7,0,7.52,0,6,2.88,7.99,0,-85.1,5.29,16.921,0,9.59,0,1.223,1.49,0,5.96
3/23/2026,7:45, ,gtmfmwq_24G103006_030426_050000.bin,Fort Matanzas,GTMNERR,0,52.493,0,34.63,0,1.411,0,96.6,0,7.59,0,5.88,2.84,8,0,-85.6,5.28,16.874,0,9.1,0,1.219,1.45,0,5.78
3/23/2026,8:00, ,gtmfmwq_24G103006_030426_050000.bin,Fort Matanzas,GTMNERR,0,52.452,0,34.6,0,1.466,0,96.3,0,7.55,0,6.28,2.97,7.99,0,-84.9,5.29,17.003,0,9.37,0,1.23,1.52,0,6.05
3/23/2026,8:15, ,gtmfmwq_24G103006_030426_050000.bin,Fort Matanzas,GTMNERR,0,52.433,0,34.59,0,1.522,0,96.7,0,7.57,0,6.25,2.96,7.99,0,-85.2,5.3,17.09,0,9.46,0,1.226,1.65,0,6.6
3/23/2026,8:30, ,gtmfmwq_24G103006_030426_050000.bin,Fort Matanzas,GTMNERR,0,52.407,0,34.57,0,1.585,0,96.7,0,7.56,0,6.31,2.98,7.99,0,-85,5.28,17.207,0,11.05,0,1.215,1.52,0,6.08
3/23/2026,8:45, ,gtmfmwq_24G103006_030426_050000.bin,Fort Matanzas,GTMNERR,0,52.386,0,34.56,0,1.652,0,96.7,0,7.55,0,6.13,2.92,8,0,-85.4,5.3,17.247,0,11.04,0,1.22,1.48,0,5.89
3/23/2026,9:00, ,gtmfmwq_24G103006_030426_050000.bin,Fort Matanzas,GTMNERR,0,52.456,0,34.61,0,1.719,0,97.7,0,7.65,0,5.63,2.75,8,0,-85.6,5.29,17.112,0,9.03,0,1.228,1.53,0,6.09
3/23/2026,9:15, ,gtmfmwq_24G103006_030426_050000.bin,Fort Matanzas,GTMNERR,0,52.451,0,34.6,0,1.794,0,97.9,0,7.65,0,5.81,2.81,8,0,-85.5,5.29,17.177,0,8.35,0,1.231,1.37,0,5.47
3/23/2026,9:30, ,gtmfmwq_24G103006_030426_050000.bin,Fort Matanzas,GTMNERR,0,52.428,0,34.59,0,1.861,0,97.8,0,7.63,0,5.91,2.85,8,0,-85.7,5.3,17.255,0,8.32,0,1.232,1.36,0,5.41
3/23/2026,9:45, ,gtmfmwq_24G103006_030426_050000.bin,Fort Matanzas,GTMNERR,0,52.429,0,34.59,0,1.918,0,97.9,0,7.64,0,5.91,2.85,8,0,-85.6,5.29,17.262,0,7.49,0,1.223,1.31,0,5.22
3/23/2026,10:00, ,gtmfmwq_24G103006_030426_050000.bin,Fort Matanzas,GTMNERR,0,52.451,0,34.6,0,1.978,0,98.1,0,7.65,0,5.77,2.8,8,0,-85.5,5.31,17.246,0,7.16,0,1.215,1.44,0,5.74
3/23/2026,10:15, ,gtmfmwq_24G103006_030426_050000.bin,Fort Matanzas,GTMNERR,0,52.464,0,34.61,0,2.039,0,98.5,0,7.69,0,5.68,2.77,8.01,0,-86,5.3,17.254,0,6.76,0,1.22,1.23,0,4.91
3/23/2026,10:30, ,gtmfmwq_24G103006_030426_050000.bin,Fort Matanzas,GTMNERR,0,52.475,0,34.62,0,2.098,0,98.6,0,7.69,0,5.64,2.76,8.01,0,-85.9,5.3,17.272,0,5.56,0,1.22,1.18,0,4.7
3/23/2026,10:45, ,gtmfmwq_24G103006_030426_050000.bin,Fort Matanzas,GTMNERR,0,52.481,0,34.63,0,2.159,0,97.6,0,7.61,0,5.64,2.76,7.99,0,-84.9,5.31,17.31,0,5.49,0,1.224,1.1,0,4.35
3/23/2026,11:00, ,gtmfmwq_24G103006_030426_050000.bin,Fort Matanzas,GTMNERR,0,52.492,0,34.63,0,2.22,0,92.7,0,7.22,0,5.64,2.76,7.98,0,-84.2,5.29,17.347,0,4.66,0,1.233,0.96,0,3.8
3/23/2026,11:15, ,gtmfmwq_24G103006_030426_050000.bin,Fort Matanzas,GTMNERR,0,52.508,0,34.65,0,2.268,0,93.1,0,7.25,0,5.28,2.64,7.97,0,-83.7,5.31,17.375,0,4.72,0,1.226,0.83,0,3.28
3/23/2026,11:30, ,gtmfmwq_24G103006_030426_050000.bin,Fort Matanzas,GTMNERR,0,52.508,0,34.65,0,2.308,0,95.9,0,7.46,0,5.25,2.62,8,0,-85.4,5.29,17.431,0,5.45,0,1.233,1.15,0,4.58
3/23/2026,11:45, ,gtmfmwq_24G103006_030426_050000.bin,Fort Matanzas,GTMNERR,0,52.475,0,34.62,0,2.338,0,92.1,0,7.17,0,5.86,2.83,7.97,0,-83.8,5.29,17.408,0,4.77,0,1.23,1.09,0,4.33
3/23/2026,12:00, ,gtmfmwq_24G103006_030426_050000.bin,Fort Matanzas,GTMNERR,0,52.47,0,34.62,0,2.354,0,93.5,0,7.26,0,5.92,2.85,7.98,0,-84.4,5.3,17.518,0,4.16,0,1.225,0.88,0,3.47
3/23/2026,12:15, ,gtmfmwq_24G103006_030426_050000.bin,Fort Matanzas,GTMNERR,0,52.449,0,34.61,0,2.359,0,96.7,0,7.48,0,6.27,2.97,7.99,0,-85.1,5.29,17.739,0,5.58,0,1.217,0.89,0,3.51
3/23/2026,12:30, ,gtmfmwq_24G103006_030426_050000.bin,Fort Matanzas,GTMNERR,0,52.394,0,34.57,0,2.345,0,98.6,0,7.6,0,6.45,3.03,7.99,0,-85,5.3,17.954,0,5.23,0,1.226,1.13,0,4.48
3/23/2026,12:45, ,gtmfmwq_24G103006_030426_050000.bin,Fort Matanzas,GTMNERR,0,52.4,0,34.57,0,2.306,0,98.9,0,7.59,0,6.56,3.06,7.98,0,-84.6,5.29,18.144,0,5.74,0,1.224,1.08,0,4.26
3/23/2026,13:00, ,gtmfmwq_24G103006_030426_050000.bin,Fort Matanzas,GTMNERR,0,52.436,0,34.6,0,2.269,0,97.8,0,7.51,0,6.99,3.21,7.97,0,-84,5.29,18.113,0,6.74,0,1.217,1.23,0,4.91
3/23/2026,13:15, ,gtmfmwq_24G103006_030426_050000.bin,Fort Matanzas,GTMNERR,0,52.428,0,34.6,0,2.232,0,96.5,0,7.38,0,7.99,3.54,7.94,0,-82.2,5.3,18.386,0,6.68,0,1.218,1.1,0,4.37
3/23/2026,13:30, ,gtmfmwq_24G103006_030426_050000.bin,Fort Matanzas,GTMNERR,0,52.406,0,34.58,0,2.196,0,95.3,0,7.25,0,9.04,3.89,7.93,0,-81.7,5.3,18.641,0,7.08,0,1.224,1.03,0,4.1
3/23/2026,13:45, ,gtmfmwq_24G103006_030426_050000.bin,Fort Matanzas,GTMNERR,0,52.377,0,34.56,0,2.148,0,95.4,0,7.22,0,9.52,4.05,7.92,0,-81,5.31,18.91,0,6.94,0,1.23,1.01,0,3.99
3/23/2026,14:00, ,gtmfmwq_24G103006_030426_050000.bin,Fort Matanzas,GTMNERR,0,52.344,0,34.54,0,2.102,0,96.4,0,7.25,0,10.24,4.29,7.91,0,-80.7,5.3,19.234,0,6.77,0,1.224,1,0,3.95
3/23/2026,14:15, ,gtmfmwq_24G103006_030426_050000.bin,Fort Matanzas,GTMNERR,0,52.318,0,34.52,0,2.053,0,95.9,0,7.19,0,10.45,4.36,7.91,0,-80.7,5.28,19.405,0,6.41,0,1.217,0.97,0,3.85
3/23/2026,14:30, ,gtmfmwq_24G103006_030426_050000.bin,Fort Matanzas,GTMNERR,0,52.306,0,34.51,0,2.003,0,98.3,0,7.35,0,10.78,4.47,7.91,0,-80.6,5.29,19.551,0,6.7,0,1.222,1.02,0,4.03
3/23/2026,14:45, ,gtmfmwq_24G103006_030426_050000.bin,Fort Matanzas,GTMNERR,0,52.288,0,34.49,0,1.955,0,95.5,0,7.13,0,10.99,4.54,7.9,0,-80.2,5.29,19.643,0,6.84,0,1.221,0.91,0,3.61
3/23/2026,15:00, ,gtmfmwq_24G103006_030426_050000.bin,Fort Matanzas,GTMNERR,0,52.286,0,34.49,0,1.906,0,97.6,0,7.28,0,11.1,4.58,7.9,0,-80.3,5.29,19.724,0,5.19,0,1.225,1.01,0,3.99
3/23/2026,15:15, ,gtmfmwq_24G103006_030426_050000.bin,Fort Matanzas,GTMNERR,0,52.409,0,34.58,0,1.857,0,106,0,7.82,0,7.9,3.51,7.95,0,-83,5.27,20.308,0,6.76,0,1.226,0.77,0,3.04
3/23/2026,15:30, ,gtmfmwq_24G103006_030426_050000.bin,Fort Matanzas,GTMNERR,0,52.424,0,34.59,0,1.81,0,101.5,0,7.49,0,7.25,3.29,7.94,0,-82.5,5.28,20.26,0,7.51,0,1.227,0.75,0,2.95
3/23/2026,15:45, ,gtmfmwq_24G103006_030426_050000.bin,Fort Matanzas,GTMNERR,0,52.404,0,34.58,0,1.757,0,104.6,0,7.68,0,8.79,3.81,7.93,0,-81.9,5.28,20.585,0,6.59,0,1.227,0.97,0,3.84
3/23/2026,16:00, ,gtmfmwq_24G103006_030426_050000.bin,Fort Matanzas,GTMNERR,0,52.385,0,34.56,0,1.708,0,103.1,0,7.59,0,8.99,3.87,7.92,0,-81.5,5.28,20.445,0,5.61,0,1.224,0.9,0,3.57
3/23/2026,16:15, ,gtmfmwq_24G103006_030426_050000.bin,Fort Matanzas,GTMNERR,0,52.381,0,34.56,0,1.653,0,103.4,0,7.62,0,8.98,3.87,7.92,0,-81.6,5.3,20.362,0,5.07,0,1.223,0.92,0,3.62
3/23/2026,16:30, ,gtmfmwq_24G103006_030426_050000.bin,Fort Matanzas,GTMNERR,0,52.388,0,34.57,0,1.606,0,105.1,0,7.73,0,8.87,3.84,7.93,0,-82.2,5.29,20.448,0,5.87,0,1.216,1,0,3.94
3/23/2026,16:45, ,gtmfmwq_24G103006_030426_050000.bin,Fort Matanzas,GTMNERR,0,52.381,0,34.56,0,1.554,0,104.7,0,7.72,0,9.18,3.94,7.93,0,-82.3,5.29,20.276,0,5.47,0,1.222,1.12,0,4.44
3/23/2026,17:00, ,gtmfmwq_24G103006_030426_050000.bin,Fort Matanzas,GTMNERR,0,52.424,0,34.59,0,1.503,0,104.9,0,7.7,0,8.96,3.86,7.93,0,-82.3,5.3,20.56,0,6.36,0,1.234,1.1,0,4.36
3/23/2026,17:15, ,gtmfmwq_24G103006_030426_050000.bin,Fort Matanzas,GTMNERR,0,52.461,0,34.62,0,1.453,0,106,0,7.73,0,8.98,3.87,7.93,0,-82,5.3,20.94,0,6.81,0,1.228,1.17,0,4.64
3/23/2026,17:30, ,gtmfmwq_24G103006_030426_050000.bin,Fort Matanzas,GTMNERR,0,52.454,0,34.61,0,1.402,0,105.7,0,7.69,0,9.19,3.94,7.93,0,-82.2,5.31,21.077,0,7.91,0,1.221,1.12,0,4.45
3/23/2026,17:45, ,gtmfmwq_24G103006_030426_050000.bin,Fort Matanzas,GTMNERR,0,52.415,0,34.58,0,1.351,0,105.6,0,7.68,0,9.26,3.97,7.93,0,-82,5.3,21.076,0,7.7,0,1.221,1.3,0,5.17
3/23/2026,18:00, ,gtmfmwq_24G103006_030426_050000.bin,Fort Matanzas,GTMNERR,0,52.46,0,34.62,0,1.303,0,106.3,0,7.76,0,8.71,3.78,7.93,0,-82.3,5.31,20.882,0,6.86,0,1.218,1.17,0,4.64
3/23/2026,18:15, ,gtmfmwq_24G103006_030426_050000.bin,Fort Matanzas,GTMNERR,0,52.422,0,34.59,0,1.257,0,104.6,0,7.68,0,8.86,3.83,7.93,0,-82.3,5.32,20.508,0,7.79,0,1.22,1.29,0,5.14
3/23/2026,18:30, ,gtmfmwq_24G103006_030426_050000.bin,Fort Matanzas,GTMNERR,0,52.409,0,34.58,0,1.223,0,103.3,0,7.62,0,9,3.88,7.93,0,-81.8,5.31,20.291,0,9.42,0,1.227,1.57,0,6.28
3/23/2026,18:45, ,gtmfmwq_24G103006_030426_050000.bin,Fort Matanzas,GTMNERR,0,52.504,0,34.65,0,1.203,0,105.3,0,7.81,0,7.65,3.43,7.96,0,-83.7,5.31,19.94,0,11.6,0,1.228,1.93,0,7.73
3/23/2026,19:00, ,gtmfmwq_24G103006_030426_050000.bin,Fort Matanzas,GTMNERR,0,52.525,0,34.67,0,1.199,0,106.2,0,8,0,6.21,2.95,7.99,0,-85.4,5.3,19.102,0,12.15,0,1.226,2.45,0,9.84
3/23/2026,19:15, ,gtmfmwq_24G103006_030426_050000.bin,Fort Matanzas,GTMNERR,0,52.534,0,34.68,0,1.219,0,106.2,0,8.06,0,5.94,2.86,8,0,-85.7,5.25,18.718,0,14.74,0,1.226,2.6,0,10.44
3/23/2026,19:30, ,gtmfmwq_24G103006_030426_050000.bin,Fort Matanzas,GTMNERR,0,52.531,0,34.67,0,1.269,0,105.9,0,8.06,0,5.81,2.81,8,0,-85.9,5.25,18.541,0,12.67,0,1.223,2.59,0,10.37
3/23/2026,19:45, ,gtmfmwq_24G103006_030426_050000.bin,Fort Matanzas,GTMNERR,0,52.447,0,34.61,0,1.329,0,105.8,0,8.04,0,6.23,2.95,8,0,-85.8,5.22,18.62,0,11.62,0,1.222,2.79,0,11.19
3/23/2026,20:00, ,gtmfmwq_24G103006_030426_050000.bin,Fort Matanzas,GTMNERR,0,52.342,0,34.53,0,1.384,0,105.4,0,7.98,0,6.94,3.19,7.99,0,-85.1,5.24,18.866,0,14.78,0,1.224,2.78,0,11.17
3/23/2026,20:15, ,gtmfmwq_24G103006_030426_050000.bin,Fort Matanzas,GTMNERR,0,52.187,0,34.42,0,1.449,0,104.7,0,7.87,0,8.44,3.69,7.97,0,-84.4,5.22,19.334,0,14.64,0,1.226,2.85,0,11.44
3/23/2026,20:30, ,gtmfmwq_24G103006_030426_050000.bin,Fort Matanzas,GTMNERR,0,52.075,0,34.34,0,1.519,0,103.7,0,7.76,0,9.41,4.02,7.96,0,-83.9,5.21,19.542,0,14.39,0,1.224,2.49,0,9.96
3/23/2026,20:45, ,gtmfmwq_24G103006_030426_050000.bin,Fort Matanzas,GTMNERR,0,52.141,0,34.39,0,1.6,0,103.7,0,7.79,0,8.62,3.75,7.97,0,-84.1,5.23,19.335,0,12.2,0,1.228,2.41,0,9.65
3/23/2026,21:00, ,gtmfmwq_24G103006_030426_050000.bin,Fort Matanzas,GTMNERR,0,52.188,0,34.42,0,1.681,0,104,0,7.82,0,8.46,3.7,7.97,0,-84.2,5.22,19.246,0,12.45,0,1.232,2.38,0,9.54
3/23/2026,21:15, ,gtmfmwq_24G103006_030426_050000.bin,Fort Matanzas,GTMNERR,0,52.156,0,34.4,0,1.755,0,103.6,0,7.8,0,8.7,3.78,7.97,0,-84.3,5.25,19.281,0,13.13,0,1.234,2.28,0,9.13
3/23/2026,21:30, ,gtmfmwq_24G103006_030426_050000.bin,Fort Matanzas,GTMNERR,0,52.179,0,34.41,0,1.834,0,103.6,0,7.81,0,8.4,3.68,7.98,0,-84.5,5.24,19.162,0,12.73,0,1.233,2.53,0,10.15
3/23/2026,21:45, ,gtmfmwq_24G103006_030426_050000.bin,Fort Matanzas,GTMNERR,0,52.287,0,34.49,0,1.907,0,103.4,0,7.83,0,7.46,3.37,7.98,0,-84.8,5.24,18.854,0,11.36,0,1.231,2.5,0,10.03
3/23/2026,22:00, ,gtmfmwq_24G103006_030426_050000.bin,Fort Matanzas,GTMNERR,0,52.354,0,34.54,0,1.979,0,103.6,0,7.87,0,6.87,3.17,7.99,0,-85.2,5.24,18.681,0,10.84,0,1.23,2.63,0,10.54
3/23/2026,22:15, ,gtmfmwq_24G103006_030426_050000.bin,Fort Matanzas,GTMNERR,0,52.473,0,34.63,0,2.053,0,103.3,0,7.89,0,5.95,2.86,8,0,-85.7,5.22,18.377,0,11.38,0,1.228,2.31,0,9.25
3/23/2026,22:30, ,gtmfmwq_24G103006_030426_050000.bin,Fort Matanzas,GTMNERR,0,52.532,0,34.67,0,2.132,0,100.5,0,7.74,0,5.11,2.58,8,0,-86,5.24,17.931,0,13.14,0,1.225,2.94,0,11.78
3/23/2026,22:45, ,gtmfmwq_24G103006_030426_050000.bin,Fort Matanzas,GTMNERR,0,52.591,0,34.71,0,2.208,0,98.4,0,7.63,0,4.79,2.47,8,0,-85.4,5.19,17.554,0,12.4,0,1.225,3,0,12.03
3/23/2026,23:00, ,gtmfmwq_24G103006_030426_050000.bin,Fort Matanzas,GTMNERR,0,52.611,0,34.72,0,2.284,0,96.7,0,7.51,0,4.51,2.38,7.99,0,-85,5.2,17.44,0,7.6,0,1.227,1.96,0,7.85
3/23/2026,23:15, ,gtmfmwq_24G103006_030426_050000.bin,Fort Matanzas,GTMNERR,0,52.619,0,34.73,0,2.35,0,90.6,0,7.05,0,4.39,2.34,7.98,0,-84.2,5.24,17.339,0,6.31,0,1.225,1.68,0,6.72
3/23/2026,23:30, ,gtmfmwq_24G103006_030426_050000.bin,Fort Matanzas,GTMNERR,0,52.625,0,34.73,0,2.41,0,74.5,0,5.8,0,4.87,2.5,7.89,0,-79.3,5.23,17.341,0,6.68,0,1.224,1.49,0,5.96
3/23/2026,23:45, ,gtmfmwq_24G103006_030426_050000.bin,Fort Matanzas,GTMNERR,0,52.622,0,34.73,0,2.464,0,80.4,0,6.27,0,4.52,2.38,7.92,0,-81.2,5.25,17.27,0,6.21,0,1.221,1.77,0,7.06
3/24/2026,0:00, ,gtmfmwq_24G103006_030426_050000.bin,Fort Matanzas,GTMNERR,0,52.624,0,34.73,0,2.505,0,86.6,0,6.75,0,4.69,2.44,7.95,0,-82.7,5.23,17.276,0,5.53,0,1.218,1.47,0,5.87
3/24/2026,0:15, ,gtmfmwq_24G103006_030426_050000.bin,Fort Matanzas,GTMNERR,0,52.631,0,34.74,0,2.542,0,92.1,0,7.18,0,4.61,2.41,7.99,0,-85,5.23,17.305,0,7.91,0,1.216,1.81,0,7.23
3/24/2026,0:30, ,gtmfmwq_24G103006_030426_050000.bin,Fort Matanzas,GTMNERR,0,52.615,0,34.73,0,2.568,0,95.4,0,7.39,0,5.24,2.62,7.98,0,-84.7,5.18,17.607,0,6.58,0,1.218,1.92,0,7.68
3/24/2026,0:45, ,gtmfmwq_24G103006_030426_050000.bin,Fort Matanzas,GTMNERR,0,52.512,0,34.66,0,2.573,0,97.4,0,7.48,0,6.08,2.9,7.99,0,-85,5.17,18.077,0,9.16,0,1.217,2.22,0,8.88
3/24/2026,1:00, ,gtmfmwq_24G103006_030426_050000.bin,Fort Matanzas,GTMNERR,0,52.22,0,34.44,0,2.575,0,98.4,0,7.43,0,8.5,3.71,7.96,0,-83.4,5.17,19.052,0,14,0,1.221,3.01,0,12.1
3/24/2026,1:15, ,gtmfmwq_24G103006_030426_050000.bin,Fort Matanzas,GTMNERR,0,52.308,0,34.51,0,2.552,0,99.3,0,7.48,0,8.47,3.7,7.96,0,-83.5,5.14,19.154,0,10.54,0,1.226,2.14,0,8.58
3/24/2026,1:30, ,gtmfmwq_24G103006_030426_050000.bin,Fort Matanzas,GTMNERR,0,52.399,0,34.58,0,2.521,0,99,0,7.41,0,8.51,3.71,7.95,0,-82.9,5.15,19.537,0,10.74,0,1.222,1.8,0,7.19
3/24/2026,1:45, ,gtmfmwq_24G103006_030426_050000.bin,Fort Matanzas,GTMNERR,0,52.431,0,34.6,0,2.481,0,99.7,0,7.4,0,9.18,3.94,7.94,0,-82.5,5.04,19.961,0,9.96,0,1.219,1.7,0,6.79
3/24/2026,2:00, ,gtmfmwq_24G103006_030426_050000.bin,Fort Matanzas,GTMNERR,0,52.424,0,34.59,0,2.431,0,99.6,0,7.34,0,9.92,4.19,7.92,0,-81.7,5.18,20.315,0,13.73,0,1.219,1.73,0,6.9
3/24/2026,2:15, ,gtmfmwq_24G103006_030426_050000.bin,Fort Matanzas,GTMNERR,0,52.375,0,34.55,0,2.393,0,99.3,0,7.28,0,11.03,4.56,7.92,0,-81.3,5.19,20.587,0,11.96,0,1.222,1.46,0,5.81
3/24/2026,2:30, ,gtmfmwq_24G103006_030426_050000.bin,Fort Matanzas,GTMNERR,0,52.329,0,34.52,0,2.336,0,98.4,0,7.21,0,11.69,4.78,7.9,0,-80.6,5.2,20.705,0,10.93,0,1.221,1.4,0,5.59
3/24/2026,2:45, ,gtmfmwq_24G103006_030426_050000.bin,Fort Matanzas,GTMNERR,0,52.3,0,34.5,0,2.284,0,98.5,0,7.21,0,12.53,5.06,7.9,0,-80.4,5.22,20.75,0,9.89,0,1.228,1.43,0,5.71
3/24/2026,3:00, ,gtmfmwq_24G103006_030426_050000.bin,Fort Matanzas,GTMNERR,0,52.274,0,34.48,0,2.225,0,98,0,7.19,0,12.17,4.94,7.91,0,-80.7,5.23,20.595,0,9.82,0,1.218,1.47,0,5.86
3/24/2026,3:15, ,gtmfmwq_24G103006_030426_050000.bin,Fort Matanzas,GTMNERR,0,52.272,0,34.48,0,2.173,0,97.1,0,7.11,0,12.9,5.18,7.89,0,-79.9,5.23,20.715,0,7.91,0,1.22,1.26,0,5.01
3/24/2026,3:30, ,gtmfmwq_24G103006_030426_050000.bin,Fort Matanzas,GTMNERR,0,52.262,0,34.47,0,2.122,0,97.3,0,7.14,0,12.7,5.11,7.9,0,-80.1,5.25,20.636,0,8.5,0,1.226,1.29,0,5.12
3/24/2026,3:45, ,gtmfmwq_24G103006_030426_050000.bin,Fort Matanzas,GTMNERR,0,52.266,0,34.47,0,2.071,0,95.6,0,7.02,0,12.87,5.17,7.89,0,-79.6,5.26,20.614,0,6.86,0,1.215,1.22,0,4.85
3/24/2026,4:00, ,gtmfmwq_24G103006_030426_050000.bin,Fort Matanzas,GTMNERR,0,52.346,0,34.53,0,2.026,0,96.1,0,7.08,0,12.6,5.08,7.89,0,-79.9,5.25,20.376,0,6.59,0,1.225,1.16,0,4.62
3/24/2026,4:15, ,gtmfmwq_24G103006_030426_050000.bin,Fort Matanzas,GTMNERR,0,52.186,0,34.42,0,1.982,0,94.2,0,6.99,0,11.6,4.75,7.9,0,-80,5.26,20.013,0,5.98,0,1.231,1.04,0,4.14
3/24/2026,4:30, ,gtmfmwq_24G103006_030426_050000.bin,Fort Matanzas,GTMNERR,0,52.256,0,34.47,0,1.936,0,92.1,0,6.9,0,10.54,4.39,7.89,0,-79.7,5.24,19.503,0,5.94,0,1.225,1.12,0,4.46
3/24/2026,4:45, ,gtmfmwq_24G103006_030426_050000.bin,Fort Matanzas,GTMNERR,0,52.295,0,34.5,0,1.891,0,91,0,6.79,0,10.99,4.54,7.88,0,-79.2,5.25,19.672,0,4.89,0,1.228,0.99,0,3.91
3/24/2026,5:00, ,gtmfmwq_24G103006_030426_050000.bin,Fort Matanzas,GTMNERR,0,52.317,0,34.52,0,1.845,0,90.5,0,6.77,0,10.7,4.45,7.88,0,-78.9,5.24,19.56,0,4.57,0,1.226,0.93,0,3.69
3/24/2026,5:15, ,gtmfmwq_24G103006_030426_050000.bin,Fort Matanzas,GTMNERR,0,52.321,0,34.52,0,1.797,0,91.3,0,6.83,0,10.97,4.54,7.89,0,-79.6,5.24,19.536,0,5.74,0,1.223,1.09,0,4.34
3/24/2026,5:30, ,gtmfmwq_24G103006_030426_050000.bin,Fort Matanzas,GTMNERR,0,52.303,0,34.5,0,1.755,0,94.3,0,6.99,0,12.21,4.95,7.89,0,-79.7,5.23,20.043,0,4.94,0,1.219,1.03,0,4.09
3/24/2026,5:45, ,gtmfmwq_24G103006_030426_050000.bin,Fort Matanzas,GTMNERR,0,52.297,0,34.5,0,1.716,0,96,0,7.09,0,12.38,5.01,7.9,0,-80.4,5.23,20.195,0,5,0,1.221,1.2,0,4.79
3/24/2026,6:00, ,gtmfmwq_24G103006_030426_050000.bin,Fort Matanzas,GTMNERR,0,52.299,0,34.5,0,1.674,0,95.5,0,7.07,0,12.3,4.98,7.9,0,-80.4,5.24,20.12,0,5.14,0,1.226,1.09,0,4.34
3/24/2026,6:15, ,gtmfmwq_24G103006_030426_050000.bin,Fort Matanzas,GTMNERR,0,52.302,0,34.5,0,1.633,0,95.2,0,7.07,0,11.86,4.83,7.9,0,-80.4,5.18,19.912,0,4.73,0,1.223,1.1,0,4.37
3/24/2026,6:30, ,gtmfmwq_24G103006_030426_050000.bin,Fort Matanzas,GTMNERR,0,52.311,0,34.51,0,1.598,0,94.7,0,7.05,0,11.63,4.76,7.9,0,-80,5.14,19.824,0,5.61,0,1.222,1.07,0,4.24
3/24/2026,6:45, ,gtmfmwq_24G103006_030426_050000.bin,Fort Matanzas,GTMNERR,0,52.343,0,34.53,0,1.577,0,94,0,7.02,0,11.45,4.7,7.9,0,-80.3,5.14,19.591,0,4.87,0,1.22,1.01,0,3.98
3/24/2026,7:00, ,gtmfmwq_24G103006_030426_050000.bin,Fort Matanzas,GTMNERR,0,52.339,0,34.53,0,1.554,0,94.1,0,7.04,0,11.23,4.62,7.9,0,-80.3,5.14,19.568,0,4.85,0,1.215,1.04,0,4.12
3/24/2026,7:15, ,gtmfmwq_24G103006_030426_050000.bin,Fort Matanzas,GTMNERR,0,52.395,0,34.57,0,1.543,0,93.5,0,7.02,0,10.94,4.53,7.91,0,-80.6,5.16,19.304,0,4.5,0,1.216,0.99,0,3.9
3/24/2026,7:30, ,gtmfmwq_24G103006_030426_050000.bin,Fort Matanzas,GTMNERR,0,52.405,0,34.58,0,1.537,0,93.8,0,7.06,0,10.58,4.41,7.91,0,-80.4,5.06,19.169,0,4.28,0,1.231,0.95,0,3.75
3/24/2026,7:45, ,gtmfmwq_24G103006_030426_050000.bin,Fort Matanzas,GTMNERR,0,52.407,0,34.58,0,1.544,0,92.3,0,6.97,0,10.32,4.32,7.91,0,-80.4,5.04,18.994,0,5.31,0,1.223,0.92,0,3.63
3/24/2026,8:00, ,gtmfmwq_24G103006_030426_050000.bin,Fort Matanzas,GTMNERR,0,52.398,0,34.57,0,1.563,0,91.6,0,6.92,0,10.3,4.31,7.9,0,-80.1,5.02,18.954,0,6.72,0,1.229,0.89,0,3.53
3/24/2026,8:15, ,gtmfmwq_24G103006_030426_050000.bin,Fort Matanzas,GTMNERR,0,52.475,0,34.63,0,1.61,0,92.4,0,7.06,0,8.32,3.65,7.92,0,-81.1,5.07,18.335,0,11.1,0,1.216,1.47,0,5.84
3/24/2026,8:30, ,gtmfmwq_24G103006_030426_050000.bin,Fort Matanzas,GTMNERR,0,52.64,0,34.74,0,1.662,0,92.5,0,7.21,0,5.66,2.76,7.96,0,-83.2,5.23,17.238,0,18.37,0,1.22,2.92,0,11.72
3/24/2026,8:45, ,gtmfmwq_24G103006_030426_050000.bin,Fort Matanzas,GTMNERR,0,52.638,0,34.74,0,1.713,0,93.7,0,7.33,0,5.14,2.59,7.97,0,-83.9,5.2,17.053,0,15.54,0,1.226,3.03,0,12.15
3/24/2026,9:00, ,gtmfmwq_24G103006_030426_050000.bin,Fort Matanzas,GTMNERR,0,52.641,0,34.74,0,1.786,0,94.5,0,7.41,0,4.93,2.52,7.98,0,-84.3,5.19,16.975,0,13.45,0,1.216,2.45,0,9.82
3/24/2026,9:15, ,gtmfmwq_24G103006_030426_050000.bin,Fort Matanzas,GTMNERR,0,52.588,0,34.7,0,1.859,0,94,0,7.36,0,5.46,2.7,7.97,0,-83.9,5.2,17.079,0,11.64,0,1.218,2.5,0,10.01
3/24/2026,9:30, ,gtmfmwq_24G103006_030426_050000.bin,Fort Matanzas,GTMNERR,0,52.628,0,34.73,0,1.934,0,94.3,0,7.39,0,4.94,2.52,7.97,0,-84,5.19,16.97,0,10.51,0,1.218,2.35,0,9.42
3/24/2026,9:45, ,gtmfmwq_24G103006_030426_050000.bin,Fort Matanzas,GTMNERR,0,52.626,0,34.73,0,2,0,93.9,0,7.36,0,4.98,2.53,7.98,0,-84.2,5.2,16.993,0,10.45,0,1.223,2.15,0,8.59
3/24/2026,10:00, ,gtmfmwq_24G103006_030426_050000.bin,Fort Matanzas,GTMNERR,0,52.621,0,34.73,0,2.075,0,93.8,0,7.35,0,5.04,2.56,7.98,0,-84.1,5.19,16.998,0,10.21,0,1.229,2.38,0,9.52
3/24/2026,10:15, ,gtmfmwq_24G103006_030426_050000.bin,Fort Matanzas,GTMNERR,0,52.634,0,34.74,0,2.154,0,93.7,0,7.34,0,4.99,2.54,7.98,0,-84.2,5.2,16.985,0,9.06,0,1.223,2.38,0,9.54
3/24/2026,10:30, ,gtmfmwq_24G103006_030426_050000.bin,Fort Matanzas,GTMNERR,0,52.656,0,34.75,0,2.222,0,93.9,0,7.37,0,4.61,2.41,7.98,0,-84.3,5.21,16.938,0,7.8,0,1.219,2.5,0,10.02
3/24/2026,10:45, ,gtmfmwq_24G103006_030426_050000.bin,Fort Matanzas,GTMNERR,0,52.671,0,34.76,0,2.297,0,94,0,7.38,0,4.44,2.36,7.98,0,-84.4,5.2,16.91,0,8.06,0,1.222,2.19,0,8.79
3/24/2026,11:00, ,gtmfmwq_24G103006_030426_050000.bin,Fort Matanzas,GTMNERR,0,52.678,0,34.77,0,2.37,0,93.8,0,7.36,0,4.41,2.35,7.98,0,-84.5,5.22,16.913,0,7.99,0,1.221,2.08,0,8.32
3/24/2026,11:15, ,gtmfmwq_24G103006_030426_050000.bin,Fort Matanzas,GTMNERR,0,52.69,0,34.78,0,2.441,0,92.8,0,7.28,0,4.37,2.33,7.98,0,-84.1,5.2,16.948,0,5.75,0,1.215,2.11,0,8.44
3/24/2026,11:30, ,gtmfmwq_24G103006_030426_050000.bin,Fort Matanzas,GTMNERR,0,52.68,0,34.77,0,2.504,0,87.3,0,6.84,0,4.45,2.36,7.95,0,-82.7,5.2,16.992,0,6.72,0,1.22,1.55,0,6.18
3/24/2026,11:45, ,gtmfmwq_24G103006_030426_050000.bin,Fort Matanzas,GTMNERR,0,52.677,0,34.77,0,2.562,0,77.7,0,6.09,0,4.65,2.42,7.91,0,-80.3,5.21,17.023,0,5.06,0,1.228,1.31,0,5.21
3/24/2026,12:00, ,gtmfmwq_24G103006_030426_050000.bin,Fort Matanzas,GTMNERR,0,52.675,0,34.77,0,2.614,0,83.4,0,6.53,0,4.55,2.39,7.94,0,-81.9,5.2,17.012,0,7.47,0,1.232,1.69,0,6.77
3/24/2026,12:15, ,gtmfmwq_24G103006_030426_050000.bin,Fort Matanzas,GTMNERR,0,52.673,0,34.76,0,2.657,0,91,0,7.13,0,4.72,2.45,7.96,0,-83.4,5.22,16.998,0,5.7,0,1.234,1.53,0,6.1
3/24/2026,12:30, ,gtmfmwq_24G103006_030426_050000.bin,Fort Matanzas,GTMNERR,0,52.644,0,34.74,0,2.691,0,91.7,0,7.17,0,5.09,2.57,7.97,0,-83.9,5.2,17.074,0,5.26,0,1.226,2.01,0,8.05
3/24/2026,12:45, ,gtmfmwq_24G103006_030426_050000.bin,Fort Matanzas,GTMNERR,0,52.621,0,34.73,0,2.71,0,92.9,0,7.26,0,5.22,2.62,7.97,0,-84,5.2,17.149,0,6.38,0,1.225,1.57,0,6.25
3/24/2026,13:00, ,gtmfmwq_24G103006_030426_050000.bin,Fort Matanzas,GTMNERR,0,52.608,0,34.72,0,2.72,0,93.5,0,7.26,0,6.34,2.99,7.96,0,-83.3,5.18,17.498,0,7.61,0,1.23,2.32,0,9.29
3/24/2026,13:15, ,gtmfmwq_24G103006_030426_050000.bin,Fort Matanzas,GTMNERR,0,52.545,0,34.68,0,2.721,0,93.1,0,7.13,0,8.19,3.61,7.94,0,-82.3,5.11,18.222,0,8.73,0,1.227,1.89,0,7.57
3/24/2026,13:30, ,gtmfmwq_24G103006_030426_050000.bin,Fort Matanzas,GTMNERR,0,52.462,0,34.62,0,2.713,0,92.1,0,6.99,0,9.2,3.95,7.92,0,-80.9,5.13,18.69,0,8.33,0,1.233,1.72,0,6.86
3/24/2026,13:45, ,gtmfmwq_24G103006_030426_050000.bin,Fort Matanzas,GTMNERR,0,52.431,0,34.6,0,2.702,0,92.4,0,6.98,0,10,4.21,7.91,0,-80.6,5.11,19.014,0,9.35,0,1.225,1.59,0,6.33
3/24/2026,14:00, ,gtmfmwq_24G103006_030426_050000.bin,Fort Matanzas,GTMNERR,0,52.379,0,34.56,0,2.688,0,92.2,0,6.92,0,11.29,4.64,7.9,0,-80,4.85,19.358,0,10.2,0,1.215,1.4,0,5.56
3/24/2026,14:15, ,gtmfmwq_24G103006_030426_050000.bin,Fort Matanzas,GTMNERR,0,52.311,0,34.51,0,2.663,0,92.6,0,6.91,0,12.44,5.03,7.89,0,-79.5,5.2,19.706,0,12.94,0,1.222,1.38,0,5.48
3/24/2026,14:30, ,gtmfmwq_24G103006_030426_050000.bin,Fort Matanzas,GTMNERR,0,52.242,0,34.46,0,2.641,0,93.6,0,6.96,0,13.4,5.35,7.88,0,-79,5.19,19.902,0,11.19,0,1.226,1.48,0,5.91
3/24/2026,14:45, ,gtmfmwq_24G103006_030426_050000.bin,Fort Matanzas,GTMNERR,0,52.177,0,34.41,0,2.616,0,94,0,6.97,0,14.16,5.6,7.87,0,-78.6,5.2,20.005,0,10.51,0,1.229,1.29,0,5.13
3/24/2026,15:00, ,gtmfmwq_24G103006_030426_050000.bin,Fort Matanzas,GTMNERR,0,52.127,0,34.37,0,2.588,0,95.1,0,7.05,0,14.72,5.79,7.88,0,-78.8,5.18,20.03,0,11.12,0,1.227,1.55,0,6.18
3/24/2026,15:15, ,gtmfmwq_24G103006_030426_050000.bin,Fort Matanzas,GTMNERR,0,52.071,0,34.33,0,2.55,0,94.1,0,6.98,0,15.21,5.95,7.86,0,-78.1,5.18,20.043,0,10.21,0,1.221,1.42,0,5.66
3/24/2026,15:30, ,gtmfmwq_24G103006_030426_050000.bin,Fort Matanzas,GTMNERR,0,52.002,0,34.28,0,2.512,0,93.9,0,6.97,0,15.53,6.06,7.86,0,-77.9,5.19,20.043,0,9.87,0,1.229,1.37,0,5.44
3/24/2026,15:45, ,gtmfmwq_24G103006_030426_050000.bin,Fort Matanzas,GTMNERR,0,51.959,0,34.25,0,2.471,0,94.1,0,6.99,0,15.65,6.1,7.86,0,-77.7,5.17,20.028,0,9.62,0,1.234,1.38,0,5.5
3/24/2026,16:00, ,gtmfmwq_24G103006_030426_050000.bin,Fort Matanzas,GTMNERR,0,51.94,0,34.24,0,2.427,0,93.9,0,6.97,0,15.93,6.19,7.85,0,-77.3,5.18,20.026,0,9.23,0,1.232,1.44,0,5.73
3/24/2026,16:15, ,gtmfmwq_24G103006_030426_050000.bin,Fort Matanzas,GTMNERR,0,51.9,0,34.21,0,2.391,0,93.9,0,6.98,0,16.15,6.27,7.85,0,-77.4,5.17,20.01,0,9.21,0,1.227,1.51,0,6.03
3/24/2026,16:30, ,gtmfmwq_24G103006_030426_050000.bin,Fort Matanzas,GTMNERR,0,51.882,0,34.19,0,2.362,0,93.5,0,6.95,0,16.04,6.23,7.85,0,-77.3,5.16,19.99,0,9.58,0,1.225,1.44,0,5.73
3/24/2026,16:45, ,gtmfmwq_24G103006_030426_050000.bin,Fort Matanzas,GTMNERR,0,51.859,0,34.18,0,2.323,0,93.2,0,6.93,0,16.51,6.39,7.84,0,-76.9,5.16,19.975,0,8.8,0,1.222,1.35,0,5.36
3/24/2026,17:00, ,gtmfmwq_24G103006_030426_050000.bin,Fort Matanzas,GTMNERR,0,51.837,0,34.16,0,2.287,0,92.7,0,6.9,0,16.38,6.35,7.84,0,-76.8,5.15,19.947,0,8.25,0,1.224,1.45,0,5.77
3/24/2026,17:15, ,gtmfmwq_24G103006_030426_050000.bin,Fort Matanzas,GTMNERR,0,51.82,0,34.15,0,2.251,0,91.3,0,6.8,0,16.6,6.42,7.84,0,-76.5,5.16,19.943,0,8.7,0,1.223,1.35,0,5.39
3/24/2026,17:30, ,gtmfmwq_24G103006_030426_050000.bin,Fort Matanzas,GTMNERR,0,51.783,0,34.12,0,2.217,0,89.7,0,6.68,0,17.06,6.57,7.83,0,-76,5.15,19.92,0,6.63,0,1.22,1.2,0,4.78
3/24/2026,17:45, ,gtmfmwq_24G103006_030426_050000.bin,Fort Matanzas,GTMNERR,0,51.76,0,34.1,0,2.179,0,92.2,0,6.86,0,16.87,6.51,7.84,0,-76.9,5.14,19.908,0,6.41,0,1.214,1.35,0,5.38
3/24/2026,18:00, ,gtmfmwq_24G103006_030426_050000.bin,Fort Matanzas,GTMNERR,0,51.756,0,34.1,0,2.141,0,87.4,0,6.51,0,16.95,6.54,7.83,0,-76,5.14,19.894,0,5.96,0,1.219,1.12,0,4.44
3/24/2026,18:15, ,gtmfmwq_24G103006_030426_050000.bin,Fort Matanzas,GTMNERR,0,51.804,0,34.14,0,2.107,0,86.5,0,6.46,0,15.9,6.18,7.83,0,-76.2,5.12,19.761,0,5.26,0,1.231,0.83,0,3.28
3/24/2026,18:30, ,gtmfmwq_24G103006_030426_050000.bin,Fort Matanzas,GTMNERR,0,51.796,0,34.13,0,2.073,0,81.7,0,6.11,0,15.77,6.14,7.81,0,-74.8,5.12,19.702,0,5.6,0,1.223,0.79,0,3.1
3/24/2026,18:45, ,gtmfmwq_24G103006_030426_050000.bin,Fort Matanzas,GTMNERR,0,51.828,0,34.15,0,2.045,0,87,0,6.52,0,15.4,6.02,7.83,0,-75.9,5.04,19.525,0,6.07,0,1.224,1.03,0,4.1
3/24/2026,19:00, ,gtmfmwq_24G103006_030426_050000.bin,Fort Matanzas,GTMNERR,0,51.838,0,34.16,0,2.014,0,82.3,0,6.19,0,14.35,5.67,7.81,0,-74.5,4.82,19.323,0,7.97,0,1.222,1.06,0,4.2
3/24/2026,19:15, ,gtmfmwq_24G103006_030426_050000.bin,Fort Matanzas,GTMNERR,0,51.979,0,34.27,0,1.992,0,89.7,0,6.78,0,13.59,5.41,7.84,0,-76.6,4.84,19.07,0,7.8,0,1.222,1.36,0,5.42
3/24/2026,19:30, ,gtmfmwq_24G103006_030426_050000.bin,Fort Matanzas,GTMNERR,0,51.937,0,34.23,0,1.982,0,93.3,0,7.01,0,14.63,5.76,7.85,0,-77.2,4.79,19.354,0,7.05,0,1.22,1.47,0,5.86
3/24/2026,19:45, ,gtmfmwq_24G103006_030426_050000.bin,Fort Matanzas,GTMNERR,0,51.912,0,34.22,0,1.966,0,93.8,0,7.04,0,15.18,5.94,7.84,0,-76.7,4.75,19.46,0,6.91,0,1.217,1.49,0,5.96
3/24/2026,20:00, ,gtmfmwq_24G103006_030426_050000.bin,Fort Matanzas,GTMNERR,0,51.932,0,34.23,0,1.962,0,94.4,0,7.08,0,15.08,5.91,7.86,0,-78,4.83,19.481,0,7.21,0,1.216,1.43,0,5.68
3/24/2026,20:15, ,gtmfmwq_24G103006_030426_050000.bin,Fort Matanzas,GTMNERR,0,51.944,0,34.24,0,1.978,0,95,0,7.14,0,14.83,5.83,7.87,0,-78.2,4.77,19.396,0,7.37,0,1.215,1.47,0,5.86
3/24/2026,20:30, ,gtmfmwq_24G103006_030426_050000.bin,Fort Matanzas,GTMNERR,0,51.962,0,34.25,0,1.998,0,94.7,0,7.13,0,14.3,5.65,7.87,0,-78.2,4.79,19.289,0,8.53,0,1.217,1.48,0,5.91
3/24/2026,20:45, ,gtmfmwq_24G103006_030426_050000.bin,Fort Matanzas,GTMNERR,0,51.993,0,34.28,0,2.029,0,95,0,7.16,0,13.87,5.51,7.88,0,-78.6,4.96,19.184,0,9.61,0,1.229,1.44,0,5.76
3/24/2026,21:00, ,gtmfmwq_24G103006_030426_050000.bin,Fort Matanzas,GTMNERR,0,52.021,0,34.3,0,2.06,0,94.6,0,7.15,0,12.93,5.19,7.87,0,-78.3,4.94,19.044,0,14.44,0,1.233,1.55,0,6.2
3/24/2026,21:15, ,gtmfmwq_24G103006_030426_050000.bin,Fort Matanzas,GTMNERR,0,52.39,0,34.56,0,2.101,0,96.4,0,7.42,0,8.46,3.7,7.94,0,-82,5.29,17.969,0,13.98,0,1.223,1.96,0,7.85
3/24/2026,21:30, ,gtmfmwq_24G103006_030426_050000.bin,Fort Matanzas,GTMNERR,0,52.571,0,34.69,0,2.152,0,98.2,0,7.64,0,5.93,2.85,7.97,0,-84.1,5.33,17.376,0,12.92,0,1.218,2.72,0,10.92
3/24/2026,21:45, ,gtmfmwq_24G103006_030426_050000.bin,Fort Matanzas,GTMNERR,0,52.583,0,34.7,0,2.206,0,97.6,0,7.59,0,5.8,2.81,7.97,0,-83.7,5.33,17.376,0,15.5,0,1.229,2.98,0,11.97
3/24/2026,22:00, ,gtmfmwq_24G103006_030426_050000.bin,Fort Matanzas,GTMNERR,0,52.552,0,34.68,0,2.268,0,97,0,7.51,0,6.8,3.14,7.96,0,-83.3,5.31,17.6,0,11.22,0,1.225,2.4,0,9.63
3/24/2026,22:15, ,gtmfmwq_24G103006_030426_050000.bin,Fort Matanzas,GTMNERR,0,52.485,0,34.63,0,2.328,0,96.1,0,7.42,0,7.94,3.53,7.94,0,-82.3,5.32,17.85,0,11.76,0,1.224,2.09,0,8.37
3/24/2026,22:30, ,gtmfmwq_24G103006_030426_050000.bin,Fort Matanzas,GTMNERR,0,52.427,0,34.59,0,2.398,0,95.1,0,7.31,0,8.94,3.86,7.93,0,-81.4,5.3,18.08,0,9.44,0,1.228,2.22,0,8.89
3/24/2026,22:45, ,gtmfmwq_24G103006_030426_050000.bin,Fort Matanzas,GTMNERR,0,52.42,0,34.59,0,2.477,0,94.7,0,7.26,0,9.22,3.95,7.92,0,-81.1,5.3,18.165,0,8.01,0,1.224,2.11,0,8.43
3/24/2026,23:00, ,gtmfmwq_24G103006_030426_050000.bin,Fort Matanzas,GTMNERR,0,52.359,0,34.54,0,2.552,0,95,0,7.27,0,9.93,4.19,7.92,0,-80.8,5.31,18.336,0,9.31,0,1.223,1.84,0,7.35
3/24/2026,23:15, ,gtmfmwq_24G103006_030426_050000.bin,Fort Matanzas,GTMNERR,0,52.347,0,34.54,0,2.627,0,95.2,0,7.29,0,9.81,4.15,7.92,0,-81,5.3,18.323,0,9.05,0,1.219,1.87,0,7.48
3/24/2026,23:30, ,gtmfmwq_24G103006_030426_050000.bin,Fort Matanzas,GTMNERR,0,52.433,0,34.59,0,2.691,0,100.8,0,7.83,0,6.15,2.93,7.99,0,-84.8,5.31,17.522,0,14.61,0,1.22,2.61,0,10.46
3/24/2026,23:45, ,gtmfmwq_24G103006_030426_050000.bin,Fort Matanzas,GTMNERR,0,52.492,0,34.63,0,2.752,0,101.2,0,7.89,0,5.61,2.74,7.99,0,-85.1,5.3,17.335,0,17.78,0,1.219,2.48,0,9.95
3/25/2026,0:00, ,gtmfmwq_24G103006_030426_050000.bin,Fort Matanzas,GTMNERR,0,52.515,0,34.65,0,2.809,0,101.9,0,7.96,0,5,2.54,8,0,-85.7,5.3,17.213,0,15.63,0,1.22,2.65,0,10.62
3/25/2026,0:15, ,gtmfmwq_24G103006_030426_050000.bin,Fort Matanzas,GTMNERR,0,52.523,0,34.65,0,2.859,0,100.6,0,7.86,0,5.02,2.55,8,0,-85.5,5.31,17.173,0,11.7,0,1.222,2.07,0,8.3
3/25/2026,0:30, ,gtmfmwq_24G103006_030426_050000.bin,Fort Matanzas,GTMNERR,0,52.529,0,34.66,0,2.907,0,98.5,0,7.7,0,5,2.54,7.99,0,-84.9,5.29,17.159,0,9.28,0,1.22,1.52,0,6.06
3/25/2026,0:45, ,gtmfmwq_24G103006_030426_050000.bin,Fort Matanzas,GTMNERR,0,52.529,0,34.66,0,2.952,0,83,0,6.49,0,5.44,2.69,7.93,0,-81.2,5.31,17.171,0,8.49,0,1.219,1.3,0,5.15
3/25/2026,1:00, ,gtmfmwq_24G103006_030426_050000.bin,Fort Matanzas,GTMNERR,0,52.537,0,34.66,0,2.99,0,92.1,0,7.2,0,4.92,2.52,7.97,0,-83.6,5.3,17.125,0,10.99,0,1.219,1.17,0,4.63
3/25/2026,1:15, ,gtmfmwq_24G103006_030426_050000.bin,Fort Matanzas,GTMNERR,0,52.517,0,34.65,0,3.017,0,98.6,0,7.68,0,5.84,2.82,7.99,0,-85,5.3,17.304,0,10.71,0,1.221,1.65,0,6.6
3/25/2026,1:30, ,gtmfmwq_24G103006_030426_050000.bin,Fort Matanzas,GTMNERR,0,52.501,0,34.64,0,3.036,0,99.4,0,7.75,0,5.66,2.76,7.99,0,-85.1,5.3,17.302,0,11.04,0,1.228,3.43,0,13.76
3/25/2026,1:45, ,gtmfmwq_24G103006_030426_050000.bin,Fort Matanzas,GTMNERR,0,52.459,0,34.61,0,3.041,0,96.3,0,7.45,0,7.6,3.41,7.95,0,-83,5.27,17.748,0,12.68,0,1.222,2.07,0,8.3
3/25/2026,2:00, ,gtmfmwq_24G103006_030426_050000.bin,Fort Matanzas,GTMNERR,0,52.411,0,34.58,0,3.04,0,94.3,0,7.26,0,8.39,3.67,7.93,0,-81.4,5.28,17.966,0,14.19,0,1.226,2.33,0,9.32
3/25/2026,2:15, ,gtmfmwq_24G103006_030426_050000.bin,Fort Matanzas,GTMNERR,0,52.263,0,34.47,0,3.03,0,93.5,0,7.16,0,10.5,4.38,7.91,0,-80.3,5.28,18.286,0,8.67,0,1.224,1.71,0,6.83
3/25/2026,2:30, ,gtmfmwq_24G103006_030426_050000.bin,Fort Matanzas,GTMNERR,0,52.087,0,34.34,0,3.018,0,92.5,0,7.05,0,12.19,4.95,7.89,0,-79.5,5.27,18.604,0,8.77,0,1.217,1.43,0,5.69
3/25/2026,2:45, ,gtmfmwq_24G103006_030426_050000.bin,Fort Matanzas,GTMNERR,0,51.927,0,34.23,0,2.987,0,92.4,0,7.03,0,13.52,5.39,7.88,0,-78.5,5.28,18.785,0,7.99,0,1.217,1.43,0,5.69
3/25/2026,3:00, ,gtmfmwq_24G103006_030426_050000.bin,Fort Matanzas,GTMNERR,0,51.735,0,34.08,0,2.952,0,91.9,0,6.97,0,14.97,5.87,7.86,0,-77.7,5.28,18.937,0,9.22,0,1.222,1.37,0,5.44
3/25/2026,3:15, ,gtmfmwq_24G103006_030426_050000.bin,Fort Matanzas,GTMNERR,0,51.56,0,33.96,0,2.911,0,91.7,0,6.95,0,15.85,6.17,7.85,0,-77.1,5.29,19.016,0,11.38,0,1.227,1.47,0,5.84
3/25/2026,3:30, ,gtmfmwq_24G103006_030426_050000.bin,Fort Matanzas,GTMNERR,0,51.395,0,33.83,0,2.867,0,91.2,0,6.92,0,16.94,6.53,7.84,0,-76.4,5.29,19.047,0,11.91,0,1.227,1.39,0,5.54
3/25/2026,3:45, ,gtmfmwq_24G103006_030426_050000.bin,Fort Matanzas,GTMNERR,0,51.266,0,33.74,0,2.819,0,91,0,6.89,0,17.83,6.83,7.83,0,-75.7,5.29,19.093,0,12.67,0,1.217,1.28,0,5.11
3/25/2026,4:00, ,gtmfmwq_24G103006_030426_050000.bin,Fort Matanzas,GTMNERR,0,51.217,0,33.7,0,2.768,0,90.9,0,6.89,0,18.07,6.91,7.82,0,-75.6,5.29,19.101,0,10.09,0,1.219,1.19,0,4.75
3/25/2026,4:15, ,gtmfmwq_24G103006_030426_050000.bin,Fort Matanzas,GTMNERR,0,51.217,0,33.7,0,2.712,0,90.6,0,6.87,0,18.07,6.91,7.82,0,-75.5,5.28,19.101,0,10.14,0,1.225,1.23,0,4.89
3/25/2026,4:30, ,gtmfmwq_24G103006_030426_050000.bin,Fort Matanzas,GTMNERR,0,51.229,0,33.71,0,2.673,0,90.8,0,6.89,0,18.23,6.96,7.82,0,-75.4,5.3,19.093,0,8.83,0,1.224,1.19,0,4.71
3/25/2026,4:45, ,gtmfmwq_24G103006_030426_050000.bin,Fort Matanzas,GTMNERR,0,51.229,0,33.71,0,2.629,0,90.1,0,6.83,0,18.35,7,7.82,0,-75.2,5.29,19.086,0,8.42,0,1.224,1.12,0,4.43
3/25/2026,5:00, ,gtmfmwq_24G103006_030426_050000.bin,Fort Matanzas,GTMNERR,0,51.242,0,33.72,0,2.583,0,90.7,0,6.87,0,18.28,6.98,7.82,0,-75.3,5.29,19.075,0,8.14,0,1.226,1.19,0,4.74
3/25/2026,5:15, ,gtmfmwq_24G103006_030426_050000.bin,Fort Matanzas,GTMNERR,0,51.269,0,33.74,0,2.546,0,89.7,0,6.8,0,18.18,6.95,7.82,0,-75.4,5.3,19.062,0,8.11,0,1.23,1.04,0,4.12
3/25/2026,5:30, ,gtmfmwq_24G103006_030426_050000.bin,Fort Matanzas,GTMNERR,0,51.26,0,33.73,0,2.509,0,89.1,0,6.76,0,18.16,6.94,7.82,0,-75.1,5.29,19.053,0,7.28,0,1.227,1.11,0,4.41
3/25/2026,5:45, ,gtmfmwq_24G103006_030426_050000.bin,Fort Matanzas,GTMNERR,0,51.28,0,33.75,0,2.466,0,88.4,0,6.7,0,18.12,6.93,7.81,0,-75,5.3,19.049,0,6.96,0,1.227,0.98,0,3.87
3/25/2026,6:00, ,gtmfmwq_24G103006_030426_050000.bin,Fort Matanzas,GTMNERR,0,51.28,0,33.75,0,2.422,0,87.6,0,6.65,0,18.24,6.96,7.81,0,-74.6,5.29,19.044,0,6.45,0,1.224,0.93,0,3.67
3/25/2026,6:15, ,gtmfmwq_24G103006_030426_050000.bin,Fort Matanzas,GTMNERR,0,51.264,0,33.74,0,2.373,0,89.5,0,6.79,0,18.25,6.97,7.82,0,-75.2,5.29,19.028,0,6.61,0,1.217,1.08,0,4.27
3/25/2026,6:30, ,gtmfmwq_24G103006_030426_050000.bin,Fort Matanzas,GTMNERR,0,51.478,0,33.9,0,2.326,0,77,0,5.84,0,16.94,6.53,7.76,0,-71.6,5.3,19.001,0,5.08,0,1.233,0.64,0,2.5
3/25/2026,6:45, ,gtmfmwq_24G103006_030426_050000.bin,Fort Matanzas,GTMNERR,0,51.439,0,33.87,0,2.281,0,69.3,0,5.26,0,17.15,6.6,7.72,0,-69.6,5.29,18.972,0,5.39,0,1.233,0.57,0,2.21
3/25/2026,7:00, ,gtmfmwq_24G103006_030426_050000.bin,Fort Matanzas,GTMNERR,0,51.573,0,33.97,0,2.238,0,87,0,6.6,0,16.89,6.52,7.81,0,-74.9,5.3,18.927,0,5.42,0,1.223,0.87,0,3.44
3/25/2026,7:15, ,gtmfmwq_24G103006_030426_050000.bin,Fort Matanzas,GTMNERR,0,51.538,0,33.94,0,2.192,0,87.6,0,6.66,0,17.27,6.64,7.8,0,-74.4,5.29,18.809,0,5.33,0,1.222,0.88,0,3.47
3/25/2026,7:30, ,gtmfmwq_24G103006_030426_050000.bin,Fort Matanzas,GTMNERR,0,51.454,0,33.88,0,2.153,0,89,0,6.77,0,17.63,6.76,7.81,0,-74.8,5.29,18.891,0,4.81,0,1.22,0.85,0,3.37
3/25/2026,7:45, ,gtmfmwq_24G103006_030426_050000.bin,Fort Matanzas,GTMNERR,0,51.405,0,33.84,0,2.119,0,89.7,0,6.82,0,17.77,6.81,7.82,0,-75.1,5.3,18.918,0,4.58,0,1.227,0.9,0,3.54
3/25/2026,8:00, ,gtmfmwq_24G103006_030426_050000.bin,Fort Matanzas,GTMNERR,0,51.466,0,33.89,0,2.083,0,89.8,0,6.82,0,17.42,6.69,7.82,0,-75.2,5.29,18.894,0,4.59,0,1.232,0.85,0,3.36
3/25/2026,8:15, ,gtmfmwq_24G103006_030426_050000.bin,Fort Matanzas,GTMNERR,0,51.533,0,33.94,0,2.05,0,89.1,0,6.78,0,17.2,6.62,7.82,0,-75.1,5.3,18.852,0,5.6,0,1.223,0.78,0,3.05
3/25/2026,8:30, ,gtmfmwq_24G103006_030426_050000.bin,Fort Matanzas,GTMNERR,0,51.51,0,33.92,0,2.021,0,89.4,0,6.8,0,17.12,6.59,7.81,0,-75,5.29,18.8,0,4.83,0,1.219,0.84,0,3.3
3/25/2026,8:45, ,gtmfmwq_24G103006_030426_050000.bin,Fort Matanzas,GTMNERR,0,51.563,0,33.96,0,1.999,0,89.5,0,6.82,0,16.32,6.33,7.82,0,-75.2,5.29,18.708,0,4.91,0,1.215,0.83,0,3.27
3/25/2026,9:00, ,gtmfmwq_24G103006_030426_050000.bin,Fort Matanzas,GTMNERR,0,51.596,0,33.98,0,1.982,0,87.6,0,6.7,0,15.95,6.2,7.8,0,-74.3,5.3,18.509,0,5.18,0,1.219,0.81,0,3.18
3/25/2026,9:15, ,gtmfmwq_24G103006_030426_050000.bin,Fort Matanzas,GTMNERR,0,51.653,0,34.02,0,1.976,0,89.6,0,6.84,0,15.34,6,7.83,0,-75.8,5.29,18.614,0,5.38,0,1.231,0.81,0,3.19
3/25/2026,9:30, ,gtmfmwq_24G103006_030426_050000.bin,Fort Matanzas,GTMNERR,0,51.682,0,34.05,0,1.975,0,89.7,0,6.85,0,14.92,5.86,7.83,0,-75.8,5.3,18.56,0,6.81,0,1.232,0.79,0,3.11
3/25/2026,9:45, ,gtmfmwq_24G103006_030426_050000.bin,Fort Matanzas,GTMNERR,0,51.738,0,34.09,0,1.99,0,88.8,0,6.8,0,14.23,5.63,7.83,0,-75.6,5.29,18.395,0,8.68,0,1.218,0.86,0,3.39
3/25/2026,10:00, ,gtmfmwq_24G103006_030426_050000.bin,Fort Matanzas,GTMNERR,0,51.974,0,34.26,0,2.012,0,91.7,0,7.1,0,11.27,4.64,7.88,0,-78.7,5.29,17.76,0,12.65,0,1.221,1.3,0,5.16
3/25/2026,10:15, ,gtmfmwq_24G103006_030426_050000.bin,Fort Matanzas,GTMNERR,0,52.233,0,34.44,0,2.041,0,97,0,7.55,0,8.23,3.62,7.94,0,-82.3,5.28,17.455,0,14.52,0,1.227,1.73,0,6.92
3/25/2026,10:30, ,gtmfmwq_24G103006_030426_050000.bin,Fort Matanzas,GTMNERR,0,52.366,0,34.54,0,2.073,0,100.1,0,7.8,0,6.14,2.92,7.98,0,-84.3,5.26,17.35,0,14.45,0,1.228,1.76,0,7.04
3/25/2026,10:45, ,gtmfmwq_24G103006_030426_050000.bin,Fort Matanzas,GTMNERR,0,52.387,0,34.56,0,2.109,0,101.4,0,7.91,0,5.32,2.65,7.99,0,-85.2,5.28,17.313,0,17.61,0,1.225,2.05,0,8.21
3/25/2026,11:00, ,gtmfmwq_24G103006_030426_050000.bin,Fort Matanzas,GTMNERR,0,52.389,0,34.56,0,2.156,0,101.8,0,7.93,0,5.42,2.68,7.99,0,-85.2,5.27,17.388,0,14.46,0,1.225,1.94,0,7.75
3/25/2026,11:15, ,gtmfmwq_24G103006_030426_050000.bin,Fort Matanzas,GTMNERR,0,52.383,0,34.55,0,2.207,0,102,0,7.94,0,5.34,2.65,8,0,-85.4,5.27,17.417,0,16.98,0,1.227,2,0,7.99
3/25/2026,11:30, ,gtmfmwq_24G103006_030426_050000.bin,Fort Matanzas,GTMNERR,0,52.385,0,34.56,0,2.264,0,101.9,0,7.93,0,5.35,2.66,8,0,-85.3,5.27,17.423,0,15.81,0,1.232,1.86,0,7.44
3/25/2026,11:45, ,gtmfmwq_24G103006_030426_050000.bin,Fort Matanzas,GTMNERR,0,52.37,0,34.55,0,2.33,0,101.1,0,7.86,0,5.89,2.84,7.99,0,-84.9,5.26,17.479,0,14.65,0,1.229,1.93,0,7.72
3/25/2026,12:00, ,gtmfmwq_24G103006_030426_050000.bin,Fort Matanzas,GTMNERR,0,52.358,0,34.54,0,2.388,0,101.2,0,7.86,0,5.88,2.84,7.99,0,-84.9,5.27,17.545,0,13.51,0,1.228,1.72,0,6.88
3/25/2026,12:15, ,gtmfmwq_24G103006_030426_050000.bin,Fort Matanzas,GTMNERR,0,52.361,0,34.54,0,2.442,0,101.3,0,7.86,0,5.93,2.85,7.98,0,-84.6,5.26,17.6,0,13.11,0,1.229,1.86,0,7.44
3/25/2026,12:30, ,gtmfmwq_24G103006_030426_050000.bin,Fort Matanzas,GTMNERR,0,52.352,0,34.53,0,2.496,0,101,0,7.83,0,6.17,2.93,7.98,0,-84.7,5.27,17.666,0,12.39,0,1.232,1.84,0,7.37
3/25/2026,12:45, ,gtmfmwq_24G103006_030426_050000.bin,Fort Matanzas,GTMNERR,0,52.348,0,34.53,0,2.545,0,100.3,0,7.76,0,6.22,2.95,7.97,0,-84.1,5.27,17.756,0,12.53,0,1.232,1.72,0,6.89
3/25/2026,13:00, ,gtmfmwq_24G103006_030426_050000.bin,Fort Matanzas,GTMNERR,0,52.337,0,34.52,0,2.58,0,98,0,7.57,0,6.33,2.99,7.96,0,-83.6,5.26,17.831,0,8.77,0,1.234,1.8,0,7.21
3/25/2026,13:15, ,gtmfmwq_24G103006_030426_050000.bin,Fort Matanzas,GTMNERR,0,52.339,0,34.53,0,2.619,0,82.3,0,6.36,0,6.52,3.05,7.89,0,-79.5,5.28,17.824,0,6.4,0,1.229,0.72,0,2.82
3/25/2026,13:30, ,gtmfmwq_24G103006_030426_050000.bin,Fort Matanzas,GTMNERR,0,52.353,0,34.54,0,2.648,0,96.7,0,7.47,0,5.93,2.85,7.98,0,-84.3,5.26,17.817,0,15.34,0,1.226,1.9,0,7.61
3/25/2026,13:45, ,gtmfmwq_24G103006_030426_050000.bin,Fort Matanzas,GTMNERR,0,52.372,0,34.55,0,2.666,0,96.3,0,7.43,0,5.86,2.83,7.97,0,-83.8,5.27,17.845,0,8.89,0,1.222,1.43,0,5.71
3/25/2026,14:00, ,gtmfmwq_24G103006_030426_050000.bin,Fort Matanzas,GTMNERR,0,52.365,0,34.55,0,2.674,0,101.5,0,7.83,0,5.89,2.84,7.99,0,-84.9,5.27,17.94,0,8.31,0,1.22,1.51,0,6.03
3/25/2026,14:15, ,gtmfmwq_24G103006_030426_050000.bin,Fort Matanzas,GTMNERR,0,52.348,0,34.53,0,2.67,0,102.1,0,7.86,0,6.1,2.91,7.98,0,-84.7,5.26,18.029,0,8.7,0,1.219,1.4,0,5.57
3/25/2026,14:30, ,gtmfmwq_24G103006_030426_050000.bin,Fort Matanzas,GTMNERR,0,52.339,0,34.53,0,2.659,0,101.9,0,7.84,0,6.22,2.95,7.98,0,-84.3,5.27,18.035,0,10.63,0,1.22,1.55,0,6.19
3/25/2026,14:45, ,gtmfmwq_24G103006_030426_050000.bin,Fort Matanzas,GTMNERR,0,52.329,0,34.52,0,2.641,0,101.7,0,7.81,0,6.55,3.06,7.97,0,-84,5.26,18.156,0,9.73,0,1.22,1.69,0,6.75
3/25/2026,15:00, ,gtmfmwq_24G103006_030426_050000.bin,Fort Matanzas,GTMNERR,0,52.257,0,34.47,0,2.62,0,101.7,0,7.77,0,7.25,3.29,7.96,0,-83.6,5.26,18.37,0,9.35,0,1.215,1.61,0,6.42
3/25/2026,15:15, ,gtmfmwq_24G103006_030426_050000.bin,Fort Matanzas,GTMNERR,0,52.122,0,34.37,0,2.589,0,100.1,0,7.65,0,8.62,3.75,7.94,0,-82,5.27,18.422,0,10.36,0,1.215,1.6,0,6.4
3/25/2026,15:30, ,gtmfmwq_24G103006_030426_050000.bin,Fort Matanzas,GTMNERR,0,51.974,0,34.26,0,2.556,0,96.5,0,7.35,0,10.69,4.44,7.9,0,-79.9,5.25,18.631,0,8.43,0,1.224,1.39,0,5.54
3/25/2026,15:45, ,gtmfmwq_24G103006_030426_050000.bin,Fort Matanzas,GTMNERR,0,51.886,0,34.2,0,2.518,0,95.2,0,7.23,0,11.68,4.78,7.88,0,-78.9,5.27,18.769,0,8.68,0,1.228,1.37,0,5.45
3/25/2026,16:00, ,gtmfmwq_24G103006_030426_050000.bin,Fort Matanzas,GTMNERR,0,51.81,0,34.14,0,2.483,0,94.5,0,7.17,0,12.69,5.11,7.87,0,-78.1,5.26,18.921,0,8.48,0,1.228,1.35,0,5.39
3/25/2026,16:15, ,gtmfmwq_24G103006_030426_050000.bin,Fort Matanzas,GTMNERR,0,51.732,0,34.08,0,2.44,0,94.1,0,7.12,0,13.32,5.32,7.86,0,-77.6,5.26,19.117,0,8.5,0,1.232,1.17,0,4.63
3/25/2026,16:30, ,gtmfmwq_24G103006_030426_050000.bin,Fort Matanzas,GTMNERR,0,51.663,0,34.03,0,2.398,0,93.6,0,7.05,0,14.12,5.59,7.85,0,-77,5.26,19.287,0,7.23,0,1.22,1.18,0,4.69
3/25/2026,16:45, ,gtmfmwq_24G103006_030426_050000.bin,Fort Matanzas,GTMNERR,0,51.628,0,34.01,0,2.355,0,93.9,0,7.06,0,14.57,5.74,7.84,0,-76.8,5.25,19.437,0,6.85,0,1.215,1.03,0,4.1
3/25/2026,17:00, ,gtmfmwq_24G103006_030426_050000.bin,Fort Matanzas,GTMNERR,0,51.604,0,33.99,0,2.314,0,94.6,0,7.1,0,14.61,5.75,7.85,0,-77,5.27,19.545,0,6.57,0,1.218,1.1,0,4.36
3/25/2026,17:15, ,gtmfmwq_24G103006_030426_050000.bin,Fort Matanzas,GTMNERR,0,51.59,0,33.98,0,2.272,0,94.5,0,7.08,0,14.79,5.81,7.85,0,-77,5.25,19.619,0,6.47,0,1.225,1.13,0,4.5
3/25/2026,17:30, ,gtmfmwq_24G103006_030426_050000.bin,Fort Matanzas,GTMNERR,0,51.589,0,33.98,0,2.233,0,92.8,0,6.95,0,14.8,5.82,7.84,0,-76.6,5.26,19.632,0,5.37,0,1.229,0.94,0,3.74
3/25/2026,17:45, ,gtmfmwq_24G103006_030426_050000.bin,Fort Matanzas,GTMNERR,0,51.674,0,34.04,0,2.193,0,96.4,0,7.23,0,14.25,5.63,7.86,0,-77.8,5.27,19.575,0,6.09,0,1.232,1.25,0,4.97
3/25/2026,18:00, ,gtmfmwq_24G103006_030426_050000.bin,Fort Matanzas,GTMNERR,0,51.801,0,34.13,0,2.152,0,97.2,0,7.3,0,12.29,4.98,7.88,0,-78.8,5.26,19.435,0,5.83,0,1.232,1.03,0,4.08
3/25/2026,18:15, ,gtmfmwq_24G103006_030426_050000.bin,Fort Matanzas,GTMNERR,0,51.846,0,34.17,0,2.111,0,98.9,0,7.43,0,11.87,4.84,7.89,0,-79.3,5.27,19.42,0,6.26,0,1.233,1.15,0,4.57
3/25/2026,18:30, ,gtmfmwq_24G103006_030426_050000.bin,Fort Matanzas,GTMNERR,0,51.654,0,34.02,0,2.071,0,97.7,0,7.24,0,14.36,5.67,7.83,0,-76.1,5.28,20.23,0,6.53,0,1.224,1.33,0,5.28
3/25/2026,18:45, ,gtmfmwq_24G103006_030426_050000.bin,Fort Matanzas,GTMNERR,0,51.646,0,34.02,0,2.031,0,97.3,0,7.24,0,14.3,5.65,7.84,0,-76.4,5.28,20.044,0,5.74,0,1.221,1.27,0,5.06
3/25/2026,19:00, ,gtmfmwq_24G103006_030426_050000.bin,Fort Matanzas,GTMNERR,0,51.616,0,34,0,1.992,0,97.9,0,7.29,0,14.51,5.72,7.84,0,-76.7,5.29,19.947,0,5.68,0,1.22,1.31,0,5.22
3/25/2026,19:15, ,gtmfmwq_24G103006_030426_050000.bin,Fort Matanzas,GTMNERR,0,51.65,0,34.02,0,1.952,0,97.5,0,7.28,0,14.39,5.68,7.84,0,-76.8,5.28,19.815,0,6.05,0,1.22,1.29,0,5.15
3/25/2026,19:30, ,gtmfmwq_24G103006_030426_050000.bin,Fort Matanzas,GTMNERR,0,51.746,0,34.09,0,1.918,0,98.5,0,7.35,0,13.41,5.35,7.85,0,-77.5,5.29,19.789,0,6.13,0,1.222,1.24,0,4.91
3/25/2026,19:45, ,gtmfmwq_24G103006_030426_050000.bin,Fort Matanzas,GTMNERR,0,51.658,0,34.03,0,1.885,0,97.7,0,7.31,0,14.31,5.65,7.85,0,-77.2,5.28,19.701,0,5.93,0,1.226,1.31,0,5.2
3/25/2026,20:00, ,gtmfmwq_24G103006_030426_050000.bin,Fort Matanzas,GTMNERR,0,51.677,0,34.04,0,1.852,0,97.4,0,7.28,0,14.17,5.61,7.85,0,-77.3,5.28,19.712,0,6.6,0,1.228,1.3,0,5.17
3/25/2026,20:15, ,gtmfmwq_24G103006_030426_050000.bin,Fort Matanzas,GTMNERR,0,51.743,0,34.09,0,1.828,0,97.9,0,7.28,0,13.57,5.41,7.84,0,-76.7,5.29,20.016,0,7.53,0,1.231,1.25,0,4.97
3/25/2026,20:30, ,gtmfmwq_24G103006_030426_050000.bin,Fort Matanzas,GTMNERR,0,51.716,0,34.07,0,1.805,0,97.3,0,7.23,0,14.06,5.57,7.84,0,-76.4,5.28,20.071,0,7.72,0,1.234,1.21,0,4.83
3/25/2026,20:45, ,gtmfmwq_24G103006_030426_050000.bin,Fort Matanzas,GTMNERR,0,51.67,0,34.04,0,1.785,0,96.8,0,7.21,0,14.35,5.67,7.84,0,-76.7,5.29,19.916,0,7.4,0,1.223,1.21,0,4.79
3/25/2026,21:00, ,gtmfmwq_24G103006_030426_050000.bin,Fort Matanzas,GTMNERR,0,51.766,0,34.11,0,1.778,0,97.8,0,7.3,0,13.15,5.27,7.86,0,-77.7,5.28,19.756,0,6.93,0,1.217,1.22,0,4.85
3/25/2026,21:15, ,gtmfmwq_24G103006_030426_050000.bin,Fort Matanzas,GTMNERR,0,51.93,0,34.23,0,1.781,0,98.4,0,7.36,0,11.34,4.66,7.88,0,-78.9,5.28,19.697,0,9.9,0,1.225,1.31,0,5.21
3/25/2026,21:30, ,gtmfmwq_24G103006_030426_050000.bin,Fort Matanzas,GTMNERR,0,52.118,0,34.37,0,1.798,0,101.1,0,7.59,0,9.56,4.07,7.92,0,-81.6,5.29,19.378,0,12.91,0,1.224,1.71,0,6.83
3/25/2026,21:45, ,gtmfmwq_24G103006_030426_050000.bin,Fort Matanzas,GTMNERR,0,52.3,0,34.5,0,1.827,0,103.8,0,7.87,0,7.48,3.37,7.96,0,-83.6,5.27,18.83,0,16.28,0,1.22,2.15,0,8.61
3/25/2026,22:00, ,gtmfmwq_24G103006_030426_050000.bin,Fort Matanzas,GTMNERR,0,52.338,0,34.53,0,1.862,0,104.8,0,7.97,0,6.86,3.16,7.98,0,-84.7,5.28,18.646,0,13.62,0,1.223,2.04,0,8.18
3/25/2026,22:15, ,gtmfmwq_24G103006_030426_050000.bin,Fort Matanzas,GTMNERR,0,52.299,0,34.5,0,1.9,0,104.9,0,7.99,0,6.41,3.01,7.98,0,-84.7,5.27,18.567,0,18.11,0,1.22,2.34,0,9.39
3/25/2026,22:30, ,gtmfmwq_24G103006_030426_050000.bin,Fort Matanzas,GTMNERR,0,52.332,0,34.52,0,1.947,0,105,0,8.02,0,6.03,2.88,7.99,0,-85.3,5.27,18.442,0,13.69,0,1.226,2.14,0,8.58
3/25/2026,22:45, ,gtmfmwq_24G103006_030426_050000.bin,Fort Matanzas,GTMNERR,0,52.328,0,34.52,0,2,0,104.8,0,7.99,0,6.2,2.94,7.99,0,-85.2,5.27,18.498,0,17.49,0,1.223,2.32,0,9.3
3/25/2026,23:00, ,gtmfmwq_24G103006_030426_050000.bin,Fort Matanzas,GTMNERR,0,52.353,0,34.54,0,2.065,0,105.1,0,8.01,0,6.04,2.89,7.99,0,-85.4,5.26,18.49,0,15.43,0,1.223,2.19,0,8.77
3/25/2026,23:15, ,gtmfmwq_24G103006_030426_050000.bin,Fort Matanzas,GTMNERR,0,52.381,0,34.56,0,2.141,0,104.9,0,8.01,0,5.96,2.86,8,0,-85.6,5.27,18.44,0,15.08,0,1.217,2.24,0,8.99
3/25/2026,23:30, ,gtmfmwq_24G103006_030426_050000.bin,Fort Matanzas,GTMNERR,0,52.389,0,34.57,0,2.213,0,104.9,0,8.01,0,5.93,2.85,8,0,-85.9,5.26,18.395,0,13.42,0,1.22,2.14,0,8.57
3/25/2026,23:45, ,gtmfmwq_24G103006_030426_050000.bin,Fort Matanzas,GTMNERR,0,52.322,0,34.52,0,2.286,0,104.4,0,7.98,0,5.93,2.85,8,0,-85.7,5.26,18.395,0,20.31,0,1.231,2.31,0,9.27
3/26/2026,0:00, ,gtmfmwq_24G103006_030426_050000.bin,Fort Matanzas,GTMNERR,0,52.238,0,34.45,0,2.354,0,103.6,0,7.92,0,5.93,2.85,8,0,-86.1,5.27,18.392,0,16.2,0,1.228,2.42,0,9.71
3/26/2026,0:15, ,gtmfmwq_24G103006_030426_050000.bin,Fort Matanzas,GTMNERR,0,52.221,0,34.44,0,2.429,0,102.7,0,7.86,0,6.09,2.91,8,0,-86,5.25,18.365,0,16.1,0,1.224,2.29,0,9.19
3/26/2026,0:30, ,gtmfmwq_24G103006_030426_050000.bin,Fort Matanzas,GTMNERR,0,52.267,0,34.48,0,2.5,0,102.3,0,7.85,0,5.52,2.72,8.01,0,-86.3,5.27,18.195,0,14.3,0,1.221,2.11,0,8.45
3/26/2026,0:45, ,gtmfmwq_24G103006_030426_050000.bin,Fort Matanzas,GTMNERR,0,52.312,0,34.51,0,2.562,0,102.3,0,7.87,0,5.22,2.62,8.02,0,-86.7,5.25,18.043,0,14.4,0,1.226,2.1,0,8.39
3/26/2026,1:00, ,gtmfmwq_24G103006_030426_050000.bin,Fort Matanzas,GTMNERR,0,52.342,0,34.53,0,2.623,0,102,0,7.86,0,4.99,2.54,8.02,0,-87,5.25,17.933,0,11,0,1.227,1.82,0,7.29
3/26/2026,1:15, ,gtmfmwq_24G103006_030426_050000.bin,Fort Matanzas,GTMNERR,0,52.365,0,34.55,0,2.676,0,102,0,7.88,0,4.61,2.41,8.02,0,-87,5.26,17.833,0,11.36,0,1.223,1.77,0,7.09
3/26/2026,1:30, ,gtmfmwq_24G103006_030426_050000.bin,Fort Matanzas,GTMNERR,0,52.367,0,34.55,0,2.719,0,98.9,0,7.64,0,4.61,2.41,8.01,0,-86.1,5.24,17.797,0,9.95,0,1.219,1.34,0,5.35
3/26/2026,1:45, ,gtmfmwq_24G103006_030426_050000.bin,Fort Matanzas,GTMNERR,0,52.368,0,34.55,0,2.764,0,81,0,6.26,0,4.7,2.44,7.93,0,-81.8,5.25,17.807,0,6.74,0,1.215,0.81,0,3.19
3/26/2026,2:00, ,gtmfmwq_24G103006_030426_050000.bin,Fort Matanzas,GTMNERR,0,52.368,0,34.55,0,2.796,0,84.4,0,6.51,0,4.84,2.49,7.95,0,-82.9,5.24,17.835,0,8.08,0,1.227,1.39,0,5.54
3/26/2026,2:15, ,gtmfmwq_24G103006_030426_050000.bin,Fort Matanzas,GTMNERR,0,52.365,0,34.54,0,2.821,0,89.1,0,6.88,0,4.93,2.52,7.96,0,-83.5,5.24,17.836,0,6.78,0,1.223,0.91,0,3.58
3/26/2026,2:30, ,gtmfmwq_24G103006_030426_050000.bin,Fort Matanzas,GTMNERR,0,52.345,0,34.53,0,2.833,0,99.5,0,7.67,0,5.07,2.56,8.01,0,-86.3,5.25,17.928,0,9.66,0,1.218,1.47,0,5.86
3/26/2026,2:45, ,gtmfmwq_24G103006_030426_050000.bin,Fort Matanzas,GTMNERR,0,52.318,0,34.51,0,2.836,0,99.6,0,7.66,0,5.41,2.68,8,0,-86,5.24,18.043,0,11.63,0,1.217,1.82,0,7.28
3/26/2026,3:00, ,gtmfmwq_24G103006_030426_050000.bin,Fort Matanzas,GTMNERR,0,52.282,0,34.49,0,2.832,0,99.4,0,7.6,0,6.11,2.91,7.98,0,-84.9,5.25,18.361,0,13.17,0,1.223,1.83,0,7.3
3/26/2026,3:15, ,gtmfmwq_24G103006_030426_050000.bin,Fort Matanzas,GTMNERR,0,52.31,0,34.51,0,2.821,0,100.6,0,7.68,0,6.64,3.09,7.98,0,-84.6,5.24,18.457,0,10.53,0,1.227,1.71,0,6.84
3/26/2026,3:30, ,gtmfmwq_24G103006_030426_050000.bin,Fort Matanzas,GTMNERR,0,52.27,0,34.48,0,2.807,0,100.1,0,7.62,0,7.57,3.4,7.96,0,-83.6,5.24,18.641,0,11.14,0,1.233,1.81,0,7.22
3/26/2026,3:45, ,gtmfmwq_24G103006_030426_050000.bin,Fort Matanzas,GTMNERR,0,52.125,0,34.37,0,2.782,0,98,0,7.42,0,9.41,4.02,7.93,0,-81.6,5.25,18.965,0,9.01,0,1.23,1.34,0,5.34
3/26/2026,4:00, ,gtmfmwq_24G103006_030426_050000.bin,Fort Matanzas,GTMNERR,0,52.007,0,34.29,0,2.745,0,96.7,0,7.29,0,10.71,4.45,7.9,0,-80.3,5.23,19.197,0,8.91,0,1.229,1.4,0,5.59
3/26/2026,4:15, ,gtmfmwq_24G103006_030426_050000.bin,Fort Matanzas,GTMNERR,0,51.918,0,34.22,0,2.705,0,96.1,0,7.23,0,11.52,4.72,7.89,0,-79.5,5.25,19.334,0,10.19,0,1.216,1.35,0,5.37
3/26/2026,4:30, ,gtmfmwq_24G103006_030426_050000.bin,Fort Matanzas,GTMNERR,0,51.825,0,34.15,0,2.661,0,95.1,0,7.14,0,12.7,5.11,7.87,0,-78.6,5.24,19.453,0,9.39,0,1.217,1.24,0,4.94
3/26/2026,4:45, ,gtmfmwq_24G103006_030426_050000.bin,Fort Matanzas,GTMNERR,0,51.738,0,34.09,0,2.618,0,94.1,0,7.06,0,13.42,5.35,7.86,0,-77.9,5.24,19.57,0,10.75,0,1.222,1.32,0,5.26
3/26/2026,5:00, ,gtmfmwq_24G103006_030426_050000.bin,Fort Matanzas,GTMNERR,0,51.66,0,34.03,0,2.57,0,93.5,0,7,0,14.27,5.64,7.85,0,-77.1,5.25,19.657,0,10.13,0,1.225,1.21,0,4.8
3/26/2026,5:15, ,gtmfmwq_24G103006_030426_050000.bin,Fort Matanzas,GTMNERR,0,51.596,0,33.98,0,2.524,0,92.7,0,6.93,0,14.76,5.8,7.84,0,-76.5,5.24,19.722,0,10.07,0,1.225,1.11,0,4.39
3/26/2026,5:30, ,gtmfmwq_24G103006_030426_050000.bin,Fort Matanzas,GTMNERR,0,51.574,0,33.97,0,2.47,0,92.8,0,6.94,0,14.94,5.86,7.83,0,-76.3,5.25,19.738,0,10.02,0,1.225,1.05,0,4.18
3/26/2026,5:45, ,gtmfmwq_24G103006_030426_050000.bin,Fort Matanzas,GTMNERR,0,51.529,0,33.93,0,2.427,0,90.4,0,6.75,0,15.57,6.08,7.82,0,-75.5,5.24,19.785,0,8.55,0,1.233,0.96,0,3.78
3/26/2026,6:00, ,gtmfmwq_24G103006_030426_050000.bin,Fort Matanzas,GTMNERR,0,51.551,0,33.95,0,2.382,0,89.7,0,6.71,0,15.42,6.02,7.82,0,-75.2,5.25,19.749,0,7.77,0,1.231,0.88,0,3.46
3/26/2026,6:15, ,gtmfmwq_24G103006_030426_050000.bin,Fort Matanzas,GTMNERR,0,51.725,0,34.08,0,2.336,0,91.5,0,6.87,0,13.72,5.46,7.85,0,-77,5.25,19.418,0,7.17,0,1.224,1.39,0,5.55
3/26/2026,6:30, ,gtmfmwq_24G103006_030426_050000.bin,Fort Matanzas,GTMNERR,0,51.688,0,34.05,0,2.291,0,91.6,0,6.88,0,13.75,5.47,7.85,0,-76.9,5.24,19.475,0,7.96,0,1.223,1.17,0,4.63
3/26/2026,6:45, ,gtmfmwq_24G103006_030426_050000.bin,Fort Matanzas,GTMNERR,0,51.698,0,34.06,0,2.244,0,82.2,0,6.17,0,13.68,5.44,7.79,0,-73.7,5.25,19.471,0,7.21,0,1.229,0.67,0,2.61
3/26/2026,7:00, ,gtmfmwq_24G103006_030426_050000.bin,Fort Matanzas,GTMNERR,0,51.739,0,34.09,0,2.198,0,88.9,0,6.68,0,13.63,5.43,7.83,0,-76,5.24,19.432,0,6.06,0,1.222,0.98,0,3.89
3/26/2026,7:15, ,gtmfmwq_24G103006_030426_050000.bin,Fort Matanzas,GTMNERR,0,51.8,0,34.13,0,2.154,0,91.1,0,6.85,0,13.35,5.33,7.85,0,-76.9,5.24,19.338,0,5.63,0,1.225,0.86,0,3.41
3/26/2026,7:30, ,gtmfmwq_24G103006_030426_050000.bin,Fort Matanzas,GTMNERR,0,51.791,0,34.13,0,2.109,0,91.1,0,6.86,0,13.17,5.27,7.85,0,-76.9,5.25,19.343,0,5.31,0,1.224,0.73,0,2.89
3/26/2026,7:45, ,gtmfmwq_24G103006_030426_050000.bin,Fort Matanzas,GTMNERR,0,51.736,0,34.09,0,2.066,0,91.5,0,6.88,0,14.01,5.55,7.84,0,-76.7,5.24,19.444,0,4.93,0,1.232,0.74,0,2.92
3/26/2026,8:00, ,gtmfmwq_24G103006_030426_050000.bin,Fort Matanzas,GTMNERR,0,51.731,0,34.08,0,2.025,0,90.7,0,6.82,0,14.15,5.6,7.83,0,-76.3,5.25,19.446,0,4.87,0,1.227,0.73,0,2.88
3/26/2026,8:15, ,gtmfmwq_24G103006_030426_050000.bin,Fort Matanzas,GTMNERR,0,51.716,0,34.07,0,1.985,0,91.9,0,6.9,0,14.03,5.56,7.84,0,-76.5,5.24,19.478,0,4.64,0,1.219,0.74,0,2.92
3/26/2026,8:30, ,gtmfmwq_24G103006_030426_050000.bin,Fort Matanzas,GTMNERR,0,51.769,0,34.11,0,1.949,0,92,0,6.91,0,13.55,5.4,7.85,0,-77.1,5.24,19.421,0,5.01,0,1.222,0.74,0,2.92
3/26/2026,8:45, ,gtmfmwq_24G103006_030426_050000.bin,Fort Matanzas,GTMNERR,0,51.777,0,34.12,0,1.912,0,92.2,0,6.93,0,13.35,5.33,7.85,0,-77.1,5.25,19.396,0,5.24,0,1.218,0.75,0,2.95
3/26/2026,9:00, ,gtmfmwq_24G103006_030426_050000.bin,Fort Matanzas,GTMNERR,0,51.828,0,34.15,0,1.878,0,91.3,0,6.88,0,12.69,5.11,7.85,0,-77.2,5.24,19.278,0,5.77,0,1.22,0.76,0,2.97
3/26/2026,9:15, ,gtmfmwq_24G103006_030426_050000.bin,Fort Matanzas,GTMNERR,0,51.868,0,34.18,0,1.847,0,90.7,0,6.85,0,12.56,5.07,7.85,0,-76.9,5.25,19.163,0,5.12,0,1.233,0.78,0,3.08
3/26/2026,9:30, ,gtmfmwq_24G103006_030426_050000.bin,Fort Matanzas,GTMNERR,0,51.9,0,34.21,0,1.821,0,92.1,0,6.96,0,11.94,4.86,7.86,0,-77.7,5.24,19.144,0,4.81,0,1.222,0.76,0,3
3/26/2026,9:45, ,gtmfmwq_24G103006_030426_050000.bin,Fort Matanzas,GTMNERR,0,51.933,0,34.23,0,1.799,0,91.7,0,6.94,0,11.5,4.71,7.87,0,-78.1,5.24,19.032,0,5.6,0,1.214,0.78,0,3.09
3/26/2026,10:00, ,gtmfmwq_24G103006_030426_050000.bin,Fort Matanzas,GTMNERR,0,51.954,0,34.25,0,1.783,0,91.9,0,6.95,0,10.95,4.53,7.87,0,-78.2,5.25,19.022,0,6.23,0,1.217,0.81,0,3.2
3/26/2026,10:15, ,gtmfmwq_24G103006_030426_050000.bin,Fort Matanzas,GTMNERR,0,51.977,0,34.26,0,1.779,0,91.3,0,6.92,0,10.81,4.48,7.87,0,-78.1,5.24,18.923,0,7.74,0,1.234,0.9,0,3.55
3/26/2026,10:30, ,gtmfmwq_24G103006_030426_050000.bin,Fort Matanzas,GTMNERR,0,52.149,0,34.39,0,1.777,0,93.4,0,7.16,0,8.77,3.8,7.91,0,-80.4,5.25,18.289,0,12.38,0,1.226,1.27,0,5.05
3/26/2026,10:45, ,gtmfmwq_24G103006_030426_050000.bin,Fort Matanzas,GTMNERR,0,52.229,0,34.45,0,1.79,0,96.4,0,7.41,0,7.88,3.51,7.94,0,-82.1,5.24,18.077,0,12.1,0,1.218,1.31,0,5.21
3/26/2026,11:00, ,gtmfmwq_24G103006_030426_050000.bin,Fort Matanzas,GTMNERR,0,52.265,0,34.47,0,1.811,0,98,0,7.55,0,7.25,3.29,7.95,0,-83,5.23,18.009,0,9.4,0,1.218,1.32,0,5.27
3/26/2026,11:15, ,gtmfmwq_24G103006_030426_050000.bin,Fort Matanzas,GTMNERR,0,52.289,0,34.49,0,1.846,0,99.3,0,7.65,0,6.75,3.13,7.97,0,-83.9,5.21,17.94,0,9.24,0,1.22,1.37,0,5.47
3/26/2026,11:30, ,gtmfmwq_24G103006_030426_050000.bin,Fort Matanzas,GTMNERR,0,52.307,0,34.5,0,1.887,0,100.3,0,7.74,0,6.13,2.92,7.98,0,-84.6,5.2,17.897,0,10.02,0,1.221,1.43,0,5.68
3/26/2026,11:45, ,gtmfmwq_24G103006_030426_050000.bin,Fort Matanzas,GTMNERR,0,52.3,0,34.5,0,1.928,0,100.2,0,7.72,0,6.11,2.91,7.98,0,-84.5,5.21,17.971,0,9.83,0,1.219,1.45,0,5.79
3/26/2026,12:00, ,gtmfmwq_24G103006_030426_050000.bin,Fort Matanzas,GTMNERR,0,52.331,0,34.52,0,1.978,0,101.8,0,7.85,0,5.71,2.78,8,0,-85.4,5.2,17.915,0,9.79,0,1.218,1.37,0,5.47
3/26/2026,12:15, ,gtmfmwq_24G103006_030426_050000.bin,Fort Matanzas,GTMNERR,0,52.335,0,34.52,0,2.031,0,102.1,0,7.87,0,5.58,2.74,8,0,-85.5,5.2,17.896,0,9.58,0,1.218,1.38,0,5.48
3/26/2026,12:30, ,gtmfmwq_24G103006_030426_050000.bin,Fort Matanzas,GTMNERR,0,52.327,0,34.52,0,2.088,0,101.6,0,7.83,0,5.88,2.84,7.99,0,-85.1,5.2,17.945,0,9.39,0,1.223,1.38,0,5.49
3/26/2026,12:45, ,gtmfmwq_24G103006_030426_050000.bin,Fort Matanzas,GTMNERR,0,52.322,0,34.51,0,2.143,0,101.5,0,7.83,0,5.92,2.85,7.99,0,-85.2,5.19,17.94,0,8.66,0,1.214,1.39,0,5.55
3/26/2026,13:00, ,gtmfmwq_24G103006_030426_050000.bin,Fort Matanzas,GTMNERR,0,52.315,0,34.51,0,2.196,0,101.2,0,7.79,0,5.94,2.86,7.99,0,-85.1,5.2,17.96,0,8.65,0,1.221,1.3,0,5.18
3/26/2026,13:15, ,gtmfmwq_24G103006_030426_050000.bin,Fort Matanzas,GTMNERR,0,52.323,0,34.52,0,2.244,0,102,0,7.85,0,5.72,2.78,7.99,0,-85.3,5.19,17.999,0,7.48,0,1.226,1.21,0,4.82
3/26/2026,13:30, ,gtmfmwq_24G103006_030426_050000.bin,Fort Matanzas,GTMNERR,0,52.324,0,34.52,0,2.29,0,101.7,0,7.83,0,5.79,2.8,7.99,0,-85.2,5.19,18.007,0,7.1,0,1.225,1.19,0,4.73
3/26/2026,13:45, ,gtmfmwq_24G103006_030426_050000.bin,Fort Matanzas,GTMNERR,0,52.317,0,34.51,0,2.336,0,101,0,7.76,0,5.68,2.77,7.98,0,-84.8,5.2,18.127,0,5.85,0,1.219,1.11,0,4.39
3/26/2026,14:00, ,gtmfmwq_24G103006_030426_050000.bin,Fort Matanzas,GTMNERR,0,52.333,0,34.52,0,2.383,0,96.2,0,7.37,0,5.44,2.69,7.96,0,-83.6,5.19,18.287,0,6.03,0,1.222,0.74,0,2.9
3/26/2026,14:15, ,gtmfmwq_24G103006_030426_050000.bin,Fort Matanzas,GTMNERR,0,52.337,0,34.53,0,2.418,0,92.1,0,7.06,0,5.37,2.66,7.95,0,-82.9,5.2,18.251,0,3.71,0,1.222,0.84,0,3.3
3/26/2026,14:30, ,gtmfmwq_24G103006_030426_050000.bin,Fort Matanzas,GTMNERR,0,52.336,0,34.53,0,2.45,0,93.9,0,7.2,0,5.57,2.73,7.95,0,-82.7,5.19,18.243,0,5.17,0,1.231,1.03,0,4.09
3/26/2026,14:45, ,gtmfmwq_24G103006_030426_050000.bin,Fort Matanzas,GTMNERR,0,52.324,0,34.52,0,2.468,0,96.6,0,7.41,0,5.82,2.82,7.97,0,-83.7,5.19,18.171,0,5.17,0,1.232,0.94,0,3.7
3/26/2026,15:00, ,gtmfmwq_24G103006_030426_050000.bin,Fort Matanzas,GTMNERR,0,52.343,0,34.53,0,2.476,0,97.5,0,7.48,0,5.92,2.85,7.97,0,-83.9,5.2,18.205,0,4.06,0,1.222,0.68,0,2.69
3/26/2026,15:15, ,gtmfmwq_24G103006_030426_050000.bin,Fort Matanzas,GTMNERR,0,52.313,0,34.51,0,2.478,0,98.9,0,7.58,0,5.95,2.86,7.98,0,-84.3,5.19,18.253,0,5.76,0,1.219,0.87,0,3.44
3/26/2026,15:30, ,gtmfmwq_24G103006_030426_050000.bin,Fort Matanzas,GTMNERR,0,52.312,0,34.51,0,2.473,0,101.3,0,7.73,0,6.05,2.89,7.98,0,-84.6,5.2,18.485,0,6.19,0,1.222,1.17,0,4.66
3/26/2026,15:45, ,gtmfmwq_24G103006_030426_050000.bin,Fort Matanzas,GTMNERR,0,52.283,0,34.49,0,2.455,0,101.2,0,7.68,0,6.61,3.08,7.97,0,-83.8,5.19,18.797,0,5.86,0,1.228,1.08,0,4.29
3/26/2026,16:00, ,gtmfmwq_24G103006_030426_050000.bin,Fort Matanzas,GTMNERR,0,52.263,0,34.47,0,2.429,0,101.2,0,7.68,0,6.74,3.12,7.96,0,-83.6,5.19,18.769,0,6.57,0,1.227,1.2,0,4.76
3/26/2026,16:15, ,gtmfmwq_24G103006_030426_050000.bin,Fort Matanzas,GTMNERR,0,52.234,0,34.45,0,2.404,0,100.8,0,7.62,0,7.3,3.31,7.95,0,-82.8,5.21,18.98,0,7.26,0,1.224,1.22,0,4.84
3/26/2026,16:30, ,gtmfmwq_24G103006_030426_050000.bin,Fort Matanzas,GTMNERR,0,52.167,0,34.4,0,2.372,0,99.6,0,7.51,0,8.07,3.57,7.93,0,-81.9,5.19,19.107,0,6.84,0,1.223,1.2,0,4.78
3/26/2026,16:45, ,gtmfmwq_24G103006_030426_050000.bin,Fort Matanzas,GTMNERR,0,52.107,0,34.36,0,2.337,0,99,0,7.44,0,9.01,3.88,7.91,0,-80.9,5.21,19.34,0,7.71,0,1.221,1.37,0,5.44
3/26/2026,17:00, ,gtmfmwq_24G103006_030426_050000.bin,Fort Matanzas,GTMNERR,0,52.064,0,34.33,0,2.298,0,96.7,0,7.26,0,9.71,4.11,7.9,0,-79.8,5.2,19.427,0,6.44,0,1.231,0.97,0,3.85
3/26/2026,17:15, ,gtmfmwq_24G103006_030426_050000.bin,Fort Matanzas,GTMNERR,0,51.985,0,34.27,0,2.259,0,95.4,0,7.15,0,10.64,4.43,7.88,0,-78.9,5.19,19.547,0,7.4,0,1.225,1.24,0,4.91
3/26/2026,17:30, ,gtmfmwq_24G103006_030426_050000.bin,Fort Matanzas,GTMNERR,0,51.987,0,34.27,0,2.221,0,96.6,0,7.2,0,10.75,4.46,7.88,0,-79,5.2,19.783,0,6.22,0,1.22,1.2,0,4.78
3/26/2026,17:45, ,gtmfmwq_24G103006_030426_050000.bin,Fort Matanzas,GTMNERR,0,51.96,0,34.25,0,2.179,0,97.3,0,7.24,0,10.94,4.53,7.88,0,-78.9,5.19,19.911,0,5.43,0,1.221,1.1,0,4.36
3/26/2026,18:00, ,gtmfmwq_24G103006_030426_050000.bin,Fort Matanzas,GTMNERR,0,51.926,0,34.23,0,2.141,0,97.7,0,7.26,0,11.29,4.65,7.87,0,-78.5,5.21,19.978,0,5.16,0,1.219,1.22,0,4.87
3/26/2026,18:15, ,gtmfmwq_24G103006_030426_050000.bin,Fort Matanzas,GTMNERR,0,52,0,34.28,0,2.102,0,99.5,0,7.39,0,10.3,4.31,7.89,0,-79.7,5.2,20.009,0,5.57,0,1.219,1.25,0,4.98
3/26/2026,18:30, ,gtmfmwq_24G103006_030426_050000.bin,Fort Matanzas,GTMNERR,0,52.068,0,34.33,0,2.061,0,100.5,0,7.46,0,9.33,3.99,7.91,0,-80.6,5.2,19.996,0,6.12,0,1.218,1.09,0,4.34
3/26/2026,18:45, ,gtmfmwq_24G103006_030426_050000.bin,Fort Matanzas,GTMNERR,0,52.148,0,34.39,0,2.019,0,100.6,0,7.49,0,8.41,3.68,7.92,0,-81.4,5.22,19.819,0,5.58,0,1.22,1.19,0,4.73
3/26/2026,19:00, ,gtmfmwq_24G103006_030426_050000.bin,Fort Matanzas,GTMNERR,0,51.999,0,34.28,0,1.976,0,97.8,0,7.18,0,10.31,4.32,7.86,0,-78,5.22,20.628,0,6.4,0,1.218,1.25,0,4.97
3/26/2026,19:15, ,gtmfmwq_24G103006_030426_050000.bin,Fort Matanzas,GTMNERR,0,51.974,0,34.26,0,1.933,0,98.7,0,7.28,0,10.58,4.41,7.87,0,-78.4,5.24,20.412,0,5.46,0,1.217,1.21,0,4.79
3/26/2026,19:30, ,gtmfmwq_24G103006_030426_050000.bin,Fort Matanzas,GTMNERR,0,51.981,0,34.27,0,1.888,0,98.5,0,7.3,0,10.69,4.44,7.88,0,-78.8,5.22,20.146,0,5.64,0,1.22,1.01,0,3.99
3/26/2026,19:45, ,gtmfmwq_24G103006_030426_050000.bin,Fort Matanzas,GTMNERR,0,51.982,0,34.27,0,1.845,0,98.6,0,7.33,0,11.96,4.87,7.88,0,-78.8,5.23,19.997,0,9.33,0,1.226,1.3,0,5.19
3/26/2026,20:00, ,gtmfmwq_24G103006_030426_050000.bin,Fort Matanzas,GTMNERR,0,52.05,0,34.32,0,1.806,0,99.1,0,7.36,0,10.03,4.22,7.89,0,-79.5,5.24,19.973,0,6.03,0,1.221,1.27,0,5.06
3/26/2026,20:15, ,gtmfmwq_24G103006_030426_050000.bin,Fort Matanzas,GTMNERR,0,52.023,0,34.3,0,1.765,0,97.8,0,7.28,0,10.3,4.31,7.88,0,-79.1,5.22,19.893,0,6.36,0,1.22,1.29,0,5.13
3/26/2026,20:30, ,gtmfmwq_24G103006_030426_050000.bin,Fort Matanzas,GTMNERR,0,52.055,0,34.32,0,1.727,0,98.6,0,7.28,0,10.37,4.34,7.88,0,-79,5.24,20.279,0,7.23,0,1.216,1.22,0,4.83
3/26/2026,20:45, ,gtmfmwq_24G103006_030426_050000.bin,Fort Matanzas,GTMNERR,0,52.133,0,34.38,0,1.69,0,99.3,0,7.3,0,10.37,4.34,7.88,0,-79,5.23,20.604,0,6.77,0,1.222,1.13,0,4.47
3/26/2026,21:00, ,gtmfmwq_24G103006_030426_050000.bin,Fort Matanzas,GTMNERR,0,52.078,0,34.33,0,1.653,0,99.9,0,7.33,0,10.08,4.24,7.88,0,-79.3,5.23,20.643,0,6.94,0,1.226,1.18,0,4.69
3/26/2026,21:15, ,gtmfmwq_24G103006_030426_050000.bin,Fort Matanzas,GTMNERR,0,52.07,0,34.33,0,1.619,0,99.2,0,7.27,0,10.86,4.5,7.87,0,-78.8,5.24,20.72,0,6.55,0,1.227,1.04,0,4.1
3/26/2026,21:30, ,gtmfmwq_24G103006_030426_050000.bin,Fort Matanzas,GTMNERR,0,52.043,0,34.31,0,1.593,0,98.9,0,7.3,0,10.32,4.32,7.88,0,-79.3,5.22,20.363,0,6.83,0,1.23,1.19,0,4.75
3/26/2026,21:45, ,gtmfmwq_24G103006_030426_050000.bin,Fort Matanzas,GTMNERR,0,52.092,0,34.35,0,1.572,0,99.8,0,7.37,0,9.78,4.14,7.89,0,-79.8,5.24,20.28,0,7.02,0,1.23,1.14,0,4.54
3/26/2026,22:00, ,gtmfmwq_24G103006_030426_050000.bin,Fort Matanzas,GTMNERR,0,52.139,0,34.38,0,1.568,0,100.2,0,7.42,0,9.02,3.88,7.9,0,-80.2,5.23,20.115,0,9.08,0,1.231,1.29,0,5.13
3/26/2026,22:15, ,gtmfmwq_24G103006_030426_050000.bin,Fort Matanzas,GTMNERR,0,52.213,0,34.44,0,1.57,0,101.4,0,7.56,0,7.87,3.5,7.93,0,-82,5.22,19.764,0,9.82,0,1.229,1.45,0,5.78
3/26/2026,22:30, ,gtmfmwq_24G103006_030426_050000.bin,Fort Matanzas,GTMNERR,0,52.246,0,34.46,0,1.591,0,102.5,0,7.69,0,7.53,3.39,7.95,0,-83.2,5.23,19.371,0,11.31,0,1.226,1.67,0,6.69
3/26/2026,22:45, ,gtmfmwq_24G103006_030426_050000.bin,Fort Matanzas,GTMNERR,0,52.217,0,34.44,0,1.621,0,102.4,0,7.69,0,7.9,3.51,7.95,0,-82.9,5.22,19.402,0,9.79,0,1.219,1.5,0,5.99
3/26/2026,23:00, ,gtmfmwq_24G103006_030426_050000.bin,Fort Matanzas,GTMNERR,0,52.186,0,34.42,0,1.659,0,102.3,0,7.66,0,8.3,3.64,7.94,0,-82.4,5.23,19.506,0,8.71,0,1.217,1.61,0,6.41
3/26/2026,23:15, ,gtmfmwq_24G103006_030426_050000.bin,Fort Matanzas,GTMNERR,0,52.088,0,34.35,0,1.702,0,100.6,0,7.5,0,9.25,3.96,7.92,0,-81.2,5.22,19.772,0,10.34,0,1.221,1.76,0,7.03
3/26/2026,23:30, ,gtmfmwq_24G103006_030426_050000.bin,Fort Matanzas,GTMNERR,0,52.002,0,34.28,0,1.75,0,99.7,0,7.41,0,9.79,4.14,7.91,0,-80.5,5.22,19.939,0,10.81,0,1.231,1.73,0,6.91
3/26/2026,23:45, ,gtmfmwq_24G103006_030426_050000.bin,Fort Matanzas,GTMNERR,0,52.122,0,34.37,0,1.806,0,101.4,0,7.6,0,8.57,3.73,7.94,0,-82.4,5.23,19.517,0,8.66,0,1.217,1.55,0,6.18
3/27/2026,0:00, ,gtmfmwq_24G103006_030426_050000.bin,Fort Matanzas,GTMNERR,0,52.122,0,34.37,0,1.864,0,100.9,0,7.55,0,8.75,3.79,7.93,0,-81.9,5.21,19.56,0,8.8,0,1.218,1.65,0,6.57
3/27/2026,0:15, ,gtmfmwq_24G103006_030426_050000.bin,Fort Matanzas,GTMNERR,0,52.141,0,34.38,0,1.929,0,101.5,0,7.6,0,8.53,3.72,7.94,0,-82.3,5.23,19.53,0,8.13,0,1.229,1.57,0,6.27
3/27/2026,0:30, ,gtmfmwq_24G103006_030426_050000.bin,Fort Matanzas,GTMNERR,0,52.152,0,34.39,0,1.994,0,101.7,0,7.63,0,8.36,3.67,7.95,0,-82.8,5.22,19.442,0,7.86,0,1.233,1.54,0,6.14
3/27/2026,0:45, ,gtmfmwq_24G103006_030426_050000.bin,Fort Matanzas,GTMNERR,0,52.173,0,34.41,0,2.055,0,101.9,0,7.66,0,7.92,3.52,7.95,0,-83.1,5.22,19.308,0,7.62,0,1.228,1.56,0,6.24
3/27/2026,1:00, ,gtmfmwq_24G103006_030426_050000.bin,Fort Matanzas,GTMNERR,0,52.207,0,34.43,0,2.12,0,102.4,0,7.72,0,7.53,3.39,7.96,0,-83.8,5.22,19.165,0,6.78,0,1.221,1.42,0,5.66
3/27/2026,1:15, ,gtmfmwq_24G103006_030426_050000.bin,Fort Matanzas,GTMNERR,0,52.205,0,34.43,0,2.187,0,102.3,0,7.72,0,7.32,3.32,7.97,0,-84,5.21,19.089,0,6.48,0,1.215,1.36,0,5.41
3/27/2026,1:30, ,gtmfmwq_24G103006_030426_050000.bin,Fort Matanzas,GTMNERR,0,52.251,0,34.47,0,2.25,0,102.3,0,7.75,0,6.73,3.12,7.98,0,-84.9,5.22,18.906,0,7.03,0,1.221,1.43,0,5.71
3/27/2026,1:45, ,gtmfmwq_24G103006_030426_050000.bin,Fort Matanzas,GTMNERR,0,52.248,0,34.46,0,2.313,0,101.5,0,7.7,0,5.89,2.84,7.99,0,-85,5.21,18.752,0,7.02,0,1.229,1.3,0,5.18
3/27/2026,2:00, ,gtmfmwq_24G103006_030426_050000.bin,Fort Matanzas,GTMNERR,0,52.301,0,34.5,0,2.377,0,101.3,0,7.7,0,5.75,2.79,8,0,-85.6,5.2,18.662,0,6.29,0,1.233,1.36,0,5.42
3/27/2026,2:15, ,gtmfmwq_24G103006_030426_050000.bin,Fort Matanzas,GTMNERR,0,52.307,0,34.51,0,2.436,0,99,0,7.54,0,5.52,2.71,7.99,0,-85.3,5.21,18.631,0,6.75,0,1.224,1.02,0,4.05
3/27/2026,2:30, ,gtmfmwq_24G103006_030426_050000.bin,Fort Matanzas,GTMNERR,0,52.308,0,34.51,0,2.485,0,89.5,0,6.81,0,5.61,2.75,7.95,0,-82.9,5.19,18.61,0,5.83,0,1.218,0.64,0,2.5
3/27/2026,2:45, ,gtmfmwq_24G103006_030426_050000.bin,Fort Matanzas,GTMNERR,0,52.301,0,34.5,0,2.539,0,79.5,0,6.05,0,5.67,2.77,7.91,0,-80.4,5.21,18.599,0,4.98,0,1.217,0.56,0,2.19
3/27/2026,3:00, ,gtmfmwq_24G103006_030426_050000.bin,Fort Matanzas,GTMNERR,0,52.302,0,34.5,0,2.581,0,83.6,0,6.38,0,5.32,2.65,7.93,0,-81.9,5.2,18.496,0,5.3,0,1.219,0.59,0,2.31
3/27/2026,3:15, ,gtmfmwq_24G103006_030426_050000.bin,Fort Matanzas,GTMNERR,0,52.305,0,34.5,0,2.615,0,87.2,0,6.66,0,5.22,2.61,7.94,0,-82.2,5.2,18.448,0,4.44,0,1.219,0.6,0,2.35
3/27/2026,3:30, ,gtmfmwq_24G103006_030426_050000.bin,Fort Matanzas,GTMNERR,0,52.306,0,34.51,0,2.646,0,91.7,0,6.99,0,5.52,2.72,7.96,0,-83.3,5.21,18.524,0,5.05,0,1.221,0.66,0,2.59
3/27/2026,3:45, ,gtmfmwq_24G103006_030426_050000.bin,Fort Matanzas,GTMNERR,0,52.288,0,34.49,0,2.669,0,97.6,0,7.42,0,5.94,2.86,7.99,0,-85.1,5.2,18.693,0,5.14,0,1.222,0.97,0,3.83
3/27/2026,4:00, ,gtmfmwq_24G103006_030426_050000.bin,Fort Matanzas,GTMNERR,0,52.214,0,34.44,0,2.679,0,98.7,0,7.45,0,7.68,3.44,7.96,0,-83.7,5.21,19.079,0,5.47,0,1.224,1.19,0,4.73
3/27/2026,4:15, ,gtmfmwq_24G103006_030426_050000.bin,Fort Matanzas,GTMNERR,0,52.126,0,34.37,0,2.677,0,96.4,0,7.23,0,8.86,3.83,7.92,0,-81.5,5.2,19.453,0,7.81,0,1.219,1.35,0,5.38
3/27/2026,4:30, ,gtmfmwq_24G103006_030426_050000.bin,Fort Matanzas,GTMNERR,0,52.079,0,34.34,0,2.668,0,96.6,0,7.22,0,9.69,4.11,7.91,0,-80.8,5.2,19.666,0,6.09,0,1.216,1.29,0,5.15
3/27/2026,4:45, ,gtmfmwq_24G103006_030426_050000.bin,Fort Matanzas,GTMNERR,0,52.11,0,34.36,0,2.645,0,96.2,0,7.18,0,9.65,4.09,7.91,0,-80.5,5.21,19.714,0,7.05,0,1.216,1.3,0,5.16
3/27/2026,5:00, ,gtmfmwq_24G103006_030426_050000.bin,Fort Matanzas,GTMNERR,0,52.112,0,34.36,0,2.608,0,95.6,0,7.12,0,9.88,4.17,7.9,0,-80.1,5.2,19.86,0,8.08,0,1.221,1.13,0,4.49
3/27/2026,5:15, ,gtmfmwq_24G103006_030426_050000.bin,Fort Matanzas,GTMNERR,0,52.054,0,34.32,0,2.565,0,94.7,0,7.02,0,10.47,4.37,7.88,0,-78.9,5.22,20.081,0,8.69,0,1.226,1.12,0,4.44
3/27/2026,5:30, ,gtmfmwq_24G103006_030426_050000.bin,Fort Matanzas,GTMNERR,0,51.977,0,34.26,0,2.527,0,93.7,0,6.93,0,11.51,4.72,7.86,0,-77.9,5.21,20.269,0,9.14,0,1.221,1.08,0,4.29
3/27/2026,5:45, ,gtmfmwq_24G103006_030426_050000.bin,Fort Matanzas,GTMNERR,0,51.888,0,34.19,0,2.483,0,93.5,0,6.89,0,12.25,4.97,7.85,0,-77.2,5.21,20.454,0,8.77,0,1.217,1.05,0,4.18
3/27/2026,6:00, ,gtmfmwq_24G103006_030426_050000.bin,Fort Matanzas,GTMNERR,0,51.793,0,34.12,0,2.436,0,91.7,0,6.74,0,13.36,5.34,7.83,0,-76.2,5.22,20.624,0,9.13,0,1.217,0.96,0,3.81
3/27/2026,6:15, ,gtmfmwq_24G103006_030426_050000.bin,Fort Matanzas,GTMNERR,0,51.751,0,34.09,0,2.381,0,91.7,0,6.74,0,13.97,5.54,7.82,0,-75.6,5.21,20.671,0,8.1,0,1.233,0.97,0,3.84
3/27/2026,6:30, ,gtmfmwq_24G103006_030426_050000.bin,Fort Matanzas,GTMNERR,0,51.744,0,34.09,0,2.327,0,92.5,0,6.8,0,13.88,5.51,7.83,0,-75.9,5.23,20.64,0,7.98,0,1.224,1.06,0,4.21
3/27/2026,6:45, ,gtmfmwq_24G103006_030426_050000.bin,Fort Matanzas,GTMNERR,0,51.733,0,34.08,0,2.272,0,90.3,0,6.64,0,13.95,5.53,7.81,0,-75.3,5.22,20.652,0,7.32,0,1.223,0.88,0,3.48
3/27/2026,7:00, ,gtmfmwq_24G103006_030426_050000.bin,Fort Matanzas,GTMNERR,0,51.73,0,34.08,0,2.226,0,88.4,0,6.49,0,14.05,5.56,7.8,0,-74.7,5.22,20.647,0,6.45,0,1.223,0.75,0,2.94
3/27/2026,7:15, ,gtmfmwq_24G103006_030426_050000.bin,Fort Matanzas,GTMNERR,0,51.837,0,34.16,0,2.181,0,91.2,0,6.73,0,13.08,5.24,7.83,0,-76.4,5.23,20.342,0,6.69,0,1.224,0.87,0,3.42
3/27/2026,7:30, ,gtmfmwq_24G103006_030426_050000.bin,Fort Matanzas,GTMNERR,0,51.985,0,34.27,0,2.133,0,90.7,0,6.76,0,11.41,4.68,7.85,0,-77.2,5.22,19.83,0,5.26,0,1.227,0.74,0,2.91
3/27/2026,7:45, ,gtmfmwq_24G103006_030426_050000.bin,Fort Matanzas,GTMNERR,0,51.909,0,34.21,0,2.087,0,85.5,0,6.34,0,12.11,4.92,7.82,0,-75.3,5.23,20.136,0,7.04,0,1.228,0.77,0,3.02
3/27/2026,8:00, ,gtmfmwq_24G103006_030426_050000.bin,Fort Matanzas,GTMNERR,0,51.878,0,34.19,0,2.042,0,89,0,6.59,0,12.66,5.1,7.83,0,-76,5.22,20.206,0,5.81,0,1.225,0.79,0,3.12
3/27/2026,8:15, ,gtmfmwq_24G103006_030426_050000.bin,Fort Matanzas,GTMNERR,0,51.928,0,34.23,0,1.995,0,86.8,0,6.44,0,12.53,5.06,7.81,0,-75.2,5.22,20.055,0,5.42,0,1.22,0.68,0,2.68
3/27/2026,8:30, ,gtmfmwq_24G103006_030426_050000.bin,Fort Matanzas,GTMNERR,0,51.845,0,34.16,0,1.95,0,90.8,0,6.71,0,13.01,5.22,7.83,0,-76.1,5.23,20.36,0,5.14,0,1.218,0.76,0,2.97
3/27/2026,8:45, ,gtmfmwq_24G103006_030426_050000.bin,Fort Matanzas,GTMNERR,0,51.85,0,34.17,0,1.906,0,90.6,0,6.69,0,13.09,5.24,7.83,0,-76.1,5.21,20.325,0,5.27,0,1.218,0.73,0,2.86
3/27/2026,9:00, ,gtmfmwq_24G103006_030426_050000.bin,Fort Matanzas,GTMNERR,0,51.851,0,34.17,0,1.863,0,91.7,0,6.76,0,12.77,5.14,7.83,0,-76.2,5.23,20.472,0,4.52,0,1.221,0.75,0,2.97
3/27/2026,9:15, ,gtmfmwq_24G103006_030426_050000.bin,Fort Matanzas,GTMNERR,0,51.899,0,34.2,0,1.82,0,91.2,0,6.74,0,12.36,5,7.83,0,-76.4,5.22,20.337,0,4.99,0,1.224,0.72,0,2.83
3/27/2026,9:30, ,gtmfmwq_24G103006_030426_050000.bin,Fort Matanzas,GTMNERR,0,51.897,0,34.2,0,1.778,0,91.6,0,6.76,0,12.17,4.94,7.84,0,-76.4,5.22,20.409,0,5.06,0,1.215,0.69,0,2.72
3/27/2026,9:45, ,gtmfmwq_24G103006_030426_050000.bin,Fort Matanzas,GTMNERR,0,51.917,0,34.22,0,1.739,0,90,0,6.68,0,12.15,4.93,7.83,0,-76.4,5.23,20.118,0,5.49,0,1.218,0.72,0,2.82
3/27/2026,10:00, ,gtmfmwq_24G103006_030426_050000.bin,Fort Matanzas,GTMNERR,0,51.954,0,34.25,0,1.702,0,90.1,0,6.69,0,11.81,4.82,7.84,0,-76.5,5.22,20.039,0,5.71,0,1.219,0.68,0,2.66
3/27/2026,10:15, ,gtmfmwq_24G103006_030426_050000.bin,Fort Matanzas,GTMNERR,0,51.93,0,34.23,0,1.665,0,90.7,0,6.73,0,11.55,4.73,7.84,0,-76.9,5.23,20.057,0,5.21,0,1.218,0.69,0,2.72
