Date,Time,F_Record,FILENAME,SITENAME,USERID,FAULTCODE,SpCond,F_SpCond,Sal,F_Sal,Depth,F_Depth,DO_pct,F_DO_pct,DO_mgl,F_DO_mgl,fDOMQSU,fDOMRFU,pH,F_pH,pHmV,BATTERY,Temp,F_Temp,Turb,F_Turb,WIPERPOSITIONVOLT,ChlFluor,F_ChlFluor,Chlorophyllug/L
1/9/2026,11:45, ,gtmfmwq_15E101700_010926_080000.bin,Fort Matanzas,GTMNERR,0,51.924,<0> (CND),34.22,<0> (CND),2.215,<0> (CND),91.6,<0> (CND),7.07,<0> (CND),6.26,2.31,8,<0> (CND),-81.9,6.05,17.964,<0> (CND),4.65,<0> (CND),1.199,0.63,<0> (CND),2.49
1/9/2026,12:00, ,gtmfmwq_15E101700_010926_080000.bin,Fort Matanzas,GTMNERR,0,51.935,0,34.23,0,2.266,0,92.9,0,7.16,0,6.5,2.4,8.03,0,-83.7,6.05,17.971,0,4.52,0,1.199,0.79,0,3.11
1/9/2026,12:15, ,gtmfmwq_15E101700_010926_080000.bin,Fort Matanzas,GTMNERR,0,51.928,0,34.22,0,2.313,0,82.1,0,6.32,0,6.51,2.4,7.99,0,-81.4,6.05,18.054,0,9.43,0,1.198,1.06,0,4.21
1/9/2026,12:30, ,gtmfmwq_15E101700_010926_080000.bin,Fort Matanzas,GTMNERR,0,51.941,0,34.23,0,2.359,0,74.6,0,5.75,0,6.58,2.43,7.97,0,-79.9,6.06,18.088,0,3.72,0,1.197,0.54,0,2.13
1/9/2026,12:45, ,gtmfmwq_15E101700_010926_080000.bin,Fort Matanzas,GTMNERR,0,51.924,0,34.22,0,2.399,0,70.6,0,5.44,0,6.48,2.39,7.96,0,-79.7,6.06,18.064,0,3.01,0,1.194,0.33,0,1.25
1/9/2026,13:00, ,gtmfmwq_15E101700_010926_080000.bin,Fort Matanzas,GTMNERR,0,51.908,0,34.21,0,2.432,0,84.7,0,6.53,0,6.46,2.38,8.03,0,-83.6,6.05,18.045,0,2.44,0,1.196,0.57,0,2.22
1/9/2026,13:15, ,gtmfmwq_15E101700_010926_080000.bin,Fort Matanzas,GTMNERR,0,51.888,0,34.19,0,2.454,0,88.9,0,6.85,0,6.85,2.52,8.01,0,-82.6,6.06,18.065,0,3.16,0,1.19,0.71,0,2.79
1/9/2026,13:30, ,gtmfmwq_15E101700_010926_080000.bin,Fort Matanzas,GTMNERR,0,51.868,0,34.18,0,2.469,0,92.1,0,7.09,0,6.75,2.48,8.06,0,-85.3,6.06,18.107,0,3.71,0,1.19,0.61,0,2.4
1/9/2026,13:45, ,gtmfmwq_15E101700_010926_080000.bin,Fort Matanzas,GTMNERR,0,51.839,0,34.16,0,2.469,0,97.2,0,7.47,0,6.92,2.55,8.07,0,-86.1,6.05,18.169,0,2.97,0,1.198,1.04,0,4.15
1/9/2026,14:00, ,gtmfmwq_15E101700_010926_080000.bin,Fort Matanzas,GTMNERR,0,51.792,0,34.13,0,2.454,0,99,0,7.59,0,7.4,2.71,8.06,0,-85.5,6.05,18.34,0,3.33,0,1.195,1.1,0,4.39
1/9/2026,14:15, ,gtmfmwq_15E101700_010926_080000.bin,Fort Matanzas,GTMNERR,0,51.752,0,34.1,0,2.421,0,98.1,0,7.5,0,7.91,2.89,8.04,0,-84.5,6.06,18.513,0,3.53,0,1.199,1.11,0,4.42
1/9/2026,14:30, ,gtmfmwq_15E101700_010926_080000.bin,Fort Matanzas,GTMNERR,0,51.671,0,34.04,0,2.381,0,96.1,0,7.32,0,8.65,3.15,8.02,0,-83.4,6.05,18.662,0,3.93,0,1.195,0.82,0,3.25
1/9/2026,14:45, ,gtmfmwq_15E101700_010926_080000.bin,Fort Matanzas,GTMNERR,0,51.636,0,34.01,0,2.346,0,96,0,7.31,0,9.22,3.35,8.02,0,-83,6.05,18.782,0,4.21,0,1.199,0.91,0,3.61
1/9/2026,15:00, ,gtmfmwq_15E101700_010926_080000.bin,Fort Matanzas,GTMNERR,0,51.596,0,33.98,0,2.31,0,96,0,7.28,0,9.52,3.45,8.01,0,-82.6,6.06,18.98,0,4.43,0,1.197,0.89,0,3.54
1/9/2026,15:15, ,gtmfmwq_15E101700_010926_080000.bin,Fort Matanzas,GTMNERR,0,51.546,0,33.95,0,2.273,0,96.9,0,7.33,0,10.08,3.65,8,0,-82.4,6.05,19.166,0,4.57,0,1.198,0.86,0,3.4
1/9/2026,15:30, ,gtmfmwq_15E101700_010926_080000.bin,Fort Matanzas,GTMNERR,0,51.511,0,33.92,0,2.231,0,97.3,0,7.34,0,10.28,3.72,8,0,-82.1,6.06,19.283,0,5.01,0,1.199,0.81,0,3.19
1/9/2026,15:45, ,gtmfmwq_15E101700_010926_080000.bin,Fort Matanzas,GTMNERR,0,51.488,0,33.9,0,2.175,0,98.7,0,7.44,0,10.46,3.78,8.01,0,-82.5,6.06,19.375,0,4.83,0,1.198,0.83,0,3.29
1/9/2026,16:00, ,gtmfmwq_15E101700_010926_080000.bin,Fort Matanzas,GTMNERR,0,51.487,0,33.9,0,2.125,0,99.3,0,7.47,0,10.34,3.74,8.01,0,-82.5,6.05,19.416,0,4.05,0,1.198,0.91,0,3.61
1/9/2026,16:15, ,gtmfmwq_15E101700_010926_080000.bin,Fort Matanzas,GTMNERR,0,51.457,0,33.88,0,2.08,0,100,0,7.52,0,10.55,3.81,8.01,0,-82.5,6.05,19.497,0,4.12,0,1.199,0.8,0,3.17
1/9/2026,16:30, ,gtmfmwq_15E101700_010926_080000.bin,Fort Matanzas,GTMNERR,0,51.462,0,33.88,0,2.036,0,100.6,0,7.55,0,10.51,3.8,8.01,0,-82.7,6.06,19.537,0,4.03,0,1.201,0.89,0,3.51
1/9/2026,16:45, ,gtmfmwq_15E101700_010926_080000.bin,Fort Matanzas,GTMNERR,0,51.483,0,33.9,0,1.991,0,99.2,0,7.45,0,10.17,3.68,8,0,-82.4,6.05,19.518,0,3.34,0,1.193,0.87,0,3.43
1/9/2026,17:00, ,gtmfmwq_15E101700_010926_080000.bin,Fort Matanzas,GTMNERR,0,51.845,0,34.17,0,1.947,0,107.5,0,8.07,0,7.23,2.65,8.07,0,-86.5,6.05,19.455,0,3.65,0,1.195,0.7,0,2.78
1/9/2026,17:15, ,gtmfmwq_15E101700_010926_080000.bin,Fort Matanzas,GTMNERR,0,51.773,0,34.11,0,1.899,0,101.4,0,7.62,0,7.83,2.86,8.05,0,-85,6.05,19.418,0,2.76,0,1.188,0.48,0,1.86
1/9/2026,17:30, ,gtmfmwq_15E101700_010926_080000.bin,Fort Matanzas,GTMNERR,0,51.636,0,34.01,0,1.854,0,100.8,0,7.55,0,9.31,3.38,8.02,0,-83.3,6.06,19.599,0,3.72,0,1.191,0.8,0,3.18
1/9/2026,17:45, ,gtmfmwq_15E101700_010926_080000.bin,Fort Matanzas,GTMNERR,0,51.549,0,33.95,0,1.81,0,98.9,0,7.42,0,9.7,3.51,8.02,0,-83.4,6.05,19.599,0,2.91,0,1.198,0.65,0,2.56
1/9/2026,18:00, ,gtmfmwq_15E101700_010926_080000.bin,Fort Matanzas,GTMNERR,0,51.525,0,33.93,0,1.767,0,101.2,0,7.59,0,10.09,3.65,8.02,0,-83.1,6.05,19.595,0,3.21,0,1.205,0.99,0,3.93
1/9/2026,18:15, ,gtmfmwq_15E101700_010926_080000.bin,Fort Matanzas,GTMNERR,0,51.579,0,33.97,0,1.723,0,103.9,0,7.75,0,9.5,3.44,8.03,0,-84,6.05,19.831,0,3.47,0,1.2,0.97,0,3.83
1/9/2026,18:30, ,gtmfmwq_15E101700_010926_080000.bin,Fort Matanzas,GTMNERR,0,51.541,0,33.94,0,1.682,0,102.2,0,7.66,0,10,3.62,8.02,0,-83.6,6.05,19.608,0,3.34,0,1.194,1.09,0,4.32
1/9/2026,18:45, ,gtmfmwq_15E101700_010926_080000.bin,Fort Matanzas,GTMNERR,0,51.652,0,34.02,0,1.638,0,103.7,0,7.74,0,9.55,3.46,8.03,0,-84.1,6.05,19.826,0,4.12,0,1.189,0.99,0,3.92
1/9/2026,19:00, ,gtmfmwq_15E101700_010926_080000.bin,Fort Matanzas,GTMNERR,0,51.618,0,34,0,1.598,0,104.4,0,7.79,0,9.17,3.33,8.04,0,-84.4,6.05,19.841,0,3.91,0,1.195,0.97,0,3.83
1/9/2026,19:15, ,gtmfmwq_15E101700_010926_080000.bin,Fort Matanzas,GTMNERR,0,51.684,0,34.05,0,1.559,0,105.1,0,7.8,0,9.07,3.3,8.04,0,-84.5,6.04,20.089,0,4.07,0,1.205,0.95,0,3.76
1/9/2026,19:30, ,gtmfmwq_15E101700_010926_080000.bin,Fort Matanzas,GTMNERR,0,51.635,0,34.01,0,1.524,0,103.6,0,7.73,0,9.35,3.39,8.03,0,-84.1,6.05,19.892,0,4.42,0,1.194,1.03,0,4.09
1/9/2026,19:45, ,gtmfmwq_15E101700_010926_080000.bin,Fort Matanzas,GTMNERR,0,51.597,0,33.98,0,1.494,0,101.7,0,7.62,0,9.65,3.5,8.03,0,-83.7,6.05,19.598,0,3.82,0,1.191,1.13,0,4.49
1/9/2026,20:00, ,gtmfmwq_15E101700_010926_080000.bin,Fort Matanzas,GTMNERR,0,51.677,0,34.04,0,1.471,0,102.2,0,7.64,0,9.11,3.31,8.03,0,-84.1,6.05,19.74,0,4.47,0,1.189,0.99,0,3.92
1/9/2026,20:15, ,gtmfmwq_15E101700_010926_080000.bin,Fort Matanzas,GTMNERR,0,51.694,0,34.05,0,1.453,0,101.9,0,7.61,0,9.12,3.31,8.03,0,-84,6.05,19.772,0,4.75,0,1.196,1.09,0,4.32
1/9/2026,20:30, ,gtmfmwq_15E101700_010926_080000.bin,Fort Matanzas,GTMNERR,0,51.705,0,34.06,0,1.449,0,102.2,0,7.63,0,8.97,3.26,8.03,0,-84.3,6.05,19.793,0,4.63,0,1.193,1.1,0,4.35
1/9/2026,20:45, ,gtmfmwq_15E101700_010926_080000.bin,Fort Matanzas,GTMNERR,0,51.898,0,34.21,0,1.455,0,104.1,0,7.87,0,7.17,2.63,8.09,0,-87.1,6.05,19.076,0,5.07,0,1.195,1.99,0,7.95
1/9/2026,21:00, ,gtmfmwq_15E101700_010926_080000.bin,Fort Matanzas,GTMNERR,0,51.936,0,34.23,0,1.475,0,104.2,0,7.91,0,6.79,2.5,8.09,0,-87.6,6.04,18.838,0,5.08,0,1.198,1.77,0,7.06
1/9/2026,21:15, ,gtmfmwq_15E101700_010926_080000.bin,Fort Matanzas,GTMNERR,0,51.904,0,34.21,0,1.511,0,104.8,0,7.98,0,6.66,2.46,8.1,0,-88,6.04,18.714,0,4.63,0,1.206,2.17,0,8.68
1/9/2026,21:30, ,gtmfmwq_15E101700_010926_080000.bin,Fort Matanzas,GTMNERR,0,51.889,0,34.2,0,1.557,0,104.6,0,7.97,0,6.83,2.51,8.1,0,-88,6.05,18.696,0,4.69,0,1.203,1.99,0,7.94
1/9/2026,21:45, ,gtmfmwq_15E101700_010926_080000.bin,Fort Matanzas,GTMNERR,0,51.827,0,34.15,0,1.606,0,105.3,0,8.02,0,7.05,2.59,8.1,0,-88,6.03,18.728,0,5.49,0,1.2,2.97,0,11.9
1/9/2026,22:00, ,gtmfmwq_15E101700_010926_080000.bin,Fort Matanzas,GTMNERR,0,51.749,0,34.1,0,1.661,0,105,0,7.98,0,7.48,2.74,8.09,0,-87.5,6.04,18.842,0,5.76,0,1.199,1.95,0,7.79
1/9/2026,22:15, ,gtmfmwq_15E101700_010926_080000.bin,Fort Matanzas,GTMNERR,0,51.694,0,34.06,0,1.72,0,104.6,0,7.94,0,7.71,2.82,8.09,0,-87.3,6.05,18.894,0,5.56,0,1.205,1.94,0,7.75
1/9/2026,22:30, ,gtmfmwq_15E101700_010926_080000.bin,Fort Matanzas,GTMNERR,0,51.743,0,34.09,0,1.778,0,103.9,0,7.9,0,7.43,2.72,8.09,0,-87.3,6.05,18.805,0,4.66,0,1.197,1.78,0,7.1
1/9/2026,22:45, ,gtmfmwq_15E101700_010926_080000.bin,Fort Matanzas,GTMNERR,0,51.785,0,34.12,0,1.836,0,104.1,0,7.92,0,7.28,2.67,8.09,0,-87.5,6.03,18.762,0,4.16,0,1.198,1.73,0,6.9
1/9/2026,23:00, ,gtmfmwq_15E101700_010926_080000.bin,Fort Matanzas,GTMNERR,0,51.746,0,34.09,0,1.892,0,103.8,0,7.89,0,7.56,2.77,8.09,0,-87.3,6.04,18.813,0,4.59,0,1.192,3.94,0,15.84
1/9/2026,23:15, ,gtmfmwq_15E101700_010926_080000.bin,Fort Matanzas,GTMNERR,0,51.759,0,34.1,0,1.955,0,103.7,0,7.89,0,7.29,2.68,8.09,0,-87.3,6.04,18.795,0,4.02,0,1.199,1.38,0,5.49
1/9/2026,23:30, ,gtmfmwq_15E101700_010926_080000.bin,Fort Matanzas,GTMNERR,0,51.768,0,34.11,0,2.014,0,102.9,0,7.83,0,7.56,2.77,8.09,0,-87.1,6.03,18.771,0,4.96,0,1.198,1.59,0,6.37
1/9/2026,23:45, ,gtmfmwq_15E101700_010926_080000.bin,Fort Matanzas,GTMNERR,0,51.79,0,34.13,0,2.07,0,101.9,0,7.75,0,7.34,2.69,8.08,0,-86.7,6.03,18.739,0,4.18,0,1.198,1.3,0,5.17
1/10/2026,0:00, ,gtmfmwq_15E101700_010926_080000.bin,Fort Matanzas,GTMNERR,0,51.841,0,34.16,0,2.131,0,101.7,0,7.75,0,7.04,2.59,8.08,0,-87,6.04,18.671,0,3.03,0,1.205,1.17,0,4.66
1/10/2026,0:15, ,gtmfmwq_15E101700_010926_080000.bin,Fort Matanzas,GTMNERR,0,51.863,0,34.18,0,2.19,0,99.1,0,7.55,0,6.92,2.55,8.07,0,-86.4,6.03,18.65,0,3.12,0,1.198,1.08,0,4.28
1/10/2026,0:30, ,gtmfmwq_15E101700_010926_080000.bin,Fort Matanzas,GTMNERR,0,51.872,0,34.19,0,2.248,0,97.4,0,7.42,0,6.71,2.47,8.06,0,-85.4,6.03,18.639,0,2.36,0,1.197,1.02,0,4.04
1/10/2026,0:45, ,gtmfmwq_15E101700_010926_080000.bin,Fort Matanzas,GTMNERR,0,51.881,0,34.19,0,2.305,0,82.5,0,6.29,0,6.68,2.46,8.01,0,-82.5,6.04,18.643,0,3.21,0,1.195,0.57,0,2.25
1/10/2026,1:00, ,gtmfmwq_15E101700_010926_080000.bin,Fort Matanzas,GTMNERR,0,51.889,0,34.2,0,2.354,0,58.5,0,4.46,0,7.36,2.7,7.91,0,-76.8,6.02,18.643,0,3.37,0,1.196,0.76,0,3.02
1/10/2026,1:15, ,gtmfmwq_15E101700_010926_080000.bin,Fort Matanzas,GTMNERR,0,51.907,0,34.21,0,2.396,0,57.8,0,4.41,0,7.04,2.59,7.9,0,-76.4,6.02,18.622,0,2.26,0,1.19,0.52,0,2.04
1/10/2026,1:30, ,gtmfmwq_15E101700_010926_080000.bin,Fort Matanzas,GTMNERR,0,51.923,0,34.22,0,2.432,0,70.9,0,5.41,0,6.5,2.4,7.96,0,-79.6,6.02,18.575,0,2.88,0,1.195,0.65,0,2.55
1/10/2026,1:45, ,gtmfmwq_15E101700_010926_080000.bin,Fort Matanzas,GTMNERR,0,51.909,0,34.21,0,2.468,0,76.5,0,5.84,0,6.72,2.48,7.99,0,-81.2,6.03,18.58,0,3.29,0,1.188,0.71,0,2.8
1/10/2026,2:00, ,gtmfmwq_15E101700_010926_080000.bin,Fort Matanzas,GTMNERR,0,51.872,0,34.19,0,2.488,0,84.8,0,6.47,0,6.81,2.51,8.04,0,-84.3,6.02,18.636,0,4.12,0,1.188,0.89,0,3.52
1/10/2026,2:15, ,gtmfmwq_15E101700_010926_080000.bin,Fort Matanzas,GTMNERR,0,51.764,0,34.11,0,2.494,0,99.9,0,7.6,0,7.42,2.72,8.08,0,-86.7,6.02,18.743,0,3.09,0,1.193,1.36,0,5.41
1/10/2026,2:30, ,gtmfmwq_15E101700_010926_080000.bin,Fort Matanzas,GTMNERR,0,51.695,0,34.06,0,2.486,0,99.3,0,7.54,0,7.99,2.92,8.07,0,-86.1,6.03,18.845,0,3.53,0,1.189,1.35,0,5.38
1/10/2026,2:45, ,gtmfmwq_15E101700_010926_080000.bin,Fort Matanzas,GTMNERR,0,51.715,0,34.07,0,2.463,0,99.1,0,7.53,0,7.87,2.88,8.06,0,-85.8,6.02,18.867,0,3.63,0,1.192,1.12,0,4.47
1/10/2026,3:00, ,gtmfmwq_15E101700_010926_080000.bin,Fort Matanzas,GTMNERR,0,51.761,0,34.1,0,2.426,0,100.6,0,7.6,0,8.33,3.04,8.06,0,-85.5,6.02,19.182,0,4.17,0,1.198,1.5,0,5.98
1/10/2026,3:15, ,gtmfmwq_15E101700_010926_080000.bin,Fort Matanzas,GTMNERR,0,51.719,0,34.07,0,2.394,0,100.3,0,7.55,0,8.8,3.2,8.04,0,-84.7,6.02,19.39,0,4.46,0,1.205,1.09,0,4.34
1/10/2026,3:30, ,gtmfmwq_15E101700_010926_080000.bin,Fort Matanzas,GTMNERR,0,51.668,0,34.04,0,2.36,0,100.4,0,7.53,0,9.16,3.33,8.03,0,-84.2,6.01,19.553,0,5.01,0,1.188,0.96,0,3.81
1/10/2026,3:45, ,gtmfmwq_15E101700_010926_080000.bin,Fort Matanzas,GTMNERR,0,51.606,0,33.99,0,2.322,0,99.9,0,7.49,0,9.7,3.52,8.03,0,-83.9,6.02,19.61,0,4.57,0,1.199,0.91,0,3.62
1/10/2026,4:00, ,gtmfmwq_15E101700_010926_080000.bin,Fort Matanzas,GTMNERR,0,51.562,0,33.96,0,2.278,0,99.8,0,7.47,0,10.21,3.69,8.02,0,-83.6,6.02,19.71,0,4.74,0,1.204,0.9,0,3.58
1/10/2026,4:15, ,gtmfmwq_15E101700_010926_080000.bin,Fort Matanzas,GTMNERR,0,51.513,0,33.92,0,2.226,0,99.6,0,7.45,0,10.63,3.84,8.02,0,-83.2,6.02,19.761,0,5.09,0,1.196,0.82,0,3.24
1/10/2026,4:30, ,gtmfmwq_15E101700_010926_080000.bin,Fort Matanzas,GTMNERR,0,51.5,0,33.91,0,2.181,0,100.1,0,7.49,0,10.73,3.88,8.02,0,-83.1,6.01,19.74,0,5.27,0,1.207,0.96,0,3.82
1/10/2026,4:45, ,gtmfmwq_15E101700_010926_080000.bin,Fort Matanzas,GTMNERR,0,51.484,0,33.9,0,2.136,0,98.1,0,7.34,0,10.87,3.92,8,0,-82.3,6.02,19.708,0,4.25,0,1.192,0.82,0,3.25
1/10/2026,5:00, ,gtmfmwq_15E101700_010926_080000.bin,Fort Matanzas,GTMNERR,0,51.472,0,33.89,0,2.096,0,93.7,0,7.01,0,10.91,3.94,7.97,0,-80.5,6.02,19.726,0,3.95,0,1.191,0.66,0,2.61
1/10/2026,5:15, ,gtmfmwq_15E101700_010926_080000.bin,Fort Matanzas,GTMNERR,0,51.466,0,33.89,0,2.058,0,92.7,0,6.95,0,10.93,3.95,7.99,0,-81.4,6.01,19.662,0,3.52,0,1.19,0.58,0,2.26
1/10/2026,5:30, ,gtmfmwq_15E101700_010926_080000.bin,Fort Matanzas,GTMNERR,0,51.55,0,33.95,0,2.021,0,91.9,0,6.92,0,10.22,3.7,7.99,0,-81.5,6.01,19.405,0,2.67,0,1.195,0.71,0,2.79
1/10/2026,5:45, ,gtmfmwq_15E101700_010926_080000.bin,Fort Matanzas,GTMNERR,0,51.609,0,33.99,0,1.981,0,91.9,0,6.95,0,9.52,3.45,8,0,-82.1,6.02,19.089,0,3.41,0,1.193,0.65,0,2.56
1/10/2026,6:00, ,gtmfmwq_15E101700_010926_080000.bin,Fort Matanzas,GTMNERR,0,51.644,0,34.02,0,1.942,0,77.4,0,5.86,0,9.3,3.38,7.93,0,-78.2,6.01,19.05,0,3.34,0,1.2,0.4,0,1.56
1/10/2026,6:15, ,gtmfmwq_15E101700_010926_080000.bin,Fort Matanzas,GTMNERR,0,51.604,0,33.99,0,1.902,0,85.9,0,6.48,0,9.56,3.47,7.93,0,-78.3,6.01,19.2,0,3.82,0,1.196,0.39,0,1.51
1/10/2026,6:30, ,gtmfmwq_15E101700_010926_080000.bin,Fort Matanzas,GTMNERR,0,51.587,0,33.98,0,1.861,0,85.5,0,6.45,0,9.78,3.55,7.97,0,-80.3,6.02,19.266,0,3.02,0,1.199,0.42,0,1.64
1/10/2026,6:45, ,gtmfmwq_15E101700_010926_080000.bin,Fort Matanzas,GTMNERR,0,51.623,0,34,0,1.823,0,88.6,0,6.7,0,9.54,3.46,7.99,0,-81.6,6,19.128,0,2.99,0,1.195,0.54,0,2.11
1/10/2026,7:00, ,gtmfmwq_15E101700_010926_080000.bin,Fort Matanzas,GTMNERR,0,51.553,0,33.95,0,1.782,0,94.7,0,7.13,0,10.21,3.69,8.01,0,-82.5,6.01,19.409,0,3.54,0,1.199,0.76,0,3.02
1/10/2026,7:15, ,gtmfmwq_15E101700_010926_080000.bin,Fort Matanzas,GTMNERR,0,51.574,0,33.97,0,1.741,0,94.6,0,7.12,0,10.1,3.65,8.01,0,-82.5,6.01,19.364,0,3.7,0,1.195,0.75,0,2.98
1/10/2026,7:30, ,gtmfmwq_15E101700_010926_080000.bin,Fort Matanzas,GTMNERR,0,51.562,0,33.96,0,1.703,0,93.9,0,7.07,0,10.3,3.72,8,0,-82.3,6,19.34,0,3.53,0,1.189,0.74,0,2.92
1/10/2026,7:45, ,gtmfmwq_15E101700_010926_080000.bin,Fort Matanzas,GTMNERR,0,51.556,0,33.95,0,1.663,0,96.7,0,7.28,0,10.44,3.77,8.01,0,-83,6,19.381,0,3.41,0,1.199,0.76,0,2.99
1/10/2026,8:00, ,gtmfmwq_15E101700_010926_080000.bin,Fort Matanzas,GTMNERR,0,51.578,0,33.97,0,1.631,0,95,0,7.16,0,10.01,3.62,8.01,0,-82.7,6.01,19.318,0,3.37,0,1.192,0.64,0,2.5
1/10/2026,8:15, ,gtmfmwq_15E101700_010926_080000.bin,Fort Matanzas,GTMNERR,0,51.625,0,34,0,1.599,0,93.5,0,7.06,0,9.71,3.52,8.01,0,-82.6,6.01,19.185,0,3.27,0,1.198,0.62,0,2.42
1/10/2026,8:30, ,gtmfmwq_15E101700_010926_080000.bin,Fort Matanzas,GTMNERR,0,51.638,0,34.01,0,1.573,0,92.4,0,6.99,0,9.66,3.5,8,0,-82.4,6,19.058,0,3.46,0,1.204,0.65,0,2.54
1/10/2026,8:45, ,gtmfmwq_15E101700_010926_080000.bin,Fort Matanzas,GTMNERR,0,51.665,0,34.03,0,1.554,0,89.6,0,6.81,0,9.55,3.46,7.99,0,-81.7,6,18.877,0,3.29,0,1.192,0.58,0,2.26
1/10/2026,9:00, ,gtmfmwq_15E101700_010926_080000.bin,Fort Matanzas,GTMNERR,0,51.683,0,34.05,0,1.541,0,88.2,0,6.71,0,9.56,3.47,7.99,0,-81.4,6.01,18.789,0,3.26,0,1.193,0.51,0,2.01
1/10/2026,9:15, ,gtmfmwq_15E101700_010926_080000.bin,Fort Matanzas,GTMNERR,0,51.702,0,34.06,0,1.552,0,90.4,0,6.86,0,9.13,3.32,8,0,-82.2,6,18.881,0,3.89,0,1.207,0.53,0,2.06
1/10/2026,9:30, ,gtmfmwq_15E101700_010926_080000.bin,Fort Matanzas,GTMNERR,0,51.707,0,34.06,0,1.575,0,91.7,0,6.96,0,9.1,3.31,8.01,0,-82.4,6,18.928,0,5.17,0,1.188,0.58,0,2.26
1/10/2026,9:45, ,gtmfmwq_15E101700_010926_080000.bin,Fort Matanzas,GTMNERR,0,51.901,0,34.21,0,1.595,0,94.6,0,7.26,0,7.14,2.62,8.06,0,-85.6,6,18.232,0,4.71,0,1.199,0.99,0,3.91
1/10/2026,10:00, ,gtmfmwq_15E101700_010926_080000.bin,Fort Matanzas,GTMNERR,0,51.941,0,34.23,0,1.632,0,97,0,7.46,0,6.59,2.43,8.08,0,-86.7,6,18.178,0,3.5,0,1.196,0.92,0,3.65
1/10/2026,10:15, ,gtmfmwq_15E101700_010926_080000.bin,Fort Matanzas,GTMNERR,0,51.946,0,34.24,0,1.669,0,97.8,0,7.51,0,6.46,2.38,8.08,0,-86.9,6,18.219,0,3.15,0,1.188,1.04,0,4.14
1/10/2026,10:30, ,gtmfmwq_15E101700_010926_080000.bin,Fort Matanzas,GTMNERR,0,51.875,0,34.19,0,1.716,0,98.6,0,7.55,0,6.68,2.46,8.08,0,-86.9,6,18.346,0,3.7,0,1.206,1.22,0,4.88
1/10/2026,10:45, ,gtmfmwq_15E101700_010926_080000.bin,Fort Matanzas,GTMNERR,0,51.778,0,34.12,0,1.767,0,97.9,0,7.49,0,7.27,2.67,8.07,0,-86.2,5.99,18.466,0,3.65,0,1.198,1.09,0,4.33
1/10/2026,11:00, ,gtmfmwq_15E101700_010926_080000.bin,Fort Matanzas,GTMNERR,0,51.884,0,34.19,0,1.82,0,98.2,0,7.52,0,6.55,2.42,8.08,0,-86.7,5.99,18.387,0,3.23,0,1.195,1.02,0,4.06
1/10/2026,11:15, ,gtmfmwq_15E101700_010926_080000.bin,Fort Matanzas,GTMNERR,0,51.916,0,34.22,0,1.864,0,98.7,0,7.55,0,6.48,2.39,8.08,0,-86.9,6,18.405,0,3,0,1.203,0.96,0,3.82
1/10/2026,11:30, ,gtmfmwq_15E101700_010926_080000.bin,Fort Matanzas,GTMNERR,0,51.883,0,34.19,0,1.91,0,99,0,7.57,0,6.65,2.45,8.08,0,-86.8,6,18.448,0,3.01,0,1.203,1.18,0,4.71
1/10/2026,11:45, ,gtmfmwq_15E101700_010926_080000.bin,Fort Matanzas,GTMNERR,0,51.922,0,34.22,0,1.962,0,99.5,0,7.61,0,6.15,2.28,8.09,0,-87.1,5.99,18.444,0,9.77,0,1.203,1.76,0,7.04
1/10/2026,12:00, ,gtmfmwq_15E101700_010926_080000.bin,Fort Matanzas,GTMNERR,0,51.938,0,34.23,0,2.006,0,100.4,0,7.67,0,6.29,2.32,8.09,0,-87.2,5.99,18.516,0,2.9,0,1.2,0.85,0,3.35
1/10/2026,12:15, ,gtmfmwq_15E101700_010926_080000.bin,Fort Matanzas,GTMNERR,0,51.925,0,34.22,0,2.056,0,99.7,0,7.61,0,6.21,2.3,8.08,0,-86.9,6,18.539,0,2.39,0,1.198,1.17,0,4.66
1/10/2026,12:30, ,gtmfmwq_15E101700_010926_080000.bin,Fort Matanzas,GTMNERR,0,51.92,0,34.22,0,2.11,0,100,0,7.63,0,6.29,2.33,8.08,0,-86.8,5.98,18.547,0,2.22,0,1.2,0.98,0,3.87
1/10/2026,12:45, ,gtmfmwq_15E101700_010926_080000.bin,Fort Matanzas,GTMNERR,0,51.925,0,34.22,0,2.163,0,97.7,0,7.45,0,6.27,2.32,8.07,0,-86.2,5.99,18.564,0,2.95,0,1.2,0.71,0,2.81
1/10/2026,13:00, ,gtmfmwq_15E101700_010926_080000.bin,Fort Matanzas,GTMNERR,0,51.931,0,34.23,0,2.21,0,82.4,0,6.28,0,6.29,2.33,8,0,-82.2,5.99,18.59,0,2.17,0,1.205,0.26,0,0.99
1/10/2026,13:15, ,gtmfmwq_15E101700_010926_080000.bin,Fort Matanzas,GTMNERR,0,51.933,0,34.23,0,2.25,0,68.2,0,5.2,0,6.45,2.38,7.95,0,-79.1,5.98,18.601,0,2.35,0,1.206,0.31,0,1.19
1/10/2026,13:30, ,gtmfmwq_15E101700_010926_080000.bin,Fort Matanzas,GTMNERR,0,51.92,0,34.22,0,2.283,0,78.8,0,6.01,0,6.35,2.35,7.99,0,-81.2,5.99,18.612,0,3.8,0,1.2,0.58,0,2.28
1/10/2026,13:45, ,gtmfmwq_15E101700_010926_080000.bin,Fort Matanzas,GTMNERR,0,51.914,0,34.22,0,2.311,0,88.4,0,6.74,0,6.35,2.35,8.03,0,-83.5,5.99,18.632,0,2.47,0,1.198,0.55,0,2.15
1/10/2026,14:00, ,gtmfmwq_15E101700_010926_080000.bin,Fort Matanzas,GTMNERR,0,51.913,0,34.22,0,2.333,0,93.9,0,7.15,0,6.39,2.36,8.06,0,-85.6,5.99,18.672,0,2.75,0,1.203,0.59,0,2.31
1/10/2026,14:15, ,gtmfmwq_15E101700_010926_080000.bin,Fort Matanzas,GTMNERR,0,51.88,0,34.19,0,2.344,0,94.4,0,7.18,0,6.55,2.42,8.05,0,-84.9,5.98,18.78,0,2.17,0,1.196,0.74,0,2.92
1/10/2026,14:30, ,gtmfmwq_15E101700_010926_080000.bin,Fort Matanzas,GTMNERR,0,51.846,0,34.17,0,2.33,0,100.6,0,7.63,0,6.71,2.47,8.06,0,-85.7,5.98,18.926,0,3.15,0,1.199,0.93,0,3.69
1/10/2026,14:45, ,gtmfmwq_15E101700_010926_080000.bin,Fort Matanzas,GTMNERR,0,51.818,0,34.15,0,2.307,0,100.2,0,7.6,0,6.97,2.56,8.07,0,-86,5.99,18.957,0,2.64,0,1.195,1.14,0,4.55
1/10/2026,15:00, ,gtmfmwq_15E101700_010926_080000.bin,Fort Matanzas,GTMNERR,0,51.813,0,34.14,0,2.275,0,98.2,0,7.42,0,7.57,2.77,8.04,0,-84.4,5.98,19.082,0,3.48,0,1.191,0.96,0,3.79
1/10/2026,15:15, ,gtmfmwq_15E101700_010926_080000.bin,Fort Matanzas,GTMNERR,0,51.729,0,34.08,0,2.249,0,96.7,0,7.29,0,8.41,3.06,8.02,0,-83,5.98,19.293,0,3.8,0,1.188,0.99,0,3.94
1/10/2026,15:30, ,gtmfmwq_15E101700_010926_080000.bin,Fort Matanzas,GTMNERR,0,51.664,0,34.03,0,2.22,0,95,0,7.14,0,9.09,3.3,7.99,0,-81.9,5.99,19.469,0,3.89,0,1.192,0.88,0,3.47
1/10/2026,15:45, ,gtmfmwq_15E101700_010926_080000.bin,Fort Matanzas,GTMNERR,0,51.635,0,34.01,0,2.184,0,94.8,0,7.1,0,9.39,3.41,7.99,0,-81.6,5.98,19.655,0,4.2,0,1.198,1.01,0,4
1/10/2026,16:00, ,gtmfmwq_15E101700_010926_080000.bin,Fort Matanzas,GTMNERR,0,51.615,0,34,0,2.145,0,95.9,0,7.16,0,9.52,3.45,7.99,0,-81.5,5.98,19.78,0,3.94,0,1.2,0.96,0,3.79
1/10/2026,16:15, ,gtmfmwq_15E101700_010926_080000.bin,Fort Matanzas,GTMNERR,0,51.594,0,33.98,0,2.102,0,96.1,0,7.16,0,9.76,3.54,7.98,0,-81.2,5.98,19.885,0,3.97,0,1.196,0.98,0,3.88
1/10/2026,16:30, ,gtmfmwq_15E101700_010926_080000.bin,Fort Matanzas,GTMNERR,0,51.587,0,33.98,0,2.057,0,92.6,0,6.9,0,9.75,3.53,7.97,0,-80.3,5.98,19.943,0,3.44,0,1.197,0.76,0,3
1/10/2026,16:45, ,gtmfmwq_15E101700_010926_080000.bin,Fort Matanzas,GTMNERR,0,51.583,0,33.97,0,2.017,0,94.3,0,7.02,0,9.74,3.53,7.97,0,-80.7,5.98,19.975,0,3.59,0,1.189,0.79,0,3.11
1/10/2026,17:00, ,gtmfmwq_15E101700_010926_080000.bin,Fort Matanzas,GTMNERR,0,51.582,0,33.97,0,1.981,0,88.1,0,6.55,0,9.7,3.52,7.94,0,-78.8,5.98,20.005,0,3.08,0,1.19,0.54,0,2.13
1/10/2026,17:15, ,gtmfmwq_15E101700_010926_080000.bin,Fort Matanzas,GTMNERR,0,51.601,0,33.98,0,1.941,0,94.4,0,7.03,0,9.6,3.48,7.96,0,-80,5.98,19.996,0,3.48,0,1.195,1.27,0,5.06
1/10/2026,17:30, ,gtmfmwq_15E101700_010926_080000.bin,Fort Matanzas,GTMNERR,0,51.884,0,34.19,0,1.901,0,101.9,0,7.58,0,6.99,2.57,8.03,0,-83.9,5.98,19.96,0,3.13,0,1.192,0.5,0,1.95
1/10/2026,17:45, ,gtmfmwq_15E101700_010926_080000.bin,Fort Matanzas,GTMNERR,0,51.852,0,34.17,0,1.862,0,100.9,0,7.52,0,7.49,2.75,8.04,0,-84.8,5.98,19.833,0,2.8,0,1.205,0.52,0,2.05
1/10/2026,18:00, ,gtmfmwq_15E101700_010926_080000.bin,Fort Matanzas,GTMNERR,0,51.72,0,34.07,0,1.824,0,98.1,0,7.3,0,8.44,3.08,8,0,-82.5,5.98,19.999,0,3.23,0,1.204,0.78,0,3.07
1/10/2026,18:15, ,gtmfmwq_15E101700_010926_080000.bin,Fort Matanzas,GTMNERR,0,51.659,0,34.03,0,1.785,0,93.2,0,6.93,0,9.09,3.3,7.98,0,-80.9,5.97,20.022,0,3.12,0,1.205,0.63,0,2.46
1/10/2026,18:30, ,gtmfmwq_15E101700_010926_080000.bin,Fort Matanzas,GTMNERR,0,51.641,0,34.01,0,1.744,0,97.1,0,7.21,0,9.51,3.45,7.99,0,-81.5,5.97,20.141,0,3.6,0,1.206,0.96,0,3.8
1/10/2026,18:45, ,gtmfmwq_15E101700_010926_080000.bin,Fort Matanzas,GTMNERR,0,51.657,0,34.03,0,1.705,0,98.5,0,7.3,0,9.33,3.39,7.99,0,-81.9,5.98,20.171,0,3.36,0,1.194,1.08,0,4.28
1/10/2026,19:00, ,gtmfmwq_15E101700_010926_080000.bin,Fort Matanzas,GTMNERR,0,51.641,0,34.01,0,1.665,0,97.5,0,7.24,0,9.33,3.39,7.99,0,-81.7,5.97,20.118,0,3.23,0,1.189,0.9,0,3.56
1/10/2026,19:15, ,gtmfmwq_15E101700_010926_080000.bin,Fort Matanzas,GTMNERR,0,51.617,0,34,0,1.625,0,97.5,0,7.26,0,9.65,3.5,7.99,0,-81.7,5.97,19.972,0,3.31,0,1.194,1.19,0,4.73
1/10/2026,19:30, ,gtmfmwq_15E101700_010926_080000.bin,Fort Matanzas,GTMNERR,0,51.721,0,34.07,0,1.586,0,100.5,0,7.43,0,8.85,3.22,8.01,0,-83,5.97,20.296,0,3.83,0,1.206,1.05,0,4.18
1/10/2026,19:45, ,gtmfmwq_15E101700_010926_080000.bin,Fort Matanzas,GTMNERR,0,51.741,0,34.09,0,1.548,0,101,0,7.46,0,8.72,3.17,8.01,0,-83.2,5.98,20.344,0,3.79,0,1.19,1.02,0,4.04
1/10/2026,20:00, ,gtmfmwq_15E101700_010926_080000.bin,Fort Matanzas,GTMNERR,0,51.753,0,34.1,0,1.51,0,100.2,0,7.4,0,8.88,3.23,8.01,0,-82.9,5.97,20.423,0,4.29,0,1.199,1,0,3.97
1/10/2026,20:15, ,gtmfmwq_15E101700_010926_080000.bin,Fort Matanzas,GTMNERR,0,51.714,0,34.07,0,1.472,0,98.6,0,7.28,0,9.4,3.41,8,0,-82.4,5.97,20.376,0,4.33,0,1.197,1.03,0,4.09
1/10/2026,20:30, ,gtmfmwq_15E101700_010926_080000.bin,Fort Matanzas,GTMNERR,0,51.719,0,34.07,0,1.44,0,98.6,0,7.3,0,9.13,3.32,8,0,-82.5,5.97,20.229,0,4.02,0,1.198,1.1,0,4.36
1/10/2026,20:45, ,gtmfmwq_15E101700_010926_080000.bin,Fort Matanzas,GTMNERR,0,51.746,0,34.09,0,1.413,0,98.7,0,7.3,0,9.1,3.31,8,0,-82.6,5.96,20.262,0,4.18,0,1.204,1.08,0,4.31
1/10/2026,21:00, ,gtmfmwq_15E101700_010926_080000.bin,Fort Matanzas,GTMNERR,0,51.744,0,34.09,0,1.395,0,97.8,0,7.25,0,9.16,3.33,8,0,-82.3,5.97,20.176,0,4.06,0,1.193,1.44,0,5.74
1/10/2026,21:15, ,gtmfmwq_15E101700_010926_080000.bin,Fort Matanzas,GTMNERR,0,51.754,0,34.1,0,1.385,0,98.2,0,7.29,0,9.1,3.31,8,0,-82.6,5.97,20.096,0,3.98,0,1.196,1.25,0,4.99
1/10/2026,21:30, ,gtmfmwq_15E101700_010926_080000.bin,Fort Matanzas,GTMNERR,0,51.867,0,34.18,0,1.408,0,100.5,0,7.5,0,8.12,2.96,8.04,0,-84.6,5.96,19.803,0,4.39,0,1.195,1.92,0,7.7
1/10/2026,21:45, ,gtmfmwq_15E101700_010926_080000.bin,Fort Matanzas,GTMNERR,0,51.932,0,34.23,0,1.425,0,101.4,0,7.65,0,7.21,2.65,8.07,0,-86.1,5.96,19.203,0,4.14,0,1.199,2.06,0,8.25
1/10/2026,22:00, ,gtmfmwq_15E101700_010926_080000.bin,Fort Matanzas,GTMNERR,0,51.846,0,34.17,0,1.474,0,102.6,0,7.76,0,7.35,2.7,8.07,0,-86.3,5.97,19.081,0,4.6,0,1.196,1.84,0,7.36
1/10/2026,22:15, ,gtmfmwq_15E101700_010926_080000.bin,Fort Matanzas,GTMNERR,0,51.82,0,34.15,0,1.51,0,102.7,0,7.77,0,7.27,2.67,8.07,0,-86.3,5.96,19.055,0,4.12,0,1.198,1.55,0,6.18
1/10/2026,22:30, ,gtmfmwq_15E101700_010926_080000.bin,Fort Matanzas,GTMNERR,0,51.656,0,34.03,0,1.561,0,102.4,0,7.73,0,8.06,2.94,8.06,0,-85.6,5.96,19.21,0,4.52,0,1.205,1.87,0,7.48
1/10/2026,22:45, ,gtmfmwq_15E101700_010926_080000.bin,Fort Matanzas,GTMNERR,0,51.444,0,33.87,0,1.62,0,101.2,0,7.61,0,9.1,3.31,8.04,0,-84.5,5.96,19.445,0,4.52,0,1.195,2.29,0,9.17
1/10/2026,23:00, ,gtmfmwq_15E101700_010926_080000.bin,Fort Matanzas,GTMNERR,0,51.359,0,33.81,0,1.677,0,99.8,0,7.5,0,9.52,3.45,8.03,0,-83.8,5.95,19.49,0,4.96,0,1.202,1.83,0,7.33
1/10/2026,23:15, ,gtmfmwq_15E101700_010926_080000.bin,Fort Matanzas,GTMNERR,0,51.396,0,33.84,0,1.739,0,99.3,0,7.47,0,9.34,3.39,8.03,0,-83.9,5.96,19.426,0,4.39,0,1.189,2.18,0,8.72
1/10/2026,23:30, ,gtmfmwq_15E101700_010926_080000.bin,Fort Matanzas,GTMNERR,0,51.461,0,33.88,0,1.795,0,99.4,0,7.49,0,9.05,3.29,8.04,0,-84.2,5.96,19.346,0,4.79,0,1.198,1.8,0,7.2
1/10/2026,23:45, ,gtmfmwq_15E101700_010926_080000.bin,Fort Matanzas,GTMNERR,0,51.436,0,33.86,0,1.848,0,99.4,0,7.49,0,9.23,3.35,8.03,0,-84.1,5.96,19.364,0,4.37,0,1.202,1.41,0,5.64
1/11/2026,0:00, ,gtmfmwq_15E101700_010926_080000.bin,Fort Matanzas,GTMNERR,0,51.427,0,33.86,0,1.907,0,98.5,0,7.42,0,9.32,3.38,8.03,0,-83.7,5.95,19.375,0,4.27,0,1.196,1.72,0,6.89
1/11/2026,0:15, ,gtmfmwq_15E101700_010926_080000.bin,Fort Matanzas,GTMNERR,0,51.466,0,33.89,0,1.949,0,98,0,7.39,0,8.94,3.25,8.03,0,-83.7,5.95,19.327,0,3.5,0,1.195,1.82,0,7.27
1/11/2026,0:30, ,gtmfmwq_15E101700_010926_080000.bin,Fort Matanzas,GTMNERR,0,51.586,0,33.98,0,2.002,0,97.6,0,7.38,0,8.41,3.07,8.03,0,-83.9,5.96,19.18,0,3.06,0,1.194,2.08,0,8.33
1/11/2026,0:45, ,gtmfmwq_15E101700_010926_080000.bin,Fort Matanzas,GTMNERR,0,51.636,0,34.01,0,2.053,0,95.8,0,7.25,0,7.94,2.9,8.02,0,-83.4,5.95,19.121,0,3.22,0,1.199,1.71,0,6.85
1/11/2026,1:00, ,gtmfmwq_15E101700_010926_080000.bin,Fort Matanzas,GTMNERR,0,51.678,0,34.04,0,2.107,0,94.6,0,7.15,0,7.77,2.84,8.02,0,-83.6,5.95,19.073,0,2.81,0,1.198,1.72,0,6.87
1/11/2026,1:15, ,gtmfmwq_15E101700_010926_080000.bin,Fort Matanzas,GTMNERR,0,51.718,0,34.07,0,2.16,0,94.5,0,7.16,0,7.41,2.72,8.03,0,-83.8,5.96,19.032,0,3.23,0,1.198,1.03,0,4.07
1/11/2026,1:30, ,gtmfmwq_15E101700_010926_080000.bin,Fort Matanzas,GTMNERR,0,51.787,0,34.12,0,2.209,0,92.2,0,6.99,0,7.13,2.62,8.02,0,-83.2,5.95,18.942,0,3.33,0,1.199,1.05,0,4.16
1/11/2026,1:45, ,gtmfmwq_15E101700_010926_080000.bin,Fort Matanzas,GTMNERR,0,51.83,0,34.15,0,2.254,0,94.3,0,7.16,0,7.11,2.61,8.03,0,-84,5.95,18.878,0,2.5,0,1.196,1.24,0,4.94
1/11/2026,2:00, ,gtmfmwq_15E101700_010926_080000.bin,Fort Matanzas,GTMNERR,0,51.845,0,34.17,0,2.289,0,87.4,0,6.63,0,7.1,2.61,8,0,-82.3,5.95,18.856,0,2.48,0,1.193,1.64,0,6.56
1/11/2026,2:15, ,gtmfmwq_15E101700_010926_080000.bin,Fort Matanzas,GTMNERR,0,51.855,0,34.17,0,2.328,0,78,0,5.92,0,6.75,2.49,7.97,0,-80,5.96,18.842,0,2.58,0,1.192,0.39,0,1.49
1/11/2026,2:30, ,gtmfmwq_15E101700_010926_080000.bin,Fort Matanzas,GTMNERR,0,51.851,0,34.17,0,2.36,0,85.6,0,6.5,0,7.38,2.7,7.97,0,-80.4,5.94,18.855,0,2.62,0,1.201,1.09,0,4.35
1/11/2026,2:45, ,gtmfmwq_15E101700_010926_080000.bin,Fort Matanzas,GTMNERR,0,51.821,0,34.15,0,2.382,0,89.3,0,6.77,0,7.08,2.6,8.03,0,-84,5.95,18.896,0,2.15,0,1.201,0.87,0,3.44
1/11/2026,3:00, ,gtmfmwq_15E101700_010926_080000.bin,Fort Matanzas,GTMNERR,0,51.664,0,34.03,0,2.397,0,77.5,0,5.86,0,8.05,2.94,7.95,0,-79.1,5.95,19.089,0,2.81,0,1.194,0.59,0,2.31
1/11/2026,3:15, ,gtmfmwq_15E101700_010926_080000.bin,Fort Matanzas,GTMNERR,0,51.453,0,33.88,0,2.399,0,95.5,0,7.2,0,9.12,3.31,8.02,0,-83,5.94,19.296,0,3.44,0,1.189,1.5,0,5.98
1/11/2026,3:30, ,gtmfmwq_15E101700_010926_080000.bin,Fort Matanzas,GTMNERR,0,51.404,0,33.84,0,2.395,0,92.2,0,6.95,0,9.54,3.46,7.99,0,-81.5,5.94,19.365,0,3.33,0,1.193,1.24,0,4.95
1/11/2026,3:45, ,gtmfmwq_15E101700_010926_080000.bin,Fort Matanzas,GTMNERR,0,51.662,0,34.03,0,2.367,0,95.9,0,7.2,0,8.85,3.22,8.02,0,-83.1,5.95,19.443,0,3.17,0,1.205,1.28,0,5.09
1/11/2026,4:00, ,gtmfmwq_15E101700_010926_080000.bin,Fort Matanzas,GTMNERR,0,51.714,0,34.07,0,2.33,0,96,0,7.18,0,8.7,3.17,8.01,0,-83,5.94,19.657,0,3.64,0,1.199,1.13,0,4.5
1/11/2026,4:15, ,gtmfmwq_15E101700_010926_080000.bin,Fort Matanzas,GTMNERR,0,51.741,0,34.09,0,2.296,0,96.8,0,7.21,0,9.16,3.33,8.01,0,-82.6,5.95,19.887,0,4.12,0,1.195,0.96,0,3.8
1/11/2026,4:30, ,gtmfmwq_15E101700_010926_080000.bin,Fort Matanzas,GTMNERR,0,51.703,0,34.06,0,2.256,0,95.9,0,7.13,0,9.32,3.38,8,0,-82.5,5.95,19.997,0,4.67,0,1.198,0.91,0,3.62
1/11/2026,4:45, ,gtmfmwq_15E101700_010926_080000.bin,Fort Matanzas,GTMNERR,0,51.669,0,34.03,0,2.215,0,96.2,0,7.14,0,9.88,3.58,7.99,0,-82,5.95,20.115,0,4.33,0,1.195,0.83,0,3.27
1/11/2026,5:00, ,gtmfmwq_15E101700_010926_080000.bin,Fort Matanzas,GTMNERR,0,51.627,0,34,0,2.18,0,95.5,0,7.09,0,10.13,3.67,7.99,0,-81.7,5.94,20.165,0,4.63,0,1.189,0.8,0,3.16
1/11/2026,5:15, ,gtmfmwq_15E101700_010926_080000.bin,Fort Matanzas,GTMNERR,0,51.603,0,33.99,0,2.145,0,95.6,0,7.1,0,10.34,3.74,7.99,0,-81.6,5.94,20.155,0,4.17,0,1.2,0.82,0,3.24
1/11/2026,5:30, ,gtmfmwq_15E101700_010926_080000.bin,Fort Matanzas,GTMNERR,0,51.585,0,33.97,0,2.1,0,94.6,0,7.02,0,10.57,3.82,7.98,0,-81.3,5.95,20.171,0,4.15,0,1.201,0.68,0,2.69
1/11/2026,5:45, ,gtmfmwq_15E101700_010926_080000.bin,Fort Matanzas,GTMNERR,0,51.568,0,33.96,0,2.062,0,94.2,0,6.99,0,10.61,3.83,7.98,0,-81.3,5.93,20.147,0,4.34,0,1.203,0.79,0,3.11
1/11/2026,6:00, ,gtmfmwq_15E101700_010926_080000.bin,Fort Matanzas,GTMNERR,0,51.552,0,33.95,0,2.022,0,85.9,0,6.38,0,10.79,3.9,7.94,0,-78.8,5.94,20.157,0,3.6,0,1.19,0.66,0,2.61
1/11/2026,6:15, ,gtmfmwq_15E101700_010926_080000.bin,Fort Matanzas,GTMNERR,0,51.539,0,33.94,0,1.98,0,88.5,0,6.58,0,10.82,3.91,7.96,0,-79.6,5.95,20.032,0,3.61,0,1.19,0.59,0,2.32
1/11/2026,6:30, ,gtmfmwq_15E101700_010926_080000.bin,Fort Matanzas,GTMNERR,0,51.513,0,33.92,0,1.941,0,87.5,0,6.57,0,10.29,3.72,7.96,0,-79.7,5.94,19.507,0,3.48,0,1.205,0.56,0,2.21
1/11/2026,6:45, ,gtmfmwq_15E101700_010926_080000.bin,Fort Matanzas,GTMNERR,0,51.522,0,33.93,0,1.9,0,84.9,0,6.42,0,9.63,3.49,7.96,0,-80,5.94,19.144,0,3.04,0,1.201,0.6,0,2.35
1/11/2026,7:00, ,gtmfmwq_15E101700_010926_080000.bin,Fort Matanzas,GTMNERR,0,51.539,0,33.94,0,1.859,0,72.7,0,5.5,0,9.3,3.38,7.89,0,-75.8,5.94,19.119,0,3.55,0,1.2,0.49,0,1.91
1/11/2026,7:15, ,gtmfmwq_15E101700_010926_080000.bin,Fort Matanzas,GTMNERR,0,51.552,0,33.95,0,1.82,0,76.6,0,5.77,0,9.49,3.44,7.91,0,-76.8,5.93,19.394,0,2.84,0,1.2,0.68,0,2.68
1/11/2026,7:30, ,gtmfmwq_15E101700_010926_080000.bin,Fort Matanzas,GTMNERR,0,51.57,0,33.96,0,1.782,0,75.4,0,5.66,0,9.8,3.55,7.91,0,-76.9,5.93,19.505,0,3.27,0,1.195,0.38,0,1.48
1/11/2026,7:45, ,gtmfmwq_15E101700_010926_080000.bin,Fort Matanzas,GTMNERR,0,51.583,0,33.97,0,1.74,0,82.2,0,6.19,0,10.3,3.73,7.95,0,-79.2,5.93,19.408,0,3.38,0,1.192,0.51,0,1.99
1/11/2026,8:00, ,gtmfmwq_15E101700_010926_080000.bin,Fort Matanzas,GTMNERR,0,51.547,0,33.95,0,1.698,0,91.4,0,6.83,0,10.76,3.88,7.97,0,-80.6,5.94,19.785,0,3.7,0,1.198,0.76,0,3
1/11/2026,8:15, ,gtmfmwq_15E101700_010926_080000.bin,Fort Matanzas,GTMNERR,0,51.568,0,33.96,0,1.658,0,91.6,0,6.85,0,10.48,3.79,7.98,0,-80.9,5.93,19.715,0,3.62,0,1.204,0.65,0,2.55
1/11/2026,8:30, ,gtmfmwq_15E101700_010926_080000.bin,Fort Matanzas,GTMNERR,0,51.585,0,33.97,0,1.612,0,91.6,0,6.86,0,10.43,3.77,7.98,0,-81,5.93,19.671,0,3.14,0,1.197,0.71,0,2.79
1/11/2026,8:45, ,gtmfmwq_15E101700_010926_080000.bin,Fort Matanzas,GTMNERR,0,51.593,0,33.98,0,1.571,0,92.6,0,6.92,0,10.31,3.73,7.98,0,-81.1,5.94,19.73,0,3.21,0,1.198,0.71,0,2.78
1/11/2026,9:00, ,gtmfmwq_15E101700_010926_080000.bin,Fort Matanzas,GTMNERR,0,51.608,0,33.99,0,1.529,0,91.9,0,6.89,0,10.24,3.7,7.98,0,-81,5.93,19.62,0,3.15,0,1.196,0.65,0,2.57
1/11/2026,9:15, ,gtmfmwq_15E101700_010926_080000.bin,Fort Matanzas,GTMNERR,0,51.625,0,34,0,1.493,0,92.4,0,6.92,0,10.01,3.63,7.98,0,-81.2,5.93,19.611,0,3.37,0,1.19,0.74,0,2.93
1/11/2026,9:30, ,gtmfmwq_15E101700_010926_080000.bin,Fort Matanzas,GTMNERR,0,51.641,0,34.02,0,1.46,0,89.9,0,6.76,0,9.97,3.61,7.98,0,-80.7,5.94,19.424,0,3.47,0,1.207,0.65,0,2.54
1/11/2026,9:45, ,gtmfmwq_15E101700_010926_080000.bin,Fort Matanzas,GTMNERR,0,51.647,0,34.02,0,1.434,0,87.4,0,6.6,0,9.91,3.59,7.97,0,-80.1,5.92,19.191,0,3.27,0,1.199,0.62,0,2.46
1/11/2026,10:00, ,gtmfmwq_15E101700_010926_080000.bin,Fort Matanzas,GTMNERR,0,51.661,0,34.03,0,1.415,0,87.3,0,6.6,0,9.78,3.54,7.96,0,-80,5.93,19.14,0,3.25,0,1.195,0.67,0,2.62
1/11/2026,10:15, ,gtmfmwq_15E101700_010926_080000.bin,Fort Matanzas,GTMNERR,0,51.662,0,34.03,0,1.432,0,87.8,0,6.63,0,9.6,3.48,7.97,0,-80.2,5.93,19.193,0,3.52,0,1.192,0.65,0,2.56
1/11/2026,10:30, ,gtmfmwq_15E101700_010926_080000.bin,Fort Matanzas,GTMNERR,0,51.759,0,34.1,0,1.436,0,89.9,0,6.81,0,8.82,3.21,7.99,0,-81.7,5.92,18.97,0,5.05,0,1.195,0.99,0,3.94
1/11/2026,10:45, ,gtmfmwq_15E101700_010926_080000.bin,Fort Matanzas,GTMNERR,0,51.906,0,34.21,0,1.469,0,90.8,0,6.97,0,7.46,2.73,8.03,0,-83.9,5.93,18.198,0,4.23,0,1.203,1.16,0,4.61
1/11/2026,11:00, ,gtmfmwq_15E101700_010926_080000.bin,Fort Matanzas,GTMNERR,0,51.911,0,34.21,0,1.507,0,92,0,7.09,0,7.25,2.66,8.05,0,-84.9,5.93,17.998,0,4.15,0,1.198,2.13,0,8.54
1/11/2026,11:15, ,gtmfmwq_15E101700_010926_080000.bin,Fort Matanzas,GTMNERR,0,51.916,0,34.21,0,1.563,0,93,0,7.17,0,7.12,2.61,8.06,0,-85.2,5.93,17.981,0,3.57,0,1.196,2.69,0,10.78
1/11/2026,11:30, ,gtmfmwq_15E101700_010926_080000.bin,Fort Matanzas,GTMNERR,0,51.798,0,34.13,0,1.64,0,93.3,0,7.18,0,7.69,2.82,8.05,0,-84.9,5.93,18.11,0,3.68,0,1.198,3.2,0,12.84
1/11/2026,11:45, ,gtmfmwq_15E101700_010926_080000.bin,Fort Matanzas,GTMNERR,0,51.706,0,34.06,0,1.676,0,92.9,0,7.14,0,8.06,2.94,8.04,0,-84.4,5.92,18.207,0,4.14,0,1.204,2.72,0,10.92
1/11/2026,12:00, ,gtmfmwq_15E101700_010926_080000.bin,Fort Matanzas,GTMNERR,0,51.729,0,34.08,0,1.74,0,92.6,0,7.12,0,8,2.92,8.04,0,-84.4,5.93,18.178,0,3.8,0,1.201,2.3,0,9.21
1/11/2026,12:15, ,gtmfmwq_15E101700_010926_080000.bin,Fort Matanzas,GTMNERR,0,51.735,0,34.08,0,1.794,0,92.7,0,7.14,0,7.85,2.87,8.04,0,-84.5,5.91,18.178,0,3.64,0,1.197,1.45,0,5.8
1/11/2026,12:30, ,gtmfmwq_15E101700_010926_080000.bin,Fort Matanzas,GTMNERR,0,51.742,0,34.09,0,1.847,0,93.3,0,7.17,0,7.98,2.92,8.04,0,-84.5,5.92,18.184,0,3.05,0,1.187,1.67,0,6.65
1/11/2026,12:45, ,gtmfmwq_15E101700_010926_080000.bin,Fort Matanzas,GTMNERR,0,51.753,0,34.1,0,1.879,0,93.2,0,7.17,0,7.76,2.84,8.04,0,-84.3,5.92,18.18,0,3.32,0,1.199,1.52,0,6.08
1/11/2026,13:00, ,gtmfmwq_15E101700_010926_080000.bin,Fort Matanzas,GTMNERR,0,51.709,0,34.06,0,1.908,0,91.1,0,7,0,7.98,2.91,8.03,0,-83.8,5.91,18.224,0,3.45,0,1.194,1.79,0,7.17
1/11/2026,13:15, ,gtmfmwq_15E101700_010926_080000.bin,Fort Matanzas,GTMNERR,0,51.681,0,34.04,0,1.944,0,86.6,0,6.66,0,7.88,2.88,8.01,0,-82.4,5.92,18.244,0,3,0,1.198,0.92,0,3.67
1/11/2026,13:30, ,gtmfmwq_15E101700_010926_080000.bin,Fort Matanzas,GTMNERR,0,51.688,0,34.05,0,1.987,0,84.2,0,6.47,0,7.96,2.91,7.99,0,-81.6,5.92,18.252,0,2.96,0,1.195,1.3,0,5.2
1/11/2026,13:45, ,gtmfmwq_15E101700_010926_080000.bin,Fort Matanzas,GTMNERR,0,51.699,0,34.06,0,2.016,0,82.2,0,6.31,0,7.88,2.88,7.99,0,-81.1,5.91,18.247,0,3.96,0,1.198,1.44,0,5.74
1/11/2026,14:00, ,gtmfmwq_15E101700_010926_080000.bin,Fort Matanzas,GTMNERR,0,51.701,0,34.06,0,2.04,0,53.9,0,4.14,0,8,2.92,7.86,0,-73.9,5.92,18.259,0,2.69,0,1.204,0.45,0,1.73
1/11/2026,14:15, ,gtmfmwq_15E101700_010926_080000.bin,Fort Matanzas,GTMNERR,0,51.706,0,34.06,0,2.054,0,53.6,0,4.12,0,8.14,2.97,7.86,0,-73.9,5.92,18.265,0,2.55,0,1.188,0.56,0,2.21
1/11/2026,14:30, ,gtmfmwq_15E101700_010926_080000.bin,Fort Matanzas,GTMNERR,0,51.703,0,34.06,0,2.073,0,77.8,0,5.98,0,7.88,2.88,7.98,0,-80.7,5.92,18.267,0,2.62,0,1.199,0.86,0,3.41
1/11/2026,14:45, ,gtmfmwq_15E101700_010926_080000.bin,Fort Matanzas,GTMNERR,0,51.704,0,34.06,0,2.102,0,79.5,0,6.1,0,7.72,2.82,7.96,0,-79.7,5.91,18.275,0,2.51,0,1.198,0.7,0,2.75
1/11/2026,15:00, ,gtmfmwq_15E101700_010926_080000.bin,Fort Matanzas,GTMNERR,0,51.705,0,34.06,0,2.13,0,79.6,0,6.11,0,7.79,2.85,7.94,0,-78.7,5.92,18.286,0,2.41,0,1.199,0.6,0,2.37
1/11/2026,15:15, ,gtmfmwq_15E101700_010926_080000.bin,Fort Matanzas,GTMNERR,0,51.697,0,34.05,0,2.136,0,84.4,0,6.48,0,7.75,2.84,7.99,0,-81.5,5.92,18.298,0,2.48,0,1.205,1.15,0,4.58
1/11/2026,15:30, ,gtmfmwq_15E101700_010926_080000.bin,Fort Matanzas,GTMNERR,0,51.703,0,34.06,0,2.136,0,92.5,0,7.1,0,7.93,2.9,8.03,0,-83.6,5.91,18.307,0,2.95,0,1.193,1.02,0,4.06
1/11/2026,15:45, ,gtmfmwq_15E101700_010926_080000.bin,Fort Matanzas,GTMNERR,0,51.805,0,34.14,0,2.118,0,94.3,0,7.22,0,7.84,2.87,8.04,0,-84.3,5.91,18.376,0,3.05,0,1.193,2.12,0,8.47
1/11/2026,16:00, ,gtmfmwq_15E101700_010926_080000.bin,Fort Matanzas,GTMNERR,0,51.791,0,34.13,0,2.1,0,94.3,0,7.18,0,8.3,3.03,8.02,0,-83.3,5.92,18.679,0,3.17,0,1.196,1.12,0,4.44
1/11/2026,16:15, ,gtmfmwq_15E101700_010926_080000.bin,Fort Matanzas,GTMNERR,0,51.736,0,34.09,0,2.079,0,93.1,0,7.07,0,8.72,3.17,8,0,-82.2,5.91,18.918,0,3.22,0,1.193,2.14,0,8.57
1/11/2026,16:30, ,gtmfmwq_15E101700_010926_080000.bin,Fort Matanzas,GTMNERR,0,51.715,0,34.07,0,2.067,0,90.4,0,6.85,0,9.1,3.3,7.99,0,-81.3,5.91,19.051,0,3.64,0,1.195,1.1,0,4.36
1/11/2026,16:45, ,gtmfmwq_15E101700_010926_080000.bin,Fort Matanzas,GTMNERR,0,51.664,0,34.03,0,2.039,0,90.8,0,6.85,0,9.64,3.49,7.97,0,-80.6,5.92,19.259,0,3.49,0,1.189,1.04,0,4.14
1/11/2026,17:00, ,gtmfmwq_15E101700_010926_080000.bin,Fort Matanzas,GTMNERR,0,51.638,0,34.01,0,2.008,0,90.4,0,6.8,0,9.91,3.59,7.97,0,-80.1,5.9,19.4,0,4.79,0,1.193,1.04,0,4.12
1/11/2026,17:15, ,gtmfmwq_15E101700_010926_080000.bin,Fort Matanzas,GTMNERR,0,51.622,0,34,0,1.979,0,90.3,0,6.78,0,10.04,3.63,7.96,0,-80.1,5.91,19.479,0,4.23,0,1.206,1.11,0,4.43
1/11/2026,17:30, ,gtmfmwq_15E101700_010926_080000.bin,Fort Matanzas,GTMNERR,0,51.615,0,34,0,1.942,0,91.2,0,6.84,0,10.27,3.71,7.96,0,-79.6,5.91,19.514,0,4.09,0,1.194,1,0,3.95
1/11/2026,17:45, ,gtmfmwq_15E101700_010926_080000.bin,Fort Matanzas,GTMNERR,0,51.608,0,33.99,0,1.911,0,89.7,0,6.74,0,10.38,3.75,7.95,0,-79.5,5.91,19.533,0,3.94,0,1.191,0.97,0,3.85
1/11/2026,18:00, ,gtmfmwq_15E101700_010926_080000.bin,Fort Matanzas,GTMNERR,0,51.613,0,34,0,1.888,0,86,0,6.45,0,10.29,3.72,7.95,0,-79,5.91,19.502,0,3.6,0,1.203,0.66,0,2.61
1/11/2026,18:15, ,gtmfmwq_15E101700_010926_080000.bin,Fort Matanzas,GTMNERR,0,51.633,0,34.01,0,1.854,0,88.6,0,6.68,0,10.06,3.64,7.96,0,-79.6,5.91,19.289,0,3.85,0,1.199,0.94,0,3.73
1/11/2026,18:30, ,gtmfmwq_15E101700_010926_080000.bin,Fort Matanzas,GTMNERR,0,51.691,0,34.05,0,1.824,0,93.4,0,7.1,0,9.59,3.48,7.99,0,-81.6,5.91,18.87,0,3.53,0,1.195,0.9,0,3.58
1/11/2026,18:45, ,gtmfmwq_15E101700_010926_080000.bin,Fort Matanzas,GTMNERR,0,51.677,0,34.04,0,1.793,0,91.2,0,6.93,0,9.65,3.5,7.98,0,-81,5.9,18.835,0,3.84,0,1.19,0.86,0,3.42
1/11/2026,19:00, ,gtmfmwq_15E101700_010926_080000.bin,Fort Matanzas,GTMNERR,0,51.71,0,34.07,0,1.765,0,92.7,0,7.07,0,9.51,3.45,7.99,0,-81.6,5.91,18.634,0,3.23,0,1.194,0.69,0,2.74
1/11/2026,19:15, ,gtmfmwq_15E101700_010926_080000.bin,Fort Matanzas,GTMNERR,0,51.71,0,34.06,0,1.727,0,93.7,0,7.2,0,8.91,3.24,8.01,0,-82.4,5.91,18.22,0,4.09,0,1.198,0.7,0,2.75
1/11/2026,19:30, ,gtmfmwq_15E101700_010926_080000.bin,Fort Matanzas,GTMNERR,0,51.806,0,34.14,0,1.684,0,84.9,0,6.48,0,9.69,3.51,7.95,0,-79,5.9,18.603,0,3.52,0,1.195,0.52,0,2.05
1/11/2026,19:45, ,gtmfmwq_15E101700_010926_080000.bin,Fort Matanzas,GTMNERR,0,51.714,0,34.07,0,1.645,0,90.8,0,6.91,0,9.47,3.44,7.98,0,-80.6,5.9,18.748,0,3.54,0,1.195,0.66,0,2.61
1/11/2026,20:00, ,gtmfmwq_15E101700_010926_080000.bin,Fort Matanzas,GTMNERR,0,51.68,0,34.04,0,1.607,0,91.5,0,6.94,0,9.95,3.6,7.98,0,-80.7,5.91,18.999,0,3.43,0,1.187,0.86,0,3.39
1/11/2026,20:15, ,gtmfmwq_15E101700_010926_080000.bin,Fort Matanzas,GTMNERR,0,51.676,0,34.04,0,1.568,0,91.8,0,6.95,0,9.93,3.6,7.98,0,-80.8,5.91,19.052,0,3.38,0,1.197,0.93,0,3.68
1/11/2026,20:30, ,gtmfmwq_15E101700_010926_080000.bin,Fort Matanzas,GTMNERR,0,51.664,0,34.03,0,1.526,0,92.1,0,6.97,0,10.18,3.68,7.98,0,-80.7,5.9,19.023,0,3.43,0,1.195,0.9,0,3.56
1/11/2026,20:45, ,gtmfmwq_15E101700_010926_080000.bin,Fort Matanzas,GTMNERR,0,51.652,0,34.02,0,1.489,0,92.1,0,6.98,0,10.23,3.7,7.98,0,-80.8,5.9,18.969,0,3.52,0,1.198,1.11,0,4.41
1/11/2026,21:00, ,gtmfmwq_15E101700_010926_080000.bin,Fort Matanzas,GTMNERR,0,51.668,0,34.04,0,1.449,0,93,0,7.05,0,10.09,3.65,7.99,0,-81.2,5.91,18.949,0,3.81,0,1.195,1.18,0,4.71
1/11/2026,21:15, ,gtmfmwq_15E101700_010926_080000.bin,Fort Matanzas,GTMNERR,0,51.682,0,34.05,0,1.413,0,93.3,0,7.09,0,9.99,3.62,7.99,0,-81.5,5.9,18.831,0,4.19,0,1.189,1.15,0,4.59
1/11/2026,21:30, ,gtmfmwq_15E101700_010926_080000.bin,Fort Matanzas,GTMNERR,0,51.712,0,34.07,0,1.39,0,94.3,0,7.17,0,9.93,3.6,8,0,-81.9,5.9,18.768,0,4.1,0,1.197,1.21,0,4.84
1/11/2026,21:45, ,gtmfmwq_15E101700_010926_080000.bin,Fort Matanzas,GTMNERR,0,51.705,0,34.06,0,1.386,0,93.5,0,7.13,0,10.02,3.63,7.99,0,-81.7,5.9,18.656,0,3.9,0,1.195,1.28,0,5.1
1/11/2026,22:00, ,gtmfmwq_15E101700_010926_080000.bin,Fort Matanzas,GTMNERR,0,51.695,0,34.06,0,1.408,0,93.7,0,7.15,0,9.73,3.53,8,0,-81.8,5.89,18.641,0,4.29,0,1.198,1.33,0,5.3
1/11/2026,22:15, ,gtmfmwq_15E101700_010926_080000.bin,Fort Matanzas,GTMNERR,0,51.726,0,34.08,0,1.43,0,94.2,0,7.21,0,9.49,3.44,8,0,-82.2,5.9,18.457,0,4.82,0,1.201,1.33,0,5.31
1/11/2026,22:30, ,gtmfmwq_15E101700_010926_080000.bin,Fort Matanzas,GTMNERR,0,51.776,0,34.11,0,1.475,0,94.1,0,7.22,0,9.26,3.36,8.01,0,-82.6,5.9,18.329,0,5.77,0,1.195,1.41,0,5.62
1/11/2026,22:45, ,gtmfmwq_15E101700_010926_080000.bin,Fort Matanzas,GTMNERR,0,51.86,0,34.17,0,1.532,0,98.2,0,7.6,0,7.67,2.81,8.07,0,-85.9,5.89,17.786,0,4.74,0,1.19,7.7,0,30.98
1/11/2026,23:00, ,gtmfmwq_15E101700_010926_080000.bin,Fort Matanzas,GTMNERR,0,51.796,0,34.13,0,1.581,0,98.3,0,7.62,0,7.75,2.83,8.07,0,-85.9,5.89,17.772,0,3.57,0,1.202,2.38,0,9.56
1/11/2026,23:15, ,gtmfmwq_15E101700_010926_080000.bin,Fort Matanzas,GTMNERR,0,51.499,0,33.91,0,1.642,0,97.1,0,7.5,0,9.31,3.38,8.05,0,-84.5,5.89,18.045,0,4.19,0,1.198,4.32,0,17.35
1/11/2026,23:30, ,gtmfmwq_15E101700_010926_080000.bin,Fort Matanzas,GTMNERR,0,51.421,0,33.85,0,1.719,0,96.1,0,7.42,0,9.7,3.52,8.04,0,-84.1,5.9,18.015,0,4.48,0,1.19,2.96,0,11.86
1/11/2026,23:45, ,gtmfmwq_15E101700_010926_080000.bin,Fort Matanzas,GTMNERR,0,51.425,0,33.85,0,1.781,0,95.7,0,7.4,0,9.87,3.57,8.04,0,-83.9,5.89,17.951,0,4.73,0,1.195,2.52,0,10.1
1/12/2026,0:00, ,gtmfmwq_15E101700_010926_080000.bin,Fort Matanzas,GTMNERR,0,51.433,0,33.86,0,1.847,0,95.1,0,7.36,0,9.71,3.52,8.03,0,-83.8,5.89,17.904,0,3.63,0,1.192,1.62,0,6.47
1/12/2026,0:15, ,gtmfmwq_15E101700_010926_080000.bin,Fort Matanzas,GTMNERR,0,51.479,0,33.89,0,1.91,0,93.7,0,7.26,0,9.49,3.44,8.03,0,-83.5,5.9,17.903,0,3.8,0,1.192,1.49,0,5.94
1/12/2026,0:30, ,gtmfmwq_15E101700_010926_080000.bin,Fort Matanzas,GTMNERR,0,51.544,0,33.94,0,1.978,0,92,0,7.13,0,9.03,3.28,8.02,0,-83.2,5.88,17.857,0,3.52,0,1.2,1.27,0,5.05
1/12/2026,0:45, ,gtmfmwq_15E101700_010926_080000.bin,Fort Matanzas,GTMNERR,0,51.594,0,33.98,0,2.035,0,91,0,7.06,0,8.7,3.17,8.03,0,-83.5,5.89,17.815,0,3.33,0,1.198,1.87,0,7.5
1/12/2026,1:00, ,gtmfmwq_15E101700_010926_080000.bin,Fort Matanzas,GTMNERR,0,51.662,0,34.03,0,2.092,0,91.4,0,7.09,0,8.25,3.01,8.03,0,-83.6,5.89,17.762,0,2.73,0,1.201,1.8,0,7.2
1/12/2026,1:15, ,gtmfmwq_15E101700_010926_080000.bin,Fort Matanzas,GTMNERR,0,51.743,0,34.09,0,2.136,0,87.9,0,6.83,0,7.94,2.9,8.02,0,-82.8,5.88,17.703,0,3.51,0,1.205,1.02,0,4.06
1/12/2026,1:30, ,gtmfmwq_15E101700_010926_080000.bin,Fort Matanzas,GTMNERR,0,51.828,0,34.15,0,2.193,0,89.4,0,6.95,0,7.4,2.71,8.04,0,-84,5.89,17.624,0,4.47,0,1.198,0.97,0,3.86
1/12/2026,1:45, ,gtmfmwq_15E101700_010926_080000.bin,Fort Matanzas,GTMNERR,0,51.841,0,34.16,0,2.254,0,90.4,0,7.04,0,7.56,2.77,8.04,0,-83.9,5.89,17.546,0,2.77,0,1.188,1.2,0,4.76
1/12/2026,2:00, ,gtmfmwq_15E101700_010926_080000.bin,Fort Matanzas,GTMNERR,0,51.853,0,34.16,0,2.312,0,92.4,0,7.2,0,7.5,2.75,8.05,0,-84.6,5.89,17.462,0,2.53,0,1.19,1.2,0,4.76
1/12/2026,2:15, ,gtmfmwq_15E101700_010926_080000.bin,Fort Matanzas,GTMNERR,0,51.892,0,34.19,0,2.361,0,93.5,0,7.3,0,7.48,2.74,8.06,0,-85,5.88,17.357,0,2.7,0,1.205,6.75,0,27.17
1/12/2026,2:30, ,gtmfmwq_15E101700_010926_080000.bin,Fort Matanzas,GTMNERR,0,51.937,0,34.22,0,2.408,0,94.6,0,7.4,0,7.27,2.67,8.06,0,-85,5.88,17.237,0,2.83,0,1.194,4.18,0,16.78
1/12/2026,2:45, ,gtmfmwq_15E101700_010926_080000.bin,Fort Matanzas,GTMNERR,0,51.968,0,34.24,0,2.449,0,93.5,0,7.33,0,7.11,2.61,8.05,0,-84.5,5.89,17.141,0,2.94,0,1.188,1.16,0,4.63
1/12/2026,3:00, ,gtmfmwq_15E101700_010926_080000.bin,Fort Matanzas,GTMNERR,0,51.98,0,34.25,0,2.497,0,89.9,0,7.05,0,6.94,2.55,8.03,0,-83.5,5.88,17.084,0,2.94,0,1.193,0.91,0,3.6
1/12/2026,3:15, ,gtmfmwq_15E101700_010926_080000.bin,Fort Matanzas,GTMNERR,0,51.986,0,34.26,0,2.54,0,82.2,0,6.45,0,6.84,2.52,8,0,-81.7,5.88,17.056,0,2.57,0,1.195,1.44,0,5.76
1/12/2026,3:30, ,gtmfmwq_15E101700_010926_080000.bin,Fort Matanzas,GTMNERR,0,51.949,0,34.23,0,2.574,0,77,0,6.04,0,7.26,2.66,7.99,0,-81,5.89,17.086,0,2.71,0,1.194,1.37,0,5.47
1/12/2026,3:45, ,gtmfmwq_15E101700_010926_080000.bin,Fort Matanzas,GTMNERR,0,51.831,0,34.15,0,2.605,0,86.3,0,6.75,0,8.08,2.95,8.01,0,-82.1,5.87,17.251,0,2.43,0,1.2,0.84,0,3.33
1/12/2026,4:00, ,gtmfmwq_15E101700_010926_080000.bin,Fort Matanzas,GTMNERR,0,51.762,0,34.1,0,2.622,0,91,0,7.11,0,8.33,3.04,8.04,0,-84.1,5.88,17.328,0,2.73,0,1.194,2.85,0,11.42
1/12/2026,4:15, ,gtmfmwq_15E101700_010926_080000.bin,Fort Matanzas,GTMNERR,0,51.645,0,34.01,0,2.632,0,88.9,0,6.94,0,8.87,3.23,8.01,0,-82.3,5.88,17.468,0,7.42,0,1.199,1.17,0,4.65
1/12/2026,4:30, ,gtmfmwq_15E101700_010926_080000.bin,Fort Matanzas,GTMNERR,0,51.567,0,33.95,0,2.629,0,88.3,0,6.87,0,9.33,3.39,8.01,0,-82.3,5.89,17.594,0,4.28,0,1.196,1.18,0,4.68
1/12/2026,4:45, ,gtmfmwq_15E101700_010926_080000.bin,Fort Matanzas,GTMNERR,0,51.722,0,34.07,0,2.611,0,91.8,0,7.14,0,9.13,3.32,8.03,0,-83.5,5.88,17.588,0,3.38,0,1.198,1.59,0,6.35
1/12/2026,5:00, ,gtmfmwq_15E101700_010926_080000.bin,Fort Matanzas,GTMNERR,0,51.753,0,34.09,0,2.595,0,91.6,0,7.09,0,9.77,3.54,8,0,-82,5.88,17.856,0,3.58,0,1.197,1.12,0,4.47
1/12/2026,5:15, ,gtmfmwq_15E101700_010926_080000.bin,Fort Matanzas,GTMNERR,0,51.717,0,34.07,0,2.577,0,90.8,0,7.02,0,10.61,3.83,7.99,0,-81.4,5.88,17.901,0,5.83,0,1.198,1,0,3.96
1/12/2026,5:30, ,gtmfmwq_15E101700_010926_080000.bin,Fort Matanzas,GTMNERR,0,51.637,0,34.01,0,2.544,0,91.2,0,7.06,0,11.52,4.15,7.98,0,-80.8,5.87,17.907,0,6.67,0,1.204,1.05,0,4.16
1/12/2026,5:45, ,gtmfmwq_15E101700_010926_080000.bin,Fort Matanzas,GTMNERR,0,51.572,0,33.96,0,2.51,0,91.1,0,7.05,0,12.13,4.36,7.97,0,-80.3,5.88,17.921,0,7.46,0,1.195,0.99,0,3.94
1/12/2026,6:00, ,gtmfmwq_15E101700_010926_080000.bin,Fort Matanzas,GTMNERR,0,51.546,0,33.94,0,2.464,0,91.3,0,7.07,0,12.17,4.38,7.97,0,-80.3,5.88,17.897,0,8.51,0,1.203,1.04,0,4.11
1/12/2026,6:15, ,gtmfmwq_15E101700_010926_080000.bin,Fort Matanzas,GTMNERR,0,51.511,0,33.92,0,2.411,0,90.5,0,7.01,0,12.59,4.53,7.97,0,-80,5.87,17.879,0,8.08,0,1.194,0.95,0,3.78
1/12/2026,6:30, ,gtmfmwq_15E101700_010926_080000.bin,Fort Matanzas,GTMNERR,0,51.486,0,33.9,0,2.368,0,90.7,0,7.03,0,12.91,4.64,7.97,0,-79.8,5.88,17.859,0,7.82,0,1.188,1.02,0,4.05
1/12/2026,6:45, ,gtmfmwq_15E101700_010926_080000.bin,Fort Matanzas,GTMNERR,0,51.458,0,33.88,0,2.322,0,89.6,0,6.95,0,13.12,4.71,7.96,0,-79.5,5.88,17.835,0,7.73,0,1.193,0.89,0,3.54
1/12/2026,7:00, ,gtmfmwq_15E101700_010926_080000.bin,Fort Matanzas,GTMNERR,0,51.452,0,33.87,0,2.278,0,89.1,0,6.92,0,13.13,4.71,7.95,0,-79.2,5.87,17.788,0,6.94,0,1.198,0.79,0,3.11
1/12/2026,7:15, ,gtmfmwq_15E101700_010926_080000.bin,Fort Matanzas,GTMNERR,0,51.462,0,33.88,0,2.24,0,90.2,0,7.01,0,13.07,4.69,7.96,0,-79.6,5.87,17.745,0,6.95,0,1.188,0.9,0,3.58
1/12/2026,7:30, ,gtmfmwq_15E101700_010926_080000.bin,Fort Matanzas,GTMNERR,0,51.459,0,33.88,0,2.202,0,88.3,0,6.86,0,13.01,4.67,7.95,0,-79.2,5.87,17.695,0,6.52,0,1.193,0.74,0,2.9
1/12/2026,7:45, ,gtmfmwq_15E101700_010926_080000.bin,Fort Matanzas,GTMNERR,0,51.463,0,33.88,0,2.166,0,85.8,0,6.67,0,12.99,4.66,7.94,0,-78,5.88,17.666,0,6.56,0,1.2,0.96,0,3.8
1/12/2026,8:00, ,gtmfmwq_15E101700_010926_080000.bin,Fort Matanzas,GTMNERR,0,51.468,0,33.88,0,2.134,0,82.4,0,6.42,0,12.26,4.41,7.93,0,-77.7,5.87,17.602,0,11.41,0,1.194,1.32,0,5.24
1/12/2026,8:15, ,gtmfmwq_15E101700_010926_080000.bin,Fort Matanzas,GTMNERR,0,51.499,0,33.9,0,2.099,0,84.2,0,6.57,0,12.79,4.59,7.94,0,-78.1,5.88,17.488,0,4.25,0,1.188,0.76,0,3.02
1/12/2026,8:30, ,gtmfmwq_15E101700_010926_080000.bin,Fort Matanzas,GTMNERR,0,51.544,0,33.93,0,2.062,0,77.5,0,6.07,0,12.09,4.35,7.93,0,-77.5,5.86,17.318,0,2.71,0,1.199,0.43,0,1.67
1/12/2026,8:45, ,gtmfmwq_15E101700_010926_080000.bin,Fort Matanzas,GTMNERR,0,51.549,0,33.94,0,2.026,0,81.8,0,6.44,0,11.44,4.12,7.93,0,-77.8,5.87,17.023,0,2.71,0,1.204,0.61,0,2.39
1/12/2026,9:00, ,gtmfmwq_15E101700_010926_080000.bin,Fort Matanzas,GTMNERR,0,51.716,0,34.05,0,1.985,0,87.3,0,6.92,0,9.89,3.58,7.97,0,-79.8,5.87,16.578,0,2.91,0,1.189,0.59,0,2.3
1/12/2026,9:15, ,gtmfmwq_15E101700_010926_080000.bin,Fort Matanzas,GTMNERR,0,51.693,0,34.03,0,1.95,0,89.2,0,7.15,0,10.96,3.95,7.97,0,-79.7,5.87,16.009,0,3.74,0,1.205,0.62,0,2.43
1/12/2026,9:30, ,gtmfmwq_15E101700_010926_080000.bin,Fort Matanzas,GTMNERR,0,51.763,0,34.07,0,1.919,0,86.8,0,6.98,0,10.83,3.91,7.95,0,-78.7,5.86,15.881,0,4.62,0,1.199,0.46,0,1.78
1/12/2026,9:45, ,gtmfmwq_15E101700_010926_080000.bin,Fort Matanzas,GTMNERR,0,51.724,0,34.05,0,1.892,0,85.1,0,6.81,0,11.05,3.99,7.95,0,-78.3,5.86,16.173,0,4.4,0,1.196,0.39,0,1.5
1/12/2026,10:00, ,gtmfmwq_15E101700_010926_080000.bin,Fort Matanzas,GTMNERR,0,51.698,0,34.04,0,1.872,0,89.4,0,7.12,0,11.49,4.14,7.97,0,-79.5,5.87,16.366,0,3.96,0,1.194,0.5,0,1.96
1/12/2026,10:15, ,gtmfmwq_15E101700_010926_080000.bin,Fort Matanzas,GTMNERR,0,51.641,0,34,0,1.858,0,90.7,0,7.18,0,11.9,4.28,7.97,0,-79.9,5.86,16.713,0,4.52,0,1.189,0.67,0,2.64
1/12/2026,10:30, ,gtmfmwq_15E101700_010926_080000.bin,Fort Matanzas,GTMNERR,0,51.626,0,33.99,0,1.853,0,91.7,0,7.25,0,11.95,4.3,7.98,0,-80.3,5.86,16.786,0,4.6,0,1.187,0.71,0,2.8
1/12/2026,10:45, ,gtmfmwq_15E101700_010926_080000.bin,Fort Matanzas,GTMNERR,0,51.624,0,33.99,0,1.847,0,92.2,0,7.29,0,11.97,4.31,7.98,0,-80.4,5.87,16.821,0,4.48,0,1.199,0.7,0,2.76
1/12/2026,11:00, ,gtmfmwq_15E101700_010926_080000.bin,Fort Matanzas,GTMNERR,0,51.658,0,34.01,0,1.847,0,92.7,0,7.35,0,11.64,4.19,7.98,0,-80.5,5.86,16.642,0,5.03,0,1.199,0.72,0,2.84
1/12/2026,11:15, ,gtmfmwq_15E101700_010926_080000.bin,Fort Matanzas,GTMNERR,0,51.683,0,34.03,0,1.864,0,93.4,0,7.41,0,11.53,4.15,7.98,0,-80.5,5.86,16.551,0,5.1,0,1.2,0.73,0,2.9
1/12/2026,11:30, ,gtmfmwq_15E101700_010926_080000.bin,Fort Matanzas,GTMNERR,0,51.685,0,34.03,0,1.887,0,93.6,0,7.42,0,11.39,4.1,7.99,0,-80.7,5.87,16.581,0,4.99,0,1.198,0.75,0,2.96
1/12/2026,11:45, ,gtmfmwq_15E101700_010926_080000.bin,Fort Matanzas,GTMNERR,0,51.706,0,34.04,0,1.913,0,94,0,7.47,0,10.99,3.96,7.99,0,-81.1,5.86,16.452,0,5.1,0,1.194,0.69,0,2.72
1/12/2026,12:00, ,gtmfmwq_15E101700_010926_080000.bin,Fort Matanzas,GTMNERR,0,51.731,0,34.06,0,1.949,0,93.9,0,7.47,0,10.7,3.86,7.99,0,-81,5.86,16.432,0,5.07,0,1.194,0.76,0,3.02
1/12/2026,12:15, ,gtmfmwq_15E101700_010926_080000.bin,Fort Matanzas,GTMNERR,0,51.792,0,34.1,0,1.991,0,94.8,0,7.55,0,10.01,3.62,8,0,-81.8,5.86,16.348,0,5.3,0,1.194,0.86,0,3.42
1/12/2026,12:30, ,gtmfmwq_15E101700_010926_080000.bin,Fort Matanzas,GTMNERR,0,51.931,0,34.2,0,2.031,0,98.1,0,7.84,0,8.38,3.05,8.04,0,-83.8,5.85,16.164,0,4.86,0,1.193,1.13,0,4.5
1/12/2026,12:45, ,gtmfmwq_15E101700_010926_080000.bin,Fort Matanzas,GTMNERR,0,52.025,0,34.27,0,2.067,0,99.7,0,7.98,0,7.37,2.7,8.06,0,-84.8,5.85,16.061,0,4.77,0,1.192,1.09,0,4.34
1/12/2026,13:00, ,gtmfmwq_15E101700_010926_080000.bin,Fort Matanzas,GTMNERR,0,52.06,0,34.3,0,2.104,0,94.6,0,7.57,0,6.75,2.49,8.03,0,-83.4,5.86,16.054,0,5.9,0,1.196,0.43,0,1.68
1/12/2026,13:15, ,gtmfmwq_15E101700_010926_080000.bin,Fort Matanzas,GTMNERR,0,52.071,0,34.3,0,2.141,0,90.1,0,7.2,0,6.57,2.42,8.02,0,-82.6,5.85,16.063,0,4.67,0,1.198,0.64,0,2.51
1/12/2026,13:30, ,gtmfmwq_15E101700_010926_080000.bin,Fort Matanzas,GTMNERR,0,52.091,0,34.32,0,2.179,0,89,0,7.12,0,6.42,2.37,8.01,0,-82.4,5.85,16.07,0,4.85,0,1.193,0.84,0,3.34
1/12/2026,13:45, ,gtmfmwq_15E101700_010926_080000.bin,Fort Matanzas,GTMNERR,0,52.097,0,34.32,0,2.214,0,80.1,0,6.41,0,6.35,2.35,7.98,0,-80.4,5.86,16.081,0,4.72,0,1.192,0.64,0,2.52
1/12/2026,14:00, ,gtmfmwq_15E101700_010926_080000.bin,Fort Matanzas,GTMNERR,0,52.098,0,34.33,0,2.251,0,75,0,6,0,6.2,2.3,7.96,0,-79.3,5.86,16.089,0,5.58,0,1.19,0.64,0,2.52
1/12/2026,14:15, ,gtmfmwq_15E101700_010926_080000.bin,Fort Matanzas,GTMNERR,0,52.096,0,34.32,0,2.296,0,70,0,5.6,0,6.3,2.33,7.95,0,-78.5,5.85,16.095,0,4.3,0,1.194,0.81,0,3.2
1/12/2026,14:30, ,gtmfmwq_15E101700_010926_080000.bin,Fort Matanzas,GTMNERR,0,52.097,0,34.32,0,2.331,0,70.3,0,5.62,0,6.35,2.35,7.94,0,-78.2,5.85,16.097,0,4.39,0,1.201,0.35,0,1.35
1/12/2026,14:45, ,gtmfmwq_15E101700_010926_080000.bin,Fort Matanzas,GTMNERR,0,52.094,0,34.32,0,2.364,0,72,0,5.76,0,6.3,2.33,7.95,0,-78.7,5.85,16.097,0,4.43,0,1.199,0.82,0,3.24
1/12/2026,15:00, ,gtmfmwq_15E101700_010926_080000.bin,Fort Matanzas,GTMNERR,0,52.088,0,34.32,0,2.389,0,76.4,0,6.11,0,6.44,2.38,7.96,0,-79.1,5.85,16.092,0,2.26,0,1.195,0.35,0,1.35
1/12/2026,15:15, ,gtmfmwq_15E101700_010926_080000.bin,Fort Matanzas,GTMNERR,0,52.035,0,34.28,0,2.416,0,90.5,0,7.23,0,6.87,2.53,8.02,0,-82.6,5.85,16.102,0,3.86,0,1.204,0.72,0,2.84
1/12/2026,15:30, ,gtmfmwq_15E101700_010926_080000.bin,Fort Matanzas,GTMNERR,0,51.949,0,34.22,0,2.442,0,90.9,0,7.26,0,7.96,2.91,8.01,0,-82,5.86,16.18,0,3.52,0,1.189,0.83,0,3.3
1/12/2026,15:45, ,gtmfmwq_15E101700_010926_080000.bin,Fort Matanzas,GTMNERR,0,51.883,0,34.17,0,2.449,0,92.1,0,7.35,0,8.78,3.19,8.01,0,-82,5.84,16.259,0,3.54,0,1.188,1.03,0,4.09
1/12/2026,16:00, ,gtmfmwq_15E101700_010926_080000.bin,Fort Matanzas,GTMNERR,0,51.798,0,34.11,0,2.452,0,94.5,0,7.52,0,9.99,3.62,8,0,-81.6,5.85,16.368,0,4.44,0,1.204,1.01,0,4.02
1/12/2026,16:15, ,gtmfmwq_15E101700_010926_080000.bin,Fort Matanzas,GTMNERR,0,51.743,0,34.07,0,2.453,0,93.5,0,7.44,0,10.63,3.84,7.99,0,-81,5.85,16.446,0,4.4,0,1.204,0.85,0,3.35
1/12/2026,16:30, ,gtmfmwq_15E101700_010926_080000.bin,Fort Matanzas,GTMNERR,0,51.715,0,34.05,0,2.449,0,93.3,0,7.42,0,10.95,3.95,7.98,0,-80.6,5.84,16.463,0,4.52,0,1.205,0.82,0,3.24
1/12/2026,16:45, ,gtmfmwq_15E101700_010926_080000.bin,Fort Matanzas,GTMNERR,0,51.689,0,34.03,0,2.435,0,93,0,7.39,0,11.29,4.07,7.98,0,-80.3,5.85,16.507,0,4.65,0,1.194,0.85,0,3.36
1/12/2026,17:00, ,gtmfmwq_15E101700_010926_080000.bin,Fort Matanzas,GTMNERR,0,51.659,0,34.01,0,2.415,0,93.1,0,7.39,0,11.73,4.22,7.98,0,-80.2,5.85,16.59,0,4.95,0,1.19,0.94,0,3.73
1/12/2026,17:15, ,gtmfmwq_15E101700_010926_080000.bin,Fort Matanzas,GTMNERR,0,51.615,0,33.98,0,2.382,0,93.7,0,7.42,0,12.25,4.4,7.98,0,-80.3,5.85,16.662,0,4.58,0,1.205,1,0,3.99
1/12/2026,17:30, ,gtmfmwq_15E101700_010926_080000.bin,Fort Matanzas,GTMNERR,0,51.535,0,33.92,0,2.356,0,93.8,0,7.42,0,12.67,4.55,7.98,0,-80.2,5.85,16.781,0,5.02,0,1.202,0.93,0,3.67
1/12/2026,17:45, ,gtmfmwq_15E101700_010926_080000.bin,Fort Matanzas,GTMNERR,0,51.434,0,33.85,0,2.327,0,94.6,0,7.47,0,13.44,4.82,7.98,0,-80.4,5.84,16.883,0,5.5,0,1.201,0.96,0,3.82
1/12/2026,18:00, ,gtmfmwq_15E101700_010926_080000.bin,Fort Matanzas,GTMNERR,0,51.35,0,33.79,0,2.296,0,95.4,0,7.52,0,13.82,4.95,7.98,0,-80.4,5.85,16.965,0,6.44,0,1.196,1.06,0,4.22
1/12/2026,18:15, ,gtmfmwq_15E101700_010926_080000.bin,Fort Matanzas,GTMNERR,0,51.297,0,33.75,0,2.262,0,95.2,0,7.5,0,14.15,5.07,7.98,0,-80.3,5.84,17,0,7.32,0,1.193,1.05,0,4.16
1/12/2026,18:30, ,gtmfmwq_15E101700_010926_080000.bin,Fort Matanzas,GTMNERR,0,51.283,0,33.74,0,2.229,0,95.8,0,7.55,0,14.13,5.06,7.98,0,-80.5,5.84,16.997,0,6.92,0,1.192,1.09,0,4.34
1/12/2026,18:45, ,gtmfmwq_15E101700_010926_080000.bin,Fort Matanzas,GTMNERR,0,51.26,0,33.72,0,2.199,0,94.6,0,7.46,0,14.25,5.1,7.98,0,-80.4,5.85,17.001,0,7.16,0,1.199,1.02,0,4.06
1/12/2026,19:00, ,gtmfmwq_15E101700_010926_080000.bin,Fort Matanzas,GTMNERR,0,51.252,0,33.72,0,2.166,0,94.2,0,7.43,0,14.1,5.05,7.98,0,-80.3,5.84,16.965,0,5.85,0,1.199,0.92,0,3.66
1/12/2026,19:15, ,gtmfmwq_15E101700_010926_080000.bin,Fort Matanzas,GTMNERR,0,51.242,0,33.71,0,2.135,0,93,0,7.34,0,14.18,5.08,7.96,0,-79.6,5.84,16.944,0,5.41,0,1.187,0.87,0,3.43
1/12/2026,19:30, ,gtmfmwq_15E101700_010926_080000.bin,Fort Matanzas,GTMNERR,0,51.245,0,33.71,0,2.1,0,91.1,0,7.2,0,14,5.02,7.95,0,-79,5.85,16.918,0,4.93,0,1.198,0.62,0,2.44
1/12/2026,19:45, ,gtmfmwq_15E101700_010926_080000.bin,Fort Matanzas,GTMNERR,0,51.247,0,33.71,0,2.068,0,89.9,0,7.1,0,13.75,4.93,7.95,0,-78.8,5.85,16.912,0,4.33,0,1.194,0.67,0,2.65
1/12/2026,20:00, ,gtmfmwq_15E101700_010926_080000.bin,Fort Matanzas,GTMNERR,0,51.324,0,33.77,0,2.034,0,89.8,0,7.11,0,13.7,4.91,7.95,0,-78.7,5.84,16.772,0,3.45,0,1.195,0.45,0,1.75
1/12/2026,20:15, ,gtmfmwq_15E101700_010926_080000.bin,Fort Matanzas,GTMNERR,0,51.417,0,33.83,0,2,0,90.8,0,7.21,0,13.02,4.67,7.96,0,-79.3,5.84,16.586,0,2.98,0,1.193,0.68,0,2.67
1/12/2026,20:30, ,gtmfmwq_15E101700_010926_080000.bin,Fort Matanzas,GTMNERR,0,51.427,0,33.84,0,1.966,0,88.4,0,7.03,0,12.52,4.5,7.95,0,-78.6,5.85,16.528,0,2.94,0,1.193,0.45,0,1.76
1/12/2026,20:45, ,gtmfmwq_15E101700_010926_080000.bin,Fort Matanzas,GTMNERR,0,51.456,0,33.86,0,1.928,0,84,0,6.69,0,12.28,4.42,7.94,0,-78,5.83,16.454,0,4.09,0,1.19,0.38,0,1.48
1/12/2026,21:00, ,gtmfmwq_15E101700_010926_080000.bin,Fort Matanzas,GTMNERR,0,51.49,0,33.88,0,1.886,0,86.4,0,6.89,0,12.09,4.35,7.95,0,-78.6,5.84,16.336,0,2.65,0,1.199,0.46,0,1.8
1/12/2026,21:15, ,gtmfmwq_15E101700_010926_080000.bin,Fort Matanzas,GTMNERR,0,51.562,0,33.93,0,1.851,0,87.7,0,7.02,0,11.63,4.19,7.95,0,-78.8,5.85,16.169,0,2.78,0,1.198,0.44,0,1.73
1/12/2026,21:30, ,gtmfmwq_15E101700_010926_080000.bin,Fort Matanzas,GTMNERR,0,51.723,0,34.04,0,1.816,0,78.9,0,6.36,0,10.86,3.92,7.91,0,-76.2,5.83,15.772,0,3.76,0,1.198,0.33,0,1.26
1/12/2026,21:45, ,gtmfmwq_15E101700_010926_080000.bin,Fort Matanzas,GTMNERR,0,51.788,0,34.09,0,1.785,0,90.7,0,7.33,0,10.77,3.89,7.97,0,-79.9,5.83,15.611,0,4.51,0,1.201,0.65,0,2.56
1/12/2026,22:00, ,gtmfmwq_15E101700_010926_080000.bin,Fort Matanzas,GTMNERR,0,51.625,0,33.97,0,1.759,0,95.9,0,7.71,0,12.47,4.48,8,0,-81.5,5.84,15.906,0,4.49,0,1.195,0.81,0,3.21
1/12/2026,22:15, ,gtmfmwq_15E101700_010926_080000.bin,Fort Matanzas,GTMNERR,0,51.529,0,33.91,0,1.735,0,96,0,7.69,0,12.93,4.64,8,0,-81.3,5.84,16.138,0,4.44,0,1.195,0.87,0,3.46
1/12/2026,22:30, ,gtmfmwq_15E101700_010926_080000.bin,Fort Matanzas,GTMNERR,0,51.506,0,33.89,0,1.711,0,96.3,0,7.7,0,12.91,4.63,8,0,-81.3,5.83,16.195,0,4.61,0,1.198,0.93,0,3.68
1/12/2026,22:45, ,gtmfmwq_15E101700_010926_080000.bin,Fort Matanzas,GTMNERR,0,51.479,0,33.87,0,1.693,0,96.3,0,7.7,0,13.17,4.73,7.99,0,-81.2,5.83,16.232,0,4.87,0,1.195,0.94,0,3.72
1/12/2026,23:00, ,gtmfmwq_15E101700_010926_080000.bin,Fort Matanzas,GTMNERR,0,51.526,0,33.9,0,1.704,0,96.8,0,7.75,0,12.9,4.63,8,0,-81.6,5.84,16.142,0,4.85,0,1.191,0.94,0,3.73
1/12/2026,23:15, ,gtmfmwq_15E101700_010926_080000.bin,Fort Matanzas,GTMNERR,0,51.55,0,33.92,0,1.713,0,97,0,7.77,0,12.87,4.62,8,0,-81.6,5.83,16.094,0,5.02,0,1.187,0.9,0,3.57
1/12/2026,23:30, ,gtmfmwq_15E101700_010926_080000.bin,Fort Matanzas,GTMNERR,0,51.518,0,33.9,0,1.736,0,96.8,0,7.76,0,13.04,4.68,8,0,-81.5,5.83,16.085,0,5.19,0,1.192,0.95,0,3.78
1/12/2026,23:45, ,gtmfmwq_15E101700_010926_080000.bin,Fort Matanzas,GTMNERR,0,51.587,0,33.95,0,1.766,0,96.7,0,7.77,0,12.48,4.48,8,0,-81.6,5.84,15.971,0,6.7,0,1.195,0.98,0,3.9
1/13/2026,0:00, ,gtmfmwq_15E101700_010926_080000.bin,Fort Matanzas,GTMNERR,0,51.658,0,34,0,1.801,0,96.5,0,7.76,0,12.02,4.33,8.01,0,-81.9,5.83,15.902,0,6.35,0,1.193,0.96,0,3.79
1/13/2026,0:15, ,gtmfmwq_15E101700_010926_080000.bin,Fort Matanzas,GTMNERR,0,51.906,0,34.18,0,1.834,0,99.1,0,7.97,0,9.13,3.32,8.07,0,-85.2,5.83,15.848,0,7.27,0,1.202,1.76,0,7.03
1/13/2026,0:30, ,gtmfmwq_15E101700_010926_080000.bin,Fort Matanzas,GTMNERR,0,51.977,0,34.23,0,1.878,0,100.3,0,8.06,0,8.19,2.99,8.08,0,-86.3,5.83,15.879,0,6.68,0,1.193,2.31,0,9.26
1/13/2026,0:45, ,gtmfmwq_15E101700_010926_080000.bin,Fort Matanzas,GTMNERR,0,52.054,0,34.29,0,1.918,0,101.4,0,8.12,0,6.99,2.57,8.11,0,-87.8,5.82,16.007,0,9.23,0,1.195,4.31,0,17.3
1/13/2026,1:00, ,gtmfmwq_15E101700_010926_080000.bin,Fort Matanzas,GTMNERR,0,52.049,0,34.29,0,1.968,0,100.9,0,8.08,0,7.05,2.59,8.1,0,-87.4,5.82,15.996,0,6.82,0,1.195,6.18,0,24.84
1/13/2026,1:15, ,gtmfmwq_15E101700_010926_080000.bin,Fort Matanzas,GTMNERR,0,52.029,0,34.27,0,2.026,0,100.3,0,8.04,0,7.29,2.67,8.1,0,-87.1,5.83,15.973,0,7.75,0,1.207,1.86,0,7.46
1/13/2026,1:30, ,gtmfmwq_15E101700_010926_080000.bin,Fort Matanzas,GTMNERR,0,52.025,0,34.27,0,2.076,0,100,0,8.02,0,7.4,2.71,8.09,0,-87,5.82,15.959,0,8.18,0,1.201,2.46,0,9.86
1/13/2026,1:45, ,gtmfmwq_15E101700_010926_080000.bin,Fort Matanzas,GTMNERR,0,52.009,0,34.26,0,2.135,0,99.9,0,8.01,0,7.26,2.66,8.09,0,-86.7,5.82,15.949,0,5.01,0,1.195,1.87,0,7.47
1/13/2026,2:00, ,gtmfmwq_15E101700_010926_080000.bin,Fort Matanzas,GTMNERR,0,51.985,0,34.24,0,2.187,0,99.1,0,7.95,0,7.74,2.83,8.08,0,-86.2,5.83,15.933,0,4.63,0,1.192,1.45,0,5.79
1/13/2026,2:15, ,gtmfmwq_15E101700_010926_080000.bin,Fort Matanzas,GTMNERR,0,51.966,0,34.22,0,2.239,0,98.6,0,7.91,0,7.76,2.84,8.07,0,-85.7,5.82,15.911,0,4,0,1.195,3.04,0,12.21
1/13/2026,2:30, ,gtmfmwq_15E101700_010926_080000.bin,Fort Matanzas,GTMNERR,0,51.95,0,34.21,0,2.287,0,97.7,0,7.85,0,7.98,2.91,8.07,0,-85.4,5.82,15.897,0,4.02,0,1.2,1.5,0,6
1/13/2026,2:45, ,gtmfmwq_15E101700_010926_080000.bin,Fort Matanzas,GTMNERR,0,51.942,0,34.21,0,2.336,0,96.3,0,7.74,0,8.01,2.93,8.06,0,-84.8,5.82,15.884,0,4.59,0,1.188,1.69,0,6.75
1/13/2026,3:00, ,gtmfmwq_15E101700_010926_080000.bin,Fort Matanzas,GTMNERR,0,51.931,0,34.2,0,2.392,0,96.2,0,7.73,0,8.09,2.95,8.05,0,-84.6,5.82,15.868,0,3.81,0,1.192,2.38,0,9.55
1/13/2026,3:15, ,gtmfmwq_15E101700_010926_080000.bin,Fort Matanzas,GTMNERR,0,51.926,0,34.19,0,2.443,0,92.9,0,7.47,0,8.03,2.93,8.04,0,-83.6,5.82,15.863,0,4.03,0,1.196,1.05,0,4.19
1/13/2026,3:30, ,gtmfmwq_15E101700_010926_080000.bin,Fort Matanzas,GTMNERR,0,51.926,0,34.19,0,2.489,0,88.9,0,7.14,0,8.08,2.95,8.02,0,-82.4,5.82,15.85,0,3.68,0,1.19,0.81,0,3.22
1/13/2026,3:45, ,gtmfmwq_15E101700_010926_080000.bin,Fort Matanzas,GTMNERR,0,51.965,0,34.22,0,2.533,0,76.8,0,6.18,0,7.66,2.8,7.98,0,-80.1,5.82,15.791,0,3.76,0,1.205,0.56,0,2.2
1/13/2026,4:00, ,gtmfmwq_15E101700_010926_080000.bin,Fort Matanzas,GTMNERR,0,51.992,0,34.24,0,2.567,0,85.6,0,6.89,0,7.84,2.87,8,0,-81.7,5.82,15.762,0,2.88,0,1.204,1.69,0,6.77
1/13/2026,4:15, ,gtmfmwq_15E101700_010926_080000.bin,Fort Matanzas,GTMNERR,0,51.987,0,34.24,0,2.596,0,83.7,0,6.74,0,7.44,2.73,8.03,0,-83.4,5.82,15.763,0,3.13,0,1.206,0.71,0,2.78
1/13/2026,4:30, ,gtmfmwq_15E101700_010926_080000.bin,Fort Matanzas,GTMNERR,0,51.976,0,34.23,0,2.621,0,91.9,0,7.39,0,7.54,2.76,8.05,0,-84.4,5.82,15.828,0,4.39,0,1.198,1.41,0,5.64
1/13/2026,4:45, ,gtmfmwq_15E101700_010926_080000.bin,Fort Matanzas,GTMNERR,0,51.993,0,34.24,0,2.639,0,91.6,0,7.36,0,7.57,2.77,8.06,0,-84.7,5.81,15.846,0,9.53,0,1.188,1.22,0,4.85
1/13/2026,5:00, ,gtmfmwq_15E101700_010926_080000.bin,Fort Matanzas,GTMNERR,0,52.017,0,34.26,0,2.645,0,95.2,0,7.65,0,7.48,2.74,8.07,0,-85.5,5.82,15.848,0,4.99,0,1.198,1.21,0,4.8
1/13/2026,5:15, ,gtmfmwq_15E101700_010926_080000.bin,Fort Matanzas,GTMNERR,0,52.022,0,34.26,0,2.648,0,94.8,0,7.62,0,7.44,2.73,8.07,0,-85.5,5.82,15.859,0,4.46,0,1.201,1.28,0,5.09
1/13/2026,5:30, ,gtmfmwq_15E101700_010926_080000.bin,Fort Matanzas,GTMNERR,0,51.892,0,34.17,0,2.643,0,97.1,0,7.82,0,8.81,3.21,8.06,0,-85.1,5.82,15.799,0,5.78,0,1.187,1.76,0,7.04
1/13/2026,5:45, ,gtmfmwq_15E101700_010926_080000.bin,Fort Matanzas,GTMNERR,0,51.767,0,34.08,0,2.626,0,96,0,7.73,0,10.45,3.78,8.04,0,-83.5,5.81,15.785,0,5.42,0,1.187,1.2,0,4.79
1/13/2026,6:00, ,gtmfmwq_15E101700_010926_080000.bin,Fort Matanzas,GTMNERR,0,51.656,0,33.99,0,2.592,0,95.7,0,7.72,0,11.9,4.28,8.02,0,-82.4,5.81,15.764,0,6.39,0,1.204,1.33,0,5.29
1/13/2026,6:15, ,gtmfmwq_15E101700_010926_080000.bin,Fort Matanzas,GTMNERR,0,51.5,0,33.88,0,2.554,0,95.1,0,7.67,0,13.22,4.74,8,0,-81.4,5.82,15.795,0,6.45,0,1.197,1.11,0,4.42
1/13/2026,6:30, ,gtmfmwq_15E101700_010926_080000.bin,Fort Matanzas,GTMNERR,0,51.37,0,33.79,0,2.514,0,94.7,0,7.63,0,14.04,5.03,7.99,0,-80.9,5.81,15.885,0,6.42,0,1.192,0.96,0,3.82
1/13/2026,6:45, ,gtmfmwq_15E101700_010926_080000.bin,Fort Matanzas,GTMNERR,0,51.248,0,33.7,0,2.472,0,94.4,0,7.59,0,14.59,5.22,7.99,0,-80.6,5.81,15.957,0,7.11,0,1.196,1.08,0,4.3
1/13/2026,7:00, ,gtmfmwq_15E101700_010926_080000.bin,Fort Matanzas,GTMNERR,0,51.113,0,33.6,0,2.426,0,93.5,0,7.52,0,15.27,5.46,7.98,0,-80.1,5.82,16.017,0,7.77,0,1.2,0.96,0,3.81
1/13/2026,7:15, ,gtmfmwq_15E101700_010926_080000.bin,Fort Matanzas,GTMNERR,0,51.053,0,33.56,0,2.376,0,93.1,0,7.49,0,15.38,5.5,7.97,0,-79.8,5.81,16.029,0,7.37,0,1.193,0.92,0,3.64
1/13/2026,7:30, ,gtmfmwq_15E101700_010926_080000.bin,Fort Matanzas,GTMNERR,0,51.023,0,33.53,0,2.325,0,93.3,0,7.5,0,15.53,5.55,7.97,0,-79.7,5.81,16.026,0,6.49,0,1.2,0.88,0,3.49
1/13/2026,7:45, ,gtmfmwq_15E101700_010926_080000.bin,Fort Matanzas,GTMNERR,0,51.01,0,33.52,0,2.28,0,90.7,0,7.29,0,15.49,5.54,7.96,0,-78.9,5.82,16.034,0,6.38,0,1.194,0.79,0,3.14
1/13/2026,8:00, ,gtmfmwq_15E101700_010926_080000.bin,Fort Matanzas,GTMNERR,0,51.031,0,33.54,0,2.234,0,91.3,0,7.35,0,15.21,5.44,7.96,0,-79.4,5.81,15.998,0,6.06,0,1.19,0.72,0,2.85
1/13/2026,8:15, ,gtmfmwq_15E101700_010926_080000.bin,Fort Matanzas,GTMNERR,0,51.087,0,33.58,0,2.192,0,92.4,0,7.44,0,15.11,5.4,7.97,0,-79.5,5.81,15.956,0,6.4,0,1.197,0.8,0,3.17
1/13/2026,8:30, ,gtmfmwq_15E101700_010926_080000.bin,Fort Matanzas,GTMNERR,0,51.038,0,33.54,0,2.15,0,91,0,7.33,0,15.06,5.39,7.96,0,-79.4,5.81,15.974,0,5.47,0,1.196,0.64,0,2.53
1/13/2026,8:45, ,gtmfmwq_15E101700_010926_080000.bin,Fort Matanzas,GTMNERR,0,51.336,0,33.76,0,2.109,0,85,0,6.87,0,12.95,4.65,7.94,0,-78,5.82,15.735,0,3.77,0,1.188,0.6,0,2.34
1/13/2026,9:00, ,gtmfmwq_15E101700_010926_080000.bin,Fort Matanzas,GTMNERR,0,51.526,0,33.89,0,2.069,0,89.3,0,7.22,0,11.93,4.29,7.98,0,-80.2,5.81,15.642,0,2.7,0,1.197,0.67,0,2.62
1/13/2026,9:15, ,gtmfmwq_15E101700_010926_080000.bin,Fort Matanzas,GTMNERR,0,51.52,0,33.89,0,2.028,0,91.3,0,7.38,0,12.02,4.32,7.98,0,-80.3,5.81,15.679,0,5.62,0,1.19,0.44,0,1.7
1/13/2026,9:30, ,gtmfmwq_15E101700_010926_080000.bin,Fort Matanzas,GTMNERR,0,51.585,0,33.94,0,1.985,0,89.9,0,7.27,0,11.62,4.19,7.98,0,-80.2,5.82,15.646,0,5.04,0,1.194,0.88,0,3.49
1/13/2026,9:45, ,gtmfmwq_15E101700_010926_080000.bin,Fort Matanzas,GTMNERR,0,51.413,0,33.81,0,1.941,0,89.5,0,7.26,0,12.97,4.66,7.96,0,-79.3,5.8,15.559,0,3.89,0,1.203,0.53,0,2.07
1/13/2026,10:00, ,gtmfmwq_15E101700_010926_080000.bin,Fort Matanzas,GTMNERR,0,51.364,0,33.78,0,1.902,0,92.4,0,7.48,0,13.7,4.91,7.97,0,-79.8,5.81,15.608,0,3.87,0,1.195,0.67,0,2.64
1/13/2026,10:15, ,gtmfmwq_15E101700_010926_080000.bin,Fort Matanzas,GTMNERR,0,51.358,0,33.77,0,1.86,0,92.3,0,7.47,0,13.66,4.9,7.97,0,-79.8,5.81,15.648,0,3.94,0,1.188,0.64,0,2.54
1/13/2026,10:30, ,gtmfmwq_15E101700_010926_080000.bin,Fort Matanzas,GTMNERR,0,51.35,0,33.76,0,1.829,0,92.2,0,7.47,0,14.03,5.03,7.97,0,-79.8,5.8,15.586,0,4.53,0,1.195,0.59,0,2.31
1/13/2026,10:45, ,gtmfmwq_15E101700_010926_080000.bin,Fort Matanzas,GTMNERR,0,51.273,0,33.71,0,1.797,0,93.1,0,7.53,0,14.33,5.13,7.97,0,-79.9,5.8,15.718,0,4.5,0,1.195,0.6,0,2.38
1/13/2026,11:00, ,gtmfmwq_15E101700_010926_080000.bin,Fort Matanzas,GTMNERR,0,51.342,0,33.76,0,1.763,0,93,0,7.53,0,14.16,5.07,7.98,0,-80.1,5.81,15.58,0,4.45,0,1.188,0.56,0,2.2
1/13/2026,11:15, ,gtmfmwq_15E101700_010926_080000.bin,Fort Matanzas,GTMNERR,0,51.389,0,33.79,0,1.735,0,93.9,0,7.59,0,13.88,4.97,7.98,0,-80.3,5.81,15.657,0,4.31,0,1.194,0.59,0,2.32
1/13/2026,11:30, ,gtmfmwq_15E101700_010926_080000.bin,Fort Matanzas,GTMNERR,0,51.383,0,33.79,0,1.71,0,94,0,7.6,0,13.63,4.89,7.98,0,-80.3,5.8,15.693,0,4.25,0,1.193,0.6,0,2.35
1/13/2026,11:45, ,gtmfmwq_15E101700_010926_080000.bin,Fort Matanzas,GTMNERR,0,51.456,0,33.85,0,1.695,0,94.5,0,7.63,0,13.01,4.67,7.98,0,-80.5,5.8,15.729,0,4.16,0,1.199,0.56,0,2.21
1/13/2026,12:00, ,gtmfmwq_15E101700_010926_080000.bin,Fort Matanzas,GTMNERR,0,51.468,0,33.86,0,1.695,0,95.4,0,7.69,0,12.59,4.52,7.99,0,-80.7,5.81,15.793,0,4.35,0,1.2,0.51,0,1.98
1/13/2026,12:15, ,gtmfmwq_15E101700_010926_080000.bin,Fort Matanzas,GTMNERR,0,51.55,0,33.92,0,1.692,0,96.1,0,7.75,0,11.92,4.29,7.99,0,-81.1,5.8,15.785,0,4.09,0,1.207,0.52,0,2.05
1/13/2026,12:30, ,gtmfmwq_15E101700_010926_080000.bin,Fort Matanzas,GTMNERR,0,51.584,0,33.94,0,1.712,0,97.3,0,7.84,0,11.7,4.21,8,0,-81.4,5.8,15.837,0,4.36,0,1.199,0.53,0,2.08
1/13/2026,12:45, ,gtmfmwq_15E101700_010926_080000.bin,Fort Matanzas,GTMNERR,0,51.695,0,34.02,0,1.739,0,98.2,0,7.91,0,11,3.97,8.01,0,-82.2,5.8,15.794,0,6.23,0,1.193,0.68,0,2.7
1/13/2026,13:00, ,gtmfmwq_15E101700_010926_080000.bin,Fort Matanzas,GTMNERR,0,52.029,0,34.27,0,1.763,0,104.6,0,8.4,0,7.68,2.81,8.08,0,-86.1,5.79,15.925,0,8.26,0,1.199,0.93,0,3.69
1/13/2026,13:15, ,gtmfmwq_15E101700_010926_080000.bin,Fort Matanzas,GTMNERR,0,52.084,0,34.31,0,1.793,0,105.7,0,8.48,0,6.94,2.55,8.1,0,-87,5.8,15.917,0,8.35,0,1.196,1.41,0,5.62
1/13/2026,13:30, ,gtmfmwq_15E101700_010926_080000.bin,Fort Matanzas,GTMNERR,0,52.094,0,34.32,0,1.835,0,106.4,0,8.53,0,6.53,2.41,8.1,0,-87.5,5.81,15.943,0,10.03,0,1.2,1.99,0,7.97
1/13/2026,13:45, ,gtmfmwq_15E101700_010926_080000.bin,Fort Matanzas,GTMNERR,0,52.101,0,34.32,0,1.872,0,106.1,0,8.51,0,6.58,2.43,8.11,0,-87.6,5.79,15.955,0,10.33,0,1.198,2.3,0,9.23
1/13/2026,14:00, ,gtmfmwq_15E101700_010926_080000.bin,Fort Matanzas,GTMNERR,0,52.106,0,34.33,0,1.91,0,106.1,0,8.5,0,6.38,2.36,8.1,0,-87.6,5.8,15.987,0,7.49,0,1.192,3.16,0,12.66
1/13/2026,14:15, ,gtmfmwq_15E101700_010926_080000.bin,Fort Matanzas,GTMNERR,0,52.109,0,34.33,0,1.944,0,106.1,0,8.5,0,6.29,2.33,8.1,0,-87.6,5.8,16.025,0,6.3,0,1.196,1.38,0,5.52
1/13/2026,14:30, ,gtmfmwq_15E101700_010926_080000.bin,Fort Matanzas,GTMNERR,0,52.11,0,34.33,0,1.989,0,105.9,0,8.48,0,6.22,2.3,8.1,0,-87.4,5.79,16.046,0,6.03,0,1.205,0.96,0,3.81
1/13/2026,14:45, ,gtmfmwq_15E101700_010926_080000.bin,Fort Matanzas,GTMNERR,0,52.11,0,34.33,0,2.027,0,105.6,0,8.45,0,6.09,2.25,8.1,0,-87.4,5.8,16.03,0,5.74,0,1.201,1.33,0,5.32
1/13/2026,15:00, ,gtmfmwq_15E101700_010926_080000.bin,Fort Matanzas,GTMNERR,0,52.111,0,34.33,0,2.056,0,106.3,0,8.51,0,6,2.23,8.1,0,-87.5,5.8,16.03,0,4.72,0,1.193,4.25,0,17.07
1/13/2026,15:15, ,gtmfmwq_15E101700_010926_080000.bin,Fort Matanzas,GTMNERR,0,52.112,0,34.33,0,2.09,0,103.5,0,8.29,0,5.96,2.21,8.09,0,-86.9,5.8,16.023,0,4.55,0,1.19,0.98,0,3.87
1/13/2026,15:30, ,gtmfmwq_15E101700_010926_080000.bin,Fort Matanzas,GTMNERR,0,52.112,0,34.33,0,2.118,0,94.4,0,7.56,0,5.72,2.13,8.05,0,-84.6,5.79,16.025,0,4.55,0,1.205,0.82,0,3.25
1/13/2026,15:45, ,gtmfmwq_15E101700_010926_080000.bin,Fort Matanzas,GTMNERR,0,52.115,0,34.34,0,2.144,0,76.8,0,6.15,0,5.94,2.2,7.98,0,-80.6,5.79,16.029,0,5.11,0,1.194,0.5,0,1.96
1/13/2026,16:00, ,gtmfmwq_15E101700_010926_080000.bin,Fort Matanzas,GTMNERR,0,52.113,0,34.34,0,2.173,0,73.8,0,5.91,0,6.19,2.29,7.98,0,-80.3,5.8,16.026,0,3.72,0,1.2,0.73,0,2.88
1/13/2026,16:15, ,gtmfmwq_15E101700_010926_080000.bin,Fort Matanzas,GTMNERR,0,52.113,0,34.34,0,2.207,0,87.7,0,7.02,0,6.09,2.26,8.02,0,-82.7,5.79,16.025,0,5.12,0,1.192,0.32,0,1.23
1/13/2026,16:30, ,gtmfmwq_15E101700_010926_080000.bin,Fort Matanzas,GTMNERR,0,52.111,0,34.33,0,2.227,0,94.2,0,7.54,0,5.96,2.21,8.05,0,-84.5,5.79,16.025,0,4.45,0,1.196,0.37,0,1.43
1/13/2026,16:45, ,gtmfmwq_15E101700_010926_080000.bin,Fort Matanzas,GTMNERR,0,52.106,0,34.33,0,2.246,0,97.7,0,7.82,0,5.97,2.21,8.05,0,-84.7,5.8,16.037,0,2.92,0,1.197,0.59,0,2.34
1/13/2026,17:00, ,gtmfmwq_15E101700_010926_080000.bin,Fort Matanzas,GTMNERR,0,52.099,0,34.32,0,2.258,0,99.2,0,7.94,0,6.17,2.28,8.07,0,-85.3,5.79,16.039,0,4.38,0,1.199,0.78,0,3.09
1/13/2026,17:15, ,gtmfmwq_15E101700_010926_080000.bin,Fort Matanzas,GTMNERR,0,52.093,0,34.32,0,2.267,0,99.5,0,7.97,0,6.09,2.26,8.07,0,-85.6,5.79,16.024,0,3.83,0,1.195,0.93,0,3.69
1/13/2026,17:30, ,gtmfmwq_15E101700_010926_080000.bin,Fort Matanzas,GTMNERR,0,52.063,0,34.3,0,2.262,0,101.6,0,8.14,0,6.31,2.33,8.07,0,-85.8,5.79,15.996,0,3.88,0,1.199,0.9,0,3.56
1/13/2026,17:45, ,gtmfmwq_15E101700_010926_080000.bin,Fort Matanzas,GTMNERR,0,52.003,0,34.25,0,2.243,0,102.9,0,8.25,0,7.08,2.6,8.07,0,-85.8,5.8,15.984,0,4.49,0,1.198,1.07,0,4.27
1/13/2026,18:00, ,gtmfmwq_15E101700_010926_080000.bin,Fort Matanzas,GTMNERR,0,51.884,0,34.16,0,2.236,0,101.1,0,8.11,0,8.24,3,8.06,0,-84.7,5.79,15.97,0,4.8,0,1.199,1.54,0,6.15
1/13/2026,18:15, ,gtmfmwq_15E101700_010926_080000.bin,Fort Matanzas,GTMNERR,0,51.773,0,34.08,0,2.22,0,98.9,0,7.94,0,9.27,3.37,8.03,0,-83.2,5.79,15.951,0,4.47,0,1.204,0.95,0,3.77
1/13/2026,18:30, ,gtmfmwq_15E101700_010926_080000.bin,Fort Matanzas,GTMNERR,0,51.68,0,34.01,0,2.197,0,98,0,7.88,0,10.25,3.71,8.01,0,-82.3,5.79,15.933,0,4.94,0,1.201,1.22,0,4.84
1/13/2026,18:45, ,gtmfmwq_15E101700_010926_080000.bin,Fort Matanzas,GTMNERR,0,51.599,0,33.95,0,2.173,0,97.6,0,7.84,0,11.05,3.99,8,0,-81.7,5.78,15.936,0,4.87,0,1.194,1.13,0,4.48
1/13/2026,19:00, ,gtmfmwq_15E101700_010926_080000.bin,Fort Matanzas,GTMNERR,0,51.492,0,33.88,0,2.139,0,96.4,0,7.75,0,11.75,4.23,7.99,0,-80.8,5.79,15.949,0,4.78,0,1.188,0.99,0,3.93
1/13/2026,19:15, ,gtmfmwq_15E101700_010926_080000.bin,Fort Matanzas,GTMNERR,0,51.42,0,33.82,0,2.097,0,96.7,0,7.77,0,12.27,4.41,7.98,0,-80.5,5.79,16.005,0,5.16,0,1.19,1.1,0,4.36
1/13/2026,19:30, ,gtmfmwq_15E101700_010926_080000.bin,Fort Matanzas,GTMNERR,0,51.38,0,33.8,0,2.062,0,97,0,7.79,0,12.6,4.53,7.99,0,-80.7,5.78,16.053,0,5.76,0,1.2,1.05,0,4.17
1/13/2026,19:45, ,gtmfmwq_15E101700_010926_080000.bin,Fort Matanzas,GTMNERR,0,51.342,0,33.77,0,2.025,0,97,0,7.78,0,12.69,4.56,7.98,0,-80.6,5.79,16.112,0,4.48,0,1.189,1.12,0,4.44
1/13/2026,20:00, ,gtmfmwq_15E101700_010926_080000.bin,Fort Matanzas,GTMNERR,0,51.318,0,33.75,0,1.99,0,97.6,0,7.82,0,12.6,4.53,7.99,0,-80.9,5.79,16.156,0,4.05,0,1.202,0.89,0,3.54
1/13/2026,20:15, ,gtmfmwq_15E101700_010926_080000.bin,Fort Matanzas,GTMNERR,0,51.364,0,33.79,0,1.953,0,97.3,0,7.8,0,12.61,4.53,7.99,0,-80.9,5.79,16.151,0,3.92,0,1.197,0.91,0,3.61
1/13/2026,20:30, ,gtmfmwq_15E101700_010926_080000.bin,Fort Matanzas,GTMNERR,0,51.388,0,33.8,0,1.91,0,96.1,0,7.7,0,12.33,4.43,7.98,0,-80.6,5.79,16.151,0,2.37,0,1.188,0.81,0,3.19
1/13/2026,20:45, ,gtmfmwq_15E101700_010926_080000.bin,Fort Matanzas,GTMNERR,0,51.63,0,33.98,0,1.869,0,97,0,7.77,0,10.53,3.8,8.01,0,-82.3,5.78,16.065,0,3.24,0,1.193,0.73,0,2.86
1/13/2026,21:00, ,gtmfmwq_15E101700_010926_080000.bin,Fort Matanzas,GTMNERR,0,51.901,0,34.18,0,1.825,0,96.3,0,7.73,0,7.98,2.92,8.03,0,-83.4,5.79,15.94,0,3.32,0,1.197,0.5,0,1.94
1/13/2026,21:15, ,gtmfmwq_15E101700_010926_080000.bin,Fort Matanzas,GTMNERR,0,51.666,0,34.01,0,1.788,0,95.9,0,7.68,0,10.68,3.86,8.01,0,-81.9,5.78,16.16,0,3.57,0,1.191,0.54,0,2.12
1/13/2026,21:30, ,gtmfmwq_15E101700_010926_080000.bin,Fort Matanzas,GTMNERR,0,51.522,0,33.9,0,1.745,0,97.5,0,7.8,0,11.25,4.06,8,0,-81.8,5.78,16.217,0,3.66,0,1.202,0.72,0,2.84
1/13/2026,21:45, ,gtmfmwq_15E101700_010926_080000.bin,Fort Matanzas,GTMNERR,0,51.512,0,33.9,0,1.705,0,98.8,0,7.9,0,11.59,4.18,8.01,0,-81.9,5.79,16.236,0,4.19,0,1.199,0.88,0,3.47
1/13/2026,22:00, ,gtmfmwq_15E101700_010926_080000.bin,Fort Matanzas,GTMNERR,0,51.542,0,33.92,0,1.664,0,99.3,0,7.93,0,11.71,4.22,8.01,0,-82.2,5.78,16.27,0,3.71,0,1.196,0.86,0,3.42
1/13/2026,22:15, ,gtmfmwq_15E101700_010926_080000.bin,Fort Matanzas,GTMNERR,0,51.518,0,33.9,0,1.625,0,98.7,0,7.9,0,11.84,4.26,8.01,0,-82,5.78,16.188,0,3.89,0,1.19,0.88,0,3.49
1/13/2026,22:30, ,gtmfmwq_15E101700_010926_080000.bin,Fort Matanzas,GTMNERR,0,51.456,0,33.85,0,1.592,0,98.3,0,7.89,0,11.95,4.3,8,0,-81.5,5.79,16.082,0,3.82,0,1.197,1.01,0,3.99
1/13/2026,22:45, ,gtmfmwq_15E101700_010926_080000.bin,Fort Matanzas,GTMNERR,0,51.563,0,33.93,0,1.559,0,99.1,0,7.93,0,11.64,4.19,8.01,0,-82.2,5.77,16.167,0,4.34,0,1.204,0.98,0,3.89
1/13/2026,23:00, ,gtmfmwq_15E101700_010926_080000.bin,Fort Matanzas,GTMNERR,0,51.566,0,33.93,0,1.534,0,98.8,0,7.91,0,11.58,4.17,8.01,0,-82.2,5.78,16.136,0,3.57,0,1.2,0.93,0,3.7
1/13/2026,23:15, ,gtmfmwq_15E101700_010926_080000.bin,Fort Matanzas,GTMNERR,0,51.662,0,34,0,1.516,0,97.7,0,7.83,0,11.16,4.02,8.01,0,-82.1,5.78,16.118,0,4.36,0,1.193,0.83,0,3.3
1/13/2026,23:30, ,gtmfmwq_15E101700_010926_080000.bin,Fort Matanzas,GTMNERR,0,51.686,0,34.02,0,1.497,0,99.1,0,7.93,0,10.76,3.89,8.02,0,-82.7,5.77,16.117,0,3.94,0,1.188,0.9,0,3.57
1/13/2026,23:45, ,gtmfmwq_15E101700_010926_080000.bin,Fort Matanzas,GTMNERR,0,51.733,0,34.06,0,1.504,0,98.4,0,7.87,0,10.56,3.82,8.02,0,-82.8,5.78,16.178,0,4.73,0,1.195,0.85,0,3.37
1/14/2026,0:00, ,gtmfmwq_15E101700_010926_080000.bin,Fort Matanzas,GTMNERR,0,51.704,0,34.04,0,1.512,0,98.1,0,7.85,0,10.78,3.89,8.02,0,-82.6,5.78,16.117,0,4.58,0,1.195,0.96,0,3.83
1/14/2026,0:15, ,gtmfmwq_15E101700_010926_080000.bin,Fort Matanzas,GTMNERR,0,51.9,0,34.18,0,1.532,0,100.2,0,8.01,0,8.91,3.24,8.07,0,-85.4,5.78,16.132,0,6.71,0,1.189,3.33,0,13.38
1/14/2026,0:30, ,gtmfmwq_15E101700_010926_080000.bin,Fort Matanzas,GTMNERR,0,51.936,0,34.21,0,1.563,0,102.7,0,8.21,0,7.66,2.8,8.1,0,-87.3,5.78,16.134,0,8.41,0,1.199,2.2,0,8.81
1/14/2026,0:45, ,gtmfmwq_15E101700_010926_080000.bin,Fort Matanzas,GTMNERR,0,51.951,0,34.22,0,1.604,0,103.4,0,8.26,0,7.22,2.65,8.11,0,-87.7,5.77,16.146,0,7.79,0,1.192,1.76,0,7.03
1/14/2026,1:00, ,gtmfmwq_15E101700_010926_080000.bin,Fort Matanzas,GTMNERR,0,51.951,0,34.22,0,1.639,0,104.1,0,8.33,0,7.19,2.64,8.11,0,-87.9,5.78,16.135,0,9.32,0,1.188,2.21,0,8.84
1/14/2026,1:15, ,gtmfmwq_15E101700_010926_080000.bin,Fort Matanzas,GTMNERR,0,51.997,0,34.25,0,1.687,0,104.2,0,8.34,0,7.09,2.6,8.1,0,-87.3,5.77,16.067,0,10.9,0,1.192,2.55,0,10.2
1/14/2026,1:30, ,gtmfmwq_15E101700_010926_080000.bin,Fort Matanzas,GTMNERR,0,51.968,0,34.23,0,1.738,0,103.7,0,8.29,0,7.01,2.58,8.1,0,-87.5,5.77,16.1,0,8.5,0,1.195,1.67,0,6.68
1/14/2026,1:45, ,gtmfmwq_15E101700_010926_080000.bin,Fort Matanzas,GTMNERR,0,51.954,0,34.22,0,1.789,0,103.3,0,8.26,0,7.08,2.6,8.1,0,-87.5,5.78,16.111,0,7.36,0,1.191,3.04,0,12.21
1/14/2026,2:00, ,gtmfmwq_15E101700_010926_080000.bin,Fort Matanzas,GTMNERR,0,51.954,0,34.22,0,1.852,0,103,0,8.24,0,7.07,2.6,8.1,0,-87.4,5.77,16.113,0,6.58,0,1.199,2,0,8.02
1/14/2026,2:15, ,gtmfmwq_15E101700_010926_080000.bin,Fort Matanzas,GTMNERR,0,51.946,0,34.21,0,1.909,0,103,0,8.23,0,6.78,2.5,8.1,0,-87.5,5.77,16.129,0,5.55,0,1.201,2.21,0,8.83
1/14/2026,2:30, ,gtmfmwq_15E101700_010926_080000.bin,Fort Matanzas,GTMNERR,0,51.933,0,34.2,0,1.967,0,102.1,0,8.17,0,7.11,2.61,8.1,0,-87.1,5.77,16.133,0,6.42,0,1.201,2.07,0,8.31
1/14/2026,2:45, ,gtmfmwq_15E101700_010926_080000.bin,Fort Matanzas,GTMNERR,0,51.926,0,34.2,0,2.021,0,101.6,0,8.12,0,6.99,2.57,8.09,0,-86.7,5.78,16.124,0,5.13,0,1.202,2.11,0,8.45
1/14/2026,3:00, ,gtmfmwq_15E101700_010926_080000.bin,Fort Matanzas,GTMNERR,0,51.926,0,34.2,0,2.083,0,101.6,0,8.12,0,6.99,2.57,8.09,0,-86.8,5.77,16.122,0,4.51,0,1.204,2.84,0,11.4
1/14/2026,3:15, ,gtmfmwq_15E101700_010926_080000.bin,Fort Matanzas,GTMNERR,0,51.926,0,34.2,0,2.149,0,100.9,0,8.07,0,6.95,2.56,8.09,0,-86.6,5.77,16.12,0,4.5,0,1.199,1.22,0,4.87
1/14/2026,3:30, ,gtmfmwq_15E101700_010926_080000.bin,Fort Matanzas,GTMNERR,0,51.923,0,34.2,0,2.204,0,100.4,0,8.03,0,6.73,2.48,8.08,0,-86.4,5.78,16.11,0,4.16,0,1.195,1.68,0,6.72
1/14/2026,3:45, ,gtmfmwq_15E101700_010926_080000.bin,Fort Matanzas,GTMNERR,0,51.924,0,34.2,0,2.264,0,98.1,0,7.85,0,6.9,2.54,8.08,0,-85.9,5.76,16.094,0,3.76,0,1.199,1.2,0,4.8
1/14/2026,4:00, ,gtmfmwq_15E101700_010926_080000.bin,Fort Matanzas,GTMNERR,0,51.926,0,34.2,0,2.317,0,93.7,0,7.5,0,6.8,2.5,8.05,0,-84.5,5.77,16.088,0,4.26,0,1.196,4.46,0,17.92
1/14/2026,4:15, ,gtmfmwq_15E101700_010926_080000.bin,Fort Matanzas,GTMNERR,0,51.926,0,34.2,0,2.368,0,78.6,0,6.29,0,6.67,2.46,7.98,0,-80.6,5.77,16.09,0,4.22,0,1.199,1.18,0,4.7
1/14/2026,4:30, ,gtmfmwq_15E101700_010926_080000.bin,Fort Matanzas,GTMNERR,0,51.932,0,34.2,0,2.413,0,78.6,0,6.29,0,6.61,2.44,8,0,-81.4,5.76,16.082,0,4.85,0,1.205,1.17,0,4.64
1/14/2026,4:45, ,gtmfmwq_15E101700_010926_080000.bin,Fort Matanzas,GTMNERR,0,51.938,0,34.21,0,2.457,0,77.9,0,6.23,0,6.8,2.5,8,0,-81.2,5.77,16.082,0,6.5,0,1.194,1.09,0,4.35
1/14/2026,5:00, ,gtmfmwq_15E101700_010926_080000.bin,Fort Matanzas,GTMNERR,0,51.945,0,34.21,0,2.491,0,88.8,0,7.11,0,6.43,2.37,8.03,0,-83.2,5.77,16.079,0,4.1,0,1.193,0.95,0,3.75
1/14/2026,5:15, ,gtmfmwq_15E101700_010926_080000.bin,Fort Matanzas,GTMNERR,0,51.952,0,34.22,0,2.518,0,90.8,0,7.26,0,6.51,2.4,8.06,0,-84.8,5.77,16.078,0,3.9,0,1.199,0.84,0,3.32
1/14/2026,5:30, ,gtmfmwq_15E101700_010926_080000.bin,Fort Matanzas,GTMNERR,0,51.957,0,34.22,0,2.539,0,94.5,0,7.56,0,6.54,2.41,8.06,0,-85.1,5.76,16.098,0,3.78,0,1.196,0.97,0,3.86
1/14/2026,5:45, ,gtmfmwq_15E101700_010926_080000.bin,Fort Matanzas,GTMNERR,0,51.961,0,34.22,0,2.556,0,97.3,0,7.79,0,6.65,2.45,8.07,0,-85.7,5.76,16.089,0,4.37,0,1.199,1.01,0,4.03
1/14/2026,6:00, ,gtmfmwq_15E101700_010926_080000.bin,Fort Matanzas,GTMNERR,0,51.963,0,34.23,0,2.561,0,98.1,0,7.85,0,6.72,2.48,8.07,0,-85.7,5.77,16.067,0,5.14,0,1.197,2.42,0,9.71
1/14/2026,6:15, ,gtmfmwq_15E101700_010926_080000.bin,Fort Matanzas,GTMNERR,0,51.913,0,34.19,0,2.551,0,99.3,0,7.95,0,7.51,2.75,8.07,0,-85.6,5.76,16.068,0,6.9,0,1.199,1.57,0,6.25
1/14/2026,6:30, ,gtmfmwq_15E101700_010926_080000.bin,Fort Matanzas,GTMNERR,0,51.781,0,34.09,0,2.525,0,97.7,0,7.82,0,9.37,3.4,8.04,0,-83.8,5.76,16.1,0,5.48,0,1.196,1.36,0,5.4
1/14/2026,6:45, ,gtmfmwq_15E101700_010926_080000.bin,Fort Matanzas,GTMNERR,0,51.674,0,34.01,0,2.49,0,97.3,0,7.79,0,10.56,3.82,8.02,0,-82.9,5.77,16.133,0,6.95,0,1.199,1.31,0,5.22
1/14/2026,7:00, ,gtmfmwq_15E101700_010926_080000.bin,Fort Matanzas,GTMNERR,0,51.529,0,33.91,0,2.456,0,97.1,0,7.77,0,11.87,4.27,8.01,0,-82,5.76,16.162,0,8.05,0,1.196,1.06,0,4.21
1/14/2026,7:15, ,gtmfmwq_15E101700_010926_080000.bin,Fort Matanzas,GTMNERR,0,51.38,0,33.8,0,2.419,0,97.1,0,7.77,0,12.87,4.62,8,0,-81.6,5.76,16.195,0,7.05,0,1.199,1.08,0,4.3
1/14/2026,7:30, ,gtmfmwq_15E101700_010926_080000.bin,Fort Matanzas,GTMNERR,0,51.253,0,33.71,0,2.374,0,96.7,0,7.74,0,13.57,4.87,7.99,0,-81.2,5.76,16.252,0,6.85,0,1.204,0.93,0,3.68
1/14/2026,7:45, ,gtmfmwq_15E101700_010926_080000.bin,Fort Matanzas,GTMNERR,0,51.164,0,33.64,0,2.325,0,95.7,0,7.65,0,14.01,5.02,7.99,0,-80.7,5.76,16.293,0,6.05,0,1.194,0.86,0,3.39
1/14/2026,8:00, ,gtmfmwq_15E101700_010926_080000.bin,Fort Matanzas,GTMNERR,0,51.116,0,33.61,0,2.274,0,95.7,0,7.66,0,14.19,5.08,7.98,0,-80.6,5.76,16.31,0,6.08,0,1.198,0.79,0,3.11
1/14/2026,8:15, ,gtmfmwq_15E101700_010926_080000.bin,Fort Matanzas,GTMNERR,0,51.064,0,33.57,0,2.224,0,94.3,0,7.54,0,14.39,5.15,7.98,0,-80.1,5.76,16.338,0,5.12,0,1.194,0.68,0,2.67
1/14/2026,8:30, ,gtmfmwq_15E101700_010926_080000.bin,Fort Matanzas,GTMNERR,0,51.087,0,33.59,0,2.173,0,95,0,7.59,0,14.21,5.09,7.98,0,-80.3,5.77,16.327,0,4.72,0,1.195,0.76,0,2.99
1/14/2026,8:45, ,gtmfmwq_15E101700_010926_080000.bin,Fort Matanzas,GTMNERR,0,51.051,0,33.56,0,2.134,0,93.9,0,7.51,0,14.41,5.16,7.98,0,-80.1,5.76,16.346,0,4.68,0,1.196,0.64,0,2.52
1/14/2026,9:00, ,gtmfmwq_15E101700_010926_080000.bin,Fort Matanzas,GTMNERR,0,51.081,0,33.58,0,2.091,0,93,0,7.43,0,13.89,4.98,7.97,0,-79.6,5.76,16.333,0,4.39,0,1.202,0.58,0,2.29
1/14/2026,9:15, ,gtmfmwq_15E101700_010926_080000.bin,Fort Matanzas,GTMNERR,0,51.263,0,33.71,0,2.045,0,94.2,0,7.53,0,12.85,4.61,7.98,0,-80.5,5.76,16.266,0,4.71,0,1.201,0.66,0,2.6
1/14/2026,9:30, ,gtmfmwq_15E101700_010926_080000.bin,Fort Matanzas,GTMNERR,0,51.533,0,33.91,0,2.001,0,94.6,0,7.57,0,10.89,3.93,8,0,-81.5,5.76,16.187,0,3.51,0,1.201,0.92,0,3.65
1/14/2026,9:45, ,gtmfmwq_15E101700_010926_080000.bin,Fort Matanzas,GTMNERR,0,51.55,0,33.92,0,1.955,0,92.9,0,7.43,0,10.82,3.91,7.99,0,-81.1,5.76,16.197,0,3.72,0,1.203,0.48,0,1.88
1/14/2026,10:00, ,gtmfmwq_15E101700_010926_080000.bin,Fort Matanzas,GTMNERR,0,51.449,0,33.85,0,1.908,0,89.1,0,7.13,0,11.57,4.17,7.97,0,-79.9,5.76,16.211,0,3.79,0,1.2,0.57,0,2.23
1/14/2026,10:15, ,gtmfmwq_15E101700_010926_080000.bin,Fort Matanzas,GTMNERR,0,51.377,0,33.8,0,1.865,0,90.2,0,7.21,0,12.21,4.39,7.97,0,-79.8,5.75,16.25,0,7.33,0,1.194,0.88,0,3.5
1/14/2026,10:30, ,gtmfmwq_15E101700_010926_080000.bin,Fort Matanzas,GTMNERR,0,51.202,0,33.67,0,1.823,0,94.6,0,7.56,0,13.38,4.8,7.98,0,-80.4,5.76,16.33,0,3.48,0,1.202,0.58,0,2.29
1/14/2026,10:45, ,gtmfmwq_15E101700_010926_080000.bin,Fort Matanzas,GTMNERR,0,51.197,0,33.67,0,1.781,0,94.9,0,7.58,0,13.2,4.74,7.98,0,-80.5,5.76,16.365,0,3.77,0,1.198,0.68,0,2.66
1/14/2026,11:00, ,gtmfmwq_15E101700_010926_080000.bin,Fort Matanzas,GTMNERR,0,51.246,0,33.7,0,1.742,0,95.1,0,7.6,0,13.08,4.7,7.98,0,-80.6,5.76,16.34,0,3.68,0,1.193,0.58,0,2.26
1/14/2026,11:15, ,gtmfmwq_15E101700_010926_080000.bin,Fort Matanzas,GTMNERR,0,51.227,0,33.69,0,1.702,0,95.8,0,7.64,0,13.08,4.69,7.99,0,-80.8,5.76,16.411,0,3.6,0,1.198,0.66,0,2.62
1/14/2026,11:30, ,gtmfmwq_15E101700_010926_080000.bin,Fort Matanzas,GTMNERR,0,51.313,0,33.75,0,1.663,0,95.5,0,7.62,0,12.45,4.48,7.99,0,-81,5.75,16.372,0,3.19,0,1.203,0.71,0,2.8
1/14/2026,11:45, ,gtmfmwq_15E101700_010926_080000.bin,Fort Matanzas,GTMNERR,0,51.29,0,33.74,0,1.625,0,96.3,0,7.68,0,12.75,4.58,7.99,0,-81.1,5.76,16.408,0,3.67,0,1.195,0.68,0,2.69
1/14/2026,12:00, ,gtmfmwq_15E101700_010926_080000.bin,Fort Matanzas,GTMNERR,0,51.383,0,33.8,0,1.582,0,96.3,0,7.68,0,11.88,4.28,8,0,-81.4,5.75,16.386,0,3.28,0,1.199,0.69,0,2.73
1/14/2026,12:15, ,gtmfmwq_15E101700_010926_080000.bin,Fort Matanzas,GTMNERR,0,51.401,0,33.82,0,1.548,0,96.7,0,7.71,0,11.76,4.24,8,0,-81.5,5.75,16.414,0,3.39,0,1.189,0.6,0,2.37
1/14/2026,12:30, ,gtmfmwq_15E101700_010926_080000.bin,Fort Matanzas,GTMNERR,0,51.48,0,33.88,0,1.514,0,96.5,0,7.69,0,11.46,4.13,8,0,-81.7,5.76,16.389,0,3.43,0,1.189,0.58,0,2.26
1/14/2026,12:45, ,gtmfmwq_15E101700_010926_080000.bin,Fort Matanzas,GTMNERR,0,51.517,0,33.9,0,1.488,0,96,0,7.66,0,11.06,3.99,8,0,-81.7,5.75,16.356,0,3.13,0,1.196,0.58,0,2.27
1/14/2026,13:00, ,gtmfmwq_15E101700_010926_080000.bin,Fort Matanzas,GTMNERR,0,51.593,0,33.96,0,1.474,0,96.2,0,7.67,0,10.49,3.79,8.01,0,-81.9,5.75,16.361,0,3.34,0,1.195,0.54,0,2.12
1/14/2026,13:15, ,gtmfmwq_15E101700_010926_080000.bin,Fort Matanzas,GTMNERR,0,51.603,0,33.97,0,1.495,0,98.6,0,7.84,0,10.34,3.74,8.02,0,-82.5,5.76,16.502,0,4.05,0,1.188,0.59,0,2.32
1/14/2026,13:30, ,gtmfmwq_15E101700_010926_080000.bin,Fort Matanzas,GTMNERR,0,51.601,0,33.97,0,1.508,0,98.7,0,7.85,0,10.5,3.8,8.01,0,-82.4,5.75,16.513,0,4.97,0,1.198,0.64,0,2.54
1/14/2026,13:45, ,gtmfmwq_15E101700_010926_080000.bin,Fort Matanzas,GTMNERR,0,51.928,0,34.21,0,1.537,0,104.2,0,8.26,0,7.89,2.88,8.08,0,-86,5.75,16.554,0,5.55,0,1.195,1.02,0,4.07
1/14/2026,14:00, ,gtmfmwq_15E101700_010926_080000.bin,Fort Matanzas,GTMNERR,0,51.997,0,34.26,0,1.573,0,105.3,0,8.37,0,6.97,2.56,8.1,0,-87.4,5.76,16.418,0,5.49,0,1.199,1.65,0,6.59
1/14/2026,14:15, ,gtmfmwq_15E101700_010926_080000.bin,Fort Matanzas,GTMNERR,0,52.021,0,34.27,0,1.614,0,106.1,0,8.44,0,6.48,2.39,8.11,0,-88.2,5.75,16.362,0,4.4,0,1.199,1.32,0,5.27
1/14/2026,14:30, ,gtmfmwq_15E101700_010926_080000.bin,Fort Matanzas,GTMNERR,0,52.018,0,34.27,0,1.657,0,106.1,0,8.45,0,6.38,2.36,8.11,0,-88.2,5.75,16.34,0,4.55,0,1.199,0.85,0,3.38
1/14/2026,14:45, ,gtmfmwq_15E101700_010926_080000.bin,Fort Matanzas,GTMNERR,0,52.005,0,34.26,0,1.699,0,105.9,0,8.43,0,6.45,2.38,8.11,0,-88,5.75,16.348,0,4.96,0,1.205,1.56,0,6.21
1/14/2026,15:00, ,gtmfmwq_15E101700_010926_080000.bin,Fort Matanzas,GTMNERR,0,52.025,0,34.28,0,1.75,0,106.6,0,8.48,0,6.16,2.28,8.12,0,-88.3,5.76,16.385,0,4.12,0,1.191,1.26,0,5
1/14/2026,15:15, ,gtmfmwq_15E101700_010926_080000.bin,Fort Matanzas,GTMNERR,0,52.03,0,34.28,0,1.788,0,106.4,0,8.46,0,6.03,2.23,8.12,0,-88.4,5.75,16.368,0,3.77,0,1.199,3.7,0,14.84
1/14/2026,15:30, ,gtmfmwq_15E101700_010926_080000.bin,Fort Matanzas,GTMNERR,0,52.03,0,34.28,0,1.83,0,106.1,0,8.44,0,6,2.23,8.11,0,-88.2,5.75,16.365,0,3.66,0,1.195,1.33,0,5.28
1/14/2026,15:45, ,gtmfmwq_15E101700_010926_080000.bin,Fort Matanzas,GTMNERR,0,52.029,0,34.28,0,1.861,0,105.3,0,8.38,0,6.16,2.28,8.11,0,-88.1,5.75,16.355,0,4.13,0,1.199,1.27,0,5.04
1/14/2026,16:00, ,gtmfmwq_15E101700_010926_080000.bin,Fort Matanzas,GTMNERR,0,52.023,0,34.27,0,1.907,0,105.4,0,8.39,0,6.14,2.27,8.11,0,-88,5.74,16.354,0,3.34,0,1.196,2.56,0,10.26
1/14/2026,16:15, ,gtmfmwq_15E101700_010926_080000.bin,Fort Matanzas,GTMNERR,0,52.024,0,34.28,0,1.94,0,104.1,0,8.29,0,6.16,2.28,8.11,0,-87.7,5.74,16.348,0,3.02,0,1.188,0.87,0,3.44
1/14/2026,16:30, ,gtmfmwq_15E101700_010926_080000.bin,Fort Matanzas,GTMNERR,0,52.027,0,34.28,0,1.966,0,102.8,0,8.18,0,6.13,2.27,8.1,0,-87.4,5.75,16.329,0,3.03,0,1.197,0.96,0,3.81
1/14/2026,16:45, ,gtmfmwq_15E101700_010926_080000.bin,Fort Matanzas,GTMNERR,0,52.026,0,34.28,0,1.992,0,98.8,0,7.87,0,5.98,2.22,8.09,0,-86.5,5.74,16.311,0,2.85,0,1.187,0.81,0,3.21
1/14/2026,17:00, ,gtmfmwq_15E101700_010926_080000.bin,Fort Matanzas,GTMNERR,0,52.028,0,34.28,0,2.023,0,85.1,0,6.78,0,6.06,2.24,8.02,0,-82.6,5.74,16.315,0,4.67,0,1.189,0.61,0,2.39
1/14/2026,17:15, ,gtmfmwq_15E101700_010926_080000.bin,Fort Matanzas,GTMNERR,0,52.027,0,34.28,0,2.046,0,85.4,0,6.8,0,5.82,2.16,8.03,0,-83.2,5.75,16.317,0,2.63,0,1.202,1.04,0,4.11
1/14/2026,17:30, ,gtmfmwq_15E101700_010926_080000.bin,Fort Matanzas,GTMNERR,0,52.022,0,34.27,0,2.071,0,87.7,0,6.99,0,5.95,2.21,8.03,0,-83.6,5.75,16.316,0,4.13,0,1.195,0.77,0,3.03
1/14/2026,17:45, ,gtmfmwq_15E101700_010926_080000.bin,Fort Matanzas,GTMNERR,0,52.02,0,34.27,0,2.092,0,93.8,0,7.47,0,6.25,2.31,8.06,0,-85.1,5.74,16.321,0,3.31,0,1.199,2.27,0,9.11
1/14/2026,18:00, ,gtmfmwq_15E101700_010926_080000.bin,Fort Matanzas,GTMNERR,0,52.016,0,34.27,0,2.112,0,95.5,0,7.6,0,6.12,2.27,8.07,0,-85.5,5.74,16.317,0,3.26,0,1.207,0.47,0,1.85
1/14/2026,18:15, ,gtmfmwq_15E101700_010926_080000.bin,Fort Matanzas,GTMNERR,0,52.008,0,34.26,0,2.119,0,99.3,0,7.91,0,6.03,2.23,8.09,0,-86.7,5.75,16.316,0,2.81,0,1.199,0.69,0,2.71
1/14/2026,18:30, ,gtmfmwq_15E101700_010926_080000.bin,Fort Matanzas,GTMNERR,0,52.005,0,34.26,0,2.117,0,98.4,0,7.84,0,6.07,2.25,8.08,0,-86.2,5.74,16.311,0,3.17,0,1.204,0.78,0,3.07
1/14/2026,18:45, ,gtmfmwq_15E101700_010926_080000.bin,Fort Matanzas,GTMNERR,0,51.995,0,34.25,0,2.087,0,95.8,0,7.63,0,6.34,2.34,8.07,0,-85.4,5.74,16.301,0,2.93,0,1.196,1.13,0,4.49
1/14/2026,19:00, ,gtmfmwq_15E101700_010926_080000.bin,Fort Matanzas,GTMNERR,0,51.962,0,34.23,0,2.064,0,101.6,0,8.1,0,6.85,2.52,8.09,0,-86.5,5.75,16.274,0,2.9,0,1.191,1.14,0,4.55
1/14/2026,19:15, ,gtmfmwq_15E101700_010926_080000.bin,Fort Matanzas,GTMNERR,0,51.916,0,34.19,0,2.046,0,102,0,8.13,0,7.53,2.76,8.08,0,-86,5.73,16.292,0,3.48,0,1.188,1.6,0,6.37
1/14/2026,19:30, ,gtmfmwq_15E101700_010926_080000.bin,Fort Matanzas,GTMNERR,0,51.826,0,34.13,0,2.03,0,100.1,0,7.98,0,8.5,3.1,8.06,0,-85.1,5.74,16.31,0,3.97,0,1.193,1.29,0,5.14
1/14/2026,19:45, ,gtmfmwq_15E101700_010926_080000.bin,Fort Matanzas,GTMNERR,0,51.728,0,34.06,0,1.994,0,99.2,0,7.91,0,9.48,3.44,8.04,0,-83.7,5.74,16.325,0,3.79,0,1.198,1.12,0,4.45
1/14/2026,20:00, ,gtmfmwq_15E101700_010926_080000.bin,Fort Matanzas,GTMNERR,0,51.647,0,34,0,1.959,0,97.6,0,7.78,0,10.13,3.67,8.02,0,-82.8,5.75,16.318,0,3.94,0,1.195,1.16,0,4.63
1/14/2026,20:15, ,gtmfmwq_15E101700_010926_080000.bin,Fort Matanzas,GTMNERR,0,51.584,0,33.95,0,1.924,0,96.9,0,7.73,0,10.52,3.8,8.01,0,-82.2,5.74,16.308,0,3.21,0,1.198,1.02,0,4.05
1/14/2026,20:30, ,gtmfmwq_15E101700_010926_080000.bin,Fort Matanzas,GTMNERR,0,51.545,0,33.92,0,1.884,0,95.9,0,7.65,0,10.78,3.89,8.01,0,-81.8,5.74,16.312,0,3.5,0,1.202,0.85,0,3.38
1/14/2026,20:45, ,gtmfmwq_15E101700_010926_080000.bin,Fort Matanzas,GTMNERR,0,51.575,0,33.94,0,1.843,0,96.2,0,7.68,0,10.54,3.81,8.01,0,-82,5.75,16.275,0,3.66,0,1.195,0.94,0,3.74
1/14/2026,21:00, ,gtmfmwq_15E101700_010926_080000.bin,Fort Matanzas,GTMNERR,0,51.72,0,34.05,0,1.798,0,96,0,7.69,0,9.84,3.57,8.03,0,-83.1,5.73,16.102,0,3.47,0,1.19,0.9,0,3.55
1/14/2026,21:15, ,gtmfmwq_15E101700_010926_080000.bin,Fort Matanzas,GTMNERR,0,51.809,0,34.11,0,1.749,0,95.8,0,7.68,0,8.45,3.08,8.04,0,-83.5,5.73,16.004,0,3.18,0,1.198,0.82,0,3.25
1/14/2026,21:30, ,gtmfmwq_15E101700_010926_080000.bin,Fort Matanzas,GTMNERR,0,51.73,0,34.05,0,1.701,0,93.2,0,7.46,0,9.21,3.35,8.01,0,-82.3,5.74,16.084,0,2.85,0,1.195,0.5,0,1.94
1/14/2026,21:45, ,gtmfmwq_15E101700_010926_080000.bin,Fort Matanzas,GTMNERR,0,51.737,0,34.06,0,1.656,0,91,0,7.29,0,8.98,3.26,8.01,0,-81.9,5.73,16.12,0,2.65,0,1.192,0.47,0,1.83
1/14/2026,22:00, ,gtmfmwq_15E101700_010926_080000.bin,Fort Matanzas,GTMNERR,0,51.666,0,34.01,0,1.614,0,95.5,0,7.64,0,10.01,3.63,8.02,0,-82.7,5.73,16.203,0,3.04,0,1.188,0.93,0,3.68
1/14/2026,22:15, ,gtmfmwq_15E101700_010926_080000.bin,Fort Matanzas,GTMNERR,0,51.595,0,33.96,0,1.571,0,96.2,0,7.7,0,10.53,3.8,8.02,0,-82.5,5.74,16.13,0,3.05,0,1.194,1.11,0,4.42
1/14/2026,22:30, ,gtmfmwq_15E101700_010926_080000.bin,Fort Matanzas,GTMNERR,0,51.656,0,34,0,1.53,0,97,0,7.76,0,10.12,3.66,8.02,0,-82.9,5.73,16.131,0,3.38,0,1.196,0.99,0,3.94
1/14/2026,22:45, ,gtmfmwq_15E101700_010926_080000.bin,Fort Matanzas,GTMNERR,0,51.681,0,34.02,0,1.489,0,97.1,0,7.77,0,10.03,3.63,8.03,0,-83.2,5.73,16.15,0,3.13,0,1.187,1.04,0,4.12
1/14/2026,23:00, ,gtmfmwq_15E101700_010926_080000.bin,Fort Matanzas,GTMNERR,0,51.7,0,34.03,0,1.435,0,97.4,0,7.79,0,9.99,3.62,8.03,0,-83.3,5.73,16.173,0,3.02,0,1.201,0.94,0,3.74
1/14/2026,23:15, ,gtmfmwq_15E101700_010926_080000.bin,Fort Matanzas,GTMNERR,0,51.744,0,34.07,0,1.392,0,96.8,0,7.75,0,9.69,3.51,8.03,0,-83.3,5.73,16.121,0,3.2,0,1.189,0.9,0,3.57
1/14/2026,23:30, ,gtmfmwq_15E101700_010926_080000.bin,Fort Matanzas,GTMNERR,0,51.749,0,34.07,0,1.348,0,96.7,0,7.75,0,9.54,3.46,8.03,0,-83.5,5.73,16.068,0,3.35,0,1.189,1.07,0,4.23
1/14/2026,23:45, ,gtmfmwq_15E101700_010926_080000.bin,Fort Matanzas,GTMNERR,0,51.776,0,34.09,0,1.311,0,96.4,0,7.73,0,9.48,3.44,8.03,0,-83.5,5.73,16.039,0,3.2,0,1.207,0.99,0,3.93
1/15/2026,0:00, ,gtmfmwq_15E101700_010926_080000.bin,Fort Matanzas,GTMNERR,0,51.82,0,34.12,0,1.279,0,96.7,0,7.75,0,9.23,3.35,8.04,0,-83.9,5.74,16.035,0,3.28,0,1.193,1.03,0,4.08
1/15/2026,0:15, ,gtmfmwq_15E101700_010926_080000.bin,Fort Matanzas,GTMNERR,0,51.826,0,34.12,0,1.257,0,96.7,0,7.75,0,9.18,3.34,8.04,0,-83.9,5.73,16.012,0,3.29,0,1.192,0.91,0,3.6
1/15/2026,0:30, ,gtmfmwq_15E101700_010926_080000.bin,Fort Matanzas,GTMNERR,0,51.839,0,34.13,0,1.227,0,96.7,0,7.76,0,9.05,3.29,8.04,0,-84,5.73,15.998,0,3.68,0,1.202,0.98,0,3.91
1/15/2026,0:45, ,gtmfmwq_15E101700_010926_080000.bin,Fort Matanzas,GTMNERR,0,51.873,0,34.16,0,1.221,0,97.1,0,7.79,0,8.76,3.19,8.05,0,-84.4,5.73,15.983,0,3.59,0,1.2,1.11,0,4.42
1/15/2026,1:00, ,gtmfmwq_15E101700_010926_080000.bin,Fort Matanzas,GTMNERR,0,52.001,0,34.25,0,1.224,0,99.2,0,7.95,0,7.44,2.73,8.09,0,-86.5,5.72,15.979,0,3.95,0,1.198,1.52,0,6.06
1/15/2026,1:15, ,gtmfmwq_15E101700_010926_080000.bin,Fort Matanzas,GTMNERR,0,51.967,0,34.23,0,1.263,0,100.6,0,8.05,0,7.35,2.7,8.09,0,-86.6,5.73,16.055,0,4.53,0,1.197,1.75,0,7
1/15/2026,1:30, ,gtmfmwq_15E101700_010926_080000.bin,Fort Matanzas,GTMNERR,0,51.959,0,34.22,0,1.292,0,100.6,0,8.06,0,7.34,2.69,8.09,0,-86.6,5.73,16.042,0,4.67,0,1.196,1.44,0,5.75
1/15/2026,1:45, ,gtmfmwq_15E101700_010926_080000.bin,Fort Matanzas,GTMNERR,0,51.915,0,34.19,0,1.346,0,101.6,0,8.14,0,7.4,2.71,8.09,0,-86.7,5.72,16.067,0,4.62,0,1.193,2.62,0,10.49
1/15/2026,2:00, ,gtmfmwq_15E101700_010926_080000.bin,Fort Matanzas,GTMNERR,0,51.797,0,34.1,0,1.397,0,102,0,8.17,0,7.94,2.9,8.08,0,-86.4,5.73,16.077,0,5.45,0,1.19,1.61,0,6.43
1/15/2026,2:15, ,gtmfmwq_15E101700_010926_080000.bin,Fort Matanzas,GTMNERR,0,51.66,0,34,0,1.458,0,101.7,0,8.15,0,8.5,3.1,8.08,0,-86.1,5.73,16.078,0,5.33,0,1.199,2.65,0,10.61
1/15/2026,2:30, ,gtmfmwq_15E101700_010926_080000.bin,Fort Matanzas,GTMNERR,0,51.732,0,34.05,0,1.533,0,100.9,0,8.09,0,8.03,2.93,8.08,0,-86.3,5.73,16.039,0,4.55,0,1.195,1.54,0,6.15
1/15/2026,2:45, ,gtmfmwq_15E101700_010926_080000.bin,Fort Matanzas,GTMNERR,0,51.832,0,34.13,0,1.602,0,100.9,0,8.09,0,7.65,2.8,8.09,0,-86.5,5.72,16.021,0,4.59,0,1.199,1.53,0,6.12
1/15/2026,3:00, ,gtmfmwq_15E101700_010926_080000.bin,Fort Matanzas,GTMNERR,0,51.804,0,34.11,0,1.662,0,100.9,0,8.09,0,7.65,2.8,8.08,0,-86.3,5.73,16.043,0,4.16,0,1.201,1.99,0,7.95
1/15/2026,3:15, ,gtmfmwq_15E101700_010926_080000.bin,Fort Matanzas,GTMNERR,0,51.785,0,34.09,0,1.721,0,100.9,0,8.09,0,7.76,2.84,8.08,0,-86.1,5.73,16.054,0,4.53,0,1.192,1.73,0,6.9
1/15/2026,3:30, ,gtmfmwq_15E101700_010926_080000.bin,Fort Matanzas,GTMNERR,0,51.82,0,34.12,0,1.782,0,100.8,0,8.07,0,7.37,2.7,8.08,0,-86.2,5.72,16.063,0,3.16,0,1.188,3.37,0,13.54
1/15/2026,3:45, ,gtmfmwq_15E101700_010926_080000.bin,Fort Matanzas,GTMNERR,0,51.868,0,34.16,0,1.846,0,100,0,8.01,0,7.12,2.61,8.08,0,-86.2,5.72,16.059,0,3.14,0,1.193,1.78,0,7.13
1/15/2026,4:00, ,gtmfmwq_15E101700_010926_080000.bin,Fort Matanzas,GTMNERR,0,51.902,0,34.18,0,1.909,0,99,0,7.93,0,6.9,2.54,8.08,0,-86,5.73,16.046,0,3.04,0,1.201,1.29,0,5.16
1/15/2026,4:15, ,gtmfmwq_15E101700_010926_080000.bin,Fort Matanzas,GTMNERR,0,51.925,0,34.2,0,1.979,0,97.6,0,7.82,0,6.88,2.53,8.07,0,-85.8,5.72,16.037,0,3.22,0,1.193,0.95,0,3.78
1/15/2026,4:30, ,gtmfmwq_15E101700_010926_080000.bin,Fort Matanzas,GTMNERR,0,51.937,0,34.21,0,2.03,0,92.5,0,7.41,0,6.65,2.45,8.05,0,-84.6,5.72,16.036,0,3.18,0,1.204,0.74,0,2.91
1/15/2026,4:45, ,gtmfmwq_15E101700_010926_080000.bin,Fort Matanzas,GTMNERR,0,51.949,0,34.21,0,2.089,0,79.2,0,6.34,0,6.53,2.41,8,0,-81.5,5.72,16.034,0,3.54,0,1.193,0.72,0,2.84
1/15/2026,5:00, ,gtmfmwq_15E101700_010926_080000.bin,Fort Matanzas,GTMNERR,0,51.953,0,34.22,0,2.14,0,70.7,0,5.66,0,6.47,2.39,7.97,0,-79.9,5.73,16.029,0,2.77,0,1.198,0.56,0,2.18
1/15/2026,5:15, ,gtmfmwq_15E101700_010926_080000.bin,Fort Matanzas,GTMNERR,0,51.967,0,34.23,0,2.191,0,59.2,0,4.74,0,6.47,2.39,7.93,0,-77.2,5.72,16.022,0,2.59,0,1.201,0.4,0,1.56
1/15/2026,5:30, ,gtmfmwq_15E101700_010926_080000.bin,Fort Matanzas,GTMNERR,0,51.974,0,34.23,0,2.238,0,74,0,5.93,0,6.29,2.32,7.98,0,-80.3,5.72,15.991,0,2.49,0,1.202,0.41,0,1.6
1/15/2026,5:45, ,gtmfmwq_15E101700_010926_080000.bin,Fort Matanzas,GTMNERR,0,51.978,0,34.23,0,2.277,0,77.6,0,6.23,0,6.32,2.34,7.98,0,-80.4,5.73,15.975,0,2.9,0,1.195,0.57,0,2.24
1/15/2026,6:00, ,gtmfmwq_15E101700_010926_080000.bin,Fort Matanzas,GTMNERR,0,51.984,0,34.24,0,2.313,0,82.6,0,6.63,0,6.41,2.37,8.02,0,-82.5,5.72,15.947,0,3.11,0,1.194,0.59,0,2.32
1/15/2026,6:15, ,gtmfmwq_15E101700_010926_080000.bin,Fort Matanzas,GTMNERR,0,51.971,0,34.23,0,2.342,0,82,0,6.58,0,6.5,2.4,8.01,0,-82.1,5.72,15.949,0,3.51,0,1.201,0.78,0,3.09
1/15/2026,6:30, ,gtmfmwq_15E101700_010926_080000.bin,Fort Matanzas,GTMNERR,0,51.922,0,34.19,0,2.36,0,96.5,0,7.74,0,6.54,2.41,8.08,0,-86,5.73,15.995,0,3.1,0,1.194,1.08,0,4.3
1/15/2026,6:45, ,gtmfmwq_15E101700_010926_080000.bin,Fort Matanzas,GTMNERR,0,51.776,0,34.09,0,2.37,0,94.9,0,7.61,0,7.47,2.74,8.06,0,-84.8,5.71,15.99,0,2.91,0,1.204,1.12,0,4.46
1/15/2026,7:00, ,gtmfmwq_15E101700_010926_080000.bin,Fort Matanzas,GTMNERR,0,51.679,0,34.01,0,2.374,0,96.7,0,7.76,0,7.93,2.9,8.06,0,-85.2,5.72,15.962,0,3.23,0,1.199,1.3,0,5.17
1/15/2026,7:15, ,gtmfmwq_15E101700_010926_080000.bin,Fort Matanzas,GTMNERR,0,51.718,0,34.04,0,2.359,0,96.1,0,7.72,0,8.23,3,8.06,0,-84.9,5.72,15.958,0,3.17,0,1.201,1.05,0,4.17
1/15/2026,7:30, ,gtmfmwq_15E101700_010926_080000.bin,Fort Matanzas,GTMNERR,0,51.811,0,34.11,0,2.326,0,95.5,0,7.68,0,8.83,3.21,8.05,0,-84.2,5.71,15.896,0,4.52,0,1.198,1.03,0,4.09
1/15/2026,7:45, ,gtmfmwq_15E101700_010926_080000.bin,Fort Matanzas,GTMNERR,0,51.743,0,34.06,0,2.286,0,94.7,0,7.62,0,9.81,3.56,8.03,0,-83.3,5.72,15.873,0,4.41,0,1.204,1.02,0,4.06
1/15/2026,8:00, ,gtmfmwq_15E101700_010926_080000.bin,Fort Matanzas,GTMNERR,0,51.654,0,33.99,0,2.245,0,94,0,7.56,0,10.66,3.85,8.02,0,-82.8,5.72,15.847,0,4.54,0,1.197,0.75,0,2.96
1/15/2026,8:15, ,gtmfmwq_15E101700_010926_080000.bin,Fort Matanzas,GTMNERR,0,51.56,0,33.92,0,2.2,0,93.7,0,7.56,0,11.41,4.11,8.02,0,-82.6,5.72,15.808,0,4.73,0,1.198,0.74,0,2.93
1/15/2026,8:30, ,gtmfmwq_15E101700_010926_080000.bin,Fort Matanzas,GTMNERR,0,51.448,0,33.84,0,2.166,0,93.8,0,7.56,0,12.13,4.36,8.01,0,-82.1,5.71,15.79,0,4.66,0,1.188,0.68,0,2.68
1/15/2026,8:45, ,gtmfmwq_15E101700_010926_080000.bin,Fort Matanzas,GTMNERR,0,51.388,0,33.8,0,2.114,0,92.9,0,7.5,0,12.63,4.54,8.01,0,-81.8,5.71,15.778,0,4.33,0,1.205,0.65,0,2.55
1/15/2026,9:00, ,gtmfmwq_15E101700_010926_080000.bin,Fort Matanzas,GTMNERR,0,51.357,0,33.77,0,2.069,0,93.3,0,7.53,0,12.68,4.56,8,0,-81.5,5.72,15.769,0,4.04,0,1.195,0.59,0,2.33
1/15/2026,9:15, ,gtmfmwq_15E101700_010926_080000.bin,Fort Matanzas,GTMNERR,0,51.329,0,33.75,0,2.022,0,92.5,0,7.47,0,12.79,4.59,8,0,-81.5,5.71,15.763,0,4.2,0,1.192,0.61,0,2.4
1/15/2026,9:30, ,gtmfmwq_15E101700_010926_080000.bin,Fort Matanzas,GTMNERR,0,51.337,0,33.76,0,1.98,0,92.8,0,7.49,0,12.55,4.51,8,0,-81.4,5.71,15.753,0,4.03,0,1.188,0.59,0,2.33
1/15/2026,9:45, ,gtmfmwq_15E101700_010926_080000.bin,Fort Matanzas,GTMNERR,0,51.317,0,33.74,0,1.938,0,93,0,7.51,0,12.79,4.59,8,0,-81.5,5.72,15.755,0,4.56,0,1.198,0.66,0,2.61
1/15/2026,10:00, ,gtmfmwq_15E101700_010926_080000.bin,Fort Matanzas,GTMNERR,0,51.338,0,33.76,0,1.902,0,92.7,0,7.49,0,12.64,4.54,8,0,-81.4,5.71,15.748,0,4.24,0,1.197,0.56,0,2.19
1/15/2026,10:15, ,gtmfmwq_15E101700_010926_080000.bin,Fort Matanzas,GTMNERR,0,51.405,0,33.81,0,1.858,0,93.6,0,7.56,0,11.79,4.24,8.01,0,-81.9,5.71,15.719,0,3.47,0,1.199,0.56,0,2.2
1/15/2026,10:30, ,gtmfmwq_15E101700_010926_080000.bin,Fort Matanzas,GTMNERR,0,51.603,0,33.95,0,1.815,0,96.1,0,7.76,0,9.69,3.51,8.03,0,-83,5.71,15.733,0,5.25,0,1.205,0.48,0,1.86
1/15/2026,10:45, ,gtmfmwq_15E101700_010926_080000.bin,Fort Matanzas,GTMNERR,0,51.643,0,33.98,0,1.773,0,95.8,0,7.72,0,9.23,3.35,8.03,0,-83.1,5.72,15.763,0,3.98,0,1.191,0.41,0,1.58
1/15/2026,11:00, ,gtmfmwq_15E101700_010926_080000.bin,Fort Matanzas,GTMNERR,0,51.622,0,33.97,0,1.73,0,82.2,0,6.63,0,9.13,3.32,7.97,0,-79.5,5.71,15.761,0,3.57,0,1.2,0.26,0,0.99
1/15/2026,11:15, ,gtmfmwq_15E101700_010926_080000.bin,Fort Matanzas,GTMNERR,0,51.595,0,33.95,0,1.682,0,90.6,0,7.32,0,9.59,3.48,8.01,0,-81.8,5.71,15.726,0,3.29,0,1.192,0.4,0,1.54
1/15/2026,11:30, ,gtmfmwq_15E101700_010926_080000.bin,Fort Matanzas,GTMNERR,0,51.49,0,33.87,0,1.634,0,94,0,7.59,0,10.77,3.89,8.01,0,-82.1,5.72,15.721,0,3.02,0,1.197,0.56,0,2.21
1/15/2026,11:45, ,gtmfmwq_15E101700_010926_080000.bin,Fort Matanzas,GTMNERR,0,51.432,0,33.83,0,1.591,0,94.4,0,7.62,0,11.45,4.13,8.01,0,-82,5.7,15.781,0,3.31,0,1.206,0.61,0,2.41
1/15/2026,12:00, ,gtmfmwq_15E101700_010926_080000.bin,Fort Matanzas,GTMNERR,0,51.427,0,33.83,0,1.545,0,94.9,0,7.66,0,11.43,4.12,8.01,0,-82.2,5.71,15.794,0,3.14,0,1.203,0.58,0,2.3
1/15/2026,12:15, ,gtmfmwq_15E101700_010926_080000.bin,Fort Matanzas,GTMNERR,0,51.472,0,33.86,0,1.504,0,94.5,0,7.62,0,11.09,4,8.01,0,-82.2,5.71,15.768,0,3.43,0,1.198,0.55,0,2.14
1/15/2026,12:30, ,gtmfmwq_15E101700_010926_080000.bin,Fort Matanzas,GTMNERR,0,51.449,0,33.84,0,1.458,0,95.8,0,7.72,0,11.55,4.16,8.02,0,-82.5,5.7,15.836,0,3.31,0,1.201,0.6,0,2.35
1/15/2026,12:45, ,gtmfmwq_15E101700_010926_080000.bin,Fort Matanzas,GTMNERR,0,51.522,0,33.89,0,1.419,0,95.5,0,7.71,0,10.72,3.87,8.02,0,-82.6,5.7,15.778,0,3.16,0,1.189,0.51,0,1.99
1/15/2026,13:00, ,gtmfmwq_15E101700_010926_080000.bin,Fort Matanzas,GTMNERR,0,51.512,0,33.89,0,1.388,0,96.2,0,7.75,0,10.76,3.89,8.02,0,-82.6,5.71,15.845,0,3.53,0,1.194,0.58,0,2.28
1/15/2026,13:15, ,gtmfmwq_15E101700_010926_080000.bin,Fort Matanzas,GTMNERR,0,51.568,0,33.93,0,1.352,0,96.2,0,7.75,0,10.23,3.7,8.02,0,-82.8,5.71,15.808,0,3.06,0,1.196,0.5,0,1.96
1/15/2026,13:30, ,gtmfmwq_15E101700_010926_080000.bin,Fort Matanzas,GTMNERR,0,51.536,0,33.91,0,1.335,0,96.6,0,7.78,0,10.46,3.78,8.02,0,-82.9,5.7,15.869,0,3.16,0,1.199,0.56,0,2.19
1/15/2026,13:45, ,gtmfmwq_15E101700_010926_080000.bin,Fort Matanzas,GTMNERR,0,51.566,0,33.93,0,1.319,0,97.4,0,7.85,0,10.23,3.7,8.03,0,-83.1,5.71,15.844,0,3.35,0,1.206,0.59,0,2.3
1/15/2026,14:00, ,gtmfmwq_15E101700_010926_080000.bin,Fort Matanzas,GTMNERR,0,51.614,0,33.96,0,1.311,0,98.1,0,7.9,0,9.87,3.57,8.03,0,-83.4,5.7,15.833,0,3.35,0,1.199,0.55,0,2.14
1/15/2026,14:15, ,gtmfmwq_15E101700_010926_080000.bin,Fort Matanzas,GTMNERR,0,51.627,0,33.97,0,1.329,0,99.2,0,7.98,0,9.65,3.5,8.04,0,-83.6,5.7,15.89,0,3.52,0,1.205,0.53,0,2.09
1/15/2026,14:30, ,gtmfmwq_15E101700_010926_080000.bin,Fort Matanzas,GTMNERR,0,51.806,0,34.11,0,1.353,0,101.3,0,8.12,0,8.07,2.95,8.07,0,-85.5,5.71,16.011,0,3.41,0,1.188,0.69,0,2.71
1/15/2026,14:45, ,gtmfmwq_15E101700_010926_080000.bin,Fort Matanzas,GTMNERR,0,51.904,0,34.18,0,1.368,0,102.7,0,8.22,0,7.22,2.65,8.09,0,-86.6,5.71,16.082,0,3.66,0,1.192,0.81,0,3.21
1/15/2026,15:00, ,gtmfmwq_15E101700_010926_080000.bin,Fort Matanzas,GTMNERR,0,51.959,0,34.22,0,1.404,0,103.4,0,8.28,0,6.46,2.38,8.11,0,-87.7,5.7,16.061,0,3.49,0,1.197,0.94,0,3.72
1/15/2026,15:15, ,gtmfmwq_15E101700_010926_080000.bin,Fort Matanzas,GTMNERR,0,51.988,0,34.24,0,1.456,0,103.8,0,8.31,0,6.08,2.25,8.11,0,-88,5.7,16.049,0,3.24,0,1.193,1.34,0,5.35
1/15/2026,15:30, ,gtmfmwq_15E101700_010926_080000.bin,Fort Matanzas,GTMNERR,0,51.985,0,34.24,0,1.496,0,103.9,0,8.33,0,6.09,2.26,8.11,0,-88.2,5.71,16.016,0,3.42,0,1.204,1.09,0,4.35
1/15/2026,15:45, ,gtmfmwq_15E101700_010926_080000.bin,Fort Matanzas,GTMNERR,0,51.968,0,34.23,0,1.546,0,104,0,8.33,0,6.21,2.3,8.11,0,-88.1,5.7,15.986,0,3.38,0,1.195,1.38,0,5.49
1/15/2026,16:00, ,gtmfmwq_15E101700_010926_080000.bin,Fort Matanzas,GTMNERR,0,51.941,0,34.21,0,1.597,0,103.7,0,8.32,0,6.4,2.36,8.11,0,-88,5.7,15.931,0,3.34,0,1.195,1.02,0,4.07
1/15/2026,16:15, ,gtmfmwq_15E101700_010926_080000.bin,Fort Matanzas,GTMNERR,0,51.914,0,34.19,0,1.656,0,103.5,0,8.32,0,6.43,2.37,8.11,0,-87.9,5.7,15.902,0,3.31,0,1.2,1.11,0,4.42
1/15/2026,16:30, ,gtmfmwq_15E101700_010926_080000.bin,Fort Matanzas,GTMNERR,0,51.916,0,34.19,0,1.715,0,103.4,0,8.31,0,6.35,2.35,8.11,0,-88,5.69,15.882,0,3.43,0,1.19,0.81,0,3.18
1/15/2026,16:45, ,gtmfmwq_15E101700_010926_080000.bin,Fort Matanzas,GTMNERR,0,51.943,0,34.21,0,1.757,0,103.3,0,8.31,0,6.25,2.31,8.11,0,-88,5.7,15.862,0,3.5,0,1.197,0.94,0,3.73
1/15/2026,17:00, ,gtmfmwq_15E101700_010926_080000.bin,Fort Matanzas,GTMNERR,0,51.949,0,34.21,0,1.809,0,103.2,0,8.3,0,6.17,2.28,8.11,0,-88.1,5.7,15.836,0,3.42,0,1.191,1.17,0,4.64
1/15/2026,17:15, ,gtmfmwq_15E101700_010926_080000.bin,Fort Matanzas,GTMNERR,0,51.948,0,34.21,0,1.847,0,103,0,8.29,0,6.35,2.35,8.11,0,-88,5.7,15.805,0,3.48,0,1.194,1,0,3.96
1/15/2026,17:30, ,gtmfmwq_15E101700_010926_080000.bin,Fort Matanzas,GTMNERR,0,51.949,0,34.21,0,1.889,0,102.6,0,8.26,0,6.14,2.27,8.11,0,-88,5.7,15.776,0,3.29,0,1.188,0.85,0,3.38
1/15/2026,17:45, ,gtmfmwq_15E101700_010926_080000.bin,Fort Matanzas,GTMNERR,0,51.946,0,34.21,0,1.924,0,101.7,0,8.19,0,6.23,2.31,8.11,0,-87.7,5.7,15.766,0,2.59,0,1.189,0.85,0,3.35
1/15/2026,18:00, ,gtmfmwq_15E101700_010926_080000.bin,Fort Matanzas,GTMNERR,0,51.954,0,34.21,0,1.966,0,99.3,0,8,0,6.31,2.33,8.1,0,-87.2,5.7,15.741,0,3.14,0,1.196,0.93,0,3.69
1/15/2026,18:15, ,gtmfmwq_15E101700_010926_080000.bin,Fort Matanzas,GTMNERR,0,51.947,0,34.21,0,2.008,0,93.4,0,7.53,0,6.08,2.25,8.07,0,-85.4,5.69,15.747,0,3.59,0,1.202,0.59,0,2.32
1/15/2026,18:30, ,gtmfmwq_15E101700_010926_080000.bin,Fort Matanzas,GTMNERR,0,51.947,0,34.21,0,2.04,0,79.1,0,6.38,0,6.05,2.24,8.02,0,-82.4,5.7,15.744,0,2.26,0,1.198,0.38,0,1.49
1/15/2026,18:45, ,gtmfmwq_15E101700_010926_080000.bin,Fort Matanzas,GTMNERR,0,51.937,0,34.2,0,2.064,0,81.3,0,6.55,0,6.04,2.24,8.03,0,-83,5.7,15.739,0,2.45,0,1.189,0.47,0,1.82
1/15/2026,19:00, ,gtmfmwq_15E101700_010926_080000.bin,Fort Matanzas,GTMNERR,0,51.929,0,34.19,0,2.079,0,94.4,0,7.61,0,6.22,2.3,8.08,0,-85.8,5.69,15.703,0,2.86,0,1.194,0.98,0,3.87
1/15/2026,19:15, ,gtmfmwq_15E101700_010926_080000.bin,Fort Matanzas,GTMNERR,0,51.921,0,34.19,0,2.073,0,99.3,0,8.01,0,6.42,2.37,8.1,0,-87.2,5.69,15.659,0,3.51,0,1.201,0.95,0,3.77
1/15/2026,19:30, ,gtmfmwq_15E101700_010926_080000.bin,Fort Matanzas,GTMNERR,0,51.913,0,34.18,0,2.054,0,100.4,0,8.11,0,6.68,2.46,8.1,0,-87.3,5.7,15.603,0,3.06,0,1.192,1.79,0,7.16
1/15/2026,19:45, ,gtmfmwq_15E101700_010926_080000.bin,Fort Matanzas,GTMNERR,0,51.94,0,34.2,0,2.036,0,100.7,0,8.14,0,6.71,2.47,8.1,0,-87.3,5.7,15.591,0,3.55,0,1.195,1.05,0,4.17
1/15/2026,20:00, ,gtmfmwq_15E101700_010926_080000.bin,Fort Matanzas,GTMNERR,0,51.886,0,34.16,0,2.014,0,99.7,0,8.07,0,7.44,2.73,8.09,0,-86.4,5.69,15.532,0,3.35,0,1.197,1.53,0,6.09
1/15/2026,20:15, ,gtmfmwq_15E101700_010926_080000.bin,Fort Matanzas,GTMNERR,0,51.796,0,34.09,0,1.993,0,98.4,0,7.97,0,8.33,3.04,8.06,0,-85.1,5.69,15.476,0,3.34,0,1.198,1.16,0,4.6
1/15/2026,20:30, ,gtmfmwq_15E101700_010926_080000.bin,Fort Matanzas,GTMNERR,0,51.702,0,34.02,0,1.962,0,97.6,0,7.93,0,9.27,3.36,8.05,0,-84.2,5.7,15.388,0,3.24,0,1.198,1.13,0,4.49
1/15/2026,20:45, ,gtmfmwq_15E101700_010926_080000.bin,Fort Matanzas,GTMNERR,0,51.647,0,33.98,0,1.925,0,97.1,0,7.89,0,9.94,3.6,8.04,0,-83.6,5.69,15.337,0,3.62,0,1.207,1.01,0,3.99
1/15/2026,21:00, ,gtmfmwq_15E101700_010926_080000.bin,Fort Matanzas,GTMNERR,0,51.632,0,33.96,0,1.89,0,96.1,0,7.83,0,9.81,3.55,8.04,0,-83.6,5.69,15.264,0,3.35,0,1.199,0.86,0,3.4
1/15/2026,21:15, ,gtmfmwq_15E101700_010926_080000.bin,Fort Matanzas,GTMNERR,0,51.618,0,33.95,0,1.844,0,96.4,0,7.86,0,10.08,3.65,8.04,0,-83.5,5.69,15.219,0,3.47,0,1.196,0.93,0,3.69
1/15/2026,21:30, ,gtmfmwq_15E101700_010926_080000.bin,Fort Matanzas,GTMNERR,0,51.642,0,33.97,0,1.799,0,95.6,0,7.81,0,10.2,3.69,8.04,0,-83.6,5.68,15.107,0,3.39,0,1.193,0.71,0,2.78
1/15/2026,21:45, ,gtmfmwq_15E101700_010926_080000.bin,Fort Matanzas,GTMNERR,0,51.69,0,34,0,1.757,0,95.3,0,7.81,0,10.17,3.68,8.04,0,-83.7,5.68,14.93,0,3.44,0,1.204,0.94,0,3.74
1/15/2026,22:00, ,gtmfmwq_15E101700_010926_080000.bin,Fort Matanzas,GTMNERR,0,51.963,0,34.18,0,1.715,0,92.9,0,7.72,0,8.81,3.2,8.07,0,-84.9,5.69,14.191,0,3.3,0,1.197,0.82,0,3.25
1/15/2026,22:15, ,gtmfmwq_15E101700_010926_080000.bin,Fort Matanzas,GTMNERR,0,51.849,0,34.11,0,1.665,0,93.4,0,7.71,0,9.23,3.35,8.06,0,-84.6,5.68,14.552,0,3.09,0,1.199,0.94,0,3.72
1/15/2026,22:30, ,gtmfmwq_15E101700_010926_080000.bin,Fort Matanzas,GTMNERR,0,51.86,0,34.11,0,1.612,0,91.8,0,7.59,0,8.77,3.19,8.05,0,-84.3,5.68,14.512,0,2.94,0,1.198,0.62,0,2.45
1/15/2026,22:45, ,gtmfmwq_15E101700_010926_080000.bin,Fort Matanzas,GTMNERR,0,51.75,0,34.04,0,1.563,0,94.8,0,7.8,0,9.97,3.61,8.06,0,-84.5,5.68,14.729,0,3.48,0,1.204,0.83,0,3.29
1/15/2026,23:00, ,gtmfmwq_15E101700_010926_080000.bin,Fort Matanzas,GTMNERR,0,51.723,0,34.02,0,1.519,0,95.5,0,7.85,0,10.21,3.69,8.05,0,-84.4,5.68,14.746,0,3.37,0,1.201,0.9,0,3.57
1/15/2026,23:15, ,gtmfmwq_15E101700_010926_080000.bin,Fort Matanzas,GTMNERR,0,51.722,0,34.02,0,1.47,0,95.4,0,7.85,0,10.03,3.63,8.06,0,-84.4,5.68,14.727,0,3.12,0,1.2,0.88,0,3.48
1/15/2026,23:30, ,gtmfmwq_15E101700_010926_080000.bin,Fort Matanzas,GTMNERR,0,51.773,0,34.05,0,1.424,0,95.8,0,7.89,0,9.64,3.49,8.06,0,-84.8,5.68,14.642,0,3.06,0,1.198,0.92,0,3.63
1/15/2026,23:45, ,gtmfmwq_15E101700_010926_080000.bin,Fort Matanzas,GTMNERR,0,51.764,0,34.05,0,1.379,0,95.7,0,7.89,0,9.63,3.49,8.06,0,-84.7,5.69,14.646,0,3.29,0,1.202,0.91,0,3.6
1/16/2026,0:00, ,gtmfmwq_15E101700_010926_080000.bin,Fort Matanzas,GTMNERR,0,51.809,0,34.08,0,1.341,0,95.6,0,7.9,0,9.61,3.48,8.06,0,-84.9,5.68,14.552,0,2.94,0,1.207,0.94,0,3.73
1/16/2026,0:15, ,gtmfmwq_15E101700_010926_080000.bin,Fort Matanzas,GTMNERR,0,51.819,0,34.08,0,1.305,0,95.4,0,7.88,0,10.04,3.64,8.06,0,-84.9,5.68,14.539,0,3.04,0,1.194,0.95,0,3.76
1/16/2026,0:30, ,gtmfmwq_15E101700_010926_080000.bin,Fort Matanzas,GTMNERR,0,51.868,0,34.11,0,1.283,0,94.6,0,7.84,0,9.96,3.61,8.07,0,-85,5.69,14.362,0,3.13,0,1.197,0.95,0,3.77
1/16/2026,0:45, ,gtmfmwq_15E101700_010926_080000.bin,Fort Matanzas,GTMNERR,0,51.899,0,34.13,0,1.273,0,93.6,0,7.79,0,10.02,3.63,8.07,0,-85,5.67,14.137,0,2.81,0,1.199,0.86,0,3.39
1/16/2026,1:00, ,gtmfmwq_15E101700_010926_080000.bin,Fort Matanzas,GTMNERR,0,51.933,0,34.16,0,1.275,0,93.9,0,7.81,0,9.97,3.61,8.07,0,-85.3,5.68,14.168,0,3.11,0,1.188,0.88,0,3.5
1/16/2026,1:15, ,gtmfmwq_15E101700_010926_080000.bin,Fort Matanzas,GTMNERR,0,51.92,0,34.15,0,1.29,0,94.8,0,7.87,0,9.88,3.58,8.07,0,-85.4,5.68,14.268,0,3.18,0,1.202,0.94,0,3.75
1/16/2026,1:30, ,gtmfmwq_15E101700_010926_080000.bin,Fort Matanzas,GTMNERR,0,52.058,0,34.26,0,1.307,0,97,0,7.99,0,7.88,2.88,8.1,0,-87.2,5.67,14.603,0,3.81,0,1.204,2.52,0,10.1
1/16/2026,1:45, ,gtmfmwq_15E101700_010926_080000.bin,Fort Matanzas,GTMNERR,0,52.047,0,34.26,0,1.342,0,97.7,0,8.02,0,7.44,2.73,8.11,0,-87.5,5.68,14.821,0,3.54,0,1.188,1.74,0,6.94
1/16/2026,2:00, ,gtmfmwq_15E101700_010926_080000.bin,Fort Matanzas,GTMNERR,0,52.052,0,34.26,0,1.394,0,97.8,0,8.03,0,7.34,2.69,8.11,0,-87.6,5.68,14.818,0,3.38,0,1.187,1.29,0,5.13
1/16/2026,2:15, ,gtmfmwq_15E101700_010926_080000.bin,Fort Matanzas,GTMNERR,0,51.937,0,34.18,0,1.448,0,98.8,0,8.09,0,7.8,2.85,8.11,0,-87.5,5.68,14.923,0,3.81,0,1.197,1.58,0,6.3
1/16/2026,2:30, ,gtmfmwq_15E101700_010926_080000.bin,Fort Matanzas,GTMNERR,0,51.686,0,34,0,1.523,0,99.6,0,8.17,0,9.08,3.3,8.1,0,-87.3,5.68,14.909,0,3.91,0,1.194,1.34,0,5.33
1/16/2026,2:45, ,gtmfmwq_15E101700_010926_080000.bin,Fort Matanzas,GTMNERR,0,51.798,0,34.07,0,1.581,0,98.6,0,8.11,0,8.59,3.13,8.11,0,-87.3,5.68,14.739,0,3.55,0,1.204,1.49,0,5.96
1/16/2026,3:00, ,gtmfmwq_15E101700_010926_080000.bin,Fort Matanzas,GTMNERR,0,51.897,0,34.15,0,1.662,0,98.4,0,8.08,0,8,2.92,8.11,0,-87.5,5.68,14.781,0,3.48,0,1.199,1.02,0,4.04
1/16/2026,3:15, ,gtmfmwq_15E101700_010926_080000.bin,Fort Matanzas,GTMNERR,0,51.941,0,34.18,0,1.729,0,98.1,0,8.05,0,7.77,2.84,8.11,0,-87.4,5.67,14.799,0,3.69,0,1.193,5.21,0,20.96
1/16/2026,3:30, ,gtmfmwq_15E101700_010926_080000.bin,Fort Matanzas,GTMNERR,0,51.987,0,34.21,0,1.792,0,97.7,0,8.02,0,7.57,2.77,8.11,0,-87.4,5.68,14.836,0,3.02,0,1.189,1.54,0,6.14
1/16/2026,3:45, ,gtmfmwq_15E101700_010926_080000.bin,Fort Matanzas,GTMNERR,0,52.037,0,34.25,0,1.852,0,97.2,0,7.98,0,7.42,2.72,8.11,0,-87.3,5.68,14.8,0,2.89,0,1.196,4.32,0,17.35
1/16/2026,4:00, ,gtmfmwq_15E101700_010926_080000.bin,Fort Matanzas,GTMNERR,0,52.054,0,34.26,0,1.93,0,96.9,0,7.96,0,7.33,2.69,8.1,0,-87.3,5.67,14.713,0,2.63,0,1.195,2.47,0,9.91
1/16/2026,4:15, ,gtmfmwq_15E101700_010926_080000.bin,Fort Matanzas,GTMNERR,0,52.077,0,34.28,0,1.999,0,96.3,0,7.92,0,7.2,2.64,8.1,0,-87.2,5.67,14.673,0,3.15,0,1.193,1.45,0,5.79
1/16/2026,4:30, ,gtmfmwq_15E101700_010926_080000.bin,Fort Matanzas,GTMNERR,0,52.089,0,34.28,0,2.073,0,95.5,0,7.87,0,7.08,2.6,8.1,0,-87,5.68,14.617,0,2.49,0,1.19,1.03,0,4.1
1/16/2026,4:45, ,gtmfmwq_15E101700_010926_080000.bin,Fort Matanzas,GTMNERR,0,52.082,0,34.28,0,2.141,0,93.1,0,7.67,0,7.11,2.61,8.09,0,-86.3,5.68,14.581,0,2.61,0,1.192,0.94,0,3.74
1/16/2026,5:00, ,gtmfmwq_15E101700_010926_080000.bin,Fort Matanzas,GTMNERR,0,52.086,0,34.28,0,2.217,0,92.4,0,7.64,0,7.11,2.61,8.09,0,-86.1,5.67,14.464,0,3.05,0,1.191,1.09,0,4.34
1/16/2026,5:15, ,gtmfmwq_15E101700_010926_080000.bin,Fort Matanzas,GTMNERR,0,52.061,0,34.25,0,2.28,0,96,0,7.99,0,7.37,2.7,8.09,0,-86.3,5.67,14.145,0,2.66,0,1.195,1.72,0,6.89
1/16/2026,5:30, ,gtmfmwq_15E101700_010926_080000.bin,Fort Matanzas,GTMNERR,0,52.035,0,34.23,0,2.337,0,97.1,0,8.09,0,7.34,2.69,8.09,0,-86.1,5.68,14.043,0,3.41,0,1.196,2.13,0,8.54
1/16/2026,5:45, ,gtmfmwq_15E101700_010926_080000.bin,Fort Matanzas,GTMNERR,0,52.016,0,34.21,0,2.398,0,96.3,0,8.02,0,7.24,2.66,8.08,0,-85.6,5.67,14.047,0,2.99,0,1.188,0.96,0,3.81
1/16/2026,6:00, ,gtmfmwq_15E101700_010926_080000.bin,Fort Matanzas,GTMNERR,0,52.007,0,34.21,0,2.449,0,94.2,0,7.85,0,7.09,2.61,8.07,0,-85.1,5.67,14.065,0,3.18,0,1.198,0.81,0,3.21
1/16/2026,6:15, ,gtmfmwq_15E101700_010926_080000.bin,Fort Matanzas,GTMNERR,0,52.006,0,34.21,0,2.501,0,84.3,0,7.03,0,7.14,2.62,8.02,0,-82.5,5.68,14.069,0,2.58,0,1.194,0.52,0,2.02
1/16/2026,6:30, ,gtmfmwq_15E101700_010926_080000.bin,Fort Matanzas,GTMNERR,0,52.011,0,34.21,0,2.551,0,79.4,0,6.61,0,6.94,2.55,8.02,0,-82,5.66,14.063,0,2.26,0,1.196,0.57,0,2.25
1/16/2026,6:45, ,gtmfmwq_15E101700_010926_080000.bin,Fort Matanzas,GTMNERR,0,52.095,0,34.27,0,2.589,0,90.7,0,7.55,0,6.88,2.53,8.07,0,-85.3,5.67,14.109,0,2.79,0,1.197,1.2,0,4.77
1/16/2026,7:00, ,gtmfmwq_15E101700_010926_080000.bin,Fort Matanzas,GTMNERR,0,52.089,0,34.27,0,2.617,0,91.5,0,7.6,0,6.93,2.55,8.08,0,-85.6,5.67,14.175,0,2.76,0,1.19,1.18,0,4.69
1/16/2026,7:15, ,gtmfmwq_15E101700_010926_080000.bin,Fort Matanzas,GTMNERR,0,52.083,0,34.27,0,2.638,0,91.3,0,7.58,0,7.39,2.71,8.09,0,-86.2,5.66,14.243,0,2.72,0,1.196,0.81,0,3.22
1/16/2026,7:30, ,gtmfmwq_15E101700_010926_080000.bin,Fort Matanzas,GTMNERR,0,52.001,0,34.21,0,2.647,0,94.8,0,7.84,0,7.6,2.78,8.1,0,-86.9,5.66,14.375,0,3.38,0,1.196,1.28,0,5.1
1/16/2026,7:45, ,gtmfmwq_15E101700_010926_080000.bin,Fort Matanzas,GTMNERR,0,51.898,0,34.14,0,2.644,0,94.7,0,7.84,0,8.44,3.08,8.09,0,-86.5,5.67,14.392,0,2.93,0,1.199,1.07,0,4.27
1/16/2026,8:00, ,gtmfmwq_15E101700_010926_080000.bin,Fort Matanzas,GTMNERR,0,51.986,0,34.19,0,2.623,0,93.1,0,7.75,0,8.87,3.23,8.08,0,-85.8,5.67,14.083,0,2.93,0,1.195,0.99,0,3.93
1/16/2026,8:15, ,gtmfmwq_15E101700_010926_080000.bin,Fort Matanzas,GTMNERR,0,51.959,0,34.15,0,2.58,0,92.5,0,7.78,0,10.63,3.84,8.07,0,-85.2,5.66,13.573,0,5.65,0,1.198,0.88,0,3.5
1/16/2026,8:30, ,gtmfmwq_15E101700_010926_080000.bin,Fort Matanzas,GTMNERR,0,51.88,0,34.08,0,2.544,0,92.8,0,7.86,0,11.82,4.26,8.07,0,-85.1,5.66,13.303,0,4.11,0,1.207,0.79,0,3.14
1/16/2026,8:45, ,gtmfmwq_15E101700_010926_080000.bin,Fort Matanzas,GTMNERR,0,51.78,0,34,0,2.5,0,92.3,0,7.85,0,12.97,4.66,8.07,0,-84.7,5.67,13.128,0,5.13,0,1.198,0.72,0,2.84
1/16/2026,9:00, ,gtmfmwq_15E101700_010926_080000.bin,Fort Matanzas,GTMNERR,0,51.711,0,33.95,0,2.456,0,92.2,0,7.86,0,13.61,4.88,8.06,0,-84.5,5.66,13.037,0,4.95,0,1.187,0.71,0,2.82
1/16/2026,9:15, ,gtmfmwq_15E101700_010926_080000.bin,Fort Matanzas,GTMNERR,0,51.661,0,33.91,0,2.41,0,92.2,0,7.86,0,13.88,4.97,8.06,0,-84.2,5.66,12.992,0,4.9,0,1.201,0.69,0,2.72
1/16/2026,9:30, ,gtmfmwq_15E101700_010926_080000.bin,Fort Matanzas,GTMNERR,0,51.616,0,33.88,0,2.359,0,92.1,0,7.86,0,14.23,5.1,8.05,0,-84,5.67,12.99,0,5.11,0,1.198,0.68,0,2.67
1/16/2026,9:45, ,gtmfmwq_15E101700_010926_080000.bin,Fort Matanzas,GTMNERR,0,51.614,0,33.88,0,2.304,0,91.4,0,7.8,0,14.21,5.09,8.05,0,-83.9,5.65,12.998,0,4.66,0,1.195,0.63,0,2.49
1/16/2026,10:00, ,gtmfmwq_15E101700_010926_080000.bin,Fort Matanzas,GTMNERR,0,51.595,0,33.86,0,2.254,0,92.2,0,7.87,0,14.4,5.15,8.05,0,-84,5.66,13.011,0,4.59,0,1.188,0.64,0,2.53
1/16/2026,10:15, ,gtmfmwq_15E101700_010926_080000.bin,Fort Matanzas,GTMNERR,0,51.582,0,33.85,0,2.204,0,92.2,0,7.86,0,14.22,5.09,8.05,0,-83.9,5.66,13.022,0,4.65,0,1.198,0.64,0,2.52
1/16/2026,10:30, ,gtmfmwq_15E101700_010926_080000.bin,Fort Matanzas,GTMNERR,0,51.576,0,33.85,0,2.154,0,92.4,0,7.87,0,14.3,5.12,8.05,0,-83.9,5.67,13.032,0,4.05,0,1.199,0.58,0,2.29
1/16/2026,10:45, ,gtmfmwq_15E101700_010926_080000.bin,Fort Matanzas,GTMNERR,0,51.581,0,33.86,0,2.107,0,90.5,0,7.72,0,13.98,5.01,8.04,0,-83.3,5.65,13.042,0,3.85,0,1.199,0.47,0,1.83
1/16/2026,11:00, ,gtmfmwq_15E101700_010926_080000.bin,Fort Matanzas,GTMNERR,0,51.73,0,33.97,0,2.061,0,93,0,7.9,0,12.8,4.6,8.06,0,-84.3,5.65,13.2,0,3.67,0,1.198,0.58,0,2.27
1/16/2026,11:15, ,gtmfmwq_15E101700_010926_080000.bin,Fort Matanzas,GTMNERR,0,52.001,0,34.19,0,2.011,0,97.1,0,8.14,0,8.75,3.19,8.08,0,-85.8,5.66,13.8,0,2.66,0,1.196,0.42,0,1.64
1/16/2026,11:30, ,gtmfmwq_15E101700_010926_080000.bin,Fort Matanzas,GTMNERR,0,51.899,0,34.09,0,1.961,0,92.5,0,7.88,0,10.54,3.81,8.07,0,-85,5.65,12.986,0,2.69,0,1.2,0.55,0,2.14
1/16/2026,11:45, ,gtmfmwq_15E101700_010926_080000.bin,Fort Matanzas,GTMNERR,0,51.92,0,34.1,0,1.915,0,91.7,0,7.83,0,10.67,3.86,8.06,0,-84.1,5.65,12.914,0,3.03,0,1.2,0.45,0,1.74
1/16/2026,12:00, ,gtmfmwq_15E101700_010926_080000.bin,Fort Matanzas,GTMNERR,0,51.85,0,34.06,0,1.868,0,93.1,0,7.92,0,11.26,4.06,8.07,0,-84.7,5.66,13.113,0,2.57,0,1.206,0.38,0,1.45
1/16/2026,12:15, ,gtmfmwq_15E101700_010926_080000.bin,Fort Matanzas,GTMNERR,0,51.831,0,34.04,0,1.819,0,93.7,0,7.98,0,11.6,4.18,8.07,0,-85,5.65,13.039,0,2.72,0,1.192,0.51,0,2.01
1/16/2026,12:30, ,gtmfmwq_15E101700_010926_080000.bin,Fort Matanzas,GTMNERR,0,51.781,0,34,0,1.772,0,93.8,0,7.98,0,11.98,4.31,8.07,0,-84.7,5.65,13.093,0,2.91,0,1.189,0.57,0,2.25
1/16/2026,12:45, ,gtmfmwq_15E101700_010926_080000.bin,Fort Matanzas,GTMNERR,0,51.867,0,34.06,0,1.73,0,93.8,0,7.99,0,11.39,4.11,8.07,0,-85.1,5.65,13.02,0,3.05,0,1.206,0.58,0,2.28
1/16/2026,13:00, ,gtmfmwq_15E101700_010926_080000.bin,Fort Matanzas,GTMNERR,0,51.818,0,34.04,0,1.683,0,94.7,0,8.04,0,11.51,4.15,8.07,0,-85,5.65,13.217,0,2.96,0,1.191,0.52,0,2.03
1/16/2026,13:15, ,gtmfmwq_15E101700_010926_080000.bin,Fort Matanzas,GTMNERR,0,51.852,0,34.06,0,1.637,0,95.8,0,8.13,0,11.3,4.07,8.07,0,-84.9,5.65,13.223,0,2.88,0,1.188,0.49,0,1.93
1/16/2026,13:30, ,gtmfmwq_15E101700_010926_080000.bin,Fort Matanzas,GTMNERR,0,51.883,0,34.08,0,1.597,0,95.3,0,8.09,0,11,3.97,8.07,0,-85.2,5.65,13.15,0,2.82,0,1.202,0.51,0,2.01
1/16/2026,13:45, ,gtmfmwq_15E101700_010926_080000.bin,Fort Matanzas,GTMNERR,0,51.924,0,34.12,0,1.562,0,96.9,0,8.21,0,10.59,3.83,8.07,0,-84.8,5.66,13.245,0,3.5,0,1.197,0.47,0,1.82
1/16/2026,14:00, ,gtmfmwq_15E101700_010926_080000.bin,Fort Matanzas,GTMNERR,0,51.909,0,34.1,0,1.53,0,96.9,0,8.21,0,10.76,3.89,8.07,0,-84.9,5.65,13.256,0,2.91,0,1.188,0.47,0,1.82
1/16/2026,14:15, ,gtmfmwq_15E101700_010926_080000.bin,Fort Matanzas,GTMNERR,0,51.927,0,34.12,0,1.512,0,96.5,0,8.18,0,10.53,3.8,8.07,0,-85.1,5.65,13.275,0,2.79,0,1.199,0.49,0,1.9
1/16/2026,14:30, ,gtmfmwq_15E101700_010926_080000.bin,Fort Matanzas,GTMNERR,0,51.977,0,34.17,0,1.51,0,99.3,0,8.35,0,9.82,3.56,8.08,0,-85.5,5.66,13.608,0,2.86,0,1.194,0.46,0,1.8
1/16/2026,14:45, ,gtmfmwq_15E101700_010926_080000.bin,Fort Matanzas,GTMNERR,0,51.997,0,34.18,0,1.515,0,99.1,0,8.33,0,9.95,3.6,8.08,0,-85.6,5.65,13.63,0,3.73,0,1.19,0.55,0,2.14
1/16/2026,15:00, ,gtmfmwq_15E101700_010926_080000.bin,Fort Matanzas,GTMNERR,0,52.065,0,34.26,0,1.54,0,104.5,0,8.67,0,8.15,2.97,8.1,0,-87,5.65,14.265,0,4.14,0,1.187,0.78,0,3.08
1/16/2026,15:15, ,gtmfmwq_15E101700_010926_080000.bin,Fort Matanzas,GTMNERR,0,52.096,0,34.29,0,1.568,0,106.2,0,8.71,0,6.99,2.57,8.13,0,-88.5,5.66,14.776,0,4.75,0,1.196,1,0,3.97
1/16/2026,15:30, ,gtmfmwq_15E101700_010926_080000.bin,Fort Matanzas,GTMNERR,0,52.09,0,34.29,0,1.6,0,106.2,0,8.71,0,6.85,2.52,8.13,0,-88.6,5.65,14.797,0,3.87,0,1.192,1.14,0,4.52
1/16/2026,15:45, ,gtmfmwq_15E101700_010926_080000.bin,Fort Matanzas,GTMNERR,0,52.097,0,34.3,0,1.643,0,106.3,0,8.71,0,6.72,2.47,8.13,0,-88.9,5.65,14.9,0,3.85,0,1.195,1.01,0,3.99
1/16/2026,16:00, ,gtmfmwq_15E101700_010926_080000.bin,Fort Matanzas,GTMNERR,0,52.135,0,34.33,0,1.696,0,106,0,8.64,0,6.51,2.4,8.13,0,-89,5.66,15.119,0,4.6,0,1.19,2.08,0,8.33
1/16/2026,16:15, ,gtmfmwq_15E101700_010926_080000.bin,Fort Matanzas,GTMNERR,0,52.128,0,34.33,0,1.745,0,105.8,0,8.62,0,6.43,2.37,8.13,0,-88.9,5.65,15.162,0,4.36,0,1.196,1.81,0,7.26
1/16/2026,16:30, ,gtmfmwq_15E101700_010926_080000.bin,Fort Matanzas,GTMNERR,0,52.132,0,34.33,0,1.799,0,106.4,0,8.67,0,6.39,2.36,8.13,0,-88.9,5.65,15.132,0,3.8,0,1.2,1.64,0,6.54
1/16/2026,16:45, ,gtmfmwq_15E101700_010926_080000.bin,Fort Matanzas,GTMNERR,0,52.123,0,34.32,0,1.847,0,106.4,0,8.68,0,6.41,2.37,8.13,0,-88.8,5.65,15.071,0,3.86,0,1.19,1.49,0,5.93
1/16/2026,17:00, ,gtmfmwq_15E101700_010926_080000.bin,Fort Matanzas,GTMNERR,0,52.129,0,34.32,0,1.898,0,106.1,0,8.66,0,6.48,2.39,8.13,0,-88.7,5.66,15.056,0,3.47,0,1.195,1.23,0,4.91
1/16/2026,17:15, ,gtmfmwq_15E101700_010926_080000.bin,Fort Matanzas,GTMNERR,0,52.131,0,34.33,0,1.949,0,105.6,0,8.62,0,6.33,2.34,8.13,0,-88.7,5.65,15.047,0,2.77,0,1.205,0.96,0,3.82
1/16/2026,17:30, ,gtmfmwq_15E101700_010926_080000.bin,Fort Matanzas,GTMNERR,0,52.123,0,34.32,0,1.997,0,104.6,0,8.55,0,6.23,2.3,8.12,0,-88.5,5.65,14.989,0,3.45,0,1.196,1.08,0,4.28
1/16/2026,17:45, ,gtmfmwq_15E101700_010926_080000.bin,Fort Matanzas,GTMNERR,0,52.119,0,34.31,0,2.041,0,102.8,0,8.41,0,6.21,2.3,8.11,0,-87.8,5.66,14.938,0,3.12,0,1.201,0.87,0,3.44
1/16/2026,18:00, ,gtmfmwq_15E101700_010926_080000.bin,Fort Matanzas,GTMNERR,0,52.118,0,34.31,0,2.075,0,91.8,0,7.51,0,6.04,2.24,8.06,0,-84.9,5.65,14.923,0,2.98,0,1.194,0.47,0,1.85
1/16/2026,18:15, ,gtmfmwq_15E101700_010926_080000.bin,Fort Matanzas,GTMNERR,0,52.118,0,34.31,0,2.125,0,69.3,0,5.67,0,6.02,2.23,7.97,0,-79.6,5.65,14.915,0,2.4,0,1.187,0.3,0,1.16
1/16/2026,18:30, ,gtmfmwq_15E101700_010926_080000.bin,Fort Matanzas,GTMNERR,0,52.113,0,34.31,0,2.16,0,73.1,0,5.99,0,6.27,2.32,8.04,0,-83.6,5.65,14.88,0,2.24,0,1.195,0.54,0,2.13
1/16/2026,18:45, ,gtmfmwq_15E101700_010926_080000.bin,Fort Matanzas,GTMNERR,0,52.108,0,34.3,0,2.197,0,84.9,0,6.96,0,6.4,2.36,8.04,0,-83.5,5.65,14.833,0,5.23,0,1.196,7.02,0,28.27
1/16/2026,19:00, ,gtmfmwq_15E101700_010926_080000.bin,Fort Matanzas,GTMNERR,0,52.115,0,34.31,0,2.22,0,94.1,0,7.72,0,6.12,2.27,8.07,0,-85.2,5.65,14.829,0,3.28,0,1.2,0.77,0,3.05
1/16/2026,19:15, ,gtmfmwq_15E101700_010926_080000.bin,Fort Matanzas,GTMNERR,0,52.122,0,34.32,0,2.241,0,93.1,0,7.62,0,6.25,2.31,8.07,0,-85.3,5.65,14.889,0,2.72,0,1.199,0.61,0,2.41
1/16/2026,19:30, ,gtmfmwq_15E101700_010926_080000.bin,Fort Matanzas,GTMNERR,0,52.123,0,34.32,0,2.257,0,95.7,0,7.84,0,6.16,2.28,8.08,0,-85.9,5.65,14.911,0,3.08,0,1.201,0.92,0,3.64
1/16/2026,19:45, ,gtmfmwq_15E101700_010926_080000.bin,Fort Matanzas,GTMNERR,0,52.13,0,34.32,0,2.257,0,99.2,0,8.11,0,6.29,2.33,8.1,0,-86.9,5.65,14.958,0,3.26,0,1.204,0.89,0,3.51
1/16/2026,20:00, ,gtmfmwq_15E101700_010926_080000.bin,Fort Matanzas,GTMNERR,0,52.123,0,34.32,0,2.247,0,100.8,0,8.24,0,6.43,2.37,8.11,0,-87.4,5.65,14.958,0,2.5,0,1.203,1.06,0,4.2
1/16/2026,20:15, ,gtmfmwq_15E101700_010926_080000.bin,Fort Matanzas,GTMNERR,0,52.106,0,34.3,0,2.223,0,102.2,0,8.37,0,6.53,2.41,8.11,0,-87.9,5.65,14.861,0,3.04,0,1.205,1.17,0,4.64
1/16/2026,20:30, ,gtmfmwq_15E101700_010926_080000.bin,Fort Matanzas,GTMNERR,0,52.038,0,34.24,0,2.189,0,101.9,0,8.41,0,7.29,2.67,8.1,0,-87.2,5.65,14.525,0,3.31,0,1.204,0.79,0,3.13
1/16/2026,20:45, ,gtmfmwq_15E101700_010926_080000.bin,Fort Matanzas,GTMNERR,0,51.967,0,34.17,0,2.16,0,99.2,0,8.29,0,8.83,3.21,8.08,0,-85.7,5.65,13.912,0,3.07,0,1.207,1.04,0,4.14
1/16/2026,21:00, ,gtmfmwq_15E101700_010926_080000.bin,Fort Matanzas,GTMNERR,0,51.957,0,34.16,0,2.125,0,97.3,0,8.17,0,9.65,3.5,8.07,0,-85,5.65,13.689,0,3,0,1.206,1.12,0,4.47
1/16/2026,21:15, ,gtmfmwq_15E101700_010926_080000.bin,Fort Matanzas,GTMNERR,0,51.892,0,34.1,0,2.092,0,96.6,0,8.14,0,10.21,3.69,8.06,0,-84.7,5.65,13.549,0,2.81,0,1.204,0.83,0,3.28
1/16/2026,21:30, ,gtmfmwq_15E101700_010926_080000.bin,Fort Matanzas,GTMNERR,0,51.893,0,34.1,0,2.053,0,96.7,0,8.15,0,10.34,3.74,8.07,0,-84.8,5.65,13.496,0,3.12,0,1.202,0.82,0,3.23
1/16/2026,21:45, ,gtmfmwq_15E101700_010926_080000.bin,Fort Matanzas,GTMNERR,0,51.887,0,34.1,0,2.01,0,96.5,0,8.14,0,10.44,3.77,8.07,0,-84.7,5.65,13.457,0,2.77,0,1.202,0.96,0,3.81
1/16/2026,22:00, ,gtmfmwq_15E101700_010926_080000.bin,Fort Matanzas,GTMNERR,0,51.909,0,34.11,0,1.971,0,96.9,0,8.16,0,10.41,3.76,8.07,0,-84.9,5.65,13.503,0,2.78,0,1.198,0.82,0,3.25
1/16/2026,22:15, ,gtmfmwq_15E101700_010926_080000.bin,Fort Matanzas,GTMNERR,0,51.89,0,34.1,0,1.924,0,96.3,0,8.12,0,10.45,3.78,8.07,0,-84.7,5.65,13.495,0,3.01,0,1.193,0.72,0,2.82
1/16/2026,22:30, ,gtmfmwq_15E101700_010926_080000.bin,Fort Matanzas,GTMNERR,0,52.202,0,34.35,0,1.88,0,94.7,0,7.87,0,7.07,2.6,8.08,0,-85.8,5.65,14.108,0,2.73,0,1.19,0.6,0,2.37
1/16/2026,22:45, ,gtmfmwq_15E101700_010926_080000.bin,Fort Matanzas,GTMNERR,0,52.117,0,34.29,0,1.832,0,94.5,0,7.86,0,7.13,2.62,8.08,0,-86,5.65,14.12,0,2.34,0,1.198,0.66,0,2.62
1/16/2026,23:00, ,gtmfmwq_15E101700_010926_080000.bin,Fort Matanzas,GTMNERR,0,52.03,0,34.21,0,1.785,0,93.6,0,7.83,0,8.71,3.17,8.07,0,-85.1,5.65,13.828,0,2.35,0,1.198,0.46,0,1.8
1/16/2026,23:15, ,gtmfmwq_15E101700_010926_080000.bin,Fort Matanzas,GTMNERR,0,52.079,0,34.25,0,1.74,0,95.6,0,8.02,0,8.78,3.2,8.08,0,-85.7,5.65,13.733,0,2.35,0,1.198,0.67,0,2.64
1/16/2026,23:30, ,gtmfmwq_15E101700_010926_080000.bin,Fort Matanzas,GTMNERR,0,51.968,0,34.16,0,1.693,0,96.7,0,8.12,0,9.62,3.49,8.08,0,-85.6,5.65,13.685,0,2.95,0,1.196,0.82,0,3.23
1/16/2026,23:45, ,gtmfmwq_15E101700_010926_080000.bin,Fort Matanzas,GTMNERR,0,51.946,0,34.15,0,1.643,0,97,0,8.15,0,9.73,3.53,8.08,0,-85.6,5.65,13.626,0,2.51,0,1.191,0.76,0,3
1/17/2026,0:00, ,gtmfmwq_15E101700_010926_080000.bin,Fort Matanzas,GTMNERR,0,52.005,0,34.19,0,1.594,0,97.7,0,8.22,0,9.51,3.45,8.09,0,-85.9,5.65,13.607,0,2.76,0,1.204,0.75,0,2.96
1/17/2026,0:15, ,gtmfmwq_15E101700_010926_080000.bin,Fort Matanzas,GTMNERR,0,51.947,0,34.14,0,1.548,0,97.2,0,8.18,0,9.98,3.61,8.08,0,-85.5,5.65,13.569,0,2.66,0,1.188,0.85,0,3.35
1/17/2026,0:30, ,gtmfmwq_15E101700_010926_080000.bin,Fort Matanzas,GTMNERR,0,52.009,0,34.19,0,1.498,0,97.9,0,8.23,0,9.51,3.45,8.09,0,-86,5.65,13.631,0,2.74,0,1.199,0.88,0,3.49
1/17/2026,0:45, ,gtmfmwq_15E101700_010926_080000.bin,Fort Matanzas,GTMNERR,0,51.978,0,34.17,0,1.449,0,97.2,0,8.19,0,9.65,3.5,8.08,0,-85.8,5.65,13.516,0,2.98,0,1.195,0.96,0,3.79
1/17/2026,1:00, ,gtmfmwq_15E101700_010926_080000.bin,Fort Matanzas,GTMNERR,0,52.02,0,34.2,0,1.402,0,97.2,0,8.18,0,9.27,3.37,8.09,0,-86,5.65,13.589,0,2.85,0,1.187,0.85,0,3.36
1/17/2026,1:15, ,gtmfmwq_15E101700_010926_080000.bin,Fort Matanzas,GTMNERR,0,52.018,0,34.19,0,1.356,0,95.2,0,8.04,0,9.79,3.55,8.08,0,-85.3,5.65,13.38,0,2.58,0,1.199,0.78,0,3.08
1/17/2026,1:30, ,gtmfmwq_15E101700_010926_080000.bin,Fort Matanzas,GTMNERR,0,52.026,0,34.2,0,1.319,0,95.9,0,8.1,0,9.63,3.49,8.08,0,-85.5,5.65,13.414,0,2.74,0,1.198,0.79,0,3.14
1/17/2026,1:45, ,gtmfmwq_15E101700_010926_080000.bin,Fort Matanzas,GTMNERR,0,52.046,0,34.21,0,1.287,0,96.2,0,8.12,0,9.4,3.41,8.08,0,-85.7,5.65,13.434,0,2.92,0,1.2,0.95,0,3.76
1/17/2026,2:00, ,gtmfmwq_15E101700_010926_080000.bin,Fort Matanzas,GTMNERR,0,52.089,0,34.26,0,1.267,0,97.3,0,8.14,0,8.59,3.13,8.09,0,-86.5,5.64,13.839,0,2.82,0,1.198,0.99,0,3.95
1/17/2026,2:15, ,gtmfmwq_15E101700_010926_080000.bin,Fort Matanzas,GTMNERR,0,52.167,0,34.33,0,1.267,0,98.2,0,8.12,0,7.42,2.72,8.11,0,-87.5,5.65,14.384,0,2.92,0,1.19,1.02,0,4.06
1/17/2026,2:30, ,gtmfmwq_15E101700_010926_080000.bin,Fort Matanzas,GTMNERR,0,52.185,0,34.36,0,1.297,0,99.9,0,8.18,0,6.71,2.47,8.12,0,-88.2,5.65,14.893,0,3.14,0,1.201,1.12,0,4.45
1/17/2026,2:45, ,gtmfmwq_15E101700_010926_080000.bin,Fort Matanzas,GTMNERR,0,52.151,0,34.34,0,1.338,0,100.5,0,8.24,0,6.76,2.49,8.12,0,-88.2,5.65,14.845,0,3.34,0,1.2,1.51,0,6.02
1/17/2026,3:00, ,gtmfmwq_15E101700_010926_080000.bin,Fort Matanzas,GTMNERR,0,52.158,0,34.34,0,1.386,0,100.5,0,8.23,0,6.72,2.48,8.12,0,-88.3,5.65,14.87,0,3.08,0,1.199,1.35,0,5.38
1/17/2026,3:15, ,gtmfmwq_15E101700_010926_080000.bin,Fort Matanzas,GTMNERR,0,52.07,0,34.27,0,1.445,0,101.8,0,8.37,0,7.02,2.58,8.12,0,-88.2,5.65,14.704,0,3.57,0,1.202,1.1,0,4.36
1/17/2026,3:30, ,gtmfmwq_15E101700_010926_080000.bin,Fort Matanzas,GTMNERR,0,51.964,0,34.19,0,1.51,0,102.2,0,8.44,0,7.65,2.8,8.12,0,-88,5.65,14.499,0,3.91,0,1.203,1.2,0,4.78
1/17/2026,3:45, ,gtmfmwq_15E101700_010926_080000.bin,Fort Matanzas,GTMNERR,0,51.928,0,34.16,0,1.579,0,101.7,0,8.41,0,7.72,2.82,8.12,0,-87.9,5.65,14.451,0,3.66,0,1.202,1.59,0,6.36
1/17/2026,4:00, ,gtmfmwq_15E101700_010926_080000.bin,Fort Matanzas,GTMNERR,0,52.083,0,34.28,0,1.651,0,100.4,0,8.25,0,6.83,2.51,8.12,0,-88.1,5.65,14.748,0,2.92,0,1.204,1.26,0,5.03
1/17/2026,4:15, ,gtmfmwq_15E101700_010926_080000.bin,Fort Matanzas,GTMNERR,0,52.124,0,34.32,0,1.717,0,100.5,0,8.24,0,6.54,2.41,8.12,0,-88.2,5.65,14.838,0,3.02,0,1.2,1.14,0,4.54
1/17/2026,4:30, ,gtmfmwq_15E101700_010926_080000.bin,Fort Matanzas,GTMNERR,0,52.067,0,34.27,0,1.783,0,100.6,0,8.27,0,6.89,2.53,8.12,0,-87.9,5.64,14.69,0,3.01,0,1.2,1.13,0,4.49
1/17/2026,4:45, ,gtmfmwq_15E101700_010926_080000.bin,Fort Matanzas,GTMNERR,0,52.043,0,34.25,0,1.847,0,100.8,0,8.31,0,7.03,2.58,8.11,0,-87.9,5.65,14.614,0,2.78,0,1.195,1.39,0,5.56
1/17/2026,5:00, ,gtmfmwq_15E101700_010926_080000.bin,Fort Matanzas,GTMNERR,0,52.07,0,34.27,0,1.904,0,100.5,0,8.26,0,6.76,2.49,8.11,0,-87.8,5.65,14.682,0,2.79,0,1.188,0.86,0,3.41
1/17/2026,5:15, ,gtmfmwq_15E101700_010926_080000.bin,Fort Matanzas,GTMNERR,0,52.109,0,34.3,0,1.969,0,99.8,0,8.19,0,6.65,2.45,8.11,0,-87.7,5.65,14.785,0,3.1,0,1.201,1.08,0,4.28
1/17/2026,5:30, ,gtmfmwq_15E101700_010926_080000.bin,Fort Matanzas,GTMNERR,0,52.158,0,34.34,0,2.032,0,99.2,0,8.12,0,6.37,2.35,8.11,0,-87.9,5.65,14.897,0,2.32,0,1.199,0.92,0,3.66
1/17/2026,5:45, ,gtmfmwq_15E101700_010926_080000.bin,Fort Matanzas,GTMNERR,0,52.175,0,34.36,0,2.102,0,98.9,0,8.09,0,6.31,2.33,8.11,0,-87.9,5.64,14.942,0,2.26,0,1.205,0.79,0,3.13
1/17/2026,6:00, ,gtmfmwq_15E101700_010926_080000.bin,Fort Matanzas,GTMNERR,0,52.182,0,34.36,0,2.157,0,98.2,0,8.03,0,6.22,2.3,8.11,0,-87.7,5.65,14.937,0,2.31,0,1.199,1.17,0,4.64
1/17/2026,6:15, ,gtmfmwq_15E101700_010926_080000.bin,Fort Matanzas,GTMNERR,0,52.184,0,34.36,0,2.214,0,97,0,7.94,0,6.23,2.31,8.11,0,-87.4,5.65,14.884,0,2.16,0,1.195,1.07,0,4.26
1/17/2026,6:30, ,gtmfmwq_15E101700_010926_080000.bin,Fort Matanzas,GTMNERR,0,52.191,0,34.36,0,2.275,0,94.2,0,7.71,0,6.1,2.26,8.1,0,-86.8,5.64,14.842,0,2.37,0,1.188,0.48,0,1.88
1/17/2026,6:45, ,gtmfmwq_15E101700_010926_080000.bin,Fort Matanzas,GTMNERR,0,52.198,0,34.37,0,2.336,0,94.6,0,7.76,0,6.02,2.23,8.09,0,-86.6,5.65,14.759,0,2.51,0,1.202,0.73,0,2.87
1/17/2026,7:00, ,gtmfmwq_15E101700_010926_080000.bin,Fort Matanzas,GTMNERR,0,52.199,0,34.37,0,2.398,0,90.9,0,7.46,0,6.02,2.23,8.08,0,-85.6,5.64,14.753,0,2.6,0,1.204,0.4,0,1.54
1/17/2026,7:15, ,gtmfmwq_15E101700_010926_080000.bin,Fort Matanzas,GTMNERR,0,52.2,0,34.37,0,2.444,0,82.1,0,6.74,0,5.94,2.2,8.04,0,-83.8,5.64,14.766,0,2.52,0,1.204,0.79,0,3.11
1/17/2026,7:30, ,gtmfmwq_15E101700_010926_080000.bin,Fort Matanzas,GTMNERR,0,52.203,0,34.37,0,2.474,0,78.2,0,6.41,0,5.92,2.2,8.03,0,-82.9,5.65,14.778,0,2.52,0,1.203,0.54,0,2.1
1/17/2026,7:45, ,gtmfmwq_15E101700_010926_080000.bin,Fort Matanzas,GTMNERR,0,52.198,0,34.37,0,2.497,0,86.8,0,7.12,0,6.05,2.24,8.06,0,-84.8,5.64,14.808,0,3.09,0,1.202,0.71,0,2.8
1/17/2026,8:00, ,gtmfmwq_15E101700_010926_080000.bin,Fort Matanzas,GTMNERR,0,52.189,0,34.36,0,2.519,0,92.8,0,7.61,0,6.17,2.28,8.09,0,-86.4,5.65,14.82,0,2.67,0,1.195,4.59,0,18.46
1/17/2026,8:15, ,gtmfmwq_15E101700_010926_080000.bin,Fort Matanzas,GTMNERR,0,52.128,0,34.32,0,2.525,0,96.3,0,7.91,0,6.48,2.39,8.1,0,-87.1,5.65,14.763,0,2.73,0,1.198,1.15,0,4.6
1/17/2026,8:30, ,gtmfmwq_15E101700_010926_080000.bin,Fort Matanzas,GTMNERR,0,52.001,0,34.21,0,2.502,0,98.3,0,8.12,0,7.15,2.63,8.1,0,-87.2,5.64,14.471,0,2.63,0,1.205,0.9,0,3.56
1/17/2026,8:45, ,gtmfmwq_15E101700_010926_080000.bin,Fort Matanzas,GTMNERR,0,52.07,0,34.26,0,2.466,0,97.4,0,8.09,0,7.69,2.81,8.1,0,-86.9,5.63,14.235,0,3.13,0,1.193,0.89,0,3.52
1/17/2026,9:00, ,gtmfmwq_15E101700_010926_080000.bin,Fort Matanzas,GTMNERR,0,52.049,0,34.22,0,2.422,0,95.6,0,8.04,0,9.04,3.29,8.08,0,-85.8,5.64,13.582,0,4.01,0,1.202,0.77,0,3.04
1/17/2026,9:15, ,gtmfmwq_15E101700_010926_080000.bin,Fort Matanzas,GTMNERR,0,51.988,0,34.16,0,2.382,0,95.1,0,8.08,0,10.45,3.78,8.08,0,-85.4,5.65,13.136,0,3.29,0,1.201,0.62,0,2.44
1/17/2026,9:30, ,gtmfmwq_15E101700_010926_080000.bin,Fort Matanzas,GTMNERR,0,51.903,0,34.09,0,2.345,0,95.2,0,8.11,0,11.27,4.06,8.07,0,-85.2,5.62,13.016,0,3.6,0,1.198,0.61,0,2.38
1/17/2026,9:45, ,gtmfmwq_15E101700_010926_080000.bin,Fort Matanzas,GTMNERR,0,51.835,0,34.03,0,2.297,0,94.9,0,8.11,0,11.99,4.31,8.07,0,-84.7,5.63,12.888,0,3.63,0,1.197,0.6,0,2.34
1/17/2026,10:00, ,gtmfmwq_15E101700_010926_080000.bin,Fort Matanzas,GTMNERR,0,51.799,0,34.01,0,2.242,0,94.6,0,8.08,0,12.29,4.42,8.07,0,-84.6,5.63,12.872,0,4.09,0,1.198,0.55,0,2.14
1/17/2026,10:15, ,gtmfmwq_15E101700_010926_080000.bin,Fort Matanzas,GTMNERR,0,51.825,0,34.03,0,2.182,0,94.2,0,8.04,0,11.88,4.28,8.06,0,-84.5,5.61,12.946,0,3.47,0,1.196,0.51,0,2.01
1/17/2026,10:30, ,gtmfmwq_15E101700_010926_080000.bin,Fort Matanzas,GTMNERR,0,51.76,0,33.98,0,2.132,0,94.3,0,8.06,0,12.33,4.43,8.06,0,-84.3,5.62,12.88,0,3.79,0,1.192,0.56,0,2.2
1/17/2026,10:45, ,gtmfmwq_15E101700_010926_080000.bin,Fort Matanzas,GTMNERR,0,51.768,0,33.99,0,2.082,0,94.2,0,8.03,0,11.86,4.27,8.06,0,-84.4,5.63,12.96,0,3.11,0,1.188,0.49,0,1.92
1/17/2026,11:00, ,gtmfmwq_15E101700_010926_080000.bin,Fort Matanzas,GTMNERR,0,51.782,0,34.01,0,2.035,0,93.6,0,7.96,0,11.94,4.3,8.06,0,-84.2,5.64,13.123,0,3.21,0,1.195,0.51,0,2
1/17/2026,11:15, ,gtmfmwq_15E101700_010926_080000.bin,Fort Matanzas,GTMNERR,0,51.767,0,33.99,0,1.988,0,91.7,0,7.81,0,12.08,4.35,8.05,0,-83.6,5.61,13.072,0,2.64,0,1.2,0.46,0,1.81
1/17/2026,11:30, ,gtmfmwq_15E101700_010926_080000.bin,Fort Matanzas,GTMNERR,0,52.161,0,34.35,0,1.933,0,103.3,0,8.43,0,7.09,2.6,8.1,0,-86.9,5.62,15.052,0,2.37,0,1.199,0.38,0,1.49
1/17/2026,11:45, ,gtmfmwq_15E101700_010926_080000.bin,Fort Matanzas,GTMNERR,0,51.906,0,34.13,0,1.883,0,98.2,0,8.19,0,9.64,3.49,8.08,0,-85.5,5.63,14.06,0,2.54,0,1.2,0.34,0,1.31
1/17/2026,12:00, ,gtmfmwq_15E101700_010926_080000.bin,Fort Matanzas,GTMNERR,0,51.796,0,34.03,0,1.831,0,94.5,0,7.99,0,11.1,4.01,8.06,0,-84.5,5.61,13.387,0,2.67,0,1.198,0.42,0,1.64
1/17/2026,12:15, ,gtmfmwq_15E101700_010926_080000.bin,Fort Matanzas,GTMNERR,0,51.918,0,34.12,0,1.785,0,95.6,0,8.07,0,10.1,3.66,8.07,0,-84.9,5.63,13.437,0,2.52,0,1.194,0.44,0,1.7
1/17/2026,12:30, ,gtmfmwq_15E101700_010926_080000.bin,Fort Matanzas,GTMNERR,0,51.796,0,34.03,0,1.733,0,96.6,0,8.16,0,11.16,4.02,8.07,0,-84.8,5.62,13.403,0,2.87,0,1.189,0.48,0,1.89
1/17/2026,12:45, ,gtmfmwq_15E101700_010926_080000.bin,Fort Matanzas,GTMNERR,0,51.931,0,34.13,0,1.686,0,97.6,0,8.22,0,9.65,3.5,8.08,0,-85.4,5.6,13.584,0,2.25,0,1.188,0.47,0,1.85
1/17/2026,13:00, ,gtmfmwq_15E101700_010926_080000.bin,Fort Matanzas,GTMNERR,0,51.797,0,34.03,0,1.636,0,97.5,0,8.21,0,10.23,3.7,8.08,0,-85.4,5.62,13.591,0,2.51,0,1.195,0.54,0,2.13
1/17/2026,13:15, ,gtmfmwq_15E101700_010926_080000.bin,Fort Matanzas,GTMNERR,0,51.969,0,34.17,0,1.585,0,97.9,0,8.21,0,9.43,3.42,8.08,0,-85.7,5.62,13.699,0,2.41,0,1.199,0.48,0,1.86
1/17/2026,13:30, ,gtmfmwq_15E101700_010926_080000.bin,Fort Matanzas,GTMNERR,0,51.969,0,34.18,0,1.531,0,99.4,0,8.3,0,9.24,3.36,8.08,0,-85.7,5.6,13.975,0,2.63,0,1.2,0.46,0,1.81
1/17/2026,13:45, ,gtmfmwq_15E101700_010926_080000.bin,Fort Matanzas,GTMNERR,0,51.936,0,34.15,0,1.481,0,99.5,0,8.3,0,9.36,3.4,8.08,0,-85.7,5.62,13.991,0,2.66,0,1.199,0.47,0,1.83
1/17/2026,14:00, ,gtmfmwq_15E101700_010926_080000.bin,Fort Matanzas,GTMNERR,0,51.874,0,34.1,0,1.43,0,99.4,0,8.31,0,10.16,3.68,8.08,0,-85.5,5.62,13.909,0,2.95,0,1.194,0.49,0,1.93
1/17/2026,14:15, ,gtmfmwq_15E101700_010926_080000.bin,Fort Matanzas,GTMNERR,0,51.889,0,34.12,0,1.384,0,99.5,0,8.31,0,10.06,3.64,8.07,0,-85.4,5.63,13.987,0,2.95,0,1.199,0.53,0,2.06
1/17/2026,14:30, ,gtmfmwq_15E101700_010926_080000.bin,Fort Matanzas,GTMNERR,0,51.912,0,34.14,0,1.342,0,99.8,0,8.32,0,9.7,3.51,8.08,0,-85.5,5.61,14.056,0,2.98,0,1.194,0.5,0,1.96
1/17/2026,14:45, ,gtmfmwq_15E101700_010926_080000.bin,Fort Matanzas,GTMNERR,0,51.961,0,34.18,0,1.31,0,100.5,0,8.34,0,9.33,3.39,8.08,0,-85.7,5.61,14.27,0,3.36,0,1.19,0.49,0,1.91
1/17/2026,15:00, ,gtmfmwq_15E101700_010926_080000.bin,Fort Matanzas,GTMNERR,0,52.023,0,34.23,0,1.283,0,101.6,0,8.37,0,8.62,3.14,8.09,0,-86.1,5.63,14.594,0,3.07,0,1.194,0.61,0,2.41
1/17/2026,15:15, ,gtmfmwq_15E101700_010926_080000.bin,Fort Matanzas,GTMNERR,0,52.129,0,34.33,0,1.284,0,103.7,0,8.43,0,7.17,2.63,8.1,0,-87.3,5.61,15.246,0,3.14,0,1.2,0.82,0,3.26
1/17/2026,15:30, ,gtmfmwq_15E101700_010926_080000.bin,Fort Matanzas,GTMNERR,0,52.172,0,34.37,0,1.295,0,105.6,0,8.49,0,6.06,2.25,8.11,0,-88,5.61,15.792,0,2.89,0,1.19,1.06,0,4.22
1/17/2026,15:45, ,gtmfmwq_15E101700_010926_080000.bin,Fort Matanzas,GTMNERR,0,52.173,0,34.38,0,1.322,0,106.3,0,8.52,0,5.77,2.15,8.12,0,-88.3,5.63,15.969,0,3.1,0,1.199,2.66,0,10.66
1/17/2026,16:00, ,gtmfmwq_15E101700_010926_080000.bin,Fort Matanzas,GTMNERR,0,52.198,0,34.4,0,1.361,0,106.8,0,8.54,0,5.65,2.1,8.12,0,-88.4,5.61,16.046,0,2.92,0,1.2,0.94,0,3.74
1/17/2026,16:15, ,gtmfmwq_15E101700_010926_080000.bin,Fort Matanzas,GTMNERR,0,52.166,0,34.37,0,1.41,0,106.1,0,8.51,0,5.6,2.09,8.12,0,-88.3,5.63,15.912,0,3.37,0,1.195,1.29,0,5.13
1/17/2026,16:30, ,gtmfmwq_15E101700_010926_080000.bin,Fort Matanzas,GTMNERR,0,52.119,0,34.34,0,1.469,0,106,0,8.52,0,5.96,2.21,8.11,0,-88.1,5.64,15.851,0,3.35,0,1.194,1.09,0,4.32
1/17/2026,16:45, ,gtmfmwq_15E101700_010926_080000.bin,Fort Matanzas,GTMNERR,0,52.072,0,34.3,0,1.519,0,106,0,8.53,0,6.09,2.25,8.11,0,-88,5.61,15.803,0,3.08,0,1.195,1.03,0,4.08
1/17/2026,17:00, ,gtmfmwq_15E101700_010926_080000.bin,Fort Matanzas,GTMNERR,0,52.048,0,34.28,0,1.58,0,106,0,8.52,0,6.26,2.31,8.11,0,-88,5.62,15.791,0,3.65,0,1.196,1.11,0,4.39
1/17/2026,17:15, ,gtmfmwq_15E101700_010926_080000.bin,Fort Matanzas,GTMNERR,0,52.157,0,34.37,0,1.635,0,106,0,8.49,0,5.7,2.12,8.12,0,-88.2,5.62,15.989,0,3.27,0,1.187,1.13,0,4.51
1/17/2026,17:30, ,gtmfmwq_15E101700_010926_080000.bin,Fort Matanzas,GTMNERR,0,52.175,0,34.38,0,1.697,0,105.8,0,8.47,0,5.65,2.1,8.12,0,-88.2,5.64,16.02,0,3.31,0,1.206,1.64,0,6.55
1/17/2026,17:45, ,gtmfmwq_15E101700_010926_080000.bin,Fort Matanzas,GTMNERR,0,52.169,0,34.38,0,1.748,0,105.6,0,8.46,0,5.65,2.1,8.11,0,-88.1,5.63,16.003,0,2.84,0,1.198,1.2,0,4.8
1/17/2026,18:00, ,gtmfmwq_15E101700_010926_080000.bin,Fort Matanzas,GTMNERR,0,52.152,0,34.36,0,1.808,0,105.2,0,8.43,0,5.7,2.12,8.11,0,-87.9,5.62,15.964,0,2.88,0,1.197,0.8,0,3.18
1/17/2026,18:15, ,gtmfmwq_15E101700_010926_080000.bin,Fort Matanzas,GTMNERR,0,52.142,0,34.35,0,1.853,0,104.9,0,8.41,0,5.59,2.08,8.11,0,-87.8,5.63,15.937,0,2.99,0,1.195,1.27,0,5.05
1/17/2026,18:30, ,gtmfmwq_15E101700_010926_080000.bin,Fort Matanzas,GTMNERR,0,52.149,0,34.36,0,1.9,0,103.5,0,8.3,0,5.53,2.06,8.1,0,-87.5,5.61,15.91,0,3.27,0,1.196,1.01,0,4
1/17/2026,18:45, ,gtmfmwq_15E101700_010926_080000.bin,Fort Matanzas,GTMNERR,0,52.176,0,34.38,0,1.951,0,102.7,0,8.24,0,5.51,2.05,8.1,0,-87.4,5.62,15.924,0,2.32,0,1.193,0.9,0,3.56
1/17/2026,19:00, ,gtmfmwq_15E101700_010926_080000.bin,Fort Matanzas,GTMNERR,0,52.171,0,34.38,0,2.002,0,96.5,0,7.74,0,5.42,2.02,8.07,0,-85.7,5.63,15.92,0,3,0,1.196,0.93,0,3.68
1/17/2026,19:15, ,gtmfmwq_15E101700_010926_080000.bin,Fort Matanzas,GTMNERR,0,52.172,0,34.38,0,2.039,0,82.8,0,6.64,0,5.43,2.03,8.03,0,-83.2,5.61,15.923,0,2.97,0,1.193,0.93,0,3.68
1/17/2026,19:30, ,gtmfmwq_15E101700_010926_080000.bin,Fort Matanzas,GTMNERR,0,52.18,0,34.38,0,2.075,0,83.5,0,6.7,0,5.18,1.94,8.03,0,-83.1,5.62,15.929,0,2.59,0,1.189,0.59,0,2.31
1/17/2026,19:45, ,gtmfmwq_15E101700_010926_080000.bin,Fort Matanzas,GTMNERR,0,52.173,0,34.38,0,2.107,0,87.5,0,7.02,0,5.34,1.99,8.03,0,-83.4,5.62,15.936,0,2.91,0,1.195,0.68,0,2.69
1/17/2026,20:00, ,gtmfmwq_15E101700_010926_080000.bin,Fort Matanzas,GTMNERR,0,52.158,0,34.37,0,2.13,0,93.6,0,7.51,0,5.4,2.01,8.06,0,-85,5.62,15.927,0,2.59,0,1.195,0.74,0,2.92
1/17/2026,20:15, ,gtmfmwq_15E101700_010926_080000.bin,Fort Matanzas,GTMNERR,0,52.145,0,34.36,0,2.144,0,89.1,0,7.15,0,5.84,2.17,8.04,0,-83.7,5.61,15.918,0,2.33,0,1.194,0.6,0,2.35
1/17/2026,20:30, ,gtmfmwq_15E101700_010926_080000.bin,Fort Matanzas,GTMNERR,0,52.073,0,34.3,0,2.137,0,100.9,0,8.11,0,6.1,2.26,8.09,0,-86.4,5.61,15.87,0,2.71,0,1.196,0.98,0,3.9
1/17/2026,20:45, ,gtmfmwq_15E101700_010926_080000.bin,Fort Matanzas,GTMNERR,0,52.051,0,34.29,0,2.118,0,101.9,0,8.2,0,6.29,2.33,8.09,0,-86.8,5.62,15.823,0,2.79,0,1.199,1.07,0,4.24
1/17/2026,21:00, ,gtmfmwq_15E101700_010926_080000.bin,Fort Matanzas,GTMNERR,0,52.066,0,34.3,0,2.091,0,102.8,0,8.27,0,6.36,2.35,8.1,0,-87,5.61,15.762,0,2.73,0,1.198,1.24,0,4.94
1/17/2026,21:15, ,gtmfmwq_15E101700_010926_080000.bin,Fort Matanzas,GTMNERR,0,52.083,0,34.31,0,2.062,0,102.6,0,8.27,0,6.61,2.44,8.09,0,-86.8,5.61,15.694,0,2.77,0,1.199,1.29,0,5.14
1/17/2026,21:30, ,gtmfmwq_15E101700_010926_080000.bin,Fort Matanzas,GTMNERR,0,52.013,0,34.24,0,2.029,0,100.8,0,8.22,0,7.86,2.87,8.08,0,-86,5.63,15.12,0,2.77,0,1.204,0.86,0,3.4
1/17/2026,21:45, ,gtmfmwq_15E101700_010926_080000.bin,Fort Matanzas,GTMNERR,0,51.971,0,34.2,0,1.996,0,100.2,0,8.22,0,8.39,3.06,8.07,0,-85.3,5.61,14.843,0,2.9,0,1.192,0.9,0,3.56
1/17/2026,22:00, ,gtmfmwq_15E101700_010926_080000.bin,Fort Matanzas,GTMNERR,0,51.949,0,34.18,0,1.959,0,100.3,0,8.24,0,8.63,3.14,8.07,0,-85.3,5.6,14.755,0,3.08,0,1.192,0.81,0,3.2
1/17/2026,22:15, ,gtmfmwq_15E101700_010926_080000.bin,Fort Matanzas,GTMNERR,0,51.949,0,34.18,0,1.918,0,100.4,0,8.25,0,8.73,3.18,8.07,0,-85.2,5.61,14.723,0,2.67,0,1.207,0.87,0,3.44
1/17/2026,22:30, ,gtmfmwq_15E101700_010926_080000.bin,Fort Matanzas,GTMNERR,0,51.901,0,34.15,0,1.872,0,101.1,0,8.32,0,9,3.27,8.07,0,-85.3,5.6,14.687,0,2.53,0,1.196,0.71,0,2.82
1/17/2026,22:45, ,gtmfmwq_15E101700_010926_080000.bin,Fort Matanzas,GTMNERR,0,51.923,0,34.16,0,1.828,0,101.3,0,8.33,0,8.85,3.22,8.07,0,-85.4,5.6,14.727,0,2.81,0,1.193,0.79,0,3.14
1/17/2026,23:00, ,gtmfmwq_15E101700_010926_080000.bin,Fort Matanzas,GTMNERR,0,51.951,0,34.19,0,1.782,0,101.2,0,8.3,0,8.83,3.21,8.07,0,-85.5,5.61,14.814,0,2.5,0,1.196,0.82,0,3.24
1/17/2026,23:15, ,gtmfmwq_15E101700_010926_080000.bin,Fort Matanzas,GTMNERR,0,52.072,0,34.29,0,1.733,0,94.6,0,7.66,0,7.32,2.69,8.05,0,-84.4,5.6,15.465,0,2.58,0,1.198,0.67,0,2.65
1/17/2026,23:30, ,gtmfmwq_15E101700_010926_080000.bin,Fort Matanzas,GTMNERR,0,52.139,0,34.34,0,1.689,0,88.2,0,7.13,0,7.12,2.61,8.03,0,-83,5.6,15.573,0,1.9,0,1.196,0.33,0,1.26
1/17/2026,23:45, ,gtmfmwq_15E101700_010926_080000.bin,Fort Matanzas,GTMNERR,0,52.049,0,34.27,0,1.641,0,96.6,0,7.86,0,7.81,2.86,8.06,0,-84.9,5.61,15.244,0,2.55,0,1.199,0.76,0,2.99
1/18/2026,0:00, ,gtmfmwq_15E101700_010926_080000.bin,Fort Matanzas,GTMNERR,0,52.044,0,34.27,0,1.593,0,95.4,0,7.75,0,7.75,2.84,8.05,0,-84.2,5.6,15.303,0,2.41,0,1.196,0.63,0,2.47
1/18/2026,0:15, ,gtmfmwq_15E101700_010926_080000.bin,Fort Matanzas,GTMNERR,0,51.977,0,34.21,0,1.544,0,98.8,0,8.07,0,8.18,2.99,8.07,0,-85.5,5.6,15.014,0,2.68,0,1.198,0.69,0,2.74
1/18/2026,0:30, ,gtmfmwq_15E101700_010926_080000.bin,Fort Matanzas,GTMNERR,0,51.992,0,34.23,0,1.497,0,98.9,0,8.06,0,8.36,3.05,8.07,0,-85.4,5.6,15.109,0,2.49,0,1.207,0.66,0,2.58
1/18/2026,0:45, ,gtmfmwq_15E101700_010926_080000.bin,Fort Matanzas,GTMNERR,0,51.978,0,34.21,0,1.443,0,99.5,0,8.12,0,8.36,3.05,8.07,0,-85.5,5.62,15.071,0,2.42,0,1.196,0.77,0,3.05
1/18/2026,1:00, ,gtmfmwq_15E101700_010926_080000.bin,Fort Matanzas,GTMNERR,0,51.985,0,34.22,0,1.39,0,99.5,0,8.13,0,8.34,3.04,8.07,0,-85.6,5.59,15.071,0,2.56,0,1.198,0.75,0,2.95
1/18/2026,1:15, ,gtmfmwq_15E101700_010926_080000.bin,Fort Matanzas,GTMNERR,0,51.998,0,34.23,0,1.341,0,98.8,0,8.06,0,8.23,3,8.07,0,-85.4,5.6,15.118,0,2.39,0,1.206,0.7,0,2.78
1/18/2026,1:30, ,gtmfmwq_15E101700_010926_080000.bin,Fort Matanzas,GTMNERR,0,52,0,34.23,0,1.293,0,96.9,0,7.89,0,8.25,3.01,8.06,0,-85,5.6,15.203,0,2.71,0,1.205,0.73,0,2.89
1/18/2026,1:45, ,gtmfmwq_15E101700_010926_080000.bin,Fort Matanzas,GTMNERR,0,51.988,0,34.22,0,1.24,0,97.7,0,7.97,0,8.34,3.04,8.07,0,-85.3,5.59,15.124,0,2.66,0,1.206,0.78,0,3.08
1/18/2026,2:00, ,gtmfmwq_15E101700_010926_080000.bin,Fort Matanzas,GTMNERR,0,52.008,0,34.24,0,1.19,0,99.2,0,8.1,0,8.22,3,8.07,0,-85.6,5.6,15.063,0,2.51,0,1.202,0.78,0,3.1
1/18/2026,2:15, ,gtmfmwq_15E101700_010926_080000.bin,Fort Matanzas,GTMNERR,0,52.098,0,34.31,0,1.149,0,95.6,0,7.76,0,7.9,2.89,8.06,0,-85,5.61,15.325,0,3.09,0,1.203,0.73,0,2.87
1/18/2026,2:30, ,gtmfmwq_15E101700_010926_080000.bin,Fort Matanzas,GTMNERR,0,52.072,0,34.29,0,1.127,0,97.2,0,7.9,0,7.9,2.89,8.07,0,-85.4,5.59,15.303,0,2.73,0,1.207,0.84,0,3.33
1/18/2026,2:45, ,gtmfmwq_15E101700_010926_080000.bin,Fort Matanzas,GTMNERR,0,52.182,0,34.38,0,1.123,0,97.4,0,7.83,0,6.52,2.41,8.08,0,-86.4,5.6,15.79,0,2.83,0,1.198,1.1,0,4.37
1/18/2026,3:00, ,gtmfmwq_15E101700_010926_080000.bin,Fort Matanzas,GTMNERR,0,52.18,0,34.38,0,1.158,0,98.4,0,7.88,0,5.99,2.22,8.09,0,-86.7,5.6,16.027,0,2.76,0,1.199,0.89,0,3.53
1/18/2026,3:15, ,gtmfmwq_15E101700_010926_080000.bin,Fort Matanzas,GTMNERR,0,52.133,0,34.35,0,1.19,0,99.3,0,7.95,0,5.97,2.21,8.09,0,-86.7,5.61,16.034,0,2.79,0,1.196,3.41,0,13.7
1/18/2026,3:30, ,gtmfmwq_15E101700_010926_080000.bin,Fort Matanzas,GTMNERR,0,52.136,0,34.35,0,1.243,0,99.8,0,7.99,0,5.87,2.18,8.09,0,-86.9,5.6,16.052,0,2.87,0,1.198,0.96,0,3.82
1/18/2026,3:45, ,gtmfmwq_15E101700_010926_080000.bin,Fort Matanzas,GTMNERR,0,52.047,0,34.29,0,1.303,0,100.7,0,8.07,0,6.04,2.24,8.09,0,-86.9,5.6,15.982,0,2.43,0,1.198,1.13,0,4.48
1/18/2026,4:00, ,gtmfmwq_15E101700_010926_080000.bin,Fort Matanzas,GTMNERR,0,51.755,0,34.07,0,1.364,0,103.6,0,8.36,0,7.52,2.75,8.1,0,-87,5.61,15.711,0,2.94,0,1.188,1.1,0,4.38
1/18/2026,4:15, ,gtmfmwq_15E101700_010926_080000.bin,Fort Matanzas,GTMNERR,0,51.563,0,33.92,0,1.43,0,104.5,0,8.47,0,8.51,3.1,8.1,0,-87,5.59,15.548,0,2.9,0,1.2,1.12,0,4.47
1/18/2026,4:30, ,gtmfmwq_15E101700_010926_080000.bin,Fort Matanzas,GTMNERR,0,51.625,0,33.97,0,1.514,0,103.4,0,8.37,0,8.3,3.03,8.09,0,-86.7,5.59,15.587,0,3.09,0,1.195,1.12,0,4.47
1/18/2026,4:45, ,gtmfmwq_15E101700_010926_080000.bin,Fort Matanzas,GTMNERR,0,51.784,0,34.09,0,1.592,0,101.9,0,8.22,0,7.49,2.74,8.09,0,-86.7,5.61,15.725,0,2.74,0,1.198,1.08,0,4.29
1/18/2026,5:00, ,gtmfmwq_15E101700_010926_080000.bin,Fort Matanzas,GTMNERR,0,51.777,0,34.08,0,1.657,0,101.7,0,8.2,0,7.47,2.74,8.09,0,-86.7,5.59,15.736,0,2.62,0,1.195,0.95,0,3.77
1/18/2026,5:15, ,gtmfmwq_15E101700_010926_080000.bin,Fort Matanzas,GTMNERR,0,51.784,0,34.09,0,1.728,0,101.8,0,8.21,0,7.41,2.72,8.09,0,-86.7,5.59,15.736,0,2.51,0,1.199,0.97,0,3.85
1/18/2026,5:30, ,gtmfmwq_15E101700_010926_080000.bin,Fort Matanzas,GTMNERR,0,51.845,0,34.13,0,1.797,0,101.6,0,8.18,0,7.1,2.61,8.09,0,-86.7,5.6,15.787,0,2.48,0,1.198,0.92,0,3.66
1/18/2026,5:45, ,gtmfmwq_15E101700_010926_080000.bin,Fort Matanzas,GTMNERR,0,51.877,0,34.16,0,1.864,0,101,0,8.12,0,6.82,2.51,8.09,0,-86.6,5.59,15.841,0,2.74,0,1.198,0.83,0,3.3
1/18/2026,6:00, ,gtmfmwq_15E101700_010926_080000.bin,Fort Matanzas,GTMNERR,0,51.976,0,34.23,0,1.931,0,99.9,0,8.02,0,6.39,2.36,8.09,0,-86.6,5.6,15.926,0,2.69,0,1.194,1.07,0,4.23
1/18/2026,6:15, ,gtmfmwq_15E101700_010926_080000.bin,Fort Matanzas,GTMNERR,0,52.065,0,34.3,0,2.003,0,98.8,0,7.92,0,5.95,2.21,8.09,0,-86.6,5.6,15.991,0,2.45,0,1.187,1.09,0,4.32
1/18/2026,6:30, ,gtmfmwq_15E101700_010926_080000.bin,Fort Matanzas,GTMNERR,0,52.152,0,34.36,0,2.079,0,98.1,0,7.85,0,5.66,2.11,8.09,0,-86.5,5.6,16.034,0,2.2,0,1.188,0.73,0,2.87
1/18/2026,6:45, ,gtmfmwq_15E101700_010926_080000.bin,Fort Matanzas,GTMNERR,0,52.18,0,34.38,0,2.155,0,96.3,0,7.71,0,5.54,2.06,8.08,0,-86.2,5.59,16.039,0,2.21,0,1.205,0.87,0,3.45
1/18/2026,7:00, ,gtmfmwq_15E101700_010926_080000.bin,Fort Matanzas,GTMNERR,0,52.18,0,34.38,0,2.224,0,96.6,0,7.73,0,5.39,2.01,8.08,0,-86.2,5.59,16.002,0,2.09,0,1.202,1.35,0,5.4
1/18/2026,7:15, ,gtmfmwq_15E101700_010926_080000.bin,Fort Matanzas,GTMNERR,0,52.19,0,34.39,0,2.299,0,95.4,0,7.64,0,5.53,2.06,8.07,0,-85.7,5.6,16.002,0,2.19,0,1.198,0.86,0,3.42
1/18/2026,7:30, ,gtmfmwq_15E101700_010926_080000.bin,Fort Matanzas,GTMNERR,0,52.194,0,34.39,0,2.367,0,92.9,0,7.44,0,5.33,1.99,8.07,0,-85.3,5.59,16.017,0,2.32,0,1.195,0.56,0,2.2
1/18/2026,7:45, ,gtmfmwq_15E101700_010926_080000.bin,Fort Matanzas,GTMNERR,0,52.199,0,34.4,0,2.436,0,82.8,0,6.63,0,5.16,1.93,8.03,0,-83,5.59,16.026,0,2.33,0,1.202,0.33,0,1.26
1/18/2026,8:00, ,gtmfmwq_15E101700_010926_080000.bin,Fort Matanzas,GTMNERR,0,52.202,0,34.4,0,2.487,0,63.2,0,5.05,0,5.48,2.04,7.95,0,-78.5,5.6,16.039,0,2.3,0,1.201,0.27,0,1.01
1/18/2026,8:15, ,gtmfmwq_15E101700_010926_080000.bin,Fort Matanzas,GTMNERR,0,52.198,0,34.4,0,2.522,0,78.3,0,6.27,0,5.39,2.01,8,0,-81.5,5.59,16.039,0,2.76,0,1.203,2.18,0,8.74
1/18/2026,8:30, ,gtmfmwq_15E101700_010926_080000.bin,Fort Matanzas,GTMNERR,0,52.198,0,34.4,0,2.546,0,84.1,0,6.73,0,5.46,2.03,8.04,0,-83.6,5.59,16.026,0,2.26,0,1.199,0.47,0,1.85
1/18/2026,8:45, ,gtmfmwq_15E101700_010926_080000.bin,Fort Matanzas,GTMNERR,0,52.143,0,34.36,0,2.559,0,93.8,0,7.51,0,5.58,2.08,8.06,0,-84.7,5.59,16.003,0,2.13,0,1.192,0.84,0,3.31
1/18/2026,9:00, ,gtmfmwq_15E101700_010926_080000.bin,Fort Matanzas,GTMNERR,0,51.761,0,34.07,0,2.552,0,98.9,0,7.98,0,7.57,2.77,8.08,0,-86,5.6,15.731,0,2.54,0,1.195,0.86,0,3.4
1/18/2026,9:15, ,gtmfmwq_15E101700_010926_080000.bin,Fort Matanzas,GTMNERR,0,51.806,0,34.1,0,2.537,0,99.2,0,8.01,0,7.49,2.75,8.08,0,-85.9,5.59,15.682,0,2.67,0,1.19,0.88,0,3.5
1/18/2026,9:30, ,gtmfmwq_15E101700_010926_080000.bin,Fort Matanzas,GTMNERR,0,51.942,0,34.19,0,2.506,0,96.3,0,7.83,0,8.29,3.02,8.06,0,-84.9,5.59,15.263,0,3.7,0,1.205,0.78,0,3.1
1/18/2026,9:45, ,gtmfmwq_15E101700_010926_080000.bin,Fort Matanzas,GTMNERR,0,51.874,0,34.14,0,2.462,0,96.7,0,7.9,0,9.25,3.36,8.06,0,-84.9,5.6,15.06,0,3.89,0,1.2,0.67,0,2.63
1/18/2026,10:00, ,gtmfmwq_15E101700_010926_080000.bin,Fort Matanzas,GTMNERR,0,51.82,0,34.09,0,2.416,0,96.6,0,7.93,0,10.15,3.67,8.05,0,-84.4,5.58,14.849,0,4.73,0,1.191,0.65,0,2.55
1/18/2026,10:15, ,gtmfmwq_15E101700_010926_080000.bin,Fort Matanzas,GTMNERR,0,51.764,0,34.05,0,2.371,0,96.4,0,7.93,0,10.85,3.92,8.05,0,-84.1,5.59,14.743,0,5.28,0,1.191,0.66,0,2.6
1/18/2026,10:30, ,gtmfmwq_15E101700_010926_080000.bin,Fort Matanzas,GTMNERR,0,51.731,0,34.02,0,2.336,0,96.2,0,7.93,0,11.14,4.02,8.05,0,-83.9,5.59,14.659,0,4.65,0,1.197,0.6,0,2.37
1/18/2026,10:45, ,gtmfmwq_15E101700_010926_080000.bin,Fort Matanzas,GTMNERR,0,51.678,0,33.98,0,2.282,0,96.3,0,7.94,0,11.37,4.1,8.04,0,-83.8,5.58,14.624,0,4.71,0,1.199,0.62,0,2.45
1/18/2026,11:00, ,gtmfmwq_15E101700_010926_080000.bin,Fort Matanzas,GTMNERR,0,51.689,0,33.99,0,2.24,0,96.2,0,7.94,0,11.39,4.11,8.04,0,-83.6,5.58,14.608,0,4.72,0,1.194,0.65,0,2.55
1/18/2026,11:15, ,gtmfmwq_15E101700_010926_080000.bin,Fort Matanzas,GTMNERR,0,51.638,0,33.95,0,2.19,0,96,0,7.93,0,11.67,4.2,8.04,0,-83.5,5.59,14.567,0,4.82,0,1.198,0.68,0,2.68
1/18/2026,11:30, ,gtmfmwq_15E101700_010926_080000.bin,Fort Matanzas,GTMNERR,0,51.626,0,33.94,0,2.143,0,96.4,0,7.96,0,11.74,4.23,8.04,0,-83.6,5.59,14.572,0,4.45,0,1.203,0.74,0,2.91
1/18/2026,11:45, ,gtmfmwq_15E101700_010926_080000.bin,Fort Matanzas,GTMNERR,0,51.61,0,33.93,0,2.102,0,96.1,0,7.94,0,11.73,4.23,8.04,0,-83.4,5.58,14.548,0,4.37,0,1.195,0.7,0,2.75
1/18/2026,12:00, ,gtmfmwq_15E101700_010926_080000.bin,Fort Matanzas,GTMNERR,0,51.616,0,33.93,0,2.069,0,95.7,0,7.91,0,11.61,4.18,8.04,0,-83.4,5.58,14.554,0,4.01,0,1.194,0.66,0,2.6
1/18/2026,12:15, ,gtmfmwq_15E101700_010926_080000.bin,Fort Matanzas,GTMNERR,0,51.614,0,33.93,0,2.04,0,96,0,7.93,0,11.57,4.17,8.04,0,-83.3,5.59,14.536,0,3.82,0,1.204,0.7,0,2.76
1/18/2026,12:30, ,gtmfmwq_15E101700_010926_080000.bin,Fort Matanzas,GTMNERR,0,51.605,0,33.92,0,2.003,0,95.3,0,7.88,0,11.7,4.21,8.03,0,-83.1,5.57,14.508,0,3.93,0,1.195,0.66,0,2.58
1/18/2026,12:45, ,gtmfmwq_15E101700_010926_080000.bin,Fort Matanzas,GTMNERR,0,51.625,0,33.94,0,1.961,0,94.5,0,7.81,0,11.49,4.14,8.03,0,-82.8,5.58,14.535,0,3.1,0,1.19,0.51,0,2.01
1/18/2026,13:00, ,gtmfmwq_15E101700_010926_080000.bin,Fort Matanzas,GTMNERR,0,51.602,0,33.92,0,1.915,0,93,0,7.69,0,11.55,4.16,8.02,0,-82.6,5.58,14.509,0,2.82,0,1.188,0.48,0,1.87
1/18/2026,13:15, ,gtmfmwq_15E101700_010926_080000.bin,Fort Matanzas,GTMNERR,0,51.827,0,34.1,0,1.863,0,95.4,0,7.81,0,8.55,3.11,8.04,0,-83.8,5.57,14.942,0,3.39,0,1.192,0.6,0,2.38
1/18/2026,13:30, ,gtmfmwq_15E101700_010926_080000.bin,Fort Matanzas,GTMNERR,0,51.804,0,34.08,0,1.812,0,96,0,7.85,0,8.34,3.04,8.05,0,-84.1,5.58,15.004,0,3.74,0,1.204,0.55,0,2.16
1/18/2026,13:45, ,gtmfmwq_15E101700_010926_080000.bin,Fort Matanzas,GTMNERR,0,51.784,0,34.07,0,1.762,0,95.9,0,7.85,0,8.25,3.01,8.04,0,-83.9,5.58,14.97,0,2.95,0,1.197,0.41,0,1.58
1/18/2026,14:00, ,gtmfmwq_15E101700_010926_080000.bin,Fort Matanzas,GTMNERR,0,51.749,0,34.04,0,1.706,0,93.8,0,7.7,0,9.2,3.34,8.04,0,-83.4,5.57,14.893,0,3.37,0,1.198,0.47,0,1.82
1/18/2026,14:15, ,gtmfmwq_15E101700_010926_080000.bin,Fort Matanzas,GTMNERR,0,51.685,0,33.99,0,1.657,0,95.4,0,7.85,0,10.22,3.7,8.04,0,-83.5,5.58,14.723,0,2.94,0,1.19,0.63,0,2.48
1/18/2026,14:30, ,gtmfmwq_15E101700_010926_080000.bin,Fort Matanzas,GTMNERR,0,51.66,0,33.97,0,1.599,0,96.4,0,7.95,0,10.74,3.88,8.04,0,-83.8,5.58,14.655,0,4.42,0,1.195,0.62,0,2.45
1/18/2026,14:45, ,gtmfmwq_15E101700_010926_080000.bin,Fort Matanzas,GTMNERR,0,51.69,0,33.99,0,1.549,0,96.2,0,7.92,0,10.56,3.82,8.04,0,-83.7,5.59,14.71,0,3.06,0,1.194,0.69,0,2.7
1/18/2026,15:00, ,gtmfmwq_15E101700_010926_080000.bin,Fort Matanzas,GTMNERR,0,51.659,0,33.97,0,1.506,0,96.6,0,7.97,0,10.99,3.97,8.04,0,-83.7,5.58,14.603,0,3.22,0,1.194,0.69,0,2.74
1/18/2026,15:15, ,gtmfmwq_15E101700_010926_080000.bin,Fort Matanzas,GTMNERR,0,51.802,0,34.08,0,1.454,0,95.7,0,7.83,0,9.24,3.36,8.04,0,-83.8,5.58,14.962,0,2.82,0,1.189,0.66,0,2.58
1/18/2026,15:30, ,gtmfmwq_15E101700_010926_080000.bin,Fort Matanzas,GTMNERR,0,51.798,0,34.08,0,1.41,0,95.2,0,7.81,0,9.52,3.45,8.04,0,-83.4,5.58,14.907,0,3.03,0,1.195,0.68,0,2.69
1/18/2026,15:45, ,gtmfmwq_15E101700_010926_080000.bin,Fort Matanzas,GTMNERR,0,51.676,0,33.98,0,1.382,0,96.7,0,7.96,0,10.64,3.84,8.04,0,-83.8,5.57,14.671,0,3.33,0,1.196,0.74,0,2.92
1/18/2026,16:00, ,gtmfmwq_15E101700_010926_080000.bin,Fort Matanzas,GTMNERR,0,51.692,0,33.99,0,1.376,0,97.5,0,8.04,0,10.19,3.69,8.05,0,-84.2,5.57,14.681,0,3.37,0,1.199,0.72,0,2.84
1/18/2026,16:15, ,gtmfmwq_15E101700_010926_080000.bin,Fort Matanzas,GTMNERR,0,51.71,0,34.01,0,1.412,0,97.9,0,8.06,0,9.77,3.54,8.05,0,-84.3,5.58,14.71,0,4.33,0,1.199,0.76,0,3.02
1/18/2026,16:30, ,gtmfmwq_15E101700_010926_080000.bin,Fort Matanzas,GTMNERR,0,51.987,0,34.23,0,1.447,0,100.3,0,8.14,0,7.44,2.73,8.08,0,-86.2,5.56,15.375,0,4.38,0,1.19,1.05,0,4.18
1/18/2026,16:45, ,gtmfmwq_15E101700_010926_080000.bin,Fort Matanzas,GTMNERR,0,52.118,0,34.34,0,1.485,0,102.4,0,8.22,0,5.97,2.21,8.11,0,-87.6,5.57,15.836,0,3.94,0,1.2,2.23,0,8.92
1/18/2026,17:00, ,gtmfmwq_15E101700_010926_080000.bin,Fort Matanzas,GTMNERR,0,52.152,0,34.36,0,1.542,0,102.7,0,8.24,0,5.65,2.1,8.11,0,-87.8,5.58,15.923,0,3.42,0,1.196,1.79,0,7.14
1/18/2026,17:15, ,gtmfmwq_15E101700_010926_080000.bin,Fort Matanzas,GTMNERR,0,52.145,0,34.36,0,1.629,0,102.3,0,8.21,0,5.61,2.09,8.11,0,-87.8,5.57,15.923,0,3.65,0,1.19,1.83,0,7.33
1/18/2026,17:30, ,gtmfmwq_15E101700_010926_080000.bin,Fort Matanzas,GTMNERR,0,52.16,0,34.37,0,1.722,0,102.3,0,8.2,0,5.56,2.07,8.11,0,-87.8,5.57,15.912,0,3.48,0,1.194,1.17,0,4.65
1/18/2026,17:45, ,gtmfmwq_15E101700_010926_080000.bin,Fort Matanzas,GTMNERR,0,52.165,0,34.37,0,1.802,0,101.9,0,8.18,0,5.69,2.11,8.11,0,-87.7,5.58,15.902,0,3.25,0,1.195,1.88,0,7.53
1/18/2026,18:00, ,gtmfmwq_15E101700_010926_080000.bin,Fort Matanzas,GTMNERR,0,52.183,0,34.38,0,1.889,0,101.6,0,8.15,0,5.45,2.03,8.11,0,-87.7,5.58,15.917,0,3.6,0,1.202,1.66,0,6.64
1/18/2026,18:15, ,gtmfmwq_15E101700_010926_080000.bin,Fort Matanzas,GTMNERR,0,52.18,0,34.38,0,1.954,0,101,0,8.11,0,5.5,2.05,8.1,0,-87.4,5.57,15.862,0,2.97,0,1.205,1.69,0,6.77
1/18/2026,18:30, ,gtmfmwq_15E101700_010926_080000.bin,Fort Matanzas,GTMNERR,0,52.172,0,34.37,0,2.017,0,100.6,0,8.09,0,5.66,2.1,8.1,0,-87.3,5.58,15.818,0,3.1,0,1.197,2.07,0,8.3
1/18/2026,18:45, ,gtmfmwq_15E101700_010926_080000.bin,Fort Matanzas,GTMNERR,0,52.159,0,34.36,0,2.088,0,100.2,0,8.06,0,5.65,2.1,8.1,0,-87.2,5.58,15.755,0,2.86,0,1.194,1.17,0,4.65
1/18/2026,19:00, ,gtmfmwq_15E101700_010926_080000.bin,Fort Matanzas,GTMNERR,0,52.157,0,34.36,0,2.13,0,98.5,0,7.93,0,5.87,2.18,8.09,0,-86.5,5.57,15.696,0,2.71,0,1.201,1.6,0,6.39
1/18/2026,19:15, ,gtmfmwq_15E101700_010926_080000.bin,Fort Matanzas,GTMNERR,0,52.15,0,34.35,0,2.176,0,91.1,0,7.34,0,5.56,2.07,8.05,0,-84.5,5.57,15.661,0,2.81,0,1.201,0.91,0,3.61
1/18/2026,19:30, ,gtmfmwq_15E101700_010926_080000.bin,Fort Matanzas,GTMNERR,0,52.151,0,34.36,0,2.219,0,75.9,0,6.12,0,5.82,2.16,7.99,0,-81,5.58,15.657,0,2.41,0,1.189,0.47,0,1.83
1/18/2026,19:45, ,gtmfmwq_15E101700_010926_080000.bin,Fort Matanzas,GTMNERR,0,52.143,0,34.35,0,2.264,0,91.4,0,7.38,0,5.66,2.11,8.06,0,-85.1,5.57,15.601,0,2.4,0,1.195,1.01,0,4.03
1/18/2026,20:00, ,gtmfmwq_15E101700_010926_080000.bin,Fort Matanzas,GTMNERR,0,52.183,0,34.38,0,2.302,0,95.1,0,7.66,0,5.67,2.11,8.08,0,-86.3,5.57,15.72,0,2.67,0,1.197,0.56,0,2.18
1/18/2026,20:15, ,gtmfmwq_15E101700_010926_080000.bin,Fort Matanzas,GTMNERR,0,52.181,0,34.38,0,2.331,0,95.8,0,7.71,0,5.5,2.05,8.08,0,-86.1,5.58,15.743,0,2.7,0,1.19,0.8,0,3.15
1/18/2026,20:30, ,gtmfmwq_15E101700_010926_080000.bin,Fort Matanzas,GTMNERR,0,52.159,0,34.36,0,2.358,0,97.6,0,7.86,0,5.62,2.09,8.1,0,-87.1,5.56,15.699,0,2.71,0,1.198,2.18,0,8.74
1/18/2026,20:45, ,gtmfmwq_15E101700_010926_080000.bin,Fort Matanzas,GTMNERR,0,52.143,0,34.35,0,2.363,0,98.5,0,7.95,0,5.89,2.18,8.1,0,-87,5.57,15.626,0,3.04,0,1.193,1.83,0,7.31
1/18/2026,21:00, ,gtmfmwq_15E101700_010926_080000.bin,Fort Matanzas,GTMNERR,0,52.052,0,34.28,0,2.35,0,98.3,0,7.97,0,6.69,2.46,8.09,0,-86.5,5.57,15.387,0,2.76,0,1.199,1.12,0,4.46
1/18/2026,21:15, ,gtmfmwq_15E101700_010926_080000.bin,Fort Matanzas,GTMNERR,0,51.977,0,34.21,0,2.315,0,96.7,0,7.88,0,7.62,2.79,8.07,0,-85.4,5.58,15.13,0,3.02,0,1.198,1.13,0,4.51
1/18/2026,21:30, ,gtmfmwq_15E101700_010926_080000.bin,Fort Matanzas,GTMNERR,0,51.862,0,34.12,0,2.286,0,95.8,0,7.86,0,8.71,3.17,8.06,0,-84.7,5.57,14.856,0,3.21,0,1.188,1.05,0,4.17
1/18/2026,21:45, ,gtmfmwq_15E101700_010926_080000.bin,Fort Matanzas,GTMNERR,0,51.856,0,34.12,0,2.258,0,95.1,0,7.82,0,8.93,3.25,8.05,0,-84.3,5.57,14.744,0,3.35,0,1.198,0.95,0,3.77
1/18/2026,22:00, ,gtmfmwq_15E101700_010926_080000.bin,Fort Matanzas,GTMNERR,0,51.815,0,34.08,0,2.219,0,95.2,0,7.86,0,9.48,3.44,8.05,0,-84,5.58,14.55,0,3.33,0,1.194,0.85,0,3.36
1/18/2026,22:15, ,gtmfmwq_15E101700_010926_080000.bin,Fort Matanzas,GTMNERR,0,51.77,0,34.04,0,2.18,0,94.8,0,7.85,0,10.24,3.7,8.04,0,-83.7,5.56,14.396,0,3.97,0,1.188,0.83,0,3.3
1/18/2026,22:30, ,gtmfmwq_15E101700_010926_080000.bin,Fort Matanzas,GTMNERR,0,51.752,0,34.03,0,2.143,0,94.6,0,7.85,0,10.35,3.74,8.04,0,-83.6,5.57,14.304,0,3.53,0,1.202,0.94,0,3.74
1/18/2026,22:45, ,gtmfmwq_15E101700_010926_080000.bin,Fort Matanzas,GTMNERR,0,51.751,0,34.02,0,2.103,0,94.9,0,7.89,0,10.57,3.82,8.04,0,-83.5,5.57,14.239,0,3.55,0,1.203,0.82,0,3.23
1/18/2026,23:00, ,gtmfmwq_15E101700_010926_080000.bin,Fort Matanzas,GTMNERR,0,51.72,0,34,0,2.062,0,94.4,0,7.86,0,10.51,3.8,8.04,0,-83.7,5.56,14.164,0,3.32,0,1.197,0.82,0,3.26
1/18/2026,23:15, ,gtmfmwq_15E101700_010926_080000.bin,Fort Matanzas,GTMNERR,0,51.706,0,33.99,0,2.024,0,94.8,0,7.9,0,10.58,3.82,8.04,0,-83.6,5.56,14.099,0,3.24,0,1.192,0.77,0,3.06
1/18/2026,23:30, ,gtmfmwq_15E101700_010926_080000.bin,Fort Matanzas,GTMNERR,0,51.685,0,33.97,0,1.989,0,94,0,7.85,0,10.62,3.84,8.04,0,-83.3,5.57,14.034,0,3.19,0,1.188,1.07,0,4.24
1/18/2026,23:45, ,gtmfmwq_15E101700_010926_080000.bin,Fort Matanzas,GTMNERR,0,51.794,0,34.05,0,1.947,0,93.5,0,7.79,0,10.18,3.68,8.05,0,-83.7,5.55,14.081,0,2.88,0,1.188,0.75,0,2.95
1/19/2026,0:00, ,gtmfmwq_15E101700_010926_080000.bin,Fort Matanzas,GTMNERR,0,51.975,0,34.18,0,1.906,0,92.7,0,7.73,0,8.68,3.16,8.05,0,-84,5.56,14.037,0,2.62,0,1.195,0.65,0,2.58
1/19/2026,0:15, ,gtmfmwq_15E101700_010926_080000.bin,Fort Matanzas,GTMNERR,0,52.092,0,34.27,0,1.858,0,90.1,0,7.5,0,7.6,2.78,8.05,0,-84.1,5.57,14.04,0,2.43,0,1.206,0.51,0,2.01
1/19/2026,0:30, ,gtmfmwq_15E101700_010926_080000.bin,Fort Matanzas,GTMNERR,0,52.008,0,34.21,0,1.815,0,88.5,0,7.37,0,7.75,2.83,8.04,0,-83.5,5.55,14.103,0,2.33,0,1.198,0.57,0,2.23
1/19/2026,0:45, ,gtmfmwq_15E101700_010926_080000.bin,Fort Matanzas,GTMNERR,0,51.995,0,34.19,0,1.77,0,87.3,0,7.29,0,8.17,2.98,8.03,0,-82.9,5.56,13.965,0,2.46,0,1.203,0.49,0,1.89
1/19/2026,1:00, ,gtmfmwq_15E101700_010926_080000.bin,Fort Matanzas,GTMNERR,0,51.941,0,34.15,0,1.726,0,89.4,0,7.48,0,8.66,3.15,8.04,0,-83.4,5.56,13.885,0,3.31,0,1.198,0.48,0,1.88
1/19/2026,1:15, ,gtmfmwq_15E101700_010926_080000.bin,Fort Matanzas,GTMNERR,0,51.789,0,34.04,0,1.683,0,93,0,7.79,0,9.97,3.61,8.05,0,-83.9,5.56,13.874,0,2.85,0,1.205,0.71,0,2.81
1/19/2026,1:30, ,gtmfmwq_15E101700_010926_080000.bin,Fort Matanzas,GTMNERR,0,51.832,0,34.07,0,1.636,0,93.6,0,7.85,0,9.83,3.56,8.06,0,-84.2,5.56,13.823,0,2.9,0,1.198,1.14,0,4.54
1/19/2026,1:45, ,gtmfmwq_15E101700_010926_080000.bin,Fort Matanzas,GTMNERR,0,51.888,0,34.12,0,1.587,0,93.8,0,7.83,0,9.39,3.41,8.06,0,-84.3,5.56,13.968,0,2.74,0,1.194,0.77,0,3.04
1/19/2026,2:00, ,gtmfmwq_15E101700_010926_080000.bin,Fort Matanzas,GTMNERR,0,51.857,0,34.09,0,1.536,0,93.9,0,7.86,0,9.64,3.5,8.06,0,-84.3,5.56,13.906,0,3.21,0,1.192,0.8,0,3.18
1/19/2026,2:15, ,gtmfmwq_15E101700_010926_080000.bin,Fort Matanzas,GTMNERR,0,51.886,0,34.11,0,1.487,0,94.2,0,7.86,0,9.54,3.46,8.06,0,-84.5,5.55,13.962,0,3.08,0,1.198,0.85,0,3.37
1/19/2026,2:30, ,gtmfmwq_15E101700_010926_080000.bin,Fort Matanzas,GTMNERR,0,51.91,0,34.13,0,1.438,0,93.3,0,7.82,0,9.45,3.43,8.06,0,-84.4,5.55,13.828,0,2.96,0,1.199,0.86,0,3.41
1/19/2026,2:45, ,gtmfmwq_15E101700_010926_080000.bin,Fort Matanzas,GTMNERR,0,51.954,0,34.16,0,1.392,0,92.2,0,7.74,0,9.14,3.32,8.05,0,-84.2,5.56,13.705,0,3.05,0,1.201,0.79,0,3.11
1/19/2026,3:00, ,gtmfmwq_15E101700_010926_080000.bin,Fort Matanzas,GTMNERR,0,51.977,0,34.17,0,1.352,0,90.6,0,7.62,0,8.93,3.25,8.05,0,-83.7,5.54,13.634,0,3.03,0,1.206,0.78,0,3.07
1/19/2026,3:15, ,gtmfmwq_15E101700_010926_080000.bin,Fort Matanzas,GTMNERR,0,51.978,0,34.17,0,1.327,0,90.7,0,7.63,0,8.93,3.25,8.05,0,-83.8,5.55,13.58,0,2.89,0,1.198,0.78,0,3.07
1/19/2026,3:30, ,gtmfmwq_15E101700_010926_080000.bin,Fort Matanzas,GTMNERR,0,51.976,0,34.17,0,1.339,0,92.7,0,7.79,0,8.95,3.25,8.06,0,-84.3,5.56,13.666,0,3.43,0,1.191,0.79,0,3.13
1/19/2026,3:45, ,gtmfmwq_15E101700_010926_080000.bin,Fort Matanzas,GTMNERR,0,52.167,0,34.33,0,1.36,0,94.7,0,7.86,0,6.53,2.41,8.07,0,-85.4,5.56,14.204,0,3.51,0,1.195,1.02,0,4.06
1/19/2026,4:00, ,gtmfmwq_15E101700_010926_080000.bin,Fort Matanzas,GTMNERR,0,52.194,0,34.36,0,1.407,0,95.8,0,7.89,0,6.07,2.25,8.08,0,-86,5.55,14.56,0,3.59,0,1.207,1.25,0,4.99
1/19/2026,4:15, ,gtmfmwq_15E101700_010926_080000.bin,Fort Matanzas,GTMNERR,0,52.203,0,34.37,0,1.461,0,96.2,0,7.92,0,5.78,2.15,8.09,0,-86.2,5.55,14.608,0,3.34,0,1.193,1.09,0,4.34
1/19/2026,4:30, ,gtmfmwq_15E101700_010926_080000.bin,Fort Matanzas,GTMNERR,0,52.202,0,34.37,0,1.523,0,96.8,0,7.93,0,5.79,2.15,8.09,0,-86.6,5.56,14.827,0,3.92,0,1.198,1.29,0,5.13
1/19/2026,4:45, ,gtmfmwq_15E101700_010926_080000.bin,Fort Matanzas,GTMNERR,0,52.19,0,34.36,0,1.601,0,96.5,0,7.92,0,5.94,2.2,8.09,0,-86.6,5.55,14.744,0,3.86,0,1.199,1.46,0,5.81
1/19/2026,5:00, ,gtmfmwq_15E101700_010926_080000.bin,Fort Matanzas,GTMNERR,0,52.221,0,34.39,0,1.682,0,96.2,0,7.89,0,5.71,2.12,8.09,0,-86.6,5.55,14.78,0,3.47,0,1.205,1.66,0,6.61
1/19/2026,5:15, ,gtmfmwq_15E101700_010926_080000.bin,Fort Matanzas,GTMNERR,0,52.207,0,34.37,0,1.755,0,96.2,0,7.89,0,5.67,2.11,8.09,0,-86.5,5.56,14.754,0,3.59,0,1.19,1.13,0,4.49
1/19/2026,5:30, ,gtmfmwq_15E101700_010926_080000.bin,Fort Matanzas,GTMNERR,0,52.216,0,34.38,0,1.82,0,96,0,7.87,0,5.76,2.14,8.09,0,-86.4,5.55,14.802,0,3.37,0,1.191,1.38,0,5.51
1/19/2026,5:45, ,gtmfmwq_15E101700_010926_080000.bin,Fort Matanzas,GTMNERR,0,52.199,0,34.37,0,1.888,0,95.8,0,7.87,0,5.71,2.12,8.09,0,-86.2,5.55,14.735,0,3.17,0,1.198,1.72,0,6.89
1/19/2026,6:00, ,gtmfmwq_15E101700_010926_080000.bin,Fort Matanzas,GTMNERR,0,52.19,0,34.36,0,1.953,0,95.3,0,7.84,0,5.65,2.1,8.08,0,-85.9,5.56,14.643,0,2.87,0,1.191,1.17,0,4.65
1/19/2026,6:15, ,gtmfmwq_15E101700_010926_080000.bin,Fort Matanzas,GTMNERR,0,52.186,0,34.35,0,2.017,0,95,0,7.83,0,5.81,2.16,8.08,0,-85.7,5.55,14.579,0,2.83,0,1.196,1.2,0,4.79
1/19/2026,6:30, ,gtmfmwq_15E101700_010926_080000.bin,Fort Matanzas,GTMNERR,0,52.186,0,34.35,0,2.083,0,93.5,0,7.72,0,5.81,2.16,8.07,0,-85.2,5.55,14.489,0,2.72,0,1.201,1.23,0,4.89
1/19/2026,6:45, ,gtmfmwq_15E101700_010926_080000.bin,Fort Matanzas,GTMNERR,0,52.186,0,34.35,0,2.15,0,91.9,0,7.59,0,5.67,2.11,8.06,0,-84.8,5.55,14.441,0,3.32,0,1.196,1.22,0,4.87
1/19/2026,7:00, ,gtmfmwq_15E101700_010926_080000.bin,Fort Matanzas,GTMNERR,0,52.174,0,34.34,0,2.209,0,85.3,0,7.05,0,5.8,2.15,8.03,0,-83,5.56,14.394,0,3.11,0,1.193,1.05,0,4.19
1/19/2026,7:15, ,gtmfmwq_15E101700_010926_080000.bin,Fort Matanzas,GTMNERR,0,52.182,0,34.34,0,2.265,0,79.2,0,6.56,0,5.67,2.11,8.01,0,-81.6,5.55,14.271,0,2.85,0,1.191,0.32,0,1.22
1/19/2026,7:30, ,gtmfmwq_15E101700_010926_080000.bin,Fort Matanzas,GTMNERR,0,52.186,0,34.34,0,2.324,0,69,0,5.72,0,5.58,2.08,7.97,0,-79.5,5.55,14.285,0,2.49,0,1.189,0.3,0,1.16
1/19/2026,7:45, ,gtmfmwq_15E101700_010926_080000.bin,Fort Matanzas,GTMNERR,0,52.193,0,34.35,0,2.377,0,62.5,0,5.18,0,5.57,2.07,7.96,0,-78.6,5.56,14.289,0,3.04,0,1.194,0.51,0,1.99
1/19/2026,8:00, ,gtmfmwq_15E101700_010926_080000.bin,Fort Matanzas,GTMNERR,0,52.197,0,34.35,0,2.433,0,79.3,0,6.58,0,5.58,2.08,8.02,0,-82.3,5.54,14.209,0,2.67,0,1.198,0.59,0,2.34
1/19/2026,8:15, ,gtmfmwq_15E101700_010926_080000.bin,Fort Matanzas,GTMNERR,0,52.2,0,34.35,0,2.49,0,85.5,0,7.1,0,5.66,2.1,8.04,0,-83.3,5.55,14.203,0,2.62,0,1.188,2.74,0,10.98
1/19/2026,8:30, ,gtmfmwq_15E101700_010926_080000.bin,Fort Matanzas,GTMNERR,0,52.208,0,34.36,0,2.538,0,76.8,0,6.38,0,5.59,2.08,7.99,0,-80.6,5.55,14.184,0,2.72,0,1.201,0.42,0,1.64
1/19/2026,8:45, ,gtmfmwq_15E101700_010926_080000.bin,Fort Matanzas,GTMNERR,0,52.214,0,34.36,0,2.58,0,80.5,0,6.68,0,5.58,2.08,8.01,0,-81.9,5.54,14.234,0,2.67,0,1.195,0.5,0,1.95
1/19/2026,9:00, ,gtmfmwq_15E101700_010926_080000.bin,Fort Matanzas,GTMNERR,0,52.219,0,34.37,0,2.612,0,74.3,0,6.16,0,5.36,2,7.98,0,-80.2,5.54,14.256,0,3.1,0,1.188,0.82,0,3.24
1/19/2026,9:15, ,gtmfmwq_15E101700_010926_080000.bin,Fort Matanzas,GTMNERR,0,52.197,0,34.35,0,2.634,0,84.3,0,6.99,0,5.65,2.1,8.02,0,-82.5,5.55,14.203,0,2.67,0,1.197,0.53,0,2.08
1/19/2026,9:30, ,gtmfmwq_15E101700_010926_080000.bin,Fort Matanzas,GTMNERR,0,52.206,0,34.36,0,2.647,0,91.5,0,7.59,0,5.73,2.13,8.05,0,-83.8,5.55,14.184,0,3.45,0,1.198,0.86,0,3.39
1/19/2026,9:45, ,gtmfmwq_15E101700_010926_080000.bin,Fort Matanzas,GTMNERR,0,52.209,0,34.37,0,2.651,0,94.3,0,7.79,0,5.74,2.13,8.08,0,-85.5,5.54,14.415,0,2.65,0,1.187,0.84,0,3.33
1/19/2026,10:00, ,gtmfmwq_15E101700_010926_080000.bin,Fort Matanzas,GTMNERR,0,52.201,0,34.36,0,2.645,0,94.9,0,7.82,0,5.78,2.15,8.08,0,-86,5.54,14.53,0,2.78,0,1.206,0.64,0,2.5
1/19/2026,10:15, ,gtmfmwq_15E101700_010926_080000.bin,Fort Matanzas,GTMNERR,0,52.039,0,34.23,0,2.62,0,93.6,0,7.81,0,7.08,2.6,8.07,0,-85.2,5.56,13.975,0,3.03,0,1.205,0.83,0,3.27
1/19/2026,10:30, ,gtmfmwq_15E101700_010926_080000.bin,Fort Matanzas,GTMNERR,0,51.987,0,34.17,0,2.574,0,91.6,0,7.74,0,8.63,3.14,8.05,0,-84,5.54,13.379,0,3.64,0,1.196,0.58,0,2.29
1/19/2026,10:45, ,gtmfmwq_15E101700_010926_080000.bin,Fort Matanzas,GTMNERR,0,51.978,0,34.15,0,2.527,0,91.5,0,7.79,0,9.41,3.41,8.05,0,-83.7,5.54,13.038,0,4.01,0,1.191,0.58,0,2.29
1/19/2026,11:00, ,gtmfmwq_15E101700_010926_080000.bin,Fort Matanzas,GTMNERR,0,51.766,0,33.98,0,2.469,0,91.3,0,7.82,0,10.8,3.9,8.04,0,-83.2,5.55,12.748,0,4.14,0,1.198,0.58,0,2.28
1/19/2026,11:15, ,gtmfmwq_15E101700_010926_080000.bin,Fort Matanzas,GTMNERR,0,51.692,0,33.92,0,2.421,0,91.5,0,7.87,0,11.45,4.13,8.04,0,-82.8,5.53,12.593,0,4.46,0,1.197,0.57,0,2.25
1/19/2026,11:30, ,gtmfmwq_15E101700_010926_080000.bin,Fort Matanzas,GTMNERR,0,51.621,0,33.86,0,2.367,0,91.3,0,7.87,0,11.97,4.31,8.03,0,-82.7,5.54,12.511,0,4.39,0,1.199,0.57,0,2.24
1/19/2026,11:45, ,gtmfmwq_15E101700_010926_080000.bin,Fort Matanzas,GTMNERR,0,51.625,0,33.87,0,2.308,0,91.6,0,7.89,0,11.77,4.24,8.03,0,-82.7,5.54,12.541,0,4.09,0,1.195,0.52,0,2.03
1/19/2026,12:00, ,gtmfmwq_15E101700_010926_080000.bin,Fort Matanzas,GTMNERR,0,51.6,0,33.85,0,2.253,0,92.1,0,7.93,0,12.02,4.32,8.04,0,-82.8,5.54,12.568,0,4.22,0,1.195,0.57,0,2.22
1/19/2026,12:15, ,gtmfmwq_15E101700_010926_080000.bin,Fort Matanzas,GTMNERR,0,51.602,0,33.85,0,2.195,0,91.9,0,7.91,0,11.85,4.27,8.03,0,-82.7,5.53,12.592,0,3.54,0,1.207,0.55,0,2.15
1/19/2026,12:30, ,gtmfmwq_15E101700_010926_080000.bin,Fort Matanzas,GTMNERR,0,51.591,0,33.84,0,2.14,0,91.5,0,7.87,0,11.81,4.25,8.03,0,-82.6,5.54,12.612,0,3.39,0,1.207,0.51,0,2.01
1/19/2026,12:45, ,gtmfmwq_15E101700_010926_080000.bin,Fort Matanzas,GTMNERR,0,51.618,0,33.87,0,2.085,0,91.9,0,7.89,0,11.38,4.1,8.03,0,-82.6,5.54,12.692,0,3.21,0,1.204,0.5,0,1.95
1/19/2026,13:00, ,gtmfmwq_15E101700_010926_080000.bin,Fort Matanzas,GTMNERR,0,52.18,0,34.34,0,2.033,0,101,0,8.36,0,6.62,2.44,8.07,0,-85.5,5.53,14.333,0,2.52,0,1.204,0.41,0,1.59
1/19/2026,13:15, ,gtmfmwq_15E101700_010926_080000.bin,Fort Matanzas,GTMNERR,0,52.102,0,34.29,0,1.98,0,98.8,0,8.14,0,6.49,2.39,8.05,0,-84.2,5.53,14.569,0,2.63,0,1.202,0.26,0,0.98
1/19/2026,13:30, ,gtmfmwq_15E101700_010926_080000.bin,Fort Matanzas,GTMNERR,0,51.995,0,34.17,0,1.926,0,97.4,0,8.22,0,8.02,2.93,8.06,0,-84.5,5.54,13.414,0,2.42,0,1.199,0.32,0,1.23
1/19/2026,13:45, ,gtmfmwq_15E101700_010926_080000.bin,Fort Matanzas,GTMNERR,0,52.009,0,34.19,0,1.876,0,96.7,0,8.15,0,7.83,2.86,8.05,0,-84,5.53,13.476,0,2.58,0,1.201,0.33,0,1.28
1/19/2026,14:00, ,gtmfmwq_15E101700_010926_080000.bin,Fort Matanzas,GTMNERR,0,51.856,0,34.08,0,1.828,0,97.6,0,8.21,0,8.94,3.25,8.06,0,-84.4,5.53,13.619,0,2.71,0,1.193,0.39,0,1.49
1/19/2026,14:15, ,gtmfmwq_15E101700_010926_080000.bin,Fort Matanzas,GTMNERR,0,51.881,0,34.08,0,1.78,0,96.7,0,8.21,0,9.35,3.39,8.06,0,-84.2,5.54,13.191,0,2.68,0,1.204,0.47,0,1.84
1/19/2026,14:30, ,gtmfmwq_15E101700_010926_080000.bin,Fort Matanzas,GTMNERR,0,51.961,0,34.15,0,1.729,0,98,0,8.29,0,8.58,3.12,8.07,0,-84.7,5.53,13.337,0,2.69,0,1.204,0.45,0,1.76
1/19/2026,14:45, ,gtmfmwq_15E101700_010926_080000.bin,Fort Matanzas,GTMNERR,0,51.909,0,34.1,0,1.677,0,97.2,0,8.24,0,9.16,3.33,8.06,0,-84.4,5.53,13.25,0,2.7,0,1.203,0.46,0,1.81
1/19/2026,15:00, ,gtmfmwq_15E101700_010926_080000.bin,Fort Matanzas,GTMNERR,0,51.925,0,34.13,0,1.627,0,98.9,0,8.34,0,8.77,3.19,8.06,0,-84.5,5.54,13.489,0,2.64,0,1.206,0.45,0,1.77
1/19/2026,15:15, ,gtmfmwq_15E101700_010926_080000.bin,Fort Matanzas,GTMNERR,0,51.821,0,34.05,0,1.574,0,98.7,0,8.33,0,9.59,3.48,8.05,0,-84.1,5.54,13.466,0,2.8,0,1.204,0.46,0,1.78
1/19/2026,15:30, ,gtmfmwq_15E101700_010926_080000.bin,Fort Matanzas,GTMNERR,0,51.91,0,34.12,0,1.528,0,100.1,0,8.41,0,8.96,3.26,8.06,0,-84.4,5.53,13.669,0,2.8,0,1.207,0.44,0,1.71
1/19/2026,15:45, ,gtmfmwq_15E101700_010926_080000.bin,Fort Matanzas,GTMNERR,0,51.857,0,34.08,0,1.483,0,99.6,0,8.37,0,9.2,3.34,8.06,0,-84.3,5.53,13.675,0,2.91,0,1.199,0.48,0,1.86
1/19/2026,16:00, ,gtmfmwq_15E101700_010926_080000.bin,Fort Matanzas,GTMNERR,0,51.979,0,34.18,0,1.441,0,100.6,0,8.43,0,8.45,3.08,8.07,0,-84.8,5.54,13.78,0,2.76,0,1.192,0.44,0,1.72
1/19/2026,16:15, ,gtmfmwq_15E101700_010926_080000.bin,Fort Matanzas,GTMNERR,0,52.015,0,34.21,0,1.414,0,102.3,0,8.54,0,8.01,2.92,8.07,0,-85.2,5.52,13.976,0,2.78,0,1.195,0.47,0,1.84
1/19/2026,16:30, ,gtmfmwq_15E101700_010926_080000.bin,Fort Matanzas,GTMNERR,0,51.935,0,34.15,0,1.39,0,101.5,0,8.49,0,8.38,3.06,8.06,0,-84.8,5.53,13.902,0,2.96,0,1.194,0.52,0,2.05
1/19/2026,16:45, ,gtmfmwq_15E101700_010926_080000.bin,Fort Matanzas,GTMNERR,0,52.234,0,34.39,0,1.391,0,107,0,8.78,0,6.46,2.39,8.09,0,-86.5,5.54,14.755,0,3.32,0,1.189,0.71,0,2.81
1/19/2026,17:00, ,gtmfmwq_15E101700_010926_080000.bin,Fort Matanzas,GTMNERR,0,52.273,0,34.44,0,1.417,0,107.7,0,8.75,0,5.51,2.05,8.11,0,-87.8,5.53,15.24,0,3.75,0,1.194,1.09,0,4.34
1/19/2026,17:15, ,gtmfmwq_15E101700_010926_080000.bin,Fort Matanzas,GTMNERR,0,52.244,0,34.41,0,1.452,0,106.6,0,8.66,0,5.34,1.99,8.11,0,-88,5.53,15.214,0,3.68,0,1.196,1.92,0,7.69
1/19/2026,17:30, ,gtmfmwq_15E101700_010926_080000.bin,Fort Matanzas,GTMNERR,0,52.262,0,34.43,0,1.502,0,106.4,0,8.65,0,5.22,1.95,8.12,0,-88,5.54,15.212,0,3.5,0,1.199,1.29,0,5.15
1/19/2026,17:45, ,gtmfmwq_15E101700_010926_080000.bin,Fort Matanzas,GTMNERR,0,52.252,0,34.42,0,1.559,0,106,0,8.61,0,5.24,1.96,8.12,0,-88.1,5.54,15.241,0,3.75,0,1.198,1.49,0,5.94
1/19/2026,18:00, ,gtmfmwq_15E101700_010926_080000.bin,Fort Matanzas,GTMNERR,0,52.225,0,34.4,0,1.626,0,105.6,0,8.59,0,5.36,2,8.11,0,-87.9,5.53,15.209,0,3.78,0,1.196,1.59,0,6.37
1/19/2026,18:15, ,gtmfmwq_15E101700_010926_080000.bin,Fort Matanzas,GTMNERR,0,52.243,0,34.41,0,1.687,0,105.7,0,8.59,0,5.34,1.99,8.11,0,-88,5.54,15.245,0,3.76,0,1.207,1.8,0,7.21
1/19/2026,18:30, ,gtmfmwq_15E101700_010926_080000.bin,Fort Matanzas,GTMNERR,0,52.27,0,34.43,0,1.759,0,105.6,0,8.58,0,5.09,1.91,8.11,0,-88,5.54,15.272,0,3.45,0,1.198,2.61,0,10.46
1/19/2026,18:45, ,gtmfmwq_15E101700_010926_080000.bin,Fort Matanzas,GTMNERR,0,52.255,0,34.42,0,1.819,0,105.2,0,8.55,0,5.16,1.93,8.11,0,-87.8,5.53,15.221,0,3.4,0,1.187,1.46,0,5.85
1/19/2026,19:00, ,gtmfmwq_15E101700_010926_080000.bin,Fort Matanzas,GTMNERR,0,52.263,0,34.43,0,1.877,0,104.9,0,8.52,0,5.17,1.93,8.11,0,-87.9,5.53,15.231,0,3.11,0,1.201,1.6,0,6.39
1/19/2026,19:15, ,gtmfmwq_15E101700_010926_080000.bin,Fort Matanzas,GTMNERR,0,52.269,0,34.43,0,1.952,0,104.3,0,8.48,0,5.07,1.9,8.11,0,-87.7,5.54,15.194,0,3.18,0,1.205,1.2,0,4.77
1/19/2026,19:30, ,gtmfmwq_15E101700_010926_080000.bin,Fort Matanzas,GTMNERR,0,52.271,0,34.43,0,2.019,0,103.9,0,8.46,0,5.1,1.91,8.11,0,-87.6,5.53,15.134,0,2.66,0,1.198,1.22,0,4.87
1/19/2026,19:45, ,gtmfmwq_15E101700_010926_080000.bin,Fort Matanzas,GTMNERR,0,52.276,0,34.43,0,2.079,0,103,0,8.39,0,5.13,1.92,8.1,0,-87.3,5.53,15.106,0,2.96,0,1.189,1.17,0,4.65
1/19/2026,20:00, ,gtmfmwq_15E101700_010926_080000.bin,Fort Matanzas,GTMNERR,0,52.276,0,34.43,0,2.134,0,96.6,0,7.87,0,5.07,1.9,8.07,0,-85.5,5.54,15.093,0,2.51,0,1.195,0.79,0,3.13
1/19/2026,20:15, ,gtmfmwq_15E101700_010926_080000.bin,Fort Matanzas,GTMNERR,0,52.277,0,34.43,0,2.182,0,80.5,0,6.56,0,5.09,1.9,8.01,0,-81.9,5.53,15.057,0,3.05,0,1.199,0.58,0,2.26
1/19/2026,20:30, ,gtmfmwq_15E101700_010926_080000.bin,Fort Matanzas,GTMNERR,0,52.274,0,34.43,0,2.225,0,75.4,0,6.15,0,5.27,1.97,7.99,0,-80.6,5.53,14.998,0,2.86,0,1.195,0.47,0,1.83
1/19/2026,20:45, ,gtmfmwq_15E101700_010926_080000.bin,Fort Matanzas,GTMNERR,0,52.279,0,34.43,0,2.267,0,82.5,0,6.74,0,5.06,1.89,8.01,0,-82.1,5.54,15.001,0,2.73,0,1.192,0.93,0,3.68
1/19/2026,21:00, ,gtmfmwq_15E101700_010926_080000.bin,Fort Matanzas,GTMNERR,0,52.28,0,34.44,0,2.295,0,88.3,0,7.19,0,5.06,1.9,8.04,0,-83.5,5.53,15.076,0,2.3,0,1.2,0.61,0,2.39
1/19/2026,21:15, ,gtmfmwq_15E101700_010926_080000.bin,Fort Matanzas,GTMNERR,0,52.271,0,34.43,0,2.314,0,94.3,0,7.69,0,5.02,1.88,8.06,0,-85.1,5.53,15.097,0,2.56,0,1.195,0.94,0,3.75
1/19/2026,21:30, ,gtmfmwq_15E101700_010926_080000.bin,Fort Matanzas,GTMNERR,0,52.263,0,34.42,0,2.319,0,97.7,0,7.97,0,5.23,1.96,8.08,0,-86,5.53,15.062,0,2.48,0,1.194,0.84,0,3.33
1/19/2026,21:45, ,gtmfmwq_15E101700_010926_080000.bin,Fort Matanzas,GTMNERR,0,52.249,0,34.41,0,2.315,0,101,0,8.24,0,5.34,1.99,8.1,0,-86.9,5.54,15.057,0,3.02,0,1.198,1.63,0,6.53
1/19/2026,22:00, ,gtmfmwq_15E101700_010926_080000.bin,Fort Matanzas,GTMNERR,0,52.24,0,34.41,0,2.293,0,101.8,0,8.31,0,5.37,2,8.1,0,-87.1,5.53,15.007,0,5.1,0,1.205,0.98,0,3.9
1/19/2026,22:15, ,gtmfmwq_15E101700_010926_080000.bin,Fort Matanzas,GTMNERR,0,52.213,0,34.38,0,2.272,0,102.5,0,8.39,0,5.84,2.17,8.1,0,-87.1,5.53,14.861,0,2.81,0,1.204,1.2,0,4.77
1/19/2026,22:30, ,gtmfmwq_15E101700_010926_080000.bin,Fort Matanzas,GTMNERR,0,52.147,0,34.32,0,2.246,0,102.1,0,8.42,0,6.53,2.41,8.09,0,-86.5,5.54,14.498,0,3.12,0,1.196,1.08,0,4.3
1/19/2026,22:45, ,gtmfmwq_15E101700_010926_080000.bin,Fort Matanzas,GTMNERR,0,52.037,0,34.22,0,2.213,0,100,0,8.35,0,7.66,2.8,8.07,0,-85.3,5.53,13.97,0,2.91,0,1.201,0.83,0,3.29
1/19/2026,23:00, ,gtmfmwq_15E101700_010926_080000.bin,Fort Matanzas,GTMNERR,0,51.991,0,34.18,0,2.174,0,99,0,8.32,0,8.25,3.01,8.07,0,-84.8,5.53,13.657,0,2.79,0,1.187,0.82,0,3.26
1/19/2026,23:15, ,gtmfmwq_15E101700_010926_080000.bin,Fort Matanzas,GTMNERR,0,52.017,0,34.2,0,2.133,0,99,0,8.33,0,8.33,3.04,8.07,0,-84.9,5.53,13.574,0,3.26,0,1.207,0.67,0,2.63
1/19/2026,23:30, ,gtmfmwq_15E101700_010926_080000.bin,Fort Matanzas,GTMNERR,0,51.945,0,34.14,0,2.091,0,99.8,0,8.41,0,8.79,3.2,8.07,0,-85,5.52,13.499,0,3.01,0,1.201,0.87,0,3.43
1/19/2026,23:45, ,gtmfmwq_15E101700_010926_080000.bin,Fort Matanzas,GTMNERR,0,51.931,0,34.13,0,2.048,0,99.8,0,8.43,0,8.86,3.22,8.07,0,-84.9,5.52,13.424,0,2.76,0,1.194,0.93,0,3.68
1/20/2026,0:00, ,gtmfmwq_15E101700_010926_080000.bin,Fort Matanzas,GTMNERR,0,51.895,0,34.1,0,2.011,0,98.6,0,8.34,0,9.04,3.29,8.06,0,-84.5,5.53,13.349,0,2.9,0,1.188,0.72,0,2.85
1/20/2026,0:15, ,gtmfmwq_15E101700_010926_080000.bin,Fort Matanzas,GTMNERR,0,51.916,0,34.11,0,1.971,0,99.3,0,8.4,0,9.14,3.32,8.07,0,-84.8,5.51,13.333,0,2.91,0,1.19,0.69,0,2.72
1/20/2026,0:30, ,gtmfmwq_15E101700_010926_080000.bin,Fort Matanzas,GTMNERR,0,51.932,0,34.13,0,1.925,0,98.1,0,8.29,0,9.03,3.28,8.06,0,-84.6,5.52,13.353,0,2.62,0,1.204,0.94,0,3.74
1/20/2026,0:45, ,gtmfmwq_15E101700_010926_080000.bin,Fort Matanzas,GTMNERR,0,52.089,0,34.25,0,1.879,0,95.4,0,8.04,0,7.88,2.88,8.07,0,-84.8,5.52,13.528,0,2.78,0,1.204,0.61,0,2.4
1/20/2026,1:00, ,gtmfmwq_15E101700_010926_080000.bin,Fort Matanzas,GTMNERR,0,52.282,0,34.4,0,1.83,0,93.4,0,7.83,0,6.54,2.41,8.07,0,-85,5.53,13.713,0,2.26,0,1.198,0.51,0,2
1/20/2026,1:15, ,gtmfmwq_15E101700_010926_080000.bin,Fort Matanzas,GTMNERR,0,52.169,0,34.31,0,1.782,0,93,0,7.83,0,7.07,2.6,8.06,0,-84.3,5.52,13.535,0,2.38,0,1.202,0.55,0,2.14
1/20/2026,1:30, ,gtmfmwq_15E101700_010926_080000.bin,Fort Matanzas,GTMNERR,0,52.146,0,34.29,0,1.732,0,94.6,0,7.97,0,7.41,2.72,8.07,0,-84.9,5.52,13.449,0,2.22,0,1.194,0.55,0,2.14
1/20/2026,1:45, ,gtmfmwq_15E101700_010926_080000.bin,Fort Matanzas,GTMNERR,0,52.123,0,34.27,0,1.68,0,96.4,0,8.14,0,7.98,2.92,8.07,0,-85.2,5.53,13.422,0,2.44,0,1.197,0.68,0,2.66
1/20/2026,2:00, ,gtmfmwq_15E101700_010926_080000.bin,Fort Matanzas,GTMNERR,0,52.094,0,34.25,0,1.628,0,97.8,0,8.25,0,8.59,3.13,8.08,0,-85.5,5.51,13.438,0,2.67,0,1.199,0.71,0,2.79
1/20/2026,2:15, ,gtmfmwq_15E101700_010926_080000.bin,Fort Matanzas,GTMNERR,0,52.094,0,34.25,0,1.575,0,98.2,0,8.28,0,8.22,3,8.08,0,-85.6,5.51,13.432,0,2.6,0,1.188,0.76,0,3.01
1/20/2026,2:30, ,gtmfmwq_15E101700_010926_080000.bin,Fort Matanzas,GTMNERR,0,52.093,0,34.25,0,1.522,0,98.5,0,8.3,0,12.25,4.4,8.08,0,-85.7,5.52,13.487,0,2.85,0,1.189,0.78,0,3.07
1/20/2026,2:45, ,gtmfmwq_15E101700_010926_080000.bin,Fort Matanzas,GTMNERR,0,52.102,0,34.25,0,1.47,0,97.4,0,8.24,0,11.44,4.12,8.08,0,-85.5,5.51,13.309,0,3.14,0,1.206,0.72,0,2.86
1/20/2026,3:00, ,gtmfmwq_15E101700_010926_080000.bin,Fort Matanzas,GTMNERR,0,52.139,0,34.28,0,1.418,0,96.8,0,8.18,0,10.31,3.73,8.08,0,-85.4,5.52,13.366,0,2.69,0,1.195,0.67,0,2.65
1/20/2026,3:15, ,gtmfmwq_15E101700_010926_080000.bin,Fort Matanzas,GTMNERR,0,52.142,0,34.27,0,1.368,0,94.7,0,8.02,0,11.13,4.02,8.07,0,-84.9,5.52,13.231,0,2.68,0,1.193,0.65,0,2.56
1/20/2026,3:30, ,gtmfmwq_15E101700_010926_080000.bin,Fort Matanzas,GTMNERR,0,52.141,0,34.27,0,1.321,0,96.6,0,8.19,0,10.98,3.96,8.08,0,-85.3,5.52,13.208,0,2.74,0,1.198,0.72,0,2.84
1/20/2026,3:45, ,gtmfmwq_15E101700_010926_080000.bin,Fort Matanzas,GTMNERR,0,52.154,0,34.28,0,1.288,0,96.5,0,8.18,0,11.31,4.08,8.08,0,-85.2,5.51,13.163,0,2.71,0,1.188,0.72,0,2.84
1/20/2026,4:00, ,gtmfmwq_15E101700_010926_080000.bin,Fort Matanzas,GTMNERR,0,52.262,0,34.39,0,1.282,0,96.7,0,8.08,0,10.96,3.96,8.09,0,-86.2,5.51,13.879,0,3.03,0,1.191,1.05,0,4.16
1/20/2026,4:15, ,gtmfmwq_15E101700_010926_080000.bin,Fort Matanzas,GTMNERR,0,52.295,0,34.43,0,1.296,0,97.3,0,8.04,0,7.6,2.78,8.1,0,-86.8,5.52,14.407,0,3.03,0,1.198,1.43,0,5.69
1/20/2026,4:30, ,gtmfmwq_15E101700_010926_080000.bin,Fort Matanzas,GTMNERR,0,52.273,0,34.42,0,1.33,0,97.9,0,8.07,0,8.46,3.08,8.1,0,-86.9,5.51,14.505,0,3.14,0,1.198,2.2,0,8.83
1/20/2026,4:45, ,gtmfmwq_15E101700_010926_080000.bin,Fort Matanzas,GTMNERR,0,52.279,0,34.42,0,1.371,0,98.2,0,8.08,0,9.73,3.52,8.1,0,-87.1,5.51,14.62,0,3.03,0,1.196,1.11,0,4.41
1/20/2026,5:00, ,gtmfmwq_15E101700_010926_080000.bin,Fort Matanzas,GTMNERR,0,52.264,0,34.41,0,1.426,0,98.7,0,8.12,0,9.29,3.37,8.1,0,-87.2,5.53,14.605,0,3.15,0,1.199,2,0,8.02
1/20/2026,5:15, ,gtmfmwq_15E101700_010926_080000.bin,Fort Matanzas,GTMNERR,0,52.213,0,34.37,0,1.484,0,99.8,0,8.22,0,11.38,4.1,8.11,0,-87.4,5.51,14.571,0,3.36,0,1.207,1.2,0,4.77
1/20/2026,5:30, ,gtmfmwq_15E101700_010926_080000.bin,Fort Matanzas,GTMNERR,0,52.103,0,34.29,0,1.555,0,100.8,0,8.34,0,12.55,4.51,8.11,0,-87.5,5.52,14.383,0,3.61,0,1.199,2.7,0,10.83
1/20/2026,5:45, ,gtmfmwq_15E101700_010926_080000.bin,Fort Matanzas,GTMNERR,0,52.055,0,34.25,0,1.625,0,100.6,0,8.35,0,11.98,4.31,8.11,0,-87.3,5.52,14.258,0,3.21,0,1.204,1.19,0,4.73
1/20/2026,6:00, ,gtmfmwq_15E101700_010926_080000.bin,Fort Matanzas,GTMNERR,0,52.216,0,34.37,0,1.698,0,98.8,0,8.16,0,10.98,3.96,8.1,0,-87.2,5.51,14.433,0,3.17,0,1.203,1.19,0,4.74
1/20/2026,6:15, ,gtmfmwq_15E101700_010926_080000.bin,Fort Matanzas,GTMNERR,0,52.236,0,34.39,0,1.773,0,98.4,0,8.12,0,9.79,3.55,8.1,0,-87.1,5.52,14.455,0,3.12,0,1.194,1.17,0,4.67
1/20/2026,6:30, ,gtmfmwq_15E101700_010926_080000.bin,Fort Matanzas,GTMNERR,0,52.225,0,34.38,0,1.851,0,98.6,0,8.14,0,8.45,3.08,8.1,0,-87.1,5.52,14.436,0,3.1,0,1.188,1.2,0,4.76
1/20/2026,6:45, ,gtmfmwq_15E101700_010926_080000.bin,Fort Matanzas,GTMNERR,0,52.219,0,34.37,0,1.911,0,98.5,0,8.14,0,8.77,3.19,8.1,0,-87.1,5.52,14.428,0,3.01,0,1.192,1.52,0,6.08
1/20/2026,7:00, ,gtmfmwq_15E101700_010926_080000.bin,Fort Matanzas,GTMNERR,0,52.27,0,34.41,0,1.981,0,97.9,0,8.07,0,6.56,2.42,8.1,0,-87,5.51,14.524,0,2.87,0,1.198,1.23,0,4.9
1/20/2026,7:15, ,gtmfmwq_15E101700_010926_080000.bin,Fort Matanzas,GTMNERR,0,52.279,0,34.42,0,2.059,0,97.1,0,8.01,0,8.01,2.93,8.1,0,-86.9,5.51,14.526,0,2.66,0,1.207,1.3,0,5.19
1/20/2026,7:30, ,gtmfmwq_15E101700_010926_080000.bin,Fort Matanzas,GTMNERR,0,52.29,0,34.43,0,2.133,0,96.6,0,7.97,0,7.15,2.62,8.1,0,-86.8,5.53,14.494,0,2.82,0,1.207,1.58,0,6.32
1/20/2026,7:45, ,gtmfmwq_15E101700_010926_080000.bin,Fort Matanzas,GTMNERR,0,52.301,0,34.43,0,2.202,0,96,0,7.93,0,8.13,2.97,8.09,0,-86.6,5.51,14.418,0,2.35,0,1.193,1.05,0,4.16
1/20/2026,8:00, ,gtmfmwq_15E101700_010926_080000.bin,Fort Matanzas,GTMNERR,0,52.301,0,34.43,0,2.274,0,95.9,0,7.95,0,7.9,2.89,8.09,0,-86.5,5.51,14.267,0,2.6,0,1.191,1.46,0,5.84
1/20/2026,8:15, ,gtmfmwq_15E101700_010926_080000.bin,Fort Matanzas,GTMNERR,0,52.314,0,34.43,0,2.35,0,95.3,0,7.92,0,8.72,3.17,8.09,0,-86.1,5.52,14.104,0,2.86,0,1.206,1.13,0,4.48
1/20/2026,8:30, ,gtmfmwq_15E101700_010926_080000.bin,Fort Matanzas,GTMNERR,0,52.325,0,34.44,0,2.417,0,95.2,0,7.93,0,7.67,2.81,8.08,0,-85.8,5.51,14.037,0,3.03,0,1.199,2.26,0,9.06
1/20/2026,8:45, ,gtmfmwq_15E101700_010926_080000.bin,Fort Matanzas,GTMNERR,0,52.336,0,34.45,0,2.479,0,88.2,0,7.34,0,7.67,2.81,8.05,0,-83.9,5.51,14.041,0,2.75,0,1.19,0.48,0,1.86
1/20/2026,9:00, ,gtmfmwq_15E101700_010926_080000.bin,Fort Matanzas,GTMNERR,0,52.338,0,34.45,0,2.532,0,77.2,0,6.42,0,5.73,2.13,8.01,0,-81.4,5.51,14.066,0,2.49,0,1.197,0.34,0,1.3
1/20/2026,9:15, ,gtmfmwq_15E101700_010926_080000.bin,Fort Matanzas,GTMNERR,0,52.332,0,34.45,0,2.578,0,83.4,0,6.93,0,6.57,2.42,8.03,0,-82.9,5.52,14.096,0,2.26,0,1.202,0.51,0,2
1/20/2026,9:30, ,gtmfmwq_15E101700_010926_080000.bin,Fort Matanzas,GTMNERR,0,52.324,0,34.44,0,2.621,0,91.3,0,7.59,0,5.83,2.17,8.07,0,-85.4,5.51,14.117,0,2.43,0,1.189,0.63,0,2.48
1/20/2026,9:45, ,gtmfmwq_15E101700_010926_080000.bin,Fort Matanzas,GTMNERR,0,52.326,0,34.44,0,2.652,0,90.9,0,7.55,0,6.11,2.26,8.08,0,-85.9,5.51,14.132,0,3.61,0,1.19,0.67,0,2.64
1/20/2026,10:00, ,gtmfmwq_15E101700_010926_080000.bin,Fort Matanzas,GTMNERR,0,52.281,0,34.41,0,2.664,0,95.5,0,7.91,0,8.04,2.94,8.09,0,-86.3,5.52,14.294,0,2.63,0,1.206,0.67,0,2.64
1/20/2026,10:15, ,gtmfmwq_15E101700_010926_080000.bin,Fort Matanzas,GTMNERR,0,52.173,0,34.34,0,2.663,0,97.1,0,8.05,0,9.48,3.44,8.1,0,-86.8,5.5,14.284,0,2.54,0,1.202,0.8,0,3.17
1/20/2026,10:30, ,gtmfmwq_15E101700_010926_080000.bin,Fort Matanzas,GTMNERR,0,52.119,0,34.29,0,2.647,0,98.7,0,8.2,0,10.54,3.81,8.1,0,-86.9,5.51,14.179,0,2.67,0,1.199,0.78,0,3.08
1/20/2026,10:45, ,gtmfmwq_15E101700_010926_080000.bin,Fort Matanzas,GTMNERR,0,52.173,0,34.32,0,2.622,0,96.8,0,8.09,0,9.31,3.38,8.09,0,-86.2,5.51,13.847,0,3.01,0,1.195,0.74,0,2.91
1/20/2026,11:00, ,gtmfmwq_15E101700_010926_080000.bin,Fort Matanzas,GTMNERR,0,52.139,0,34.27,0,2.587,0,95.5,0,8.11,0,10.84,3.91,8.08,0,-85.4,5.5,13.123,0,3.45,0,1.198,0.56,0,2.19
1/20/2026,11:15, ,gtmfmwq_15E101700_010926_080000.bin,Fort Matanzas,GTMNERR,0,52.064,0,34.19,0,2.545,0,95.6,0,8.21,0,13.2,4.74,8.07,0,-84.9,5.51,12.584,0,3.28,0,1.197,0.48,0,1.89
1/20/2026,11:30, ,gtmfmwq_15E101700_010926_080000.bin,Fort Matanzas,GTMNERR,0,52.01,0,34.14,0,2.501,0,95.7,0,8.26,0,13.69,4.91,8.07,0,-84.7,5.51,12.36,0,3.62,0,1.197,0.52,0,2.04
1/20/2026,11:45, ,gtmfmwq_15E101700_010926_080000.bin,Fort Matanzas,GTMNERR,0,51.904,0,34.05,0,2.459,0,95.7,0,8.29,0,13.71,4.91,8.06,0,-84.3,5.51,12.215,0,3.78,0,1.196,0.51,0,1.98
1/20/2026,12:00, ,gtmfmwq_15E101700_010926_080000.bin,Fort Matanzas,GTMNERR,0,51.922,0,34.07,0,2.417,0,96.2,0,8.33,0,13.89,4.98,8.06,0,-84.4,5.5,12.217,0,3.61,0,1.188,0.49,0,1.9
1/20/2026,12:15, ,gtmfmwq_15E101700_010926_080000.bin,Fort Matanzas,GTMNERR,0,51.855,0,34.02,0,2.357,0,96.3,0,8.35,0,14.7,5.26,8.06,0,-84.3,5.5,12.212,0,3.6,0,1.188,0.5,0,1.97
1/20/2026,12:30, ,gtmfmwq_15E101700_010926_080000.bin,Fort Matanzas,GTMNERR,0,51.833,0,34,0,2.302,0,97,0,8.4,0,15.02,5.37,8.06,0,-84.3,5.5,12.242,0,3.82,0,1.187,0.48,0,1.88
1/20/2026,12:45, ,gtmfmwq_15E101700_010926_080000.bin,Fort Matanzas,GTMNERR,0,51.813,0,33.99,0,2.251,0,97.6,0,8.44,0,15.4,5.51,8.06,0,-84.4,5.49,12.297,0,3.6,0,1.194,0.47,0,1.84
1/20/2026,13:00, ,gtmfmwq_15E101700_010926_080000.bin,Fort Matanzas,GTMNERR,0,51.808,0,33.99,0,2.207,0,97.2,0,8.4,0,15.43,5.52,8.06,0,-84.4,5.5,12.336,0,3.53,0,1.198,0.5,0,1.96
1/20/2026,13:15, ,gtmfmwq_15E101700_010926_080000.bin,Fort Matanzas,GTMNERR,0,51.812,0,34,0,2.161,0,97.8,0,8.44,0,13.97,5.01,8.06,0,-84.4,5.5,12.382,0,3.19,0,1.19,0.46,0,1.79
1/20/2026,13:30, ,gtmfmwq_15E101700_010926_080000.bin,Fort Matanzas,GTMNERR,0,51.822,0,34,0,2.122,0,97,0,8.37,0,14.25,5.1,8.06,0,-84.1,5.49,12.416,0,2.66,0,1.198,0.44,0,1.7
1/20/2026,13:45, ,gtmfmwq_15E101700_010926_080000.bin,Fort Matanzas,GTMNERR,0,51.801,0,33.99,0,2.073,0,97.4,0,8.4,0,14.2,5.09,8.06,0,-84.2,5.5,12.447,0,2.61,0,1.192,0.43,0,1.68
1/20/2026,14:00, ,gtmfmwq_15E101700_010926_080000.bin,Fort Matanzas,GTMNERR,0,51.823,0,34.01,0,2.025,0,97.6,0,8.4,0,13.75,4.93,8.06,0,-84.4,5.5,12.508,0,2.94,0,1.198,0.46,0,1.79
1/20/2026,14:15, ,gtmfmwq_15E101700_010926_080000.bin,Fort Matanzas,GTMNERR,0,52.416,0,34.5,0,1.971,0,104,0,8.69,0,10.3,3.73,8.09,0,-86.5,5.49,13.873,0,2.86,0,1.207,0.42,0,1.64
1/20/2026,14:30, ,gtmfmwq_15E101700_010926_080000.bin,Fort Matanzas,GTMNERR,0,52.146,0,34.31,0,1.917,0,102.2,0,8.51,0,10.01,3.62,8.08,0,-85.6,5.5,14.043,0,2.88,0,1.188,0.32,0,1.25
1/20/2026,14:45, ,gtmfmwq_15E101700_010926_080000.bin,Fort Matanzas,GTMNERR,0,52.168,0,34.33,0,1.866,0,99.7,0,8.29,0,9.95,3.6,8.07,0,-85.1,5.5,14.121,0,2.7,0,1.187,0.28,0,1.07
1/20/2026,15:00, ,gtmfmwq_15E101700_010926_080000.bin,Fort Matanzas,GTMNERR,0,52.108,0,34.26,0,1.813,0,103.1,0,8.67,0,10.91,3.94,8.09,0,-85.9,5.51,13.574,0,2.65,0,1.204,0.45,0,1.74
1/20/2026,15:15, ,gtmfmwq_15E101700_010926_080000.bin,Fort Matanzas,GTMNERR,0,52.04,0,34.21,0,1.761,0,103.9,0,8.75,0,10.81,3.9,8.09,0,-86.2,5.5,13.531,0,2.68,0,1.198,0.43,0,1.68
1/20/2026,15:30, ,gtmfmwq_15E101700_010926_080000.bin,Fort Matanzas,GTMNERR,0,51.967,0,34.14,0,1.711,0,101.7,0,8.64,0,11.92,4.29,8.08,0,-85.6,5.5,13.121,0,2.78,0,1.201,0.47,0,1.82
1/20/2026,15:45, ,gtmfmwq_15E101700_010926_080000.bin,Fort Matanzas,GTMNERR,0,51.873,0,34.06,0,1.659,0,100.8,0,8.62,0,13.29,4.77,8.07,0,-85.1,5.51,12.805,0,2.89,0,1.19,0.53,0,2.08
1/20/2026,16:00, ,gtmfmwq_15E101700_010926_080000.bin,Fort Matanzas,GTMNERR,0,51.847,0,34.04,0,1.61,0,100.2,0,8.59,0,14.42,5.16,8.07,0,-84.9,5.49,12.7,0,2.96,0,1.194,0.58,0,2.29
1/20/2026,16:15, ,gtmfmwq_15E101700_010926_080000.bin,Fort Matanzas,GTMNERR,0,52.09,0,34.24,0,1.564,0,104.4,0,8.8,0,11.19,4.04,8.09,0,-86.2,5.5,13.453,0,2.92,0,1.207,0.51,0,2.01
1/20/2026,16:30, ,gtmfmwq_15E101700_010926_080000.bin,Fort Matanzas,GTMNERR,0,51.995,0,34.17,0,1.52,0,103.8,0,8.77,0,12.76,4.58,8.08,0,-85.7,5.5,13.37,0,3.18,0,1.195,0.51,0,2.01
1/20/2026,16:45, ,gtmfmwq_15E101700_010926_080000.bin,Fort Matanzas,GTMNERR,0,51.864,0,34.05,0,1.49,0,101.1,0,8.66,0,12.65,4.55,8.07,0,-84.9,5.49,12.768,0,3.34,0,1.189,0.61,0,2.41
1/20/2026,17:00, ,gtmfmwq_15E101700_010926_080000.bin,Fort Matanzas,GTMNERR,0,52.006,0,34.18,0,1.473,0,103.5,0,8.76,0,12.74,4.58,8.09,0,-85.9,5.5,13.283,0,3.1,0,1.204,0.57,0,2.22
1/20/2026,17:15, ,gtmfmwq_15E101700_010926_080000.bin,Fort Matanzas,GTMNERR,0,52.053,0,34.22,0,1.484,0,103.9,0,8.78,0,13.01,4.67,8.09,0,-86.1,5.5,13.375,0,3.23,0,1.194,0.59,0,2.31
1/20/2026,17:30, ,gtmfmwq_15E101700_010926_080000.bin,Fort Matanzas,GTMNERR,0,52.323,0,34.45,0,1.51,0,107.1,0,8.86,0,10.11,3.66,8.11,0,-87.6,5.5,14.349,0,3.78,0,1.187,1.11,0,4.4
1/20/2026,17:45, ,gtmfmwq_15E101700_010926_080000.bin,Fort Matanzas,GTMNERR,0,52.313,0,34.45,0,1.555,0,107.5,0,8.82,0,10.94,3.95,8.12,0,-88.3,5.5,14.761,0,3.56,0,1.192,1.27,0,5.04
1/20/2026,18:00, ,gtmfmwq_15E101700_010926_080000.bin,Fort Matanzas,GTMNERR,0,52.329,0,34.47,0,1.604,0,107.3,0,8.78,0,10.99,3.96,8.12,0,-88.5,5.5,14.844,0,3.34,0,1.199,1.2,0,4.76
1/20/2026,18:15, ,gtmfmwq_15E101700_010926_080000.bin,Fort Matanzas,GTMNERR,0,52.329,0,34.47,0,1.666,0,107.1,0,8.74,0,9.91,3.59,8.13,0,-88.7,5.51,14.986,0,3.27,0,1.195,1.8,0,7.2
1/20/2026,18:30, ,gtmfmwq_15E101700_010926_080000.bin,Fort Matanzas,GTMNERR,0,52.328,0,34.47,0,1.733,0,106.8,0,8.71,0,10.62,3.84,8.12,0,-88.5,5.49,15.048,0,3.74,0,1.198,2.1,0,8.4
1/20/2026,18:45, ,gtmfmwq_15E101700_010926_080000.bin,Fort Matanzas,GTMNERR,0,52.36,0,34.49,0,1.799,0,106.5,0,8.7,0,10.25,3.71,8.12,0,-88.4,5.5,14.936,0,3.27,0,1.188,1.64,0,6.57
1/20/2026,19:00, ,gtmfmwq_15E101700_010926_080000.bin,Fort Matanzas,GTMNERR,0,52.338,0,34.48,0,1.867,0,106.3,0,8.68,0,8.89,3.23,8.12,0,-88.4,5.51,14.941,0,3.75,0,1.19,1.91,0,7.62
1/20/2026,19:15, ,gtmfmwq_15E101700_010926_080000.bin,Fort Matanzas,GTMNERR,0,52.353,0,34.49,0,1.937,0,105.9,0,8.65,0,8.99,3.27,8.12,0,-88.3,5.49,14.911,0,2.98,0,1.195,1.56,0,6.25
1/20/2026,19:30, ,gtmfmwq_15E101700_010926_080000.bin,Fort Matanzas,GTMNERR,0,52.355,0,34.49,0,2.003,0,105.2,0,8.62,0,8.65,3.15,8.12,0,-88,5.5,14.821,0,2.84,0,1.2,1.7,0,6.79
1/20/2026,19:45, ,gtmfmwq_15E101700_010926_080000.bin,Fort Matanzas,GTMNERR,0,52.341,0,34.47,0,2.069,0,104.6,0,8.59,0,7.62,2.79,8.11,0,-87.7,5.51,14.727,0,2.78,0,1.204,1.7,0,6.81
1/20/2026,20:00, ,gtmfmwq_15E101700_010926_080000.bin,Fort Matanzas,GTMNERR,0,52.346,0,34.47,0,2.128,0,103.8,0,8.52,0,7.51,2.75,8.11,0,-87.5,5.5,14.692,0,2.56,0,1.205,1.35,0,5.38
1/20/2026,20:15, ,gtmfmwq_15E101700_010926_080000.bin,Fort Matanzas,GTMNERR,0,52.339,0,34.47,0,2.186,0,100.3,0,8.24,0,7.26,2.66,8.09,0,-86.5,5.5,14.647,0,2.97,0,1.198,1.35,0,5.39
1/20/2026,20:30, ,gtmfmwq_15E101700_010926_080000.bin,Fort Matanzas,GTMNERR,0,52.342,0,34.47,0,2.24,0,95.4,0,7.87,0,7.87,2.88,8.07,0,-85.3,5.51,14.483,0,2.8,0,1.189,0.5,0,1.96
1/20/2026,20:45, ,gtmfmwq_15E101700_010926_080000.bin,Fort Matanzas,GTMNERR,0,52.347,0,34.47,0,2.295,0,84.2,0,6.95,0,9,3.27,8.03,0,-83,5.49,14.464,0,2.78,0,1.192,0.47,0,1.84
1/20/2026,21:00, ,gtmfmwq_15E101700_010926_080000.bin,Fort Matanzas,GTMNERR,0,52.349,0,34.47,0,2.345,0,74.5,0,6.15,0,9.26,3.36,8,0,-81.2,5.5,14.461,0,2.36,0,1.195,0.32,0,1.22
1/20/2026,21:15, ,gtmfmwq_15E101700_010926_080000.bin,Fort Matanzas,GTMNERR,0,52.349,0,34.47,0,2.388,0,81.7,0,6.74,0,8.62,3.14,8.02,0,-82.2,5.5,14.455,0,2.22,0,1.194,0.32,0,1.23
1/20/2026,21:30, ,gtmfmwq_15E101700_010926_080000.bin,Fort Matanzas,GTMNERR,0,52.349,0,34.47,0,2.426,0,85.1,0,7.02,0,8.48,3.09,8.03,0,-82.7,5.51,14.425,0,2.69,0,1.202,0.56,0,2.22
1/20/2026,21:45, ,gtmfmwq_15E101700_010926_080000.bin,Fort Matanzas,GTMNERR,0,52.352,0,34.47,0,2.457,0,87.8,0,7.25,0,8.53,3.11,8.04,0,-83.4,5.5,14.447,0,2.29,0,1.189,0.38,0,1.48
1/20/2026,22:00, ,gtmfmwq_15E101700_010926_080000.bin,Fort Matanzas,GTMNERR,0,52.355,0,34.48,0,2.476,0,92.7,0,7.64,0,7.37,2.7,8.06,0,-84.5,5.5,14.529,0,2.43,0,1.204,0.77,0,3.05
1/20/2026,22:15, ,gtmfmwq_15E101700_010926_080000.bin,Fort Matanzas,GTMNERR,0,52.369,0,34.49,0,2.491,0,96.5,0,7.93,0,8.67,3.16,8.09,0,-86.5,5.5,14.63,0,2.46,0,1.193,0.84,0,3.33
1/20/2026,22:30, ,gtmfmwq_15E101700_010926_080000.bin,Fort Matanzas,GTMNERR,0,52.352,0,34.48,0,2.495,0,100.6,0,8.25,0,10.4,3.76,8.1,0,-86.9,5.49,14.765,0,2.44,0,1.189,1.09,0,4.35
1/20/2026,22:45, ,gtmfmwq_15E101700_010926_080000.bin,Fort Matanzas,GTMNERR,0,52.331,0,34.46,0,2.485,0,102.1,0,8.38,0,9.21,3.35,8.11,0,-87.6,5.5,14.737,0,2.47,0,1.197,0.96,0,3.8
1/20/2026,23:00, ,gtmfmwq_15E101700_010926_080000.bin,Fort Matanzas,GTMNERR,0,52.296,0,34.43,0,2.458,0,102.4,0,8.43,0,8.39,3.06,8.11,0,-87.6,5.5,14.572,0,2.61,0,1.201,0.92,0,3.65
1/20/2026,23:15, ,gtmfmwq_15E101700_010926_080000.bin,Fort Matanzas,GTMNERR,0,52.159,0,34.31,0,2.422,0,101.8,0,8.51,0,11.19,4.04,8.09,0,-86.3,5.49,13.851,0,2.98,0,1.198,0.78,0,3.09
1/20/2026,23:30, ,gtmfmwq_15E101700_010926_080000.bin,Fort Matanzas,GTMNERR,0,52.101,0,34.25,0,2.383,0,102,0,8.6,0,11.78,4.24,8.09,0,-86,5.49,13.445,0,3.05,0,1.196,0.72,0,2.82
1/20/2026,23:45, ,gtmfmwq_15E101700_010926_080000.bin,Fort Matanzas,GTMNERR,0,52.063,0,34.22,0,2.343,0,102.5,0,8.67,0,12.2,4.39,8.09,0,-86,5.5,13.286,0,2.91,0,1.188,0.66,0,2.59
1/21/2026,0:00, ,gtmfmwq_15E101700_010926_080000.bin,Fort Matanzas,GTMNERR,0,52.007,0,34.17,0,2.296,0,103.6,0,8.81,0,12.97,4.66,8.09,0,-86.3,5.49,13.036,0,3.34,0,1.188,0.71,0,2.8
1/21/2026,0:15, ,gtmfmwq_15E101700_010926_080000.bin,Fort Matanzas,GTMNERR,0,52.05,0,34.2,0,2.245,0,103,0,8.78,0,12.86,4.62,8.09,0,-86,5.49,12.948,0,2.99,0,1.2,0.66,0,2.58
1/21/2026,0:30, ,gtmfmwq_15E101700_010926_080000.bin,Fort Matanzas,GTMNERR,0,51.97,0,34.13,0,2.198,0,103.5,0,8.83,0,13.48,4.84,8.09,0,-86,5.49,12.888,0,3.22,0,1.197,0.67,0,2.66
1/21/2026,0:45, ,gtmfmwq_15E101700_010926_080000.bin,Fort Matanzas,GTMNERR,0,51.932,0,34.1,0,2.148,0,103.1,0,8.81,0,13.8,4.95,8.09,0,-86,5.5,12.846,0,3.07,0,1.193,0.69,0,2.71
1/21/2026,1:00, ,gtmfmwq_15E101700_010926_080000.bin,Fort Matanzas,GTMNERR,0,51.922,0,34.1,0,2.102,0,101.6,0,8.69,0,10.96,3.96,8.09,0,-85.7,5.48,12.815,0,2.86,0,1.188,0.63,0,2.5
1/21/2026,1:15, ,gtmfmwq_15E101700_010926_080000.bin,Fort Matanzas,GTMNERR,0,51.918,0,34.09,0,2.053,0,100.5,0,8.59,0,12.28,4.42,8.08,0,-85.4,5.48,12.837,0,2.41,0,1.192,0.48,0,1.87
1/21/2026,1:30, ,gtmfmwq_15E101700_010926_080000.bin,Fort Matanzas,GTMNERR,0,51.882,0,34.07,0,2.001,0,101.3,0,8.67,0,12.45,4.48,8.08,0,-85.5,5.49,12.798,0,2.75,0,1.193,0.59,0,2.33
1/21/2026,1:45, ,gtmfmwq_15E101700_010926_080000.bin,Fort Matanzas,GTMNERR,0,52.499,0,34.55,0,1.949,0,96.7,0,8.12,0,8.59,3.13,8.07,0,-85.3,5.48,13.59,0,2.68,0,1.192,0.75,0,2.97
1/21/2026,2:00, ,gtmfmwq_15E101700_010926_080000.bin,Fort Matanzas,GTMNERR,0,52.227,0,34.35,0,1.894,0,94.2,0,7.92,0,8.6,3.13,8.07,0,-84.9,5.48,13.581,0,2.38,0,1.193,0.47,0,1.83
1/21/2026,2:15, ,gtmfmwq_15E101700_010926_080000.bin,Fort Matanzas,GTMNERR,0,52.188,0,34.31,0,1.843,0,93.8,0,7.94,0,9.81,3.55,8.07,0,-84.8,5.49,13.256,0,2.64,0,1.188,0.49,0,1.93
1/21/2026,2:30, ,gtmfmwq_15E101700_010926_080000.bin,Fort Matanzas,GTMNERR,0,52.259,0,34.35,0,1.79,0,97,0,8.25,0,10.23,3.7,8.08,0,-85.7,5.48,13.053,0,2.33,0,1.188,0.64,0,2.53
1/21/2026,2:45, ,gtmfmwq_15E101700_010926_080000.bin,Fort Matanzas,GTMNERR,0,52.204,0,34.32,0,1.734,0,98.9,0,8.38,0,10.87,3.92,8.09,0,-86.1,5.48,13.213,0,2.48,0,1.19,0.75,0,2.97
1/21/2026,3:00, ,gtmfmwq_15E101700_010926_080000.bin,Fort Matanzas,GTMNERR,0,52.213,0,34.33,0,1.68,0,98.5,0,8.34,0,10.29,3.72,8.09,0,-86.2,5.48,13.219,0,2.48,0,1.191,0.67,0,2.66
1/21/2026,3:15, ,gtmfmwq_15E101700_010926_080000.bin,Fort Matanzas,GTMNERR,0,52.147,0,34.28,0,1.624,0,99.8,0,8.46,0,11.96,4.3,8.09,0,-86.2,5.49,13.156,0,3.25,0,1.189,0.7,0,2.78
1/21/2026,3:30, ,gtmfmwq_15E101700_010926_080000.bin,Fort Matanzas,GTMNERR,0,52.134,0,34.26,0,1.571,0,99.5,0,8.47,0,11.21,4.04,8.09,0,-86.2,5.48,13.005,0,2.9,0,1.198,0.76,0,3.01
1/21/2026,3:45, ,gtmfmwq_15E101700_010926_080000.bin,Fort Matanzas,GTMNERR,0,52.191,0,34.3,0,1.521,0,98.8,0,8.4,0,11,3.97,8.09,0,-86,5.48,12.992,0,2.63,0,1.205,0.73,0,2.9
1/21/2026,4:00, ,gtmfmwq_15E101700_010926_080000.bin,Fort Matanzas,GTMNERR,0,52.216,0,34.32,0,1.475,0,96.6,0,8.23,0,10.85,3.92,8.08,0,-85.5,5.49,12.918,0,2.72,0,1.195,0.74,0,2.92
1/21/2026,4:15, ,gtmfmwq_15E101700_010926_080000.bin,Fort Matanzas,GTMNERR,0,52.24,0,34.34,0,1.437,0,96,0,8.17,0,12.14,4.37,8.08,0,-85.3,5.48,12.97,0,2.91,0,1.198,0.68,0,2.67
1/21/2026,4:30, ,gtmfmwq_15E101700_010926_080000.bin,Fort Matanzas,GTMNERR,0,52.262,0,34.35,0,1.41,0,97,0,8.28,0,12.18,4.38,8.08,0,-85.7,5.48,12.85,0,2.86,0,1.198,0.69,0,2.73
1/21/2026,4:45, ,gtmfmwq_15E101700_010926_080000.bin,Fort Matanzas,GTMNERR,0,52.234,0,34.33,0,1.403,0,98.5,0,8.38,0,12.28,4.42,8.09,0,-85.9,5.49,12.992,0,2.73,0,1.194,0.72,0,2.85
1/21/2026,5:00, ,gtmfmwq_15E101700_010926_080000.bin,Fort Matanzas,GTMNERR,0,52.347,0,34.44,0,1.418,0,98,0,8.24,0,10.31,3.73,8.09,0,-86.3,5.47,13.49,0,2.85,0,1.194,1.07,0,4.25
1/21/2026,5:15, ,gtmfmwq_15E101700_010926_080000.bin,Fort Matanzas,GTMNERR,0,52.387,0,34.49,0,1.45,0,98.3,0,8.16,0,10.24,3.7,8.1,0,-86.9,5.48,14.134,0,3.33,0,1.196,1.54,0,6.17
1/21/2026,5:30, ,gtmfmwq_15E101700_010926_080000.bin,Fort Matanzas,GTMNERR,0,52.381,0,34.49,0,1.496,0,98.6,0,8.17,0,10.29,3.72,8.1,0,-87,5.49,14.234,0,3.4,0,1.199,1.8,0,7.18
1/21/2026,5:45, ,gtmfmwq_15E101700_010926_080000.bin,Fort Matanzas,GTMNERR,0,52.392,0,34.5,0,1.542,0,98.9,0,8.17,0,10.56,3.82,8.1,0,-87.2,5.48,14.352,0,3.73,0,1.199,1.51,0,6.02
1/21/2026,6:00, ,gtmfmwq_15E101700_010926_080000.bin,Fort Matanzas,GTMNERR,0,52.364,0,34.48,0,1.6,0,99.2,0,8.18,0,10.58,3.82,8.11,0,-87.3,5.48,14.459,0,3.48,0,1.188,1.7,0,6.78
1/21/2026,6:15, ,gtmfmwq_15E101700_010926_080000.bin,Fort Matanzas,GTMNERR,0,52.366,0,34.48,0,1.674,0,98.9,0,8.16,0,10.46,3.78,8.11,0,-87.3,5.49,14.457,0,3.45,0,1.2,1.4,0,5.58
1/21/2026,6:30, ,gtmfmwq_15E101700_010926_080000.bin,Fort Matanzas,GTMNERR,0,52.38,0,34.49,0,1.747,0,98.5,0,8.13,0,5.37,2,8.1,0,-87.2,5.49,14.419,0,3.26,0,1.203,2.55,0,10.22
1/21/2026,6:45, ,gtmfmwq_15E101700_010926_080000.bin,Fort Matanzas,GTMNERR,0,52.378,0,34.49,0,1.818,0,98.4,0,8.11,0,7.57,2.77,8.1,0,-87.2,5.48,14.468,0,3.53,0,1.205,1.61,0,6.44
1/21/2026,7:00, ,gtmfmwq_15E101700_010926_080000.bin,Fort Matanzas,GTMNERR,0,52.375,0,34.49,0,1.879,0,98.4,0,8.12,0,7.21,2.65,8.1,0,-87,5.49,14.443,0,3.04,0,1.201,1.5,0,5.99
1/21/2026,7:15, ,gtmfmwq_15E101700_010926_080000.bin,Fort Matanzas,GTMNERR,0,52.375,0,34.49,0,1.949,0,98.4,0,8.11,0,5.6,2.08,8.1,0,-87.1,5.49,14.475,0,3.04,0,1.195,1.74,0,6.95
1/21/2026,7:30, ,gtmfmwq_15E101700_010926_080000.bin,Fort Matanzas,GTMNERR,0,52.371,0,34.49,0,2.009,0,98.1,0,8.09,0,5.35,2,8.1,0,-87.1,5.48,14.452,0,2.64,0,1.204,1.68,0,6.72
1/21/2026,7:45, ,gtmfmwq_15E101700_010926_080000.bin,Fort Matanzas,GTMNERR,0,52.373,0,34.49,0,2.079,0,98,0,8.09,0,5.93,2.2,8.1,0,-87,5.48,14.383,0,2.71,0,1.207,1.31,0,5.23
1/21/2026,8:00, ,gtmfmwq_15E101700_010926_080000.bin,Fort Matanzas,GTMNERR,0,52.366,0,34.48,0,2.145,0,97.6,0,8.07,0,5.26,1.97,8.1,0,-86.8,5.49,14.324,0,3.48,0,1.197,1.32,0,5.25
1/21/2026,8:15, ,gtmfmwq_15E101700_010926_080000.bin,Fort Matanzas,GTMNERR,0,52.367,0,34.48,0,2.212,0,97.5,0,8.08,0,5.51,2.05,8.09,0,-86.6,5.48,14.219,0,2.73,0,1.199,1.08,0,4.28
1/21/2026,8:30, ,gtmfmwq_15E101700_010926_080000.bin,Fort Matanzas,GTMNERR,0,52.368,0,34.47,0,2.282,0,96.8,0,8.04,0,5.68,2.11,8.09,0,-86.4,5.48,14.125,0,2.73,0,1.198,1.1,0,4.38
1/21/2026,8:45, ,gtmfmwq_15E101700_010926_080000.bin,Fort Matanzas,GTMNERR,0,52.369,0,34.47,0,2.349,0,97.6,0,8.11,0,8.54,3.11,8.09,0,-86.6,5.48,14.102,0,2.62,0,1.194,0.98,0,3.89
1/21/2026,9:00, ,gtmfmwq_15E101700_010926_080000.bin,Fort Matanzas,GTMNERR,0,52.366,0,34.48,0,2.414,0,97.3,0,8.06,0,9.22,3.35,8.09,0,-86.4,5.49,14.246,0,2.87,0,1.189,0.98,0,3.88
1/21/2026,9:15, ,gtmfmwq_15E101700_010926_080000.bin,Fort Matanzas,GTMNERR,0,52.364,0,34.48,0,2.476,0,95.3,0,7.87,0,9.05,3.29,8.08,0,-85.7,5.48,14.37,0,2.81,0,1.204,0.81,0,3.21
1/21/2026,9:30, ,gtmfmwq_15E101700_010926_080000.bin,Fort Matanzas,GTMNERR,0,52.363,0,34.48,0,2.537,0,88,0,7.27,0,8.45,3.08,8.05,0,-83.9,5.48,14.437,0,4.25,0,1.196,0.79,0,3.11
1/21/2026,9:45, ,gtmfmwq_15E101700_010926_080000.bin,Fort Matanzas,GTMNERR,0,52.361,0,34.48,0,2.584,0,78.2,0,6.45,0,7.95,2.9,8.01,0,-81.5,5.49,14.422,0,2.53,0,1.192,0.48,0,1.87
1/21/2026,10:00, ,gtmfmwq_15E101700_010926_080000.bin,Fort Matanzas,GTMNERR,0,52.359,0,34.47,0,2.629,0,81.6,0,6.74,0,7.83,2.86,8.03,0,-82.8,5.48,14.373,0,2.21,0,1.192,0.6,0,2.34
1/21/2026,10:15, ,gtmfmwq_15E101700_010926_080000.bin,Fort Matanzas,GTMNERR,0,52.367,0,34.48,0,2.658,0,87.4,0,7.24,0,5.95,2.21,8.06,0,-84.5,5.48,14.239,0,2.48,0,1.195,0.5,0,1.96
1/21/2026,10:30, ,gtmfmwq_15E101700_010926_080000.bin,Fort Matanzas,GTMNERR,0,52.372,0,34.48,0,2.677,0,93.3,0,7.73,0,7.19,2.64,8.07,0,-85.4,5.49,14.227,0,2.45,0,1.189,0.59,0,2.32
1/21/2026,10:45, ,gtmfmwq_15E101700_010926_080000.bin,Fort Matanzas,GTMNERR,0,52.4,0,34.5,0,2.687,0,95.9,0,7.93,0,7.18,2.63,8.09,0,-86.5,5.47,14.377,0,2.61,0,1.188,0.9,0,3.56
1/21/2026,11:00, ,gtmfmwq_15E101700_010926_080000.bin,Fort Matanzas,GTMNERR,0,52.359,0,34.48,0,2.682,0,98.5,0,8.13,0,8.52,3.1,8.1,0,-87.1,5.48,14.44,0,2.96,0,1.188,0.98,0,3.89
1/21/2026,11:15, ,gtmfmwq_15E101700_010926_080000.bin,Fort Matanzas,GTMNERR,0,52.343,0,34.46,0,2.662,0,98.5,0,8.16,0,7.85,2.87,8.1,0,-87,5.48,14.219,0,2.92,0,1.192,1.09,0,4.31
1/21/2026,11:30, ,gtmfmwq_15E101700_010926_080000.bin,Fort Matanzas,GTMNERR,0,52.201,0,34.32,0,2.62,0,97.8,0,8.25,0,9.56,3.47,8.09,0,-86.1,5.49,13.404,0,3.63,0,1.204,0.72,0,2.83
