Date,Time,F_Record,FILENAME,SITENAME,USERID,FAULTCODE,SpCond,F_SpCond,Sal,F_Sal,Depth,F_Depth,DO_pct,F_DO_pct,DO_mgl,F_DO_mgl,fDOMQSU,fDOMRFU,pH,F_pH,pHmV,BATTERY,Temp,F_Temp,Turb,F_Turb,WIPERPOSITIONVOLT,ChlFluor,F_ChlFluor,Chlorophyllug/L
1/21/2026,13:00, ,gtmsswq_20H100466_012126_050000.bin,San Sebastian,default user,0,51.304,<0> (CND),33.69,<0> (CND),5.303,<0> (CND),108.4,<0> (CND),9.03,<0> (CND),15.91,5.38,8.05,<0> (CND),-89.8,6.02,14.197,<0> (CND),4.9,<0> (CND),1.2,0.89,<0> (CND),3.42
1/21/2026,13:15, ,gtmsswq_20H100466_012126_050000.bin,San Sebastian,default user,0,51.164,0,33.59,0,5.229,0,109.4,0,9.1,0,16.97,5.73,8.04,0,-89.8,6.04,14.299,0,2.87,0,1.194,0.72,0,2.74
1/21/2026,13:30, ,gtmsswq_20H100466_012126_050000.bin,San Sebastian,default user,0,51.305,0,33.7,0,5.143,0,109.4,0,9.08,0,16.01,5.41,8.06,0,-90.5,6.05,14.383,0,2.68,0,1.191,0.7,0,2.67
1/21/2026,13:45, ,gtmsswq_20H100466_012126_050000.bin,San Sebastian,default user,0,51.244,0,33.66,0,5.045,0,111.3,0,9.2,0,17.09,5.77,8.06,0,-90.7,6.04,14.605,0,3.14,0,1.187,0.63,0,2.38
1/21/2026,14:00, ,gtmsswq_20H100466_012126_050000.bin,San Sebastian,default user,0,51.279,0,33.69,0,4.962,0,112.1,0,9.25,0,16.74,5.65,8.06,0,-91,6.05,14.701,0,3.04,0,1.188,0.99,0,3.84
1/21/2026,14:15, ,gtmsswq_20H100466_012126_050000.bin,San Sebastian,default user,0,51.176,0,33.61,0,4.88,0,111.8,0,9.25,0,17.43,5.88,8.07,0,-91.1,6.04,14.594,0,3.48,0,1.186,0.87,0,3.35
1/21/2026,14:30, ,gtmsswq_20H100466_012126_050000.bin,San Sebastian,default user,0,51.061,0,33.53,0,4.799,0,111.5,0,9.21,0,18.43,6.22,8.06,0,-90.8,6.05,14.661,0,3.41,0,1.194,0.88,0,3.39
1/21/2026,14:45, ,gtmsswq_20H100466_012126_050000.bin,San Sebastian,default user,0,51.021,0,33.5,0,4.719,0,111,0,9.19,0,19.15,6.46,8.06,0,-90.6,6.05,14.551,0,3.65,0,1.196,0.8,0,3.05
1/21/2026,15:00, ,gtmsswq_20H100466_012126_050000.bin,San Sebastian,default user,0,50.931,0,33.42,0,4.652,0,110.7,0,9.22,0,20.37,6.86,8.06,0,-90.4,6.05,14.352,0,3.31,0,1.196,0.82,0,3.15
1/21/2026,15:15, ,gtmsswq_20H100466_012126_050000.bin,San Sebastian,default user,0,50.746,0,33.29,0,4.589,0,110.8,0,9.25,0,21.44,7.22,8.05,0,-90.4,6.05,14.24,0,3.19,0,1.184,0.69,0,2.64
1/21/2026,15:30, ,gtmsswq_20H100466_012126_050000.bin,San Sebastian,default user,0,50.664,0,33.22,0,4.529,0,110.8,0,9.28,0,21.63,7.28,8.06,0,-90.7,6.04,14.12,0,3.27,0,1.185,0.84,0,3.22
1/21/2026,15:45, ,gtmsswq_20H100466_012126_050000.bin,San Sebastian,default user,0,50.111,0,32.81,0,4.481,0,109.2,0,9.19,0,24.53,8.25,8.05,0,-89.9,6.05,14.018,0,2.46,0,1.191,0.73,0,2.77
1/21/2026,16:00, ,gtmsswq_20H100466_012126_050000.bin,San Sebastian,default user,0,50.202,0,32.88,0,4.445,0,109.2,0,9.19,0,24.38,8.2,8.05,0,-90,6.05,13.971,0,2.58,0,1.194,0.78,0,2.99
1/21/2026,16:15, ,gtmsswq_20H100466_012126_050000.bin,San Sebastian,default user,0,50.076,0,32.78,0,4.419,0,108.6,0,9.16,0,25.42,8.55,8.04,0,-89.5,6.04,13.852,0,2.36,0,1.193,0.65,0,2.46
1/21/2026,16:30, ,gtmsswq_20H100466_012126_050000.bin,San Sebastian,default user,0,50.103,0,32.8,0,4.41,0,108.3,0,9.13,0,25.2,8.48,8.04,0,-89.7,6.05,13.871,0,2.48,0,1.189,0.59,0,2.23
1/21/2026,16:45, ,gtmsswq_20H100466_012126_050000.bin,San Sebastian,default user,0,50.449,0,33.06,0,4.422,0,103.6,0,8.71,0,22.16,7.46,8.03,0,-89,6.04,13.972,0,2.54,0,1.188,0.65,0,2.49
1/21/2026,17:00, ,gtmsswq_20H100466_012126_050000.bin,San Sebastian,default user,0,50.464,0,33.07,0,4.445,0,97.4,0,8.2,0,21.61,7.28,8,0,-87.4,6.04,13.892,0,2.46,0,1.183,0.63,0,2.38
1/21/2026,17:15, ,gtmsswq_20H100466_012126_050000.bin,San Sebastian,default user,0,50.529,0,33.12,0,4.49,0,93,0,7.83,0,20.47,6.9,7.99,0,-86.3,6.05,13.882,0,2.27,0,1.186,0.52,0,1.96
1/21/2026,17:30, ,gtmsswq_20H100466_012126_050000.bin,San Sebastian,default user,0,50.598,0,33.17,0,4.541,0,101.3,0,8.53,0,20.99,7.07,8.03,0,-88.9,6.04,13.846,0,2.11,0,1.195,0.85,0,3.27
1/21/2026,17:45, ,gtmsswq_20H100466_012126_050000.bin,San Sebastian,default user,0,50.621,0,33.18,0,4.589,0,102.7,0,8.66,0,21.19,7.14,8.04,0,-89.4,6.05,13.784,0,2.36,0,1.196,1.6,0,6.25
1/21/2026,18:00, ,gtmsswq_20H100466_012126_050000.bin,San Sebastian,default user,0,50.623,0,33.18,0,4.658,0,104.1,0,8.79,0,21.61,7.28,8.04,0,-89.4,6.03,13.7,0,2.19,0,1.199,1.11,0,4.32
1/21/2026,18:15, ,gtmsswq_20H100466_012126_050000.bin,San Sebastian,default user,0,50.633,0,33.18,0,4.737,0,103.7,0,8.77,0,21.84,7.36,8.04,0,-89.1,6.03,13.623,0,2.29,0,1.195,1.49,0,5.84
1/21/2026,18:30, ,gtmsswq_20H100466_012126_050000.bin,San Sebastian,default user,0,50.654,0,33.2,0,4.812,0,104.4,0,8.83,0,21.51,7.24,8.04,0,-89.4,6.04,13.628,0,2.81,0,1.182,1.35,0,5.25
1/21/2026,18:45, ,gtmsswq_20H100466_012126_050000.bin,San Sebastian,default user,0,50.668,0,33.21,0,4.886,0,104.6,0,8.84,0,21.22,7.15,8.04,0,-89.7,6.04,13.65,0,3.04,0,1.191,3.56,0,14.09
1/21/2026,19:00, ,gtmsswq_20H100466_012126_050000.bin,San Sebastian,default user,0,50.705,0,33.24,0,4.982,0,105,0,8.86,0,20.57,6.93,8.05,0,-90.2,6.03,13.735,0,2.91,0,1.192,1.52,0,5.93
1/21/2026,19:15, ,gtmsswq_20H100466_012126_050000.bin,San Sebastian,default user,0,50.819,0,33.33,0,5.059,0,106.1,0,8.92,0,19.23,6.49,8.07,0,-91.1,6.03,13.889,0,3.1,0,1.191,2.75,0,10.86
1/21/2026,19:30, ,gtmsswq_20H100466_012126_050000.bin,San Sebastian,default user,0,50.859,0,33.36,0,5.131,0,106.3,0,8.93,0,18.6,6.27,8.07,0,-91.3,6.05,13.932,0,2.75,0,1.194,1.49,0,5.83
1/21/2026,19:45, ,gtmsswq_20H100466_012126_050000.bin,San Sebastian,default user,0,50.95,0,33.43,0,5.209,0,106.5,0,8.93,0,17.87,6.03,8.08,0,-91.6,6.03,13.988,0,2.67,0,1.2,1.71,0,6.69
1/21/2026,20:00, ,gtmsswq_20H100466_012126_050000.bin,San Sebastian,default user,0,50.922,0,33.4,0,5.273,0,105.2,0,8.83,0,18.01,6.08,8.07,0,-91.3,6.03,13.924,0,2.66,0,1.184,1.6,0,6.26
1/21/2026,20:15, ,gtmsswq_20H100466_012126_050000.bin,San Sebastian,default user,0,50.938,0,33.41,0,5.345,0,104.8,0,8.8,0,17.99,6.07,8.07,0,-91.1,6.04,13.887,0,3.46,0,1.191,1.66,0,6.5
1/21/2026,20:30, ,gtmsswq_20H100466_012126_050000.bin,San Sebastian,default user,0,50.981,0,33.45,0,5.414,0,105,0,8.81,0,17.49,5.9,8.07,0,-91.5,6.02,13.947,0,3.39,0,1.196,1.63,0,6.38
1/21/2026,20:45, ,gtmsswq_20H100466_012126_050000.bin,San Sebastian,default user,0,50.983,0,33.45,0,5.481,0,105.1,0,8.81,0,17.35,5.86,8.08,0,-91.7,6.03,13.987,0,4.16,0,1.195,1.69,0,6.62
1/21/2026,21:00, ,gtmsswq_20H100466_012126_050000.bin,San Sebastian,default user,0,51.087,0,33.53,0,5.544,0,104.9,0,8.76,0,15.82,5.35,8.09,0,-92.3,6.04,14.17,0,5.42,0,1.196,1.76,0,6.89
1/21/2026,21:15, ,gtmsswq_20H100466_012126_050000.bin,San Sebastian,default user,0,51.206,0,33.62,0,5.598,0,104.8,0,8.74,0,15.67,5.3,8.09,0,-92.6,6.03,14.228,0,4.23,0,1.189,1.58,0,6.19
1/21/2026,21:30, ,gtmsswq_20H100466_012126_050000.bin,San Sebastian,default user,0,51.302,0,33.69,0,5.652,0,105,0,8.74,0,14.36,4.86,8.1,0,-92.8,6.04,14.241,0,4.05,0,1.186,1.81,0,7.12
1/21/2026,21:45, ,gtmsswq_20H100466_012126_050000.bin,San Sebastian,default user,0,51.553,0,33.88,0,5.69,0,104.9,0,8.71,0,12.33,4.19,8.1,0,-93.3,6.02,14.333,0,4.11,0,1.192,1.99,0,7.84
1/21/2026,22:00, ,gtmsswq_20H100466_012126_050000.bin,San Sebastian,default user,0,51.598,0,33.91,0,5.719,0,104.4,0,8.66,0,12.43,4.22,8.11,0,-93.3,6.03,14.369,0,3.53,0,1.193,1.72,0,6.75
1/21/2026,22:15, ,gtmsswq_20H100466_012126_050000.bin,San Sebastian,default user,0,51.634,0,33.94,0,5.744,0,104.4,0,8.65,0,11.77,4,8.1,0,-93.3,6.04,14.406,0,2.98,0,1.191,1.34,0,5.23
1/21/2026,22:30, ,gtmsswq_20H100466_012126_050000.bin,San Sebastian,default user,0,51.677,0,33.97,0,5.752,0,104.3,0,8.64,0,11.45,3.89,8.11,0,-93.4,6.03,14.449,0,2.75,0,1.185,1.55,0,6.06
1/21/2026,22:45, ,gtmsswq_20H100466_012126_050000.bin,San Sebastian,default user,0,51.694,0,33.99,0,5.75,0,103.5,0,8.57,0,11.26,3.83,8.11,0,-93.3,6.03,14.457,0,2.62,0,1.185,1.44,0,5.62
1/21/2026,23:00, ,gtmsswq_20H100466_012126_050000.bin,San Sebastian,default user,0,51.71,0,34,0,5.736,0,102.6,0,8.49,0,11.16,3.79,8.1,0,-92.9,6.02,14.471,0,2.12,0,1.194,1.29,0,5.03
1/21/2026,23:15, ,gtmsswq_20H100466_012126_050000.bin,San Sebastian,default user,0,51.708,0,34,0,5.706,0,92.5,0,7.65,0,11.15,3.79,8.04,0,-89.5,6.02,14.483,0,1.58,0,1.2,0.38,0,1.37
1/21/2026,23:30, ,gtmsswq_20H100466_012126_050000.bin,San Sebastian,default user,0,51.497,0,33.84,0,5.667,0,102.8,0,8.54,0,12.72,4.31,8.09,0,-92.7,6.04,14.332,0,2.99,0,1.191,1.52,0,5.95
1/21/2026,23:45, ,gtmsswq_20H100466_012126_050000.bin,San Sebastian,default user,0,51.434,0,33.79,0,5.599,0,102,0,8.47,0,13.29,4.51,8.09,0,-92.2,6.02,14.311,0,2.65,0,1.19,1.25,0,4.87
1/22/2026,0:00, ,gtmsswq_20H100466_012126_050000.bin,San Sebastian,default user,0,51.281,0,33.67,0,5.521,0,100.1,0,8.35,0,14.98,5.07,8.07,0,-91.2,6.02,14.153,0,2.51,0,1.191,1.15,0,4.45
1/22/2026,0:15, ,gtmsswq_20H100466_012126_050000.bin,San Sebastian,default user,0,51.181,0,33.6,0,5.446,0,99.1,0,8.29,0,16.28,5.5,8.06,0,-90.5,6.02,14.056,0,2.57,0,1.191,1.16,0,4.52
1/22/2026,0:30, ,gtmsswq_20H100466_012126_050000.bin,San Sebastian,default user,0,51.19,0,33.61,0,5.354,0,99.7,0,8.34,0,16.17,5.46,8.06,0,-90.6,6.02,14.076,0,2.79,0,1.195,1.15,0,4.46
1/22/2026,0:45, ,gtmsswq_20H100466_012126_050000.bin,San Sebastian,default user,0,51.17,0,33.59,0,5.287,0,99.2,0,8.3,0,16.44,5.55,8.06,0,-90.4,6.03,14.058,0,2.61,0,1.196,1.22,0,4.75
1/22/2026,1:00, ,gtmsswq_20H100466_012126_050000.bin,San Sebastian,default user,0,51.06,0,33.51,0,5.209,0,98.1,0,8.23,0,17.61,5.95,8.04,0,-89.6,6.01,13.946,0,2.75,0,1.198,1.33,0,5.18
1/22/2026,1:15, ,gtmsswq_20H100466_012126_050000.bin,San Sebastian,default user,0,51.018,0,33.47,0,5.123,0,97.5,0,8.19,0,18.34,6.19,8.04,0,-89.3,6.02,13.893,0,2.82,0,1.191,1.03,0,3.97
1/22/2026,1:30, ,gtmsswq_20H100466_012126_050000.bin,San Sebastian,default user,0,51.01,0,33.47,0,5.049,0,96.6,0,8.11,0,18.48,6.24,8.03,0,-89,6.01,13.877,0,2.75,0,1.185,1.02,0,3.94
1/22/2026,1:45, ,gtmsswq_20H100466_012126_050000.bin,San Sebastian,default user,0,50.992,0,33.45,0,4.959,0,96,0,8.07,0,18.91,6.38,8.03,0,-88.7,6.01,13.844,0,3.01,0,1.192,1.06,0,4.09
1/22/2026,2:00, ,gtmsswq_20H100466_012126_050000.bin,San Sebastian,default user,0,50.967,0,33.43,0,4.882,0,96.4,0,8.11,0,18.93,6.38,8.03,0,-88.6,6.02,13.833,0,3.35,0,1.197,0.99,0,3.83
1/22/2026,2:15, ,gtmsswq_20H100466_012126_050000.bin,San Sebastian,default user,0,50.892,0,33.38,0,4.808,0,97.1,0,8.18,0,19.52,6.58,8.03,0,-88.6,6.01,13.808,0,3.68,0,1.193,1.3,0,5.05
1/22/2026,2:30, ,gtmsswq_20H100466_012126_050000.bin,San Sebastian,default user,0,50.782,0,33.3,0,4.747,0,97.5,0,8.22,0,20.8,7.01,8.02,0,-88.5,6.02,13.776,0,2.92,0,1.189,1.01,0,3.89
1/22/2026,2:45, ,gtmsswq_20H100466_012126_050000.bin,San Sebastian,default user,0,50.653,0,33.2,0,4.679,0,98.7,0,8.33,0,21.86,7.36,8.02,0,-88.4,6,13.749,0,2.81,0,1.186,1.06,0,4.12
1/22/2026,3:00, ,gtmsswq_20H100466_012126_050000.bin,San Sebastian,default user,0,50.589,0,33.15,0,4.617,0,97.7,0,8.25,0,22.67,7.63,8.02,0,-88.1,6.01,13.724,0,2.41,0,1.187,0.89,0,3.41
1/22/2026,3:15, ,gtmsswq_20H100466_012126_050000.bin,San Sebastian,default user,0,50.509,0,33.1,0,4.558,0,98.7,0,8.33,0,23.38,7.87,8.02,0,-88.3,6.02,13.721,0,2.83,0,1.188,0.9,0,3.46
1/22/2026,3:30, ,gtmsswq_20H100466_012126_050000.bin,San Sebastian,default user,0,50.371,0,32.99,0,4.499,0,98.6,0,8.34,0,24.48,8.23,8.02,0,-88,6.01,13.671,0,3.33,0,1.193,0.98,0,3.79
1/22/2026,3:45, ,gtmsswq_20H100466_012126_050000.bin,San Sebastian,default user,0,50.317,0,32.95,0,4.444,0,98.2,0,8.32,0,24.97,8.4,8.01,0,-87.7,6.01,13.653,0,2.7,0,1.2,0.72,0,2.75
1/22/2026,4:00, ,gtmsswq_20H100466_012126_050000.bin,San Sebastian,default user,0,50.264,0,32.91,0,4.409,0,99.6,0,8.43,0,25.44,8.55,8.02,0,-88,6,13.643,0,2.48,0,1.199,0.99,0,3.81
1/22/2026,4:15, ,gtmsswq_20H100466_012126_050000.bin,San Sebastian,default user,0,50.274,0,32.92,0,4.387,0,99,0,8.38,0,24.96,8.39,8.01,0,-87.9,6.01,13.646,0,2.34,0,1.19,0.77,0,2.94
1/22/2026,4:30, ,gtmsswq_20H100466_012126_050000.bin,San Sebastian,default user,0,50.209,0,32.87,0,4.375,0,98.7,0,8.36,0,25.41,8.54,8.01,0,-87.7,6.01,13.636,0,2.21,0,1.185,0.79,0,3.01
1/22/2026,4:45, ,gtmsswq_20H100466_012126_050000.bin,San Sebastian,default user,0,50.454,0,33.05,0,4.372,0,98,0,8.29,0,22.87,7.7,8.01,0,-87.7,6,13.668,0,2.45,0,1.19,0.69,0,2.63
1/22/2026,5:00, ,gtmsswq_20H100466_012126_050000.bin,San Sebastian,default user,0,50.576,0,33.14,0,4.372,0,100.4,0,8.48,0,22.39,7.54,8.03,0,-88.6,6.01,13.685,0,3.28,0,1.192,1.1,0,4.25
1/22/2026,5:15, ,gtmsswq_20H100466_012126_050000.bin,San Sebastian,default user,0,50.551,0,33.13,0,4.406,0,98.7,0,8.34,0,21.99,7.41,8.02,0,-88.1,5.99,13.678,0,2.44,0,1.199,0.88,0,3.4
1/22/2026,5:30, ,gtmsswq_20H100466_012126_050000.bin,San Sebastian,default user,0,50.593,0,33.16,0,4.462,0,100.5,0,8.5,0,22.29,7.5,8.02,0,-88.5,6,13.669,0,3.03,0,1.196,1.16,0,4.52
1/22/2026,5:45, ,gtmsswq_20H100466_012126_050000.bin,San Sebastian,default user,0,50.593,0,33.15,0,4.541,0,96.3,0,8.15,0,22.28,7.5,8,0,-87.2,6.01,13.656,0,3.15,0,1.185,1.3,0,5.05
1/22/2026,6:00, ,gtmsswq_20H100466_012126_050000.bin,San Sebastian,default user,0,50.632,0,33.18,0,4.626,0,100.9,0,8.54,0,22.31,7.51,8.02,0,-88.4,6,13.616,0,2.44,0,1.187,1.04,0,4.04
1/22/2026,6:15, ,gtmsswq_20H100466_012126_050000.bin,San Sebastian,default user,0,50.643,0,33.19,0,4.715,0,101.9,0,8.62,0,22.03,7.42,8.03,0,-88.6,6,13.627,0,2.72,0,1.191,1.02,0,3.95
1/22/2026,6:30, ,gtmsswq_20H100466_012126_050000.bin,San Sebastian,default user,0,50.643,0,33.19,0,4.799,0,102.1,0,8.63,0,21.9,7.38,8.03,0,-88.7,5.99,13.652,0,2.9,0,1.185,1.11,0,4.31
1/22/2026,6:45, ,gtmsswq_20H100466_012126_050000.bin,San Sebastian,default user,0,50.648,0,33.2,0,4.879,0,102.1,0,8.63,0,21.59,7.27,8.03,0,-88.8,6,13.678,0,2.85,0,1.182,1.25,0,4.85
1/22/2026,7:00, ,gtmsswq_20H100466_012126_050000.bin,San Sebastian,default user,0,50.69,0,33.23,0,4.968,0,101.6,0,8.58,0,21.12,7.11,8.03,0,-89,6.01,13.731,0,3.69,0,1.185,1.13,0,4.39
1/22/2026,7:15, ,gtmsswq_20H100466_012126_050000.bin,San Sebastian,default user,0,50.767,0,33.29,0,5.054,0,101.2,0,8.52,0,20.17,6.8,8.04,0,-89.4,6,13.794,0,3.06,0,1.183,1.19,0,4.64
1/22/2026,7:30, ,gtmsswq_20H100466_012126_050000.bin,San Sebastian,default user,0,50.821,0,33.33,0,5.121,0,101.3,0,8.52,0,19.51,6.58,8.04,0,-89.7,6,13.839,0,3.41,0,1.187,1.87,0,7.35
1/22/2026,7:45, ,gtmsswq_20H100466_012126_050000.bin,San Sebastian,default user,0,50.916,0,33.4,0,5.192,0,100.4,0,8.43,0,18.5,6.24,8.05,0,-89.8,5.99,13.917,0,3.27,0,1.19,1.38,0,5.39
1/22/2026,8:00, ,gtmsswq_20H100466_012126_050000.bin,San Sebastian,default user,0,50.841,0,33.34,0,5.265,0,101.8,0,8.56,0,19.35,6.52,8.05,0,-89.8,5.99,13.854,0,3.61,0,1.188,1.91,0,7.5
1/22/2026,8:15, ,gtmsswq_20H100466_012126_050000.bin,San Sebastian,default user,0,50.928,0,33.41,0,5.324,0,101.2,0,8.5,0,18.31,6.18,8.05,0,-90,6,13.919,0,3.58,0,1.187,1.59,0,6.23
1/22/2026,8:30, ,gtmsswq_20H100466_012126_050000.bin,San Sebastian,default user,0,50.918,0,33.4,0,5.398,0,101.4,0,8.52,0,18.4,6.21,8.05,0,-90,5.99,13.917,0,4.11,0,1.185,1.34,0,5.24
1/22/2026,8:45, ,gtmsswq_20H100466_012126_050000.bin,San Sebastian,default user,0,51.007,0,33.47,0,5.469,0,101.5,0,8.5,0,17,5.74,8.06,0,-90.6,6,14.039,0,5.35,0,1.2,1.59,0,6.24
1/22/2026,9:00, ,gtmsswq_20H100466_012126_050000.bin,San Sebastian,default user,0,51.084,0,33.53,0,5.537,0,101.8,0,8.5,0,15.96,5.39,8.07,0,-91.1,5.99,14.144,0,5.8,0,1.195,2.15,0,8.45
1/22/2026,9:15, ,gtmsswq_20H100466_012126_050000.bin,San Sebastian,default user,0,51.187,0,33.61,0,5.597,0,101.8,0,8.49,0,15.48,5.23,8.07,0,-91.4,5.99,14.179,0,4.5,0,1.188,1.57,0,6.14
1/22/2026,9:30, ,gtmsswq_20H100466_012126_050000.bin,San Sebastian,default user,0,51.439,0,33.8,0,5.652,0,102.1,0,8.48,0,13.23,4.48,8.08,0,-92,5.99,14.318,0,3.82,0,1.188,3.68,0,14.58
1/22/2026,9:45, ,gtmsswq_20H100466_012126_050000.bin,San Sebastian,default user,0,51.621,0,33.93,0,5.707,0,102.3,0,8.47,0,12.05,4.09,8.09,0,-92.5,5.99,14.415,0,4.01,0,1.185,1.53,0,6
1/22/2026,10:00, ,gtmsswq_20H100466_012126_050000.bin,San Sebastian,default user,0,51.669,0,33.97,0,5.756,0,102.1,0,8.45,0,11.61,3.94,8.09,0,-92.7,5.99,14.465,0,3.95,0,1.183,1.25,0,4.86
1/22/2026,10:15, ,gtmsswq_20H100466_012126_050000.bin,San Sebastian,default user,0,51.748,0,34.03,0,5.8,0,102.6,0,8.47,0,10.91,3.71,8.1,0,-92.9,5.99,14.551,0,3.6,0,1.184,1.38,0,5.39
1/22/2026,10:30, ,gtmsswq_20H100466_012126_050000.bin,San Sebastian,default user,0,51.792,0,34.06,0,5.825,0,102.3,0,8.44,0,10.68,3.63,8.1,0,-92.9,6,14.602,0,3.03,0,1.183,1.35,0,5.27
1/22/2026,10:45, ,gtmsswq_20H100466_012126_050000.bin,San Sebastian,default user,0,51.821,0,34.09,0,5.851,0,102.6,0,8.45,0,10.37,3.53,8.1,0,-93,5.98,14.647,0,2.73,0,1.195,1.15,0,4.46
1/22/2026,11:00, ,gtmsswq_20H100466_012126_050000.bin,San Sebastian,default user,0,51.839,0,34.1,0,5.859,0,101.8,0,8.38,0,10.47,3.56,8.1,0,-92.9,5.98,14.685,0,2.74,0,1.198,1.37,0,5.33
1/22/2026,11:15, ,gtmsswq_20H100466_012126_050000.bin,San Sebastian,default user,0,51.84,0,34.1,0,5.865,0,101.9,0,8.39,0,10.18,3.47,8.1,0,-93,5.99,14.695,0,2.16,0,1.193,1.73,0,6.77
1/22/2026,11:30, ,gtmsswq_20H100466_012126_050000.bin,San Sebastian,default user,0,51.856,0,34.11,0,5.85,0,99.9,0,8.22,0,10.07,3.43,8.09,0,-92.8,5.98,14.718,0,1.85,0,1.183,1.06,0,4.09
1/22/2026,11:45, ,gtmsswq_20H100466_012126_050000.bin,San Sebastian,default user,0,51.843,0,34.1,0,5.804,0,93.2,0,7.67,0,9.76,3.33,8.05,0,-90.5,5.98,14.722,0,2.5,0,1.194,0.52,0,1.93
1/22/2026,12:00, ,gtmsswq_20H100466_012126_050000.bin,San Sebastian,default user,0,51.794,0,34.07,0,5.742,0,103.9,0,8.52,0,10.4,3.54,8.1,0,-93.2,5.99,14.85,0,3.18,0,1.195,1.01,0,3.92
1/22/2026,12:15, ,gtmsswq_20H100466_012126_050000.bin,San Sebastian,default user,0,51.589,0,33.92,0,5.675,0,105.9,0,8.7,0,11.71,3.98,8.1,0,-92.9,5.98,14.839,0,2.94,0,1.197,0.91,0,3.52
1/22/2026,12:30, ,gtmsswq_20H100466_012126_050000.bin,San Sebastian,default user,0,51.568,0,33.91,0,5.619,0,107.2,0,8.77,0,11.89,4.04,8.09,0,-92.7,5.99,15.044,0,2.39,0,1.194,0.72,0,2.74
1/22/2026,12:45, ,gtmsswq_20H100466_012126_050000.bin,San Sebastian,default user,0,51.459,0,33.83,0,5.544,0,108.5,0,8.86,0,12.98,4.4,8.08,0,-92.3,5.98,15.16,0,2.75,0,1.196,0.77,0,2.94
1/22/2026,13:00, ,gtmsswq_20H100466_012126_050000.bin,San Sebastian,default user,0,51.375,0,33.77,0,5.464,0,108.5,0,8.86,0,13.37,4.53,8.08,0,-91.9,5.98,15.181,0,2.33,0,1.191,0.96,0,3.7
1/22/2026,13:15, ,gtmsswq_20H100466_012126_050000.bin,San Sebastian,default user,0,51.36,0,33.76,0,5.379,0,109,0,8.89,0,13.58,4.6,8.07,0,-91.8,5.99,15.261,0,1.95,0,1.192,1.19,0,4.63
1/22/2026,13:30, ,gtmsswq_20H100466_012126_050000.bin,San Sebastian,default user,0,51.254,0,33.69,0,5.294,0,109.4,0,8.9,0,14.74,4.99,8.07,0,-91.4,5.98,15.385,0,2.26,0,1.19,0.82,0,3.16
1/22/2026,13:45, ,gtmsswq_20H100466_012126_050000.bin,San Sebastian,default user,0,51.134,0,33.61,0,5.22,0,111.3,0,9.02,0,15.28,5.17,8.06,0,-90.8,5.99,15.646,0,2.81,0,1.183,0.61,0,2.31
1/22/2026,14:00, ,gtmsswq_20H100466_012126_050000.bin,San Sebastian,default user,0,51.156,0,33.62,0,5.13,0,110.5,0,8.97,0,15.36,5.2,8.06,0,-90.8,5.97,15.547,0,2.14,0,1.183,0.68,0,2.57
1/22/2026,14:15, ,gtmsswq_20H100466_012126_050000.bin,San Sebastian,default user,0,51.162,0,33.63,0,5.048,0,111.6,0,9.01,0,15.68,5.3,8.06,0,-90.7,5.98,15.808,0,2.6,0,1.197,0.76,0,2.9
1/22/2026,14:30, ,gtmsswq_20H100466_012126_050000.bin,San Sebastian,default user,0,51.054,0,33.55,0,4.965,0,112.8,0,9.11,0,16.31,5.51,8.06,0,-90.8,5.98,15.816,0,3.24,0,1.193,0.84,0,3.24
1/22/2026,14:45, ,gtmsswq_20H100466_012126_050000.bin,San Sebastian,default user,0,51.051,0,33.55,0,4.874,0,113.5,0,9.14,0,15.91,5.38,8.06,0,-90.9,5.98,15.952,0,3.13,0,1.191,0.71,0,2.71
1/22/2026,15:00, ,gtmsswq_20H100466_012126_050000.bin,San Sebastian,default user,0,50.86,0,33.41,0,4.797,0,110.2,0,8.93,0,17.55,5.93,8.04,0,-89.8,5.98,15.714,0,2.35,0,1.194,0.6,0,2.26
1/22/2026,15:15, ,gtmsswq_20H100466_012126_050000.bin,San Sebastian,default user,0,50.894,0,33.43,0,4.71,0,112.7,0,9.1,0,17.47,5.9,8.05,0,-90.2,5.97,15.886,0,3.47,0,1.195,1.01,0,3.89
1/22/2026,15:30, ,gtmsswq_20H100466_012126_050000.bin,San Sebastian,default user,0,50.85,0,33.4,0,4.637,0,114,0,9.18,0,17.9,6.04,8.05,0,-90.4,5.98,16.019,0,3.78,0,1.198,0.9,0,3.48
1/22/2026,15:45, ,gtmsswq_20H100466_012126_050000.bin,San Sebastian,default user,0,50.652,0,33.26,0,4.575,0,113.1,0,9.15,0,19.65,6.62,8.04,0,-90,5.98,15.861,0,3.43,0,1.197,1.02,0,3.94
1/22/2026,16:00, ,gtmsswq_20H100466_012126_050000.bin,San Sebastian,default user,0,50.655,0,33.26,0,4.511,0,113.5,0,9.2,0,19.6,6.61,8.05,0,-90.2,5.97,15.749,0,4.15,0,1.199,0.87,0,3.36
1/22/2026,16:15, ,gtmsswq_20H100466_012126_050000.bin,San Sebastian,default user,0,50.548,0,33.18,0,4.461,0,114.3,0,9.27,0,20.53,6.92,8.05,0,-90.3,5.98,15.692,0,3.81,0,1.198,0.88,0,3.39
1/22/2026,16:30, ,gtmsswq_20H100466_012126_050000.bin,San Sebastian,default user,0,50.391,0,33.06,0,4.415,0,115,0,9.34,0,20.96,7.06,8.05,0,-90.5,5.97,15.67,0,3.44,0,1.196,0.91,0,3.49
1/22/2026,16:45, ,gtmsswq_20H100466_012126_050000.bin,San Sebastian,default user,0,50.341,0,33.02,0,4.381,0,112.5,0,9.19,0,22.31,7.51,8.04,0,-90,5.97,15.411,0,3.08,0,1.191,0.84,0,3.22
1/22/2026,17:00, ,gtmsswq_20H100466_012126_050000.bin,San Sebastian,default user,0,50.144,0,32.87,0,4.363,0,111.7,0,9.17,0,23.98,8.07,8.04,0,-89.5,5.98,15.194,0,2.52,0,1.191,0.69,0,2.64
1/22/2026,17:15, ,gtmsswq_20H100466_012126_050000.bin,San Sebastian,default user,0,50.216,0,32.92,0,4.365,0,110.8,0,9.1,0,22.54,7.59,8.04,0,-89.7,5.97,15.172,0,5.75,0,1.193,1.06,0,4.12
1/22/2026,17:30, ,gtmsswq_20H100466_012126_050000.bin,San Sebastian,default user,0,50.311,0,32.99,0,4.377,0,108.4,0,8.91,0,21.56,7.26,8.03,0,-89.2,5.97,15.137,0,5.71,0,1.191,0.67,0,2.55
1/22/2026,17:45, ,gtmsswq_20H100466_012126_050000.bin,San Sebastian,default user,0,50.475,0,33.11,0,4.391,0,94.4,0,7.77,0,20.56,6.93,7.98,0,-86.4,5.96,15.011,0,3.04,0,1.193,1.71,0,6.69
1/22/2026,18:00, ,gtmsswq_20H100466_012126_050000.bin,San Sebastian,default user,0,50.547,0,33.16,0,4.431,0,103.3,0,8.51,0,19.94,6.72,8.01,0,-87.9,5.97,14.921,0,4.17,0,1.198,1.21,0,4.72
1/22/2026,18:15, ,gtmsswq_20H100466_012126_050000.bin,San Sebastian,default user,0,50.565,0,33.17,0,4.489,0,105.9,0,8.73,0,19.98,6.73,8.03,0,-89.2,5.98,14.923,0,3.07,0,1.191,0.99,0,3.82
1/22/2026,18:30, ,gtmsswq_20H100466_012126_050000.bin,San Sebastian,default user,0,50.595,0,33.19,0,4.57,0,107.9,0,8.91,0,20.71,6.98,8.03,0,-89.2,5.96,14.814,0,2.68,0,1.19,1.33,0,5.18
1/22/2026,18:45, ,gtmsswq_20H100466_012126_050000.bin,San Sebastian,default user,0,50.598,0,33.19,0,4.646,0,107.9,0,8.92,0,20.84,7.02,8.03,0,-89.2,5.97,14.734,0,2.76,0,1.184,1.15,0,4.45
1/22/2026,19:00, ,gtmsswq_20H100466_012126_050000.bin,San Sebastian,default user,0,50.612,0,33.2,0,4.732,0,108.1,0,8.95,0,20.91,7.04,8.03,0,-89.2,5.96,14.727,0,2.33,0,1.187,1.27,0,4.95
1/22/2026,19:15, ,gtmsswq_20H100466_012126_050000.bin,San Sebastian,default user,0,50.626,0,33.21,0,4.809,0,108.8,0,9,0,20.93,7.05,8.04,0,-89.5,5.96,14.706,0,3.39,0,1.196,1.4,0,5.48
1/22/2026,19:30, ,gtmsswq_20H100466_012126_050000.bin,San Sebastian,default user,0,50.637,0,33.22,0,4.884,0,108.6,0,8.98,0,20.73,6.99,8.04,0,-89.5,5.97,14.721,0,2.96,0,1.199,1.38,0,5.39
1/22/2026,19:45, ,gtmsswq_20H100466_012126_050000.bin,San Sebastian,default user,0,50.681,0,33.25,0,4.969,0,108.7,0,8.98,0,20.14,6.79,8.05,0,-89.9,5.96,14.75,0,2.57,0,1.196,1.47,0,5.74
1/22/2026,20:00, ,gtmsswq_20H100466_012126_050000.bin,San Sebastian,default user,0,50.753,0,33.31,0,5.047,0,109,0,8.99,0,19,6.41,8.05,0,-90.5,5.96,14.856,0,2.88,0,1.185,1.48,0,5.78
1/22/2026,20:15, ,gtmsswq_20H100466_012126_050000.bin,San Sebastian,default user,0,50.796,0,33.34,0,5.116,0,109,0,8.98,0,19.04,6.42,8.06,0,-90.7,5.95,14.899,0,2.74,0,1.185,1.62,0,6.34
1/22/2026,20:30, ,gtmsswq_20H100466_012126_050000.bin,San Sebastian,default user,0,50.883,0,33.41,0,5.192,0,109.1,0,8.96,0,17.65,5.96,8.06,0,-91.1,5.96,15.02,0,2.52,0,1.19,1.57,0,6.16
1/22/2026,20:45, ,gtmsswq_20H100466_012126_050000.bin,San Sebastian,default user,0,50.807,0,33.35,0,5.264,0,107.8,0,8.9,0,18.68,6.3,8.05,0,-90.5,5.97,14.774,0,2.78,0,1.193,1.79,0,7.01
1/22/2026,21:00, ,gtmsswq_20H100466_012126_050000.bin,San Sebastian,default user,0,50.928,0,33.44,0,5.322,0,107.6,0,8.85,0,17.61,5.94,8.06,0,-90.8,5.96,14.906,0,3.4,0,1.201,1.74,0,6.84
1/22/2026,21:15, ,gtmsswq_20H100466_012126_050000.bin,San Sebastian,default user,0,50.878,0,33.4,0,5.385,0,107.3,0,8.85,0,17.91,6.04,8.06,0,-90.6,5.96,14.83,0,3.13,0,1.194,1.59,0,6.24
1/22/2026,21:30, ,gtmsswq_20H100466_012126_050000.bin,San Sebastian,default user,0,50.885,0,33.4,0,5.45,0,107,0,8.82,0,17.24,5.82,8.06,0,-90.9,5.95,14.868,0,4.21,0,1.187,1.6,0,6.26
1/22/2026,21:45, ,gtmsswq_20H100466_012126_050000.bin,San Sebastian,default user,0,51.142,0,33.6,0,5.511,0,105.8,0,8.69,0,14.97,5.06,8.07,0,-91.5,5.96,14.994,0,4.35,0,1.184,1.92,0,7.56
1/22/2026,22:00, ,gtmsswq_20H100466_012126_050000.bin,San Sebastian,default user,0,51.187,0,33.63,0,5.565,0,105.8,0,8.67,0,14.54,4.92,8.07,0,-91.7,5.96,15.03,0,4.45,0,1.189,1.68,0,6.58
1/22/2026,22:15, ,gtmsswq_20H100466_012126_050000.bin,San Sebastian,default user,0,51.397,0,33.79,0,5.609,0,105.5,0,8.62,0,13.14,4.46,8.08,0,-92.1,5.95,15.136,0,4.04,0,1.19,1.69,0,6.64
1/22/2026,22:30, ,gtmsswq_20H100466_012126_050000.bin,San Sebastian,default user,0,51.58,0,33.92,0,5.653,0,105.1,0,8.57,0,11.79,4,8.09,0,-92.4,5.96,15.188,0,4.06,0,1.191,1.52,0,5.94
1/22/2026,22:45, ,gtmsswq_20H100466_012126_050000.bin,San Sebastian,default user,0,51.684,0,34,0,5.687,0,104.7,0,8.53,0,10.95,3.72,8.09,0,-92.6,5.95,15.219,0,3.94,0,1.19,1.41,0,5.49
1/22/2026,23:00, ,gtmsswq_20H100466_012126_050000.bin,San Sebastian,default user,0,51.77,0,34.06,0,5.714,0,104.6,0,8.51,0,10.39,3.54,8.09,0,-92.9,5.95,15.254,0,3.18,0,1.19,1.59,0,6.23
1/22/2026,23:15, ,gtmsswq_20H100466_012126_050000.bin,San Sebastian,default user,0,51.781,0,34.07,0,5.724,0,104.6,0,8.52,0,10.14,3.45,8.1,0,-93,5.96,15.249,0,3.18,0,1.186,1.56,0,6.09
1/22/2026,23:30, ,gtmsswq_20H100466_012126_050000.bin,San Sebastian,default user,0,51.801,0,34.09,0,5.725,0,103.5,0,8.43,0,10.07,3.43,8.1,0,-93,5.95,15.243,0,2.87,0,1.196,1.33,0,5.18
1/22/2026,23:45, ,gtmsswq_20H100466_012126_050000.bin,San Sebastian,default user,0,51.824,0,34.1,0,5.713,0,103.2,0,8.4,0,9.84,3.35,8.09,0,-92.8,5.96,15.238,0,2.93,0,1.19,1.18,0,4.6
1/23/2026,0:00, ,gtmsswq_20H100466_012126_050000.bin,San Sebastian,default user,0,51.796,0,34.08,0,5.689,0,100.6,0,8.19,0,10,3.41,8.08,0,-92.1,5.94,15.228,0,2.15,0,1.187,0.95,0,3.65
1/23/2026,0:15, ,gtmsswq_20H100466_012126_050000.bin,San Sebastian,default user,0,51.798,0,34.08,0,5.649,0,100.4,0,8.17,0,10.08,3.44,8.08,0,-91.8,5.95,15.228,0,2.01,0,1.185,0.62,0,2.35
1/23/2026,0:30, ,gtmsswq_20H100466_012126_050000.bin,San Sebastian,default user,0,51.548,0,33.9,0,5.599,0,101.2,0,8.28,0,12.3,4.17,8.07,0,-91.4,5.95,15.042,0,2.49,0,1.196,1.27,0,4.94
1/23/2026,0:45, ,gtmsswq_20H100466_012126_050000.bin,San Sebastian,default user,0,51.393,0,33.78,0,5.534,0,100.7,0,8.26,0,13.71,4.64,8.06,0,-90.7,5.96,14.973,0,2.63,0,1.194,1.14,0,4.44
1/23/2026,1:00, ,gtmsswq_20H100466_012126_050000.bin,San Sebastian,default user,0,51.303,0,33.71,0,5.454,0,100,0,8.22,0,14.78,5,8.05,0,-90.2,5.95,14.908,0,2.3,0,1.19,1.12,0,4.35
1/23/2026,1:15, ,gtmsswq_20H100466_012126_050000.bin,San Sebastian,default user,0,51.118,0,33.58,0,5.377,0,100.4,0,8.26,0,16.15,5.46,8.04,0,-89.9,5.94,14.848,0,2.73,0,1.184,1.11,0,4.32
1/23/2026,1:30, ,gtmsswq_20H100466_012126_050000.bin,San Sebastian,default user,0,51.098,0,33.56,0,5.301,0,99.1,0,8.17,0,16.57,5.6,8.03,0,-89.2,5.96,14.784,0,2.75,0,1.188,1.16,0,4.52
1/23/2026,1:45, ,gtmsswq_20H100466_012126_050000.bin,San Sebastian,default user,0,51.032,0,33.51,0,5.227,0,99.3,0,8.2,0,17.31,5.85,8.03,0,-89.1,5.94,14.751,0,2.83,0,1.19,0.99,0,3.83
1/23/2026,2:00, ,gtmsswq_20H100466_012126_050000.bin,San Sebastian,default user,0,51.002,0,33.49,0,5.153,0,97.1,0,8.02,0,17.96,6.06,8.02,0,-88.3,5.94,14.66,0,2.73,0,1.194,1,0,3.87
1/23/2026,2:15, ,gtmsswq_20H100466_012126_050000.bin,San Sebastian,default user,0,50.96,0,33.45,0,5.066,0,97.1,0,8.03,0,18.36,6.19,8.01,0,-88.1,5.95,14.625,0,2.82,0,1.193,1.02,0,3.93
1/23/2026,2:30, ,gtmsswq_20H100466_012126_050000.bin,San Sebastian,default user,0,51.056,0,33.53,0,4.983,0,97.6,0,8.06,0,17.82,6.02,8.02,0,-88.4,5.93,14.692,0,2.84,0,1.19,1.09,0,4.23
1/23/2026,2:45, ,gtmsswq_20H100466_012126_050000.bin,San Sebastian,default user,0,50.861,0,33.38,0,4.901,0,98.2,0,8.13,0,19.2,6.47,8.01,0,-88.1,5.94,14.632,0,3.01,0,1.186,0.95,0,3.68
1/23/2026,3:00, ,gtmsswq_20H100466_012126_050000.bin,San Sebastian,default user,0,50.856,0,33.38,0,4.825,0,98.4,0,8.14,0,19.14,6.45,8.01,0,-88.1,5.95,14.632,0,2.93,0,1.192,1.23,0,4.77
1/23/2026,3:15, ,gtmsswq_20H100466_012126_050000.bin,San Sebastian,default user,0,50.768,0,33.31,0,4.765,0,98.8,0,8.18,0,20,6.74,8.01,0,-87.9,5.94,14.621,0,3.58,0,1.201,0.95,0,3.67
1/23/2026,3:30, ,gtmsswq_20H100466_012126_050000.bin,San Sebastian,default user,0,50.6,0,33.19,0,4.689,0,100.6,0,8.33,0,21.48,7.23,8.01,0,-88.1,5.94,14.644,0,3.42,0,1.194,1.03,0,3.99
1/23/2026,3:45, ,gtmsswq_20H100466_012126_050000.bin,San Sebastian,default user,0,50.546,0,33.15,0,4.624,0,99.6,0,8.26,0,22.3,7.51,8.01,0,-87.6,5.93,14.606,0,3.54,0,1.187,0.98,0,3.78
1/23/2026,4:00, ,gtmsswq_20H100466_012126_050000.bin,San Sebastian,default user,0,50.535,0,33.14,0,4.568,0,100.1,0,8.3,0,22.16,7.46,8.01,0,-87.7,5.94,14.613,0,3.03,0,1.184,1,0,3.88
1/23/2026,4:15, ,gtmsswq_20H100466_012126_050000.bin,San Sebastian,default user,0,50.38,0,33.03,0,4.512,0,101.2,0,8.4,0,23.58,7.93,8.01,0,-87.7,5.95,14.622,0,3.15,0,1.19,0.94,0,3.62
1/23/2026,4:30, ,gtmsswq_20H100466_012126_050000.bin,San Sebastian,default user,0,50.384,0,33.03,0,4.468,0,100.4,0,8.33,0,23.26,7.83,8,0,-87.1,5.94,14.623,0,2.54,0,1.201,0.68,0,2.57
1/23/2026,4:45, ,gtmsswq_20H100466_012126_050000.bin,San Sebastian,default user,0,50.308,0,32.98,0,4.435,0,99.5,0,8.26,0,23.99,8.07,8,0,-87.2,5.94,14.629,0,2.22,0,1.198,0.66,0,2.51
1/23/2026,5:00, ,gtmsswq_20H100466_012126_050000.bin,San Sebastian,default user,0,50.246,0,32.93,0,4.403,0,100.1,0,8.31,0,24.2,8.14,7.99,0,-86.9,5.93,14.639,0,2.45,0,1.182,0.62,0,2.36
1/23/2026,5:15, ,gtmsswq_20H100466_012126_050000.bin,San Sebastian,default user,0,50.195,0,32.89,0,4.383,0,100.6,0,8.35,0,24.63,8.28,8,0,-87.1,5.93,14.653,0,2.49,0,1.185,0.72,0,2.76
1/23/2026,5:30, ,gtmsswq_20H100466_012126_050000.bin,San Sebastian,default user,0,50.348,0,33.01,0,4.384,0,101.6,0,8.43,0,23.26,7.83,8.01,0,-87.8,5.94,14.627,0,2.98,0,1.192,0.84,0,3.23
1/23/2026,5:45, ,gtmsswq_20H100466_012126_050000.bin,San Sebastian,default user,0,50.49,0,33.11,0,4.405,0,101.9,0,8.45,0,22.19,7.47,8.01,0,-87.9,5.93,14.628,0,2.98,0,1.201,0.94,0,3.62
1/23/2026,6:00, ,gtmsswq_20H100466_012126_050000.bin,San Sebastian,default user,0,50.498,0,33.12,0,4.44,0,100.1,0,8.3,0,22.37,7.53,8,0,-87.6,5.93,14.63,0,2.52,0,1.198,1.02,0,3.95
1/23/2026,6:15, ,gtmsswq_20H100466_012126_050000.bin,San Sebastian,default user,0,50.523,0,33.13,0,4.462,0,99,0,8.21,0,21.68,7.3,8,0,-87.1,5.93,14.63,0,2.16,0,1.185,1.05,0,4.07
1/23/2026,6:30, ,gtmsswq_20H100466_012126_050000.bin,San Sebastian,default user,0,50.567,0,33.17,0,4.511,0,101.3,0,8.39,0,21.12,7.12,8.01,0,-87.6,5.93,14.633,0,2.38,0,1.185,0.82,0,3.13
1/23/2026,6:45, ,gtmsswq_20H100466_012126_050000.bin,San Sebastian,default user,0,50.56,0,33.16,0,4.577,0,101.4,0,8.41,0,21.68,7.3,8.01,0,-87.9,5.93,14.627,0,2.53,0,1.198,0.79,0,3.03
1/23/2026,7:00, ,gtmsswq_20H100466_012126_050000.bin,San Sebastian,default user,0,50.604,0,33.19,0,4.643,0,102.8,0,8.51,0,21.75,7.32,8.01,0,-88,5.93,14.656,0,2.37,0,1.197,0.87,0,3.33
1/23/2026,7:15, ,gtmsswq_20H100466_012126_050000.bin,San Sebastian,default user,0,50.608,0,33.2,0,4.709,0,104.5,0,8.65,0,21.7,7.31,8.02,0,-88.3,5.93,14.654,0,2.27,0,1.196,1.42,0,5.56
1/23/2026,7:30, ,gtmsswq_20H100466_012126_050000.bin,San Sebastian,default user,0,50.601,0,33.19,0,4.79,0,105.1,0,8.7,0,21.58,7.27,8.02,0,-88.4,5.92,14.66,0,3.06,0,1.189,1.07,0,4.16
1/23/2026,7:45, ,gtmsswq_20H100466_012126_050000.bin,San Sebastian,default user,0,50.6,0,33.19,0,4.868,0,104.5,0,8.66,0,21.26,7.16,8.02,0,-88.5,5.93,14.66,0,2.96,0,1.189,1.24,0,4.84
1/23/2026,8:00, ,gtmsswq_20H100466_012126_050000.bin,San Sebastian,default user,0,50.618,0,33.2,0,4.949,0,103.9,0,8.61,0,21.1,7.11,8.02,0,-88.5,5.93,14.665,0,4.06,0,1.185,1.11,0,4.32
1/23/2026,8:15, ,gtmsswq_20H100466_012126_050000.bin,San Sebastian,default user,0,50.676,0,33.25,0,5.032,0,103.5,0,8.57,0,20.24,6.82,8.03,0,-88.8,5.92,14.656,0,3.28,0,1.188,1.22,0,4.76
1/23/2026,8:30, ,gtmsswq_20H100466_012126_050000.bin,San Sebastian,default user,0,50.708,0,33.27,0,5.104,0,103,0,8.53,0,20,6.74,8.03,0,-88.7,5.93,14.657,0,2.88,0,1.199,1.21,0,4.71
1/23/2026,8:45, ,gtmsswq_20H100466_012126_050000.bin,San Sebastian,default user,0,50.773,0,33.32,0,5.183,0,102.1,0,8.45,0,19.34,6.52,8.03,0,-88.8,5.92,14.68,0,2.77,0,1.192,0.99,0,3.82
1/23/2026,9:00, ,gtmsswq_20H100466_012126_050000.bin,San Sebastian,default user,0,50.802,0,33.34,0,5.27,0,103,0,8.51,0,19.08,6.43,8.03,0,-89.2,5.93,14.719,0,3.16,0,1.183,1.19,0,4.64
1/23/2026,9:15, ,gtmsswq_20H100466_012126_050000.bin,San Sebastian,default user,0,50.853,0,33.38,0,5.343,0,102.9,0,8.5,0,18.39,6.2,8.03,0,-89.2,5.93,14.759,0,3.39,0,1.195,1.33,0,5.17
1/23/2026,9:30, ,gtmsswq_20H100466_012126_050000.bin,San Sebastian,default user,0,50.864,0,33.39,0,5.415,0,103.1,0,8.51,0,18.3,6.18,8.04,0,-89.4,5.92,14.774,0,3.94,0,1.199,1.46,0,5.69
1/23/2026,9:45, ,gtmsswq_20H100466_012126_050000.bin,San Sebastian,default user,0,50.889,0,33.41,0,5.476,0,103.1,0,8.5,0,17.76,6,8.04,0,-89.6,5.93,14.802,0,4.2,0,1.195,1.33,0,5.19
1/23/2026,10:00, ,gtmsswq_20H100466_012126_050000.bin,San Sebastian,default user,0,51.12,0,33.58,0,5.533,0,102.8,0,8.45,0,15.4,5.21,8.05,0,-90.5,5.91,14.921,0,6.07,0,1.187,1.45,0,5.65
1/23/2026,10:15, ,gtmsswq_20H100466_012126_050000.bin,San Sebastian,default user,0,51.241,0,33.67,0,5.59,0,102.8,0,8.44,0,14.29,4.84,8.06,0,-90.8,5.92,14.971,0,4.83,0,1.193,1.47,0,5.75
1/23/2026,10:30, ,gtmsswq_20H100466_012126_050000.bin,San Sebastian,default user,0,51.5,0,33.86,0,5.638,0,103.1,0,8.43,0,12.52,4.25,8.07,0,-91.5,5.93,15.056,0,4.75,0,1.2,1.66,0,6.52
1/23/2026,10:45, ,gtmsswq_20H100466_012126_050000.bin,San Sebastian,default user,0,51.545,0,33.89,0,5.675,0,103.6,0,8.47,0,11.96,4.06,8.08,0,-92,5.92,15.06,0,4.86,0,1.193,1.8,0,7.05
1/23/2026,11:00, ,gtmsswq_20H100466_012126_050000.bin,San Sebastian,default user,0,51.563,0,33.91,0,5.715,0,103.7,0,8.48,0,11.94,4.05,8.09,0,-92.3,5.92,15.049,0,4.34,0,1.185,1.39,0,5.43
1/23/2026,11:15, ,gtmsswq_20H100466_012126_050000.bin,San Sebastian,default user,0,51.584,0,33.92,0,5.741,0,104.2,0,8.52,0,11.53,3.92,8.09,0,-92.5,5.91,15.059,0,4.14,0,1.187,1.36,0,5.32
1/23/2026,11:30, ,gtmsswq_20H100466_012126_050000.bin,San Sebastian,default user,0,51.594,0,33.93,0,5.752,0,103.9,0,8.49,0,11.47,3.9,8.09,0,-92.7,5.92,15.081,0,3.14,0,1.184,1.3,0,5.07
1/23/2026,11:45, ,gtmsswq_20H100466_012126_050000.bin,San Sebastian,default user,0,51.595,0,33.93,0,5.755,0,103.7,0,8.48,0,11.33,3.85,8.09,0,-92.5,5.92,15.094,0,2.98,0,1.188,0.91,0,3.52
1/23/2026,12:00, ,gtmsswq_20H100466_012126_050000.bin,San Sebastian,default user,0,51.612,0,33.94,0,5.746,0,101.2,0,8.27,0,11.16,3.79,8.08,0,-92.1,5.91,15.098,0,2.49,0,1.197,1.17,0,4.57
1/23/2026,12:15, ,gtmsswq_20H100466_012126_050000.bin,San Sebastian,default user,0,51.598,0,33.93,0,5.713,0,95.1,0,7.77,0,10.89,3.7,8.06,0,-91,5.92,15.114,0,2.3,0,1.198,0.62,0,2.36
1/23/2026,12:30, ,gtmsswq_20H100466_012126_050000.bin,San Sebastian,default user,0,51.587,0,33.93,0,5.678,0,103.9,0,8.48,0,11.15,3.79,8.09,0,-92.5,5.91,15.176,0,2.26,0,1.199,0.84,0,3.23
1/23/2026,12:45, ,gtmsswq_20H100466_012126_050000.bin,San Sebastian,default user,0,51.428,0,33.82,0,5.639,0,108.6,0,8.8,0,12.34,4.19,8.09,0,-92.4,5.92,15.574,0,2.6,0,1.189,0.95,0,3.65
1/23/2026,13:00, ,gtmsswq_20H100466_012126_050000.bin,San Sebastian,default user,0,51.506,0,33.87,0,5.577,0,106.3,0,8.65,0,11.68,3.97,8.09,0,-92.5,5.92,15.33,0,2.59,0,1.185,0.91,0,3.51
1/23/2026,13:15, ,gtmsswq_20H100466_012126_050000.bin,San Sebastian,default user,0,51.356,0,33.77,0,5.506,0,110.5,0,8.9,0,12.76,4.33,8.08,0,-92,5.91,15.897,0,2.91,0,1.198,0.66,0,2.5
1/23/2026,13:30, ,gtmsswq_20H100466_012126_050000.bin,San Sebastian,default user,0,51.148,0,33.63,0,5.424,0,112.3,0,9.01,0,14.27,4.83,8.06,0,-91.2,5.92,16.121,0,3.1,0,1.197,0.73,0,2.77
1/23/2026,13:45, ,gtmsswq_20H100466_012126_050000.bin,San Sebastian,default user,0,51.261,0,33.71,0,5.347,0,111.3,0,8.95,0,13.64,4.62,8.06,0,-91.3,5.91,16.01,0,2.67,0,1.2,0.67,0,2.56
1/23/2026,14:00, ,gtmsswq_20H100466_012126_050000.bin,San Sebastian,default user,0,51.098,0,33.59,0,5.27,0,113,0,9.03,0,14.99,5.07,8.05,0,-90.7,5.91,16.352,0,2.71,0,1.2,0.74,0,2.84
1/23/2026,14:15, ,gtmsswq_20H100466_012126_050000.bin,San Sebastian,default user,0,51.048,0,33.56,0,5.187,0,114.3,0,9.1,0,15.5,5.24,8.05,0,-90.3,5.92,16.557,0,3.36,0,1.2,0.7,0,2.66
1/23/2026,14:30, ,gtmsswq_20H100466_012126_050000.bin,San Sebastian,default user,0,51.014,0,33.54,0,5.107,0,114.4,0,9.07,0,15.91,5.38,8.04,0,-90,5.91,16.741,0,3.21,0,1.192,0.84,0,3.22
1/23/2026,14:45, ,gtmsswq_20H100466_012126_050000.bin,San Sebastian,default user,0,51.059,0,33.57,0,5.026,0,115.2,0,9.17,0,15.94,5.39,8.04,0,-90.3,5.91,16.571,0,3.45,0,1.185,0.82,0,3.17
1/23/2026,15:00, ,gtmsswq_20H100466_012126_050000.bin,San Sebastian,default user,0,50.955,0,33.49,0,4.942,0,113.8,0,9.03,0,16.32,5.51,8.03,0,-89.5,5.92,16.752,0,2.74,0,1.182,0.78,0,2.97
1/23/2026,15:15, ,gtmsswq_20H100466_012126_050000.bin,San Sebastian,default user,0,50.904,0,33.46,0,4.856,0,114.6,0,9.09,0,16.66,5.63,8.03,0,-89.6,5.92,16.754,0,3.25,0,1.19,0.67,0,2.55
1/23/2026,15:30, ,gtmsswq_20H100466_012126_050000.bin,San Sebastian,default user,0,50.882,0,33.44,0,4.773,0,113.5,0,9.01,0,16.93,5.72,8.03,0,-89.4,5.91,16.775,0,3.24,0,1.193,0.88,0,3.38
1/23/2026,15:45, ,gtmsswq_20H100466_012126_050000.bin,San Sebastian,default user,0,50.837,0,33.41,0,4.691,0,115,0,9.11,0,17.35,5.86,8.03,0,-89.5,5.91,16.817,0,3.8,0,1.198,0.8,0,3.07
1/23/2026,16:00, ,gtmsswq_20H100466_012126_050000.bin,San Sebastian,default user,0,50.724,0,33.32,0,4.613,0,114,0,9.05,0,18.19,6.14,8.03,0,-89.2,5.92,16.8,0,4.19,0,1.201,0.89,0,3.44
1/23/2026,16:15, ,gtmsswq_20H100466_012126_050000.bin,San Sebastian,default user,0,50.563,0,33.21,0,4.544,0,114.4,0,9.11,0,19.63,6.62,8.02,0,-88.9,5.91,16.692,0,4.59,0,1.191,0.75,0,2.85
1/23/2026,16:30, ,gtmsswq_20H100466_012126_050000.bin,San Sebastian,default user,0,50.356,0,33.05,0,4.474,0,115.4,0,9.19,0,21.16,7.13,8.03,0,-89.2,5.91,16.682,0,4,0,1.186,0.79,0,3.03
1/23/2026,16:45, ,gtmsswq_20H100466_012126_050000.bin,San Sebastian,default user,0,50.425,0,33.1,0,4.42,0,114.5,0,9.14,0,20.97,7.06,8.02,0,-88.9,5.91,16.575,0,4.12,0,1.194,0.84,0,3.23
1/23/2026,17:00, ,gtmsswq_20H100466_012126_050000.bin,San Sebastian,default user,0,50.412,0,33.09,0,4.377,0,115,0,9.21,0,21.09,7.1,8.03,0,-89.2,5.91,16.406,0,4.48,0,1.196,1.05,0,4.07
1/23/2026,17:15, ,gtmsswq_20H100466_012126_050000.bin,San Sebastian,default user,0,50.163,0,32.91,0,4.342,0,114.6,0,9.21,0,23.29,7.84,8.02,0,-88.8,5.91,16.276,0,3.03,0,1.19,0.76,0,2.91
1/23/2026,17:30, ,gtmsswq_20H100466_012126_050000.bin,San Sebastian,default user,0,50.114,0,32.87,0,4.306,0,113.4,0,9.12,0,23.46,7.9,8.02,0,-88.9,5.91,16.238,0,3.08,0,1.187,0.8,0,3.06
1/23/2026,17:45, ,gtmsswq_20H100466_012126_050000.bin,San Sebastian,default user,0,50.024,0,32.8,0,4.296,0,112,0,9.02,0,24.03,8.08,8.01,0,-88.2,5.9,16.237,0,2.81,0,1.183,0.57,0,2.14
1/23/2026,18:00, ,gtmsswq_20H100466_012126_050000.bin,San Sebastian,default user,0,50.265,0,32.98,0,4.304,0,109.8,0,8.84,0,21.39,7.21,8.01,0,-88.2,5.91,16.137,0,3.18,0,1.2,0.6,0,2.28
1/23/2026,18:15, ,gtmsswq_20H100466_012126_050000.bin,San Sebastian,default user,0,50.439,0,33.1,0,4.327,0,105.1,0,8.49,0,20.71,6.98,7.99,0,-86.9,5.9,15.958,0,2.64,0,1.201,0.81,0,3.13
1/23/2026,18:30, ,gtmsswq_20H100466_012126_050000.bin,San Sebastian,default user,0,50.435,0,33.1,0,4.362,0,97.4,0,7.87,0,20.27,6.83,7.97,0,-85.7,5.9,15.943,0,2.42,0,1.19,0.53,0,2
1/23/2026,18:45, ,gtmsswq_20H100466_012126_050000.bin,San Sebastian,default user,0,50.489,0,33.14,0,4.431,0,94.8,0,7.67,0,20.07,6.76,7.98,0,-86.5,5.91,15.902,0,2.49,0,1.186,0.74,0,2.83
1/23/2026,19:00, ,gtmsswq_20H100466_012126_050000.bin,San Sebastian,default user,0,50.534,0,33.17,0,4.508,0,110.6,0,8.95,0,20.75,6.99,8.02,0,-88.7,5.9,15.847,0,3.01,0,1.184,1.17,0,4.57
1/23/2026,19:15, ,gtmsswq_20H100466_012126_050000.bin,San Sebastian,default user,0,50.56,0,33.19,0,4.584,0,111.2,0,9.01,0,20.96,7.06,8.02,0,-88.8,5.9,15.762,0,2.77,0,1.191,1.29,0,5.02
1/23/2026,19:30, ,gtmsswq_20H100466_012126_050000.bin,San Sebastian,default user,0,50.561,0,33.19,0,4.648,0,110.8,0,8.98,0,20.84,7.02,8.02,0,-88.7,5.89,15.752,0,2.68,0,1.198,1.06,0,4.1
1/23/2026,19:45, ,gtmsswq_20H100466_012126_050000.bin,San Sebastian,default user,0,50.558,0,33.19,0,4.723,0,111.8,0,9.06,0,21.1,7.11,8.03,0,-89,5.9,15.737,0,3.68,0,1.194,1.49,0,5.83
1/23/2026,20:00, ,gtmsswq_20H100466_012126_050000.bin,San Sebastian,default user,0,50.551,0,33.18,0,4.796,0,111.5,0,9.05,0,20.96,7.06,8.02,0,-88.9,5.91,15.702,0,2.64,0,1.197,1.42,0,5.54
1/23/2026,20:15, ,gtmsswq_20H100466_012126_050000.bin,San Sebastian,default user,0,50.566,0,33.19,0,4.869,0,111,0,9.01,0,20.64,6.95,8.03,0,-89,5.9,15.685,0,2.96,0,1.195,1.47,0,5.75
1/23/2026,20:30, ,gtmsswq_20H100466_012126_050000.bin,San Sebastian,default user,0,50.608,0,33.22,0,4.941,0,110.6,0,8.98,0,19.9,6.71,8.03,0,-89.3,5.9,15.675,0,2.91,0,1.182,1.55,0,6.06
1/23/2026,20:45, ,gtmsswq_20H100466_012126_050000.bin,San Sebastian,default user,0,50.627,0,33.23,0,5.014,0,110.7,0,8.98,0,19.65,6.62,8.03,0,-89.5,5.89,15.679,0,3,0,1.182,1.42,0,5.55
1/23/2026,21:00, ,gtmsswq_20H100466_012126_050000.bin,San Sebastian,default user,0,50.718,0,33.3,0,5.09,0,110.6,0,8.96,0,18.76,6.33,8.04,0,-89.8,5.9,15.737,0,2.71,0,1.2,1.71,0,6.72
1/23/2026,21:15, ,gtmsswq_20H100466_012126_050000.bin,San Sebastian,default user,0,50.776,0,33.35,0,5.166,0,110.1,0,8.91,0,18.04,6.09,8.04,0,-90,5.9,15.772,0,2.72,0,1.195,1.58,0,6.2
1/23/2026,21:30, ,gtmsswq_20H100466_012126_050000.bin,San Sebastian,default user,0,50.674,0,33.27,0,5.239,0,109.8,0,8.92,0,19.26,6.49,8.03,0,-89.4,5.9,15.612,0,3.22,0,1.196,1.44,0,5.62
1/23/2026,21:45, ,gtmsswq_20H100466_012126_050000.bin,San Sebastian,default user,0,50.769,0,33.34,0,5.312,0,109.2,0,8.86,0,18.24,6.15,8.04,0,-89.8,5.9,15.655,0,3.32,0,1.187,1.8,0,7.07
1/23/2026,22:00, ,gtmsswq_20H100466_012126_050000.bin,San Sebastian,default user,0,50.749,0,33.32,0,5.392,0,109,0,8.85,0,18.42,6.21,8.04,0,-89.7,5.89,15.623,0,3.61,0,1.19,1.53,0,5.97
1/23/2026,22:15, ,gtmsswq_20H100466_012126_050000.bin,San Sebastian,default user,0,50.811,0,33.37,0,5.461,0,107.3,0,8.71,0,16.99,5.74,8.05,0,-90.2,5.89,15.622,0,5.95,0,1.183,1.64,0,6.43
1/23/2026,22:30, ,gtmsswq_20H100466_012126_050000.bin,San Sebastian,default user,0,50.96,0,33.48,0,5.526,0,106.5,0,8.64,0,15.64,5.29,8.05,0,-90.7,5.9,15.628,0,4.9,0,1.198,1.66,0,6.51
1/23/2026,22:45, ,gtmsswq_20H100466_012126_050000.bin,San Sebastian,default user,0,51.133,0,33.61,0,5.59,0,106.3,0,8.61,0,14.31,4.84,8.06,0,-91.1,5.89,15.647,0,6.87,0,1.194,2.14,0,8.42
1/23/2026,23:00, ,gtmsswq_20H100466_012126_050000.bin,San Sebastian,default user,0,51.363,0,33.77,0,5.65,0,105.8,0,8.56,0,12.67,4.3,8.07,0,-91.7,5.9,15.664,0,5.25,0,1.196,1.51,0,5.89
1/23/2026,23:15, ,gtmsswq_20H100466_012126_050000.bin,San Sebastian,default user,0,51.439,0,33.83,0,5.707,0,105.8,0,8.57,0,11.93,4.05,8.08,0,-92.3,5.88,15.632,0,5.17,0,1.186,1.46,0,5.69
1/23/2026,23:30, ,gtmsswq_20H100466_012126_050000.bin,San Sebastian,default user,0,51.453,0,33.84,0,5.731,0,106,0,8.59,0,11.8,4.01,8.09,0,-92.7,5.89,15.583,0,4.1,0,1.19,1.36,0,5.29
1/23/2026,23:45, ,gtmsswq_20H100466_012126_050000.bin,San Sebastian,default user,0,51.452,0,33.84,0,5.755,0,106.1,0,8.6,0,11.85,4.02,8.09,0,-92.8,5.9,15.56,0,3.52,0,1.182,1.35,0,5.27
1/24/2026,0:00, ,gtmsswq_20H100466_012126_050000.bin,San Sebastian,default user,0,51.459,0,33.84,0,5.762,0,105.3,0,8.54,0,11.82,4.02,8.09,0,-92.6,5.89,15.559,0,2.95,0,1.187,1.38,0,5.39
1/24/2026,0:15, ,gtmsswq_20H100466_012126_050000.bin,San Sebastian,default user,0,51.457,0,33.84,0,5.757,0,104.5,0,8.47,0,11.7,3.97,8.08,0,-92.3,5.89,15.569,0,2.7,0,1.192,1.26,0,4.9
1/24/2026,0:30, ,gtmsswq_20H100466_012126_050000.bin,San Sebastian,default user,0,51.444,0,33.83,0,5.748,0,102.8,0,8.33,0,11.55,3.93,8.08,0,-92.1,5.88,15.565,0,2.46,0,1.197,0.82,0,3.15
1/24/2026,0:45, ,gtmsswq_20H100466_012126_050000.bin,San Sebastian,default user,0,51.441,0,33.83,0,5.723,0,104.1,0,8.43,0,11.62,3.95,8.08,0,-92.4,5.88,15.566,0,2.71,0,1.191,1.07,0,4.13
1/24/2026,1:00, ,gtmsswq_20H100466_012126_050000.bin,San Sebastian,default user,0,51.403,0,33.8,0,5.678,0,104.5,0,8.47,0,12.43,4.22,8.08,0,-92.2,5.9,15.552,0,2.93,0,1.183,1.06,0,4.12
1/24/2026,1:15, ,gtmsswq_20H100466_012126_050000.bin,San Sebastian,default user,0,51.254,0,33.69,0,5.614,0,102.2,0,8.29,0,13.83,4.68,8.05,0,-90.7,5.89,15.551,0,2.67,0,1.192,0.98,0,3.8
1/24/2026,1:30, ,gtmsswq_20H100466_012126_050000.bin,San Sebastian,default user,0,51.223,0,33.67,0,5.547,0,99.9,0,8.11,0,14.53,4.92,8.04,0,-89.8,5.89,15.524,0,2.35,0,1.194,0.88,0,3.38
1/24/2026,1:45, ,gtmsswq_20H100466_012126_050000.bin,San Sebastian,default user,0,51.135,0,33.6,0,5.476,0,100.8,0,8.19,0,15.35,5.19,8.04,0,-89.6,5.88,15.513,0,2.44,0,1.2,0.88,0,3.37
1/24/2026,2:00, ,gtmsswq_20H100466_012126_050000.bin,San Sebastian,default user,0,51.042,0,33.54,0,5.419,0,99.9,0,8.12,0,16.29,5.5,8.02,0,-88.9,5.89,15.506,0,2.55,0,1.184,0.94,0,3.64
1/24/2026,2:15, ,gtmsswq_20H100466_012126_050000.bin,San Sebastian,default user,0,51.052,0,33.54,0,5.35,0,101.1,0,8.22,0,16.14,5.45,8.03,0,-89.2,5.89,15.511,0,2.86,0,1.184,1.06,0,4.11
1/24/2026,2:30, ,gtmsswq_20H100466_012126_050000.bin,San Sebastian,default user,0,50.98,0,33.49,0,5.274,0,100.8,0,8.2,0,16.92,5.71,8.02,0,-88.8,5.88,15.491,0,2.92,0,1.195,1.01,0,3.92
1/24/2026,2:45, ,gtmsswq_20H100466_012126_050000.bin,San Sebastian,default user,0,50.916,0,33.44,0,5.202,0,99.7,0,8.12,0,17.62,5.95,8.01,0,-88.2,5.89,15.457,0,2.86,0,1.2,0.99,0,3.84
1/24/2026,3:00, ,gtmsswq_20H100466_012126_050000.bin,San Sebastian,default user,0,50.837,0,33.38,0,5.127,0,98.5,0,8.02,0,18.47,6.23,8,0,-87.6,5.88,15.449,0,3.78,0,1.2,0.96,0,3.7
1/24/2026,3:15, ,gtmsswq_20H100466_012126_050000.bin,San Sebastian,default user,0,50.844,0,33.39,0,5.044,0,98.8,0,8.05,0,18.47,6.23,8,0,-87.6,5.88,15.451,0,2.79,0,1.182,0.96,0,3.71
1/24/2026,3:30, ,gtmsswq_20H100466_012126_050000.bin,San Sebastian,default user,0,50.804,0,33.36,0,4.984,0,99.1,0,8.07,0,19.04,6.42,8,0,-87.3,5.89,15.467,0,2.93,0,1.191,0.92,0,3.54
1/24/2026,3:45, ,gtmsswq_20H100466_012126_050000.bin,San Sebastian,default user,0,50.735,0,33.31,0,4.932,0,99.9,0,8.13,0,19.6,6.61,8,0,-87.4,5.88,15.501,0,3.63,0,1.199,1.05,0,4.08
1/24/2026,4:00, ,gtmsswq_20H100466_012126_050000.bin,San Sebastian,default user,0,50.737,0,33.31,0,4.861,0,99.2,0,8.08,0,19.65,6.62,7.99,0,-87,5.88,15.478,0,3.58,0,1.202,0.97,0,3.73
1/24/2026,4:15, ,gtmsswq_20H100466_012126_050000.bin,San Sebastian,default user,0,50.681,0,33.27,0,4.788,0,100.3,0,8.16,0,20.13,6.79,7.99,0,-87.2,5.87,15.515,0,3.36,0,1.194,0.93,0,3.58
1/24/2026,4:30, ,gtmsswq_20H100466_012126_050000.bin,San Sebastian,default user,0,50.566,0,33.19,0,4.735,0,101.5,0,8.25,0,21.25,7.16,7.99,0,-87.1,5.88,15.563,0,3.22,0,1.185,1.13,0,4.39
1/24/2026,4:45, ,gtmsswq_20H100466_012126_050000.bin,San Sebastian,default user,0,50.505,0,33.14,0,4.685,0,101.9,0,8.29,0,21.53,7.25,7.99,0,-87.1,5.89,15.589,0,3.38,0,1.191,1.03,0,3.97
1/24/2026,5:00, ,gtmsswq_20H100466_012126_050000.bin,San Sebastian,default user,0,50.425,0,33.09,0,4.645,0,102.2,0,8.31,0,22.12,7.45,7.99,0,-86.9,5.88,15.621,0,3.73,0,1.188,1.09,0,4.21
1/24/2026,5:15, ,gtmsswq_20H100466_012126_050000.bin,San Sebastian,default user,0,50.303,0,33,0,4.604,0,101.4,0,8.24,0,23.2,7.81,7.99,0,-86.7,5.88,15.664,0,2.99,0,1.185,0.88,0,3.38
1/24/2026,5:30, ,gtmsswq_20H100466_012126_050000.bin,San Sebastian,default user,0,50.263,0,32.97,0,4.567,0,101.5,0,8.25,0,23.82,8.01,7.99,0,-86.6,5.87,15.667,0,2.74,0,1.198,0.67,0,2.54
1/24/2026,5:45, ,gtmsswq_20H100466_012126_050000.bin,San Sebastian,default user,0,50.237,0,32.95,0,4.538,0,100.8,0,8.19,0,24.16,8.13,7.98,0,-86.4,5.88,15.675,0,2.95,0,1.191,0.71,0,2.69
1/24/2026,6:00, ,gtmsswq_20H100466_012126_050000.bin,San Sebastian,default user,0,50.215,0,32.93,0,4.521,0,100,0,8.13,0,24.31,8.18,7.98,0,-86.2,5.88,15.686,0,2.9,0,1.19,0.62,0,2.33
1/24/2026,6:15, ,gtmsswq_20H100466_012126_050000.bin,San Sebastian,default user,0,50.258,0,32.96,0,4.528,0,100.4,0,8.16,0,23.77,8,7.98,0,-86.2,5.87,15.668,0,4.45,0,1.189,0.87,0,3.34
1/24/2026,6:30, ,gtmsswq_20H100466_012126_050000.bin,San Sebastian,default user,0,50.45,0,33.1,0,4.537,0,99.9,0,8.12,0,21.71,7.31,7.99,0,-87,5.87,15.62,0,2.96,0,1.197,1.08,0,4.18
1/24/2026,6:45, ,gtmsswq_20H100466_012126_050000.bin,San Sebastian,default user,0,50.474,0,33.12,0,4.573,0,99.7,0,8.11,0,21.32,7.18,7.98,0,-86.4,5.88,15.616,0,2.71,0,1.192,0.75,0,2.88
1/24/2026,7:00, ,gtmsswq_20H100466_012126_050000.bin,San Sebastian,default user,0,50.477,0,33.12,0,4.62,0,97.8,0,7.95,0,21.03,7.08,7.97,0,-85.9,5.88,15.614,0,2.7,0,1.192,0.99,0,3.82
1/24/2026,7:15, ,gtmsswq_20H100466_012126_050000.bin,San Sebastian,default user,0,50.521,0,33.16,0,4.668,0,100.9,0,8.2,0,21.2,7.14,7.99,0,-87.1,5.88,15.607,0,2.52,0,1.189,0.85,0,3.28
1/24/2026,7:30, ,gtmsswq_20H100466_012126_050000.bin,San Sebastian,default user,0,50.576,0,33.2,0,4.729,0,104.2,0,8.47,0,20.99,7.07,8,0,-87.7,5.87,15.634,0,2.7,0,1.193,1.1,0,4.25
1/24/2026,7:45, ,gtmsswq_20H100466_012126_050000.bin,San Sebastian,default user,0,50.575,0,33.2,0,4.787,0,104.6,0,8.5,0,20.95,7.06,8.01,0,-87.8,5.88,15.637,0,2.44,0,1.187,1.01,0,3.92
1/24/2026,8:00, ,gtmsswq_20H100466_012126_050000.bin,San Sebastian,default user,0,50.583,0,33.2,0,4.841,0,105.6,0,8.58,0,20.94,7.06,8.01,0,-88.1,5.87,15.631,0,3.03,0,1.185,1.16,0,4.49
1/24/2026,8:15, ,gtmsswq_20H100466_012126_050000.bin,San Sebastian,default user,0,50.587,0,33.2,0,4.902,0,105.4,0,8.56,0,20.66,6.96,8.01,0,-88,5.87,15.619,0,2.72,0,1.201,1,0,3.86
1/24/2026,8:30, ,gtmsswq_20H100466_012126_050000.bin,San Sebastian,default user,0,50.594,0,33.21,0,4.987,0,104.6,0,8.5,0,20.45,6.89,8.01,0,-88,5.88,15.59,0,3.8,0,1.196,1.18,0,4.59
1/24/2026,8:45, ,gtmsswq_20H100466_012126_050000.bin,San Sebastian,default user,0,50.626,0,33.23,0,5.068,0,104.7,0,8.52,0,20.23,6.82,8.01,0,-88.3,5.87,15.581,0,2.95,0,1.193,1.16,0,4.5
1/24/2026,9:00, ,gtmsswq_20H100466_012126_050000.bin,San Sebastian,default user,0,50.707,0,33.29,0,5.154,0,102.4,0,8.33,0,18.99,6.4,8.01,0,-88.2,5.88,15.552,0,2.94,0,1.196,1.21,0,4.71
1/24/2026,9:15, ,gtmsswq_20H100466_012126_050000.bin,San Sebastian,default user,0,50.794,0,33.35,0,5.222,0,102.8,0,8.36,0,18.27,6.16,8.02,0,-88.7,5.86,15.558,0,2.94,0,1.193,1.26,0,4.91
1/24/2026,9:30, ,gtmsswq_20H100466_012126_050000.bin,San Sebastian,default user,0,50.812,0,33.37,0,5.297,0,103.1,0,8.38,0,18.09,6.1,8.03,0,-88.9,5.87,15.578,0,3.36,0,1.191,1.03,0,3.99
1/24/2026,9:45, ,gtmsswq_20H100466_012126_050000.bin,San Sebastian,default user,0,50.804,0,33.36,0,5.365,0,103.6,0,8.41,0,18.01,6.08,8.03,0,-89,5.88,15.591,0,3.77,0,1.19,1.18,0,4.58
1/24/2026,10:00, ,gtmsswq_20H100466_012126_050000.bin,San Sebastian,default user,0,50.873,0,33.41,0,5.44,0,102.7,0,8.34,0,17.41,5.88,8.03,0,-89,5.86,15.586,0,3.55,0,1.191,1.18,0,4.57
1/24/2026,10:15, ,gtmsswq_20H100466_012126_050000.bin,San Sebastian,default user,0,50.879,0,33.42,0,5.509,0,103,0,8.37,0,17.18,5.8,8.03,0,-89.3,5.87,15.585,0,4.26,0,1.191,1.93,0,7.59
1/24/2026,10:30, ,gtmsswq_20H100466_012126_050000.bin,San Sebastian,default user,0,50.951,0,33.47,0,5.58,0,102.6,0,8.33,0,15.92,5.38,8.04,0,-90,5.86,15.547,0,4.59,0,1.194,1.13,0,4.38
1/24/2026,10:45, ,gtmsswq_20H100466_012126_050000.bin,San Sebastian,default user,0,51.016,0,33.52,0,5.65,0,103.1,0,8.38,0,14.98,5.07,8.06,0,-90.8,5.87,15.521,0,4.43,0,1.195,1.18,0,4.57
1/24/2026,11:00, ,gtmsswq_20H100466_012126_050000.bin,San Sebastian,default user,0,50.959,0,33.47,0,5.713,0,103.1,0,8.38,0,15.46,5.23,8.06,0,-91,5.87,15.525,0,3.95,0,1.192,1.39,0,5.42
1/24/2026,11:15, ,gtmsswq_20H100466_012126_050000.bin,San Sebastian,default user,0,50.942,0,33.46,0,5.76,0,103.6,0,8.42,0,15.05,5.09,8.07,0,-91.7,5.86,15.501,0,4.21,0,1.192,1.04,0,4.04
1/24/2026,11:30, ,gtmsswq_20H100466_012126_050000.bin,San Sebastian,default user,0,50.944,0,33.46,0,5.796,0,104.5,0,8.51,0,14.79,5,8.09,0,-92.5,5.87,15.459,0,3.72,0,1.19,0.99,0,3.84
1/24/2026,11:45, ,gtmsswq_20H100466_012126_050000.bin,San Sebastian,default user,0,50.955,0,33.47,0,5.824,0,104.7,0,8.52,0,14.81,5.01,8.09,0,-92.7,5.86,15.455,0,3.05,0,1.187,1.07,0,4.16
1/24/2026,12:00, ,gtmsswq_20H100466_012126_050000.bin,San Sebastian,default user,0,50.963,0,33.48,0,5.846,0,104.6,0,8.52,0,14.68,4.97,8.09,0,-92.8,5.86,15.444,0,2.88,0,1.182,0.88,0,3.37
1/24/2026,12:15, ,gtmsswq_20H100466_012126_050000.bin,San Sebastian,default user,0,50.962,0,33.47,0,5.855,0,104.3,0,8.49,0,14.65,4.96,8.09,0,-92.7,5.87,15.45,0,2.32,0,1.191,0.77,0,2.93
1/24/2026,12:30, ,gtmsswq_20H100466_012126_050000.bin,San Sebastian,default user,0,50.972,0,33.48,0,5.859,0,104,0,8.46,0,14.36,4.86,8.09,0,-92.7,5.86,15.453,0,2.32,0,1.193,0.8,0,3.07
1/24/2026,12:45, ,gtmsswq_20H100466_012126_050000.bin,San Sebastian,default user,0,50.974,0,33.48,0,5.858,0,103.3,0,8.41,0,14.46,4.89,8.09,0,-92.7,5.87,15.456,0,2.36,0,1.193,0.84,0,3.22
1/24/2026,13:00, ,gtmsswq_20H100466_012126_050000.bin,San Sebastian,default user,0,50.976,0,33.49,0,5.839,0,101.9,0,8.29,0,14.18,4.8,8.09,0,-92.5,5.85,15.464,0,2.09,0,1.19,0.56,0,2.11
1/24/2026,13:15, ,gtmsswq_20H100466_012126_050000.bin,San Sebastian,default user,0,50.976,0,33.49,0,5.805,0,86.3,0,7.02,0,13.79,4.67,8.02,0,-88.5,5.86,15.474,0,2.37,0,1.19,0.34,0,1.21
1/24/2026,13:30, ,gtmsswq_20H100466_012126_050000.bin,San Sebastian,default user,0,50.952,0,33.47,0,5.76,0,106,0,8.59,0,14.51,4.91,8.09,0,-93,5.86,15.642,0,2.3,0,1.187,1,0,3.85
1/24/2026,13:45, ,gtmsswq_20H100466_012126_050000.bin,San Sebastian,default user,0,50.933,0,33.46,0,5.71,0,108.6,0,8.77,0,14.93,5.05,8.09,0,-92.7,5.86,15.847,0,2.26,0,1.19,0.82,0,3.13
1/24/2026,14:00, ,gtmsswq_20H100466_012126_050000.bin,San Sebastian,default user,0,50.945,0,33.47,0,5.643,0,106.8,0,8.64,0,14.66,4.96,8.09,0,-92.7,5.86,15.731,0,2.11,0,1.184,0.94,0,3.64
1/24/2026,14:15, ,gtmsswq_20H100466_012126_050000.bin,San Sebastian,default user,0,50.896,0,33.44,0,5.58,0,109.8,0,8.83,0,15.45,5.22,8.08,0,-92,5.85,16.106,0,2.28,0,1.183,0.77,0,2.94
1/24/2026,14:30, ,gtmsswq_20H100466_012126_050000.bin,San Sebastian,default user,0,50.907,0,33.45,0,5.503,0,109.9,0,8.82,0,15.67,5.3,8.07,0,-91.6,5.85,16.21,0,2.27,0,1.192,0.72,0,2.76
1/24/2026,14:45, ,gtmsswq_20H100466_012126_050000.bin,San Sebastian,default user,0,50.925,0,33.46,0,5.449,0,110.4,0,8.84,0,15.92,5.38,8.06,0,-91.4,5.86,16.293,0,2.64,0,1.191,1.17,0,4.54
1/24/2026,15:00, ,gtmsswq_20H100466_012126_050000.bin,San Sebastian,default user,0,50.888,0,33.44,0,5.38,0,110.4,0,8.85,0,15.79,5.34,8.07,0,-91.7,5.85,16.237,0,2.2,0,1.194,0.77,0,2.94
1/24/2026,15:15, ,gtmsswq_20H100466_012126_050000.bin,San Sebastian,default user,0,50.893,0,33.44,0,5.311,0,111.2,0,8.89,0,16.14,5.45,8.06,0,-91.3,5.86,16.386,0,3.66,0,1.196,1,0,3.85
1/24/2026,15:30, ,gtmsswq_20H100466_012126_050000.bin,San Sebastian,default user,0,50.825,0,33.39,0,5.229,0,111.4,0,8.9,0,17,5.74,8.05,0,-90.8,5.85,16.473,0,2.44,0,1.197,0.88,0,3.39
1/24/2026,15:45, ,gtmsswq_20H100466_012126_050000.bin,San Sebastian,default user,0,50.777,0,33.36,0,5.146,0,112.6,0,8.93,0,17.22,5.81,8.04,0,-90.3,5.85,16.828,0,3.22,0,1.19,0.76,0,2.91
1/24/2026,16:00, ,gtmsswq_20H100466_012126_050000.bin,San Sebastian,default user,0,50.806,0,33.38,0,5.07,0,110.8,0,8.83,0,16.63,5.62,8.05,0,-90.7,5.86,16.543,0,2.91,0,1.184,0.77,0,2.93
1/24/2026,16:15, ,gtmsswq_20H100466_012126_050000.bin,San Sebastian,default user,0,50.823,0,33.4,0,5.002,0,112.5,0,8.9,0,17.22,5.81,8.05,0,-90.5,5.85,16.901,0,3.85,0,1.198,0.87,0,3.36
1/24/2026,16:30, ,gtmsswq_20H100466_012126_050000.bin,San Sebastian,default user,0,50.769,0,33.36,0,4.933,0,110.2,0,8.74,0,17.66,5.96,8.03,0,-89.5,5.86,16.801,0,3.39,0,1.198,0.93,0,3.57
1/24/2026,16:45, ,gtmsswq_20H100466_012126_050000.bin,San Sebastian,default user,0,50.64,0,33.26,0,4.865,0,110.3,0,8.76,0,18.61,6.28,8.03,0,-89.4,5.85,16.745,0,4.37,0,1.196,0.99,0,3.82
1/24/2026,17:00, ,gtmsswq_20H100466_012126_050000.bin,San Sebastian,default user,0,50.604,0,33.24,0,4.805,0,109.9,0,8.7,0,19,6.41,8.02,0,-89.1,5.85,16.975,0,4.31,0,1.183,1.13,0,4.37
1/24/2026,17:15, ,gtmsswq_20H100466_012126_050000.bin,San Sebastian,default user,0,50.634,0,33.26,0,4.754,0,109.4,0,8.68,0,19.39,6.54,8.02,0,-89,5.86,16.812,0,4.8,0,1.189,1.06,0,4.09
1/24/2026,17:30, ,gtmsswq_20H100466_012126_050000.bin,San Sebastian,default user,0,50.447,0,33.12,0,4.724,0,108.5,0,8.63,0,20.76,6.99,8.01,0,-88.5,5.85,16.738,0,4.62,0,1.19,1.03,0,4
1/24/2026,17:45, ,gtmsswq_20H100466_012126_050000.bin,San Sebastian,default user,0,50.391,0,33.08,0,4.691,0,108.9,0,8.67,0,21.61,7.28,8.01,0,-88.1,5.86,16.708,0,4.1,0,1.186,0.99,0,3.81
1/24/2026,18:00, ,gtmsswq_20H100466_012126_050000.bin,San Sebastian,default user,0,50.214,0,32.95,0,4.672,0,107.8,0,8.6,0,23.14,7.79,8.01,0,-88.1,5.85,16.616,0,3.5,0,1.197,1.15,0,4.45
1/24/2026,18:15, ,gtmsswq_20H100466_012126_050000.bin,San Sebastian,default user,0,50.221,0,32.95,0,4.663,0,107.3,0,8.57,0,22.8,7.67,8,0,-87.8,5.85,16.595,0,3.19,0,1.192,0.84,0,3.23
1/24/2026,18:30, ,gtmsswq_20H100466_012126_050000.bin,San Sebastian,default user,0,50.313,0,33.02,0,4.661,0,106.3,0,8.49,0,21.95,7.39,8,0,-87.7,5.86,16.568,0,3.7,0,1.193,0.77,0,2.93
1/24/2026,18:45, ,gtmsswq_20H100466_012126_050000.bin,San Sebastian,default user,0,50.52,0,33.17,0,4.674,0,102.2,0,8.17,0,19.61,6.61,8,0,-87.5,5.85,16.464,0,3.07,0,1.193,0.86,0,3.32
1/24/2026,19:00, ,gtmsswq_20H100466_012126_050000.bin,San Sebastian,default user,0,50.559,0,33.2,0,4.684,0,92,0,7.36,0,19.02,6.41,7.97,0,-85.7,5.86,16.417,0,2.72,0,1.192,0.75,0,2.85
1/24/2026,19:15, ,gtmsswq_20H100466_012126_050000.bin,San Sebastian,default user,0,50.573,0,33.21,0,4.706,0,78.3,0,6.27,0,18.67,6.3,7.91,0,-82.6,5.85,16.404,0,2.44,0,1.193,0.55,0,2.08
1/24/2026,19:30, ,gtmsswq_20H100466_012126_050000.bin,San Sebastian,default user,0,50.633,0,33.25,0,4.754,0,101.4,0,8.12,0,18.98,6.4,8,0,-87.8,5.85,16.364,0,2.13,0,1.196,0.94,0,3.61
1/24/2026,19:45, ,gtmsswq_20H100466_012126_050000.bin,San Sebastian,default user,0,50.638,0,33.25,0,4.795,0,105.5,0,8.45,0,18.99,6.4,8.01,0,-88.3,5.85,16.327,0,2.27,0,1.199,1.16,0,4.51
1/24/2026,20:00, ,gtmsswq_20H100466_012126_050000.bin,San Sebastian,default user,0,50.633,0,33.25,0,4.856,0,106.8,0,8.57,0,19.23,6.49,8.02,0,-88.5,5.84,16.258,0,2.45,0,1.201,1.22,0,4.74
1/24/2026,20:15, ,gtmsswq_20H100466_012126_050000.bin,San Sebastian,default user,0,50.656,0,33.27,0,4.927,0,106.5,0,8.55,0,19.08,6.43,8.02,0,-88.6,5.85,16.2,0,2.36,0,1.192,1.26,0,4.9
1/24/2026,20:30, ,gtmsswq_20H100466_012126_050000.bin,San Sebastian,default user,0,50.68,0,33.28,0,4.994,0,108.6,0,8.72,0,19.15,6.46,8.03,0,-89.1,5.84,16.179,0,2.58,0,1.192,2.04,0,8.03
1/24/2026,20:45, ,gtmsswq_20H100466_012126_050000.bin,San Sebastian,default user,0,50.694,0,33.29,0,5.052,0,108.2,0,8.69,0,18.64,6.29,8.03,0,-89.4,5.84,16.172,0,3.99,0,1.193,2.04,0,8.01
1/24/2026,21:00, ,gtmsswq_20H100466_012126_050000.bin,San Sebastian,default user,0,50.735,0,33.32,0,5.114,0,106.9,0,8.59,0,17.96,6.06,8.04,0,-89.7,5.85,16.153,0,3.01,0,1.19,1.48,0,5.79
1/24/2026,21:15, ,gtmsswq_20H100466_012126_050000.bin,San Sebastian,default user,0,50.787,0,33.36,0,5.175,0,106.7,0,8.58,0,17.2,5.81,8.05,0,-90.3,5.85,16.11,0,3.29,0,1.187,1.43,0,5.58
1/24/2026,21:30, ,gtmsswq_20H100466_012126_050000.bin,San Sebastian,default user,0,50.816,0,33.38,0,5.253,0,106.6,0,8.58,0,16.82,5.68,8.05,0,-90.5,5.85,16.066,0,2.35,0,1.194,1.35,0,5.27
1/24/2026,21:45, ,gtmsswq_20H100466_012126_050000.bin,San Sebastian,default user,0,50.84,0,33.4,0,5.332,0,106.1,0,8.54,0,16.51,5.58,8.05,0,-90.7,5.84,16.014,0,2.67,0,1.199,1.4,0,5.46
1/24/2026,22:00, ,gtmsswq_20H100466_012126_050000.bin,San Sebastian,default user,0,50.812,0,33.38,0,5.418,0,106.3,0,8.56,0,17.33,5.85,8.04,0,-90.1,5.85,16.042,0,3.35,0,1.201,1.38,0,5.38
1/24/2026,22:15, ,gtmsswq_20H100466_012126_050000.bin,San Sebastian,default user,0,50.847,0,33.4,0,5.502,0,105.8,0,8.53,0,16.47,5.56,8.06,0,-90.8,5.84,15.987,0,3.33,0,1.195,1.42,0,5.56
1/24/2026,22:30, ,gtmsswq_20H100466_012126_050000.bin,San Sebastian,default user,0,50.813,0,33.38,0,5.589,0,105.5,0,8.51,0,16.58,5.6,8.05,0,-90.7,5.84,15.96,0,3.14,0,1.187,1.44,0,5.64
1/24/2026,22:45, ,gtmsswq_20H100466_012126_050000.bin,San Sebastian,default user,0,50.672,0,33.27,0,5.664,0,105.1,0,8.49,0,17.06,5.76,8.05,0,-90.7,5.85,15.93,0,3.89,0,1.186,1.65,0,6.45
1/24/2026,23:00, ,gtmsswq_20H100466_012126_050000.bin,San Sebastian,default user,0,50.657,0,33.26,0,5.728,0,104.4,0,8.45,0,16.49,5.57,8.07,0,-91.5,5.84,15.797,0,6.87,0,1.197,1.6,0,6.27
1/24/2026,23:15, ,gtmsswq_20H100466_012126_050000.bin,San Sebastian,default user,0,50.705,0,33.29,0,5.793,0,104.1,0,8.44,0,15.97,5.4,8.08,0,-92.2,5.83,15.684,0,7.34,0,1.194,1.46,0,5.69
1/24/2026,23:30, ,gtmsswq_20H100466_012126_050000.bin,San Sebastian,default user,0,50.795,0,33.35,0,5.853,0,104.4,0,8.49,0,15.34,5.19,8.09,0,-93,5.84,15.556,0,7.16,0,1.193,1.48,0,5.78
1/24/2026,23:45, ,gtmsswq_20H100466_012126_050000.bin,San Sebastian,default user,0,50.872,0,33.41,0,5.901,0,104.6,0,8.51,0,15.03,5.08,8.1,0,-93.4,5.83,15.464,0,5.44,0,1.196,1.9,0,7.47
1/25/2026,0:00, ,gtmsswq_20H100466_012126_050000.bin,San Sebastian,default user,0,50.903,0,33.43,0,5.947,0,104.6,0,8.52,0,14.75,4.99,8.1,0,-93.5,5.83,15.437,0,5.16,0,1.193,1.26,0,4.91
1/25/2026,0:15, ,gtmsswq_20H100466_012126_050000.bin,San Sebastian,default user,0,50.917,0,33.44,0,5.982,0,104.5,0,8.51,0,14.81,5.01,8.1,0,-93.4,5.84,15.423,0,5.62,0,1.189,1.28,0,4.97
1/25/2026,0:30, ,gtmsswq_20H100466_012126_050000.bin,San Sebastian,default user,0,50.917,0,33.44,0,6.001,0,104.4,0,8.5,0,15.04,5.09,8.1,0,-93.5,5.83,15.415,0,4.33,0,1.192,1.2,0,4.68
1/25/2026,0:45, ,gtmsswq_20H100466_012126_050000.bin,San Sebastian,default user,0,50.939,0,33.46,0,6.004,0,104,0,8.48,0,14.76,4.99,8.1,0,-93.3,5.84,15.399,0,3.97,0,1.194,1.04,0,4.04
1/25/2026,1:00, ,gtmsswq_20H100466_012126_050000.bin,San Sebastian,default user,0,50.95,0,33.47,0,6.008,0,103.8,0,8.46,0,14.77,5,8.1,0,-93.2,5.83,15.395,0,3.75,0,1.194,1.2,0,4.67
1/25/2026,1:15, ,gtmsswq_20H100466_012126_050000.bin,San Sebastian,default user,0,50.956,0,33.47,0,5.999,0,101.8,0,8.3,0,14.85,5.02,8.09,0,-92.8,5.83,15.389,0,2.68,0,1.196,0.9,0,3.46
1/25/2026,1:30, ,gtmsswq_20H100466_012126_050000.bin,San Sebastian,default user,0,50.961,0,33.47,0,5.981,0,100.1,0,8.16,0,14.73,4.98,8.09,0,-92.7,5.84,15.381,0,2.59,0,1.197,0.99,0,3.82
1/25/2026,1:45, ,gtmsswq_20H100466_012126_050000.bin,San Sebastian,default user,0,50.96,0,33.47,0,5.957,0,88.1,0,7.18,0,14.06,4.76,8.02,0,-88.8,5.83,15.391,0,2.91,0,1.195,0.86,0,3.3
1/25/2026,2:00, ,gtmsswq_20H100466_012126_050000.bin,San Sebastian,default user,0,50.928,0,33.45,0,5.923,0,100.9,0,8.22,0,14.83,5.02,8.09,0,-92.8,5.83,15.407,0,3.06,0,1.191,0.9,0,3.46
1/25/2026,2:15, ,gtmsswq_20H100466_012126_050000.bin,San Sebastian,default user,0,50.853,0,33.4,0,5.878,0,101.6,0,8.27,0,15.32,5.18,8.08,0,-92.3,5.82,15.502,0,3.9,0,1.185,1.18,0,4.59
1/25/2026,2:30, ,gtmsswq_20H100466_012126_050000.bin,San Sebastian,default user,0,50.867,0,33.41,0,5.83,0,100.4,0,8.17,0,15.54,5.25,8.07,0,-91.8,5.83,15.502,0,3.15,0,1.19,0.91,0,3.49
1/25/2026,2:45, ,gtmsswq_20H100466_012126_050000.bin,San Sebastian,default user,0,50.839,0,33.39,0,5.779,0,99,0,8.04,0,16.29,5.5,8.06,0,-91,5.84,15.565,0,2.88,0,1.198,1.05,0,4.05
1/25/2026,3:00, ,gtmsswq_20H100466_012126_050000.bin,San Sebastian,default user,0,50.853,0,33.4,0,5.72,0,98.8,0,8.03,0,16.22,5.48,8.06,0,-90.8,5.83,15.578,0,3.09,0,1.192,0.97,0,3.74
1/25/2026,3:15, ,gtmsswq_20H100466_012126_050000.bin,San Sebastian,default user,0,50.819,0,33.37,0,5.651,0,98.4,0,7.98,0,16.46,5.56,8.05,0,-90.4,5.83,15.63,0,2.73,0,1.185,0.95,0,3.66
1/25/2026,3:30, ,gtmsswq_20H100466_012126_050000.bin,San Sebastian,default user,0,50.804,0,33.36,0,5.594,0,98.4,0,7.98,0,16.42,5.55,8.05,0,-90.4,5.82,15.653,0,3.47,0,1.19,0.88,0,3.37
1/25/2026,3:45, ,gtmsswq_20H100466_012126_050000.bin,San Sebastian,default user,0,50.804,0,33.36,0,5.538,0,98.3,0,7.97,0,16.75,5.66,8.04,0,-90.1,5.83,15.657,0,2.76,0,1.189,0.93,0,3.61
1/25/2026,4:00, ,gtmsswq_20H100466_012126_050000.bin,San Sebastian,default user,0,50.79,0,33.35,0,5.485,0,98.8,0,8.01,0,16.99,5.74,8.04,0,-90,5.83,15.694,0,3,0,1.19,0.99,0,3.85
1/25/2026,4:15, ,gtmsswq_20H100466_012126_050000.bin,San Sebastian,default user,0,50.778,0,33.35,0,5.421,0,97.6,0,7.91,0,17.39,5.87,8.03,0,-89.3,5.83,15.729,0,2.85,0,1.191,0.87,0,3.36
1/25/2026,4:30, ,gtmsswq_20H100466_012126_050000.bin,San Sebastian,default user,0,50.734,0,33.32,0,5.363,0,97.8,0,7.91,0,17.71,5.98,8.03,0,-89,5.83,15.819,0,3.24,0,1.193,0.95,0,3.66
1/25/2026,4:45, ,gtmsswq_20H100466_012126_050000.bin,San Sebastian,default user,0,50.752,0,33.33,0,5.295,0,96.6,0,7.82,0,17.73,5.98,8.02,0,-89,5.82,15.741,0,3.15,0,1.199,1.12,0,4.34
1/25/2026,5:00, ,gtmsswq_20H100466_012126_050000.bin,San Sebastian,default user,0,50.757,0,33.33,0,5.23,0,96.6,0,7.82,0,19.51,6.58,8.02,0,-88.6,5.82,15.749,0,3.65,0,1.196,0.86,0,3.32
1/25/2026,5:15, ,gtmsswq_20H100466_012126_050000.bin,San Sebastian,default user,0,50.726,0,33.31,0,5.176,0,95.9,0,7.76,0,18.22,6.15,8.01,0,-88,5.83,15.799,0,2.98,0,1.189,0.89,0,3.43
1/25/2026,5:30, ,gtmsswq_20H100466_012126_050000.bin,San Sebastian,default user,0,50.677,0,33.27,0,5.116,0,97.9,0,7.91,0,18.55,6.26,8.01,0,-88.2,5.82,15.87,0,2.98,0,1.2,0.81,0,3.13
1/25/2026,5:45, ,gtmsswq_20H100466_012126_050000.bin,San Sebastian,default user,0,50.635,0,33.24,0,5.06,0,96.9,0,7.83,0,19.44,6.55,8.01,0,-87.9,5.83,15.914,0,3.62,0,1.198,0.95,0,3.68
1/25/2026,6:00, ,gtmsswq_20H100466_012126_050000.bin,San Sebastian,default user,0,50.653,0,33.26,0,5.008,0,96.7,0,7.82,0,19.12,6.45,8.01,0,-87.9,5.82,15.858,0,3.68,0,1.192,0.88,0,3.38
1/25/2026,6:15, ,gtmsswq_20H100466_012126_050000.bin,San Sebastian,default user,0,50.576,0,33.2,0,4.958,0,96.8,0,7.81,0,20.69,6.97,8,0,-87.2,5.82,15.939,0,3.69,0,1.19,0.87,0,3.33
1/25/2026,6:30, ,gtmsswq_20H100466_012126_050000.bin,San Sebastian,default user,0,50.538,0,33.18,0,4.916,0,97.1,0,7.84,0,20.39,6.87,7.99,0,-87.2,5.83,15.971,0,3.27,0,1.182,0.85,0,3.26
1/25/2026,6:45, ,gtmsswq_20H100466_012126_050000.bin,San Sebastian,default user,0,50.485,0,33.14,0,4.878,0,96.2,0,7.76,0,21.83,7.35,7.99,0,-86.8,5.82,16.002,0,3.98,0,1.186,0.76,0,2.91
1/25/2026,7:00, ,gtmsswq_20H100466_012126_050000.bin,San Sebastian,default user,0,50.427,0,33.1,0,4.85,0,95.7,0,7.71,0,21.69,7.3,7.98,0,-86.6,5.82,16.046,0,3.09,0,1.198,0.81,0,3.11
1/25/2026,7:15, ,gtmsswq_20H100466_012126_050000.bin,San Sebastian,default user,0,50.39,0,33.07,0,4.821,0,95.7,0,7.71,0,21.92,7.38,7.98,0,-86.4,5.82,16.065,0,2.75,0,1.192,0.65,0,2.48
1/25/2026,7:30, ,gtmsswq_20H100466_012126_050000.bin,San Sebastian,default user,0,50.39,0,33.07,0,4.804,0,95.8,0,7.73,0,22.07,7.43,7.98,0,-86.3,5.82,16.056,0,2.77,0,1.184,0.58,0,2.17
1/25/2026,7:45, ,gtmsswq_20H100466_012126_050000.bin,San Sebastian,default user,0,50.327,0,33.02,0,4.791,0,94.2,0,7.59,0,22.73,7.65,7.97,0,-85.8,5.83,16.095,0,2.96,0,1.187,0.63,0,2.39
1/25/2026,8:00, ,gtmsswq_20H100466_012126_050000.bin,San Sebastian,default user,0,50.354,0,33.04,0,4.793,0,93.9,0,7.57,0,21.98,7.4,7.97,0,-85.7,5.82,16.077,0,2.7,0,1.182,0.61,0,2.31
1/25/2026,8:15, ,gtmsswq_20H100466_012126_050000.bin,San Sebastian,default user,0,50.587,0,33.21,0,4.801,0,96.3,0,7.77,0,19.6,6.61,7.98,0,-86.4,5.82,15.945,0,3.21,0,1.186,0.74,0,2.83
1/25/2026,8:30, ,gtmsswq_20H100466_012126_050000.bin,San Sebastian,default user,0,50.606,0,33.22,0,4.835,0,95.4,0,7.7,0,19.37,6.53,7.97,0,-86,5.82,15.962,0,3.12,0,1.197,0.83,0,3.18
1/25/2026,8:45, ,gtmsswq_20H100466_012126_050000.bin,San Sebastian,default user,0,50.617,0,33.23,0,4.885,0,96.3,0,7.77,0,19.4,6.54,7.99,0,-86.9,5.82,15.96,0,2.72,0,1.199,0.91,0,3.5
1/25/2026,9:00, ,gtmsswq_20H100466_012126_050000.bin,San Sebastian,default user,0,50.638,0,33.25,0,4.944,0,97,0,7.82,0,19.53,6.58,8,0,-87.3,5.83,15.972,0,2.47,0,1.19,0.91,0,3.52
1/25/2026,9:15, ,gtmsswq_20H100466_012126_050000.bin,San Sebastian,default user,0,50.713,0,33.3,0,5.003,0,99.9,0,8.04,0,18.82,6.35,8.01,0,-88,5.82,16.027,0,2.5,0,1.19,0.92,0,3.53
1/25/2026,9:30, ,gtmsswq_20H100466_012126_050000.bin,San Sebastian,default user,0,50.725,0,33.31,0,5.08,0,101.3,0,8.16,0,18.5,6.24,8.02,0,-88.6,5.82,16.021,0,4.3,0,1.192,1.04,0,4.04
1/25/2026,9:45, ,gtmsswq_20H100466_012126_050000.bin,San Sebastian,default user,0,50.71,0,33.3,0,5.141,0,101.4,0,8.18,0,18.51,6.24,8.02,0,-88.9,5.81,15.991,0,3.52,0,1.194,1.07,0,4.14
1/25/2026,10:00, ,gtmsswq_20H100466_012126_050000.bin,San Sebastian,default user,0,50.698,0,33.29,0,5.193,0,101.1,0,8.15,0,18.47,6.23,8.02,0,-88.9,5.82,15.958,0,4.04,0,1.192,1.08,0,4.17
1/25/2026,10:15, ,gtmsswq_20H100466_012126_050000.bin,San Sebastian,default user,0,50.667,0,33.27,0,5.259,0,100.6,0,8.12,0,18.25,6.16,8.03,0,-89.1,5.82,15.91,0,3.62,0,1.186,1.18,0,4.59
1/25/2026,10:30, ,gtmsswq_20H100466_012126_050000.bin,San Sebastian,default user,0,50.664,0,33.27,0,5.327,0,100.3,0,8.11,0,18.12,6.11,8.03,0,-89.3,5.82,15.86,0,3.49,0,1.186,1.15,0,4.47
1/25/2026,10:45, ,gtmsswq_20H100466_012126_050000.bin,San Sebastian,default user,0,50.7,0,33.29,0,5.397,0,100.2,0,8.11,0,17.45,5.89,8.04,0,-89.8,5.82,15.817,0,3.28,0,1.196,1.21,0,4.72
1/25/2026,11:00, ,gtmsswq_20H100466_012126_050000.bin,San Sebastian,default user,0,50.719,0,33.3,0,5.456,0,101.1,0,8.18,0,17.16,5.79,8.05,0,-90.2,5.81,15.811,0,3.62,0,1.2,1.13,0,4.38
1/25/2026,11:15, ,gtmsswq_20H100466_012126_050000.bin,San Sebastian,default user,0,50.72,0,33.31,0,5.516,0,101,0,8.17,0,16.9,5.71,8.05,0,-90.5,5.82,15.819,0,4.06,0,1.198,1.14,0,4.43
1/25/2026,11:30, ,gtmsswq_20H100466_012126_050000.bin,San Sebastian,default user,0,50.735,0,33.32,0,5.567,0,100.8,0,8.16,0,16.89,5.7,8.05,0,-90.6,5.82,15.782,0,3.79,0,1.191,1.08,0,4.19
1/25/2026,11:45, ,gtmsswq_20H100466_012126_050000.bin,San Sebastian,default user,0,50.731,0,33.31,0,5.607,0,101,0,8.18,0,16.76,5.66,8.05,0,-90.6,5.81,15.769,0,3.89,0,1.183,1.18,0,4.6
1/25/2026,12:00, ,gtmsswq_20H100466_012126_050000.bin,San Sebastian,default user,0,50.645,0,33.25,0,5.637,0,100.6,0,8.16,0,17.36,5.86,8.05,0,-90.6,5.81,15.695,0,3.92,0,1.194,0.98,0,3.79
1/25/2026,12:15, ,gtmsswq_20H100466_012126_050000.bin,San Sebastian,default user,0,50.603,0,33.22,0,5.667,0,101.6,0,8.25,0,17.07,5.76,8.05,0,-90.7,5.82,15.653,0,6.13,0,1.201,1.26,0,4.92
1/25/2026,12:30, ,gtmsswq_20H100466_012126_050000.bin,San Sebastian,default user,0,50.595,0,33.21,0,5.702,0,102.5,0,8.33,0,16.87,5.7,8.06,0,-90.9,5.81,15.634,0,8.44,0,1.192,1.8,0,7.05
1/25/2026,12:45, ,gtmsswq_20H100466_012126_050000.bin,San Sebastian,default user,0,50.581,0,33.2,0,5.724,0,102.4,0,8.31,0,16.76,5.66,8.06,0,-90.9,5.81,15.656,0,7.14,0,1.19,1.47,0,5.75
1/25/2026,13:00, ,gtmsswq_20H100466_012126_050000.bin,San Sebastian,default user,0,50.593,0,33.21,0,5.735,0,101.7,0,8.26,0,16.94,5.72,8.06,0,-90.7,5.82,15.657,0,7.72,0,1.193,1.54,0,6.03
1/25/2026,13:15, ,gtmsswq_20H100466_012126_050000.bin,San Sebastian,default user,0,50.619,0,33.23,0,5.736,0,101.6,0,8.25,0,16.69,5.64,8.06,0,-91,5.82,15.671,0,6.34,0,1.192,1.33,0,5.18
1/25/2026,13:30, ,gtmsswq_20H100466_012126_050000.bin,San Sebastian,default user,0,50.653,0,33.25,0,5.721,0,100.4,0,8.15,0,16.39,5.54,8.06,0,-91.1,5.81,15.694,0,5.83,0,1.19,1.47,0,5.74
1/25/2026,13:45, ,gtmsswq_20H100466_012126_050000.bin,San Sebastian,default user,0,50.662,0,33.26,0,5.705,0,93.7,0,7.6,0,15.53,5.25,8.03,0,-89.3,5.81,15.7,0,7.55,0,1.184,0.95,0,3.68
1/25/2026,14:00, ,gtmsswq_20H100466_012126_050000.bin,San Sebastian,default user,0,50.667,0,33.26,0,5.687,0,84.2,0,6.83,0,15.89,5.37,8.01,0,-88,5.82,15.707,0,3.98,0,1.196,0.87,0,3.33
1/25/2026,14:15, ,gtmsswq_20H100466_012126_050000.bin,San Sebastian,default user,0,50.606,0,33.22,0,5.655,0,101.6,0,8.23,0,17.15,5.79,8.06,0,-90.8,5.8,15.739,0,3.67,0,1.196,0.67,0,2.54
1/25/2026,14:30, ,gtmsswq_20H100466_012126_050000.bin,San Sebastian,default user,0,50.585,0,33.21,0,5.607,0,105.6,0,8.53,0,16.87,5.7,8.07,0,-91.4,5.81,15.952,0,3.27,0,1.191,1.06,0,4.11
1/25/2026,14:45, ,gtmsswq_20H100466_012126_050000.bin,San Sebastian,default user,0,50.604,0,33.23,0,5.551,0,106.8,0,8.56,0,16.94,5.72,8.06,0,-91.2,5.81,16.299,0,2.88,0,1.189,0.97,0,3.76
1/25/2026,15:00, ,gtmsswq_20H100466_012126_050000.bin,San Sebastian,default user,0,50.633,0,33.25,0,5.487,0,104.5,0,8.4,0,16.99,5.74,8.06,0,-90.8,5.8,16.147,0,2.62,0,1.186,1.04,0,4.03
1/25/2026,15:15, ,gtmsswq_20H100466_012126_050000.bin,San Sebastian,default user,0,50.618,0,33.24,0,5.42,0,106.4,0,8.5,0,17.01,5.74,8.05,0,-90.8,5.81,16.497,0,3.11,0,1.184,0.72,0,2.76
1/25/2026,15:30, ,gtmsswq_20H100466_012126_050000.bin,San Sebastian,default user,0,50.683,0,33.29,0,5.353,0,105.5,0,8.42,0,16.75,5.66,8.05,0,-90.4,5.8,16.555,0,2.6,0,1.193,0.8,0,3.05
1/25/2026,15:45, ,gtmsswq_20H100466_012126_050000.bin,San Sebastian,default user,0,50.676,0,33.29,0,5.281,0,105.6,0,8.39,0,16.92,5.71,8.04,0,-90,5.8,16.694,0,2.87,0,1.196,0.97,0,3.75
1/25/2026,16:00, ,gtmsswq_20H100466_012126_050000.bin,San Sebastian,default user,0,50.663,0,33.28,0,5.2,0,106.5,0,8.44,0,17.09,5.77,8.04,0,-89.8,5.81,16.904,0,2.63,0,1.191,0.91,0,3.51
1/25/2026,16:15, ,gtmsswq_20H100466_012126_050000.bin,San Sebastian,default user,0,50.647,0,33.27,0,5.127,0,105.2,0,8.33,0,17.11,5.78,8.02,0,-89.1,5.8,16.968,0,3.68,0,1.193,0.67,0,2.53
1/25/2026,16:30, ,gtmsswq_20H100466_012126_050000.bin,San Sebastian,default user,0,50.629,0,33.26,0,5.052,0,105.6,0,8.34,0,17.33,5.85,8.02,0,-89.1,5.81,17.115,0,3.33,0,1.187,0.71,0,2.72
1/25/2026,16:45, ,gtmsswq_20H100466_012126_050000.bin,San Sebastian,default user,0,50.614,0,33.25,0,4.978,0,104.5,0,8.23,0,17.62,5.95,8.01,0,-88.3,5.8,17.251,0,3.19,0,1.191,0.66,0,2.51
1/25/2026,17:00, ,gtmsswq_20H100466_012126_050000.bin,San Sebastian,default user,0,50.596,0,33.24,0,4.907,0,105.4,0,8.29,0,17.88,6.03,8.01,0,-88.4,5.81,17.302,0,3.91,0,1.191,0.92,0,3.54
1/25/2026,17:15, ,gtmsswq_20H100466_012126_050000.bin,San Sebastian,default user,0,50.572,0,33.22,0,4.831,0,105.3,0,8.26,0,18.19,6.14,8,0,-88,5.81,17.427,0,3.93,0,1.194,0.72,0,2.74
1/25/2026,17:30, ,gtmsswq_20H100466_012126_050000.bin,San Sebastian,default user,0,50.583,0,33.23,0,4.764,0,104.3,0,8.16,0,18.82,6.35,8,0,-88.1,5.8,17.538,0,4.26,0,1.194,1.06,0,4.12
1/25/2026,17:45, ,gtmsswq_20H100466_012126_050000.bin,San Sebastian,default user,0,50.532,0,33.19,0,4.703,0,101.8,0,7.97,0,18.66,6.29,7.98,0,-86.7,5.81,17.548,0,3.52,0,1.2,0.66,0,2.5
1/25/2026,18:00, ,gtmsswq_20H100466_012126_050000.bin,San Sebastian,default user,0,50.512,0,33.18,0,4.64,0,104.9,0,8.2,0,19.43,6.55,7.99,0,-87.5,5.8,17.633,0,4.29,0,1.199,0.81,0,3.09
1/25/2026,18:15, ,gtmsswq_20H100466_012126_050000.bin,San Sebastian,default user,0,50.443,0,33.13,0,4.593,0,104.4,0,8.16,0,20.39,6.87,7.99,0,-87.1,5.8,17.673,0,4.52,0,1.193,0.92,0,3.54
1/25/2026,18:30, ,gtmsswq_20H100466_012126_050000.bin,San Sebastian,default user,0,50.396,0,33.09,0,4.539,0,105,0,8.19,0,20.82,7.01,7.98,0,-87,5.81,17.79,0,4.73,0,1.185,1.05,0,4.08
1/25/2026,18:45, ,gtmsswq_20H100466_012126_050000.bin,San Sebastian,default user,0,50.266,0,33,0,4.501,0,105.3,0,8.24,0,21.86,7.36,7.98,0,-86.9,5.8,17.646,0,3.69,0,1.187,0.99,0,3.84
1/25/2026,19:00, ,gtmsswq_20H100466_012126_050000.bin,San Sebastian,default user,0,50.157,0,32.92,0,4.459,0,104.7,0,8.19,0,23.02,7.75,7.97,0,-86,5.81,17.648,0,3.29,0,1.201,1.36,0,5.29
1/25/2026,19:15, ,gtmsswq_20H100466_012126_050000.bin,San Sebastian,default user,0,50.141,0,32.91,0,4.432,0,102.8,0,8.04,0,23.36,7.86,7.96,0,-85.6,5.8,17.68,0,3.54,0,1.198,0.87,0,3.35
1/25/2026,19:30, ,gtmsswq_20H100466_012126_050000.bin,San Sebastian,default user,0,50.088,0,32.87,0,4.417,0,102.6,0,8.02,0,23.79,8.01,7.97,0,-86,5.8,17.696,0,2.45,0,1.194,0.84,0,3.22
1/25/2026,19:45, ,gtmsswq_20H100466_012126_050000.bin,San Sebastian,default user,0,50.093,0,32.87,0,4.404,0,102.5,0,8.02,0,23.1,7.77,7.96,0,-85.7,5.81,17.647,0,3.58,0,1.188,0.76,0,2.89
1/25/2026,20:00, ,gtmsswq_20H100466_012126_050000.bin,San Sebastian,default user,0,50.294,0,33.02,0,4.417,0,98.6,0,7.75,0,21.33,7.18,7.97,0,-85.9,5.8,17.418,0,2.93,0,1.184,0.82,0,3.13
1/25/2026,20:15, ,gtmsswq_20H100466_012126_050000.bin,San Sebastian,default user,0,50.454,0,33.13,0,4.446,0,103.4,0,8.15,0,20.26,6.83,7.98,0,-86.9,5.81,17.231,0,3.85,0,1.185,1.05,0,4.06
1/25/2026,20:30, ,gtmsswq_20H100466_012126_050000.bin,San Sebastian,default user,0,50.522,0,33.18,0,4.484,0,105.7,0,8.34,0,19.66,6.63,7.99,0,-87.4,5.79,17.16,0,3.05,0,1.194,1.37,0,5.35
1/25/2026,20:45, ,gtmsswq_20H100466_012126_050000.bin,San Sebastian,default user,0,50.511,0,33.17,0,4.525,0,93.5,0,7.37,0,19.51,6.58,7.95,0,-84.9,5.8,17.172,0,2.4,0,1.198,0.62,0,2.34
1/25/2026,21:00, ,gtmsswq_20H100466_012126_050000.bin,San Sebastian,default user,0,50.565,0,33.21,0,4.574,0,102.8,0,8.1,0,20.21,6.81,7.99,0,-87.2,5.81,17.166,0,2.72,0,1.196,1.2,0,4.65
1/25/2026,21:15, ,gtmsswq_20H100466_012126_050000.bin,San Sebastian,default user,0,50.57,0,33.22,0,4.642,0,105.2,0,8.29,0,20.28,6.83,7.99,0,-87.3,5.8,17.176,0,2.5,0,1.191,1.14,0,4.43
1/25/2026,21:30, ,gtmsswq_20H100466_012126_050000.bin,San Sebastian,default user,0,50.566,0,33.21,0,4.724,0,105.1,0,8.28,0,20.36,6.86,7.99,0,-87.3,5.8,17.189,0,3.05,0,1.194,1.22,0,4.74
1/25/2026,21:45, ,gtmsswq_20H100466_012126_050000.bin,San Sebastian,default user,0,50.569,0,33.21,0,4.804,0,107.1,0,8.45,0,20.35,6.86,8,0,-87.8,5.79,17.136,0,3.19,0,1.187,1.49,0,5.82
1/25/2026,22:00, ,gtmsswq_20H100466_012126_050000.bin,San Sebastian,default user,0,50.551,0,33.2,0,4.886,0,106.9,0,8.44,0,20.29,6.84,8,0,-87.8,5.8,17.111,0,3.26,0,1.182,1.34,0,5.23
1/25/2026,22:15, ,gtmsswq_20H100466_012126_050000.bin,San Sebastian,default user,0,50.558,0,33.21,0,4.965,0,106.3,0,8.39,0,19.95,6.73,8,0,-87.9,5.8,17.092,0,3.99,0,1.185,1.64,0,6.44
1/25/2026,22:30, ,gtmsswq_20H100466_012126_050000.bin,San Sebastian,default user,0,50.546,0,33.2,0,5.052,0,105.8,0,8.36,0,19.68,6.63,8,0,-88,5.8,17.049,0,3.98,0,1.192,1.42,0,5.55
1/25/2026,22:45, ,gtmsswq_20H100466_012126_050000.bin,San Sebastian,default user,0,50.557,0,33.2,0,5.137,0,105.4,0,8.34,0,19.33,6.52,8.01,0,-88.3,5.8,16.997,0,3.42,0,1.197,1.34,0,5.24
1/25/2026,23:00, ,gtmsswq_20H100466_012126_050000.bin,San Sebastian,default user,0,50.577,0,33.22,0,5.212,0,104.6,0,8.29,0,18.57,6.26,8.02,0,-88.7,5.79,16.885,0,4,0,1.199,1.6,0,6.26
1/25/2026,23:15, ,gtmsswq_20H100466_012126_050000.bin,San Sebastian,default user,0,50.586,0,33.22,0,5.276,0,105.1,0,8.32,0,19.09,6.44,8.01,0,-88.4,5.8,16.945,0,4.66,0,1.197,1.47,0,5.75
1/25/2026,23:30, ,gtmsswq_20H100466_012126_050000.bin,San Sebastian,default user,0,50.599,0,33.23,0,5.353,0,104.6,0,8.29,0,18.39,6.21,8.01,0,-88.6,5.8,16.883,0,4.91,0,1.197,1.37,0,5.33
1/25/2026,23:45, ,gtmsswq_20H100466_012126_050000.bin,San Sebastian,default user,0,50.557,0,33.2,0,5.427,0,104.4,0,8.28,0,18.71,6.31,8.02,0,-88.7,5.79,16.863,0,5.69,0,1.191,1.38,0,5.4
1/26/2026,0:00, ,gtmsswq_20H100466_012126_050000.bin,San Sebastian,default user,0,50.455,0,33.13,0,5.5,0,103.6,0,8.25,0,18.76,6.33,8.02,0,-88.9,5.8,16.686,0,7.66,0,1.189,1.51,0,5.89
1/26/2026,0:15, ,gtmsswq_20H100466_012126_050000.bin,San Sebastian,default user,0,50.46,0,33.13,0,5.581,0,103.2,0,8.26,0,18.11,6.11,8.04,0,-89.7,5.79,16.435,0,9.74,0,1.185,1.81,0,7.09
1/26/2026,0:30, ,gtmsswq_20H100466_012126_050000.bin,San Sebastian,default user,0,50.61,0,33.23,0,5.651,0,103.5,0,8.3,0,17.04,5.75,8.05,0,-90.6,5.79,16.257,0,10.85,0,1.182,1.68,0,6.6
1/26/2026,0:45, ,gtmsswq_20H100466_012126_050000.bin,San Sebastian,default user,0,50.738,0,33.32,0,5.694,0,103.4,0,8.31,0,15.75,5.33,8.06,0,-91.2,5.8,16.132,0,10.96,0,1.191,1.81,0,7.11
1/26/2026,1:00, ,gtmsswq_20H100466_012126_050000.bin,San Sebastian,default user,0,50.866,0,33.42,0,5.721,0,103.1,0,8.3,0,14.65,4.96,8.07,0,-91.6,5.79,16.033,0,12.25,0,1.192,3.89,0,15.42
1/26/2026,1:15, ,gtmsswq_20H100466_012126_050000.bin,San Sebastian,default user,0,50.931,0,33.46,0,5.734,0,102.7,0,8.28,0,14.4,4.87,8.07,0,-91.9,5.79,15.959,0,11.63,0,1.192,2.17,0,8.52
1/26/2026,1:30, ,gtmsswq_20H100466_012126_050000.bin,San Sebastian,default user,0,50.957,0,33.48,0,5.739,0,102.1,0,8.23,0,14.62,4.95,8.07,0,-91.8,5.78,15.926,0,8.85,0,1.2,2.19,0,8.63
1/26/2026,1:45, ,gtmsswq_20H100466_012126_050000.bin,San Sebastian,default user,0,50.956,0,33.48,0,5.74,0,102.1,0,8.23,0,14.38,4.87,8.07,0,-91.7,5.79,15.907,0,9.65,0,1.191,1.69,0,6.61
1/26/2026,2:00, ,gtmsswq_20H100466_012126_050000.bin,San Sebastian,default user,0,50.958,0,33.48,0,5.736,0,100.4,0,8.1,0,14.44,4.89,8.06,0,-91.2,5.79,15.893,0,6.26,0,1.184,4.09,0,16.22
1/26/2026,2:15, ,gtmsswq_20H100466_012126_050000.bin,San Sebastian,default user,0,50.952,0,33.48,0,5.723,0,96.8,0,7.81,0,14.48,4.9,8.05,0,-90.4,5.78,15.89,0,4.8,0,1.182,1.05,0,4.06
1/26/2026,2:30, ,gtmsswq_20H100466_012126_050000.bin,San Sebastian,default user,0,50.981,0,33.5,0,5.709,0,94.3,0,7.62,0,14.17,4.8,8.04,0,-90,5.79,15.843,0,4.37,0,1.184,0.88,0,3.38
1/26/2026,2:45, ,gtmsswq_20H100466_012126_050000.bin,San Sebastian,default user,0,50.932,0,33.46,0,5.667,0,100.6,0,8.1,0,14.71,4.98,8.07,0,-91.4,5.78,15.956,0,3.98,0,1.191,1.24,0,4.84
1/26/2026,3:00, ,gtmsswq_20H100466_012126_050000.bin,San Sebastian,default user,0,50.829,0,33.39,0,5.611,0,100.8,0,8.1,0,15.55,5.26,8.06,0,-90.9,5.78,16.143,0,3.76,0,1.197,1.33,0,5.2
1/26/2026,3:15, ,gtmsswq_20H100466_012126_050000.bin,San Sebastian,default user,0,50.734,0,33.32,0,5.54,0,100.6,0,8.06,0,16.38,5.53,8.05,0,-90.3,5.79,16.298,0,3.7,0,1.201,2.01,0,7.89
1/26/2026,3:30, ,gtmsswq_20H100466_012126_050000.bin,San Sebastian,default user,0,50.637,0,33.26,0,5.473,0,100.4,0,8.03,0,17.32,5.85,8.03,0,-89.6,5.78,16.429,0,4.42,0,1.191,1.57,0,6.16
1/26/2026,3:45, ,gtmsswq_20H100466_012126_050000.bin,San Sebastian,default user,0,50.547,0,33.19,0,5.413,0,100,0,7.97,0,18.04,6.09,8.02,0,-88.7,5.78,16.625,0,4.44,0,1.183,1.2,0,4.69
1/26/2026,4:00, ,gtmsswq_20H100466_012126_050000.bin,San Sebastian,default user,0,50.5,0,33.16,0,5.343,0,98.8,0,7.85,0,18.64,6.29,8,0,-87.9,5.79,16.763,0,4.78,0,1.192,1,0,3.88
1/26/2026,4:15, ,gtmsswq_20H100466_012126_050000.bin,San Sebastian,default user,0,50.506,0,33.17,0,5.265,0,97.5,0,7.73,0,19.07,6.43,7.99,0,-87,5.79,16.905,0,3.7,0,1.191,0.89,0,3.42
1/26/2026,4:30, ,gtmsswq_20H100466_012126_050000.bin,San Sebastian,default user,0,50.516,0,33.17,0,5.207,0,95.8,0,7.58,0,19.19,6.47,7.97,0,-86.2,5.78,16.986,0,3.51,0,1.192,0.81,0,3.1
1/26/2026,4:45, ,gtmsswq_20H100466_012126_050000.bin,San Sebastian,default user,0,50.509,0,33.17,0,5.149,0,94.8,0,7.5,0,19.2,6.48,7.97,0,-85.8,5.79,17.056,0,3.63,0,1.187,0.69,0,2.65
1/26/2026,5:00, ,gtmsswq_20H100466_012126_050000.bin,San Sebastian,default user,0,50.511,0,33.17,0,5.084,0,95.7,0,7.56,0,19.81,6.68,7.96,0,-85.7,5.79,17.126,0,3.53,0,1.185,0.74,0,2.81
1/26/2026,5:15, ,gtmsswq_20H100466_012126_050000.bin,San Sebastian,default user,0,50.525,0,33.18,0,5.028,0,91.8,0,7.23,0,19.45,6.56,7.94,0,-84.4,5.79,17.182,0,3.56,0,1.197,0.68,0,2.57
1/26/2026,5:30, ,gtmsswq_20H100466_012126_050000.bin,San Sebastian,default user,0,50.513,0,33.17,0,4.951,0,93.4,0,7.36,0,21.44,7.22,7.95,0,-84.6,5.79,17.237,0,4.8,0,1.191,0.73,0,2.8
1/26/2026,5:45, ,gtmsswq_20H100466_012126_050000.bin,San Sebastian,default user,0,50.505,0,33.17,0,4.874,0,93.3,0,7.34,0,20.11,6.78,7.94,0,-84.3,5.78,17.321,0,4.13,0,1.188,0.85,0,3.27
1/26/2026,6:00, ,gtmsswq_20H100466_012126_050000.bin,San Sebastian,default user,0,50.444,0,33.13,0,4.803,0,93.2,0,7.32,0,21.15,7.12,7.94,0,-84.2,5.78,17.391,0,6.6,0,1.187,0.83,0,3.2
1/26/2026,6:15, ,gtmsswq_20H100466_012126_050000.bin,San Sebastian,default user,0,50.391,0,33.09,0,4.742,0,96.9,0,7.61,0,21.95,7.39,7.95,0,-85.1,5.79,17.391,0,4.72,0,1.186,0.8,0,3.06
1/26/2026,6:30, ,gtmsswq_20H100466_012126_050000.bin,San Sebastian,default user,0,50.339,0,33.05,0,4.695,0,96,0,7.53,0,22.06,7.43,7.94,0,-84.6,5.78,17.456,0,4.13,0,1.193,0.85,0,3.28
1/26/2026,6:45, ,gtmsswq_20H100466_012126_050000.bin,San Sebastian,default user,0,50.273,0,33,0,4.645,0,95.4,0,7.49,0,22.55,7.59,7.94,0,-84.2,5.79,17.489,0,3.46,0,1.199,0.74,0,2.84
1/26/2026,7:00, ,gtmsswq_20H100466_012126_050000.bin,San Sebastian,default user,0,50.338,0,33.05,0,4.582,0,93,0,7.29,0,22.17,7.46,7.93,0,-83.6,5.78,17.527,0,4.17,0,1.195,0.93,0,3.6
1/26/2026,7:15, ,gtmsswq_20H100466_012126_050000.bin,San Sebastian,default user,0,50.319,0,33.04,0,4.545,0,90.9,0,7.12,0,22.42,7.55,7.91,0,-82.3,5.78,17.585,0,4.09,0,1.189,0.75,0,2.88
1/26/2026,7:30, ,gtmsswq_20H100466_012126_050000.bin,San Sebastian,default user,0,50.207,0,32.95,0,4.516,0,92.9,0,7.27,0,23.39,7.87,7.92,0,-83,5.79,17.644,0,3.87,0,1.185,0.69,0,2.64
1/26/2026,7:45, ,gtmsswq_20H100466_012126_050000.bin,San Sebastian,default user,0,50.126,0,32.89,0,4.476,0,93.2,0,7.29,0,23.95,8.06,7.91,0,-82.8,5.78,17.672,0,4.07,0,1.182,0.66,0,2.5
1/26/2026,8:00, ,gtmsswq_20H100466_012126_050000.bin,San Sebastian,default user,0,50.075,0,32.86,0,4.467,0,91.6,0,7.16,0,24.2,8.14,7.91,0,-82.6,5.78,17.704,0,3.62,0,1.192,0.71,0,2.72
1/26/2026,8:15, ,gtmsswq_20H100466_012126_050000.bin,San Sebastian,default user,0,50.054,0,32.84,0,4.444,0,91.7,0,7.17,0,24.5,8.24,7.91,0,-82.5,5.78,17.725,0,4.12,0,1.191,0.8,0,3.05
1/26/2026,8:30, ,gtmsswq_20H100466_012126_050000.bin,San Sebastian,default user,0,50.303,0,33.02,0,4.441,0,93.7,0,7.34,0,21.82,7.35,7.93,0,-83.9,5.78,17.526,0,4.68,0,1.182,0.83,0,3.2
1/26/2026,8:45, ,gtmsswq_20H100466_012126_050000.bin,San Sebastian,default user,0,50.353,0,33.06,0,4.448,0,84,0,6.59,0,20.72,6.98,7.9,0,-81.7,5.79,17.492,0,3.63,0,1.191,0.75,0,2.89
1/26/2026,9:00, ,gtmsswq_20H100466_012126_050000.bin,San Sebastian,default user,0,50.393,0,33.09,0,4.477,0,85.3,0,6.69,0,20.51,6.91,7.92,0,-83.2,5.78,17.462,0,3.4,0,1.191,0.71,0,2.71
1/26/2026,9:15, ,gtmsswq_20H100466_012126_050000.bin,San Sebastian,default user,0,50.427,0,33.11,0,4.492,0,97.9,0,7.68,0,20.88,7.03,7.95,0,-85.1,5.78,17.454,0,3.54,0,1.192,0.83,0,3.17
1/26/2026,9:30, ,gtmsswq_20H100466_012126_050000.bin,San Sebastian,default user,0,50.457,0,33.14,0,4.528,0,92.1,0,7.23,0,20.44,6.89,7.94,0,-84.4,5.77,17.457,0,3.2,0,1.19,0.54,0,2.01
1/26/2026,9:45, ,gtmsswq_20H100466_012126_050000.bin,San Sebastian,default user,0,50.447,0,33.13,0,4.572,0,80.7,0,6.33,0,20.53,6.92,7.86,0,-79.9,5.78,17.479,0,5.43,0,1.187,0.73,0,2.79
1/26/2026,10:00, ,gtmsswq_20H100466_012126_050000.bin,San Sebastian,default user,0,50.466,0,33.14,0,4.634,0,91.3,0,7.16,0,20.47,6.9,7.92,0,-83.2,5.79,17.468,0,5.12,0,1.184,0.89,0,3.44
1/26/2026,10:15, ,gtmsswq_20H100466_012126_050000.bin,San Sebastian,default user,0,50.522,0,33.18,0,4.693,0,98.1,0,7.68,0,21.3,7.17,7.96,0,-85.4,5.78,17.563,0,3.02,0,1.199,0.91,0,3.49
1/26/2026,10:30, ,gtmsswq_20H100466_012126_050000.bin,San Sebastian,default user,0,50.504,0,33.17,0,4.755,0,99.2,0,7.77,0,21.07,7.1,7.96,0,-85.5,5.78,17.526,0,3.31,0,1.196,0.91,0,3.51
1/26/2026,10:45, ,gtmsswq_20H100466_012126_050000.bin,San Sebastian,default user,0,50.51,0,33.17,0,4.844,0,102,0,7.99,0,21.11,7.11,7.97,0,-86.2,5.77,17.497,0,4.25,0,1.196,1.01,0,3.92
1/26/2026,11:00, ,gtmsswq_20H100466_012126_050000.bin,San Sebastian,default user,0,50.491,0,33.16,0,4.916,0,101.8,0,7.98,0,21,7.07,7.97,0,-86.3,5.77,17.478,0,4.46,0,1.193,0.99,0,3.84
1/26/2026,11:15, ,gtmsswq_20H100466_012126_050000.bin,San Sebastian,default user,0,50.482,0,33.15,0,4.967,0,101.7,0,7.98,0,20.78,7,7.97,0,-86.3,5.78,17.45,0,5.44,0,1.19,0.99,0,3.81
1/26/2026,11:30, ,gtmsswq_20H100466_012126_050000.bin,San Sebastian,default user,0,50.467,0,33.14,0,5.029,0,101.1,0,7.93,0,20.7,6.97,7.97,0,-86.2,5.77,17.419,0,4.59,0,1.184,3.26,0,12.91
1/26/2026,11:45, ,gtmsswq_20H100466_012126_050000.bin,San Sebastian,default user,0,50.469,0,33.14,0,5.091,0,100.7,0,7.91,0,20.67,6.96,7.97,0,-86.3,5.78,17.375,0,3.87,0,1.182,1.09,0,4.24
1/26/2026,12:00, ,gtmsswq_20H100466_012126_050000.bin,San Sebastian,default user,0,50.473,0,33.15,0,5.192,0,100.9,0,7.93,0,19.97,6.73,7.98,0,-86.5,5.77,17.318,0,6.21,0,1.201,1.06,0,4.1
1/26/2026,12:15, ,gtmsswq_20H100466_012126_050000.bin,San Sebastian,default user,0,50.485,0,33.15,0,5.271,0,101.4,0,7.97,0,20.12,6.78,7.98,0,-86.6,5.77,17.352,0,4.89,0,1.191,1.21,0,4.71
1/26/2026,12:30, ,gtmsswq_20H100466_012126_050000.bin,San Sebastian,default user,0,50.486,0,33.16,0,5.309,0,101.1,0,7.95,0,19.67,6.63,7.98,0,-86.7,5.78,17.315,0,5.7,0,1.192,1.18,0,4.61
1/26/2026,12:45, ,gtmsswq_20H100466_012126_050000.bin,San Sebastian,default user,0,50.485,0,33.15,0,5.357,0,101.2,0,7.97,0,19.68,6.63,7.98,0,-86.9,5.77,17.261,0,5.35,0,1.199,1.19,0,4.63
1/26/2026,13:00, ,gtmsswq_20H100466_012126_050000.bin,San Sebastian,default user,0,50.444,0,33.12,0,5.383,0,101.2,0,7.98,0,19.5,6.57,7.99,0,-87,5.78,17.184,0,5.55,0,1.191,1.24,0,4.82
1/26/2026,13:15, ,gtmsswq_20H100466_012126_050000.bin,San Sebastian,default user,0,50.362,0,33.06,0,5.426,0,100.3,0,7.96,0,18.85,6.36,8,0,-87.7,5.77,16.878,0,8.85,0,1.185,1.84,0,7.22
1/26/2026,13:30, ,gtmsswq_20H100466_012126_050000.bin,San Sebastian,default user,0,50.45,0,33.12,0,5.446,0,100.9,0,8.03,0,17.88,6.03,8.01,0,-88.4,5.77,16.712,0,8.92,0,1.195,2.04,0,8.04
1/26/2026,13:45, ,gtmsswq_20H100466_012126_050000.bin,San Sebastian,default user,0,50.497,0,33.16,0,5.463,0,101.3,0,8.07,0,17.76,5.99,8.02,0,-88.8,5.77,16.69,0,7.7,0,1.197,1.67,0,6.53
1/26/2026,14:00, ,gtmsswq_20H100466_012126_050000.bin,San Sebastian,default user,0,50.581,0,33.22,0,5.476,0,101.6,0,8.09,0,17.37,5.87,8.03,0,-89.2,5.77,16.635,0,5.53,0,1.201,1.91,0,7.51
1/26/2026,14:15, ,gtmsswq_20H100466_012126_050000.bin,San Sebastian,default user,0,50.687,0,33.29,0,5.472,0,101.8,0,8.12,0,16.38,5.53,8.03,0,-89.5,5.77,16.529,0,5.29,0,1.195,2.15,0,8.47
1/26/2026,14:30, ,gtmsswq_20H100466_012126_050000.bin,San Sebastian,default user,0,50.707,0,33.31,0,5.452,0,99,0,7.9,0,16.21,5.48,8.03,0,-89.5,5.76,16.521,0,4.63,0,1.189,2.89,0,11.43
1/26/2026,14:45, ,gtmsswq_20H100466_012126_050000.bin,San Sebastian,default user,0,50.693,0,33.3,0,5.417,0,90.9,0,7.25,0,16.27,5.5,7.99,0,-87,5.77,16.548,0,6.33,0,1.182,0.92,0,3.54
1/26/2026,15:00, ,gtmsswq_20H100466_012126_050000.bin,San Sebastian,default user,0,50.472,0,33.14,0,5.365,0,104.6,0,8.27,0,18.15,6.12,8.02,0,-89.2,5.77,17.036,0,4.57,0,1.188,1.44,0,5.64
1/26/2026,15:15, ,gtmsswq_20H100466_012126_050000.bin,San Sebastian,default user,0,50.541,0,33.19,0,5.303,0,104.8,0,8.3,0,17.07,5.76,8.03,0,-89.6,5.76,16.954,0,4.33,0,1.19,1.03,0,3.97
1/26/2026,15:30, ,gtmsswq_20H100466_012126_050000.bin,San Sebastian,default user,0,50.532,0,33.19,0,5.246,0,107.4,0,8.42,0,18.15,6.12,8.03,0,-89.4,5.77,17.469,0,4.2,0,1.191,1.12,0,4.36
1/26/2026,15:45, ,gtmsswq_20H100466_012126_050000.bin,San Sebastian,default user,0,50.579,0,33.23,0,5.184,0,107.3,0,8.38,0,18.66,6.29,8.02,0,-89,5.76,17.666,0,3.75,0,1.196,0.91,0,3.5
1/26/2026,16:00, ,gtmsswq_20H100466_012126_050000.bin,San Sebastian,default user,0,50.47,0,33.15,0,5.126,0,105.4,0,8.23,0,18.9,6.37,8,0,-87.9,5.76,17.671,0,4.4,0,1.184,1.29,0,5.04
1/26/2026,16:15, ,gtmsswq_20H100466_012126_050000.bin,San Sebastian,default user,0,50.463,0,33.14,0,5.053,0,105,0,8.17,0,19.48,6.57,7.99,0,-87.3,5.77,17.858,0,3.76,0,1.187,1.06,0,4.09
1/26/2026,16:30, ,gtmsswq_20H100466_012126_050000.bin,San Sebastian,default user,0,50.491,0,33.16,0,4.996,0,105.6,0,8.21,0,19.27,6.5,8,0,-88.1,5.76,17.861,0,5.31,0,1.2,1.21,0,4.71
1/26/2026,16:45, ,gtmsswq_20H100466_012126_050000.bin,San Sebastian,default user,0,50.476,0,33.15,0,4.965,0,105.4,0,8.18,0,19.66,6.63,7.99,0,-87.5,5.76,17.979,0,4.54,0,1.191,1.11,0,4.31
1/26/2026,17:00, ,gtmsswq_20H100466_012126_050000.bin,San Sebastian,default user,0,50.466,0,33.15,0,4.904,0,105.4,0,8.18,0,19.94,6.72,7.99,0,-87.6,5.77,18.012,0,6.03,0,1.183,1.28,0,5
1/26/2026,17:15, ,gtmsswq_20H100466_012126_050000.bin,San Sebastian,default user,0,50.431,0,33.12,0,4.851,0,104.6,0,8.11,0,20.16,6.79,7.98,0,-86.8,5.76,18.044,0,6.02,0,1.188,1.3,0,5.06
1/26/2026,17:30, ,gtmsswq_20H100466_012126_050000.bin,San Sebastian,default user,0,50.408,0,33.1,0,4.8,0,104.6,0,8.12,0,20.71,6.98,7.98,0,-86.6,5.76,17.999,0,5.21,0,1.183,1.17,0,4.54
1/26/2026,17:45, ,gtmsswq_20H100466_012126_050000.bin,San Sebastian,default user,0,50.403,0,33.1,0,4.753,0,102.6,0,7.97,0,20.92,7.05,7.97,0,-86.2,5.77,17.985,0,4.75,0,1.182,1.08,0,4.17
1/26/2026,18:00, ,gtmsswq_20H100466_012126_050000.bin,San Sebastian,default user,0,50.4,0,33.1,0,4.711,0,102.2,0,7.94,0,21.44,7.22,7.97,0,-86.3,5.76,17.945,0,5.3,0,1.199,1.47,0,5.75
1/26/2026,18:15, ,gtmsswq_20H100466_012126_050000.bin,San Sebastian,default user,0,50.355,0,33.06,0,4.656,0,102.8,0,8.01,0,21.79,7.34,7.97,0,-86.4,5.76,17.864,0,4.57,0,1.201,1.17,0,4.54
1/26/2026,18:30, ,gtmsswq_20H100466_012126_050000.bin,San Sebastian,default user,0,50.26,0,32.99,0,4.6,0,101.2,0,7.89,0,22.63,7.62,7.96,0,-85.7,5.77,17.876,0,4.78,0,1.186,1.13,0,4.39
1/26/2026,18:45, ,gtmsswq_20H100466_012126_050000.bin,San Sebastian,default user,0,50.182,0,32.94,0,4.559,0,100.8,0,7.85,0,23.35,7.86,7.96,0,-85.6,5.76,17.864,0,4.22,0,1.19,1.25,0,4.86
1/26/2026,19:00, ,gtmsswq_20H100466_012126_050000.bin,San Sebastian,default user,0,50.102,0,32.88,0,4.527,0,100.4,0,7.82,0,24.01,8.08,7.95,0,-85,5.76,17.92,0,3.66,0,1.198,1.11,0,4.29
1/26/2026,19:15, ,gtmsswq_20H100466_012126_050000.bin,San Sebastian,default user,0,50.03,0,32.83,0,4.49,0,99.3,0,7.73,0,24.36,8.19,7.94,0,-84.6,5.76,17.941,0,4.41,0,1.192,1,0,3.85
1/26/2026,19:30, ,gtmsswq_20H100466_012126_050000.bin,San Sebastian,default user,0,49.973,0,32.78,0,4.442,0,99.7,0,7.76,0,24.9,8.37,7.94,0,-84.6,5.76,17.984,0,4.09,0,1.188,0.96,0,3.72
1/26/2026,19:45, ,gtmsswq_20H100466_012126_050000.bin,San Sebastian,default user,0,49.912,0,32.74,0,4.397,0,99.1,0,7.71,0,25.36,8.53,7.94,0,-84.3,5.76,18.008,0,3.99,0,1.19,0.8,0,3.08
1/26/2026,20:00, ,gtmsswq_20H100466_012126_050000.bin,San Sebastian,default user,0,49.853,0,32.7,0,4.358,0,100,0,7.78,0,25.99,8.74,7.94,0,-84.4,5.76,18.011,0,3.81,0,1.186,0.9,0,3.46
1/26/2026,20:15, ,gtmsswq_20H100466_012126_050000.bin,San Sebastian,default user,0,49.821,0,32.67,0,4.315,0,98.6,0,7.68,0,26.25,8.82,7.93,0,-84,5.76,17.981,0,3.82,0,1.182,0.88,0,3.37
1/26/2026,20:30, ,gtmsswq_20H100466_012126_050000.bin,San Sebastian,default user,0,49.886,0,32.72,0,4.302,0,95.9,0,7.51,0,25.23,8.49,7.93,0,-83.7,5.76,17.681,0,4.05,0,1.184,0.73,0,2.8
1/26/2026,20:45, ,gtmsswq_20H100466_012126_050000.bin,San Sebastian,default user,0,50.226,0,32.97,0,4.307,0,97.1,0,7.6,0,22.72,7.65,7.95,0,-85.2,5.77,17.662,0,4.08,0,1.183,1.21,0,4.7
1/26/2026,21:00, ,gtmsswq_20H100466_012126_050000.bin,San Sebastian,default user,0,50.31,0,33.03,0,4.342,0,101,0,7.9,0,22.16,7.46,7.96,0,-85.7,5.76,17.685,0,3.91,0,1.197,1.3,0,5.08
1/26/2026,21:15, ,gtmsswq_20H100466_012126_050000.bin,San Sebastian,default user,0,50.356,0,33.06,0,4.385,0,101.7,0,7.95,0,22.3,7.51,7.97,0,-86.4,5.76,17.679,0,4.64,0,1.201,1.32,0,5.16
1/26/2026,21:30, ,gtmsswq_20H100466_012126_050000.bin,San Sebastian,default user,0,50.4,0,33.1,0,4.439,0,89.8,0,7.02,0,21.41,7.21,7.93,0,-83.6,5.75,17.683,0,2.87,0,1.194,0.78,0,2.99
1/26/2026,21:45, ,gtmsswq_20H100466_012126_050000.bin,San Sebastian,default user,0,50.462,0,33.14,0,4.51,0,99.2,0,7.74,0,21.65,7.29,7.97,0,-86.1,5.76,17.733,0,3.97,0,1.183,1.29,0,5.04
1/26/2026,22:00, ,gtmsswq_20H100466_012126_050000.bin,San Sebastian,default user,0,50.488,0,33.16,0,4.584,0,100.5,0,7.83,0,21.29,7.17,7.98,0,-86.5,5.76,17.789,0,3.35,0,1.192,1.18,0,4.57
1/26/2026,22:15, ,gtmsswq_20H100466_012126_050000.bin,San Sebastian,default user,0,50.474,0,33.15,0,4.689,0,102.2,0,7.98,0,21.56,7.26,7.98,0,-86.8,5.76,17.736,0,3.4,0,1.196,1.4,0,5.47
1/26/2026,22:30, ,gtmsswq_20H100466_012126_050000.bin,San Sebastian,default user,0,50.458,0,33.14,0,4.773,0,103.2,0,8.05,0,21.49,7.24,7.98,0,-86.9,5.76,17.713,0,4.35,0,1.194,1.45,0,5.68
1/26/2026,22:45, ,gtmsswq_20H100466_012126_050000.bin,San Sebastian,default user,0,50.389,0,33.09,0,4.859,0,102.9,0,8.08,0,21.81,7.34,7.99,0,-87.1,5.75,17.394,0,4.93,0,1.198,1.59,0,6.24
1/26/2026,23:00, ,gtmsswq_20H100466_012126_050000.bin,San Sebastian,default user,0,50.436,0,33.12,0,4.942,0,102.9,0,8.09,0,21.58,7.27,7.99,0,-87.2,5.76,17.332,0,4.61,0,1.201,1.67,0,6.54
1/26/2026,23:15, ,gtmsswq_20H100466_012126_050000.bin,San Sebastian,default user,0,50.389,0,33.08,0,5.036,0,102,0,8.08,0,21.23,7.15,8,0,-87.5,5.76,16.963,0,4.87,0,1.196,1.62,0,6.35
1/26/2026,23:30, ,gtmsswq_20H100466_012126_050000.bin,San Sebastian,default user,0,50.405,0,33.09,0,5.139,0,101.6,0,8.07,0,20.85,7.03,8,0,-87.8,5.76,16.831,0,4.73,0,1.19,1.52,0,5.94
1/26/2026,23:45, ,gtmsswq_20H100466_012126_050000.bin,San Sebastian,default user,0,50.423,0,33.1,0,5.23,0,101.6,0,8.07,0,21.55,7.26,8,0,-87.7,5.76,16.839,0,6.43,0,1.184,1.63,0,6.39
1/27/2026,0:00, ,gtmsswq_20H100466_012126_050000.bin,San Sebastian,default user,0,50.447,0,33.13,0,5.313,0,101.9,0,8.04,0,20.67,6.96,7.99,0,-87.3,5.75,17.128,0,8.35,0,1.185,1.73,0,6.78
1/27/2026,0:15, ,gtmsswq_20H100466_012126_050000.bin,San Sebastian,default user,0,50.473,0,33.14,0,5.391,0,101.5,0,8.04,0,20.18,6.8,8,0,-87.6,5.75,16.926,0,7.45,0,1.19,2.05,0,8.05
1/27/2026,0:30, ,gtmsswq_20H100466_012126_050000.bin,San Sebastian,default user,0,50.349,0,33.05,0,5.452,0,100.8,0,8.01,0,20.44,6.89,8,0,-87.6,5.76,16.765,0,8.06,0,1.192,1.73,0,6.77
1/27/2026,0:45, ,gtmsswq_20H100466_012126_050000.bin,San Sebastian,default user,0,50.594,0,33.21,0,5.515,0,101.5,0,8.22,0,17.09,5.77,8.05,0,-90.6,5.75,15.766,0,13.23,0,1.193,1.99,0,7.81
1/27/2026,1:00, ,gtmsswq_20H100466_012126_050000.bin,San Sebastian,default user,0,50.756,0,33.32,0,5.57,0,101.7,0,8.28,0,15.77,5.33,8.07,0,-91.7,5.75,15.49,0,12.59,0,1.19,2.85,0,11.25
1/27/2026,1:15, ,gtmsswq_20H100466_012126_050000.bin,San Sebastian,default user,0,50.86,0,33.4,0,5.628,0,101.6,0,8.29,0,15.42,5.21,8.08,0,-92.3,5.74,15.363,0,12.66,0,1.185,2.23,0,8.79
1/27/2026,1:30, ,gtmsswq_20H100466_012126_050000.bin,San Sebastian,default user,0,50.932,0,33.45,0,5.683,0,101.7,0,8.31,0,14.83,5.02,8.09,0,-92.9,5.75,15.262,0,11.6,0,1.183,2.69,0,10.63
1/27/2026,1:45, ,gtmsswq_20H100466_012126_050000.bin,San Sebastian,default user,0,50.947,0,33.46,0,5.74,0,101.7,0,8.32,0,14.87,5.03,8.1,0,-93.1,5.75,15.202,0,10.12,0,1.196,1.67,0,6.56
1/27/2026,2:00, ,gtmsswq_20H100466_012126_050000.bin,San Sebastian,default user,0,50.932,0,33.45,0,5.786,0,101.5,0,8.3,0,15,5.07,8.1,0,-93,5.75,15.185,0,9.5,0,1.193,1.73,0,6.8
1/27/2026,2:15, ,gtmsswq_20H100466_012126_050000.bin,San Sebastian,default user,0,50.943,0,33.45,0,5.823,0,101.4,0,8.31,0,14.88,5.03,8.1,0,-93.2,5.75,15.151,0,9.22,0,1.195,1.81,0,7.1
1/27/2026,2:30, ,gtmsswq_20H100466_012126_050000.bin,San Sebastian,default user,0,50.944,0,33.45,0,5.843,0,101.4,0,8.31,0,14.96,5.06,8.1,0,-93.2,5.74,15.123,0,9.59,0,1.191,1.44,0,5.64
1/27/2026,2:45, ,gtmsswq_20H100466_012126_050000.bin,San Sebastian,default user,0,50.958,0,33.46,0,5.864,0,101,0,8.28,0,14.96,5.06,8.1,0,-93.3,5.74,15.089,0,7.3,0,1.189,1.62,0,6.34
1/27/2026,3:00, ,gtmsswq_20H100466_012126_050000.bin,San Sebastian,default user,0,50.954,0,33.46,0,5.874,0,100.6,0,8.25,0,15.17,5.13,8.1,0,-93.1,5.75,15.073,0,6.45,0,1.191,1.36,0,5.32
1/27/2026,3:15, ,gtmsswq_20H100466_012126_050000.bin,San Sebastian,default user,0,50.938,0,33.45,0,5.875,0,100.5,0,8.24,0,15.24,5.16,8.1,0,-93,5.74,15.055,0,5.13,0,1.184,1.21,0,4.7
1/27/2026,3:30, ,gtmsswq_20H100466_012126_050000.bin,San Sebastian,default user,0,50.962,0,33.47,0,5.862,0,98.9,0,8.12,0,14.92,5.05,8.09,0,-92.8,5.74,15.045,0,3.83,0,1.193,1.2,0,4.65
1/27/2026,3:45, ,gtmsswq_20H100466_012126_050000.bin,San Sebastian,default user,0,50.949,0,33.46,0,5.835,0,88.4,0,7.25,0,15.08,5.1,8.05,0,-90.2,5.73,15.043,0,4.77,0,1.201,0.84,0,3.21
1/27/2026,4:00, ,gtmsswq_20H100466_012126_050000.bin,San Sebastian,default user,0,50.948,0,33.45,0,5.792,0,99.3,0,8.18,0,15.24,5.15,8.1,0,-93,5.74,14.862,0,5.26,0,1.196,1.07,0,4.14
1/27/2026,4:15, ,gtmsswq_20H100466_012126_050000.bin,San Sebastian,default user,0,50.939,0,33.43,0,5.738,0,96.5,0,8.02,0,16.38,5.53,8.07,0,-91.5,5.74,14.45,0,5,0,1.188,1.16,0,4.49
1/27/2026,4:30, ,gtmsswq_20H100466_012126_050000.bin,San Sebastian,default user,0,50.978,0,33.46,0,5.68,0,97.2,0,8.06,0,16.17,5.46,8.09,0,-92.3,5.73,14.549,0,4.1,0,1.182,1.3,0,5.05
1/27/2026,4:45, ,gtmsswq_20H100466_012126_050000.bin,San Sebastian,default user,0,50.871,0,33.39,0,5.622,0,96.7,0,8.02,0,16.86,5.69,8.07,0,-91.4,5.74,14.53,0,4.12,0,1.19,1.25,0,4.87
1/27/2026,5:00, ,gtmsswq_20H100466_012126_050000.bin,San Sebastian,default user,0,50.874,0,33.38,0,5.568,0,96,0,7.98,0,17.21,5.81,8.06,0,-91,5.73,14.423,0,5.15,0,1.191,1.32,0,5.16
1/27/2026,5:15, ,gtmsswq_20H100466_012126_050000.bin,San Sebastian,default user,0,50.863,0,33.38,0,5.521,0,95.9,0,7.96,0,17.46,5.89,8.06,0,-90.8,5.73,14.489,0,4.99,0,1.191,1.16,0,4.49
1/27/2026,5:30, ,gtmsswq_20H100466_012126_050000.bin,San Sebastian,default user,0,50.817,0,33.35,0,5.465,0,95.8,0,7.95,0,18.37,6.2,8.05,0,-90.4,5.74,14.54,0,5.42,0,1.193,1.14,0,4.43
1/27/2026,5:45, ,gtmsswq_20H100466_012126_050000.bin,San Sebastian,default user,0,50.731,0,33.28,0,5.408,0,95.5,0,7.92,0,18.52,6.25,8.05,0,-89.9,5.73,14.564,0,5.35,0,1.197,1.24,0,4.83
1/27/2026,6:00, ,gtmsswq_20H100466_012126_050000.bin,San Sebastian,default user,0,50.564,0,33.17,0,5.348,0,95.3,0,7.87,0,19.8,6.67,8.03,0,-89.1,5.74,14.774,0,4.81,0,1.201,1.24,0,4.84
1/27/2026,6:15, ,gtmsswq_20H100466_012126_050000.bin,San Sebastian,default user,0,50.625,0,33.21,0,5.285,0,95.1,0,7.85,0,19.9,6.71,8.02,0,-88.6,5.73,14.81,0,5.75,0,1.201,1.31,0,5.12
1/27/2026,6:30, ,gtmsswq_20H100466_012126_050000.bin,San Sebastian,default user,0,50.571,0,33.18,0,5.229,0,94.3,0,7.76,0,20.92,7.05,8.01,0,-87.8,5.73,14.938,0,4.51,0,1.192,1.28,0,4.97
1/27/2026,6:45, ,gtmsswq_20H100466_012126_050000.bin,San Sebastian,default user,0,50.618,0,33.21,0,5.166,0,95.2,0,7.82,0,20.16,6.79,8.02,0,-88.5,5.74,15.049,0,4.56,0,1.183,1.16,0,4.51
1/27/2026,7:00, ,gtmsswq_20H100466_012126_050000.bin,San Sebastian,default user,0,50.46,0,33.1,0,5.103,0,94.2,0,7.72,0,21.77,7.33,8,0,-87.1,5.73,15.214,0,5.95,0,1.182,1.04,0,4.02
1/27/2026,7:15, ,gtmsswq_20H100466_012126_050000.bin,San Sebastian,default user,0,50.47,0,33.11,0,5.04,0,93.8,0,7.69,0,22.09,7.44,7.99,0,-87,5.74,15.225,0,5.33,0,1.193,1.11,0,4.32
1/27/2026,7:30, ,gtmsswq_20H100466_012126_050000.bin,San Sebastian,default user,0,50.462,0,33.1,0,4.98,0,94.3,0,7.74,0,22.27,7.5,8,0,-87.1,5.73,15.094,0,4.88,0,1.195,1.34,0,5.22
1/27/2026,7:45, ,gtmsswq_20H100466_012126_050000.bin,San Sebastian,default user,0,50.429,0,33.07,0,4.925,0,92.8,0,7.65,0,22.72,7.65,7.99,0,-86.6,5.73,14.948,0,4.32,0,1.196,0.99,0,3.84
1/27/2026,8:00, ,gtmsswq_20H100466_012126_050000.bin,San Sebastian,default user,0,50.381,0,33.04,0,4.867,0,93,0,7.65,0,23.12,7.78,7.99,0,-86.5,5.74,15.045,0,4.09,0,1.192,0.83,0,3.17
1/27/2026,8:15, ,gtmsswq_20H100466_012126_050000.bin,San Sebastian,default user,0,50.323,0,33,0,4.819,0,93,0,7.62,0,23.92,8.05,7.98,0,-86.3,5.73,15.215,0,4.48,0,1.191,0.99,0,3.84
1/27/2026,8:30, ,gtmsswq_20H100466_012126_050000.bin,San Sebastian,default user,0,50.298,0,32.98,0,4.777,0,92.8,0,7.62,0,24.26,8.16,7.98,0,-86.1,5.73,15.203,0,3.9,0,1.194,0.86,0,3.29
1/27/2026,8:45, ,gtmsswq_20H100466_012126_050000.bin,San Sebastian,default user,0,50.286,0,32.97,0,4.74,0,92,0,7.56,0,24.21,8.14,7.97,0,-85.8,5.73,15.129,0,3.6,0,1.195,0.69,0,2.61
1/27/2026,9:00, ,gtmsswq_20H100466_012126_050000.bin,San Sebastian,default user,0,50.265,0,32.95,0,4.718,0,92.1,0,7.59,0,24.66,8.3,7.97,0,-85.7,5.72,14.973,0,3.58,0,1.199,0.81,0,3.09
1/27/2026,9:15, ,gtmsswq_20H100466_012126_050000.bin,San Sebastian,default user,0,50.214,0,32.92,0,4.706,0,89.3,0,7.33,0,24.58,8.27,7.96,0,-84.8,5.72,15.194,0,3.52,0,1.2,0.53,0,1.98
1/27/2026,9:30, ,gtmsswq_20H100466_012126_050000.bin,San Sebastian,default user,0,50.195,0,32.91,0,4.695,0,88.9,0,7.3,0,24.66,8.3,7.96,0,-84.8,5.73,15.166,0,4.21,0,1.197,0.59,0,2.22
1/27/2026,9:45, ,gtmsswq_20H100466_012126_050000.bin,San Sebastian,default user,0,50.227,0,32.93,0,4.697,0,82.4,0,6.78,0,23.63,7.95,7.92,0,-82.9,5.73,15.067,0,3.55,0,1.182,0.41,0,1.5
1/27/2026,10:00, ,gtmsswq_20H100466_012126_050000.bin,San Sebastian,default user,0,50.263,0,32.95,0,4.713,0,72.3,0,5.94,0,22.77,7.66,7.88,0,-80.6,5.73,15.077,0,5.32,0,1.191,0.55,0,2.06
1/27/2026,10:15, ,gtmsswq_20H100466_012126_050000.bin,San Sebastian,default user,0,50.382,0,33.04,0,4.747,0,87.5,0,7.17,0,23.03,7.75,7.98,0,-86.3,5.73,15.208,0,4.03,0,1.195,0.92,0,3.55
1/27/2026,10:30, ,gtmsswq_20H100466_012126_050000.bin,San Sebastian,default user,0,50.38,0,33.05,0,4.787,0,94.5,0,7.73,0,22.68,7.63,7.99,0,-86.8,5.73,15.327,0,3.36,0,1.193,0.95,0,3.67
1/27/2026,10:45, ,gtmsswq_20H100466_012126_050000.bin,San Sebastian,default user,0,50.484,0,33.13,0,4.831,0,94.2,0,7.68,0,21.67,7.3,7.99,0,-86.7,5.73,15.489,0,3.4,0,1.198,1.06,0,4.1
1/27/2026,11:00, ,gtmsswq_20H100466_012126_050000.bin,San Sebastian,default user,0,50.485,0,33.12,0,4.888,0,94.6,0,7.74,0,21.63,7.29,7.99,0,-86.9,5.73,15.325,0,3.27,0,1.195,1.45,0,5.66
1/27/2026,11:15, ,gtmsswq_20H100466_012126_050000.bin,San Sebastian,default user,0,50.48,0,33.12,0,4.942,0,96.1,0,7.85,0,21.94,7.39,8,0,-87.4,5.72,15.354,0,3.42,0,1.194,1.17,0,4.56
1/27/2026,11:30, ,gtmsswq_20H100466_012126_050000.bin,San Sebastian,default user,0,50.503,0,33.14,0,4.979,0,96.2,0,7.85,0,21.7,7.31,7.99,0,-87.1,5.73,15.434,0,2.95,0,1.182,1.35,0,5.27
1/27/2026,11:45, ,gtmsswq_20H100466_012126_050000.bin,San Sebastian,default user,0,50.487,0,33.13,0,5.033,0,96.9,0,7.92,0,21.74,7.32,8,0,-87.5,5.73,15.346,0,3.15,0,1.185,1.33,0,5.17
1/27/2026,12:00, ,gtmsswq_20H100466_012126_050000.bin,San Sebastian,default user,0,50.449,0,33.09,0,5.079,0,97.9,0,8.02,0,21.6,7.28,8.01,0,-88,5.73,15.249,0,3.57,0,1.196,1.97,0,7.74
1/27/2026,12:15, ,gtmsswq_20H100466_012126_050000.bin,San Sebastian,default user,0,50.465,0,33.11,0,5.136,0,98.6,0,8.07,0,21.16,7.13,8.02,0,-88.3,5.73,15.256,0,3.65,0,1.192,1.3,0,5.07
1/27/2026,12:30, ,gtmsswq_20H100466_012126_050000.bin,San Sebastian,default user,0,50.532,0,33.15,0,5.179,0,99.1,0,8.14,0,20.59,6.94,8.03,0,-88.9,5.72,15.099,0,3.18,0,1.187,1.31,0,5.11
1/27/2026,12:45, ,gtmsswq_20H100466_012126_050000.bin,San Sebastian,default user,0,50.584,0,33.19,0,5.236,0,99.4,0,8.17,0,19.91,6.71,8.03,0,-89.4,5.72,15.018,0,3.33,0,1.19,1.11,0,4.29
1/27/2026,13:00, ,gtmsswq_20H100466_012126_050000.bin,San Sebastian,default user,0,50.667,0,33.25,0,5.283,0,100,0,8.24,0,18.77,6.33,8.05,0,-90.1,5.73,14.863,0,3.14,0,1.192,1.3,0,5.06
1/27/2026,13:15, ,gtmsswq_20H100466_012126_050000.bin,San Sebastian,default user,0,50.733,0,33.29,0,5.324,0,100.7,0,8.32,0,18.06,6.09,8.06,0,-90.8,5.72,14.764,0,3.19,0,1.193,1.4,0,5.48
1/27/2026,13:30, ,gtmsswq_20H100466_012126_050000.bin,San Sebastian,default user,0,50.719,0,33.28,0,5.372,0,99.8,0,8.24,0,18.21,6.14,8.06,0,-90.6,5.73,14.785,0,4.13,0,1.194,1.19,0,4.62
1/27/2026,13:45, ,gtmsswq_20H100466_012126_050000.bin,San Sebastian,default user,0,50.76,0,33.31,0,5.407,0,98.2,0,8.12,0,17.91,6.04,8.05,0,-90.5,5.71,14.695,0,5.6,0,1.201,1.27,0,4.94
1/27/2026,14:00, ,gtmsswq_20H100466_012126_050000.bin,San Sebastian,default user,0,50.78,0,33.32,0,5.451,0,98.6,0,8.16,0,17.63,5.95,8.06,0,-90.8,5.72,14.684,0,4.7,0,1.197,1.24,0,4.84
1/27/2026,14:15, ,gtmsswq_20H100466_012126_050000.bin,San Sebastian,default user,0,50.783,0,33.32,0,5.49,0,98.6,0,8.16,0,17.54,5.92,8.06,0,-91,5.73,14.632,0,5.2,0,1.189,1.3,0,5.07
1/27/2026,14:30, ,gtmsswq_20H100466_012126_050000.bin,San Sebastian,default user,0,50.782,0,33.32,0,5.515,0,99.6,0,8.26,0,17.26,5.83,8.07,0,-91.5,5.72,14.514,0,4.91,0,1.184,1.35,0,5.28
1/27/2026,14:45, ,gtmsswq_20H100466_012126_050000.bin,San Sebastian,default user,0,50.766,0,33.31,0,5.529,0,99.6,0,8.28,0,17.03,5.75,8.07,0,-91.5,5.72,14.438,0,4.87,0,1.189,1.29,0,5.03
1/27/2026,15:00, ,gtmsswq_20H100466_012126_050000.bin,San Sebastian,default user,0,50.837,0,33.35,0,5.536,0,101.8,0,8.5,0,16.71,5.65,8.09,0,-92.4,5.71,14.222,0,5.37,0,1.193,1.36,0,5.3
1/27/2026,15:15, ,gtmsswq_20H100466_012126_050000.bin,San Sebastian,default user,0,50.874,0,33.38,0,5.547,0,102.3,0,8.55,0,16.23,5.49,8.1,0,-92.8,5.72,14.168,0,5.37,0,1.188,1.67,0,6.56
1/27/2026,15:30, ,gtmsswq_20H100466_012126_050000.bin,San Sebastian,default user,0,50.882,0,33.38,0,5.548,0,101.2,0,8.46,0,16.36,5.53,8.1,0,-92.7,5.72,14.17,0,4.72,0,1.187,1.29,0,5.03
1/27/2026,15:45, ,gtmsswq_20H100466_012126_050000.bin,San Sebastian,default user,0,50.88,0,33.38,0,5.538,0,99.3,0,8.29,0,16.08,5.43,8.09,0,-92.3,5.71,14.204,0,3.77,0,1.195,1.04,0,4.01
1/27/2026,16:00, ,gtmsswq_20H100466_012126_050000.bin,San Sebastian,default user,0,50.872,0,33.38,0,5.515,0,94,0,7.84,0,15.75,5.32,8.06,0,-90.8,5.72,14.236,0,3.73,0,1.198,1.65,0,6.47
1/27/2026,16:15, ,gtmsswq_20H100466_012126_050000.bin,San Sebastian,default user,0,50.842,0,33.36,0,5.483,0,99.7,0,8.29,0,16.24,5.49,8.08,0,-92.1,5.71,14.388,0,2.99,0,1.195,0.96,0,3.69
1/27/2026,16:30, ,gtmsswq_20H100466_012126_050000.bin,San Sebastian,default user,0,50.837,0,33.36,0,5.431,0,104.1,0,8.66,0,16.46,5.56,8.1,0,-92.9,5.71,14.413,0,3.21,0,1.196,1.28,0,5
1/27/2026,16:45, ,gtmsswq_20H100466_012126_050000.bin,San Sebastian,default user,0,50.779,0,33.33,0,5.386,0,104.9,0,8.64,0,17.16,5.79,8.08,0,-92,5.72,14.9,0,4.97,0,1.188,0.82,0,3.16
1/27/2026,17:00, ,gtmsswq_20H100466_012126_050000.bin,San Sebastian,default user,0,50.75,0,33.31,0,5.335,0,103.3,0,8.49,0,17.56,5.93,8.07,0,-91.2,5.71,15.015,0,2.56,0,1.184,0.75,0,2.86
1/27/2026,17:15, ,gtmsswq_20H100466_012126_050000.bin,San Sebastian,default user,0,50.709,0,33.28,0,5.265,0,104.4,0,8.57,0,18.19,6.14,8.06,0,-91.1,5.72,15.113,0,2.5,0,1.184,0.96,0,3.69
1/27/2026,17:30, ,gtmsswq_20H100466_012126_050000.bin,San Sebastian,default user,0,50.731,0,33.3,0,5.212,0,103.2,0,8.43,0,18.26,6.16,8.05,0,-90.3,5.71,15.292,0,2.32,0,1.183,0.55,0,2.09
1/27/2026,17:45, ,gtmsswq_20H100466_012126_050000.bin,San Sebastian,default user,0,50.696,0,33.28,0,5.154,0,103.2,0,8.43,0,18.42,6.22,8.05,0,-90.1,5.71,15.307,0,3.13,0,1.191,0.67,0,2.57
1/27/2026,18:00, ,gtmsswq_20H100466_012126_050000.bin,San Sebastian,default user,0,50.681,0,33.27,0,5.079,0,104.9,0,8.57,0,18.99,6.4,8.05,0,-90.4,5.72,15.354,0,2.95,0,1.194,0.82,0,3.15
1/27/2026,18:15, ,gtmsswq_20H100466_012126_050000.bin,San Sebastian,default user,0,50.628,0,33.23,0,5.015,0,104.1,0,8.5,0,19.43,6.55,8.04,0,-90,5.71,15.341,0,3.08,0,1.19,0.93,0,3.59
1/27/2026,18:30, ,gtmsswq_20H100466_012126_050000.bin,San Sebastian,default user,0,50.546,0,33.17,0,4.942,0,103.2,0,8.42,0,20.73,6.98,8.03,0,-89.3,5.72,15.414,0,3.33,0,1.186,0.96,0,3.73
1/27/2026,18:45, ,gtmsswq_20H100466_012126_050000.bin,San Sebastian,default user,0,50.537,0,33.16,0,4.855,0,103,0,8.39,0,20.91,7.04,8.03,0,-89.1,5.71,15.467,0,3.37,0,1.185,1.01,0,3.9
1/27/2026,19:00, ,gtmsswq_20H100466_012126_050000.bin,San Sebastian,default user,0,50.465,0,33.11,0,4.782,0,101.6,0,8.28,0,21.59,7.27,8.02,0,-88.5,5.71,15.496,0,3.73,0,1.194,1.1,0,4.27
1/27/2026,19:15, ,gtmsswq_20H100466_012126_050000.bin,San Sebastian,default user,0,50.439,0,33.09,0,4.72,0,101.4,0,8.27,0,22.06,7.43,8.02,0,-88.5,5.72,15.458,0,3.98,0,1.196,1.15,0,4.45
1/27/2026,19:30, ,gtmsswq_20H100466_012126_050000.bin,San Sebastian,default user,0,50.399,0,33.06,0,4.64,0,100.1,0,8.17,0,22.81,7.68,8.01,0,-87.9,5.71,15.445,0,3.6,0,1.2,0.83,0,3.2
1/27/2026,19:45, ,gtmsswq_20H100466_012126_050000.bin,San Sebastian,default user,0,50.294,0,32.99,0,4.576,0,99.1,0,8.09,0,23.55,7.92,8,0,-87.4,5.72,15.453,0,3.74,0,1.199,1.19,0,4.61
1/27/2026,20:00, ,gtmsswq_20H100466_012126_050000.bin,San Sebastian,default user,0,50.276,0,32.97,0,4.517,0,98.1,0,8.02,0,23.85,8.02,8,0,-87.2,5.71,15.378,0,3.1,0,1.182,0.83,0,3.18
1/27/2026,20:15, ,gtmsswq_20H100466_012126_050000.bin,San Sebastian,default user,0,50.242,0,32.95,0,4.452,0,99.1,0,8.11,0,24.05,8.09,8,0,-87.4,5.71,15.366,0,3.21,0,1.184,1.12,0,4.33
1/27/2026,20:30, ,gtmsswq_20H100466_012126_050000.bin,San Sebastian,default user,0,50.114,0,32.85,0,4.41,0,96.5,0,7.9,0,25.49,8.57,7.98,0,-86.4,5.72,15.345,0,2.53,0,1.191,0.96,0,3.72
1/27/2026,20:45, ,gtmsswq_20H100466_012126_050000.bin,San Sebastian,default user,0,50.118,0,32.86,0,4.369,0,96.4,0,7.89,0,25.27,8.5,7.98,0,-86.2,5.71,15.362,0,3.77,0,1.184,1.02,0,3.94
1/27/2026,21:00, ,gtmsswq_20H100466_012126_050000.bin,San Sebastian,default user,0,50.036,0,32.8,0,4.355,0,96.4,0,7.89,0,26.47,8.9,7.98,0,-86.1,5.71,15.339,0,2.52,0,1.186,0.95,0,3.68
1/27/2026,21:15, ,gtmsswq_20H100466_012126_050000.bin,San Sebastian,default user,0,50.03,0,32.79,0,4.334,0,97.5,0,7.98,0,26.3,8.84,7.97,0,-85.7,5.7,15.334,0,2.59,0,1.191,1.02,0,3.95
1/27/2026,21:30, ,gtmsswq_20H100466_012126_050000.bin,San Sebastian,default user,0,50.128,0,32.86,0,4.333,0,86.1,0,7.04,0,24.72,8.32,7.93,0,-83.6,5.71,15.378,0,2.35,0,1.191,0.45,0,1.68
1/27/2026,21:45, ,gtmsswq_20H100466_012126_050000.bin,San Sebastian,default user,0,50.312,0,33,0,4.348,0,99.2,0,8.09,0,23.37,7.86,8,0,-87.5,5.72,15.494,0,2.96,0,1.198,1.23,0,4.79
1/27/2026,22:00, ,gtmsswq_20H100466_012126_050000.bin,San Sebastian,default user,0,50.382,0,33.05,0,4.378,0,96.7,0,7.87,0,22.47,7.56,8,0,-87.3,5.71,15.542,0,2.58,0,1.19,1.02,0,3.95
1/27/2026,22:15, ,gtmsswq_20H100466_012126_050000.bin,San Sebastian,default user,0,50.445,0,33.1,0,4.426,0,98.7,0,8.04,0,21.97,7.4,8,0,-87.5,5.71,15.56,0,3.06,0,1.189,1.1,0,4.27
1/27/2026,22:30, ,gtmsswq_20H100466_012126_050000.bin,San Sebastian,default user,0,50.442,0,33.1,0,4.459,0,99.6,0,8.11,0,22.43,7.55,8.01,0,-88,5.7,15.558,0,3.12,0,1.186,1.29,0,5.03
1/27/2026,22:45, ,gtmsswq_20H100466_012126_050000.bin,San Sebastian,default user,0,50.482,0,33.13,0,4.526,0,97.5,0,7.93,0,21.62,7.28,8,0,-87.2,5.71,15.585,0,2.36,0,1.194,1.02,0,3.93
1/27/2026,23:00, ,gtmsswq_20H100466_012126_050000.bin,San Sebastian,default user,0,50.501,0,33.14,0,4.612,0,100.1,0,8.14,0,21.85,7.36,8.01,0,-88,5.72,15.592,0,2.68,0,1.197,1.34,0,5.23
1/27/2026,23:15, ,gtmsswq_20H100466_012126_050000.bin,San Sebastian,default user,0,50.503,0,33.14,0,4.689,0,101.1,0,8.22,0,22.23,7.48,8.01,0,-88.2,5.7,15.596,0,3.41,0,1.198,1.43,0,5.57
1/27/2026,23:30, ,gtmsswq_20H100466_012126_050000.bin,San Sebastian,default user,0,50.486,0,33.13,0,4.773,0,101.1,0,8.22,0,22,7.41,8.01,0,-88.1,5.71,15.633,0,3.71,0,1.191,1.42,0,5.56
1/27/2026,23:45, ,gtmsswq_20H100466_012126_050000.bin,San Sebastian,default user,0,50.455,0,33.11,0,4.858,0,100.9,0,8.21,0,22.16,7.46,8.01,0,-88.1,5.71,15.612,0,3.53,0,1.187,1.48,0,5.77
1/28/2026,0:00, ,gtmsswq_20H100466_012126_050000.bin,San Sebastian,default user,0,50.432,0,33.09,0,4.928,0,100.6,0,8.21,0,22.41,7.54,8.01,0,-88.1,5.7,15.453,0,4.13,0,1.182,1.65,0,6.47
1/28/2026,0:15, ,gtmsswq_20H100466_012126_050000.bin,San Sebastian,default user,0,50.436,0,33.09,0,5.004,0,100,0,8.19,0,22.24,7.49,8.02,0,-88.3,5.7,15.245,0,4.23,0,1.188,1.96,0,7.69
1/28/2026,0:30, ,gtmsswq_20H100466_012126_050000.bin,San Sebastian,default user,0,50.469,0,33.11,0,5.075,0,100,0,8.22,0,21.71,7.31,8.02,0,-88.6,5.71,15.113,0,3.38,0,1.198,1.44,0,5.64
1/28/2026,0:45, ,gtmsswq_20H100466_012126_050000.bin,San Sebastian,default user,0,50.531,0,33.15,0,5.14,0,100.2,0,8.25,0,20.84,7.02,8.03,0,-89.1,5.71,14.998,0,3.81,0,1.194,1.57,0,6.16
1/28/2026,1:00, ,gtmsswq_20H100466_012126_050000.bin,San Sebastian,default user,0,50.523,0,33.14,0,5.21,0,100,0,8.25,0,20.73,6.98,8.03,0,-89.3,5.7,14.917,0,3.71,0,1.193,1.44,0,5.64
1/28/2026,1:15, ,gtmsswq_20H100466_012126_050000.bin,San Sebastian,default user,0,50.518,0,33.14,0,5.282,0,99.5,0,8.2,0,20.85,7.03,8.03,0,-89,5.71,14.927,0,4.23,0,1.197,1.52,0,5.96
1/28/2026,1:30, ,gtmsswq_20H100466_012126_050000.bin,San Sebastian,default user,0,50.549,0,33.16,0,5.361,0,99.7,0,8.23,0,20.4,6.87,8.04,0,-89.4,5.71,14.862,0,4.51,0,1.191,1.5,0,5.88
1/28/2026,1:45, ,gtmsswq_20H100466_012126_050000.bin,San Sebastian,default user,0,50.543,0,33.15,0,5.437,0,99.5,0,8.22,0,20.22,6.81,8.03,0,-89.3,5.7,14.837,0,5.91,0,1.187,1.29,0,5.02
1/28/2026,2:00, ,gtmsswq_20H100466_012126_050000.bin,San Sebastian,default user,0,50.528,0,33.13,0,5.505,0,100.8,0,8.4,0,18.92,6.38,8.06,0,-90.9,5.7,14.361,0,10.55,0,1.184,1.72,0,6.74
1/28/2026,2:15, ,gtmsswq_20H100466_012126_050000.bin,San Sebastian,default user,0,50.579,0,33.16,0,5.559,0,101.3,0,8.45,0,18.35,6.19,8.07,0,-91.5,5.69,14.284,0,9.8,0,1.184,1.82,0,7.15
1/28/2026,2:30, ,gtmsswq_20H100466_012126_050000.bin,San Sebastian,default user,0,50.82,0,33.34,0,5.62,0,102,0,8.5,0,16.34,5.52,8.1,0,-93.1,5.7,14.31,0,8.85,0,1.193,1.91,0,7.5
1/28/2026,2:45, ,gtmsswq_20H100466_012126_050000.bin,San Sebastian,default user,0,50.889,0,33.39,0,5.673,0,102.2,0,8.51,0,15.72,5.31,8.11,0,-93.5,5.7,14.332,0,8.35,0,1.2,1.38,0,5.38
1/28/2026,3:00, ,gtmsswq_20H100466_012126_050000.bin,San Sebastian,default user,0,50.892,0,33.39,0,5.719,0,102,0,8.5,0,15.69,5.3,8.11,0,-93.5,5.69,14.329,0,9.15,0,1.199,1.85,0,7.26
1/28/2026,3:15, ,gtmsswq_20H100466_012126_050000.bin,San Sebastian,default user,0,50.911,0,33.41,0,5.754,0,101.7,0,8.47,0,15.63,5.28,8.11,0,-93.4,5.7,14.343,0,8.19,0,1.188,3.26,0,12.92
1/28/2026,3:30, ,gtmsswq_20H100466_012126_050000.bin,San Sebastian,default user,0,50.932,0,33.42,0,5.785,0,101.4,0,8.44,0,15.45,5.22,8.11,0,-93.4,5.69,14.339,0,9.36,0,1.189,1.49,0,5.84
1/28/2026,3:45, ,gtmsswq_20H100466_012126_050000.bin,San Sebastian,default user,0,50.963,0,33.45,0,5.81,0,101.2,0,8.42,0,15.33,5.18,8.11,0,-93.4,5.69,14.332,0,5.65,0,1.201,1.49,0,5.84
1/28/2026,4:00, ,gtmsswq_20H100466_012126_050000.bin,San Sebastian,default user,0,50.915,0,33.41,0,5.816,0,100.7,0,8.39,0,15.96,5.39,8.1,0,-93.2,5.7,14.293,0,4.45,0,1.193,1.14,0,4.42
1/28/2026,4:15, ,gtmsswq_20H100466_012126_050000.bin,San Sebastian,default user,0,50.94,0,33.43,0,5.82,0,100.7,0,8.39,0,16.03,5.42,8.1,0,-93.3,5.69,14.29,0,6.55,0,1.184,1.61,0,6.32
1/28/2026,4:30, ,gtmsswq_20H100466_012126_050000.bin,San Sebastian,default user,0,50.995,0,33.47,0,5.814,0,99.9,0,8.32,0,15.25,5.16,8.1,0,-93.3,5.7,14.324,0,3.14,0,1.182,1.13,0,4.39
1/28/2026,4:45, ,gtmsswq_20H100466_012126_050000.bin,San Sebastian,default user,0,50.98,0,33.46,0,5.782,0,90.3,0,7.52,0,14.89,5.04,8.07,0,-91.5,5.69,14.316,0,2.88,0,1.191,0.64,0,2.43
1/28/2026,5:00, ,gtmsswq_20H100466_012126_050000.bin,San Sebastian,default user,0,50.926,0,33.42,0,5.74,0,97.5,0,8.13,0,15.96,5.39,8.09,0,-92.6,5.69,14.231,0,4.3,0,1.201,1.01,0,3.89
1/28/2026,5:15, ,gtmsswq_20H100466_012126_050000.bin,San Sebastian,default user,0,50.86,0,33.36,0,5.689,0,97.7,0,8.21,0,16.89,5.7,8.09,0,-92.2,5.7,13.886,0,5.08,0,1.198,1.33,0,5.19
1/28/2026,5:30, ,gtmsswq_20H100466_012126_050000.bin,San Sebastian,default user,0,50.853,0,33.35,0,5.616,0,97.3,0,8.19,0,17.26,5.83,8.08,0,-91.8,5.69,13.835,0,3.74,0,1.183,1.17,0,4.55
1/28/2026,5:45, ,gtmsswq_20H100466_012126_050000.bin,San Sebastian,default user,0,50.753,0,33.27,0,5.552,0,96.8,0,8.17,0,18.15,6.12,8.07,0,-91.2,5.69,13.716,0,3.42,0,1.185,1.07,0,4.15
1/28/2026,6:00, ,gtmsswq_20H100466_012126_050000.bin,San Sebastian,default user,0,50.761,0,33.28,0,5.491,0,95.5,0,8.08,0,18.58,6.27,8.06,0,-90.8,5.68,13.613,0,4.34,0,1.194,1.22,0,4.76
1/28/2026,6:15, ,gtmsswq_20H100466_012126_050000.bin,San Sebastian,default user,0,50.714,0,33.25,0,5.42,0,96.5,0,8.14,0,19.05,6.42,8.06,0,-90.7,5.69,13.738,0,4.06,0,1.201,1.34,0,5.24
1/28/2026,6:30, ,gtmsswq_20H100466_012126_050000.bin,San Sebastian,default user,0,50.693,0,33.23,0,5.35,0,95.3,0,8.06,0,19.47,6.56,8.05,0,-90.2,5.69,13.65,0,4.96,0,1.194,1.3,0,5.05
1/28/2026,6:45, ,gtmsswq_20H100466_012126_050000.bin,San Sebastian,default user,0,50.667,0,33.2,0,5.276,0,94,0,7.96,0,20.31,6.84,8.04,0,-89.4,5.68,13.53,0,4.15,0,1.19,1.12,0,4.33
1/28/2026,7:00, ,gtmsswq_20H100466_012126_050000.bin,San Sebastian,default user,0,50.765,0,33.27,0,5.194,0,93,0,7.9,0,20.52,6.91,8.04,0,-89.1,5.69,13.399,0,5.52,0,1.185,1.15,0,4.46
1/28/2026,7:15, ,gtmsswq_20H100466_012126_050000.bin,San Sebastian,default user,0,50.598,0,33.15,0,5.122,0,93,0,7.88,0,21.23,7.15,8.03,0,-88.6,5.68,13.534,0,3.32,0,1.183,1.09,0,4.21
1/28/2026,7:30, ,gtmsswq_20H100466_012126_050000.bin,San Sebastian,default user,0,50.584,0,33.15,0,5.055,0,93.1,0,7.88,0,21.55,7.26,8.02,0,-88.4,5.68,13.595,0,3.23,0,1.196,1.11,0,4.3
1/28/2026,7:45, ,gtmsswq_20H100466_012126_050000.bin,San Sebastian,default user,0,50.525,0,33.11,0,4.989,0,92.9,0,7.85,0,22.15,7.46,8.02,0,-88,5.69,13.67,0,3.51,0,1.197,0.97,0,3.76
1/28/2026,8:00, ,gtmsswq_20H100466_012126_050000.bin,San Sebastian,default user,0,50.53,0,33.11,0,4.916,0,93.2,0,7.87,0,22.26,7.49,8.02,0,-88.1,5.68,13.686,0,3.77,0,1.186,1.07,0,4.14
1/28/2026,8:15, ,gtmsswq_20H100466_012126_050000.bin,San Sebastian,default user,0,50.518,0,33.1,0,4.851,0,94.5,0,7.98,0,22.4,7.54,8.02,0,-88.3,5.69,13.77,0,3.56,0,1.186,1.09,0,4.24
1/28/2026,8:30, ,gtmsswq_20H100466_012126_050000.bin,San Sebastian,default user,0,50.407,0,33.02,0,4.798,0,93.1,0,7.85,0,23.61,7.94,8,0,-87.3,5.68,13.817,0,2.89,0,1.194,0.94,0,3.64
1/28/2026,8:45, ,gtmsswq_20H100466_012126_050000.bin,San Sebastian,default user,0,50.372,0,33,0,4.729,0,93.1,0,7.85,0,24.19,8.14,8,0,-87.1,5.68,13.828,0,3.23,0,1.196,0.84,0,3.23
1/28/2026,9:00, ,gtmsswq_20H100466_012126_050000.bin,San Sebastian,default user,0,50.334,0,32.97,0,4.664,0,93,0,7.84,0,24.54,8.25,8,0,-87,5.69,13.857,0,2.64,0,1.197,0.84,0,3.23
1/28/2026,9:15, ,gtmsswq_20H100466_012126_050000.bin,San Sebastian,default user,0,50.286,0,32.94,0,4.623,0,92.9,0,7.82,0,24.95,8.39,7.99,0,-86.7,5.68,13.916,0,3.03,0,1.195,0.82,0,3.16
1/28/2026,9:30, ,gtmsswq_20H100466_012126_050000.bin,San Sebastian,default user,0,50.266,0,32.93,0,4.578,0,93.5,0,7.87,0,25,8.41,8,0,-86.8,5.69,13.939,0,3.01,0,1.194,0.68,0,2.59
1/28/2026,9:45, ,gtmsswq_20H100466_012126_050000.bin,San Sebastian,default user,0,50.214,0,32.89,0,4.534,0,93,0,7.83,0,25.11,8.44,7.99,0,-86.4,5.67,13.952,0,2.73,0,1.197,0.63,0,2.37
1/28/2026,10:00, ,gtmsswq_20H100466_012126_050000.bin,San Sebastian,default user,0,50.207,0,32.88,0,4.501,0,92.9,0,7.82,0,25.69,8.64,7.99,0,-86.5,5.68,13.946,0,3.12,0,1.195,0.72,0,2.75
1/28/2026,10:15, ,gtmsswq_20H100466_012126_050000.bin,San Sebastian,default user,0,50.16,0,32.85,0,4.487,0,93.3,0,7.85,0,25.51,8.58,7.99,0,-86.3,5.69,13.996,0,2.8,0,1.201,0.73,0,2.77
1/28/2026,10:30, ,gtmsswq_20H100466_012126_050000.bin,San Sebastian,default user,0,50.182,0,32.87,0,4.473,0,93.6,0,7.87,0,25.15,8.46,7.99,0,-86.5,5.68,14.02,0,3.48,0,1.19,0.56,0,2.12
1/28/2026,10:45, ,gtmsswq_20H100466_012126_050000.bin,San Sebastian,default user,0,50.326,0,32.97,0,4.48,0,95.7,0,8.03,0,24.15,8.12,8,0,-87.3,5.69,14.079,0,3.28,0,1.183,1.05,0,4.08
1/28/2026,11:00, ,gtmsswq_20H100466_012126_050000.bin,San Sebastian,default user,0,50.382,0,33.02,0,4.518,0,91.4,0,7.66,0,23.52,7.91,8,0,-87.4,5.68,14.141,0,3.48,0,1.195,1.15,0,4.45
1/28/2026,11:15, ,gtmsswq_20H100466_012126_050000.bin,San Sebastian,default user,0,50.407,0,33.04,0,4.542,0,88.1,0,7.38,0,23.21,7.81,7.99,0,-86.4,5.68,14.171,0,3.57,0,1.201,0.94,0,3.64
1/28/2026,11:30, ,gtmsswq_20H100466_012126_050000.bin,San Sebastian,default user,0,50.432,0,33.06,0,4.588,0,93.5,0,7.82,0,22.92,7.72,7.99,0,-86.9,5.69,14.227,0,2.75,0,1.197,0.77,0,2.96
1/28/2026,11:45, ,gtmsswq_20H100466_012126_050000.bin,San Sebastian,default user,0,50.539,0,33.14,0,4.646,0,94.2,0,7.84,0,22.34,7.52,8,0,-87.3,5.68,14.399,0,2.86,0,1.185,0.96,0,3.71
1/28/2026,12:00, ,gtmsswq_20H100466_012126_050000.bin,San Sebastian,default user,0,50.536,0,33.14,0,4.727,0,95,0,7.91,0,22.52,7.58,8,0,-87.4,5.68,14.422,0,3.44,0,1.187,1.07,0,4.13
1/28/2026,12:15, ,gtmsswq_20H100466_012126_050000.bin,San Sebastian,default user,0,50.531,0,33.13,0,4.781,0,95.4,0,7.95,0,22.36,7.53,8.01,0,-87.6,5.67,14.376,0,3.16,0,1.2,0.97,0,3.76
1/28/2026,12:30, ,gtmsswq_20H100466_012126_050000.bin,San Sebastian,default user,0,50.518,0,33.12,0,4.839,0,95.9,0,8.01,0,22.35,7.53,8.01,0,-87.7,5.68,14.309,0,3.31,0,1.193,1.04,0,4.01
1/28/2026,12:45, ,gtmsswq_20H100466_012126_050000.bin,San Sebastian,default user,0,50.536,0,33.13,0,4.882,0,95.4,0,7.96,0,22.35,7.52,8.01,0,-87.8,5.68,14.299,0,2.8,0,1.192,1.09,0,4.21
1/28/2026,13:00, ,gtmsswq_20H100466_012126_050000.bin,San Sebastian,default user,0,50.526,0,33.13,0,4.942,0,95.8,0,7.99,0,22.11,7.44,8.01,0,-87.8,5.68,14.287,0,2.99,0,1.197,1.31,0,5.09
1/28/2026,13:15, ,gtmsswq_20H100466_012126_050000.bin,San Sebastian,default user,0,50.53,0,33.13,0,5.007,0,96.8,0,8.08,0,21.79,7.34,8.02,0,-88.1,5.68,14.295,0,4.01,0,1.199,1.17,0,4.53
1/28/2026,13:30, ,gtmsswq_20H100466_012126_050000.bin,San Sebastian,default user,0,50.521,0,33.12,0,5.051,0,96.9,0,8.09,0,21.48,7.24,8.02,0,-88.3,5.67,14.297,0,3.47,0,1.193,1.28,0,4.99
1/28/2026,13:45, ,gtmsswq_20H100466_012126_050000.bin,San Sebastian,default user,0,50.542,0,33.14,0,5.089,0,98.2,0,8.2,0,20.67,6.96,8.03,0,-89.2,5.68,14.236,0,3.88,0,1.186,1.37,0,5.33
1/28/2026,14:00, ,gtmsswq_20H100466_012126_050000.bin,San Sebastian,default user,0,50.549,0,33.14,0,5.139,0,99.2,0,8.3,0,20.33,6.85,8.04,0,-89.7,5.69,14.146,0,2.97,0,1.191,1.13,0,4.39
1/28/2026,14:15, ,gtmsswq_20H100466_012126_050000.bin,San Sebastian,default user,0,50.57,0,33.15,0,5.199,0,99.4,0,8.32,0,19.98,6.73,8.05,0,-89.8,5.67,14.175,0,3.16,0,1.198,1.38,0,5.38
1/28/2026,14:30, ,gtmsswq_20H100466_012126_050000.bin,San Sebastian,default user,0,50.56,0,33.15,0,5.237,0,98,0,8.19,0,20.42,6.88,8.03,0,-89.2,5.68,14.225,0,3.67,0,1.191,1.23,0,4.78
1/28/2026,14:45, ,gtmsswq_20H100466_012126_050000.bin,San Sebastian,default user,0,50.596,0,33.17,0,5.277,0,98.5,0,8.24,0,19.66,6.63,8.05,0,-89.8,5.68,14.172,0,4.14,0,1.184,1.26,0,4.9
1/28/2026,15:00, ,gtmsswq_20H100466_012126_050000.bin,San Sebastian,default user,0,50.605,0,33.18,0,5.323,0,99.2,0,8.3,0,19.34,6.52,8.05,0,-90.2,5.67,14.165,0,3.85,0,1.193,1.45,0,5.67
1/28/2026,15:15, ,gtmsswq_20H100466_012126_050000.bin,San Sebastian,default user,0,50.595,0,33.17,0,5.356,0,99.6,0,8.33,0,19.38,6.53,8.06,0,-90.4,5.67,14.161,0,3.82,0,1.192,1.6,0,6.26
1/28/2026,15:30, ,gtmsswq_20H100466_012126_050000.bin,San Sebastian,default user,0,50.571,0,33.15,0,5.394,0,100,0,8.38,0,19.07,6.43,8.06,0,-90.8,5.68,14.077,0,6.44,0,1.193,1.44,0,5.64
1/28/2026,15:45, ,gtmsswq_20H100466_012126_050000.bin,San Sebastian,default user,0,50.613,0,33.18,0,5.412,0,100.9,0,8.46,0,18.57,6.26,8.07,0,-91.4,5.66,14.023,0,4.67,0,1.198,1.34,0,5.23
1/28/2026,16:00, ,gtmsswq_20H100466_012126_050000.bin,San Sebastian,default user,0,50.616,0,33.18,0,5.427,0,100.4,0,8.42,0,18.31,6.18,8.07,0,-91.5,5.67,14.029,0,3.99,0,1.195,2.41,0,9.51
1/28/2026,16:15, ,gtmsswq_20H100466_012126_050000.bin,San Sebastian,default user,0,50.643,0,33.2,0,5.443,0,100.9,0,8.46,0,18.15,6.12,8.08,0,-91.5,5.68,14.072,0,4.23,0,1.183,1.3,0,5.08
1/28/2026,16:30, ,gtmsswq_20H100466_012126_050000.bin,San Sebastian,default user,0,50.673,0,33.23,0,5.457,0,99.5,0,8.34,0,17.84,6.02,8.08,0,-91.6,5.67,14.086,0,3.23,0,1.185,1.12,0,4.33
1/28/2026,16:45, ,gtmsswq_20H100466_012126_050000.bin,San Sebastian,default user,0,50.705,0,33.25,0,5.455,0,100.1,0,8.38,0,17.62,5.95,8.08,0,-91.8,5.67,14.106,0,3.07,0,1.194,1.07,0,4.16
1/28/2026,17:00, ,gtmsswq_20H100466_012126_050000.bin,San Sebastian,default user,0,50.749,0,33.28,0,5.441,0,97.5,0,8.16,0,16.88,5.7,8.07,0,-91.4,5.68,14.122,0,3.47,0,1.198,0.98,0,3.79
1/28/2026,17:15, ,gtmsswq_20H100466_012126_050000.bin,San Sebastian,default user,0,50.761,0,33.29,0,5.403,0,92.5,0,7.74,0,16.62,5.61,8.03,0,-89,5.67,14.132,0,2.08,0,1.198,0.53,0,2
1/28/2026,17:30, ,gtmsswq_20H100466_012126_050000.bin,San Sebastian,default user,0,50.627,0,33.19,0,5.371,0,102.1,0,8.56,0,18.47,6.23,8.08,0,-91.8,5.67,14.069,0,3.13,0,1.196,1.3,0,5.06
1/28/2026,17:45, ,gtmsswq_20H100466_012126_050000.bin,San Sebastian,default user,0,50.62,0,33.19,0,5.329,0,102,0,8.52,0,19.18,6.47,8.07,0,-91,5.67,14.23,0,2.46,0,1.19,0.95,0,3.67
1/28/2026,18:00, ,gtmsswq_20H100466_012126_050000.bin,San Sebastian,default user,0,50.626,0,33.2,0,5.276,0,101.3,0,8.47,0,19.03,6.42,8.07,0,-91,5.67,14.179,0,2.17,0,1.186,0.83,0,3.2
1/28/2026,18:15, ,gtmsswq_20H100466_012126_050000.bin,San Sebastian,default user,0,50.622,0,33.2,0,5.216,0,100.7,0,8.41,0,19.37,6.53,8.05,0,-90.4,5.68,14.269,0,2.76,0,1.196,0.93,0,3.57
1/28/2026,18:30, ,gtmsswq_20H100466_012126_050000.bin,San Sebastian,default user,0,50.633,0,33.21,0,5.141,0,100.7,0,8.4,0,20.06,6.76,8.05,0,-90,5.67,14.33,0,2.95,0,1.194,0.93,0,3.61
1/28/2026,18:45, ,gtmsswq_20H100466_012126_050000.bin,San Sebastian,default user,0,50.601,0,33.18,0,5.075,0,100.8,0,8.4,0,19.8,6.68,8.05,0,-89.9,5.67,14.341,0,4.76,0,1.192,1.35,0,5.25
1/28/2026,19:00, ,gtmsswq_20H100466_012126_050000.bin,San Sebastian,default user,0,50.622,0,33.2,0,4.987,0,100.8,0,8.39,0,20.74,6.99,8.04,0,-89.7,5.67,14.435,0,3.51,0,1.194,1,0,3.87
1/28/2026,19:15, ,gtmsswq_20H100466_012126_050000.bin,San Sebastian,default user,0,50.605,0,33.19,0,4.907,0,100.5,0,8.36,0,20.83,7.02,8.04,0,-89.4,5.67,14.454,0,4.57,0,1.19,0.84,0,3.23
1/28/2026,19:30, ,gtmsswq_20H100466_012126_050000.bin,San Sebastian,default user,0,50.548,0,33.15,0,4.829,0,99.8,0,8.3,0,21.33,7.18,8.03,0,-89.1,5.68,14.448,0,3.63,0,1.191,1.25,0,4.85
1/28/2026,19:45, ,gtmsswq_20H100466_012126_050000.bin,San Sebastian,default user,0,50.529,0,33.13,0,4.76,0,99.8,0,8.3,0,21.57,7.26,8.03,0,-89,5.67,14.479,0,3.02,0,1.196,1.37,0,5.34
1/28/2026,20:00, ,gtmsswq_20H100466_012126_050000.bin,San Sebastian,default user,0,50.512,0,33.12,0,4.684,0,99.3,0,8.25,0,22.13,7.45,8.02,0,-88.7,5.67,14.495,0,2.88,0,1.201,1.17,0,4.56
1/28/2026,20:15, ,gtmsswq_20H100466_012126_050000.bin,San Sebastian,default user,0,50.508,0,33.12,0,4.613,0,98.7,0,8.21,0,22.87,7.7,8.02,0,-88.6,5.66,14.459,0,3.41,0,1.188,1.17,0,4.55
1/28/2026,20:30, ,gtmsswq_20H100466_012126_050000.bin,San Sebastian,default user,0,50.466,0,33.09,0,4.542,0,98.2,0,8.18,0,22.76,7.66,8.02,0,-88.2,5.67,14.435,0,2.78,0,1.183,0.97,0,3.73
1/28/2026,20:45, ,gtmsswq_20H100466_012126_050000.bin,San Sebastian,default user,0,50.387,0,33.03,0,4.478,0,97.1,0,8.09,0,23.81,8.01,8.01,0,-87.8,5.67,14.419,0,2.98,0,1.197,0.87,0,3.35
1/28/2026,21:00, ,gtmsswq_20H100466_012126_050000.bin,San Sebastian,default user,0,50.308,0,32.97,0,4.416,0,96.6,0,8.05,0,24.41,8.21,8,0,-87.3,5.67,14.387,0,2.89,0,1.191,0.84,0,3.21
1/28/2026,21:15, ,gtmsswq_20H100466_012126_050000.bin,San Sebastian,default user,0,50.266,0,32.94,0,4.375,0,96.4,0,8.04,0,24.62,8.28,8,0,-87.3,5.67,14.358,0,3.65,0,1.196,1.01,0,3.92
1/28/2026,21:30, ,gtmsswq_20H100466_012126_050000.bin,San Sebastian,default user,0,50.195,0,32.89,0,4.323,0,96.5,0,8.07,0,25.23,8.49,8,0,-87.1,5.66,14.319,0,2.41,0,1.192,0.93,0,3.59
1/28/2026,21:45, ,gtmsswq_20H100466_012126_050000.bin,San Sebastian,default user,0,50.168,0,32.86,0,4.277,0,94.5,0,7.9,0,25.42,8.55,7.99,0,-86.4,5.67,14.277,0,2.45,0,1.187,0.66,0,2.51
1/28/2026,22:00, ,gtmsswq_20H100466_012126_050000.bin,San Sebastian,default user,0,50.093,0,32.81,0,4.251,0,94.6,0,7.92,0,25.95,8.73,7.99,0,-86.4,5.67,14.227,0,2.49,0,1.186,0.65,0,2.47
1/28/2026,22:15, ,gtmsswq_20H100466_012126_050000.bin,San Sebastian,default user,0,50.068,0,32.79,0,4.258,0,94,0,7.88,0,26.17,8.8,7.98,0,-86.1,5.66,14.221,0,3.51,0,1.189,0.74,0,2.81
1/28/2026,22:30, ,gtmsswq_20H100466_012126_050000.bin,San Sebastian,default user,0,50.317,0,32.98,0,4.259,0,95.2,0,7.95,0,23.99,8.07,8,0,-87.1,5.67,14.334,0,2.61,0,1.195,1.01,0,3.91
1/28/2026,22:45, ,gtmsswq_20H100466_012126_050000.bin,San Sebastian,default user,0,50.365,0,33.01,0,4.247,0,95.4,0,7.95,0,23.24,7.82,8.01,0,-87.5,5.66,14.366,0,2.8,0,1.193,1.04,0,4.01
1/28/2026,23:00, ,gtmsswq_20H100466_012126_050000.bin,San Sebastian,default user,0,50.403,0,33.04,0,4.243,0,79.4,0,6.62,0,22.87,7.7,7.96,0,-84.6,5.66,14.387,0,2.17,0,1.192,0.64,0,2.42
1/28/2026,23:15, ,gtmsswq_20H100466_012126_050000.bin,San Sebastian,default user,0,50.42,0,33.05,0,4.281,0,75.7,0,6.31,0,22.28,7.5,7.92,0,-82.7,5.67,14.397,0,1.85,0,1.19,0.44,0,1.65
1/28/2026,23:30, ,gtmsswq_20H100466_012126_050000.bin,San Sebastian,default user,0,50.448,0,33.07,0,4.327,0,80.8,0,6.73,0,22.92,7.71,7.96,0,-84.7,5.66,14.386,0,2.87,0,1.189,0.63,0,2.39
1/28/2026,23:45, ,gtmsswq_20H100466_012126_050000.bin,San Sebastian,default user,0,50.518,0,33.12,0,4.404,0,92,0,7.66,0,22.35,7.52,7.99,0,-86.7,5.66,14.381,0,2.61,0,1.188,1.08,0,4.19
1/29/2026,0:00, ,gtmsswq_20H100466_012126_050000.bin,San Sebastian,default user,0,50.571,0,33.16,0,4.471,0,98.1,0,8.18,0,22.63,7.62,8.02,0,-88.5,5.66,14.345,0,2.7,0,1.186,1.41,0,5.49
1/29/2026,0:15, ,gtmsswq_20H100466_012126_050000.bin,San Sebastian,default user,0,50.601,0,33.18,0,4.572,0,99,0,8.26,0,22.49,7.57,8.02,0,-88.4,5.66,14.333,0,3.13,0,1.183,2.25,0,8.87
1/29/2026,0:30, ,gtmsswq_20H100466_012126_050000.bin,San Sebastian,default user,0,50.567,0,33.16,0,4.67,0,99.6,0,8.29,0,22.5,7.58,8.02,0,-88.6,5.67,14.405,0,3.32,0,1.182,1.6,0,6.26
1/29/2026,0:45, ,gtmsswq_20H100466_012126_050000.bin,San Sebastian,default user,0,50.529,0,33.13,0,4.764,0,99.3,0,8.27,0,22.74,7.65,8.02,0,-88.5,5.66,14.419,0,3.39,0,1.183,1.53,0,5.99
1/29/2026,1:00, ,gtmsswq_20H100466_012126_050000.bin,San Sebastian,default user,0,50.507,0,33.12,0,4.847,0,98.9,0,8.24,0,22.73,7.65,8.02,0,-88.3,5.67,14.411,0,3.18,0,1.185,1.5,0,5.86
1/29/2026,1:15, ,gtmsswq_20H100466_012126_050000.bin,San Sebastian,default user,0,50.44,0,33.06,0,4.928,0,98.4,0,8.24,0,22.76,7.66,8.02,0,-88.4,5.65,14.154,0,3.9,0,1.196,1.46,0,5.71
1/29/2026,1:30, ,gtmsswq_20H100466_012126_050000.bin,San Sebastian,default user,0,50.48,0,33.09,0,5.008,0,98.5,0,8.26,0,22.47,7.56,8.03,0,-88.7,5.66,14.074,0,3.28,0,1.198,1.4,0,5.46
1/29/2026,1:45, ,gtmsswq_20H100466_012126_050000.bin,San Sebastian,default user,0,50.484,0,33.09,0,5.099,0,98.8,0,8.29,0,22.15,7.46,8.03,0,-89.1,5.67,14.032,0,3.58,0,1.197,1.56,0,6.11
1/29/2026,2:00, ,gtmsswq_20H100466_012126_050000.bin,San Sebastian,default user,0,50.523,0,33.12,0,5.18,0,98.6,0,8.26,0,21.74,7.32,8.03,0,-89,5.66,14.088,0,4.17,0,1.183,1.4,0,5.47
1/29/2026,2:15, ,gtmsswq_20H100466_012126_050000.bin,San Sebastian,default user,0,50.532,0,33.12,0,5.252,0,98.2,0,8.24,0,21.82,7.35,8.03,0,-88.9,5.66,14.08,0,4.58,0,1.182,1.57,0,6.14
1/29/2026,2:30, ,gtmsswq_20H100466_012126_050000.bin,San Sebastian,default user,0,50.527,0,33.12,0,5.323,0,98.5,0,8.25,0,21.54,7.25,8.03,0,-88.9,5.65,14.107,0,5.62,0,1.182,1.57,0,6.15
1/29/2026,2:45, ,gtmsswq_20H100466_012126_050000.bin,San Sebastian,default user,0,50.477,0,33.08,0,5.403,0,98.7,0,8.3,0,21.19,7.14,8.04,0,-89.4,5.66,13.945,0,5.26,0,1.185,1.6,0,6.27
1/29/2026,3:00, ,gtmsswq_20H100466_012126_050000.bin,San Sebastian,default user,0,50.431,0,33.04,0,5.461,0,100,0,8.42,0,20.99,7.07,8.05,0,-90.2,5.66,13.865,0,7.32,0,1.201,1.54,0,6.01
1/29/2026,3:15, ,gtmsswq_20H100466_012126_050000.bin,San Sebastian,default user,0,50.74,0,33.26,0,5.526,0,100.8,0,8.5,0,17.5,5.91,8.08,0,-92,5.66,13.726,0,7.21,0,1.2,1.5,0,5.86
1/29/2026,3:30, ,gtmsswq_20H100466_012126_050000.bin,San Sebastian,default user,0,50.889,0,33.37,0,5.585,0,101.3,0,8.54,0,16.35,5.52,8.1,0,-92.8,5.66,13.736,0,7.49,0,1.189,1.46,0,5.71
1/29/2026,3:45, ,gtmsswq_20H100466_012126_050000.bin,San Sebastian,default user,0,50.937,0,33.41,0,5.646,0,101.4,0,8.54,0,15.98,5.4,8.1,0,-93.1,5.65,13.773,0,7.49,0,1.192,1.58,0,6.17
1/29/2026,4:00, ,gtmsswq_20H100466_012126_050000.bin,San Sebastian,default user,0,50.941,0,33.41,0,5.695,0,101.5,0,8.55,0,15.87,5.36,8.1,0,-93.2,5.65,13.785,0,6.86,0,1.194,1.69,0,6.61
1/29/2026,4:15, ,gtmsswq_20H100466_012126_050000.bin,San Sebastian,default user,0,50.973,0,33.44,0,5.746,0,101.4,0,8.53,0,15.56,5.26,8.1,0,-93.2,5.66,13.792,0,7.46,0,1.192,1.54,0,6.01
1/29/2026,4:30, ,gtmsswq_20H100466_012126_050000.bin,San Sebastian,default user,0,50.979,0,33.44,0,5.787,0,101.2,0,8.51,0,15.76,5.33,8.1,0,-93.1,5.65,13.792,0,7.24,0,1.184,1.47,0,5.74
1/29/2026,4:45, ,gtmsswq_20H100466_012126_050000.bin,San Sebastian,default user,0,50.955,0,33.42,0,5.815,0,101,0,8.5,0,16,5.41,8.1,0,-92.9,5.65,13.781,0,6.75,0,1.183,1.73,0,6.78
1/29/2026,5:00, ,gtmsswq_20H100466_012126_050000.bin,San Sebastian,default user,0,50.99,0,33.45,0,5.839,0,100.9,0,8.49,0,15.44,5.22,8.1,0,-93.2,5.66,13.799,0,8.78,0,1.184,1.41,0,5.52
1/29/2026,5:15, ,gtmsswq_20H100466_012126_050000.bin,San Sebastian,default user,0,50.994,0,33.45,0,5.856,0,100.8,0,8.49,0,15.56,5.26,8.1,0,-93,5.65,13.782,0,7.23,0,1.184,1.22,0,4.77
1/29/2026,5:30, ,gtmsswq_20H100466_012126_050000.bin,San Sebastian,default user,0,51.011,0,33.46,0,5.873,0,100.8,0,8.49,0,15.43,5.22,8.11,0,-93.2,5.65,13.788,0,4.62,0,1.187,1.41,0,5.51
1/29/2026,5:45, ,gtmsswq_20H100466_012126_050000.bin,San Sebastian,default user,0,51.013,0,33.47,0,5.864,0,99.8,0,8.4,0,15.45,5.22,8.1,0,-93.1,5.66,13.773,0,3.7,0,1.189,1.08,0,4.2
1/29/2026,6:00, ,gtmsswq_20H100466_012126_050000.bin,San Sebastian,default user,0,51.013,0,33.47,0,5.844,0,99.4,0,8.37,0,15.2,5.14,8.1,0,-92.9,5.65,13.764,0,3.33,0,1.189,1.51,0,5.91
1/29/2026,6:15, ,gtmsswq_20H100466_012126_050000.bin,San Sebastian,default user,0,51.004,0,33.46,0,5.804,0,99.2,0,8.36,0,15.13,5.12,8.1,0,-92.9,5.65,13.749,0,2.84,0,1.187,0.83,0,3.19
1/29/2026,6:30, ,gtmsswq_20H100466_012126_050000.bin,San Sebastian,default user,0,50.924,0,33.39,0,5.745,0,98.1,0,8.33,0,17.13,5.78,8.09,0,-92.3,5.65,13.405,0,5.88,0,1.187,1.1,0,4.26
1/29/2026,6:45, ,gtmsswq_20H100466_012126_050000.bin,San Sebastian,default user,0,50.925,0,33.39,0,5.671,0,99,0,8.38,0,16.27,5.5,8.1,0,-92.7,5.65,13.479,0,4.15,0,1.185,1.37,0,5.33
1/29/2026,7:00, ,gtmsswq_20H100466_012126_050000.bin,San Sebastian,default user,0,50.89,0,33.35,0,5.601,0,96.6,0,8.25,0,17.66,5.96,8.08,0,-91.6,5.65,13.116,0,4.29,0,1.186,1.14,0,4.43
1/29/2026,7:15, ,gtmsswq_20H100466_012126_050000.bin,San Sebastian,default user,0,50.857,0,33.33,0,5.531,0,96,0,8.2,0,18.07,6.1,8.07,0,-91.1,5.65,13.102,0,3.32,0,1.183,1,0,3.85
1/29/2026,7:30, ,gtmsswq_20H100466_012126_050000.bin,San Sebastian,default user,0,50.843,0,33.31,0,5.443,0,95.3,0,8.16,0,18.56,6.26,8.07,0,-90.9,5.65,12.996,0,3.7,0,1.183,1.16,0,4.52
1/29/2026,7:45, ,gtmsswq_20H100466_012126_050000.bin,San Sebastian,default user,0,50.772,0,33.26,0,5.354,0,95.1,0,8.15,0,19.23,6.48,8.06,0,-90.5,5.65,12.97,0,4.2,0,1.183,1.07,0,4.16
1/29/2026,8:00, ,gtmsswq_20H100466_012126_050000.bin,San Sebastian,default user,0,50.759,0,33.25,0,5.27,0,94.6,0,8.12,0,19.71,6.65,8.05,0,-90.1,5.65,12.893,0,4.46,0,1.183,1.06,0,4.1
1/29/2026,8:15, ,gtmsswq_20H100466_012126_050000.bin,San Sebastian,default user,0,50.702,0,33.2,0,5.188,0,93.7,0,8.06,0,20.61,6.95,8.05,0,-89.5,5.65,12.815,0,3.2,0,1.186,1.04,0,4.02
1/29/2026,8:30, ,gtmsswq_20H100466_012126_050000.bin,San Sebastian,default user,0,50.689,0,33.2,0,5.108,0,94.1,0,8.08,0,20.65,6.96,8.04,0,-89.4,5.65,12.927,0,3.78,0,1.194,0.95,0,3.68
1/29/2026,8:45, ,gtmsswq_20H100466_012126_050000.bin,San Sebastian,default user,0,50.603,0,33.13,0,5.036,0,93.8,0,8.05,0,21.98,7.4,8.03,0,-88.8,5.65,12.93,0,3.19,0,1.193,0.85,0,3.25
1/29/2026,9:00, ,gtmsswq_20H100466_012126_050000.bin,San Sebastian,default user,0,50.607,0,33.13,0,4.951,0,93.9,0,8.07,0,22.33,7.52,8.03,0,-88.6,5.65,12.847,0,3.63,0,1.188,0.9,0,3.48
1/29/2026,9:15, ,gtmsswq_20H100466_012126_050000.bin,San Sebastian,default user,0,50.594,0,33.13,0,4.889,0,93.8,0,8.04,0,22.63,7.62,8.02,0,-88.4,5.65,12.958,0,3.21,0,1.186,0.97,0,3.76
1/29/2026,9:30, ,gtmsswq_20H100466_012126_050000.bin,San Sebastian,default user,0,50.511,0,33.07,0,4.82,0,94.5,0,8.1,0,22.98,7.73,8.02,0,-88.3,5.65,13.002,0,3.4,0,1.193,0.83,0,3.19
1/29/2026,9:45, ,gtmsswq_20H100466_012126_050000.bin,San Sebastian,default user,0,50.548,0,33.1,0,4.758,0,95.9,0,8.19,0,22.04,7.42,8.04,0,-89.1,5.65,13.192,0,3.93,0,1.193,0.93,0,3.59
1/29/2026,10:00, ,gtmsswq_20H100466_012126_050000.bin,San Sebastian,default user,0,50.419,0,33.01,0,4.698,0,94.8,0,8.1,0,24.25,8.16,8.02,0,-87.9,5.65,13.16,0,2.95,0,1.188,0.86,0,3.29
1/29/2026,10:15, ,gtmsswq_20H100466_012126_050000.bin,San Sebastian,default user,0,50.398,0,33,0,4.632,0,95.3,0,8.14,0,24.05,8.09,8.01,0,-87.8,5.65,13.203,0,2.69,0,1.19,0.65,0,2.46
1/29/2026,10:30, ,gtmsswq_20H100466_012126_050000.bin,San Sebastian,default user,0,50.331,0,32.95,0,4.583,0,95.7,0,8.17,0,24.81,8.34,8.01,0,-87.6,5.65,13.279,0,3.06,0,1.184,0.72,0,2.75
1/29/2026,10:45, ,gtmsswq_20H100466_012126_050000.bin,San Sebastian,default user,0,50.309,0,32.94,0,4.557,0,95.5,0,8.14,0,24.69,8.3,8.01,0,-87.3,5.65,13.319,0,2.66,0,1.183,0.61,0,2.3
1/29/2026,11:00, ,gtmsswq_20H100466_012126_050000.bin,San Sebastian,default user,0,50.238,0,32.89,0,4.525,0,95.3,0,8.12,0,25.58,8.6,8,0,-87.1,5.65,13.357,0,2.35,0,1.194,0.64,0,2.45
1/29/2026,11:15, ,gtmsswq_20H100466_012126_050000.bin,San Sebastian,default user,0,50.215,0,32.87,0,4.491,0,95.7,0,8.15,0,25.2,8.47,8,0,-87.1,5.65,13.394,0,3.66,0,1.192,0.77,0,2.93
1/29/2026,11:30, ,gtmsswq_20H100466_012126_050000.bin,San Sebastian,default user,0,50.174,0,32.84,0,4.491,0,96.1,0,8.18,0,26.14,8.79,8,0,-87.1,5.65,13.415,0,2.26,0,1.189,0.68,0,2.6
1/29/2026,11:45, ,gtmsswq_20H100466_012126_050000.bin,San Sebastian,default user,0,50.201,0,32.86,0,4.492,0,94.4,0,8.03,0,25.54,8.59,8,0,-86.8,5.65,13.446,0,2.59,0,1.188,0.55,0,2.05
1/29/2026,12:00, ,gtmsswq_20H100466_012126_050000.bin,San Sebastian,default user,0,50.379,0,32.99,0,4.511,0,90.1,0,7.64,0,22.72,7.65,7.98,0,-86.1,5.65,13.521,0,2.16,0,1.188,0.46,0,1.7
1/29/2026,12:15, ,gtmsswq_20H100466_012126_050000.bin,San Sebastian,default user,0,50.437,0,33.04,0,4.536,0,91.3,0,7.74,0,22.7,7.64,7.99,0,-86.3,5.65,13.549,0,2.53,0,1.187,0.63,0,2.39
1/29/2026,12:30, ,gtmsswq_20H100466_012126_050000.bin,San Sebastian,default user,0,50.494,0,33.08,0,4.579,0,95.5,0,8.09,0,22.82,7.68,8.02,0,-88.1,5.65,13.596,0,3.06,0,1.2,1.09,0,4.24
1/29/2026,12:45, ,gtmsswq_20H100466_012126_050000.bin,San Sebastian,default user,0,50.498,0,33.08,0,4.628,0,94,0,7.95,0,22.6,7.61,8.01,0,-87.7,5.65,13.635,0,2.65,0,1.199,0.99,0,3.84
1/29/2026,13:00, ,gtmsswq_20H100466_012126_050000.bin,San Sebastian,default user,0,50.569,0,33.14,0,4.68,0,95.4,0,8.06,0,22.02,7.42,8.01,0,-87.9,5.65,13.659,0,2.71,0,1.189,0.9,0,3.45
1/29/2026,13:15, ,gtmsswq_20H100466_012126_050000.bin,San Sebastian,default user,0,50.58,0,33.14,0,4.743,0,95.7,0,8.1,0,22.27,7.5,8.02,0,-88,5.65,13.64,0,2.57,0,1.187,1.25,0,4.86
1/29/2026,13:30, ,gtmsswq_20H100466_012126_050000.bin,San Sebastian,default user,0,50.593,0,33.15,0,4.809,0,96.3,0,8.14,0,22.11,7.44,8.02,0,-88.1,5.65,13.628,0,4.59,0,1.187,1.09,0,4.24
1/29/2026,13:45, ,gtmsswq_20H100466_012126_050000.bin,San Sebastian,default user,0,50.568,0,33.14,0,4.859,0,97,0,8.21,0,22.51,7.58,8.02,0,-88.3,5.65,13.623,0,2.92,0,1.189,1.14,0,4.43
1/29/2026,14:00, ,gtmsswq_20H100466_012126_050000.bin,San Sebastian,default user,0,50.556,0,33.13,0,4.906,0,96.7,0,8.18,0,22.23,7.48,8.02,0,-88.3,5.65,13.638,0,3.03,0,1.19,1.11,0,4.32
1/29/2026,14:15, ,gtmsswq_20H100466_012126_050000.bin,San Sebastian,default user,0,50.54,0,33.12,0,4.986,0,97,0,8.21,0,21.89,7.37,8.02,0,-88.5,5.65,13.653,0,2.94,0,1.192,1.2,0,4.65
1/29/2026,14:30, ,gtmsswq_20H100466_012126_050000.bin,San Sebastian,default user,0,50.531,0,33.11,0,5.048,0,97.7,0,8.26,0,21.83,7.35,8.03,0,-88.7,5.65,13.648,0,3.34,0,1.195,1.19,0,4.65
1/29/2026,14:45, ,gtmsswq_20H100466_012126_050000.bin,San Sebastian,default user,0,50.552,0,33.13,0,5.105,0,98.7,0,8.34,0,21.12,7.12,8.04,0,-89.3,5.65,13.707,0,3.71,0,1.2,1.18,0,4.61
1/29/2026,15:00, ,gtmsswq_20H100466_012126_050000.bin,San Sebastian,default user,0,50.594,0,33.16,0,5.168,0,100.5,0,8.47,0,20.16,6.79,8.05,0,-90.1,5.65,13.806,0,3.03,0,1.196,1.18,0,4.59
1/29/2026,15:15, ,gtmsswq_20H100466_012126_050000.bin,San Sebastian,default user,0,50.586,0,33.15,0,5.228,0,100.2,0,8.46,0,20.25,6.82,8.05,0,-90,5.65,13.75,0,3.24,0,1.186,1.22,0,4.76
1/29/2026,15:30, ,gtmsswq_20H100466_012126_050000.bin,San Sebastian,default user,0,50.621,0,33.18,0,5.297,0,99.5,0,8.41,0,19.91,6.71,8.05,0,-90,5.65,13.678,0,3.65,0,1.186,1.49,0,5.83
1/29/2026,15:45, ,gtmsswq_20H100466_012126_050000.bin,San Sebastian,default user,0,50.656,0,33.2,0,5.364,0,100,0,8.45,0,19.38,6.53,8.06,0,-90.4,5.65,13.703,0,4.03,0,1.184,1.33,0,5.2
1/29/2026,16:00, ,gtmsswq_20H100466_012126_050000.bin,San Sebastian,default user,0,50.641,0,33.19,0,5.415,0,100.5,0,8.48,0,19.13,6.45,8.06,0,-90.6,5.65,13.733,0,3.85,0,1.191,1.47,0,5.76
1/29/2026,16:15, ,gtmsswq_20H100466_012126_050000.bin,San Sebastian,default user,0,50.614,0,33.17,0,5.463,0,100.7,0,8.5,0,18.95,6.39,8.07,0,-91,5.65,13.714,0,4.6,0,1.191,1.36,0,5.33
1/29/2026,16:30, ,gtmsswq_20H100466_012126_050000.bin,San Sebastian,default user,0,50.667,0,33.21,0,5.504,0,101.1,0,8.53,0,18.17,6.13,8.07,0,-91.3,5.65,13.729,0,5.46,0,1.195,2.29,0,9.02
1/29/2026,16:45, ,gtmsswq_20H100466_012126_050000.bin,San Sebastian,default user,0,50.711,0,33.24,0,5.542,0,101.4,0,8.55,0,17.66,5.96,8.08,0,-91.6,5.65,13.772,0,5.58,0,1.197,1.62,0,6.35
1/29/2026,17:00, ,gtmsswq_20H100466_012126_050000.bin,San Sebastian,default user,0,50.789,0,33.3,0,5.578,0,101.9,0,8.57,0,17.07,5.76,8.09,0,-92.1,5.65,13.822,0,8.63,0,1.199,1.43,0,5.59
1/29/2026,17:15, ,gtmsswq_20H100466_012126_050000.bin,San Sebastian,default user,0,50.887,0,33.38,0,5.601,0,102.3,0,8.59,0,16.16,5.46,8.09,0,-92.5,5.65,13.895,0,6.09,0,1.198,1.68,0,6.6
1/29/2026,17:30, ,gtmsswq_20H100466_012126_050000.bin,San Sebastian,default user,0,50.929,0,33.41,0,5.605,0,102.3,0,8.59,0,15.82,5.35,8.1,0,-92.7,5.65,13.941,0,4.8,0,1.194,1.25,0,4.86
1/29/2026,17:45, ,gtmsswq_20H100466_012126_050000.bin,San Sebastian,default user,0,50.976,0,33.45,0,5.6,0,102.1,0,8.56,0,15.52,5.25,8.1,0,-92.7,5.65,13.982,0,3.56,0,1.183,1.91,0,7.5
1/29/2026,18:00, ,gtmsswq_20H100466_012126_050000.bin,San Sebastian,default user,0,50.976,0,33.45,0,5.592,0,99.8,0,8.37,0,15.27,5.17,8.09,0,-92.3,5.65,13.995,0,2.58,0,1.185,1.05,0,4.06
1/29/2026,18:15, ,gtmsswq_20H100466_012126_050000.bin,San Sebastian,default user,0,50.978,0,33.45,0,5.552,0,92.4,0,7.75,0,14.87,5.03,8.05,0,-90,5.65,14.001,0,2.2,0,1.198,0.45,0,1.69
1/29/2026,18:30, ,gtmsswq_20H100466_012126_050000.bin,San Sebastian,default user,0,50.75,0,33.27,0,5.503,0,101,0,8.52,0,17.43,5.89,8.08,0,-92,5.65,13.739,0,3.64,0,1.2,1.46,0,5.7
1/29/2026,18:45, ,gtmsswq_20H100466_012126_050000.bin,San Sebastian,default user,0,50.755,0,33.27,0,5.451,0,100.8,0,8.51,0,18.31,6.18,8.07,0,-91.4,5.65,13.703,0,3.38,0,1.2,1.28,0,4.98
1/29/2026,19:00, ,gtmsswq_20H100466_012126_050000.bin,San Sebastian,default user,0,50.692,0,33.23,0,5.39,0,100.3,0,8.47,0,18.67,6.3,8.07,0,-91.1,5.65,13.698,0,3.08,0,1.196,1.22,0,4.73
1/29/2026,19:15, ,gtmsswq_20H100466_012126_050000.bin,San Sebastian,default user,0,50.655,0,33.2,0,5.313,0,100.1,0,8.45,0,19.45,6.56,8.06,0,-90.7,5.65,13.693,0,2.85,0,1.19,1.14,0,4.41
1/29/2026,19:30, ,gtmsswq_20H100466_012126_050000.bin,San Sebastian,default user,0,50.65,0,33.2,0,5.234,0,99.9,0,8.44,0,19.78,6.67,8.06,0,-90.4,5.64,13.709,0,2.73,0,1.187,1.05,0,4.08
1/29/2026,19:45, ,gtmsswq_20H100466_012126_050000.bin,San Sebastian,default user,0,50.65,0,33.2,0,5.168,0,100,0,8.44,0,20.02,6.75,8.06,0,-90.3,5.65,13.744,0,2.9,0,1.184,1.06,0,4.09
1/29/2026,20:00, ,gtmsswq_20H100466_012126_050000.bin,San Sebastian,default user,0,50.651,0,33.2,0,5.093,0,99.5,0,8.4,0,20.45,6.89,8.05,0,-89.9,5.65,13.745,0,2.87,0,1.193,0.95,0,3.68
1/29/2026,20:15, ,gtmsswq_20H100466_012126_050000.bin,San Sebastian,default user,0,50.663,0,33.21,0,5.01,0,98.8,0,8.34,0,20.92,7.05,8.04,0,-89.7,5.65,13.732,0,3.11,0,1.196,1.42,0,5.54
1/29/2026,20:30, ,gtmsswq_20H100466_012126_050000.bin,San Sebastian,default user,0,50.611,0,33.17,0,4.939,0,98.9,0,8.34,0,21.21,7.14,8.04,0,-89.5,5.64,13.777,0,3.03,0,1.2,1.24,0,4.83
1/29/2026,20:45, ,gtmsswq_20H100466_012126_050000.bin,San Sebastian,default user,0,50.627,0,33.18,0,4.85,0,97.9,0,8.25,0,21.86,7.36,8.03,0,-89.1,5.65,13.764,0,3.01,0,1.192,0.96,0,3.69
1/29/2026,21:00, ,gtmsswq_20H100466_012126_050000.bin,San Sebastian,default user,0,50.553,0,33.13,0,4.757,0,98.4,0,8.31,0,21.98,7.4,8.04,0,-89.2,5.65,13.757,0,2.56,0,1.182,0.94,0,3.62
1/29/2026,21:15, ,gtmsswq_20H100466_012126_050000.bin,San Sebastian,default user,0,50.506,0,33.1,0,4.682,0,97.8,0,8.25,0,22.88,7.7,8.03,0,-88.8,5.64,13.768,0,2.61,0,1.189,1.15,0,4.45
1/29/2026,21:30, ,gtmsswq_20H100466_012126_050000.bin,San Sebastian,default user,0,50.493,0,33.09,0,4.61,0,96.9,0,8.18,0,23.4,7.88,8.02,0,-88.4,5.65,13.757,0,3.02,0,1.191,1,0,3.85
1/29/2026,21:45, ,gtmsswq_20H100466_012126_050000.bin,San Sebastian,default user,0,50.387,0,33.01,0,4.545,0,96.2,0,8.13,0,24.01,8.08,8.01,0,-87.8,5.65,13.744,0,2.94,0,1.196,0.84,0,3.24
1/29/2026,22:00, ,gtmsswq_20H100466_012126_050000.bin,San Sebastian,default user,0,50.319,0,32.96,0,4.485,0,95.7,0,8.09,0,25,8.41,8.01,0,-87.6,5.64,13.721,0,2.29,0,1.199,0.9,0,3.47
1/29/2026,22:15, ,gtmsswq_20H100466_012126_050000.bin,San Sebastian,default user,0,50.331,0,32.96,0,4.418,0,95.8,0,8.1,0,25.1,8.44,8.01,0,-87.7,5.65,13.684,0,2.7,0,1.197,1.09,0,4.21
1/29/2026,22:30, ,gtmsswq_20H100466_012126_050000.bin,San Sebastian,default user,0,50.353,0,32.98,0,4.374,0,95.7,0,8.1,0,24.52,8.25,8.01,0,-87.7,5.65,13.681,0,2.63,0,1.192,0.87,0,3.34
1/29/2026,22:45, ,gtmsswq_20H100466_012126_050000.bin,San Sebastian,default user,0,50.235,0,32.89,0,4.334,0,95.6,0,8.1,0,25.71,8.65,8.01,0,-87.4,5.64,13.635,0,2.55,0,1.189,0.97,0,3.76
1/29/2026,23:00, ,gtmsswq_20H100466_012126_050000.bin,San Sebastian,default user,0,50.187,0,32.86,0,4.297,0,95.9,0,8.13,0,26.18,8.8,8,0,-87.2,5.65,13.632,0,2.47,0,1.182,0.89,0,3.43
1/29/2026,23:15, ,gtmsswq_20H100466_012126_050000.bin,San Sebastian,default user,0,50.169,0,32.84,0,4.268,0,95,0,8.05,0,26.17,8.8,8,0,-86.9,5.65,13.599,0,2.15,0,1.189,0.73,0,2.79
1/29/2026,23:30, ,gtmsswq_20H100466_012126_050000.bin,San Sebastian,default user,0,50.17,0,32.84,0,4.255,0,93.8,0,7.96,0,25.93,8.72,7.99,0,-86.5,5.63,13.593,0,2.08,0,1.193,0.61,0,2.29
1/29/2026,23:45, ,gtmsswq_20H100466_012126_050000.bin,San Sebastian,default user,0,50.23,0,32.89,0,4.256,0,89.7,0,7.6,0,25.34,8.52,7.98,0,-86.2,5.64,13.613,0,2.15,0,1.191,0.82,0,3.13
1/30/2026,0:00, ,gtmsswq_20H100466_012126_050000.bin,San Sebastian,default user,0,50.357,0,32.98,0,4.272,0,92.1,0,7.79,0,23.67,7.96,7.99,0,-86.4,5.63,13.667,0,2.13,0,1.194,0.98,0,3.77
1/30/2026,0:15, ,gtmsswq_20H100466_012126_050000.bin,San Sebastian,default user,0,50.478,0,33.07,0,4.316,0,94.4,0,7.98,0,23.56,7.93,8,0,-87.3,5.63,13.715,0,3.71,0,1.191,1.29,0,5.02
1/30/2026,0:30, ,gtmsswq_20H100466_012126_050000.bin,San Sebastian,default user,0,50.505,0,33.09,0,4.374,0,91.6,0,7.74,0,22.29,7.5,8,0,-87.1,5.65,13.708,0,2.52,0,1.182,1.03,0,3.98
1/30/2026,0:45, ,gtmsswq_20H100466_012126_050000.bin,San Sebastian,default user,0,50.548,0,33.12,0,4.456,0,96.3,0,8.14,0,23.27,7.83,8.02,0,-88.1,5.64,13.688,0,2.91,0,1.19,1.13,0,4.4
1/30/2026,1:00, ,gtmsswq_20H100466_012126_050000.bin,San Sebastian,default user,0,50.63,0,33.18,0,4.539,0,97.5,0,8.24,0,22.64,7.62,8.02,0,-88.1,5.65,13.661,0,2.7,0,1.193,1.19,0,4.63
1/30/2026,1:15, ,gtmsswq_20H100466_012126_050000.bin,San Sebastian,default user,0,50.624,0,33.18,0,4.623,0,98.5,0,8.33,0,22.6,7.61,8.02,0,-88.4,5.62,13.657,0,2.81,0,1.198,1.36,0,5.31
1/30/2026,1:30, ,gtmsswq_20H100466_012126_050000.bin,San Sebastian,default user,0,50.594,0,33.16,0,4.712,0,98.8,0,8.35,0,22.67,7.63,8.02,0,-88.5,5.64,13.681,0,3.48,0,1.193,1.59,0,6.23
1/30/2026,1:45, ,gtmsswq_20H100466_012126_050000.bin,San Sebastian,default user,0,50.565,0,33.14,0,4.817,0,98.6,0,8.33,0,22.86,7.69,8.02,0,-88.4,5.65,13.69,0,3.66,0,1.182,1.46,0,5.7
1/30/2026,2:00, ,gtmsswq_20H100466_012126_050000.bin,San Sebastian,default user,0,50.52,0,33.1,0,4.892,0,98.5,0,8.33,0,22.93,7.72,8.02,0,-88.5,5.62,13.669,0,3.17,0,1.183,1.4,0,5.45
1/30/2026,2:15, ,gtmsswq_20H100466_012126_050000.bin,San Sebastian,default user,0,50.494,0,33.08,0,4.982,0,98.4,0,8.32,0,22.72,7.65,8.03,0,-88.8,5.64,13.635,0,3.56,0,1.192,1.4,0,5.47
1/30/2026,2:30, ,gtmsswq_20H100466_012126_050000.bin,San Sebastian,default user,0,50.526,0,33.1,0,5.07,0,98.4,0,8.33,0,22.02,7.42,8.03,0,-89.1,5.62,13.592,0,3.47,0,1.191,1.33,0,5.17
1/30/2026,2:45, ,gtmsswq_20H100466_012126_050000.bin,San Sebastian,default user,0,50.537,0,33.11,0,5.147,0,98.2,0,8.32,0,21.67,7.3,8.04,0,-89.2,5.63,13.587,0,3.74,0,1.191,1.21,0,4.7
1/30/2026,3:00, ,gtmsswq_20H100466_012126_050000.bin,San Sebastian,default user,0,50.536,0,33.11,0,5.229,0,98.1,0,8.31,0,21.98,7.4,8.03,0,-88.9,5.64,13.62,0,5.02,0,1.19,1.47,0,5.76
1/30/2026,3:15, ,gtmsswq_20H100466_012126_050000.bin,San Sebastian,default user,0,50.563,0,33.13,0,5.317,0,98.4,0,8.34,0,20.97,7.06,8.04,0,-89.5,5.61,13.57,0,4.23,0,1.197,1.49,0,5.82
1/30/2026,3:30, ,gtmsswq_20H100466_012126_050000.bin,San Sebastian,default user,0,50.499,0,33.08,0,5.404,0,98.8,0,8.38,0,20.84,7.02,8.05,0,-89.8,5.64,13.535,0,5.12,0,1.193,1.49,0,5.82
1/30/2026,3:45, ,gtmsswq_20H100466_012126_050000.bin,San Sebastian,default user,0,50.507,0,33.09,0,5.493,0,99.6,0,8.44,0,19.89,6.7,8.06,0,-90.6,5.61,13.569,0,7.81,0,1.185,1.59,0,6.23
1/30/2026,4:00, ,gtmsswq_20H100466_012126_050000.bin,San Sebastian,default user,0,50.872,0,33.36,0,5.568,0,100.4,0,8.47,0,16.72,5.65,8.08,0,-91.9,5.62,13.681,0,7.06,0,1.185,2.17,0,8.53
1/30/2026,4:15, ,gtmsswq_20H100466_012126_050000.bin,San Sebastian,default user,0,51.057,0,33.5,0,5.646,0,100.6,0,8.46,0,15.3,5.17,8.09,0,-92.6,5.64,13.818,0,6.71,0,1.192,1.4,0,5.47
1/30/2026,4:30, ,gtmsswq_20H100466_012126_050000.bin,San Sebastian,default user,0,51.131,0,33.56,0,5.712,0,100.8,0,8.47,0,14.62,4.95,8.1,0,-92.9,5.61,13.882,0,5.67,0,1.191,1.4,0,5.48
1/30/2026,4:45, ,gtmsswq_20H100466_012126_050000.bin,San Sebastian,default user,0,51.158,0,33.58,0,5.779,0,101,0,8.48,0,14.41,4.88,8.1,0,-93,5.64,13.886,0,6.98,0,1.189,1.59,0,6.22
1/30/2026,5:00, ,gtmsswq_20H100466_012126_050000.bin,San Sebastian,default user,0,51.194,0,33.6,0,5.826,0,101,0,8.46,0,14.08,4.77,8.1,0,-93.1,5.61,13.972,0,6.46,0,1.185,1.57,0,6.16
1/30/2026,5:15, ,gtmsswq_20H100466_012126_050000.bin,San Sebastian,default user,0,51.238,0,33.64,0,5.878,0,101.2,0,8.47,0,13.71,4.65,8.1,0,-93.2,5.61,14.042,0,7.32,0,1.182,1.54,0,6.02
1/30/2026,5:30, ,gtmsswq_20H100466_012126_050000.bin,San Sebastian,default user,0,51.221,0,33.63,0,5.926,0,101.2,0,8.47,0,14.02,4.75,8.1,0,-93,5.63,14.004,0,5.8,0,1.193,1.44,0,5.64
1/30/2026,5:45, ,gtmsswq_20H100466_012126_050000.bin,San Sebastian,default user,0,51.229,0,33.63,0,5.961,0,101,0,8.45,0,13.84,4.69,8.1,0,-93,5.62,14.023,0,6.17,0,1.194,2.31,0,9.11
1/30/2026,6:00, ,gtmsswq_20H100466_012126_050000.bin,San Sebastian,default user,0,51.271,0,33.66,0,5.984,0,100.9,0,8.44,0,13.51,4.58,8.1,0,-93,5.64,14.055,0,5.75,0,1.19,1.54,0,6.03
1/30/2026,6:15, ,gtmsswq_20H100466_012126_050000.bin,San Sebastian,default user,0,51.269,0,33.66,0,6,0,100.9,0,8.43,0,13.56,4.59,8.1,0,-93.1,5.61,14.06,0,5.06,0,1.186,1.26,0,4.92
1/30/2026,6:30, ,gtmsswq_20H100466_012126_050000.bin,San Sebastian,default user,0,51.238,0,33.64,0,6.006,0,100.5,0,8.41,0,13.79,4.67,8.1,0,-92.9,5.61,14.018,0,4.67,0,1.183,1.19,0,4.63
1/30/2026,6:45, ,gtmsswq_20H100466_012126_050000.bin,San Sebastian,default user,0,51.27,0,33.66,0,5.99,0,99.8,0,8.34,0,13.64,4.62,8.1,0,-92.9,5.63,14.036,0,4.15,0,1.182,0.98,0,3.8
1/30/2026,7:00, ,gtmsswq_20H100466_012126_050000.bin,San Sebastian,default user,0,51.245,0,33.64,0,5.962,0,98.8,0,8.28,0,13.77,4.66,8.09,0,-92.6,5.61,13.992,0,3.07,0,1.184,0.84,0,3.24
1/30/2026,7:15, ,gtmsswq_20H100466_012126_050000.bin,San Sebastian,default user,0,51.211,0,33.62,0,5.907,0,98.3,0,8.23,0,13.92,4.71,8.09,0,-92.5,5.63,13.976,0,4.72,0,1.193,1.32,0,5.16
1/30/2026,7:30, ,gtmsswq_20H100466_012126_050000.bin,San Sebastian,default user,0,51.185,0,33.59,0,5.84,0,98.1,0,8.25,0,14.53,4.92,8.09,0,-92.2,5.6,13.75,0,3.42,0,1.191,1.02,0,3.94
1/30/2026,7:45, ,gtmsswq_20H100466_012126_050000.bin,San Sebastian,default user,0,51.098,0,33.52,0,5.771,0,97,0,8.2,0,15.69,5.3,8.08,0,-91.5,5.61,13.549,0,3.17,0,1.193,1.25,0,4.86
1/30/2026,8:00, ,gtmsswq_20H100466_012126_050000.bin,San Sebastian,default user,0,51.055,0,33.49,0,5.695,0,96.4,0,8.17,0,16.43,5.55,8.07,0,-91.3,5.64,13.459,0,3.84,0,1.195,0.91,0,3.49
1/30/2026,8:15, ,gtmsswq_20H100466_012126_050000.bin,San Sebastian,default user,0,51.043,0,33.47,0,5.607,0,95.1,0,8.1,0,17.37,5.86,8.06,0,-90.6,5.61,13.252,0,2.8,0,1.183,0.83,0,3.18
1/30/2026,8:30, ,gtmsswq_20H100466_012126_050000.bin,San Sebastian,default user,0,50.988,0,33.43,0,5.519,0,95.6,0,8.12,0,17.27,5.83,8.06,0,-90.5,5.62,13.303,0,3.04,0,1.185,0.89,0,3.43
1/30/2026,8:45, ,gtmsswq_20H100466_012126_050000.bin,San Sebastian,default user,0,50.995,0,33.44,0,5.422,0,95.2,0,8.1,0,17.24,5.82,8.06,0,-90.5,5.6,13.304,0,3.3,0,1.187,0.79,0,3.02
1/30/2026,9:00, ,gtmsswq_20H100466_012126_050000.bin,San Sebastian,default user,0,50.898,0,33.36,0,5.335,0,94.5,0,8.07,0,18.33,6.18,8.05,0,-89.9,5.6,13.134,0,3.36,0,1.187,0.87,0,3.34
1/30/2026,9:15, ,gtmsswq_20H100466_012126_050000.bin,San Sebastian,default user,0,50.957,0,33.41,0,5.251,0,94.8,0,8.06,0,17.86,6.03,8.05,0,-90.1,5.62,13.307,0,3.11,0,1.189,0.83,0,3.2
1/30/2026,9:30, ,gtmsswq_20H100466_012126_050000.bin,San Sebastian,default user,0,50.817,0,33.31,0,5.161,0,95.5,0,8.12,0,18.86,6.36,8.05,0,-90,5.6,13.339,0,3.9,0,1.187,0.87,0,3.34
1/30/2026,9:45, ,gtmsswq_20H100466_012126_050000.bin,San Sebastian,default user,0,50.725,0,33.23,0,5.081,0,95.7,0,8.17,0,19.82,6.68,8.04,0,-89.4,5.61,13.191,0,6.47,0,1.186,1.01,0,3.89
1/30/2026,10:00, ,gtmsswq_20H100466_012126_050000.bin,San Sebastian,default user,0,50.754,0,33.26,0,4.993,0,95.9,0,8.18,0,19.87,6.7,8.04,0,-89.2,5.6,13.203,0,3.55,0,1.186,0.76,0,2.91
1/30/2026,10:15, ,gtmsswq_20H100466_012126_050000.bin,San Sebastian,default user,0,50.599,0,33.15,0,4.916,0,95.9,0,8.18,0,21.35,7.19,8.03,0,-88.6,5.6,13.264,0,2.95,0,1.185,0.74,0,2.81
1/30/2026,10:30, ,gtmsswq_20H100466_012126_050000.bin,San Sebastian,default user,0,50.562,0,33.12,0,4.853,0,96.4,0,8.21,0,21.98,7.4,8.03,0,-88.5,5.61,13.333,0,3.08,0,1.196,0.79,0,3.02
1/30/2026,10:45, ,gtmsswq_20H100466_012126_050000.bin,San Sebastian,default user,0,50.771,0,33.28,0,4.778,0,96.5,0,8.19,0,19.84,6.69,8.03,0,-88.9,5.61,13.417,0,3,0,1.194,0.65,0,2.48
1/30/2026,11:00, ,gtmsswq_20H100466_012126_050000.bin,San Sebastian,default user,0,50.47,0,33.06,0,4.711,0,96.5,0,8.2,0,22.9,7.71,8.02,0,-88,5.6,13.444,0,2.88,0,1.193,0.64,0,2.42
1/30/2026,11:15, ,gtmsswq_20H100466_012126_050000.bin,San Sebastian,default user,0,50.413,0,33.02,0,4.654,0,97.8,0,8.29,0,23.44,7.89,8.02,0,-87.9,5.6,13.572,0,2.99,0,1.193,0.66,0,2.52
1/30/2026,11:30, ,gtmsswq_20H100466_012126_050000.bin,San Sebastian,default user,0,50.397,0,33.01,0,4.595,0,97.9,0,8.3,0,23.56,7.93,8.01,0,-87.8,5.62,13.579,0,2.88,0,1.19,0.65,0,2.46
1/30/2026,11:45, ,gtmsswq_20H100466_012126_050000.bin,San Sebastian,default user,0,50.416,0,33.03,0,4.539,0,99,0,8.37,0,23.33,7.85,8.02,0,-88.2,5.59,13.702,0,2.37,0,1.186,0.58,0,2.2
1/30/2026,12:00, ,gtmsswq_20H100466_012126_050000.bin,San Sebastian,default user,0,50.356,0,32.98,0,4.501,0,97.2,0,8.23,0,24.37,8.2,8.01,0,-87.6,5.6,13.641,0,2.49,0,1.186,0.81,0,3.12
1/30/2026,12:15, ,gtmsswq_20H100466_012126_050000.bin,San Sebastian,default user,0,50.292,0,32.94,0,4.458,0,99.7,0,8.42,0,24.31,8.18,8.02,0,-88,5.61,13.788,0,2.75,0,1.186,0.76,0,2.91
1/30/2026,12:30, ,gtmsswq_20H100466_012126_050000.bin,San Sebastian,default user,0,50.289,0,32.94,0,4.431,0,94.6,0,8,0,23.88,8.03,7.99,0,-86.4,5.6,13.717,0,2.71,0,1.195,0.46,0,1.73
1/30/2026,12:45, ,gtmsswq_20H100466_012126_050000.bin,San Sebastian,default user,0,50.306,0,32.95,0,4.424,0,96.7,0,8.17,0,23.68,7.97,8.01,0,-87.6,5.6,13.742,0,2.78,0,1.197,0.62,0,2.35
1/30/2026,13:00, ,gtmsswq_20H100466_012126_050000.bin,San Sebastian,default user,0,50.343,0,32.97,0,4.429,0,96.9,0,8.2,0,23.09,7.77,8.01,0,-87.4,5.61,13.688,0,2.49,0,1.185,0.58,0,2.19
1/30/2026,13:15, ,gtmsswq_20H100466_012126_050000.bin,San Sebastian,default user,0,50.45,0,33.05,0,4.447,0,96.4,0,8.15,0,22.48,7.57,8.02,0,-88.1,5.61,13.639,0,2.73,0,1.186,0.89,0,3.43
1/30/2026,13:30, ,gtmsswq_20H100466_012126_050000.bin,San Sebastian,default user,0,50.475,0,33.07,0,4.476,0,86.8,0,7.35,0,20.99,7.07,7.97,0,-85.5,5.6,13.641,0,3.48,0,1.182,0.67,0,2.54
1/30/2026,13:45, ,gtmsswq_20H100466_012126_050000.bin,San Sebastian,default user,0,50.507,0,33.09,0,4.524,0,90.4,0,7.65,0,21.33,7.19,8,0,-86.9,5.6,13.658,0,2.5,0,1.185,0.65,0,2.47
1/30/2026,14:00, ,gtmsswq_20H100466_012126_050000.bin,San Sebastian,default user,0,50.555,0,33.13,0,4.599,0,96,0,8.12,0,21.42,7.21,8.01,0,-87.8,5.59,13.646,0,4.35,0,1.191,1.14,0,4.44
1/30/2026,14:15, ,gtmsswq_20H100466_012126_050000.bin,San Sebastian,default user,0,50.605,0,33.16,0,4.669,0,97.5,0,8.26,0,22.11,7.44,8.02,0,-88.1,5.6,13.599,0,2.91,0,1.198,1.13,0,4.4
1/30/2026,14:30, ,gtmsswq_20H100466_012126_050000.bin,San Sebastian,default user,0,50.625,0,33.17,0,4.732,0,97.7,0,8.28,0,22,7.41,8.02,0,-88.1,5.62,13.552,0,3.64,0,1.199,1.23,0,4.77
1/30/2026,14:45, ,gtmsswq_20H100466_012126_050000.bin,San Sebastian,default user,0,50.61,0,33.16,0,4.795,0,97.6,0,8.28,0,22.05,7.42,8.02,0,-88.3,5.6,13.527,0,2.91,0,1.193,1.1,0,4.26
1/30/2026,15:00, ,gtmsswq_20H100466_012126_050000.bin,San Sebastian,default user,0,50.6,0,33.15,0,4.868,0,98,0,8.31,0,21.92,7.38,8.03,0,-88.6,5.6,13.52,0,3.55,0,1.192,1.16,0,4.51
1/30/2026,15:15, ,gtmsswq_20H100466_012126_050000.bin,San Sebastian,default user,0,50.595,0,33.15,0,4.939,0,98.6,0,8.36,0,21.65,7.29,8.03,0,-88.7,5.59,13.55,0,3.8,0,1.197,1.27,0,4.94
1/30/2026,15:30, ,gtmsswq_20H100466_012126_050000.bin,San Sebastian,default user,0,50.587,0,33.15,0,5.007,0,98.6,0,8.35,0,21.39,7.2,8.03,0,-88.7,5.6,13.602,0,3.24,0,1.19,1.32,0,5.14
1/30/2026,15:45, ,gtmsswq_20H100466_012126_050000.bin,San Sebastian,default user,0,50.612,0,33.17,0,5.094,0,99.3,0,8.39,0,20.87,7.03,8.04,0,-89.2,5.61,13.719,0,4.92,0,1.183,1.32,0,5.14
1/30/2026,16:00, ,gtmsswq_20H100466_012126_050000.bin,San Sebastian,default user,0,50.691,0,33.23,0,5.165,0,100.6,0,8.46,0,19.62,6.61,8.05,0,-90,5.59,13.867,0,4.66,0,1.186,1.32,0,5.14
1/30/2026,16:15, ,gtmsswq_20H100466_012126_050000.bin,San Sebastian,default user,0,50.653,0,33.2,0,5.234,0,100.5,0,8.46,0,19.99,6.74,8.05,0,-89.8,5.6,13.825,0,4.1,0,1.191,1.4,0,5.48
1/30/2026,16:30, ,gtmsswq_20H100466_012126_050000.bin,San Sebastian,default user,0,50.731,0,33.26,0,5.31,0,100.2,0,8.43,0,19.1,6.44,8.05,0,-90.1,5.59,13.845,0,4.71,0,1.199,1.51,0,5.91
1/30/2026,16:45, ,gtmsswq_20H100466_012126_050000.bin,San Sebastian,default user,0,50.764,0,33.29,0,5.386,0,100.7,0,8.47,0,18.86,6.36,8.06,0,-90.5,5.6,13.904,0,4.61,0,1.192,1.49,0,5.82
1/30/2026,17:00, ,gtmsswq_20H100466_012126_050000.bin,San Sebastian,default user,0,50.693,0,33.24,0,5.458,0,101,0,8.48,0,18.41,6.21,8.06,0,-90.6,5.61,13.981,0,4.5,0,1.187,1.47,0,5.74
1/30/2026,17:15, ,gtmsswq_20H100466_012126_050000.bin,San Sebastian,default user,0,50.746,0,33.28,0,5.516,0,101,0,8.46,0,17.66,5.96,8.06,0,-90.9,5.59,14.037,0,6.66,0,1.187,1.17,0,4.56
1/30/2026,17:30, ,gtmsswq_20H100466_012126_050000.bin,San Sebastian,default user,0,51.115,0,33.56,0,5.566,0,102.8,0,8.52,0,14.26,4.83,8.08,0,-92.2,5.6,14.536,0,6.4,0,1.192,1.47,0,5.73
1/30/2026,17:45, ,gtmsswq_20H100466_012126_050000.bin,San Sebastian,default user,0,51.224,0,33.65,0,5.617,0,103.4,0,8.54,0,13.62,4.61,8.09,0,-92.5,5.59,14.66,0,4.44,0,1.19,1.44,0,5.62
1/30/2026,18:00, ,gtmsswq_20H100466_012126_050000.bin,San Sebastian,default user,0,51.267,0,33.68,0,5.654,0,103.6,0,8.55,0,12.88,4.37,8.09,0,-92.6,5.59,14.704,0,4.71,0,1.195,1.47,0,5.75
1/30/2026,18:15, ,gtmsswq_20H100466_012126_050000.bin,San Sebastian,default user,0,51.286,0,33.69,0,5.668,0,103.5,0,8.54,0,12.97,4.4,8.09,0,-92.6,5.61,14.706,0,3.66,0,1.192,1.26,0,4.91
1/30/2026,18:30, ,gtmsswq_20H100466_012126_050000.bin,San Sebastian,default user,0,51.303,0,33.71,0,5.674,0,103.3,0,8.52,0,14.19,4.8,8.09,0,-92.6,5.59,14.722,0,3.48,0,1.185,1.22,0,4.74
1/30/2026,18:45, ,gtmsswq_20H100466_012126_050000.bin,San Sebastian,default user,0,51.261,0,33.68,0,5.673,0,102.9,0,8.5,0,13.28,4.5,8.09,0,-92.4,5.6,14.657,0,3.12,0,1.184,1.26,0,4.92
1/30/2026,19:00, ,gtmsswq_20H100466_012126_050000.bin,San Sebastian,default user,0,51.282,0,33.69,0,5.658,0,100.3,0,8.28,0,12.94,4.39,8.08,0,-92,5.59,14.71,0,2.8,0,1.196,0.65,0,2.46
1/30/2026,19:15, ,gtmsswq_20H100466_012126_050000.bin,San Sebastian,default user,0,51.302,0,33.71,0,5.638,0,94,0,7.76,0,12.37,4.2,8.04,0,-89.6,5.6,14.713,0,1.97,0,1.192,0.47,0,1.73
1/30/2026,19:30, ,gtmsswq_20H100466_012126_050000.bin,San Sebastian,default user,0,51.222,0,33.65,0,5.589,0,102,0,8.43,0,13.61,4.61,8.08,0,-92.1,5.6,14.629,0,3.05,0,1.19,0.95,0,3.67
1/30/2026,19:45, ,gtmsswq_20H100466_012126_050000.bin,San Sebastian,default user,0,51.022,0,33.49,0,5.517,0,99.4,0,8.25,0,15.8,5.34,8.06,0,-90.8,5.59,14.445,0,2.6,0,1.187,0.96,0,3.7
1/30/2026,20:00, ,gtmsswq_20H100466_012126_050000.bin,San Sebastian,default user,0,50.988,0,33.47,0,5.452,0,98.9,0,8.23,0,16.39,5.54,8.06,0,-90.6,5.6,14.373,0,3.37,0,1.184,0.93,0,3.59
1/30/2026,20:15, ,gtmsswq_20H100466_012126_050000.bin,San Sebastian,default user,0,50.932,0,33.42,0,5.386,0,97.4,0,8.12,0,17.82,6.01,8.04,0,-89.7,5.59,14.288,0,2.41,0,1.191,0.95,0,3.68
1/30/2026,20:30, ,gtmsswq_20H100466_012126_050000.bin,San Sebastian,default user,0,50.894,0,33.39,0,5.303,0,98.4,0,8.21,0,19.66,6.63,8.05,0,-90.1,5.59,14.246,0,2.85,0,1.195,0.99,0,3.83
1/30/2026,20:45, ,gtmsswq_20H100466_012126_050000.bin,San Sebastian,default user,0,50.864,0,33.37,0,5.226,0,97.5,0,8.13,0,18.48,6.23,8.04,0,-89.4,5.6,14.267,0,2.8,0,1.199,1.01,0,3.91
1/30/2026,21:00, ,gtmsswq_20H100466_012126_050000.bin,San Sebastian,default user,0,50.818,0,33.34,0,5.145,0,96.2,0,8.04,0,19.65,6.62,8.03,0,-88.9,5.59,14.184,0,3.21,0,1.199,0.9,0,3.46
1/30/2026,21:15, ,gtmsswq_20H100466_012126_050000.bin,San Sebastian,default user,0,50.785,0,33.31,0,5.059,0,96.3,0,8.04,0,19.67,6.63,8.03,0,-89,5.6,14.236,0,3.28,0,1.192,0.98,0,3.8
1/30/2026,21:30, ,gtmsswq_20H100466_012126_050000.bin,San Sebastian,default user,0,50.788,0,33.32,0,4.974,0,96.3,0,8.04,0,19.79,6.67,8.03,0,-88.7,5.59,14.209,0,3.16,0,1.189,0.87,0,3.34
1/30/2026,21:45, ,gtmsswq_20H100466_012126_050000.bin,San Sebastian,default user,0,50.836,0,33.35,0,4.898,0,95,0,7.93,0,20.44,6.89,8.02,0,-88.5,5.59,14.272,0,3.53,0,1.185,0.92,0,3.54
1/30/2026,22:00, ,gtmsswq_20H100466_012126_050000.bin,San Sebastian,default user,0,50.732,0,33.27,0,4.819,0,95.3,0,7.97,0,21.02,7.08,8.02,0,-88.2,5.6,14.155,0,3.16,0,1.189,0.94,0,3.63
1/30/2026,22:15, ,gtmsswq_20H100466_012126_050000.bin,San Sebastian,default user,0,50.733,0,33.27,0,4.74,0,94.9,0,7.94,0,21.53,7.25,8.02,0,-88,5.59,14.142,0,3.78,0,1.189,0.93,0,3.58
1/30/2026,22:30, ,gtmsswq_20H100466_012126_050000.bin,San Sebastian,default user,0,50.667,0,33.22,0,4.664,0,95,0,7.96,0,21.87,7.36,8.01,0,-87.9,5.6,14.075,0,3.26,0,1.191,0.96,0,3.71
1/30/2026,22:45, ,gtmsswq_20H100466_012126_050000.bin,San Sebastian,default user,0,50.64,0,33.2,0,4.589,0,94.7,0,7.94,0,22.49,7.57,8.01,0,-87.7,5.59,14.052,0,3.66,0,1.191,1.05,0,4.07
1/30/2026,23:00, ,gtmsswq_20H100466_012126_050000.bin,San Sebastian,default user,0,50.559,0,33.14,0,4.517,0,94.5,0,7.94,0,23.64,7.95,8,0,-87.3,5.59,13.989,0,3.32,0,1.196,1.01,0,3.89
1/30/2026,23:15, ,gtmsswq_20H100466_012126_050000.bin,San Sebastian,default user,0,50.483,0,33.08,0,4.44,0,94.8,0,7.97,0,23.77,8,8,0,-87.4,5.59,13.941,0,3.39,0,1.195,0.87,0,3.34
1/30/2026,23:30, ,gtmsswq_20H100466_012126_050000.bin,San Sebastian,default user,0,50.45,0,33.06,0,4.374,0,95.2,0,8.01,0,24.16,8.13,8,0,-87.3,5.59,13.909,0,3.31,0,1.201,0.97,0,3.77
1/30/2026,23:45, ,gtmsswq_20H100466_012126_050000.bin,San Sebastian,default user,0,50.32,0,32.96,0,4.316,0,95.4,0,8.04,0,25.12,8.45,8,0,-87.1,5.59,13.878,0,3.18,0,1.194,1.08,0,4.2
1/31/2026,0:00, ,gtmsswq_20H100466_012126_050000.bin,San Sebastian,default user,0,50.246,0,32.91,0,4.27,0,94.8,0,7.99,0,25.45,8.56,7.99,0,-86.7,5.58,13.868,0,2.54,0,1.187,0.82,0,3.16
1/31/2026,0:15, ,gtmsswq_20H100466_012126_050000.bin,San Sebastian,default user,0,50.188,0,32.87,0,4.227,0,95.8,0,8.08,0,26.44,8.89,7.99,0,-86.8,5.59,13.854,0,3,0,1.184,0.95,0,3.66
1/31/2026,0:30, ,gtmsswq_20H100466_012126_050000.bin,San Sebastian,default user,0,50.184,0,32.86,0,4.201,0,94.9,0,8.01,0,26.4,8.87,7.99,0,-86.5,5.59,13.842,0,2.29,0,1.192,0.67,0,2.53
1/31/2026,0:45, ,gtmsswq_20H100466_012126_050000.bin,San Sebastian,default user,0,50.168,0,32.85,0,4.19,0,94.3,0,7.96,0,27.34,9.19,7.99,0,-86.4,5.59,13.844,0,2.67,0,1.196,0.82,0,3.16
1/31/2026,1:00, ,gtmsswq_20H100466_012126_050000.bin,San Sebastian,default user,0,50.29,0,32.94,0,4.208,0,89.3,0,7.53,0,24.44,8.22,7.97,0,-85.4,5.58,13.857,0,2.41,0,1.2,0.68,0,2.6
1/31/2026,1:15, ,gtmsswq_20H100466_012126_050000.bin,San Sebastian,default user,0,50.411,0,33.03,0,4.243,0,89.5,0,7.54,0,23.3,7.84,7.98,0,-85.8,5.59,13.858,0,2.49,0,1.196,0.69,0,2.61
1/31/2026,1:30, ,gtmsswq_20H100466_012126_050000.bin,San Sebastian,default user,0,50.507,0,33.1,0,4.31,0,93.6,0,7.89,0,22.46,7.56,7.99,0,-86.8,5.58,13.835,0,3.02,0,1.184,1.13,0,4.38
1/31/2026,1:45, ,gtmsswq_20H100466_012126_050000.bin,San Sebastian,default user,0,50.547,0,33.13,0,4.393,0,96.2,0,8.11,0,23.1,7.77,8.01,0,-87.5,5.59,13.817,0,3.12,0,1.185,1.02,0,3.96
1/31/2026,2:00, ,gtmsswq_20H100466_012126_050000.bin,San Sebastian,default user,0,50.624,0,33.18,0,4.487,0,97.4,0,8.21,0,22.8,7.67,8.01,0,-87.6,5.59,13.783,0,3.51,0,1.2,1.37,0,5.33
1/31/2026,2:15, ,gtmsswq_20H100466_012126_050000.bin,San Sebastian,default user,0,50.633,0,33.19,0,4.585,0,97.7,0,8.24,0,22.83,7.68,8.01,0,-87.8,5.59,13.781,0,3.23,0,1.196,1.15,0,4.47
1/31/2026,2:30, ,gtmsswq_20H100466_012126_050000.bin,San Sebastian,default user,0,50.612,0,33.17,0,4.684,0,98.4,0,8.3,0,22.71,7.65,8.01,0,-87.9,5.58,13.779,0,3.57,0,1.197,1.4,0,5.45
1/31/2026,2:45, ,gtmsswq_20H100466_012126_050000.bin,San Sebastian,default user,0,50.569,0,33.14,0,4.797,0,98.2,0,8.28,0,22.78,7.67,8.02,0,-88,5.59,13.789,0,4.07,0,1.192,1.43,0,5.58
1/31/2026,3:00, ,gtmsswq_20H100466_012126_050000.bin,San Sebastian,default user,0,50.568,0,33.14,0,4.91,0,98.1,0,8.27,0,22.15,7.46,8.02,0,-88.3,5.58,13.778,0,5.35,0,1.182,1.4,0,5.48
1/31/2026,3:15, ,gtmsswq_20H100466_012126_050000.bin,San Sebastian,default user,0,50.598,0,33.16,0,5.009,0,97.9,0,8.25,0,21.64,7.29,8.03,0,-88.7,5.58,13.794,0,3.95,0,1.187,1.3,0,5.06
1/31/2026,3:30, ,gtmsswq_20H100466_012126_050000.bin,San Sebastian,default user,0,50.642,0,33.2,0,5.1,0,97.6,0,8.22,0,21,7.07,8.03,0,-89,5.59,13.852,0,3.68,0,1.194,1.21,0,4.72
1/31/2026,3:45, ,gtmsswq_20H100466_012126_050000.bin,San Sebastian,default user,0,50.606,0,33.17,0,5.179,0,98,0,8.26,0,21.48,7.23,8.03,0,-88.7,5.57,13.804,0,4.64,0,1.198,1.38,0,5.37
1/31/2026,4:00, ,gtmsswq_20H100466_012126_050000.bin,San Sebastian,default user,0,50.674,0,33.22,0,5.262,0,97.9,0,8.24,0,20.15,6.79,8.04,0,-89.2,5.58,13.852,0,4.92,0,1.193,1.36,0,5.3
1/31/2026,4:15, ,gtmsswq_20H100466_012126_050000.bin,San Sebastian,default user,0,50.6,0,33.17,0,5.351,0,98.1,0,8.25,0,20.14,6.79,8.04,0,-89.4,5.58,13.881,0,5.53,0,1.192,1.27,0,4.95
1/31/2026,4:30, ,gtmsswq_20H100466_012126_050000.bin,San Sebastian,default user,0,50.55,0,33.13,0,5.442,0,98.2,0,8.26,0,19.88,6.7,8.04,0,-89.5,5.57,13.937,0,7.49,0,1.186,1.17,0,4.55
1/31/2026,4:45, ,gtmsswq_20H100466_012126_050000.bin,San Sebastian,default user,0,50.664,0,33.22,0,5.538,0,99.2,0,8.32,0,18.53,6.25,8.05,0,-90.3,5.58,14.064,0,7.13,0,1.184,1.37,0,5.34
1/31/2026,5:00, ,gtmsswq_20H100466_012126_050000.bin,San Sebastian,default user,0,51.024,0,33.49,0,5.623,0,100.4,0,8.36,0,15.5,5.24,8.07,0,-91.3,5.59,14.271,0,7.35,0,1.182,1.39,0,5.44
1/31/2026,5:15, ,gtmsswq_20H100466_012126_050000.bin,San Sebastian,default user,0,51.21,0,33.63,0,5.698,0,101,0,8.38,0,13.85,4.69,8.08,0,-91.9,5.58,14.421,0,6.75,0,1.191,1.42,0,5.55
1/31/2026,5:30, ,gtmsswq_20H100466_012126_050000.bin,San Sebastian,default user,0,51.273,0,33.68,0,5.768,0,101.3,0,8.4,0,13.37,4.53,8.08,0,-92.1,5.58,14.46,0,6.14,0,1.193,1.4,0,5.48
1/31/2026,5:45, ,gtmsswq_20H100466_012126_050000.bin,San Sebastian,default user,0,51.31,0,33.71,0,5.834,0,101.3,0,8.4,0,13.08,4.44,8.09,0,-92.2,5.57,14.477,0,6.35,0,1.19,1.68,0,6.58
1/31/2026,6:00, ,gtmsswq_20H100466_012126_050000.bin,San Sebastian,default user,0,51.271,0,33.68,0,5.894,0,101.4,0,8.4,0,13.16,4.46,8.09,0,-92.2,5.58,14.453,0,6.24,0,1.19,1.4,0,5.47
1/31/2026,6:15, ,gtmsswq_20H100466_012126_050000.bin,San Sebastian,default user,0,51.314,0,33.71,0,5.945,0,101.6,0,8.42,0,12.97,4.4,8.09,0,-92.4,5.59,14.467,0,6.31,0,1.189,1.32,0,5.15
1/31/2026,6:30, ,gtmsswq_20H100466_012126_050000.bin,San Sebastian,default user,0,51.359,0,33.74,0,5.99,0,101.6,0,8.41,0,12.69,4.31,8.09,0,-92.3,5.58,14.488,0,7.48,0,1.192,1.3,0,5.08
1/31/2026,6:45, ,gtmsswq_20H100466_012126_050000.bin,San Sebastian,default user,0,51.341,0,33.73,0,6.033,0,101.6,0,8.42,0,12.86,4.36,8.09,0,-92.3,5.59,14.457,0,5.36,0,1.188,4.6,0,18.25
1/31/2026,7:00, ,gtmsswq_20H100466_012126_050000.bin,San Sebastian,default user,0,51.403,0,33.77,0,6.049,0,101.5,0,8.41,0,12.43,4.22,8.09,0,-92.5,5.57,14.502,0,6.22,0,1.191,1.34,0,5.22
1/31/2026,7:15, ,gtmsswq_20H100466_012126_050000.bin,San Sebastian,default user,0,51.434,0,33.8,0,6.052,0,101.4,0,8.39,0,12.39,4.2,8.09,0,-92.4,5.58,14.502,0,5.61,0,1.192,1.48,0,5.8
1/31/2026,7:30, ,gtmsswq_20H100466_012126_050000.bin,San Sebastian,default user,0,51.417,0,33.78,0,6.046,0,101,0,8.37,0,12.4,4.21,8.09,0,-92.4,5.59,14.495,0,4,0,1.193,1.31,0,5.12
1/31/2026,7:45, ,gtmsswq_20H100466_012126_050000.bin,San Sebastian,default user,0,51.399,0,33.77,0,6.027,0,100.3,0,8.31,0,12.56,4.26,8.09,0,-92.2,5.58,14.478,0,4.4,0,1.191,0.97,0,3.76
1/31/2026,8:00, ,gtmsswq_20H100466_012126_050000.bin,San Sebastian,default user,0,51.294,0,33.69,0,5.995,0,97,0,8.05,0,13.44,4.55,8.07,0,-91.5,5.58,14.384,0,2.83,0,1.185,0.87,0,3.34
1/31/2026,8:15, ,gtmsswq_20H100466_012126_050000.bin,San Sebastian,default user,0,51.388,0,33.76,0,5.944,0,99.9,0,8.28,0,12.56,4.26,8.08,0,-92.1,5.57,14.451,0,2.93,0,1.186,0.63,0,2.37
1/31/2026,8:30, ,gtmsswq_20H100466_012126_050000.bin,San Sebastian,default user,0,51.257,0,33.66,0,5.885,0,98.5,0,8.21,0,13.9,4.71,8.07,0,-91.3,5.57,14.221,0,3.7,0,1.185,0.89,0,3.42
1/31/2026,8:45, ,gtmsswq_20H100466_012126_050000.bin,San Sebastian,default user,0,51.213,0,33.62,0,5.814,0,96.9,0,8.1,0,14.96,5.06,8.06,0,-90.8,5.58,14.068,0,3.31,0,1.184,1,0,3.88
1/31/2026,9:00, ,gtmsswq_20H100466_012126_050000.bin,San Sebastian,default user,0,51.202,0,33.61,0,5.74,0,96.6,0,8.08,0,15.14,5.12,8.06,0,-90.7,5.57,14.077,0,3.35,0,1.19,1.02,0,3.96
1/31/2026,9:15, ,gtmsswq_20H100466_012126_050000.bin,San Sebastian,default user,0,51.115,0,33.55,0,5.655,0,96.6,0,8.09,0,15.84,5.35,8.05,0,-90.3,5.58,13.965,0,2.9,0,1.194,0.95,0,3.67
1/31/2026,9:30, ,gtmsswq_20H100466_012126_050000.bin,San Sebastian,default user,0,51.135,0,33.56,0,5.56,0,95.8,0,8.03,0,16,5.41,8.05,0,-90,5.57,13.935,0,2.62,0,1.196,0.87,0,3.35
1/31/2026,9:45, ,gtmsswq_20H100466_012126_050000.bin,San Sebastian,default user,0,51.052,0,33.5,0,5.473,0,95.2,0,8.01,0,17.02,5.75,8.04,0,-89.5,5.57,13.817,0,2.55,0,1.182,0.72,0,2.73
1/31/2026,10:00, ,gtmsswq_20H100466_012126_050000.bin,San Sebastian,default user,0,51.033,0,33.48,0,5.389,0,96,0,8.07,0,16.98,5.74,8.04,0,-89.7,5.58,13.848,0,2.88,0,1.184,0.82,0,3.14
1/31/2026,10:15, ,gtmsswq_20H100466_012126_050000.bin,San Sebastian,default user,0,50.955,0,33.43,0,5.308,0,96.5,0,8.12,0,17.62,5.95,8.04,0,-89.6,5.57,13.839,0,3.6,0,1.184,0.79,0,3.01
1/31/2026,10:30, ,gtmsswq_20H100466_012126_050000.bin,San Sebastian,default user,0,50.895,0,33.38,0,5.229,0,97.3,0,8.17,0,17.84,6.02,8.05,0,-89.9,5.58,13.914,0,4.24,0,1.193,0.94,0,3.61
1/31/2026,10:45, ,gtmsswq_20H100466_012126_050000.bin,San Sebastian,default user,0,50.903,0,33.39,0,5.138,0,96.6,0,8.13,0,18.2,6.14,8.04,0,-89.3,5.56,13.806,0,2.77,0,1.192,0.73,0,2.8
1/31/2026,11:00, ,gtmsswq_20H100466_012126_050000.bin,San Sebastian,default user,0,50.868,0,33.36,0,5.06,0,97.4,0,8.2,0,18.81,6.34,8.04,0,-89.4,5.57,13.804,0,3.82,0,1.188,0.9,0,3.47
1/31/2026,11:15, ,gtmsswq_20H100466_012126_050000.bin,San Sebastian,default user,0,50.788,0,33.3,0,4.974,0,97.2,0,8.18,0,19.2,6.47,8.03,0,-89.1,5.58,13.834,0,2.84,0,1.183,0.79,0,3.04
1/31/2026,11:30, ,gtmsswq_20H100466_012126_050000.bin,San Sebastian,default user,0,50.836,0,33.34,0,4.886,0,98.1,0,8.25,0,19.08,6.43,8.03,0,-89.1,5.57,13.869,0,3.19,0,1.191,0.8,0,3.07
1/31/2026,11:45, ,gtmsswq_20H100466_012126_050000.bin,San Sebastian,default user,0,50.795,0,33.31,0,4.818,0,98.5,0,8.29,0,19.57,6.6,8.03,0,-89,5.58,13.85,0,3.41,0,1.191,0.76,0,2.89
1/31/2026,12:00, ,gtmsswq_20H100466_012126_050000.bin,San Sebastian,default user,0,50.675,0,33.22,0,4.747,0,98.5,0,8.29,0,20.91,7.05,8.02,0,-88.6,5.57,13.851,0,3.34,0,1.19,0.77,0,2.93
1/31/2026,12:15, ,gtmsswq_20H100466_012126_050000.bin,San Sebastian,default user,0,50.691,0,33.24,0,4.676,0,99,0,8.32,0,20.87,7.03,8.03,0,-88.7,5.57,13.94,0,3.33,0,1.192,0.81,0,3.09
1/31/2026,12:30, ,gtmsswq_20H100466_012126_050000.bin,San Sebastian,default user,0,50.657,0,33.21,0,4.609,0,99.8,0,8.38,0,21.25,7.16,8.03,0,-88.8,5.58,13.965,0,3.21,0,1.192,0.76,0,2.9
1/31/2026,12:45, ,gtmsswq_20H100466_012126_050000.bin,San Sebastian,default user,0,50.507,0,33.1,0,4.548,0,99.6,0,8.38,0,22.88,7.7,8.02,0,-88.2,5.57,13.933,0,3.04,0,1.191,0.7,0,2.68
1/31/2026,13:00, ,gtmsswq_20H100466_012126_050000.bin,San Sebastian,default user,0,50.426,0,33.04,0,4.492,0,99.6,0,8.38,0,23.55,7.92,8.01,0,-88,5.57,13.97,0,3.25,0,1.192,0.67,0,2.55
1/31/2026,13:15, ,gtmsswq_20H100466_012126_050000.bin,San Sebastian,default user,0,50.426,0,33.05,0,4.446,0,99.9,0,8.39,0,23.06,7.76,8.01,0,-87.9,5.56,14.016,0,2.88,0,1.19,0.62,0,2.36
1/31/2026,13:30, ,gtmsswq_20H100466_012126_050000.bin,San Sebastian,default user,0,50.439,0,33.06,0,4.414,0,99.4,0,8.34,0,23.43,7.88,8.02,0,-88.1,5.57,14.036,0,2.87,0,1.187,0.76,0,2.89
1/31/2026,13:45, ,gtmsswq_20H100466_012126_050000.bin,San Sebastian,default user,0,50.441,0,33.06,0,4.394,0,100.6,0,8.43,0,23.03,7.75,8.02,0,-88.3,5.58,14.12,0,2.59,0,1.191,0.88,0,3.4
1/31/2026,14:00, ,gtmsswq_20H100466_012126_050000.bin,San Sebastian,default user,0,50.399,0,33.03,0,4.415,0,97.5,0,8.19,0,23.29,7.84,8,0,-87.1,5.56,14.056,0,2.52,0,1.19,0.47,0,1.73
1/31/2026,14:15, ,gtmsswq_20H100466_012126_050000.bin,San Sebastian,default user,0,50.523,0,33.11,0,4.436,0,99.6,0,8.37,0,22.25,7.49,8.02,0,-88.4,5.57,13.964,0,2.78,0,1.194,0.97,0,3.76
1/31/2026,14:30, ,gtmsswq_20H100466_012126_050000.bin,San Sebastian,default user,0,50.513,0,33.11,0,4.478,0,94.4,0,7.94,0,22.21,7.48,8.01,0,-87.5,5.56,13.95,0,2.93,0,1.194,0.86,0,3.31
1/31/2026,14:45, ,gtmsswq_20H100466_012126_050000.bin,San Sebastian,default user,0,50.626,0,33.19,0,4.55,0,98.7,0,8.31,0,21.46,7.23,8.02,0,-88.2,5.57,13.886,0,3.08,0,1.194,1.14,0,4.44
1/31/2026,15:00, ,gtmsswq_20H100466_012126_050000.bin,San Sebastian,default user,0,50.633,0,33.19,0,4.609,0,97.5,0,8.21,0,21.28,7.17,8.01,0,-87.9,5.57,13.822,0,2.94,0,1.193,1.22,0,4.76
1/31/2026,15:15, ,gtmsswq_20H100466_012126_050000.bin,San Sebastian,default user,0,50.649,0,33.2,0,4.668,0,97.2,0,8.19,0,21.8,7.34,8.01,0,-87.8,5.56,13.801,0,2.91,0,1.188,1.11,0,4.3
1/31/2026,15:30, ,gtmsswq_20H100466_012126_050000.bin,San Sebastian,default user,0,50.669,0,33.22,0,4.751,0,97.5,0,8.22,0,22.12,7.45,8.01,0,-87.8,5.57,13.788,0,4.52,0,1.19,1.35,0,5.27
1/31/2026,15:45, ,gtmsswq_20H100466_012126_050000.bin,San Sebastian,default user,0,50.661,0,33.21,0,4.824,0,98.1,0,8.26,0,22.2,7.47,8.02,0,-88,5.56,13.805,0,3.76,0,1.193,1.14,0,4.43
1/31/2026,16:00, ,gtmsswq_20H100466_012126_050000.bin,San Sebastian,default user,0,50.655,0,33.21,0,4.902,0,98.3,0,8.28,0,21.87,7.36,8.02,0,-88.2,5.56,13.84,0,3.57,0,1.192,1.25,0,4.89
1/31/2026,16:15, ,gtmsswq_20H100466_012126_050000.bin,San Sebastian,default user,0,50.668,0,33.22,0,4.99,0,99.3,0,8.35,0,20.81,7.01,8.03,0,-88.8,5.57,13.905,0,4.96,0,1.193,1.21,0,4.73
1/31/2026,16:30, ,gtmsswq_20H100466_012126_050000.bin,San Sebastian,default user,0,50.75,0,33.28,0,5.072,0,99.8,0,8.37,0,19.69,6.64,8.04,0,-89.4,5.56,14.017,0,4.36,0,1.184,1.31,0,5.12
1/31/2026,16:45, ,gtmsswq_20H100466_012126_050000.bin,San Sebastian,default user,0,50.83,0,33.34,0,5.159,0,100.3,0,8.4,0,18.7,6.31,8.05,0,-89.9,5.56,14.051,0,3.93,0,1.189,1.26,0,4.9
1/31/2026,17:00, ,gtmsswq_20H100466_012126_050000.bin,San Sebastian,default user,0,50.778,0,33.3,0,5.228,0,99.5,0,8.36,0,19.6,6.61,8.04,0,-89.5,5.57,13.931,0,4.23,0,1.194,1.38,0,5.38
1/31/2026,17:15, ,gtmsswq_20H100466_012126_050000.bin,San Sebastian,default user,0,50.878,0,33.37,0,5.303,0,99.5,0,8.34,0,18.46,6.23,8.05,0,-90,5.56,14.001,0,4.9,0,1.196,1.31,0,5.11
1/31/2026,17:30, ,gtmsswq_20H100466_012126_050000.bin,San Sebastian,default user,0,50.893,0,33.39,0,5.357,0,99.6,0,8.35,0,18.22,6.15,8.05,0,-90.1,5.56,13.999,0,4.23,0,1.196,1.32,0,5.14
1/31/2026,17:45, ,gtmsswq_20H100466_012126_050000.bin,San Sebastian,default user,0,50.916,0,33.4,0,5.43,0,100,0,8.38,0,17.76,5.99,8.06,0,-90.4,5.57,13.988,0,4.76,0,1.2,1.23,0,4.79
1/31/2026,18:00, ,gtmsswq_20H100466_012126_050000.bin,San Sebastian,default user,0,50.818,0,33.33,0,5.488,0,99.7,0,8.36,0,17.6,5.94,8.05,0,-90.3,5.56,13.991,0,5.63,0,1.196,1.55,0,6.06
1/31/2026,18:15, ,gtmsswq_20H100466_012126_050000.bin,San Sebastian,default user,0,50.834,0,33.34,0,5.538,0,99.8,0,8.37,0,17.47,5.9,8.06,0,-90.4,5.56,13.971,0,4.55,0,1.193,1.44,0,5.63
1/31/2026,18:30, ,gtmsswq_20H100466_012126_050000.bin,San Sebastian,default user,0,50.873,0,33.37,0,5.559,0,99.9,0,8.38,0,17.33,5.85,8.06,0,-90.6,5.56,13.983,0,4.08,0,1.189,1.19,0,4.61
1/31/2026,18:45, ,gtmsswq_20H100466_012126_050000.bin,San Sebastian,default user,0,51.035,0,33.49,0,5.576,0,100.4,0,8.4,0,15.83,5.35,8.07,0,-91.1,5.57,14.066,0,5.45,0,1.187,5.8,0,23.05
1/31/2026,19:00, ,gtmsswq_20H100466_012126_050000.bin,San Sebastian,default user,0,51.089,0,33.53,0,5.593,0,100.4,0,8.4,0,15.53,5.25,8.07,0,-91.3,5.56,14.07,0,3.38,0,1.183,1.48,0,5.8
1/31/2026,19:15, ,gtmsswq_20H100466_012126_050000.bin,San Sebastian,default user,0,51.123,0,33.56,0,5.594,0,99.1,0,8.29,0,14.93,5.05,8.07,0,-91,5.56,14.078,0,3.27,0,1.185,1.14,0,4.44
1/31/2026,19:30, ,gtmsswq_20H100466_012126_050000.bin,San Sebastian,default user,0,51.146,0,33.57,0,5.569,0,92.6,0,7.74,0,14.42,4.88,8.04,0,-89.5,5.56,14.076,0,2.76,0,1.198,0.6,0,2.26
1/31/2026,19:45, ,gtmsswq_20H100466_012126_050000.bin,San Sebastian,default user,0,51.135,0,33.56,0,5.548,0,89.6,0,7.5,0,14.65,4.96,8.03,0,-88.9,5.56,14.038,0,3.78,0,1.201,0.74,0,2.82
1/31/2026,20:00, ,gtmsswq_20H100466_012126_050000.bin,San Sebastian,default user,0,51.009,0,33.46,0,5.497,0,99.5,0,8.38,0,16.22,5.48,8.07,0,-91.1,5.57,13.761,0,4.43,0,1.186,1.27,0,4.95
1/31/2026,20:15, ,gtmsswq_20H100466_012126_050000.bin,San Sebastian,default user,0,50.938,0,33.39,0,5.45,0,97.3,0,8.29,0,18.03,6.08,8.06,0,-90.3,5.56,13.189,0,3.44,0,1.186,1.24,0,4.84
1/31/2026,20:30, ,gtmsswq_20H100466_012126_050000.bin,San Sebastian,default user,0,50.926,0,33.38,0,5.412,0,97.6,0,8.31,0,18.46,6.23,8.06,0,-90.3,5.56,13.217,0,3.02,0,1.201,1.3,0,5.06
1/31/2026,20:45, ,gtmsswq_20H100466_012126_050000.bin,San Sebastian,default user,0,50.912,0,33.37,0,5.366,0,97.1,0,8.29,0,18.46,6.23,8.06,0,-90.2,5.55,13.11,0,3.56,0,1.191,1.18,0,4.57
1/31/2026,21:00, ,gtmsswq_20H100466_012126_050000.bin,San Sebastian,default user,0,50.934,0,33.38,0,5.307,0,96.5,0,8.27,0,18.28,6.17,8.05,0,-90,5.55,12.939,0,3.14,0,1.187,0.96,0,3.71
1/31/2026,21:15, ,gtmsswq_20H100466_012126_050000.bin,San Sebastian,default user,0,51.015,0,33.42,0,5.256,0,96.5,0,8.31,0,19.16,6.46,8.05,0,-89.9,5.56,12.677,0,3.34,0,1.192,1.2,0,4.66
1/31/2026,21:30, ,gtmsswq_20H100466_012126_050000.bin,San Sebastian,default user,0,51.018,0,33.43,0,5.192,0,96.5,0,8.3,0,19.18,6.47,8.05,0,-89.9,5.55,12.775,0,3.22,0,1.195,1.12,0,4.33
1/31/2026,21:45, ,gtmsswq_20H100466_012126_050000.bin,San Sebastian,default user,0,50.938,0,33.37,0,5.122,0,96.2,0,8.29,0,19.59,6.61,8.05,0,-89.7,5.56,12.643,0,2.83,0,1.192,1.12,0,4.35
1/31/2026,22:00, ,gtmsswq_20H100466_012126_050000.bin,San Sebastian,default user,0,50.914,0,33.35,0,5.067,0,96.4,0,8.3,0,19.8,6.67,8.05,0,-89.7,5.54,12.677,0,3.36,0,1.184,1.25,0,4.88
1/31/2026,22:15, ,gtmsswq_20H100466_012126_050000.bin,San Sebastian,default user,0,50.895,0,33.33,0,5.026,0,95.9,0,8.28,0,20.53,6.92,8.04,0,-89.4,5.55,12.559,0,2.71,0,1.192,1.03,0,3.98
1/31/2026,22:30, ,gtmsswq_20H100466_012126_050000.bin,San Sebastian,default user,0,50.875,0,33.32,0,4.97,0,96,0,8.3,0,20.91,7.04,8.04,0,-89.2,5.56,12.56,0,2.79,0,1.191,1.1,0,4.26
1/31/2026,22:45, ,gtmsswq_20H100466_012126_050000.bin,San Sebastian,default user,0,50.815,0,33.27,0,4.892,0,95.9,0,8.3,0,21.68,7.3,8.04,0,-89,5.55,12.503,0,3.24,0,1.184,0.96,0,3.71
1/31/2026,23:00, ,gtmsswq_20H100466_012126_050000.bin,San Sebastian,default user,0,50.767,0,33.23,0,4.816,0,96.1,0,8.32,0,22.78,7.67,8.04,0,-89.1,5.55,12.446,0,3.1,0,1.19,1.13,0,4.39
1/31/2026,23:15, ,gtmsswq_20H100466_012126_050000.bin,San Sebastian,default user,0,50.73,0,33.19,0,4.712,0,95.2,0,8.3,0,22.86,7.69,8.03,0,-88.6,5.54,12.181,0,3.97,0,1.189,0.94,0,3.62
1/31/2026,23:30, ,gtmsswq_20H100466_012126_050000.bin,San Sebastian,default user,0,50.774,0,33.22,0,4.611,0,95.3,0,8.32,0,23.64,7.95,8.03,0,-88.5,5.55,12.091,0,3.62,0,1.19,0.99,0,3.83
1/31/2026,23:45, ,gtmsswq_20H100466_012126_050000.bin,San Sebastian,default user,0,50.675,0,33.14,0,4.521,0,95,0,8.32,0,24.16,8.13,8.03,0,-88.3,5.56,11.981,0,3.21,0,1.194,1.34,0,5.24
2/1/2026,0:00, ,gtmsswq_20H100466_012126_050000.bin,San Sebastian,default user,0,50.572,0,33.07,0,4.453,0,95,0,8.32,0,24.94,8.39,8.02,0,-88.1,5.54,11.966,0,3.37,0,1.196,1.06,0,4.11
2/1/2026,0:15, ,gtmsswq_20H100466_012126_050000.bin,San Sebastian,default user,0,50.489,0,33,0,4.384,0,95,0,8.34,0,26.11,8.78,8.02,0,-88,5.55,11.888,0,3.17,0,1.196,1.01,0,3.9
2/1/2026,0:30, ,gtmsswq_20H100466_012126_050000.bin,San Sebastian,default user,0,50.405,0,32.95,0,4.325,0,94.8,0,8.32,0,26.55,8.92,8.02,0,-87.9,5.54,11.925,0,3.24,0,1.199,1.08,0,4.2
2/1/2026,0:45, ,gtmsswq_20H100466_012126_050000.bin,San Sebastian,default user,0,50.348,0,32.9,0,4.277,0,93.9,0,8.25,0,27.36,9.2,8.01,0,-87.6,5.54,11.865,0,2.76,0,1.197,1.03,0,3.97
2/1/2026,1:00, ,gtmsswq_20H100466_012126_050000.bin,San Sebastian,default user,0,50.285,0,32.85,0,4.209,0,93.8,0,8.25,0,27.88,9.37,8.01,0,-87.4,5.55,11.804,0,2.46,0,1.197,0.72,0,2.76
2/1/2026,1:15, ,gtmsswq_20H100466_012126_050000.bin,San Sebastian,default user,0,50.218,0,32.8,0,4.185,0,93.8,0,8.26,0,28.5,9.58,8.01,0,-87.4,5.54,11.773,0,2.72,0,1.195,0.97,0,3.75
2/1/2026,1:30, ,gtmsswq_20H100466_012126_050000.bin,San Sebastian,default user,0,50.432,0,32.95,0,4.184,0,92.5,0,8.15,0,26.04,8.75,8.01,0,-87.4,5.54,11.695,0,4.05,0,1.193,1.04,0,4.01
2/1/2026,1:45, ,gtmsswq_20H100466_012126_050000.bin,San Sebastian,default user,0,50.514,0,33.01,0,4.178,0,93.2,0,8.22,0,25.49,8.57,8.02,0,-87.7,5.53,11.661,0,4.24,0,1.193,1.22,0,4.75
2/1/2026,2:00, ,gtmsswq_20H100466_012126_050000.bin,San Sebastian,default user,0,50.581,0,33.06,0,4.204,0,92.6,0,8.15,0,24.61,8.28,8.02,0,-87.6,5.54,11.711,0,4.46,0,1.189,1,0,3.88
2/1/2026,2:15, ,gtmsswq_20H100466_012126_050000.bin,San Sebastian,default user,0,50.685,0,33.15,0,4.246,0,94,0,8.24,0,23.77,8,8.02,0,-88.1,5.55,11.897,0,4.68,0,1.19,1.19,0,4.61
2/1/2026,2:30, ,gtmsswq_20H100466_012126_050000.bin,San Sebastian,default user,0,50.722,0,33.18,0,4.322,0,95.2,0,8.35,0,23.66,7.96,8.03,0,-88.3,5.54,11.922,0,4.64,0,1.192,1.17,0,4.53
2/1/2026,2:45, ,gtmsswq_20H100466_012126_050000.bin,San Sebastian,default user,0,50.765,0,33.21,0,4.412,0,95.2,0,8.33,0,23.08,7.77,8.02,0,-88.2,5.54,11.972,0,4.07,0,1.192,1.11,0,4.29
2/1/2026,3:00, ,gtmsswq_20H100466_012126_050000.bin,San Sebastian,default user,0,50.789,0,33.23,0,4.533,0,96.1,0,8.39,0,23.25,7.83,8.03,0,-88.3,5.53,12.049,0,3.74,0,1.189,1.26,0,4.92
2/1/2026,3:15, ,gtmsswq_20H100466_012126_050000.bin,San Sebastian,default user,0,50.777,0,33.22,0,4.636,0,96.3,0,8.41,0,23.71,7.98,8.03,0,-88.5,5.54,12.062,0,4.29,0,1.187,1.24,0,4.82
2/1/2026,3:30, ,gtmsswq_20H100466_012126_050000.bin,San Sebastian,default user,0,50.76,0,33.21,0,4.743,0,96.3,0,8.4,0,23.36,7.86,8.03,0,-88.5,5.55,12.104,0,4.57,0,1.185,1.27,0,4.95
2/1/2026,3:45, ,gtmsswq_20H100466_012126_050000.bin,San Sebastian,default user,0,50.736,0,33.18,0,4.836,0,96.3,0,8.47,0,23.35,7.86,8.04,0,-89,5.54,11.713,0,4.3,0,1.192,1.4,0,5.48
2/1/2026,4:00, ,gtmsswq_20H100466_012126_050000.bin,San Sebastian,default user,0,50.771,0,33.2,0,4.937,0,96.3,0,8.47,0,22.46,7.56,8.04,0,-89.2,5.54,11.765,0,4.57,0,1.199,1.23,0,4.79
2/1/2026,4:15, ,gtmsswq_20H100466_012126_050000.bin,San Sebastian,default user,0,50.911,0,33.3,0,5.026,0,95.8,0,8.43,0,21.94,7.39,8.05,0,-89.4,5.53,11.699,0,4.6,0,1.199,1.28,0,4.98
2/1/2026,4:30, ,gtmsswq_20H100466_012126_050000.bin,San Sebastian,default user,0,50.892,0,33.28,0,5.129,0,95.6,0,8.44,0,21.58,7.27,8.05,0,-89.6,5.54,11.517,0,4.41,0,1.191,1.21,0,4.73
2/1/2026,4:45, ,gtmsswq_20H100466_012126_050000.bin,San Sebastian,default user,0,50.862,0,33.28,0,5.226,0,96.1,0,8.4,0,22.89,7.7,8.04,0,-89.2,5.55,12.002,0,5.01,0,1.182,1.3,0,5.08
2/1/2026,5:00, ,gtmsswq_20H100466_012126_050000.bin,San Sebastian,default user,0,50.891,0,33.31,0,5.324,0,95.9,0,8.37,0,20.61,6.94,8.05,0,-89.5,5.54,12.059,0,5.44,0,1.19,1.46,0,5.71
2/1/2026,5:15, ,gtmsswq_20H100466_012126_050000.bin,San Sebastian,default user,0,50.826,0,33.26,0,5.419,0,96.2,0,8.4,0,20.86,7.03,8.05,0,-89.6,5.54,12.077,0,5.51,0,1.187,1.45,0,5.67
2/1/2026,5:30, ,gtmsswq_20H100466_012126_050000.bin,San Sebastian,default user,0,51.182,0,33.52,0,5.498,0,99.2,0,8.63,0,16.75,5.66,8.07,0,-91.1,5.53,12.166,0,8.72,0,1.188,1.61,0,6.32
2/1/2026,5:45, ,gtmsswq_20H100466_012126_050000.bin,San Sebastian,default user,0,51.328,0,33.65,0,5.586,0,99.7,0,8.58,0,14.34,4.85,8.1,0,-92.5,5.53,12.639,0,11.53,0,1.183,1.45,0,5.65
2/1/2026,6:00, ,gtmsswq_20H100466_012126_050000.bin,San Sebastian,default user,0,51.382,0,33.7,0,5.673,0,99.8,0,8.57,0,14.07,4.76,8.1,0,-92.7,5.55,12.794,0,9.18,0,1.183,1.23,0,4.78
2/1/2026,6:15, ,gtmsswq_20H100466_012126_050000.bin,San Sebastian,default user,0,51.446,0,33.75,0,5.753,0,100,0,8.55,0,13.45,4.56,8.1,0,-93,5.54,12.943,0,7.89,0,1.191,1.6,0,6.25
2/1/2026,6:30, ,gtmsswq_20H100466_012126_050000.bin,San Sebastian,default user,0,51.479,0,33.77,0,5.824,0,99.7,0,8.53,0,13.53,4.58,8.1,0,-92.8,5.55,12.877,0,6.85,0,1.201,1.9,0,7.46
2/1/2026,6:45, ,gtmsswq_20H100466_012126_050000.bin,San Sebastian,default user,0,51.429,0,33.74,0,5.892,0,99.7,0,8.51,0,13.38,4.53,8.1,0,-92.9,5.55,12.97,0,6.13,0,1.197,0.89,0,3.42
2/1/2026,7:00, ,gtmsswq_20H100466_012126_050000.bin,San Sebastian,default user,0,51.482,0,33.78,0,5.95,0,99.6,0,8.5,0,13.19,4.47,8.11,0,-93,5.54,12.988,0,6.15,0,1.194,1.32,0,5.15
2/1/2026,7:15, ,gtmsswq_20H100466_012126_050000.bin,San Sebastian,default user,0,51.579,0,33.86,0,6.006,0,99.4,0,8.45,0,12.55,4.26,8.1,0,-93,5.54,13.208,0,5.84,0,1.191,1.39,0,5.43
2/1/2026,7:30, ,gtmsswq_20H100466_012126_050000.bin,San Sebastian,default user,0,51.563,0,33.84,0,6.067,0,99.3,0,8.46,0,12.73,4.32,8.11,0,-93,5.53,13.074,0,5.12,0,1.189,1.29,0,5.03
2/1/2026,7:45, ,gtmsswq_20H100466_012126_050000.bin,San Sebastian,default user,0,51.531,0,33.82,0,6.112,0,99.2,0,8.46,0,12.81,4.34,8.11,0,-93,5.54,13.002,0,4.96,0,1.19,1.22,0,4.75
2/1/2026,8:00, ,gtmsswq_20H100466_012126_050000.bin,San Sebastian,default user,0,51.561,0,33.84,0,6.137,0,99.2,0,8.44,0,12.34,4.19,8.1,0,-93,5.54,13.126,0,4.29,0,1.189,1.31,0,5.12
2/1/2026,8:15, ,gtmsswq_20H100466_012126_050000.bin,San Sebastian,default user,0,51.579,0,33.85,0,6.152,0,99,0,8.45,0,12.66,4.29,8.11,0,-93,5.53,12.985,0,4.22,0,1.188,1.08,0,4.19
2/1/2026,8:30, ,gtmsswq_20H100466_012126_050000.bin,San Sebastian,default user,0,51.548,0,33.82,0,6.164,0,98.9,0,8.48,0,12.97,4.4,8.11,0,-93.1,5.53,12.759,0,3.95,0,1.189,1.33,0,5.2
2/1/2026,8:45, ,gtmsswq_20H100466_012126_050000.bin,San Sebastian,default user,0,51.543,0,33.81,0,6.159,0,98.4,0,8.45,0,12.95,4.39,8.1,0,-92.9,5.54,12.694,0,4.13,0,1.184,1.72,0,6.75
2/1/2026,9:00, ,gtmsswq_20H100466_012126_050000.bin,San Sebastian,default user,0,51.5,0,33.77,0,6.14,0,98,0,8.44,0,13.5,4.57,8.1,0,-92.7,5.54,12.556,0,3.38,0,1.185,2,0,7.88
2/1/2026,9:15, ,gtmsswq_20H100466_012126_050000.bin,San Sebastian,default user,0,51.563,0,33.83,0,6.093,0,91.4,0,7.82,0,12.47,4.23,8.07,0,-91,5.53,12.85,0,3.23,0,1.193,0.87,0,3.36
2/1/2026,9:30, ,gtmsswq_20H100466_012126_050000.bin,San Sebastian,default user,0,51.578,0,33.84,0,6.04,0,98.3,0,8.42,0,12.59,4.27,8.11,0,-93,5.54,12.8,0,2.75,0,1.191,0.88,0,3.38
2/1/2026,9:45, ,gtmsswq_20H100466_012126_050000.bin,San Sebastian,default user,0,51.57,0,33.82,0,5.972,0,98.9,0,8.53,0,12.65,4.29,8.11,0,-93.2,5.54,12.471,0,4.08,0,1.191,0.91,0,3.52
2/1/2026,10:00, ,gtmsswq_20H100466_012126_050000.bin,San Sebastian,default user,0,51.619,0,33.85,0,5.909,0,99,0,8.56,0,13.1,4.44,8.11,0,-93.1,5.53,12.329,0,3.21,0,1.196,0.86,0,3.31
2/1/2026,10:15, ,gtmsswq_20H100466_012126_050000.bin,San Sebastian,default user,0,51.484,0,33.74,0,5.838,0,98.8,0,8.59,0,13.68,4.63,8.11,0,-92.9,5.54,12.134,0,3.07,0,1.198,0.91,0,3.49
2/1/2026,10:30, ,gtmsswq_20H100466_012126_050000.bin,San Sebastian,default user,0,51.499,0,33.75,0,5.769,0,98.8,0,8.6,0,14.12,4.78,8.1,0,-92.7,5.53,12.043,0,3.16,0,1.196,0.87,0,3.34
2/1/2026,10:45, ,gtmsswq_20H100466_012126_050000.bin,San Sebastian,default user,0,51.492,0,33.73,0,5.687,0,98.5,0,8.61,0,14.64,4.95,8.1,0,-92.4,5.53,11.877,0,2.66,0,1.192,0.89,0,3.42
2/1/2026,11:00, ,gtmsswq_20H100466_012126_050000.bin,San Sebastian,default user,0,51.424,0,33.67,0,5.596,0,99.2,0,8.71,0,15.14,5.12,8.1,0,-92.5,5.54,11.666,0,3.31,0,1.191,0.67,0,2.56
2/1/2026,11:15, ,gtmsswq_20H100466_012126_050000.bin,San Sebastian,default user,0,51.397,0,33.64,0,5.504,0,99.1,0,8.76,0,15.86,5.36,8.1,0,-92.2,5.52,11.366,0,3.32,0,1.184,0.7,0,2.67
2/1/2026,11:30, ,gtmsswq_20H100466_012126_050000.bin,San Sebastian,default user,0,51.403,0,33.63,0,5.398,0,99.3,0,8.81,0,16.47,5.56,8.09,0,-91.9,5.53,11.168,0,2.98,0,1.184,0.66,0,2.5
2/1/2026,11:45, ,gtmsswq_20H100466_012126_050000.bin,San Sebastian,default user,0,51.371,0,33.62,0,5.305,0,99.9,0,8.82,0,16.49,5.57,8.09,0,-92,5.52,11.454,0,3.51,0,1.194,0.67,0,2.54
2/1/2026,12:00, ,gtmsswq_20H100466_012126_050000.bin,San Sebastian,default user,0,51.336,0,33.59,0,5.208,0,100.2,0,8.87,0,16.8,5.68,8.09,0,-91.8,5.53,11.319,0,2.96,0,1.193,0.73,0,2.77
2/1/2026,12:15, ,gtmsswq_20H100466_012126_050000.bin,San Sebastian,default user,0,51.413,0,33.63,0,5.11,0,100.9,0,8.98,0,16.71,5.64,8.09,0,-91.8,5.53,11.086,0,3.08,0,1.195,0.53,0,1.98
2/1/2026,12:30, ,gtmsswq_20H100466_012126_050000.bin,San Sebastian,default user,0,51.271,0,33.54,0,5.025,0,100.6,0,8.93,0,17.93,6.05,8.09,0,-91.5,5.52,11.214,0,3.41,0,1.194,0.62,0,2.34
2/1/2026,12:45, ,gtmsswq_20H100466_012126_050000.bin,San Sebastian,default user,0,51.19,0,33.48,0,4.943,0,101.1,0,8.97,0,18.93,6.39,8.08,0,-91.2,5.53,11.211,0,3.94,0,1.193,0.7,0,2.66
2/1/2026,13:00, ,gtmsswq_20H100466_012126_050000.bin,San Sebastian,default user,0,51.172,0,33.48,0,4.861,0,101.6,0,8.98,0,18.62,6.28,8.08,0,-91.4,5.52,11.426,0,3.4,0,1.193,0.68,0,2.57
2/1/2026,13:15, ,gtmsswq_20H100466_012126_050000.bin,San Sebastian,default user,0,51.101,0,33.42,0,4.777,0,102.5,0,9.08,0,19.83,6.68,8.08,0,-91,5.54,11.314,0,3.15,0,1.192,0.59,0,2.24
2/1/2026,13:30, ,gtmsswq_20H100466_012126_050000.bin,San Sebastian,default user,0,51.09,0,33.42,0,4.699,0,103,0,9.11,0,20.26,6.83,8.08,0,-91,5.53,11.409,0,2.99,0,1.188,0.69,0,2.65
2/1/2026,13:45, ,gtmsswq_20H100466_012126_050000.bin,San Sebastian,default user,0,51.078,0,33.41,0,4.632,0,102.9,0,9.11,0,20.9,7.04,8.07,0,-90.9,5.52,11.372,0,3.27,0,1.183,0.67,0,2.55
2/1/2026,14:00, ,gtmsswq_20H100466_012126_050000.bin,San Sebastian,default user,0,50.862,0,33.24,0,4.581,0,103.1,0,9.16,0,22.74,7.65,8.07,0,-90.5,5.53,11.231,0,3.12,0,1.184,0.61,0,2.3
2/1/2026,14:15, ,gtmsswq_20H100466_012126_050000.bin,San Sebastian,default user,0,50.919,0,33.29,0,4.544,0,103.5,0,9.19,0,22.33,7.52,8.07,0,-90.6,5.51,11.274,0,2.68,0,1.184,0.74,0,2.83
2/1/2026,14:30, ,gtmsswq_20H100466_012126_050000.bin,San Sebastian,default user,0,50.794,0,33.19,0,4.531,0,102.2,0,9.09,0,22.95,7.72,8.06,0,-90.1,5.52,11.197,0,2.56,0,1.184,0.7,0,2.67
2/1/2026,14:45, ,gtmsswq_20H100466_012126_050000.bin,San Sebastian,default user,0,50.816,0,33.21,0,4.52,0,102.2,0,9.09,0,22.49,7.57,8.07,0,-90.3,5.53,11.198,0,3.03,0,1.201,0.71,0,2.72
2/1/2026,15:00, ,gtmsswq_20H100466_012126_050000.bin,San Sebastian,default user,0,50.763,0,33.16,0,4.53,0,99.2,0,8.84,0,23.03,7.75,8.05,0,-89.3,5.51,11.141,0,2.84,0,1.198,0.59,0,2.22
2/1/2026,15:15, ,gtmsswq_20H100466_012126_050000.bin,San Sebastian,default user,0,50.917,0,33.28,0,4.572,0,100,0,8.88,0,20.87,7.03,8.06,0,-89.8,5.53,11.27,0,3.31,0,1.185,0.63,0,2.4
2/1/2026,15:30, ,gtmsswq_20H100466_012126_050000.bin,San Sebastian,default user,0,50.962,0,33.32,0,4.615,0,101.6,0,9.01,0,20.79,7,8.07,0,-90.5,5.51,11.355,0,3.48,0,1.19,0.98,0,3.78
2/1/2026,15:45, ,gtmsswq_20H100466_012126_050000.bin,San Sebastian,default user,0,50.989,0,33.34,0,4.664,0,100.7,0,8.91,0,20.63,6.95,8.06,0,-90.3,5.52,11.398,0,3.31,0,1.196,0.86,0,3.31
2/1/2026,16:00, ,gtmsswq_20H100466_012126_050000.bin,San Sebastian,default user,0,50.986,0,33.34,0,4.737,0,99.9,0,8.86,0,21.16,7.13,8.06,0,-89.8,5.53,11.35,0,3.41,0,1.199,1.15,0,4.46
2/1/2026,16:15, ,gtmsswq_20H100466_012126_050000.bin,San Sebastian,default user,0,51.032,0,33.37,0,4.815,0,100.1,0,8.88,0,21.35,7.19,8.06,0,-89.8,5.51,11.271,0,3.09,0,1.193,1.41,0,5.5
2/1/2026,16:30, ,gtmsswq_20H100466_012126_050000.bin,San Sebastian,default user,0,51.046,0,33.38,0,4.883,0,99.6,0,8.83,0,20.73,6.98,8.06,0,-89.9,5.53,11.312,0,3.42,0,1.189,1.04,0,4.01
2/1/2026,16:45, ,gtmsswq_20H100466_012126_050000.bin,San Sebastian,default user,0,51.091,0,33.41,0,4.982,0,100.8,0,8.93,0,20.35,6.86,8.06,0,-90.3,5.51,11.348,0,3.94,0,1.183,1.41,0,5.52
2/1/2026,17:00, ,gtmsswq_20H100466_012126_050000.bin,San Sebastian,default user,0,51.114,0,33.44,0,5.069,0,101,0,8.93,0,19.63,6.62,8.07,0,-90.7,5.51,11.436,0,4.18,0,1.189,1.29,0,5.02
2/1/2026,17:15, ,gtmsswq_20H100466_012126_050000.bin,San Sebastian,default user,0,51.129,0,33.45,0,5.142,0,101.2,0,8.93,0,19.33,6.52,8.08,0,-91,5.53,11.528,0,4.55,0,1.191,1.28,0,4.97
2/1/2026,17:30, ,gtmsswq_20H100466_012126_050000.bin,San Sebastian,default user,0,51.161,0,33.48,0,5.222,0,101.8,0,8.95,0,18.45,6.22,8.08,0,-91.4,5.51,11.675,0,4.53,0,1.196,1.37,0,5.34
2/1/2026,17:45, ,gtmsswq_20H100466_012126_050000.bin,San Sebastian,default user,0,51.204,0,33.52,0,5.3,0,102,0,8.95,0,17.77,6,8.09,0,-91.8,5.53,11.762,0,4.36,0,1.192,1.47,0,5.74
2/1/2026,18:00, ,gtmsswq_20H100466_012126_050000.bin,San Sebastian,default user,0,51.236,0,33.54,0,5.378,0,101.4,0,8.89,0,17.44,5.89,8.09,0,-91.8,5.51,11.762,0,4.52,0,1.191,1.45,0,5.65
2/1/2026,18:15, ,gtmsswq_20H100466_012126_050000.bin,San Sebastian,default user,0,51.268,0,33.57,0,5.446,0,101.2,0,8.86,0,16.93,5.72,8.09,0,-91.9,5.51,11.822,0,4.26,0,1.186,1.33,0,5.2
2/1/2026,18:30, ,gtmsswq_20H100466_012126_050000.bin,San Sebastian,default user,0,51.305,0,33.6,0,5.519,0,101.2,0,8.84,0,16.5,5.58,8.09,0,-92.1,5.52,11.94,0,4.45,0,1.182,1.36,0,5.3
2/1/2026,18:45, ,gtmsswq_20H100466_012126_050000.bin,San Sebastian,default user,0,51.302,0,33.6,0,5.586,0,101.4,0,8.85,0,16.17,5.46,8.1,0,-92.3,5.51,11.982,0,4.5,0,1.197,1.3,0,5.09
2/1/2026,19:00, ,gtmsswq_20H100466_012126_050000.bin,San Sebastian,default user,0,51.343,0,33.64,0,5.649,0,102.2,0,8.91,0,15.21,5.14,8.09,0,-92.2,5.52,12.068,0,6.67,0,1.199,1.46,0,5.7
2/1/2026,19:15, ,gtmsswq_20H100466_012126_050000.bin,San Sebastian,default user,0,51.342,0,33.63,0,5.704,0,103.2,0,8.99,0,14.99,5.07,8.1,0,-92.3,5.51,12.075,0,7.14,0,1.197,1.41,0,5.49
2/1/2026,19:30, ,gtmsswq_20H100466_012126_050000.bin,San Sebastian,default user,0,51.287,0,33.59,0,5.751,0,102.9,0,8.97,0,15.36,5.19,8.1,0,-92.3,5.52,12.056,0,6.04,0,1.196,1.59,0,6.21
2/1/2026,19:45, ,gtmsswq_20H100466_012126_050000.bin,San Sebastian,default user,0,51.312,0,33.61,0,5.789,0,102.7,0,8.95,0,15.43,5.22,8.1,0,-92.5,5.53,12.06,0,4.95,0,1.193,1.48,0,5.79
2/1/2026,20:00, ,gtmsswq_20H100466_012126_050000.bin,San Sebastian,default user,0,51.319,0,33.62,0,5.822,0,103,0,8.98,0,15.63,5.29,8.1,0,-92.6,5.51,12.064,0,4.53,0,1.188,1.35,0,5.27
2/1/2026,20:15, ,gtmsswq_20H100466_012126_050000.bin,San Sebastian,default user,0,51.374,0,33.67,0,5.849,0,102.7,0,8.89,0,14.34,4.85,8.1,0,-92.7,5.52,12.359,0,3.98,0,1.182,1.23,0,4.77
2/1/2026,20:30, ,gtmsswq_20H100466_012126_050000.bin,San Sebastian,default user,0,51.412,0,33.7,0,5.862,0,102.6,0,8.89,0,14.47,4.9,8.1,0,-92.6,5.51,12.285,0,3.74,0,1.182,1.36,0,5.29
2/1/2026,20:45, ,gtmsswq_20H100466_012126_050000.bin,San Sebastian,default user,0,51.474,0,33.75,0,5.859,0,101.6,0,8.78,0,13.88,4.7,8.1,0,-92.7,5.52,12.41,0,3.1,0,1.195,1.55,0,6.06
2/1/2026,21:00, ,gtmsswq_20H100466_012126_050000.bin,San Sebastian,default user,0,51.458,0,33.73,0,5.853,0,99.1,0,8.57,0,13.73,4.65,8.09,0,-91.9,5.53,12.378,0,3.26,0,1.199,0.88,0,3.4
2/1/2026,21:15, ,gtmsswq_20H100466_012126_050000.bin,San Sebastian,default user,0,51.466,0,33.74,0,5.814,0,99.3,0,8.58,0,13.59,4.6,8.09,0,-92.2,5.52,12.411,0,2.54,0,1.197,1.31,0,5.09
2/1/2026,21:30, ,gtmsswq_20H100466_012126_050000.bin,San Sebastian,default user,0,51.351,0,33.63,0,5.767,0,100.2,0,8.78,0,15.3,5.17,8.1,0,-92.2,5.52,11.834,0,5.19,0,1.182,1.41,0,5.51
2/1/2026,21:45, ,gtmsswq_20H100466_012126_050000.bin,San Sebastian,default user,0,51.341,0,33.61,0,5.719,0,99.9,0,8.79,0,15.94,5.39,8.09,0,-92,5.52,11.626,0,3.51,0,1.186,1.18,0,4.6
2/1/2026,22:00, ,gtmsswq_20H100466_012126_050000.bin,San Sebastian,default user,0,51.363,0,33.63,0,5.657,0,99.9,0,8.78,0,15.73,5.32,8.1,0,-92.2,5.51,11.683,0,3.77,0,1.197,1.17,0,4.54
2/1/2026,22:15, ,gtmsswq_20H100466_012126_050000.bin,San Sebastian,default user,0,51.367,0,33.61,0,5.575,0,98.7,0,8.73,0,16.58,5.6,8.09,0,-91.7,5.51,11.341,0,3.06,0,1.198,1.21,0,4.69
2/1/2026,22:30, ,gtmsswq_20H100466_012126_050000.bin,San Sebastian,default user,0,51.353,0,33.6,0,5.495,0,98.4,0,8.72,0,16.95,5.72,8.09,0,-91.6,5.52,11.256,0,3.69,0,1.201,1.13,0,4.39
2/1/2026,22:45, ,gtmsswq_20H100466_012126_050000.bin,San Sebastian,default user,0,51.371,0,33.59,0,5.401,0,97.1,0,8.67,0,17.46,5.89,8.08,0,-91.3,5.5,10.944,0,3.36,0,1.194,1.02,0,3.95
2/1/2026,23:00, ,gtmsswq_20H100466_012126_050000.bin,San Sebastian,default user,0,51.337,0,33.57,0,5.314,0,97.3,0,8.68,0,17.82,6.02,8.08,0,-91.3,5.51,10.965,0,2.96,0,1.187,1.04,0,4.04
2/1/2026,23:15, ,gtmsswq_20H100466_012126_050000.bin,San Sebastian,default user,0,51.397,0,33.6,0,5.221,0,96,0,8.61,0,18.29,6.17,8.08,0,-91.1,5.52,10.738,0,3.66,0,1.192,1.23,0,4.8
2/1/2026,23:30, ,gtmsswq_20H100466_012126_050000.bin,San Sebastian,default user,0,51.325,0,33.55,0,5.125,0,96.5,0,8.66,0,18.78,6.33,8.08,0,-91.1,5.5,10.717,0,3.39,0,1.199,1.31,0,5.1
2/1/2026,23:45, ,gtmsswq_20H100466_012126_050000.bin,San Sebastian,default user,0,51.291,0,33.51,0,5.031,0,96.1,0,8.65,0,19.17,6.46,8.08,0,-90.9,5.5,10.579,0,3.13,0,1.197,1,0,3.86
2/2/2026,0:00, ,gtmsswq_20H100466_012126_050000.bin,San Sebastian,default user,0,51.299,0,33.51,0,4.933,0,95.8,0,8.65,0,19.73,6.65,8.08,0,-90.9,5.51,10.456,0,3.44,0,1.196,1.08,0,4.17
2/2/2026,0:15, ,gtmsswq_20H100466_012126_050000.bin,San Sebastian,default user,0,51.149,0,33.41,0,4.838,0,95.9,0,8.64,0,20.41,6.88,8.07,0,-90.4,5.51,10.578,0,3.81,0,1.197,1.02,0,3.95
2/2/2026,0:30, ,gtmsswq_20H100466_012126_050000.bin,San Sebastian,default user,0,51.102,0,33.38,0,4.749,0,96.9,0,8.73,0,22.84,7.69,8.07,0,-90.4,5.5,10.574,0,2.92,0,1.197,0.91,0,3.49
2/2/2026,0:45, ,gtmsswq_20H100466_012126_050000.bin,San Sebastian,default user,0,51.112,0,33.37,0,4.66,0,96,0,8.7,0,22.09,7.44,8.07,0,-90.2,5.51,10.307,0,2.97,0,1.197,1.05,0,4.07
2/2/2026,1:00, ,gtmsswq_20H100466_012126_050000.bin,San Sebastian,default user,0,51.056,0,33.32,0,4.577,0,96.2,0,8.71,0,22.69,7.64,8.06,0,-90.1,5.49,10.304,0,3.05,0,1.199,1.17,0,4.54
2/2/2026,1:15, ,gtmsswq_20H100466_012126_050000.bin,San Sebastian,default user,0,50.963,0,33.25,0,4.508,0,96.1,0,8.73,0,23.66,7.96,8.06,0,-89.8,5.5,10.197,0,2.81,0,1.192,1,0,3.89
2/2/2026,1:30, ,gtmsswq_20H100466_012126_050000.bin,San Sebastian,default user,0,50.905,0,33.2,0,4.442,0,95.8,0,8.73,0,24.41,8.21,8.06,0,-89.5,5.51,10.082,0,2.79,0,1.188,0.83,0,3.18
2/2/2026,1:45, ,gtmsswq_20H100466_012126_050000.bin,San Sebastian,default user,0,50.848,0,33.16,0,4.381,0,96,0,8.76,0,24.92,8.38,8.06,0,-89.6,5.5,10.061,0,2.66,0,1.195,1.04,0,4.04
2/2/2026,2:00, ,gtmsswq_20H100466_012126_050000.bin,San Sebastian,default user,0,50.831,0,33.14,0,4.337,0,95.5,0,8.72,0,24.97,8.4,8.05,0,-89.3,5.5,10.032,0,2.64,0,1.193,0.95,0,3.68
2/2/2026,2:15, ,gtmsswq_20H100466_012126_050000.bin,San Sebastian,default user,0,50.746,0,33.08,0,4.306,0,96.5,0,8.83,0,25.76,8.66,8.05,0,-89.3,5.49,9.972,0,2.99,0,1.192,0.87,0,3.34
2/2/2026,2:30, ,gtmsswq_20H100466_012126_050000.bin,San Sebastian,default user,0,50.699,0,33.04,0,4.285,0,96.2,0,8.81,0,26.19,8.8,8.06,0,-89.5,5.5,9.91,0,2.9,0,1.191,0.91,0,3.51
2/2/2026,2:45, ,gtmsswq_20H100466_012126_050000.bin,San Sebastian,default user,0,50.65,0,33,0,4.293,0,95.1,0,8.72,0,26.59,8.94,8.05,0,-88.9,5.51,9.875,0,2.33,0,1.188,0.8,0,3.05
2/2/2026,3:00, ,gtmsswq_20H100466_012126_050000.bin,San Sebastian,default user,0,50.812,0,33.13,0,4.315,0,93.5,0,8.53,0,24.45,8.22,8.04,0,-88.4,5.5,10.077,0,2.87,0,1.182,0.88,0,3.37
2/2/2026,3:15, ,gtmsswq_20H100466_012126_050000.bin,San Sebastian,default user,0,50.87,0,33.18,0,4.359,0,89.7,0,8.16,0,23.43,7.88,8.03,0,-87.8,5.5,10.158,0,2.67,0,1.195,0.72,0,2.76
2/2/2026,3:30, ,gtmsswq_20H100466_012126_050000.bin,San Sebastian,default user,0,51.016,0,33.3,0,4.419,0,97.3,0,8.81,0,23.27,7.83,8.06,0,-89.6,5.49,10.342,0,3.12,0,1.196,1.26,0,4.89
2/2/2026,3:45, ,gtmsswq_20H100466_012126_050000.bin,San Sebastian,default user,0,51.052,0,33.33,0,4.509,0,96.7,0,8.75,0,22.35,7.53,8.05,0,-89.4,5.5,10.364,0,3.67,0,1.183,1.16,0,4.51
2/2/2026,4:00, ,gtmsswq_20H100466_012126_050000.bin,San Sebastian,default user,0,51.084,0,33.35,0,4.6,0,97.5,0,8.83,0,22.87,7.7,8.05,0,-89.4,5.51,10.351,0,3.74,0,1.188,1.23,0,4.79
2/2/2026,4:15, ,gtmsswq_20H100466_012126_050000.bin,San Sebastian,default user,0,51.117,0,33.37,0,4.714,0,97.8,0,8.86,0,23.11,7.78,8.05,0,-89.4,5.5,10.296,0,3.44,0,1.191,1.2,0,4.65
2/2/2026,4:30, ,gtmsswq_20H100466_012126_050000.bin,San Sebastian,default user,0,51.113,0,33.37,0,4.81,0,97.9,0,8.87,0,22.9,7.71,8.05,0,-89.4,5.5,10.332,0,3.59,0,1.191,1.11,0,4.32
2/2/2026,4:45, ,gtmsswq_20H100466_012126_050000.bin,San Sebastian,default user,0,51.105,0,33.37,0,4.901,0,97.7,0,8.84,0,22.81,7.68,8.05,0,-89.4,5.49,10.38,0,4.37,0,1.194,1.32,0,5.14
2/2/2026,5:00, ,gtmsswq_20H100466_012126_050000.bin,San Sebastian,default user,0,51.084,0,33.35,0,4.999,0,97.7,0,8.83,0,22.5,7.57,8.06,0,-89.6,5.5,10.407,0,4.22,0,1.199,1.22,0,4.75
2/2/2026,5:15, ,gtmsswq_20H100466_012126_050000.bin,San Sebastian,default user,0,51.108,0,33.37,0,5.1,0,97.6,0,8.81,0,21.66,7.29,8.07,0,-90.3,5.51,10.443,0,4.89,0,1.198,1.2,0,4.68
2/2/2026,5:30, ,gtmsswq_20H100466_012126_050000.bin,San Sebastian,default user,0,51.082,0,33.35,0,5.203,0,97.4,0,8.79,0,21.28,7.17,8.07,0,-90.5,5.5,10.453,0,5.05,0,1.195,1.08,0,4.19
2/2/2026,5:45, ,gtmsswq_20H100466_012126_050000.bin,San Sebastian,default user,0,51.154,0,33.41,0,5.294,0,97.5,0,8.78,0,20.98,7.07,8.07,0,-90.4,5.5,10.59,0,3.86,0,1.197,1.15,0,4.48
2/2/2026,6:00, ,gtmsswq_20H100466_012126_050000.bin,San Sebastian,default user,0,51.187,0,33.44,0,5.385,0,97.4,0,8.76,0,20.3,6.84,8.07,0,-90.6,5.49,10.646,0,4.66,0,1.192,1.18,0,4.59
2/2/2026,6:15, ,gtmsswq_20H100466_012126_050000.bin,San Sebastian,default user,0,51.21,0,33.47,0,5.483,0,97.9,0,8.77,0,19.67,6.63,8.07,0,-90.8,5.5,10.804,0,4.67,0,1.187,1.18,0,4.59
2/2/2026,6:30, ,gtmsswq_20H100466_012126_050000.bin,San Sebastian,default user,0,51.138,0,33.42,0,5.57,0,98.1,0,8.78,0,19.37,6.53,8.08,0,-90.9,5.5,10.861,0,5.28,0,1.185,1.29,0,5.03
2/2/2026,6:45, ,gtmsswq_20H100466_012126_050000.bin,San Sebastian,default user,0,51.306,0,33.57,0,5.657,0,100.8,0,8.94,0,16.59,5.6,8.09,0,-91.7,5.5,11.26,0,7.79,0,1.191,1.5,0,5.86
2/2/2026,7:00, ,gtmsswq_20H100466_012126_050000.bin,San Sebastian,default user,0,51.385,0,33.64,0,5.748,0,101.5,0,8.94,0,15.38,5.2,8.1,0,-92.2,5.5,11.522,0,7.97,0,1.201,2.3,0,9.07
2/2/2026,7:15, ,gtmsswq_20H100466_012126_050000.bin,San Sebastian,default user,0,51.382,0,33.63,0,5.836,0,101.1,0,8.91,0,15.56,5.26,8.09,0,-92.1,5.49,11.475,0,7.22,0,1.199,1.57,0,6.13
2/2/2026,7:30, ,gtmsswq_20H100466_012126_050000.bin,San Sebastian,default user,0,51.483,0,33.72,0,5.91,0,101.8,0,8.94,0,14.51,4.91,8.1,0,-92.3,5.5,11.662,0,7.48,0,1.182,1.41,0,5.5
2/2/2026,7:45, ,gtmsswq_20H100466_012126_050000.bin,San Sebastian,default user,0,51.548,0,33.77,0,5.967,0,101.8,0,8.9,0,13.93,4.72,8.1,0,-92.6,5.51,11.823,0,7.69,0,1.191,0.97,0,3.75
2/2/2026,8:00, ,gtmsswq_20H100466_012126_050000.bin,San Sebastian,default user,0,51.632,0,33.85,0,6.028,0,101.8,0,8.85,0,13.08,4.43,8.11,0,-92.8,5.5,12.07,0,7.2,0,1.196,1.57,0,6.14
2/2/2026,8:15, ,gtmsswq_20H100466_012126_050000.bin,San Sebastian,default user,0,51.64,0,33.85,0,6.069,0,101.8,0,8.86,0,12.99,4.4,8.1,0,-92.8,5.5,12.037,0,7.16,0,1.199,1.98,0,7.78
2/2/2026,8:30, ,gtmsswq_20H100466_012126_050000.bin,San Sebastian,default user,0,51.644,0,33.86,0,6.102,0,101.6,0,8.82,0,12.83,4.35,8.11,0,-92.9,5.5,12.125,0,7.11,0,1.194,1.89,0,7.43
2/2/2026,8:45, ,gtmsswq_20H100466_012126_050000.bin,San Sebastian,default user,0,51.542,0,33.77,0,6.122,0,101.6,0,8.87,0,13.24,4.49,8.1,0,-92.7,5.5,11.929,0,5.78,0,1.187,1.35,0,5.28
2/2/2026,9:00, ,gtmsswq_20H100466_012126_050000.bin,San Sebastian,default user,0,51.633,0,33.84,0,6.134,0,101.4,0,8.83,0,12.99,4.4,8.11,0,-92.8,5.51,12.002,0,5.15,0,1.187,1.45,0,5.65
2/2/2026,9:15, ,gtmsswq_20H100466_012126_050000.bin,San Sebastian,default user,0,51.655,0,33.87,0,6.128,0,100.7,0,8.75,0,12.78,4.33,8.1,0,-92.8,5.5,12.121,0,4.92,0,1.191,1.27,0,4.93
2/2/2026,9:30, ,gtmsswq_20H100466_012126_050000.bin,San Sebastian,default user,0,51.642,0,33.86,0,6.103,0,99.6,0,8.65,0,12.61,4.28,8.1,0,-92.6,5.51,12.152,0,3.77,0,1.195,2.09,0,8.23
2/2/2026,9:45, ,gtmsswq_20H100466_012126_050000.bin,San Sebastian,default user,0,51.655,0,33.87,0,6.071,0,98,0,8.52,0,12.43,4.22,8.08,0,-91.7,5.49,12.12,0,3.97,0,1.194,1.04,0,4.01
2/2/2026,10:00, ,gtmsswq_20H100466_012126_050000.bin,San Sebastian,default user,0,51.621,0,33.83,0,6.018,0,101.4,0,8.85,0,12.94,4.39,8.11,0,-92.8,5.5,11.939,0,4.77,0,1.197,1.14,0,4.42
2/2/2026,10:15, ,gtmsswq_20H100466_012126_050000.bin,San Sebastian,default user,0,51.545,0,33.76,0,5.961,0,101.7,0,8.93,0,13.88,4.7,8.1,0,-92.5,5.51,11.664,0,3.6,0,1.199,1.25,0,4.87
2/2/2026,10:30, ,gtmsswq_20H100466_012126_050000.bin,San Sebastian,default user,0,51.568,0,33.77,0,5.888,0,101.7,0,8.97,0,14.62,4.95,8.1,0,-92.4,5.5,11.463,0,3.46,0,1.201,0.89,0,3.42
2/2/2026,10:45, ,gtmsswq_20H100466_012126_050000.bin,San Sebastian,default user,0,51.467,0,33.67,0,5.814,0,101.3,0,9,0,15.82,5.35,8.09,0,-92,5.5,11.115,0,2.98,0,1.196,0.8,0,3.05
2/2/2026,11:00, ,gtmsswq_20H100466_012126_050000.bin,San Sebastian,default user,0,51.56,0,33.75,0,5.74,0,101.1,0,8.95,0,15.3,5.17,8.1,0,-92.3,5.49,11.306,0,3.03,0,1.187,0.74,0,2.81
2/2/2026,11:15, ,gtmsswq_20H100466_012126_050000.bin,San Sebastian,default user,0,51.429,0,33.64,0,5.659,0,101.1,0,9.01,0,16.37,5.53,8.09,0,-91.7,5.49,11.01,0,3.77,0,1.185,0.92,0,3.54
2/2/2026,11:30, ,gtmsswq_20H100466_012126_050000.bin,San Sebastian,default user,0,51.425,0,33.64,0,5.573,0,101.7,0,9.06,0,16.63,5.62,8.09,0,-91.7,5.5,11.003,0,2.97,0,1.183,0.69,0,2.62
2/2/2026,11:45, ,gtmsswq_20H100466_012126_050000.bin,San Sebastian,default user,0,51.403,0,33.62,0,5.485,0,102,0,9.09,0,17.02,5.75,8.09,0,-91.6,5.49,10.972,0,3.58,0,1.183,0.69,0,2.62
2/2/2026,12:00, ,gtmsswq_20H100466_012126_050000.bin,San Sebastian,default user,0,51.357,0,33.58,0,5.387,0,102.1,0,9.12,0,17.39,5.87,8.08,0,-91.4,5.5,10.896,0,3.01,0,1.199,0.67,0,2.53
2/2/2026,12:15, ,gtmsswq_20H100466_012126_050000.bin,San Sebastian,default user,0,51.312,0,33.55,0,5.283,0,102.4,0,9.13,0,17.7,5.97,8.08,0,-91.3,5.49,10.995,0,3.35,0,1.201,0.78,0,2.98
2/2/2026,12:30, ,gtmsswq_20H100466_012126_050000.bin,San Sebastian,default user,0,51.355,0,33.59,0,5.195,0,103.3,0,9.2,0,17.64,5.96,8.08,0,-91.3,5.49,11.025,0,3.29,0,1.201,0.58,0,2.17
2/2/2026,12:45, ,gtmsswq_20H100466_012126_050000.bin,San Sebastian,default user,0,51.322,0,33.57,0,5.101,0,103.9,0,9.23,0,17.98,6.07,8.08,0,-91,5.5,11.135,0,3.68,0,1.187,0.58,0,2.19
2/2/2026,13:00, ,gtmsswq_20H100466_012126_050000.bin,San Sebastian,default user,0,51.312,0,33.57,0,5,0,105,0,9.3,0,17.55,5.92,8.08,0,-91.2,5.5,11.321,0,2.9,0,1.187,0.56,0,2.09
2/2/2026,13:15, ,gtmsswq_20H100466_012126_050000.bin,San Sebastian,default user,0,51.288,0,33.56,0,4.915,0,104.6,0,9.26,0,18.24,6.15,8.08,0,-91,5.49,11.322,0,3.2,0,1.193,0.62,0,2.36
2/2/2026,13:30, ,gtmsswq_20H100466_012126_050000.bin,San Sebastian,default user,0,51.287,0,33.55,0,4.832,0,105.4,0,9.33,0,18.35,6.19,8.08,0,-91.1,5.49,11.307,0,3.24,0,1.196,0.67,0,2.53
2/2/2026,13:45, ,gtmsswq_20H100466_012126_050000.bin,San Sebastian,default user,0,51.14,0,33.45,0,4.755,0,105.3,0,9.33,0,19.55,6.59,8.07,0,-90.7,5.5,11.319,0,2.8,0,1.198,0.61,0,2.31
2/2/2026,14:00, ,gtmsswq_20H100466_012126_050000.bin,San Sebastian,default user,0,51.079,0,33.39,0,4.675,0,105.6,0,9.39,0,20.9,7.04,8.07,0,-90.6,5.48,11.163,0,2.96,0,1.197,0.6,0,2.25
2/2/2026,14:15, ,gtmsswq_20H100466_012126_050000.bin,San Sebastian,default user,0,51.154,0,33.45,0,4.598,0,105.6,0,9.38,0,21.04,7.09,8.07,0,-90.5,5.49,11.23,0,3.19,0,1.201,0.65,0,2.47
2/2/2026,14:30, ,gtmsswq_20H100466_012126_050000.bin,San Sebastian,default user,0,51.055,0,33.38,0,4.542,0,106.4,0,9.45,0,20.77,7,8.07,0,-90.8,5.5,11.255,0,3.7,0,1.192,0.75,0,2.85
2/2/2026,14:45, ,gtmsswq_20H100466_012126_050000.bin,San Sebastian,default user,0,51.021,0,33.36,0,4.492,0,105.7,0,9.39,0,20.99,7.07,8.07,0,-90.5,5.48,11.213,0,3.61,0,1.187,0.64,0,2.45
2/2/2026,15:00, ,gtmsswq_20H100466_012126_050000.bin,San Sebastian,default user,0,50.992,0,33.32,0,4.446,0,104.4,0,9.32,0,21.72,7.32,8.07,0,-90.5,5.49,11.014,0,2.95,0,1.186,0.64,0,2.42
2/2/2026,15:15, ,gtmsswq_20H100466_012126_050000.bin,San Sebastian,default user,0,50.925,0,33.28,0,4.42,0,105.7,0,9.4,0,22.19,7.47,8.07,0,-90.6,5.5,11.177,0,3.11,0,1.193,0.76,0,2.91
2/2/2026,15:30, ,gtmsswq_20H100466_012126_050000.bin,San Sebastian,default user,0,50.945,0,33.28,0,4.413,0,104.7,0,9.38,0,22.58,7.6,8.07,0,-90.4,5.5,10.859,0,4.06,0,1.194,0.88,0,3.37
2/2/2026,15:45, ,gtmsswq_20H100466_012126_050000.bin,San Sebastian,default user,0,50.854,0,33.2,0,4.42,0,104.3,0,9.38,0,23.74,7.99,8.06,0,-90.1,5.49,10.706,0,2.79,0,1.196,0.88,0,3.41
2/2/2026,16:00, ,gtmsswq_20H100466_012126_050000.bin,San Sebastian,default user,0,50.946,0,33.27,0,4.465,0,101.7,0,9.14,0,22.81,7.68,8.05,0,-89.5,5.49,10.692,0,2.38,0,1.198,0.59,0,2.23
2/2/2026,16:15, ,gtmsswq_20H100466_012126_050000.bin,San Sebastian,default user,0,51.062,0,33.36,0,4.545,0,103,0,9.24,0,21.64,7.29,8.06,0,-90.2,5.48,10.721,0,3.06,0,1.197,1.04,0,4.04
2/2/2026,16:30, ,gtmsswq_20H100466_012126_050000.bin,San Sebastian,default user,0,51.092,0,33.38,0,4.619,0,102.5,0,9.21,0,21.54,7.26,8.06,0,-90.1,5.48,10.677,0,3.58,0,1.201,1.06,0,4.11
2/2/2026,16:45, ,gtmsswq_20H100466_012126_050000.bin,San Sebastian,default user,0,51.149,0,33.41,0,4.702,0,101.7,0,9.16,0,21.61,7.28,8.06,0,-89.9,5.5,10.547,0,2.92,0,1.191,1.04,0,4.01
2/2/2026,17:00, ,gtmsswq_20H100466_012126_050000.bin,San Sebastian,default user,0,51.148,0,33.41,0,4.794,0,102.2,0,9.21,0,21.7,7.31,8.06,0,-90,5.49,10.544,0,3,0,1.188,1.14,0,4.44
2/2/2026,17:15, ,gtmsswq_20H100466_012126_050000.bin,San Sebastian,default user,0,51.178,0,33.43,0,4.891,0,102.1,0,9.2,0,21.66,7.29,8.06,0,-90,5.49,10.555,0,3.6,0,1.196,1.08,0,4.19
2/2/2026,17:30, ,gtmsswq_20H100466_012126_050000.bin,San Sebastian,default user,0,51.147,0,33.41,0,4.965,0,102.2,0,9.2,0,21.77,7.33,8.06,0,-90.1,5.48,10.601,0,3.65,0,1.193,1.19,0,4.64
2/2/2026,17:45, ,gtmsswq_20H100466_012126_050000.bin,San Sebastian,default user,0,51.153,0,33.42,0,5.044,0,102.1,0,9.19,0,21.23,7.15,8.06,0,-90.2,5.48,10.626,0,3.49,0,1.192,1.22,0,4.76
2/2/2026,18:00, ,gtmsswq_20H100466_012126_050000.bin,San Sebastian,default user,0,51.151,0,33.42,0,5.14,0,102.6,0,9.21,0,20.99,7.07,8.07,0,-90.4,5.49,10.708,0,4.58,0,1.191,1.29,0,5.04
2/2/2026,18:15, ,gtmsswq_20H100466_012126_050000.bin,San Sebastian,default user,0,51.142,0,33.42,0,5.221,0,103.1,0,9.23,0,20.71,6.98,8.07,0,-90.7,5.48,10.837,0,4.09,0,1.184,1.19,0,4.62
2/2/2026,18:30, ,gtmsswq_20H100466_012126_050000.bin,San Sebastian,default user,0,51.167,0,33.45,0,5.29,0,103.6,0,9.24,0,19.57,6.6,8.08,0,-91,5.49,10.981,0,4.01,0,1.183,1.39,0,5.43
2/2/2026,18:45, ,gtmsswq_20H100466_012126_050000.bin,San Sebastian,default user,0,51.176,0,33.45,0,5.371,0,102.8,0,9.2,0,19.81,6.68,8.07,0,-90.8,5.48,10.874,0,3.78,0,1.191,1.35,0,5.25
2/2/2026,19:00, ,gtmsswq_20H100466_012126_050000.bin,San Sebastian,default user,0,51.223,0,33.49,0,5.458,0,102.8,0,9.15,0,18.83,6.35,8.08,0,-91.1,5.49,11.077,0,4.06,0,1.201,1.28,0,4.98
2/2/2026,19:15, ,gtmsswq_20H100466_012126_050000.bin,San Sebastian,default user,0,51.245,0,33.52,0,5.536,0,103.3,0,9.16,0,18.1,6.11,8.08,0,-91.5,5.49,11.227,0,4.02,0,1.193,1.33,0,5.17
2/2/2026,19:30, ,gtmsswq_20H100466_012126_050000.bin,San Sebastian,default user,0,51.191,0,33.49,0,5.609,0,103.6,0,9.16,0,17.63,5.95,8.09,0,-91.6,5.48,11.416,0,5.29,0,1.182,1.39,0,5.43
2/2/2026,19:45, ,gtmsswq_20H100466_012126_050000.bin,San Sebastian,default user,0,51.317,0,33.6,0,5.679,0,104.1,0,9.12,0,15.67,5.3,8.09,0,-91.9,5.49,11.808,0,6.91,0,1.19,1.66,0,6.49
2/2/2026,20:00, ,gtmsswq_20H100466_012126_050000.bin,San Sebastian,default user,0,51.374,0,33.65,0,5.737,0,104.4,0,9.13,0,15.35,5.19,8.09,0,-92.1,5.48,11.855,0,6.33,0,1.201,1.54,0,6.03
2/2/2026,20:15, ,gtmsswq_20H100466_012126_050000.bin,San Sebastian,default user,0,51.492,0,33.75,0,5.798,0,104.9,0,9.09,0,13.48,4.57,8.11,0,-92.9,5.48,12.259,0,6.82,0,1.192,1.19,0,4.61
2/2/2026,20:30, ,gtmsswq_20H100466_012126_050000.bin,San Sebastian,default user,0,51.59,0,33.83,0,5.851,0,104.9,0,9.08,0,13.24,4.49,8.11,0,-92.9,5.49,12.284,0,5.71,0,1.186,1.53,0,5.97
2/2/2026,20:45, ,gtmsswq_20H100466_012126_050000.bin,San Sebastian,default user,0,51.556,0,33.8,0,5.895,0,104.7,0,9.07,0,13.24,4.49,8.11,0,-92.9,5.48,12.239,0,5.05,0,1.188,1.44,0,5.61
2/2/2026,21:00, ,gtmsswq_20H100466_012126_050000.bin,San Sebastian,default user,0,51.607,0,33.84,0,5.917,0,104.6,0,9.05,0,12.82,4.35,8.11,0,-92.9,5.49,12.352,0,4.94,0,1.185,1.96,0,7.7
2/2/2026,21:15, ,gtmsswq_20H100466_012126_050000.bin,San Sebastian,default user,0,51.636,0,33.87,0,5.928,0,104.1,0,8.99,0,12.56,4.26,8.11,0,-93,5.48,12.433,0,4.3,0,1.189,1.63,0,6.39
2/2/2026,21:30, ,gtmsswq_20H100466_012126_050000.bin,San Sebastian,default user,0,51.459,0,33.72,0,5.924,0,103.8,0,9.03,0,14.13,4.78,8.1,0,-92.4,5.48,12.114,0,4.1,0,1.193,1.4,0,5.48
2/2/2026,21:45, ,gtmsswq_20H100466_012126_050000.bin,San Sebastian,default user,0,51.652,0,33.88,0,5.914,0,102.3,0,8.84,0,13.66,4.63,8.1,0,-92.6,5.5,12.377,0,3.33,0,1.198,1.36,0,5.31
2/2/2026,22:00, ,gtmsswq_20H100466_012126_050000.bin,San Sebastian,default user,0,51.632,0,33.86,0,5.887,0,92.6,0,7.99,0,12.11,4.11,8.06,0,-90.2,5.49,12.411,0,2.95,0,1.196,0.61,0,2.31
2/2/2026,22:15, ,gtmsswq_20H100466_012126_050000.bin,San Sebastian,default user,0,51.582,0,33.81,0,5.837,0,102.4,0,8.9,0,13.4,4.54,8.1,0,-92.5,5.49,12.162,0,5.36,0,1.182,1.25,0,4.86
2/2/2026,22:30, ,gtmsswq_20H100466_012126_050000.bin,San Sebastian,default user,0,51.48,0,33.72,0,5.78,0,101.8,0,8.92,0,14.77,5,8.09,0,-91.8,5.48,11.771,0,3.8,0,1.185,1.04,0,4.03
2/2/2026,22:45, ,gtmsswq_20H100466_012126_050000.bin,San Sebastian,default user,0,51.392,0,33.65,0,5.703,0,101.2,0,8.9,0,15.43,5.22,8.09,0,-91.6,5.48,11.645,0,3.09,0,1.192,1.28,0,4.99
2/2/2026,23:00, ,gtmsswq_20H100466_012126_050000.bin,San Sebastian,default user,0,51.42,0,33.67,0,5.626,0,101,0,8.89,0,15.81,5.35,8.09,0,-91.7,5.5,11.559,0,3.51,0,1.199,1.2,0,4.67
2/2/2026,23:15, ,gtmsswq_20H100466_012126_050000.bin,San Sebastian,default user,0,51.321,0,33.57,0,5.531,0,99.8,0,8.87,0,17.2,5.81,8.08,0,-90.9,5.49,11.125,0,4.12,0,1.193,1.11,0,4.3
2/2/2026,23:30, ,gtmsswq_20H100466_012126_050000.bin,San Sebastian,default user,0,51.328,0,33.57,0,5.438,0,99.5,0,8.87,0,17.68,5.97,8.07,0,-90.8,5.49,11.014,0,2.87,0,1.192,1.52,0,5.95
2/2/2026,23:45, ,gtmsswq_20H100466_012126_050000.bin,San Sebastian,default user,0,51.42,0,33.63,0,5.352,0,99.1,0,8.84,0,17.53,5.92,8.07,0,-90.8,5.48,10.97,0,3.25,0,1.191,1.16,0,4.52
2/3/2026,0:00, ,gtmsswq_20H100466_012126_050000.bin,San Sebastian,default user,0,51.317,0,33.54,0,5.254,0,98.1,0,8.82,0,19.04,6.42,8.07,0,-90.4,5.48,10.656,0,2.85,0,1.188,1.07,0,4.16
2/3/2026,0:15, ,gtmsswq_20H100466_012126_050000.bin,San Sebastian,default user,0,51.265,0,33.5,0,5.152,0,98.6,0,8.85,0,19.36,6.53,8.07,0,-90.7,5.49,10.736,0,3.68,0,1.183,0.95,0,3.65
2/3/2026,0:30, ,gtmsswq_20H100466_012126_050000.bin,San Sebastian,default user,0,51.379,0,33.56,0,5.047,0,96.7,0,8.74,0,19.72,6.65,8.06,0,-89.9,5.48,10.359,0,2.84,0,1.184,0.94,0,3.63
2/3/2026,0:45, ,gtmsswq_20H100466_012126_050000.bin,San Sebastian,default user,0,51.292,0,33.49,0,4.943,0,96.8,0,8.77,0,20.57,6.93,8.06,0,-90,5.48,10.269,0,3.28,0,1.193,1.09,0,4.22
2/3/2026,1:00, ,gtmsswq_20H100466_012126_050000.bin,San Sebastian,default user,0,51.271,0,33.47,0,4.848,0,96.7,0,8.79,0,21.36,7.2,8.06,0,-89.7,5.47,10.127,0,3.06,0,1.197,0.97,0,3.74
2/3/2026,1:15, ,gtmsswq_20H100466_012126_050000.bin,San Sebastian,default user,0,51.209,0,33.43,0,4.755,0,97.4,0,8.84,0,21.42,7.21,8.06,0,-89.8,5.47,10.219,0,3.23,0,1.193,0.98,0,3.77
2/3/2026,1:30, ,gtmsswq_20H100466_012126_050000.bin,San Sebastian,default user,0,51.156,0,33.38,0,4.664,0,97,0,8.83,0,22.04,7.42,8.05,0,-89.5,5.48,10.097,0,3.02,0,1.183,1.03,0,3.98
2/3/2026,1:45, ,gtmsswq_20H100466_012126_050000.bin,San Sebastian,default user,0,51.112,0,33.35,0,4.578,0,97.5,0,8.88,0,22.93,7.72,8.05,0,-89.4,5.47,10.082,0,2.84,0,1.186,1.04,0,4.04
2/3/2026,2:00, ,gtmsswq_20H100466_012126_050000.bin,San Sebastian,default user,0,51.04,0,33.29,0,4.502,0,97.1,0,8.87,0,23.64,7.96,8.05,0,-89.2,5.48,9.972,0,2.84,0,1.194,1.16,0,4.51
2/3/2026,2:15, ,gtmsswq_20H100466_012126_050000.bin,San Sebastian,default user,0,51.003,0,33.26,0,4.427,0,98,0,8.94,0,23.84,8.02,8.05,0,-89.3,5.46,9.969,0,3.09,0,1.197,1.08,0,4.19
2/3/2026,2:30, ,gtmsswq_20H100466_012126_050000.bin,San Sebastian,default user,0,50.925,0,33.2,0,4.379,0,97.8,0,8.95,0,24.91,8.38,8.05,0,-89,5.47,9.904,0,2.33,0,1.2,0.96,0,3.72
2/3/2026,2:45, ,gtmsswq_20H100466_012126_050000.bin,San Sebastian,default user,0,50.866,0,33.16,0,4.328,0,97.8,0,8.96,0,25.01,8.41,8.05,0,-89.1,5.48,9.881,0,2.66,0,1.196,0.79,0,3.04
2/3/2026,3:00, ,gtmsswq_20H100466_012126_050000.bin,San Sebastian,default user,0,50.857,0,33.15,0,4.278,0,98.3,0,9,0,25.4,8.54,8.04,0,-88.8,5.47,9.862,0,2.3,0,1.189,0.84,0,3.23
2/3/2026,3:15, ,gtmsswq_20H100466_012126_050000.bin,San Sebastian,default user,0,50.793,0,33.1,0,4.252,0,97.3,0,8.93,0,25.84,8.69,8.04,0,-88.7,5.46,9.802,0,2.53,0,1.186,0.81,0,3.12
2/3/2026,3:30, ,gtmsswq_20H100466_012126_050000.bin,San Sebastian,default user,0,50.757,0,33.07,0,4.239,0,98.7,0,9.06,0,26.31,8.85,8.05,0,-89,5.48,9.801,0,2.04,0,1.186,0.86,0,3.29
2/3/2026,3:45, ,gtmsswq_20H100466_012126_050000.bin,San Sebastian,default user,0,50.795,0,33.1,0,4.247,0,97.5,0,8.95,0,25.82,8.68,8.04,0,-88.8,5.46,9.814,0,2.54,0,1.196,0.73,0,2.79
2/3/2026,4:00, ,gtmsswq_20H100466_012126_050000.bin,San Sebastian,default user,0,50.981,0,33.24,0,4.287,0,94.8,0,8.67,0,23.35,7.86,8.03,0,-88.3,5.47,9.91,0,2.79,0,1.199,0.7,0,2.67
2/3/2026,4:15, ,gtmsswq_20H100466_012126_050000.bin,San Sebastian,default user,0,51.096,0,33.33,0,4.35,0,99.5,0,9.09,0,23.15,7.79,8.05,0,-89.5,5.48,9.968,0,3.07,0,1.194,1.08,0,4.19
2/3/2026,4:30, ,gtmsswq_20H100466_012126_050000.bin,San Sebastian,default user,0,51.184,0,33.39,0,4.429,0,99.3,0,9.06,0,22.36,7.53,8.06,0,-89.5,5.47,9.945,0,3.09,0,1.191,1.01,0,3.92
2/3/2026,4:45, ,gtmsswq_20H100466_012126_050000.bin,San Sebastian,default user,0,51.285,0,33.46,0,4.521,0,100,0,9.15,0,22.44,7.55,8.05,0,-89.4,5.47,9.86,0,3.1,0,1.186,0.98,0,3.8
2/3/2026,5:00, ,gtmsswq_20H100466_012126_050000.bin,San Sebastian,default user,0,51.322,0,33.48,0,4.623,0,100.1,0,9.15,0,22.31,7.51,8.06,0,-89.5,5.48,9.823,0,3.55,0,1.183,1.09,0,4.23
2/3/2026,5:15, ,gtmsswq_20H100466_012126_050000.bin,San Sebastian,default user,0,51.294,0,33.47,0,4.723,0,100.1,0,9.15,0,22.49,7.57,8.06,0,-89.5,5.46,9.883,0,3.15,0,1.201,1,0,3.86
2/3/2026,5:30, ,gtmsswq_20H100466_012126_050000.bin,San Sebastian,default user,0,51.265,0,33.45,0,4.823,0,100.2,0,9.14,0,22.48,7.57,8.06,0,-89.5,5.46,9.965,0,3.71,0,1.199,1.08,0,4.18
2/3/2026,5:45, ,gtmsswq_20H100466_012126_050000.bin,San Sebastian,default user,0,51.247,0,33.44,0,4.946,0,100.2,0,9.13,0,22.56,7.59,8.05,0,-89.4,5.47,10.009,0,3.84,0,1.197,1.12,0,4.36
2/3/2026,6:00, ,gtmsswq_20H100466_012126_050000.bin,San Sebastian,default user,0,51.211,0,33.42,0,5.062,0,99.9,0,9.09,0,22.26,7.49,8.06,0,-89.6,5.46,10.08,0,3.94,0,1.201,1.14,0,4.41
2/3/2026,6:15, ,gtmsswq_20H100466_012126_050000.bin,San Sebastian,default user,0,51.187,0,33.41,0,5.159,0,99.7,0,9.06,0,22.16,7.46,8.06,0,-89.7,5.46,10.155,0,3.84,0,1.191,1.12,0,4.34
2/3/2026,6:30, ,gtmsswq_20H100466_012126_050000.bin,San Sebastian,default user,0,51.174,0,33.41,0,5.261,0,99.5,0,9.02,0,21.58,7.27,8.06,0,-89.9,5.47,10.257,0,4.17,0,1.191,1.07,0,4.15
2/3/2026,6:45, ,gtmsswq_20H100466_012126_050000.bin,San Sebastian,default user,0,51.193,0,33.42,0,5.354,0,99.7,0,9.04,0,21.36,7.19,8.06,0,-89.9,5.46,10.294,0,4.19,0,1.199,1.07,0,4.16
2/3/2026,7:00, ,gtmsswq_20H100466_012126_050000.bin,San Sebastian,default user,0,51.193,0,33.43,0,5.453,0,99.8,0,9.01,0,20.81,7.01,8.06,0,-90.1,5.46,10.409,0,5.02,0,1.199,1.21,0,4.72
2/3/2026,7:15, ,gtmsswq_20H100466_012126_050000.bin,San Sebastian,default user,0,51.152,0,33.42,0,5.55,0,99.8,0,8.97,0,19.9,6.71,8.07,0,-90.3,5.48,10.635,0,5.34,0,1.201,1.16,0,4.52
2/3/2026,7:30, ,gtmsswq_20H100466_012126_050000.bin,San Sebastian,default user,0,51.217,0,33.48,0,5.625,0,100.5,0,8.97,0,18.23,6.15,8.07,0,-90.6,5.47,10.961,0,6.83,0,1.199,1.37,0,5.33
2/3/2026,7:45, ,gtmsswq_20H100466_012126_050000.bin,San Sebastian,default user,0,51.322,0,33.58,0,5.702,0,101.5,0,8.98,0,16.23,5.48,8.09,0,-91.6,5.47,11.353,0,8.16,0,1.197,1.03,0,3.98
2/3/2026,8:00, ,gtmsswq_20H100466_012126_050000.bin,San Sebastian,default user,0,51.61,0,33.82,0,5.768,0,101.7,0,8.89,0,13.58,4.6,8.1,0,-92.5,5.46,11.831,0,7.98,0,1.195,1.6,0,6.25
2/3/2026,8:15, ,gtmsswq_20H100466_012126_050000.bin,San Sebastian,default user,0,51.592,0,33.81,0,5.828,0,101.6,0,8.89,0,13.32,4.51,8.1,0,-92.4,5.47,11.831,0,8.88,0,1.192,1.9,0,7.48
2/3/2026,8:30, ,gtmsswq_20H100466_012126_050000.bin,San Sebastian,default user,0,51.643,0,33.85,0,5.89,0,101.6,0,8.87,0,13.24,4.49,8.1,0,-92.4,5.48,11.886,0,8.25,0,1.191,1.62,0,6.34
2/3/2026,8:45, ,gtmsswq_20H100466_012126_050000.bin,San Sebastian,default user,0,51.607,0,33.82,0,5.937,0,101.6,0,8.86,0,13.1,4.44,8.1,0,-92.4,5.47,11.946,0,6.83,0,1.19,1.48,0,5.79
2/3/2026,9:00, ,gtmsswq_20H100466_012126_050000.bin,San Sebastian,default user,0,51.578,0,33.8,0,5.975,0,101.5,0,8.85,0,13.23,4.48,8.1,0,-92.5,5.48,11.942,0,6.55,0,1.188,1.55,0,6.08
2/3/2026,9:15, ,gtmsswq_20H100466_012126_050000.bin,San Sebastian,default user,0,51.584,0,33.81,0,6.006,0,101.3,0,8.84,0,13.28,4.5,8.1,0,-92.5,5.46,11.95,0,7.5,0,1.184,3.96,0,15.71
2/3/2026,9:30, ,gtmsswq_20H100466_012126_050000.bin,San Sebastian,default user,0,51.599,0,33.82,0,6.026,0,101.2,0,8.83,0,13.02,4.41,8.1,0,-92.5,5.47,11.945,0,6.67,0,1.184,1.76,0,6.91
2/3/2026,9:45, ,gtmsswq_20H100466_012126_050000.bin,San Sebastian,default user,0,51.593,0,33.81,0,6.038,0,101,0,8.81,0,13.28,4.5,8.1,0,-92.4,5.48,11.942,0,5.15,0,1.191,1.1,0,4.26
2/3/2026,10:00, ,gtmsswq_20H100466_012126_050000.bin,San Sebastian,default user,0,51.596,0,33.81,0,6.034,0,100.7,0,8.78,0,13.14,4.45,8.1,0,-92.3,5.47,11.962,0,4.86,0,1.197,1.32,0,5.14
2/3/2026,10:15, ,gtmsswq_20H100466_012126_050000.bin,San Sebastian,default user,0,51.578,0,33.8,0,6.024,0,99.7,0,8.7,0,13.3,4.51,8.09,0,-92,5.48,11.934,0,8.35,0,1.197,1.48,0,5.78
2/3/2026,10:30, ,gtmsswq_20H100466_012126_050000.bin,San Sebastian,default user,0,51.552,0,33.77,0,6.001,0,97.8,0,8.55,0,13.64,4.62,8.08,0,-91.5,5.47,11.807,0,5.1,0,1.183,1.17,0,4.55
2/3/2026,10:45, ,gtmsswq_20H100466_012126_050000.bin,San Sebastian,default user,0,51.574,0,33.8,0,5.958,0,101.1,0,8.82,0,13.2,4.47,8.1,0,-92.4,5.47,11.947,0,4.27,0,1.185,1.03,0,4
2/3/2026,11:00, ,gtmsswq_20H100466_012126_050000.bin,San Sebastian,default user,0,51.524,0,33.76,0,5.894,0,103,0,8.99,0,13.85,4.69,8.1,0,-92.3,5.48,11.961,0,3.5,0,1.2,0.8,0,3.05
2/3/2026,11:15, ,gtmsswq_20H100466_012126_050000.bin,San Sebastian,default user,0,51.456,0,33.71,0,5.832,0,102.6,0,8.98,0,14.36,4.86,8.09,0,-92,5.47,11.854,0,3.46,0,1.193,0.83,0,3.21
2/3/2026,11:30, ,gtmsswq_20H100466_012126_050000.bin,San Sebastian,default user,0,51.499,0,33.73,0,5.756,0,102.6,0,8.99,0,14.5,4.91,8.09,0,-91.9,5.48,11.758,0,4.32,0,1.189,0.87,0,3.33
2/3/2026,11:45, ,gtmsswq_20H100466_012126_050000.bin,San Sebastian,default user,0,51.335,0,33.59,0,5.673,0,102.7,0,9.08,0,16.93,5.72,8.07,0,-90.9,5.46,11.345,0,2.75,0,1.184,0.77,0,2.94
2/3/2026,12:00, ,gtmsswq_20H100466_012126_050000.bin,San Sebastian,default user,0,51.409,0,33.66,0,5.577,0,103.6,0,9.11,0,16.24,5.49,8.08,0,-91.1,5.47,11.59,0,3.27,0,1.184,0.76,0,2.92
2/3/2026,12:15, ,gtmsswq_20H100466_012126_050000.bin,San Sebastian,default user,0,51.391,0,33.64,0,5.479,0,103.2,0,9.11,0,16.97,5.73,8.07,0,-90.6,5.48,11.458,0,2.76,0,1.191,0.67,0,2.56
2/3/2026,12:30, ,gtmsswq_20H100466_012126_050000.bin,San Sebastian,default user,0,51.269,0,33.55,0,5.379,0,103.5,0,9.14,0,17.48,5.9,8.07,0,-90.8,5.47,11.432,0,2.51,0,1.196,0.77,0,2.93
2/3/2026,12:45, ,gtmsswq_20H100466_012126_050000.bin,San Sebastian,default user,0,51.314,0,33.6,0,5.267,0,104.3,0,9.16,0,16.51,5.58,8.08,0,-91.1,5.48,11.698,0,3.59,0,1.197,0.89,0,3.44
2/3/2026,13:00, ,gtmsswq_20H100466_012126_050000.bin,San Sebastian,default user,0,51.249,0,33.54,0,5.164,0,104.9,0,9.24,0,17.98,6.07,8.06,0,-90.3,5.46,11.603,0,2.72,0,1.199,0.59,0,2.21
2/3/2026,13:15, ,gtmsswq_20H100466_012126_050000.bin,San Sebastian,default user,0,51.21,0,33.51,0,5.065,0,105,0,9.25,0,18.13,6.12,8.06,0,-90.2,5.47,11.553,0,2.87,0,1.199,0.69,0,2.62
2/3/2026,13:30, ,gtmsswq_20H100466_012126_050000.bin,San Sebastian,default user,0,51.04,0,33.38,0,4.968,0,104.8,0,9.28,0,19.8,6.68,8.06,0,-89.8,5.48,11.349,0,3.49,0,1.192,0.72,0,2.74
2/3/2026,13:45, ,gtmsswq_20H100466_012126_050000.bin,San Sebastian,default user,0,51.221,0,33.53,0,4.87,0,105.6,0,9.27,0,18.05,6.09,8.05,0,-89.6,5.47,11.755,0,2.69,0,1.191,0.97,0,3.75
2/3/2026,14:00, ,gtmsswq_20H100466_012126_050000.bin,San Sebastian,default user,0,51.206,0,33.51,0,4.779,0,103.8,0,9.15,0,18.75,6.32,8.05,0,-89.6,5.47,11.536,0,2.55,0,1.2,0.55,0,2.08
2/3/2026,14:15, ,gtmsswq_20H100466_012126_050000.bin,San Sebastian,default user,0,51.208,0,33.52,0,4.694,0,106.1,0,9.32,0,18.43,6.22,8.06,0,-89.9,5.46,11.711,0,3.2,0,1.197,0.64,0,2.44
2/3/2026,14:30, ,gtmsswq_20H100466_012126_050000.bin,San Sebastian,default user,0,51.104,0,33.45,0,4.612,0,105.8,0,9.27,0,19.42,6.55,8.05,0,-89.4,5.46,11.813,0,2.82,0,1.182,0.48,0,1.8
2/3/2026,14:45, ,gtmsswq_20H100466_012126_050000.bin,San Sebastian,default user,0,50.994,0,33.36,0,4.542,0,104.1,0,9.18,0,20.55,6.92,8.05,0,-89.3,5.48,11.575,0,3,0,1.188,0.5,0,1.87
2/3/2026,15:00, ,gtmsswq_20H100466_012126_050000.bin,San Sebastian,default user,0,51.027,0,33.38,0,4.48,0,101.7,0,8.96,0,19.97,6.73,8.03,0,-88.5,5.47,11.589,0,2.46,0,1.194,0.58,0,2.17
2/3/2026,15:15, ,gtmsswq_20H100466_012126_050000.bin,San Sebastian,default user,0,50.911,0,33.28,0,4.424,0,102.5,0,9.08,0,21.57,7.27,8.03,0,-88.2,5.47,11.376,0,2.33,0,1.191,0.51,0,1.91
2/3/2026,15:30, ,gtmsswq_20H100466_012126_050000.bin,San Sebastian,default user,0,51.016,0,33.36,0,4.377,0,106,0,9.4,0,21,7.08,8.04,0,-89,5.46,11.342,0,3.09,0,1.182,0.58,0,2.19
2/3/2026,15:45, ,gtmsswq_20H100466_012126_050000.bin,San Sebastian,default user,0,50.9,0,33.27,0,4.359,0,102.4,0,9.08,0,21.82,7.35,8.03,0,-88.3,5.46,11.306,0,2.15,0,1.188,0.56,0,2.1
2/3/2026,16:00, ,gtmsswq_20H100466_012126_050000.bin,San Sebastian,default user,0,50.802,0,33.19,0,4.352,0,104.6,0,9.31,0,23.25,7.82,8.05,0,-89.2,5.47,11.162,0,2.83,0,1.193,0.58,0,2.18
2/3/2026,16:15, ,gtmsswq_20H100466_012126_050000.bin,San Sebastian,default user,0,50.804,0,33.18,0,4.356,0,105.2,0,9.41,0,23.54,7.92,8.04,0,-88.9,5.46,10.93,0,2.49,0,1.197,0.65,0,2.46
2/3/2026,16:30, ,gtmsswq_20H100466_012126_050000.bin,San Sebastian,default user,0,50.959,0,33.3,0,4.387,0,104.7,0,9.35,0,22.18,7.47,8.05,0,-89.4,5.47,10.963,0,2.61,0,1.192,0.57,0,2.13
2/3/2026,16:45, ,gtmsswq_20H100466_012126_050000.bin,San Sebastian,default user,0,51.036,0,33.35,0,4.43,0,103.2,0,9.22,0,21.78,7.33,8.05,0,-89.5,5.45,10.95,0,2.57,0,1.186,0.85,0,3.28
2/3/2026,17:00, ,gtmsswq_20H100466_012126_050000.bin,San Sebastian,default user,0,51.114,0,33.41,0,4.5,0,104.8,0,9.37,0,21.6,7.27,8.05,0,-89.4,5.46,10.906,0,2.99,0,1.191,0.86,0,3.31
2/3/2026,17:15, ,gtmsswq_20H100466_012126_050000.bin,San Sebastian,default user,0,51.165,0,33.44,0,4.579,0,104.6,0,9.37,0,21.57,7.26,8.06,0,-89.8,5.47,10.789,0,3.27,0,1.187,1.2,0,4.65
2/3/2026,17:30, ,gtmsswq_20H100466_012126_050000.bin,San Sebastian,default user,0,51.21,0,33.46,0,4.671,0,104.9,0,9.42,0,21.49,7.24,8.06,0,-89.8,5.46,10.673,0,3.34,0,1.184,1.03,0,3.99
2/3/2026,17:45, ,gtmsswq_20H100466_012126_050000.bin,San Sebastian,default user,0,51.222,0,33.47,0,4.758,0,104.8,0,9.42,0,21.52,7.25,8.06,0,-89.8,5.47,10.637,0,3.75,0,1.185,1.09,0,4.24
2/3/2026,18:00, ,gtmsswq_20H100466_012126_050000.bin,San Sebastian,default user,0,51.213,0,33.46,0,4.847,0,105.1,0,9.44,0,21.52,7.25,8.06,0,-89.8,5.45,10.663,0,3.2,0,1.191,1.12,0,4.33
2/3/2026,18:15, ,gtmsswq_20H100466_012126_050000.bin,San Sebastian,default user,0,51.184,0,33.45,0,4.932,0,105,0,9.42,0,21.46,7.23,8.06,0,-89.9,5.45,10.727,0,4.08,0,1.197,1.28,0,5
2/3/2026,18:30, ,gtmsswq_20H100466_012126_050000.bin,San Sebastian,default user,0,51.172,0,33.44,0,5.008,0,104.8,0,9.4,0,21.33,7.18,8.06,0,-89.9,5.46,10.763,0,3.38,0,1.194,1.27,0,4.95
2/3/2026,18:45, ,gtmsswq_20H100466_012126_050000.bin,San Sebastian,default user,0,51.169,0,33.44,0,5.09,0,104.8,0,9.39,0,21.22,7.15,8.06,0,-90,5.46,10.832,0,3.18,0,1.192,1.26,0,4.9
2/3/2026,19:00, ,gtmsswq_20H100466_012126_050000.bin,San Sebastian,default user,0,51.146,0,33.43,0,5.167,0,105.1,0,9.39,0,20.88,7.04,8.06,0,-90.1,5.46,10.952,0,3.15,0,1.189,1.24,0,4.84
2/3/2026,19:15, ,gtmsswq_20H100466_012126_050000.bin,San Sebastian,default user,0,51.152,0,33.44,0,5.243,0,105.2,0,9.36,0,20.33,6.85,8.06,0,-90.3,5.46,11.099,0,3.52,0,1.185,1.24,0,4.83
2/3/2026,19:30, ,gtmsswq_20H100466_012126_050000.bin,San Sebastian,default user,0,51.158,0,33.44,0,5.323,0,104.6,0,9.34,0,20.39,6.87,8.06,0,-90.2,5.45,10.986,0,3.68,0,1.187,1.29,0,5.01
2/3/2026,19:45, ,gtmsswq_20H100466_012126_050000.bin,San Sebastian,default user,0,51.185,0,33.47,0,5.389,0,104.3,0,9.28,0,19.74,6.65,8.07,0,-90.4,5.45,11.148,0,4.34,0,1.198,1.44,0,5.63
2/3/2026,20:00, ,gtmsswq_20H100466_012126_050000.bin,San Sebastian,default user,0,51.201,0,33.49,0,5.464,0,104.2,0,9.25,0,19.12,6.45,8.07,0,-90.6,5.46,11.222,0,4.11,0,1.196,1.25,0,4.88
2/3/2026,20:15, ,gtmsswq_20H100466_012126_050000.bin,San Sebastian,default user,0,51.151,0,33.47,0,5.54,0,104.3,0,9.21,0,18.31,6.18,8.07,0,-90.8,5.47,11.508,0,4.52,0,1.191,1.35,0,5.25
2/3/2026,20:30, ,gtmsswq_20H100466_012126_050000.bin,San Sebastian,default user,0,51.291,0,33.59,0,5.611,0,104.1,0,9.11,0,16.27,5.5,8.08,0,-91.2,5.46,11.88,0,6.19,0,1.191,1.5,0,5.87
2/3/2026,20:45, ,gtmsswq_20H100466_012126_050000.bin,San Sebastian,default user,0,51.523,0,33.78,0,5.676,0,104.6,0,9.03,0,13.36,4.53,8.09,0,-92,5.46,12.412,0,10.68,0,1.183,1.63,0,6.39
2/3/2026,21:00, ,gtmsswq_20H100466_012126_050000.bin,San Sebastian,default user,0,51.598,0,33.84,0,5.737,0,104.4,0,9,0,12.73,4.32,8.09,0,-92.1,5.47,12.529,0,10.31,0,1.189,1.65,0,6.48
2/3/2026,21:15, ,gtmsswq_20H100466_012126_050000.bin,San Sebastian,default user,0,51.631,0,33.87,0,5.787,0,104.2,0,8.95,0,12.27,4.16,8.09,0,-92,5.45,12.68,0,10.12,0,1.196,1.37,0,5.33
2/3/2026,21:30, ,gtmsswq_20H100466_012126_050000.bin,San Sebastian,default user,0,51.689,0,33.92,0,5.831,0,104,0,8.91,0,11.95,4.06,8.09,0,-92,5.46,12.767,0,13.12,0,1.198,1.94,0,7.61
2/3/2026,21:45, ,gtmsswq_20H100466_012126_050000.bin,San Sebastian,default user,0,51.685,0,33.92,0,5.866,0,103.9,0,8.9,0,11.64,3.95,8.09,0,-92,5.47,12.782,0,13.41,0,1.198,2.19,0,8.63
2/3/2026,22:00, ,gtmsswq_20H100466_012126_050000.bin,San Sebastian,default user,0,51.68,0,33.91,0,5.887,0,103.8,0,8.9,0,11.65,3.96,8.09,0,-92,5.46,12.772,0,12.2,0,1.199,2.44,0,9.62
2/3/2026,22:15, ,gtmsswq_20H100466_012126_050000.bin,San Sebastian,default user,0,51.694,0,33.92,0,5.891,0,103.7,0,8.88,0,11.68,3.97,8.09,0,-91.9,5.47,12.776,0,11.63,0,1.191,1.64,0,6.43
2/3/2026,22:30, ,gtmsswq_20H100466_012126_050000.bin,San Sebastian,default user,0,51.58,0,33.83,0,5.883,0,103.2,0,8.88,0,13.08,4.43,8.08,0,-91.5,5.46,12.573,0,6.18,0,1.187,1.28,0,4.98
2/3/2026,22:45, ,gtmsswq_20H100466_012126_050000.bin,San Sebastian,default user,0,51.708,0,33.94,0,5.866,0,100.3,0,8.59,0,11.57,3.93,8.07,0,-91.1,5.46,12.775,0,6.75,0,1.185,1.14,0,4.44
2/3/2026,23:00, ,gtmsswq_20H100466_012126_050000.bin,San Sebastian,default user,0,51.686,0,33.92,0,5.828,0,99.1,0,8.5,0,11.9,4.04,8.07,0,-90.9,5.47,12.748,0,5.07,0,1.183,1.05,0,4.05
2/3/2026,23:15, ,gtmsswq_20H100466_012126_050000.bin,San Sebastian,default user,0,51.587,0,33.83,0,5.759,0,102.3,0,8.83,0,12.97,4.4,8.08,0,-91.5,5.46,12.439,0,7.87,0,1.185,1.71,0,6.7
2/3/2026,23:30, ,gtmsswq_20H100466_012126_050000.bin,San Sebastian,default user,0,51.491,0,33.74,0,5.68,0,101,0,8.81,0,14.74,4.99,8.07,0,-90.7,5.47,11.979,0,5.77,0,1.193,1.23,0,4.77
2/3/2026,23:45, ,gtmsswq_20H100466_012126_050000.bin,San Sebastian,default user,0,51.428,0,33.69,0,5.582,0,101,0,8.84,0,15.68,5.3,8.07,0,-90.5,5.45,11.825,0,5.7,0,1.197,1.28,0,4.98
2/4/2026,0:00, ,gtmsswq_20H100466_012126_050000.bin,San Sebastian,default user,0,51.287,0,33.57,0,5.49,0,100.2,0,8.82,0,16.83,5.68,8.06,0,-90.2,5.46,11.584,0,5.29,0,1.192,1.29,0,5.04
2/4/2026,0:15, ,gtmsswq_20H100466_012126_050000.bin,San Sebastian,default user,0,51.345,0,33.6,0,5.401,0,99.6,0,8.8,0,17.53,5.92,8.06,0,-89.9,5.47,11.376,0,3.65,0,1.192,1.12,0,4.34
2/4/2026,0:30, ,gtmsswq_20H100466_012126_050000.bin,San Sebastian,default user,0,51.272,0,33.55,0,5.313,0,100.3,0,8.88,0,18.02,6.08,8.06,0,-90,5.45,11.332,0,4.11,0,1.19,1.08,0,4.2
2/4/2026,0:45, ,gtmsswq_20H100466_012126_050000.bin,San Sebastian,default user,0,51.27,0,33.53,0,5.223,0,98.9,0,8.79,0,18.46,6.23,8.05,0,-89.7,5.46,11.156,0,3.17,0,1.187,1.26,0,4.92
2/4/2026,1:00, ,gtmsswq_20H100466_012126_050000.bin,San Sebastian,default user,0,51.342,0,33.58,0,5.119,0,97.6,0,8.7,0,19.09,6.44,8.05,0,-89.1,5.45,10.969,0,3.14,0,1.184,1.04,0,4.03
2/4/2026,1:15, ,gtmsswq_20H100466_012126_050000.bin,San Sebastian,default user,0,51.219,0,33.48,0,5.03,0,99.1,0,8.87,0,20.44,6.89,8.05,0,-89.3,5.45,10.832,0,3.16,0,1.185,1.12,0,4.34
2/4/2026,1:30, ,gtmsswq_20H100466_012126_050000.bin,San Sebastian,default user,0,51.225,0,33.47,0,4.937,0,97.6,0,8.76,0,20.93,7.05,8.05,0,-89.1,5.46,10.706,0,3.43,0,1.194,1.11,0,4.3
2/4/2026,1:45, ,gtmsswq_20H100466_012126_050000.bin,San Sebastian,default user,0,51.142,0,33.41,0,4.845,0,99.4,0,8.93,0,21.39,7.2,8.05,0,-89.1,5.45,10.696,0,2.93,0,1.199,0.81,0,3.12
2/4/2026,2:00, ,gtmsswq_20H100466_012126_050000.bin,San Sebastian,default user,0,51.23,0,33.47,0,4.759,0,98.2,0,8.82,0,21.14,7.12,8.04,0,-89,5.46,10.656,0,3.57,0,1.194,1.12,0,4.34
2/4/2026,2:15, ,gtmsswq_20H100466_012126_050000.bin,San Sebastian,default user,0,51.138,0,33.4,0,4.671,0,99.1,0,8.95,0,22.51,7.58,8.04,0,-88.6,5.44,10.486,0,3,0,1.187,0.91,0,3.52
2/4/2026,2:30, ,gtmsswq_20H100466_012126_050000.bin,San Sebastian,default user,0,51.077,0,33.35,0,4.595,0,98.3,0,8.88,0,23.03,7.75,8.04,0,-88.5,5.45,10.423,0,3.61,0,1.189,0.94,0,3.63
2/4/2026,2:45, ,gtmsswq_20H100466_012126_050000.bin,San Sebastian,default user,0,51.005,0,33.3,0,4.526,0,99.6,0,9,0,23.71,7.98,8.04,0,-88.7,5.46,10.443,0,2.81,0,1.188,1.07,0,4.14
2/4/2026,3:00, ,gtmsswq_20H100466_012126_050000.bin,San Sebastian,default user,0,50.984,0,33.28,0,4.467,0,99.1,0,8.97,0,23.75,7.99,8.04,0,-88.6,5.44,10.41,0,2.52,0,1.185,0.9,0,3.46
2/4/2026,3:15, ,gtmsswq_20H100466_012126_050000.bin,San Sebastian,default user,0,50.936,0,33.24,0,4.407,0,99,0,8.96,0,24.63,8.28,8.03,0,-88.2,5.45,10.355,0,2.35,0,1.195,0.84,0,3.23
2/4/2026,3:30, ,gtmsswq_20H100466_012126_050000.bin,San Sebastian,default user,0,50.879,0,33.2,0,4.362,0,99.3,0,9,0,25.06,8.43,8.04,0,-88.4,5.44,10.342,0,2.4,0,1.195,0.79,0,3.05
2/4/2026,3:45, ,gtmsswq_20H100466_012126_050000.bin,San Sebastian,default user,0,50.833,0,33.17,0,4.321,0,100.5,0,9.11,0,25.88,8.7,8.04,0,-88.4,5.45,10.336,0,2.43,0,1.192,0.96,0,3.69
2/4/2026,4:00, ,gtmsswq_20H100466_012126_050000.bin,San Sebastian,default user,0,50.849,0,33.18,0,4.276,0,98.1,0,8.9,0,25.18,8.47,8.03,0,-88,5.45,10.31,0,2.58,0,1.185,0.92,0,3.56
2/4/2026,4:15, ,gtmsswq_20H100466_012126_050000.bin,San Sebastian,default user,0,50.835,0,33.16,0,4.243,0,97,0,8.8,0,25.02,8.41,8.02,0,-87.5,5.44,10.289,0,2.29,0,1.186,0.64,0,2.42
2/4/2026,4:30, ,gtmsswq_20H100466_012126_050000.bin,San Sebastian,default user,0,50.812,0,33.15,0,4.237,0,98.2,0,8.91,0,25.51,8.58,8.03,0,-87.9,5.45,10.272,0,2.22,0,1.199,0.73,0,2.77
2/4/2026,4:45, ,gtmsswq_20H100466_012126_050000.bin,San Sebastian,default user,0,50.904,0,33.21,0,4.265,0,97.6,0,8.85,0,24.35,8.19,8.04,0,-88.5,5.44,10.298,0,2.5,0,1.193,0.93,0,3.58
2/4/2026,5:00, ,gtmsswq_20H100466_012126_050000.bin,San Sebastian,default user,0,51.089,0,33.35,0,4.303,0,96.7,0,8.75,0,22.48,7.57,8.02,0,-87.8,5.44,10.349,0,2.46,0,1.183,0.92,0,3.53
2/4/2026,5:15, ,gtmsswq_20H100466_012126_050000.bin,San Sebastian,default user,0,51.179,0,33.42,0,4.377,0,96.5,0,8.73,0,21.09,7.1,8.03,0,-87.9,5.45,10.347,0,2.56,0,1.183,0.73,0,2.77
2/4/2026,5:30, ,gtmsswq_20H100466_012126_050000.bin,San Sebastian,default user,0,51.27,0,33.48,0,4.456,0,101.2,0,9.16,0,22.03,7.42,8.04,0,-88.8,5.43,10.309,0,2.8,0,1.184,1.03,0,3.99
2/4/2026,5:45, ,gtmsswq_20H100466_012126_050000.bin,San Sebastian,default user,0,51.367,0,33.55,0,4.562,0,102.1,0,9.25,0,21.93,7.38,8.05,0,-89.1,5.45,10.252,0,3.11,0,1.191,0.95,0,3.66
2/4/2026,6:00, ,gtmsswq_20H100466_012126_050000.bin,San Sebastian,default user,0,51.369,0,33.55,0,4.663,0,102.2,0,9.26,0,21.82,7.35,8.05,0,-89.1,5.43,10.264,0,3.65,0,1.198,1.16,0,4.51
2/4/2026,6:15, ,gtmsswq_20H100466_012126_050000.bin,San Sebastian,default user,0,51.314,0,33.51,0,4.759,0,102.3,0,9.26,0,22.46,7.56,8.05,0,-89.2,5.44,10.333,0,3.46,0,1.201,1.14,0,4.43
2/4/2026,6:30, ,gtmsswq_20H100466_012126_050000.bin,San Sebastian,default user,0,51.284,0,33.49,0,4.862,0,102.1,0,9.23,0,22.02,7.41,8.05,0,-89.2,5.45,10.36,0,3.04,0,1.192,0.98,0,3.78
2/4/2026,6:45, ,gtmsswq_20H100466_012126_050000.bin,San Sebastian,default user,0,51.243,0,33.47,0,4.97,0,102,0,9.21,0,22.03,7.42,8.05,0,-89.2,5.44,10.406,0,4.02,0,1.19,1.04,0,4.04
2/4/2026,7:00, ,gtmsswq_20H100466_012126_050000.bin,San Sebastian,default user,0,51.216,0,33.45,0,5.067,0,101.7,0,9.18,0,22.13,7.45,8.05,0,-89.2,5.45,10.451,0,3.46,0,1.183,1.07,0,4.14
2/4/2026,7:15, ,gtmsswq_20H100466_012126_050000.bin,San Sebastian,default user,0,51.184,0,33.43,0,5.147,0,101.4,0,9.13,0,21.68,7.3,8.05,0,-89.3,5.44,10.564,0,3.94,0,1.184,1.22,0,4.73
2/4/2026,7:30, ,gtmsswq_20H100466_012126_050000.bin,San Sebastian,default user,0,51.18,0,33.43,0,5.238,0,101,0,9.09,0,21.47,7.23,8.05,0,-89.3,5.44,10.592,0,4.13,0,1.191,1.15,0,4.47
2/4/2026,7:45, ,gtmsswq_20H100466_012126_050000.bin,San Sebastian,default user,0,51.202,0,33.46,0,5.321,0,101.3,0,9.09,0,20.84,7.02,8.05,0,-89.4,5.45,10.712,0,5.03,0,1.195,1.32,0,5.14
2/4/2026,8:00, ,gtmsswq_20H100466_012126_050000.bin,San Sebastian,default user,0,51.21,0,33.47,0,5.4,0,101.2,0,9.06,0,20.43,6.88,8.05,0,-89.6,5.44,10.8,0,6.98,0,1.197,1.19,0,4.62
2/4/2026,8:15, ,gtmsswq_20H100466_012126_050000.bin,San Sebastian,default user,0,51.15,0,33.44,0,5.473,0,100.9,0,8.99,0,19.49,6.57,8.06,0,-89.8,5.45,11.046,0,4.82,0,1.201,1.2,0,4.67
2/4/2026,8:30, ,gtmsswq_20H100466_012126_050000.bin,San Sebastian,default user,0,51.212,0,33.51,0,5.545,0,100.9,0,8.92,0,17.72,5.98,8.06,0,-90.1,5.44,11.413,0,6.6,0,1.195,1.28,0,5
2/4/2026,8:45, ,gtmsswq_20H100466_012126_050000.bin,San Sebastian,default user,0,51.619,0,33.84,0,5.606,0,101.8,0,8.85,0,13.05,4.42,8.08,0,-91.1,5.44,12.109,0,13.54,0,1.189,2.15,0,8.45
2/4/2026,9:00, ,gtmsswq_20H100466_012126_050000.bin,San Sebastian,default user,0,51.762,0,33.96,0,5.671,0,102.1,0,8.81,0,11.74,3.99,8.07,0,-91.2,5.45,12.398,0,16.35,0,1.186,2.29,0,9.04
2/4/2026,9:15, ,gtmsswq_20H100466_012126_050000.bin,San Sebastian,default user,0,51.8,0,33.99,0,5.73,0,102,0,8.79,0,11.29,3.84,8.07,0,-91.1,5.44,12.51,0,15.04,0,1.191,1.53,0,5.97
2/4/2026,9:30, ,gtmsswq_20H100466_012126_050000.bin,San Sebastian,default user,0,51.805,0,34,0,5.776,0,102,0,8.77,0,11.35,3.86,8.07,0,-91,5.45,12.568,0,14.81,0,1.185,1.96,0,7.69
2/4/2026,9:45, ,gtmsswq_20H100466_012126_050000.bin,San Sebastian,default user,0,51.844,0,34.03,0,5.815,0,101.9,0,8.76,0,11.09,3.77,8.07,0,-91,5.45,12.603,0,18.55,0,1.186,2.12,0,8.36
2/4/2026,10:00, ,gtmsswq_20H100466_012126_050000.bin,San Sebastian,default user,0,51.857,0,34.04,0,5.842,0,102.2,0,8.77,0,11.17,3.8,8.07,0,-91,5.44,12.635,0,13.1,0,1.191,1.78,0,7
2/4/2026,10:15, ,gtmsswq_20H100466_012126_050000.bin,San Sebastian,default user,0,51.855,0,34.04,0,5.861,0,102,0,8.76,0,11.02,3.75,8.07,0,-90.9,5.45,12.622,0,12.32,0,1.193,2.3,0,9.06
2/4/2026,10:30, ,gtmsswq_20H100466_012126_050000.bin,San Sebastian,default user,0,51.862,0,34.04,0,5.877,0,102.1,0,8.76,0,11,3.74,8.07,0,-90.9,5.46,12.65,0,10.45,0,1.196,1.92,0,7.55
2/4/2026,10:45, ,gtmsswq_20H100466_012126_050000.bin,San Sebastian,default user,0,51.839,0,34.03,0,5.883,0,101.8,0,8.74,0,11.22,3.81,8.07,0,-90.8,5.44,12.631,0,9.8,0,1.194,1.91,0,7.52
2/4/2026,11:00, ,gtmsswq_20H100466_012126_050000.bin,San Sebastian,default user,0,51.796,0,33.99,0,5.865,0,100.2,0,8.62,0,11.24,3.82,8.06,0,-90.4,5.45,12.599,0,15.27,0,1.19,1.9,0,7.47
2/4/2026,11:15, ,gtmsswq_20H100466_012126_050000.bin,San Sebastian,default user,0,51.848,0,34.03,0,5.828,0,95.7,0,8.22,0,10.9,3.71,8.04,0,-89.3,5.46,12.648,0,17.52,0,1.184,1.75,0,6.88
2/4/2026,11:30, ,gtmsswq_20H100466_012126_050000.bin,San Sebastian,default user,0,51.807,0,34,0,5.784,0,101,0,8.67,0,11.37,3.86,8.06,0,-90.6,5.44,12.659,0,5.05,0,1.183,1.36,0,5.3
2/4/2026,11:45, ,gtmsswq_20H100466_012126_050000.bin,San Sebastian,default user,0,51.746,0,33.96,0,5.714,0,104.4,0,8.94,0,12.04,4.09,8.07,0,-90.9,5.45,12.769,0,4.29,0,1.196,0.99,0,3.85
2/4/2026,12:00, ,gtmsswq_20H100466_012126_050000.bin,San Sebastian,default user,0,51.683,0,33.91,0,5.629,0,104.3,0,8.96,0,12.56,4.26,8.07,0,-90.9,5.46,12.648,0,5.46,0,1.2,1.12,0,4.36
2/4/2026,12:15, ,gtmsswq_20H100466_012126_050000.bin,San Sebastian,default user,0,51.605,0,33.85,0,5.537,0,104.2,0,8.97,0,13.19,4.47,8.06,0,-90.6,5.44,12.606,0,4.24,0,1.193,1.39,0,5.44
2/4/2026,12:30, ,gtmsswq_20H100466_012126_050000.bin,San Sebastian,default user,0,51.59,0,33.84,0,5.443,0,105,0,9.03,0,13.73,4.65,8.06,0,-90.4,5.45,12.627,0,5.13,0,1.187,1.06,0,4.11
2/4/2026,12:45, ,gtmsswq_20H100466_012126_050000.bin,San Sebastian,default user,0,51.492,0,33.78,0,5.348,0,107,0,9.18,0,14.92,5.05,8.06,0,-90.1,5.46,12.781,0,4.27,0,1.183,0.76,0,2.93
2/4/2026,13:00, ,gtmsswq_20H100466_012126_050000.bin,San Sebastian,default user,0,51.445,0,33.74,0,5.25,0,105.4,0,9.06,0,15.19,5.14,8.05,0,-89.6,5.45,12.683,0,2.96,0,1.184,0.61,0,2.29
