Date,Time,F_Record,FILENAME,SITENAME,USERID,FAULTCODE,SpCond,F_SpCond,Sal,F_Sal,Depth,F_Depth,DO_pct,F_DO_pct,DO_mgl,F_DO_mgl,fDOMQSU,fDOMRFU,pH,F_pH,pHmV,BATTERY,Temp,F_Temp,Turb,F_Turb,WIPERPOSITIONVOLT,ChlFluor,F_ChlFluor,Chlorophyllug/L
3/4/2026,11:45, ,gtmsswq_20H100466_030426_050000.bin,San Sebastian,default user,0,51.698,<0> (CND),34.05,<0> (CND),5.445,<0> (CND),102.1,<0> (CND),7.98,<0> (CND),13.6,4.61,8.04,<0> (CND),-66.6,6.09,17.319,<0> (CND),4.63,<0> (CND),1.201,0.65,<0> (CND),2.61
3/4/2026,12:00, ,gtmsswq_20H100466_030426_050000.bin,San Sebastian,default user,0,51.676,0,34.03,0,5.35,0,101.5,0,7.89,0,13.77,4.66,8.03,0,-65.9,6.1,17.664,0,3.59,0,1.199,0.61,0,2.46
3/4/2026,12:15, ,gtmsswq_20H100466_030426_050000.bin,San Sebastian,default user,0,51.686,0,34.04,0,5.254,0,101.6,0,7.87,0,14.07,4.77,8.02,0,-65.7,6.1,17.836,0,2.93,0,1.189,0.47,0,1.89
3/4/2026,12:30, ,gtmsswq_20H100466_030426_050000.bin,San Sebastian,default user,0,51.674,0,34.04,0,5.166,0,103.6,0,7.97,0,13.75,4.66,8.02,0,-65.7,6.1,18.206,0,4.04,0,1.188,0.53,0,2.14
3/4/2026,12:45, ,gtmsswq_20H100466_030426_050000.bin,San Sebastian,default user,0,51.671,0,34.04,0,5.071,0,105.1,0,8.05,0,13.74,4.65,8.02,0,-65.9,6.1,18.427,0,3.88,0,1.184,0.5,0,2
3/4/2026,13:00, ,gtmsswq_20H100466_030426_050000.bin,San Sebastian,default user,0,51.827,0,34.15,0,4.985,0,103.7,0,7.94,0,14.24,4.82,8.02,0,-65.7,6.1,18.406,0,3.42,0,1.192,0.44,0,1.76
3/4/2026,13:15, ,gtmsswq_20H100466_030426_050000.bin,San Sebastian,default user,0,51.651,0,34.02,0,4.904,0,104,0,7.89,0,14.66,4.96,8.01,0,-65.5,6.1,18.925,0,3.9,0,1.191,0.46,0,1.85
3/4/2026,13:30, ,gtmsswq_20H100466_030426_050000.bin,San Sebastian,default user,0,51.633,0,34.01,0,4.82,0,104.5,0,7.9,0,15.05,5.09,8.02,0,-65.9,6.11,19.096,0,5.33,0,1.187,0.73,0,2.95
3/4/2026,13:45, ,gtmsswq_20H100466_030426_050000.bin,San Sebastian,default user,0,51.551,0,33.95,0,4.739,0,104.9,0,7.91,0,15.75,5.32,8.02,0,-65.8,6.1,19.271,0,4.71,0,1.185,0.95,0,3.81
3/4/2026,14:00, ,gtmsswq_20H100466_030426_050000.bin,San Sebastian,default user,0,51.456,0,33.88,0,4.669,0,104.8,0,7.89,0,17.09,5.77,8.01,0,-65.3,6.11,19.447,0,4.08,0,1.185,0.76,0,3.07
3/4/2026,14:15, ,gtmsswq_20H100466_030426_050000.bin,San Sebastian,default user,0,51.397,0,33.84,0,4.603,0,103.2,0,7.76,0,17.79,6.01,8,0,-64.7,6.09,19.528,0,5.49,0,1.184,0.78,0,3.15
3/4/2026,14:30, ,gtmsswq_20H100466_030426_050000.bin,San Sebastian,default user,0,51.317,0,33.78,0,4.538,0,101.1,0,7.59,0,18.69,6.3,7.99,0,-64.1,6.1,19.559,0,3.64,0,1.182,0.84,0,3.37
3/4/2026,14:45, ,gtmsswq_20H100466_030426_050000.bin,San Sebastian,default user,0,51.279,0,33.75,0,4.488,0,100.4,0,7.52,0,19.23,6.48,7.98,0,-63.9,6.11,19.74,0,4,0,1.185,0.74,0,2.97
3/4/2026,15:00, ,gtmsswq_20H100466_030426_050000.bin,San Sebastian,default user,0,51.253,0,33.73,0,4.447,0,100.3,0,7.52,0,19.44,6.55,7.98,0,-63.7,6.1,19.65,0,4.2,0,1.185,0.64,0,2.57
3/4/2026,15:15, ,gtmsswq_20H100466_030426_050000.bin,San Sebastian,default user,0,51.197,0,33.69,0,4.422,0,99.3,0,7.45,0,19.36,6.53,7.97,0,-63.3,6.11,19.668,0,4.35,0,1.191,0.81,0,3.25
3/4/2026,15:30, ,gtmsswq_20H100466_030426_050000.bin,San Sebastian,default user,0,51.148,0,33.65,0,4.404,0,97.2,0,7.29,0,20.23,6.82,7.96,0,-62.5,6.1,19.681,0,3.42,0,1.195,0.74,0,2.97
3/4/2026,15:45, ,gtmsswq_20H100466_030426_050000.bin,San Sebastian,default user,0,51.232,0,33.71,0,4.402,0,98.1,0,7.37,0,19.23,6.48,7.99,0,-63.9,6.1,19.582,0,3.83,0,1.196,1,0,4.05
3/4/2026,16:00, ,gtmsswq_20H100466_030426_050000.bin,San Sebastian,default user,0,51.299,0,33.76,0,4.402,0,79,0,5.95,0,18.38,6.2,7.89,0,-58.6,6.11,19.375,0,4.7,0,1.201,0.67,0,2.68
3/4/2026,16:15, ,gtmsswq_20H100466_030426_050000.bin,San Sebastian,default user,0,51.334,0,33.79,0,4.44,0,77.4,0,5.83,0,18.24,6.15,7.93,0,-60.7,6.1,19.333,0,3,0,1.191,0.69,0,2.79
3/4/2026,16:30, ,gtmsswq_20H100466_030426_050000.bin,San Sebastian,default user,0,51.366,0,33.81,0,4.512,0,93.9,0,7.09,0,18.73,6.32,7.97,0,-63.1,6.1,19.297,0,3.57,0,1.185,1.31,0,5.26
3/4/2026,16:45, ,gtmsswq_20H100466_030426_050000.bin,San Sebastian,default user,0,51.379,0,33.82,0,4.604,0,92.7,0,6.99,0,18.09,6.1,7.98,0,-63.3,6.09,19.317,0,3.36,0,1.183,1.2,0,4.85
3/4/2026,17:00, ,gtmsswq_20H100466_030426_050000.bin,San Sebastian,default user,0,51.382,0,33.82,0,4.69,0,98.1,0,7.4,0,18.62,6.28,7.99,0,-64.2,6.1,19.301,0,3.75,0,1.185,1.34,0,5.42
3/4/2026,17:15, ,gtmsswq_20H100466_030426_050000.bin,San Sebastian,default user,0,51.389,0,33.83,0,4.777,0,98.1,0,7.41,0,18.24,6.15,7.99,0,-64,6.1,19.219,0,3.54,0,1.187,1.39,0,5.61
3/4/2026,17:30, ,gtmsswq_20H100466_030426_050000.bin,San Sebastian,default user,0,51.416,0,33.85,0,4.866,0,98.6,0,7.47,0,18.04,6.09,8,0,-64.5,6.1,19.108,0,3.61,0,1.195,1.33,0,5.37
3/4/2026,17:45, ,gtmsswq_20H100466_030426_050000.bin,San Sebastian,default user,0,51.423,0,33.85,0,4.956,0,98.3,0,7.45,0,17.83,6.02,8,0,-64.7,6.1,19.013,0,3.92,0,1.201,1.55,0,6.26
3/4/2026,18:00, ,gtmsswq_20H100466_030426_050000.bin,San Sebastian,default user,0,51.442,0,33.87,0,5.04,0,99.8,0,7.58,0,18.06,6.09,8.01,0,-65.3,6.09,18.938,0,3.87,0,1.2,1.47,0,5.91
3/4/2026,18:15, ,gtmsswq_20H100466_030426_050000.bin,San Sebastian,default user,0,51.453,0,33.88,0,5.126,0,102.3,0,7.78,0,17.29,5.84,8.03,0,-66.6,6.09,18.911,0,3.6,0,1.194,1.79,0,7.21
3/4/2026,18:30, ,gtmsswq_20H100466_030426_050000.bin,San Sebastian,default user,0,51.512,0,33.92,0,5.214,0,102.4,0,7.81,0,16.63,5.62,8.05,0,-67.3,6.1,18.673,0,3.66,0,1.196,1.93,0,7.78
3/4/2026,18:45, ,gtmsswq_20H100466_030426_050000.bin,San Sebastian,default user,0,51.529,0,33.93,0,5.301,0,101.1,0,7.75,0,15.96,5.39,8.05,0,-67.3,6.09,18.47,0,4.19,0,1.195,1.78,0,7.16
3/4/2026,19:00, ,gtmsswq_20H100466_030426_050000.bin,San Sebastian,default user,0,51.529,0,33.93,0,5.388,0,100.2,0,7.69,0,15.93,5.39,8.05,0,-67.1,6.1,18.388,0,4.46,0,1.183,1.9,0,7.67
3/4/2026,19:15, ,gtmsswq_20H100466_030426_050000.bin,San Sebastian,default user,0,51.543,0,33.94,0,5.473,0,99.8,0,7.67,0,16.17,5.46,8.05,0,-67.4,6.08,18.238,0,5.16,0,1.185,1.75,0,7.05
3/4/2026,19:30, ,gtmsswq_20H100466_030426_050000.bin,San Sebastian,default user,0,51.532,0,33.93,0,5.549,0,102,0,7.88,0,15.08,5.1,8.07,0,-68.6,6.09,17.972,0,5.24,0,1.198,1.92,0,7.74
3/4/2026,19:45, ,gtmsswq_20H100466_030426_050000.bin,San Sebastian,default user,0,51.639,0,34,0,5.621,0,102.4,0,8.02,0,13.28,4.5,8.11,0,-70.6,6.09,17.3,0,7.35,0,1.196,1.63,0,6.59
3/4/2026,20:00, ,gtmsswq_20H100466_030426_050000.bin,San Sebastian,default user,0,51.657,0,34.02,0,5.693,0,102.5,0,8.03,0,13.25,4.49,8.11,0,-70.7,6.08,17.243,0,7.06,0,1.194,1.67,0,6.72
3/4/2026,20:15, ,gtmsswq_20H100466_030426_050000.bin,San Sebastian,default user,0,51.725,0,34.06,0,5.762,0,103.2,0,8.15,0,11.63,3.95,8.13,0,-71.9,6.09,16.817,0,9,0,1.191,1.93,0,7.76
3/4/2026,20:30, ,gtmsswq_20H100466_030426_050000.bin,San Sebastian,default user,0,51.764,0,34.09,0,5.822,0,103.5,0,8.2,0,11.32,3.85,8.15,0,-72.6,6.08,16.626,0,9.43,0,1.187,1.87,0,7.55
3/4/2026,20:45, ,gtmsswq_20H100466_030426_050000.bin,San Sebastian,default user,0,51.831,0,34.13,0,5.873,0,104.3,0,8.32,0,10.58,3.6,8.17,0,-73.6,6.08,16.303,0,8.83,0,1.182,1.68,0,6.78
3/4/2026,21:00, ,gtmsswq_20H100466_030426_050000.bin,San Sebastian,default user,0,51.865,0,34.15,0,5.918,0,104.3,0,8.33,0,10.06,3.43,8.17,0,-73.9,6.09,16.206,0,10.02,0,1.196,1.7,0,6.85
3/4/2026,21:15, ,gtmsswq_20H100466_030426_050000.bin,San Sebastian,default user,0,51.891,0,34.17,0,5.953,0,104.4,0,8.35,0,9.49,3.24,8.18,0,-74.2,6.08,16.119,0,9.3,0,1.191,1.87,0,7.53
3/4/2026,21:30, ,gtmsswq_20H100466_030426_050000.bin,San Sebastian,default user,0,51.898,0,34.18,0,5.971,0,104.2,0,8.34,0,9.52,3.25,8.18,0,-74.1,6.08,16.092,0,8.4,0,1.19,1.76,0,7.1
3/4/2026,21:45, ,gtmsswq_20H100466_030426_050000.bin,San Sebastian,default user,0,51.899,0,34.18,0,5.976,0,103.5,0,8.29,0,9.53,3.25,8.18,0,-74.2,6.07,16.066,0,6.9,0,1.191,1.35,0,5.43
3/4/2026,22:00, ,gtmsswq_20H100466_030426_050000.bin,San Sebastian,default user,0,51.907,0,34.18,0,5.964,0,101.7,0,8.15,0,9.86,3.36,8.17,0,-73.9,6.08,16.053,0,6.11,0,1.188,1.29,0,5.19
3/4/2026,22:15, ,gtmsswq_20H100466_030426_050000.bin,San Sebastian,default user,0,51.897,0,34.17,0,5.937,0,97.6,0,7.82,0,9.97,3.4,8.16,0,-73,6.08,16.064,0,5.07,0,1.185,0.66,0,2.64
3/4/2026,22:30, ,gtmsswq_20H100466_030426_050000.bin,San Sebastian,default user,0,51.897,0,34.18,0,5.901,0,92.9,0,7.44,0,9.91,3.38,8.12,0,-71.2,6.08,16.071,0,2.99,0,1.184,0.45,0,1.81
3/4/2026,22:45, ,gtmsswq_20H100466_030426_050000.bin,San Sebastian,default user,0,51.893,0,34.18,0,5.84,0,101.9,0,8.12,0,11.04,3.75,8.16,0,-73.1,6.08,16.295,0,7.44,0,1.191,1.38,0,5.57
3/4/2026,23:00, ,gtmsswq_20H100466_030426_050000.bin,San Sebastian,default user,0,51.8,0,34.11,0,5.766,0,101.2,0,8.03,0,11.43,3.88,8.15,0,-72.6,6.08,16.565,0,4.96,0,1.197,1.24,0,5
3/4/2026,23:15, ,gtmsswq_20H100466_030426_050000.bin,San Sebastian,default user,0,51.754,0,34.08,0,5.688,0,99.5,0,7.85,0,12.49,4.24,8.12,0,-71.3,6.07,16.881,0,4.48,0,1.193,1.43,0,5.74
3/4/2026,23:30, ,gtmsswq_20H100466_030426_050000.bin,San Sebastian,default user,0,51.728,0,34.07,0,5.605,0,95,0,7.45,0,13.63,4.62,8.09,0,-69.5,6.07,17.136,0,3.9,0,1.192,1.12,0,4.52
3/4/2026,23:45, ,gtmsswq_20H100466_030426_050000.bin,San Sebastian,default user,0,51.674,0,34.03,0,5.522,0,95,0,7.44,0,13.34,4.52,8.09,0,-69.5,6.08,17.237,0,3.94,0,1.196,1.2,0,4.85
3/5/2026,0:00, ,gtmsswq_20H100466_030426_050000.bin,San Sebastian,default user,0,51.682,0,34.04,0,5.436,0,94.3,0,7.35,0,14.32,4.85,8.08,0,-68.7,6.07,17.462,0,5.15,0,1.188,1.26,0,5.09
3/5/2026,0:15, ,gtmsswq_20H100466_030426_050000.bin,San Sebastian,default user,0,51.626,0,34,0,5.348,0,93.1,0,7.23,0,15.56,5.26,8.06,0,-67.9,6.07,17.669,0,3.46,0,1.187,1.19,0,4.79
3/5/2026,0:30, ,gtmsswq_20H100466_030426_050000.bin,San Sebastian,default user,0,51.595,0,33.98,0,5.258,0,93.4,0,7.24,0,16.1,5.44,8.05,0,-67.5,6.08,17.83,0,4.74,0,1.185,1.16,0,4.67
3/5/2026,0:45, ,gtmsswq_20H100466_030426_050000.bin,San Sebastian,default user,0,51.599,0,33.98,0,5.174,0,91.5,0,7.08,0,16.23,5.48,8.04,0,-66.9,6.07,17.902,0,3.76,0,1.199,1.06,0,4.28
3/5/2026,1:00, ,gtmsswq_20H100466_030426_050000.bin,San Sebastian,default user,0,51.561,0,33.95,0,5.083,0,90.9,0,7.01,0,16.89,5.7,8.03,0,-66.2,6.07,18.104,0,4.21,0,1.198,1.13,0,4.53
3/5/2026,1:15, ,gtmsswq_20H100466_030426_050000.bin,San Sebastian,default user,0,51.537,0,33.94,0,4.998,0,88.8,0,6.83,0,17.21,5.81,8.01,0,-65.1,6.08,18.23,0,4,0,1.194,0.99,0,3.99
3/5/2026,1:30, ,gtmsswq_20H100466_030426_050000.bin,San Sebastian,default user,0,51.492,0,33.9,0,4.913,0,89.1,0,6.83,0,17.92,6.05,8.01,0,-64.9,6.07,18.41,0,5.38,0,1.184,0.96,0,3.87
3/5/2026,1:45, ,gtmsswq_20H100466_030426_050000.bin,San Sebastian,default user,0,51.426,0,33.86,0,4.835,0,90.4,0,6.91,0,18.73,6.32,8,0,-64.8,6.07,18.58,0,4.85,0,1.182,1.14,0,4.58
3/5/2026,2:00, ,gtmsswq_20H100466_030426_050000.bin,San Sebastian,default user,0,51.358,0,33.81,0,4.76,0,90,0,6.86,0,19.53,6.59,7.99,0,-64.2,6.07,18.803,0,5.14,0,1.185,1.11,0,4.48
3/5/2026,2:15, ,gtmsswq_20H100466_030426_050000.bin,San Sebastian,default user,0,51.33,0,33.79,0,4.691,0,87.5,0,6.66,0,19.77,6.66,7.98,0,-63.2,6.06,18.803,0,4.91,0,1.187,0.98,0,3.94
3/5/2026,2:30, ,gtmsswq_20H100466_030426_050000.bin,San Sebastian,default user,0,51.287,0,33.75,0,4.622,0,87.8,0,6.69,0,20.31,6.84,7.98,0,-63.3,6.07,18.799,0,3.9,0,1.187,0.95,0,3.81
3/5/2026,2:45, ,gtmsswq_20H100466_030426_050000.bin,San Sebastian,default user,0,51.207,0,33.7,0,4.552,0,85.4,0,6.48,0,22.16,7.46,7.95,0,-62,6.07,18.99,0,3.92,0,1.191,1.06,0,4.26
3/5/2026,3:00, ,gtmsswq_20H100466_030426_050000.bin,San Sebastian,default user,0,51.193,0,33.68,0,4.495,0,85.9,0,6.53,0,21.59,7.27,7.96,0,-62.1,6.07,18.979,0,3.21,0,1.191,0.79,0,3.17
3/5/2026,3:15, ,gtmsswq_20H100466_030426_050000.bin,San Sebastian,default user,0,51.122,0,33.63,0,4.445,0,85.5,0,6.48,0,22.63,7.62,7.95,0,-61.6,6.07,19.147,0,5.33,0,1.196,0.84,0,3.39
3/5/2026,3:30, ,gtmsswq_20H100466_030426_050000.bin,San Sebastian,default user,0,51.097,0,33.61,0,4.416,0,82.4,0,6.24,0,22.33,7.52,7.93,0,-60.7,6.06,19.191,0,3.47,0,1.192,0.6,0,2.41
3/5/2026,3:45, ,gtmsswq_20H100466_030426_050000.bin,San Sebastian,default user,0,51.064,0,33.59,0,4.406,0,83,0,6.27,0,23.36,7.86,7.92,0,-60.3,6.07,19.28,0,3.65,0,1.192,0.84,0,3.39
3/5/2026,4:00, ,gtmsswq_20H100466_030426_050000.bin,San Sebastian,default user,0,51.079,0,33.6,0,4.407,0,81.5,0,6.16,0,22.48,7.57,7.92,0,-60.2,6.07,19.262,0,3.8,0,1.184,0.74,0,3
3/5/2026,4:15, ,gtmsswq_20H100466_030426_050000.bin,San Sebastian,default user,0,51.251,0,33.73,0,4.41,0,81.9,0,6.21,0,20.65,6.96,7.96,0,-62.1,6.06,19.064,0,3.51,0,1.192,0.91,0,3.66
3/5/2026,4:30, ,gtmsswq_20H100466_030426_050000.bin,San Sebastian,default user,0,51.254,0,33.73,0,4.443,0,61,0,4.62,0,19.59,6.6,7.85,0,-55.9,6.06,19.085,0,2.54,0,1.193,0.53,0,2.13
3/5/2026,4:45, ,gtmsswq_20H100466_030426_050000.bin,San Sebastian,default user,0,51.295,0,33.76,0,4.506,0,86,0,6.52,0,19.14,6.45,7.94,0,-61,6.06,19.079,0,3.11,0,1.187,0.88,0,3.55
3/5/2026,5:00, ,gtmsswq_20H100466_030426_050000.bin,San Sebastian,default user,0,51.341,0,33.79,0,4.576,0,84.9,0,6.43,0,19.4,6.54,7.94,0,-61.4,6.06,19.099,0,2.84,0,1.183,0.88,0,3.55
3/5/2026,5:15, ,gtmsswq_20H100466_030426_050000.bin,San Sebastian,default user,0,51.341,0,33.79,0,4.653,0,88.3,0,6.68,0,19.82,6.68,7.98,0,-63.3,6.07,19.164,0,3.48,0,1.191,1.09,0,4.38
3/5/2026,5:30, ,gtmsswq_20H100466_030426_050000.bin,San Sebastian,default user,0,51.349,0,33.8,0,4.734,0,89.3,0,6.76,0,19.53,6.58,7.96,0,-62.6,6.06,19.142,0,3.8,0,1.2,1.22,0,4.9
3/5/2026,5:45, ,gtmsswq_20H100466_030426_050000.bin,San Sebastian,default user,0,51.361,0,33.81,0,4.828,0,88.8,0,6.73,0,20.05,6.76,7.97,0,-63.1,6.06,19.081,0,3.43,0,1.196,0.92,0,3.7
3/5/2026,6:00, ,gtmsswq_20H100466_030426_050000.bin,San Sebastian,default user,0,51.366,0,33.81,0,4.916,0,91.3,0,6.93,0,19.24,6.49,7.98,0,-63.6,6.05,19.007,0,4.06,0,1.183,1.16,0,4.67
3/5/2026,6:15, ,gtmsswq_20H100466_030426_050000.bin,San Sebastian,default user,0,51.366,0,33.81,0,5.005,0,91.2,0,6.94,0,19.22,6.48,7.99,0,-63.9,6.06,18.869,0,4.73,0,1.192,1.21,0,4.88
3/5/2026,6:30, ,gtmsswq_20H100466_030426_050000.bin,San Sebastian,default user,0,51.383,0,33.82,0,5.082,0,92.1,0,7.03,0,18.92,6.38,8,0,-64.5,6.07,18.681,0,5.92,0,1.194,1.38,0,5.55
3/5/2026,6:45, ,gtmsswq_20H100466_030426_050000.bin,San Sebastian,default user,0,51.416,0,33.85,0,5.163,0,92,0,7.05,0,18.57,6.26,8.01,0,-65.1,6.05,18.47,0,3.88,0,1.195,1.31,0,5.26
3/5/2026,7:00, ,gtmsswq_20H100466_030426_050000.bin,San Sebastian,default user,0,51.452,0,33.87,0,5.237,0,91.3,0,7.03,0,17.31,5.84,8.02,0,-65.6,6.06,18.165,0,4.06,0,1.196,1.17,0,4.71
3/5/2026,7:15, ,gtmsswq_20H100466_030426_050000.bin,San Sebastian,default user,0,51.47,0,33.89,0,5.311,0,92.6,0,7.11,0,17.61,5.94,8.02,0,-65.6,6.05,18.35,0,4.7,0,1.19,1.31,0,5.27
3/5/2026,7:30, ,gtmsswq_20H100466_030426_050000.bin,San Sebastian,default user,0,51.482,0,33.9,0,5.387,0,92.2,0,7.09,0,16.97,5.73,8.02,0,-65.7,6.05,18.228,0,4.71,0,1.191,1.23,0,4.97
3/5/2026,7:45, ,gtmsswq_20H100466_030426_050000.bin,San Sebastian,default user,0,51.511,0,33.91,0,5.455,0,93.6,0,7.24,0,16.37,5.53,8.04,0,-66.9,6.06,17.9,0,5.73,0,1.199,1.31,0,5.3
3/5/2026,8:00, ,gtmsswq_20H100466_030426_050000.bin,San Sebastian,default user,0,51.524,0,33.92,0,5.529,0,95.3,0,7.42,0,15.22,5.15,8.07,0,-68.2,6.05,17.563,0,6.06,0,1.192,1.45,0,5.82
3/5/2026,8:15, ,gtmsswq_20H100466_030426_050000.bin,San Sebastian,default user,0,51.654,0,34.01,0,5.598,0,97.6,0,7.69,0,13.72,4.65,8.1,0,-70.1,6.05,16.954,0,6.61,0,1.195,1.59,0,6.42
3/5/2026,8:30, ,gtmsswq_20H100466_030426_050000.bin,San Sebastian,default user,0,51.696,0,34.04,0,5.66,0,98.1,0,7.75,0,12.79,4.34,8.11,0,-70.6,6.05,16.827,0,7.46,0,1.186,1.4,0,5.63
3/5/2026,8:45, ,gtmsswq_20H100466_030426_050000.bin,San Sebastian,default user,0,51.801,0,34.11,0,5.708,0,100.1,0,7.97,0,11.48,3.9,8.14,0,-72.2,6.05,16.402,0,9.13,0,1.184,1.63,0,6.59
3/5/2026,9:00, ,gtmsswq_20H100466_030426_050000.bin,San Sebastian,default user,0,51.858,0,34.15,0,5.751,0,101.1,0,8.08,0,10.98,3.73,8.15,0,-72.9,6.05,16.168,0,7.87,0,1.191,1.35,0,5.43
3/5/2026,9:15, ,gtmsswq_20H100466_030426_050000.bin,San Sebastian,default user,0,51.891,0,34.17,0,5.79,0,101.4,0,8.13,0,10.4,3.54,8.16,0,-73.2,6.05,16.041,0,8.12,0,1.192,1.49,0,6.01
3/5/2026,9:30, ,gtmsswq_20H100466_030426_050000.bin,San Sebastian,default user,0,51.904,0,34.18,0,5.827,0,101.7,0,8.16,0,10.14,3.45,8.16,0,-73.5,6.05,15.957,0,8.1,0,1.193,1.59,0,6.41
3/5/2026,9:45, ,gtmsswq_20H100466_030426_050000.bin,San Sebastian,default user,0,51.911,0,34.18,0,5.855,0,101.6,0,8.16,0,10.02,3.41,8.17,0,-73.5,6.05,15.893,0,9.57,0,1.195,1.29,0,5.2
3/5/2026,10:00, ,gtmsswq_20H100466_030426_050000.bin,San Sebastian,default user,0,51.929,0,34.19,0,5.862,0,102,0,8.21,0,9.82,3.35,8.17,0,-73.9,6.05,15.819,0,6.49,0,1.191,1.47,0,5.91
3/5/2026,10:15, ,gtmsswq_20H100466_030426_050000.bin,San Sebastian,default user,0,51.921,0,34.19,0,5.85,0,99.7,0,8.02,0,9.45,3.22,8.16,0,-73.4,6.05,15.849,0,7.96,0,1.192,1.13,0,4.54
3/5/2026,10:30, ,gtmsswq_20H100466_030426_050000.bin,San Sebastian,default user,0,51.917,0,34.19,0,5.825,0,95.9,0,7.7,0,9.8,3.34,8.15,0,-72.4,6.04,15.876,0,3.74,0,1.184,0.38,0,1.54
3/5/2026,10:45, ,gtmsswq_20H100466_030426_050000.bin,San Sebastian,default user,0,51.914,0,34.18,0,5.783,0,89.4,0,7.18,0,9.94,3.39,8.12,0,-70.7,6.05,15.878,0,4.05,0,1.19,0.44,0,1.77
3/5/2026,11:00, ,gtmsswq_20H100466_030426_050000.bin,San Sebastian,default user,0,51.826,0,34.13,0,5.725,0,103.8,0,8.24,0,10.27,3.5,8.16,0,-73.6,6.04,16.504,0,4.6,0,1.198,0.87,0,3.48
3/5/2026,11:15, ,gtmsswq_20H100466_030426_050000.bin,San Sebastian,default user,0,51.835,0,34.14,0,5.651,0,102.9,0,8.16,0,10.55,3.59,8.15,0,-73.1,6.04,16.535,0,4.03,0,1.196,1.06,0,4.28
3/5/2026,11:30, ,gtmsswq_20H100466_030426_050000.bin,San Sebastian,default user,0,51.774,0,34.1,0,5.566,0,102.3,0,8.07,0,11.47,3.9,8.14,0,-72.3,6.05,16.862,0,4.62,0,1.187,1.16,0,4.68
3/5/2026,11:45, ,gtmsswq_20H100466_030426_050000.bin,San Sebastian,default user,0,51.632,0,34,0,5.48,0,101.6,0,7.87,0,13.05,4.42,8.1,0,-70.3,6.04,17.871,0,4.57,0,1.182,0.79,0,3.17
3/5/2026,12:00, ,gtmsswq_20H100466_030426_050000.bin,San Sebastian,default user,0,51.602,0,33.98,0,5.393,0,102.3,0,7.86,0,14.06,4.76,8.09,0,-69.5,6.05,18.286,0,4.23,0,1.19,0.61,0,2.47
3/5/2026,12:15, ,gtmsswq_20H100466_030426_050000.bin,San Sebastian,default user,0,51.568,0,33.96,0,5.308,0,103.3,0,7.87,0,14.42,4.88,8.07,0,-68.9,6.04,18.742,0,3.96,0,1.193,0.58,0,2.32
3/5/2026,12:30, ,gtmsswq_20H100466_030426_050000.bin,San Sebastian,default user,0,51.567,0,33.96,0,5.218,0,103,0,7.77,0,14.97,5.06,8.05,0,-67.7,6.04,19.269,0,3.68,0,1.197,0.46,0,1.83
3/5/2026,12:45, ,gtmsswq_20H100466_030426_050000.bin,San Sebastian,default user,0,51.485,0,33.9,0,5.12,0,102,0,7.67,0,16.18,5.47,8.04,0,-66.9,6.05,19.495,0,4.03,0,1.191,0.67,0,2.69
3/5/2026,13:00, ,gtmsswq_20H100466_030426_050000.bin,San Sebastian,default user,0,51.489,0,33.9,0,5.043,0,101.9,0,7.61,0,16.79,5.67,8.03,0,-66.5,6.04,19.831,0,4.05,0,1.19,0.56,0,2.26
3/5/2026,13:15, ,gtmsswq_20H100466_030426_050000.bin,San Sebastian,default user,0,51.494,0,33.91,0,4.96,0,102.3,0,7.63,0,15.79,5.34,8.03,0,-66.5,6.05,19.9,0,8.54,0,1.184,0.59,0,2.38
3/5/2026,13:30, ,gtmsswq_20H100466_030426_050000.bin,San Sebastian,default user,0,51.495,0,33.91,0,4.873,0,103.7,0,7.71,0,16.33,5.52,8.03,0,-66.7,6.03,20.112,0,4.58,0,1.183,0.63,0,2.52
3/5/2026,13:45, ,gtmsswq_20H100466_030426_050000.bin,San Sebastian,default user,0,51.441,0,33.86,0,4.799,0,97.7,0,7.22,0,17.07,5.76,7.98,0,-63.9,6.04,20.405,0,4.21,0,1.202,0.3,0,1.19
3/5/2026,14:00, ,gtmsswq_20H100466_030426_050000.bin,San Sebastian,default user,0,51.35,0,33.8,0,4.722,0,97.4,0,7.19,0,18,6.07,7.99,0,-64.2,6.05,20.514,0,3.64,0,1.193,0.62,0,2.48
3/5/2026,14:15, ,gtmsswq_20H100466_030426_050000.bin,San Sebastian,default user,0,51.362,0,33.8,0,4.651,0,90.1,0,6.64,0,18.45,6.22,7.94,0,-61.4,6.04,20.605,0,3.52,0,1.191,0.4,0,1.6
3/5/2026,14:30, ,gtmsswq_20H100466_030426_050000.bin,San Sebastian,default user,0,51.322,0,33.77,0,4.576,0,88.2,0,6.47,0,17.91,6.04,7.94,0,-61.5,6.04,20.849,0,5.26,0,1.185,0.44,0,1.75
3/5/2026,14:45, ,gtmsswq_20H100466_030426_050000.bin,San Sebastian,default user,0,51.311,0,33.77,0,4.515,0,92.9,0,6.82,0,17.63,5.95,7.95,0,-62.3,6.05,20.823,0,4.4,0,1.183,0.47,0,1.88
3/5/2026,15:00, ,gtmsswq_20H100466_030426_050000.bin,San Sebastian,default user,0,51.291,0,33.75,0,4.46,0,93.8,0,6.86,0,18.57,6.26,7.94,0,-61.5,6.05,21.062,0,4.02,0,1.195,0.53,0,2.12
3/5/2026,15:15, ,gtmsswq_20H100466_030426_050000.bin,San Sebastian,default user,0,51.256,0,33.72,0,4.417,0,69.9,0,5.1,0,18.24,6.16,7.85,0,-56.3,6.04,21.095,0,3.23,0,1.2,0.36,0,1.45
3/5/2026,15:30, ,gtmsswq_20H100466_030426_050000.bin,San Sebastian,default user,0,51.174,0,33.66,0,4.372,0,78.6,0,5.75,0,19.41,6.55,7.88,0,-58,6.05,21.072,0,3.81,0,1.199,0.38,0,1.53
3/5/2026,15:45, ,gtmsswq_20H100466_030426_050000.bin,San Sebastian,default user,0,51.14,0,33.64,0,4.349,0,79.6,0,5.82,0,20.41,6.88,7.87,0,-57.2,6.03,21.097,0,3.45,0,1.192,0.69,0,2.78
3/5/2026,16:00, ,gtmsswq_20H100466_030426_050000.bin,San Sebastian,default user,0,51.144,0,33.64,0,4.333,0,86.7,0,6.34,0,19.62,6.61,7.9,0,-59.2,6.03,21.021,0,3.59,0,1.185,0.69,0,2.79
3/5/2026,16:15, ,gtmsswq_20H100466_030426_050000.bin,San Sebastian,default user,0,51.141,0,33.64,0,4.339,0,95.7,0,7,0,20.28,6.83,7.95,0,-62.1,6.04,21.054,0,3.31,0,1.199,0.76,0,3.07
3/5/2026,16:30, ,gtmsswq_20H100466_030426_050000.bin,San Sebastian,default user,0,51.222,0,33.7,0,4.356,0,76.3,0,5.6,0,19.24,6.49,7.88,0,-58,6.05,20.833,0,3.22,0,1.199,0.82,0,3.31
3/5/2026,16:45, ,gtmsswq_20H100466_030426_050000.bin,San Sebastian,default user,0,51.27,0,33.74,0,4.402,0,74.4,0,5.47,0,18.18,6.13,7.87,0,-57.2,6.03,20.759,0,6.05,0,1.196,0.69,0,2.77
3/5/2026,17:00, ,gtmsswq_20H100466_030426_050000.bin,San Sebastian,default user,0,51.278,0,33.74,0,4.464,0,67.9,0,4.99,0,18.8,6.34,7.84,0,-55.9,6.04,20.742,0,3.77,0,1.198,0.77,0,3.11
3/5/2026,17:15, ,gtmsswq_20H100466_030426_050000.bin,San Sebastian,default user,0,51.319,0,33.77,0,4.547,0,92.7,0,6.81,0,18.79,6.34,7.96,0,-62.5,6.03,20.78,0,4.19,0,1.197,1.22,0,4.92
3/5/2026,17:30, ,gtmsswq_20H100466_030426_050000.bin,San Sebastian,default user,0,51.329,0,33.78,0,4.626,0,94.4,0,6.95,0,19.08,6.44,7.95,0,-62.1,6.03,20.705,0,3.85,0,1.192,1.23,0,4.96
3/5/2026,17:45, ,gtmsswq_20H100466_030426_050000.bin,San Sebastian,default user,0,51.323,0,33.78,0,4.716,0,92.1,0,6.79,0,19.49,6.57,7.95,0,-61.9,6.04,20.586,0,3.91,0,1.192,0.91,0,3.65
3/5/2026,18:00, ,gtmsswq_20H100466_030426_050000.bin,San Sebastian,default user,0,51.312,0,33.77,0,4.805,0,96.6,0,7.14,0,19.25,6.49,7.97,0,-63,6.02,20.472,0,5.22,0,1.188,1.4,0,5.63
3/5/2026,18:15, ,gtmsswq_20H100466_030426_050000.bin,San Sebastian,default user,0,51.322,0,33.78,0,4.897,0,96.9,0,7.17,0,18.9,6.37,7.97,0,-63.3,6.04,20.415,0,4.91,0,1.197,1.42,0,5.71
3/5/2026,18:30, ,gtmsswq_20H100466_030426_050000.bin,San Sebastian,default user,0,51.32,0,33.78,0,4.977,0,98.9,0,7.32,0,18.62,6.28,7.99,0,-64.1,6.02,20.375,0,4.86,0,1.201,1.53,0,6.14
3/5/2026,18:45, ,gtmsswq_20H100466_030426_050000.bin,San Sebastian,default user,0,51.326,0,33.78,0,5.054,0,99.2,0,7.35,0,19.05,6.42,7.99,0,-64.3,6.02,20.301,0,3.56,0,1.196,1.61,0,6.49
3/5/2026,19:00, ,gtmsswq_20H100466_030426_050000.bin,San Sebastian,default user,0,51.371,0,33.81,0,5.132,0,99.3,0,7.4,0,18.13,6.12,8,0,-65.1,6.03,19.987,0,3.87,0,1.191,1.67,0,6.73
3/5/2026,19:15, ,gtmsswq_20H100466_030426_050000.bin,San Sebastian,default user,0,51.377,0,33.82,0,5.208,0,99.7,0,7.45,0,17.67,5.96,8.01,0,-65.7,6.03,19.835,0,4.03,0,1.189,1.7,0,6.85
3/5/2026,19:30, ,gtmsswq_20H100466_030426_050000.bin,San Sebastian,default user,0,51.391,0,33.83,0,5.29,0,97.6,0,7.31,0,17.77,6,8,0,-64.9,6.03,19.688,0,4.96,0,1.188,1.55,0,6.24
3/5/2026,19:45, ,gtmsswq_20H100466_030426_050000.bin,San Sebastian,default user,0,51.412,0,33.85,0,5.365,0,98.2,0,7.39,0,17.07,5.77,8.02,0,-65.8,6.02,19.422,0,4.98,0,1.196,1.68,0,6.79
3/5/2026,20:00, ,gtmsswq_20H100466_030426_050000.bin,San Sebastian,default user,0,51.434,0,33.86,0,5.445,0,100,0,7.56,0,16.33,5.52,8.04,0,-66.9,6.02,19.152,0,5.63,0,1.198,1.72,0,6.93
3/5/2026,20:15, ,gtmsswq_20H100466_030426_050000.bin,San Sebastian,default user,0,51.506,0,33.91,0,5.521,0,101.3,0,7.75,0,14.49,4.91,8.08,0,-69.2,6.03,18.496,0,5.66,0,1.197,1.57,0,6.33
3/5/2026,20:30, ,gtmsswq_20H100466_030426_050000.bin,San Sebastian,default user,0,51.598,0,33.98,0,5.588,0,102.1,0,7.86,0,13.17,4.46,8.1,0,-70.3,6.02,18.19,0,6.52,0,1.2,1.72,0,6.91
3/5/2026,20:45, ,gtmsswq_20H100466_030426_050000.bin,San Sebastian,default user,0,51.72,0,34.07,0,5.648,0,104.1,0,8.06,0,10.68,3.63,8.14,0,-72.6,6.02,17.82,0,6.2,0,1.201,1.22,0,4.91
3/5/2026,21:00, ,gtmsswq_20H100466_030426_050000.bin,San Sebastian,default user,0,51.772,0,34.1,0,5.714,0,105,0,8.17,0,9.89,3.37,8.15,0,-73.1,6.01,17.538,0,6.14,0,1.197,1.02,0,4.12
3/5/2026,21:15, ,gtmsswq_20H100466_030426_050000.bin,San Sebastian,default user,0,51.808,0,34.13,0,5.772,0,105.8,0,8.28,0,9.93,3.38,8.16,0,-73.8,6.01,17.291,0,4.43,0,1.189,0.91,0,3.68
3/5/2026,21:30, ,gtmsswq_20H100466_030426_050000.bin,San Sebastian,default user,0,51.816,0,34.13,0,5.821,0,106,0,8.3,0,9.68,3.3,8.17,0,-73.9,6.02,17.247,0,5.18,0,1.184,0.89,0,3.59
3/5/2026,21:45, ,gtmsswq_20H100466_030426_050000.bin,San Sebastian,default user,0,51.802,0,34.12,0,5.855,0,105.7,0,8.28,0,9.69,3.3,8.17,0,-73.9,6.01,17.234,0,3.77,0,1.183,0.85,0,3.44
3/5/2026,22:00, ,gtmsswq_20H100466_030426_050000.bin,San Sebastian,default user,0,51.804,0,34.12,0,5.89,0,105.7,0,8.28,0,9.54,3.25,8.17,0,-73.8,6.01,17.207,0,4.09,0,1.199,0.78,0,3.13
3/5/2026,22:15, ,gtmsswq_20H100466_030426_050000.bin,San Sebastian,default user,0,51.803,0,34.12,0,5.912,0,105.8,0,8.29,0,9.39,3.2,8.17,0,-73.9,6,17.221,0,3.61,0,1.192,0.8,0,3.23
3/5/2026,22:30, ,gtmsswq_20H100466_030426_050000.bin,San Sebastian,default user,0,51.792,0,34.11,0,5.919,0,105.2,0,8.23,0,9.68,3.3,8.16,0,-73.5,6.01,17.243,0,2.81,0,1.187,0.56,0,2.24
3/5/2026,22:45, ,gtmsswq_20H100466_030426_050000.bin,San Sebastian,default user,0,51.774,0,34.1,0,5.908,0,103.6,0,8.1,0,9.91,3.38,8.15,0,-73.1,6.01,17.299,0,2.68,0,1.19,0.69,0,2.77
3/5/2026,23:00, ,gtmsswq_20H100466_030426_050000.bin,San Sebastian,default user,0,51.779,0,34.11,0,5.883,0,99.7,0,7.8,0,9.6,3.27,8.13,0,-71.7,6,17.304,0,1.95,0,1.201,0.29,0,1.16
3/5/2026,23:15, ,gtmsswq_20H100466_030426_050000.bin,San Sebastian,default user,0,51.772,0,34.1,0,5.839,0,100.2,0,7.83,0,9.74,3.32,8.14,0,-72.5,6.01,17.321,0,2.58,0,1.2,0.37,0,1.49
3/5/2026,23:30, ,gtmsswq_20H100466_030426_050000.bin,San Sebastian,default user,0,51.762,0,34.1,0,5.77,0,102.4,0,7.98,0,10.42,3.55,8.14,0,-72.5,6,17.494,0,3.63,0,1.184,0.75,0,3.01
3/5/2026,23:45, ,gtmsswq_20H100466_030426_050000.bin,San Sebastian,default user,0,51.759,0,34.09,0,5.699,0,102.4,0,7.97,0,11.08,3.77,8.14,0,-72.4,6.01,17.559,0,4.19,0,1.184,0.89,0,3.59
3/6/2026,0:00, ,gtmsswq_20H100466_030426_050000.bin,San Sebastian,default user,0,51.716,0,34.07,0,5.614,0,98.8,0,7.64,0,12.24,4.15,8.1,0,-70.5,6.01,17.855,0,3.82,0,1.194,0.66,0,2.65
3/6/2026,0:15, ,gtmsswq_20H100466_030426_050000.bin,San Sebastian,default user,0,51.687,0,34.05,0,5.524,0,95,0,7.33,0,13.6,4.61,8.08,0,-69.2,6.01,18.067,0,3.77,0,1.2,0.53,0,2.13
3/6/2026,0:30, ,gtmsswq_20H100466_030426_050000.bin,San Sebastian,default user,0,51.631,0,34,0,5.436,0,95.8,0,7.36,0,13.84,4.69,8.08,0,-69.2,6.01,18.266,0,5.09,0,1.2,1.03,0,4.13
3/6/2026,0:45, ,gtmsswq_20H100466_030426_050000.bin,San Sebastian,default user,0,51.617,0,34,0,5.345,0,92.9,0,7.12,0,14.38,4.87,8.05,0,-67.6,6,18.451,0,3.42,0,1.191,1.1,0,4.43
3/6/2026,1:00, ,gtmsswq_20H100466_030426_050000.bin,San Sebastian,default user,0,51.573,0,33.96,0,5.259,0,92.4,0,7.05,0,15.63,5.28,8.04,0,-66.9,6.01,18.665,0,4.53,0,1.185,0.73,0,2.93
3/6/2026,1:15, ,gtmsswq_20H100466_030426_050000.bin,San Sebastian,default user,0,51.54,0,33.94,0,5.168,0,91,0,6.91,0,17.11,5.78,8.01,0,-65.4,6.01,18.959,0,5.21,0,1.188,1.23,0,4.95
3/6/2026,1:30, ,gtmsswq_20H100466_030426_050000.bin,San Sebastian,default user,0,51.483,0,33.9,0,5.08,0,89.8,0,6.79,0,17.49,5.9,8,0,-64.8,6,19.164,0,5.94,0,1.183,1.14,0,4.59
3/6/2026,1:45, ,gtmsswq_20H100466_030426_050000.bin,San Sebastian,default user,0,51.434,0,33.86,0,4.994,0,89.7,0,6.75,0,18.65,6.29,7.98,0,-63.7,6.01,19.483,0,5.19,0,1.197,1.08,0,4.35
3/6/2026,2:00, ,gtmsswq_20H100466_030426_050000.bin,San Sebastian,default user,0,51.444,0,33.87,0,4.904,0,87.1,0,6.56,0,18.78,6.33,7.97,0,-63,6,19.439,0,5.68,0,1.194,1,0,4.02
3/6/2026,2:15, ,gtmsswq_20H100466_030426_050000.bin,San Sebastian,default user,0,51.377,0,33.82,0,4.821,0,86.7,0,6.5,0,19.23,6.48,7.96,0,-62.3,6,19.609,0,4.92,0,1.198,0.82,0,3.31
3/6/2026,2:30, ,gtmsswq_20H100466_030426_050000.bin,San Sebastian,default user,0,51.325,0,33.78,0,4.746,0,85.9,0,6.42,0,20.33,6.85,7.94,0,-61.3,6.01,19.856,0,5.12,0,1.198,0.87,0,3.51
3/6/2026,2:45, ,gtmsswq_20H100466_030426_050000.bin,San Sebastian,default user,0,51.259,0,33.73,0,4.681,0,85,0,6.32,0,21.2,7.14,7.92,0,-60.5,6,20.111,0,5.75,0,1.196,0.94,0,3.77
3/6/2026,3:00, ,gtmsswq_20H100466_030426_050000.bin,San Sebastian,default user,0,51.222,0,33.7,0,4.607,0,83.8,0,6.23,0,21.82,7.35,7.91,0,-59.9,6.01,20.13,0,5.52,0,1.196,0.81,0,3.28
3/6/2026,3:15, ,gtmsswq_20H100466_030426_050000.bin,San Sebastian,default user,0,51.174,0,33.67,0,4.553,0,84.3,0,6.26,0,22.38,7.53,7.91,0,-59.7,6,20.21,0,4.79,0,1.19,0.91,0,3.65
3/6/2026,3:30, ,gtmsswq_20H100466_030426_050000.bin,San Sebastian,default user,0,51.132,0,33.64,0,4.502,0,82,0,6.08,0,22.49,7.57,7.89,0,-58.7,6,20.304,0,4.06,0,1.183,0.78,0,3.12
3/6/2026,3:45, ,gtmsswq_20H100466_030426_050000.bin,San Sebastian,default user,0,51.085,0,33.6,0,4.46,0,80.9,0,5.98,0,23.52,7.91,7.88,0,-57.9,6.01,20.498,0,4.31,0,1.192,0.71,0,2.87
3/6/2026,4:00, ,gtmsswq_20H100466_030426_050000.bin,San Sebastian,default user,0,51.053,0,33.58,0,4.427,0,81.9,0,6.05,0,23.49,7.9,7.89,0,-58.4,6,20.529,0,3.85,0,1.197,0.61,0,2.46
3/6/2026,4:15, ,gtmsswq_20H100466_030426_050000.bin,San Sebastian,default user,0,51.028,0,33.56,0,4.393,0,78.3,0,5.78,0,23.34,7.85,7.86,0,-57,6.01,20.583,0,4.18,0,1.194,0.63,0,2.53
3/6/2026,4:30, ,gtmsswq_20H100466_030426_050000.bin,San Sebastian,default user,0,51.011,0,33.55,0,4.374,0,80,0,5.9,0,23.85,8.03,7.87,0,-57.3,6,20.613,0,5.8,0,1.194,0.67,0,2.68
3/6/2026,4:45, ,gtmsswq_20H100466_030426_050000.bin,San Sebastian,default user,0,51.089,0,33.6,0,4.377,0,72.5,0,5.36,0,21.86,7.36,7.85,0,-56.1,6,20.509,0,3.59,0,1.183,0.67,0,2.7
3/6/2026,5:00, ,gtmsswq_20H100466_030426_050000.bin,San Sebastian,default user,0,51.151,0,33.65,0,4.392,0,43,0,3.18,0,20.71,6.98,7.74,0,-49.7,6.01,20.425,0,2.82,0,1.185,0.45,0,1.79
3/6/2026,5:15, ,gtmsswq_20H100466_030426_050000.bin,San Sebastian,default user,0,51.234,0,33.71,0,4.44,0,82,0,6.07,0,20.27,6.83,7.91,0,-59.5,6,20.362,0,4.21,0,1.188,0.91,0,3.65
3/6/2026,5:30, ,gtmsswq_20H100466_030426_050000.bin,San Sebastian,default user,0,51.241,0,33.72,0,4.499,0,77.3,0,5.72,0,20.48,6.9,7.86,0,-57,6,20.39,0,2.89,0,1.193,0.56,0,2.24
3/6/2026,5:45, ,gtmsswq_20H100466_030426_050000.bin,San Sebastian,default user,0,51.311,0,33.77,0,4.577,0,83.3,0,6.16,0,19.9,6.71,7.91,0,-59.5,6,20.451,0,3.57,0,1.198,0.94,0,3.8
3/6/2026,6:00, ,gtmsswq_20H100466_030426_050000.bin,San Sebastian,default user,0,51.32,0,33.77,0,4.649,0,86.4,0,6.38,0,19.98,6.73,7.92,0,-60.4,6,20.512,0,3.37,0,1.192,1.03,0,4.15
3/6/2026,6:15, ,gtmsswq_20H100466_030426_050000.bin,San Sebastian,default user,0,51.293,0,33.75,0,4.723,0,85.6,0,6.33,0,20.16,6.79,7.91,0,-59.7,5.99,20.449,0,3.63,0,1.19,0.84,0,3.38
3/6/2026,6:30, ,gtmsswq_20H100466_030426_050000.bin,San Sebastian,default user,0,51.324,0,33.78,0,4.798,0,84.5,0,6.25,0,19.96,6.73,7.91,0,-59.8,6,20.37,0,3.67,0,1.182,0.89,0,3.58
3/6/2026,6:45, ,gtmsswq_20H100466_030426_050000.bin,San Sebastian,default user,0,51.327,0,33.78,0,4.864,0,87.5,0,6.49,0,20.63,6.95,7.92,0,-60.2,5.99,20.283,0,3.85,0,1.189,1.02,0,4.09
3/6/2026,7:00, ,gtmsswq_20H100466_030426_050000.bin,San Sebastian,default user,0,51.267,0,33.74,0,4.94,0,88.1,0,6.55,0,20.29,6.84,7.93,0,-60.9,5.99,20.106,0,4.79,0,1.196,1.14,0,4.57
3/6/2026,7:15, ,gtmsswq_20H100466_030426_050000.bin,San Sebastian,default user,0,51.294,0,33.76,0,5.014,0,89.1,0,6.64,0,20.23,6.82,7.94,0,-61.5,6,19.992,0,4.55,0,1.201,1.09,0,4.39
3/6/2026,7:30, ,gtmsswq_20H100466_030426_050000.bin,San Sebastian,default user,0,51.312,0,33.77,0,5.08,0,89.1,0,6.66,0,19.61,6.61,7.95,0,-61.9,5.99,19.845,0,4.04,0,1.199,1.15,0,4.61
3/6/2026,7:45, ,gtmsswq_20H100466_030426_050000.bin,San Sebastian,default user,0,51.34,0,33.79,0,5.145,0,89.6,0,6.73,0,18.94,6.39,7.97,0,-62.8,5.99,19.59,0,4.59,0,1.196,0.96,0,3.88
3/6/2026,8:00, ,gtmsswq_20H100466_030426_050000.bin,San Sebastian,default user,0,51.352,0,33.8,0,5.222,0,88.6,0,6.68,0,18.63,6.28,7.97,0,-63,6,19.366,0,4.83,0,1.185,0.92,0,3.69
3/6/2026,8:15, ,gtmsswq_20H100466_030426_050000.bin,San Sebastian,default user,0,51.378,0,33.82,0,5.293,0,89.9,0,6.76,0,18.38,6.2,7.97,0,-63.1,5.99,19.496,0,4.01,0,1.192,0.93,0,3.74
3/6/2026,8:30, ,gtmsswq_20H100466_030426_050000.bin,San Sebastian,default user,0,51.399,0,33.84,0,5.363,0,90.8,0,6.85,0,17.91,6.04,7.99,0,-64,5.99,19.318,0,4.78,0,1.192,0.92,0,3.7
3/6/2026,8:45, ,gtmsswq_20H100466_030426_050000.bin,San Sebastian,default user,0,51.447,0,33.87,0,5.431,0,93.2,0,7.07,0,16.37,5.53,8.01,0,-65.4,5.99,18.96,0,6.19,0,1.182,1.02,0,4.1
3/6/2026,9:00, ,gtmsswq_20H100466_030426_050000.bin,San Sebastian,default user,0,51.483,0,33.9,0,5.49,0,94.7,0,7.23,0,15.87,5.37,8.04,0,-66.6,5.98,18.613,0,5.59,0,1.185,1.07,0,4.3
3/6/2026,9:15, ,gtmsswq_20H100466_030426_050000.bin,San Sebastian,default user,0,51.56,0,33.95,0,5.55,0,97.1,0,7.48,0,13.78,4.67,8.07,0,-68.4,5.99,18.185,0,5.11,0,1.195,1.28,0,5.15
3/6/2026,9:30, ,gtmsswq_20H100466_030426_050000.bin,San Sebastian,default user,0,51.612,0,33.99,0,5.611,0,97.9,0,7.56,0,13.01,4.41,8.08,0,-69.3,5.98,18.023,0,5.6,0,1.191,1.1,0,4.44
3/6/2026,9:45, ,gtmsswq_20H100466_030426_050000.bin,San Sebastian,default user,0,51.704,0,34.05,0,5.66,0,100.5,0,7.83,0,11.29,3.84,8.12,0,-71.1,5.98,17.54,0,5.69,0,1.195,1.13,0,4.57
3/6/2026,10:00, ,gtmsswq_20H100466_030426_050000.bin,San Sebastian,default user,0,51.73,0,34.07,0,5.702,0,100.9,0,7.89,0,10.85,3.69,8.13,0,-71.5,5.99,17.353,0,5.38,0,1.193,1.03,0,4.16
3/6/2026,10:15, ,gtmsswq_20H100466_030426_050000.bin,San Sebastian,default user,0,51.787,0,34.11,0,5.738,0,101.4,0,7.95,0,10.33,3.52,8.13,0,-72,5.98,17.166,0,7.1,0,1.189,0.93,0,3.74
3/6/2026,10:30, ,gtmsswq_20H100466_030426_050000.bin,San Sebastian,default user,0,51.817,0,34.13,0,5.753,0,101.5,0,7.97,0,9.99,3.4,8.14,0,-72.3,5.99,17.06,0,6.18,0,1.185,0.94,0,3.79
3/6/2026,10:45, ,gtmsswq_20H100466_030426_050000.bin,San Sebastian,default user,0,51.829,0,34.14,0,5.752,0,100.6,0,7.92,0,9.66,3.29,8.14,0,-72.5,5.97,16.957,0,4.76,0,1.182,0.79,0,3.18
3/6/2026,11:00, ,gtmsswq_20H100466_030426_050000.bin,San Sebastian,default user,0,51.828,0,34.14,0,5.746,0,98.4,0,7.74,0,10.11,3.44,8.13,0,-71.8,5.98,16.951,0,3.66,0,1.191,0.7,0,2.81
3/6/2026,11:15, ,gtmsswq_20H100466_030426_050000.bin,San Sebastian,default user,0,51.831,0,34.14,0,5.719,0,89.1,0,7.02,0,9.6,3.27,8.07,0,-68.3,5.98,16.935,0,3.36,0,1.191,0.3,0,1.22
3/6/2026,11:30, ,gtmsswq_20H100466_030426_050000.bin,San Sebastian,default user,0,51.802,0,34.12,0,5.662,0,102.2,0,8.02,0,10.32,3.52,8.14,0,-72.6,5.98,17.122,0,4.35,0,1.189,0.66,0,2.67
3/6/2026,11:45, ,gtmsswq_20H100466_030426_050000.bin,San Sebastian,default user,0,51.752,0,34.09,0,5.598,0,103.8,0,8.07,0,10.87,3.7,8.13,0,-72.1,5.98,17.622,0,4.21,0,1.188,0.61,0,2.47
3/6/2026,12:00, ,gtmsswq_20H100466_030426_050000.bin,San Sebastian,default user,0,51.741,0,34.08,0,5.522,0,103.2,0,7.96,0,11.86,4.03,8.12,0,-71.2,5.97,18.018,0,4.38,0,1.182,0.61,0,2.47
3/6/2026,12:15, ,gtmsswq_20H100466_030426_050000.bin,San Sebastian,default user,0,51.593,0,33.98,0,5.442,0,102.7,0,7.8,0,12.97,4.4,8.08,0,-69.5,5.98,18.901,0,4.09,0,1.189,0.64,0,2.56
3/6/2026,12:30, ,gtmsswq_20H100466_030426_050000.bin,San Sebastian,default user,0,51.52,0,33.93,0,5.366,0,101.4,0,7.62,0,14.52,4.91,8.05,0,-67.8,5.98,19.517,0,3.97,0,1.197,0.83,0,3.32
3/6/2026,12:45, ,gtmsswq_20H100466_030426_050000.bin,San Sebastian,default user,0,51.498,0,33.91,0,5.287,0,101.4,0,7.56,0,15.71,5.31,8.03,0,-66.9,5.97,19.887,0,4.2,0,1.196,0.57,0,2.27
3/6/2026,13:00, ,gtmsswq_20H100466_030426_050000.bin,San Sebastian,default user,0,51.462,0,33.88,0,5.204,0,100.5,0,7.46,0,16.26,5.5,8.02,0,-66.1,5.98,20.183,0,3.87,0,1.189,0.56,0,2.24
3/6/2026,13:15, ,gtmsswq_20H100466_030426_050000.bin,San Sebastian,default user,0,51.463,0,33.88,0,5.123,0,102.3,0,7.54,0,15.7,5.31,8.02,0,-66,5.97,20.576,0,3.58,0,1.191,0.46,0,1.84
3/6/2026,13:30, ,gtmsswq_20H100466_030426_050000.bin,San Sebastian,default user,0,51.471,0,33.88,0,5.041,0,102.2,0,7.47,0,16.22,5.48,8,0,-65.1,5.98,20.956,0,4.31,0,1.2,0.54,0,2.16
3/6/2026,13:45, ,gtmsswq_20H100466_030426_050000.bin,San Sebastian,default user,0,51.393,0,33.82,0,4.96,0,99.4,0,7.26,0,17.82,6.01,7.98,0,-63.6,5.98,21.089,0,5.44,0,1.194,0.71,0,2.85
3/6/2026,14:00, ,gtmsswq_20H100466_030426_050000.bin,San Sebastian,default user,0,51.406,0,33.83,0,4.88,0,95.2,0,6.91,0,16.74,5.65,7.95,0,-62.4,5.97,21.417,0,8.17,0,1.186,0.46,0,1.83
3/6/2026,14:15, ,gtmsswq_20H100466_030426_050000.bin,San Sebastian,default user,0,51.366,0,33.8,0,4.798,0,96.5,0,6.98,0,18.03,6.08,7.96,0,-63.1,5.98,21.607,0,5.49,0,1.186,0.73,0,2.94
3/6/2026,14:30, ,gtmsswq_20H100466_030426_050000.bin,San Sebastian,default user,0,51.388,0,33.81,0,4.732,0,79.2,0,5.72,0,17.75,5.99,7.88,0,-58.4,5.98,21.755,0,4,0,1.199,0.38,0,1.51
3/6/2026,14:45, ,gtmsswq_20H100466_030426_050000.bin,San Sebastian,default user,0,51.341,0,33.78,0,4.661,0,78.1,0,5.63,0,18.34,6.19,7.88,0,-58.4,5.98,21.813,0,8.93,0,1.195,0.68,0,2.73
3/6/2026,15:00, ,gtmsswq_20H100466_030426_050000.bin,San Sebastian,default user,0,51.285,0,33.74,0,4.594,0,92,0,6.63,0,19.77,6.66,7.92,0,-60.8,5.98,21.869,0,4.51,0,1.192,0.52,0,2.09
3/6/2026,15:15, ,gtmsswq_20H100466_030426_050000.bin,San Sebastian,default user,0,51.289,0,33.74,0,4.522,0,91.1,0,6.55,0,19.35,6.52,7.92,0,-60.7,5.98,21.936,0,4.68,0,1.191,0.6,0,2.43
3/6/2026,15:30, ,gtmsswq_20H100466_030426_050000.bin,San Sebastian,default user,0,51.193,0,33.67,0,4.464,0,94.2,0,6.77,0,21.53,7.25,7.93,0,-60.9,5.98,22.014,0,4.2,0,1.186,0.61,0,2.45
3/6/2026,15:45, ,gtmsswq_20H100466_030426_050000.bin,San Sebastian,default user,0,51.172,0,33.65,0,4.413,0,87.8,0,6.31,0,21.04,7.09,7.89,0,-58.7,5.97,22.03,0,4.65,0,1.191,0.5,0,2.01
3/6/2026,16:00, ,gtmsswq_20H100466_030426_050000.bin,San Sebastian,default user,0,51.07,0,33.58,0,4.37,0,86.8,0,6.25,0,22.56,7.59,7.88,0,-58.2,5.97,22.028,0,4.18,0,1.193,0.62,0,2.48
3/6/2026,16:15, ,gtmsswq_20H100466_030426_050000.bin,San Sebastian,default user,0,51.125,0,33.62,0,4.348,0,71.5,0,5.14,0,20.91,7.04,7.82,0,-54.9,5.98,22.046,0,7.76,0,1.19,0.51,0,2.06
3/6/2026,16:30, ,gtmsswq_20H100466_030426_050000.bin,San Sebastian,default user,0,51.084,0,33.59,0,4.334,0,72.2,0,5.19,0,21.74,7.32,7.86,0,-57.1,5.98,22.072,0,4.49,0,1.187,0.76,0,3.06
3/6/2026,16:45, ,gtmsswq_20H100466_030426_050000.bin,San Sebastian,default user,0,51.088,0,33.59,0,4.336,0,88.1,0,6.33,0,22.02,7.41,7.89,0,-58.6,5.98,22.024,0,5.14,0,1.187,0.89,0,3.57
3/6/2026,17:00, ,gtmsswq_20H100466_030426_050000.bin,San Sebastian,default user,0,51.193,0,33.67,0,4.359,0,67,0,4.83,0,20.2,6.81,7.8,0,-53.2,5.97,21.853,0,3.75,0,1.188,0.58,0,2.32
3/6/2026,17:15, ,gtmsswq_20H100466_030426_050000.bin,San Sebastian,default user,0,51.259,0,33.72,0,4.401,0,67.3,0,4.85,0,19.69,6.64,7.78,0,-52.5,5.98,21.794,0,4.98,0,1.185,0.54,0,2.18
3/6/2026,17:30, ,gtmsswq_20H100466_030426_050000.bin,San Sebastian,default user,0,51.283,0,33.74,0,4.456,0,57.7,0,4.16,0,19.68,6.63,7.77,0,-51.5,5.98,21.791,0,2.94,0,1.183,0.36,0,1.44
3/6/2026,17:45, ,gtmsswq_20H100466_030426_050000.bin,San Sebastian,default user,0,51.331,0,33.77,0,4.525,0,87.4,0,6.31,0,19.75,6.66,7.89,0,-59,5.97,21.799,0,5.73,0,1.188,1.01,0,4.08
3/6/2026,18:00, ,gtmsswq_20H100466_030426_050000.bin,San Sebastian,default user,0,51.398,0,33.82,0,4.607,0,90.7,0,6.53,0,19.95,6.72,7.91,0,-59.8,5.98,21.825,0,4.06,0,1.199,1.14,0,4.57
3/6/2026,18:15, ,gtmsswq_20H100466_030426_050000.bin,San Sebastian,default user,0,51.394,0,33.82,0,4.684,0,88.2,0,6.36,0,19.66,6.63,7.9,0,-59.5,5.97,21.809,0,3.29,0,1.195,0.95,0,3.82
3/6/2026,18:30, ,gtmsswq_20H100466_030426_050000.bin,San Sebastian,default user,0,51.365,0,33.8,0,4.76,0,91.4,0,6.61,0,20.01,6.74,7.91,0,-60,5.97,21.633,0,3.69,0,1.188,1.13,0,4.57
3/6/2026,18:45, ,gtmsswq_20H100466_030426_050000.bin,San Sebastian,default user,0,51.342,0,33.78,0,4.837,0,90.8,0,6.58,0,19.78,6.67,7.91,0,-60,5.98,21.49,0,4.72,0,1.183,1.16,0,4.69
3/6/2026,19:00, ,gtmsswq_20H100466_030426_050000.bin,San Sebastian,default user,0,51.286,0,33.74,0,4.91,0,93.5,0,6.79,0,19.86,6.69,7.92,0,-60.6,5.97,21.409,0,6.37,0,1.182,1.53,0,6.15
3/6/2026,19:15, ,gtmsswq_20H100466_030426_050000.bin,San Sebastian,default user,0,51.286,0,33.74,0,4.984,0,94.3,0,6.86,0,19.98,6.73,7.94,0,-61.4,5.97,21.299,0,4.97,0,1.196,1.52,0,6.13
3/6/2026,19:30, ,gtmsswq_20H100466_030426_050000.bin,San Sebastian,default user,0,51.269,0,33.73,0,5.054,0,94.2,0,6.87,0,19.75,6.66,7.94,0,-61.4,5.96,21.17,0,3.43,0,1.195,1.38,0,5.55
3/6/2026,19:45, ,gtmsswq_20H100466_030426_050000.bin,San Sebastian,default user,0,51.313,0,33.77,0,5.114,0,94.5,0,6.93,0,19.1,6.44,7.95,0,-62.1,5.97,20.915,0,3.65,0,1.194,1.72,0,6.94
3/6/2026,20:00, ,gtmsswq_20H100466_030426_050000.bin,San Sebastian,default user,0,51.326,0,33.78,0,5.188,0,94.7,0,6.96,0,18.69,6.3,7.96,0,-62.4,5.97,20.736,0,4.58,0,1.198,1.56,0,6.28
3/6/2026,20:15, ,gtmsswq_20H100466_030426_050000.bin,San Sebastian,default user,0,51.332,0,33.78,0,5.264,0,95,0,7,0,18.79,6.34,7.96,0,-62.8,5.96,20.646,0,4.83,0,1.191,1.37,0,5.53
3/6/2026,20:30, ,gtmsswq_20H100466_030426_050000.bin,San Sebastian,default user,0,51.337,0,33.79,0,5.351,0,94.5,0,6.98,0,17.84,6.02,7.97,0,-63.1,5.96,20.472,0,5.27,0,1.192,1.49,0,6
3/6/2026,20:45, ,gtmsswq_20H100466_030426_050000.bin,San Sebastian,default user,0,51.389,0,33.83,0,5.414,0,96.5,0,7.17,0,17.06,5.76,8,0,-64.7,5.97,20.083,0,5.53,0,1.192,1.32,0,5.32
3/6/2026,21:00, ,gtmsswq_20H100466_030426_050000.bin,San Sebastian,default user,0,51.464,0,33.88,0,5.478,0,98.9,0,7.43,0,15.27,5.16,8.04,0,-67,5.96,19.501,0,5.17,0,1.197,1.32,0,5.3
3/6/2026,21:15, ,gtmsswq_20H100466_030426_050000.bin,San Sebastian,default user,0,51.584,0,33.97,0,5.546,0,100.5,0,7.62,0,13.65,4.62,8.08,0,-69,5.96,19.04,0,5.26,0,1.197,1.38,0,5.56
3/6/2026,21:30, ,gtmsswq_20H100466_030426_050000.bin,San Sebastian,default user,0,51.721,0,34.07,0,5.607,0,102.6,0,7.8,0,10.36,3.53,8.11,0,-71.1,5.97,18.828,0,5.37,0,1.197,0.95,0,3.81
3/6/2026,21:45, ,gtmsswq_20H100466_030426_050000.bin,San Sebastian,default user,0,51.815,0,34.14,0,5.664,0,104.2,0,7.94,0,9.28,3.17,8.13,0,-72.3,5.96,18.646,0,4.83,0,1.191,0.89,0,3.58
3/6/2026,22:00, ,gtmsswq_20H100466_030426_050000.bin,San Sebastian,default user,0,51.869,0,34.18,0,5.715,0,104.8,0,8,0,8.5,2.91,8.14,0,-72.7,5.96,18.543,0,5.42,0,1.183,0.79,0,3.2
3/6/2026,22:15, ,gtmsswq_20H100466_030426_050000.bin,San Sebastian,default user,0,51.897,0,34.2,0,5.752,0,104.6,0,8.01,0,8.03,2.75,8.15,0,-73.1,5.96,18.4,0,5.38,0,1.192,0.76,0,3.05
3/6/2026,22:30, ,gtmsswq_20H100466_030426_050000.bin,San Sebastian,default user,0,51.929,0,34.22,0,5.778,0,104.4,0,8,0,7.92,2.71,8.14,0,-72.9,5.95,18.323,0,5.38,0,1.198,0.83,0,3.32
3/6/2026,22:45, ,gtmsswq_20H100466_030426_050000.bin,San Sebastian,default user,0,51.941,0,34.23,0,5.801,0,104,0,7.98,0,8.16,2.79,8.14,0,-72.8,5.95,18.273,0,5.11,0,1.199,0.68,0,2.75
3/6/2026,23:00, ,gtmsswq_20H100466_030426_050000.bin,San Sebastian,default user,0,51.957,0,34.25,0,5.805,0,103.6,0,7.95,0,8.39,2.87,8.14,0,-72.7,5.96,18.245,0,4.2,0,1.193,0.67,0,2.71
3/6/2026,23:15, ,gtmsswq_20H100466_030426_050000.bin,San Sebastian,default user,0,51.94,0,34.23,0,5.797,0,102.5,0,7.87,0,8.22,2.81,8.14,0,-72.5,5.95,18.226,0,3.99,0,1.185,0.54,0,2.17
3/6/2026,23:30, ,gtmsswq_20H100466_030426_050000.bin,San Sebastian,default user,0,51.944,0,34.24,0,5.778,0,98.9,0,7.6,0,8.27,2.83,8.13,0,-72,5.96,18.216,0,3.3,0,1.193,0.47,0,1.88
3/6/2026,23:45, ,gtmsswq_20H100466_030426_050000.bin,San Sebastian,default user,0,51.945,0,34.24,0,5.737,0,92.3,0,7.09,0,8.21,2.81,8.09,0,-69.8,5.95,18.221,0,3.63,0,1.186,0.31,0,1.26
3/7/2026,0:00, ,gtmsswq_20H100466_030426_050000.bin,San Sebastian,default user,0,51.89,0,34.2,0,5.682,0,102.1,0,7.81,0,8.68,2.97,8.13,0,-72,5.95,18.429,0,4.73,0,1.201,0.81,0,3.28
3/7/2026,0:15, ,gtmsswq_20H100466_030426_050000.bin,San Sebastian,default user,0,51.837,0,34.16,0,5.615,0,99.4,0,7.58,0,9.84,3.35,8.11,0,-70.8,5.96,18.601,0,4.11,0,1.19,0.59,0,2.38
3/7/2026,0:30, ,gtmsswq_20H100466_030426_050000.bin,San Sebastian,default user,0,51.78,0,34.12,0,5.538,0,100.2,0,7.62,0,10.55,3.59,8.1,0,-70.6,5.95,18.769,0,4.69,0,1.189,0.74,0,3
3/7/2026,0:45, ,gtmsswq_20H100466_030426_050000.bin,San Sebastian,default user,0,51.68,0,34.04,0,5.46,0,95.5,0,7.22,0,12.9,4.37,8.06,0,-68.1,5.95,19.07,0,4.87,0,1.194,0.76,0,3.07
3/7/2026,1:00, ,gtmsswq_20H100466_030426_050000.bin,San Sebastian,default user,0,51.599,0,33.98,0,5.385,0,94,0,7.09,0,14.3,4.84,8.04,0,-67.1,5.95,19.257,0,5.06,0,1.201,0.98,0,3.93
3/7/2026,1:15, ,gtmsswq_20H100466_030426_050000.bin,San Sebastian,default user,0,51.526,0,33.93,0,5.303,0,91.8,0,6.9,0,15.92,5.38,8.01,0,-65.2,5.95,19.503,0,5.67,0,1.192,0.96,0,3.86
3/7/2026,1:30, ,gtmsswq_20H100466_030426_050000.bin,San Sebastian,default user,0,51.456,0,33.88,0,5.22,0,90.4,0,6.75,0,17.04,5.75,7.98,0,-63.8,5.96,19.809,0,5.91,0,1.196,1.07,0,4.31
3/7/2026,1:45, ,gtmsswq_20H100466_030426_050000.bin,San Sebastian,default user,0,51.443,0,33.87,0,5.137,0,88.9,0,6.62,0,18.03,6.08,7.96,0,-62.7,5.95,19.972,0,5.69,0,1.189,0.96,0,3.88
3/7/2026,2:00, ,gtmsswq_20H100466_030426_050000.bin,San Sebastian,default user,0,51.346,0,33.8,0,5.063,0,86.3,0,6.4,0,18.57,6.26,7.94,0,-61.3,5.96,20.243,0,5.23,0,1.183,0.99,0,3.99
3/7/2026,2:15, ,gtmsswq_20H100466_030426_050000.bin,San Sebastian,default user,0,51.356,0,33.8,0,4.99,0,84.4,0,6.25,0,19.78,6.67,7.93,0,-60.6,5.95,20.292,0,5.53,0,1.191,1.02,0,4.1
3/7/2026,2:30, ,gtmsswq_20H100466_030426_050000.bin,San Sebastian,default user,0,51.342,0,33.79,0,4.911,0,84.7,0,6.25,0,20.2,6.81,7.91,0,-59.9,5.95,20.503,0,5.41,0,1.201,1.04,0,4.17
3/7/2026,2:45, ,gtmsswq_20H100466_030426_050000.bin,San Sebastian,default user,0,51.302,0,33.76,0,4.837,0,82.9,0,6.11,0,21.06,7.09,7.9,0,-59.1,5.96,20.624,0,6.44,0,1.2,1.19,0,4.79
3/7/2026,3:00, ,gtmsswq_20H100466_030426_050000.bin,San Sebastian,default user,0,51.213,0,33.69,0,4.772,0,82.7,0,6.06,0,20.92,7.05,7.89,0,-58.4,5.95,20.922,0,5.62,0,1.192,0.88,0,3.54
3/7/2026,3:15, ,gtmsswq_20H100466_030426_050000.bin,San Sebastian,default user,0,51.231,0,33.71,0,4.701,0,82.2,0,6.02,0,22.37,7.53,7.88,0,-57.8,5.95,20.936,0,5.49,0,1.195,0.82,0,3.28
3/7/2026,3:30, ,gtmsswq_20H100466_030426_050000.bin,San Sebastian,default user,0,51.175,0,33.66,0,4.644,0,81.1,0,5.93,0,22.97,7.73,7.86,0,-57.1,5.95,21.093,0,5.93,0,1.191,0.87,0,3.51
3/7/2026,3:45, ,gtmsswq_20H100466_030426_050000.bin,San Sebastian,default user,0,51.137,0,33.63,0,4.583,0,79.4,0,5.8,0,23.55,7.92,7.86,0,-56.7,5.95,21.125,0,6.21,0,1.189,0.81,0,3.28
3/7/2026,4:00, ,gtmsswq_20H100466_030426_050000.bin,San Sebastian,default user,0,51.117,0,33.62,0,4.531,0,78.6,0,5.74,0,23.6,7.94,7.84,0,-56,5.96,21.168,0,4.49,0,1.183,0.76,0,3.07
3/7/2026,4:15, ,gtmsswq_20H100466_030426_050000.bin,San Sebastian,default user,0,51.097,0,33.6,0,4.487,0,79.2,0,5.78,0,24.03,8.08,7.85,0,-56.3,5.95,21.205,0,5.07,0,1.183,0.81,0,3.25
3/7/2026,4:30, ,gtmsswq_20H100466_030426_050000.bin,San Sebastian,default user,0,51.08,0,33.59,0,4.443,0,75.9,0,5.53,0,24.04,8.09,7.83,0,-55.1,5.95,21.279,0,4.34,0,1.196,0.59,0,2.37
3/7/2026,4:45, ,gtmsswq_20H100466_030426_050000.bin,San Sebastian,default user,0,51.069,0,33.58,0,4.418,0,72.7,0,5.29,0,23.93,8.05,7.81,0,-54.1,5.95,21.331,0,4.3,0,1.193,0.5,0,2.01
3/7/2026,5:00, ,gtmsswq_20H100466_030426_050000.bin,San Sebastian,default user,0,51.056,0,33.57,0,4.395,0,70.2,0,5.11,0,23.37,7.86,7.8,0,-53.7,5.95,21.376,0,4.14,0,1.188,0.51,0,2.05
3/7/2026,5:15, ,gtmsswq_20H100466_030426_050000.bin,San Sebastian,default user,0,51.058,0,33.57,0,4.385,0,74,0,5.38,0,24.02,8.08,7.82,0,-54.8,5.96,21.408,0,5.37,0,1.191,0.89,0,3.6
3/7/2026,5:30, ,gtmsswq_20H100466_030426_050000.bin,San Sebastian,default user,0,51.107,0,33.61,0,4.385,0,37.8,0,2.75,0,22.26,7.49,7.73,0,-49.1,5.95,21.352,0,3.1,0,1.186,0.4,0,1.63
3/7/2026,5:45, ,gtmsswq_20H100466_030426_050000.bin,San Sebastian,default user,0,51.239,0,33.71,0,4.409,0,73.2,0,5.33,0,21.94,7.39,7.87,0,-57.6,5.95,21.253,0,5.31,0,1.185,1.05,0,4.25
3/7/2026,6:00, ,gtmsswq_20H100466_030426_050000.bin,San Sebastian,default user,0,51.251,0,33.72,0,4.446,0,69.1,0,5.04,0,21.04,7.09,7.82,0,-54.8,5.94,21.263,0,4.13,0,1.192,0.7,0,2.83
3/7/2026,6:15, ,gtmsswq_20H100466_030426_050000.bin,San Sebastian,default user,0,51.29,0,33.75,0,4.503,0,81.6,0,5.94,0,20.86,7.03,7.86,0,-57.2,5.95,21.302,0,3.47,0,1.199,0.79,0,3.18
3/7/2026,6:30, ,gtmsswq_20H100466_030426_050000.bin,San Sebastian,default user,0,51.319,0,33.77,0,4.571,0,77.9,0,5.66,0,21.18,7.13,7.85,0,-56.6,5.95,21.318,0,3.2,0,1.197,0.77,0,3.11
3/7/2026,6:45, ,gtmsswq_20H100466_030426_050000.bin,San Sebastian,default user,0,51.394,0,33.82,0,4.638,0,82.1,0,5.96,0,20.38,6.87,7.88,0,-57.9,5.94,21.43,0,3.4,0,1.189,0.96,0,3.87
3/7/2026,7:00, ,gtmsswq_20H100466_030426_050000.bin,San Sebastian,default user,0,51.361,0,33.8,0,4.716,0,82.2,0,5.97,0,19.97,6.73,7.87,0,-57.5,5.95,21.365,0,3.53,0,1.193,0.78,0,3.14
3/7/2026,7:15, ,gtmsswq_20H100466_030426_050000.bin,San Sebastian,default user,0,51.359,0,33.8,0,4.795,0,83.4,0,6.07,0,20.82,7.02,7.88,0,-57.9,5.94,21.3,0,8.82,0,1.197,0.85,0,3.42
3/7/2026,7:30, ,gtmsswq_20H100466_030426_050000.bin,San Sebastian,default user,0,51.345,0,33.79,0,4.869,0,83.2,0,6.06,0,20.5,6.91,7.88,0,-58,5.94,21.175,0,5.99,0,1.192,0.91,0,3.66
3/7/2026,7:45, ,gtmsswq_20H100466_030426_050000.bin,San Sebastian,default user,0,51.289,0,33.75,0,4.941,0,84.2,0,6.16,0,20.67,6.96,7.89,0,-58.6,5.95,20.996,0,5.06,0,1.185,1.02,0,4.1
3/7/2026,8:00, ,gtmsswq_20H100466_030426_050000.bin,San Sebastian,default user,0,51.291,0,33.75,0,5.014,0,86,0,6.31,0,20.09,6.77,7.9,0,-59.1,5.94,20.844,0,4.39,0,1.194,0.96,0,3.85
3/7/2026,8:15, ,gtmsswq_20H100466_030426_050000.bin,San Sebastian,default user,0,51.276,0,33.74,0,5.083,0,86.3,0,6.35,0,20.17,6.8,7.91,0,-59.7,5.95,20.659,0,6.37,0,1.198,0.98,0,3.95
3/7/2026,8:30, ,gtmsswq_20H100466_030426_050000.bin,San Sebastian,default user,0,51.282,0,33.75,0,5.142,0,85.9,0,6.36,0,19.03,6.42,7.92,0,-60.5,5.94,20.311,0,4.32,0,1.2,1.01,0,4.06
3/7/2026,8:45, ,gtmsswq_20H100466_030426_050000.bin,San Sebastian,default user,0,51.315,0,33.77,0,5.206,0,86.4,0,6.4,0,19.2,6.47,7.93,0,-60.7,5.94,20.342,0,4.7,0,1.2,0.87,0,3.5
3/7/2026,9:00, ,gtmsswq_20H100466_030426_050000.bin,San Sebastian,default user,0,51.364,0,33.81,0,5.263,0,87.4,0,6.48,0,18.41,6.21,7.94,0,-61.5,5.95,20.279,0,4.67,0,1.194,0.92,0,3.7
3/7/2026,9:15, ,gtmsswq_20H100466_030426_050000.bin,San Sebastian,default user,0,51.391,0,33.83,0,5.319,0,88.8,0,6.59,0,17.82,6.01,7.96,0,-62.3,5.94,20.156,0,4.68,0,1.183,0.99,0,3.99
3/7/2026,9:30, ,gtmsswq_20H100466_030426_050000.bin,San Sebastian,default user,0,51.458,0,33.88,0,5.374,0,90.7,0,6.78,0,16.56,5.59,7.98,0,-63.9,5.94,19.785,0,5.43,0,1.19,0.98,0,3.93
3/7/2026,9:45, ,gtmsswq_20H100466_030426_050000.bin,San Sebastian,default user,0,51.493,0,33.91,0,5.421,0,92.3,0,6.93,0,15.78,5.33,8.01,0,-65.2,5.93,19.499,0,4.93,0,1.197,0.79,0,3.18
3/7/2026,10:00, ,gtmsswq_20H100466_030426_050000.bin,San Sebastian,default user,0,51.581,0,33.97,0,5.47,0,95.6,0,7.24,0,13.68,4.63,8.05,0,-67.4,5.93,19.059,0,5.01,0,1.198,0.98,0,3.96
3/7/2026,10:15, ,gtmsswq_20H100466_030426_050000.bin,San Sebastian,default user,0,51.645,0,34.02,0,5.508,0,96.3,0,7.31,0,12.95,4.39,8.06,0,-68,5.94,18.89,0,5.23,0,1.185,0.88,0,3.54
3/7/2026,10:30, ,gtmsswq_20H100466_030426_050000.bin,San Sebastian,default user,0,51.698,0,34.06,0,5.542,0,97,0,7.38,0,12.05,4.09,8.07,0,-68.6,5.93,18.753,0,5.38,0,1.182,0.98,0,3.94
3/7/2026,10:45, ,gtmsswq_20H100466_030426_050000.bin,San Sebastian,default user,0,51.802,0,34.13,0,5.567,0,98.2,0,7.52,0,10.84,3.69,8.09,0,-69.7,5.93,18.411,0,5.99,0,1.188,1.17,0,4.7
3/7/2026,11:00, ,gtmsswq_20H100466_030426_050000.bin,San Sebastian,default user,0,51.848,0,34.16,0,5.58,0,97.6,0,7.5,0,10.14,3.45,8.09,0,-70,5.94,18.199,0,6.16,0,1.191,0.91,0,3.65
3/7/2026,11:15, ,gtmsswq_20H100466_030426_050000.bin,San Sebastian,default user,0,51.883,0,34.19,0,5.59,0,98,0,7.56,0,9.78,3.33,8.1,0,-70.2,5.92,17.956,0,8.61,0,1.199,1.16,0,4.66
3/7/2026,11:30, ,gtmsswq_20H100466_030426_050000.bin,San Sebastian,default user,0,51.916,0,34.21,0,5.583,0,97.4,0,7.55,0,9.84,3.35,8.11,0,-70.5,5.93,17.761,0,4.63,0,1.195,0.92,0,3.71
3/7/2026,11:45, ,gtmsswq_20H100466_030426_050000.bin,San Sebastian,default user,0,51.931,0,34.22,0,5.569,0,87.7,0,6.81,0,9.5,3.24,8.07,0,-68.3,5.93,17.69,0,3.95,0,1.197,0.58,0,2.32
3/7/2026,12:00, ,gtmsswq_20H100466_030426_050000.bin,San Sebastian,default user,0,51.937,0,34.23,0,5.539,0,65.8,0,5.1,0,9.24,3.15,8,0,-64.1,5.92,17.684,0,4.35,0,1.191,0.28,0,1.14
3/7/2026,12:15, ,gtmsswq_20H100466_030426_050000.bin,San Sebastian,default user,0,51.811,0,34.14,0,5.484,0,100.2,0,7.58,0,11.45,3.89,8.08,0,-69.4,5.93,19.041,0,3.98,0,1.188,0.56,0,2.25
3/7/2026,12:30, ,gtmsswq_20H100466_030426_050000.bin,San Sebastian,default user,0,51.708,0,34.06,0,5.422,0,101.1,0,7.62,0,13.55,4.59,8.07,0,-68.9,5.93,19.319,0,4.15,0,1.185,0.73,0,2.94
3/7/2026,12:45, ,gtmsswq_20H100466_030426_050000.bin,San Sebastian,default user,0,51.606,0,33.99,0,5.351,0,98.9,0,7.42,0,13.74,4.65,8.05,0,-67.8,5.92,19.508,0,4.58,0,1.189,0.81,0,3.25
3/7/2026,13:00, ,gtmsswq_20H100466_030426_050000.bin,San Sebastian,default user,0,51.544,0,33.94,0,5.28,0,97.6,0,7.27,0,15.79,5.34,8.02,0,-66.2,5.93,19.898,0,3.89,0,1.196,0.81,0,3.27
3/7/2026,13:15, ,gtmsswq_20H100466_030426_050000.bin,San Sebastian,default user,0,51.472,0,33.88,0,5.214,0,98.6,0,7.2,0,16.47,5.56,7.99,0,-64.4,5.93,21.027,0,3.75,0,1.193,0.63,0,2.53
3/7/2026,13:30, ,gtmsswq_20H100466_030426_050000.bin,San Sebastian,default user,0,51.405,0,33.83,0,5.139,0,97,0,7.06,0,17.26,5.83,7.97,0,-63.2,5.93,21.273,0,4.03,0,1.182,0.72,0,2.89
3/7/2026,13:45, ,gtmsswq_20H100466_030426_050000.bin,San Sebastian,default user,0,51.375,0,33.8,0,5.064,0,98.1,0,7.08,0,18.11,6.11,7.95,0,-62.4,5.93,21.698,0,3.91,0,1.184,0.66,0,2.65
3/7/2026,14:00, ,gtmsswq_20H100466_030426_050000.bin,San Sebastian,default user,0,51.433,0,33.84,0,4.988,0,99.8,0,7.17,0,17.85,6.02,7.96,0,-63,5.94,21.984,0,4.43,0,1.185,0.54,0,2.17
3/7/2026,14:15, ,gtmsswq_20H100466_030426_050000.bin,San Sebastian,default user,0,51.312,0,33.75,0,4.913,0,95.8,0,6.87,0,19.25,6.49,7.92,0,-60.8,5.93,22.135,0,5.44,0,1.184,0.69,0,2.77
3/7/2026,14:30, ,gtmsswq_20H100466_030426_050000.bin,San Sebastian,default user,0,51.321,0,33.76,0,4.839,0,95.2,0,6.8,0,19.86,6.69,7.92,0,-60.7,5.93,22.35,0,4.58,0,1.187,0.59,0,2.39
3/7/2026,14:45, ,gtmsswq_20H100466_030426_050000.bin,San Sebastian,default user,0,51.336,0,33.76,0,4.756,0,95.6,0,6.8,0,19.42,6.55,7.92,0,-60.6,5.93,22.626,0,4.88,0,1.185,0.55,0,2.22
3/7/2026,15:00, ,gtmsswq_20H100466_030426_050000.bin,San Sebastian,default user,0,51.325,0,33.76,0,4.688,0,78.7,0,5.59,0,19.29,6.5,7.86,0,-56.9,5.93,22.63,0,4.22,0,1.187,0.34,0,1.36
3/7/2026,15:15, ,gtmsswq_20H100466_030426_050000.bin,San Sebastian,default user,0,51.31,0,33.74,0,4.626,0,88.3,0,6.26,0,20.42,6.88,7.88,0,-58.5,5.93,22.82,0,5.13,0,1.187,0.54,0,2.18
3/7/2026,15:30, ,gtmsswq_20H100466_030426_050000.bin,San Sebastian,default user,0,51.315,0,33.74,0,4.566,0,85.5,0,6.04,0,19.57,6.6,7.88,0,-58.3,5.93,22.91,0,6.45,0,1.191,0.71,0,2.85
3/7/2026,15:45, ,gtmsswq_20H100466_030426_050000.bin,San Sebastian,default user,0,51.304,0,33.74,0,4.505,0,79.2,0,5.6,0,19.63,6.62,7.85,0,-56.7,5.93,22.949,0,5.45,0,1.2,0.49,0,1.98
3/7/2026,16:00, ,gtmsswq_20H100466_030426_050000.bin,San Sebastian,default user,0,51.292,0,33.73,0,4.466,0,82.9,0,5.86,0,19.52,6.58,7.86,0,-57,5.93,22.969,0,5.23,0,1.191,0.43,0,1.71
3/7/2026,16:15, ,gtmsswq_20H100466_030426_050000.bin,San Sebastian,default user,0,51.301,0,33.73,0,4.423,0,62,0,4.38,0,19.67,6.63,7.78,0,-52.7,5.93,22.958,0,2.98,0,1.188,0.44,0,1.75
3/7/2026,16:30, ,gtmsswq_20H100466_030426_050000.bin,San Sebastian,default user,0,51.202,0,33.66,0,4.382,0,61.5,0,4.34,0,20.25,6.82,7.77,0,-52,5.93,23.053,0,4.07,0,1.186,0.31,0,1.25
3/7/2026,16:45, ,gtmsswq_20H100466_030426_050000.bin,San Sebastian,default user,0,51.247,0,33.69,0,4.355,0,61.2,0,4.32,0,20,6.74,7.77,0,-52,5.93,23.098,0,5.98,0,1.183,0.7,0,2.8
3/7/2026,17:00, ,gtmsswq_20H100466_030426_050000.bin,San Sebastian,default user,0,51.257,0,33.7,0,4.352,0,76.9,0,5.42,0,19.95,6.72,7.82,0,-54.8,5.93,23.142,0,4.72,0,1.182,0.74,0,2.97
3/7/2026,17:15, ,gtmsswq_20H100466_030426_050000.bin,San Sebastian,default user,0,51.302,0,33.73,0,4.358,0,92.1,0,6.51,0,20.07,6.77,7.9,0,-59.5,5.93,22.986,0,5.72,0,1.182,1.48,0,5.95
3/7/2026,17:30, ,gtmsswq_20H100466_030426_050000.bin,San Sebastian,default user,0,51.307,0,33.74,0,4.376,0,63.1,0,4.46,0,20.12,6.78,7.8,0,-53.7,5.93,23.004,0,3.42,0,1.201,0.5,0,2.01
3/7/2026,17:45, ,gtmsswq_20H100466_030426_050000.bin,San Sebastian,default user,0,51.36,0,33.78,0,4.402,0,58.9,0,4.17,0,19.2,6.48,7.76,0,-51.4,5.93,22.834,0,2.59,0,1.194,0.46,0,1.84
3/7/2026,18:00, ,gtmsswq_20H100466_030426_050000.bin,San Sebastian,default user,0,51.365,0,33.78,0,4.437,0,59.9,0,4.24,0,19.54,6.59,7.75,0,-50.5,5.92,22.808,0,3.38,0,1.192,0.52,0,2.09
3/7/2026,18:15, ,gtmsswq_20H100466_030426_050000.bin,San Sebastian,default user,0,51.399,0,33.81,0,4.487,0,61.4,0,4.35,0,18.79,6.34,7.75,0,-50.8,5.92,22.814,0,4.14,0,1.184,0.52,0,2.11
3/7/2026,18:30, ,gtmsswq_20H100466_030426_050000.bin,San Sebastian,default user,0,51.442,0,33.84,0,4.545,0,80.5,0,5.7,0,19.98,6.74,7.86,0,-57,5.93,22.788,0,3.23,0,1.192,0.89,0,3.57
3/7/2026,18:45, ,gtmsswq_20H100466_030426_050000.bin,San Sebastian,default user,0,51.486,0,33.87,0,4.609,0,86.4,0,6.12,0,19.56,6.59,7.88,0,-58.5,5.92,22.752,0,3.53,0,1.201,1.13,0,4.56
3/7/2026,19:00, ,gtmsswq_20H100466_030426_050000.bin,San Sebastian,default user,0,51.462,0,33.86,0,4.68,0,87.3,0,6.19,0,20.01,6.74,7.87,0,-57.8,5.92,22.739,0,3.36,0,1.193,1.28,0,5.14
3/7/2026,19:15, ,gtmsswq_20H100466_030426_050000.bin,San Sebastian,default user,0,51.418,0,33.83,0,4.748,0,87.1,0,6.2,0,20.13,6.78,7.88,0,-58.3,5.92,22.541,0,3.89,0,1.19,1.04,0,4.21
3/7/2026,19:30, ,gtmsswq_20H100466_030426_050000.bin,San Sebastian,default user,0,51.365,0,33.79,0,4.828,0,90.6,0,6.46,0,20,6.74,7.89,0,-59,5.92,22.41,0,5.1,0,1.197,1.84,0,7.42
3/7/2026,19:45, ,gtmsswq_20H100466_030426_050000.bin,San Sebastian,default user,0,51.347,0,33.78,0,4.891,0,92.9,0,6.64,0,20.34,6.86,7.9,0,-59.4,5.93,22.332,0,4.77,0,1.2,1.54,0,6.22
3/7/2026,20:00, ,gtmsswq_20H100466_030426_050000.bin,San Sebastian,default user,0,51.331,0,33.77,0,4.964,0,91.5,0,6.55,0,20.12,6.78,7.9,0,-59.4,5.92,22.233,0,4.17,0,1.191,1.48,0,5.95
3/7/2026,20:15, ,gtmsswq_20H100466_030426_050000.bin,San Sebastian,default user,0,51.31,0,33.75,0,5.028,0,92.8,0,6.66,0,19.97,6.73,7.91,0,-60,5.93,22.023,0,3.57,0,1.185,1.44,0,5.81
3/7/2026,20:30, ,gtmsswq_20H100466_030426_050000.bin,San Sebastian,default user,0,51.343,0,33.78,0,5.101,0,93.4,0,6.74,0,18.93,6.38,7.93,0,-60.8,5.92,21.766,0,3.57,0,1.191,1.55,0,6.26
3/7/2026,20:45, ,gtmsswq_20H100466_030426_050000.bin,San Sebastian,default user,0,51.332,0,33.77,0,5.173,0,93.8,0,6.78,0,18.82,6.35,7.93,0,-61.2,5.92,21.616,0,3.89,0,1.191,1.46,0,5.87
3/7/2026,21:00, ,gtmsswq_20H100466_030426_050000.bin,San Sebastian,default user,0,51.359,0,33.8,0,5.24,0,93.3,0,6.77,0,18.13,6.12,7.93,0,-61.3,5.93,21.485,0,4.21,0,1.2,1.41,0,5.67
3/7/2026,21:15, ,gtmsswq_20H100466_030426_050000.bin,San Sebastian,default user,0,51.404,0,33.83,0,5.312,0,94.3,0,6.87,0,17.13,5.78,7.95,0,-62.3,5.92,21.161,0,4.61,0,1.2,1.39,0,5.62
3/7/2026,21:30, ,gtmsswq_20H100466_030426_050000.bin,San Sebastian,default user,0,51.469,0,33.88,0,5.376,0,96.1,0,7.06,0,15.58,5.27,7.98,0,-64.1,5.92,20.746,0,5.45,0,1.193,1.35,0,5.44
3/7/2026,21:45, ,gtmsswq_20H100466_030426_050000.bin,San Sebastian,default user,0,51.582,0,33.97,0,5.436,0,98.4,0,7.31,0,14.2,4.81,8.03,0,-66.5,5.91,20.111,0,5.93,0,1.2,1.35,0,5.42
3/7/2026,22:00, ,gtmsswq_20H100466_030426_050000.bin,San Sebastian,default user,0,51.767,0,34.11,0,5.501,0,100.4,0,7.53,0,11.65,3.96,8.07,0,-68.7,5.92,19.567,0,6.19,0,1.192,1.37,0,5.54
3/7/2026,22:15, ,gtmsswq_20H100466_030426_050000.bin,San Sebastian,default user,0,51.901,0,34.21,0,5.561,0,102.1,0,7.69,0,10.04,3.42,8.1,0,-70.5,5.92,19.298,0,5.07,0,1.192,0.91,0,3.66
3/7/2026,22:30, ,gtmsswq_20H100466_030426_050000.bin,San Sebastian,default user,0,52.003,0,34.28,0,5.612,0,103.7,0,7.82,0,8.59,2.94,8.12,0,-71.5,5.91,19.169,0,4.3,0,1.199,0.89,0,3.59
3/7/2026,22:45, ,gtmsswq_20H100466_030426_050000.bin,San Sebastian,default user,0,52.043,0,34.31,0,5.659,0,103.6,0,7.83,0,8.48,2.9,8.12,0,-71.9,5.92,19.069,0,5.37,0,1.197,0.72,0,2.89
3/7/2026,23:00, ,gtmsswq_20H100466_030426_050000.bin,San Sebastian,default user,0,52.076,0,34.34,0,5.696,0,104,0,7.89,0,7.69,2.64,8.13,0,-72.2,5.91,18.856,0,5.3,0,1.192,0.84,0,3.38
3/7/2026,23:15, ,gtmsswq_20H100466_030426_050000.bin,San Sebastian,default user,0,52.094,0,34.35,0,5.718,0,103.7,0,7.88,0,7.64,2.62,8.13,0,-72.2,5.91,18.755,0,5.61,0,1.2,1.01,0,4.06
3/7/2026,23:30, ,gtmsswq_20H100466_030426_050000.bin,San Sebastian,default user,0,52.101,0,34.35,0,5.731,0,103.1,0,7.84,0,8.15,2.79,8.13,0,-72.1,5.91,18.697,0,5.62,0,1.187,0.9,0,3.61
3/7/2026,23:45, ,gtmsswq_20H100466_030426_050000.bin,San Sebastian,default user,0,52.104,0,34.36,0,5.733,0,101.5,0,7.72,0,8.36,2.86,8.13,0,-71.9,5.91,18.657,0,4.74,0,1.182,0.74,0,2.98
3/8/2026,0:00, ,gtmsswq_20H100466_030426_050000.bin,San Sebastian,default user,0,52.098,0,34.35,0,5.721,0,99.4,0,7.57,0,8.25,2.82,8.12,0,-71.5,5.91,18.619,0,4.3,0,1.184,0.59,0,2.37
3/8/2026,0:15, ,gtmsswq_20H100466_030426_050000.bin,San Sebastian,default user,0,52.105,0,34.36,0,5.7,0,92.8,0,7.07,0,8.25,2.82,8.09,0,-69.8,5.9,18.612,0,4.04,0,1.193,0.45,0,1.8
3/8/2026,0:30, ,gtmsswq_20H100466_030426_050000.bin,San Sebastian,default user,0,52.103,0,34.35,0,5.666,0,96.6,0,7.36,0,8.45,2.89,8.1,0,-70.4,5.91,18.631,0,3.55,0,1.198,0.57,0,2.31
3/8/2026,0:45, ,gtmsswq_20H100466_030426_050000.bin,San Sebastian,default user,0,52.05,0,34.32,0,5.621,0,101.2,0,7.67,0,8.6,2.94,8.11,0,-71.3,5.91,18.912,0,6.27,0,1.201,0.89,0,3.58
3/8/2026,1:00, ,gtmsswq_20H100466_030426_050000.bin,San Sebastian,default user,0,52.002,0,34.28,0,5.559,0,98.5,0,7.44,0,9.57,3.26,8.09,0,-70.1,5.9,19.113,0,5.98,0,1.202,0.72,0,2.91
3/8/2026,1:15, ,gtmsswq_20H100466_030426_050000.bin,San Sebastian,default user,0,51.938,0,34.23,0,5.483,0,99.6,0,7.49,0,10.27,3.5,8.09,0,-70,5.91,19.321,0,5.64,0,1.198,0.79,0,3.18
3/8/2026,1:30, ,gtmsswq_20H100466_030426_050000.bin,San Sebastian,default user,0,51.814,0,34.14,0,5.411,0,95.7,0,7.16,0,12.59,4.27,8.05,0,-67.8,5.9,19.655,0,4.61,0,1.192,0.8,0,3.2
3/8/2026,1:45, ,gtmsswq_20H100466_030426_050000.bin,San Sebastian,default user,0,51.705,0,34.06,0,5.339,0,93.3,0,6.95,0,14.2,4.81,8.02,0,-66.1,5.9,19.929,0,5.61,0,1.186,0.89,0,3.6
3/8/2026,2:00, ,gtmsswq_20H100466_030426_050000.bin,San Sebastian,default user,0,51.617,0,33.99,0,5.269,0,90.2,0,6.68,0,15.24,5.15,7.99,0,-64.2,5.91,20.245,0,5.69,0,1.186,0.9,0,3.64
3/8/2026,2:15, ,gtmsswq_20H100466_030426_050000.bin,San Sebastian,default user,0,51.538,0,33.94,0,5.196,0,88.1,0,6.5,0,16.44,5.55,7.96,0,-62.7,5.91,20.537,0,5.52,0,1.184,1.07,0,4.29
3/8/2026,2:30, ,gtmsswq_20H100466_030426_050000.bin,San Sebastian,default user,0,51.491,0,33.9,0,5.117,0,87.7,0,6.44,0,16.96,5.73,7.94,0,-61.7,5.91,20.768,0,6.44,0,1.192,1.04,0,4.19
3/8/2026,2:45, ,gtmsswq_20H100466_030426_050000.bin,San Sebastian,default user,0,51.508,0,33.91,0,5.047,0,84.3,0,6.19,0,17.11,5.78,7.93,0,-61.2,5.91,20.727,0,5.59,0,1.192,1.11,0,4.47
3/8/2026,3:00, ,gtmsswq_20H100466_030426_050000.bin,San Sebastian,default user,0,51.41,0,33.84,0,4.98,0,83.9,0,6.12,0,19.26,6.5,7.9,0,-59.4,5.91,21.194,0,5.56,0,1.19,1.03,0,4.14
3/8/2026,3:15, ,gtmsswq_20H100466_030426_050000.bin,San Sebastian,default user,0,51.375,0,33.81,0,4.919,0,82.2,0,5.97,0,20.34,6.85,7.88,0,-58.3,5.91,21.437,0,5.31,0,1.193,0.95,0,3.83
3/8/2026,3:30, ,gtmsswq_20H100466_030426_050000.bin,San Sebastian,default user,0,51.375,0,33.81,0,4.859,0,82.1,0,5.96,0,20.04,6.75,7.88,0,-58.4,5.91,21.381,0,6.42,0,1.201,1.08,0,4.36
3/8/2026,3:45, ,gtmsswq_20H100466_030426_050000.bin,San Sebastian,default user,0,51.352,0,33.79,0,4.796,0,80.7,0,5.84,0,21.63,7.28,7.87,0,-57.3,5.9,21.592,0,5.58,0,1.197,1.02,0,4.12
3/8/2026,4:00, ,gtmsswq_20H100466_030426_050000.bin,San Sebastian,default user,0,51.299,0,33.75,0,4.733,0,80.8,0,5.82,0,21.78,7.33,7.85,0,-56.7,5.9,21.846,0,7.23,0,1.192,1,0,4.01
3/8/2026,4:15, ,gtmsswq_20H100466_030426_050000.bin,San Sebastian,default user,0,51.262,0,33.72,0,4.679,0,78.2,0,5.63,0,23.13,7.78,7.84,0,-55.6,5.91,21.896,0,4.96,0,1.186,1.02,0,4.09
3/8/2026,4:30, ,gtmsswq_20H100466_030426_050000.bin,San Sebastian,default user,0,51.235,0,33.7,0,4.619,0,78.6,0,5.65,0,23.02,7.75,7.84,0,-55.9,5.9,21.961,0,6.28,0,1.193,0.91,0,3.64
3/8/2026,4:45, ,gtmsswq_20H100466_030426_050000.bin,San Sebastian,default user,0,51.189,0,33.66,0,4.568,0,76.1,0,5.46,0,23.9,8.04,7.82,0,-54.5,5.91,22.123,0,5.04,0,1.191,0.73,0,2.95
3/8/2026,5:00, ,gtmsswq_20H100466_030426_050000.bin,San Sebastian,default user,0,51.178,0,33.65,0,4.537,0,75,0,5.38,0,24.16,8.13,7.81,0,-54,5.91,22.127,0,4.73,0,1.192,0.63,0,2.53
3/8/2026,5:15, ,gtmsswq_20H100466_030426_050000.bin,San Sebastian,default user,0,51.162,0,33.64,0,4.502,0,72.3,0,5.18,0,23.37,7.87,7.79,0,-53,5.91,22.145,0,3.97,0,1.193,0.54,0,2.18
3/8/2026,5:30, ,gtmsswq_20H100466_030426_050000.bin,San Sebastian,default user,0,51.147,0,33.63,0,4.482,0,70,0,5.02,0,24.13,8.12,7.78,0,-52.5,5.91,22.2,0,4.31,0,1.191,0.59,0,2.38
3/8/2026,5:45, ,gtmsswq_20H100466_030426_050000.bin,San Sebastian,default user,0,51.131,0,33.62,0,4.463,0,68,0,4.87,0,24.38,8.2,7.77,0,-52.1,5.9,22.265,0,4.57,0,1.188,0.62,0,2.51
3/8/2026,6:00, ,gtmsswq_20H100466_030426_050000.bin,San Sebastian,default user,0,51.171,0,33.65,0,4.445,0,74.1,0,5.31,0,23.24,7.82,7.81,0,-54.2,5.91,22.192,0,4.48,0,1.183,0.87,0,3.48
3/8/2026,6:15, ,gtmsswq_20H100466_030426_050000.bin,San Sebastian,default user,0,51.215,0,33.68,0,4.455,0,58.1,0,4.17,0,21.63,7.29,7.74,0,-49.8,5.91,22.1,0,3.44,0,1.182,0.58,0,2.33
3/8/2026,6:30, ,gtmsswq_20H100466_030426_050000.bin,San Sebastian,default user,0,51.242,0,33.7,0,4.475,0,42.1,0,3.02,0,21.25,7.16,7.67,0,-45.9,5.91,22.066,0,4.85,0,1.196,0.41,0,1.65
3/8/2026,6:45, ,gtmsswq_20H100466_030426_050000.bin,San Sebastian,default user,0,51.317,0,33.76,0,4.506,0,51.3,0,3.69,0,20.46,6.89,7.7,0,-47.6,5.91,22.041,0,4.97,0,1.199,0.52,0,2.07
3/8/2026,7:00, ,gtmsswq_20H100466_030426_050000.bin,San Sebastian,default user,0,51.333,0,33.77,0,4.547,0,68.3,0,4.9,0,20.09,6.77,7.79,0,-53,5.9,22.057,0,3.72,0,1.192,0.76,0,3.04
3/8/2026,7:15, ,gtmsswq_20H100466_030426_050000.bin,San Sebastian,default user,0,51.344,0,33.78,0,4.596,0,74.6,0,5.35,0,21.98,7.4,7.83,0,-55.5,5.9,22.068,0,2.99,0,1.183,0.89,0,3.58
3/8/2026,7:30, ,gtmsswq_20H100466_030426_050000.bin,San Sebastian,default user,0,51.436,0,33.84,0,4.671,0,80.5,0,5.76,0,21.06,7.1,7.86,0,-57,5.91,22.221,0,3.26,0,1.183,0.9,0,3.6
3/8/2026,7:45, ,gtmsswq_20H100466_030426_050000.bin,San Sebastian,default user,0,51.395,0,33.81,0,4.741,0,80.8,0,5.79,0,21.78,7.33,7.85,0,-56.6,5.9,22.092,0,3.78,0,1.199,0.86,0,3.45
3/8/2026,8:00, ,gtmsswq_20H100466_030426_050000.bin,San Sebastian,default user,0,51.375,0,33.8,0,4.805,0,81.2,0,5.84,0,21.54,7.25,7.86,0,-56.8,5.9,21.992,0,3.93,0,1.192,0.92,0,3.7
3/8/2026,8:15, ,gtmsswq_20H100466_030426_050000.bin,San Sebastian,default user,0,51.356,0,33.79,0,4.87,0,82.1,0,5.91,0,21.76,7.33,7.85,0,-56.3,5.9,21.898,0,4.7,0,1.185,0.92,0,3.72
3/8/2026,8:30, ,gtmsswq_20H100466_030426_050000.bin,San Sebastian,default user,0,51.312,0,33.76,0,4.92,0,83.5,0,6.03,0,20.95,7.06,7.87,0,-57.3,5.9,21.741,0,5.48,0,1.193,0.91,0,3.67
3/8/2026,8:45, ,gtmsswq_20H100466_030426_050000.bin,San Sebastian,default user,0,51.336,0,33.78,0,4.98,0,86,0,6.21,0,20.06,6.76,7.88,0,-58.3,5.9,21.672,0,4.46,0,1.198,1.01,0,4.06
3/8/2026,9:00, ,gtmsswq_20H100466_030426_050000.bin,San Sebastian,default user,0,51.333,0,33.77,0,5.026,0,84.6,0,6.12,0,20.37,6.86,7.88,0,-58.4,5.9,21.571,0,3.5,0,1.201,0.86,0,3.47
3/8/2026,9:15, ,gtmsswq_20H100466_030426_050000.bin,San Sebastian,default user,0,51.365,0,33.8,0,5.081,0,85.9,0,6.23,0,19.11,6.44,7.89,0,-59,5.9,21.408,0,3.25,0,1.2,0.84,0,3.36
3/8/2026,9:30, ,gtmsswq_20H100466_030426_050000.bin,San Sebastian,default user,0,51.397,0,33.83,0,5.139,0,87.8,0,6.4,0,18.19,6.14,7.92,0,-60.5,5.89,21.133,0,4.35,0,1.188,0.92,0,3.72
3/8/2026,9:45, ,gtmsswq_20H100466_030426_050000.bin,San Sebastian,default user,0,51.4,0,33.83,0,5.194,0,86.9,0,6.37,0,17.9,6.04,7.93,0,-60.8,5.9,20.907,0,4.27,0,1.193,1.02,0,4.1
3/8/2026,10:00, ,gtmsswq_20H100466_030426_050000.bin,San Sebastian,default user,0,51.488,0,33.9,0,5.251,0,87.1,0,6.4,0,16.5,5.57,7.94,0,-61.3,5.9,20.769,0,4.21,0,1.192,0.92,0,3.7
3/8/2026,10:15, ,gtmsswq_20H100466_030426_050000.bin,San Sebastian,default user,0,51.531,0,33.93,0,5.299,0,88.4,0,6.5,0,16.12,5.45,7.96,0,-62.6,5.89,20.618,0,3.77,0,1.19,0.89,0,3.58
3/8/2026,10:30, ,gtmsswq_20H100466_030426_050000.bin,San Sebastian,default user,0,51.581,0,33.97,0,5.349,0,90.7,0,6.7,0,15.07,5.1,7.98,0,-63.8,5.9,20.403,0,4.27,0,1.194,0.88,0,3.55
3/8/2026,10:45, ,gtmsswq_20H100466_030426_050000.bin,San Sebastian,default user,0,51.639,0,34.01,0,5.391,0,91.9,0,6.83,0,14.11,4.78,8,0,-65,5.89,20.1,0,4.65,0,1.19,0.86,0,3.48
3/8/2026,11:00, ,gtmsswq_20H100466_030426_050000.bin,San Sebastian,default user,0,51.718,0,34.07,0,5.43,0,93.7,0,7,0,12.83,4.35,8.03,0,-66.4,5.89,19.749,0,5.53,0,1.19,0.84,0,3.4
3/8/2026,11:15, ,gtmsswq_20H100466_030426_050000.bin,San Sebastian,default user,0,51.837,0,34.16,0,5.46,0,95.9,0,7.22,0,14.31,4.84,8.06,0,-67.9,5.9,19.325,0,5.15,0,1.191,0.95,0,3.84
3/8/2026,11:30, ,gtmsswq_20H100466_030426_050000.bin,San Sebastian,default user,0,51.875,0,34.19,0,5.485,0,96.4,0,7.28,0,11.09,3.77,8.06,0,-68.3,5.89,19.172,0,5.23,0,1.189,1.06,0,4.26
3/8/2026,11:45, ,gtmsswq_20H100466_030426_050000.bin,San Sebastian,default user,0,51.926,0,34.22,0,5.498,0,95.7,0,7.25,0,10.42,3.55,8.07,0,-68.7,5.89,18.93,0,5.31,0,1.183,1.1,0,4.45
3/8/2026,12:00, ,gtmsswq_20H100466_030426_050000.bin,San Sebastian,default user,0,51.975,0,34.26,0,5.495,0,96.5,0,7.35,0,9.8,3.34,8.08,0,-69.3,5.88,18.661,0,4.45,0,1.19,1.05,0,4.24
3/8/2026,12:15, ,gtmsswq_20H100466_030426_050000.bin,San Sebastian,default user,0,51.995,0,34.27,0,5.493,0,95.1,0,7.27,0,9.46,3.23,8.08,0,-69.3,5.89,18.501,0,3.63,0,1.191,0.88,0,3.55
3/8/2026,12:30, ,gtmsswq_20H100466_030426_050000.bin,San Sebastian,default user,0,52.014,0,34.29,0,5.484,0,88.5,0,6.77,0,9.24,3.15,8.04,0,-66.8,5.89,18.387,0,3.87,0,1.192,0.4,0,1.59
3/8/2026,12:45, ,gtmsswq_20H100466_030426_050000.bin,San Sebastian,default user,0,52.029,0,34.3,0,5.454,0,73.4,0,5.62,0,9.83,3.35,8,0,-64.7,5.88,18.344,0,5.14,0,1.191,0.36,0,1.43
3/8/2026,13:00, ,gtmsswq_20H100466_030426_050000.bin,San Sebastian,default user,0,51.884,0,34.19,0,5.405,0,98.2,0,7.32,0,12.05,4.09,8.05,0,-68,5.89,19.854,0,4.38,0,1.2,0.72,0,2.91
3/8/2026,13:15, ,gtmsswq_20H100466_030426_050000.bin,San Sebastian,default user,0,51.823,0,34.15,0,5.34,0,100.4,0,7.43,0,13.77,4.66,8.05,0,-67.8,5.88,20.21,0,3.7,0,1.192,0.72,0,2.89
3/8/2026,13:30, ,gtmsswq_20H100466_030426_050000.bin,San Sebastian,default user,0,51.726,0,34.07,0,5.271,0,98.1,0,7.25,0,13.39,4.54,8.03,0,-66.9,5.88,20.367,0,4.57,0,1.185,0.74,0,2.98
3/8/2026,13:45, ,gtmsswq_20H100466_030426_050000.bin,San Sebastian,default user,0,51.663,0,34.03,0,5.207,0,95,0,7,0,14.1,4.77,8.01,0,-65.4,5.89,20.511,0,4.28,0,1.186,0.81,0,3.25
3/8/2026,14:00, ,gtmsswq_20H100466_030426_050000.bin,San Sebastian,default user,0,51.545,0,33.93,0,5.144,0,95.9,0,6.92,0,16.15,5.46,7.97,0,-63.3,5.89,21.714,0,4.13,0,1.184,0.78,0,3.15
3/8/2026,14:15, ,gtmsswq_20H100466_030426_050000.bin,San Sebastian,default user,0,51.48,0,33.88,0,5.076,0,94.2,0,6.78,0,17.11,5.78,7.95,0,-62.1,5.89,21.861,0,4.54,0,1.184,0.89,0,3.58
3/8/2026,14:30, ,gtmsswq_20H100466_030426_050000.bin,San Sebastian,default user,0,51.507,0,33.9,0,5.008,0,95.4,0,6.82,0,17.93,6.05,7.94,0,-61.8,5.88,22.267,0,5.24,0,1.192,0.79,0,3.19
3/8/2026,14:45, ,gtmsswq_20H100466_030426_050000.bin,San Sebastian,default user,0,51.491,0,33.88,0,4.939,0,96.1,0,6.82,0,17.9,6.04,7.94,0,-61.6,5.89,22.694,0,4.31,0,1.193,0.55,0,2.23
3/8/2026,15:00, ,gtmsswq_20H100466_030426_050000.bin,San Sebastian,default user,0,51.37,0,33.79,0,4.864,0,94.8,0,6.71,0,18.81,6.34,7.92,0,-60.5,5.89,22.832,0,5.12,0,1.188,0.92,0,3.72
3/8/2026,15:15, ,gtmsswq_20H100466_030426_050000.bin,San Sebastian,default user,0,51.419,0,33.82,0,4.805,0,94.5,0,6.66,0,19.08,6.43,7.91,0,-60.2,5.89,23.07,0,4.97,0,1.187,0.8,0,3.21
3/8/2026,15:30, ,gtmsswq_20H100466_030426_050000.bin,San Sebastian,default user,0,51.359,0,33.77,0,4.744,0,90.4,0,6.37,0,19.61,6.61,7.89,0,-58.9,5.89,23.145,0,5.13,0,1.192,0.77,0,3.11
3/8/2026,15:45, ,gtmsswq_20H100466_030426_050000.bin,San Sebastian,default user,0,51.234,0,33.68,0,4.684,0,88.5,0,6.24,0,20.4,6.87,7.87,0,-57.7,5.89,23.086,0,6.03,0,1.198,0.97,0,3.91
3/8/2026,16:00, ,gtmsswq_20H100466_030426_050000.bin,San Sebastian,default user,0,51.189,0,33.65,0,4.622,0,81.4,0,5.74,0,19.71,6.64,7.85,0,-56.4,5.89,23.137,0,5.19,0,1.197,0.65,0,2.63
3/8/2026,16:15, ,gtmsswq_20H100466_030426_050000.bin,San Sebastian,default user,0,51.071,0,33.56,0,4.566,0,85.7,0,6.04,0,20.83,7.02,7.86,0,-57,5.9,23.218,0,7.56,0,1.192,1.13,0,4.54
3/8/2026,16:30, ,gtmsswq_20H100466_030426_050000.bin,San Sebastian,default user,0,50.924,0,33.45,0,4.529,0,87.9,0,6.21,0,20.12,6.78,7.87,0,-58.1,5.89,23.083,0,6.82,0,1.187,1.07,0,4.3
3/8/2026,16:45, ,gtmsswq_20H100466_030426_050000.bin,San Sebastian,default user,0,50.885,0,33.43,0,4.51,0,86.5,0,6.12,0,20.33,6.85,7.87,0,-57.9,5.88,23.007,0,6.68,0,1.186,1.11,0,4.47
3/8/2026,17:00, ,gtmsswq_20H100466_030426_050000.bin,San Sebastian,default user,0,50.85,0,33.4,0,4.491,0,84.7,0,5.98,0,21.01,7.08,7.85,0,-56.8,5.89,23.111,0,5.06,0,1.195,0.99,0,3.99
3/8/2026,17:15, ,gtmsswq_20H100466_030426_050000.bin,San Sebastian,default user,0,50.837,0,33.39,0,4.463,0,80.4,0,5.67,0,21.51,7.24,7.83,0,-55.5,5.89,23.14,0,6.65,0,1.2,0.93,0,3.76
3/8/2026,17:30, ,gtmsswq_20H100466_030426_050000.bin,San Sebastian,default user,0,50.782,0,33.35,0,4.429,0,81.6,0,5.77,0,20.42,6.88,7.83,0,-55.5,5.89,23.02,0,4.87,0,1.192,0.74,0,2.98
3/8/2026,17:45, ,gtmsswq_20H100466_030426_050000.bin,San Sebastian,default user,0,50.866,0,33.41,0,4.42,0,46.2,0,3.26,0,20.45,6.89,7.73,0,-49.4,5.89,23.042,0,3.95,0,1.189,0.36,0,1.46
3/8/2026,18:00, ,gtmsswq_20H100466_030426_050000.bin,San Sebastian,default user,0,50.95,0,33.47,0,4.414,0,48.1,0,3.4,0,20.16,6.79,7.73,0,-49.5,5.9,23.041,0,2.89,0,1.185,0.65,0,2.6
3/8/2026,18:15, ,gtmsswq_20H100466_030426_050000.bin,San Sebastian,default user,0,50.978,0,33.49,0,4.425,0,49.7,0,3.51,0,19.87,6.7,7.73,0,-49.4,5.88,23.014,0,3.33,0,1.182,0.5,0,2.01
3/8/2026,18:30, ,gtmsswq_20H100466_030426_050000.bin,San Sebastian,default user,0,51.013,0,33.52,0,4.452,0,54.5,0,3.85,0,19.39,6.54,7.72,0,-49.1,5.89,23.006,0,3.4,0,1.195,0.41,0,1.63
3/8/2026,18:45, ,gtmsswq_20H100466_030426_050000.bin,San Sebastian,default user,0,51.045,0,33.54,0,4.507,0,54.6,0,3.86,0,19.36,6.53,7.72,0,-49,5.89,23.017,0,3.12,0,1.198,0.68,0,2.72
3/8/2026,19:00, ,gtmsswq_20H100466_030426_050000.bin,San Sebastian,default user,0,51.221,0,33.67,0,4.549,0,76.4,0,5.39,0,19.18,6.47,7.85,0,-56.5,5.88,23.045,0,4.46,0,1.202,0.96,0,3.86
3/8/2026,19:15, ,gtmsswq_20H100466_030426_050000.bin,San Sebastian,default user,0,51.302,0,33.73,0,4.595,0,82.2,0,5.79,0,20.15,6.79,7.86,0,-57.2,5.89,23.111,0,3.87,0,1.198,1.2,0,4.83
3/8/2026,19:30, ,gtmsswq_20H100466_030426_050000.bin,San Sebastian,default user,0,51.282,0,33.72,0,4.664,0,84.9,0,5.99,0,19.99,6.74,7.85,0,-56.8,5.88,23.054,0,3.67,0,1.193,1.21,0,4.87
3/8/2026,19:45, ,gtmsswq_20H100466_030426_050000.bin,San Sebastian,default user,0,51.23,0,33.68,0,4.731,0,88.1,0,6.22,0,20.1,6.77,7.87,0,-57.6,5.88,23.036,0,3.9,0,1.2,1.34,0,5.41
3/8/2026,20:00, ,gtmsswq_20H100466_030426_050000.bin,San Sebastian,default user,0,51.149,0,33.62,0,4.791,0,87.2,0,6.17,0,19.9,6.71,7.87,0,-57.6,5.89,22.902,0,4.43,0,1.184,1.4,0,5.62
3/8/2026,20:15, ,gtmsswq_20H100466_030426_050000.bin,San Sebastian,default user,0,51.183,0,33.65,0,4.857,0,88.6,0,6.27,0,20.46,6.89,7.87,0,-58,5.88,22.866,0,4.54,0,1.191,1.49,0,5.99
3/8/2026,20:30, ,gtmsswq_20H100466_030426_050000.bin,San Sebastian,default user,0,51.165,0,33.64,0,4.941,0,86.7,0,6.16,0,20.31,6.85,7.87,0,-57.5,5.88,22.688,0,5.59,0,1.191,1.42,0,5.74
3/8/2026,20:45, ,gtmsswq_20H100466_030426_050000.bin,San Sebastian,default user,0,51.07,0,33.57,0,5.009,0,88.6,0,6.31,0,20.15,6.79,7.88,0,-58.4,5.88,22.581,0,5.49,0,1.188,1.53,0,6.17
3/8/2026,21:00, ,gtmsswq_20H100466_030426_050000.bin,San Sebastian,default user,0,51.176,0,33.65,0,5.073,0,89.2,0,6.37,0,19.63,6.62,7.89,0,-59,5.88,22.345,0,3.87,0,1.186,1.54,0,6.21
3/8/2026,21:15, ,gtmsswq_20H100466_030426_050000.bin,San Sebastian,default user,0,51.177,0,33.65,0,5.137,0,89.9,0,6.46,0,19.04,6.42,7.91,0,-60,5.89,22.051,0,4.62,0,1.197,1.51,0,6.08
3/8/2026,21:30, ,gtmsswq_20H100466_030426_050000.bin,San Sebastian,default user,0,51.232,0,33.7,0,5.21,0,90.8,0,6.54,0,18.38,6.2,7.92,0,-60.8,5.88,21.871,0,4.24,0,1.198,1.43,0,5.76
3/8/2026,21:45, ,gtmsswq_20H100466_030426_050000.bin,San Sebastian,default user,0,51.311,0,33.76,0,5.261,0,90.3,0,6.53,0,17.23,5.82,7.93,0,-61,5.88,21.683,0,5.36,0,1.194,1.46,0,5.87
3/8/2026,22:00, ,gtmsswq_20H100466_030426_050000.bin,San Sebastian,default user,0,51.367,0,33.8,0,5.33,0,91,0,6.59,0,16.79,5.67,7.94,0,-61.6,5.88,21.517,0,5.12,0,1.187,1.46,0,5.87
3/8/2026,22:15, ,gtmsswq_20H100466_030426_050000.bin,San Sebastian,default user,0,51.494,0,33.9,0,5.389,0,94,0,6.88,0,14.74,4.99,7.98,0,-64,5.88,20.992,0,5.43,0,1.19,1.33,0,5.35
3/8/2026,22:30, ,gtmsswq_20H100466_030426_050000.bin,San Sebastian,default user,0,51.602,0,33.98,0,5.442,0,95.8,0,7.06,0,13.31,4.51,8.01,0,-65.5,5.88,20.494,0,6.25,0,1.192,1.49,0,6.01
3/8/2026,22:45, ,gtmsswq_20H100466_030426_050000.bin,San Sebastian,default user,0,51.746,0,34.09,0,5.481,0,97.5,0,7.29,0,11.75,3.99,8.05,0,-67.4,5.88,19.654,0,8.73,0,1.183,1.56,0,6.27
3/8/2026,23:00, ,gtmsswq_20H100466_030426_050000.bin,San Sebastian,default user,0,51.851,0,34.17,0,5.533,0,98.4,0,7.43,0,10.87,3.7,8.07,0,-68.8,5.88,19.153,0,7.68,0,1.186,1.47,0,5.91
3/8/2026,23:15, ,gtmsswq_20H100466_030426_050000.bin,San Sebastian,default user,0,51.971,0,34.26,0,5.579,0,99.7,0,7.61,0,9.74,3.32,8.1,0,-70.1,5.87,18.541,0,7.16,0,1.186,1.41,0,5.69
3/8/2026,23:30, ,gtmsswq_20H100466_030426_050000.bin,San Sebastian,default user,0,52.047,0,34.31,0,5.61,0,99.4,0,7.66,0,8.76,2.99,8.11,0,-70.7,5.87,18.045,0,7.47,0,1.192,1.55,0,6.25
3/8/2026,23:45, ,gtmsswq_20H100466_030426_050000.bin,San Sebastian,default user,0,52.087,0,34.34,0,5.635,0,99,0,7.68,0,8.64,2.95,8.11,0,-71,5.88,17.63,0,9.18,0,1.191,1.6,0,6.43
3/9/2026,0:00, ,gtmsswq_20H100466_030426_050000.bin,San Sebastian,default user,0,52.117,0,34.36,0,5.646,0,98.2,0,7.66,0,8.2,2.81,8.12,0,-71,5.87,17.321,0,9.16,0,1.197,2.07,0,8.35
3/9/2026,0:15, ,gtmsswq_20H100466_030426_050000.bin,San Sebastian,default user,0,52.139,0,34.37,0,5.65,0,97.7,0,7.65,0,8.68,2.97,8.12,0,-71.1,5.87,17.124,0,10.61,0,1.194,1.69,0,6.81
3/9/2026,0:30, ,gtmsswq_20H100466_030426_050000.bin,San Sebastian,default user,0,52.14,0,34.37,0,5.644,0,96.9,0,7.61,0,8.39,2.87,8.12,0,-71.2,5.86,17.021,0,8.03,0,1.182,1.76,0,7.08
3/9/2026,0:45, ,gtmsswq_20H100466_030426_050000.bin,San Sebastian,default user,0,52.146,0,34.37,0,5.63,0,94.8,0,7.44,0,8.6,2.94,8.11,0,-70.7,5.86,17.032,0,6.12,0,1.188,1.22,0,4.93
3/9/2026,1:00, ,gtmsswq_20H100466_030426_050000.bin,San Sebastian,default user,0,52.159,0,34.38,0,5.611,0,90.4,0,7.11,0,8.24,2.82,8.1,0,-69.8,5.87,16.9,0,5.2,0,1.191,0.9,0,3.63
3/9/2026,1:15, ,gtmsswq_20H100466_030426_050000.bin,San Sebastian,default user,0,52.167,0,34.39,0,5.579,0,83.9,0,6.6,0,8.35,2.86,8.08,0,-68.7,5.86,16.917,0,3.32,0,1.185,0.67,0,2.7
3/9/2026,1:30, ,gtmsswq_20H100466_030426_050000.bin,San Sebastian,default user,0,52.024,0,34.29,0,5.53,0,96.9,0,7.45,0,9.45,3.22,8.1,0,-70.1,5.86,18.141,0,5.21,0,1.191,1.5,0,6.05
3/9/2026,1:45, ,gtmsswq_20H100466_030426_050000.bin,San Sebastian,default user,0,51.889,0,34.2,0,5.472,0,94.8,0,7.22,0,11.35,3.86,8.06,0,-68.2,5.85,18.712,0,5.12,0,1.197,1.22,0,4.91
3/9/2026,2:00, ,gtmsswq_20H100466_030426_050000.bin,San Sebastian,default user,0,51.866,0,34.18,0,5.404,0,93.2,0,7.1,0,10.56,3.59,8.07,0,-68.4,5.86,18.695,0,5.78,0,1.2,1.15,0,4.61
3/9/2026,2:15, ,gtmsswq_20H100466_030426_050000.bin,San Sebastian,default user,0,51.756,0,34.1,0,5.341,0,92.4,0,6.96,0,12.2,4.14,8.04,0,-67.2,5.87,19.296,0,6.24,0,1.192,1.1,0,4.45
3/9/2026,2:30, ,gtmsswq_20H100466_030426_050000.bin,San Sebastian,default user,0,51.576,0,33.97,0,5.273,0,87.5,0,6.53,0,13.93,4.72,7.99,0,-64.5,5.86,19.813,0,7.37,0,1.182,1.35,0,5.44
3/9/2026,2:45, ,gtmsswq_20H100466_030426_050000.bin,San Sebastian,default user,0,51.377,0,33.82,0,5.209,0,83.7,0,6.19,0,16.22,5.48,7.95,0,-62,5.87,20.333,0,6.43,0,1.182,0.93,0,3.76
3/9/2026,3:00, ,gtmsswq_20H100466_030426_050000.bin,San Sebastian,default user,0,51.18,0,33.67,0,5.143,0,81.5,0,5.96,0,18.15,6.12,7.91,0,-59.7,5.86,21.087,0,5,0,1.192,1,0,4.03
3/9/2026,3:15, ,gtmsswq_20H100466_030426_050000.bin,San Sebastian,default user,0,51.142,0,33.63,0,5.078,0,81.8,0,5.94,0,18.68,6.3,7.9,0,-59.2,5.87,21.448,0,6.14,0,1.197,1.05,0,4.23
3/9/2026,3:30, ,gtmsswq_20H100466_030426_050000.bin,San Sebastian,default user,0,51.081,0,33.59,0,5.027,0,79.9,0,5.79,0,19.18,6.47,7.88,0,-58.1,5.88,21.573,0,5.87,0,1.199,0.94,0,3.78
3/9/2026,3:45, ,gtmsswq_20H100466_030426_050000.bin,San Sebastian,default user,0,51.047,0,33.56,0,4.968,0,77.4,0,5.61,0,20.04,6.75,7.86,0,-57.1,5.87,21.533,0,7.05,0,1.192,0.96,0,3.86
3/9/2026,4:00, ,gtmsswq_20H100466_030426_050000.bin,San Sebastian,default user,0,50.978,0,33.51,0,4.906,0,76.3,0,5.52,0,20.54,6.92,7.85,0,-56.5,5.87,21.7,0,7.74,0,1.189,1.14,0,4.58
3/9/2026,4:15, ,gtmsswq_20H100466_030426_050000.bin,San Sebastian,default user,0,50.948,0,33.49,0,4.855,0,77,0,5.53,0,21.13,7.12,7.84,0,-56,5.86,22.119,0,6.31,0,1.185,0.93,0,3.74
3/9/2026,4:30, ,gtmsswq_20H100466_030426_050000.bin,San Sebastian,default user,0,50.911,0,33.46,0,4.791,0,75.6,0,5.43,0,21.9,7.37,7.83,0,-55.2,5.87,22.134,0,7.38,0,1.187,0.97,0,3.89
3/9/2026,4:45, ,gtmsswq_20H100466_030426_050000.bin,San Sebastian,default user,0,50.861,0,33.42,0,4.745,0,73.7,0,5.29,0,22.21,7.48,7.81,0,-54.2,5.87,22.174,0,6.58,0,1.183,0.83,0,3.33
3/9/2026,5:00, ,gtmsswq_20H100466_030426_050000.bin,San Sebastian,default user,0,50.835,0,33.4,0,4.698,0,72.3,0,5.19,0,23.07,7.77,7.8,0,-53.6,5.87,22.228,0,6.52,0,1.186,0.8,0,3.21
3/9/2026,5:15, ,gtmsswq_20H100466_030426_050000.bin,San Sebastian,default user,0,50.726,0,33.32,0,4.642,0,71.6,0,5.12,0,23.43,7.89,7.79,0,-53.1,5.87,22.425,0,6.51,0,1.2,0.87,0,3.51
3/9/2026,5:30, ,gtmsswq_20H100466_030426_050000.bin,San Sebastian,default user,0,50.719,0,33.31,0,4.611,0,69.6,0,4.97,0,24.79,8.34,7.77,0,-51.8,5.87,22.5,0,5.87,0,1.195,0.73,0,2.96
3/9/2026,5:45, ,gtmsswq_20H100466_030426_050000.bin,San Sebastian,default user,0,50.685,0,33.28,0,4.587,0,67.6,0,4.82,0,25.23,8.48,7.76,0,-51.3,5.87,22.585,0,5.19,0,1.182,0.6,0,2.41
3/9/2026,6:00, ,gtmsswq_20H100466_030426_050000.bin,San Sebastian,default user,0,50.637,0,33.25,0,4.554,0,66.5,0,4.73,0,25.76,8.66,7.75,0,-50.7,5.87,22.701,0,4.83,0,1.185,0.62,0,2.48
3/9/2026,6:15, ,gtmsswq_20H100466_030426_050000.bin,San Sebastian,default user,0,50.629,0,33.24,0,4.529,0,64.6,0,4.6,0,25.5,8.57,7.74,0,-50.3,5.87,22.67,0,4.33,0,1.191,0.51,0,2.05
3/9/2026,6:30, ,gtmsswq_20H100466_030426_050000.bin,San Sebastian,default user,0,50.618,0,33.23,0,4.511,0,58.4,0,4.16,0,24.72,8.31,7.72,0,-48.7,5.87,22.655,0,4.31,0,1.193,0.47,0,1.87
3/9/2026,6:45, ,gtmsswq_20H100466_030426_050000.bin,San Sebastian,default user,0,50.745,0,33.33,0,4.505,0,53.5,0,3.82,0,22.52,7.58,7.72,0,-48.8,5.86,22.454,0,5.08,0,1.191,0.46,0,1.87
3/9/2026,7:00, ,gtmsswq_20H100466_030426_050000.bin,San Sebastian,default user,0,50.875,0,33.43,0,4.508,0,64.7,0,4.63,0,22.8,7.67,7.76,0,-51.3,5.87,22.311,0,4.04,0,1.182,0.74,0,2.99
3/9/2026,7:15, ,gtmsswq_20H100466_030426_050000.bin,San Sebastian,default user,0,50.958,0,33.49,0,4.539,0,72.3,0,5.17,0,22.27,7.5,7.81,0,-54.5,5.87,22.33,0,3.74,0,1.182,0.92,0,3.71
3/9/2026,7:30, ,gtmsswq_20H100466_030426_050000.bin,San Sebastian,default user,0,50.978,0,33.5,0,4.568,0,52.1,0,3.73,0,20.81,7.01,7.72,0,-48.9,5.86,22.375,0,3.77,0,1.2,0.56,0,2.27
3/9/2026,7:45, ,gtmsswq_20H100466_030426_050000.bin,San Sebastian,default user,0,51.018,0,33.53,0,4.614,0,59.1,0,4.22,0,20.86,7.03,7.74,0,-50.3,5.86,22.422,0,5.38,0,1.196,0.64,0,2.58
3/9/2026,8:00, ,gtmsswq_20H100466_030426_050000.bin,San Sebastian,default user,0,51.175,0,33.65,0,4.657,0,71.5,0,5.09,0,20.65,6.96,7.8,0,-53.6,5.87,22.614,0,4.45,0,1.183,0.72,0,2.91
3/9/2026,8:15, ,gtmsswq_20H100466_030426_050000.bin,San Sebastian,default user,0,51.211,0,33.67,0,4.729,0,75.9,0,5.39,0,21.31,7.18,7.83,0,-55.5,5.86,22.713,0,3.91,0,1.188,0.84,0,3.37
3/9/2026,8:30, ,gtmsswq_20H100466_030426_050000.bin,San Sebastian,default user,0,51.17,0,33.64,0,4.779,0,75.8,0,5.39,0,20.75,6.99,7.83,0,-55.4,5.86,22.629,0,3.74,0,1.199,0.85,0,3.42
3/9/2026,8:45, ,gtmsswq_20H100466_030426_050000.bin,San Sebastian,default user,0,51.135,0,33.62,0,4.839,0,77.9,0,5.55,0,20.62,6.95,7.82,0,-55,5.87,22.497,0,3.61,0,1.191,0.62,0,2.51
3/9/2026,9:00, ,gtmsswq_20H100466_030426_050000.bin,San Sebastian,default user,0,51.123,0,33.61,0,4.882,0,80.5,0,5.75,0,20.47,6.9,7.85,0,-56.4,5.86,22.395,0,4.1,0,1.186,0.82,0,3.3
3/9/2026,9:15, ,gtmsswq_20H100466_030426_050000.bin,San Sebastian,default user,0,51.08,0,33.58,0,4.934,0,81.7,0,5.85,0,20.64,6.95,7.86,0,-56.9,5.86,22.267,0,3.73,0,1.183,0.94,0,3.8
3/9/2026,9:30, ,gtmsswq_20H100466_030426_050000.bin,San Sebastian,default user,0,51.089,0,33.59,0,4.996,0,81.9,0,5.87,0,19.99,6.74,7.86,0,-57.2,5.87,22.147,0,4.46,0,1.188,0.91,0,3.68
3/9/2026,9:45, ,gtmsswq_20H100466_030426_050000.bin,San Sebastian,default user,0,51.115,0,33.61,0,5.042,0,81.6,0,5.87,0,20.13,6.78,7.87,0,-57.6,5.85,22.006,0,7.01,0,1.191,0.78,0,3.12
3/9/2026,10:00, ,gtmsswq_20H100466_030426_050000.bin,San Sebastian,default user,0,51.161,0,33.64,0,5.086,0,83.9,0,6.04,0,19.52,6.58,7.89,0,-58.6,5.86,21.871,0,4.22,0,1.195,1.02,0,4.12
3/9/2026,10:15, ,gtmsswq_20H100466_030426_050000.bin,San Sebastian,default user,0,51.198,0,33.67,0,5.149,0,84.8,0,6.15,0,18.61,6.28,7.9,0,-59.4,5.87,21.571,0,4.4,0,1.198,0.93,0,3.76
3/9/2026,10:30, ,gtmsswq_20H100466_030426_050000.bin,San Sebastian,default user,0,51.28,0,33.74,0,5.192,0,84.7,0,6.16,0,17.44,5.89,7.92,0,-60.2,5.86,21.367,0,3.71,0,1.193,0.72,0,2.9
3/9/2026,10:45, ,gtmsswq_20H100466_030426_050000.bin,San Sebastian,default user,0,51.32,0,33.77,0,5.24,0,85.8,0,6.26,0,16.95,5.72,7.93,0,-61,5.86,21.188,0,4.04,0,1.19,0.86,0,3.45
3/9/2026,11:00, ,gtmsswq_20H100466_030426_050000.bin,San Sebastian,default user,0,51.367,0,33.81,0,5.287,0,85.1,0,6.23,0,16.36,5.53,7.93,0,-61.1,5.85,20.935,0,5.07,0,1.184,0.94,0,3.77
3/9/2026,11:15, ,gtmsswq_20H100466_030426_050000.bin,San Sebastian,default user,0,51.447,0,33.87,0,5.323,0,87.4,0,6.43,0,15.56,5.26,7.96,0,-62.7,5.86,20.673,0,4.62,0,1.192,0.95,0,3.83
3/9/2026,11:30, ,gtmsswq_20H100466_030426_050000.bin,San Sebastian,default user,0,51.479,0,33.89,0,5.361,0,88.4,0,6.51,0,15.18,5.13,7.97,0,-63.1,5.86,20.566,0,4.35,0,1.199,1.06,0,4.28
3/9/2026,11:45, ,gtmsswq_20H100466_030426_050000.bin,San Sebastian,default user,0,51.559,0,33.95,0,5.401,0,89.8,0,6.67,0,13.58,4.6,7.99,0,-64,5.86,20.112,0,4.99,0,1.189,0.98,0,3.93
3/9/2026,12:00, ,gtmsswq_20H100466_030426_050000.bin,San Sebastian,default user,0,51.695,0,34.05,0,5.429,0,92.2,0,6.92,0,13.05,4.42,8.02,0,-65.7,5.86,19.526,0,6.54,0,1.189,1.23,0,4.97
3/9/2026,12:15, ,gtmsswq_20H100466_030426_050000.bin,San Sebastian,default user,0,51.755,0,34.1,0,5.442,0,92.5,0,6.98,0,12.38,4.2,8.03,0,-66.2,5.85,19.236,0,5.37,0,1.199,1.17,0,4.71
3/9/2026,12:30, ,gtmsswq_20H100466_030426_050000.bin,San Sebastian,default user,0,51.821,0,34.15,0,5.445,0,91.7,0,6.95,0,11.72,3.98,8.03,0,-66.5,5.85,18.934,0,6.21,0,1.199,1,0,4.03
3/9/2026,12:45, ,gtmsswq_20H100466_030426_050000.bin,San Sebastian,default user,0,51.862,0,34.18,0,5.444,0,92.5,0,7.03,0,10.79,3.67,8.04,0,-67.2,5.86,18.751,0,5.95,0,1.183,1.02,0,4.1
3/9/2026,13:00, ,gtmsswq_20H100466_030426_050000.bin,San Sebastian,default user,0,51.89,0,34.2,0,5.435,0,88.3,0,6.73,0,10.92,3.71,8.03,0,-66.1,5.85,18.615,0,3.64,0,1.186,0.49,0,1.97
3/9/2026,13:15, ,gtmsswq_20H100466_030426_050000.bin,San Sebastian,default user,0,51.901,0,34.21,0,5.413,0,77.4,0,5.92,0,10.01,3.41,7.99,0,-64,5.85,18.511,0,4.21,0,1.199,0.48,0,1.94
3/9/2026,13:30, ,gtmsswq_20H100466_030426_050000.bin,San Sebastian,default user,0,51.927,0,34.22,0,5.37,0,67.2,0,5.14,0,10.43,3.55,7.94,0,-61.3,5.84,18.43,0,4.85,0,1.192,0.34,0,1.38
3/9/2026,13:45, ,gtmsswq_20H100466_030426_050000.bin,San Sebastian,default user,0,51.696,0,34.05,0,5.333,0,92.5,0,6.87,0,12.52,4.25,8,0,-65.1,5.85,20.05,0,4.32,0,1.182,0.57,0,2.28
3/9/2026,14:00, ,gtmsswq_20H100466_030426_050000.bin,San Sebastian,default user,0,51.512,0,33.9,0,5.293,0,96,0,6.92,0,14.78,5,7.97,0,-63.7,5.85,21.795,0,4.37,0,1.186,0.64,0,2.56
3/9/2026,14:15, ,gtmsswq_20H100466_030426_050000.bin,San Sebastian,default user,0,51.511,0,33.9,0,5.253,0,94,0,6.76,0,14.18,4.8,7.96,0,-62.9,5.85,21.887,0,3.29,0,1.195,0.47,0,1.9
3/9/2026,14:30, ,gtmsswq_20H100466_030426_050000.bin,San Sebastian,default user,0,51.46,0,33.87,0,5.194,0,86.9,0,6.3,0,14.98,5.07,7.94,0,-61.6,5.85,21.488,0,3.54,0,1.185,0.42,0,1.69
3/9/2026,14:45, ,gtmsswq_20H100466_030426_050000.bin,San Sebastian,default user,0,51.411,0,33.83,0,5.127,0,88.1,0,6.34,0,15.34,5.19,7.94,0,-61.6,5.85,21.878,0,2.99,0,1.188,0.4,0,1.61
3/9/2026,15:00, ,gtmsswq_20H100466_030426_050000.bin,San Sebastian,default user,0,51.351,0,33.78,0,5.074,0,92.7,0,6.63,0,16.37,5.53,7.94,0,-62,5.85,22.222,0,5.34,0,1.184,0.77,0,3.08
3/9/2026,15:15, ,gtmsswq_20H100466_030426_050000.bin,San Sebastian,default user,0,51.342,0,33.77,0,5.021,0,93.2,0,6.63,0,16.38,5.53,7.93,0,-61.5,5.86,22.555,0,5.79,0,1.188,0.87,0,3.5
3/9/2026,15:30, ,gtmsswq_20H100466_030426_050000.bin,San Sebastian,default user,0,51.401,0,33.81,0,4.971,0,92.5,0,6.54,0,17.42,5.88,7.92,0,-60.7,5.85,22.911,0,5.21,0,1.185,0.65,0,2.61
3/9/2026,15:45, ,gtmsswq_20H100466_030426_050000.bin,San Sebastian,default user,0,51.351,0,33.76,0,4.914,0,94.3,0,6.61,0,17.25,5.82,7.92,0,-60.7,5.85,23.434,0,4.7,0,1.182,0.77,0,3.08
3/9/2026,16:00, ,gtmsswq_20H100466_030426_050000.bin,San Sebastian,default user,0,51.294,0,33.71,0,4.859,0,95.5,0,6.66,0,18.45,6.23,7.92,0,-60.6,5.85,23.723,0,5.97,0,1.196,0.83,0,3.35
3/9/2026,16:15, ,gtmsswq_20H100466_030426_050000.bin,San Sebastian,default user,0,51.191,0,33.64,0,4.796,0,88,0,6.14,0,18.95,6.39,7.87,0,-58.1,5.85,23.709,0,5.54,0,1.19,1.17,0,4.7
3/9/2026,16:30, ,gtmsswq_20H100466_030426_050000.bin,San Sebastian,default user,0,51.116,0,33.58,0,4.749,0,86.2,0,6,0,19.5,6.57,7.86,0,-57.2,5.86,23.887,0,5.05,0,1.187,0.93,0,3.74
3/9/2026,16:45, ,gtmsswq_20H100466_030426_050000.bin,San Sebastian,default user,0,51.083,0,33.56,0,4.696,0,84.1,0,5.85,0,20.09,6.77,7.84,0,-56.5,5.85,23.907,0,5.26,0,1.19,0.79,0,3.16
3/9/2026,17:00, ,gtmsswq_20H100466_030426_050000.bin,San Sebastian,default user,0,51.05,0,33.53,0,4.653,0,81.8,0,5.68,0,20.43,6.88,7.83,0,-55.8,5.86,24.049,0,5.96,0,1.185,0.64,0,2.56
3/9/2026,17:15, ,gtmsswq_20H100466_030426_050000.bin,San Sebastian,default user,0,51.105,0,33.57,0,4.614,0,80,0,5.55,0,19.78,6.67,7.82,0,-55,5.85,24.048,0,5.58,0,1.185,0.76,0,3.07
3/9/2026,17:30, ,gtmsswq_20H100466_030426_050000.bin,San Sebastian,default user,0,51.112,0,33.57,0,4.579,0,69.3,0,4.8,0,19.53,6.59,7.79,0,-53.2,5.85,24.138,0,4.31,0,1.183,0.47,0,1.9
3/9/2026,17:45, ,gtmsswq_20H100466_030426_050000.bin,San Sebastian,default user,0,51.131,0,33.59,0,4.547,0,73.2,0,5.07,0,19.62,6.61,7.79,0,-53.4,5.86,24.191,0,5.79,0,1.182,0.72,0,2.9
3/9/2026,18:00, ,gtmsswq_20H100466_030426_050000.bin,San Sebastian,default user,0,51.074,0,33.54,0,4.527,0,81.9,0,5.67,0,21.14,7.12,7.83,0,-55.5,5.85,24.203,0,7.78,0,1.184,1.58,0,6.38
3/9/2026,18:15, ,gtmsswq_20H100466_030426_050000.bin,San Sebastian,default user,0,51.001,0,33.49,0,4.508,0,68.4,0,4.74,0,20.96,7.06,7.78,0,-52.5,5.85,24.22,0,4.51,0,1.193,0.85,0,3.42
3/9/2026,18:30, ,gtmsswq_20H100466_030426_050000.bin,San Sebastian,default user,0,50.921,0,33.43,0,4.509,0,70.6,0,4.9,0,21.6,7.27,7.77,0,-52.4,5.85,24.166,0,5,0,1.196,0.79,0,3.18
3/9/2026,18:45, ,gtmsswq_20H100466_030426_050000.bin,San Sebastian,default user,0,51.009,0,33.5,0,4.513,0,61.6,0,4.29,0,20.31,6.84,7.7,0,-48.1,5.85,23.96,0,3.79,0,1.2,0.45,0,1.83
3/9/2026,19:00, ,gtmsswq_20H100466_030426_050000.bin,San Sebastian,default user,0,51.078,0,33.55,0,4.534,0,48.9,0,3.41,0,20.27,6.83,7.71,0,-48.3,5.86,23.857,0,2.44,0,1.198,0.49,0,1.97
3/9/2026,19:15, ,gtmsswq_20H100466_030426_050000.bin,San Sebastian,default user,0,51.119,0,33.58,0,4.546,0,46.5,0,3.24,0,19.16,6.46,7.7,0,-48.2,5.85,23.796,0,5.14,0,1.193,0.55,0,2.23
3/9/2026,19:30, ,gtmsswq_20H100466_030426_050000.bin,San Sebastian,default user,0,51.138,0,33.6,0,4.591,0,44.8,0,3.12,0,19.07,6.43,7.68,0,-46.9,5.85,23.773,0,3.35,0,1.191,0.46,0,1.86
3/9/2026,19:45, ,gtmsswq_20H100466_030426_050000.bin,San Sebastian,default user,0,51.197,0,33.64,0,4.638,0,58.1,0,4.05,0,19.12,6.45,7.74,0,-50.6,5.85,23.762,0,2.7,0,1.187,0.56,0,2.27
3/9/2026,20:00, ,gtmsswq_20H100466_030426_050000.bin,San Sebastian,default user,0,51.199,0,33.65,0,4.683,0,80.6,0,5.63,0,20.4,6.87,7.84,0,-56.1,5.85,23.602,0,2.8,0,1.183,1.64,0,6.6
3/9/2026,20:15, ,gtmsswq_20H100466_030426_050000.bin,San Sebastian,default user,0,51.177,0,33.63,0,4.75,0,80.4,0,5.63,0,19.66,6.63,7.83,0,-55.3,5.86,23.486,0,2.69,0,1.182,0.82,0,3.29
3/9/2026,20:30, ,gtmsswq_20H100466_030426_050000.bin,San Sebastian,default user,0,51.163,0,33.62,0,4.807,0,78.8,0,5.54,0,19.07,6.43,7.82,0,-54.9,5.85,23.332,0,4.06,0,1.199,0.87,0,3.49
3/9/2026,20:45, ,gtmsswq_20H100466_030426_050000.bin,San Sebastian,default user,0,51.13,0,33.6,0,4.871,0,85.4,0,5.99,0,19.59,6.6,7.86,0,-57,5.85,23.424,0,4.61,0,1.192,1.34,0,5.38
3/9/2026,21:00, ,gtmsswq_20H100466_030426_050000.bin,San Sebastian,default user,0,51.154,0,33.62,0,4.923,0,84.8,0,5.97,0,19.8,6.67,7.86,0,-57.2,5.85,23.172,0,3.82,0,1.184,1.2,0,4.85
3/9/2026,21:15, ,gtmsswq_20H100466_030426_050000.bin,San Sebastian,default user,0,51.136,0,33.61,0,4.978,0,85.6,0,6.04,0,20.06,6.76,7.86,0,-57.3,5.85,23.052,0,3.51,0,1.19,1.33,0,5.37
3/9/2026,21:30, ,gtmsswq_20H100466_030426_050000.bin,San Sebastian,default user,0,51.14,0,33.61,0,5.033,0,86.8,0,6.14,0,19.95,6.72,7.87,0,-58,5.85,22.956,0,3.69,0,1.2,1.33,0,5.37
3/9/2026,21:45, ,gtmsswq_20H100466_030426_050000.bin,San Sebastian,default user,0,51.17,0,33.64,0,5.1,0,87.4,0,6.21,0,19.44,6.55,7.89,0,-58.8,5.85,22.696,0,4.38,0,1.196,1.4,0,5.65
3/9/2026,22:00, ,gtmsswq_20H100466_030426_050000.bin,San Sebastian,default user,0,51.225,0,33.69,0,5.158,0,90.1,0,6.44,0,18.38,6.2,7.91,0,-60.3,5.85,22.347,0,6.14,0,1.191,1.61,0,6.51
3/9/2026,22:15, ,gtmsswq_20H100466_030426_050000.bin,San Sebastian,default user,0,51.291,0,33.74,0,5.214,0,91.3,0,6.58,0,17.64,5.95,7.94,0,-61.6,5.85,21.868,0,3.87,0,1.192,1.51,0,6.09
3/9/2026,22:30, ,gtmsswq_20H100466_030426_050000.bin,San Sebastian,default user,0,51.332,0,33.77,0,5.267,0,89.5,0,6.45,0,17.1,5.77,7.93,0,-61.1,5.84,21.813,0,4.45,0,1.193,1.4,0,5.63
3/9/2026,22:45, ,gtmsswq_20H100466_030426_050000.bin,San Sebastian,default user,0,51.386,0,33.81,0,5.324,0,90.5,0,6.55,0,16.06,5.43,7.95,0,-62.1,5.84,21.52,0,4.89,0,1.19,1.62,0,6.52
3/9/2026,23:00, ,gtmsswq_20H100466_030426_050000.bin,San Sebastian,default user,0,51.432,0,33.85,0,5.375,0,91.5,0,6.66,0,15.81,5.34,7.96,0,-62.7,5.85,21.258,0,4.67,0,1.19,1.6,0,6.44
3/9/2026,23:15, ,gtmsswq_20H100466_030426_050000.bin,San Sebastian,default user,0,51.574,0,33.96,0,5.42,0,94.5,0,6.95,0,14.02,4.75,8,0,-64.7,5.83,20.627,0,4.37,0,1.187,1.65,0,6.66
3/9/2026,23:30, ,gtmsswq_20H100466_030426_050000.bin,San Sebastian,default user,0,51.699,0,34.06,0,5.47,0,96,0,7.13,0,12.58,4.27,8.02,0,-66.1,5.84,20.05,0,6.83,0,1.19,1.68,0,6.76
3/9/2026,23:45, ,gtmsswq_20H100466_030426_050000.bin,San Sebastian,default user,0,51.858,0,34.17,0,5.522,0,97.5,0,7.32,0,11.59,3.94,8.05,0,-67.6,5.84,19.439,0,5.27,0,1.199,1.6,0,6.44
3/10/2026,0:00, ,gtmsswq_20H100466_030426_050000.bin,San Sebastian,default user,0,51.967,0,34.26,0,5.557,0,98.6,0,7.46,0,10.55,3.59,8.07,0,-68.8,5.83,19.042,0,5.41,0,1.198,1.76,0,7.11
3/10/2026,0:15, ,gtmsswq_20H100466_030426_050000.bin,San Sebastian,default user,0,52.112,0,34.36,0,5.588,0,99.2,0,7.58,0,8.67,2.96,8.09,0,-70,5.83,18.474,0,5.01,0,1.191,1.32,0,5.33
3/10/2026,0:30, ,gtmsswq_20H100466_030426_050000.bin,San Sebastian,default user,0,52.188,0,34.42,0,5.626,0,100,0,7.67,0,8.01,2.74,8.11,0,-70.9,5.84,18.212,0,4.35,0,1.185,1.23,0,4.97
3/10/2026,0:45, ,gtmsswq_20H100466_030426_050000.bin,San Sebastian,default user,0,52.226,0,34.44,0,5.648,0,100.1,0,7.7,0,7.77,2.66,8.12,0,-71.3,5.84,18.103,0,4.11,0,1.191,1.18,0,4.76
3/10/2026,1:00, ,gtmsswq_20H100466_030426_050000.bin,San Sebastian,default user,0,52.256,0,34.46,0,5.657,0,99.8,0,7.69,0,7.82,2.68,8.12,0,-71.6,5.83,18.035,0,3.33,0,1.194,1.11,0,4.47
3/10/2026,1:15, ,gtmsswq_20H100466_030426_050000.bin,San Sebastian,default user,0,52.256,0,34.46,0,5.653,0,99.2,0,7.63,0,8.06,2.76,8.12,0,-71.4,5.83,18.052,0,3.22,0,1.19,1.06,0,4.26
3/10/2026,1:30, ,gtmsswq_20H100466_030426_050000.bin,San Sebastian,default user,0,52.269,0,34.47,0,5.637,0,96.4,0,7.42,0,7.53,2.58,8.11,0,-71,5.83,17.998,0,3.15,0,1.195,1.04,0,4.18
3/10/2026,1:45, ,gtmsswq_20H100466_030426_050000.bin,San Sebastian,default user,0,52.272,0,34.48,0,5.611,0,91.1,0,7.01,0,7.5,2.57,8.09,0,-69.9,5.83,17.989,0,2.11,0,1.198,0.45,0,1.81
3/10/2026,2:00, ,gtmsswq_20H100466_030426_050000.bin,San Sebastian,default user,0,52.217,0,34.44,0,5.58,0,93.4,0,7.17,0,8.16,2.79,8.09,0,-69.9,5.83,18.184,0,3.19,0,1.195,0.65,0,2.63
3/10/2026,2:15, ,gtmsswq_20H100466_030426_050000.bin,San Sebastian,default user,0,52.091,0,34.35,0,5.534,0,96.4,0,7.34,0,9.32,3.18,8.09,0,-69.5,5.82,18.603,0,4.01,0,1.197,1.05,0,4.22
3/10/2026,2:30, ,gtmsswq_20H100466_030426_050000.bin,San Sebastian,default user,0,52.014,0,34.29,0,5.489,0,95.8,0,7.26,0,10.29,3.5,8.07,0,-68.9,5.83,18.906,0,4.56,0,1.198,1.23,0,4.94
3/10/2026,2:45, ,gtmsswq_20H100466_030426_050000.bin,San Sebastian,default user,0,51.996,0,34.28,0,5.435,0,93.5,0,7.08,0,10.3,3.51,8.06,0,-68.1,5.83,18.983,0,4.42,0,1.194,1.05,0,4.21
3/10/2026,3:00, ,gtmsswq_20H100466_030426_050000.bin,San Sebastian,default user,0,51.87,0,34.18,0,5.37,0,93.4,0,7.02,0,11.83,4.02,8.04,0,-67.2,5.82,19.404,0,4.33,0,1.196,1.09,0,4.4
3/10/2026,3:15, ,gtmsswq_20H100466_030426_050000.bin,San Sebastian,default user,0,51.685,0,34.05,0,5.312,0,89.2,0,6.62,0,13.87,4.7,8,0,-64.6,5.83,20.097,0,6.78,0,1.192,1.2,0,4.83
3/10/2026,3:30, ,gtmsswq_20H100466_030426_050000.bin,San Sebastian,default user,0,51.573,0,33.96,0,5.252,0,81.1,0,5.98,0,15.92,5.38,7.93,0,-61,5.82,20.478,0,4.97,0,1.19,0.97,0,3.91
3/10/2026,3:45, ,gtmsswq_20H100466_030426_050000.bin,San Sebastian,default user,0,51.384,0,33.82,0,5.189,0,83.5,0,6.07,0,17.53,5.92,7.92,0,-60.3,5.83,21.338,0,7.45,0,1.188,1.26,0,5.08
3/10/2026,4:00, ,gtmsswq_20H100466_030426_050000.bin,San Sebastian,default user,0,51.281,0,33.74,0,5.129,0,82.1,0,5.94,0,18.81,6.34,7.9,0,-59.3,5.83,21.651,0,5.81,0,1.19,0.92,0,3.72
3/10/2026,4:15, ,gtmsswq_20H100466_030426_050000.bin,San Sebastian,default user,0,51.236,0,33.7,0,5.081,0,79.2,0,5.72,0,19.15,6.46,7.88,0,-58.1,5.83,21.679,0,5.95,0,1.193,1.06,0,4.29
3/10/2026,4:30, ,gtmsswq_20H100466_030426_050000.bin,San Sebastian,default user,0,51.199,0,33.67,0,5.026,0,78.3,0,5.62,0,20.06,6.76,7.86,0,-57.3,5.83,22.047,0,5.04,0,1.198,0.8,0,3.23
3/10/2026,4:45, ,gtmsswq_20H100466_030426_050000.bin,San Sebastian,default user,0,51.184,0,33.66,0,4.975,0,76.6,0,5.49,0,20.77,7,7.84,0,-56.1,5.82,22.178,0,5.68,0,1.191,0.93,0,3.76
3/10/2026,5:00, ,gtmsswq_20H100466_030426_050000.bin,San Sebastian,default user,0,51.136,0,33.62,0,4.915,0,75.3,0,5.39,0,21.34,7.19,7.83,0,-55.4,5.83,22.311,0,6.23,0,1.184,1.03,0,4.16
3/10/2026,5:15, ,gtmsswq_20H100466_030426_050000.bin,San Sebastian,default user,0,51.056,0,33.56,0,4.869,0,75.1,0,5.36,0,20.86,7.03,7.83,0,-55.2,5.84,22.451,0,7.17,0,1.185,1.07,0,4.3
3/10/2026,5:30, ,gtmsswq_20H100466_030426_050000.bin,San Sebastian,default user,0,51.06,0,33.56,0,4.82,0,74.7,0,5.3,0,22.42,7.55,7.81,0,-54.4,5.83,22.73,0,6.98,0,1.191,1.01,0,4.08
3/10/2026,5:45, ,gtmsswq_20H100466_030426_050000.bin,San Sebastian,default user,0,51.004,0,33.52,0,4.77,0,73.5,0,5.21,0,22.71,7.64,7.8,0,-53.7,5.84,22.89,0,6.18,0,1.195,0.86,0,3.47
3/10/2026,6:00, ,gtmsswq_20H100466_030426_050000.bin,San Sebastian,default user,0,50.984,0,33.5,0,4.725,0,72.3,0,5.13,0,23.09,7.77,7.79,0,-53.2,5.83,22.843,0,5.14,0,1.196,0.81,0,3.28
3/10/2026,6:15, ,gtmsswq_20H100466_030426_050000.bin,San Sebastian,default user,0,50.927,0,33.46,0,4.698,0,71,0,5.03,0,23.7,7.97,7.78,0,-52.6,5.83,22.951,0,6.53,0,1.19,0.72,0,2.91
3/10/2026,6:30, ,gtmsswq_20H100466_030426_050000.bin,San Sebastian,default user,0,50.889,0,33.43,0,4.665,0,67.4,0,4.76,0,24.53,8.25,7.75,0,-51,5.84,23.082,0,5.43,0,1.184,0.78,0,3.16
3/10/2026,6:45, ,gtmsswq_20H100466_030426_050000.bin,San Sebastian,default user,0,50.857,0,33.4,0,4.64,0,65,0,4.59,0,24.67,8.3,7.75,0,-50.6,5.83,23.145,0,4.72,0,1.183,0.65,0,2.6
3/10/2026,7:00, ,gtmsswq_20H100466_030426_050000.bin,San Sebastian,default user,0,50.831,0,33.38,0,4.624,0,62.6,0,4.41,0,24.87,8.37,7.73,0,-49.5,5.84,23.197,0,4.74,0,1.195,0.57,0,2.29
3/10/2026,7:15, ,gtmsswq_20H100466_030426_050000.bin,San Sebastian,default user,0,50.843,0,33.39,0,4.617,0,56.2,0,3.97,0,24.03,8.09,7.7,0,-47.9,5.83,23.084,0,4.44,0,1.2,0.42,0,1.7
3/10/2026,7:30, ,gtmsswq_20H100466_030426_050000.bin,San Sebastian,default user,0,50.944,0,33.47,0,4.603,0,40.1,0,2.84,0,22.03,7.42,7.66,0,-45.6,5.83,22.905,0,4.5,0,1.192,0.58,0,2.35
3/10/2026,7:45, ,gtmsswq_20H100466_030426_050000.bin,San Sebastian,default user,0,51.023,0,33.53,0,4.608,0,49,0,3.47,0,21.77,7.33,7.66,0,-45.5,5.83,22.826,0,3.7,0,1.185,0.48,0,1.91
3/10/2026,8:00, ,gtmsswq_20H100466_030426_050000.bin,San Sebastian,default user,0,51.044,0,33.55,0,4.624,0,29.9,0,2.12,0,20.18,6.8,7.63,0,-43.5,5.83,22.787,0,6.2,0,1.189,0.4,0,1.62
3/10/2026,8:15, ,gtmsswq_20H100466_030426_050000.bin,San Sebastian,default user,0,51.081,0,33.57,0,4.655,0,43.5,0,3.08,0,20.43,6.88,7.68,0,-46.6,5.83,22.811,0,2.71,0,1.184,0.32,0,1.28
3/10/2026,8:30, ,gtmsswq_20H100466_030426_050000.bin,San Sebastian,default user,0,51.101,0,33.59,0,4.693,0,56.7,0,4.02,0,20.89,7.04,7.74,0,-50.2,5.82,22.833,0,3.01,0,1.182,0.69,0,2.79
3/10/2026,8:45, ,gtmsswq_20H100466_030426_050000.bin,San Sebastian,default user,0,51.152,0,33.63,0,4.723,0,71,0,5.05,0,20.62,6.95,7.82,0,-54.9,5.83,22.63,0,3.9,0,1.196,0.84,0,3.37
3/10/2026,9:00, ,gtmsswq_20H100466_030426_050000.bin,San Sebastian,default user,0,51.163,0,33.64,0,4.778,0,76.5,0,5.44,0,20.91,7.05,7.84,0,-55.8,5.83,22.622,0,4.13,0,1.2,0.92,0,3.72
3/10/2026,9:15, ,gtmsswq_20H100466_030426_050000.bin,San Sebastian,default user,0,51.179,0,33.65,0,4.809,0,77.5,0,5.51,0,20.71,6.98,7.84,0,-56.2,5.83,22.681,0,4.29,0,1.199,0.83,0,3.33
3/10/2026,9:30, ,gtmsswq_20H100466_030426_050000.bin,San Sebastian,default user,0,51.172,0,33.64,0,4.841,0,74.5,0,5.29,0,20.83,7.02,7.82,0,-54.9,5.83,22.694,0,3.81,0,1.193,0.63,0,2.52
3/10/2026,9:45, ,gtmsswq_20H100466_030426_050000.bin,San Sebastian,default user,0,51.165,0,33.64,0,4.888,0,75.1,0,5.34,0,20.19,6.8,7.83,0,-55.2,5.82,22.677,0,3.33,0,1.187,0.66,0,2.64
3/10/2026,10:00, ,gtmsswq_20H100466_030426_050000.bin,San Sebastian,default user,0,51.18,0,33.65,0,4.95,0,80.8,0,5.76,0,19.76,6.66,7.86,0,-57,5.82,22.476,0,4.53,0,1.197,0.99,0,3.98
3/10/2026,10:15, ,gtmsswq_20H100466_030426_050000.bin,San Sebastian,default user,0,51.191,0,33.66,0,5.013,0,80.2,0,5.74,0,20.07,6.76,7.86,0,-57,5.83,22.283,0,4.49,0,1.191,0.92,0,3.72
3/10/2026,10:30, ,gtmsswq_20H100466_030426_050000.bin,San Sebastian,default user,0,51.198,0,33.67,0,5.068,0,81.9,0,5.87,0,19.73,6.65,7.87,0,-57.7,5.82,22.187,0,3.24,0,1.185,0.98,0,3.94
3/10/2026,10:45, ,gtmsswq_20H100466_030426_050000.bin,San Sebastian,default user,0,51.253,0,33.71,0,5.119,0,83.7,0,6.02,0,18.96,6.39,7.89,0,-58.9,5.83,21.963,0,3.57,0,1.194,1.08,0,4.33
3/10/2026,11:00, ,gtmsswq_20H100466_030426_050000.bin,San Sebastian,default user,0,51.303,0,33.75,0,5.159,0,84.8,0,6.12,0,17.92,6.05,7.9,0,-59.6,5.82,21.82,0,4.21,0,1.199,1.05,0,4.22
3/10/2026,11:15, ,gtmsswq_20H100466_030426_050000.bin,San Sebastian,default user,0,51.351,0,33.79,0,5.195,0,86.8,0,6.28,0,16.97,5.73,7.91,0,-60.1,5.82,21.668,0,3.49,0,1.197,1.03,0,4.13
3/10/2026,11:30, ,gtmsswq_20H100466_030426_050000.bin,San Sebastian,default user,0,51.463,0,33.88,0,5.23,0,85.7,0,6.26,0,16.24,5.49,7.94,0,-61.4,5.82,21.029,0,3.47,0,1.199,0.98,0,3.94
3/10/2026,11:45, ,gtmsswq_20H100466_030426_050000.bin,San Sebastian,default user,0,51.479,0,33.89,0,5.265,0,85.8,0,6.28,0,15.31,5.18,7.94,0,-61.5,5.82,20.948,0,2.78,0,1.2,0.95,0,3.82
3/10/2026,12:00, ,gtmsswq_20H100466_030426_050000.bin,San Sebastian,default user,0,51.493,0,33.9,0,5.308,0,85.8,0,6.29,0,15.92,5.38,7.95,0,-61.9,5.82,20.874,0,3.94,0,1.2,0.91,0,3.68
3/10/2026,12:15, ,gtmsswq_20H100466_030426_050000.bin,San Sebastian,default user,0,51.535,0,33.93,0,5.335,0,85.5,0,6.28,0,15.14,5.12,7.95,0,-62,5.81,20.746,0,3.77,0,1.199,1.07,0,4.3
3/10/2026,12:30, ,gtmsswq_20H100466_030426_050000.bin,San Sebastian,default user,0,51.602,0,33.98,0,5.371,0,88,0,6.49,0,14.22,4.81,7.97,0,-63.2,5.82,20.531,0,4.84,0,1.201,1,0,4.04
3/10/2026,12:45, ,gtmsswq_20H100466_030426_050000.bin,San Sebastian,default user,0,51.682,0,34.04,0,5.399,0,91.2,0,6.74,0,13.25,4.49,8,0,-64.7,5.82,20.33,0,3.28,0,1.192,1.33,0,5.36
3/10/2026,13:00, ,gtmsswq_20H100466_030426_050000.bin,San Sebastian,default user,0,51.761,0,34.1,0,5.412,0,91.6,0,6.81,0,12.85,4.36,8.01,0,-65.4,5.82,19.981,0,4.5,0,1.185,0.91,0,3.66
3/10/2026,13:15, ,gtmsswq_20H100466_030426_050000.bin,San Sebastian,default user,0,51.846,0,34.17,0,5.413,0,92.2,0,6.9,0,11.88,4.03,8.03,0,-66.3,5.81,19.642,0,3.34,0,1.185,0.94,0,3.78
3/10/2026,13:30, ,gtmsswq_20H100466_030426_050000.bin,San Sebastian,default user,0,51.903,0,34.21,0,5.402,0,92.4,0,6.94,0,11.15,3.79,8.03,0,-66.6,5.82,19.425,0,4.06,0,1.197,0.9,0,3.64
3/10/2026,13:45, ,gtmsswq_20H100466_030426_050000.bin,San Sebastian,default user,0,51.924,0,34.22,0,5.393,0,81.9,0,6.15,0,10.79,3.67,7.99,0,-64,5.81,19.399,0,3.49,0,1.191,0.54,0,2.15
3/10/2026,14:00, ,gtmsswq_20H100466_030426_050000.bin,San Sebastian,default user,0,51.913,0,34.22,0,5.362,0,81,0,6.08,0,11.45,3.89,7.98,0,-63.3,5.81,19.455,0,3.34,0,1.187,0.4,0,1.6
3/10/2026,14:15, ,gtmsswq_20H100466_030426_050000.bin,San Sebastian,default user,0,51.722,0,34.07,0,5.333,0,94.8,0,6.97,0,13.12,4.45,8.01,0,-65.4,5.82,20.577,0,5.6,0,1.191,0.91,0,3.65
3/10/2026,14:30, ,gtmsswq_20H100466_030426_050000.bin,San Sebastian,default user,0,51.61,0,33.98,0,5.298,0,95,0,6.93,0,14.43,4.88,7.99,0,-64.4,5.81,21.1,0,3.93,0,1.199,1,0,4.04
3/10/2026,14:45, ,gtmsswq_20H100466_030426_050000.bin,San Sebastian,default user,0,51.518,0,33.91,0,5.252,0,93.9,0,6.8,0,14.96,5.06,7.98,0,-63.7,5.81,21.512,0,3.44,0,1.201,0.81,0,3.26
3/10/2026,15:00, ,gtmsswq_20H100466_030426_050000.bin,San Sebastian,default user,0,51.481,0,33.88,0,5.201,0,91.2,0,6.61,0,15.43,5.22,7.96,0,-63,5.82,21.474,0,3.36,0,1.187,0.77,0,3.12
3/10/2026,15:15, ,gtmsswq_20H100466_030426_050000.bin,San Sebastian,default user,0,51.454,0,33.87,0,5.149,0,90.1,0,6.53,0,15.9,5.37,7.95,0,-62.3,5.82,21.48,0,3.98,0,1.185,1.13,0,4.53
3/10/2026,15:30, ,gtmsswq_20H100466_030426_050000.bin,San Sebastian,default user,0,51.451,0,33.85,0,5.098,0,91.2,0,6.53,0,16.91,5.71,7.94,0,-61.8,5.82,22.167,0,3.49,0,1.195,1.02,0,4.11
3/10/2026,15:45, ,gtmsswq_20H100466_030426_050000.bin,San Sebastian,default user,0,51.382,0,33.8,0,5.049,0,90.9,0,6.51,0,17.23,5.82,7.93,0,-61.4,5.82,22.121,0,4.19,0,1.193,1.07,0,4.32
3/10/2026,16:00, ,gtmsswq_20H100466_030426_050000.bin,San Sebastian,default user,0,51.38,0,33.8,0,4.999,0,92.2,0,6.56,0,17.39,5.87,7.93,0,-61.3,5.82,22.526,0,5.04,0,1.185,1.32,0,5.31
3/10/2026,16:15, ,gtmsswq_20H100466_030426_050000.bin,San Sebastian,default user,0,51.276,0,33.71,0,4.946,0,88.6,0,6.26,0,18.18,6.14,7.89,0,-59.1,5.82,22.982,0,6.25,0,1.192,1.33,0,5.38
3/10/2026,16:30, ,gtmsswq_20H100466_030426_050000.bin,San Sebastian,default user,0,51.259,0,33.69,0,4.892,0,88.7,0,6.22,0,18.65,6.29,7.89,0,-58.8,5.82,23.403,0,6.8,0,1.197,1.1,0,4.44
3/10/2026,16:45, ,gtmsswq_20H100466_030426_050000.bin,San Sebastian,default user,0,51.24,0,33.67,0,4.844,0,88.5,0,6.17,0,19.4,6.54,7.87,0,-58,5.81,23.781,0,5.76,0,1.185,1.21,0,4.89
3/10/2026,17:00, ,gtmsswq_20H100466_030426_050000.bin,San Sebastian,default user,0,51.277,0,33.69,0,4.794,0,89.4,0,6.2,0,18.95,6.39,7.88,0,-58.4,5.82,24.101,0,7.11,0,1.185,1.01,0,4.05
3/10/2026,17:15, ,gtmsswq_20H100466_030426_050000.bin,San Sebastian,default user,0,51.212,0,33.64,0,4.76,0,86.2,0,5.97,0,19.95,6.72,7.85,0,-56.9,5.82,24.218,0,5.79,0,1.19,1.1,0,4.42
3/10/2026,17:30, ,gtmsswq_20H100466_030426_050000.bin,San Sebastian,default user,0,51.216,0,33.65,0,4.717,0,78.9,0,5.45,0,19.65,6.62,7.82,0,-54.9,5.82,24.313,0,5.1,0,1.187,0.59,0,2.38
3/10/2026,17:45, ,gtmsswq_20H100466_030426_050000.bin,San Sebastian,default user,0,51.137,0,33.59,0,4.688,0,80.3,0,5.54,0,21.68,7.3,7.82,0,-54.9,5.82,24.366,0,5.18,0,1.183,0.77,0,3.1
3/10/2026,18:00, ,gtmsswq_20H100466_030426_050000.bin,San Sebastian,default user,0,51.165,0,33.61,0,4.669,0,71.6,0,4.94,0,20.47,6.9,7.78,0,-52.7,5.81,24.373,0,5.51,0,1.197,0.45,0,1.82
3/10/2026,18:15, ,gtmsswq_20H100466_030426_050000.bin,San Sebastian,default user,0,51.184,0,33.62,0,4.654,0,63.6,0,4.39,0,19.91,6.71,7.76,0,-51.7,5.82,24.373,0,4.5,0,1.194,0.61,0,2.46
3/10/2026,18:30, ,gtmsswq_20H100466_030426_050000.bin,San Sebastian,default user,0,51.128,0,33.58,0,4.626,0,51.3,0,3.54,0,21,7.08,7.72,0,-49.1,5.82,24.319,0,5.06,0,1.191,0.57,0,2.3
3/10/2026,18:45, ,gtmsswq_20H100466_030426_050000.bin,San Sebastian,default user,0,51.118,0,33.57,0,4.605,0,68.6,0,4.74,0,20.88,7.03,7.77,0,-51.9,5.82,24.286,0,4.36,0,1.183,0.72,0,2.89
3/10/2026,19:00, ,gtmsswq_20H100466_030426_050000.bin,San Sebastian,default user,0,51.056,0,33.53,0,4.595,0,61.8,0,4.27,0,21.49,7.24,7.74,0,-50.3,5.82,24.25,0,3.35,0,1.188,0.51,0,2.05
3/10/2026,19:15, ,gtmsswq_20H100466_030426_050000.bin,San Sebastian,default user,0,51.033,0,33.51,0,4.589,0,75.2,0,5.2,0,22.46,7.56,7.76,0,-51.5,5.81,24.291,0,3.94,0,1.192,1.11,0,4.45
3/10/2026,19:30, ,gtmsswq_20H100466_030426_050000.bin,San Sebastian,default user,0,51.113,0,33.57,0,4.592,0,59.7,0,4.13,0,20.93,7.05,7.71,0,-48.7,5.82,24.242,0,2.82,0,1.188,0.36,0,1.44
3/10/2026,19:45, ,gtmsswq_20H100466_030426_050000.bin,San Sebastian,default user,0,51.156,0,33.6,0,4.603,0,55.1,0,3.82,0,19.41,6.54,7.71,0,-48.6,5.82,24.137,0,5.94,0,1.188,0.79,0,3.19
3/10/2026,20:00, ,gtmsswq_20H100466_030426_050000.bin,San Sebastian,default user,0,51.185,0,33.63,0,4.615,0,61.8,0,4.29,0,19.27,6.5,7.75,0,-50.7,5.82,24.037,0,2.93,0,1.189,0.75,0,3.02
3/10/2026,20:15, ,gtmsswq_20H100466_030426_050000.bin,San Sebastian,default user,0,51.205,0,33.64,0,4.65,0,58.2,0,4.04,0,19.39,6.54,7.71,0,-48.5,5.82,24.005,0,2.95,0,1.187,0.55,0,2.23
3/10/2026,20:30, ,gtmsswq_20H100466_030426_050000.bin,San Sebastian,default user,0,51.219,0,33.66,0,4.692,0,70.8,0,4.92,0,20.13,6.78,7.8,0,-53.8,5.81,23.934,0,2.7,0,1.182,1.04,0,4.17
3/10/2026,20:45, ,gtmsswq_20H100466_030426_050000.bin,San Sebastian,default user,0,51.209,0,33.65,0,4.733,0,80.3,0,5.6,0,19.91,6.71,7.84,0,-56.1,5.81,23.756,0,3.48,0,1.186,1.56,0,6.3
3/10/2026,21:00, ,gtmsswq_20H100466_030426_050000.bin,San Sebastian,default user,0,51.223,0,33.66,0,4.765,0,83.5,0,5.82,0,20.01,6.74,7.84,0,-56.2,5.82,23.746,0,3.42,0,1.192,1.37,0,5.5
3/10/2026,21:15, ,gtmsswq_20H100466_030426_050000.bin,San Sebastian,default user,0,51.214,0,33.66,0,4.808,0,83.9,0,5.86,0,19.94,6.72,7.85,0,-56.6,5.81,23.644,0,3.63,0,1.198,2.02,0,8.16
3/10/2026,21:30, ,gtmsswq_20H100466_030426_050000.bin,San Sebastian,default user,0,51.227,0,33.67,0,4.859,0,83,0,5.84,0,19.14,6.46,7.86,0,-57.2,5.82,23.249,0,3.06,0,1.191,1.52,0,6.1
3/10/2026,21:45, ,gtmsswq_20H100466_030426_050000.bin,San Sebastian,default user,0,51.283,0,33.72,0,4.9,0,82.9,0,5.87,0,19.12,6.45,7.87,0,-57.9,5.81,22.831,0,2.85,0,1.185,1.15,0,4.64
3/10/2026,22:00, ,gtmsswq_20H100466_030426_050000.bin,San Sebastian,default user,0,51.312,0,33.74,0,4.955,0,84.6,0,6.01,0,18.65,6.29,7.88,0,-58.4,5.81,22.687,0,3.73,0,1.184,1.28,0,5.14
3/10/2026,22:15, ,gtmsswq_20H100466_030426_050000.bin,San Sebastian,default user,0,51.301,0,33.74,0,5.019,0,85.5,0,6.07,0,18.69,6.3,7.89,0,-58.7,5.82,22.674,0,3.6,0,1.182,1.58,0,6.35
3/10/2026,22:30, ,gtmsswq_20H100466_030426_050000.bin,San Sebastian,default user,0,51.304,0,33.74,0,5.084,0,85.5,0,6.08,0,18.58,6.27,7.89,0,-58.7,5.81,22.643,0,3.31,0,1.196,1.45,0,5.83
3/10/2026,22:45, ,gtmsswq_20H100466_030426_050000.bin,San Sebastian,default user,0,51.311,0,33.75,0,5.138,0,87.3,0,6.21,0,18.4,6.21,7.89,0,-59.1,5.81,22.575,0,3.73,0,1.182,1.56,0,6.29
3/10/2026,23:00, ,gtmsswq_20H100466_030426_050000.bin,San Sebastian,default user,0,51.326,0,33.76,0,5.195,0,90,0,6.42,0,18.2,6.14,7.91,0,-60.3,5.81,22.464,0,4.7,0,1.198,1.65,0,6.64
3/10/2026,23:15, ,gtmsswq_20H100466_030426_050000.bin,San Sebastian,default user,0,51.37,0,33.8,0,5.253,0,90.8,0,6.52,0,17.58,5.93,7.93,0,-61.4,5.81,22.006,0,4.57,0,1.198,1.88,0,7.59
3/10/2026,23:30, ,gtmsswq_20H100466_030426_050000.bin,San Sebastian,default user,0,51.435,0,33.85,0,5.312,0,91.4,0,6.57,0,17.09,5.77,7.94,0,-61.8,5.81,21.903,0,4.38,0,1.192,1.77,0,7.11
3/10/2026,23:45, ,gtmsswq_20H100466_030426_050000.bin,San Sebastian,default user,0,51.467,0,33.87,0,5.371,0,91.8,0,6.62,0,16.22,5.48,7.95,0,-62.2,5.81,21.758,0,4.49,0,1.188,1.72,0,6.91
3/11/2026,0:00, ,gtmsswq_20H100466_030426_050000.bin,San Sebastian,default user,0,51.538,0,33.93,0,5.424,0,92.7,0,6.72,0,15.49,5.24,7.96,0,-62.9,5.81,21.434,0,3.98,0,1.189,1.84,0,7.42
3/11/2026,0:15, ,gtmsswq_20H100466_030426_050000.bin,San Sebastian,default user,0,51.696,0,34.05,0,5.465,0,96,0,7.03,0,13.54,4.59,8,0,-65.3,5.8,20.82,0,5.12,0,1.199,1.78,0,7.16
3/11/2026,0:30, ,gtmsswq_20H100466_030426_050000.bin,San Sebastian,default user,0,51.84,0,34.16,0,5.504,0,97.5,0,7.2,0,11.87,4.03,8.03,0,-66.7,5.8,20.34,0,4.56,0,1.2,1.69,0,6.82
3/11/2026,0:45, ,gtmsswq_20H100466_030426_050000.bin,San Sebastian,default user,0,52.044,0,34.31,0,5.542,0,99.1,0,7.38,0,10.32,3.51,8.06,0,-68.5,5.81,19.855,0,4.62,0,1.194,1.57,0,6.32
3/11/2026,1:00, ,gtmsswq_20H100466_030426_050000.bin,San Sebastian,default user,0,52.165,0,34.4,0,5.57,0,99.4,0,7.43,0,9.16,3.13,8.08,0,-69.3,5.8,19.629,0,3.7,0,1.191,1.12,0,4.51
3/11/2026,1:15, ,gtmsswq_20H100466_030426_050000.bin,San Sebastian,default user,0,52.231,0,34.45,0,5.59,0,99.7,0,7.48,0,8.45,2.89,8.09,0,-70,5.8,19.411,0,4.11,0,1.191,0.99,0,3.97
3/11/2026,1:30, ,gtmsswq_20H100466_030426_050000.bin,San Sebastian,default user,0,52.265,0,34.48,0,5.596,0,99.4,0,7.48,0,8.17,2.8,8.09,0,-70.2,5.8,19.206,0,3.88,0,1.187,0.99,0,4
3/11/2026,1:45, ,gtmsswq_20H100466_030426_050000.bin,San Sebastian,default user,0,52.293,0,34.5,0,5.595,0,98.8,0,7.45,0,7.99,2.74,8.1,0,-70.2,5.8,19.1,0,3.46,0,1.186,0.99,0,4.01
3/11/2026,2:00, ,gtmsswq_20H100466_030426_050000.bin,San Sebastian,default user,0,52.317,0,34.51,0,5.584,0,97.9,0,7.4,0,7.32,2.51,8.1,0,-70.4,5.8,18.997,0,3.2,0,1.195,0.67,0,2.7
3/11/2026,2:15, ,gtmsswq_20H100466_030426_050000.bin,San Sebastian,default user,0,52.32,0,34.52,0,5.57,0,94.3,0,7.12,0,7.09,2.44,8.09,0,-69.7,5.79,18.997,0,3.03,0,1.199,0.57,0,2.3
3/11/2026,2:30, ,gtmsswq_20H100466_030426_050000.bin,San Sebastian,default user,0,52.327,0,34.52,0,5.539,0,86.9,0,6.57,0,7.53,2.58,8.04,0,-66.9,5.8,18.98,0,2.45,0,1.197,0.37,0,1.48
3/11/2026,2:45, ,gtmsswq_20H100466_030426_050000.bin,San Sebastian,default user,0,52.16,0,34.4,0,5.507,0,94.9,0,7.1,0,9.75,3.32,8.06,0,-68.4,5.79,19.573,0,3.72,0,1.188,0.91,0,3.65
3/11/2026,3:00, ,gtmsswq_20H100466_030426_050000.bin,San Sebastian,default user,0,51.994,0,34.27,0,5.475,0,95.8,0,7.11,0,11.75,3.99,8.04,0,-67.5,5.79,20.086,0,6.05,0,1.186,1.16,0,4.68
3/11/2026,3:15, ,gtmsswq_20H100466_030426_050000.bin,San Sebastian,default user,0,51.89,0,34.2,0,5.441,0,92.5,0,6.83,0,12.08,4.1,8.02,0,-66,5.8,20.322,0,3.99,0,1.2,0.86,0,3.47
3/11/2026,3:30, ,gtmsswq_20H100466_030426_050000.bin,San Sebastian,default user,0,51.816,0,34.14,0,5.398,0,90.4,0,6.66,0,12.99,4.4,8,0,-64.9,5.8,20.526,0,3.22,0,1.191,0.86,0,3.46
3/11/2026,3:45, ,gtmsswq_20H100466_030426_050000.bin,San Sebastian,default user,0,51.709,0,34.06,0,5.353,0,89.3,0,6.54,0,14.18,4.8,7.98,0,-63.9,5.8,20.854,0,3.34,0,1.185,0.98,0,3.94
3/11/2026,4:00, ,gtmsswq_20H100466_030426_050000.bin,San Sebastian,default user,0,51.651,0,34.01,0,5.303,0,85.7,0,6.26,0,14.76,4.99,7.95,0,-62.3,5.8,21.04,0,4.86,0,1.188,0.89,0,3.58
3/11/2026,4:15, ,gtmsswq_20H100466_030426_050000.bin,San Sebastian,default user,0,51.577,0,33.96,0,5.254,0,82.9,0,6.03,0,16.19,5.47,7.93,0,-60.9,5.79,21.234,0,4.18,0,1.185,1.04,0,4.2
3/11/2026,4:30, ,gtmsswq_20H100466_030426_050000.bin,San Sebastian,default user,0,51.507,0,33.9,0,5.211,0,82.6,0,5.99,0,16.85,5.69,7.92,0,-60.3,5.79,21.453,0,4.26,0,1.187,0.9,0,3.61
3/11/2026,4:45, ,gtmsswq_20H100466_030426_050000.bin,San Sebastian,default user,0,51.41,0,33.83,0,5.181,0,79.6,0,5.74,0,17.94,6.05,7.89,0,-58.6,5.8,21.769,0,4.73,0,1.186,0.85,0,3.43
3/11/2026,5:00, ,gtmsswq_20H100466_030426_050000.bin,San Sebastian,default user,0,51.345,0,33.78,0,5.132,0,80,0,5.75,0,18.71,6.31,7.88,0,-58.4,5.79,22.011,0,4.11,0,1.185,0.91,0,3.65
3/11/2026,5:15, ,gtmsswq_20H100466_030426_050000.bin,San Sebastian,default user,0,51.31,0,33.75,0,5.082,0,79.1,0,5.67,0,19.42,6.55,7.87,0,-57.6,5.79,22.156,0,4.96,0,1.197,1,0,4.04
3/11/2026,5:30, ,gtmsswq_20H100466_030426_050000.bin,San Sebastian,default user,0,51.291,0,33.74,0,5.024,0,75.7,0,5.42,0,19.61,6.61,7.85,0,-56.3,5.8,22.223,0,4.39,0,1.199,0.93,0,3.73
3/11/2026,5:45, ,gtmsswq_20H100466_030426_050000.bin,San Sebastian,default user,0,51.248,0,33.7,0,4.969,0,75.7,0,5.4,0,20.11,6.78,7.84,0,-55.7,5.79,22.437,0,4.59,0,1.196,0.88,0,3.54
3/11/2026,6:00, ,gtmsswq_20H100466_030426_050000.bin,San Sebastian,default user,0,51.245,0,33.7,0,4.912,0,74.9,0,5.33,0,20.93,7.05,7.83,0,-55.2,5.8,22.556,0,6.41,0,1.187,0.87,0,3.5
3/11/2026,6:15, ,gtmsswq_20H100466_030426_050000.bin,San Sebastian,default user,0,51.178,0,33.64,0,4.864,0,74.4,0,5.27,0,21.78,7.33,7.81,0,-54.4,5.81,22.902,0,6.05,0,1.184,0.88,0,3.54
3/11/2026,6:30, ,gtmsswq_20H100466_030426_050000.bin,San Sebastian,default user,0,51.159,0,33.63,0,4.819,0,72.2,0,5.11,0,21.93,7.38,7.8,0,-53.4,5.8,22.922,0,6.3,0,1.193,0.94,0,3.8
3/11/2026,6:45, ,gtmsswq_20H100466_030426_050000.bin,San Sebastian,default user,0,51.127,0,33.6,0,4.782,0,72.7,0,5.14,0,22.07,7.43,7.8,0,-53.4,5.8,22.979,0,7.02,0,1.199,1.02,0,4.12
3/11/2026,7:00, ,gtmsswq_20H100466_030426_050000.bin,San Sebastian,default user,0,51.09,0,33.57,0,4.746,0,70.4,0,4.96,0,22.93,7.72,7.77,0,-52.2,5.8,23.156,0,5.06,0,1.194,0.82,0,3.29
3/11/2026,7:15, ,gtmsswq_20H100466_030426_050000.bin,San Sebastian,default user,0,51.051,0,33.54,0,4.708,0,68.9,0,4.85,0,23.55,7.92,7.76,0,-51.6,5.79,23.224,0,5.87,0,1.183,0.82,0,3.31
3/11/2026,7:30, ,gtmsswq_20H100466_030426_050000.bin,San Sebastian,default user,0,51.014,0,33.52,0,4.686,0,65.2,0,4.59,0,23.94,8.05,7.74,0,-50.4,5.79,23.309,0,5.52,0,1.184,0.72,0,2.88
3/11/2026,7:45, ,gtmsswq_20H100466_030426_050000.bin,San Sebastian,default user,0,50.992,0,33.5,0,4.664,0,63.2,0,4.44,0,24.04,8.09,7.73,0,-49.4,5.8,23.356,0,5.88,0,1.184,0.81,0,3.26
3/11/2026,8:00, ,gtmsswq_20H100466_030426_050000.bin,San Sebastian,default user,0,50.969,0,33.48,0,4.642,0,60.1,0,4.22,0,24.67,8.3,7.72,0,-48.8,5.79,23.453,0,6.56,0,1.196,0.59,0,2.38
3/11/2026,8:15, ,gtmsswq_20H100466_030426_050000.bin,San Sebastian,default user,0,50.959,0,33.47,0,4.634,0,54.5,0,3.82,0,23.11,7.78,7.69,0,-47.1,5.8,23.454,0,5.2,0,1.191,0.47,0,1.89
3/11/2026,8:30, ,gtmsswq_20H100466_030426_050000.bin,San Sebastian,default user,0,51.03,0,33.53,0,4.645,0,60,0,4.21,0,21.83,7.35,7.73,0,-49.6,5.79,23.352,0,4.36,0,1.187,0.72,0,2.9
3/11/2026,8:45, ,gtmsswq_20H100466_030426_050000.bin,San Sebastian,default user,0,51.097,0,33.58,0,4.654,0,46,0,3.24,0,20.88,7.04,7.67,0,-46.3,5.79,23.158,0,4.12,0,1.189,0.67,0,2.7
3/11/2026,9:00, ,gtmsswq_20H100466_030426_050000.bin,San Sebastian,default user,0,51.145,0,33.62,0,4.667,0,58.8,0,4.15,0,20.34,6.85,7.73,0,-49.3,5.8,23.099,0,3.53,0,1.191,0.75,0,3
3/11/2026,9:15, ,gtmsswq_20H100466_030426_050000.bin,San Sebastian,default user,0,51.206,0,33.66,0,4.694,0,70.1,0,4.94,0,20.47,6.9,7.78,0,-52.8,5.79,23.148,0,3.75,0,1.191,0.99,0,3.97
3/11/2026,9:30, ,gtmsswq_20H100466_030426_050000.bin,San Sebastian,default user,0,51.232,0,33.68,0,4.715,0,75.5,0,5.34,0,20.58,6.93,7.83,0,-55.3,5.8,22.957,0,3.27,0,1.19,1.01,0,4.07
3/11/2026,9:45, ,gtmsswq_20H100466_030426_050000.bin,San Sebastian,default user,0,51.235,0,33.69,0,4.746,0,75.9,0,5.37,0,20.32,6.85,7.83,0,-55.5,5.79,22.892,0,3.23,0,1.191,0.71,0,2.85
3/11/2026,10:00, ,gtmsswq_20H100466_030426_050000.bin,San Sebastian,default user,0,51.244,0,33.69,0,4.779,0,75.9,0,5.37,0,20.58,6.94,7.83,0,-55.6,5.79,22.907,0,3.03,0,1.188,0.81,0,3.25
3/11/2026,10:15, ,gtmsswq_20H100466_030426_050000.bin,San Sebastian,default user,0,51.25,0,33.69,0,4.815,0,75.7,0,5.35,0,20.01,6.74,7.81,0,-54.5,5.8,22.964,0,3.84,0,1.189,0.9,0,3.61
3/11/2026,10:30, ,gtmsswq_20H100466_030426_050000.bin,San Sebastian,default user,0,51.238,0,33.69,0,4.862,0,79.4,0,5.61,0,20.42,6.88,7.84,0,-55.9,5.79,23.007,0,3.92,0,1.188,0.89,0,3.58
3/11/2026,10:45, ,gtmsswq_20H100466_030426_050000.bin,San Sebastian,default user,0,51.246,0,33.69,0,4.905,0,78.8,0,5.57,0,19.66,6.63,7.84,0,-56.1,5.8,22.89,0,2.97,0,1.189,0.82,0,3.31
3/11/2026,11:00, ,gtmsswq_20H100466_030426_050000.bin,San Sebastian,default user,0,51.262,0,33.71,0,4.95,0,80.9,0,5.74,0,20.03,6.75,7.85,0,-56.8,5.79,22.742,0,3.66,0,1.194,0.99,0,3.97
3/11/2026,11:15, ,gtmsswq_20H100466_030426_050000.bin,San Sebastian,default user,0,51.304,0,33.74,0,4.994,0,79.4,0,5.66,0,19.24,6.49,7.86,0,-57.4,5.79,22.439,0,3.81,0,1.184,0.79,0,3.17
3/11/2026,11:30, ,gtmsswq_20H100466_030426_050000.bin,San Sebastian,default user,0,51.306,0,33.74,0,5.039,0,81.6,0,5.82,0,19.44,6.55,7.87,0,-57.7,5.8,22.43,0,3.72,0,1.189,0.92,0,3.7
3/11/2026,11:45, ,gtmsswq_20H100466_030426_050000.bin,San Sebastian,default user,0,51.336,0,33.77,0,5.088,0,85.6,0,6.1,0,18.27,6.16,7.89,0,-59,5.79,22.422,0,3.61,0,1.191,1.13,0,4.57
3/11/2026,12:00, ,gtmsswq_20H100466_030426_050000.bin,San Sebastian,default user,0,51.398,0,33.82,0,5.126,0,87.5,0,6.26,0,17.63,5.95,7.91,0,-59.9,5.8,22.225,0,3.62,0,1.197,1.22,0,4.9
3/11/2026,12:15, ,gtmsswq_20H100466_030426_050000.bin,San Sebastian,default user,0,51.422,0,33.83,0,5.174,0,86.4,0,6.2,0,17.58,5.93,7.91,0,-60,5.79,22.098,0,3.59,0,1.198,1.1,0,4.45
3/11/2026,12:30, ,gtmsswq_20H100466_030426_050000.bin,San Sebastian,default user,0,51.497,0,33.89,0,5.217,0,88.7,0,6.38,0,16.86,5.69,7.93,0,-61.1,5.79,21.878,0,3.56,0,1.196,1.03,0,4.16
3/11/2026,12:45, ,gtmsswq_20H100466_030426_050000.bin,San Sebastian,default user,0,51.543,0,33.93,0,5.24,0,87,0,6.3,0,16.1,5.44,7.93,0,-61.3,5.79,21.555,0,3.76,0,1.196,0.85,0,3.42
3/11/2026,13:00, ,gtmsswq_20H100466_030426_050000.bin,San Sebastian,default user,0,51.597,0,33.97,0,5.272,0,86.3,0,6.27,0,15.3,5.17,7.94,0,-61.6,5.78,21.315,0,3.4,0,1.196,0.93,0,3.73
3/11/2026,13:15, ,gtmsswq_20H100466_030426_050000.bin,San Sebastian,default user,0,51.631,0,34,0,5.294,0,86.6,0,6.3,0,15.01,5.08,7.95,0,-62,5.79,21.233,0,3.96,0,1.185,1.03,0,4.14
3/11/2026,13:30, ,gtmsswq_20H100466_030426_050000.bin,San Sebastian,default user,0,51.658,0,34.02,0,5.318,0,87.8,0,6.39,0,14.66,4.96,7.96,0,-62.6,5.78,21.181,0,3.49,0,1.182,1.06,0,4.26
3/11/2026,13:45, ,gtmsswq_20H100466_030426_050000.bin,San Sebastian,default user,0,51.704,0,34.05,0,5.331,0,89.5,0,6.53,0,13.79,4.67,7.97,0,-63.3,5.78,21.076,0,3.19,0,1.194,1.08,0,4.33
3/11/2026,14:00, ,gtmsswq_20H100466_030426_050000.bin,San Sebastian,default user,0,51.75,0,34.09,0,5.33,0,89.7,0,6.55,0,13.5,4.58,7.98,0,-63.6,5.79,21.004,0,2.97,0,1.192,1.11,0,4.45
3/11/2026,14:15, ,gtmsswq_20H100466_030426_050000.bin,San Sebastian,default user,0,51.781,0,34.11,0,5.322,0,87.5,0,6.4,0,12.88,4.37,7.97,0,-63.1,5.78,20.945,0,3.07,0,1.196,0.96,0,3.87
3/11/2026,14:30, ,gtmsswq_20H100466_030426_050000.bin,San Sebastian,default user,0,51.815,0,34.14,0,5.306,0,74.4,0,5.44,0,11.88,4.03,7.89,0,-58.8,5.79,20.853,0,2.58,0,1.191,0.33,0,1.33
3/11/2026,14:45, ,gtmsswq_20H100466_030426_050000.bin,San Sebastian,default user,0,51.767,0,34.1,0,5.29,0,89.4,0,6.53,0,13.11,4.44,7.98,0,-63.9,5.78,21.007,0,3.64,0,1.191,1.1,0,4.42
3/11/2026,15:00, ,gtmsswq_20H100466_030426_050000.bin,San Sebastian,default user,0,51.678,0,34.03,0,5.268,0,92.2,0,6.69,0,14.11,4.78,7.98,0,-63.7,5.78,21.379,0,4.77,0,1.197,1.01,0,4.07
3/11/2026,15:15, ,gtmsswq_20H100466_030426_050000.bin,San Sebastian,default user,0,51.613,0,33.98,0,5.236,0,94.3,0,6.78,0,15.39,5.2,7.97,0,-63.3,5.79,21.935,0,5.35,0,1.194,1.29,0,5.19
3/11/2026,15:30, ,gtmsswq_20H100466_030426_050000.bin,San Sebastian,default user,0,51.55,0,33.93,0,5.19,0,93.1,0,6.66,0,15.97,5.4,7.95,0,-62.5,5.78,22.154,0,3.56,0,1.188,0.92,0,3.7
3/11/2026,15:45, ,gtmsswq_20H100466_030426_050000.bin,San Sebastian,default user,0,51.524,0,33.91,0,5.141,0,92.6,0,6.62,0,16.49,5.57,7.94,0,-62,5.79,22.305,0,4.77,0,1.189,1.22,0,4.91
3/11/2026,16:00, ,gtmsswq_20H100466_030426_050000.bin,San Sebastian,default user,0,51.501,0,33.89,0,5.088,0,91.4,0,6.5,0,16.88,5.7,7.93,0,-61.3,5.78,22.51,0,3.58,0,1.191,1.21,0,4.89
3/11/2026,16:15, ,gtmsswq_20H100466_030426_050000.bin,San Sebastian,default user,0,51.436,0,33.84,0,5.052,0,90.6,0,6.44,0,17.38,5.87,7.92,0,-60.6,5.78,22.616,0,5.15,0,1.189,1.2,0,4.82
3/11/2026,16:30, ,gtmsswq_20H100466_030426_050000.bin,San Sebastian,default user,0,51.384,0,33.8,0,5.009,0,89.9,0,6.36,0,18.18,6.13,7.9,0,-59.8,5.79,22.856,0,4.75,0,1.19,1.28,0,5.15
3/11/2026,16:45, ,gtmsswq_20H100466_030426_050000.bin,San Sebastian,default user,0,51.353,0,33.77,0,4.954,0,89.6,0,6.3,0,18.4,6.21,7.9,0,-59.3,5.78,23.247,0,4.73,0,1.187,1.22,0,4.92
3/11/2026,17:00, ,gtmsswq_20H100466_030426_050000.bin,San Sebastian,default user,0,51.332,0,33.74,0,4.911,0,89.6,0,6.26,0,18.72,6.31,7.89,0,-58.8,5.79,23.613,0,7.84,0,1.188,1.22,0,4.93
3/11/2026,17:15, ,gtmsswq_20H100466_030426_050000.bin,San Sebastian,default user,0,51.332,0,33.74,0,4.879,0,87.1,0,6.06,0,18.94,6.39,7.87,0,-58.1,5.78,23.804,0,6.28,0,1.185,1.34,0,5.4
3/11/2026,17:30, ,gtmsswq_20H100466_030426_050000.bin,San Sebastian,default user,0,51.311,0,33.72,0,4.839,0,87.1,0,6.04,0,19.74,6.66,7.86,0,-57.7,5.78,24.043,0,5.32,0,1.191,1.29,0,5.19
3/11/2026,17:45, ,gtmsswq_20H100466_030426_050000.bin,San Sebastian,default user,0,51.298,0,33.71,0,4.798,0,86.2,0,5.96,0,19.78,6.67,7.86,0,-57.1,5.79,24.224,0,5.46,0,1.196,1.19,0,4.8
3/11/2026,18:00, ,gtmsswq_20H100466_030426_050000.bin,San Sebastian,default user,0,51.318,0,33.72,0,4.753,0,83.8,0,5.78,0,19.91,6.71,7.85,0,-57,5.78,24.375,0,5.44,0,1.183,1.08,0,4.34
3/11/2026,18:15, ,gtmsswq_20H100466_030426_050000.bin,San Sebastian,default user,0,51.306,0,33.71,0,4.724,0,83.9,0,5.78,0,20.63,6.95,7.84,0,-56.5,5.79,24.456,0,6.06,0,1.192,1.3,0,5.23
3/11/2026,18:30, ,gtmsswq_20H100466_030426_050000.bin,San Sebastian,default user,0,51.294,0,33.7,0,4.692,0,82.8,0,5.69,0,21.27,7.17,7.84,0,-56,5.78,24.511,0,5.73,0,1.193,0.91,0,3.66
3/11/2026,18:45, ,gtmsswq_20H100466_030426_050000.bin,San Sebastian,default user,0,51.291,0,33.7,0,4.651,0,80.7,0,5.55,0,20.82,7.01,7.83,0,-55.5,5.79,24.534,0,4.91,0,1.195,1.09,0,4.38
3/11/2026,19:00, ,gtmsswq_20H100466_030426_050000.bin,San Sebastian,default user,0,51.2,0,33.63,0,4.605,0,79.6,0,5.48,0,21.47,7.23,7.81,0,-54.7,5.79,24.531,0,5.52,0,1.198,1.25,0,5.04
3/11/2026,19:15, ,gtmsswq_20H100466_030426_050000.bin,San Sebastian,default user,0,51.242,0,33.66,0,4.573,0,76.8,0,5.29,0,21.24,7.15,7.8,0,-54,5.78,24.485,0,5.39,0,1.192,1.12,0,4.51
3/11/2026,19:30, ,gtmsswq_20H100466_030426_050000.bin,San Sebastian,default user,0,51.258,0,33.67,0,4.548,0,77.4,0,5.33,0,21.22,7.15,7.8,0,-54.2,5.78,24.508,0,4.31,0,1.186,1.04,0,4.17
3/11/2026,19:45, ,gtmsswq_20H100466_030426_050000.bin,San Sebastian,default user,0,51.079,0,33.54,0,4.525,0,73.1,0,5.03,0,24.01,8.08,7.76,0,-51.8,5.79,24.595,0,5.56,0,1.186,0.83,0,3.36
3/11/2026,20:00, ,gtmsswq_20H100466_030426_050000.bin,San Sebastian,default user,0,51.057,0,33.52,0,4.521,0,73.7,0,5.06,0,24.07,8.1,7.76,0,-51.6,5.79,24.631,0,5.58,0,1.182,1.3,0,5.23
3/11/2026,20:15, ,gtmsswq_20H100466_030426_050000.bin,San Sebastian,default user,0,51.206,0,33.63,0,4.522,0,78.6,0,5.41,0,21.74,7.32,7.8,0,-54,5.78,24.557,0,6.41,0,1.187,1.37,0,5.5
3/11/2026,20:30, ,gtmsswq_20H100466_030426_050000.bin,San Sebastian,default user,0,51.175,0,33.61,0,4.528,0,72.7,0,5,0,22.81,7.68,7.8,0,-54,5.78,24.546,0,5.26,0,1.193,1.28,0,5.15
3/11/2026,20:45, ,gtmsswq_20H100466_030426_050000.bin,San Sebastian,default user,0,51.211,0,33.64,0,4.538,0,76.9,0,5.29,0,21.99,7.4,7.81,0,-54.7,5.79,24.538,0,3.48,0,1.199,1.16,0,4.67
3/11/2026,21:00, ,gtmsswq_20H100466_030426_050000.bin,San Sebastian,default user,0,51.244,0,33.66,0,4.567,0,54.7,0,3.76,0,20.78,7,7.68,0,-47,5.78,24.519,0,2.75,0,1.193,0.56,0,2.25
3/11/2026,21:15, ,gtmsswq_20H100466_030426_050000.bin,San Sebastian,default user,0,51.265,0,33.68,0,4.611,0,45.4,0,3.12,0,20.53,6.92,7.68,0,-46.7,5.78,24.509,0,3.05,0,1.187,0.43,0,1.73
3/11/2026,21:30, ,gtmsswq_20H100466_030426_050000.bin,San Sebastian,default user,0,51.289,0,33.7,0,4.649,0,80.7,0,5.55,0,21.2,7.14,7.82,0,-55.3,5.78,24.505,0,3.55,0,1.197,1.58,0,6.36
3/11/2026,21:45, ,gtmsswq_20H100466_030426_050000.bin,San Sebastian,default user,0,51.313,0,33.72,0,4.698,0,84.9,0,5.86,0,21.17,7.13,7.85,0,-56.7,5.78,24.345,0,3.56,0,1.198,1.98,0,7.97
3/11/2026,22:00, ,gtmsswq_20H100466_030426_050000.bin,San Sebastian,default user,0,51.284,0,33.7,0,4.737,0,83.8,0,5.8,0,20.82,7.01,7.83,0,-55.9,5.79,24.143,0,3.9,0,1.198,1.82,0,7.33
3/11/2026,22:15, ,gtmsswq_20H100466_030426_050000.bin,San Sebastian,default user,0,51.285,0,33.7,0,4.781,0,85.9,0,5.95,0,20.96,7.06,7.85,0,-56.8,5.78,24.079,0,3.82,0,1.194,1.52,0,6.13
3/11/2026,22:30, ,gtmsswq_20H100466_030426_050000.bin,San Sebastian,default user,0,51.277,0,33.7,0,4.822,0,85.8,0,5.96,0,20.52,6.91,7.86,0,-57.1,5.78,24.001,0,3.91,0,1.196,2.08,0,8.38
3/11/2026,22:45, ,gtmsswq_20H100466_030426_050000.bin,San Sebastian,default user,0,51.309,0,33.73,0,4.868,0,86.6,0,6.03,0,19.94,6.72,7.86,0,-57.5,5.78,23.757,0,3.56,0,1.199,1.85,0,7.44
3/11/2026,23:00, ,gtmsswq_20H100466_030426_050000.bin,San Sebastian,default user,0,51.306,0,33.72,0,4.922,0,86.3,0,6.02,0,19.96,6.73,7.87,0,-57.6,5.78,23.71,0,3.97,0,1.191,1.89,0,7.62
3/11/2026,23:15, ,gtmsswq_20H100466_030426_050000.bin,San Sebastian,default user,0,51.325,0,33.74,0,4.968,0,86.5,0,6.05,0,19.71,6.64,7.87,0,-57.9,5.78,23.521,0,3.38,0,1.185,1.91,0,7.71
3/11/2026,23:30, ,gtmsswq_20H100466_030426_050000.bin,San Sebastian,default user,0,51.389,0,33.8,0,5.014,0,85.5,0,6.03,0,19.06,6.43,7.88,0,-58.5,5.77,23.025,0,5.42,0,1.187,1.63,0,6.55
3/11/2026,23:45, ,gtmsswq_20H100466_030426_050000.bin,San Sebastian,default user,0,51.367,0,33.78,0,5.057,0,86.4,0,6.09,0,19.14,6.46,7.88,0,-58.6,5.78,23.072,0,3.13,0,1.191,1.76,0,7.08
3/12/2026,0:00, ,gtmsswq_20H100466_030426_050000.bin,San Sebastian,default user,0,51.324,0,33.75,0,5.108,0,88.8,0,6.25,0,19.53,6.58,7.88,0,-58.7,5.78,23.164,0,3.91,0,1.191,2,0,8.04
3/12/2026,0:15, ,gtmsswq_20H100466_030426_050000.bin,San Sebastian,default user,0,51.328,0,33.75,0,5.15,0,89.3,0,6.32,0,18.79,6.34,7.9,0,-59.8,5.78,22.859,0,3.8,0,1.195,1.94,0,7.83
3/12/2026,0:30, ,gtmsswq_20H100466_030426_050000.bin,San Sebastian,default user,0,51.369,0,33.79,0,5.198,0,89.2,0,6.33,0,18.6,6.27,7.91,0,-59.9,5.78,22.747,0,4.16,0,1.199,1.97,0,7.95
3/12/2026,0:45, ,gtmsswq_20H100466_030426_050000.bin,San Sebastian,default user,0,51.408,0,33.82,0,5.246,0,89.4,0,6.34,0,17.88,6.03,7.91,0,-60.1,5.77,22.708,0,3.75,0,1.195,1.82,0,7.33
3/12/2026,1:00, ,gtmsswq_20H100466_030426_050000.bin,San Sebastian,default user,0,51.468,0,33.86,0,5.288,0,90.3,0,6.43,0,17.4,5.87,7.92,0,-60.8,5.77,22.505,0,4.03,0,1.19,1.93,0,7.78
3/12/2026,1:15, ,gtmsswq_20H100466_030426_050000.bin,San Sebastian,default user,0,51.551,0,33.93,0,5.332,0,92,0,6.59,0,16.41,5.54,7.94,0,-61.9,5.78,22.152,0,4.05,0,1.183,1.91,0,7.69
3/12/2026,1:30, ,gtmsswq_20H100466_030426_050000.bin,San Sebastian,default user,0,51.683,0,34.03,0,5.362,0,94.2,0,6.8,0,15.02,5.08,7.98,0,-63.7,5.77,21.602,0,3.71,0,1.184,1.9,0,7.64
3/12/2026,1:45, ,gtmsswq_20H100466_030426_050000.bin,San Sebastian,default user,0,51.774,0,34.1,0,5.384,0,95,0,6.92,0,13.86,4.69,8,0,-64.9,5.78,21.129,0,3.86,0,1.186,1.71,0,6.9
3/12/2026,2:00, ,gtmsswq_20H100466_030426_050000.bin,San Sebastian,default user,0,51.9,0,34.2,0,5.402,0,95.2,0,7.03,0,12.36,4.19,8.02,0,-66.2,5.77,20.35,0,4.58,0,1.191,1.83,0,7.39
3/12/2026,2:15, ,gtmsswq_20H100466_030426_050000.bin,San Sebastian,default user,0,51.992,0,34.27,0,5.412,0,95.7,0,7.14,0,11.63,3.95,8.04,0,-67,5.77,19.746,0,4.9,0,1.194,2.01,0,8.08
3/12/2026,2:30, ,gtmsswq_20H100466_030426_050000.bin,San Sebastian,default user,0,52.089,0,34.35,0,5.424,0,95.4,0,7.21,0,10.75,3.66,8.06,0,-67.9,5.78,19.079,0,5.03,0,1.191,2.16,0,8.71
3/12/2026,2:45, ,gtmsswq_20H100466_030426_050000.bin,San Sebastian,default user,0,52.154,0,34.39,0,5.418,0,94.3,0,7.18,0,10.34,3.52,8.06,0,-68.3,5.76,18.591,0,5.01,0,1.197,1.81,0,7.31
3/12/2026,3:00, ,gtmsswq_20H100466_030426_050000.bin,San Sebastian,default user,0,52.189,0,34.42,0,5.413,0,92.8,0,7.11,0,9.52,3.25,8.07,0,-68.4,5.76,18.276,0,4.33,0,1.192,2.31,0,9.31
3/12/2026,3:15, ,gtmsswq_20H100466_030426_050000.bin,San Sebastian,default user,0,52.228,0,34.44,0,5.403,0,91.5,0,7.05,0,9.64,3.29,8.07,0,-68.6,5.76,18.009,0,3.57,0,1.189,1.66,0,6.69
3/12/2026,3:30, ,gtmsswq_20H100466_030426_050000.bin,San Sebastian,default user,0,52.237,0,34.45,0,5.38,0,82.7,0,6.37,0,9.74,3.32,8.05,0,-67.2,5.76,18.007,0,3.65,0,1.185,0.87,0,3.49
3/12/2026,3:45, ,gtmsswq_20H100466_030426_050000.bin,San Sebastian,default user,0,52.24,0,34.45,0,5.358,0,71,0,5.46,0,9.55,3.26,7.98,0,-63.5,5.77,18.013,0,2.91,0,1.194,0.62,0,2.51
3/12/2026,4:00, ,gtmsswq_20H100466_030426_050000.bin,San Sebastian,default user,0,52.235,0,34.45,0,5.332,0,78.9,0,6.08,0,9.32,3.18,8.02,0,-65.8,5.76,18.021,0,3.14,0,1.198,0.9,0,3.61
3/12/2026,4:15, ,gtmsswq_20H100466_030426_050000.bin,San Sebastian,default user,0,52.191,0,34.42,0,5.3,0,79.8,0,5.97,0,12.85,4.36,7.98,0,-63.8,5.76,19.545,0,4,0,1.192,1.7,0,6.83
3/12/2026,4:30, ,gtmsswq_20H100466_030426_050000.bin,San Sebastian,default user,0,51.87,0,34.18,0,5.271,0,88.3,0,6.53,0,12.22,4.15,8,0,-64.7,5.76,20.278,0,5.44,0,1.187,1.47,0,5.94
3/12/2026,4:45, ,gtmsswq_20H100466_030426_050000.bin,San Sebastian,default user,0,51.635,0,34,0,5.239,0,86.2,0,6.22,0,16.33,5.52,7.94,0,-61.9,5.76,21.728,0,5.24,0,1.185,1.45,0,5.83
3/12/2026,5:00, ,gtmsswq_20H100466_030426_050000.bin,San Sebastian,default user,0,51.526,0,33.91,0,5.203,0,84.5,0,6.06,0,17.49,5.9,7.92,0,-60.5,5.77,22.095,0,3.52,0,1.184,1.22,0,4.92
3/12/2026,5:15, ,gtmsswq_20H100466_030426_050000.bin,San Sebastian,default user,0,51.473,0,33.87,0,5.166,0,80.5,0,5.76,0,17.58,5.93,7.89,0,-58.8,5.76,22.215,0,4.26,0,1.183,1.21,0,4.86
3/12/2026,5:30, ,gtmsswq_20H100466_030426_050000.bin,San Sebastian,default user,0,51.438,0,33.84,0,5.125,0,76.9,0,5.5,0,18.22,6.15,7.87,0,-57.6,5.77,22.263,0,4.21,0,1.197,1.15,0,4.64
3/12/2026,5:45, ,gtmsswq_20H100466_030426_050000.bin,San Sebastian,default user,0,51.406,0,33.82,0,5.079,0,77,0,5.5,0,18.93,6.39,7.86,0,-57.1,5.76,22.393,0,4.52,0,1.185,1,0,4.04
3/12/2026,6:00, ,gtmsswq_20H100466_030426_050000.bin,San Sebastian,default user,0,51.35,0,33.78,0,5.026,0,77.2,0,5.49,0,19.93,6.72,7.85,0,-56.5,5.76,22.573,0,4.69,0,1.185,1.16,0,4.66
3/12/2026,6:15, ,gtmsswq_20H100466_030426_050000.bin,San Sebastian,default user,0,51.311,0,33.74,0,4.96,0,75.9,0,5.38,0,20.77,7,7.83,0,-55.7,5.77,22.756,0,6.63,0,1.197,1.22,0,4.91
3/12/2026,6:30, ,gtmsswq_20H100466_030426_050000.bin,San Sebastian,default user,0,51.27,0,33.71,0,4.903,0,75.1,0,5.31,0,21.54,7.26,7.82,0,-55,5.77,23.001,0,6.66,0,1.2,1.3,0,5.22
3/12/2026,6:45, ,gtmsswq_20H100466_030426_050000.bin,San Sebastian,default user,0,51.28,0,33.72,0,4.86,0,74.2,0,5.23,0,21.69,7.31,7.81,0,-54.5,5.77,23.126,0,5.88,0,1.192,1.24,0,4.98
3/12/2026,7:00, ,gtmsswq_20H100466_030426_050000.bin,San Sebastian,default user,0,51.228,0,33.67,0,4.812,0,73,0,5.14,0,22.56,7.6,7.8,0,-53.8,5.76,23.226,0,6.64,0,1.184,1.27,0,5.13
3/12/2026,7:15, ,gtmsswq_20H100466_030426_050000.bin,San Sebastian,default user,0,51.197,0,33.65,0,4.758,0,73.5,0,5.16,0,22.53,7.58,7.8,0,-53.6,5.77,23.417,0,7.4,0,1.188,1.14,0,4.59
3/12/2026,7:30, ,gtmsswq_20H100466_030426_050000.bin,San Sebastian,default user,0,51.177,0,33.63,0,4.708,0,71.6,0,5.01,0,23.27,7.83,7.78,0,-52.7,5.77,23.526,0,7,0,1.182,0.98,0,3.95
3/12/2026,7:45, ,gtmsswq_20H100466_030426_050000.bin,San Sebastian,default user,0,51.165,0,33.62,0,4.676,0,70.4,0,4.93,0,23.7,7.97,7.77,0,-52.2,5.76,23.548,0,5.73,0,1.19,1.1,0,4.43
3/12/2026,8:00, ,gtmsswq_20H100466_030426_050000.bin,San Sebastian,default user,0,51.124,0,33.59,0,4.63,0,70,0,4.88,0,23.99,8.07,7.77,0,-51.8,5.77,23.716,0,5.93,0,1.198,0.97,0,3.92
3/12/2026,8:15, ,gtmsswq_20H100466_030426_050000.bin,San Sebastian,default user,0,51.093,0,33.56,0,4.6,0,69.1,0,4.82,0,24.57,8.26,7.76,0,-51.3,5.76,23.847,0,7.11,0,1.2,0.75,0,3.03
3/12/2026,8:30, ,gtmsswq_20H100466_030426_050000.bin,San Sebastian,default user,0,51.088,0,33.56,0,4.565,0,64,0,4.47,0,23.33,7.85,7.73,0,-49.9,5.76,23.748,0,5.51,0,1.195,0.72,0,2.91
3/12/2026,8:45, ,gtmsswq_20H100466_030426_050000.bin,San Sebastian,default user,0,51.077,0,33.55,0,4.534,0,64,0,4.47,0,23.9,8.04,7.73,0,-49.5,5.77,23.738,0,6.35,0,1.185,0.7,0,2.81
3/12/2026,9:00, ,gtmsswq_20H100466_030426_050000.bin,San Sebastian,default user,0,51.058,0,33.54,0,4.515,0,60.1,0,4.19,0,24.25,8.16,7.7,0,-48.2,5.76,23.826,0,6.45,0,1.184,0.81,0,3.26
3/12/2026,9:15, ,gtmsswq_20H100466_030426_050000.bin,San Sebastian,default user,0,51.051,0,33.53,0,4.499,0,46.4,0,3.23,0,22.99,7.74,7.66,0,-45.8,5.77,23.86,0,13.27,0,1.19,1.26,0,5.08
3/12/2026,9:30, ,gtmsswq_20H100466_030426_050000.bin,San Sebastian,default user,0,51.042,0,33.53,0,4.491,0,50.5,0,3.51,0,24.17,8.13,7.67,0,-46.2,5.76,23.886,0,6.82,0,1.201,0.66,0,2.67
3/12/2026,9:45, ,gtmsswq_20H100466_030426_050000.bin,San Sebastian,default user,0,51.076,0,33.55,0,4.489,0,72.4,0,5.04,0,24.28,8.17,7.76,0,-51.7,5.77,23.874,0,11.37,0,1.192,1.45,0,5.85
3/12/2026,10:00, ,gtmsswq_20H100466_030426_050000.bin,San Sebastian,default user,0,51.119,0,33.58,0,4.494,0,39.4,0,2.75,0,22.32,7.51,7.62,0,-43.5,5.76,23.807,0,4.88,0,1.184,0.44,0,1.75
3/12/2026,10:15, ,gtmsswq_20H100466_030426_050000.bin,San Sebastian,default user,0,51.174,0,33.62,0,4.507,0,35.7,0,2.49,0,21.16,7.13,7.61,0,-42.8,5.76,23.811,0,4.54,0,1.187,0.42,0,1.69
3/12/2026,10:30, ,gtmsswq_20H100466_030426_050000.bin,San Sebastian,default user,0,51.213,0,33.65,0,4.544,0,41,0,2.85,0,21.18,7.13,7.63,0,-43.5,5.76,23.826,0,5.53,0,1.201,0.56,0,2.24
3/12/2026,10:45, ,gtmsswq_20H100466_030426_050000.bin,San Sebastian,default user,0,51.247,0,33.68,0,4.576,0,68.3,0,4.75,0,20.75,6.99,7.76,0,-51.4,5.77,23.864,0,4.31,0,1.2,0.79,0,3.2
3/12/2026,11:00, ,gtmsswq_20H100466_030426_050000.bin,San Sebastian,default user,0,51.375,0,33.77,0,4.603,0,73.4,0,5.09,0,21.7,7.31,7.81,0,-54.7,5.76,24.015,0,3.94,0,1.19,1.03,0,4.14
3/12/2026,11:15, ,gtmsswq_20H100466_030426_050000.bin,San Sebastian,default user,0,51.344,0,33.75,0,4.645,0,74.7,0,5.19,0,21.44,7.22,7.81,0,-54.5,5.76,23.955,0,3.72,0,1.191,0.93,0,3.76
3/12/2026,11:30, ,gtmsswq_20H100466_030426_050000.bin,San Sebastian,default user,0,51.318,0,33.73,0,4.694,0,76.9,0,5.36,0,21.29,7.17,7.82,0,-54.8,5.76,23.771,0,3.79,0,1.191,0.99,0,4
3/12/2026,11:45, ,gtmsswq_20H100466_030426_050000.bin,San Sebastian,default user,0,51.317,0,33.73,0,4.749,0,79.4,0,5.54,0,20.89,7.04,7.83,0,-55.5,5.76,23.69,0,3.75,0,1.183,1.06,0,4.28
3/12/2026,12:00, ,gtmsswq_20H100466_030426_050000.bin,San Sebastian,default user,0,51.348,0,33.76,0,4.825,0,80.9,0,5.69,0,20.77,7,7.85,0,-56.7,5.76,23.181,0,5.38,0,1.197,1.41,0,5.69
3/12/2026,12:15, ,gtmsswq_20H100466_030426_050000.bin,San Sebastian,default user,0,51.371,0,33.78,0,4.887,0,82.2,0,5.8,0,20.94,7.06,7.86,0,-57,5.76,23.054,0,5.37,0,1.195,1.43,0,5.78
3/12/2026,12:30, ,gtmsswq_20H100466_030426_050000.bin,San Sebastian,default user,0,51.3,0,33.73,0,4.991,0,83,0,5.85,0,20.55,6.92,7.86,0,-57.2,5.76,23.054,0,5.22,0,1.188,1.48,0,5.98
3/12/2026,12:45, ,gtmsswq_20H100466_030426_050000.bin,San Sebastian,default user,0,51.368,0,33.79,0,5.051,0,85.6,0,6.09,0,19.03,6.42,7.89,0,-58.9,5.76,22.515,0,5.81,0,1.185,1.66,0,6.7
3/12/2026,13:00, ,gtmsswq_20H100466_030426_050000.bin,San Sebastian,default user,0,51.424,0,33.83,0,5.061,0,88.2,0,6.29,0,19.25,6.49,7.91,0,-60.1,5.76,22.41,0,5.19,0,1.199,1.79,0,7.22
3/12/2026,13:15, ,gtmsswq_20H100466_030426_050000.bin,San Sebastian,default user,0,51.477,0,33.88,0,5.094,0,89.3,0,6.4,0,17.82,6.01,7.93,0,-60.9,5.76,22.099,0,4.79,0,1.198,1.82,0,7.35
3/12/2026,13:30, ,gtmsswq_20H100466_030426_050000.bin,San Sebastian,default user,0,51.535,0,33.92,0,5.133,0,88.7,0,6.38,0,17.96,6.06,7.93,0,-61.2,5.76,21.934,0,5.02,0,1.2,1.92,0,7.74
3/12/2026,13:45, ,gtmsswq_20H100466_030426_050000.bin,San Sebastian,default user,0,51.528,0,33.92,0,5.159,0,86.9,0,6.26,0,18.02,6.08,7.93,0,-60.8,5.75,21.854,0,4.3,0,1.197,1.82,0,7.33
3/12/2026,14:00, ,gtmsswq_20H100466_030426_050000.bin,San Sebastian,default user,0,51.572,0,33.95,0,5.158,0,86.5,0,6.24,0,16.64,5.62,7.93,0,-61.1,5.76,21.682,0,4.25,0,1.193,1.61,0,6.49
3/12/2026,14:15, ,gtmsswq_20H100466_030426_050000.bin,San Sebastian,default user,0,51.587,0,33.96,0,5.185,0,86.9,0,6.28,0,16.71,5.64,7.94,0,-61.4,5.76,21.594,0,4.03,0,1.184,1.77,0,7.12
3/12/2026,14:30, ,gtmsswq_20H100466_030426_050000.bin,San Sebastian,default user,0,51.62,0,33.99,0,5.178,0,88,0,6.38,0,15.59,5.27,7.94,0,-61.8,5.75,21.423,0,4.82,0,1.183,2.01,0,8.11
3/12/2026,14:45, ,gtmsswq_20H100466_030426_050000.bin,San Sebastian,default user,0,51.64,0,34,0,5.178,0,86.1,0,6.25,0,15.54,5.25,7.94,0,-61.8,5.75,21.332,0,3.07,0,1.185,1.56,0,6.29
3/12/2026,15:00, ,gtmsswq_20H100466_030426_050000.bin,San Sebastian,default user,0,51.685,0,34.04,0,5.161,0,83.7,0,6.1,0,15.33,5.18,7.94,0,-61.7,5.75,21.106,0,3.04,0,1.185,1.21,0,4.86
3/12/2026,15:15, ,gtmsswq_20H100466_030426_050000.bin,San Sebastian,default user,0,51.708,0,34.06,0,5.133,0,70.3,0,5.13,0,14.07,4.76,7.87,0,-57.5,5.75,21.043,0,3.55,0,1.197,0.57,0,2.31
3/12/2026,15:30, ,gtmsswq_20H100466_030426_050000.bin,San Sebastian,default user,0,51.658,0,34.02,0,5.121,0,76.6,0,5.57,0,15.04,5.09,7.89,0,-58.8,5.75,21.251,0,3.12,0,1.197,0.58,0,2.32
3/12/2026,15:45, ,gtmsswq_20H100466_030426_050000.bin,San Sebastian,default user,0,51.572,0,33.95,0,5.112,0,80.9,0,5.85,0,16.59,5.6,7.89,0,-58.5,5.75,21.588,0,3.19,0,1.185,1.18,0,4.74
3/12/2026,16:00, ,gtmsswq_20H100466_030426_050000.bin,San Sebastian,default user,0,51.52,0,33.91,0,5.1,0,62.2,0,4.48,0,16.1,5.44,7.82,0,-54.6,5.75,21.769,0,2.23,0,1.188,0.4,0,1.63
3/12/2026,16:15, ,gtmsswq_20H100466_030426_050000.bin,San Sebastian,default user,0,51.557,0,33.94,0,5.092,0,76.3,0,5.51,0,15.69,5.3,7.88,0,-58.3,5.75,21.621,0,3.51,0,1.2,0.9,0,3.61
3/12/2026,16:30, ,gtmsswq_20H100466_030426_050000.bin,San Sebastian,default user,0,51.488,0,33.88,0,5.055,0,83.9,0,6.02,0,17.17,5.8,7.9,0,-59.7,5.75,21.972,0,3.51,0,1.191,1.37,0,5.53
3/12/2026,16:45, ,gtmsswq_20H100466_030426_050000.bin,San Sebastian,default user,0,51.45,0,33.85,0,5.023,0,78.6,0,5.63,0,17.23,5.82,7.88,0,-58,5.76,22.138,0,2.82,0,1.183,0.82,0,3.29
3/12/2026,17:00, ,gtmsswq_20H100466_030426_050000.bin,San Sebastian,default user,0,51.389,0,33.81,0,4.959,0,87.2,0,6.22,0,18.18,6.13,7.91,0,-60.1,5.75,22.366,0,4.73,0,1.191,1.61,0,6.48
3/12/2026,17:15, ,gtmsswq_20H100466_030426_050000.bin,San Sebastian,default user,0,51.332,0,33.76,0,4.916,0,83.8,0,5.96,0,18.67,6.3,7.89,0,-58.8,5.75,22.593,0,6.67,0,1.191,1.28,0,5.15
3/12/2026,17:30, ,gtmsswq_20H100466_030426_050000.bin,San Sebastian,default user,0,51.268,0,33.71,0,4.905,0,85.6,0,6.07,0,19.84,6.69,7.89,0,-58.9,5.75,22.771,0,5.05,0,1.191,1.83,0,7.37
3/12/2026,17:45, ,gtmsswq_20H100466_030426_050000.bin,San Sebastian,default user,0,51.28,0,33.72,0,4.892,0,84.6,0,5.99,0,20.07,6.76,7.88,0,-58.1,5.75,22.83,0,4.77,0,1.195,1.39,0,5.6
3/12/2026,18:00, ,gtmsswq_20H100466_030426_050000.bin,San Sebastian,default user,0,51.255,0,33.7,0,4.84,0,82.7,0,5.85,0,19.91,6.71,7.87,0,-57.5,5.75,22.963,0,4.92,0,1.195,1.54,0,6.21
3/12/2026,18:15, ,gtmsswq_20H100466_030426_050000.bin,San Sebastian,default user,0,51.227,0,33.68,0,4.806,0,81.4,0,5.75,0,20.4,6.87,7.85,0,-56.7,5.75,23.063,0,4.77,0,1.193,1.43,0,5.77
3/12/2026,18:30, ,gtmsswq_20H100466_030426_050000.bin,San Sebastian,default user,0,51.192,0,33.65,0,4.757,0,81.7,0,5.75,0,21.17,7.13,7.85,0,-56.7,5.76,23.189,0,7.44,0,1.194,1.94,0,7.8
3/12/2026,18:45, ,gtmsswq_20H100466_030426_050000.bin,San Sebastian,default user,0,51.124,0,33.6,0,4.732,0,80,0,5.63,0,21.91,7.38,7.84,0,-56.2,5.75,23.259,0,5.97,0,1.194,1.76,0,7.09
3/12/2026,19:00, ,gtmsswq_20H100466_030426_050000.bin,San Sebastian,default user,0,51.14,0,33.61,0,4.716,0,79.3,0,5.57,0,22.2,7.47,7.83,0,-55.7,5.75,23.348,0,5.31,0,1.185,1.66,0,6.7
3/12/2026,19:15, ,gtmsswq_20H100466_030426_050000.bin,San Sebastian,default user,0,51.153,0,33.61,0,4.686,0,75.6,0,5.29,0,22.47,7.56,7.81,0,-54.2,5.76,23.528,0,3.79,0,1.184,1.11,0,4.49
3/12/2026,19:30, ,gtmsswq_20H100466_030426_050000.bin,San Sebastian,default user,0,51.126,0,33.59,0,4.655,0,77.6,0,5.44,0,21.84,7.35,7.82,0,-55.1,5.75,23.512,0,4.63,0,1.196,1.61,0,6.48
3/12/2026,19:45, ,gtmsswq_20H100466_030426_050000.bin,San Sebastian,default user,0,51.092,0,33.57,0,4.625,0,71.6,0,5.01,0,23.09,7.77,7.79,0,-53.1,5.76,23.573,0,4.98,0,1.194,1.12,0,4.51
3/12/2026,20:00, ,gtmsswq_20H100466_030426_050000.bin,San Sebastian,default user,0,51.097,0,33.57,0,4.577,0,72.8,0,5.08,0,23.77,8,7.78,0,-52.8,5.75,23.755,0,3.64,0,1.191,0.92,0,3.71
3/12/2026,20:15, ,gtmsswq_20H100466_030426_050000.bin,San Sebastian,default user,0,51.08,0,33.55,0,4.56,0,72.9,0,5.07,0,23.95,8.06,7.78,0,-52.5,5.75,23.891,0,4.69,0,1.187,1.46,0,5.89
3/12/2026,20:30, ,gtmsswq_20H100466_030426_050000.bin,San Sebastian,default user,0,51.027,0,33.52,0,4.549,0,70.9,0,4.94,0,24.71,8.31,7.76,0,-51.7,5.76,23.846,0,4.95,0,1.182,1.46,0,5.87
3/12/2026,20:45, ,gtmsswq_20H100466_030426_050000.bin,San Sebastian,default user,0,51.019,0,33.51,0,4.534,0,72.1,0,5.02,0,25.11,8.44,7.76,0,-51.7,5.75,23.889,0,4.91,0,1.191,1.47,0,5.93
3/12/2026,21:00, ,gtmsswq_20H100466_030426_050000.bin,San Sebastian,default user,0,50.96,0,33.46,0,4.52,0,70.6,0,4.91,0,25.89,8.7,7.75,0,-50.7,5.75,23.982,0,5.5,0,1.192,1.56,0,6.28
3/12/2026,21:15, ,gtmsswq_20H100466_030426_050000.bin,San Sebastian,default user,0,51.013,0,33.51,0,4.643,0,59.8,0,4.17,0,23.58,7.94,7.72,0,-49,5.75,23.821,0,7.04,0,1.187,1.28,0,5.14
3/12/2026,21:30, ,gtmsswq_20H100466_030426_050000.bin,San Sebastian,default user,0,51.259,0,33.69,0,4.812,0,81.5,0,5.67,0,21.98,7.4,7.84,0,-56.2,5.75,23.828,0,4.7,0,1.187,2,0,8.07
3/12/2026,21:45, ,gtmsswq_20H100466_030426_050000.bin,San Sebastian,default user,0,51.242,0,33.68,0,4.812,0,82.8,0,5.79,0,22.16,7.46,7.85,0,-56.4,5.76,23.57,0,3.97,0,1.185,2.18,0,8.77
3/12/2026,22:00, ,gtmsswq_20H100466_030426_050000.bin,San Sebastian,default user,0,51.225,0,33.68,0,4.797,0,84,0,5.94,0,21.25,7.16,7.87,0,-57.7,5.75,22.947,0,5.32,0,1.184,2.28,0,9.19
3/12/2026,22:15, ,gtmsswq_20H100466_030426_050000.bin,San Sebastian,default user,0,51.21,0,33.67,0,4.769,0,84.4,0,5.98,0,21.58,7.27,7.87,0,-57.5,5.75,22.857,0,5.54,0,1.185,2.18,0,8.77
3/12/2026,22:30, ,gtmsswq_20H100466_030426_050000.bin,San Sebastian,default user,0,51.231,0,33.68,0,4.809,0,85.1,0,6.04,0,21.12,7.11,7.87,0,-57.8,5.74,22.769,0,5.93,0,1.194,2.28,0,9.18
3/12/2026,22:45, ,gtmsswq_20H100466_030426_050000.bin,San Sebastian,default user,0,51.249,0,33.7,0,4.893,0,85.2,0,6.05,0,21.12,7.11,7.87,0,-58,5.75,22.626,0,5.62,0,1.194,2.1,0,8.47
3/12/2026,23:00, ,gtmsswq_20H100466_030426_050000.bin,San Sebastian,default user,0,51.348,0,33.78,0,4.949,0,84.3,0,6.01,0,20.02,6.75,7.88,0,-58.4,5.75,22.452,0,6.26,0,1.186,1.98,0,7.99
3/12/2026,23:15, ,gtmsswq_20H100466_030426_050000.bin,San Sebastian,default user,0,51.391,0,33.81,0,5.022,0,85.1,0,6.1,0,19.02,6.41,7.89,0,-59,5.74,22.112,0,5.32,0,1.185,1.94,0,7.8
3/12/2026,23:30, ,gtmsswq_20H100466_030426_050000.bin,San Sebastian,default user,0,51.465,0,33.87,0,5.088,0,86.5,0,6.25,0,18.04,6.09,7.92,0,-60.3,5.75,21.713,0,5.85,0,1.185,2.11,0,8.49
3/12/2026,23:45, ,gtmsswq_20H100466_030426_050000.bin,San Sebastian,default user,0,51.502,0,33.9,0,5.144,0,85.7,0,6.21,0,17.61,5.95,7.92,0,-60.5,5.74,21.488,0,5.57,0,1.192,2.05,0,8.26
3/13/2026,0:00, ,gtmsswq_20H100466_030426_050000.bin,San Sebastian,default user,0,51.586,0,33.96,0,5.198,0,85.7,0,6.23,0,16.96,5.73,7.93,0,-61,5.74,21.257,0,5.67,0,1.188,2.08,0,8.39
3/13/2026,0:15, ,gtmsswq_20H100466_030426_050000.bin,San Sebastian,default user,0,51.561,0,33.95,0,5.237,0,85.7,0,6.23,0,16.72,5.65,7.93,0,-60.9,5.75,21.334,0,5.72,0,1.19,2.26,0,9.11
3/13/2026,0:30, ,gtmsswq_20H100466_030426_050000.bin,San Sebastian,default user,0,51.607,0,33.98,0,5.293,0,87.5,0,6.38,0,16.39,5.54,7.94,0,-61.7,5.74,21.098,0,6.32,0,1.187,2.27,0,9.15
3/13/2026,0:45, ,gtmsswq_20H100466_030426_050000.bin,San Sebastian,default user,0,51.671,0,34.03,0,5.35,0,88.8,0,6.52,0,15.25,5.16,7.96,0,-62.7,5.74,20.686,0,6.68,0,1.191,2.44,0,9.84
3/13/2026,1:00, ,gtmsswq_20H100466_030426_050000.bin,San Sebastian,default user,0,51.738,0,34.08,0,5.428,0,91.1,0,6.74,0,13.98,4.74,7.98,0,-64,5.75,20.329,0,6.32,0,1.196,2.73,0,11.02
3/13/2026,1:15, ,gtmsswq_20H100466_030426_050000.bin,San Sebastian,default user,0,51.773,0,34.11,0,5.502,0,92.2,0,6.85,0,14.19,4.81,8,0,-64.8,5.73,20.038,0,8.09,0,1.189,3.16,0,12.73
3/13/2026,1:30, ,gtmsswq_20H100466_030426_050000.bin,San Sebastian,default user,0,52.015,0,34.29,0,5.587,0,93.8,0,7.15,0,11.38,3.87,8.05,0,-67.5,5.74,18.572,0,10.93,0,1.194,3.48,0,14.03
3/13/2026,1:45, ,gtmsswq_20H100466_030426_050000.bin,San Sebastian,default user,0,52.21,0,34.43,0,5.65,0,95,0,7.38,0,9.65,3.29,8.09,0,-69.3,5.74,17.56,0,12.09,0,1.196,3.91,0,15.77
3/13/2026,2:00, ,gtmsswq_20H100466_030426_050000.bin,San Sebastian,default user,0,52.345,0,34.52,0,5.683,0,95.6,0,7.53,0,8.67,2.96,8.11,0,-70.5,5.73,16.809,0,11.45,0,1.195,3.46,0,13.96
3/13/2026,2:15, ,gtmsswq_20H100466_030426_050000.bin,San Sebastian,default user,0,52.42,0,34.57,0,5.711,0,95.8,0,7.59,0,8.18,2.8,8.12,0,-71.1,5.73,16.485,0,11.22,0,1.195,3.98,0,16.06
3/13/2026,2:30, ,gtmsswq_20H100466_030426_050000.bin,San Sebastian,default user,0,52.484,0,34.61,0,5.747,0,95.7,0,7.62,0,7.54,2.59,8.13,0,-71.4,5.73,16.196,0,12.87,0,1.196,3.75,0,15.1
3/13/2026,2:45, ,gtmsswq_20H100466_030426_050000.bin,San Sebastian,default user,0,52.52,0,34.63,0,5.783,0,95.9,0,7.66,0,7.83,2.68,8.13,0,-71.5,5.72,16.051,0,13.19,0,1.185,3.24,0,13.06
3/13/2026,3:00, ,gtmsswq_20H100466_030426_050000.bin,San Sebastian,default user,0,52.548,0,34.65,0,5.83,0,96.1,0,7.69,0,7.77,2.66,8.13,0,-71.6,5.72,15.94,0,15.44,0,1.184,3.18,0,12.81
3/13/2026,3:15, ,gtmsswq_20H100466_030426_050000.bin,San Sebastian,default user,0,52.565,0,34.66,0,5.859,0,95.7,0,7.67,0,7.67,2.63,8.14,0,-71.8,5.73,15.871,0,14.76,0,1.188,3.35,0,13.52
3/13/2026,3:30, ,gtmsswq_20H100466_030426_050000.bin,San Sebastian,default user,0,52.573,0,34.67,0,5.908,0,96.2,0,7.71,0,7.49,2.57,8.14,0,-71.8,5.72,15.836,0,15.86,0,1.192,3.21,0,12.95
3/13/2026,3:45, ,gtmsswq_20H100466_030426_050000.bin,San Sebastian,default user,0,52.595,0,34.68,0,5.941,0,96.3,0,7.74,0,7.41,2.54,8.14,0,-71.9,5.72,15.752,0,17.44,0,1.191,3.57,0,14.4
3/13/2026,4:00, ,gtmsswq_20H100466_030426_050000.bin,San Sebastian,default user,0,52.612,0,34.69,0,5.959,0,96.4,0,7.75,0,7.52,2.58,8.14,0,-72,5.72,15.703,0,15.65,0,1.191,3.65,0,14.72
3/13/2026,4:15, ,gtmsswq_20H100466_030426_050000.bin,San Sebastian,default user,0,52.619,0,34.7,0,5.961,0,96,0,7.72,0,7.25,2.49,8.14,0,-72.1,5.71,15.677,0,12.64,0,1.185,3.43,0,13.84
3/13/2026,4:30, ,gtmsswq_20H100466_030426_050000.bin,San Sebastian,default user,0,52.616,0,34.7,0,5.974,0,96,0,7.73,0,7.6,2.61,8.14,0,-72.1,5.71,15.667,0,14.37,0,1.184,3.6,0,14.49
3/13/2026,4:45, ,gtmsswq_20H100466_030426_050000.bin,San Sebastian,default user,0,52.621,0,34.7,0,5.984,0,96,0,7.72,0,7.36,2.53,8.14,0,-72.1,5.72,15.652,0,12.88,0,1.183,3.38,0,13.61
3/13/2026,5:00, ,gtmsswq_20H100466_030426_050000.bin,San Sebastian,default user,0,52.616,0,34.7,0,5.975,0,94.8,0,7.63,0,7.75,2.66,8.13,0,-71.7,5.72,15.647,0,9.19,0,1.182,2.69,0,10.84
3/13/2026,5:15, ,gtmsswq_20H100466_030426_050000.bin,San Sebastian,default user,0,52.616,0,34.7,0,5.96,0,90.8,0,7.31,0,7.69,2.64,8.12,0,-71,5.72,15.647,0,7.54,0,1.183,2.26,0,9.12
3/13/2026,5:30, ,gtmsswq_20H100466_030426_050000.bin,San Sebastian,default user,0,52.615,0,34.7,0,5.911,0,80.4,0,6.47,0,7.77,2.66,8.07,0,-68.2,5.71,15.659,0,8.05,0,1.198,1.42,0,5.74
3/13/2026,5:45, ,gtmsswq_20H100466_030426_050000.bin,San Sebastian,default user,0,52.608,0,34.69,0,5.841,0,95.6,0,7.69,0,7.54,2.59,8.14,0,-71.8,5.71,15.689,0,12.1,0,1.192,3.23,0,13.02
3/13/2026,6:00, ,gtmsswq_20H100466_030426_050000.bin,San Sebastian,default user,0,52.559,0,34.66,0,5.776,0,93.3,0,7.48,0,8.37,2.86,8.12,0,-70.7,5.72,15.827,0,8.82,0,1.191,2.67,0,10.76
3/13/2026,6:15, ,gtmsswq_20H100466_030426_050000.bin,San Sebastian,default user,0,52.472,0,34.6,0,5.718,0,91.4,0,7.27,0,9.37,3.2,8.09,0,-69.4,5.72,16.273,0,9.36,0,1.189,2.13,0,8.58
3/13/2026,6:30, ,gtmsswq_20H100466_030426_050000.bin,San Sebastian,default user,0,52.403,0,34.56,0,5.658,0,90,0,7.12,0,10.95,3.72,8.07,0,-68.3,5.72,16.512,0,7.22,0,1.191,2.38,0,9.58
3/13/2026,6:45, ,gtmsswq_20H100466_030426_050000.bin,San Sebastian,default user,0,52.348,0,34.52,0,5.598,0,90,0,7.09,0,11.58,3.93,8.07,0,-68,5.71,16.764,0,8.88,0,1.19,2.77,0,11.17
3/13/2026,7:00, ,gtmsswq_20H100466_030426_050000.bin,San Sebastian,default user,0,52.223,0,34.43,0,5.534,0,88.6,0,6.95,0,11.61,3.94,8.05,0,-67.4,5.72,16.998,0,8.24,0,1.189,2.44,0,9.84
3/13/2026,7:15, ,gtmsswq_20H100466_030426_050000.bin,San Sebastian,default user,0,52.126,0,34.36,0,5.475,0,87.8,0,6.84,0,12.49,4.24,8.04,0,-66.4,5.72,17.45,0,8.73,0,1.188,2.02,0,8.12
3/13/2026,7:30, ,gtmsswq_20H100466_030426_050000.bin,San Sebastian,default user,0,52.019,0,34.29,0,5.429,0,87,0,6.72,0,13.49,4.57,8.02,0,-65.6,5.72,17.889,0,8.87,0,1.191,1.77,0,7.13
3/13/2026,7:45, ,gtmsswq_20H100466_030426_050000.bin,San Sebastian,default user,0,52.006,0,34.28,0,5.389,0,87.5,0,6.7,0,14.25,4.82,8.02,0,-65.5,5.72,18.328,0,8.82,0,1.184,2.09,0,8.41
3/13/2026,8:00, ,gtmsswq_20H100466_030426_050000.bin,San Sebastian,default user,0,51.926,0,34.22,0,5.331,0,86.8,0,6.65,0,14.21,4.81,8.01,0,-65.1,5.71,18.383,0,9.85,0,1.19,2.15,0,8.65
3/13/2026,8:15, ,gtmsswq_20H100466_030426_050000.bin,San Sebastian,default user,0,51.696,0,34.06,0,5.282,0,83.8,0,6.31,0,16.96,5.73,7.96,0,-62.6,5.72,19.356,0,8.35,0,1.198,1.64,0,6.61
3/13/2026,8:30, ,gtmsswq_20H100466_030426_050000.bin,San Sebastian,default user,0,51.704,0,34.06,0,5.224,0,83.6,0,6.26,0,17.59,5.94,7.95,0,-62,5.72,19.581,0,9.33,0,1.193,1.87,0,7.53
3/13/2026,8:45, ,gtmsswq_20H100466_030426_050000.bin,San Sebastian,default user,0,51.589,0,33.98,0,5.174,0,82.8,0,6.17,0,18.77,6.33,7.94,0,-61.3,5.72,19.903,0,10.48,0,1.187,1.47,0,5.91
3/13/2026,9:00, ,gtmsswq_20H100466_030426_050000.bin,San Sebastian,default user,0,51.488,0,33.9,0,5.129,0,80.3,0,5.96,0,20.02,6.75,7.91,0,-59.8,5.72,20.154,0,9.06,0,1.191,1.31,0,5.27
3/13/2026,9:15, ,gtmsswq_20H100466_030426_050000.bin,San Sebastian,default user,0,51.426,0,33.85,0,5.098,0,79.3,0,5.86,0,20.77,7,7.89,0,-58.7,5.72,20.354,0,9.3,0,1.189,1.2,0,4.84
3/13/2026,9:30, ,gtmsswq_20H100466_030426_050000.bin,San Sebastian,default user,0,51.35,0,33.8,0,5.091,0,77.8,0,5.74,0,21.39,7.2,7.88,0,-57.7,5.72,20.526,0,6.9,0,1.188,1.17,0,4.72
3/13/2026,9:45, ,gtmsswq_20H100466_030426_050000.bin,San Sebastian,default user,0,51.58,0,33.97,0,5.082,0,81.1,0,6.1,0,17.33,5.85,7.94,0,-61.2,5.73,19.428,0,6.17,0,1.184,1.17,0,4.7
3/13/2026,10:00, ,gtmsswq_20H100466_030426_050000.bin,San Sebastian,default user,0,51.821,0,34.15,0,5.068,0,61,0,4.65,0,15.82,5.35,7.88,0,-57.8,5.73,18.692,0,7.26,0,1.183,0.5,0,2
3/13/2026,10:15, ,gtmsswq_20H100466_030426_050000.bin,San Sebastian,default user,0,51.876,0,34.19,0,5.047,0,59.8,0,4.57,0,14.76,4.99,7.87,0,-57.2,5.72,18.526,0,3.63,0,1.197,0.7,0,2.81
3/13/2026,10:30, ,gtmsswq_20H100466_030426_050000.bin,San Sebastian,default user,0,51.878,0,34.19,0,5.035,0,48,0,3.66,0,14.32,4.85,7.83,0,-55,5.71,18.527,0,4.72,0,1.198,0.45,0,1.79
3/13/2026,10:45, ,gtmsswq_20H100466_030426_050000.bin,San Sebastian,default user,0,51.881,0,34.19,0,5.026,0,44.1,0,3.37,0,14.1,4.77,7.82,0,-53.9,5.72,18.518,0,5.08,0,1.197,0.55,0,2.22
3/13/2026,11:00, ,gtmsswq_20H100466_030426_050000.bin,San Sebastian,default user,0,51.884,0,34.19,0,5.036,0,43.6,0,3.33,0,13.42,4.55,7.8,0,-53,5.73,18.524,0,9.36,0,1.2,0.74,0,2.96
3/13/2026,11:15, ,gtmsswq_20H100466_030426_050000.bin,San Sebastian,default user,0,51.893,0,34.2,0,5.044,0,35.6,0,2.72,0,14.04,4.75,7.76,0,-50.9,5.72,18.528,0,5.37,0,1.185,0.66,0,2.66
3/13/2026,11:30, ,gtmsswq_20H100466_030426_050000.bin,San Sebastian,default user,0,51.919,0,34.22,0,5.065,0,68.3,0,5.21,0,13.63,4.62,7.92,0,-60.2,5.72,18.545,0,4.01,0,1.191,3.35,0,13.51
3/13/2026,11:45, ,gtmsswq_20H100466_030426_050000.bin,San Sebastian,default user,0,51.936,0,34.23,0,5.073,0,62.3,0,4.75,0,13.09,4.44,7.88,0,-57.6,5.71,18.553,0,4.4,0,1.2,0.59,0,2.38
3/13/2026,12:00, ,gtmsswq_20H100466_030426_050000.bin,San Sebastian,default user,0,51.945,0,34.24,0,5.086,0,49.2,0,3.76,0,13.02,4.42,7.84,0,-55.3,5.71,18.555,0,4.84,0,1.196,0.93,0,3.74
3/13/2026,12:15, ,gtmsswq_20H100466_030426_050000.bin,San Sebastian,default user,0,51.889,0,34.2,0,5.121,0,82.8,0,6.3,0,14.12,4.78,7.99,0,-64.3,5.72,18.738,0,4.59,0,1.194,1.8,0,7.25
3/13/2026,12:30, ,gtmsswq_20H100466_030426_050000.bin,San Sebastian,default user,0,52.004,0,34.28,0,5.143,0,83.6,0,6.41,0,12.78,4.33,8.02,0,-65.7,5.71,18.259,0,6.11,0,1.193,1.41,0,5.69
3/13/2026,12:45, ,gtmsswq_20H100466_030426_050000.bin,San Sebastian,default user,0,52.038,0,34.31,0,5.164,0,85.5,0,6.57,0,12.64,4.29,8.03,0,-66.1,5.72,18.162,0,4.41,0,1.191,1.45,0,5.83
3/13/2026,13:00, ,gtmsswq_20H100466_030426_050000.bin,San Sebastian,default user,0,52.038,0,34.3,0,5.215,0,86.8,0,6.67,0,12.87,4.36,8.03,0,-66.3,5.71,18.187,0,5.16,0,1.192,1.71,0,6.88
3/13/2026,13:15, ,gtmsswq_20H100466_030426_050000.bin,San Sebastian,default user,0,52.034,0,34.3,0,5.233,0,86.9,0,6.68,0,12.86,4.36,8.04,0,-66.5,5.71,18.167,0,3.58,0,1.19,1.64,0,6.59
3/13/2026,13:30, ,gtmsswq_20H100466_030426_050000.bin,San Sebastian,default user,0,52.046,0,34.31,0,5.279,0,86.6,0,6.66,0,13.24,4.49,8.04,0,-66.5,5.72,18.105,0,4.52,0,1.191,1.69,0,6.8
3/13/2026,13:45, ,gtmsswq_20H100466_030426_050000.bin,San Sebastian,default user,0,52.002,0,34.28,0,5.318,0,91.3,0,7.01,0,13.28,4.5,8.05,0,-67.2,5.71,18.216,0,5.39,0,1.188,2.17,0,8.75
3/13/2026,14:00, ,gtmsswq_20H100466_030426_050000.bin,San Sebastian,default user,0,52.077,0,34.33,0,5.341,0,89.3,0,6.89,0,12.63,4.28,8.05,0,-67.3,5.71,17.938,0,4.53,0,1.189,1.41,0,5.68
3/13/2026,14:15, ,gtmsswq_20H100466_030426_050000.bin,San Sebastian,default user,0,52.14,0,34.38,0,5.371,0,87.6,0,6.8,0,11.87,4.03,8.05,0,-67.4,5.7,17.61,0,5.11,0,1.188,1.67,0,6.74
3/13/2026,14:30, ,gtmsswq_20H100466_030426_050000.bin,San Sebastian,default user,0,52.149,0,34.38,0,5.4,0,88,0,6.83,0,12.1,4.11,8.05,0,-67.3,5.71,17.617,0,5.78,0,1.184,1.66,0,6.68
3/13/2026,14:45, ,gtmsswq_20H100466_030426_050000.bin,San Sebastian,default user,0,52.145,0,34.38,0,5.425,0,89.5,0,6.94,0,12.03,4.08,8.05,0,-67.5,5.71,17.682,0,5.09,0,1.184,1.75,0,7.05
3/13/2026,15:00, ,gtmsswq_20H100466_030426_050000.bin,San Sebastian,default user,0,52.162,0,34.39,0,5.453,0,88.8,0,6.9,0,11.17,3.8,8.06,0,-67.8,5.71,17.588,0,5.54,0,1.19,1.67,0,6.74
3/13/2026,15:15, ,gtmsswq_20H100466_030426_050000.bin,San Sebastian,default user,0,52.215,0,34.43,0,5.478,0,90.5,0,7.05,0,11.12,3.78,8.07,0,-68.6,5.71,17.375,0,4.74,0,1.192,1.67,0,6.75
3/13/2026,15:30, ,gtmsswq_20H100466_030426_050000.bin,San Sebastian,default user,0,52.224,0,34.43,0,5.494,0,90.1,0,7.03,0,10.99,3.74,8.07,0,-68.4,5.71,17.352,0,4.68,0,1.197,1.46,0,5.88
3/13/2026,15:45, ,gtmsswq_20H100466_030426_050000.bin,San Sebastian,default user,0,52.232,0,34.44,0,5.505,0,89.9,0,7.01,0,11.09,3.77,8.07,0,-68.4,5.7,17.312,0,4.29,0,1.194,1.53,0,6.17
3/13/2026,16:00, ,gtmsswq_20H100466_030426_050000.bin,San Sebastian,default user,0,52.242,0,34.45,0,5.513,0,86.9,0,6.79,0,11.5,3.91,8.06,0,-67.6,5.71,17.27,0,3.96,0,1.183,1.23,0,4.95
3/13/2026,16:15, ,gtmsswq_20H100466_030426_050000.bin,San Sebastian,default user,0,52.247,0,34.45,0,5.514,0,85.6,0,6.68,0,10.98,3.73,8.05,0,-67.2,5.71,17.261,0,3.2,0,1.183,1.1,0,4.44
3/13/2026,16:30, ,gtmsswq_20H100466_030426_050000.bin,San Sebastian,default user,0,52.251,0,34.45,0,5.506,0,68.2,0,5.33,0,10.77,3.66,7.97,0,-62.5,5.7,17.27,0,5.09,0,1.192,0.59,0,2.37
3/13/2026,16:45, ,gtmsswq_20H100466_030426_050000.bin,San Sebastian,default user,0,52.248,0,34.45,0,5.508,0,62.7,0,4.89,0,10.78,3.67,7.96,0,-62,5.7,17.308,0,3.79,0,1.2,0.38,0,1.55
3/13/2026,17:00, ,gtmsswq_20H100466_030426_050000.bin,San Sebastian,default user,0,52.252,0,34.46,0,5.486,0,81.1,0,6.31,0,10.32,3.51,8.03,0,-66.1,5.7,17.48,0,2.98,0,1.196,0.78,0,3.15
3/13/2026,17:15, ,gtmsswq_20H100466_030426_050000.bin,San Sebastian,default user,0,52.202,0,34.42,0,5.453,0,93.1,0,7.2,0,10.87,3.7,8.07,0,-68.5,5.7,17.814,0,3.55,0,1.192,1.35,0,5.45
3/13/2026,17:30, ,gtmsswq_20H100466_030426_050000.bin,San Sebastian,default user,0,52.151,0,34.39,0,5.424,0,94.6,0,7.25,0,11.02,3.75,8.08,0,-68.9,5.7,18.25,0,3.78,0,1.192,1.31,0,5.3
3/13/2026,17:45, ,gtmsswq_20H100466_030426_050000.bin,San Sebastian,default user,0,52.143,0,34.38,0,5.404,0,83.4,0,6.39,0,10.98,3.73,8.02,0,-65.5,5.71,18.254,0,3.45,0,1.183,0.44,0,1.77
3/13/2026,18:00, ,gtmsswq_20H100466_030426_050000.bin,San Sebastian,default user,0,52.015,0,34.29,0,5.373,0,96.6,0,7.33,0,12.52,4.25,8.06,0,-68.3,5.7,18.812,0,4.84,0,1.188,1.68,0,6.75
3/13/2026,18:15, ,gtmsswq_20H100466_030426_050000.bin,San Sebastian,default user,0,51.998,0,34.28,0,5.34,0,97.3,0,7.35,0,13.39,4.54,8.05,0,-67.8,5.71,19.127,0,3.73,0,1.199,1.41,0,5.66
3/13/2026,18:30, ,gtmsswq_20H100466_030426_050000.bin,San Sebastian,default user,0,51.98,0,34.26,0,5.305,0,96,0,7.26,0,13.32,4.51,8.05,0,-67.6,5.7,19.046,0,4.31,0,1.192,1.73,0,6.99
3/13/2026,18:45, ,gtmsswq_20H100466_030426_050000.bin,San Sebastian,default user,0,51.957,0,34.25,0,5.254,0,95.7,0,7.21,0,14.33,4.85,8.05,0,-67.4,5.7,19.26,0,6.16,0,1.187,1.82,0,7.33
3/13/2026,19:00, ,gtmsswq_20H100466_030426_050000.bin,San Sebastian,default user,0,51.948,0,34.24,0,5.217,0,95.1,0,7.12,0,13.7,4.64,8.04,0,-67,5.71,19.564,0,6.36,0,1.188,1.3,0,5.24
3/13/2026,19:15, ,gtmsswq_20H100466_030426_050000.bin,San Sebastian,default user,0,51.94,0,34.24,0,5.175,0,93.3,0,6.99,0,14.18,4.8,8.03,0,-66.6,5.71,19.572,0,4.74,0,1.189,1.2,0,4.84
3/13/2026,19:30, ,gtmsswq_20H100466_030426_050000.bin,San Sebastian,default user,0,51.866,0,34.18,0,5.126,0,94.8,0,7.04,0,16.04,5.42,8.02,0,-65.8,5.71,20.035,0,4.67,0,1.189,1.94,0,7.82
3/13/2026,19:45, ,gtmsswq_20H100466_030426_050000.bin,San Sebastian,default user,0,51.801,0,34.13,0,5.087,0,94.6,0,6.99,0,16.12,5.45,8.01,0,-65.3,5.7,20.313,0,6.84,0,1.189,1.98,0,7.99
3/13/2026,20:00, ,gtmsswq_20H100466_030426_050000.bin,San Sebastian,default user,0,51.734,0,34.08,0,5.044,0,92.4,0,6.78,0,18.19,6.14,7.98,0,-63.5,5.71,20.692,0,6.75,0,1.189,1.8,0,7.25
3/13/2026,20:15, ,gtmsswq_20H100466_030426_050000.bin,San Sebastian,default user,0,51.668,0,34.03,0,5.006,0,91.7,0,6.73,0,18.47,6.23,7.97,0,-63.2,5.72,20.773,0,6.17,0,1.189,2.21,0,8.91
3/13/2026,20:30, ,gtmsswq_20H100466_030426_050000.bin,San Sebastian,default user,0,51.642,0,34.01,0,4.968,0,89.6,0,6.55,0,19.38,6.53,7.95,0,-62.3,5.7,20.925,0,4.84,0,1.19,1.74,0,7
3/13/2026,20:45, ,gtmsswq_20H100466_030426_050000.bin,San Sebastian,default user,0,51.584,0,33.97,0,4.922,0,88.2,0,6.46,0,18.61,6.28,7.95,0,-62.3,5.71,20.872,0,5.33,0,1.189,1.94,0,7.81
3/13/2026,21:00, ,gtmsswq_20H100466_030426_050000.bin,San Sebastian,default user,0,51.501,0,33.9,0,4.879,0,87.3,0,6.37,0,19.91,6.71,7.94,0,-61.3,5.7,21.092,0,5.76,0,1.187,1.62,0,6.53
3/13/2026,21:15, ,gtmsswq_20H100466_030426_050000.bin,San Sebastian,default user,0,51.433,0,33.85,0,4.852,0,85.3,0,6.21,0,21.8,7.34,7.91,0,-59.8,5.71,21.235,0,7.32,0,1.189,1.79,0,7.21
3/13/2026,21:30, ,gtmsswq_20H100466_030426_050000.bin,San Sebastian,default user,0,51.414,0,33.84,0,4.808,0,81.4,0,5.9,0,23.13,7.79,7.88,0,-58.2,5.71,21.482,0,4.71,0,1.19,1.32,0,5.3
3/13/2026,21:45, ,gtmsswq_20H100466_030426_050000.bin,San Sebastian,default user,0,51.354,0,33.79,0,4.776,0,81.1,0,5.88,0,23.15,7.79,7.87,0,-57.7,5.71,21.502,0,5.51,0,1.19,1.52,0,6.12
3/13/2026,22:00, ,gtmsswq_20H100466_030426_050000.bin,San Sebastian,default user,0,51.282,0,33.74,0,4.748,0,79.8,0,5.78,0,23.67,7.96,7.86,0,-57.1,5.71,21.554,0,5.8,0,1.186,1.44,0,5.78
3/13/2026,22:15, ,gtmsswq_20H100466_030426_050000.bin,San Sebastian,default user,0,51.236,0,33.7,0,4.731,0,78.2,0,5.66,0,24.57,8.26,7.84,0,-55.9,5.7,21.609,0,5.12,0,1.188,1.72,0,6.92
3/13/2026,22:30, ,gtmsswq_20H100466_030426_050000.bin,San Sebastian,default user,0,51.126,0,33.62,0,4.736,0,75.6,0,5.47,0,24.93,8.38,7.82,0,-54.8,5.71,21.693,0,5.19,0,1.192,1.24,0,5
3/13/2026,22:45, ,gtmsswq_20H100466_030426_050000.bin,San Sebastian,default user,0,51.3,0,33.75,0,4.747,0,69,0,5.01,0,22.59,7.6,7.81,0,-53.9,5.71,21.439,0,3.05,0,1.19,1.05,0,4.24
3/13/2026,23:00, ,gtmsswq_20H100466_030426_050000.bin,San Sebastian,default user,0,51.423,0,33.84,0,4.762,0,67.3,0,4.9,0,20.06,6.76,7.83,0,-55,5.71,21.266,0,3.37,0,1.192,0.84,0,3.36
3/13/2026,23:15, ,gtmsswq_20H100466_030426_050000.bin,San Sebastian,default user,0,51.512,0,33.91,0,4.789,0,83,0,6.04,0,18.92,6.38,7.91,0,-59.6,5.71,21.226,0,5.24,0,1.194,1.33,0,5.38
3/13/2026,23:30, ,gtmsswq_20H100466_030426_050000.bin,San Sebastian,default user,0,51.597,0,33.98,0,4.83,0,87,0,6.36,0,17.4,5.87,7.95,0,-61.9,5.7,20.98,0,3.26,0,1.184,1.92,0,7.74
3/13/2026,23:45, ,gtmsswq_20H100466_030426_050000.bin,San Sebastian,default user,0,51.618,0,33.99,0,4.871,0,87.5,0,6.4,0,18.18,6.14,7.96,0,-62.4,5.7,20.889,0,5.13,0,1.182,1.79,0,7.21
3/14/2026,0:00, ,gtmsswq_20H100466_030426_050000.bin,San Sebastian,default user,0,51.604,0,33.98,0,4.925,0,88.7,0,6.48,0,17.74,5.99,7.95,0,-62.2,5.71,21.008,0,5.22,0,1.187,1.68,0,6.76
3/14/2026,0:15, ,gtmsswq_20H100466_030426_050000.bin,San Sebastian,default user,0,51.57,0,33.96,0,4.991,0,88.9,0,6.49,0,18.8,6.34,7.94,0,-61.8,5.7,21.057,0,4.62,0,1.19,1.55,0,6.25
3/14/2026,0:30, ,gtmsswq_20H100466_030426_050000.bin,San Sebastian,default user,0,51.625,0,34,0,5.039,0,89.8,0,6.6,0,17.1,5.77,7.97,0,-63,5.7,20.666,0,4.49,0,1.194,1.93,0,7.78
3/14/2026,0:45, ,gtmsswq_20H100466_030426_050000.bin,San Sebastian,default user,0,51.628,0,34,0,5.084,0,90.6,0,6.69,0,16.96,5.73,7.97,0,-63.5,5.7,20.435,0,4.49,0,1.194,1.96,0,7.89
3/14/2026,1:00, ,gtmsswq_20H100466_030426_050000.bin,San Sebastian,default user,0,51.662,0,34.03,0,5.158,0,91,0,6.75,0,16.99,5.74,7.98,0,-63.8,5.7,20.158,0,5.5,0,1.184,2.04,0,8.21
3/14/2026,1:15, ,gtmsswq_20H100466_030426_050000.bin,San Sebastian,default user,0,51.699,0,34.06,0,5.228,0,91.4,0,6.81,0,16.73,5.65,7.99,0,-64.2,5.7,19.932,0,5.06,0,1.199,2.17,0,8.75
3/14/2026,1:30, ,gtmsswq_20H100466_030426_050000.bin,San Sebastian,default user,0,51.755,0,34.1,0,5.289,0,91.8,0,6.88,0,15.98,5.4,8,0,-65,5.7,19.549,0,6.57,0,1.191,2.3,0,9.27
3/14/2026,1:45, ,gtmsswq_20H100466_030426_050000.bin,San Sebastian,default user,0,51.849,0,34.17,0,5.353,0,92.3,0,6.97,0,14.88,5.03,8.02,0,-65.7,5.7,19.157,0,5.29,0,1.187,2.16,0,8.71
3/14/2026,2:00, ,gtmsswq_20H100466_030426_050000.bin,San Sebastian,default user,0,51.891,0,34.2,0,5.387,0,91.9,0,6.95,0,14.16,4.79,8.02,0,-65.8,5.69,19.015,0,6.53,0,1.185,2.04,0,8.24
3/14/2026,2:15, ,gtmsswq_20H100466_030426_050000.bin,San Sebastian,default user,0,51.966,0,34.25,0,5.434,0,92.2,0,7.02,0,13.37,4.53,8.03,0,-66.5,5.7,18.667,0,6.38,0,1.19,2.04,0,8.2
3/14/2026,2:30, ,gtmsswq_20H100466_030426_050000.bin,San Sebastian,default user,0,51.989,0,34.27,0,5.481,0,92.3,0,7.04,0,13.55,4.59,8.04,0,-66.7,5.7,18.578,0,6.8,0,1.194,2.08,0,8.38
3/14/2026,2:45, ,gtmsswq_20H100466_030426_050000.bin,San Sebastian,default user,0,52.049,0,34.31,0,5.537,0,93.2,0,7.14,0,12.05,4.09,8.05,0,-67.2,5.7,18.34,0,6.86,0,1.192,2.08,0,8.38
3/14/2026,3:00, ,gtmsswq_20H100466_030426_050000.bin,San Sebastian,default user,0,52.108,0,34.36,0,5.591,0,94.2,0,7.25,0,12.02,4.08,8.06,0,-67.9,5.7,18.039,0,8.01,0,1.189,1.85,0,7.45
3/14/2026,3:15, ,gtmsswq_20H100466_030426_050000.bin,San Sebastian,default user,0,52.19,0,34.41,0,5.646,0,96.7,0,7.52,0,10.69,3.64,8.09,0,-69.3,5.69,17.467,0,9.71,0,1.19,2.28,0,9.18
3/14/2026,3:30, ,gtmsswq_20H100466_030426_050000.bin,San Sebastian,default user,0,52.23,0,34.44,0,5.693,0,97.5,0,7.61,0,10.8,3.67,8.09,0,-69.6,5.69,17.323,0,9.94,0,1.191,2.49,0,10.05
3/14/2026,3:45, ,gtmsswq_20H100466_030426_050000.bin,San Sebastian,default user,0,52.261,0,34.46,0,5.726,0,97.9,0,7.67,0,10.28,3.5,8.1,0,-70.2,5.7,17.115,0,9.24,0,1.191,2.52,0,10.17
3/14/2026,4:00, ,gtmsswq_20H100466_030426_050000.bin,San Sebastian,default user,0,52.303,0,34.49,0,5.758,0,98.7,0,7.76,0,9.58,3.27,8.11,0,-70.7,5.69,16.886,0,8.11,0,1.196,2.14,0,8.63
3/14/2026,4:15, ,gtmsswq_20H100466_030426_050000.bin,San Sebastian,default user,0,52.325,0,34.5,0,5.794,0,99.3,0,7.83,0,8.72,2.98,8.12,0,-71.1,5.69,16.739,0,8.56,0,1.192,2.11,0,8.5
3/14/2026,4:30, ,gtmsswq_20H100466_030426_050000.bin,San Sebastian,default user,0,52.35,0,34.52,0,5.811,0,99.5,0,7.87,0,8.84,3.02,8.13,0,-71.6,5.68,16.564,0,8.36,0,1.189,1.78,0,7.17
3/14/2026,4:45, ,gtmsswq_20H100466_030426_050000.bin,San Sebastian,default user,0,52.348,0,34.52,0,5.819,0,98.6,0,7.81,0,8.59,2.94,8.13,0,-71.6,5.69,16.551,0,7.33,0,1.192,1.97,0,7.96
3/14/2026,5:00, ,gtmsswq_20H100466_030426_050000.bin,San Sebastian,default user,0,52.382,0,34.54,0,5.824,0,99.2,0,7.87,0,8.35,2.86,8.14,0,-72,5.69,16.43,0,6.68,0,1.198,1.72,0,6.92
3/14/2026,5:15, ,gtmsswq_20H100466_030426_050000.bin,San Sebastian,default user,0,52.392,0,34.55,0,5.822,0,98.3,0,7.8,0,8.54,2.92,8.13,0,-71.8,5.68,16.391,0,4.68,0,1.197,1.44,0,5.8
3/14/2026,5:30, ,gtmsswq_20H100466_030426_050000.bin,San Sebastian,default user,0,52.394,0,34.55,0,5.804,0,97.6,0,7.75,0,8.5,2.91,8.14,0,-72,5.69,16.401,0,5.06,0,1.201,1.78,0,7.17
3/14/2026,5:45, ,gtmsswq_20H100466_030426_050000.bin,San Sebastian,default user,0,52.391,0,34.55,0,5.783,0,86,0,6.82,0,8.32,2.85,8.08,0,-68.6,5.68,16.416,0,4.23,0,1.193,0.65,0,2.63
3/14/2026,6:00, ,gtmsswq_20H100466_030426_050000.bin,San Sebastian,default user,0,52.362,0,34.53,0,5.752,0,96.9,0,7.67,0,8.44,2.89,8.12,0,-71.2,5.68,16.537,0,6.14,0,1.192,1.79,0,7.21
3/14/2026,6:15, ,gtmsswq_20H100466_030426_050000.bin,San Sebastian,default user,0,52.251,0,34.45,0,5.709,0,94.7,0,7.43,0,9.71,3.31,8.09,0,-69.4,5.69,17.023,0,6.74,0,1.191,1.41,0,5.68
3/14/2026,6:30, ,gtmsswq_20H100466_030426_050000.bin,San Sebastian,default user,0,52.244,0,34.45,0,5.663,0,91,0,7.12,0,11.2,3.81,8.06,0,-67.9,5.68,17.146,0,4.66,0,1.189,1.88,0,7.56
3/14/2026,6:45, ,gtmsswq_20H100466_030426_050000.bin,San Sebastian,default user,0,52.211,0,34.42,0,5.603,0,89.3,0,6.98,0,11.08,3.77,8.05,0,-67.4,5.68,17.23,0,8.04,0,1.182,1.28,0,5.17
3/14/2026,7:00, ,gtmsswq_20H100466_030426_050000.bin,San Sebastian,default user,0,52.122,0,34.36,0,5.551,0,89.4,0,6.94,0,11.73,3.98,8.04,0,-66.7,5.69,17.605,0,6.03,0,1.186,1.39,0,5.61
3/14/2026,7:15, ,gtmsswq_20H100466_030426_050000.bin,San Sebastian,default user,0,52.092,0,34.34,0,5.492,0,87,0,6.74,0,12.53,4.25,8.02,0,-65.5,5.68,17.724,0,5.66,0,1.193,1.19,0,4.78
3/14/2026,7:30, ,gtmsswq_20H100466_030426_050000.bin,San Sebastian,default user,0,52.027,0,34.3,0,5.433,0,85.1,0,6.55,0,13.72,4.65,8,0,-64.3,5.68,18.088,0,6.14,0,1.201,1.38,0,5.57
3/14/2026,7:45, ,gtmsswq_20H100466_030426_050000.bin,San Sebastian,default user,0,51.962,0,34.25,0,5.387,0,83.5,0,6.4,0,14.78,5,7.98,0,-63.5,5.69,18.301,0,6.53,0,1.197,1.22,0,4.92
3/14/2026,8:00, ,gtmsswq_20H100466_030426_050000.bin,San Sebastian,default user,0,51.962,0,34.25,0,5.313,0,83.4,0,6.37,0,14.48,4.9,7.98,0,-63.1,5.69,18.491,0,6.27,0,1.19,1.26,0,5.08
3/14/2026,8:15, ,gtmsswq_20H100466_030426_050000.bin,San Sebastian,default user,0,51.983,0,34.27,0,5.254,0,84.3,0,6.45,0,14.92,5.05,7.98,0,-63.4,5.68,18.452,0,5.99,0,1.189,1.23,0,4.94
3/14/2026,8:30, ,gtmsswq_20H100466_030426_050000.bin,San Sebastian,default user,0,51.856,0,34.17,0,5.191,0,83.5,0,6.33,0,16.42,5.55,7.96,0,-62.5,5.68,18.948,0,6.12,0,1.185,1.3,0,5.24
3/14/2026,8:45, ,gtmsswq_20H100466_030426_050000.bin,San Sebastian,default user,0,51.771,0,34.11,0,5.133,0,83,0,6.27,0,16.8,5.67,7.95,0,-62,5.69,19.176,0,6.75,0,1.199,1.19,0,4.78
3/14/2026,9:00, ,gtmsswq_20H100466_030426_050000.bin,San Sebastian,default user,0,51.681,0,34.04,0,5.083,0,82.4,0,6.18,0,17.38,5.87,7.94,0,-61.2,5.68,19.557,0,6.63,0,1.197,1.25,0,5.04
3/14/2026,9:15, ,gtmsswq_20H100466_030426_050000.bin,San Sebastian,default user,0,51.607,0,33.99,0,5.035,0,81.8,0,6.1,0,18.07,6.1,7.93,0,-60.5,5.69,19.826,0,6.56,0,1.182,1.15,0,4.63
3/14/2026,9:30, ,gtmsswq_20H100466_030426_050000.bin,San Sebastian,default user,0,51.565,0,33.96,0,4.991,0,81.7,0,6.07,0,18.92,6.38,7.91,0,-59.9,5.68,20.098,0,6.68,0,1.185,1.17,0,4.72
3/14/2026,9:45, ,gtmsswq_20H100466_030426_050000.bin,San Sebastian,default user,0,51.533,0,33.93,0,4.929,0,81.5,0,6.04,0,19.62,6.61,7.9,0,-59.1,5.69,20.292,0,9.66,0,1.195,1.25,0,5.03
3/14/2026,10:00, ,gtmsswq_20H100466_030426_050000.bin,San Sebastian,default user,0,51.435,0,33.86,0,4.881,0,81.2,0,5.98,0,20.73,6.99,7.89,0,-58.4,5.69,20.598,0,8.54,0,1.183,1.32,0,5.31
3/14/2026,10:15, ,gtmsswq_20H100466_030426_050000.bin,San Sebastian,default user,0,51.352,0,33.8,0,4.848,0,79.7,0,5.85,0,22.03,7.42,7.86,0,-57,5.68,20.868,0,7.33,0,1.198,1.24,0,5.01
3/14/2026,10:30, ,gtmsswq_20H100466_030426_050000.bin,San Sebastian,default user,0,51.286,0,33.75,0,4.814,0,78.6,0,5.75,0,22.68,7.64,7.85,0,-56.2,5.69,21.023,0,8.01,0,1.194,1.19,0,4.81
3/14/2026,10:45, ,gtmsswq_20H100466_030426_050000.bin,San Sebastian,default user,0,51.226,0,33.7,0,4.785,0,77.3,0,5.64,0,23.39,7.87,7.83,0,-55.2,5.68,21.15,0,8.45,0,1.185,1.22,0,4.9
3/14/2026,11:00, ,gtmsswq_20H100466_030426_050000.bin,San Sebastian,default user,0,51.198,0,33.68,0,4.767,0,75.9,0,5.53,0,24.33,8.18,7.82,0,-54.4,5.69,21.26,0,7.73,0,1.189,0.98,0,3.96
3/14/2026,11:15, ,gtmsswq_20H100466_030426_050000.bin,San Sebastian,default user,0,51.227,0,33.7,0,4.763,0,76.2,0,5.56,0,23.12,7.78,7.82,0,-54.8,5.7,21.198,0,7.7,0,1.186,1.08,0,4.36
3/14/2026,11:30, ,gtmsswq_20H100466_030426_050000.bin,San Sebastian,default user,0,51.428,0,33.85,0,4.749,0,69,0,5.07,0,20.09,6.77,7.83,0,-55,5.69,20.695,0,6.06,0,1.183,0.65,0,2.64
3/14/2026,11:45, ,gtmsswq_20H100466_030426_050000.bin,San Sebastian,default user,0,51.455,0,33.87,0,4.751,0,56.2,0,4.14,0,19.23,6.48,7.78,0,-52.4,5.7,20.604,0,6.59,0,1.184,0.73,0,2.95
3/14/2026,12:00, ,gtmsswq_20H100466_030426_050000.bin,San Sebastian,default user,0,51.495,0,33.9,0,4.775,0,52.8,0,3.89,0,18.52,6.25,7.77,0,-51.5,5.68,20.557,0,4.63,0,1.191,0.55,0,2.2
3/14/2026,12:15, ,gtmsswq_20H100466_030426_050000.bin,San Sebastian,default user,0,51.538,0,33.93,0,4.818,0,60.5,0,4.45,0,18.06,6.09,7.8,0,-53.3,5.69,20.614,0,5.45,0,1.199,0.8,0,3.23
3/14/2026,12:30, ,gtmsswq_20H100466_030426_050000.bin,San Sebastian,default user,0,51.604,0,33.98,0,4.866,0,83,0,6.13,0,17.78,6,7.92,0,-60.4,5.7,20.422,0,4.61,0,1.2,1.41,0,5.69
3/14/2026,12:45, ,gtmsswq_20H100466_030426_050000.bin,San Sebastian,default user,0,51.643,0,34.01,0,4.914,0,85,0,6.29,0,17.73,5.98,7.93,0,-60.9,5.69,20.284,0,4.28,0,1.191,1.56,0,6.29
3/14/2026,13:00, ,gtmsswq_20H100466_030426_050000.bin,San Sebastian,default user,0,51.631,0,34,0,4.968,0,84.6,0,6.26,0,17.61,5.95,7.93,0,-61,5.69,20.337,0,4.99,0,1.19,1.72,0,6.93
3/14/2026,13:15, ,gtmsswq_20H100466_030426_050000.bin,San Sebastian,default user,0,51.613,0,33.99,0,5.02,0,85.9,0,6.34,0,17.3,5.84,7.93,0,-60.6,5.68,20.408,0,4.9,0,1.187,1.45,0,5.85
3/14/2026,13:30, ,gtmsswq_20H100466_030426_050000.bin,San Sebastian,default user,0,51.635,0,34.01,0,5.06,0,86.6,0,6.41,0,17.04,5.75,7.94,0,-61.2,5.69,20.34,0,6.77,0,1.182,1.67,0,6.73
3/14/2026,13:45, ,gtmsswq_20H100466_030426_050000.bin,San Sebastian,default user,0,51.683,0,34.04,0,5.098,0,86.4,0,6.42,0,17.24,5.82,7.95,0,-61.7,5.69,20.034,0,5.03,0,1.183,1.66,0,6.68
3/14/2026,14:00, ,gtmsswq_20H100466_030426_050000.bin,San Sebastian,default user,0,51.716,0,34.07,0,5.139,0,86.9,0,6.48,0,16.37,5.53,7.95,0,-62.1,5.68,19.846,0,4.8,0,1.195,1.36,0,5.46
3/14/2026,14:15, ,gtmsswq_20H100466_030426_050000.bin,San Sebastian,default user,0,51.741,0,34.09,0,5.192,0,90.1,0,6.71,0,16.06,5.43,7.96,0,-62.8,5.69,19.93,0,5.42,0,1.199,1.74,0,7
3/14/2026,14:30, ,gtmsswq_20H100466_030426_050000.bin,San Sebastian,default user,0,51.765,0,34.11,0,5.226,0,93,0,6.92,0,15.67,5.3,7.98,0,-63.7,5.68,19.952,0,4.62,0,1.193,1.81,0,7.29
3/14/2026,14:45, ,gtmsswq_20H100466_030426_050000.bin,San Sebastian,default user,0,51.833,0,34.16,0,5.275,0,94.7,0,7.08,0,14.17,4.8,8,0,-65,5.68,19.664,0,4.2,0,1.191,1.61,0,6.47
3/14/2026,15:00, ,gtmsswq_20H100466_030426_050000.bin,San Sebastian,default user,0,51.868,0,34.18,0,5.312,0,94.9,0,7.12,0,14.39,4.87,8.01,0,-65.2,5.69,19.492,0,4.02,0,1.187,1.79,0,7.2
3/14/2026,15:15, ,gtmsswq_20H100466_030426_050000.bin,San Sebastian,default user,0,51.877,0,34.19,0,5.344,0,90.4,0,6.82,0,14.53,4.92,7.99,0,-64.3,5.68,19.179,0,4.99,0,1.183,1.58,0,6.36
3/14/2026,15:30, ,gtmsswq_20H100466_030426_050000.bin,San Sebastian,default user,0,51.938,0,34.23,0,5.376,0,92,0,6.97,0,13.99,4.74,8.01,0,-65.1,5.69,18.93,0,5.9,0,1.185,1.64,0,6.59
3/14/2026,15:45, ,gtmsswq_20H100466_030426_050000.bin,San Sebastian,default user,0,51.97,0,34.26,0,5.415,0,93,0,7.07,0,12.91,4.38,8.02,0,-65.6,5.68,18.785,0,4.69,0,1.189,1.79,0,7.22
3/14/2026,16:00, ,gtmsswq_20H100466_030426_050000.bin,San Sebastian,default user,0,51.993,0,34.27,0,5.466,0,93.9,0,7.14,0,12.61,4.28,8.02,0,-66,5.68,18.705,0,4.64,0,1.189,2.01,0,8.09
3/14/2026,16:15, ,gtmsswq_20H100466_030426_050000.bin,San Sebastian,default user,0,52.024,0,34.3,0,5.506,0,95.4,0,7.27,0,12.65,4.29,8.04,0,-66.6,5.68,18.606,0,5.11,0,1.187,1.95,0,7.86
3/14/2026,16:30, ,gtmsswq_20H100466_030426_050000.bin,San Sebastian,default user,0,52.048,0,34.31,0,5.531,0,96,0,7.34,0,12.52,4.25,8.04,0,-67,5.67,18.455,0,4.7,0,1.185,2.21,0,8.92
3/14/2026,16:45, ,gtmsswq_20H100466_030426_050000.bin,San Sebastian,default user,0,52.061,0,34.32,0,5.557,0,96.9,0,7.42,0,11.57,3.93,8.05,0,-67.6,5.68,18.327,0,5.17,0,1.192,1.82,0,7.32
3/14/2026,17:00, ,gtmsswq_20H100466_030426_050000.bin,San Sebastian,default user,0,52.017,0,34.29,0,5.584,0,100,0,7.71,0,10.91,3.71,8.08,0,-69.2,5.67,17.984,0,4.88,0,1.197,1.81,0,7.28
3/14/2026,17:15, ,gtmsswq_20H100466_030426_050000.bin,San Sebastian,default user,0,52.021,0,34.29,0,5.604,0,100.1,0,7.73,0,10.67,3.63,8.09,0,-69.6,5.68,17.89,0,5.61,0,1.2,1.78,0,7.16
3/14/2026,17:30, ,gtmsswq_20H100466_030426_050000.bin,San Sebastian,default user,0,52.017,0,34.29,0,5.61,0,98.7,0,7.63,0,11,3.74,8.09,0,-69.5,5.68,17.866,0,4.72,0,1.193,1.85,0,7.47
3/14/2026,17:45, ,gtmsswq_20H100466_030426_050000.bin,San Sebastian,default user,0,52.016,0,34.29,0,5.611,0,98,0,7.57,0,10.48,3.57,8.08,0,-69.3,5.67,17.913,0,3.55,0,1.187,1.63,0,6.57
3/14/2026,18:00, ,gtmsswq_20H100466_030426_050000.bin,San Sebastian,default user,0,51.999,0,34.27,0,5.586,0,88.7,0,6.85,0,10.62,3.61,8.04,0,-66.5,5.68,17.911,0,3.96,0,1.185,0.89,0,3.57
3/14/2026,18:15, ,gtmsswq_20H100466_030426_050000.bin,San Sebastian,default user,0,51.924,0,34.22,0,5.549,0,93.1,0,7.2,0,10.51,3.58,8.07,0,-68.5,5.67,17.841,0,3.13,0,1.192,1.5,0,6.03
3/14/2026,18:30, ,gtmsswq_20H100466_030426_050000.bin,San Sebastian,default user,0,52.045,0,34.31,0,5.506,0,99.5,0,7.63,0,11.45,3.89,8.07,0,-68.5,5.67,18.268,0,5.66,0,1.192,2.01,0,8.11
3/14/2026,18:45, ,gtmsswq_20H100466_030426_050000.bin,San Sebastian,default user,0,51.93,0,34.23,0,5.453,0,98.8,0,7.57,0,11.75,3.99,8.07,0,-68.8,5.68,18.396,0,2.98,0,1.191,1.47,0,5.93
3/14/2026,19:00, ,gtmsswq_20H100466_030426_050000.bin,San Sebastian,default user,0,52.055,0,34.32,0,5.4,0,95.7,0,7.25,0,12.82,4.35,8.03,0,-66.6,5.67,18.923,0,3.5,0,1.189,1.27,0,5.14
3/14/2026,19:15, ,gtmsswq_20H100466_030426_050000.bin,San Sebastian,default user,0,51.989,0,34.27,0,5.327,0,94.6,0,7.13,0,13.83,4.68,8.02,0,-66.1,5.67,19.227,0,4.54,0,1.189,1.47,0,5.92
3/14/2026,19:30, ,gtmsswq_20H100466_030426_050000.bin,San Sebastian,default user,0,51.368,0,33.81,0,5.248,0,93,0,6.97,0,14.9,5.04,8,0,-65,5.66,19.645,0,4.82,0,0.727,1.42,0,5.71
3/14/2026,19:45, ,gtmsswq_20H100466_030426_050000.bin,San Sebastian,default user,0,43.603,0,28.16,0,5.219,0,91.5,0,7.06,0,15.35,5.19,7.98,0,-63.9,5.66,19.892,0,4.15,0,0.75,1.48,0,5.97
3/14/2026,20:00, ,gtmsswq_20H100466_030426_050000.bin,San Sebastian,default user,0,51.853,0,34.17,0,5.15,0,92.3,0,6.86,0,15.55,5.26,7.99,0,-64.1,5.68,20.003,0,5.59,0,1.183,1.87,0,7.55
3/14/2026,20:15, ,gtmsswq_20H100466_030426_050000.bin,San Sebastian,default user,0,51.781,0,34.12,0,5.109,0,91.7,0,6.79,0,16.27,5.5,7.97,0,-63.2,5.67,20.271,0,7.23,0,1.195,1.87,0,7.55
3/14/2026,20:30, ,gtmsswq_20H100466_030426_050000.bin,San Sebastian,default user,0,51.767,0,34.1,0,5.052,0,89,0,6.56,0,18.07,6.1,7.95,0,-62.2,5.67,20.494,0,7.14,0,1.186,1.45,0,5.82
3/14/2026,20:45, ,gtmsswq_20H100466_030426_050000.bin,San Sebastian,default user,0,51.738,0,34.08,0,5,0,89.8,0,6.62,0,17.15,5.79,7.96,0,-62.4,5.68,20.458,0,6.11,0,1.183,1.74,0,7.03
3/14/2026,21:00, ,gtmsswq_20H100466_030426_050000.bin,San Sebastian,default user,0,51.684,0,34.04,0,4.954,0,87.7,0,6.43,0,18.13,6.12,7.93,0,-61.2,5.67,20.758,0,6.55,0,1.194,1.78,0,7.18
3/14/2026,21:15, ,gtmsswq_20H100466_030426_050000.bin,San Sebastian,default user,0,51.658,0,34.02,0,4.907,0,85.7,0,6.27,0,19.62,6.61,7.92,0,-60.1,5.68,20.984,0,7.26,0,1.2,2.01,0,8.09
3/14/2026,21:30, ,gtmsswq_20H100466_030426_050000.bin,San Sebastian,default user,0,51.543,0,33.93,0,4.867,0,84.4,0,6.16,0,20.24,6.82,7.9,0,-59,5.68,21.1,0,6.28,0,1.198,1.44,0,5.8
3/14/2026,21:45, ,gtmsswq_20H100466_030426_050000.bin,San Sebastian,default user,0,51.512,0,33.91,0,4.825,0,82,0,5.98,0,21.15,7.12,7.88,0,-57.9,5.67,21.177,0,5.74,0,1.197,1.48,0,5.97
3/14/2026,22:00, ,gtmsswq_20H100466_030426_050000.bin,San Sebastian,default user,0,51.458,0,33.87,0,4.782,0,82.4,0,6,0,21.78,7.33,7.88,0,-57.9,5.67,21.234,0,6.91,0,1.196,1.56,0,6.27
3/14/2026,22:15, ,gtmsswq_20H100466_030426_050000.bin,San Sebastian,default user,0,51.429,0,33.85,0,4.742,0,80.3,0,5.84,0,22.47,7.56,7.86,0,-57,5.68,21.322,0,6.01,0,1.19,1.66,0,6.67
3/14/2026,22:30, ,gtmsswq_20H100466_030426_050000.bin,San Sebastian,default user,0,51.375,0,33.81,0,4.713,0,78.3,0,5.69,0,22.27,7.5,7.85,0,-56.4,5.67,21.376,0,5.48,0,1.186,1.52,0,6.11
3/14/2026,22:45, ,gtmsswq_20H100466_030426_050000.bin,San Sebastian,default user,0,51.318,0,33.76,0,4.684,0,76.2,0,5.53,0,23.45,7.89,7.83,0,-55.3,5.68,21.474,0,5.18,0,1.182,1.25,0,5.04
3/14/2026,23:00, ,gtmsswq_20H100466_030426_050000.bin,San Sebastian,default user,0,51.268,0,33.73,0,4.666,0,75.5,0,5.48,0,24.07,8.1,7.82,0,-54.7,5.68,21.51,0,4.75,0,1.183,1.17,0,4.72
3/14/2026,23:15, ,gtmsswq_20H100466_030426_050000.bin,San Sebastian,default user,0,51.208,0,33.68,0,4.641,0,77,0,5.58,0,24.51,8.24,7.82,0,-54.5,5.67,21.572,0,5.99,0,1.198,1.44,0,5.79
3/14/2026,23:30, ,gtmsswq_20H100466_030426_050000.bin,San Sebastian,default user,0,51.155,0,33.64,0,4.644,0,74.9,0,5.42,0,25.7,8.64,7.8,0,-53.6,5.67,21.638,0,5.08,0,1.192,1.25,0,5.03
3/14/2026,23:45, ,gtmsswq_20H100466_030426_050000.bin,San Sebastian,default user,0,51.257,0,33.72,0,4.649,0,70.6,0,5.12,0,23.53,7.92,7.78,0,-52.4,5.68,21.528,0,4.03,0,1.185,0.76,0,3.04
3/15/2026,0:00, ,gtmsswq_20H100466_030426_050000.bin,San Sebastian,default user,0,51.369,0,33.8,0,4.673,0,68.6,0,4.98,0,21.61,7.28,7.8,0,-53.6,5.67,21.439,0,3.53,0,1.194,0.89,0,3.59
3/15/2026,0:15, ,gtmsswq_20H100466_030426_050000.bin,San Sebastian,default user,0,51.426,0,33.85,0,4.703,0,63.7,0,4.63,0,20.38,6.87,7.78,0,-52.5,5.67,21.39,0,3.04,0,1.201,0.6,0,2.4
3/15/2026,0:30, ,gtmsswq_20H100466_030426_050000.bin,San Sebastian,default user,0,51.495,0,33.9,0,4.745,0,84.3,0,6.13,0,19.84,6.69,7.9,0,-59.1,5.68,21.239,0,4.16,0,1.197,1.87,0,7.53
3/15/2026,0:45, ,gtmsswq_20H100466_030426_050000.bin,San Sebastian,default user,0,51.533,0,33.93,0,4.792,0,85.5,0,6.24,0,19.56,6.59,7.9,0,-59.3,5.67,21.092,0,4.18,0,1.182,1.85,0,7.45
3/15/2026,1:00, ,gtmsswq_20H100466_030426_050000.bin,San Sebastian,default user,0,51.489,0,33.89,0,4.849,0,87,0,6.33,0,20.3,6.84,7.9,0,-59.2,5.68,21.203,0,4.68,0,1.189,1.95,0,7.85
3/15/2026,1:15, ,gtmsswq_20H100466_030426_050000.bin,San Sebastian,default user,0,51.552,0,33.94,0,4.912,0,87.4,0,6.38,0,19.25,6.49,7.91,0,-59.8,5.67,21.053,0,4.32,0,1.191,1.84,0,7.43
3/15/2026,1:30, ,gtmsswq_20H100466_030426_050000.bin,San Sebastian,default user,0,51.533,0,33.93,0,4.974,0,88.1,0,6.45,0,19.25,6.49,7.92,0,-60.1,5.67,20.902,0,5.43,0,1.199,2.24,0,9.04
3/15/2026,1:45, ,gtmsswq_20H100466_030426_050000.bin,San Sebastian,default user,0,51.535,0,33.93,0,5.043,0,87.8,0,6.44,0,19.18,6.47,7.92,0,-60.1,5.68,20.843,0,4.82,0,1.192,2.17,0,8.75
3/15/2026,2:00, ,gtmsswq_20H100466_030426_050000.bin,San Sebastian,default user,0,51.562,0,33.95,0,5.091,0,88.2,0,6.48,0,18.84,6.35,7.92,0,-60.3,5.67,20.706,0,4.59,0,1.191,2.16,0,8.72
3/15/2026,2:15, ,gtmsswq_20H100466_030426_050000.bin,San Sebastian,default user,0,51.593,0,33.98,0,5.154,0,88.8,0,6.55,0,18.3,6.17,7.93,0,-60.9,5.67,20.496,0,5.17,0,1.196,2.16,0,8.71
3/15/2026,2:30, ,gtmsswq_20H100466_030426_050000.bin,San Sebastian,default user,0,51.665,0,34.03,0,5.208,0,89.4,0,6.64,0,16.94,5.72,7.95,0,-61.8,5.67,20.095,0,4.37,0,1.192,2.07,0,8.35
3/15/2026,2:45, ,gtmsswq_20H100466_030426_050000.bin,San Sebastian,default user,0,51.718,0,34.07,0,5.269,0,89.7,0,6.7,0,16.49,5.57,7.96,0,-62.5,5.67,19.775,0,5.27,0,1.19,1.92,0,7.74
3/15/2026,3:00, ,gtmsswq_20H100466_030426_050000.bin,San Sebastian,default user,0,51.755,0,34.1,0,5.335,0,90.1,0,6.73,0,16.28,5.5,7.96,0,-62.7,5.67,19.741,0,4.97,0,1.193,1.98,0,7.98
3/15/2026,3:15, ,gtmsswq_20H100466_030426_050000.bin,San Sebastian,default user,0,51.82,0,34.15,0,5.393,0,90.5,0,6.79,0,15.38,5.2,7.98,0,-63.3,5.67,19.458,0,5.58,0,1.191,1.94,0,7.8
3/15/2026,3:30, ,gtmsswq_20H100466_030426_050000.bin,San Sebastian,default user,0,51.847,0,34.17,0,5.445,0,91.1,0,6.85,0,14.99,5.07,7.98,0,-63.7,5.67,19.366,0,5.15,0,1.192,1.86,0,7.51
3/15/2026,3:45, ,gtmsswq_20H100466_030426_050000.bin,San Sebastian,default user,0,51.888,0,34.2,0,5.505,0,93,0,7.04,0,14.17,4.8,8.01,0,-65,5.66,19.036,0,5.44,0,1.188,2.06,0,8.28
3/15/2026,4:00, ,gtmsswq_20H100466_030426_050000.bin,San Sebastian,default user,0,51.908,0,34.21,0,5.569,0,95.7,0,7.3,0,13.49,4.57,8.04,0,-66.8,5.66,18.573,0,6.66,0,1.185,1.95,0,7.86
3/15/2026,4:15, ,gtmsswq_20H100466_030426_050000.bin,San Sebastian,default user,0,51.777,0,34.11,0,5.629,0,97.6,0,7.51,0,12.34,4.19,8.07,0,-68.5,5.67,18.141,0,6.15,0,1.195,1.66,0,6.7
3/15/2026,4:30, ,gtmsswq_20H100466_030426_050000.bin,San Sebastian,default user,0,51.838,0,34.16,0,5.675,0,98.6,0,7.61,0,12.36,4.19,8.08,0,-69.1,5.66,17.996,0,5.9,0,1.196,1.75,0,7.06
3/15/2026,4:45, ,gtmsswq_20H100466_030426_050000.bin,San Sebastian,default user,0,51.579,0,33.96,0,5.714,0,100.5,0,7.83,0,11.67,3.96,8.11,0,-70.9,5.66,17.531,0,4.96,0,1.192,1.5,0,6.05
3/15/2026,5:00, ,gtmsswq_20H100466_030426_050000.bin,San Sebastian,default user,0,51.579,0,33.96,0,5.747,0,101.7,0,7.95,0,12,4.07,8.12,0,-71.5,5.66,17.345,0,4.83,0,1.191,1.5,0,6.04
3/15/2026,5:15, ,gtmsswq_20H100466_030426_050000.bin,San Sebastian,default user,0,51.579,0,33.96,0,5.78,0,102.2,0,8.02,0,11.38,3.87,8.13,0,-71.9,5.66,17.183,0,5.1,0,1.191,1.36,0,5.47
3/15/2026,5:30, ,gtmsswq_20H100466_030426_050000.bin,San Sebastian,default user,0,51.604,0,33.97,0,5.803,0,102.7,0,8.08,0,11.11,3.78,8.14,0,-72.3,5.66,17.056,0,4.56,0,1.191,1.37,0,5.51
3/15/2026,5:45, ,gtmsswq_20H100466_030426_050000.bin,San Sebastian,default user,0,51.654,0,34.01,0,5.813,0,102.3,0,8.05,0,10.84,3.69,8.14,0,-72.3,5.65,16.981,0,4.38,0,1.193,1.46,0,5.9
3/15/2026,6:00, ,gtmsswq_20H100466_030426_050000.bin,San Sebastian,default user,0,51.69,0,34.04,0,5.802,0,102,0,8.04,0,10.8,3.67,8.14,0,-72.4,5.66,16.93,0,4.17,0,1.19,1.39,0,5.59
3/15/2026,6:15, ,gtmsswq_20H100466_030426_050000.bin,San Sebastian,default user,0,51.712,0,34.05,0,5.782,0,99.3,0,7.82,0,10.67,3.63,8.13,0,-71.7,5.65,16.965,0,2.95,0,1.187,1.48,0,5.98
3/15/2026,6:30, ,gtmsswq_20H100466_030426_050000.bin,San Sebastian,default user,0,51.711,0,34.05,0,5.744,0,87.1,0,6.86,0,10.4,3.54,8.08,0,-69,5.65,16.957,0,3.32,0,1.182,0.58,0,2.34
3/15/2026,6:45, ,gtmsswq_20H100466_030426_050000.bin,San Sebastian,default user,0,51.66,0,34.02,0,5.712,0,100.4,0,7.89,0,10.52,3.58,8.13,0,-71.9,5.66,17.054,0,5.03,0,1.182,2.27,0,9.13
3/15/2026,7:00, ,gtmsswq_20H100466_030426_050000.bin,San Sebastian,default user,0,51.613,0,33.99,0,5.661,0,97.5,0,7.58,0,12.2,4.14,8.1,0,-70,5.65,17.64,0,5.35,0,1.187,1.47,0,5.91
3/15/2026,7:15, ,gtmsswq_20H100466_030426_050000.bin,San Sebastian,default user,0,51.682,0,34.04,0,5.596,0,94.8,0,7.33,0,13.05,4.42,8.07,0,-68.4,5.65,17.95,0,5.58,0,1.192,1.3,0,5.24
3/15/2026,7:30, ,gtmsswq_20H100466_030426_050000.bin,San Sebastian,default user,0,51.715,0,34.07,0,5.541,0,92,0,7.05,0,13.57,4.6,8.03,0,-66.4,5.65,18.399,0,4.54,0,1.195,1.36,0,5.49
3/15/2026,7:45, ,gtmsswq_20H100466_030426_050000.bin,San Sebastian,default user,0,51.761,0,34.1,0,5.485,0,90.2,0,6.88,0,14.07,4.76,8.02,0,-65.6,5.65,18.603,0,5.27,0,1.199,1.25,0,5.02
3/15/2026,8:00, ,gtmsswq_20H100466_030426_050000.bin,San Sebastian,default user,0,51.698,0,34.06,0,5.424,0,88.3,0,6.72,0,14.39,4.87,8,0,-64.6,5.66,18.758,0,5.08,0,1.19,1.22,0,4.93
3/15/2026,8:15, ,gtmsswq_20H100466_030426_050000.bin,San Sebastian,default user,0,51.79,0,34.12,0,5.365,0,86.5,0,6.53,0,15.57,5.26,7.97,0,-63.1,5.65,19.16,0,5.33,0,1.182,1.21,0,4.88
3/15/2026,8:30, ,gtmsswq_20H100466_030426_050000.bin,San Sebastian,default user,0,51.678,0,34.04,0,5.304,0,84.5,0,6.38,0,15.39,5.2,7.96,0,-62.5,5.66,19.175,0,5.25,0,1.189,0.95,0,3.84
3/15/2026,8:45, ,gtmsswq_20H100466_030426_050000.bin,San Sebastian,default user,0,51.749,0,34.09,0,5.245,0,83,0,6.22,0,16.39,5.54,7.93,0,-60.9,5.65,19.563,0,5.14,0,1.201,0.98,0,3.96
3/15/2026,9:00, ,gtmsswq_20H100466_030426_050000.bin,San Sebastian,default user,0,51.708,0,34.06,0,5.165,0,83.9,0,6.27,0,17.53,5.92,7.93,0,-60.8,5.66,19.762,0,8.52,0,1.197,1.27,0,5.1
3/15/2026,9:15, ,gtmsswq_20H100466_030426_050000.bin,San Sebastian,default user,0,51.667,0,34.03,0,5.105,0,81.6,0,6.09,0,17.16,5.79,7.91,0,-59.8,5.66,19.878,0,7.41,0,1.187,1.09,0,4.38
3/15/2026,9:30, ,gtmsswq_20H100466_030426_050000.bin,San Sebastian,default user,0,51.605,0,33.99,0,5.04,0,82.2,0,6.1,0,17.54,5.92,7.9,0,-59.3,5.66,20.161,0,7.71,0,1.187,0.99,0,3.98
3/15/2026,9:45, ,gtmsswq_20H100466_030426_050000.bin,San Sebastian,default user,0,51.549,0,33.94,0,4.974,0,82.9,0,6.13,0,18.5,6.24,7.9,0,-59.2,5.66,20.368,0,6.86,0,1.182,1.03,0,4.15
3/15/2026,10:00, ,gtmsswq_20H100466_030426_050000.bin,San Sebastian,default user,0,51.452,0,33.87,0,4.917,0,81,0,5.94,0,20.9,7.04,7.87,0,-57.5,5.65,20.841,0,6.14,0,1.191,1.12,0,4.52
3/15/2026,10:15, ,gtmsswq_20H100466_030426_050000.bin,San Sebastian,default user,0,51.388,0,33.82,0,4.856,0,80.4,0,5.87,0,21.28,7.17,7.86,0,-56.7,5.66,21.088,0,7.42,0,1.198,1.06,0,4.25
3/15/2026,10:30, ,gtmsswq_20H100466_030426_050000.bin,San Sebastian,default user,0,51.338,0,33.78,0,4.797,0,79.9,0,5.82,0,22.73,7.65,7.84,0,-56,5.66,21.232,0,7.88,0,1.19,1.19,0,4.77
3/15/2026,10:45, ,gtmsswq_20H100466_030426_050000.bin,San Sebastian,default user,0,51.301,0,33.75,0,4.75,0,79.4,0,5.76,0,22.96,7.73,7.83,0,-55.3,5.65,21.451,0,9.73,0,1.187,1.21,0,4.85
3/15/2026,11:00, ,gtmsswq_20H100466_030426_050000.bin,San Sebastian,default user,0,51.283,0,33.74,0,4.705,0,75.9,0,5.5,0,23.07,7.77,7.8,0,-53.7,5.67,21.565,0,8.93,0,1.186,1,0,4.04
3/15/2026,11:15, ,gtmsswq_20H100466_030426_050000.bin,San Sebastian,default user,0,51.217,0,33.69,0,4.662,0,70.2,0,5.07,0,23.77,8,7.77,0,-52,5.65,21.671,0,7.72,0,1.195,0.86,0,3.46
3/15/2026,11:30, ,gtmsswq_20H100466_030426_050000.bin,San Sebastian,default user,0,51.223,0,33.69,0,4.63,0,73.1,0,5.28,0,23.74,7.99,7.79,0,-52.7,5.66,21.782,0,7.16,0,1.191,0.83,0,3.35
3/15/2026,11:45, ,gtmsswq_20H100466_030426_050000.bin,San Sebastian,default user,0,51.154,0,33.64,0,4.593,0,69.6,0,5.02,0,24.73,8.32,7.77,0,-51.5,5.67,21.86,0,7.39,0,1.19,0.78,0,3.15
3/15/2026,12:00, ,gtmsswq_20H100466_030426_050000.bin,San Sebastian,default user,0,51.182,0,33.66,0,4.575,0,70.6,0,5.09,0,24.53,8.25,7.76,0,-51.3,5.66,21.912,0,6.55,0,1.184,0.79,0,3.2
3/15/2026,12:15, ,gtmsswq_20H100466_030426_050000.bin,San Sebastian,default user,0,51.196,0,33.67,0,4.56,0,71.7,0,5.16,0,25.06,8.43,7.8,0,-53.3,5.67,21.897,0,7.03,0,1.186,1.22,0,4.92
3/15/2026,12:30, ,gtmsswq_20H100466_030426_050000.bin,San Sebastian,default user,0,51.211,0,33.68,0,4.566,0,71.4,0,5.14,0,23.03,7.75,7.79,0,-53.2,5.67,21.932,0,8.46,0,1.198,1.16,0,4.68
3/15/2026,12:45, ,gtmsswq_20H100466_030426_050000.bin,San Sebastian,default user,0,51.335,0,33.77,0,4.588,0,69.5,0,5.02,0,21.01,7.08,7.76,0,-51.4,5.66,21.771,0,5.06,0,1.2,0.72,0,2.9
3/15/2026,13:00, ,gtmsswq_20H100466_030426_050000.bin,San Sebastian,default user,0,51.433,0,33.85,0,4.625,0,80.7,0,5.82,0,19.84,6.69,7.84,0,-56,5.66,21.766,0,5.69,0,1.197,1.14,0,4.6
3/15/2026,13:15, ,gtmsswq_20H100466_030426_050000.bin,San Sebastian,default user,0,51.457,0,33.87,0,4.672,0,82.2,0,5.94,0,20.18,6.8,7.85,0,-56.3,5.67,21.674,0,5.88,0,1.183,1.18,0,4.74
3/15/2026,13:30, ,gtmsswq_20H100466_030426_050000.bin,San Sebastian,default user,0,51.486,0,33.89,0,4.723,0,83.5,0,6.04,0,20.01,6.74,7.86,0,-57.1,5.66,21.554,0,5.01,0,1.186,1.28,0,5.14
3/15/2026,13:45, ,gtmsswq_20H100466_030426_050000.bin,San Sebastian,default user,0,51.52,0,33.91,0,4.764,0,83.5,0,6.06,0,19.92,6.71,7.87,0,-57.5,5.66,21.389,0,5.14,0,1.199,1.34,0,5.39
3/15/2026,14:00, ,gtmsswq_20H100466_030426_050000.bin,San Sebastian,default user,0,51.53,0,33.92,0,4.833,0,84.3,0,6.14,0,20.09,6.77,7.88,0,-57.8,5.66,21.261,0,5.33,0,1.2,1.26,0,5.06
3/15/2026,14:15, ,gtmsswq_20H100466_030426_050000.bin,San Sebastian,default user,0,51.547,0,33.94,0,4.895,0,84,0,6.12,0,19.55,6.59,7.88,0,-58,5.66,21.164,0,5.98,0,1.2,1.33,0,5.37
3/15/2026,14:30, ,gtmsswq_20H100466_030426_050000.bin,San Sebastian,default user,0,51.555,0,33.94,0,4.955,0,85.2,0,6.22,0,19.41,6.54,7.89,0,-58.4,5.66,21.074,0,5.93,0,1.196,1.39,0,5.59
3/15/2026,14:45, ,gtmsswq_20H100466_030426_050000.bin,San Sebastian,default user,0,51.572,0,33.96,0,5.009,0,87.3,0,6.38,0,19.15,6.46,7.89,0,-58.9,5.66,21.062,0,5.58,0,1.195,1.63,0,6.58
3/15/2026,15:00, ,gtmsswq_20H100466_030426_050000.bin,San Sebastian,default user,0,51.604,0,33.98,0,5.069,0,88.1,0,6.44,0,18.47,6.23,7.9,0,-59.4,5.66,20.936,0,5.05,0,1.188,1.63,0,6.58
3/15/2026,15:15, ,gtmsswq_20H100466_030426_050000.bin,San Sebastian,default user,0,51.587,0,33.97,0,5.136,0,91.6,0,6.68,0,112.03,37.42,7.92,0,-60.5,5.65,21.117,0,5.97,0,1.183,1.95,0,7.87
3/15/2026,15:30, ,gtmsswq_20H100466_030426_050000.bin,San Sebastian,default user,0,51.625,0,34,0,5.186,0,93.6,0,6.86,0,16.62,5.61,7.94,0,-61.7,5.67,20.799,0,5.36,0,1.197,2.02,0,8.13
3/15/2026,15:45, ,gtmsswq_20H100466_030426_050000.bin,San Sebastian,default user,0,51.659,0,34.02,0,5.245,0,95,0,6.98,0,16.35,5.52,7.96,0,-62.6,5.65,20.627,0,4.28,0,1.2,2.15,0,8.67
3/15/2026,16:00, ,gtmsswq_20H100466_030426_050000.bin,San Sebastian,default user,0,51.659,0,34.02,0,5.294,0,90.5,0,6.69,0,16.37,5.53,7.94,0,-61.4,5.65,20.385,0,5.01,0,1.191,1.82,0,7.32
3/15/2026,16:15, ,gtmsswq_20H100466_030426_050000.bin,San Sebastian,default user,0,51.689,0,34.05,0,5.338,0,91.7,0,6.81,0,16.02,5.41,7.96,0,-62.5,5.66,20.082,0,5.75,0,1.191,1.92,0,7.73
3/15/2026,16:30, ,gtmsswq_20H100466_030426_050000.bin,San Sebastian,default user,0,51.676,0,34.04,0,5.384,0,93.3,0,6.95,0,15.62,5.28,7.98,0,-63.4,5.65,19.919,0,5.9,0,1.19,1.87,0,7.52
3/15/2026,16:45, ,gtmsswq_20H100466_030426_050000.bin,San Sebastian,default user,0,51.691,0,34.05,0,5.431,0,95.1,0,7.11,0,15.04,5.09,7.99,0,-64.5,5.66,19.717,0,6.31,0,1.183,1.89,0,7.61
3/15/2026,17:00, ,gtmsswq_20H100466_030426_050000.bin,San Sebastian,default user,0,51.67,0,34.04,0,5.481,0,96.3,0,7.22,0,14.34,4.85,8.01,0,-65.1,5.65,19.575,0,5.24,0,1.19,2.05,0,8.26
3/15/2026,17:15, ,gtmsswq_20H100466_030426_050000.bin,San Sebastian,default user,0,51.687,0,34.05,0,5.52,0,99.2,0,7.49,0,13.45,4.56,8.05,0,-67.5,5.65,19.234,0,6.06,0,1.194,1.85,0,7.44
3/15/2026,17:30, ,gtmsswq_20H100466_030426_050000.bin,San Sebastian,default user,0,51.714,0,34.07,0,5.546,0,101.6,0,7.71,0,11.67,3.96,8.08,0,-69.4,5.66,18.878,0,4.89,0,1.191,1.85,0,7.47
3/15/2026,17:45, ,gtmsswq_20H100466_030426_050000.bin,San Sebastian,default user,0,51.739,0,34.09,0,5.57,0,103.3,0,7.88,0,11.15,3.79,8.11,0,-70.9,5.65,18.592,0,5.34,0,1.182,1.52,0,6.12
3/15/2026,18:00, ,gtmsswq_20H100466_030426_050000.bin,San Sebastian,default user,0,51.735,0,34.08,0,5.59,0,103.7,0,7.94,0,10.11,3.44,8.12,0,-71.5,5.65,18.439,0,4.44,0,1.183,1.36,0,5.46
3/15/2026,18:15, ,gtmsswq_20H100466_030426_050000.bin,San Sebastian,default user,0,51.746,0,34.09,0,5.617,0,103.6,0,7.94,0,9.54,3.25,8.13,0,-71.9,5.65,18.352,0,6.03,0,1.185,1.16,0,4.68
3/15/2026,18:30, ,gtmsswq_20H100466_030426_050000.bin,San Sebastian,default user,0,51.704,0,34.06,0,5.64,0,102.1,0,7.84,0,10.27,3.5,8.12,0,-71.5,5.65,18.296,0,3.8,0,1.193,0.81,0,3.25
3/15/2026,18:45, ,gtmsswq_20H100466_030426_050000.bin,San Sebastian,default user,0,51.703,0,34.06,0,5.64,0,98.3,0,7.55,0,10.18,3.47,8.1,0,-70.4,5.65,18.302,0,5.94,0,1.185,0.64,0,2.59
3/15/2026,19:00, ,gtmsswq_20H100466_030426_050000.bin,San Sebastian,default user,0,51.645,0,34.02,0,5.603,0,101.2,0,7.72,0,10.85,3.69,8.1,0,-70.4,5.65,18.67,0,5.67,0,1.189,1.64,0,6.6
3/15/2026,19:15, ,gtmsswq_20H100466_030426_050000.bin,San Sebastian,default user,0,51.528,0,33.93,0,5.497,0,102.7,0,7.84,0,11.02,3.75,8.11,0,-71.1,5.65,18.606,0,4.93,0,1.185,1.53,0,6.18
3/15/2026,19:30, ,gtmsswq_20H100466_030426_050000.bin,San Sebastian,default user,0,51.446,0,33.87,0,5.382,0,98.5,0,7.43,0,13.41,4.55,8.05,0,-67.8,5.65,19.324,0,6.3,0,1.184,1.87,0,7.53
3/15/2026,19:45, ,gtmsswq_20H100466_030426_050000.bin,San Sebastian,default user,0,51.531,0,33.93,0,5.284,0,94.7,0,7.06,0,15.35,5.19,8,0,-64.6,5.65,19.868,0,9.77,0,1.197,2.01,0,8.09
3/15/2026,20:00, ,gtmsswq_20H100466_030426_050000.bin,San Sebastian,default user,0,51.285,0,33.75,0,5.166,0,92.4,0,6.85,0,16.43,5.55,7.97,0,-63.3,5.65,20.342,0,9.63,0,1.192,2.13,0,8.58
3/15/2026,20:15, ,gtmsswq_20H100466_030426_050000.bin,San Sebastian,default user,0,51.087,0,33.6,0,5.091,0,89.3,0,6.58,0,17.19,5.8,7.94,0,-61.5,5.65,20.697,0,8.45,0,1.191,1.89,0,7.61
3/15/2026,20:30, ,gtmsswq_20H100466_030426_050000.bin,San Sebastian,default user,0,51.088,0,33.6,0,5.062,0,86.7,0,6.36,0,17.46,5.89,7.93,0,-60.8,5.65,20.85,0,1143.48,0,1.191,1.56,0,6.28
3/15/2026,20:45, ,gtmsswq_20H100466_030426_050000.bin,San Sebastian,default user,0,50.989,0,33.53,0,4.998,0,86.4,0,6.32,0,19.07,6.43,7.91,0,-59.7,5.65,21.095,0,6.39,0,1.19,1.4,0,5.62
3/15/2026,21:00, ,gtmsswq_20H100466_030426_050000.bin,San Sebastian,default user,0,50.798,0,33.38,0,4.915,0,84.4,0,6.16,0,1.95,0.72,7.89,0,-58.7,5.65,21.255,0,6,0,0.715,1.25,0,5.02
3/15/2026,21:15, ,gtmsswq_20H100466_030426_050000.bin,San Sebastian,default user,0,50.88,0,33.44,0,4.857,0,83.7,0,6.1,0,20.04,6.75,7.89,0,-58.6,5.65,21.3,0,8.56,0,1.185,1.45,0,5.84
3/15/2026,21:30, ,gtmsswq_20H100466_030426_050000.bin,San Sebastian,default user,0,50.863,0,33.43,0,4.776,0,84.1,0,6.11,0,21.01,7.08,7.87,0,-57.7,5.65,21.459,0,10.61,0,1.195,1.49,0,6.01
3/15/2026,21:45, ,gtmsswq_20H100466_030426_050000.bin,San Sebastian,default user,0,50.612,0,33.24,0,4.718,0,82.6,0,5.97,0,23.15,7.79,7.85,0,-56.2,5.65,21.854,0,10.51,0,1.185,1.52,0,6.13
3/15/2026,22:00, ,gtmsswq_20H100466_030426_050000.bin,San Sebastian,default user,0,50.504,0,33.16,0,4.663,0,79.4,0,5.74,0,23.81,8.01,7.83,0,-55,5.65,21.91,0,9.6,0,1.182,1.51,0,6.09
3/15/2026,22:15, ,gtmsswq_20H100466_030426_050000.bin,San Sebastian,default user,0,50.443,0,33.12,0,4.61,0,77.8,0,5.63,0,24.3,8.17,7.82,0,-54.5,5.65,21.876,0,7.76,0,1.182,1.26,0,5.08
3/15/2026,22:30, ,gtmsswq_20H100466_030426_050000.bin,San Sebastian,default user,0,50.266,0,32.98,0,4.545,0,77.5,0,5.6,0,25.03,8.42,7.81,0,-54,5.66,21.959,0,7.51,0,1.199,1.2,0,4.85
3/15/2026,22:45, ,gtmsswq_20H100466_030426_050000.bin,San Sebastian,default user,0,50.152,0,32.9,0,4.511,0,74.4,0,5.37,0,26.32,8.85,7.79,0,-52.8,5.65,22.088,0,9.24,0,1.198,1.25,0,5.05
3/15/2026,23:00, ,gtmsswq_20H100466_030426_050000.bin,San Sebastian,default user,0,50.136,0,32.89,0,4.506,0,70.6,0,5.09,0,27.5,9.24,7.75,0,-50.8,5.65,22.126,0,6.19,0,1.184,0.9,0,3.62
3/15/2026,23:15, ,gtmsswq_20H100466_030426_050000.bin,San Sebastian,default user,0,50.213,0,32.94,0,4.465,0,70.7,0,5.1,0,25.66,8.63,7.77,0,-51.8,5.65,22.057,0,6.01,0,1.186,0.99,0,3.97
3/15/2026,23:30, ,gtmsswq_20H100466_030426_050000.bin,San Sebastian,default user,0,50.433,0,33.11,0,4.441,0,76.1,0,5.49,0,25.58,8.6,7.79,0,-53.1,5.65,22.002,0,7.5,0,1.191,1.07,0,4.3
3/15/2026,23:45, ,gtmsswq_20H100466_030426_050000.bin,San Sebastian,default user,0,50.52,0,33.17,0,4.388,0,75.5,0,5.44,0,25.23,8.49,7.79,0,-53.2,5.66,22.044,0,7.98,0,1.191,1.2,0,4.84
3/16/2026,0:00, ,gtmsswq_20H100466_030426_050000.bin,San Sebastian,default user,0,50.35,0,33.04,0,4.366,0,73.5,0,5.29,0,26.39,8.87,7.77,0,-51.8,5.65,22.13,0,5.91,0,1.193,0.92,0,3.7
3/16/2026,0:15, ,gtmsswq_20H100466_030426_050000.bin,San Sebastian,default user,0,50.463,0,33.13,0,4.39,0,64.6,0,4.65,0,24.88,8.37,7.74,0,-50.2,5.65,22.144,0,6.26,0,1.193,0.66,0,2.66
3/16/2026,0:30, ,gtmsswq_20H100466_030426_050000.bin,San Sebastian,default user,0,50.697,0,33.3,0,4.389,0,52.8,0,3.79,0,23.62,7.95,7.7,0,-47.7,5.65,22.177,0,3.52,0,1.195,0.64,0,2.58
3/16/2026,0:45, ,gtmsswq_20H100466_030426_050000.bin,San Sebastian,default user,0,50.856,0,33.42,0,4.41,0,64.2,0,4.6,0,23.24,7.82,7.76,0,-51.2,5.65,22.279,0,3.69,0,1.198,0.9,0,3.64
3/16/2026,1:00, ,gtmsswq_20H100466_030426_050000.bin,San Sebastian,default user,0,50.94,0,33.47,0,4.426,0,79.7,0,5.7,0,23.07,7.76,7.82,0,-54.8,5.65,22.431,0,4.75,0,1.195,1.2,0,4.85
3/16/2026,1:15, ,gtmsswq_20H100466_030426_050000.bin,San Sebastian,default user,0,50.975,0,33.5,0,4.455,0,67.6,0,4.83,0,22.52,7.58,7.75,0,-50.7,5.65,22.47,0,2.77,0,1.183,0.79,0,3.16
3/16/2026,1:30, ,gtmsswq_20H100466_030426_050000.bin,San Sebastian,default user,0,51.02,0,33.53,0,4.497,0,74.3,0,5.3,0,22.75,7.66,7.8,0,-53.8,5.65,22.508,0,4.33,0,1.189,1.07,0,4.3
3/16/2026,1:45, ,gtmsswq_20H100466_030426_050000.bin,San Sebastian,default user,0,51.102,0,33.59,0,4.552,0,81.4,0,5.79,0,22.81,7.68,7.83,0,-55.3,5.65,22.64,0,4.25,0,1.191,1.24,0,4.98
3/16/2026,2:00, ,gtmsswq_20H100466_030426_050000.bin,San Sebastian,default user,0,51.104,0,33.59,0,4.624,0,83.5,0,5.93,0,23.09,7.77,7.84,0,-55.8,5.65,22.659,0,3.54,0,1.194,1.26,0,5.08
3/16/2026,2:15, ,gtmsswq_20H100466_030426_050000.bin,San Sebastian,default user,0,51.072,0,33.57,0,4.692,0,83.7,0,5.97,0,22.9,7.71,7.84,0,-55.8,5.65,22.527,0,4.19,0,1.196,1.26,0,5.06
3/16/2026,2:30, ,gtmsswq_20H100466_030426_050000.bin,San Sebastian,default user,0,51.046,0,33.55,0,4.781,0,83.7,0,5.98,0,22.98,7.73,7.84,0,-55.8,5.65,22.405,0,4.47,0,1.191,1.23,0,4.96
3/16/2026,2:45, ,gtmsswq_20H100466_030426_050000.bin,San Sebastian,default user,0,51.006,0,33.52,0,4.856,0,84.7,0,6.06,0,22.95,7.72,7.84,0,-56.1,5.65,22.312,0,7.28,0,1.185,1.28,0,5.15
3/16/2026,3:00, ,gtmsswq_20H100466_030426_050000.bin,San Sebastian,default user,0,50.982,0,33.51,0,4.929,0,85.5,0,6.13,0,23.08,7.77,7.85,0,-56.5,5.65,22.151,0,6.62,0,1.186,1.4,0,5.64
3/16/2026,3:15, ,gtmsswq_20H100466_030426_050000.bin,San Sebastian,default user,0,50.945,0,33.49,0,5.013,0,84.9,0,6.13,0,23.17,7.8,7.85,0,-56.6,5.65,21.856,0,5.76,0,1.195,1.45,0,5.84
3/16/2026,3:30, ,gtmsswq_20H100466_030426_050000.bin,San Sebastian,default user,0,51.064,0,33.58,0,5.089,0,85.2,0,6.18,0,21.4,7.21,7.87,0,-57.3,5.65,21.53,0,5.2,0,1.19,1.48,0,5.97
3/16/2026,3:45, ,gtmsswq_20H100466_030426_050000.bin,San Sebastian,default user,0,51.022,0,33.55,0,5.168,0,85.2,0,6.2,0,21.02,7.08,7.87,0,-57.7,5.65,21.336,0,6.37,0,1.189,1.5,0,6.06
3/16/2026,4:00, ,gtmsswq_20H100466_030426_050000.bin,San Sebastian,default user,0,51.13,0,33.63,0,5.252,0,84.9,0,6.18,0,20.35,6.86,7.87,0,-57.6,5.65,21.344,0,9.29,0,1.189,1.35,0,5.42
3/16/2026,4:15, ,gtmsswq_20H100466_030426_050000.bin,San Sebastian,default user,0,51.171,0,33.66,0,5.327,0,85.6,0,6.24,0,19.8,6.67,7.88,0,-58.2,5.65,21.188,0,9.05,0,1.182,1.55,0,6.25
3/16/2026,4:30, ,gtmsswq_20H100466_030426_050000.bin,San Sebastian,default user,0,51.275,0,33.74,0,5.391,0,89.2,0,6.58,0,17.82,6.01,7.93,0,-60.8,5.65,20.571,0,11.09,0,1.182,1.55,0,6.25
3/16/2026,4:45, ,gtmsswq_20H100466_030426_050000.bin,San Sebastian,default user,0,51.442,0,33.87,0,5.448,0,93.4,0,7.01,0,15.13,5.12,8,0,-65,5.65,19.607,0,11.35,0,1.193,1.76,0,7.11
3/16/2026,5:00, ,gtmsswq_20H100466_030426_050000.bin,San Sebastian,default user,0,51.575,0,33.97,0,5.5,0,96.2,0,7.31,0,12.69,4.3,8.05,0,-67.7,5.65,18.907,0,11.14,0,1.194,1.97,0,7.96
3/16/2026,5:15, ,gtmsswq_20H100466_030426_050000.bin,San Sebastian,default user,0,51.784,0,34.12,0,5.545,0,98.4,0,7.57,0,10.5,3.57,8.1,0,-70.2,5.65,18.21,0,10.38,0,1.19,2.07,0,8.35
3/16/2026,5:30, ,gtmsswq_20H100466_030426_050000.bin,San Sebastian,default user,0,51.875,0,34.18,0,5.6,0,99.4,0,7.68,0,9.49,3.24,8.11,0,-71,5.65,17.918,0,9.28,0,1.188,1.85,0,7.47
3/16/2026,5:45, ,gtmsswq_20H100466_030426_050000.bin,San Sebastian,default user,0,51.926,0,34.22,0,5.644,0,100.3,0,7.77,0,8.66,2.96,8.13,0,-71.7,5.65,17.763,0,8.76,0,1.183,1.96,0,7.9
3/16/2026,6:00, ,gtmsswq_20H100466_030426_050000.bin,San Sebastian,default user,0,51.942,0,34.23,0,5.674,0,100.4,0,7.78,0,8.67,2.96,8.13,0,-71.8,5.65,17.745,0,8.45,0,1.196,1.91,0,7.7
3/16/2026,6:15, ,gtmsswq_20H100466_030426_050000.bin,San Sebastian,default user,0,51.985,0,34.26,0,5.698,0,100.7,0,7.8,0,8.12,2.78,8.13,0,-72.1,5.65,17.707,0,7.53,0,1.195,1.82,0,7.33
3/16/2026,6:30, ,gtmsswq_20H100466_030426_050000.bin,San Sebastian,default user,0,51.99,0,34.27,0,5.696,0,100.2,0,7.76,0,8.3,2.84,8.13,0,-72,5.65,17.723,0,7.29,0,1.189,1.67,0,6.73
3/16/2026,6:45, ,gtmsswq_20H100466_030426_050000.bin,San Sebastian,default user,0,51.996,0,34.27,0,5.692,0,98.9,0,7.66,0,8.55,2.92,8.13,0,-71.8,5.65,17.737,0,4.75,0,1.182,1.4,0,5.63
3/16/2026,7:00, ,gtmsswq_20H100466_030426_050000.bin,San Sebastian,default user,0,52,0,34.27,0,5.678,0,97.5,0,7.55,0,8.36,2.86,8.13,0,-71.7,5.65,17.735,0,4.34,0,1.19,1.32,0,5.32
3/16/2026,7:15, ,gtmsswq_20H100466_030426_050000.bin,San Sebastian,default user,0,51.988,0,34.27,0,5.671,0,93.2,0,7.22,0,8.51,2.91,8.11,0,-70.5,5.65,17.76,0,4.28,0,1.193,0.77,0,3.09
3/16/2026,7:30, ,gtmsswq_20H100466_030426_050000.bin,San Sebastian,default user,0,51.986,0,34.26,0,5.65,0,94.2,0,7.3,0,8.61,2.94,8.11,0,-70.6,5.65,17.773,0,5.25,0,1.182,1.11,0,4.48
3/16/2026,7:45, ,gtmsswq_20H100466_030426_050000.bin,San Sebastian,default user,0,51.942,0,34.23,0,5.606,0,97.4,0,7.53,0,9.08,3.1,8.12,0,-71.2,5.65,17.86,0,5.55,0,1.186,1.16,0,4.68
3/16/2026,8:00, ,gtmsswq_20H100466_030426_050000.bin,San Sebastian,default user,0,51.862,0,34.17,0,5.544,0,96.3,0,7.42,0,10.01,3.41,8.1,0,-70.1,5.65,18.06,0,6.67,0,1.198,1.37,0,5.52
3/16/2026,8:15, ,gtmsswq_20H100466_030426_050000.bin,San Sebastian,default user,0,51.778,0,34.11,0,5.483,0,95.1,0,7.3,0,10.69,3.64,8.08,0,-69.2,5.64,18.269,0,5.76,0,1.192,1.22,0,4.92
3/16/2026,8:30, ,gtmsswq_20H100466_030426_050000.bin,San Sebastian,default user,0,51.693,0,34.05,0,5.414,0,94.2,0,7.19,0,12.18,4.13,8.06,0,-68,5.65,18.653,0,7.59,0,1.186,1.46,0,5.87
3/16/2026,8:45, ,gtmsswq_20H100466_030426_050000.bin,San Sebastian,default user,0,51.534,0,33.94,0,5.33,0,91.4,0,6.89,0,14.33,4.85,8.01,0,-65.3,5.65,19.284,0,8.1,0,1.187,1.43,0,5.77
3/16/2026,9:00, ,gtmsswq_20H100466_030426_050000.bin,San Sebastian,default user,0,51.33,0,33.78,0,5.243,0,87.8,0,6.54,0,17.37,5.86,7.95,0,-62.1,5.65,20.019,0,6.82,0,1.184,1.22,0,4.91
3/16/2026,9:15, ,gtmsswq_20H100466_030426_050000.bin,San Sebastian,default user,0,51.215,0,33.7,0,5.161,0,85.2,0,6.3,0,18.3,6.17,7.92,0,-60,5.65,20.478,0,7.75,0,1.187,1.04,0,4.17
3/16/2026,9:30, ,gtmsswq_20H100466_030426_050000.bin,San Sebastian,default user,0,51.144,0,33.64,0,5.083,0,82.2,0,6.06,0,19.04,6.42,7.89,0,-58.3,5.65,20.648,0,9.07,0,1.197,0.97,0,3.92
3/16/2026,9:45, ,gtmsswq_20H100466_030426_050000.bin,San Sebastian,default user,0,51.122,0,33.63,0,5.024,0,81.1,0,5.95,0,19.94,6.72,7.87,0,-57.2,5.65,20.891,0,6.96,0,1.196,0.89,0,3.59
3/16/2026,10:00, ,gtmsswq_20H100466_030426_050000.bin,San Sebastian,default user,0,51.087,0,33.6,0,4.953,0,81.8,0,5.99,0,20.81,7.01,7.86,0,-56.8,5.65,21.01,0,7.91,0,1.188,0.93,0,3.75
3/16/2026,10:15, ,gtmsswq_20H100466_030426_050000.bin,San Sebastian,default user,0,50.935,0,33.48,0,4.875,0,79.6,0,5.78,0,21.92,7.38,7.83,0,-55.3,5.65,21.512,0,8.42,0,1.193,0.92,0,3.7
3/16/2026,10:30, ,gtmsswq_20H100466_030426_050000.bin,San Sebastian,default user,0,50.992,0,33.52,0,4.807,0,79.8,0,5.79,0,21.33,7.18,7.83,0,-55.2,5.65,21.53,0,10.04,0,1.196,0.97,0,3.9
3/16/2026,10:45, ,gtmsswq_20H100466_030426_050000.bin,San Sebastian,default user,0,50.767,0,33.35,0,4.743,0,78.8,0,5.69,0,24.23,8.15,7.81,0,-54.1,5.65,21.91,0,8.02,0,1.198,0.91,0,3.68
3/16/2026,11:00, ,gtmsswq_20H100466_030426_050000.bin,San Sebastian,default user,0,50.739,0,33.33,0,4.666,0,78,0,5.62,0,24.03,8.09,7.8,0,-53.6,5.65,22.024,0,10.8,0,1.2,0.98,0,3.94
3/16/2026,11:15, ,gtmsswq_20H100466_030426_050000.bin,San Sebastian,default user,0,50.609,0,33.23,0,4.603,0,78,0,5.6,0,24.88,8.37,7.79,0,-53.2,5.65,22.198,0,10.23,0,1.192,0.97,0,3.9
3/16/2026,11:30, ,gtmsswq_20H100466_030426_050000.bin,San Sebastian,default user,0,50.751,0,33.34,0,4.54,0,76.3,0,5.47,0,23.24,7.82,7.78,0,-52.5,5.65,22.295,0,10.08,0,1.187,0.87,0,3.49
3/16/2026,11:45, ,gtmsswq_20H100466_030426_050000.bin,San Sebastian,default user,0,50.653,0,33.26,0,4.488,0,76.1,0,5.45,0,24.78,8.33,7.77,0,-52.1,5.65,22.411,0,10.21,0,1.184,0.73,0,2.93
3/16/2026,12:00, ,gtmsswq_20H100466_030426_050000.bin,San Sebastian,default user,0,50.432,0,33.1,0,4.443,0,73.9,0,5.29,0,27.15,9.12,7.76,0,-51.3,5.65,22.476,0,8.6,0,1.199,0.94,0,3.8
3/16/2026,12:15, ,gtmsswq_20H100466_030426_050000.bin,San Sebastian,default user,0,50.489,0,33.14,0,4.408,0,70.5,0,5.04,0,25.8,8.67,7.74,0,-49.9,5.65,22.527,0,10.14,0,1.196,0.88,0,3.53
3/16/2026,12:30, ,gtmsswq_20H100466_030426_050000.bin,San Sebastian,default user,0,50.57,0,33.2,0,4.38,0,79.4,0,5.67,0,25.15,8.46,7.79,0,-53,5.65,22.569,0,10.54,0,1.196,1.1,0,4.42
3/16/2026,12:45, ,gtmsswq_20H100466_030426_050000.bin,San Sebastian,default user,0,50.535,0,33.18,0,4.364,0,77.2,0,5.51,0,24.84,8.35,7.78,0,-52.4,5.65,22.519,0,9.48,0,1.196,0.89,0,3.57
3/16/2026,13:00, ,gtmsswq_20H100466_030426_050000.bin,San Sebastian,default user,0,50.601,0,33.22,0,4.359,0,69.1,0,4.94,0,25.02,8.41,7.74,0,-49.9,5.65,22.503,0,5.68,0,1.187,0.73,0,2.92
3/16/2026,13:15, ,gtmsswq_20H100466_030426_050000.bin,San Sebastian,default user,0,50.763,0,33.34,0,4.379,0,66.2,0,4.73,0,22.43,7.55,7.73,0,-49.3,5.65,22.422,0,5.22,0,1.184,0.76,0,3.07
3/16/2026,13:30, ,gtmsswq_20H100466_030426_050000.bin,San Sebastian,default user,0,50.82,0,33.39,0,4.405,0,68.1,0,4.87,0,22.75,7.66,7.73,0,-49.6,5.65,22.419,0,4.5,0,1.193,0.47,0,1.87
3/16/2026,13:45, ,gtmsswq_20H100466_030426_050000.bin,San Sebastian,default user,0,50.857,0,33.41,0,4.427,0,70.3,0,5.02,0,22.55,7.59,7.76,0,-51.4,5.65,22.469,0,4.45,0,1.192,0.75,0,3.02
3/16/2026,14:00, ,gtmsswq_20H100466_030426_050000.bin,San Sebastian,default user,0,50.875,0,33.43,0,4.471,0,77.9,0,5.56,0,22.58,7.6,7.81,0,-54,5.65,22.518,0,5.11,0,1.192,0.99,0,3.98
3/16/2026,14:15, ,gtmsswq_20H100466_030426_050000.bin,San Sebastian,default user,0,50.906,0,33.45,0,4.528,0,81.5,0,5.81,0,22.81,7.68,7.81,0,-54.3,5.65,22.565,0,5.38,0,1.183,0.81,0,3.25
3/16/2026,14:30, ,gtmsswq_20H100466_030426_050000.bin,San Sebastian,default user,0,50.92,0,33.46,0,4.612,0,81.7,0,5.82,0,23.08,7.77,7.82,0,-54.8,5.65,22.618,0,6.47,0,1.183,1.05,0,4.22
3/16/2026,14:45, ,gtmsswq_20H100466_030426_050000.bin,San Sebastian,default user,0,50.929,0,33.47,0,4.681,0,81.8,0,5.84,0,22.56,7.59,7.82,0,-54.9,5.65,22.508,0,7.56,0,1.186,0.89,0,3.57
3/16/2026,15:00, ,gtmsswq_20H100466_030426_050000.bin,San Sebastian,default user,0,50.956,0,33.49,0,4.737,0,81,0,5.79,0,22.92,7.71,7.82,0,-54.6,5.65,22.331,0,9.09,0,1.2,0.94,0,3.78
3/16/2026,15:15, ,gtmsswq_20H100466_030426_050000.bin,San Sebastian,default user,0,50.924,0,33.47,0,4.74,0,82.5,0,5.91,0,22.23,7.48,7.83,0,-55.4,5.65,22.256,0,7.29,0,1.195,0.97,0,3.89
3/16/2026,15:30, ,gtmsswq_20H100466_030426_050000.bin,San Sebastian,default user,0,50.879,0,33.43,0,4.792,0,83.1,0,5.96,0,22.78,7.67,7.83,0,-55.3,5.65,22.259,0,5.78,0,1.189,0.99,0,3.99
3/16/2026,15:45, ,gtmsswq_20H100466_030426_050000.bin,San Sebastian,default user,0,50.795,0,33.37,0,4.862,0,84.9,0,6.1,0,23.25,7.82,7.84,0,-55.7,5.65,22.158,0,6.93,0,1.185,1.11,0,4.45
3/16/2026,16:00, ,gtmsswq_20H100466_030426_050000.bin,San Sebastian,default user,0,50.751,0,33.34,0,4.944,0,85.8,0,6.18,0,22.61,7.61,7.85,0,-56.3,5.65,22.037,0,6.17,0,1.187,1.26,0,5.08
3/16/2026,16:15, ,gtmsswq_20H100466_030426_050000.bin,San Sebastian,default user,0,50.693,0,33.3,0,5.035,0,86.5,0,6.25,0,21.73,7.32,7.86,0,-57,5.65,21.827,0,8.38,0,1.195,1.3,0,5.22
3/16/2026,16:30, ,gtmsswq_20H100466_030426_050000.bin,San Sebastian,default user,0,50.784,0,33.37,0,5.106,0,87.5,0,6.34,0,21.38,7.2,7.87,0,-57.7,5.65,21.653,0,7.01,0,1.193,1.39,0,5.59
3/16/2026,16:45, ,gtmsswq_20H100466_030426_050000.bin,San Sebastian,default user,0,50.883,0,33.45,0,5.136,0,87.5,0,6.38,0,20.02,6.75,7.89,0,-58.6,5.65,21.325,0,6.61,0,1.191,1.44,0,5.78
3/16/2026,17:00, ,gtmsswq_20H100466_030426_050000.bin,San Sebastian,default user,0,50.993,0,33.53,0,5.187,0,87.1,0,6.37,0,19.75,6.66,7.89,0,-58.8,5.65,21.15,0,5.6,0,1.188,1.32,0,5.31
3/16/2026,17:15, ,gtmsswq_20H100466_030426_050000.bin,San Sebastian,default user,0,51.042,0,33.57,0,5.274,0,87.7,0,6.44,0,18.52,6.25,7.91,0,-60,5.65,20.877,0,6.68,0,1.189,1.4,0,5.64
3/16/2026,17:30, ,gtmsswq_20H100466_030426_050000.bin,San Sebastian,default user,0,51.078,0,33.59,0,5.345,0,89.1,0,6.56,0,17.57,5.93,7.93,0,-60.9,5.65,20.705,0,8.64,0,1.185,1.48,0,5.98
3/16/2026,17:45, ,gtmsswq_20H100466_030426_050000.bin,San Sebastian,default user,0,51.234,0,33.71,0,5.38,0,92.9,0,6.91,0,16.05,5.42,7.98,0,-63.6,5.65,20.147,0,7.98,0,1.191,2.62,0,10.57
3/16/2026,18:00, ,gtmsswq_20H100466_030426_050000.bin,San Sebastian,default user,0,51.357,0,33.81,0,5.403,0,95.6,0,7.18,0,13.48,4.57,8.03,0,-66.2,5.65,19.526,0,10.06,0,1.195,2.16,0,8.69
3/16/2026,18:15, ,gtmsswq_20H100466_030426_050000.bin,San Sebastian,default user,0,51.505,0,33.91,0,5.427,0,96.6,0,7.33,0,11.68,3.97,8.06,0,-68,5.65,18.996,0,11.66,0,1.196,2.47,0,9.95
3/16/2026,18:30, ,gtmsswq_20H100466_030426_050000.bin,San Sebastian,default user,0,51.613,0,33.99,0,5.472,0,97.6,0,7.46,0,10.45,3.56,8.08,0,-69.2,5.65,18.535,0,14.18,0,1.199,2.92,0,11.76
3/16/2026,18:45, ,gtmsswq_20H100466_030426_050000.bin,San Sebastian,default user,0,51.703,0,34.06,0,5.506,0,97.8,0,7.53,0,9.74,3.32,8.09,0,-69.9,5.65,18.156,0,16.04,0,1.199,2.92,0,11.78
3/16/2026,19:00, ,gtmsswq_20H100466_030426_050000.bin,San Sebastian,default user,0,51.757,0,34.1,0,5.516,0,97.7,0,7.55,0,9.47,3.23,8.1,0,-70.1,5.65,17.961,0,12.22,0,1.197,3.38,0,13.62
3/16/2026,19:15, ,gtmsswq_20H100466_030426_050000.bin,San Sebastian,default user,0,51.822,0,34.14,0,5.51,0,97.3,0,7.54,0,9.05,3.09,8.1,0,-70.3,5.63,17.771,0,12.79,0,1.191,2.88,0,11.62
3/16/2026,19:30, ,gtmsswq_20H100466_030426_050000.bin,San Sebastian,default user,0,51.848,0,34.16,0,5.489,0,96.1,0,7.46,0,9.19,3.14,8.1,0,-70.2,5.65,17.689,0,7.06,0,1.182,2.3,0,9.29
3/16/2026,19:45, ,gtmsswq_20H100466_030426_050000.bin,San Sebastian,default user,0,51.865,0,34.17,0,5.447,0,90.7,0,7.05,0,9.49,3.24,8.08,0,-68.8,5.65,17.645,0,5.51,0,1.182,0.92,0,3.71
3/16/2026,20:00, ,gtmsswq_20H100466_030426_050000.bin,San Sebastian,default user,0,51.619,0,34,0,5.419,0,93.6,0,7.15,0,11.67,3.96,8.06,0,-67.8,5.65,18.592,0,6.2,0,1.189,2.47,0,9.95
3/16/2026,20:15, ,gtmsswq_20H100466_030426_050000.bin,San Sebastian,default user,0,51.436,0,33.86,0,5.388,0,92.3,0,6.96,0,14.17,4.8,8.02,0,-65.6,5.64,19.315,0,11.96,0,1.191,2.04,0,8.2
3/16/2026,20:30, ,gtmsswq_20H100466_030426_050000.bin,San Sebastian,default user,0,51.247,0,33.72,0,5.349,0,90.7,0,6.83,0,15.48,5.23,8,0,-64.6,5.64,19.406,0,8.15,0,1.195,1.87,0,7.55
3/16/2026,20:45, ,gtmsswq_20H100466_030426_050000.bin,San Sebastian,default user,0,51.097,0,33.61,0,5.276,0,88.4,0,6.65,0,15.52,5.25,7.98,0,-63.8,5.65,19.501,0,9.75,0,1.183,1.69,0,6.8
3/16/2026,21:00, ,gtmsswq_20H100466_030426_050000.bin,San Sebastian,default user,0,50.948,0,33.5,0,5.213,0,86.3,0,6.43,0,18.1,6.11,7.94,0,-61.3,5.64,20.063,0,9.29,0,1.183,1.52,0,6.12
3/16/2026,21:15, ,gtmsswq_20H100466_030426_050000.bin,San Sebastian,default user,0,50.625,0,33.26,0,5.139,0,82.8,0,6.11,0,20.31,6.84,7.89,0,-58.5,5.64,20.732,0,9.58,0,1.19,1.22,0,4.9
3/16/2026,21:30, ,gtmsswq_20H100466_030426_050000.bin,San Sebastian,default user,0,50.504,0,33.17,0,5.069,0,79.4,0,5.88,0,20.77,7,7.87,0,-57.3,5.65,20.47,0,10.12,0,1.192,1.25,0,5.05
3/16/2026,21:45, ,gtmsswq_20H100466_030426_050000.bin,San Sebastian,default user,0,50.299,0,33.02,0,4.998,0,79,0,5.83,0,21.11,7.11,7.85,0,-56.5,5.64,20.72,0,10.24,0,1.194,1.18,0,4.73
3/16/2026,22:00, ,gtmsswq_20H100466_030426_050000.bin,San Sebastian,default user,0,50.18,0,32.93,0,4.931,0,77.3,0,5.73,0,21.99,7.4,7.83,0,-55.3,5.65,20.579,0,12.02,0,1.19,1.23,0,4.94
3/16/2026,22:15, ,gtmsswq_20H100466_030426_050000.bin,San Sebastian,default user,0,49.981,0,32.79,0,4.803,0,76.3,0,5.64,0,23.39,7.87,7.81,0,-54.1,5.65,20.779,0,12.51,0,1.193,1.05,0,4.23
3/16/2026,22:30, ,gtmsswq_20H100466_030426_050000.bin,San Sebastian,default user,0,50.251,0,32.98,0,4.74,0,77,0,5.65,0,24.11,8.11,7.81,0,-53.9,5.65,21.076,0,13.73,0,1.197,1.15,0,4.65
3/16/2026,22:45, ,gtmsswq_20H100466_030426_050000.bin,San Sebastian,default user,0,50.007,0,32.81,0,4.618,0,77.6,0,5.74,0,23.53,7.92,7.83,0,-54.8,5.65,20.643,0,13.81,0,1.194,3.01,0,12.13
3/16/2026,23:00, ,gtmsswq_20H100466_030426_050000.bin,San Sebastian,default user,0,49.976,0,32.78,0,4.535,0,75.6,0,5.56,0,25.88,8.7,7.79,0,-52.8,5.65,21.031,0,16.38,0,1.188,1.23,0,4.95
3/16/2026,23:15, ,gtmsswq_20H100466_030426_050000.bin,San Sebastian,default user,0,49.861,0,32.69,0,4.489,0,74.8,0,5.47,0,27.45,9.22,7.78,0,-52.3,5.65,21.305,0,14.8,0,1.187,1.16,0,4.67
3/16/2026,23:30, ,gtmsswq_20H100466_030426_050000.bin,San Sebastian,default user,0,49.679,0,32.56,0,4.432,0,73.1,0,5.33,0,29.02,9.75,7.76,0,-51.1,5.64,21.546,0,13.49,0,1.186,0.98,0,3.94
3/16/2026,23:45, ,gtmsswq_20H100466_030426_050000.bin,San Sebastian,default user,0,49.553,0,32.47,0,4.327,0,73.4,0,5.35,0,30.64,10.29,7.75,0,-50.7,5.65,21.617,0,14.95,0,1.183,1.04,0,4.2
3/17/2026,0:00, ,gtmsswq_20H100466_030426_050000.bin,San Sebastian,default user,0,49.328,0,32.3,0,4.263,0,72.2,0,5.26,0,32.45,10.89,7.73,0,-49.6,5.65,21.766,0,13.62,0,1.196,0.95,0,3.8
3/17/2026,0:15, ,gtmsswq_20H100466_030426_050000.bin,San Sebastian,default user,0,49.218,0,32.22,0,4.238,0,71,0,5.17,0,33.29,11.17,7.73,0,-49.1,5.65,21.695,0,13.21,0,1.193,0.82,0,3.31
3/17/2026,0:30, ,gtmsswq_20H100466_030426_050000.bin,San Sebastian,default user,0,49.23,0,32.23,0,4.213,0,71.1,0,5.2,0,32.13,10.78,7.73,0,-49.2,5.65,21.544,0,16.25,0,1.191,0.93,0,3.74
3/17/2026,0:45, ,gtmsswq_20H100466_030426_050000.bin,San Sebastian,default user,0,49.872,0,32.7,0,4.21,0,62,0,4.53,0,27.88,9.37,7.71,0,-48.1,5.64,21.41,0,8.75,0,1.19,0.69,0,2.78
3/17/2026,1:00, ,gtmsswq_20H100466_030426_050000.bin,San Sebastian,default user,0,50.204,0,32.94,0,4.202,0,71.4,0,5.2,0,25.83,8.68,7.77,0,-51.4,5.65,21.533,0,6.8,0,1.19,0.85,0,3.44
3/17/2026,1:15, ,gtmsswq_20H100466_030426_050000.bin,San Sebastian,default user,0,50.19,0,32.93,0,4.188,0,47.4,0,3.45,0,25.18,8.47,7.65,0,-44.9,5.65,21.538,0,6.2,0,1.188,0.48,0,1.92
3/17/2026,1:30, ,gtmsswq_20H100466_030426_050000.bin,San Sebastian,default user,0,50.183,0,32.93,0,4.198,0,40.4,0,2.94,0,24.88,8.37,7.63,0,-43.2,5.64,21.539,0,6.7,0,1.188,0.36,0,1.46
3/17/2026,1:45, ,gtmsswq_20H100466_030426_050000.bin,San Sebastian,default user,0,50.325,0,33.03,0,4.252,0,69.4,0,5.04,0,24.76,8.33,7.75,0,-50.5,5.65,21.572,0,5.02,0,1.184,0.67,0,2.7
3/17/2026,2:00, ,gtmsswq_20H100466_030426_050000.bin,San Sebastian,default user,0,50.358,0,33.06,0,4.361,0,68.8,0,5,0,24.04,8.09,7.75,0,-50.3,5.65,21.601,0,6.2,0,1.199,0.68,0,2.74
3/17/2026,2:15, ,gtmsswq_20H100466_030426_050000.bin,San Sebastian,default user,0,50.433,0,33.11,0,4.463,0,79.9,0,5.8,0,24.65,8.29,7.82,0,-54.7,5.65,21.653,0,7.27,0,1.201,0.93,0,3.75
3/17/2026,2:30, ,gtmsswq_20H100466_030426_050000.bin,San Sebastian,default user,0,50.446,0,33.12,0,4.541,0,81,0,5.87,0,24.38,8.2,7.83,0,-55,5.65,21.706,0,7.41,0,1.196,0.98,0,3.94
3/17/2026,2:45, ,gtmsswq_20H100466_030426_050000.bin,San Sebastian,default user,0,50.481,0,33.15,0,4.635,0,80.8,0,5.86,0,24.23,8.15,7.82,0,-54.7,5.65,21.705,0,5.84,0,1.196,0.83,0,3.34
3/17/2026,3:00, ,gtmsswq_20H100466_030426_050000.bin,San Sebastian,default user,0,50.347,0,33.05,0,4.742,0,81,0,5.9,0,25.09,8.44,7.82,0,-54.7,5.65,21.456,0,9.5,0,1.19,1.1,0,4.43
3/17/2026,3:15, ,gtmsswq_20H100466_030426_050000.bin,San Sebastian,default user,0,50.427,0,33.11,0,4.847,0,81.8,0,5.97,0,25.25,8.49,7.83,0,-54.9,5.65,21.312,0,8.14,0,1.183,1.08,0,4.34
3/17/2026,3:30, ,gtmsswq_20H100466_030426_050000.bin,San Sebastian,default user,0,50.414,0,33.1,0,4.927,0,81.6,0,5.99,0,24.39,8.2,7.83,0,-55.2,5.65,21.021,0,10.01,0,1.19,1.08,0,4.35
3/17/2026,3:45, ,gtmsswq_20H100466_030426_050000.bin,San Sebastian,default user,0,50.616,0,33.25,0,4.993,0,82.1,0,6.07,0,24.02,8.08,7.84,0,-55.8,5.65,20.619,0,9.84,0,1.191,1.07,0,4.3
3/17/2026,4:00, ,gtmsswq_20H100466_030426_050000.bin,San Sebastian,default user,0,50.499,0,33.17,0,5.089,0,82.5,0,6.12,0,23.41,7.88,7.86,0,-56.5,5.64,20.46,0,7.3,0,1.198,1.16,0,4.66
3/17/2026,4:15, ,gtmsswq_20H100466_030426_050000.bin,San Sebastian,default user,0,50.599,0,33.24,0,5.164,0,82.3,0,6.09,0,22.87,7.7,7.85,0,-56.4,5.65,20.533,0,8.66,0,1.2,1.22,0,4.9
3/17/2026,4:30, ,gtmsswq_20H100466_030426_050000.bin,San Sebastian,default user,0,50.634,0,33.27,0,5.225,0,82.2,0,6.09,0,22.09,7.44,7.86,0,-56.7,5.63,20.465,0,10.17,0,1.191,1.26,0,5.08
3/17/2026,4:45, ,gtmsswq_20H100466_030426_050000.bin,San Sebastian,default user,0,50.765,0,33.37,0,5.289,0,83.2,0,6.19,0,21.36,7.19,7.88,0,-57.9,5.65,20.198,0,11.96,0,1.182,1.41,0,5.67
3/17/2026,5:00, ,gtmsswq_20H100466_030426_050000.bin,San Sebastian,default user,0,51.13,0,33.64,0,5.354,0,88.8,0,6.74,0,17.46,5.89,7.96,0,-62.3,5.65,19.046,0,12.74,0,1.185,1.89,0,7.61
3/17/2026,5:15, ,gtmsswq_20H100466_030426_050000.bin,San Sebastian,default user,0,51.617,0,33.99,0,5.405,0,92.6,0,7.22,0,13.31,4.51,8.03,0,-66.3,5.64,17.522,0,13.55,0,1.202,2.02,0,8.15
3/17/2026,5:30, ,gtmsswq_20H100466_030426_050000.bin,San Sebastian,default user,0,51.897,0,34.19,0,5.496,0,93.8,0,7.4,0,11,3.74,8.07,0,-68.1,5.64,16.793,0,13.39,0,1.191,2.29,0,9.21
3/17/2026,5:45, ,gtmsswq_20H100466_030426_050000.bin,San Sebastian,default user,0,52.024,0,34.28,0,5.58,0,94.3,0,7.48,0,9.92,3.38,8.08,0,-68.9,5.61,16.506,0,14.17,0,1.188,2.34,0,9.42
3/17/2026,6:00, ,gtmsswq_20H100466_030426_050000.bin,San Sebastian,default user,0,52.104,0,34.33,0,5.645,0,94.4,0,7.51,0,9.03,3.08,8.1,0,-69.6,5.62,16.362,0,14.09,0,1.196,2.35,0,9.48
3/17/2026,6:15, ,gtmsswq_20H100466_030426_050000.bin,San Sebastian,default user,0,52.15,0,34.37,0,5.691,0,94.6,0,7.53,0,9.45,3.22,8.1,0,-70,5.63,16.28,0,14.19,0,1.199,2.36,0,9.5
3/17/2026,6:30, ,gtmsswq_20H100466_030426_050000.bin,San Sebastian,default user,0,52.149,0,34.36,0,5.731,0,94.5,0,7.52,0,9.71,3.31,8.1,0,-70,5.61,16.298,0,12.06,0,1.199,2.39,0,9.65
3/17/2026,6:45, ,gtmsswq_20H100466_030426_050000.bin,San Sebastian,default user,0,52.147,0,34.36,0,5.762,0,94.4,0,7.52,0,9.55,3.26,8.1,0,-70.1,5.61,16.295,0,13.29,0,1.191,2.36,0,9.52
3/17/2026,7:00, ,gtmsswq_20H100466_030426_050000.bin,San Sebastian,default user,0,52.156,0,34.37,0,5.788,0,94.4,0,7.52,0,9.38,3.2,8.11,0,-70.2,5.6,16.245,0,12.62,0,1.183,2.3,0,9.25
3/17/2026,7:15, ,gtmsswq_20H100466_030426_050000.bin,San Sebastian,default user,0,52.189,0,34.39,0,5.812,0,94.4,0,7.53,0,9.35,3.19,8.11,0,-70.4,5.6,16.185,0,13.29,0,1.191,2.54,0,10.23
3/17/2026,7:30, ,gtmsswq_20H100466_030426_050000.bin,San Sebastian,default user,0,52.199,0,34.4,0,5.808,0,93.9,0,7.49,0,8.56,2.93,8.11,0,-70.3,5.61,16.162,0,31.2,0,1.195,2.69,0,10.83
3/17/2026,7:45, ,gtmsswq_20H100466_030426_050000.bin,San Sebastian,default user,0,52.2,0,34.4,0,5.793,0,90.2,0,7.2,0,8.81,3.01,8.1,0,-69.5,5.6,16.147,0,7.66,0,1.191,1.35,0,5.42
3/17/2026,8:00, ,gtmsswq_20H100466_030426_050000.bin,San Sebastian,default user,0,52.204,0,34.4,0,5.757,0,87.4,0,6.98,0,9.51,3.24,8.07,0,-68.3,5.61,16.136,0,7.96,0,1.186,1.48,0,5.95
3/17/2026,8:15, ,gtmsswq_20H100466_030426_050000.bin,San Sebastian,default user,0,52.191,0,34.39,0,5.737,0,91.9,0,7.34,0,9.23,3.15,8.1,0,-70,5.6,16.12,0,8.27,0,1.185,2.09,0,8.44
3/17/2026,8:30, ,gtmsswq_20H100466_030426_050000.bin,San Sebastian,default user,0,52.111,0,34.33,0,5.711,0,93.7,0,7.48,0,10.28,3.5,8.1,0,-69.7,5.6,16.159,0,9.23,0,1.197,1.81,0,7.27
3/17/2026,8:45, ,gtmsswq_20H100466_030426_050000.bin,San Sebastian,default user,0,52.044,0,34.28,0,5.649,0,92.1,0,7.36,0,10.84,3.69,8.08,0,-68.5,5.61,16.086,0,6.73,0,1.192,1.39,0,5.61
3/17/2026,9:00, ,gtmsswq_20H100466_030426_050000.bin,San Sebastian,default user,0,51.983,0,34.24,0,5.567,0,91.9,0,7.35,0,11.58,3.93,8.07,0,-67.8,5.6,16.075,0,7.16,0,1.183,1.32,0,5.31
3/17/2026,9:15, ,gtmsswq_20H100466_030426_050000.bin,San Sebastian,default user,0,51.79,0,34.1,0,5.486,0,91.2,0,7.27,0,12.94,4.39,8.05,0,-66.8,5.6,16.347,0,6.4,0,1.184,1.21,0,4.86
3/17/2026,9:30, ,gtmsswq_20H100466_030426_050000.bin,San Sebastian,default user,0,51.768,0,34.09,0,5.416,0,90.2,0,7.18,0,13.17,4.46,8.03,0,-65.7,5.62,16.392,0,8.11,0,1.191,1.26,0,5.09
3/17/2026,9:45, ,gtmsswq_20H100466_030426_050000.bin,San Sebastian,default user,0,51.708,0,34.04,0,5.35,0,90.2,0,7.15,0,14.43,4.88,8.01,0,-65,5.59,16.581,0,7.22,0,1.199,1.08,0,4.37
3/17/2026,10:00, ,gtmsswq_20H100466_030426_050000.bin,San Sebastian,default user,0,51.43,0,33.85,0,5.277,0,89.7,0,7.03,0,16.33,5.52,7.99,0,-64,5.6,17.274,0,7.65,0,1.194,1.09,0,4.4
3/17/2026,10:15, ,gtmsswq_20H100466_030426_050000.bin,San Sebastian,default user,0,51.217,0,33.7,0,5.193,0,88.1,0,6.84,0,17.85,6.02,7.96,0,-62,5.61,17.826,0,8.76,0,1.188,1.05,0,4.22
3/17/2026,10:30, ,gtmsswq_20H100466_030426_050000.bin,San Sebastian,default user,0,51.111,0,33.62,0,5.114,0,86.6,0,6.64,0,18.96,6.39,7.93,0,-60.6,5.6,18.472,0,11.69,0,1.187,1.09,0,4.39
3/17/2026,10:45, ,gtmsswq_20H100466_030426_050000.bin,San Sebastian,default user,0,51.077,0,33.6,0,5.031,0,86.8,0,6.66,0,19.42,6.55,7.93,0,-60.5,5.6,18.494,0,11.49,0,1.187,0.97,0,3.9
3/17/2026,11:00, ,gtmsswq_20H100466_030426_050000.bin,San Sebastian,default user,0,50.705,0,33.33,0,4.946,0,84.4,0,6.43,0,21.18,7.13,7.9,0,-58.6,5.61,18.92,0,13.02,0,1.192,1.01,0,4.08
3/17/2026,11:15, ,gtmsswq_20H100466_030426_050000.bin,San Sebastian,default user,0,50.555,0,33.21,0,4.862,0,82.9,0,6.27,0,23.58,7.93,7.86,0,-56.7,5.6,19.41,0,11.81,0,1.194,0.89,0,3.59
3/17/2026,11:30, ,gtmsswq_20H100466_030426_050000.bin,San Sebastian,default user,0,50.472,0,33.15,0,4.774,0,83.1,0,6.27,0,23.91,8.04,7.86,0,-56.5,5.61,19.48,0,11.42,0,1.195,0.83,0,3.34
3/17/2026,11:45, ,gtmsswq_20H100466_030426_050000.bin,San Sebastian,default user,0,50.261,0,33,0,4.704,0,82,0,6.17,0,25.31,8.51,7.84,0,-55.6,5.62,19.735,0,11.65,0,1.193,0.88,0,3.56
3/17/2026,12:00, ,gtmsswq_20H100466_030426_050000.bin,San Sebastian,default user,0,50.184,0,32.94,0,4.635,0,81.5,0,6.12,0,26.18,8.8,7.83,0,-54.9,5.61,19.799,0,9.62,0,1.194,0.74,0,2.99
3/17/2026,12:15, ,gtmsswq_20H100466_030426_050000.bin,San Sebastian,default user,0,50.09,0,32.87,0,4.565,0,81,0,6.08,0,26.43,8.89,7.83,0,-55,5.61,19.905,0,10.94,0,1.196,0.71,0,2.87
3/17/2026,12:30, ,gtmsswq_20H100466_030426_050000.bin,San Sebastian,default user,0,49.959,0,32.78,0,4.504,0,81.5,0,6.1,0,27.51,9.24,7.82,0,-54.5,5.61,20.084,0,10.27,0,1.191,0.72,0,2.91
3/17/2026,12:45, ,gtmsswq_20H100466_030426_050000.bin,San Sebastian,default user,0,49.793,0,32.65,0,4.449,0,79.1,0,5.91,0,28.63,9.62,7.8,0,-53.5,5.61,20.187,0,9.49,0,1.191,0.67,0,2.68
3/17/2026,13:00, ,gtmsswq_20H100466_030426_050000.bin,San Sebastian,default user,0,49.747,0,32.62,0,4.417,0,78,0,5.83,0,29.05,9.76,7.79,0,-52.8,5.63,20.244,0,8.88,0,1.187,0.66,0,2.64
3/17/2026,13:15, ,gtmsswq_20H100466_030426_050000.bin,San Sebastian,default user,0,49.654,0,32.55,0,4.399,0,75.9,0,5.67,0,29.78,10,7.78,0,-52,5.62,20.259,0,7.74,0,1.197,0.58,0,2.32
3/17/2026,13:30, ,gtmsswq_20H100466_030426_050000.bin,San Sebastian,default user,0,50.122,0,32.89,0,4.393,0,80.5,0,5.99,0,25.43,8.55,7.82,0,-54.7,5.63,20.296,0,8.8,0,1.188,0.72,0,2.9
3/17/2026,13:45, ,gtmsswq_20H100466_030426_050000.bin,San Sebastian,default user,0,50.174,0,32.93,0,4.385,0,68.8,0,5.13,0,25.14,8.45,7.77,0,-51.2,5.61,20.214,0,5.34,0,1.183,0.53,0,2.12
3/17/2026,14:00, ,gtmsswq_20H100466_030426_050000.bin,San Sebastian,default user,0,50.232,0,32.98,0,4.4,0,63.1,0,4.7,0,23.58,7.93,7.75,0,-50.4,5.61,20.232,0,6.52,0,1.193,0.54,0,2.17
3/17/2026,14:15, ,gtmsswq_20H100466_030426_050000.bin,San Sebastian,default user,0,50.276,0,33.01,0,4.422,0,68.4,0,5.09,0,24.19,8.14,7.82,0,-54.4,5.62,20.269,0,4.88,0,1.191,0.66,0,2.65
3/17/2026,14:30, ,gtmsswq_20H100466_030426_050000.bin,San Sebastian,default user,0,50.319,0,33.04,0,4.451,0,72.6,0,5.4,0,23.45,7.89,7.79,0,-52.9,5.61,20.357,0,6.5,0,1.195,0.65,0,2.6
3/17/2026,14:45, ,gtmsswq_20H100466_030426_050000.bin,San Sebastian,default user,0,50.335,0,33.05,0,4.519,0,74.3,0,5.52,0,23.28,7.83,7.8,0,-53.3,5.63,20.399,0,5.95,0,1.191,0.58,0,2.34
3/17/2026,15:00, ,gtmsswq_20H100466_030426_050000.bin,San Sebastian,default user,0,50.361,0,33.07,0,4.603,0,82.3,0,6.11,0,23.53,7.92,7.84,0,-55.8,5.61,20.44,0,7.33,0,1.186,1.08,0,4.37
3/17/2026,15:15, ,gtmsswq_20H100466_030426_050000.bin,San Sebastian,default user,0,50.376,0,33.08,0,4.68,0,83.1,0,6.17,0,23.74,7.99,7.85,0,-56.1,5.61,20.415,0,7.14,0,1.188,0.93,0,3.73
3/17/2026,15:30, ,gtmsswq_20H100466_030426_050000.bin,San Sebastian,default user,0,50.398,0,33.1,0,4.752,0,82.8,0,6.16,0,23.97,8.06,7.85,0,-56.2,5.65,20.273,0,6.93,0,1.187,1.01,0,4.05
3/17/2026,15:45, ,gtmsswq_20H100466_030426_050000.bin,San Sebastian,default user,0,50.44,0,33.13,0,4.84,0,83.6,0,6.23,0,23.33,7.85,7.86,0,-56.6,5.61,20.238,0,6.38,0,1.186,1.05,0,4.23
3/17/2026,16:00, ,gtmsswq_20H100466_030426_050000.bin,San Sebastian,default user,0,50.463,0,33.14,0,4.935,0,87.7,0,6.53,0,22.83,7.68,7.88,0,-58.1,5.62,20.242,0,10.47,0,1.196,1.38,0,5.57
3/17/2026,16:15, ,gtmsswq_20H100466_030426_050000.bin,San Sebastian,default user,0,50.554,0,33.21,0,5.009,0,88.2,0,6.58,0,21.89,7.37,7.89,0,-58.7,5.61,20.093,0,7.35,0,1.201,1.33,0,5.36
3/17/2026,16:30, ,gtmsswq_20H100466_030426_050000.bin,San Sebastian,default user,0,50.719,0,33.34,0,5.093,0,89.2,0,6.7,0,20.91,7.04,7.92,0,-60.1,5.61,19.643,0,8.31,0,1.198,1.31,0,5.28
3/17/2026,16:45, ,gtmsswq_20H100466_030426_050000.bin,San Sebastian,default user,0,50.951,0,33.51,0,5.162,0,91.7,0,6.96,0,18.9,6.37,7.96,0,-62.3,5.62,19.096,0,8.42,0,1.184,1.51,0,6.08
3/17/2026,17:00, ,gtmsswq_20H100466_030426_050000.bin,San Sebastian,default user,0,51.02,0,33.56,0,5.247,0,89.7,0,6.84,0,18.04,6.09,7.96,0,-62.2,5.61,18.845,0,12.59,0,1.185,1.63,0,6.58
3/17/2026,17:15, ,gtmsswq_20H100466_030426_050000.bin,San Sebastian,default user,0,51.142,0,33.65,0,5.319,0,91,0,6.97,0,17.34,5.85,7.98,0,-63.2,5.61,18.575,0,10.41,0,1.199,1.63,0,6.57
3/17/2026,17:30, ,gtmsswq_20H100466_030426_050000.bin,San Sebastian,default user,0,51.374,0,33.81,0,5.392,0,94.1,0,7.26,0,15.36,5.19,8.01,0,-65.3,5.6,18.058,0,12.57,0,1.193,1.95,0,7.85
3/17/2026,17:45, ,gtmsswq_20H100466_030426_050000.bin,San Sebastian,default user,0,51.558,0,33.95,0,5.46,0,95.7,0,7.45,0,14.31,4.84,8.04,0,-66.7,5.6,17.609,0,9.85,0,1.186,2.2,0,8.86
3/17/2026,18:00, ,gtmsswq_20H100466_030426_050000.bin,San Sebastian,default user,0,51.885,0,34.18,0,5.528,0,98.9,0,7.78,0,11.8,4.01,8.08,0,-68.9,5.61,17.013,0,14.38,0,1.19,2.25,0,9.06
3/17/2026,18:15, ,gtmsswq_20H100466_030426_050000.bin,San Sebastian,default user,0,51.884,0,34.18,0,5.587,0,98.5,0,7.75,0,11.8,4.01,8.08,0,-68.8,5.6,16.996,0,15.8,0,1.194,2.2,0,8.87
3/17/2026,18:30, ,gtmsswq_20H100466_030426_050000.bin,San Sebastian,default user,0,51.96,0,34.23,0,5.646,0,99.4,0,7.83,0,10.97,3.73,8.1,0,-69.7,5.6,16.911,0,11.68,0,1.197,2.22,0,8.95
3/17/2026,18:45, ,gtmsswq_20H100466_030426_050000.bin,San Sebastian,default user,0,52.063,0,34.31,0,5.684,0,100.7,0,7.95,0,9.97,3.4,8.11,0,-70.7,5.59,16.766,0,11.82,0,1.2,2.32,0,9.34
3/17/2026,19:00, ,gtmsswq_20H100466_030426_050000.bin,San Sebastian,default user,0,52.114,0,34.35,0,5.717,0,101.1,0,7.99,0,9.56,3.26,8.12,0,-71.3,5.6,16.689,0,11.48,0,1.199,2.48,0,9.99
3/17/2026,19:15, ,gtmsswq_20H100466_030426_050000.bin,San Sebastian,default user,0,52.175,0,34.39,0,5.74,0,101.1,0,8,0,9.08,3.1,8.13,0,-71.8,5.6,16.598,0,10.54,0,1.199,2.3,0,9.29
3/17/2026,19:30, ,gtmsswq_20H100466_030426_050000.bin,San Sebastian,default user,0,52.174,0,34.39,0,5.749,0,100.9,0,7.99,0,9.13,3.12,8.13,0,-71.9,5.59,16.589,0,8.85,0,1.191,2.19,0,8.81
3/17/2026,19:45, ,gtmsswq_20H100466_030426_050000.bin,San Sebastian,default user,0,52.205,0,34.41,0,5.748,0,100.9,0,7.99,0,8.66,2.96,8.14,0,-72.1,5.6,16.527,0,6.8,0,1.185,2.19,0,8.81
3/17/2026,20:00, ,gtmsswq_20H100466_030426_050000.bin,San Sebastian,default user,0,52.221,0,34.42,0,5.737,0,99.3,0,7.87,0,9.07,3.1,8.14,0,-72,5.59,16.485,0,5.23,0,1.183,1.53,0,6.16
3/17/2026,20:15, ,gtmsswq_20H100466_030426_050000.bin,San Sebastian,default user,0,52.227,0,34.43,0,5.705,0,86.4,0,6.85,0,8.77,3,8.08,0,-68.6,5.59,16.483,0,4.89,0,1.191,0.94,0,3.79
3/17/2026,20:30, ,gtmsswq_20H100466_030426_050000.bin,San Sebastian,default user,0,52.104,0,34.34,0,5.664,0,98.3,0,7.79,0,9.86,3.36,8.11,0,-70.6,5.6,16.566,0,9.53,0,1.191,2.03,0,8.16
3/17/2026,20:45, ,gtmsswq_20H100466_030426_050000.bin,San Sebastian,default user,0,52.166,0,34.38,0,5.609,0,97.6,0,7.74,0,9.37,3.2,8.12,0,-71.1,5.59,16.512,0,5.78,0,1.183,1.64,0,6.62
3/17/2026,21:00, ,gtmsswq_20H100466_030426_050000.bin,San Sebastian,default user,0,51.949,0,34.22,0,5.544,0,93.3,0,7.38,0,12.12,4.11,8.07,0,-68.1,5.59,16.681,0,6.6,0,1.186,1.37,0,5.51
3/17/2026,21:15, ,gtmsswq_20H100466_030426_050000.bin,San Sebastian,default user,0,51.788,0,34.11,0,5.471,0,90.6,0,7.15,0,13.52,4.58,8.04,0,-66.5,5.59,16.834,0,8.32,0,1.185,1.4,0,5.64
3/17/2026,21:30, ,gtmsswq_20H100466_030426_050000.bin,San Sebastian,default user,0,51.698,0,34.04,0,5.395,0,90,0,7.08,0,14.73,4.98,8.03,0,-65.8,5.59,16.998,0,9.41,0,1.188,1.33,0,5.36
3/17/2026,21:45, ,gtmsswq_20H100466_030426_050000.bin,San Sebastian,default user,0,51.496,0,33.9,0,5.318,0,89.5,0,7,0,15.9,5.37,8.01,0,-64.9,5.6,17.351,0,8.72,0,1.184,1.27,0,5.12
3/17/2026,22:00, ,gtmsswq_20H100466_030426_050000.bin,San Sebastian,default user,0,51.466,0,33.88,0,5.237,0,86,0,6.73,0,17.62,5.95,7.98,0,-62.9,5.59,17.346,0,7.61,0,1.186,1.26,0,5.06
3/17/2026,22:15, ,gtmsswq_20H100466_030426_050000.bin,San Sebastian,default user,0,51.26,0,33.73,0,5.172,0,85.2,0,6.63,0,18.4,6.21,7.96,0,-62,5.6,17.693,0,9.22,0,1.199,1.21,0,4.88
3/17/2026,22:30, ,gtmsswq_20H100466_030426_050000.bin,San Sebastian,default user,0,51.172,0,33.66,0,5.087,0,85.1,0,6.6,0,19.25,6.49,7.95,0,-61.7,5.59,17.823,0,9.71,0,1.2,1.29,0,5.19
3/17/2026,22:45, ,gtmsswq_20H100466_030426_050000.bin,San Sebastian,default user,0,51.108,0,33.62,0,5.003,0,84,0,6.49,0,19.94,6.72,7.93,0,-60.6,5.59,18.048,0,10.71,0,1.186,1.3,0,5.23
3/17/2026,23:00, ,gtmsswq_20H100466_030426_050000.bin,San Sebastian,default user,0,51.025,0,33.56,0,4.922,0,84.9,0,6.55,0,19.81,6.68,7.94,0,-61.1,5.6,18.144,0,10.04,0,1.189,1.22,0,4.91
3/17/2026,23:15, ,gtmsswq_20H100466_030426_050000.bin,San Sebastian,default user,0,50.708,0,33.33,0,4.835,0,81.9,0,6.27,0,22.25,7.49,7.89,0,-58.4,5.59,18.693,0,10.12,0,1.193,1.18,0,4.75
3/17/2026,23:30, ,gtmsswq_20H100466_030426_050000.bin,San Sebastian,default user,0,50.523,0,33.19,0,4.752,0,80.6,0,6.15,0,23.87,8.03,7.87,0,-57.3,5.6,18.884,0,10.31,0,1.195,1.11,0,4.48
3/17/2026,23:45, ,gtmsswq_20H100466_030426_050000.bin,San Sebastian,default user,0,50.308,0,33.03,0,4.671,0,79.2,0,6.04,0,26.02,8.75,7.85,0,-56.2,5.6,18.98,0,10.16,0,1.198,1,0,4.01
3/18/2026,0:00, ,gtmsswq_20H100466_030426_050000.bin,San Sebastian,default user,0,50.139,0,32.91,0,4.592,0,77.6,0,5.92,0,27.79,9.34,7.84,0,-55.2,5.6,19.011,0,9.09,0,1.199,0.94,0,3.77
3/18/2026,0:15, ,gtmsswq_20H100466_030426_050000.bin,San Sebastian,default user,0,50.03,0,32.83,0,4.524,0,77.7,0,5.94,0,28.44,9.55,7.83,0,-55.1,5.6,18.895,0,10.78,0,1.19,0.98,0,3.95
3/18/2026,0:30, ,gtmsswq_20H100466_030426_050000.bin,San Sebastian,default user,0,49.821,0,32.68,0,4.455,0,76.1,0,5.79,0,29.5,9.91,7.81,0,-53.7,5.6,19.162,0,12,0,1.186,0.99,0,4
3/18/2026,0:45, ,gtmsswq_20H100466_030426_050000.bin,San Sebastian,default user,0,49.728,0,32.61,0,4.401,0,74.9,0,5.71,0,31.11,10.44,7.8,0,-53.3,5.6,19.143,0,8,0,1.193,0.83,0,3.35
3/18/2026,1:00, ,gtmsswq_20H100466_030426_050000.bin,San Sebastian,default user,0,49.64,0,32.54,0,4.362,0,73.7,0,5.62,0,31.85,10.69,7.79,0,-52.7,5.6,19.15,0,7.44,0,1.197,0.75,0,3.04
3/18/2026,1:15, ,gtmsswq_20H100466_030426_050000.bin,San Sebastian,default user,0,49.574,0,32.5,0,4.307,0,73.7,0,5.63,0,32.11,10.78,7.79,0,-52.4,5.61,19.102,0,7.16,0,1.192,0.74,0,2.97
3/18/2026,1:30, ,gtmsswq_20H100466_030426_050000.bin,San Sebastian,default user,0,49.561,0,32.49,0,4.278,0,73.2,0,5.6,0,31.38,10.54,7.79,0,-52.4,5.59,19.018,0,7.72,0,1.182,0.86,0,3.47
3/18/2026,1:45, ,gtmsswq_20H100466_030426_050000.bin,San Sebastian,default user,0,49.945,0,32.77,0,4.28,0,65.6,0,5.01,0,27.78,9.34,7.77,0,-51.4,5.6,19.011,0,5.4,0,1.183,0.61,0,2.44
3/18/2026,2:00, ,gtmsswq_20H100466_030426_050000.bin,San Sebastian,default user,0,50.089,0,32.87,0,4.288,0,61,0,4.64,0,26.19,8.8,7.78,0,-51.7,5.6,19.12,0,5.59,0,1.192,0.68,0,2.76
3/18/2026,2:15, ,gtmsswq_20H100466_030426_050000.bin,San Sebastian,default user,0,50.127,0,32.9,0,4.316,0,64.6,0,4.91,0,23.36,7.86,7.76,0,-50.8,5.6,19.199,0,5.8,0,1.183,0.58,0,2.31
3/18/2026,2:30, ,gtmsswq_20H100466_030426_050000.bin,San Sebastian,default user,0,50.172,0,32.93,0,4.363,0,71.4,0,5.42,0,228.77,76.34,7.81,0,-53.5,5.6,19.226,0,7.35,0,1.201,0.98,0,3.93
3/18/2026,2:45, ,gtmsswq_20H100466_030426_050000.bin,San Sebastian,default user,0,50.203,0,32.96,0,4.408,0,71.3,0,5.41,0,24.97,8.4,7.79,0,-52.8,5.59,19.248,0,5.13,0,1.193,0.72,0,2.88
3/18/2026,3:00, ,gtmsswq_20H100466_030426_050000.bin,San Sebastian,default user,0,50.295,0,33.02,0,4.484,0,80,0,6.05,0,24.7,8.31,7.85,0,-56,5.59,19.392,0,5.07,0,1.192,0.99,0,3.99
3/18/2026,3:15, ,gtmsswq_20H100466_030426_050000.bin,San Sebastian,default user,0,50.288,0,33.02,0,4.585,0,80.3,0,6.1,0,25.19,8.47,7.85,0,-56.1,5.6,19.248,0,8.47,0,1.193,1.11,0,4.47
3/18/2026,3:30, ,gtmsswq_20H100466_030426_050000.bin,San Sebastian,default user,0,50.324,0,33.05,0,4.662,0,80.2,0,6.09,0,24.9,8.38,7.85,0,-56.2,5.6,19.252,0,7.72,0,1.192,1.1,0,4.41
3/18/2026,3:45, ,gtmsswq_20H100466_030426_050000.bin,San Sebastian,default user,0,50.413,0,33.11,0,4.754,0,81.1,0,6.15,0,24.5,8.24,7.86,0,-56.7,5.6,19.254,0,7.06,0,1.195,1.27,0,5.11
3/18/2026,4:00, ,gtmsswq_20H100466_030426_050000.bin,San Sebastian,default user,0,50.401,0,33.1,0,4.833,0,81.9,0,6.23,0,24.77,8.33,7.87,0,-57.1,5.59,19.033,0,6.88,0,1.194,1.18,0,4.75
3/18/2026,4:15, ,gtmsswq_20H100466_030426_050000.bin,San Sebastian,default user,0,50.49,0,33.17,0,4.928,0,82.9,0,6.33,0,23.74,7.99,7.88,0,-57.8,5.59,18.872,0,7.71,0,1.195,1.24,0,5.01
3/18/2026,4:30, ,gtmsswq_20H100466_030426_050000.bin,San Sebastian,default user,0,50.656,0,33.29,0,5.032,0,83.5,0,6.41,0,22.29,7.51,7.9,0,-58.9,5.6,18.49,0,7.19,0,1.2,1.28,0,5.14
3/18/2026,4:45, ,gtmsswq_20H100466_030426_050000.bin,San Sebastian,default user,0,50.789,0,33.38,0,5.128,0,84.2,0,6.56,0,21.63,7.29,7.93,0,-60.3,5.59,17.785,0,10.27,0,1.196,1.36,0,5.46
3/18/2026,5:00, ,gtmsswq_20H100466_030426_050000.bin,San Sebastian,default user,0,50.878,0,33.45,0,5.211,0,84.7,0,6.59,0,20.57,6.93,7.93,0,-60.6,5.59,17.797,0,8.08,0,1.185,1.36,0,5.49
3/18/2026,5:15, ,gtmsswq_20H100466_030426_050000.bin,San Sebastian,default user,0,51.041,0,33.57,0,5.286,0,85.9,0,6.66,0,19.22,6.48,7.95,0,-61.4,5.59,17.932,0,12.71,0,1.187,1.59,0,6.4
3/18/2026,5:30, ,gtmsswq_20H100466_030426_050000.bin,San Sebastian,default user,0,51.223,0,33.7,0,5.366,0,87.8,0,6.85,0,17.7,5.98,7.97,0,-62.8,5.59,17.549,0,11.89,0,1.197,1.58,0,6.38
3/18/2026,5:45, ,gtmsswq_20H100466_030426_050000.bin,San Sebastian,default user,0,51.68,0,34.02,0,5.447,0,92.3,0,7.32,0,14.75,4.99,8.03,0,-66.2,5.59,16.619,0,10.98,0,1.198,1.71,0,6.9
3/18/2026,6:00, ,gtmsswq_20H100466_030426_050000.bin,San Sebastian,default user,0,51.915,0,34.19,0,5.532,0,94.5,0,7.55,0,12.89,4.37,8.06,0,-67.7,5.59,16.211,0,10.98,0,1.193,1.76,0,7.07
3/18/2026,6:15, ,gtmsswq_20H100466_030426_050000.bin,San Sebastian,default user,0,52.021,0,34.27,0,5.601,0,95.3,0,7.63,0,12.1,4.11,8.08,0,-68.7,5.59,16.044,0,9.26,0,1.188,1.94,0,7.82
3/18/2026,6:30, ,gtmsswq_20H100466_030426_050000.bin,San Sebastian,default user,0,52.123,0,34.34,0,5.668,0,95.8,0,7.69,0,10.88,3.7,8.1,0,-69.5,5.58,15.878,0,11.54,0,1.191,1.9,0,7.68
3/18/2026,6:45, ,gtmsswq_20H100466_030426_050000.bin,San Sebastian,default user,0,52.171,0,34.37,0,5.721,0,96.1,0,7.72,0,10.29,3.5,8.1,0,-70,5.59,15.786,0,8.76,0,1.189,1.78,0,7.18
3/18/2026,7:00, ,gtmsswq_20H100466_030426_050000.bin,San Sebastian,default user,0,52.225,0,34.41,0,5.779,0,96.5,0,7.77,0,9.87,3.36,8.11,0,-70.4,5.59,15.701,0,8.93,0,1.184,1.87,0,7.52
3/18/2026,7:15, ,gtmsswq_20H100466_030426_050000.bin,San Sebastian,default user,0,52.27,0,34.44,0,5.818,0,96.7,0,7.79,0,9.34,3.19,8.12,0,-70.8,5.58,15.666,0,8.41,0,1.183,2.02,0,8.14
3/18/2026,7:30, ,gtmsswq_20H100466_030426_050000.bin,San Sebastian,default user,0,52.289,0,34.46,0,5.859,0,96.8,0,7.8,0,9.51,3.24,8.12,0,-71,5.59,15.631,0,7.59,0,1.197,1.78,0,7.16
3/18/2026,7:45, ,gtmsswq_20H100466_030426_050000.bin,San Sebastian,default user,0,52.312,0,34.47,0,5.879,0,96.9,0,7.81,0,9.04,3.09,8.13,0,-71.3,5.57,15.636,0,9.5,0,1.19,2.04,0,8.22
3/18/2026,8:00, ,gtmsswq_20H100466_030426_050000.bin,San Sebastian,default user,0,52.283,0,34.45,0,5.897,0,96.9,0,7.81,0,9.51,3.24,8.13,0,-71.2,5.58,15.654,0,9.17,0,1.19,2.01,0,8.09
3/18/2026,8:15, ,gtmsswq_20H100466_030426_050000.bin,San Sebastian,default user,0,52.322,0,34.48,0,5.894,0,96.3,0,7.76,0,8.87,3.03,8.13,0,-71.5,5.59,15.673,0,7.67,0,1.191,1.8,0,7.24
3/18/2026,8:30, ,gtmsswq_20H100466_030426_050000.bin,San Sebastian,default user,0,52.309,0,34.47,0,5.888,0,95.1,0,7.66,0,8.66,2.96,8.13,0,-71.2,5.58,15.663,0,4.98,0,1.189,1.65,0,6.65
3/18/2026,8:45, ,gtmsswq_20H100466_030426_050000.bin,San Sebastian,default user,0,52.308,0,34.47,0,5.873,0,91.3,0,7.35,0,8.62,2.95,8.11,0,-70.1,5.58,15.686,0,4.96,0,1.184,1.16,0,4.66
3/18/2026,9:00, ,gtmsswq_20H100466_030426_050000.bin,San Sebastian,default user,0,52.288,0,34.46,0,5.838,0,95.8,0,7.72,0,9.59,3.27,8.12,0,-71.1,5.57,15.68,0,5.41,0,1.182,1.59,0,6.4
3/18/2026,9:15, ,gtmsswq_20H100466_030426_050000.bin,San Sebastian,default user,0,52.239,0,34.42,0,5.79,0,96.9,0,7.8,0,9.43,3.22,8.12,0,-70.6,5.58,15.692,0,6.56,0,1.186,1.32,0,5.3
3/18/2026,9:30, ,gtmsswq_20H100466_030426_050000.bin,San Sebastian,default user,0,52.211,0,34.4,0,5.731,0,96.7,0,7.78,0,10.38,3.53,8.11,0,-70.3,5.59,15.736,0,5.53,0,1.201,1.17,0,4.71
3/18/2026,9:45, ,gtmsswq_20H100466_030426_050000.bin,San Sebastian,default user,0,52.093,0,34.31,0,5.66,0,96.1,0,7.73,0,11.48,3.9,8.09,0,-69,5.58,15.765,0,5.37,0,1.192,0.87,0,3.51
3/18/2026,10:00, ,gtmsswq_20H100466_030426_050000.bin,San Sebastian,default user,0,51.992,0,34.24,0,5.579,0,95.1,0,7.64,0,12.61,4.28,8.07,0,-67.8,5.58,15.867,0,4.89,0,1.193,0.85,0,3.43
3/18/2026,10:15, ,gtmsswq_20H100466_030426_050000.bin,San Sebastian,default user,0,51.956,0,34.22,0,5.502,0,95.2,0,7.63,0,12.74,4.32,8.07,0,-67.9,5.57,16.012,0,5.56,0,1.188,0.91,0,3.66
3/18/2026,10:30, ,gtmsswq_20H100466_030426_050000.bin,San Sebastian,default user,0,51.873,0,34.16,0,5.412,0,94.9,0,7.6,0,13.85,4.69,8.05,0,-66.9,5.57,16.092,0,6.01,0,1.184,0.76,0,3.04
3/18/2026,10:45, ,gtmsswq_20H100466_030426_050000.bin,San Sebastian,default user,0,51.702,0,34.04,0,5.32,0,94.5,0,7.52,0,15.44,5.22,8.03,0,-65.7,5.58,16.379,0,6.45,0,1.182,0.88,0,3.55
3/18/2026,11:00, ,gtmsswq_20H100466_030426_050000.bin,San Sebastian,default user,0,51.614,0,33.98,0,5.227,0,94.5,0,7.51,0,15.6,5.27,8.02,0,-65.2,5.58,16.538,0,6.81,0,1.193,0.76,0,3.06
3/18/2026,11:15, ,gtmsswq_20H100466_030426_050000.bin,San Sebastian,default user,0,51.496,0,33.89,0,5.138,0,94.6,0,7.47,0,17.26,5.83,7.99,0,-63.9,5.58,16.844,0,8.59,0,1.199,0.9,0,3.64
3/18/2026,11:30, ,gtmsswq_20H100466_030426_050000.bin,San Sebastian,default user,0,51.332,0,33.78,0,5.04,0,93.8,0,7.37,0,17.7,5.98,7.99,0,-63.9,5.57,17.139,0,10.46,0,1.19,0.87,0,3.5
3/18/2026,11:45, ,gtmsswq_20H100466_030426_050000.bin,San Sebastian,default user,0,51.194,0,33.68,0,4.959,0,93.5,0,7.31,0,18.34,6.19,7.98,0,-63,5.57,17.423,0,11.59,0,1.185,0.95,0,3.81
3/18/2026,12:00, ,gtmsswq_20H100466_030426_050000.bin,San Sebastian,default user,0,50.886,0,33.45,0,4.871,0,91,0,7.08,0,20.48,6.9,7.94,0,-61,5.58,17.834,0,11.55,0,1.187,0.96,0,3.86
3/18/2026,12:15, ,gtmsswq_20H100466_030426_050000.bin,San Sebastian,default user,0,50.753,0,33.36,0,4.786,0,90.2,0,6.99,0,22.09,7.44,7.93,0,-60.4,5.58,18.038,0,12.11,0,1.185,0.94,0,3.77
3/18/2026,12:30, ,gtmsswq_20H100466_030426_050000.bin,San Sebastian,default user,0,50.439,0,33.13,0,4.72,0,87.2,0,6.72,0,24.38,8.2,7.9,0,-58.6,5.59,18.34,0,10.72,0,1.196,0.98,0,3.94
3/18/2026,12:45, ,gtmsswq_20H100466_030426_050000.bin,San Sebastian,default user,0,50.477,0,33.16,0,4.65,0,90.3,0,6.94,0,23.84,8.02,7.91,0,-59.4,5.58,18.476,0,12.51,0,1.199,0.96,0,3.87
3/18/2026,13:00, ,gtmsswq_20H100466_030426_050000.bin,San Sebastian,default user,0,50.108,0,32.89,0,4.6,0,86.1,0,6.62,0,26.33,8.85,7.87,0,-57.3,5.58,18.599,0,10.19,0,1.193,0.8,0,3.23
3/18/2026,13:15, ,gtmsswq_20H100466_030426_050000.bin,San Sebastian,default user,0,49.931,0,32.76,0,4.55,0,85.4,0,6.56,0,27.55,9.26,7.86,0,-56.7,5.59,18.689,0,10.42,0,1.192,0.86,0,3.47
3/18/2026,13:30, ,gtmsswq_20H100466_030426_050000.bin,San Sebastian,default user,0,49.816,0,32.67,0,4.52,0,84.4,0,6.49,0,28.45,9.56,7.85,0,-56.1,5.58,18.682,0,8.88,0,1.191,0.78,0,3.16
3/18/2026,13:45, ,gtmsswq_20H100466_030426_050000.bin,San Sebastian,default user,0,49.76,0,32.63,0,4.497,0,83.7,0,6.43,0,28.69,9.64,7.85,0,-55.9,5.59,18.734,0,7.81,0,1.183,0.79,0,3.17
3/18/2026,14:00, ,gtmsswq_20H100466_030426_050000.bin,San Sebastian,default user,0,50.424,0,33.12,0,4.479,0,86.4,0,6.65,0,23.14,7.79,7.9,0,-58.8,5.58,18.428,0,8.3,0,1.183,0.87,0,3.5
3/18/2026,14:15, ,gtmsswq_20H100466_030426_050000.bin,San Sebastian,default user,0,50.52,0,33.19,0,4.48,0,68.5,0,5.29,0,22.49,7.57,7.82,0,-54,5.58,18.277,0,6.39,0,1.192,0.49,0,1.95
3/18/2026,14:30, ,gtmsswq_20H100466_030426_050000.bin,San Sebastian,default user,0,50.64,0,33.28,0,4.498,0,82,0,6.33,0,20.66,6.96,7.89,0,-58.1,5.59,18.255,0,13.09,0,1.193,1.01,0,4.05
3/18/2026,14:45, ,gtmsswq_20H100466_030426_050000.bin,San Sebastian,default user,0,50.615,0,33.26,0,4.519,0,69.1,0,5.33,0,21.27,7.16,7.82,0,-53.9,5.58,18.302,0,5.34,0,1.193,0.39,0,1.55
3/18/2026,15:00, ,gtmsswq_20H100466_030426_050000.bin,San Sebastian,default user,0,50.593,0,33.24,0,4.553,0,55.8,0,4.3,0,21.21,7.14,7.75,0,-50.3,5.58,18.337,0,4.73,0,1.194,0.36,0,1.43
3/18/2026,15:15, ,gtmsswq_20H100466_030426_050000.bin,San Sebastian,default user,0,50.643,0,33.28,0,4.625,0,85.6,0,6.58,0,21.17,7.13,7.91,0,-59.1,5.59,18.419,0,6.7,0,1.199,1.16,0,4.66
3/18/2026,15:30, ,gtmsswq_20H100466_030426_050000.bin,San Sebastian,default user,0,50.716,0,33.33,0,4.704,0,88.4,0,6.81,0,21.38,7.2,7.92,0,-60,5.58,18.29,0,7.77,0,1.19,1.14,0,4.61
3/18/2026,15:45, ,gtmsswq_20H100466_030426_050000.bin,San Sebastian,default user,0,50.736,0,33.35,0,4.778,0,89.2,0,6.88,0,21.41,7.21,7.93,0,-60.3,5.58,18.268,0,6.7,0,1.187,1.21,0,4.85
3/18/2026,16:00, ,gtmsswq_20H100466_030426_050000.bin,San Sebastian,default user,0,50.711,0,33.33,0,4.873,0,88.9,0,6.86,0,21.1,7.11,7.92,0,-60.1,5.59,18.313,0,6.2,0,1.191,1.24,0,4.98
3/18/2026,16:15, ,gtmsswq_20H100466_030426_050000.bin,San Sebastian,default user,0,50.807,0,33.4,0,4.96,0,92.2,0,7.13,0,20.35,6.86,7.95,0,-61.9,5.57,18.146,0,8.68,0,1.2,1.41,0,5.67
3/18/2026,16:30, ,gtmsswq_20H100466_030426_050000.bin,San Sebastian,default user,0,50.921,0,33.48,0,5.042,0,94.5,0,7.32,0,19.85,6.69,7.97,0,-62.8,5.58,18.012,0,6.9,0,1.196,1.45,0,5.83
3/18/2026,16:45, ,gtmsswq_20H100466_030426_050000.bin,San Sebastian,default user,0,51.109,0,33.62,0,5.142,0,95.3,0,7.42,0,18.41,6.21,7.99,0,-64,5.58,17.716,0,7.42,0,1.19,1.66,0,6.68
3/18/2026,17:00, ,gtmsswq_20H100466_030426_050000.bin,San Sebastian,default user,0,51.311,0,33.76,0,5.228,0,96,0,7.51,0,17.12,5.78,8.02,0,-65.2,5.59,17.422,0,6.87,0,1.186,1.55,0,6.23
3/18/2026,17:15, ,gtmsswq_20H100466_030426_050000.bin,San Sebastian,default user,0,51.353,0,33.79,0,5.324,0,96.1,0,7.53,0,16.84,5.69,8.02,0,-65.2,5.57,17.338,0,7.89,0,1.185,1.78,0,7.16
3/18/2026,17:30, ,gtmsswq_20H100466_030426_050000.bin,San Sebastian,default user,0,51.489,0,33.89,0,5.424,0,96,0,7.55,0,15.7,5.31,8.03,0,-66,5.58,17.096,0,9.24,0,1.201,1.77,0,7.14
3/18/2026,17:45, ,gtmsswq_20H100466_030426_050000.bin,San Sebastian,default user,0,51.626,0,33.99,0,5.502,0,97.3,0,7.67,0,14.83,5.02,8.05,0,-67,5.57,16.93,0,9.64,0,1.19,1.91,0,7.71
3/18/2026,18:00, ,gtmsswq_20H100466_030426_050000.bin,San Sebastian,default user,0,51.943,0,34.22,0,5.581,0,100,0,7.93,0,12.82,4.35,8.09,0,-69.2,5.57,16.548,0,10.15,0,1.185,1.87,0,7.52
3/18/2026,18:15, ,gtmsswq_20H100466_030426_050000.bin,San Sebastian,default user,0,52.097,0,34.33,0,5.658,0,101.8,0,8.09,0,11.27,3.83,8.11,0,-70.5,5.58,16.388,0,9.1,0,1.186,1.92,0,7.76
3/18/2026,18:30, ,gtmsswq_20H100466_030426_050000.bin,San Sebastian,default user,0,52.142,0,34.36,0,5.729,0,102.1,0,8.13,0,10.51,3.58,8.12,0,-70.8,5.57,16.306,0,7.94,0,1.191,1.91,0,7.71
3/18/2026,18:45, ,gtmsswq_20H100466_030426_050000.bin,San Sebastian,default user,0,52.239,0,34.43,0,5.804,0,102.8,0,8.2,0,9.92,3.38,8.13,0,-71.7,5.58,16.144,0,8.13,0,1.193,1.92,0,7.72
3/18/2026,19:00, ,gtmsswq_20H100466_030426_050000.bin,San Sebastian,default user,0,52.292,0,34.47,0,5.858,0,102.8,0,8.22,0,9.65,3.29,8.14,0,-72,5.57,16.07,0,7.61,0,1.194,1.58,0,6.37
3/18/2026,19:15, ,gtmsswq_20H100466_030426_050000.bin,San Sebastian,default user,0,52.315,0,34.48,0,5.91,0,102.8,0,8.22,0,9.49,3.24,8.14,0,-72.2,5.57,16.025,0,7.39,0,1.193,1.77,0,7.13
3/18/2026,19:30, ,gtmsswq_20H100466_030426_050000.bin,San Sebastian,default user,0,52.353,0,34.51,0,5.953,0,102.5,0,8.21,0,9.09,3.1,8.15,0,-72.5,5.57,15.958,0,6.64,0,1.185,2.1,0,8.46
3/18/2026,19:45, ,gtmsswq_20H100466_030426_050000.bin,San Sebastian,default user,0,52.369,0,34.52,0,5.986,0,102.5,0,8.21,0,8.92,3.05,8.15,0,-72.7,5.57,15.923,0,6.75,0,1.191,3.06,0,12.35
3/18/2026,20:00, ,gtmsswq_20H100466_030426_050000.bin,San Sebastian,default user,0,52.382,0,34.53,0,6.012,0,102,0,8.17,0,8.61,2.94,8.15,0,-72.7,5.57,15.905,0,7.03,0,1.2,1.98,0,7.99
3/18/2026,20:15, ,gtmsswq_20H100466_030426_050000.bin,San Sebastian,default user,0,52.405,0,34.55,0,6.03,0,101.7,0,8.16,0,8.39,2.87,8.15,0,-72.9,5.56,15.878,0,6.2,0,1.191,1.79,0,7.2
3/18/2026,20:30, ,gtmsswq_20H100466_030426_050000.bin,San Sebastian,default user,0,52.406,0,34.55,0,6.033,0,101.3,0,8.13,0,8.15,2.79,8.15,0,-72.9,5.57,15.861,0,6.13,0,1.185,1.83,0,7.38
3/18/2026,20:45, ,gtmsswq_20H100466_030426_050000.bin,San Sebastian,default user,0,52.415,0,34.55,0,6.027,0,101.3,0,8.12,0,8.22,2.81,8.15,0,-72.9,5.57,15.845,0,5.29,0,1.192,1.62,0,6.53
3/18/2026,21:00, ,gtmsswq_20H100466_030426_050000.bin,San Sebastian,default user,0,52.429,0,34.56,0,5.999,0,98.5,0,7.9,0,7.95,2.72,8.15,0,-72.4,5.56,15.835,0,3.88,0,1.19,1.5,0,6.06
3/18/2026,21:15, ,gtmsswq_20H100466_030426_050000.bin,San Sebastian,default user,0,52.428,0,34.56,0,5.956,0,89.2,0,7.16,0,8.31,2.84,8.1,0,-69.6,5.57,15.839,0,3.31,0,1.192,0.68,0,2.74
3/18/2026,21:30, ,gtmsswq_20H100466_030426_050000.bin,San Sebastian,default user,0,52.401,0,34.54,0,5.907,0,99.5,0,8,0,8.47,2.9,8.15,0,-72.4,5.56,15.751,0,7.02,0,1.193,1.77,0,7.12
3/18/2026,21:45, ,gtmsswq_20H100466_030426_050000.bin,San Sebastian,default user,0,52.327,0,34.49,0,5.853,0,99.1,0,7.97,0,9.49,3.24,8.13,0,-71.5,5.56,15.724,0,6.32,0,1.198,2.03,0,8.17
3/18/2026,22:00, ,gtmsswq_20H100466_030426_050000.bin,San Sebastian,default user,0,52.283,0,34.45,0,5.788,0,95.8,0,7.73,0,10.79,3.67,8.1,0,-69.9,5.57,15.639,0,5.11,0,1.19,1.32,0,5.31
3/18/2026,22:15, ,gtmsswq_20H100466_030426_050000.bin,San Sebastian,default user,0,52.21,0,34.4,0,5.716,0,94.6,0,7.62,0,12.13,4.12,8.09,0,-69.2,5.56,15.685,0,5.74,0,1.19,1.28,0,5.14
3/18/2026,22:30, ,gtmsswq_20H100466_030426_050000.bin,San Sebastian,default user,0,52.179,0,34.38,0,5.641,0,94.6,0,7.62,0,12.05,4.09,8.09,0,-69.1,5.57,15.746,0,5.37,0,1.192,1.39,0,5.6
3/18/2026,22:45, ,gtmsswq_20H100466_030426_050000.bin,San Sebastian,default user,0,52.113,0,34.33,0,5.562,0,94.1,0,7.57,0,13.29,4.5,8.08,0,-68.5,5.56,15.761,0,5.4,0,1.196,1.19,0,4.8
3/18/2026,23:00, ,gtmsswq_20H100466_030426_050000.bin,San Sebastian,default user,0,52.079,0,34.3,0,5.481,0,94.4,0,7.59,0,13.16,4.46,8.08,0,-68.5,5.56,15.816,0,5.27,0,1.192,1.21,0,4.86
3/18/2026,23:15, ,gtmsswq_20H100466_030426_050000.bin,San Sebastian,default user,0,52.023,0,34.26,0,5.405,0,92.7,0,7.45,0,13.77,4.66,8.06,0,-67.2,5.57,15.805,0,5.76,0,1.191,1.31,0,5.28
3/18/2026,23:30, ,gtmsswq_20H100466_030426_050000.bin,San Sebastian,default user,0,51.895,0,34.17,0,5.315,0,92.3,0,7.41,0,15.22,5.15,8.05,0,-66.8,5.56,15.93,0,7.57,0,1.189,1.28,0,5.15
3/18/2026,23:45, ,gtmsswq_20H100466_030426_050000.bin,San Sebastian,default user,0,51.86,0,34.15,0,5.224,0,93,0,7.46,0,14.93,5.05,8.05,0,-66.9,5.57,15.937,0,7.07,0,1.189,1.14,0,4.58
3/19/2026,0:00, ,gtmsswq_20H100466_030426_050000.bin,San Sebastian,default user,0,51.849,0,34.14,0,5.132,0,92.5,0,7.42,0,15.29,5.17,8.05,0,-66.7,5.56,15.946,0,7.37,0,1.19,1.36,0,5.48
3/19/2026,0:15, ,gtmsswq_20H100466_030426_050000.bin,San Sebastian,default user,0,51.528,0,33.91,0,5.046,0,90.8,0,7.26,0,17.77,6,8.01,0,-64.8,5.57,16.219,0,7.57,0,1.198,1.28,0,5.14
3/19/2026,0:30, ,gtmsswq_20H100466_030426_050000.bin,San Sebastian,default user,0,51.337,0,33.77,0,4.965,0,88.7,0,7.09,0,18.95,6.39,7.99,0,-63.4,5.57,16.321,0,8.89,0,1.2,1.21,0,4.89
3/19/2026,0:45, ,gtmsswq_20H100466_030426_050000.bin,San Sebastian,default user,0,51.035,0,33.55,0,4.898,0,87.8,0,6.98,0,21.76,7.33,7.96,0,-62,5.56,16.621,0,9.45,0,1.196,1.19,0,4.78
3/19/2026,1:00, ,gtmsswq_20H100466_030426_050000.bin,San Sebastian,default user,0,51.055,0,33.56,0,4.823,0,87.5,0,6.97,0,21.26,7.16,7.97,0,-62.3,5.57,16.494,0,7.96,0,1.182,1.14,0,4.59
3/19/2026,1:15, ,gtmsswq_20H100466_030426_050000.bin,San Sebastian,default user,0,50.786,0,33.37,0,4.761,0,86.4,0,6.87,0,23.9,8.04,7.94,0,-60.7,5.56,16.682,0,8.68,0,1.183,1.07,0,4.31
3/19/2026,1:30, ,gtmsswq_20H100466_030426_050000.bin,San Sebastian,default user,0,50.62,0,33.25,0,4.706,0,86.1,0,6.83,0,24.38,8.2,7.93,0,-60.3,5.56,16.79,0,9.25,0,1.182,1.1,0,4.44
3/19/2026,1:45, ,gtmsswq_20H100466_030426_050000.bin,San Sebastian,default user,0,50.397,0,33.09,0,4.655,0,84.6,0,6.71,0,26.29,8.84,7.91,0,-59.2,5.57,16.903,0,7.99,0,1.193,1.02,0,4.1
3/19/2026,2:00, ,gtmsswq_20H100466_030426_050000.bin,San Sebastian,default user,0,50.261,0,32.99,0,4.616,0,84.3,0,6.68,0,27.52,9.25,7.9,0,-58.6,5.56,16.927,0,7.44,0,1.197,1.02,0,4.12
3/19/2026,2:15, ,gtmsswq_20H100466_030426_050000.bin,San Sebastian,default user,0,50.132,0,32.89,0,4.582,0,83.4,0,6.61,0,28.58,9.6,7.89,0,-58,5.57,16.987,0,7.39,0,1.185,0.79,0,3.18
3/19/2026,2:30, ,gtmsswq_20H100466_030426_050000.bin,San Sebastian,default user,0,50.185,0,32.93,0,4.571,0,83.4,0,6.63,0,28.51,9.58,7.9,0,-58.2,5.56,16.877,0,7.69,0,1.184,1.01,0,4.06
3/19/2026,2:45, ,gtmsswq_20H100466_030426_050000.bin,San Sebastian,default user,0,50.825,0,33.4,0,4.563,0,83.6,0,6.65,0,23.01,7.74,7.92,0,-59.9,5.56,16.672,0,6.06,0,1.186,0.82,0,3.29
3/19/2026,3:00, ,gtmsswq_20H100466_030426_050000.bin,San Sebastian,default user,0,50.886,0,33.44,0,4.573,0,69.1,0,5.49,0,21.73,7.32,7.86,0,-56.4,5.57,16.7,0,5.02,0,1.195,0.58,0,2.32
3/19/2026,3:15, ,gtmsswq_20H100466_030426_050000.bin,San Sebastian,default user,0,50.93,0,33.48,0,4.597,0,65.8,0,5.23,0,20.95,7.06,7.86,0,-56.4,5.56,16.722,0,4.89,0,1.196,0.57,0,2.31
3/19/2026,3:30, ,gtmsswq_20H100466_030426_050000.bin,San Sebastian,default user,0,50.994,0,33.52,0,4.638,0,86.8,0,6.88,0,21.09,7.1,7.96,0,-61.7,5.57,16.756,0,6.84,0,1.197,1.28,0,5.17
3/19/2026,3:45, ,gtmsswq_20H100466_030426_050000.bin,San Sebastian,default user,0,50.998,0,33.53,0,4.702,0,86.2,0,6.83,0,20.74,6.99,7.94,0,-60.9,5.56,16.832,0,4.86,0,1.198,0.99,0,4
3/19/2026,4:00, ,gtmsswq_20H100466_030426_050000.bin,San Sebastian,default user,0,51.074,0,33.58,0,4.791,0,87.8,0,6.94,0,20.34,6.85,7.95,0,-61.5,5.56,16.892,0,6.13,0,1.198,1.31,0,5.3
3/19/2026,4:15, ,gtmsswq_20H100466_030426_050000.bin,San Sebastian,default user,0,51.127,0,33.62,0,4.87,0,88.5,0,7.01,0,20.48,6.9,7.96,0,-62,5.57,16.798,0,6.14,0,1.201,1.29,0,5.2
3/19/2026,4:30, ,gtmsswq_20H100466_030426_050000.bin,San Sebastian,default user,0,51.183,0,33.66,0,4.955,0,88.8,0,7.04,0,19.82,6.68,7.97,0,-62.3,5.56,16.77,0,6.35,0,1.201,1.31,0,5.26
3/19/2026,4:45, ,gtmsswq_20H100466_030426_050000.bin,San Sebastian,default user,0,51.266,0,33.72,0,5.037,0,90.1,0,7.18,0,19.55,6.59,7.99,0,-63.4,5.57,16.475,0,7.35,0,1.191,1.35,0,5.45
3/19/2026,5:00, ,gtmsswq_20H100466_030426_050000.bin,San Sebastian,default user,0,51.347,0,33.78,0,5.137,0,91.2,0,7.27,0,18.87,6.36,8,0,-63.9,5.56,16.398,0,7.41,0,1.188,1.26,0,5.07
3/19/2026,5:15, ,gtmsswq_20H100466_030426_050000.bin,San Sebastian,default user,0,51.527,0,33.91,0,5.231,0,91.7,0,7.33,0,17.19,5.8,8.01,0,-64.8,5.56,16.214,0,6.7,0,1.185,1.34,0,5.38
3/19/2026,5:30, ,gtmsswq_20H100466_030426_050000.bin,San Sebastian,default user,0,51.729,0,34.05,0,5.318,0,93.1,0,7.47,0,16.08,5.43,8.04,0,-66.2,5.57,15.984,0,6.38,0,1.196,1.31,0,5.27
3/19/2026,5:45, ,gtmsswq_20H100466_030426_050000.bin,San Sebastian,default user,0,51.694,0,34.03,0,5.41,0,92.9,0,7.43,0,15.59,5.27,8.03,0,-65.9,5.56,16.13,0,6.63,0,1.198,1.42,0,5.73
3/19/2026,6:00, ,gtmsswq_20H100466_030426_050000.bin,San Sebastian,default user,0,51.782,0,34.09,0,5.502,0,92.9,0,7.46,0,15.57,5.26,8.04,0,-66.4,5.56,15.994,0,7.42,0,1.198,1.46,0,5.87
3/19/2026,6:15, ,gtmsswq_20H100466_030426_050000.bin,San Sebastian,default user,0,51.873,0,34.16,0,5.583,0,94.1,0,7.55,0,14.43,4.88,8.05,0,-67.2,5.56,15.961,0,8.63,0,1.192,1.54,0,6.21
3/19/2026,6:30, ,gtmsswq_20H100466_030426_050000.bin,San Sebastian,default user,0,52.227,0,34.41,0,5.659,0,97.2,0,7.85,0,11.82,4.01,8.1,0,-69.6,5.55,15.572,0,7.71,0,1.184,1.45,0,5.82
3/19/2026,6:45, ,gtmsswq_20H100466_030426_050000.bin,San Sebastian,default user,0,52.308,0,34.46,0,5.733,0,98.7,0,7.99,0,11.36,3.86,8.11,0,-70.2,5.56,15.458,0,8,0,1.191,1.52,0,6.11
3/19/2026,7:00, ,gtmsswq_20H100466_030426_050000.bin,San Sebastian,default user,0,52.38,0,34.52,0,5.8,0,99.1,0,8.02,0,10.48,3.57,8.12,0,-70.9,5.56,15.438,0,7.71,0,1.191,1.51,0,6.09
3/19/2026,7:15, ,gtmsswq_20H100466_030426_050000.bin,San Sebastian,default user,0,52.45,0,34.57,0,5.864,0,99.7,0,8.07,0,9.45,3.22,8.13,0,-71.5,5.55,15.381,0,6.52,0,1.186,1.55,0,6.23
3/19/2026,7:30, ,gtmsswq_20H100466_030426_050000.bin,San Sebastian,default user,0,52.527,0,34.62,0,5.923,0,100.3,0,8.12,0,8.67,2.96,8.15,0,-72.5,5.55,15.375,0,6.89,0,1.188,1.48,0,5.96
3/19/2026,7:45, ,gtmsswq_20H100466_030426_050000.bin,San Sebastian,default user,0,52.555,0,34.65,0,5.979,0,100.6,0,8.14,0,8.16,2.79,8.16,0,-72.9,5.56,15.397,0,6.63,0,1.184,1.45,0,5.83
3/19/2026,8:00, ,gtmsswq_20H100466_030426_050000.bin,San Sebastian,default user,0,52.574,0,34.66,0,6.019,0,100.9,0,8.15,0,7.85,2.69,8.16,0,-73.2,5.55,15.436,0,7.14,0,1.183,1.55,0,6.24
3/19/2026,8:15, ,gtmsswq_20H100466_030426_050000.bin,San Sebastian,default user,0,52.589,0,34.67,0,6.061,0,100.9,0,8.14,0,7.66,2.63,8.17,0,-73.4,5.55,15.492,0,6.31,0,1.182,1.42,0,5.7
3/19/2026,8:30, ,gtmsswq_20H100466_030426_050000.bin,San Sebastian,default user,0,52.559,0,34.65,0,6.09,0,100.8,0,8.12,0,7.32,2.51,8.17,0,-73.6,5.56,15.573,0,6.89,0,1.186,1.5,0,6.06
3/19/2026,8:45, ,gtmsswq_20H100466_030426_050000.bin,San Sebastian,default user,0,52.549,0,34.64,0,6.107,0,100.3,0,8.1,0,7.82,2.68,8.16,0,-73.2,5.55,15.457,0,7.22,0,1.184,1.51,0,6.08
3/19/2026,9:00, ,gtmsswq_20H100466_030426_050000.bin,San Sebastian,default user,0,52.573,0,34.66,0,6.108,0,100.4,0,8.1,0,7.7,2.64,8.17,0,-73.4,5.56,15.526,0,5.42,0,1.185,1.72,0,6.94
3/19/2026,9:15, ,gtmsswq_20H100466_030426_050000.bin,San Sebastian,default user,0,52.556,0,34.65,0,6.096,0,99.8,0,8.05,0,7.86,2.69,8.16,0,-73.3,5.56,15.519,0,4.43,0,1.194,1.29,0,5.2
3/19/2026,9:30, ,gtmsswq_20H100466_030426_050000.bin,San Sebastian,default user,0,52.535,0,34.63,0,6.076,0,97.3,0,7.86,0,7.8,2.67,8.15,0,-72.6,5.55,15.481,0,3.58,0,1.202,1.02,0,4.12
3/19/2026,9:45, ,gtmsswq_20H100466_030426_050000.bin,San Sebastian,default user,0,52.512,0,34.62,0,6.034,0,90.5,0,7.31,0,8.31,2.84,8.12,0,-70.8,5.56,15.448,0,5.75,0,1.197,0.63,0,2.55
3/19/2026,10:00, ,gtmsswq_20H100466_030426_050000.bin,San Sebastian,default user,0,52.53,0,34.63,0,5.973,0,100.4,0,8.1,0,7.65,2.62,8.16,0,-73.1,5.55,15.559,0,5.52,0,1.192,1.09,0,4.41
3/19/2026,10:15, ,gtmsswq_20H100466_030426_050000.bin,San Sebastian,default user,0,52.473,0,34.59,0,5.91,0,101.3,0,8.16,0,8.76,2.99,8.15,0,-72.5,5.55,15.632,0,7.01,0,1.191,0.75,0,3
3/19/2026,10:30, ,gtmsswq_20H100466_030426_050000.bin,San Sebastian,default user,0,52.433,0,34.56,0,5.843,0,101.2,0,8.15,0,8.89,3.04,8.14,0,-71.9,5.56,15.686,0,4.58,0,1.183,0.7,0,2.83
3/19/2026,10:45, ,gtmsswq_20H100466_030426_050000.bin,San Sebastian,default user,0,52.366,0,34.51,0,5.77,0,100.7,0,8.1,0,10.07,3.43,8.13,0,-71.2,5.55,15.719,0,4.21,0,1.182,0.87,0,3.49
3/19/2026,11:00, ,gtmsswq_20H100466_030426_050000.bin,San Sebastian,default user,0,52.265,0,34.44,0,5.689,0,100.3,0,8.06,0,10.64,3.62,8.12,0,-70.7,5.56,15.784,0,6.21,0,1.194,0.76,0,3.07
3/19/2026,11:15, ,gtmsswq_20H100466_030426_050000.bin,San Sebastian,default user,0,52.24,0,34.42,0,5.621,0,99.6,0,8.01,0,11.08,3.77,8.11,0,-70.2,5.55,15.764,0,5.9,0,1.196,0.88,0,3.53
3/19/2026,11:30, ,gtmsswq_20H100466_030426_050000.bin,San Sebastian,default user,0,52.197,0,34.39,0,5.536,0,100.6,0,8.06,0,11.81,4.01,8.1,0,-69.5,5.56,15.965,0,5.69,0,1.185,0.74,0,2.97
3/19/2026,11:45, ,gtmsswq_20H100466_030426_050000.bin,San Sebastian,default user,0,52.192,0,34.39,0,5.45,0,101.2,0,8.1,0,11.76,3.99,8.11,0,-70.1,5.56,16.017,0,4.73,0,1.189,0.71,0,2.85
3/19/2026,12:00, ,gtmsswq_20H100466_030426_050000.bin,San Sebastian,default user,0,52.125,0,34.35,0,5.355,0,102.1,0,8.14,0,11.47,3.9,8.1,0,-70.1,5.56,16.227,0,5.88,0,1.197,0.68,0,2.74
3/19/2026,12:15, ,gtmsswq_20H100466_030426_050000.bin,San Sebastian,default user,0,51.795,0,34.11,0,5.266,0,99.1,0,7.89,0,14.81,5.01,8.06,0,-67.8,5.56,16.342,0,7.01,0,1.187,0.93,0,3.74
3/19/2026,12:30, ,gtmsswq_20H100466_030426_050000.bin,San Sebastian,default user,0,51.676,0,34.02,0,5.178,0,100.2,0,7.96,0,15.72,5.31,8.05,0,-67.3,5.55,16.55,0,8.05,0,1.191,0.94,0,3.77
3/19/2026,12:45, ,gtmsswq_20H100466_030426_050000.bin,San Sebastian,default user,0,51.807,0,34.12,0,5.094,0,101.4,0,8.02,0,14.66,4.96,8.07,0,-68,5.55,16.728,0,8.12,0,1.196,0.87,0,3.49
3/19/2026,13:00, ,gtmsswq_20H100466_030426_050000.bin,San Sebastian,default user,0,51.787,0,34.11,0,5.015,0,102.5,0,8.09,0,14.63,4.95,8.07,0,-68,5.56,16.844,0,8.63,0,1.196,0.81,0,3.24
3/19/2026,13:15, ,gtmsswq_20H100466_030426_050000.bin,San Sebastian,default user,0,51.513,0,33.91,0,4.935,0,101.4,0,7.96,0,16.89,5.7,8.04,0,-66.8,5.56,17.148,0,9.81,0,1.197,0.83,0,3.33
3/19/2026,13:30, ,gtmsswq_20H100466_030426_050000.bin,San Sebastian,default user,0,51.263,0,33.73,0,4.869,0,100.2,0,7.87,0,19.02,6.41,8.02,0,-65.5,5.56,17.18,0,8.74,0,1.19,0.92,0,3.7
3/19/2026,13:45, ,gtmsswq_20H100466_030426_050000.bin,San Sebastian,default user,0,51.258,0,33.72,0,4.802,0,100,0,7.85,0,19.4,6.54,8.02,0,-65.6,5.55,17.256,0,10.09,0,1.186,1.04,0,4.19
3/19/2026,14:00, ,gtmsswq_20H100466_030426_050000.bin,San Sebastian,default user,0,50.918,0,33.47,0,4.74,0,98.1,0,7.72,0,21.9,7.37,7.99,0,-63.9,5.55,17.226,0,10,0,1.184,1.03,0,4.13
3/19/2026,14:15, ,gtmsswq_20H100466_030426_050000.bin,San Sebastian,default user,0,50.729,0,33.33,0,4.683,0,97.4,0,7.65,0,23.51,7.91,7.98,0,-63.1,5.57,17.319,0,9.88,0,1.191,1.02,0,4.12
3/19/2026,14:30, ,gtmsswq_20H100466_030426_050000.bin,San Sebastian,default user,0,50.661,0,33.28,0,4.638,0,96.9,0,7.61,0,23.2,7.81,7.98,0,-63.1,5.56,17.339,0,9.14,0,1.194,1.01,0,4.08
3/19/2026,14:45, ,gtmsswq_20H100466_030426_050000.bin,San Sebastian,default user,0,50.445,0,33.13,0,4.612,0,96,0,7.53,0,25.62,8.61,7.96,0,-61.9,5.56,17.458,0,8.7,0,1.197,1.03,0,4.13
3/19/2026,15:00, ,gtmsswq_20H100466_030426_050000.bin,San Sebastian,default user,0,50.362,0,33.07,0,4.596,0,95.3,0,7.48,0,26.23,8.82,7.95,0,-61.4,5.55,17.455,0,6.88,0,1.2,0.92,0,3.68
3/19/2026,15:15, ,gtmsswq_20H100466_030426_050000.bin,San Sebastian,default user,0,51.138,0,33.63,0,4.589,0,97.5,0,7.68,0,19.32,6.51,8.01,0,-64.6,5.55,17.081,0,6.92,0,1.191,1.02,0,4.09
3/19/2026,15:30, ,gtmsswq_20H100466_030426_050000.bin,San Sebastian,default user,0,51.198,0,33.68,0,4.605,0,85.8,0,6.77,0,19.08,6.43,7.95,0,-61.3,5.56,16.975,0,5.86,0,1.185,0.72,0,2.91
3/19/2026,15:45, ,gtmsswq_20H100466_030426_050000.bin,San Sebastian,default user,0,51.221,0,33.69,0,4.635,0,84.9,0,6.71,0,18.67,6.3,7.95,0,-61.2,5.56,16.934,0,5.77,0,1.194,0.58,0,2.34
3/19/2026,16:00, ,gtmsswq_20H100466_030426_050000.bin,San Sebastian,default user,0,51.256,0,33.72,0,4.697,0,84.3,0,6.65,0,18.41,6.21,7.94,0,-60.8,5.56,16.937,0,4.37,0,1.198,0.56,0,2.24
3/19/2026,16:15, ,gtmsswq_20H100466_030426_050000.bin,San Sebastian,default user,0,51.289,0,33.74,0,4.771,0,96.9,0,7.65,0,18.51,6.24,8.01,0,-64.7,5.55,16.942,0,4.82,0,1.193,1.3,0,5.22
3/19/2026,16:30, ,gtmsswq_20H100466_030426_050000.bin,San Sebastian,default user,0,51.299,0,33.75,0,4.85,0,97.1,0,7.68,0,18.33,6.19,8.01,0,-64.6,5.55,16.876,0,5.48,0,1.185,1.44,0,5.81
3/19/2026,16:45, ,gtmsswq_20H100466_030426_050000.bin,San Sebastian,default user,0,51.403,0,33.82,0,4.941,0,97.6,0,7.72,0,17.96,6.06,8.01,0,-64.9,5.56,16.782,0,6.23,0,1.191,1.36,0,5.49
3/19/2026,17:00, ,gtmsswq_20H100466_030426_050000.bin,San Sebastian,default user,0,51.414,0,33.83,0,5.046,0,98.3,0,7.79,0,17.75,5.99,8.02,0,-65.3,5.55,16.736,0,7,0,1.191,1.55,0,6.26
3/19/2026,17:15, ,gtmsswq_20H100466_030426_050000.bin,San Sebastian,default user,0,51.53,0,33.92,0,5.131,0,100.8,0,7.98,0,16.28,5.5,8.05,0,-67,5.56,16.735,0,9.52,0,1.191,1.56,0,6.28
3/19/2026,17:30, ,gtmsswq_20H100466_030426_050000.bin,San Sebastian,default user,0,51.626,0,33.99,0,5.224,0,101.4,0,8.03,0,15.83,5.35,8.06,0,-67.4,5.55,16.663,0,6.4,0,1.199,1.5,0,6.03
3/19/2026,17:45, ,gtmsswq_20H100466_030426_050000.bin,San Sebastian,default user,0,51.811,0,34.12,0,5.32,0,102.1,0,8.11,0,14.05,4.76,8.08,0,-68.5,5.55,16.518,0,6.22,0,1.2,1.66,0,6.67
3/19/2026,18:00, ,gtmsswq_20H100466_030426_050000.bin,San Sebastian,default user,0,51.862,0,34.15,0,5.41,0,101.3,0,8.07,0,13.97,4.73,8.07,0,-68.4,5.56,16.356,0,6.13,0,1.2,1.46,0,5.87
3/19/2026,18:15, ,gtmsswq_20H100466_030426_050000.bin,San Sebastian,default user,0,51.926,0,34.2,0,5.508,0,101.3,0,8.07,0,13.37,4.53,8.08,0,-68.9,5.55,16.348,0,6.64,0,1.195,1.57,0,6.31
3/19/2026,18:30, ,gtmsswq_20H100466_030426_050000.bin,San Sebastian,default user,0,51.941,0,34.21,0,5.597,0,100.6,0,8.02,0,13.94,4.72,8.08,0,-68.5,5.56,16.295,0,8.11,0,1.185,1.69,0,6.8
3/19/2026,18:45, ,gtmsswq_20H100466_030426_050000.bin,San Sebastian,default user,0,52.133,0,34.35,0,5.673,0,102.6,0,8.19,0,12.32,4.18,8.1,0,-70,5.55,16.183,0,7.76,0,1.192,1.78,0,7.16
3/19/2026,19:00, ,gtmsswq_20H100466_030426_050000.bin,San Sebastian,default user,0,52.245,0,34.43,0,5.755,0,103.2,0,8.26,0,10.33,3.52,8.13,0,-71.5,5.55,16.019,0,7.65,0,1.192,1.64,0,6.6
3/19/2026,19:15, ,gtmsswq_20H100466_030426_050000.bin,San Sebastian,default user,0,52.245,0,34.43,0,5.83,0,103.5,0,8.28,0,10.82,3.68,8.13,0,-71.3,5.56,16.054,0,8.95,0,1.188,1.61,0,6.49
3/19/2026,19:30, ,gtmsswq_20H100466_030426_050000.bin,San Sebastian,default user,0,52.39,0,34.53,0,5.898,0,103.8,0,8.33,0,8.78,3,8.15,0,-72.4,5.55,15.842,0,7.56,0,1.189,1.71,0,6.89
3/19/2026,19:45, ,gtmsswq_20H100466_030426_050000.bin,San Sebastian,default user,0,52.471,0,34.59,0,5.959,0,103.9,0,8.35,0,7.48,2.57,8.16,0,-73.1,5.55,15.763,0,7.87,0,1.186,1.66,0,6.68
3/19/2026,20:00, ,gtmsswq_20H100466_030426_050000.bin,San Sebastian,default user,0,52.48,0,34.6,0,6.01,0,103.6,0,8.33,0,7.6,2.61,8.16,0,-73.1,5.54,15.759,0,8.65,0,1.194,1.7,0,6.86
3/19/2026,20:15, ,gtmsswq_20H100466_030426_050000.bin,San Sebastian,default user,0,52.49,0,34.61,0,6.057,0,103.4,0,8.31,0,7.61,2.61,8.16,0,-73.3,5.55,15.749,0,7.39,0,1.198,1.75,0,7.03
3/19/2026,20:30, ,gtmsswq_20H100466_030426_050000.bin,San Sebastian,default user,0,52.495,0,34.61,0,6.088,0,103.1,0,8.28,0,7.4,2.54,8.16,0,-73.4,5.55,15.756,0,6.94,0,1.194,1.63,0,6.58
3/19/2026,20:45, ,gtmsswq_20H100466_030426_050000.bin,San Sebastian,default user,0,52.474,0,34.59,0,6.113,0,103,0,8.28,0,7.75,2.66,8.16,0,-73.3,5.54,15.734,0,7.39,0,1.184,1.67,0,6.74
3/19/2026,21:00, ,gtmsswq_20H100466_030426_050000.bin,San Sebastian,default user,0,52.497,0,34.61,0,6.125,0,102.7,0,8.25,0,7.53,2.58,8.16,0,-73.4,5.54,15.742,0,6.6,0,1.185,1.82,0,7.33
3/19/2026,21:15, ,gtmsswq_20H100466_030426_050000.bin,San Sebastian,default user,0,52.497,0,34.61,0,6.127,0,102.1,0,8.2,0,7.46,2.56,8.16,0,-73.4,5.55,15.747,0,5.32,0,1.192,1.45,0,5.85
3/19/2026,21:30, ,gtmsswq_20H100466_030426_050000.bin,San Sebastian,default user,0,52.496,0,34.61,0,6.116,0,101.5,0,8.16,0,7.36,2.53,8.16,0,-73.2,5.55,15.745,0,5.81,0,1.2,1.28,0,5.17
3/19/2026,21:45, ,gtmsswq_20H100466_030426_050000.bin,San Sebastian,default user,0,52.494,0,34.61,0,6.092,0,99.9,0,8.03,0,7.42,2.55,8.15,0,-72.8,5.55,15.739,0,3.75,0,1.191,0.8,0,3.21
3/19/2026,22:00, ,gtmsswq_20H100466_030426_050000.bin,San Sebastian,default user,0,52.498,0,34.61,0,6.057,0,95.2,0,7.65,0,7.79,2.67,8.13,0,-71.5,5.55,15.739,0,3.42,0,1.182,0.98,0,3.96
3/19/2026,22:15, ,gtmsswq_20H100466_030426_050000.bin,San Sebastian,default user,0,52.464,0,34.58,0,5.989,0,100.2,0,8.06,0,7.66,2.63,8.15,0,-72.7,5.55,15.661,0,7.46,0,1.184,1.65,0,6.64
3/19/2026,22:30, ,gtmsswq_20H100466_030426_050000.bin,San Sebastian,default user,0,52.451,0,34.57,0,5.913,0,98.1,0,7.9,0,9.1,3.11,8.13,0,-71.7,5.54,15.617,0,5.43,0,1.185,1.41,0,5.7
3/19/2026,22:45, ,gtmsswq_20H100466_030426_050000.bin,San Sebastian,default user,0,52.384,0,34.53,0,5.837,0,97,0,7.82,0,9.89,3.37,8.12,0,-70.9,5.54,15.652,0,5.11,0,1.199,1.36,0,5.46
3/19/2026,23:00, ,gtmsswq_20H100466_030426_050000.bin,San Sebastian,default user,0,52.359,0,34.51,0,5.758,0,96.6,0,7.78,0,10.34,3.52,8.11,0,-70.5,5.55,15.678,0,5.37,0,1.198,1.34,0,5.4
3/19/2026,23:15, ,gtmsswq_20H100466_030426_050000.bin,San Sebastian,default user,0,52.292,0,34.46,0,5.675,0,95.9,0,7.72,0,11.04,3.75,8.1,0,-70,5.54,15.706,0,5.29,0,1.19,1.25,0,5.02
3/19/2026,23:30, ,gtmsswq_20H100466_030426_050000.bin,San Sebastian,default user,0,52.278,0,34.45,0,5.589,0,95,0,7.65,0,11.3,3.84,8.09,0,-69.4,5.55,15.707,0,5.76,0,1.191,1.22,0,4.92
3/19/2026,23:45, ,gtmsswq_20H100466_030426_050000.bin,San Sebastian,default user,0,52.264,0,34.44,0,5.496,0,96.4,0,7.76,0,10.74,3.65,8.1,0,-70,5.54,15.754,0,4.77,0,1.198,1.27,0,5.12
3/20/2026,0:00, ,gtmsswq_20H100466_030426_050000.bin,San Sebastian,default user,0,52.168,0,34.37,0,5.395,0,94.7,0,7.61,0,12.68,4.3,8.08,0,-68.7,5.54,15.797,0,7.82,0,1.197,1.31,0,5.26
3/20/2026,0:15, ,gtmsswq_20H100466_030426_050000.bin,San Sebastian,default user,0,52.065,0,34.29,0,5.298,0,94.1,0,7.56,0,13.45,4.56,8.07,0,-67.9,5.55,15.832,0,5.9,0,1.197,1.47,0,5.91
3/20/2026,0:30, ,gtmsswq_20H100466_030426_050000.bin,San Sebastian,default user,0,52.073,0,34.3,0,5.2,0,94.7,0,7.62,0,13.28,4.5,8.07,0,-68.2,5.54,15.817,0,7.69,0,1.197,1.32,0,5.32
3/20/2026,0:45, ,gtmsswq_20H100466_030426_050000.bin,San Sebastian,default user,0,52.035,0,34.27,0,5.107,0,93.8,0,7.55,0,13.78,4.67,8.07,0,-67.8,5.55,15.795,0,6.83,0,1.196,1.19,0,4.79
3/20/2026,1:00, ,gtmsswq_20H100466_030426_050000.bin,San Sebastian,default user,0,51.87,0,34.15,0,5.021,0,92,0,7.39,0,15.35,5.19,8.04,0,-66.4,5.54,15.864,0,9.37,0,1.197,1.23,0,4.95
3/20/2026,1:15, ,gtmsswq_20H100466_030426_050000.bin,San Sebastian,default user,0,51.784,0,34.09,0,4.939,0,91.3,0,7.34,0,16.78,5.67,8.03,0,-65.8,5.54,15.89,0,7.29,0,1.195,1.2,0,4.82
3/20/2026,1:30, ,gtmsswq_20H100466_030426_050000.bin,San Sebastian,default user,0,51.563,0,33.93,0,4.858,0,91.1,0,7.31,0,18.41,6.21,8.01,0,-64.9,5.55,16.032,0,7.81,0,1.183,1.23,0,4.94
3/20/2026,1:45, ,gtmsswq_20H100466_030426_050000.bin,San Sebastian,default user,0,51.557,0,33.92,0,4.777,0,90.6,0,7.28,0,18.36,6.19,8.01,0,-64.7,5.54,15.998,0,7.93,0,1.185,1.22,0,4.92
3/20/2026,2:00, ,gtmsswq_20H100466_030426_050000.bin,San Sebastian,default user,0,51.177,0,33.65,0,4.71,0,90.5,0,7.25,0,21.71,7.31,7.99,0,-63.4,5.55,16.217,0,9.03,0,1.198,1.16,0,4.68
3/20/2026,2:15, ,gtmsswq_20H100466_030426_050000.bin,San Sebastian,default user,0,51.008,0,33.53,0,4.645,0,89.5,0,7.17,0,22.71,7.64,7.97,0,-62.6,5.54,16.264,0,7.03,0,1.196,1.26,0,5.08
3/20/2026,2:30, ,gtmsswq_20H100466_030426_050000.bin,San Sebastian,default user,0,50.894,0,33.44,0,4.592,0,89,0,7.13,0,24.41,8.21,7.96,0,-62,5.54,16.273,0,6.68,0,1.183,1.16,0,4.67
3/20/2026,2:45, ,gtmsswq_20H100466_030426_050000.bin,San Sebastian,default user,0,50.794,0,33.37,0,4.551,0,88.6,0,7.09,0,25.1,8.44,7.96,0,-61.5,5.55,16.321,0,7.83,0,1.192,1.19,0,4.79
3/20/2026,3:00, ,gtmsswq_20H100466_030426_050000.bin,San Sebastian,default user,0,50.721,0,33.32,0,4.523,0,87.9,0,7.03,0,25.16,8.46,7.94,0,-61,5.54,16.373,0,6.51,0,1.193,1.13,0,4.55
3/20/2026,3:15, ,gtmsswq_20H100466_030426_050000.bin,San Sebastian,default user,0,50.708,0,33.31,0,4.499,0,87.3,0,6.98,0,25.12,8.45,7.94,0,-60.8,5.55,16.366,0,5.8,0,1.194,1.1,0,4.44
3/20/2026,3:30, ,gtmsswq_20H100466_030426_050000.bin,San Sebastian,default user,0,50.782,0,33.36,0,4.493,0,86.8,0,6.95,0,24.53,8.25,7.95,0,-61.1,5.54,16.324,0,5.8,0,1.197,0.93,0,3.76
3/20/2026,3:45, ,gtmsswq_20H100466_030426_050000.bin,San Sebastian,default user,0,51.238,0,33.69,0,4.507,0,87.1,0,6.98,0,20.64,6.95,7.96,0,-61.9,5.54,16.213,0,4.04,0,1.19,1.13,0,4.53
3/20/2026,4:00, ,gtmsswq_20H100466_030426_050000.bin,San Sebastian,default user,0,51.27,0,33.72,0,4.544,0,89.7,0,7.17,0,19.95,6.72,7.98,0,-63.2,5.55,16.238,0,5.75,0,1.185,1.43,0,5.75
3/20/2026,4:15, ,gtmsswq_20H100466_030426_050000.bin,San Sebastian,default user,0,51.276,0,33.72,0,4.597,0,87.2,0,6.98,0,19.77,6.66,7.96,0,-62,5.54,16.254,0,4.54,0,1.182,1.04,0,4.18
3/20/2026,4:30, ,gtmsswq_20H100466_030426_050000.bin,San Sebastian,default user,0,51.336,0,33.77,0,4.66,0,89.8,0,7.18,0,19.38,6.53,7.98,0,-63,5.55,16.264,0,5.2,0,1.194,1.27,0,5.13
3/20/2026,4:45, ,gtmsswq_20H100466_030426_050000.bin,San Sebastian,default user,0,51.357,0,33.78,0,4.719,0,91.3,0,7.29,0,19.24,6.49,7.98,0,-63.2,5.54,16.333,0,5.56,0,1.192,1.24,0,5
3/20/2026,5:00, ,gtmsswq_20H100466_030426_050000.bin,San Sebastian,default user,0,51.382,0,33.8,0,4.79,0,90.9,0,7.26,0,19.59,6.6,7.98,0,-63.1,5.54,16.305,0,6.81,0,1.19,1.27,0,5.12
3/20/2026,5:15, ,gtmsswq_20H100466_030426_050000.bin,San Sebastian,default user,0,51.391,0,33.81,0,4.885,0,91.3,0,7.29,0,19.48,6.57,7.99,0,-63.3,5.55,16.283,0,5.99,0,1.19,1.24,0,4.99
3/20/2026,5:30, ,gtmsswq_20H100466_030426_050000.bin,San Sebastian,default user,0,51.436,0,33.84,0,4.973,0,91.6,0,7.32,0,19.37,6.53,7.99,0,-63.3,5.54,16.269,0,6.03,0,1.188,1.44,0,5.78
3/20/2026,5:45, ,gtmsswq_20H100466_030426_050000.bin,San Sebastian,default user,0,51.479,0,33.87,0,5.06,0,92.2,0,7.38,0,18.85,6.36,8,0,-64,5.55,16.154,0,6.9,0,1.187,1.34,0,5.38
3/20/2026,6:00, ,gtmsswq_20H100466_030426_050000.bin,San Sebastian,default user,0,51.583,0,33.94,0,5.145,0,93.1,0,7.47,0,18.22,6.15,8.02,0,-64.9,5.54,16.01,0,6.2,0,1.189,1.32,0,5.31
3/20/2026,6:15, ,gtmsswq_20H100466_030426_050000.bin,San Sebastian,default user,0,51.657,0,34,0,5.228,0,93.2,0,7.49,0,17.07,5.76,8.03,0,-65.6,5.54,15.926,0,6.3,0,1.195,1.19,0,4.79
3/20/2026,6:30, ,gtmsswq_20H100466_030426_050000.bin,San Sebastian,default user,0,51.821,0,34.11,0,5.313,0,93.4,0,7.52,0,15.41,5.21,8.04,0,-66.4,5.55,15.817,0,5.76,0,1.189,1.28,0,5.16
3/20/2026,6:45, ,gtmsswq_20H100466_030426_050000.bin,San Sebastian,default user,0,51.777,0,34.08,0,5.398,0,93.6,0,7.52,0,16.3,5.51,8.03,0,-66,5.54,15.956,0,6.66,0,1.19,1.42,0,5.71
3/20/2026,7:00, ,gtmsswq_20H100466_030426_050000.bin,San Sebastian,default user,0,51.856,0,34.14,0,5.484,0,93.4,0,7.51,0,15.16,5.13,8.04,0,-66.4,5.54,15.869,0,6.61,0,1.185,1.28,0,5.17
3/20/2026,7:15, ,gtmsswq_20H100466_030426_050000.bin,San Sebastian,default user,0,51.998,0,34.24,0,5.566,0,94.8,0,7.62,0,13.92,4.71,8.06,0,-67.4,5.53,15.822,0,6.91,0,1.183,1.43,0,5.74
3/20/2026,7:30, ,gtmsswq_20H100466_030426_050000.bin,San Sebastian,default user,0,52.077,0,34.3,0,5.645,0,95.9,0,7.73,0,13.26,4.49,8.07,0,-68.2,5.54,15.717,0,7.16,0,1.199,1.73,0,6.97
3/20/2026,7:45, ,gtmsswq_20H100466_030426_050000.bin,San Sebastian,default user,0,52.256,0,34.43,0,5.719,0,98.2,0,7.92,0,11.49,3.9,8.1,0,-69.8,5.55,15.589,0,8.53,0,1.196,1.79,0,7.22
3/20/2026,8:00, ,gtmsswq_20H100466_030426_050000.bin,San Sebastian,default user,0,52.307,0,34.47,0,5.783,0,98.7,0,7.96,0,11.06,3.76,8.11,0,-70.3,5.54,15.595,0,7.74,0,1.192,1.65,0,6.65
3/20/2026,8:15, ,gtmsswq_20H100466_030426_050000.bin,San Sebastian,default user,0,52.364,0,34.51,0,5.841,0,99.3,0,8.01,0,9.58,3.27,8.12,0,-70.9,5.54,15.58,0,6.92,0,1.19,1.74,0,7
3/20/2026,8:30, ,gtmsswq_20H100466_030426_050000.bin,San Sebastian,default user,0,52.39,0,34.53,0,5.888,0,99.7,0,8.05,0,9.19,3.14,8.13,0,-71.2,5.53,15.577,0,7.7,0,1.185,1.74,0,7
3/20/2026,8:45, ,gtmsswq_20H100466_030426_050000.bin,San Sebastian,default user,0,52.391,0,34.53,0,5.928,0,100,0,8.06,0,9.14,3.12,8.13,0,-71.2,5.54,15.576,0,7.58,0,1.192,1.68,0,6.76
3/20/2026,9:00, ,gtmsswq_20H100466_030426_050000.bin,San Sebastian,default user,0,52.407,0,34.54,0,5.956,0,100,0,8.06,0,8.99,3.07,8.13,0,-71.5,5.54,15.58,0,7.13,0,1.196,1.18,0,4.74
3/20/2026,9:15, ,gtmsswq_20H100466_030426_050000.bin,San Sebastian,default user,0,52.427,0,34.56,0,5.972,0,100.2,0,8.08,0,8.98,3.07,8.14,0,-71.8,5.53,15.593,0,7.58,0,1.192,1.61,0,6.48
3/20/2026,9:30, ,gtmsswq_20H100466_030426_050000.bin,San Sebastian,default user,0,52.458,0,34.58,0,5.974,0,100.3,0,8.09,0,8.14,2.79,8.14,0,-72.2,5.54,15.603,0,6.15,0,1.189,1.64,0,6.61
3/20/2026,9:45, ,gtmsswq_20H100466_030426_050000.bin,San Sebastian,default user,0,52.475,0,34.59,0,5.975,0,99.5,0,8.02,0,8.04,2.75,8.14,0,-72.2,5.53,15.61,0,5.87,0,1.192,1.34,0,5.4
3/20/2026,10:00, ,gtmsswq_20H100466_030426_050000.bin,San Sebastian,default user,0,52.482,0,34.6,0,5.96,0,98.2,0,7.91,0,7.89,2.7,8.14,0,-72.1,5.53,15.62,0,5.9,0,1.194,1.34,0,5.39
3/20/2026,10:15, ,gtmsswq_20H100466_030426_050000.bin,San Sebastian,default user,0,52.48,0,34.6,0,5.927,0,83,0,6.68,0,8,2.74,8.07,0,-68.1,5.54,15.631,0,5.01,0,1.194,0.52,0,2.08
3/20/2026,10:30, ,gtmsswq_20H100466_030426_050000.bin,San Sebastian,default user,0,52.398,0,34.54,0,5.876,0,100.1,0,8.04,0,8.39,2.87,8.14,0,-71.8,5.53,15.799,0,5.38,0,1.191,0.98,0,3.93
3/20/2026,10:45, ,gtmsswq_20H100466_030426_050000.bin,San Sebastian,default user,0,52.312,0,34.48,0,5.815,0,101.1,0,8.1,0,9.79,3.34,8.12,0,-71.1,5.54,15.954,0,5.55,0,1.185,1,0,4.02
3/20/2026,11:00, ,gtmsswq_20H100466_030426_050000.bin,San Sebastian,default user,0,52.383,0,34.53,0,5.745,0,102,0,8.16,0,9.77,3.33,8.13,0,-71.6,5.53,16.011,0,4.36,0,1.193,0.82,0,3.28
3/20/2026,11:15, ,gtmsswq_20H100466_030426_050000.bin,San Sebastian,default user,0,52.118,0,34.34,0,5.666,0,101.5,0,8.08,0,11.29,3.84,8.1,0,-69.9,5.53,16.292,0,5.86,0,1.196,0.88,0,3.55
3/20/2026,11:30, ,gtmsswq_20H100466_030426_050000.bin,San Sebastian,default user,0,52.123,0,34.35,0,5.578,0,102.1,0,8.11,0,12.21,4.14,8.09,0,-69.6,5.54,16.438,0,4.82,0,1.191,0.76,0,3.08
3/20/2026,11:45, ,gtmsswq_20H100466_030426_050000.bin,San Sebastian,default user,0,52.043,0,34.29,0,5.5,0,102.2,0,8.08,0,11.99,4.07,8.09,0,-69.3,5.53,16.681,0,4.82,0,1.186,0.79,0,3.19
3/20/2026,12:00, ,gtmsswq_20H100466_030426_050000.bin,San Sebastian,default user,0,51.977,0,34.24,0,5.408,0,100.3,0,7.95,0,13.36,4.53,8.07,0,-68.5,5.53,16.555,0,6.03,0,1.183,0.97,0,3.9
3/20/2026,12:15, ,gtmsswq_20H100466_030426_050000.bin,San Sebastian,default user,0,52.026,0,34.28,0,5.31,0,102.7,0,8.1,0,12.15,4.12,8.09,0,-69.1,5.54,16.818,0,4.54,0,1.182,0.75,0,3.02
3/20/2026,12:30, ,gtmsswq_20H100466_030426_050000.bin,San Sebastian,default user,0,52.033,0,34.29,0,5.215,0,103.5,0,8.13,0,13.16,4.46,8.08,0,-68.7,5.54,17.042,0,5.71,0,1.186,0.74,0,2.96
3/20/2026,12:45, ,gtmsswq_20H100466_030426_050000.bin,San Sebastian,default user,0,51.802,0,34.13,0,5.122,0,105,0,8.18,0,13.65,4.62,8.07,0,-68.4,5.54,17.496,0,6.48,0,1.195,0.59,0,2.36
3/20/2026,13:00, ,gtmsswq_20H100466_030426_050000.bin,San Sebastian,default user,0,51.608,0,33.98,0,5.022,0,101.6,0,7.96,0,15.86,5.36,8.04,0,-66.9,5.53,17.277,0,7.08,0,1.197,0.83,0,3.34
3/20/2026,13:15, ,gtmsswq_20H100466_030426_050000.bin,San Sebastian,default user,0,51.731,0,34.08,0,4.933,0,104.5,0,8.1,0,14.67,4.96,8.05,0,-67.6,5.55,17.762,0,9.31,0,1.187,0.88,0,3.55
3/20/2026,13:30, ,gtmsswq_20H100466_030426_050000.bin,San Sebastian,default user,0,51.566,0,33.96,0,4.847,0,103.2,0,7.97,0,16.29,5.5,8.03,0,-66.3,5.53,17.998,0,7.68,0,1.186,0.68,0,2.73
3/20/2026,13:45, ,gtmsswq_20H100466_030426_050000.bin,San Sebastian,default user,0,51.283,0,33.75,0,4.765,0,102.6,0,7.93,0,17.67,5.96,8.02,0,-65.8,5.54,18.02,0,8.63,0,1.194,0.89,0,3.58
3/20/2026,14:00, ,gtmsswq_20H100466_030426_050000.bin,San Sebastian,default user,0,51.573,0,33.96,0,4.679,0,104,0,7.99,0,16.65,5.62,8.03,0,-66.5,5.54,18.289,0,8.71,0,1.195,0.7,0,2.83
3/20/2026,14:15, ,gtmsswq_20H100466_030426_050000.bin,San Sebastian,default user,0,51.397,0,33.83,0,4.612,0,103.6,0,7.97,0,17.97,6.06,8.02,0,-65.8,5.53,18.221,0,10.3,0,1.197,0.86,0,3.45
3/20/2026,14:30, ,gtmsswq_20H100466_030426_050000.bin,San Sebastian,default user,0,51.136,0,33.64,0,4.551,0,102.7,0,7.89,0,19.33,6.52,8.01,0,-65.2,5.54,18.395,0,8.64,0,1.2,0.86,0,3.48
3/20/2026,14:45, ,gtmsswq_20H100466_030426_050000.bin,San Sebastian,default user,0,51.177,0,33.67,0,4.488,0,101.7,0,7.83,0,19.88,6.7,8,0,-64.7,5.55,18.262,0,10.84,0,1.202,0.9,0,3.63
3/20/2026,15:00, ,gtmsswq_20H100466_030426_050000.bin,San Sebastian,default user,0,50.761,0,33.36,0,4.446,0,99.4,0,7.7,0,22.85,7.69,7.98,0,-63.2,5.54,18.072,0,8.53,0,1.2,0.92,0,3.7
3/20/2026,15:15, ,gtmsswq_20H100466_030426_050000.bin,San Sebastian,default user,0,50.839,0,33.42,0,4.411,0,99.4,0,7.69,0,22.7,7.64,7.97,0,-62.8,5.55,18.131,0,6.46,0,1.193,1,0,4.04
3/20/2026,15:30, ,gtmsswq_20H100466_030426_050000.bin,San Sebastian,default user,0,50.511,0,33.18,0,4.387,0,97.2,0,7.55,0,25.31,8.51,7.95,0,-61.6,5.54,17.993,0,7.55,0,1.186,1,0,4.01
3/20/2026,15:45, ,gtmsswq_20H100466_030426_050000.bin,San Sebastian,default user,0,50.558,0,33.21,0,4.373,0,96.8,0,7.51,0,24.57,8.27,7.95,0,-61.5,5.54,18.004,0,6.8,0,1.197,0.89,0,3.59
3/20/2026,16:00, ,gtmsswq_20H100466_030426_050000.bin,San Sebastian,default user,0,50.994,0,33.53,0,4.387,0,88,0,6.82,0,20.23,6.82,7.92,0,-59.9,5.55,17.932,0,8.12,0,1.195,0.55,0,2.22
3/20/2026,16:15, ,gtmsswq_20H100466_030426_050000.bin,San Sebastian,default user,0,51.087,0,33.6,0,4.435,0,83.3,0,6.47,0,19.79,6.67,7.91,0,-59.4,5.54,17.775,0,4.27,0,1.2,0.5,0,2.03
3/20/2026,16:30, ,gtmsswq_20H100466_030426_050000.bin,San Sebastian,default user,0,51.115,0,33.62,0,4.511,0,81.4,0,6.33,0,19.03,6.42,7.89,0,-58.2,5.54,17.721,0,3.65,0,1.199,0.59,0,2.38
3/20/2026,16:45, ,gtmsswq_20H100466_030426_050000.bin,San Sebastian,default user,0,51.165,0,33.66,0,4.594,0,98.1,0,7.64,0,19.17,6.46,7.98,0,-63.3,5.54,17.666,0,6.74,0,1.195,1.12,0,4.5
3/20/2026,17:00, ,gtmsswq_20H100466_030426_050000.bin,San Sebastian,default user,0,51.136,0,33.64,0,4.681,0,98.8,0,7.71,0,19.63,6.62,7.99,0,-63.5,5.54,17.563,0,4.6,0,1.187,1.12,0,4.52
3/20/2026,17:15, ,gtmsswq_20H100466_030426_050000.bin,San Sebastian,default user,0,51.144,0,33.64,0,4.774,0,98.6,0,7.7,0,20.19,6.8,7.98,0,-63.4,5.55,17.486,0,6.12,0,1.183,1.3,0,5.22
3/20/2026,17:30, ,gtmsswq_20H100466_030426_050000.bin,San Sebastian,default user,0,51.196,0,33.68,0,4.869,0,99.2,0,7.76,0,19.44,6.56,7.99,0,-63.8,5.53,17.453,0,6.6,0,1.198,1.3,0,5.25
3/20/2026,17:45, ,gtmsswq_20H100466_030426_050000.bin,San Sebastian,default user,0,51.259,0,33.72,0,4.964,0,99.4,0,7.78,0,18.82,6.35,8,0,-64.2,5.54,17.388,0,9.49,0,1.198,1.6,0,6.44
3/20/2026,18:00, ,gtmsswq_20H100466_030426_050000.bin,San Sebastian,default user,0,51.335,0,33.78,0,5.068,0,101.2,0,7.91,0,18.18,6.13,8.01,0,-65.2,5.53,17.409,0,6.61,0,1.199,1.66,0,6.7
3/20/2026,18:15, ,gtmsswq_20H100466_030426_050000.bin,San Sebastian,default user,0,51.429,0,33.85,0,5.167,0,101.2,0,7.92,0,17.84,6.02,8.02,0,-65.6,5.53,17.305,0,5.94,0,1.2,1.64,0,6.61
3/20/2026,18:30, ,gtmsswq_20H100466_030426_050000.bin,San Sebastian,default user,0,51.613,0,33.98,0,5.268,0,102.1,0,7.99,0,15.8,5.34,8.05,0,-67,5.54,17.283,0,6.92,0,1.193,1.62,0,6.51
3/20/2026,18:45, ,gtmsswq_20H100466_030426_050000.bin,San Sebastian,default user,0,51.553,0,33.94,0,5.36,0,99.7,0,7.84,0,16.88,5.7,8.03,0,-65.8,5.53,17.082,0,5.83,0,1.182,1.66,0,6.7
3/20/2026,19:00, ,gtmsswq_20H100466_030426_050000.bin,San Sebastian,default user,0,51.65,0,34.01,0,5.449,0,100,0,7.87,0,15.85,5.36,8.04,0,-66.4,5.54,17.022,0,6.62,0,1.185,1.7,0,6.86
3/20/2026,19:15, ,gtmsswq_20H100466_030426_050000.bin,San Sebastian,default user,0,51.82,0,34.13,0,5.536,0,101.9,0,8.01,0,14.19,4.81,8.06,0,-67.7,5.53,17.002,0,7.5,0,1.201,1.84,0,7.43
3/20/2026,19:30, ,gtmsswq_20H100466_030426_050000.bin,San Sebastian,default user,0,52,0,34.26,0,5.616,0,102.6,0,8.1,0,11.78,4,8.1,0,-69.8,5.53,16.759,0,10.01,0,1.19,1.76,0,7.09
3/20/2026,19:45, ,gtmsswq_20H100466_030426_050000.bin,San Sebastian,default user,0,52.128,0,34.36,0,5.695,0,103.4,0,8.17,0,11.65,3.96,8.11,0,-70.4,5.54,16.695,0,8.42,0,1.187,1.72,0,6.93
3/20/2026,20:00, ,gtmsswq_20H100466_030426_050000.bin,San Sebastian,default user,0,52.208,0,34.41,0,5.773,0,103.9,0,8.22,0,10.58,3.6,8.12,0,-71.3,5.53,16.592,0,8.17,0,1.186,1.41,0,5.68
3/20/2026,20:15, ,gtmsswq_20H100466_030426_050000.bin,San Sebastian,default user,0,52.231,0,34.43,0,5.843,0,104,0,8.24,0,9.91,3.38,8.13,0,-71.5,5.54,16.521,0,9.29,0,1.194,1.6,0,6.45
3/20/2026,20:30, ,gtmsswq_20H100466_030426_050000.bin,San Sebastian,default user,0,52.262,0,34.45,0,5.903,0,104.3,0,8.27,0,9.66,3.29,8.13,0,-71.9,5.53,16.465,0,7.15,0,1.198,1.45,0,5.85
3/20/2026,20:45, ,gtmsswq_20H100466_030426_050000.bin,San Sebastian,default user,0,52.291,0,34.47,0,5.967,0,104.4,0,8.29,0,8.94,3.06,8.14,0,-72.4,5.53,16.38,0,5.84,0,1.2,1.44,0,5.79
3/20/2026,21:00, ,gtmsswq_20H100466_030426_050000.bin,San Sebastian,default user,0,52.295,0,34.47,0,6.018,0,104.4,0,8.3,0,8.67,2.96,8.15,0,-72.5,5.53,16.352,0,6.54,0,1.198,1.49,0,6.02
3/20/2026,21:15, ,gtmsswq_20H100466_030426_050000.bin,San Sebastian,default user,0,52.288,0,34.47,0,6.053,0,104.1,0,8.27,0,8.54,2.92,8.15,0,-72.6,5.53,16.342,0,6.88,0,1.186,1.55,0,6.24
3/20/2026,21:30, ,gtmsswq_20H100466_030426_050000.bin,San Sebastian,default user,0,52.248,0,34.44,0,6.078,0,104.1,0,8.28,0,8.75,2.99,8.15,0,-72.5,5.53,16.357,0,7.37,0,1.187,1.5,0,6.04
3/20/2026,21:45, ,gtmsswq_20H100466_030426_050000.bin,San Sebastian,default user,0,52.256,0,34.44,0,6.092,0,103.8,0,8.25,0,8.74,2.99,8.15,0,-72.5,5.52,16.338,0,6.17,0,1.191,1.51,0,6.07
3/20/2026,22:00, ,gtmsswq_20H100466_030426_050000.bin,San Sebastian,default user,0,52.27,0,34.45,0,6.096,0,103.3,0,8.21,0,8.63,2.95,8.14,0,-72.4,5.53,16.323,0,6.02,0,1.191,1.41,0,5.68
3/20/2026,22:15, ,gtmsswq_20H100466_030426_050000.bin,San Sebastian,default user,0,52.291,0,34.47,0,6.091,0,102.9,0,8.19,0,8.51,2.91,8.14,0,-72.4,5.53,16.297,0,4.9,0,1.183,1.34,0,5.39
3/20/2026,22:30, ,gtmsswq_20H100466_030426_050000.bin,San Sebastian,default user,0,52.272,0,34.46,0,6.066,0,101,0,8.04,0,9.33,3.18,8.13,0,-71.7,5.53,16.299,0,3.61,0,1.19,1.05,0,4.24
3/20/2026,22:45, ,gtmsswq_20H100466_030426_050000.bin,San Sebastian,default user,0,52.245,0,34.44,0,6.022,0,97.1,0,7.72,0,8.95,3.06,8.11,0,-70.6,5.53,16.344,0,3.75,0,1.191,0.84,0,3.4
3/20/2026,23:00, ,gtmsswq_20H100466_030426_050000.bin,San Sebastian,default user,0,52.27,0,34.45,0,5.961,0,101.8,0,8.1,0,9.08,3.1,8.14,0,-72.1,5.52,16.301,0,6.34,0,1.185,1.88,0,7.59
3/20/2026,23:15, ,gtmsswq_20H100466_030426_050000.bin,San Sebastian,default user,0,52.216,0,34.41,0,5.88,0,99.7,0,7.93,0,10.12,3.45,8.12,0,-70.9,5.53,16.339,0,6.25,0,1.196,1.39,0,5.6
3/20/2026,23:30, ,gtmsswq_20H100466_030426_050000.bin,San Sebastian,default user,0,52.157,0,34.37,0,5.785,0,98.6,0,7.84,0,11.15,3.79,8.1,0,-70.1,5.53,16.398,0,6.1,0,1.196,1.37,0,5.54
3/20/2026,23:45, ,gtmsswq_20H100466_030426_050000.bin,San Sebastian,default user,0,52.13,0,34.35,0,5.697,0,95.3,0,7.57,0,12.35,4.19,8.08,0,-68.6,5.52,16.411,0,5.44,0,1.197,1.01,0,4.05
3/21/2026,0:00, ,gtmsswq_20H100466_030426_050000.bin,San Sebastian,default user,0,52.096,0,34.33,0,5.601,0,94.9,0,7.53,0,12.82,4.35,8.08,0,-68.5,5.53,16.443,0,4.63,0,1.184,1.01,0,4.05
3/21/2026,0:15, ,gtmsswq_20H100466_030426_050000.bin,San Sebastian,default user,0,52.101,0,34.33,0,5.511,0,94.4,0,7.49,0,12.86,4.36,8.07,0,-68.1,5.52,16.44,0,5.73,0,1.186,1.12,0,4.51
3/21/2026,0:30, ,gtmsswq_20H100466_030426_050000.bin,San Sebastian,default user,0,52.014,0,34.27,0,5.419,0,95.8,0,7.6,0,12.77,4.33,8.07,0,-68.1,5.53,16.536,0,5.68,0,1.197,1.19,0,4.79
3/21/2026,0:45, ,gtmsswq_20H100466_030426_050000.bin,San Sebastian,default user,0,52.006,0,34.26,0,5.32,0,93.9,0,7.45,0,13.67,4.63,8.06,0,-67.4,5.53,16.493,0,5.44,0,1.2,1.26,0,5.06
3/21/2026,1:00, ,gtmsswq_20H100466_030426_050000.bin,San Sebastian,default user,0,51.921,0,34.2,0,5.225,0,93.3,0,7.4,0,14.87,5.03,8.04,0,-66.7,5.52,16.579,0,6.36,0,1.196,1.17,0,4.71
3/21/2026,1:15, ,gtmsswq_20H100466_030426_050000.bin,San Sebastian,default user,0,51.835,0,34.14,0,5.13,0,92.5,0,7.33,0,14.92,5.05,8.03,0,-66.2,5.53,16.594,0,6.59,0,1.182,1.05,0,4.22
3/21/2026,1:30, ,gtmsswq_20H100466_030426_050000.bin,San Sebastian,default user,0,51.751,0,34.08,0,5.045,0,92.9,0,7.35,0,16.41,5.54,8.02,0,-65.6,5.52,16.673,0,7.39,0,1.19,1.05,0,4.22
3/21/2026,1:45, ,gtmsswq_20H100466_030426_050000.bin,San Sebastian,default user,0,51.661,0,34.01,0,4.954,0,91.4,0,7.23,0,17.13,5.78,8.01,0,-64.6,5.53,16.716,0,6.89,0,1.196,1.02,0,4.12
3/21/2026,2:00, ,gtmsswq_20H100466_030426_050000.bin,San Sebastian,default user,0,51.614,0,33.98,0,4.872,0,90.7,0,7.18,0,17.36,5.86,8,0,-64.3,5.54,16.704,0,6.58,0,1.2,1.06,0,4.28
3/21/2026,2:15, ,gtmsswq_20H100466_030426_050000.bin,San Sebastian,default user,0,51.611,0,33.98,0,4.78,0,91.4,0,7.24,0,18.08,6.1,8.01,0,-64.5,5.53,16.688,0,7.17,0,1.201,1.21,0,4.88
3/21/2026,2:30, ,gtmsswq_20H100466_030426_050000.bin,San Sebastian,default user,0,51.372,0,33.8,0,4.714,0,90.4,0,7.14,0,19.73,6.65,7.98,0,-63.1,5.53,16.845,0,7.88,0,1.185,1.12,0,4.49
3/21/2026,2:45, ,gtmsswq_20H100466_030426_050000.bin,San Sebastian,default user,0,51.134,0,33.63,0,4.647,0,89.6,0,7.07,0,21.53,7.25,7.96,0,-62,5.54,17.002,0,9.94,0,1.183,1.11,0,4.47
3/21/2026,3:00, ,gtmsswq_20H100466_030426_050000.bin,San Sebastian,default user,0,51.094,0,33.6,0,4.584,0,89.3,0,7.05,0,22.47,7.56,7.96,0,-61.8,5.52,16.967,0,7.99,0,1.191,1.09,0,4.37
3/21/2026,3:15, ,gtmsswq_20H100466_030426_050000.bin,San Sebastian,default user,0,50.949,0,33.49,0,4.525,0,88.1,0,6.95,0,23.74,7.99,7.94,0,-60.9,5.53,17.055,0,6.88,0,1.201,0.95,0,3.81
3/21/2026,3:30, ,gtmsswq_20H100466_030426_050000.bin,San Sebastian,default user,0,50.894,0,33.45,0,4.47,0,88.4,0,6.97,0,21.18,7.14,7.94,0,-60.8,5.53,17.076,0,1009.03,0,1.191,1.09,0,4.38
3/21/2026,3:45, ,gtmsswq_20H100466_030426_050000.bin,San Sebastian,default user,0,50.835,0,33.41,0,4.434,0,86.8,0,6.84,0,24.88,8.37,7.93,0,-60.1,5.52,17.119,0,7.1,0,1.186,1.06,0,4.28
3/21/2026,4:00, ,gtmsswq_20H100466_030426_050000.bin,San Sebastian,default user,0,50.778,0,33.37,0,4.397,0,86.3,0,6.8,0,25.25,8.49,7.92,0,-59.5,5.53,17.157,0,4.75,0,1.193,0.8,0,3.21
3/21/2026,4:15, ,gtmsswq_20H100466_030426_050000.bin,San Sebastian,default user,0,50.757,0,33.35,0,4.382,0,84.7,0,6.67,0,24.87,8.36,7.91,0,-58.9,5.53,17.162,0,5.84,0,1.193,0.87,0,3.48
3/21/2026,4:30, ,gtmsswq_20H100466_030426_050000.bin,San Sebastian,default user,0,50.75,0,33.35,0,4.373,0,82.2,0,6.48,0,24.61,8.28,7.89,0,-58.2,5.53,17.146,0,6.94,0,1.195,0.7,0,2.8
3/21/2026,4:45, ,gtmsswq_20H100466_030426_050000.bin,San Sebastian,default user,0,51.127,0,33.62,0,4.396,0,90.4,0,7.13,0,21.23,7.15,7.96,0,-62,5.53,16.993,0,5.2,0,1.199,0.92,0,3.69
3/21/2026,5:00, ,gtmsswq_20H100466_030426_050000.bin,San Sebastian,default user,0,51.165,0,33.65,0,4.432,0,87.2,0,6.88,0,20.6,6.94,7.95,0,-61.2,5.53,16.991,0,5.85,0,1.191,0.85,0,3.43
3/21/2026,5:15, ,gtmsswq_20H100466_030426_050000.bin,San Sebastian,default user,0,51.194,0,33.67,0,4.49,0,90,0,7.1,0,20.68,6.97,7.96,0,-61.8,5.54,17.015,0,4.64,0,1.187,0.92,0,3.69
3/21/2026,5:30, ,gtmsswq_20H100466_030426_050000.bin,San Sebastian,default user,0,51.188,0,33.67,0,4.538,0,88,0,6.95,0,20.87,7.03,7.95,0,-61.1,5.52,16.966,0,4.11,0,1.185,0.91,0,3.67
3/21/2026,5:45, ,gtmsswq_20H100466_030426_050000.bin,San Sebastian,default user,0,51.166,0,33.65,0,4.612,0,91.4,0,7.2,0,20.8,7.01,7.96,0,-61.8,5.53,17.071,0,4.39,0,1.198,1.24,0,5.01
3/21/2026,6:00, ,gtmsswq_20H100466_030426_050000.bin,San Sebastian,default user,0,51.23,0,33.7,0,4.696,0,88.9,0,7.02,0,21.39,7.21,7.94,0,-60.7,5.53,16.985,0,7.23,0,1.194,1.06,0,4.27
3/21/2026,6:15, ,gtmsswq_20H100466_030426_050000.bin,San Sebastian,default user,0,51.23,0,33.7,0,4.779,0,90.2,0,7.11,0,21.12,7.11,7.95,0,-61.4,5.53,16.991,0,6.23,0,1.182,1.04,0,4.19
3/21/2026,6:30, ,gtmsswq_20H100466_030426_050000.bin,San Sebastian,default user,0,51.253,0,33.72,0,4.863,0,91.1,0,7.19,0,20.38,6.87,7.96,0,-61.9,5.53,16.978,0,6.06,0,1.186,1.11,0,4.45
3/21/2026,6:45, ,gtmsswq_20H100466_030426_050000.bin,San Sebastian,default user,0,51.306,0,33.75,0,4.941,0,91.4,0,7.22,0,20.51,6.91,7.97,0,-62.3,5.52,16.935,0,6.25,0,1.183,1.09,0,4.38
3/21/2026,7:00, ,gtmsswq_20H100466_030426_050000.bin,San Sebastian,default user,0,51.317,0,33.76,0,5.022,0,91.8,0,7.27,0,19.62,6.62,7.98,0,-62.9,5.53,16.794,0,6.15,0,1.183,1.16,0,4.69
3/21/2026,7:15, ,gtmsswq_20H100466_030426_050000.bin,San Sebastian,default user,0,51.44,0,33.85,0,5.107,0,92.6,0,7.33,0,18.89,6.37,7.99,0,-63.6,5.52,16.739,0,4.98,0,1.194,0.99,0,3.99
3/21/2026,7:30, ,gtmsswq_20H100466_030426_050000.bin,San Sebastian,default user,0,51.583,0,33.95,0,5.188,0,92.3,0,7.33,0,17.71,5.98,8.01,0,-64.6,5.53,16.593,0,5.74,0,1.194,1.03,0,4.16
3/21/2026,7:45, ,gtmsswq_20H100466_030426_050000.bin,San Sebastian,default user,0,51.629,0,33.99,0,5.273,0,92.8,0,7.35,0,17.48,5.9,8.01,0,-64.9,5.53,16.629,0,6.06,0,1.194,1.11,0,4.47
3/21/2026,8:00, ,gtmsswq_20H100466_030426_050000.bin,San Sebastian,default user,0,51.576,0,33.95,0,5.367,0,92.7,0,7.33,0,17.61,5.94,8,0,-64.3,5.52,16.74,0,6.44,0,1.192,1.15,0,4.64
3/21/2026,8:15, ,gtmsswq_20H100466_030426_050000.bin,San Sebastian,default user,0,51.722,0,34.06,0,5.443,0,93.4,0,7.41,0,16.24,5.49,8.02,0,-65.4,5.53,16.621,0,6.17,0,1.183,1.13,0,4.56
3/21/2026,8:30, ,gtmsswq_20H100466_030426_050000.bin,San Sebastian,default user,0,51.836,0,34.14,0,5.522,0,94.4,0,7.49,0,15.28,5.17,8.04,0,-66.2,5.52,16.531,0,6.7,0,1.188,1.08,0,4.36
3/21/2026,8:45, ,gtmsswq_20H100466_030426_050000.bin,San Sebastian,default user,0,52.034,0,34.28,0,5.581,0,97.3,0,7.75,0,13.01,4.41,8.07,0,-68.2,5.52,16.301,0,7.35,0,1.197,1.22,0,4.92
3/21/2026,9:00, ,gtmsswq_20H100466_030426_050000.bin,San Sebastian,default user,0,52.122,0,34.34,0,5.632,0,98,0,7.82,0,11.41,3.88,8.08,0,-69,5.53,16.216,0,6.49,0,1.192,1.17,0,4.71
3/21/2026,9:15, ,gtmsswq_20H100466_030426_050000.bin,San Sebastian,default user,0,52.226,0,34.42,0,5.681,0,99.2,0,7.92,0,9.98,3.4,8.11,0,-70.1,5.52,16.106,0,7.31,0,1.194,1.21,0,4.88
3/21/2026,9:30, ,gtmsswq_20H100466_030426_050000.bin,San Sebastian,default user,0,52.301,0,34.47,0,5.721,0,100.5,0,8.04,0,9.76,3.33,8.12,0,-70.9,5.53,16.028,0,7.96,0,1.198,1.25,0,5.02
3/21/2026,9:45, ,gtmsswq_20H100466_030426_050000.bin,San Sebastian,default user,0,52.38,0,34.53,0,5.754,0,101.1,0,8.09,0,8.42,2.88,8.13,0,-71.6,5.51,15.987,0,6.88,0,1.197,1.55,0,6.25
3/21/2026,10:00, ,gtmsswq_20H100466_030426_050000.bin,San Sebastian,default user,0,52.381,0,34.53,0,5.771,0,100.9,0,8.07,0,8.39,2.87,8.13,0,-71.7,5.52,16.024,0,6.36,0,1.199,1.57,0,6.34
3/21/2026,10:15, ,gtmsswq_20H100466_030426_050000.bin,San Sebastian,default user,0,52.391,0,34.54,0,5.771,0,100.5,0,8.04,0,8.38,2.87,8.13,0,-71.7,5.53,16.037,0,5.96,0,1.192,1.46,0,5.89
3/21/2026,10:30, ,gtmsswq_20H100466_030426_050000.bin,San Sebastian,default user,0,52.385,0,34.53,0,5.756,0,99.4,0,7.94,0,8.66,2.96,8.13,0,-71.4,5.52,16.059,0,4.21,0,1.185,1.01,0,4.06
3/21/2026,10:45, ,gtmsswq_20H100466_030426_050000.bin,San Sebastian,default user,0,52.389,0,34.54,0,5.736,0,97.6,0,7.8,0,8.56,2.93,8.12,0,-71.1,5.52,16.065,0,3.27,0,1.184,1.11,0,4.47
3/21/2026,11:00, ,gtmsswq_20H100466_030426_050000.bin,San Sebastian,default user,0,52.376,0,34.53,0,5.688,0,94.5,0,7.55,0,7.93,2.72,8.1,0,-70,5.51,16.093,0,5.53,0,1.189,0.79,0,3.18
3/21/2026,11:15, ,gtmsswq_20H100466_030426_050000.bin,San Sebastian,default user,0,52.238,0,34.43,0,5.638,0,101.5,0,8.05,0,9.99,3.4,8.11,0,-70.7,5.52,16.468,0,5.57,0,1.201,1.02,0,4.1
3/21/2026,11:30, ,gtmsswq_20H100466_030426_050000.bin,San Sebastian,default user,0,52.276,0,34.46,0,5.584,0,101.2,0,8.04,0,9.49,3.24,8.12,0,-71,5.53,16.395,0,5.79,0,1.192,0.87,0,3.52
3/21/2026,11:45, ,gtmsswq_20H100466_030426_050000.bin,San Sebastian,default user,0,52.135,0,34.36,0,5.517,0,102.4,0,8.07,0,10.7,3.64,8.1,0,-70.1,5.52,16.816,0,4.81,0,1.188,0.85,0,3.4
3/21/2026,12:00, ,gtmsswq_20H100466_030426_050000.bin,San Sebastian,default user,0,52.123,0,34.36,0,5.441,0,102.8,0,8.07,0,11.06,3.76,8.1,0,-69.8,5.52,17.027,0,5.54,0,1.19,0.85,0,3.41
3/21/2026,12:15, ,gtmsswq_20H100466_030426_050000.bin,San Sebastian,default user,0,51.996,0,34.27,0,5.354,0,102.4,0,8.01,0,12.28,4.17,8.08,0,-68.9,5.52,17.277,0,5.53,0,1.19,0.81,0,3.24
3/21/2026,12:30, ,gtmsswq_20H100466_030426_050000.bin,San Sebastian,default user,0,51.806,0,34.13,0,5.263,0,100.6,0,7.85,0,14.11,4.78,8.04,0,-66.9,5.52,17.448,0,4.96,0,1.185,0.71,0,2.87
3/21/2026,12:45, ,gtmsswq_20H100466_030426_050000.bin,San Sebastian,default user,0,51.87,0,34.18,0,5.168,0,102.6,0,7.94,0,13.88,4.7,8.05,0,-67.3,5.53,17.849,0,5.18,0,1.184,0.74,0,2.96
3/21/2026,13:00, ,gtmsswq_20H100466_030426_050000.bin,San Sebastian,default user,0,51.68,0,34.04,0,5.077,0,102.1,0,7.88,0,14.79,5,8.04,0,-66.6,5.52,18.015,0,6.03,0,1.182,0.7,0,2.83
3/21/2026,13:15, ,gtmsswq_20H100466_030426_050000.bin,San Sebastian,default user,0,51.683,0,34.04,0,4.979,0,100.2,0,7.71,0,15.56,5.26,8.02,0,-65.7,5.53,18.172,0,8.33,0,1.182,0.72,0,2.9
3/21/2026,13:30, ,gtmsswq_20H100466_030426_050000.bin,San Sebastian,default user,0,51.746,0,34.09,0,4.888,0,101.6,0,7.79,0,14.34,4.85,8.03,0,-66.1,5.52,18.381,0,11.73,0,1.185,0.8,0,3.21
3/21/2026,13:45, ,gtmsswq_20H100466_030426_050000.bin,San Sebastian,default user,0,51.522,0,33.93,0,4.792,0,99.6,0,7.64,0,16.29,5.5,8,0,-64.7,5.52,18.385,0,8.66,0,1.193,0.76,0,3.07
3/21/2026,14:00, ,gtmsswq_20H100466_030426_050000.bin,San Sebastian,default user,0,51.525,0,33.93,0,4.701,0,101.3,0,7.73,0,16.39,5.54,8.01,0,-65.2,5.53,18.68,0,8.4,0,1.199,0.82,0,3.28
3/21/2026,14:15, ,gtmsswq_20H100466_030426_050000.bin,San Sebastian,default user,0,51.473,0,33.89,0,4.617,0,101.2,0,7.7,0,16.9,5.71,8,0,-64.4,5.52,18.815,0,9.34,0,1.192,0.93,0,3.74
3/21/2026,14:30, ,gtmsswq_20H100466_030426_050000.bin,San Sebastian,default user,0,51.318,0,33.78,0,4.533,0,98.6,0,7.52,0,18,6.08,7.99,0,-63.8,5.53,18.721,0,9.12,0,1.182,0.96,0,3.86
3/21/2026,14:45, ,gtmsswq_20H100466_030426_050000.bin,San Sebastian,default user,0,51.174,0,33.67,0,4.452,0,98.2,0,7.48,0,19.53,6.59,7.97,0,-62.8,5.52,18.827,0,10.59,0,1.185,1.05,0,4.22
3/21/2026,15:00, ,gtmsswq_20H100466_030426_050000.bin,San Sebastian,default user,0,51.063,0,33.59,0,4.383,0,97.2,0,7.41,0,20.26,6.83,7.95,0,-62,5.52,18.818,0,20.23,0,1.193,0.94,0,3.77
3/21/2026,15:15, ,gtmsswq_20H100466_030426_050000.bin,San Sebastian,default user,0,51.102,0,33.62,0,4.318,0,96.7,0,7.36,0,20.17,6.8,7.96,0,-62.1,5.53,18.897,0,8.33,0,1.196,1.04,0,4.17
3/21/2026,15:30, ,gtmsswq_20H100466_030426_050000.bin,San Sebastian,default user,0,50.922,0,33.48,0,4.267,0,96.6,0,7.36,0,21.45,7.23,7.94,0,-61.3,5.53,18.869,0,10.68,0,1.2,1.12,0,4.51
3/21/2026,15:45, ,gtmsswq_20H100466_030426_050000.bin,San Sebastian,default user,0,50.851,0,33.43,0,4.224,0,93.3,0,7.1,0,21.66,7.29,7.92,0,-60.1,5.53,18.902,0,7.23,0,1.201,0.8,0,3.24
3/21/2026,16:00, ,gtmsswq_20H100466_030426_050000.bin,San Sebastian,default user,0,50.776,0,33.38,0,4.2,0,89.3,0,6.81,0,23.16,7.79,7.9,0,-58.6,5.52,18.851,0,6.83,0,1.191,0.69,0,2.76
3/21/2026,16:15, ,gtmsswq_20H100466_030426_050000.bin,San Sebastian,default user,0,50.776,0,33.38,0,4.179,0,89.1,0,6.79,0,22.65,7.62,7.9,0,-58.7,5.53,18.907,0,6.68,0,1.187,0.82,0,3.32
3/21/2026,16:30, ,gtmsswq_20H100466_030426_050000.bin,San Sebastian,default user,0,50.946,0,33.5,0,4.184,0,84.8,0,6.49,0,20.71,6.98,7.89,0,-58.2,5.53,18.675,0,4.81,0,1.182,0.74,0,2.97
3/21/2026,16:45, ,gtmsswq_20H100466_030426_050000.bin,San Sebastian,default user,0,51.01,0,33.55,0,4.207,0,86.2,0,6.61,0,20.75,6.99,7.89,0,-58.4,5.52,18.553,0,5.3,0,1.192,0.89,0,3.59
3/21/2026,17:00, ,gtmsswq_20H100466_030426_050000.bin,San Sebastian,default user,0,51.007,0,33.55,0,4.261,0,86.2,0,6.61,0,20.31,6.85,7.89,0,-58.4,5.53,18.497,0,8.19,0,1.2,1.03,0,4.15
3/21/2026,17:15, ,gtmsswq_20H100466_030426_050000.bin,San Sebastian,default user,0,51.008,0,33.55,0,4.332,0,90.3,0,6.93,0,20.55,6.92,7.92,0,-59.8,5.52,18.461,0,4.68,0,1.2,1.06,0,4.25
3/21/2026,17:30, ,gtmsswq_20H100466_030426_050000.bin,San Sebastian,default user,0,50.993,0,33.54,0,4.419,0,97.5,0,7.48,0,21.25,7.16,7.95,0,-61.4,5.52,18.463,0,5.56,0,1.187,1.45,0,5.83
3/21/2026,17:45, ,gtmsswq_20H100466_030426_050000.bin,San Sebastian,default user,0,50.98,0,33.53,0,4.52,0,98.2,0,7.55,0,21.29,7.17,7.95,0,-61.5,5.53,18.428,0,5.07,0,1.185,1.48,0,5.95
3/21/2026,18:00, ,gtmsswq_20H100466_030426_050000.bin,San Sebastian,default user,0,50.99,0,33.53,0,4.616,0,97.5,0,7.49,0,20.98,7.07,7.94,0,-61.3,5.53,18.406,0,5.46,0,1.194,1.38,0,5.55
3/21/2026,18:15, ,gtmsswq_20H100466_030426_050000.bin,San Sebastian,default user,0,51.001,0,33.54,0,4.706,0,95.6,0,7.36,0,20.75,6.99,7.94,0,-60.9,5.53,18.355,0,5.97,0,1.195,1.24,0,4.98
3/21/2026,18:30, ,gtmsswq_20H100466_030426_050000.bin,San Sebastian,default user,0,51.047,0,33.57,0,4.8,0,98.4,0,7.58,0,20.79,7,7.96,0,-61.9,5.52,18.291,0,7.57,0,1.188,1.65,0,6.66
3/21/2026,18:45, ,gtmsswq_20H100466_030426_050000.bin,San Sebastian,default user,0,51.127,0,33.63,0,4.896,0,99.2,0,7.64,0,20.28,6.84,7.97,0,-62.6,5.53,18.273,0,6.52,0,1.183,1.76,0,7.09
3/21/2026,19:00, ,gtmsswq_20H100466_030426_050000.bin,San Sebastian,default user,0,51.246,0,33.72,0,4.991,0,100,0,7.69,0,18.81,6.34,7.99,0,-63.7,5.52,18.278,0,5.96,0,1.182,1.76,0,7.09
3/21/2026,19:15, ,gtmsswq_20H100466_030426_050000.bin,San Sebastian,default user,0,51.373,0,33.81,0,5.089,0,99.5,0,7.67,0,18.01,6.08,8,0,-64.4,5.53,18.179,0,7.29,0,1.19,1.81,0,7.27
3/21/2026,19:30, ,gtmsswq_20H100466_030426_050000.bin,San Sebastian,default user,0,51.313,0,33.77,0,5.188,0,98.1,0,7.58,0,18.85,6.36,7.98,0,-63.2,5.53,18.021,0,6.45,0,1.191,1.71,0,6.89
3/21/2026,19:45, ,gtmsswq_20H100466_030426_050000.bin,San Sebastian,default user,0,51.374,0,33.81,0,5.277,0,97.6,0,7.55,0,18.34,6.19,7.98,0,-63.4,5.52,17.959,0,6.45,0,1.19,1.69,0,6.82
3/21/2026,20:00, ,gtmsswq_20H100466_030426_050000.bin,San Sebastian,default user,0,51.55,0,33.94,0,5.376,0,98.7,0,7.65,0,16.6,5.61,8,0,-64.6,5.52,17.807,0,6.95,0,1.192,1.58,0,6.36
3/21/2026,20:15, ,gtmsswq_20H100466_030426_050000.bin,San Sebastian,default user,0,51.832,0,34.15,0,5.466,0,100.7,0,7.84,0,14.17,4.8,8.05,0,-67.1,5.53,17.534,0,7.08,0,1.198,1.67,0,6.73
3/21/2026,20:30, ,gtmsswq_20H100466_030426_050000.bin,San Sebastian,default user,0,52.024,0,34.29,0,5.553,0,102.1,0,7.97,0,11.82,4.01,8.08,0,-69.1,5.52,17.366,0,7.49,0,1.193,1.77,0,7.11
3/21/2026,20:45, ,gtmsswq_20H100466_030426_050000.bin,San Sebastian,default user,0,52.286,0,34.48,0,5.633,0,104,0,8.13,0,8.63,2.95,8.13,0,-72,5.52,17.191,0,7.35,0,1.185,1.31,0,5.29
3/21/2026,21:00, ,gtmsswq_20H100466_030426_050000.bin,San Sebastian,default user,0,52.333,0,34.51,0,5.712,0,104.5,0,8.18,0,8.37,2.86,8.14,0,-72.5,5.53,17.169,0,5.41,0,1.186,1.2,0,4.85
3/21/2026,21:15, ,gtmsswq_20H100466_030426_050000.bin,San Sebastian,default user,0,52.359,0,34.53,0,5.786,0,104.4,0,8.18,0,8.18,2.8,8.14,0,-72.5,5.52,17.072,0,5.73,0,1.199,1.13,0,4.57
3/21/2026,21:30, ,gtmsswq_20H100466_030426_050000.bin,San Sebastian,default user,0,52.396,0,34.56,0,5.836,0,104.4,0,8.19,0,7.17,2.46,8.15,0,-72.7,5.52,17.033,0,5.99,0,1.199,1.17,0,4.71
3/21/2026,21:45, ,gtmsswq_20H100466_030426_050000.bin,San Sebastian,default user,0,52.4,0,34.56,0,5.892,0,104.2,0,8.18,0,7.65,2.62,8.15,0,-72.8,5.52,16.993,0,6.12,0,1.185,1.17,0,4.72
3/21/2026,22:00, ,gtmsswq_20H100466_030426_050000.bin,San Sebastian,default user,0,52.417,0,34.57,0,5.938,0,104.2,0,8.18,0,7.9,2.71,8.15,0,-72.8,5.52,16.951,0,5.69,0,1.187,1.21,0,4.87
3/21/2026,22:15, ,gtmsswq_20H100466_030426_050000.bin,San Sebastian,default user,0,52.421,0,34.57,0,5.967,0,103.9,0,8.16,0,7.4,2.54,8.15,0,-72.8,5.53,16.923,0,5.85,0,1.197,1.45,0,5.84
3/21/2026,22:30, ,gtmsswq_20H100466_030426_050000.bin,San Sebastian,default user,0,52.423,0,34.58,0,5.986,0,103.8,0,8.17,0,7.85,2.69,8.15,0,-72.9,5.52,16.87,0,5.09,0,1.195,1.24,0,5
3/21/2026,22:45, ,gtmsswq_20H100466_030426_050000.bin,San Sebastian,default user,0,52.433,0,34.58,0,5.987,0,103.3,0,8.13,0,7.57,2.6,8.15,0,-72.8,5.52,16.822,0,5.01,0,1.198,1.15,0,4.63
3/21/2026,23:00, ,gtmsswq_20H100466_030426_050000.bin,San Sebastian,default user,0,52.38,0,34.54,0,5.976,0,102.6,0,8.07,0,7.56,2.59,8.14,0,-72.5,5.51,16.884,0,5.33,0,1.197,1.01,0,4.07
3/21/2026,23:15, ,gtmsswq_20H100466_030426_050000.bin,San Sebastian,default user,0,52.43,0,34.58,0,5.947,0,100.9,0,7.95,0,7.74,2.65,8.14,0,-72.5,5.51,16.797,0,3.26,0,1.197,0.68,0,2.73
3/21/2026,23:30, ,gtmsswq_20H100466_030426_050000.bin,San Sebastian,default user,0,52.428,0,34.58,0,5.904,0,94.9,0,7.47,0,7.4,2.54,8.11,0,-70.8,5.52,16.809,0,3.4,0,1.2,0.64,0,2.59
3/21/2026,23:45, ,gtmsswq_20H100466_030426_050000.bin,San Sebastian,default user,0,52.354,0,34.53,0,5.837,0,100.3,0,7.89,0,8.98,3.07,8.12,0,-71.4,5.51,16.885,0,6.95,0,1.195,1.35,0,5.42
3/22/2026,0:00, ,gtmsswq_20H100466_030426_050000.bin,San Sebastian,default user,0,52.315,0,34.5,0,5.76,0,97.4,0,7.66,0,9.62,3.28,8.1,0,-70.2,5.52,16.895,0,4.8,0,1.183,0.92,0,3.71
3/22/2026,0:15, ,gtmsswq_20H100466_030426_050000.bin,San Sebastian,default user,0,52.24,0,34.44,0,5.672,0,98.9,0,7.77,0,10.18,3.47,8.11,0,-70.5,5.51,17,0,5.66,0,1.191,1.01,0,4.05
3/22/2026,0:30, ,gtmsswq_20H100466_030426_050000.bin,San Sebastian,default user,0,52.208,0,34.42,0,5.584,0,94.9,0,7.46,0,10.81,3.68,8.08,0,-69,5.51,16.99,0,4.68,0,1.199,0.9,0,3.61
3/22/2026,0:45, ,gtmsswq_20H100466_030426_050000.bin,San Sebastian,default user,0,52.185,0,34.4,0,5.488,0,93.7,0,7.35,0,11.59,3.94,8.07,0,-68.1,5.52,17.003,0,5.05,0,1.185,0.9,0,3.62
3/22/2026,1:00, ,gtmsswq_20H100466_030426_050000.bin,San Sebastian,default user,0,52.125,0,34.36,0,5.392,0,92.4,0,7.25,0,12.75,4.32,8.05,0,-67.1,5.51,17.001,0,4.59,0,1.183,0.77,0,3.09
3/22/2026,1:15, ,gtmsswq_20H100466_030426_050000.bin,San Sebastian,default user,0,52.052,0,34.31,0,5.299,0,94.5,0,7.41,0,12.72,4.31,8.06,0,-67.6,5.52,17.107,0,5.21,0,1.19,0.87,0,3.51
3/22/2026,1:30, ,gtmsswq_20H100466_030426_050000.bin,San Sebastian,default user,0,51.913,0,34.2,0,5.194,0,92.5,0,7.24,0,14.6,4.94,8.03,0,-66,5.51,17.182,0,7.13,0,1.198,1.06,0,4.28
3/22/2026,1:45, ,gtmsswq_20H100466_030426_050000.bin,San Sebastian,default user,0,51.855,0,34.16,0,5.101,0,90.9,0,7.12,0,15.01,5.08,8.01,0,-65.1,5.51,17.2,0,5.94,0,1.187,1.07,0,4.31
3/22/2026,2:00, ,gtmsswq_20H100466_030426_050000.bin,San Sebastian,default user,0,51.742,0,34.08,0,4.997,0,90.2,0,7.06,0,17.04,5.75,7.99,0,-64,5.52,17.286,0,9.32,0,1.184,1.15,0,4.63
3/22/2026,2:15, ,gtmsswq_20H100466_030426_050000.bin,San Sebastian,default user,0,51.64,0,34.01,0,4.897,0,91.1,0,7.12,0,17.7,5.98,7.99,0,-63.8,5.52,17.397,0,7.92,0,1.183,1.11,0,4.48
3/22/2026,2:30, ,gtmsswq_20H100466_030426_050000.bin,San Sebastian,default user,0,51.507,0,33.91,0,4.8,0,89.8,0,7,0,18.83,6.35,7.97,0,-62.5,5.52,17.486,0,8.43,0,1.199,1.11,0,4.47
3/22/2026,2:45, ,gtmsswq_20H100466_030426_050000.bin,San Sebastian,default user,0,51.527,0,33.92,0,4.717,0,88.4,0,6.91,0,18.79,6.34,7.96,0,-62.1,5.51,17.388,0,8.35,0,1.192,1.13,0,4.57
3/22/2026,3:00, ,gtmsswq_20H100466_030426_050000.bin,San Sebastian,default user,0,51.261,0,33.73,0,4.639,0,87.7,0,6.83,0,21.52,7.25,7.93,0,-60.6,5.52,17.621,0,9.41,0,1.185,1.17,0,4.73
3/22/2026,3:15, ,gtmsswq_20H100466_030426_050000.bin,San Sebastian,default user,0,51.203,0,33.69,0,4.565,0,87.4,0,6.81,0,22.49,7.57,7.93,0,-60.3,5.52,17.626,0,8.01,0,1.184,1.18,0,4.75
3/22/2026,3:30, ,gtmsswq_20H100466_030426_050000.bin,San Sebastian,default user,0,51.062,0,33.58,0,4.496,0,87.6,0,6.81,0,22.56,7.59,7.92,0,-59.9,5.51,17.752,0,9.08,0,1.182,1.15,0,4.62
3/22/2026,3:45, ,gtmsswq_20H100466_030426_050000.bin,San Sebastian,default user,0,50.967,0,33.51,0,4.431,0,86.5,0,6.73,0,23.61,7.94,7.91,0,-59.1,5.52,17.806,0,11.24,0,1.182,1.18,0,4.77
3/22/2026,4:00, ,gtmsswq_20H100466_030426_050000.bin,San Sebastian,default user,0,50.84,0,33.42,0,4.373,0,86.2,0,6.69,0,24.68,8.3,7.9,0,-58.4,5.51,17.923,0,7.98,0,1.198,1.18,0,4.76
3/22/2026,4:15, ,gtmsswq_20H100466_030426_050000.bin,San Sebastian,default user,0,50.759,0,33.36,0,4.33,0,86.4,0,6.7,0,25.67,8.63,7.89,0,-58.3,5.52,18.009,0,9.19,0,1.193,1.21,0,4.89
3/22/2026,4:30, ,gtmsswq_20H100466_030426_050000.bin,San Sebastian,default user,0,50.757,0,33.36,0,4.288,0,84.2,0,6.53,0,25.86,8.69,7.88,0,-57.4,5.52,17.986,0,5.5,0,1.19,0.95,0,3.81
3/22/2026,4:45, ,gtmsswq_20H100466_030426_050000.bin,San Sebastian,default user,0,50.712,0,33.33,0,4.254,0,83.6,0,6.48,0,25.97,8.73,7.87,0,-56.9,5.51,18.015,0,5.16,0,1.188,0.77,0,3.1
3/22/2026,5:00, ,gtmsswq_20H100466_030426_050000.bin,San Sebastian,default user,0,50.702,0,33.32,0,4.247,0,78.9,0,6.11,0,25.69,8.64,7.85,0,-55.7,5.52,18.031,0,7.78,0,1.193,0.83,0,3.33
3/22/2026,5:15, ,gtmsswq_20H100466_030426_050000.bin,San Sebastian,default user,0,50.86,0,33.44,0,4.262,0,85.6,0,6.64,0,24.19,8.14,7.89,0,-58.2,5.51,17.915,0,5.24,0,1.195,0.92,0,3.69
3/22/2026,5:30, ,gtmsswq_20H100466_030426_050000.bin,San Sebastian,default user,0,50.999,0,33.54,0,4.279,0,85.9,0,6.67,0,22.88,7.7,7.91,0,-59.1,5.52,17.883,0,4.75,0,1.193,1.15,0,4.65
3/22/2026,5:45, ,gtmsswq_20H100466_030426_050000.bin,San Sebastian,default user,0,51.055,0,33.58,0,4.317,0,77.4,0,6.01,0,21.6,7.27,7.85,0,-56,5.52,17.866,0,4.92,0,1.194,0.85,0,3.43
3/22/2026,6:00, ,gtmsswq_20H100466_030426_050000.bin,San Sebastian,default user,0,51.079,0,33.6,0,4.389,0,81.7,0,6.34,0,21.7,7.31,7.89,0,-58.3,5.51,17.869,0,4.81,0,1.197,0.68,0,2.74
3/22/2026,6:15, ,gtmsswq_20H100466_030426_050000.bin,San Sebastian,default user,0,51.085,0,33.6,0,4.454,0,89.4,0,6.93,0,21.83,7.35,7.92,0,-60,5.52,17.911,0,4.63,0,1.197,1.08,0,4.35
3/22/2026,6:30, ,gtmsswq_20H100466_030426_050000.bin,San Sebastian,default user,0,51.079,0,33.6,0,4.535,0,90.7,0,7.03,0,22.22,7.48,7.93,0,-60.2,5.51,17.954,0,5.43,0,1.194,0.99,0,3.99
3/22/2026,6:45, ,gtmsswq_20H100466_030426_050000.bin,San Sebastian,default user,0,51.084,0,33.6,0,4.626,0,91.5,0,7.09,0,21.92,7.38,7.93,0,-60.2,5.52,17.958,0,5.59,0,1.195,1.12,0,4.53
3/22/2026,7:00, ,gtmsswq_20H100466_030426_050000.bin,San Sebastian,default user,0,51.096,0,33.61,0,4.711,0,90.8,0,7.04,0,21.7,7.31,7.93,0,-60.2,5.52,17.908,0,5.18,0,1.191,1.08,0,4.34
3/22/2026,7:15, ,gtmsswq_20H100466_030426_050000.bin,San Sebastian,default user,0,51.128,0,33.63,0,4.8,0,90.4,0,7.02,0,22.15,7.46,7.92,0,-60,5.51,17.859,0,7.27,0,1.191,1.24,0,5.01
3/22/2026,7:30, ,gtmsswq_20H100466_030426_050000.bin,San Sebastian,default user,0,51.149,0,33.65,0,4.882,0,90.3,0,7.01,0,21.78,7.33,7.93,0,-60.2,5.52,17.802,0,6.68,0,1.193,1.12,0,4.5
3/22/2026,7:45, ,gtmsswq_20H100466_030426_050000.bin,San Sebastian,default user,0,51.224,0,33.7,0,4.964,0,90.9,0,7.08,0,21.52,7.25,7.94,0,-61.1,5.51,17.641,0,6.19,0,1.199,1.17,0,4.7
3/22/2026,8:00, ,gtmsswq_20H100466_030426_050000.bin,San Sebastian,default user,0,51.304,0,33.76,0,5.04,0,91.3,0,7.12,0,20.71,6.98,7.96,0,-61.9,5.52,17.586,0,5.37,0,1.201,1.14,0,4.58
3/22/2026,8:15, ,gtmsswq_20H100466_030426_050000.bin,San Sebastian,default user,0,51.49,0,33.89,0,5.108,0,91.4,0,7.15,0,18.21,6.14,7.98,0,-63.3,5.52,17.406,0,5.17,0,1.193,1.04,0,4.18
3/22/2026,8:30, ,gtmsswq_20H100466_030426_050000.bin,San Sebastian,default user,0,51.458,0,33.87,0,5.193,0,91.9,0,7.17,0,18.28,6.17,7.97,0,-62.8,5.51,17.524,0,5.82,0,1.19,1.26,0,5.09
3/22/2026,8:45, ,gtmsswq_20H100466_030426_050000.bin,San Sebastian,default user,0,51.486,0,33.89,0,5.267,0,91.4,0,7.13,0,18.78,6.33,7.97,0,-62.9,5.51,17.522,0,6.66,0,1.185,1.09,0,4.4
3/22/2026,9:00, ,gtmsswq_20H100466_030426_050000.bin,San Sebastian,default user,0,51.693,0,34.04,0,5.349,0,93,0,7.27,0,16.65,5.62,8,0,-64.5,5.52,17.35,0,6.66,0,1.192,1.15,0,4.62
3/22/2026,9:15, ,gtmsswq_20H100466_030426_050000.bin,San Sebastian,default user,0,51.867,0,34.17,0,5.423,0,94.7,0,7.42,0,14.98,5.07,8.03,0,-66,5.52,17.199,0,6.28,0,1.194,1.08,0,4.37
3/22/2026,9:30, ,gtmsswq_20H100466_030426_050000.bin,San Sebastian,default user,0,52.015,0,34.28,0,5.483,0,96.1,0,7.54,0,13.24,4.49,8.05,0,-67.3,5.51,17.077,0,6.87,0,1.194,1.11,0,4.47
3/22/2026,9:45, ,gtmsswq_20H100466_030426_050000.bin,San Sebastian,default user,0,52.134,0,34.36,0,5.546,0,97.5,0,7.67,0,12.16,4.13,8.08,0,-68.6,5.51,16.942,0,7.46,0,1.189,1.22,0,4.93
3/22/2026,10:00, ,gtmsswq_20H100466_030426_050000.bin,San Sebastian,default user,0,52.282,0,34.47,0,5.603,0,99.3,0,7.83,0,9.97,3.4,8.1,0,-70.2,5.52,16.752,0,8.21,0,1.184,1.33,0,5.34
3/22/2026,10:15, ,gtmsswq_20H100466_030426_050000.bin,San Sebastian,default user,0,52.348,0,34.52,0,5.65,0,100.1,0,7.9,0,9.15,3.12,8.12,0,-71,5.51,16.681,0,7.28,0,1.192,1.61,0,6.47
3/22/2026,10:30, ,gtmsswq_20H100466_030426_050000.bin,San Sebastian,default user,0,52.355,0,34.52,0,5.676,0,100.1,0,7.9,0,8.92,3.05,8.12,0,-71.1,5.51,16.687,0,7.55,0,1.197,1.3,0,5.23
3/22/2026,10:45, ,gtmsswq_20H100466_030426_050000.bin,San Sebastian,default user,0,52.37,0,34.53,0,5.681,0,100.2,0,7.91,0,9.17,3.13,8.12,0,-71.3,5.51,16.695,0,7.14,0,1.198,1.11,0,4.45
3/22/2026,11:00, ,gtmsswq_20H100466_030426_050000.bin,San Sebastian,default user,0,52.285,0,34.47,0,5.681,0,98.8,0,7.78,0,9.82,3.35,8.11,0,-70.3,5.5,16.821,0,5.67,0,1.19,1.17,0,4.71
3/22/2026,11:15, ,gtmsswq_20H100466_030426_050000.bin,San Sebastian,default user,0,52.379,0,34.54,0,5.677,0,99,0,7.81,0,8.58,2.93,8.12,0,-71.1,5.51,16.725,0,4,0,1.186,1,0,4.02
3/22/2026,11:30, ,gtmsswq_20H100466_030426_050000.bin,San Sebastian,default user,0,52.372,0,34.54,0,5.662,0,93.8,0,7.39,0,8.93,3.05,8.1,0,-69.7,5.52,16.751,0,4.52,0,1.188,0.48,0,1.94
3/22/2026,11:45, ,gtmsswq_20H100466_030426_050000.bin,San Sebastian,default user,0,52.374,0,34.54,0,5.616,0,90.1,0,7.1,0,8.93,3.05,8.08,0,-68.9,5.51,16.758,0,3.87,0,1.182,0.55,0,2.2
3/22/2026,12:00, ,gtmsswq_20H100466_030426_050000.bin,San Sebastian,default user,0,52.285,0,34.48,0,5.553,0,101.7,0,7.95,0,10.04,3.42,8.12,0,-71,5.51,17.215,0,5.48,0,1.188,0.84,0,3.4
3/22/2026,12:15, ,gtmsswq_20H100466_030426_050000.bin,San Sebastian,default user,0,52.283,0,34.48,0,5.48,0,102.7,0,8,0,9.84,3.35,8.11,0,-70.9,5.5,17.434,0,5.07,0,1.194,0.68,0,2.73
3/22/2026,12:30, ,gtmsswq_20H100466_030426_050000.bin,San Sebastian,default user,0,52.225,0,34.44,0,5.4,0,102.5,0,7.96,0,10.58,3.6,8.1,0,-70.4,5.51,17.554,0,6.42,0,1.201,0.78,0,3.15
3/22/2026,12:45, ,gtmsswq_20H100466_030426_050000.bin,San Sebastian,default user,0,52.063,0,34.32,0,5.321,0,102.2,0,7.86,0,12.44,4.22,8.07,0,-68.3,5.52,18.134,0,5.06,0,1.184,0.74,0,2.98
3/22/2026,13:00, ,gtmsswq_20H100466_030426_050000.bin,San Sebastian,default user,0,51.973,0,34.26,0,5.241,0,101.3,0,7.76,0,12.77,4.33,8.06,0,-68,5.51,18.372,0,6.05,0,1.183,0.71,0,2.85
3/22/2026,13:15, ,gtmsswq_20H100466_030426_050000.bin,San Sebastian,default user,0,51.832,0,34.15,0,5.151,0,100.9,0,7.69,0,14.67,4.96,8.03,0,-66.3,5.52,18.623,0,5.56,0,1.183,0.72,0,2.9
3/22/2026,13:30, ,gtmsswq_20H100466_030426_050000.bin,San Sebastian,default user,0,51.681,0,34.04,0,5.067,0,100.2,0,7.62,0,15.15,5.12,8.01,0,-65.3,5.51,18.828,0,7.15,0,1.192,1.06,0,4.26
3/22/2026,13:45, ,gtmsswq_20H100466_030426_050000.bin,San Sebastian,default user,0,51.67,0,34.04,0,4.985,0,99.4,0,7.53,0,15.41,5.21,8.01,0,-65,5.51,18.992,0,9.59,0,1.196,0.91,0,3.67
3/22/2026,14:00, ,gtmsswq_20H100466_030426_050000.bin,San Sebastian,default user,0,51.637,0,34.01,0,4.898,0,98.8,0,7.46,0,16.16,5.46,7.99,0,-64.2,5.52,19.197,0,6.23,0,1.189,0.69,0,2.77
3/22/2026,14:15, ,gtmsswq_20H100466_030426_050000.bin,San Sebastian,default user,0,51.361,0,33.81,0,4.814,0,97,0,7.33,0,18.27,6.16,7.96,0,-62.6,5.52,19.225,0,8.65,0,1.185,0.89,0,3.57
3/22/2026,14:30, ,gtmsswq_20H100466_030426_050000.bin,San Sebastian,default user,0,51.425,0,33.86,0,4.73,0,97.4,0,7.32,0,18,6.07,7.96,0,-62.7,5.52,19.506,0,10.1,0,1.184,0.92,0,3.69
3/22/2026,14:45, ,gtmsswq_20H100466_030426_050000.bin,San Sebastian,default user,0,51.355,0,33.8,0,4.652,0,96.4,0,7.23,0,18.95,6.39,7.95,0,-62.1,5.51,19.65,0,8.89,0,1.183,0.95,0,3.84
3/22/2026,15:00, ,gtmsswq_20H100466_030426_050000.bin,San Sebastian,default user,0,51.312,0,33.77,0,4.577,0,92.3,0,6.9,0,19.32,6.51,7.93,0,-61,5.52,19.813,0,7.51,0,1.193,0.77,0,3.1
3/22/2026,15:15, ,gtmsswq_20H100466_030426_050000.bin,San Sebastian,default user,0,51.225,0,33.71,0,4.494,0,94,0,7.02,0,20.44,6.89,7.93,0,-60.7,5.53,19.933,0,9.25,0,1.197,1.11,0,4.49
3/22/2026,15:30, ,gtmsswq_20H100466_030426_050000.bin,San Sebastian,default user,0,51.007,0,33.55,0,4.41,0,93.4,0,6.97,0,21.73,7.32,7.91,0,-59.8,5.52,20.002,0,9.45,0,1.191,0.98,0,3.96
3/22/2026,15:45, ,gtmsswq_20H100466_030426_050000.bin,San Sebastian,default user,0,50.997,0,33.54,0,4.341,0,87.9,0,6.56,0,21.8,7.34,7.89,0,-58.4,5.52,19.978,0,7.03,0,1.182,0.98,0,3.96
3/22/2026,16:00, ,gtmsswq_20H100466_030426_050000.bin,San Sebastian,default user,0,50.988,0,33.53,0,4.281,0,93.7,0,6.99,0,21.94,7.39,7.91,0,-59.9,5.52,19.987,0,7.03,0,1.184,1.13,0,4.56
3/22/2026,16:15, ,gtmsswq_20H100466_030426_050000.bin,San Sebastian,default user,0,50.887,0,33.46,0,4.236,0,89,0,6.64,0,21.88,7.37,7.88,0,-57.6,5.52,20.056,0,6.18,0,1.188,0.65,0,2.63
3/22/2026,16:30, ,gtmsswq_20H100466_030426_050000.bin,San Sebastian,default user,0,50.834,0,33.42,0,4.198,0,88.4,0,6.6,0,23.13,7.78,7.86,0,-56.9,5.52,20.03,0,5.39,0,1.191,0.71,0,2.84
3/22/2026,16:45, ,gtmsswq_20H100466_030426_050000.bin,San Sebastian,default user,0,50.864,0,33.44,0,4.178,0,85.9,0,6.41,0,21.9,7.37,7.86,0,-56.8,5.52,20.034,0,10.2,0,1.196,0.95,0,3.81
3/22/2026,17:00, ,gtmsswq_20H100466_030426_050000.bin,San Sebastian,default user,0,50.908,0,33.47,0,4.174,0,97.2,0,7.27,0,23.03,7.75,7.92,0,-60.3,5.52,19.865,0,8.47,0,1.199,1.54,0,6.19
3/22/2026,17:15, ,gtmsswq_20H100466_030426_050000.bin,San Sebastian,default user,0,50.975,0,33.52,0,4.187,0,73.6,0,5.52,0,21.03,7.08,7.8,0,-53.4,5.51,19.772,0,4.94,0,1.192,0.52,0,2.08
3/22/2026,17:30, ,gtmsswq_20H100466_030426_050000.bin,San Sebastian,default user,0,51.026,0,33.56,0,4.218,0,71.5,0,5.37,0,21.01,7.08,7.8,0,-53.3,5.52,19.624,0,5.33,0,1.192,0.53,0,2.12
3/22/2026,17:45, ,gtmsswq_20H100466_030426_050000.bin,San Sebastian,default user,0,51.046,0,33.58,0,4.27,0,83.8,0,6.3,0,20.97,7.06,7.86,0,-56.4,5.53,19.566,0,6.08,0,1.191,0.98,0,3.96
3/22/2026,18:00, ,gtmsswq_20H100466_030426_050000.bin,San Sebastian,default user,0,51.066,0,33.59,0,4.342,0,92.2,0,6.94,0,21.18,7.13,7.91,0,-59.5,5.52,19.53,0,4.85,0,1.187,1.5,0,6.03
3/22/2026,18:15, ,gtmsswq_20H100466_030426_050000.bin,San Sebastian,default user,0,51.07,0,33.59,0,4.418,0,96.8,0,7.28,0,21.79,7.34,7.93,0,-60.5,5.52,19.532,0,4.59,0,1.185,1.16,0,4.65
3/22/2026,18:30, ,gtmsswq_20H100466_030426_050000.bin,San Sebastian,default user,0,51.064,0,33.59,0,4.509,0,98,0,7.37,0,21.72,7.31,7.92,0,-60.3,5.51,19.512,0,4.99,0,1.194,1.37,0,5.5
3/22/2026,18:45, ,gtmsswq_20H100466_030426_050000.bin,San Sebastian,default user,0,51.063,0,33.59,0,4.605,0,95.6,0,7.2,0,22.01,7.41,7.92,0,-60,5.52,19.484,0,4.73,0,1.187,1.39,0,5.61
3/22/2026,19:00, ,gtmsswq_20H100466_030426_050000.bin,San Sebastian,default user,0,51.054,0,33.58,0,4.705,0,96.7,0,7.29,0,21.81,7.34,7.93,0,-60.5,5.53,19.403,0,6.38,0,1.191,1.66,0,6.69
3/22/2026,19:15, ,gtmsswq_20H100466_030426_050000.bin,San Sebastian,default user,0,51.074,0,33.6,0,4.79,0,97,0,7.33,0,21.39,7.2,7.93,0,-60.6,5.52,19.312,0,7.93,0,1.194,1.81,0,7.28
3/22/2026,19:30, ,gtmsswq_20H100466_030426_050000.bin,San Sebastian,default user,0,51.125,0,33.63,0,4.884,0,98.3,0,7.43,0,21.07,7.1,7.94,0,-61.4,5.52,19.249,0,7.16,0,1.2,1.98,0,7.99
3/22/2026,19:45, ,gtmsswq_20H100466_030426_050000.bin,San Sebastian,default user,0,51.246,0,33.72,0,4.98,0,99.2,0,7.5,0,19.56,6.59,7.96,0,-62.5,5.51,19.191,0,6.44,0,1.194,2.12,0,8.55
3/22/2026,20:00, ,gtmsswq_20H100466_030426_050000.bin,San Sebastian,default user,0,51.36,0,33.81,0,5.065,0,98.3,0,7.46,0,18.53,6.25,7.97,0,-63,5.52,19.039,0,6.41,0,1.183,1.81,0,7.3
3/22/2026,20:15, ,gtmsswq_20H100466_030426_050000.bin,San Sebastian,default user,0,51.344,0,33.8,0,5.153,0,97.5,0,7.41,0,19.25,6.49,7.97,0,-62.7,5.52,18.969,0,6.5,0,1.184,1.89,0,7.62
3/22/2026,20:30, ,gtmsswq_20H100466_030426_050000.bin,San Sebastian,default user,0,51.331,0,33.79,0,5.25,0,96.4,0,7.33,0,18.76,6.33,7.96,0,-62.1,5.51,18.905,0,7.18,0,1.19,1.86,0,7.51
3/22/2026,20:45, ,gtmsswq_20H100466_030426_050000.bin,San Sebastian,default user,0,51.587,0,33.97,0,5.335,0,98.5,0,7.51,0,16.6,5.61,7.99,0,-64.2,5.52,18.686,0,7.02,0,1.197,1.89,0,7.63
3/22/2026,21:00, ,gtmsswq_20H100466_030426_050000.bin,San Sebastian,default user,0,51.827,0,34.15,0,5.429,0,99.9,0,7.65,0,14.32,4.85,8.03,0,-66.3,5.51,18.388,0,7.26,0,1.194,1.68,0,6.78
3/22/2026,21:15, ,gtmsswq_20H100466_030426_050000.bin,San Sebastian,default user,0,52.081,0,34.34,0,5.513,0,102,0,7.85,0,11.59,3.94,8.08,0,-69.1,5.51,18.064,0,7.23,0,1.193,1.65,0,6.65
3/22/2026,21:30, ,gtmsswq_20H100466_030426_050000.bin,San Sebastian,default user,0,52.3,0,34.49,0,5.592,0,103.2,0,8,0,9.08,3.1,8.12,0,-71.4,5.52,17.632,0,8.13,0,1.188,1.46,0,5.88
3/22/2026,21:45, ,gtmsswq_20H100466_030426_050000.bin,San Sebastian,default user,0,52.381,0,34.55,0,5.666,0,102.6,0,7.99,0,8.6,2.94,8.13,0,-71.9,5.51,17.385,0,9.54,0,1.188,1.79,0,7.2
3/22/2026,22:00, ,gtmsswq_20H100466_030426_050000.bin,San Sebastian,default user,0,52.405,0,34.57,0,5.732,0,102.3,0,7.97,0,8.07,2.76,8.13,0,-71.9,5.51,17.346,0,11.08,0,1.185,1.94,0,7.81
3/22/2026,22:15, ,gtmsswq_20H100466_030426_050000.bin,San Sebastian,default user,0,52.407,0,34.57,0,5.79,0,102.3,0,7.97,0,8.04,2.75,8.13,0,-72,5.5,17.328,0,11.38,0,1.186,1.81,0,7.28
3/22/2026,22:30, ,gtmsswq_20H100466_030426_050000.bin,San Sebastian,default user,0,52.427,0,34.58,0,5.844,0,101.9,0,7.95,0,8.41,2.88,8.13,0,-72.1,5.5,17.27,0,11.32,0,1.2,1.87,0,7.53
3/22/2026,22:45, ,gtmsswq_20H100466_030426_050000.bin,San Sebastian,default user,0,52.454,0,34.6,0,5.889,0,101.5,0,7.93,0,7.73,2.65,8.14,0,-72.2,5.51,17.178,0,15.23,0,1.199,2.01,0,8.11
3/22/2026,23:00, ,gtmsswq_20H100466_030426_050000.bin,San Sebastian,default user,0,52.472,0,34.62,0,5.918,0,101.3,0,7.92,0,7.91,2.71,8.14,0,-72.3,5.5,17.147,0,12.85,0,1.182,2.15,0,8.65
3/22/2026,23:15, ,gtmsswq_20H100466_030426_050000.bin,San Sebastian,default user,0,52.486,0,34.63,0,5.934,0,100.8,0,7.89,0,8.04,2.75,8.14,0,-72.4,5.51,17.111,0,12.27,0,1.192,2,0,8.07
3/22/2026,23:30, ,gtmsswq_20H100466_030426_050000.bin,San Sebastian,default user,0,52.482,0,34.62,0,5.943,0,100.7,0,7.88,0,7.22,2.48,8.14,0,-72.3,5.51,17.105,0,12.18,0,1.196,2.01,0,8.09
3/22/2026,23:45, ,gtmsswq_20H100466_030426_050000.bin,San Sebastian,default user,0,52.507,0,34.64,0,5.933,0,99.8,0,7.82,0,7.45,2.56,8.14,0,-72.3,5.5,17.049,0,10.24,0,1.201,1.81,0,7.28
3/23/2026,0:00, ,gtmsswq_20H100466_030426_050000.bin,San Sebastian,default user,0,52.501,0,34.64,0,5.901,0,99,0,7.76,0,7.93,2.72,8.14,0,-72.2,5.5,17.057,0,6.49,0,1.198,1.46,0,5.87
3/23/2026,0:15, ,gtmsswq_20H100466_030426_050000.bin,San Sebastian,default user,0,52.504,0,34.64,0,5.851,0,97.8,0,7.66,0,7.65,2.62,8.13,0,-71.7,5.51,17.047,0,6.31,0,1.195,1.51,0,6.1
3/23/2026,0:30, ,gtmsswq_20H100466_030426_050000.bin,San Sebastian,default user,0,52.394,0,34.56,0,5.79,0,97.4,0,7.61,0,8.89,3.04,8.11,0,-70.6,5.5,17.227,0,11.63,0,1.185,1.84,0,7.42
3/23/2026,0:45, ,gtmsswq_20H100466_030426_050000.bin,San Sebastian,default user,0,52.39,0,34.56,0,5.727,0,96.1,0,7.51,0,9.27,3.16,8.1,0,-70.3,5.5,17.221,0,7.37,0,1.196,1.13,0,4.54
3/23/2026,1:00, ,gtmsswq_20H100466_030426_050000.bin,San Sebastian,default user,0,52.323,0,34.51,0,5.647,0,94.8,0,7.39,0,10.26,3.49,8.09,0,-69.4,5.51,17.341,0,8.61,0,1.193,1.47,0,5.91
3/23/2026,1:15, ,gtmsswq_20H100466_030426_050000.bin,San Sebastian,default user,0,52.275,0,34.47,0,5.563,0,94.5,0,7.36,0,10.25,3.49,8.08,0,-69,5.5,17.416,0,10.75,0,1.189,1.44,0,5.82
3/23/2026,1:30, ,gtmsswq_20H100466_030426_050000.bin,San Sebastian,default user,0,52.284,0,34.48,0,5.475,0,94.7,0,7.38,0,10.49,3.57,8.09,0,-69.3,5.5,17.362,0,8.08,0,1.183,1.5,0,6.04
3/23/2026,1:45, ,gtmsswq_20H100466_030426_050000.bin,San Sebastian,default user,0,52.168,0,34.4,0,5.391,0,91.8,0,7.14,0,12.54,4.25,8.05,0,-67.3,5.51,17.516,0,7.74,0,1.183,1.07,0,4.33
3/23/2026,2:00, ,gtmsswq_20H100466_030426_050000.bin,San Sebastian,default user,0,52.068,0,34.32,0,5.294,0,93.6,0,7.26,0,12.99,4.4,8.05,0,-67,5.5,17.672,0,7.85,0,1.186,1.19,0,4.79
3/23/2026,2:15, ,gtmsswq_20H100466_030426_050000.bin,San Sebastian,default user,0,52.032,0,34.3,0,5.209,0,89.9,0,6.98,0,14.12,4.78,8.02,0,-65.7,5.5,17.631,0,8.21,0,1.198,1,0,4.02
3/23/2026,2:30, ,gtmsswq_20H100466_030426_050000.bin,San Sebastian,default user,0,51.88,0,34.19,0,5.117,0,90.2,0,6.98,0,14.84,5.02,8.01,0,-64.8,5.51,17.863,0,8.4,0,1.197,1.16,0,4.68
3/23/2026,2:45, ,gtmsswq_20H100466_030426_050000.bin,San Sebastian,default user,0,51.901,0,34.2,0,5.024,0,89.2,0,6.91,0,15.01,5.08,8,0,-64.6,5.5,17.791,0,7.15,0,1.2,1.05,0,4.22
3/23/2026,3:00, ,gtmsswq_20H100466_030426_050000.bin,San Sebastian,default user,0,51.782,0,34.11,0,4.924,0,88.1,0,6.81,0,16.75,5.66,7.98,0,-63.1,5.51,17.92,0,8.82,0,1.193,1.15,0,4.61
3/23/2026,3:15, ,gtmsswq_20H100466_030426_050000.bin,San Sebastian,default user,0,51.623,0,34,0,4.837,0,89.5,0,6.9,0,15.24,5.15,8,0,-64.4,5.5,18.134,0,8.93,0,1.186,1.31,0,5.28
3/23/2026,3:30, ,gtmsswq_20H100466_030426_050000.bin,San Sebastian,default user,0,51.524,0,33.93,0,4.751,0,86.7,0,6.68,0,19.05,6.42,7.94,0,-61.2,5.51,18.209,0,8.37,0,1.189,1.2,0,4.84
3/23/2026,3:45, ,gtmsswq_20H100466_030426_050000.bin,San Sebastian,default user,0,51.316,0,33.77,0,4.659,0,86.2,0,6.61,0,21.03,7.08,7.92,0,-59.8,5.51,18.44,0,9.54,0,1.187,1.18,0,4.74
3/23/2026,4:00, ,gtmsswq_20H100466_030426_050000.bin,San Sebastian,default user,0,51.465,0,33.88,0,4.584,0,89,0,6.84,0,21.61,7.28,7.95,0,-61.5,5.51,18.279,0,8.23,0,1.197,1.2,0,4.82
3/23/2026,4:15, ,gtmsswq_20H100466_030426_050000.bin,San Sebastian,default user,0,51.233,0,33.71,0,4.528,0,87.1,0,6.68,0,21.07,7.1,7.92,0,-59.8,5.51,18.493,0,8.1,0,1.196,1.32,0,5.33
3/23/2026,4:30, ,gtmsswq_20H100466_030426_050000.bin,San Sebastian,default user,0,51.015,0,33.55,0,4.466,0,85.7,0,6.54,0,23.87,8.03,7.89,0,-58.2,5.5,18.751,0,9.81,0,1.196,1.18,0,4.77
3/23/2026,4:45, ,gtmsswq_20H100466_030426_050000.bin,San Sebastian,default user,0,50.886,0,33.46,0,4.407,0,84.9,0,6.47,0,25.09,8.44,7.87,0,-57.3,5.51,18.909,0,9.19,0,1.199,1.15,0,4.61
3/23/2026,5:00, ,gtmsswq_20H100466_030426_050000.bin,San Sebastian,default user,0,50.839,0,33.42,0,4.357,0,83.2,0,6.33,0,26.09,8.77,7.86,0,-56.5,5.52,18.945,0,7.24,0,1.191,1.09,0,4.41
3/23/2026,5:15, ,gtmsswq_20H100466_030426_050000.bin,San Sebastian,default user,0,50.804,0,33.4,0,4.321,0,80.4,0,6.12,0,25.82,8.68,7.85,0,-55.7,5.51,18.985,0,6.1,0,1.183,1.06,0,4.28
3/23/2026,5:30, ,gtmsswq_20H100466_030426_050000.bin,San Sebastian,default user,0,50.792,0,33.39,0,4.299,0,78.5,0,5.97,0,26.5,8.91,7.83,0,-54.7,5.51,18.983,0,5.1,0,1.186,0.73,0,2.92
3/23/2026,5:45, ,gtmsswq_20H100466_030426_050000.bin,San Sebastian,default user,0,50.785,0,33.38,0,4.281,0,79,0,6.01,0,25.39,8.54,7.83,0,-54.9,5.5,19.011,0,4.35,0,1.186,0.87,0,3.5
3/23/2026,6:00, ,gtmsswq_20H100466_030426_050000.bin,San Sebastian,default user,0,50.969,0,33.52,0,4.278,0,83.7,0,6.38,0,23.32,7.85,7.87,0,-56.8,5.51,18.835,0,8.51,0,1.194,1.02,0,4.09
3/23/2026,6:15, ,gtmsswq_20H100466_030426_050000.bin,San Sebastian,default user,0,51.109,0,33.62,0,4.288,0,83.4,0,6.37,0,22.08,7.43,7.89,0,-58,5.51,18.774,0,5.7,0,1.198,1.1,0,4.42
3/23/2026,6:30, ,gtmsswq_20H100466_030426_050000.bin,San Sebastian,default user,0,51.147,0,33.65,0,4.324,0,84.6,0,6.45,0,21.51,7.25,7.88,0,-57.8,5.51,18.762,0,6.2,0,1.195,0.98,0,3.96
3/23/2026,6:45, ,gtmsswq_20H100466_030426_050000.bin,San Sebastian,default user,0,51.165,0,33.66,0,4.376,0,84.5,0,6.45,0,20.94,7.05,7.88,0,-57.8,5.51,18.763,0,4.81,0,1.19,0.98,0,3.96
3/23/2026,7:00, ,gtmsswq_20H100466_030426_050000.bin,San Sebastian,default user,0,51.191,0,33.68,0,4.433,0,86.9,0,6.63,0,21.23,7.15,7.9,0,-58.9,5.5,18.772,0,5.71,0,1.192,1.16,0,4.67
3/23/2026,7:15, ,gtmsswq_20H100466_030426_050000.bin,San Sebastian,default user,0,51.195,0,33.69,0,4.484,0,88.7,0,6.76,0,21.42,7.21,7.91,0,-59.2,5.51,18.828,0,4.96,0,1.191,1.1,0,4.42
3/23/2026,7:30, ,gtmsswq_20H100466_030426_050000.bin,San Sebastian,default user,0,51.212,0,33.7,0,4.551,0,87.5,0,6.67,0,22.31,7.51,7.89,0,-58.3,5.52,18.816,0,5.59,0,1.185,1.17,0,4.73
3/23/2026,7:45, ,gtmsswq_20H100466_030426_050000.bin,San Sebastian,default user,0,51.192,0,33.68,0,4.622,0,88.7,0,6.77,0,21.62,7.28,7.9,0,-59,5.51,18.768,0,5.44,0,1.189,1.15,0,4.63
3/23/2026,8:00, ,gtmsswq_20H100466_030426_050000.bin,San Sebastian,default user,0,51.217,0,33.7,0,4.714,0,87.5,0,6.68,0,21.59,7.27,7.9,0,-58.7,5.51,18.764,0,5.23,0,1.191,1.2,0,4.83
3/23/2026,8:15, ,gtmsswq_20H100466_030426_050000.bin,San Sebastian,default user,0,51.241,0,33.72,0,4.807,0,89.1,0,6.8,0,21.36,7.19,7.91,0,-59.3,5.5,18.742,0,8.01,0,1.185,1.31,0,5.28
3/23/2026,8:30, ,gtmsswq_20H100466_030426_050000.bin,San Sebastian,default user,0,51.263,0,33.74,0,4.879,0,90.1,0,6.89,0,21.2,7.14,7.92,0,-60.1,5.5,18.606,0,7.65,0,1.198,1.25,0,5.04
3/23/2026,8:45, ,gtmsswq_20H100466_030426_050000.bin,San Sebastian,default user,0,51.313,0,33.77,0,4.958,0,90.9,0,6.97,0,20.57,6.93,7.94,0,-61,5.51,18.474,0,5.68,0,1.202,1.26,0,5.06
3/23/2026,9:00, ,gtmsswq_20H100466_030426_050000.bin,San Sebastian,default user,0,51.423,0,33.85,0,5.024,0,91.5,0,7.02,0,18.88,6.37,7.95,0,-61.8,5.51,18.389,0,4.91,0,1.191,1.27,0,5.1
3/23/2026,9:15, ,gtmsswq_20H100466_030426_050000.bin,San Sebastian,default user,0,51.587,0,33.97,0,5.085,0,91.5,0,7.05,0,17.53,5.92,7.98,0,-63.2,5.51,18.146,0,6.24,0,1.189,1.34,0,5.39
3/23/2026,9:30, ,gtmsswq_20H100466_030426_050000.bin,San Sebastian,default user,0,51.594,0,33.98,0,5.164,0,92.3,0,7.09,0,17.7,5.98,7.97,0,-62.9,5.5,18.276,0,5.62,0,1.188,1.36,0,5.5
3/23/2026,9:45, ,gtmsswq_20H100466_030426_050000.bin,San Sebastian,default user,0,51.622,0,34,0,5.238,0,91.7,0,7.05,0,16.81,5.68,7.98,0,-63.1,5.5,18.26,0,6.43,0,1.184,1.28,0,5.15
3/23/2026,10:00, ,gtmsswq_20H100466_030426_050000.bin,San Sebastian,default user,0,51.764,0,34.1,0,5.302,0,92.7,0,7.14,0,15.85,5.36,8,0,-64.4,5.51,18.092,0,7.3,0,1.187,1.29,0,5.22
3/23/2026,10:15, ,gtmsswq_20H100466_030426_050000.bin,San Sebastian,default user,0,51.899,0,34.2,0,5.355,0,93.9,0,7.25,0,14.55,4.93,8.02,0,-65.5,5.5,17.953,0,6.57,0,1.185,1.44,0,5.79
3/23/2026,10:30, ,gtmsswq_20H100466_030426_050000.bin,San Sebastian,default user,0,52.064,0,34.32,0,5.423,0,95.3,0,7.38,0,12.86,4.36,8.04,0,-66.9,5.51,17.759,0,8.48,0,1.199,1.51,0,6.1
3/23/2026,10:45, ,gtmsswq_20H100466_030426_050000.bin,San Sebastian,default user,0,52.151,0,34.38,0,5.479,0,96,0,7.45,0,11.42,3.88,8.06,0,-67.8,5.5,17.646,0,9.31,0,1.19,1.51,0,6.07
3/23/2026,11:00, ,gtmsswq_20H100466_030426_050000.bin,San Sebastian,default user,0,52.252,0,34.46,0,5.536,0,96.7,0,7.52,0,10.3,3.51,8.08,0,-68.8,5.5,17.481,0,10.99,0,1.191,1.72,0,6.95
3/23/2026,11:15, ,gtmsswq_20H100466_030426_050000.bin,San Sebastian,default user,0,52.37,0,34.54,0,5.568,0,97.6,0,7.61,0,9.35,3.19,8.1,0,-70,5.51,17.328,0,11.18,0,1.191,1.97,0,7.94
3/23/2026,11:30, ,gtmsswq_20H100466_030426_050000.bin,San Sebastian,default user,0,52.42,0,34.58,0,5.579,0,98.2,0,7.66,0,9.1,3.11,8.11,0,-70.6,5.5,17.278,0,11.97,0,1.192,1.95,0,7.86
3/23/2026,11:45, ,gtmsswq_20H100466_030426_050000.bin,San Sebastian,default user,0,52.437,0,34.59,0,5.569,0,98,0,7.65,0,8.78,3,8.11,0,-70.7,5.5,17.254,0,9.95,0,1.194,1.57,0,6.32
3/23/2026,12:00, ,gtmsswq_20H100466_030426_050000.bin,San Sebastian,default user,0,52.448,0,34.6,0,5.554,0,97.1,0,7.58,0,8.24,2.82,8.11,0,-70.7,5.5,17.237,0,9.35,0,1.191,1.58,0,6.37
3/23/2026,12:15, ,gtmsswq_20H100466_030426_050000.bin,San Sebastian,default user,0,52.448,0,34.6,0,5.542,0,92.7,0,7.23,0,8.45,2.89,8.09,0,-69.5,5.5,17.258,0,7.79,0,1.186,1.1,0,4.42
3/23/2026,12:30, ,gtmsswq_20H100466_030426_050000.bin,San Sebastian,default user,0,52.44,0,34.59,0,5.519,0,87.9,0,6.85,0,8.67,2.96,8.07,0,-68.5,5.51,17.289,0,5.36,0,1.189,0.72,0,2.91
3/23/2026,12:45, ,gtmsswq_20H100466_030426_050000.bin,San Sebastian,default user,0,52.374,0,34.55,0,5.476,0,98.7,0,7.63,0,9.46,3.23,8.1,0,-70.1,5.5,17.737,0,7.95,0,1.19,1.29,0,5.22
3/23/2026,13:00, ,gtmsswq_20H100466_030426_050000.bin,San Sebastian,default user,0,52.336,0,34.52,0,5.403,0,99.9,0,7.69,0,10.09,3.44,8.09,0,-69.6,5.5,18.034,0,7.44,0,1.188,1.09,0,4.37
3/23/2026,13:15, ,gtmsswq_20H100466_030426_050000.bin,San Sebastian,default user,0,52.202,0,34.43,0,5.343,0,100.1,0,7.68,0,9.99,3.4,8.09,0,-69.6,5.49,18.235,0,7.33,0,1.19,1.17,0,4.7
3/23/2026,13:30, ,gtmsswq_20H100466_030426_050000.bin,San Sebastian,default user,0,52.117,0,34.36,0,5.257,0,97.9,0,7.5,0,12.02,4.08,8.06,0,-67.8,5.5,18.339,0,6.69,0,1.19,1.2,0,4.83
3/23/2026,13:45, ,gtmsswq_20H100466_030426_050000.bin,San Sebastian,default user,0,52.009,0,34.29,0,5.174,0,98.9,0,7.47,0,13.3,4.51,8.02,0,-65.9,5.51,19.135,0,7.22,0,1.189,1.19,0,4.78
3/23/2026,14:00, ,gtmsswq_20H100466_030426_050000.bin,San Sebastian,default user,0,51.794,0,34.13,0,5.108,0,98.4,0,7.38,0,15.15,5.12,8,0,-65,5.49,19.496,0,7.04,0,1.183,1,0,4.03
3/23/2026,14:15, ,gtmsswq_20H100466_030426_050000.bin,San Sebastian,default user,0,51.851,0,34.17,0,5.026,0,99.8,0,7.46,0,14.75,4.99,8,0,-64.9,5.5,19.694,0,8.19,0,1.19,1.05,0,4.23
3/23/2026,14:30, ,gtmsswq_20H100466_030426_050000.bin,San Sebastian,default user,0,51.755,0,34.1,0,4.949,0,99.2,0,7.39,0,15.72,5.31,7.99,0,-64,5.51,19.895,0,8.68,0,1.197,1.15,0,4.63
3/23/2026,14:45, ,gtmsswq_20H100466_030426_050000.bin,San Sebastian,default user,0,51.739,0,34.09,0,4.862,0,98.1,0,7.28,0,15.74,5.32,7.98,0,-63.9,5.5,20.101,0,6.1,0,1.199,0.93,0,3.75
3/23/2026,15:00, ,gtmsswq_20H100466_030426_050000.bin,San Sebastian,default user,0,51.665,0,34.03,0,4.787,0,99.1,0,7.32,0,16.41,5.54,7.98,0,-63.8,5.5,20.366,0,8.19,0,1.196,1.2,0,4.83
3/23/2026,15:15, ,gtmsswq_20H100466_030426_050000.bin,San Sebastian,default user,0,51.447,0,33.87,0,4.707,0,95.7,0,7.08,0,18.7,6.31,7.94,0,-61.6,5.51,20.325,0,8.64,0,1.191,0.96,0,3.87
3/23/2026,15:30, ,gtmsswq_20H100466_030426_050000.bin,San Sebastian,default user,0,51.372,0,33.81,0,4.629,0,97.3,0,7.17,0,18.95,6.39,7.94,0,-61.3,5.5,20.532,0,9.18,0,1.187,1.07,0,4.33
3/23/2026,15:45, ,gtmsswq_20H100466_030426_050000.bin,San Sebastian,default user,0,51.457,0,33.87,0,4.542,0,95.5,0,7.03,0,19.27,6.5,7.94,0,-61.4,5.5,20.679,0,7.82,0,1.186,0.96,0,3.88
3/23/2026,16:00, ,gtmsswq_20H100466_030426_050000.bin,San Sebastian,default user,0,51.403,0,33.83,0,4.473,0,85.8,0,6.29,0,18.83,6.35,7.89,0,-58.7,5.51,20.863,0,7.4,0,1.193,0.71,0,2.85
3/23/2026,16:15, ,gtmsswq_20H100466_030426_050000.bin,San Sebastian,default user,0,51.258,0,33.73,0,4.397,0,93.7,0,6.88,0,21,7.08,7.91,0,-60,5.52,20.775,0,6.84,0,1.2,1.08,0,4.34
3/23/2026,16:30, ,gtmsswq_20H100466_030426_050000.bin,San Sebastian,default user,0,51.13,0,33.63,0,4.344,0,95,0,6.99,0,21.48,7.23,7.91,0,-59.6,5.51,20.74,0,9.27,0,1.19,1.52,0,6.11
3/23/2026,16:45, ,gtmsswq_20H100466_030426_050000.bin,San Sebastian,default user,0,51.033,0,33.56,0,4.287,0,88.5,0,6.5,0,22.64,7.62,7.87,0,-57.5,5.51,20.835,0,6.89,0,1.187,0.97,0,3.89
3/23/2026,17:00, ,gtmsswq_20H100466_030426_050000.bin,San Sebastian,default user,0,51.038,0,33.56,0,4.231,0,86.7,0,6.36,0,23.17,7.8,7.86,0,-57.1,5.5,20.929,0,6.28,0,1.182,0.75,0,3.02
3/23/2026,17:15, ,gtmsswq_20H100466_030426_050000.bin,San Sebastian,default user,0,51.036,0,33.56,0,4.195,0,85.8,0,6.29,0,21.97,7.4,7.86,0,-56.7,5.51,20.968,0,6.25,0,1.182,0.89,0,3.58
3/23/2026,17:30, ,gtmsswq_20H100466_030426_050000.bin,San Sebastian,default user,0,51.034,0,33.56,0,4.182,0,95.3,0,7,0,22.59,7.6,7.91,0,-59.9,5.52,20.869,0,7.55,0,1.194,1.57,0,6.32
3/23/2026,17:45, ,gtmsswq_20H100466_030426_050000.bin,San Sebastian,default user,0,51.095,0,33.61,0,4.168,0,92.7,0,6.84,0,21.41,7.21,7.9,0,-59.3,5.51,20.618,0,11.95,0,1.199,2.12,0,8.54
3/23/2026,18:00, ,gtmsswq_20H100466_030426_050000.bin,San Sebastian,default user,0,51.143,0,33.64,0,4.171,0,75.7,0,5.58,0,21.26,7.16,7.83,0,-55.3,5.51,20.555,0,5.44,0,1.193,0.84,0,3.4
3/23/2026,18:15, ,gtmsswq_20H100466_030426_050000.bin,San Sebastian,default user,0,51.171,0,33.67,0,4.185,0,82,0,6.07,0,21.2,7.14,7.87,0,-57.6,5.5,20.408,0,5.09,0,1.184,1.53,0,6.18
3/23/2026,18:30, ,gtmsswq_20H100466_030426_050000.bin,San Sebastian,default user,0,51.184,0,33.68,0,4.213,0,91.7,0,6.79,0,20.85,7.02,7.91,0,-59.7,5.51,20.341,0,5.52,0,1.186,1.74,0,6.99
3/23/2026,18:45, ,gtmsswq_20H100466_030426_050000.bin,San Sebastian,default user,0,51.189,0,33.68,0,4.279,0,82.5,0,6.11,0,20.6,6.94,7.86,0,-57,5.52,20.346,0,5.82,0,1.184,1.18,0,4.76
3/23/2026,19:00, ,gtmsswq_20H100466_030426_050000.bin,San Sebastian,default user,0,51.205,0,33.69,0,4.335,0,91.9,0,6.81,0,20.73,6.98,7.89,0,-58.5,5.51,20.34,0,4.11,0,1.189,1.17,0,4.72
3/23/2026,19:15, ,gtmsswq_20H100466_030426_050000.bin,San Sebastian,default user,0,51.219,0,33.7,0,4.404,0,95,0,7.03,0,20.85,7.02,7.91,0,-60,5.51,20.35,0,4.7,0,1.19,1.35,0,5.42
3/23/2026,19:30, ,gtmsswq_20H100466_030426_050000.bin,San Sebastian,default user,0,51.226,0,33.71,0,4.487,0,97,0,7.18,0,21.22,7.15,7.92,0,-60.5,5.5,20.372,0,4.19,0,1.189,1.77,0,7.11
3/23/2026,19:45, ,gtmsswq_20H100466_030426_050000.bin,San Sebastian,default user,0,51.206,0,33.69,0,4.578,0,96.2,0,7.13,0,21.34,7.19,7.92,0,-60.3,5.51,20.328,0,4.34,0,1.188,1.61,0,6.48
3/23/2026,20:00, ,gtmsswq_20H100466_030426_050000.bin,San Sebastian,default user,0,51.203,0,33.69,0,4.671,0,96.2,0,7.14,0,21.68,7.3,7.92,0,-60.4,5.51,20.27,0,4.58,0,1.188,1.68,0,6.78
3/23/2026,20:15, ,gtmsswq_20H100466_030426_050000.bin,San Sebastian,default user,0,51.193,0,33.68,0,4.758,0,96.1,0,7.14,0,21.27,7.16,7.92,0,-60.5,5.51,20.181,0,7.81,0,1.188,1.88,0,7.59
3/23/2026,20:30, ,gtmsswq_20H100466_030426_050000.bin,San Sebastian,default user,0,51.218,0,33.7,0,4.851,0,96.9,0,7.22,0,21.28,7.17,7.93,0,-61.1,5.51,20.068,0,5.27,0,1.19,1.78,0,7.18
3/23/2026,20:45, ,gtmsswq_20H100466_030426_050000.bin,San Sebastian,default user,0,51.289,0,33.75,0,4.949,0,97.4,0,7.27,0,20.28,6.83,7.95,0,-61.8,5.5,19.95,0,5.75,0,1.191,2,0,8.05
3/23/2026,21:00, ,gtmsswq_20H100466_030426_050000.bin,San Sebastian,default user,0,51.421,0,33.85,0,5.034,0,97.2,0,7.27,0,18.66,6.29,7.96,0,-62.7,5.51,19.78,0,6.18,0,1.196,1.86,0,7.48
3/23/2026,21:15, ,gtmsswq_20H100466_030426_050000.bin,San Sebastian,default user,0,51.52,0,33.93,0,5.131,0,97.1,0,7.28,0,17.95,6.06,7.97,0,-63.3,5.51,19.638,0,6.61,0,1.197,1.89,0,7.61
3/23/2026,21:30, ,gtmsswq_20H100466_030426_050000.bin,San Sebastian,default user,0,51.473,0,33.89,0,5.218,0,95.9,0,7.18,0,18.47,6.23,7.96,0,-62.3,5.5,19.648,0,6.37,0,1.199,1.74,0,7.01
3/23/2026,21:45, ,gtmsswq_20H100466_030426_050000.bin,San Sebastian,default user,0,51.657,0,34.03,0,5.3,0,97.2,0,7.32,0,16.36,5.53,7.99,0,-64.1,5.51,19.38,0,7.81,0,1.2,1.94,0,7.82
3/23/2026,22:00, ,gtmsswq_20H100466_030426_050000.bin,San Sebastian,default user,0,51.915,0,34.22,0,5.383,0,98.7,0,7.47,0,13.72,4.65,8.03,0,-66.2,5.5,19.025,0,8.86,0,1.193,1.95,0,7.85
3/23/2026,22:15, ,gtmsswq_20H100466_030426_050000.bin,San Sebastian,default user,0,52.069,0,34.33,0,5.458,0,99.2,0,7.55,0,12.07,4.1,8.05,0,-67.5,5.51,18.698,0,9.9,0,1.191,1.83,0,7.38
3/23/2026,22:30, ,gtmsswq_20H100466_030426_050000.bin,San Sebastian,default user,0,52.257,0,34.47,0,5.525,0,99.4,0,7.64,0,10.25,3.49,8.09,0,-69.5,5.51,18.101,0,11.12,0,1.195,2.11,0,8.51
3/23/2026,22:45, ,gtmsswq_20H100466_030426_050000.bin,San Sebastian,default user,0,52.399,0,34.57,0,5.596,0,99.6,0,7.71,0,8.58,2.93,8.11,0,-70.6,5.5,17.654,0,10.99,0,1.198,2.14,0,8.61
3/23/2026,23:00, ,gtmsswq_20H100466_030426_050000.bin,San Sebastian,default user,0,52.456,0,34.61,0,5.651,0,99.3,0,7.72,0,7.98,2.73,8.12,0,-71.1,5.5,17.483,0,12.04,0,1.202,2.06,0,8.31
3/23/2026,23:15, ,gtmsswq_20H100466_030426_050000.bin,San Sebastian,default user,0,52.463,0,34.61,0,5.703,0,99.1,0,7.71,0,8.08,2.77,8.12,0,-71.2,5.49,17.429,0,11.98,0,1.192,2.53,0,10.18
3/23/2026,23:30, ,gtmsswq_20H100466_030426_050000.bin,San Sebastian,default user,0,52.468,0,34.62,0,5.742,0,98.9,0,7.7,0,7.72,2.65,8.12,0,-71.1,5.5,17.381,0,11.93,0,1.188,2.02,0,8.15
3/23/2026,23:45, ,gtmsswq_20H100466_030426_050000.bin,San Sebastian,default user,0,52.483,0,34.63,0,5.77,0,98.3,0,7.67,0,7.92,2.71,8.12,0,-71.2,5.5,17.309,0,12.54,0,1.185,2.24,0,9.03
3/24/2026,0:00, ,gtmsswq_20H100466_030426_050000.bin,San Sebastian,default user,0,52.489,0,34.63,0,5.8,0,98,0,7.64,0,8.32,2.85,8.12,0,-71.2,5.49,17.282,0,14.02,0,1.193,2.31,0,9.31
3/24/2026,0:15, ,gtmsswq_20H100466_030426_050000.bin,San Sebastian,default user,0,52.492,0,34.63,0,5.808,0,97.4,0,7.6,0,7.82,2.68,8.12,0,-71.1,5.5,17.225,0,13.46,0,1.191,2.47,0,9.95
3/24/2026,0:30, ,gtmsswq_20H100466_030426_050000.bin,San Sebastian,default user,0,52.499,0,34.64,0,5.809,0,97.3,0,7.6,0,7.96,2.73,8.12,0,-71,5.49,17.217,0,13.51,0,1.192,2.34,0,9.43
3/24/2026,0:45, ,gtmsswq_20H100466_030426_050000.bin,San Sebastian,default user,0,52.497,0,34.63,0,5.807,0,96.5,0,7.54,0,7.92,2.71,8.12,0,-70.9,5.49,17.191,0,11.09,0,1.197,2.23,0,9
3/24/2026,1:00, ,gtmsswq_20H100466_030426_050000.bin,San Sebastian,default user,0,52.504,0,34.64,0,5.776,0,93.4,0,7.3,0,8.1,2.77,8.1,0,-70.2,5.5,17.16,0,6.98,0,1.19,1.26,0,5.1
3/24/2026,1:15, ,gtmsswq_20H100466_030426_050000.bin,San Sebastian,default user,0,52.503,0,34.64,0,5.728,0,89.2,0,6.97,0,7.96,2.73,8.09,0,-69.7,5.49,17.177,0,5.59,0,1.188,1.22,0,4.93
3/24/2026,1:30, ,gtmsswq_20H100466_030426_050000.bin,San Sebastian,default user,0,52.427,0,34.59,0,5.674,0,94.3,0,7.33,0,9.41,3.21,8.09,0,-69.6,5.5,17.471,0,13.28,0,1.193,2.2,0,8.87
3/24/2026,1:45, ,gtmsswq_20H100466_030426_050000.bin,San Sebastian,default user,0,52.452,0,34.6,0,5.62,0,92.8,0,7.22,0,9.46,3.23,8.08,0,-69.2,5.49,17.43,0,8.36,0,1.191,1.54,0,6.2
3/24/2026,2:00, ,gtmsswq_20H100466_030426_050000.bin,San Sebastian,default user,0,52.373,0,34.55,0,5.549,0,93.6,0,7.27,0,9.54,3.25,8.08,0,-69.2,5.49,17.581,0,8.14,0,1.19,1.64,0,6.61
3/24/2026,2:15, ,gtmsswq_20H100466_030426_050000.bin,San Sebastian,default user,0,52.329,0,34.52,0,5.475,0,94.1,0,7.28,0,9.67,3.3,8.08,0,-69.2,5.5,17.724,0,9.98,0,1.188,1.54,0,6.2
3/24/2026,2:30, ,gtmsswq_20H100466_030426_050000.bin,San Sebastian,default user,0,52.233,0,34.45,0,5.396,0,92.6,0,7.14,0,11.45,3.89,8.06,0,-67.8,5.49,17.901,0,7.37,0,1.187,1.45,0,5.83
3/24/2026,2:45, ,gtmsswq_20H100466_030426_050000.bin,San Sebastian,default user,0,52.111,0,34.36,0,5.317,0,92.6,0,7.11,0,12.6,4.27,8.05,0,-67.1,5.5,18.156,0,9.32,0,1.185,1.43,0,5.75
3/24/2026,3:00, ,gtmsswq_20H100466_030426_050000.bin,San Sebastian,default user,0,52.071,0,34.33,0,5.236,0,89.1,0,6.84,0,13.43,4.55,8.02,0,-65.6,5.49,18.225,0,7.49,0,1.195,1.21,0,4.85
3/24/2026,3:15, ,gtmsswq_20H100466_030426_050000.bin,San Sebastian,default user,0,51.985,0,34.27,0,5.159,0,88.9,0,6.79,0,14.59,4.94,8,0,-64.4,5.49,18.439,0,10.54,0,1.2,1.32,0,5.3
3/24/2026,3:30, ,gtmsswq_20H100466_030426_050000.bin,San Sebastian,default user,0,51.995,0,34.27,0,5.08,0,87.9,0,6.73,0,15.09,5.1,7.99,0,-64,5.5,18.384,0,8.5,0,1.196,1.23,0,4.97
3/24/2026,3:45, ,gtmsswq_20H100466_030426_050000.bin,San Sebastian,default user,0,51.842,0,34.16,0,5.004,0,86.5,0,6.59,0,16.56,5.59,7.97,0,-62.6,5.49,18.659,0,8.62,0,1.192,1.24,0,4.99
3/24/2026,4:00, ,gtmsswq_20H100466_030426_050000.bin,San Sebastian,default user,0,51.797,0,34.13,0,4.923,0,87.1,0,6.62,0,17.58,5.93,7.96,0,-62.3,5.5,18.78,0,9.02,0,1.191,1.19,0,4.79
3/24/2026,4:15, ,gtmsswq_20H100466_030426_050000.bin,San Sebastian,default user,0,51.626,0,34,0,4.849,0,86.7,0,6.56,0,19.14,6.45,7.94,0,-60.9,5.49,19.139,0,10.42,0,1.188,1.27,0,5.11
3/24/2026,4:30, ,gtmsswq_20H100466_030426_050000.bin,San Sebastian,default user,0,51.505,0,33.91,0,4.815,0,85.6,0,6.46,0,20.14,6.79,7.92,0,-60.1,5.49,19.271,0,8.13,0,1.185,1.25,0,5.03
3/24/2026,4:45, ,gtmsswq_20H100466_030426_050000.bin,San Sebastian,default user,0,51.421,0,33.85,0,4.734,0,86.7,0,6.54,0,20.84,7.02,7.92,0,-60,5.5,19.327,0,8.57,0,1.185,1.28,0,5.16
3/24/2026,5:00, ,gtmsswq_20H100466_030426_050000.bin,San Sebastian,default user,0,51.401,0,33.84,0,4.669,0,83.2,0,6.27,0,22.28,7.5,7.89,0,-58.5,5.49,19.363,0,8.97,0,1.197,1.17,0,4.71
3/24/2026,5:15, ,gtmsswq_20H100466_030426_050000.bin,San Sebastian,default user,0,51.279,0,33.75,0,4.644,0,85.4,0,6.41,0,23.17,7.8,7.9,0,-58.8,5.49,19.562,0,8.52,0,1.199,1.17,0,4.7
3/24/2026,5:30, ,gtmsswq_20H100466_030426_050000.bin,San Sebastian,default user,0,51.166,0,33.66,0,4.664,0,83.2,0,6.24,0,23.31,7.84,7.87,0,-57.5,5.5,19.724,0,7.24,0,1.198,1.04,0,4.2
3/24/2026,5:45, ,gtmsswq_20H100466_030426_050000.bin,San Sebastian,default user,0,51.196,0,33.69,0,4.641,0,84.2,0,6.32,0,23.24,7.82,7.88,0,-57.8,5.5,19.662,0,7.23,0,1.191,1.07,0,4.31
3/24/2026,6:00, ,gtmsswq_20H100466_030426_050000.bin,San Sebastian,default user,0,51.333,0,33.79,0,4.621,0,84.8,0,6.38,0,21.07,7.1,7.91,0,-59.2,5.49,19.462,0,7.44,0,1.183,1.03,0,4.14
3/24/2026,6:15, ,gtmsswq_20H100466_030426_050000.bin,San Sebastian,default user,0,51.416,0,33.85,0,4.599,0,67.3,0,5.07,0,20.33,6.85,7.83,0,-55.1,5.5,19.37,0,5.26,0,1.182,0.55,0,2.21
3/24/2026,6:30, ,gtmsswq_20H100466_030426_050000.bin,San Sebastian,default user,0,51.423,0,33.85,0,4.567,0,58.7,0,4.42,0,19.81,6.68,7.79,0,-52.8,5.51,19.383,0,5.07,0,1.193,0.47,0,1.9
3/24/2026,6:45, ,gtmsswq_20H100466_030426_050000.bin,San Sebastian,default user,0,51.401,0,33.84,0,4.554,0,52,0,3.91,0,20.01,6.74,7.76,0,-50.8,5.49,19.411,0,5.38,0,1.201,0.54,0,2.17
3/24/2026,7:00, ,gtmsswq_20H100466_030426_050000.bin,San Sebastian,default user,0,51.41,0,33.84,0,4.587,0,62.4,0,4.7,0,19.78,6.67,7.82,0,-54.5,5.5,19.405,0,4.99,0,1.197,0.65,0,2.63
3/24/2026,7:15, ,gtmsswq_20H100466_030426_050000.bin,San Sebastian,default user,0,51.407,0,33.84,0,4.633,0,61.1,0,4.6,0,19.7,6.64,7.79,0,-52.7,5.5,19.415,0,4.04,0,1.182,0.44,0,1.75
3/24/2026,7:30, ,gtmsswq_20H100466_030426_050000.bin,San Sebastian,default user,0,51.428,0,33.86,0,4.686,0,85.9,0,6.46,0,19.69,6.64,7.91,0,-59.4,5.49,19.45,0,4.83,0,1.186,1.09,0,4.4
3/24/2026,7:45, ,gtmsswq_20H100466_030426_050000.bin,San Sebastian,default user,0,51.423,0,33.85,0,4.748,0,87.3,0,6.57,0,19.99,6.74,7.92,0,-59.9,5.5,19.449,0,5.64,0,1.191,1.09,0,4.41
3/24/2026,8:00, ,gtmsswq_20H100466_030426_050000.bin,San Sebastian,default user,0,51.436,0,33.86,0,4.824,0,88.8,0,6.68,0,19.88,6.7,7.93,0,-60.4,5.5,19.435,0,6.44,0,1.19,1.14,0,4.59
3/24/2026,8:15, ,gtmsswq_20H100466_030426_050000.bin,San Sebastian,default user,0,51.514,0,33.92,0,4.904,0,89.1,0,6.71,0,19.24,6.49,7.94,0,-61,5.49,19.35,0,5.57,0,1.191,1.06,0,4.27
3/24/2026,8:30, ,gtmsswq_20H100466_030426_050000.bin,San Sebastian,default user,0,51.579,0,33.97,0,4.971,0,90.9,0,6.87,0,18.34,6.19,7.96,0,-62.2,5.5,19.143,0,6.96,0,1.188,1.18,0,4.75
3/24/2026,8:45, ,gtmsswq_20H100466_030426_050000.bin,San Sebastian,default user,0,51.615,0,34,0,5.041,0,91.3,0,6.92,0,17.72,5.98,7.97,0,-62.7,5.49,19.024,0,6.62,0,1.19,1.28,0,5.16
3/24/2026,9:00, ,gtmsswq_20H100466_030426_050000.bin,San Sebastian,default user,0,51.728,0,34.08,0,5.116,0,91.4,0,6.94,0,17.98,6.07,7.98,0,-63.3,5.49,18.902,0,7.93,0,1.192,1.27,0,5.1
3/24/2026,9:15, ,gtmsswq_20H100466_030426_050000.bin,San Sebastian,default user,0,51.874,0,34.19,0,5.187,0,92.5,0,7.06,0,14.88,5.03,8.01,0,-65,5.5,18.544,0,8.3,0,1.187,1.39,0,5.62
3/24/2026,9:30, ,gtmsswq_20H100466_030426_050000.bin,San Sebastian,default user,0,51.979,0,34.26,0,5.267,0,93.2,0,7.14,0,13.66,4.63,8.02,0,-65.6,5.49,18.374,0,6.07,0,1.185,1.4,0,5.64
3/24/2026,9:45, ,gtmsswq_20H100466_030426_050000.bin,San Sebastian,default user,0,51.965,0,34.25,0,5.352,0,91.8,0,7.02,0,14.12,4.78,8.01,0,-65.2,5.5,18.442,0,6.96,0,1.182,1.22,0,4.91
3/24/2026,10:00, ,gtmsswq_20H100466_030426_050000.bin,San Sebastian,default user,0,52.025,0,34.3,0,5.443,0,92.2,0,7.07,0,13.84,4.69,8.02,0,-65.8,5.49,18.299,0,8.35,0,1.186,1.3,0,5.23
3/24/2026,10:15, ,gtmsswq_20H100466_030426_050000.bin,San Sebastian,default user,0,52.136,0,34.38,0,5.523,0,92.6,0,7.12,0,12.51,4.24,8.04,0,-66.7,5.49,18.096,0,9.47,0,1.192,1.53,0,6.16
3/24/2026,10:30, ,gtmsswq_20H100466_030426_050000.bin,San Sebastian,default user,0,52.234,0,34.45,0,5.614,0,94.4,0,7.28,0,11.81,4.01,8.06,0,-67.7,5.5,17.924,0,10.5,0,1.196,1.5,0,6.06
3/24/2026,10:45, ,gtmsswq_20H100466_030426_050000.bin,San Sebastian,default user,0,52.377,0,34.55,0,5.677,0,95.5,0,7.42,0,9.7,3.31,8.09,0,-69.3,5.49,17.508,0,10.56,0,1.201,1.79,0,7.22
3/24/2026,11:00, ,gtmsswq_20H100466_030426_050000.bin,San Sebastian,default user,0,52.44,0,34.59,0,5.742,0,95.9,0,7.47,0,9.07,3.1,8.1,0,-70,5.49,17.366,0,12.07,0,1.194,1.93,0,7.77
3/24/2026,11:15, ,gtmsswq_20H100466_030426_050000.bin,San Sebastian,default user,0,52.486,0,34.63,0,5.802,0,97.2,0,7.59,0,8.1,2.77,8.11,0,-70.7,5.48,17.216,0,13.03,0,1.182,2.14,0,8.62
3/24/2026,11:30, ,gtmsswq_20H100466_030426_050000.bin,San Sebastian,default user,0,52.539,0,34.66,0,5.849,0,97.9,0,7.66,0,7.89,2.7,8.12,0,-71.4,5.49,17.096,0,11.53,0,1.186,2.18,0,8.8
3/24/2026,11:45, ,gtmsswq_20H100466_030426_050000.bin,San Sebastian,default user,0,52.535,0,34.66,0,5.894,0,98.1,0,7.68,0,7.54,2.59,8.12,0,-71.4,5.49,17.108,0,11.96,0,1.201,2.35,0,9.48
3/24/2026,12:00, ,gtmsswq_20H100466_030426_050000.bin,San Sebastian,default user,0,52.542,0,34.67,0,5.92,0,98.3,0,7.7,0,7.69,2.64,8.13,0,-71.5,5.48,17.083,0,12.44,0,1.196,2.92,0,11.78
3/24/2026,12:15, ,gtmsswq_20H100466_030426_050000.bin,San Sebastian,default user,0,52.543,0,34.67,0,5.942,0,98.7,0,7.73,0,7.61,2.61,8.13,0,-71.6,5.49,17.077,0,11.93,0,1.198,2.26,0,9.1
3/24/2026,12:30, ,gtmsswq_20H100466_030426_050000.bin,San Sebastian,default user,0,52.546,0,34.67,0,5.95,0,98.2,0,7.69,0,7.48,2.57,8.13,0,-71.7,5.48,17.066,0,11.87,0,1.2,2.14,0,8.63
3/24/2026,12:45, ,gtmsswq_20H100466_030426_050000.bin,San Sebastian,default user,0,52.542,0,34.67,0,5.955,0,98.1,0,7.68,0,7.41,2.54,8.13,0,-71.6,5.48,17.065,0,12.58,0,1.2,2.31,0,9.3
3/24/2026,13:00, ,gtmsswq_20H100466_030426_050000.bin,San Sebastian,default user,0,52.545,0,34.67,0,5.951,0,97.5,0,7.64,0,7.22,2.48,8.13,0,-71.5,5.49,17.047,0,11.27,0,1.192,2.28,0,9.18
3/24/2026,13:15, ,gtmsswq_20H100466_030426_050000.bin,San Sebastian,default user,0,52.55,0,34.67,0,5.941,0,93.8,0,7.35,0,7.03,2.42,8.1,0,-70.2,5.48,17.042,0,6.55,0,1.188,1.57,0,6.31
3/24/2026,13:30, ,gtmsswq_20H100466_030426_050000.bin,San Sebastian,default user,0,52.546,0,34.67,0,5.933,0,89.3,0,7,0,7.26,2.49,8.08,0,-68.9,5.49,17.042,0,7.93,0,1.182,1.2,0,4.83
3/24/2026,13:45, ,gtmsswq_20H100466_030426_050000.bin,San Sebastian,default user,0,52.55,0,34.67,0,5.918,0,73.4,0,5.75,0,7.36,2.53,8.03,0,-65.8,5.47,17.043,0,8.26,0,1.197,0.73,0,2.94
3/24/2026,14:00, ,gtmsswq_20H100466_030426_050000.bin,San Sebastian,default user,0,52.529,0,34.66,0,5.884,0,94.1,0,7.36,0,7.71,2.64,8.11,0,-70.8,5.48,17.123,0,6.73,0,1.194,1.35,0,5.43
3/24/2026,14:15, ,gtmsswq_20H100466_030426_050000.bin,San Sebastian,default user,0,52.512,0,34.65,0,5.854,0,97.8,0,7.64,0,7.81,2.68,8.12,0,-71.3,5.49,17.191,0,6.66,0,1.197,1.56,0,6.27
3/24/2026,14:30, ,gtmsswq_20H100466_030426_050000.bin,San Sebastian,default user,0,52.488,0,34.63,0,5.814,0,97.6,0,7.61,0,8.84,3.02,8.11,0,-70.9,5.48,17.269,0,6.56,0,1.194,1.67,0,6.72
3/24/2026,14:45, ,gtmsswq_20H100466_030426_050000.bin,San Sebastian,default user,0,52.463,0,34.61,0,5.771,0,97.4,0,7.59,0,8.87,3.03,8.11,0,-70.6,5.49,17.34,0,6.15,0,1.191,1.55,0,6.26
3/24/2026,15:00, ,gtmsswq_20H100466_030426_050000.bin,San Sebastian,default user,0,52.431,0,34.59,0,5.738,0,96.3,0,7.5,0,9.55,3.26,8.1,0,-70,5.47,17.418,0,6.3,0,1.194,1.54,0,6.21
3/24/2026,15:15, ,gtmsswq_20H100466_030426_050000.bin,San Sebastian,default user,0,52.377,0,34.55,0,5.698,0,95.9,0,7.45,0,9.93,3.38,8.09,0,-69.4,5.48,17.538,0,6.46,0,1.2,1.48,0,5.95
3/24/2026,15:30, ,gtmsswq_20H100466_030426_050000.bin,San Sebastian,default user,0,52.321,0,34.51,0,5.652,0,95.4,0,7.41,0,10.23,3.49,8.08,0,-69,5.49,17.586,0,6.5,0,1.192,1.54,0,6.2
3/24/2026,15:45, ,gtmsswq_20H100466_030426_050000.bin,San Sebastian,default user,0,52.213,0,34.43,0,5.59,0,95.1,0,7.38,0,11.16,3.79,8.08,0,-68.7,5.48,17.664,0,6.98,0,1.183,1.45,0,5.86
3/24/2026,16:00, ,gtmsswq_20H100466_030426_050000.bin,San Sebastian,default user,0,52.118,0,34.36,0,5.54,0,94.9,0,7.34,0,11.41,3.88,8.06,0,-68,5.48,17.776,0,6.02,0,1.191,1.51,0,6.1
3/24/2026,16:15, ,gtmsswq_20H100466_030426_050000.bin,San Sebastian,default user,0,52.084,0,34.34,0,5.479,0,94.6,0,7.31,0,12.39,4.21,8.05,0,-67.5,5.47,17.847,0,6.55,0,1.191,1.45,0,5.84
3/24/2026,16:30, ,gtmsswq_20H100466_030426_050000.bin,San Sebastian,default user,0,52.017,0,34.29,0,5.418,0,94.1,0,7.28,0,11.18,3.8,8.06,0,-67.8,5.48,17.778,0,7.53,0,1.184,1.45,0,5.82
3/24/2026,16:45, ,gtmsswq_20H100466_030426_050000.bin,San Sebastian,default user,0,52.035,0,34.3,0,5.365,0,93.7,0,7.25,0,12.07,4.1,8.05,0,-67.2,5.49,17.791,0,7.97,0,1.191,1.47,0,5.94
3/24/2026,17:00, ,gtmsswq_20H100466_030426_050000.bin,San Sebastian,default user,0,51.871,0,34.18,0,5.321,0,92.4,0,7.11,0,13.75,4.66,8.02,0,-65.8,5.48,18.14,0,7.72,0,1.187,1.31,0,5.28
3/24/2026,17:15, ,gtmsswq_20H100466_030426_050000.bin,San Sebastian,default user,0,51.767,0,34.1,0,5.268,0,92,0,7.07,0,14.78,5,8.01,0,-65.1,5.49,18.211,0,7.72,0,1.185,1.49,0,6.01
3/24/2026,17:30, ,gtmsswq_20H100466_030426_050000.bin,San Sebastian,default user,0,51.713,0,34.06,0,5.218,0,91.9,0,7.08,0,14.52,4.91,8.01,0,-64.9,5.48,18.121,0,8.93,0,1.183,1.49,0,6.01
3/24/2026,17:45, ,gtmsswq_20H100466_030426_050000.bin,San Sebastian,default user,0,43.122,0,27.82,0,5.193,0,90.9,0,7.25,0,12.04,4.09,8,0,-64.4,5.46,18.254,0,7.37,0,0.715,1.52,0,6.11
3/24/2026,18:00, ,gtmsswq_20H100466_030426_050000.bin,San Sebastian,default user,0,42.627,0,27.47,0,5.145,0,90.8,0,7.25,0,15.18,5.13,7.99,0,-63.8,5.47,18.314,0,7.49,0,0.716,1.54,0,6.2
3/24/2026,18:15, ,gtmsswq_20H100466_030426_050000.bin,San Sebastian,default user,0,42.332,0,27.25,0,5.109,0,89.8,0,7.16,0,16.16,5.46,7.97,0,-63,5.46,18.442,0,7.78,0,0.717,1.41,0,5.69
3/24/2026,18:30, ,gtmsswq_20H100466_030426_050000.bin,San Sebastian,default user,0,41.996,0,27.01,0,5.077,0,88.3,0,7.03,0,18.68,6.3,7.96,0,-62.1,5.46,18.605,0,6.57,0,0.718,1.34,0,5.4
3/24/2026,18:45, ,gtmsswq_20H100466_030426_050000.bin,San Sebastian,default user,0,41.186,0,26.44,0,5.06,0,87.5,0,6.98,0,21.36,7.19,7.94,0,-61.3,5.47,18.709,0,6.69,0,0.721,1.3,0,5.24
3/24/2026,19:00, ,gtmsswq_20H100466_030426_050000.bin,San Sebastian,default user,0,40.901,0,26.23,0,5.052,0,86.6,0,6.95,0,18.31,6.18,7.95,0,-61.6,5.47,18.458,0,8.02,0,0.725,1.05,0,4.22
3/24/2026,19:15, ,gtmsswq_20H100466_030426_050000.bin,San Sebastian,default user,0,40.985,0,26.29,0,5.056,0,79.7,0,6.46,0,15.94,5.39,7.96,0,-62.3,5.46,17.887,0,5.39,0,0.725,0.81,0,3.25
3/24/2026,19:30, ,gtmsswq_20H100466_030426_050000.bin,San Sebastian,default user,0,40.799,0,26.16,0,5.079,0,83.1,0,6.74,0,14.05,4.76,7.99,0,-63.9,5.46,17.851,0,5.2,0,0.725,0.91,0,3.68
3/24/2026,19:45, ,gtmsswq_20H100466_030426_050000.bin,San Sebastian,default user,0,40.849,0,26.2,0,5.11,0,81.7,0,6.63,0,15.75,5.32,7.98,0,-63.4,5.46,17.861,0,4.35,0,0.725,0.7,0,2.81
3/24/2026,20:00, ,gtmsswq_20H100466_030426_050000.bin,San Sebastian,default user,0,41.068,0,26.35,0,5.124,0,74.7,0,6.06,0,12.99,4.4,7.96,0,-62.3,5.46,17.818,0,3.56,0,0.725,0.45,0,1.82
3/24/2026,20:15, ,gtmsswq_20H100466_030426_050000.bin,San Sebastian,default user,0,40.17,0,25.72,0,5.163,0,89.8,0,7.31,0,13.59,4.6,8.04,0,-66.5,5.46,17.791,0,4.46,0,0.725,1.13,0,4.54
3/24/2026,20:30, ,gtmsswq_20H100466_030426_050000.bin,San Sebastian,default user,0,39.88,0,25.51,0,5.208,0,93.7,0,7.65,0,12.58,4.27,8.06,0,-67.7,5.46,17.727,0,7.34,0,0.726,1.74,0,7.01
3/24/2026,20:45, ,gtmsswq_20H100466_030426_050000.bin,San Sebastian,default user,0,39.911,0,25.53,0,5.261,0,93.5,0,7.64,0,11.57,3.93,8.06,0,-67.7,5.45,17.699,0,5.19,0,0.725,1.42,0,5.72
3/24/2026,21:00, ,gtmsswq_20H100466_030426_050000.bin,San Sebastian,default user,0,51.932,0,34.22,0,5.282,0,93.6,0,7.28,0,10.8,3.67,8.06,0,-68,5.46,17.577,0,9.24,0,1.198,21.11,0,85.13
3/24/2026,21:15, ,gtmsswq_20H100466_030426_050000.bin,San Sebastian,default user,0,52.097,0,34.34,0,5.358,0,94.9,0,7.39,0,11.08,3.77,8.07,0,-68.5,5.47,17.466,0,8.33,0,1.2,1.72,0,6.95
3/24/2026,21:30, ,gtmsswq_20H100466_030426_050000.bin,San Sebastian,default user,0,52.136,0,34.37,0,5.423,0,95,0,7.39,0,11.09,3.77,8.07,0,-68.7,5.46,17.48,0,7.28,0,1.191,1.57,0,6.31
3/24/2026,21:45, ,gtmsswq_20H100466_030426_050000.bin,San Sebastian,default user,0,52.212,0,34.43,0,5.501,0,95.3,0,7.43,0,10.59,3.6,8.08,0,-69.1,5.47,17.349,0,7.67,0,1.185,1.69,0,6.81
3/24/2026,22:00, ,gtmsswq_20H100466_030426_050000.bin,San Sebastian,default user,0,52.31,0,34.5,0,5.58,0,95.9,0,7.48,0,9.83,3.35,8.09,0,-69.5,5.48,17.305,0,8.05,0,1.192,1.82,0,7.33
3/24/2026,22:15, ,gtmsswq_20H100466_030426_050000.bin,San Sebastian,default user,0,52.285,0,34.48,0,5.654,0,95.7,0,7.46,0,9.57,3.26,8.09,0,-69.3,5.46,17.375,0,6.86,0,1.19,1.78,0,7.18
3/24/2026,22:30, ,gtmsswq_20H100466_030426_050000.bin,San Sebastian,default user,0,52.26,0,34.46,0,5.731,0,95.1,0,7.42,0,9.85,3.36,8.09,0,-69.3,5.47,17.292,0,9.59,0,1.186,1.81,0,7.28
3/24/2026,22:45, ,gtmsswq_20H100466_030426_050000.bin,San Sebastian,default user,0,52.302,0,34.49,0,5.809,0,95.2,0,7.42,0,9.42,3.21,8.09,0,-69.4,5.48,17.32,0,10.87,0,1.195,1.92,0,7.74
3/24/2026,23:00, ,gtmsswq_20H100466_030426_050000.bin,San Sebastian,default user,0,52.381,0,34.55,0,5.88,0,96.2,0,7.51,0,9.22,3.15,8.09,0,-69.5,5.46,17.228,0,12.25,0,1.192,2.01,0,8.08
3/24/2026,23:15, ,gtmsswq_20H100466_030426_050000.bin,San Sebastian,default user,0,52.396,0,34.56,0,5.952,0,96.8,0,7.56,0,9.31,3.18,8.09,0,-69.7,5.47,17.199,0,12.45,0,1.195,2.23,0,8.98
3/24/2026,23:30, ,gtmsswq_20H100466_030426_050000.bin,San Sebastian,default user,0,52.371,0,34.54,0,6.023,0,101.8,0,8.02,0,7.56,2.59,8.12,0,-70.9,5.48,16.776,0,23.52,0,1.198,2.93,0,11.82
3/24/2026,23:45, ,gtmsswq_20H100466_030426_050000.bin,San Sebastian,default user,0,52.394,0,34.55,0,6.09,0,101.7,0,8.01,0,7.76,2.66,8.11,0,-70.8,5.47,16.804,0,23.4,0,1.192,3,0,12.11
3/25/2026,0:00, ,gtmsswq_20H100466_030426_050000.bin,San Sebastian,default user,0,52.396,0,34.55,0,6.145,0,102.3,0,8.07,0,7.46,2.56,8.12,0,-71.1,5.47,16.715,0,25.81,0,1.184,3.37,0,13.6
3/25/2026,0:15, ,gtmsswq_20H100466_030426_050000.bin,San Sebastian,default user,0,52.429,0,34.58,0,6.192,0,101.4,0,8,0,7.18,2.47,8.13,0,-71.4,5.46,16.718,0,34.76,0,1.199,2.6,0,10.48
3/25/2026,0:30, ,gtmsswq_20H100466_030426_050000.bin,San Sebastian,default user,0,52.46,0,34.6,0,6.237,0,100.7,0,7.94,0,7.74,2.65,8.13,0,-71.6,5.47,16.724,0,23.22,0,1.196,2.94,0,11.85
3/25/2026,0:45, ,gtmsswq_20H100466_030426_050000.bin,San Sebastian,default user,0,52.472,0,34.61,0,6.27,0,100.5,0,7.92,0,7.24,2.49,8.13,0,-71.7,5.47,16.729,0,21.89,0,1.191,2.64,0,10.64
3/25/2026,1:00, ,gtmsswq_20H100466_030426_050000.bin,San Sebastian,default user,0,52.47,0,34.61,0,6.289,0,99.9,0,7.87,0,7.26,2.49,8.13,0,-71.8,5.47,16.739,0,23.1,0,1.185,2.67,0,10.77
3/25/2026,1:15, ,gtmsswq_20H100466_030426_050000.bin,San Sebastian,default user,0,52.465,0,34.61,0,6.299,0,99.8,0,7.87,0,7.13,2.45,8.13,0,-71.7,5.47,16.737,0,22.15,0,1.182,2.64,0,10.64
3/25/2026,1:30, ,gtmsswq_20H100466_030426_050000.bin,San Sebastian,default user,0,52.467,0,34.61,0,6.29,0,99.6,0,7.85,0,7.16,2.46,8.13,0,-71.6,5.46,16.738,0,20.89,0,1.184,2.64,0,10.62
3/25/2026,1:45, ,gtmsswq_20H100466_030426_050000.bin,San Sebastian,default user,0,52.452,0,34.6,0,6.272,0,98.7,0,7.78,0,7.29,2.5,8.13,0,-71.5,5.46,16.745,0,15.91,0,1.184,2.15,0,8.68
3/25/2026,2:00, ,gtmsswq_20H100466_030426_050000.bin,San Sebastian,default user,0,52.457,0,34.6,0,6.246,0,94.7,0,7.46,0,7.54,2.59,8.11,0,-70.3,5.47,16.745,0,11.83,0,1.197,1.35,0,5.44
3/25/2026,2:15, ,gtmsswq_20H100466_030426_050000.bin,San Sebastian,default user,0,52.451,0,34.59,0,6.216,0,91.3,0,7.2,0,7.7,2.64,8.11,0,-70.3,5.46,16.751,0,9.63,0,1.201,1.57,0,6.34
3/25/2026,2:30, ,gtmsswq_20H100466_030426_050000.bin,San Sebastian,default user,0,52.44,0,34.59,0,6.188,0,97.2,0,7.66,0,7.7,2.64,8.12,0,-71,5.47,16.745,0,12.58,0,1.197,2.06,0,8.31
3/25/2026,2:45, ,gtmsswq_20H100466_030426_050000.bin,San Sebastian,default user,0,52.433,0,34.58,0,6.139,0,98.4,0,7.76,0,8.08,2.77,8.12,0,-71,5.46,16.766,0,12.32,0,1.182,1.95,0,7.84
3/25/2026,3:00, ,gtmsswq_20H100466_030426_050000.bin,San Sebastian,default user,0,52.429,0,34.58,0,6.084,0,96.8,0,7.62,0,8.1,2.77,8.1,0,-70.2,5.46,16.79,0,9.83,0,1.184,1.5,0,6.05
3/25/2026,3:15, ,gtmsswq_20H100466_030426_050000.bin,San Sebastian,default user,0,52.385,0,34.55,0,6.027,0,95.5,0,7.51,0,8.58,2.93,8.09,0,-69.6,5.47,16.849,0,9.39,0,1.201,1.54,0,6.2
3/25/2026,3:30, ,gtmsswq_20H100466_030426_050000.bin,San Sebastian,default user,0,52.369,0,34.54,0,5.972,0,93.7,0,7.37,0,8.5,2.91,8.08,0,-68.9,5.46,16.879,0,8.09,0,1.195,1.3,0,5.23
3/25/2026,3:45, ,gtmsswq_20H100466_030426_050000.bin,San Sebastian,default user,0,52.35,0,34.52,0,5.916,0,93.3,0,7.34,0,9,3.07,8.08,0,-68.6,5.47,16.901,0,9.19,0,1.192,1.4,0,5.64
3/25/2026,4:00, ,gtmsswq_20H100466_030426_050000.bin,San Sebastian,default user,0,52.339,0,34.51,0,5.862,0,93.2,0,7.33,0,9.08,3.1,8.07,0,-68.4,5.46,16.911,0,10.12,0,1.19,1.44,0,5.79
3/25/2026,4:15, ,gtmsswq_20H100466_030426_050000.bin,San Sebastian,default user,0,52.333,0,34.51,0,5.804,0,95.1,0,7.48,0,8.59,2.94,8.09,0,-69.3,5.46,16.907,0,7.39,0,1.191,1.54,0,6.2
3/25/2026,4:30, ,gtmsswq_20H100466_030426_050000.bin,San Sebastian,default user,0,52.275,0,34.47,0,5.744,0,93.1,0,7.31,0,10.25,3.49,8.07,0,-68.1,5.47,16.992,0,8.33,0,1.199,1.26,0,5.08
3/25/2026,4:45, ,gtmsswq_20H100466_030426_050000.bin,San Sebastian,default user,0,52.289,0,34.48,0,5.68,0,93.1,0,7.31,0,9.87,3.36,8.07,0,-68.5,5.46,16.975,0,10.01,0,1.195,1.06,0,4.27
3/25/2026,5:00, ,gtmsswq_20H100466_030426_050000.bin,San Sebastian,default user,0,52.247,0,34.45,0,5.609,0,91.5,0,7.18,0,10.46,3.56,8.06,0,-67.5,5.47,17.029,0,7.23,0,1.182,1.24,0,4.98
3/25/2026,5:15, ,gtmsswq_20H100466_030426_050000.bin,San Sebastian,default user,0,52.174,0,34.4,0,5.533,0,90.3,0,7.07,0,11.56,3.93,8.04,0,-66.8,5.46,17.137,0,9.08,0,1.192,1.18,0,4.75
3/25/2026,5:30, ,gtmsswq_20H100466_030426_050000.bin,San Sebastian,default user,0,52.196,0,34.41,0,5.462,0,91.6,0,7.18,0,10.65,3.62,8.05,0,-67.3,5.46,17.067,0,8.9,0,1.196,1.14,0,4.61
3/25/2026,5:45, ,gtmsswq_20H100466_030426_050000.bin,San Sebastian,default user,0,52.128,0,34.36,0,5.391,0,89.8,0,7.03,0,12.04,4.09,8.03,0,-66.2,5.47,17.153,0,8.81,0,1.188,1.09,0,4.4
3/25/2026,6:00, ,gtmsswq_20H100466_030426_050000.bin,San Sebastian,default user,0,52.015,0,34.28,0,5.323,0,89,0,6.96,0,12.66,4.29,8.02,0,-65.7,5.46,17.263,0,10.57,0,1.182,1.06,0,4.28
3/25/2026,6:15, ,gtmsswq_20H100466_030426_050000.bin,San Sebastian,default user,0,51.913,0,34.21,0,5.26,0,88.6,0,6.92,0,14.18,4.8,8.01,0,-65,5.47,17.377,0,8.91,0,1.193,1.07,0,4.32
3/25/2026,6:30, ,gtmsswq_20H100466_030426_050000.bin,San Sebastian,default user,0,51.866,0,34.17,0,5.202,0,87.6,0,6.83,0,14.31,4.84,8,0,-64.5,5.46,17.401,0,8.67,0,1.199,0.89,0,3.59
3/25/2026,6:45, ,gtmsswq_20H100466_030426_050000.bin,San Sebastian,default user,0,51.8,0,34.12,0,5.152,0,87.9,0,6.85,0,15.2,5.14,8,0,-64.3,5.46,17.461,0,7.77,0,1.201,0.84,0,3.39
3/25/2026,7:00, ,gtmsswq_20H100466_030426_050000.bin,San Sebastian,default user,0,51.61,0,33.98,0,5.11,0,86.4,0,6.72,0,17.73,5.98,7.98,0,-63.1,5.47,17.641,0,8.08,0,1.2,0.86,0,3.44
3/25/2026,7:15, ,gtmsswq_20H100466_030426_050000.bin,San Sebastian,default user,0,51.669,0,34.03,0,5.062,0,87.6,0,6.82,0,15.97,5.4,7.98,0,-63.3,5.46,17.548,0,9.5,0,1.194,0.93,0,3.74
3/25/2026,7:30, ,gtmsswq_20H100466_030426_050000.bin,San Sebastian,default user,0,51.496,0,33.9,0,5.03,0,85.8,0,6.67,0,19.52,6.58,7.96,0,-62.3,5.47,17.723,0,7.85,0,1.188,0.9,0,3.6
3/25/2026,7:45, ,gtmsswq_20H100466_030426_050000.bin,San Sebastian,default user,0,51.397,0,33.83,0,5.011,0,85,0,6.59,0,20.87,7.03,7.94,0,-61.2,5.46,17.809,0,7.5,0,1.186,0.79,0,3.19
3/25/2026,8:00, ,gtmsswq_20H100466_030426_050000.bin,San Sebastian,default user,0,51.342,0,33.79,0,4.997,0,85,0,6.59,0,21.2,7.14,7.94,0,-61.1,5.46,17.861,0,7.89,0,1.184,0.88,0,3.55
3/25/2026,8:15, ,gtmsswq_20H100466_030426_050000.bin,San Sebastian,default user,0,51.311,0,33.77,0,4.993,0,83.4,0,6.46,0,20.56,6.93,7.93,0,-60.3,5.47,17.893,0,7.5,0,1.192,0.71,0,2.87
3/25/2026,8:30, ,gtmsswq_20H100466_030426_050000.bin,San Sebastian,default user,0,51.708,0,34.06,0,4.987,0,78.1,0,6.08,0,15.77,5.33,7.93,0,-60.5,5.46,17.558,0,5.6,0,1.196,0.51,0,2.05
3/25/2026,8:45, ,gtmsswq_20H100466_030426_050000.bin,San Sebastian,default user,0,51.806,0,34.13,0,5.006,0,74.5,0,5.81,0,15.47,5.23,7.93,0,-60.6,5.47,17.49,0,5.25,0,1.2,0.51,0,2.06
3/25/2026,9:00, ,gtmsswq_20H100466_030426_050000.bin,San Sebastian,default user,0,51.869,0,34.17,0,5.017,0,72.8,0,5.67,0,14.42,4.88,7.93,0,-60.3,5.46,17.466,0,5.55,0,1.191,0.66,0,2.65
3/25/2026,9:15, ,gtmsswq_20H100466_030426_050000.bin,San Sebastian,default user,0,51.873,0,34.18,0,5.045,0,66,0,5.14,0,14.72,4.98,7.91,0,-59.4,5.47,17.489,0,5.03,0,1.184,0.6,0,2.4
3/25/2026,9:30, ,gtmsswq_20H100466_030426_050000.bin,San Sebastian,default user,0,51.891,0,34.19,0,5.091,0,85.2,0,6.63,0,14.45,4.89,7.99,0,-63.7,5.47,17.49,0,6.53,0,1.184,0.76,0,3.04
3/25/2026,9:45, ,gtmsswq_20H100466_030426_050000.bin,San Sebastian,default user,0,51.96,0,34.24,0,5.126,0,87.5,0,6.8,0,14.15,4.79,8.01,0,-64.7,5.46,17.595,0,5.49,0,1.189,0.82,0,3.3
3/25/2026,10:00, ,gtmsswq_20H100466_030426_050000.bin,San Sebastian,default user,0,51.987,0,34.26,0,5.166,0,88,0,6.84,0,14.04,4.75,8.01,0,-65,5.47,17.607,0,5.92,0,1.188,0.84,0,3.37
3/25/2026,10:15, ,gtmsswq_20H100466_030426_050000.bin,San Sebastian,default user,0,52.003,0,34.27,0,5.215,0,88.2,0,6.86,0,13.45,4.56,8.01,0,-65,5.46,17.582,0,10.23,0,1.192,0.97,0,3.92
3/25/2026,10:30, ,gtmsswq_20H100466_030426_050000.bin,San Sebastian,default user,0,52.024,0,34.29,0,5.282,0,88.9,0,6.92,0,12.56,4.26,8.02,0,-65.4,5.46,17.554,0,6.66,0,1.189,1,0,4.02
3/25/2026,10:45, ,gtmsswq_20H100466_030426_050000.bin,San Sebastian,default user,0,52.026,0,34.29,0,5.344,0,90.2,0,7.02,0,13.15,4.46,8.03,0,-65.9,5.47,17.511,0,7.41,0,1.189,1.05,0,4.22
3/25/2026,11:00, ,gtmsswq_20H100466_030426_050000.bin,San Sebastian,default user,0,52.034,0,34.3,0,5.407,0,92.6,0,7.21,0,11.69,3.97,8.04,0,-66.4,5.45,17.499,0,8.27,0,1.182,1.24,0,5.01
3/25/2026,11:15, ,gtmsswq_20H100466_030426_050000.bin,San Sebastian,default user,0,52.05,0,34.31,0,5.462,0,93.7,0,7.29,0,11.85,4.02,8.05,0,-67,5.46,17.488,0,8.25,0,1.2,1.39,0,5.61
3/25/2026,11:30, ,gtmsswq_20H100466_030426_050000.bin,San Sebastian,default user,0,52.074,0,34.33,0,5.531,0,94.2,0,7.34,0,11.48,3.9,8.05,0,-67.2,5.47,17.462,0,7.46,0,1.192,1.29,0,5.18
3/25/2026,11:45, ,gtmsswq_20H100466_030426_050000.bin,San Sebastian,default user,0,52.117,0,34.36,0,5.591,0,95.4,0,7.44,0,10.92,3.71,8.06,0,-67.8,5.47,17.409,0,8.03,0,1.194,1.41,0,5.69
3/25/2026,12:00, ,gtmsswq_20H100466_030426_050000.bin,San Sebastian,default user,0,52.113,0,34.35,0,5.656,0,94,0,7.32,0,18.16,6.13,8.05,0,-67.4,5.46,17.443,0,8.57,0,1.198,1.46,0,5.87
3/25/2026,12:15, ,gtmsswq_20H100466_030426_050000.bin,San Sebastian,default user,0,52.112,0,34.35,0,5.718,0,93.6,0,7.29,0,11.21,3.81,8.05,0,-67.2,5.46,17.412,0,10.21,0,1.341,1.37,0,5.52
3/25/2026,12:30, ,gtmsswq_20H100466_030426_050000.bin,San Sebastian,default user,0,52.148,0,34.38,0,5.776,0,94,0,7.34,0,10.54,3.59,8.06,0,-67.5,5.45,17.308,0,11.91,0,1.188,1.46,0,5.88
3/25/2026,12:45, ,gtmsswq_20H100466_030426_050000.bin,San Sebastian,default user,0,52.173,0,34.4,0,5.81,0,94.4,0,7.38,0,10.57,3.6,8.06,0,-67.6,5.46,17.285,0,13.08,0,1.192,1.66,0,6.69
3/25/2026,13:00, ,gtmsswq_20H100466_030426_050000.bin,San Sebastian,default user,0,52.197,0,34.41,0,5.837,0,95.6,0,7.47,0,10.78,3.67,8.06,0,-67.9,5.47,17.309,0,12.65,0,1.192,1.73,0,6.98
3/25/2026,13:15, ,gtmsswq_20H100466_030426_050000.bin,San Sebastian,default user,0,52.218,0,34.43,0,5.852,0,97,0,7.58,0,10.33,3.52,8.07,0,-68.4,5.46,17.251,0,16.82,0,1.197,1.91,0,7.7
3/25/2026,13:30, ,gtmsswq_20H100466_030426_050000.bin,San Sebastian,default user,0,52.241,0,34.45,0,5.855,0,99.1,0,7.76,0,9.23,3.15,8.08,0,-69.1,5.46,17.161,0,19.28,0,1.201,1.83,0,7.36
3/25/2026,13:45, ,gtmsswq_20H100466_030426_050000.bin,San Sebastian,default user,0,52.25,0,34.45,0,5.858,0,99.4,0,7.78,0,9.11,3.11,8.09,0,-69.3,5.46,17.156,0,16.75,0,1.191,1.96,0,7.88
3/25/2026,14:00, ,gtmsswq_20H100466_030426_050000.bin,San Sebastian,default user,0,52.245,0,34.45,0,5.86,0,99.3,0,7.77,0,9.53,3.25,8.08,0,-69.1,5.45,17.19,0,12.55,0,1.183,2.04,0,8.22
3/25/2026,14:15, ,gtmsswq_20H100466_030426_050000.bin,San Sebastian,default user,0,52.248,0,34.45,0,5.845,0,92.8,0,7.26,0,9.11,3.11,8.05,0,-67.1,5.45,17.184,0,10.42,0,1.191,0.99,0,3.99
3/25/2026,14:30, ,gtmsswq_20H100466_030426_050000.bin,San Sebastian,default user,0,52.25,0,34.45,0,5.83,0,86.8,0,6.79,0,9.06,3.09,8.03,0,-65.8,5.47,17.196,0,10.14,0,1.198,0.96,0,3.88
3/25/2026,14:45, ,gtmsswq_20H100466_030426_050000.bin,San Sebastian,default user,0,52.224,0,34.44,0,5.797,0,96.6,0,7.52,0,9.49,3.24,8.06,0,-68.1,5.46,17.465,0,8.83,0,1.191,1.36,0,5.47
3/25/2026,15:00, ,gtmsswq_20H100466_030426_050000.bin,San Sebastian,default user,0,52.175,0,34.4,0,5.751,0,99.1,0,7.65,0,10.18,3.47,8.07,0,-68.4,5.46,17.909,0,7.62,0,1.189,1.49,0,6
3/25/2026,15:15, ,gtmsswq_20H100466_030426_050000.bin,San Sebastian,default user,0,52.118,0,34.36,0,5.704,0,98.8,0,7.6,0,10.33,3.52,8.07,0,-68.3,5.45,18.107,0,7.31,0,1.185,1.26,0,5.06
3/25/2026,15:30, ,gtmsswq_20H100466_030426_050000.bin,San Sebastian,default user,0,52.261,0,34.47,0,5.648,0,102,0,7.88,0,9.88,3.37,8.08,0,-69.3,5.45,17.857,0,11.44,0,1.184,1.31,0,5.28
3/25/2026,15:45, ,gtmsswq_20H100466_030426_050000.bin,San Sebastian,default user,0,52.073,0,34.33,0,5.592,0,99.5,0,7.61,0,11.02,3.75,8.06,0,-67.9,5.46,18.374,0,7.7,0,1.195,1.08,0,4.36
3/25/2026,16:00, ,gtmsswq_20H100466_030426_050000.bin,San Sebastian,default user,0,52.064,0,34.33,0,5.536,0,98.7,0,7.54,0,11.16,3.79,8.05,0,-67.4,5.46,18.479,0,7,0,1.182,1.27,0,5.11
3/25/2026,16:15, ,gtmsswq_20H100466_030426_050000.bin,San Sebastian,default user,0,52.089,0,34.34,0,5.481,0,99.1,0,7.56,0,11.56,3.93,8.05,0,-67.5,5.46,18.509,0,8.67,0,1.187,1.1,0,4.43
3/25/2026,16:30, ,gtmsswq_20H100466_030426_050000.bin,San Sebastian,default user,0,52.13,0,34.38,0,5.424,0,100.6,0,7.65,0,11.37,3.86,8.06,0,-67.9,5.45,18.726,0,9.41,0,1.198,1.11,0,4.46
3/25/2026,16:45, ,gtmsswq_20H100466_030426_050000.bin,San Sebastian,default user,0,52.059,0,34.32,0,5.359,0,99.9,0,7.58,0,11.85,4.02,8.05,0,-67.4,5.46,18.835,0,7.02,0,1.191,1.18,0,4.74
3/25/2026,17:00, ,gtmsswq_20H100466_030426_050000.bin,San Sebastian,default user,0,51.928,0,34.23,0,5.297,0,97.7,0,7.43,0,12.59,4.27,8.03,0,-66.5,5.47,18.792,0,7.69,0,1.184,1.15,0,4.62
3/25/2026,17:15, ,gtmsswq_20H100466_030426_050000.bin,San Sebastian,default user,0,52.018,0,34.29,0,5.232,0,97.6,0,7.38,0,11.94,4.05,8.03,0,-66.4,5.45,19.051,0,7.8,0,1.188,0.68,0,2.74
3/25/2026,17:30, ,gtmsswq_20H100466_030426_050000.bin,San Sebastian,default user,0,51.889,0,34.2,0,5.169,0,97.3,0,7.37,0,12.74,4.32,8.03,0,-66.5,5.46,18.96,0,7.82,0,1.185,1.06,0,4.27
3/25/2026,17:45, ,gtmsswq_20H100466_030426_050000.bin,San Sebastian,default user,0,51.986,0,34.27,0,5.11,0,98.7,0,7.48,0,12.06,4.09,8.04,0,-66.8,5.45,18.935,0,7.85,0,1.184,1.1,0,4.45
3/25/2026,18:00, ,gtmsswq_20H100466_030426_050000.bin,San Sebastian,default user,0,51.815,0,34.14,0,5.054,0,96.8,0,7.32,0,13.89,4.7,8.02,0,-65.8,5.46,19.139,0,7.9,0,1.185,1,0,4.02
3/25/2026,18:15, ,gtmsswq_20H100466_030426_050000.bin,San Sebastian,default user,0,51.818,0,34.15,0,4.999,0,95.8,0,7.21,0,14.45,4.89,8.01,0,-65.2,5.47,19.345,0,10.23,0,1.185,1,0,4.04
3/25/2026,18:30, ,gtmsswq_20H100466_030426_050000.bin,San Sebastian,default user,0,51.877,0,34.19,0,4.961,0,95,0,7.13,0,13.69,4.64,8,0,-64.9,5.46,19.506,0,10.36,0,1.195,1.12,0,4.51
3/25/2026,18:45, ,gtmsswq_20H100466_030426_050000.bin,San Sebastian,default user,0,51.743,0,34.09,0,4.906,0,94.4,0,7.09,0,14.75,4.99,7.99,0,-64.4,5.46,19.494,0,10.39,0,1.196,1.07,0,4.32
3/25/2026,19:00, ,gtmsswq_20H100466_030426_050000.bin,San Sebastian,default user,0,51.748,0,34.09,0,4.867,0,92.9,0,6.96,0,15.47,5.23,7.98,0,-63.3,5.45,19.618,0,11.83,0,1.194,1.07,0,4.31
3/25/2026,19:15, ,gtmsswq_20H100466_030426_050000.bin,San Sebastian,default user,0,51.316,0,33.78,0,4.818,0,90.9,0,6.83,0,19.88,6.7,7.94,0,-61.4,5.46,19.509,0,7.8,0,1.194,1.11,0,4.45
3/25/2026,19:30, ,gtmsswq_20H100466_030426_050000.bin,San Sebastian,default user,0,51.169,0,33.67,0,4.794,0,89,0,6.69,0,20.63,6.95,7.92,0,-60.3,5.47,19.519,0,9.15,0,1.193,0.97,0,3.92
3/25/2026,19:45, ,gtmsswq_20H100466_030426_050000.bin,San Sebastian,default user,0,51.158,0,33.66,0,4.773,0,89,0,6.69,0,20.95,7.06,7.92,0,-60.2,5.46,19.52,0,7.95,0,1.19,0.96,0,3.85
3/25/2026,20:00, ,gtmsswq_20H100466_030426_050000.bin,San Sebastian,default user,0,51.195,0,33.69,0,4.764,0,86.1,0,6.48,0,20.28,6.83,7.91,0,-59.5,5.46,19.513,0,8.21,0,1.186,0.78,0,3.13
3/25/2026,20:15, ,gtmsswq_20H100466_030426_050000.bin,San Sebastian,default user,0,51.581,0,33.97,0,4.767,0,90.7,0,6.87,0,15.86,5.36,7.98,0,-63.5,5.45,19.075,0,6.8,0,1.184,1.41,0,5.67
3/25/2026,20:30, ,gtmsswq_20H100466_030426_050000.bin,San Sebastian,default user,0,51.576,0,33.97,0,4.786,0,82.1,0,6.22,0,15.76,5.33,7.94,0,-61,5.46,19.026,0,4.62,0,1.184,0.77,0,3.09
3/25/2026,20:45, ,gtmsswq_20H100466_030426_050000.bin,San Sebastian,default user,0,51.598,0,33.98,0,4.802,0,68,0,5.15,0,15.58,5.27,7.88,0,-57.7,5.47,19.002,0,4.46,0,1.185,0.36,0,1.43
3/25/2026,21:00, ,gtmsswq_20H100466_030426_050000.bin,San Sebastian,default user,0,51.621,0,34,0,4.833,0,78.1,0,5.93,0,15.32,5.18,7.92,0,-60.2,5.46,18.971,0,5.3,0,1.193,0.76,0,3.05
3/25/2026,21:15, ,gtmsswq_20H100466_030426_050000.bin,San Sebastian,default user,0,51.613,0,33.99,0,4.882,0,90.7,0,6.88,0,15.94,5.39,7.97,0,-62.9,5.46,18.944,0,5.38,0,1.196,0.98,0,3.96
3/25/2026,21:30, ,gtmsswq_20H100466_030426_050000.bin,San Sebastian,default user,0,51.637,0,34.01,0,4.939,0,91.5,0,6.94,0,15,5.07,7.98,0,-63.2,5.45,18.913,0,5.89,0,1.201,1.11,0,4.48
3/25/2026,21:45, ,gtmsswq_20H100466_030426_050000.bin,San Sebastian,default user,0,51.687,0,34.05,0,5.017,0,92.7,0,7.05,0,15.39,5.2,7.98,0,-63.6,5.45,18.834,0,5.09,0,1.201,1.2,0,4.82
3/25/2026,22:00, ,gtmsswq_20H100466_030426_050000.bin,San Sebastian,default user,0,51.719,0,34.07,0,5.096,0,92.3,0,7.03,0,15.34,5.19,7.98,0,-63.6,5.46,18.759,0,6.59,0,1.194,1.15,0,4.65
3/25/2026,22:15, ,gtmsswq_20H100466_030426_050000.bin,San Sebastian,default user,0,51.729,0,34.08,0,5.162,0,92.8,0,7.07,0,14.58,4.93,7.99,0,-64.1,5.45,18.715,0,5.9,0,1.184,1.26,0,5.08
3/25/2026,22:30, ,gtmsswq_20H100466_030426_050000.bin,San Sebastian,default user,0,51.745,0,34.09,0,5.235,0,93.7,0,7.14,0,14.52,4.91,8,0,-64.5,5.46,18.644,0,7.75,0,1.192,1.26,0,5.09
3/25/2026,22:45, ,gtmsswq_20H100466_030426_050000.bin,San Sebastian,default user,0,51.77,0,34.11,0,5.299,0,94,0,7.18,0,14.12,4.78,8.01,0,-64.9,5.45,18.579,0,6.26,0,1.199,1.32,0,5.33
3/25/2026,23:00, ,gtmsswq_20H100466_030426_050000.bin,San Sebastian,default user,0,51.864,0,34.18,0,5.377,0,94.3,0,7.21,0,13.54,4.59,8.02,0,-65.5,5.45,18.437,0,6.86,0,1.192,1.35,0,5.43
3/25/2026,23:15, ,gtmsswq_20H100466_030426_050000.bin,San Sebastian,default user,0,51.911,0,34.21,0,5.462,0,94.5,0,7.25,0,12.36,4.19,8.02,0,-65.9,5.46,18.309,0,7.48,0,1.191,1.37,0,5.52
3/25/2026,23:30, ,gtmsswq_20H100466_030426_050000.bin,San Sebastian,default user,0,51.894,0,34.2,0,5.54,0,93.4,0,7.16,0,13.19,4.47,8.01,0,-65.3,5.45,18.357,0,7.63,0,1.191,1.33,0,5.34
3/25/2026,23:45, ,gtmsswq_20H100466_030426_050000.bin,San Sebastian,default user,0,51.95,0,34.24,0,5.614,0,94.2,0,7.24,0,12.34,4.19,8.03,0,-66,5.46,18.226,0,8.85,0,1.187,1.38,0,5.57
3/26/2026,0:00, ,gtmsswq_20H100466_030426_050000.bin,San Sebastian,default user,0,51.969,0,34.25,0,5.697,0,94.1,0,7.23,0,12.29,4.17,8.02,0,-65.9,5.45,18.214,0,9.19,0,1.184,1.49,0,6.02
3/26/2026,0:15, ,gtmsswq_20H100466_030426_050000.bin,San Sebastian,default user,0,52.038,0,34.3,0,5.767,0,96.4,0,7.44,0,11.93,4.05,8.04,0,-66.9,5.45,17.931,0,13.4,0,1.193,1.82,0,7.34
3/26/2026,0:30, ,gtmsswq_20H100466_030426_050000.bin,San Sebastian,default user,0,52.15,0,34.38,0,5.84,0,99.4,0,7.71,0,10.36,3.53,8.08,0,-68.8,5.46,17.637,0,16.02,0,1.198,1.89,0,7.63
3/26/2026,0:45, ,gtmsswq_20H100466_030426_050000.bin,San Sebastian,default user,0,52.151,0,34.38,0,5.894,0,99.7,0,7.74,0,10.12,3.45,8.08,0,-69,5.45,17.622,0,14.58,0,1.196,2.12,0,8.55
3/26/2026,1:00, ,gtmsswq_20H100466_030426_050000.bin,San Sebastian,default user,0,52.161,0,34.39,0,5.94,0,100.4,0,7.82,0,9.53,3.25,8.09,0,-69.7,5.45,17.482,0,15.83,0,1.2,2.01,0,8.11
3/26/2026,1:15, ,gtmsswq_20H100466_030426_050000.bin,San Sebastian,default user,0,52.16,0,34.39,0,5.985,0,100.8,0,7.87,0,9.01,3.08,8.11,0,-70.6,5.45,17.354,0,13.81,0,1.2,2.22,0,8.95
3/26/2026,1:30, ,gtmsswq_20H100466_030426_050000.bin,San Sebastian,default user,0,52.166,0,34.39,0,6.011,0,100.7,0,7.87,0,8.55,2.93,8.12,0,-71.1,5.44,17.236,0,12.86,0,1.192,1.81,0,7.28
3/26/2026,1:45, ,gtmsswq_20H100466_030426_050000.bin,San Sebastian,default user,0,52.178,0,34.4,0,6.037,0,100.8,0,7.89,0,8.54,2.92,8.12,0,-71.3,5.45,17.176,0,13.06,0,1.185,1.89,0,7.62
3/26/2026,2:00, ,gtmsswq_20H100466_030426_050000.bin,San Sebastian,default user,0,52.166,0,34.39,0,6.054,0,100.2,0,7.84,0,8.4,2.87,8.13,0,-71.5,5.44,17.133,0,10.7,0,1.189,1.8,0,7.27
3/26/2026,2:15, ,gtmsswq_20H100466_030426_050000.bin,San Sebastian,default user,0,52.171,0,34.39,0,6.066,0,100,0,7.84,0,8.65,2.96,8.13,0,-71.5,5.44,17.116,0,11.6,0,1.188,1.63,0,6.58
3/26/2026,2:30, ,gtmsswq_20H100466_030426_050000.bin,San Sebastian,default user,0,52.17,0,34.39,0,6.063,0,99.6,0,7.81,0,8.89,3.04,8.12,0,-71.3,5.45,17.112,0,8.76,0,1.186,1.52,0,6.14
3/26/2026,2:45, ,gtmsswq_20H100466_030426_050000.bin,San Sebastian,default user,0,52.174,0,34.4,0,6.044,0,98.8,0,7.74,0,8.67,2.96,8.12,0,-71.2,5.45,17.104,0,8.78,0,1.185,1.45,0,5.85
3/26/2026,3:00, ,gtmsswq_20H100466_030426_050000.bin,San Sebastian,default user,0,52.171,0,34.39,0,6.013,0,92.2,0,7.23,0,8.78,3,8.1,0,-69.8,5.44,17.089,0,7.73,0,1.193,1.09,0,4.4
3/26/2026,3:15, ,gtmsswq_20H100466_030426_050000.bin,San Sebastian,default user,0,52.172,0,34.39,0,5.985,0,97.3,0,7.62,0,8.92,3.05,8.12,0,-71.1,5.44,17.093,0,9.39,0,1.191,1.45,0,5.84
3/26/2026,3:30, ,gtmsswq_20H100466_030426_050000.bin,San Sebastian,default user,0,52.162,0,34.39,0,5.95,0,97,0,7.58,0,9.21,3.14,8.1,0,-69.8,5.45,17.246,0,8.27,0,1.191,1.44,0,5.82
3/26/2026,3:45, ,gtmsswq_20H100466_030426_050000.bin,San Sebastian,default user,0,52.158,0,34.39,0,5.912,0,96.2,0,7.52,0,9.96,3.39,8.09,0,-69.6,5.44,17.255,0,7.24,0,1.188,1.24,0,5
3/26/2026,4:00, ,gtmsswq_20H100466_030426_050000.bin,San Sebastian,default user,0,52.118,0,34.36,0,5.862,0,93.4,0,7.28,0,10.47,3.56,8.07,0,-68.1,5.44,17.415,0,6.21,0,1.185,1.15,0,4.63
3/26/2026,4:15, ,gtmsswq_20H100466_030426_050000.bin,San Sebastian,default user,0,52.114,0,34.36,0,5.807,0,92,0,7.16,0,11.09,3.77,8.05,0,-67.2,5.44,17.461,0,6.73,0,1.196,1.03,0,4.16
3/26/2026,4:30, ,gtmsswq_20H100466_030426_050000.bin,San Sebastian,default user,0,52.08,0,34.33,0,5.745,0,89.5,0,6.96,0,11.31,3.84,8.03,0,-65.9,5.44,17.535,0,6.46,0,1.193,0.85,0,3.44
3/26/2026,4:45, ,gtmsswq_20H100466_030426_050000.bin,San Sebastian,default user,0,52.061,0,34.32,0,5.683,0,90.9,0,7.06,0,11.97,4.06,8.03,0,-66.2,5.44,17.586,0,6.83,0,1.189,0.98,0,3.96
3/26/2026,5:00, ,gtmsswq_20H100466_030426_050000.bin,San Sebastian,default user,0,52.006,0,34.28,0,5.617,0,91.4,0,7.1,0,10.83,3.68,8.04,0,-66.7,5.45,17.588,0,8.28,0,1.19,1.2,0,4.81
3/26/2026,5:15, ,gtmsswq_20H100466_030426_050000.bin,San Sebastian,default user,0,52.05,0,34.31,0,5.544,0,86.4,0,6.7,0,12.67,4.3,8,0,-64.4,5.44,17.695,0,6.63,0,1.194,0.88,0,3.56
3/26/2026,5:30, ,gtmsswq_20H100466_030426_050000.bin,San Sebastian,default user,0,51.976,0,34.26,0,5.466,0,88.4,0,6.84,0,12.59,4.27,8,0,-64.5,5.45,17.824,0,6.8,0,1.201,1.04,0,4.19
3/26/2026,5:45, ,gtmsswq_20H100466_030426_050000.bin,San Sebastian,default user,0,51.933,0,34.23,0,5.395,0,86.1,0,6.65,0,13.46,4.56,7.98,0,-63.5,5.44,17.923,0,7.75,0,1.197,0.99,0,3.98
3/26/2026,6:00, ,gtmsswq_20H100466_030426_050000.bin,San Sebastian,default user,0,51.881,0,34.19,0,5.327,0,86.1,0,6.64,0,14.1,4.77,7.98,0,-63.4,5.44,17.99,0,10.86,0,1.196,0.99,0,4
3/26/2026,6:15, ,gtmsswq_20H100466_030426_050000.bin,San Sebastian,default user,0,51.896,0,34.2,0,5.249,0,86.5,0,6.68,0,13.07,4.43,7.98,0,-63.5,5.45,17.872,0,8.84,0,1.182,0.97,0,3.92
3/26/2026,6:30, ,gtmsswq_20H100466_030426_050000.bin,San Sebastian,default user,0,51.804,0,34.13,0,5.179,0,85,0,6.55,0,15.13,5.12,7.96,0,-62.3,5.44,18.084,0,8.55,0,1.185,0.86,0,3.47
3/26/2026,6:45, ,gtmsswq_20H100466_030426_050000.bin,San Sebastian,default user,0,51.757,0,34.1,0,5.111,0,84.1,0,6.47,0,15.76,5.33,7.95,0,-61.8,5.45,18.16,0,8.36,0,1.197,0.76,0,3.05
3/26/2026,7:00, ,gtmsswq_20H100466_030426_050000.bin,San Sebastian,default user,0,51.683,0,34.04,0,5.051,0,83.9,0,6.45,0,16.24,5.49,7.95,0,-61.5,5.43,18.214,0,8.33,0,1.189,0.76,0,3.06
3/26/2026,7:15, ,gtmsswq_20H100466_030426_050000.bin,San Sebastian,default user,0,51.646,0,34.02,0,4.984,0,83.2,0,6.39,0,17.13,5.78,7.94,0,-60.8,5.44,18.294,0,8.43,0,1.191,0.78,0,3.16
3/26/2026,7:30, ,gtmsswq_20H100466_030426_050000.bin,San Sebastian,default user,0,51.549,0,33.95,0,4.942,0,82.9,0,6.36,0,16.78,5.67,7.93,0,-60.5,5.45,18.378,0,9.23,0,1.182,0.87,0,3.51
3/26/2026,7:45, ,gtmsswq_20H100466_030426_050000.bin,San Sebastian,default user,0,51.429,0,33.86,0,4.902,0,82.2,0,6.29,0,19.09,6.44,7.91,0,-59.6,5.44,18.536,0,8.28,0,1.198,0.8,0,3.24
3/26/2026,8:00, ,gtmsswq_20H100466_030426_050000.bin,San Sebastian,default user,0,51.476,0,33.89,0,4.855,0,82.5,0,6.32,0,18.47,6.23,7.92,0,-59.8,5.45,18.453,0,7.66,0,1.195,0.93,0,3.76
3/26/2026,8:15, ,gtmsswq_20H100466_030426_050000.bin,San Sebastian,default user,0,51.318,0,33.78,0,4.827,0,81.8,0,6.25,0,20.23,6.82,7.9,0,-58.7,5.44,18.639,0,8.86,0,1.192,0.87,0,3.48
3/26/2026,8:30, ,gtmsswq_20H100466_030426_050000.bin,San Sebastian,default user,0,51.243,0,33.72,0,4.795,0,81.2,0,6.2,0,20.84,7.02,7.89,0,-58.2,5.44,18.703,0,8.89,0,1.182,0.84,0,3.39
3/26/2026,8:45, ,gtmsswq_20H100466_030426_050000.bin,San Sebastian,default user,0,51.169,0,33.67,0,4.772,0,80.2,0,6.11,0,21.83,7.35,7.88,0,-57.5,5.45,18.758,0,6.73,0,1.183,0.8,0,3.23
3/26/2026,9:00, ,gtmsswq_20H100466_030426_050000.bin,San Sebastian,default user,0,51.154,0,33.66,0,4.768,0,79.7,0,6.08,0,21.71,7.31,7.88,0,-57.4,5.44,18.784,0,8.07,0,1.194,0.66,0,2.66
3/26/2026,9:15, ,gtmsswq_20H100466_030426_050000.bin,San Sebastian,default user,0,51.399,0,33.84,0,4.766,0,81,0,6.19,0,18.52,6.25,7.9,0,-58.7,5.45,18.629,0,6.69,0,1.182,0.92,0,3.68
3/26/2026,9:30, ,gtmsswq_20H100466_030426_050000.bin,San Sebastian,default user,0,51.438,0,33.86,0,4.775,0,72,0,5.5,0,17.48,5.9,7.87,0,-56.8,5.43,18.622,0,6.17,0,1.193,0.61,0,2.46
3/26/2026,9:45, ,gtmsswq_20H100466_030426_050000.bin,San Sebastian,default user,0,51.455,0,33.88,0,4.799,0,73.5,0,5.62,0,18,6.07,7.87,0,-57.3,5.44,18.643,0,5.15,0,1.199,0.68,0,2.76
3/26/2026,10:00, ,gtmsswq_20H100466_030426_050000.bin,San Sebastian,default user,0,51.512,0,33.92,0,4.842,0,79.4,0,6.06,0,17.56,5.93,7.9,0,-59,5.45,18.654,0,4.93,0,1.198,0.77,0,3.12
3/26/2026,10:15, ,gtmsswq_20H100466_030426_050000.bin,San Sebastian,default user,0,51.568,0,33.96,0,4.872,0,82.4,0,6.27,0,15.46,5.23,7.92,0,-59.7,5.44,18.802,0,7.93,0,1.192,0.89,0,3.58
3/26/2026,10:30, ,gtmsswq_20H100466_030426_050000.bin,San Sebastian,default user,0,51.593,0,33.98,0,4.911,0,85.3,0,6.49,0,15.94,5.39,7.94,0,-60.9,5.44,18.793,0,5.75,0,1.183,0.86,0,3.45
3/26/2026,10:45, ,gtmsswq_20H100466_030426_050000.bin,San Sebastian,default user,0,51.596,0,33.98,0,4.956,0,85.2,0,6.48,0,16.12,5.45,7.94,0,-60.8,5.43,18.778,0,4.75,0,1.182,0.72,0,2.91
3/26/2026,11:00, ,gtmsswq_20H100466_030426_050000.bin,San Sebastian,default user,0,51.594,0,33.98,0,5.004,0,85.5,0,6.51,0,16.27,5.5,7.93,0,-60.8,5.44,18.759,0,6.32,0,1.187,0.89,0,3.59
3/26/2026,11:15, ,gtmsswq_20H100466_030426_050000.bin,San Sebastian,default user,0,51.621,0,34,0,5.05,0,85.4,0,6.51,0,16.13,5.45,7.94,0,-61.1,5.45,18.696,0,6.59,0,1.195,0.71,0,2.87
3/26/2026,11:30, ,gtmsswq_20H100466_030426_050000.bin,San Sebastian,default user,0,51.64,0,34.01,0,5.115,0,85.5,0,6.52,0,16.59,5.6,7.94,0,-61.1,5.44,18.645,0,6.93,0,1.187,0.99,0,3.98
3/26/2026,11:45, ,gtmsswq_20H100466_030426_050000.bin,San Sebastian,default user,0,51.652,0,34.02,0,5.174,0,86.6,0,6.6,0,16.07,5.43,7.95,0,-61.5,5.44,18.636,0,6.85,0,1.186,1.04,0,4.17
3/26/2026,12:00, ,gtmsswq_20H100466_030426_050000.bin,San Sebastian,default user,0,51.697,0,34.06,0,5.227,0,88.2,0,6.72,0,15.91,5.38,7.96,0,-62.1,5.43,18.654,0,8.63,0,1.192,1.14,0,4.6
3/26/2026,12:15, ,gtmsswq_20H100466_030426_050000.bin,San Sebastian,default user,0,51.72,0,34.07,0,5.292,0,89.1,0,6.79,0,14.74,4.99,7.96,0,-62.5,5.44,18.692,0,6.41,0,1.193,1,0,4.03
3/26/2026,12:30, ,gtmsswq_20H100466_030426_050000.bin,San Sebastian,default user,0,51.773,0,34.11,0,5.356,0,90.7,0,6.91,0,14,4.74,7.98,0,-63.2,5.45,18.722,0,7.59,0,1.194,1.14,0,4.6
3/26/2026,12:45, ,gtmsswq_20H100466_030426_050000.bin,San Sebastian,default user,0,51.81,0,34.14,0,5.417,0,91.1,0,6.95,0,13.94,4.72,7.98,0,-63.6,5.44,18.598,0,6.59,0,1.197,1.24,0,4.99
3/26/2026,13:00, ,gtmsswq_20H100466_030426_050000.bin,San Sebastian,default user,0,51.81,0,34.14,0,5.474,0,89.7,0,6.85,0,13.96,4.73,7.97,0,-63.1,5.44,18.56,0,6.52,0,1.199,1.15,0,4.61
3/26/2026,13:15, ,gtmsswq_20H100466_030426_050000.bin,San Sebastian,default user,0,51.852,0,34.17,0,5.525,0,90.3,0,6.91,0,13.29,4.5,7.99,0,-63.9,5.43,18.399,0,7.92,0,1.193,1.3,0,5.24
3/26/2026,13:30, ,gtmsswq_20H100466_030426_050000.bin,San Sebastian,default user,0,51.882,0,34.19,0,5.571,0,91.1,0,6.98,0,12.72,4.32,7.99,0,-64.1,5.43,18.356,0,7.21,0,1.191,1.22,0,4.91
3/26/2026,13:45, ,gtmsswq_20H100466_030426_050000.bin,San Sebastian,default user,0,51.924,0,34.22,0,5.601,0,91.9,0,7.05,0,12.84,4.35,8,0,-64.8,5.44,18.302,0,7.92,0,1.187,1.32,0,5.32
3/26/2026,14:00, ,gtmsswq_20H100466_030426_050000.bin,San Sebastian,default user,0,51.959,0,34.25,0,5.634,0,93.3,0,7.16,0,12.12,4.11,8.01,0,-65.3,5.43,18.228,0,8.22,0,1.183,1.41,0,5.67
3/26/2026,14:15, ,gtmsswq_20H100466_030426_050000.bin,San Sebastian,default user,0,52.017,0,34.29,0,5.66,0,96.5,0,7.42,0,11.62,3.95,8.04,0,-66.7,5.44,18.137,0,8.75,0,1.194,1.53,0,6.18
3/26/2026,14:30, ,gtmsswq_20H100466_030426_050000.bin,San Sebastian,default user,0,52.058,0,34.32,0,5.673,0,98,0,7.55,0,10.97,3.73,8.06,0,-67.8,5.43,18.038,0,9.6,0,1.195,1.38,0,5.55
3/26/2026,14:45, ,gtmsswq_20H100466_030426_050000.bin,San Sebastian,default user,0,52.077,0,34.33,0,5.672,0,98.7,0,7.61,0,10.52,3.58,8.06,0,-68.2,5.43,17.964,0,8.92,0,1.202,1.35,0,5.45
3/26/2026,15:00, ,gtmsswq_20H100466_030426_050000.bin,San Sebastian,default user,0,52.08,0,34.33,0,5.67,0,97.3,0,7.51,0,10.19,3.47,8.06,0,-67.9,5.44,17.946,0,6.38,0,1.191,1.19,0,4.79
3/26/2026,15:15, ,gtmsswq_20H100466_030426_050000.bin,San Sebastian,default user,0,52.074,0,34.33,0,5.656,0,89.6,0,6.91,0,10.47,3.56,8.03,0,-65.9,5.43,17.965,0,5.35,0,1.184,0.71,0,2.85
3/26/2026,15:30, ,gtmsswq_20H100466_030426_050000.bin,San Sebastian,default user,0,52.064,0,34.32,0,5.636,0,84.5,0,6.51,0,10.51,3.58,8,0,-64.5,5.43,18.009,0,4.38,0,1.196,0.54,0,2.17
3/26/2026,15:45, ,gtmsswq_20H100466_030426_050000.bin,San Sebastian,default user,0,52.049,0,34.31,0,5.606,0,93,0,7.1,0,11.5,3.91,8.02,0,-65.5,5.42,18.539,0,5.1,0,1.193,0.93,0,3.74
3/26/2026,16:00, ,gtmsswq_20H100466_030426_050000.bin,San Sebastian,default user,0,51.958,0,34.25,0,5.572,0,97.1,0,7.36,0,11.62,3.95,8.03,0,-66.3,5.43,18.907,0,6.47,0,1.188,1,0,4.04
3/26/2026,16:15, ,gtmsswq_20H100466_030426_050000.bin,San Sebastian,default user,0,51.915,0,34.22,0,5.521,0,97,0,7.31,0,12.36,4.19,8.01,0,-65.4,5.44,19.21,0,6.68,0,1.185,1.01,0,4.06
3/26/2026,16:30, ,gtmsswq_20H100466_030426_050000.bin,San Sebastian,default user,0,51.844,0,34.16,0,5.472,0,93.5,0,7.06,0,13.23,4.48,7.99,0,-64.3,5.42,19.122,0,6.32,0,1.182,0.89,0,3.59
3/26/2026,16:45, ,gtmsswq_20H100466_030426_050000.bin,San Sebastian,default user,0,51.888,0,34.2,0,5.421,0,93.3,0,7.02,0,13.28,4.5,7.99,0,-64,5.43,19.356,0,5.03,0,1.183,0.55,0,2.19
3/26/2026,17:00, ,gtmsswq_20H100466_030426_050000.bin,San Sebastian,default user,0,51.835,0,34.16,0,5.363,0,91.1,0,6.88,0,13.51,4.58,7.98,0,-63.3,5.43,19.122,0,6.18,0,1.195,0.91,0,3.67
3/26/2026,17:15, ,gtmsswq_20H100466_030426_050000.bin,San Sebastian,default user,0,51.81,0,34.14,0,5.305,0,91.2,0,6.85,0,13.77,4.66,7.97,0,-63,5.44,19.386,0,5.52,0,1.2,0.93,0,3.73
3/26/2026,17:30, ,gtmsswq_20H100466_030426_050000.bin,San Sebastian,default user,0,51.79,0,34.12,0,5.246,0,92.7,0,6.95,0,13.93,4.72,7.97,0,-63,5.42,19.567,0,5.78,0,1.191,0.95,0,3.83
3/26/2026,17:45, ,gtmsswq_20H100466_030426_050000.bin,San Sebastian,default user,0,51.721,0,34.07,0,5.18,0,93,0,6.92,0,14.56,4.93,7.96,0,-62.6,5.43,19.961,0,6.37,0,1.193,0.94,0,3.77
3/26/2026,18:00, ,gtmsswq_20H100466_030426_050000.bin,San Sebastian,default user,0,51.69,0,34.05,0,5.112,0,93,0,6.89,0,14.78,5,7.96,0,-62.4,5.43,20.213,0,7.84,0,1.197,0.92,0,3.71
3/26/2026,18:15, ,gtmsswq_20H100466_030426_050000.bin,San Sebastian,default user,0,51.685,0,34.04,0,5.043,0,92.3,0,6.83,0,14.94,5.05,7.95,0,-61.9,5.43,20.247,0,8.3,0,1.189,1.18,0,4.76
3/26/2026,18:30, ,gtmsswq_20H100466_030426_050000.bin,San Sebastian,default user,0,51.646,0,34.01,0,4.974,0,91,0,6.69,0,15.49,5.24,7.94,0,-61.3,5.43,20.628,0,7.5,0,1.193,0.86,0,3.46
3/26/2026,18:45, ,gtmsswq_20H100466_030426_050000.bin,San Sebastian,default user,0,51.67,0,34.03,0,4.903,0,88.9,0,6.53,0,16,5.41,7.93,0,-60.8,5.44,20.729,0,5.58,0,1.184,0.89,0,3.58
3/26/2026,19:00, ,gtmsswq_20H100466_030426_050000.bin,San Sebastian,default user,0,51.706,0,34.06,0,4.837,0,90.1,0,6.6,0,15.47,5.23,7.93,0,-60.7,5.42,20.769,0,7.3,0,1.192,1.13,0,4.53
3/26/2026,19:15, ,gtmsswq_20H100466_030426_050000.bin,San Sebastian,default user,0,51.691,0,34.05,0,4.786,0,89.8,0,6.57,0,15.87,5.37,7.93,0,-61,5.43,20.954,0,8.94,0,1.2,1.15,0,4.64
3/26/2026,19:30, ,gtmsswq_20H100466_030426_050000.bin,San Sebastian,default user,0,51.634,0,34,0,4.73,0,88.9,0,6.52,0,16.25,5.49,7.92,0,-60.3,5.44,20.822,0,7.02,0,1.191,0.98,0,3.96
3/26/2026,19:45, ,gtmsswq_20H100466_030426_050000.bin,San Sebastian,default user,0,51.508,0,33.91,0,4.67,0,86.2,0,6.32,0,18.33,6.18,7.9,0,-59,5.42,20.888,0,10.6,0,1.187,1.19,0,4.78
3/26/2026,20:00, ,gtmsswq_20H100466_030426_050000.bin,San Sebastian,default user,0,51.435,0,33.86,0,4.629,0,86.4,0,6.33,0,19.3,6.51,7.89,0,-58.6,5.43,20.922,0,7.88,0,1.186,1.06,0,4.25
3/26/2026,20:15, ,gtmsswq_20H100466_030426_050000.bin,San Sebastian,default user,0,51.174,0,33.66,0,4.595,0,84.8,0,6.22,0,20.37,6.87,7.88,0,-57.7,5.44,20.856,0,10.05,0,1.192,1,0,4.04
3/26/2026,20:30, ,gtmsswq_20H100466_030426_050000.bin,San Sebastian,default user,0,51.088,0,33.6,0,4.57,0,80.3,0,5.9,0,21.82,7.35,7.84,0,-55.4,5.43,20.813,0,5.37,0,1.193,0.63,0,2.54
3/26/2026,20:45, ,gtmsswq_20H100466_030426_050000.bin,San Sebastian,default user,0,51.131,0,33.63,0,4.551,0,82.3,0,6.05,0,20.8,7.01,7.86,0,-56.7,5.43,20.794,0,6.66,0,1.196,0.84,0,3.37
3/26/2026,21:00, ,gtmsswq_20H100466_030426_050000.bin,San Sebastian,default user,0,51.226,0,33.7,0,4.564,0,80.1,0,5.9,0,19.31,6.51,7.86,0,-56.6,5.42,20.664,0,8.21,0,1.199,0.85,0,3.43
3/26/2026,21:15, ,gtmsswq_20H100466_030426_050000.bin,San Sebastian,default user,0,51.383,0,33.82,0,4.568,0,78.8,0,5.83,0,18.07,6.1,7.88,0,-58.1,5.42,20.386,0,4.84,0,1.191,0.76,0,3.06
3/26/2026,21:30, ,gtmsswq_20H100466_030426_050000.bin,San Sebastian,default user,0,51.398,0,33.83,0,4.585,0,72.7,0,5.38,0,17.6,5.94,7.84,0,-55.6,5.43,20.358,0,4.34,0,1.187,0.61,0,2.44
3/26/2026,21:45, ,gtmsswq_20H100466_030426_050000.bin,San Sebastian,default user,0,51.403,0,33.84,0,4.625,0,74.2,0,5.49,0,17.48,5.9,7.84,0,-55.6,5.42,20.356,0,4.6,0,1.186,0.65,0,2.61
3/26/2026,22:00, ,gtmsswq_20H100466_030426_050000.bin,San Sebastian,default user,0,51.421,0,33.85,0,4.654,0,71.3,0,5.27,0,17.02,5.75,7.83,0,-55,5.43,20.355,0,4.36,0,1.193,0.58,0,2.34
3/26/2026,22:15, ,gtmsswq_20H100466_030426_050000.bin,San Sebastian,default user,0,51.431,0,33.86,0,4.703,0,86.5,0,6.4,0,16.95,5.72,7.9,0,-58.8,5.42,20.378,0,4.84,0,1.191,1.14,0,4.61
3/26/2026,22:30, ,gtmsswq_20H100466_030426_050000.bin,San Sebastian,default user,0,51.418,0,33.85,0,4.759,0,87.9,0,6.5,0,17.26,5.83,7.9,0,-59.2,5.43,20.358,0,7.61,0,1.193,1,0,4.03
3/26/2026,22:45, ,gtmsswq_20H100466_030426_050000.bin,San Sebastian,default user,0,51.414,0,33.84,0,4.83,0,89.2,0,6.6,0,17.99,6.07,7.91,0,-59.5,5.43,20.346,0,5.73,0,1.197,1.04,0,4.17
3/26/2026,23:00, ,gtmsswq_20H100466_030426_050000.bin,San Sebastian,default user,0,51.438,0,33.86,0,4.893,0,87.8,0,6.51,0,17.61,5.94,7.9,0,-59.3,5.42,20.216,0,5.89,0,1.191,1.16,0,4.69
3/26/2026,23:15, ,gtmsswq_20H100466_030426_050000.bin,San Sebastian,default user,0,51.45,0,33.87,0,4.961,0,89.7,0,6.66,0,17.89,6.04,7.91,0,-59.9,5.42,20.143,0,6.26,0,1.191,1.35,0,5.42
3/26/2026,23:30, ,gtmsswq_20H100466_030426_050000.bin,San Sebastian,default user,0,51.465,0,33.88,0,5.036,0,88.5,0,6.58,0,17.31,5.84,7.91,0,-59.8,5.42,20.057,0,6.95,0,1.197,1.12,0,4.5
3/26/2026,23:45, ,gtmsswq_20H100466_030426_050000.bin,San Sebastian,default user,0,51.494,0,33.91,0,5.105,0,89.4,0,6.67,0,17.43,5.88,7.92,0,-60.2,5.42,19.934,0,5.91,0,1.198,1.19,0,4.81
3/27/2026,0:00, ,gtmsswq_20H100466_030426_050000.bin,San Sebastian,default user,0,51.509,0,33.92,0,5.172,0,89,0,6.64,0,16.77,5.66,7.92,0,-60.4,5.43,19.865,0,6.25,0,1.196,1.18,0,4.75
3/27/2026,0:15, ,gtmsswq_20H100466_030426_050000.bin,San Sebastian,default user,0,51.594,0,33.98,0,5.238,0,90,0,6.74,0,16,5.41,7.94,0,-61.4,5.42,19.668,0,6.02,0,1.196,1.27,0,5.1
3/27/2026,0:30, ,gtmsswq_20H100466_030426_050000.bin,San Sebastian,default user,0,51.634,0,34.01,0,5.316,0,89.9,0,6.74,0,15.4,5.21,7.94,0,-61.5,5.42,19.538,0,5.48,0,1.196,1.34,0,5.4
3/27/2026,0:45, ,gtmsswq_20H100466_030426_050000.bin,San Sebastian,default user,0,51.607,0,33.99,0,5.386,0,89.1,0,6.68,0,15.65,5.29,7.94,0,-61,5.41,19.57,0,6.35,0,1.197,1.29,0,5.2
3/27/2026,1:00, ,gtmsswq_20H100466_030426_050000.bin,San Sebastian,default user,0,51.658,0,34.03,0,5.456,0,89.5,0,6.73,0,15.36,5.19,7.95,0,-61.6,5.42,19.435,0,6.78,0,1.198,1.27,0,5.11
3/27/2026,1:15, ,gtmsswq_20H100466_030426_050000.bin,San Sebastian,default user,0,51.748,0,34.09,0,5.521,0,91.5,0,6.9,0,14.85,5.02,7.96,0,-62.6,5.43,19.278,0,7.55,0,1.191,1.23,0,4.95
3/27/2026,1:30, ,gtmsswq_20H100466_030426_050000.bin,San Sebastian,default user,0,51.922,0,34.22,0,5.584,0,96,0,7.29,0,12.58,4.27,8.01,0,-65.4,5.42,18.826,0,10.53,0,1.185,1.59,0,6.4
3/27/2026,1:45, ,gtmsswq_20H100466_030426_050000.bin,San Sebastian,default user,0,51.967,0,34.25,0,5.65,0,96.8,0,7.36,0,11.87,4.03,8.02,0,-66,5.42,18.723,0,9.36,0,1.193,1.5,0,6.04
3/27/2026,2:00, ,gtmsswq_20H100466_030426_050000.bin,San Sebastian,default user,0,52.018,0,34.29,0,5.704,0,97.6,0,7.45,0,11.13,3.78,8.04,0,-67,5.41,18.568,0,9.95,0,1.195,1.54,0,6.2
3/27/2026,2:15, ,gtmsswq_20H100466_030426_050000.bin,San Sebastian,default user,0,52.085,0,34.34,0,5.747,0,99.4,0,7.62,0,9.88,3.37,8.08,0,-68.9,5.41,18.284,0,12.92,0,1.201,1.78,0,7.18
3/27/2026,2:30, ,gtmsswq_20H100466_030426_050000.bin,San Sebastian,default user,0,52.168,0,34.4,0,5.79,0,100.6,0,7.75,0,8.59,2.94,8.1,0,-70.3,5.42,18.023,0,13,0,1.196,1.78,0,7.18
3/27/2026,2:45, ,gtmsswq_20H100466_030426_050000.bin,San Sebastian,default user,0,52.203,0,34.42,0,5.83,0,101.2,0,7.8,0,8.07,2.76,8.11,0,-70.9,5.41,17.917,0,11.82,0,1.188,1.62,0,6.51
3/27/2026,3:00, ,gtmsswq_20H100466_030426_050000.bin,San Sebastian,default user,0,52.222,0,34.44,0,5.861,0,101.5,0,7.84,0,7.63,2.62,8.12,0,-71.3,5.41,17.858,0,12.02,0,1.194,1.74,0,6.99
3/27/2026,3:15, ,gtmsswq_20H100466_030426_050000.bin,San Sebastian,default user,0,52.232,0,34.45,0,5.881,0,101.5,0,7.85,0,7.5,2.57,8.12,0,-71.4,5.4,17.823,0,9.86,0,1.195,1.71,0,6.89
3/27/2026,3:30, ,gtmsswq_20H100466_030426_050000.bin,San Sebastian,default user,0,52.237,0,34.45,0,5.903,0,101.6,0,7.85,0,7.29,2.5,8.12,0,-71.5,5.4,17.815,0,10.94,0,1.191,1.51,0,6.09
3/27/2026,3:45, ,gtmsswq_20H100466_030426_050000.bin,San Sebastian,default user,0,52.246,0,34.46,0,5.901,0,101.2,0,7.82,0,7.28,2.5,8.12,0,-71.6,5.41,17.795,0,8.73,0,1.191,1.54,0,6.2
3/27/2026,4:00, ,gtmsswq_20H100466_030426_050000.bin,San Sebastian,default user,0,52.244,0,34.45,0,5.89,0,100.6,0,7.78,0,7.09,2.44,8.12,0,-71.4,5.4,17.793,0,8.36,0,1.196,1.25,0,5.04
3/27/2026,4:15, ,gtmsswq_20H100466_030426_050000.bin,San Sebastian,default user,0,52.241,0,34.45,0,5.868,0,98.8,0,7.64,0,7.48,2.57,8.11,0,-71,5.4,17.806,0,5.38,0,1.198,1.05,0,4.23
3/27/2026,4:30, ,gtmsswq_20H100466_030426_050000.bin,San Sebastian,default user,0,52.239,0,34.45,0,5.84,0,90.6,0,7,0,7.51,2.58,8.08,0,-69.2,5.39,17.797,0,5.35,0,1.198,0.79,0,3.2
3/27/2026,4:45, ,gtmsswq_20H100466_030426_050000.bin,San Sebastian,default user,0,52.239,0,34.45,0,5.795,0,99.4,0,7.68,0,7.64,2.62,8.12,0,-71.1,5.4,17.822,0,7.64,0,1.198,1.31,0,5.27
3/27/2026,5:00, ,gtmsswq_20H100466_030426_050000.bin,San Sebastian,default user,0,52.143,0,34.38,0,5.738,0,96.4,0,7.42,0,9.32,3.18,8.08,0,-69.1,5.41,18.064,0,9.33,0,1.193,1.92,0,7.74
3/27/2026,5:15, ,gtmsswq_20H100466_030426_050000.bin,San Sebastian,default user,0,52.094,0,34.35,0,5.671,0,95.4,0,7.32,0,10.07,3.43,8.07,0,-68.3,5.4,18.195,0,9.46,0,1.184,1.62,0,6.54
3/27/2026,5:30, ,gtmsswq_20H100466_030426_050000.bin,San Sebastian,default user,0,52.005,0,34.28,0,5.595,0,89,0,6.82,0,11.34,3.85,8.01,0,-64.9,5.4,18.325,0,6.48,0,1.191,1.06,0,4.26
3/27/2026,5:45, ,gtmsswq_20H100466_030426_050000.bin,San Sebastian,default user,0,51.939,0,34.23,0,5.523,0,87.9,0,6.71,0,12.7,4.31,7.99,0,-63.9,5.39,18.556,0,10.3,0,1.188,1.14,0,4.6
3/27/2026,6:00, ,gtmsswq_20H100466_030426_050000.bin,San Sebastian,default user,0,51.896,0,34.2,0,5.453,0,86.9,0,6.62,0,13.35,4.52,7.98,0,-63.4,5.4,18.655,0,8.55,0,1.188,1.03,0,4.16
3/27/2026,6:15, ,gtmsswq_20H100466_030426_050000.bin,San Sebastian,default user,0,51.878,0,34.19,0,5.379,0,83.9,0,6.38,0,14.17,4.8,7.95,0,-61.6,5.4,18.749,0,7.78,0,1.188,1.06,0,4.27
3/27/2026,6:30, ,gtmsswq_20H100466_030426_050000.bin,San Sebastian,default user,0,51.764,0,34.11,0,5.298,0,85.1,0,6.45,0,15.38,5.2,7.94,0,-61.4,5.4,18.978,0,8.79,0,1.189,1.13,0,4.56
3/27/2026,6:45, ,gtmsswq_20H100466_030426_050000.bin,San Sebastian,default user,0,51.746,0,34.09,0,5.219,0,86,0,6.53,0,13.95,4.72,7.95,0,-62,5.4,18.836,0,7.72,0,1.192,1.07,0,4.29
3/27/2026,7:00, ,gtmsswq_20H100466_030426_050000.bin,San Sebastian,default user,0,51.731,0,34.08,0,5.144,0,81.3,0,6.16,0,16.37,5.53,7.91,0,-59.4,5.4,19.053,0,8.02,0,1.185,0.78,0,3.12
3/27/2026,7:15, ,gtmsswq_20H100466_030426_050000.bin,San Sebastian,default user,0,51.619,0,34,0,5.069,0,81.9,0,6.19,0,16.15,5.46,7.91,0,-59.3,5.4,19.167,0,8.09,0,1.196,0.88,0,3.53
3/27/2026,7:30, ,gtmsswq_20H100466_030426_050000.bin,San Sebastian,default user,0,51.586,0,33.97,0,5.004,0,80,0,6.03,0,17.26,5.83,7.89,0,-58.4,5.4,19.3,0,10.37,0,1.191,0.9,0,3.61
3/27/2026,7:45, ,gtmsswq_20H100466_030426_050000.bin,San Sebastian,default user,0,51.543,0,33.94,0,4.931,0,80.1,0,6.01,0,18.22,6.15,7.88,0,-57.8,5.41,19.529,0,8.56,0,1.189,0.82,0,3.32
3/27/2026,8:00, ,gtmsswq_20H100466_030426_050000.bin,San Sebastian,default user,0,51.484,0,33.9,0,4.871,0,79.6,0,5.98,0,17.76,5.99,7.87,0,-57.4,5.39,19.491,0,9.96,0,1.185,0.78,0,3.12
3/27/2026,8:15, ,gtmsswq_20H100466_030426_050000.bin,San Sebastian,default user,0,51.411,0,33.84,0,4.815,0,79,0,5.92,0,18.94,6.39,7.86,0,-56.6,5.4,19.673,0,10.36,0,1.184,0.81,0,3.25
3/27/2026,8:30, ,gtmsswq_20H100466_030426_050000.bin,San Sebastian,default user,0,51.286,0,33.75,0,4.771,0,78.1,0,5.83,0,20.38,6.87,7.85,0,-55.8,5.4,19.903,0,10.65,0,1.186,0.76,0,3.08
3/27/2026,8:45, ,gtmsswq_20H100466_030426_050000.bin,San Sebastian,default user,0,51.226,0,33.71,0,4.721,0,78.7,0,5.86,0,20.72,6.98,7.84,0,-55.6,5.39,20.023,0,9.58,0,1.187,0.82,0,3.3
3/27/2026,9:00, ,gtmsswq_20H100466_030426_050000.bin,San Sebastian,default user,0,51.205,0,33.69,0,4.675,0,77.5,0,5.77,0,21.93,7.39,7.83,0,-54.9,5.39,20.058,0,8.33,0,1.187,0.79,0,3.18
3/27/2026,9:15, ,gtmsswq_20H100466_030426_050000.bin,San Sebastian,default user,0,51.116,0,33.63,0,4.625,0,76.6,0,5.7,0,22.15,7.46,7.82,0,-54.3,5.4,20.191,0,8.5,0,1.182,0.74,0,2.97
3/27/2026,9:30, ,gtmsswq_20H100466_030426_050000.bin,San Sebastian,default user,0,51.061,0,33.58,0,4.597,0,76.1,0,5.65,0,22.9,7.71,7.81,0,-53.8,5.4,20.303,0,8.27,0,1.186,0.65,0,2.63
3/27/2026,9:45, ,gtmsswq_20H100466_030426_050000.bin,San Sebastian,default user,0,51.123,0,33.63,0,4.577,0,74.7,0,5.54,0,21.63,7.29,7.81,0,-53.6,5.4,20.34,0,7.08,0,1.196,0.63,0,2.52
3/27/2026,10:00, ,gtmsswq_20H100466_030426_050000.bin,San Sebastian,default user,0,51.084,0,33.6,0,4.57,0,70.6,0,5.23,0,21.58,7.27,7.77,0,-51.6,5.4,20.404,0,6.01,0,1.193,0.42,0,1.7
3/27/2026,10:15, ,gtmsswq_20H100466_030426_050000.bin,San Sebastian,default user,0,51.106,0,33.62,0,4.564,0,71.3,0,5.28,0,20.52,6.91,7.79,0,-52.6,5.4,20.408,0,7.51,0,1.191,0.61,0,2.45
3/27/2026,10:30, ,gtmsswq_20H100466_030426_050000.bin,San Sebastian,default user,0,51.201,0,33.69,0,4.572,0,67.1,0,4.98,0,19.4,6.54,7.77,0,-51.6,5.39,20.264,0,7.68,0,1.188,0.42,0,1.69
3/27/2026,10:45, ,gtmsswq_20H100466_030426_050000.bin,San Sebastian,default user,0,51.275,0,33.74,0,4.592,0,53.2,0,3.95,0,18.45,6.22,7.72,0,-48.7,5.4,20.213,0,6.06,0,1.184,0.39,0,1.56
3/27/2026,11:00, ,gtmsswq_20H100466_030426_050000.bin,San Sebastian,default user,0,51.311,0,33.77,0,4.629,0,54.1,0,4.02,0,18.2,6.14,7.72,0,-48.8,5.39,20.222,0,6.05,0,1.184,0.41,0,1.64
3/27/2026,11:15, ,gtmsswq_20H100466_030426_050000.bin,San Sebastian,default user,0,51.345,0,33.79,0,4.676,0,64.8,0,4.8,0,17.82,6.01,7.78,0,-52.1,5.39,20.251,0,7.36,0,1.192,0.65,0,2.62
